id,name,account,num_nodes,run_time,submit_time,start_time,end_time,state,ml_priority,avg_node_power,max_node_power,energy
jid_893699,92940.0,168.0,1,43,-5,0,44,JobState.COMPLETED,0,176.53061224489795,176.53061224489795,7590.816326530612
jid_893701,92940.0,168.0,1,36,33,33,70,JobState.COMPLETED,0,176.53061224489795,176.53061224489795,6355.102040816326
jid_893702,92940.0,168.0,1,30,41,41,72,JobState.COMPLETED,0,176.53061224489795,176.53061224489795,5295.918367346939
jid_893706,92940.0,168.0,1,46,54,54,101,JobState.COMPLETED,0,176.53061224489795,176.53061224489795,8120.408163265306
jid_893709,92940.0,168.0,1,73,35,35,109,JobState.COMPLETED,0,176.53061224489795,176.53061224489795,12886.73469387755
jid_893710,92940.0,168.0,1,98,15,15,114,JobState.COMPLETED,0,176.53061224489792,176.53061224489795,17299.999999999996
jid_893711,92940.0,168.0,1,41,85,85,127,JobState.COMPLETED,0,176.53061224489795,176.53061224489795,7237.755102040816
jid_893713,92940.0,168.0,1,45,88,88,134,JobState.COMPLETED,0,176.53061224489795,176.53061224489795,7943.877551020408
jid_893714,92940.0,168.0,1,85,61,61,147,JobState.COMPLETED,0,176.53061224489795,176.53061224489795,15005.102040816326
jid_893715,92940.0,168.0,1,108,41,41,150,JobState.COMPLETED,0,176.53061224489792,176.53061224489795,19065.306122448976
jid_893716,92940.0,168.0,1,38,111,111,150,JobState.COMPLETED,0,176.53061224489795,176.53061224489795,6708.163265306122
jid_893717,92940.0,168.0,1,55,98,98,154,JobState.COMPLETED,0,176.53061224489795,176.53061224489795,9709.183673469388
jid_893718,92940.0,168.0,1,54,116,116,171,JobState.COMPLETED,0,176.53061224489795,176.53061224489795,9532.65306122449
jid_893719,92940.0,168.0,1,45,142,142,188,JobState.COMPLETED,0,176.53061224489795,176.53061224489795,7943.877551020408
jid_893721,92940.0,168.0,1,48,150,150,199,JobState.COMPLETED,0,176.53061224489795,176.53061224489795,8473.469387755102
jid_893722,92940.0,168.0,1,49,166,166,216,JobState.COMPLETED,0,176.53061224489795,176.53061224489795,8650.0
jid_893723,92940.0,168.0,1,52,168,168,221,JobState.COMPLETED,0,176.53061224489795,176.53061224489795,9179.591836734693
jid_893724,92940.0,168.0,1,98,123,123,222,JobState.COMPLETED,0,176.53061224489792,176.53061224489795,17299.999999999996
jid_893738,92940.0,168.0,1,70,165,165,236,JobState.COMPLETED,0,176.53061224489795,176.53061224489795,12357.142857142857
jid_893725,92940.0,168.0,1,58,186,186,245,JobState.COMPLETED,0,176.53061224489795,176.53061224489795,10238.775510204081
jid_893726,92940.0,168.0,1,114,131,131,246,JobState.COMPLETED,0,176.53061224489792,176.53061224489795,20124.48979591836
jid_893727,92940.0,168.0,1,56,202,202,259,JobState.COMPLETED,0,176.53061224489795,176.53061224489795,9885.714285714286
jid_893728,92940.0,168.0,1,98,163,163,262,JobState.COMPLETED,0,176.53061224489792,176.53061224489795,17299.999999999996
jid_893729,92940.0,168.0,1,51,217,217,269,JobState.COMPLETED,0,176.53061224489795,176.53061224489795,9003.061224489795
jid_893730,92940.0,168.0,1,48,235,235,284,JobState.COMPLETED,0,176.53061224489795,176.53061224489795,8473.469387755102
jid_893731,92940.0,168.0,1,49,235,235,285,JobState.COMPLETED,0,176.53061224489795,176.53061224489795,8650.0
jid_893733,92940.0,168.0,1,184,149,149,334,JobState.COMPLETED,0,176.5306122448979,176.53061224489795,32481.632653061213
jid_893732,92940.0,168.0,1,98,236,236,335,JobState.COMPLETED,0,176.53061224489792,176.53061224489795,17299.999999999996
jid_893734,92940.0,168.0,1,85,261,261,347,JobState.COMPLETED,0,176.53061224489795,176.53061224489795,15005.102040816326
jid_893742,92940.0,168.0,1,50,303,303,354,JobState.COMPLETED,0,176.53061224489795,176.53061224489795,8826.530612244898
jid_893735,92940.0,168.0,1,72,287,287,360,JobState.COMPLETED,0,176.53061224489795,176.53061224489795,12710.204081632652
jid_893736,92940.0,168.0,1,83,303,303,387,JobState.COMPLETED,0,176.53061224489795,176.53061224489795,14652.04081632653
jid_893737,92940.0,168.0,1,117,272,272,390,JobState.COMPLETED,0,176.53061224489792,176.53061224489795,20654.08163265306
jid_893739,92940.0,168.0,1,52,367,367,420,JobState.COMPLETED,0,176.53061224489795,176.53061224489795,9179.591836734693
jid_893741,92940.0,168.0,1,49,377,377,427,JobState.COMPLETED,0,176.53061224489795,176.53061224489795,8650.0
jid_893740,92940.0,168.0,1,153,276,276,430,JobState.COMPLETED,0,176.5306122448979,176.53061224489795,27009.18367346938
jid_893743,92940.0,168.0,1,171,260,260,432,JobState.COMPLETED,0,176.5306122448979,176.53061224489795,30186.73469387754
jid_893744,92940.0,168.0,1,36,406,406,443,JobState.COMPLETED,0,176.53061224489795,176.53061224489795,6355.102040816326
jid_893756,92940.0,168.0,1,42,406,406,449,JobState.COMPLETED,0,176.53061224489795,176.53061224489795,7414.285714285714
jid_893745,92940.0,168.0,1,45,406,406,452,JobState.COMPLETED,0,176.53061224489795,176.53061224489795,7943.877551020408
jid_893747,92940.0,168.0,1,34,436,436,471,JobState.COMPLETED,0,176.53061224489795,176.53061224489795,6002.04081632653
jid_893748,92940.0,168.0,1,30,447,447,478,JobState.COMPLETED,0,176.53061224489795,176.53061224489795,5295.918367346939
jid_893749,92940.0,168.0,1,34,447,447,482,JobState.COMPLETED,0,176.53061224489795,176.53061224489795,6002.04081632653
jid_893750,92940.0,168.0,1,31,459,459,491,JobState.COMPLETED,0,176.53061224489795,176.53061224489795,5472.448979591836
jid_893751,92940.0,168.0,1,65,447,447,513,JobState.COMPLETED,0,176.53061224489798,176.53061224489795,11474.489795918369
jid_893752,92940.0,168.0,1,25,489,489,515,JobState.COMPLETED,0,176.53061224489795,176.53061224489795,4413.265306122449
jid_893753,92940.0,168.0,1,164,351,351,516,JobState.COMPLETED,0,176.5306122448979,176.53061224489795,28951.020408163255
jid_893754,92940.0,168.0,1,42,474,474,517,JobState.COMPLETED,0,176.53061224489795,176.53061224489795,7414.285714285714
jid_893755,92940.0,168.0,1,21,498,498,520,JobState.COMPLETED,0,176.53061224489795,176.53061224489795,3707.142857142857
jid_893757,92940.0,168.0,1,23,505,505,529,JobState.COMPLETED,0,176.53061224489795,176.53061224489795,4060.204081632653
jid_893758,92940.0,168.0,1,32,498,498,531,JobState.COMPLETED,0,176.53061224489795,176.53061224489795,5648.9795918367345
jid_893759,92940.0,168.0,1,192,352,352,545,JobState.COMPLETED,0,176.5306122448979,176.53061224489795,33893.8775510204
jid_893760,92940.0,168.0,1,25,531,531,557,JobState.COMPLETED,0,176.53061224489795,176.53061224489795,4413.265306122449
jid_893761,92940.0,168.0,1,26,536,536,563,JobState.COMPLETED,0,176.53061224489795,176.53061224489795,4589.7959183673465
jid_893762,92940.0,168.0,1,23,544,544,568,JobState.COMPLETED,0,176.53061224489795,176.53061224489795,4060.204081632653
jid_893765,92940.0,168.0,1,37,533,533,571,JobState.COMPLETED,0,176.53061224489795,176.53061224489795,6531.632653061224
jid_893763,92940.0,168.0,1,34,536,536,571,JobState.COMPLETED,0,176.53061224489795,176.53061224489795,6002.04081632653
jid_893764,92940.0,168.0,1,41,531,531,573,JobState.COMPLETED,0,176.53061224489795,176.53061224489795,7237.755102040816
jid_893766,92940.0,168.0,1,38,534,534,573,JobState.COMPLETED,0,176.53061224489795,176.53061224489795,6708.163265306122
jid_893768,92940.0,168.0,1,132,444,444,577,JobState.COMPLETED,0,176.5306122448979,176.53061224489795,23302.040816326524
jid_893767,92940.0,168.0,1,31,546,546,578,JobState.COMPLETED,0,176.53061224489795,176.53061224489795,5472.448979591836
jid_893769,92940.0,168.0,1,33,577,577,611,JobState.COMPLETED,0,176.53061224489795,176.53061224489795,5825.510204081633
jid_893770,92940.0,168.0,1,37,584,584,622,JobState.COMPLETED,0,176.53061224489795,176.53061224489795,6531.632653061224
jid_893771,92940.0,168.0,1,46,579,579,626,JobState.COMPLETED,0,176.53061224489795,176.53061224489795,8120.408163265306
jid_893772,92940.0,168.0,1,44,588,588,633,JobState.COMPLETED,0,176.53061224489795,176.53061224489795,7767.34693877551
jid_893773,92940.0,168.0,1,55,586,586,642,JobState.COMPLETED,0,176.53061224489795,176.53061224489795,9709.183673469388
jid_893775,92940.0,168.0,1,55,589,622,678,JobState.COMPLETED,0,176.53061224489795,176.53061224489795,9709.183673469388
jid_893776,92940.0,168.0,1,53,592,626,680,JobState.COMPLETED,0,176.53061224489795,176.53061224489795,9356.122448979591
jid_893779,92940.0,168.0,1,44,629,642,687,JobState.COMPLETED,0,176.53061224489795,176.53061224489795,7767.34693877551
jid_893787,92940.0,168.0,1,71,594,633,705,JobState.COMPLETED,0,176.53061224489795,176.53061224489795,12533.673469387755
jid_893784,92940.0,168.0,1,148,559,559,708,JobState.COMPLETED,0,176.5306122448979,176.53061224489795,26126.53061224489
jid_893780,92940.0,168.0,1,45,638,678,724,JobState.COMPLETED,0,176.53061224489795,176.53061224489795,7943.877551020408
jid_893783,92940.0,168.0,1,52,651,687,740,JobState.COMPLETED,0,176.53061224489795,176.53061224489795,9179.591836734693
jid_893785,92940.0,168.0,1,55,662,705,761,JobState.COMPLETED,0,176.53061224489795,176.53061224489795,9709.183673469388
jid_893792,92940.0,168.0,1,84,643,680,765,JobState.COMPLETED,0,176.53061224489795,176.53061224489795,14828.571428571428
jid_893788,92940.0,168.0,1,81,663,708,790,JobState.COMPLETED,0,176.53061224489795,176.53061224489795,14298.979591836734
jid_893789,92940.0,168.0,1,83,665,724,808,JobState.COMPLETED,0,176.53061224489795,176.53061224489795,14652.04081632653
jid_893790,92940.0,168.0,1,78,693,761,840,JobState.COMPLETED,0,176.53061224489795,176.53061224489795,13769.38775510204
jid_893791,92940.0,168.0,1,74,700,765,840,JobState.COMPLETED,0,176.53061224489795,176.53061224489795,13063.265306122448
jid_893793,92940.0,168.0,1,84,721,790,875,JobState.COMPLETED,0,176.53061224489795,176.53061224489795,14828.571428571428
jid_893806,92940.0,168.0,1,266,588,611,878,JobState.COMPLETED,0,176.53061224489792,176.53061224489795,46957.14285714285
jid_893795,92940.0,168.0,1,67,755,840,908,JobState.COMPLETED,0,176.53061224489798,176.53061224489795,11827.551020408164
jid_893801,92940.0,168.0,1,206,682,740,947,JobState.COMPLETED,0,176.5306122448979,176.53061224489795,36365.306122448965
jid_893796,92940.0,168.0,1,72,765,875,948,JobState.COMPLETED,0,176.53061224489795,176.53061224489795,12710.204081632652
jid_893798,92940.0,168.0,1,111,738,840,952,JobState.COMPLETED,0,176.53061224489792,176.53061224489795,19594.89795918367
jid_893797,92940.0,168.0,1,79,765,878,958,JobState.COMPLETED,0,176.53061224489795,176.53061224489795,13945.918367346938
jid_893799,92940.0,168.0,1,81,793,908,990,JobState.COMPLETED,0,176.53061224489795,176.53061224489795,14298.979591836734
jid_893803,92940.0,168.0,1,197,722,808,1006,JobState.COMPLETED,0,176.5306122448979,176.53061224489795,34776.53061224488
jid_893800,92940.0,168.0,1,90,793,947,1038,JobState.COMPLETED,0,176.53061224489792,176.53061224489795,15887.755102040814
jid_893804,92940.0,168.0,1,101,819,948,1050,JobState.COMPLETED,0,176.53061224489792,176.53061224489795,17829.59183673469
jid_893805,92940.0,168.0,1,65,859,990,1056,JobState.COMPLETED,0,176.53061224489798,176.53061224489795,11474.489795918369
jid_893807,92940.0,168.0,1,62,872,1006,1069,JobState.COMPLETED,0,176.53061224489798,176.53061224489795,10944.897959183674
jid_893812,92940.0,168.0,1,155,822,952,1108,JobState.COMPLETED,0,176.5306122448979,176.53061224489795,27362.244897959175
jid_893813,92940.0,168.0,1,151,843,958,1110,JobState.COMPLETED,0,176.5306122448979,176.53061224489795,26656.122448979582
jid_893808,92940.0,168.0,1,70,904,1056,1127,JobState.COMPLETED,0,176.53061224489795,176.53061224489795,12357.142857142857
jid_893809,92940.0,168.0,1,104,872,1038,1143,JobState.COMPLETED,0,176.53061224489792,176.53061224489795,18359.183673469382
jid_893811,92940.0,168.0,1,121,894,1050,1172,JobState.COMPLETED,0,176.5306122448979,176.53061224489795,21360.204081632644
jid_893828,92940.0,168.0,1,1107,114,114,1222,JobState.COMPLETED,0,176.5306122448979,176.53061224489795,195419.38775510198
jid_893816,92940.0,168.0,1,91,947,1172,1264,JobState.COMPLETED,0,176.53061224489792,176.53061224489795,16064.285714285712
jid_893817,92940.0,168.0,1,187,941,1110,1298,JobState.COMPLETED,0,176.5306122448979,176.53061224489795,33011.22448979591
jid_893819,92940.0,168.0,1,213,925,1108,1322,JobState.COMPLETED,0,176.53061224489787,176.53061224489795,37601.02040816325
jid_893823,92940.0,168.0,1,255,904,1069,1325,JobState.COMPLETED,0,176.5306122448979,176.53061224489795,45015.306122448965
jid_893841,92940.0,168.0,1,1207,122,122,1330,JobState.COMPLETED,0,176.53061224489775,176.53061224489795,213072.4489795916
jid_893822,92940.0,168.0,1,218,941,1127,1346,JobState.COMPLETED,0,176.53061224489787,176.53061224489795,38483.67346938774
jid_893814,92940.0,168.0,1,90,999,1264,1355,JobState.COMPLETED,0,176.53061224489792,176.53061224489795,15887.755102040814
jid_893815,92940.0,168.0,1,137,956,1222,1360,JobState.COMPLETED,0,176.5306122448979,176.53061224489795,24184.693877551013
jid_893820,92940.0,168.0,1,65,1084,1330,1396,JobState.COMPLETED,0,176.53061224489798,176.53061224489795,11474.489795918369
jid_893824,92940.0,168.0,1,57,1109,1346,1404,JobState.COMPLETED,0,176.53061224489795,176.53061224489795,10062.244897959183
jid_893827,92940.0,168.0,1,53,1132,1360,1414,JobState.COMPLETED,0,176.53061224489795,176.53061224489795,9356.122448979591
jid_893826,92940.0,168.0,1,63,1109,1355,1419,JobState.COMPLETED,0,176.53061224489798,176.53061224489795,11121.428571428572
jid_893825,92940.0,168.0,1,102,1068,1325,1428,JobState.COMPLETED,0,176.53061224489792,176.53061224489795,18006.12244897959
jid_893821,92940.0,168.0,1,159,999,1298,1458,JobState.COMPLETED,0,176.5306122448979,176.53061224489795,28068.367346938765
jid_893829,92940.0,168.0,1,79,1145,1396,1476,JobState.COMPLETED,0,176.53061224489795,176.53061224489795,13945.918367346938
jid_893836,92940.0,168.0,1,60,1175,1419,1480,JobState.COMPLETED,0,176.53061224489798,176.53061224489795,10591.83673469388
jid_893835,92940.0,168.0,1,66,1167,1414,1481,JobState.COMPLETED,0,176.53061224489798,176.53061224489795,11651.020408163267
jid_893837,92940.0,168.0,1,202,1036,1322,1525,JobState.COMPLETED,0,176.5306122448979,176.53061224489795,35659.18367346937
jid_893832,92940.0,168.0,1,77,1191,1481,1559,JobState.COMPLETED,0,176.53061224489795,176.53061224489795,13592.857142857143
jid_893831,92940.0,168.0,1,83,1185,1476,1560,JobState.COMPLETED,0,176.53061224489795,176.53061224489795,14652.04081632653
jid_893844,92940.0,168.0,1,422,945,1143,1566,JobState.COMPLETED,0,176.53061224489807,176.53061224489795,74495.91836734698
jid_893833,92940.0,168.0,1,86,1187,1480,1567,JobState.COMPLETED,0,176.53061224489795,176.53061224489795,15181.632653061224
jid_893848,92940.0,168.0,1,145,1175,1428,1574,JobState.COMPLETED,0,176.5306122448979,176.53061224489795,25596.938775510196
jid_893834,92940.0,168.0,1,73,1206,1525,1599,JobState.COMPLETED,0,176.53061224489795,176.53061224489795,12886.73469387755
jid_893845,92940.0,168.0,1,211,1162,1404,1616,JobState.COMPLETED,0,176.53061224489787,176.53061224489795,37247.95918367345
jid_893847,92940.0,168.0,1,65,1286,1567,1633,JobState.COMPLETED,0,176.53061224489798,176.53061224489795,11474.489795918369
jid_893839,92940.0,168.0,1,80,1244,1560,1641,JobState.COMPLETED,0,176.53061224489795,176.53061224489795,14122.448979591836
jid_893843,92940.0,168.0,1,73,1287,1574,1648,JobState.COMPLETED,0,176.53061224489795,176.53061224489795,12886.73469387755
jid_893857,92940.0,168.0,1,195,1178,1458,1654,JobState.COMPLETED,0,176.5306122448979,176.53061224489795,34423.46938775509
jid_893842,92940.0,168.0,1,57,1289,1599,1657,JobState.COMPLETED,0,176.53061224489795,176.53061224489795,10062.244897959183
jid_893854,92940.0,168.0,1,62,1299,1616,1679,JobState.COMPLETED,0,176.53061224489798,176.53061224489795,10944.897959183674
jid_893846,92940.0,168.0,1,53,1322,1633,1687,JobState.COMPLETED,0,176.53061224489795,176.53061224489795,9356.122448979591
jid_893859,92940.0,168.0,1,57,1326,1641,1699,JobState.COMPLETED,0,176.53061224489795,176.53061224489795,10062.244897959183
jid_893850,92940.0,168.0,1,69,1342,1654,1724,JobState.COMPLETED,0,176.53061224489798,176.53061224489795,12180.61224489796
jid_893851,92996.0,727.0,1,49,1371,1687,1737,JobState.COMPLETED,0,176.53061224489795,176.53061224489795,8650.0
jid_893852,92940.0,168.0,1,58,1363,1679,1738,JobState.COMPLETED,0,176.53061224489795,176.53061224489795,10238.775510204081
jid_893855,92940.0,168.0,1,59,1378,1699,1759,JobState.COMPLETED,0,176.53061224489795,176.53061224489795,10415.30612244898
jid_893856,92940.0,168.0,1,58,1387,1724,1783,JobState.COMPLETED,0,176.53061224489795,176.53061224489795,10238.775510204081
jid_893860,92940.0,168.0,1,63,1394,1738,1802,JobState.COMPLETED,0,176.53061224489798,176.53061224489795,11121.428571428572
jid_893862,92940.0,168.0,1,155,1332,1648,1804,JobState.COMPLETED,0,176.5306122448979,176.53061224489795,27362.244897959175
jid_893858,92940.0,168.0,1,54,1397,1759,1814,JobState.COMPLETED,0,176.53061224489795,176.53061224489795,9532.65306122449
jid_893872,92940.0,168.0,1,38,1440,1804,1843,JobState.COMPLETED,0,176.53061224489795,176.53061224489795,6708.163265306122
jid_893861,92940.0,168.0,1,63,1409,1783,1847,JobState.COMPLETED,0,176.53061224489798,176.53061224489795,11121.428571428572
jid_893871,92940.0,168.0,1,200,1345,1657,1858,JobState.COMPLETED,0,176.5306122448979,176.53061224489795,35306.12244897958
jid_893864,92940.0,168.0,1,55,1452,1814,1870,JobState.COMPLETED,0,176.53061224489795,176.53061224489795,9709.183673469388
jid_893863,92940.0,168.0,1,74,1430,1802,1877,JobState.COMPLETED,0,176.53061224489795,176.53061224489795,13063.265306122448
jid_893867,92940.0,168.0,1,58,1455,1843,1902,JobState.COMPLETED,0,176.53061224489795,176.53061224489795,10238.775510204081
jid_893866,92940.0,168.0,1,54,1461,1847,1902,JobState.COMPLETED,0,176.53061224489795,176.53061224489795,9532.65306122449
jid_893865,92940.0,168.0,1,46,1466,1870,1917,JobState.COMPLETED,0,176.53061224489795,176.53061224489795,8120.408163265306
jid_893868,92940.0,168.0,1,47,1473,1877,1925,JobState.COMPLETED,0,176.53061224489795,176.53061224489795,8296.938775510203
jid_893877,92940.0,168.0,1,188,1391,1737,1926,JobState.COMPLETED,0,176.5306122448979,176.53061224489795,33187.75510204081
jid_893891,93459.0,526.0,1,378,1280,1566,1945,JobState.COMPLETED,0,176.53061224489804,176.53061224489795,66728.57142857146
jid_893869,92940.0,168.0,1,44,1489,1902,1947,JobState.COMPLETED,0,176.53061224489795,176.53061224489795,7767.34693877551
jid_893870,92940.0,168.0,1,57,1476,1902,1960,JobState.COMPLETED,0,176.53061224489795,176.53061224489795,10062.244897959183
jid_893873,92940.0,168.0,1,39,1525,1926,1966,JobState.COMPLETED,0,176.53061224489795,176.53061224489795,6884.69387755102
jid_893874,92940.0,168.0,1,53,1519,1925,1979,JobState.COMPLETED,0,176.53061224489795,176.53061224489795,9356.122448979591
jid_893875,92940.0,168.0,1,49,1528,1945,1995,JobState.COMPLETED,0,176.53061224489795,176.53061224489795,8650.0
jid_893878,92940.0,168.0,1,51,1529,1947,1999,JobState.COMPLETED,0,176.53061224489795,176.53061224489795,9003.061224489795
jid_893876,92940.0,168.0,1,39,1538,1966,2006,JobState.COMPLETED,0,176.53061224489795,176.53061224489795,6884.69387755102
jid_893879,92940.0,168.0,1,57,1529,1960,2018,JobState.COMPLETED,0,176.53061224489795,176.53061224489795,10062.244897959183
jid_893884,92940.0,168.0,1,166,1465,1858,2025,JobState.COMPLETED,0,176.5306122448979,176.53061224489795,29304.08163265305
jid_893881,92940.0,168.0,1,52,1551,1979,2032,JobState.COMPLETED,0,176.53061224489795,176.53061224489795,9179.591836734693
jid_893880,92940.0,168.0,1,45,1552,1995,2041,JobState.COMPLETED,0,176.53061224489795,176.53061224489795,7943.877551020408
jid_893885,92940.0,168.0,1,127,1507,1917,2045,JobState.COMPLETED,0,176.5306122448979,176.53061224489795,22419.387755102034
jid_893882,92940.0,168.0,1,45,1566,2006,2052,JobState.COMPLETED,0,176.53061224489795,176.53061224489795,7943.877551020408
jid_893883,92940.0,168.0,1,47,1582,2018,2066,JobState.COMPLETED,0,176.53061224489795,176.53061224489795,8296.938775510203
jid_893886,92940.0,168.0,1,50,1588,2025,2076,JobState.COMPLETED,0,176.53061224489795,176.53061224489795,8826.530612244898
jid_893888,92940.0,168.0,1,52,1594,2032,2085,JobState.COMPLETED,0,176.53061224489795,176.53061224489795,9179.591836734693
jid_893899,92940.0,168.0,1,46,1596,2045,2092,JobState.COMPLETED,0,176.53061224489795,176.53061224489795,8120.408163265306
jid_893900,92940.0,168.0,1,57,1594,2041,2099,JobState.COMPLETED,0,176.53061224489795,176.53061224489795,10062.244897959183
jid_893889,92940.0,168.0,1,39,1615,2076,2116,JobState.COMPLETED,0,176.53061224489795,176.53061224489795,6884.69387755102
jid_893890,92940.0,168.0,1,57,1602,2066,2124,JobState.COMPLETED,0,176.53061224489795,176.53061224489795,10062.244897959183
jid_893903,92940.0,168.0,1,37,1627,2092,2130,JobState.COMPLETED,0,176.53061224489795,176.53061224489795,6531.632653061224
jid_893892,92940.0,168.0,1,46,1621,2085,2132,JobState.COMPLETED,0,176.53061224489795,176.53061224489795,8120.408163265306
jid_893894,92940.0,168.0,1,56,1646,2099,2156,JobState.COMPLETED,0,176.53061224489795,176.53061224489795,9885.714285714286
jid_893895,92940.0,168.0,1,52,1654,2130,2183,JobState.COMPLETED,0,176.53061224489795,176.53061224489795,9179.591836734693
jid_893898,92940.0,168.0,1,53,1663,2132,2186,JobState.COMPLETED,0,176.53061224489795,176.53061224489795,9356.122448979591
jid_893897,92940.0,168.0,1,41,1671,2156,2198,JobState.COMPLETED,0,176.53061224489795,176.53061224489795,7237.755102040816
jid_893906,92940.0,168.0,1,201,1562,1999,2201,JobState.COMPLETED,0,176.5306122448979,176.53061224489795,35482.653061224475
jid_893908,92940.0,168.0,1,176,1596,2052,2229,JobState.COMPLETED,0,176.5306122448979,176.53061224489795,31069.38775510203
jid_893901,92940.0,168.0,1,53,1677,2183,2237,JobState.COMPLETED,0,176.53061224489795,176.53061224489795,9356.122448979591
jid_893902,92940.0,168.0,1,51,1685,2186,2238,JobState.COMPLETED,0,176.53061224489795,176.53061224489795,9003.061224489795
jid_893905,92940.0,168.0,1,43,1718,2198,2242,JobState.COMPLETED,0,176.53061224489795,176.53061224489795,7590.816326530612
jid_893909,92940.0,168.0,1,51,1723,2201,2253,JobState.COMPLETED,0,176.53061224489795,176.53061224489795,9003.061224489795
jid_893912,92940.0,168.0,1,141,1646,2116,2258,JobState.COMPLETED,0,176.5306122448979,176.53061224489795,24890.816326530603
jid_893913,92940.0,168.0,1,137,1651,2124,2262,JobState.COMPLETED,0,176.5306122448979,176.53061224489795,24184.693877551013
jid_893919,92940.0,168.0,1,36,1726,2229,2266,JobState.COMPLETED,0,176.53061224489795,176.53061224489795,6355.102040816326
jid_893910,92940.0,168.0,1,42,1732,2237,2280,JobState.COMPLETED,0,176.53061224489795,176.53061224489795,7414.285714285714
jid_893911,92940.0,168.0,1,49,1732,2238,2288,JobState.COMPLETED,0,176.53061224489795,176.53061224489795,8650.0
jid_893915,92940.0,168.0,1,53,1745,2242,2296,JobState.COMPLETED,0,176.53061224489795,176.53061224489795,9356.122448979591
jid_893914,92940.0,168.0,1,40,1754,2258,2299,JobState.COMPLETED,0,176.53061224489795,176.53061224489795,7061.224489795918
jid_893916,92940.0,168.0,1,46,1754,2262,2309,JobState.COMPLETED,0,176.53061224489795,176.53061224489795,8120.408163265306
jid_893917,92940.0,168.0,1,42,1777,2266,2309,JobState.COMPLETED,0,176.53061224489795,176.53061224489795,7414.285714285714
jid_893918,92940.0,168.0,1,43,1790,2296,2340,JobState.COMPLETED,0,176.53061224489795,176.53061224489795,7590.816326530612
jid_893928,92940.0,168.0,1,37,1792,2309,2347,JobState.COMPLETED,0,176.53061224489795,176.53061224489795,6531.632653061224
jid_893920,92940.0,168.0,1,42,1796,2309,2352,JobState.COMPLETED,0,176.53061224489795,176.53061224489795,7414.285714285714
jid_893921,92940.0,168.0,1,40,1811,2352,2393,JobState.COMPLETED,0,176.53061224489795,176.53061224489795,7061.224489795918
jid_893922,92940.0,168.0,1,36,1816,2393,2430,JobState.COMPLETED,0,176.53061224489795,176.53061224489795,6355.102040816326
jid_893942,92940.0,168.0,1,94,1806,2347,2442,JobState.COMPLETED,0,176.53061224489792,176.53061224489795,16593.877551020403
jid_893931,92940.0,168.0,1,152,1790,2299,2452,JobState.COMPLETED,0,176.5306122448979,176.53061224489795,26832.65306122448
jid_893937,92940.0,168.0,1,183,1779,2280,2464,JobState.COMPLETED,0,176.5306122448979,176.53061224489795,32305.102040816313
jid_893932,92940.0,168.0,1,139,1804,2340,2480,JobState.COMPLETED,0,176.5306122448979,176.53061224489795,24537.755102040806
jid_893924,92940.0,168.0,1,46,1835,2442,2489,JobState.COMPLETED,0,176.53061224489795,176.53061224489795,8120.408163265306
jid_893923,92940.0,168.0,1,60,1816,2430,2491,JobState.COMPLETED,0,176.53061224489798,176.53061224489795,10591.83673469388
jid_893926,92940.0,168.0,1,47,1850,2452,2500,JobState.COMPLETED,0,176.53061224489795,176.53061224489795,8296.938775510203
jid_893925,92940.0,168.0,1,41,1851,2464,2506,JobState.COMPLETED,0,176.53061224489795,176.53061224489795,7237.755102040816
jid_893940,92940.0,168.0,1,47,1853,2480,2528,JobState.COMPLETED,0,176.53061224489795,176.53061224489795,8296.938775510203
jid_893927,92940.0,168.0,1,37,1869,2491,2529,JobState.COMPLETED,0,176.53061224489795,176.53061224489795,6531.632653061224
jid_893929,92940.0,168.0,1,40,1868,2489,2530,JobState.COMPLETED,0,176.53061224489795,176.53061224489795,7061.224489795918
jid_893930,92940.0,168.0,1,39,1896,2506,2546,JobState.COMPLETED,0,176.53061224489795,176.53061224489795,6884.69387755102
jid_893934,92940.0,168.0,1,63,1894,2500,2564,JobState.COMPLETED,0,176.53061224489798,176.53061224489795,11121.428571428572
jid_893933,92940.0,168.0,1,43,1908,2529,2573,JobState.COMPLETED,0,176.53061224489795,176.53061224489795,7590.816326530612
jid_893935,92940.0,168.0,1,46,1915,2530,2577,JobState.COMPLETED,0,176.53061224489795,176.53061224489795,8120.408163265306
jid_893938,92940.0,168.0,1,41,1923,2546,2588,JobState.COMPLETED,0,176.53061224489795,176.53061224489795,7237.755102040816
jid_893936,92940.0,168.0,1,35,1924,2564,2600,JobState.COMPLETED,0,176.53061224489795,176.53061224489795,6178.571428571428
jid_893943,92986.0,727.0,1,90,1898,2528,2619,JobState.COMPLETED,0,176.53061224489792,176.53061224489795,15887.755102040814
jid_893944,92940.0,168.0,1,41,1952,2577,2619,JobState.COMPLETED,0,176.53061224489795,176.53061224489795,7237.755102040816
jid_893941,92940.0,168.0,1,48,1926,2573,2622,JobState.COMPLETED,0,176.53061224489795,176.53061224489795,8473.469387755102
jid_893945,92940.0,168.0,1,37,1966,2619,2657,JobState.COMPLETED,0,176.53061224489795,176.53061224489795,6531.632653061224
jid_893948,92940.0,168.0,1,42,1976,2622,2665,JobState.COMPLETED,0,176.53061224489795,176.53061224489795,7414.285714285714
jid_893951,92940.0,168.0,1,56,1975,2619,2676,JobState.COMPLETED,0,176.53061224489795,176.53061224489795,9885.714285714286
jid_893949,92940.0,168.0,1,43,1976,2657,2701,JobState.COMPLETED,0,176.53061224489795,176.53061224489795,7590.816326530612
jid_893947,92940.0,168.0,1,34,1981,2676,2711,JobState.COMPLETED,0,176.53061224489795,176.53061224489795,6002.04081632653
jid_894028,92940.0,168.0,1,1165,1241,1559,2725,JobState.COMPLETED,0,176.5306122448978,176.53061224489795,205658.16326530595
jid_893950,92940.0,168.0,1,34,1989,2701,2736,JobState.COMPLETED,0,176.53061224489795,176.53061224489795,6002.04081632653
jid_893960,92940.0,168.0,1,148,1959,2588,2737,JobState.COMPLETED,0,176.5306122448979,176.53061224489795,26126.53061224489
jid_893953,92940.0,168.0,1,46,1989,2711,2758,JobState.COMPLETED,0,176.53061224489795,176.53061224489795,8120.408163265306
jid_893962,92940.0,168.0,1,163,1960,2600,2764,JobState.COMPLETED,0,176.5306122448979,176.53061224489795,28774.489795918358
jid_893954,92940.0,168.0,1,34,2018,2737,2772,JobState.COMPLETED,0,176.53061224489795,176.53061224489795,6002.04081632653
jid_893955,92940.0,168.0,1,44,2009,2736,2781,JobState.COMPLETED,0,176.53061224489795,176.53061224489795,7767.34693877551
jid_893956,92940.0,168.0,1,36,2033,2758,2795,JobState.COMPLETED,0,176.53061224489795,176.53061224489795,6355.102040816326
jid_893958,92940.0,168.0,1,43,2035,2764,2808,JobState.COMPLETED,0,176.53061224489795,176.53061224489795,7590.816326530612
jid_893959,92940.0,168.0,1,44,2035,2772,2817,JobState.COMPLETED,0,176.53061224489795,176.53061224489795,7767.34693877551
jid_893957,92940.0,168.0,1,36,2040,2781,2818,JobState.COMPLETED,0,176.53061224489795,176.53061224489795,6355.102040816326
jid_893966,92940.0,168.0,1,171,1978,2665,2837,JobState.COMPLETED,0,176.5306122448979,176.53061224489795,30186.73469387754
jid_893961,92940.0,168.0,1,123,1997,2725,2849,JobState.COMPLETED,0,176.5306122448979,176.53061224489795,21713.26530612244
jid_893963,92940.0,168.0,1,80,2048,2795,2876,JobState.COMPLETED,0,176.53061224489795,176.53061224489795,14122.448979591836
jid_893968,92940.0,168.0,1,83,2068,2817,2901,JobState.COMPLETED,0,176.53061224489795,176.53061224489795,14652.04081632653
jid_893970,92940.0,168.0,1,68,2086,2837,2906,JobState.COMPLETED,0,176.53061224489798,176.53061224489795,12004.081632653062
jid_893969,92940.0,168.0,1,100,2050,2808,2909,JobState.COMPLETED,0,176.53061224489792,176.53061224489795,17653.061224489793
jid_893965,92940.0,168.0,1,45,2095,2876,2922,JobState.COMPLETED,0,176.53061224489795,176.53061224489795,7943.877551020408
jid_893976,92940.0,168.0,1,145,2068,2818,2964,JobState.COMPLETED,0,176.5306122448979,176.53061224489795,25596.938775510196
jid_893972,92940.0,168.0,1,66,2095,2901,2968,JobState.COMPLETED,0,176.53061224489798,176.53061224489795,11651.020408163267
jid_893981,92940.0,168.0,1,132,2093,2849,2982,JobState.COMPLETED,0,176.5306122448979,176.53061224489795,23302.040816326524
jid_893974,92940.0,168.0,1,46,2157,2968,3015,JobState.COMPLETED,0,176.53061224489795,176.53061224489795,8120.408163265306
jid_893975,92940.0,168.0,1,61,2150,2964,3026,JobState.COMPLETED,0,176.53061224489798,176.53061224489795,10768.367346938778
jid_893983,92940.0,168.0,1,120,2138,2909,3030,JobState.COMPLETED,0,176.5306122448979,176.53061224489795,21183.673469387748
jid_893982,92940.0,168.0,1,107,2139,2922,3030,JobState.COMPLETED,0,176.53061224489792,176.53061224489795,18888.77551020408
jid_893985,92940.0,168.0,1,147,2125,2906,3054,JobState.COMPLETED,0,176.5306122448979,176.53061224489795,25949.99999999999
jid_893977,92940.0,168.0,1,51,2172,3015,3067,JobState.COMPLETED,0,176.53061224489795,176.53061224489795,9003.061224489795
jid_893978,92940.0,168.0,1,47,2172,3026,3074,JobState.COMPLETED,0,176.53061224489795,176.53061224489795,8296.938775510203
jid_893979,92940.0,168.0,1,48,2172,3030,3079,JobState.COMPLETED,0,176.53061224489795,176.53061224489795,8473.469387755102
jid_893980,92940.0,168.0,1,50,2179,3030,3081,JobState.COMPLETED,0,176.53061224489795,176.53061224489795,8826.530612244898
jid_893984,92940.0,168.0,1,44,2221,3054,3099,JobState.COMPLETED,0,176.53061224489795,176.53061224489795,7767.34693877551
jid_893987,92940.0,168.0,1,49,2232,3074,3124,JobState.COMPLETED,0,176.53061224489795,176.53061224489795,8650.0
jid_893990,92940.0,168.0,1,47,2240,3081,3129,JobState.COMPLETED,0,176.53061224489795,176.53061224489795,8296.938775510203
jid_893986,92940.0,168.0,1,50,2238,3079,3130,JobState.COMPLETED,0,176.53061224489795,176.53061224489795,8826.530612244898
jid_893989,92940.0,168.0,1,66,2229,3067,3134,JobState.COMPLETED,0,176.53061224489798,176.53061224489795,11651.020408163267
jid_893993,92940.0,168.0,1,156,2165,2982,3139,JobState.COMPLETED,0,176.5306122448979,176.53061224489795,27538.775510204072
jid_893991,92940.0,168.0,1,49,2242,3099,3149,JobState.COMPLETED,0,176.53061224489795,176.53061224489795,8650.0
jid_893988,92940.0,168.0,1,47,2243,3124,3172,JobState.COMPLETED,0,176.53061224489795,176.53061224489795,8296.938775510203
jid_893992,92940.0,168.0,1,48,2245,3129,3178,JobState.COMPLETED,0,176.53061224489795,176.53061224489795,8473.469387755102
jid_893994,92940.0,168.0,1,43,2282,3139,3183,JobState.COMPLETED,0,176.53061224489795,176.53061224489795,7590.816326530612
jid_893996,92940.0,168.0,1,46,2304,3172,3219,JobState.COMPLETED,0,176.53061224489795,176.53061224489795,8120.408163265306
jid_894083,92940.0,168.0,1,969,1745,2253,3223,JobState.COMPLETED,0,176.5306122448981,176.53061224489795,171058.16326530624
jid_893997,92940.0,168.0,1,47,2304,3178,3226,JobState.COMPLETED,0,176.53061224489795,176.53061224489795,8296.938775510203
jid_893995,92940.0,168.0,1,45,2305,3183,3229,JobState.COMPLETED,0,176.53061224489795,176.53061224489795,7943.877551020408
jid_894003,92940.0,168.0,1,89,2291,3149,3239,JobState.COMPLETED,0,176.53061224489795,176.53061224489795,15711.224489795917
jid_894001,92940.0,168.0,1,110,2261,3130,3241,JobState.COMPLETED,0,176.53061224489792,176.53061224489795,19418.367346938772
jid_894004,92940.0,168.0,1,106,2276,3134,3241,JobState.COMPLETED,0,176.53061224489792,176.53061224489795,18712.24489795918
jid_893999,92940.0,168.0,1,47,2312,3219,3267,JobState.COMPLETED,0,176.53061224489795,176.53061224489795,8296.938775510203
jid_893998,92940.0,168.0,1,44,2316,3226,3271,JobState.COMPLETED,0,176.53061224489795,176.53061224489795,7767.34693877551
jid_894000,92940.0,168.0,1,43,2317,3229,3273,JobState.COMPLETED,0,176.53061224489795,176.53061224489795,7590.816326530612
jid_894006,92940.0,168.0,1,32,2366,3241,3274,JobState.COMPLETED,0,176.53061224489795,176.53061224489795,5648.9795918367345
jid_894005,92940.0,168.0,1,44,2342,3241,3286,JobState.COMPLETED,0,176.53061224489795,176.53061224489795,7767.34693877551
jid_894002,92940.0,168.0,1,63,2312,3223,3287,JobState.COMPLETED,0,176.53061224489798,176.53061224489795,11121.428571428572
jid_894009,92940.0,168.0,1,20,2382,3273,3294,JobState.COMPLETED,0,176.53061224489795,176.53061224489795,3530.612244897959
jid_894012,92940.0,168.0,1,20,2382,3274,3295,JobState.COMPLETED,0,176.53061224489795,176.53061224489795,3530.612244897959
jid_894007,92940.0,168.0,1,35,2367,3267,3303,JobState.COMPLETED,0,176.53061224489795,176.53061224489795,6178.571428571428
jid_894008,92940.0,168.0,1,34,2367,3271,3306,JobState.COMPLETED,0,176.53061224489795,176.53061224489795,6002.04081632653
jid_894011,92940.0,168.0,1,20,2383,3286,3307,JobState.COMPLETED,0,176.53061224489795,176.53061224489795,3530.612244897959
jid_894010,92940.0,168.0,1,24,2388,3287,3312,JobState.COMPLETED,0,176.53061224489795,176.53061224489795,4236.734693877551
jid_894013,92940.0,168.0,1,20,2404,3306,3327,JobState.COMPLETED,0,176.53061224489795,176.53061224489795,3530.612244897959
jid_894016,92940.0,168.0,1,21,2414,3307,3329,JobState.COMPLETED,0,176.53061224489795,176.53061224489795,3707.142857142857
jid_894015,92940.0,168.0,1,41,2390,3294,3336,JobState.COMPLETED,0,176.53061224489795,176.53061224489795,7237.755102040816
jid_894017,92940.0,168.0,1,23,2417,3312,3336,JobState.COMPLETED,0,176.53061224489795,176.53061224489795,4060.204081632653
jid_894020,92940.0,168.0,1,21,2426,3329,3351,JobState.COMPLETED,0,176.53061224489795,176.53061224489795,3707.142857142857
jid_894044,92940.0,168.0,1,20,2428,3336,3357,JobState.COMPLETED,0,176.53061224489795,176.53061224489795,3530.612244897959
jid_894021,92940.0,168.0,1,23,2428,3336,3360,JobState.COMPLETED,0,176.53061224489795,176.53061224489795,4060.204081632653
jid_894026,92940.0,168.0,1,75,2398,3295,3371,JobState.COMPLETED,0,176.53061224489795,176.53061224489795,13239.795918367347
jid_894045,92940.0,168.0,1,20,2428,3351,3372,JobState.COMPLETED,0,176.53061224489795,176.53061224489795,3530.612244897959
jid_894023,92940.0,168.0,1,21,2441,3357,3379,JobState.COMPLETED,0,176.53061224489795,176.53061224489795,3707.142857142857
jid_894030,92940.0,168.0,1,84,2398,3303,3388,JobState.COMPLETED,0,176.53061224489795,176.53061224489795,14828.571428571428
jid_894025,92940.0,168.0,1,20,2451,3371,3392,JobState.COMPLETED,0,176.53061224489795,176.53061224489795,3530.612244897959
jid_894031,92940.0,168.0,1,21,2463,3379,3401,JobState.COMPLETED,0,176.53061224489795,176.53061224489795,3707.142857142857
jid_894035,92940.0,168.0,1,163,2338,3239,3403,JobState.COMPLETED,0,176.5306122448979,176.53061224489795,28774.489795918358
jid_894033,92940.0,168.0,1,23,2468,3388,3412,JobState.COMPLETED,0,176.53061224489795,176.53061224489795,4060.204081632653
jid_894037,92940.0,168.0,1,23,2479,3392,3416,JobState.COMPLETED,0,176.53061224489795,176.53061224489795,4060.204081632653
jid_894041,92940.0,168.0,1,22,2487,3401,3424,JobState.COMPLETED,0,176.53061224489795,176.53061224489795,3883.673469387755
jid_894043,92940.0,168.0,1,20,2499,3416,3437,JobState.COMPLETED,0,176.53061224489795,176.53061224489795,3530.612244897959
jid_894047,92940.0,168.0,1,83,2447,3360,3444,JobState.COMPLETED,0,176.53061224489795,176.53061224489795,14652.04081632653
jid_894046,92940.0,168.0,1,25,2499,3424,3450,JobState.COMPLETED,0,176.53061224489795,176.53061224489795,4413.265306122449
jid_894065,92940.0,168.0,1,25,2508,3437,3463,JobState.COMPLETED,0,176.53061224489795,176.53061224489795,4413.265306122449
jid_894048,92940.0,168.0,1,21,2518,3450,3472,JobState.COMPLETED,0,176.53061224489795,176.53061224489795,3707.142857142857
jid_894056,92940.0,168.0,1,81,2489,3403,3485,JobState.COMPLETED,0,176.53061224489795,176.53061224489795,14298.979591836734
jid_894049,92940.0,168.0,1,22,2525,3463,3486,JobState.COMPLETED,0,176.53061224489795,176.53061224489795,3883.673469387755
jid_894050,92940.0,168.0,1,24,2534,3472,3497,JobState.COMPLETED,0,176.53061224489795,176.53061224489795,4236.734693877551
jid_894051,92940.0,168.0,1,23,2534,3485,3509,JobState.COMPLETED,0,176.53061224489795,176.53061224489795,4060.204081632653
jid_894052,92940.0,168.0,1,22,2537,3486,3509,JobState.COMPLETED,0,176.53061224489795,176.53061224489795,3883.673469387755
jid_894062,92940.0,168.0,1,103,2496,3412,3516,JobState.COMPLETED,0,176.53061224489792,176.53061224489795,18182.653061224486
jid_894055,92940.0,168.0,1,26,2542,3497,3524,JobState.COMPLETED,0,176.53061224489795,176.53061224489795,4589.7959183673465
jid_894053,92940.0,168.0,1,20,2546,3509,3530,JobState.COMPLETED,0,176.53061224489795,176.53061224489795,3530.612244897959
jid_894057,92940.0,168.0,1,21,2557,3509,3531,JobState.COMPLETED,0,176.53061224489795,176.53061224489795,3707.142857142857
jid_894058,92940.0,168.0,1,22,2563,3516,3539,JobState.COMPLETED,0,176.53061224489795,176.53061224489795,3883.673469387755
jid_894059,92940.0,168.0,1,21,2574,3524,3546,JobState.COMPLETED,0,176.53061224489795,176.53061224489795,3707.142857142857
jid_894060,92940.0,168.0,1,20,2574,3530,3551,JobState.COMPLETED,0,176.53061224489795,176.53061224489795,3530.612244897959
jid_894061,92940.0,168.0,1,21,2574,3531,3553,JobState.COMPLETED,0,176.53061224489795,176.53061224489795,3707.142857142857
jid_894063,92940.0,168.0,1,21,2582,3539,3561,JobState.COMPLETED,0,176.53061224489795,176.53061224489795,3707.142857142857
jid_894064,92940.0,168.0,1,24,2585,3546,3571,JobState.COMPLETED,0,176.53061224489795,176.53061224489795,4236.734693877551
jid_894066,92940.0,168.0,1,22,2600,3561,3584,JobState.COMPLETED,0,176.53061224489795,176.53061224489795,3883.673469387755
jid_894075,92940.0,168.0,1,146,2517,3444,3591,JobState.COMPLETED,0,176.5306122448979,176.53061224489795,25773.469387755093
jid_894070,92940.0,168.0,1,40,2595,3553,3594,JobState.COMPLETED,0,176.53061224489795,176.53061224489795,7061.224489795918
jid_894067,92940.0,168.0,1,22,2611,3571,3594,JobState.COMPLETED,0,176.53061224489795,176.53061224489795,3883.673469387755
jid_894068,92940.0,168.0,1,23,2611,3584,3608,JobState.COMPLETED,0,176.53061224489795,176.53061224489795,4060.204081632653
jid_894069,92940.0,168.0,1,22,2611,3591,3614,JobState.COMPLETED,0,176.53061224489795,176.53061224489795,3883.673469387755
jid_894071,92940.0,168.0,1,21,2619,3594,3616,JobState.COMPLETED,0,176.53061224489795,176.53061224489795,3707.142857142857
jid_894072,92940.0,168.0,1,25,2626,3608,3634,JobState.COMPLETED,0,176.53061224489795,176.53061224489795,4413.265306122449
jid_894073,92940.0,168.0,1,25,2626,3614,3640,JobState.COMPLETED,0,176.53061224489795,176.53061224489795,4413.265306122449
jid_894074,92940.0,168.0,1,23,2638,3616,3640,JobState.COMPLETED,0,176.53061224489795,176.53061224489795,4060.204081632653
jid_894076,92940.0,168.0,1,22,2649,3634,3657,JobState.COMPLETED,0,176.53061224489795,176.53061224489795,3883.673469387755
jid_894101,92940.0,168.0,1,27,2650,3640,3668,JobState.COMPLETED,0,176.53061224489795,176.53061224489795,4766.326530612245
jid_894079,92940.0,168.0,1,39,2649,3640,3680,JobState.COMPLETED,0,176.53061224489795,176.53061224489795,6884.69387755102
jid_894085,92940.0,168.0,1,134,2586,3551,3686,JobState.COMPLETED,0,176.5306122448979,176.53061224489795,23655.102040816317
jid_894077,92940.0,168.0,1,24,2656,3668,3693,JobState.COMPLETED,0,176.53061224489795,176.53061224489795,4236.734693877551
jid_894080,92940.0,168.0,1,37,2652,3657,3695,JobState.COMPLETED,0,176.53061224489795,176.53061224489795,6531.632653061224
jid_894081,92940.0,168.0,1,27,2668,3680,3708,JobState.COMPLETED,0,176.53061224489795,176.53061224489795,4766.326530612245
jid_894092,92940.0,168.0,1,27,2668,3686,3714,JobState.COMPLETED,0,176.53061224489795,176.53061224489795,4766.326530612245
jid_894082,92940.0,168.0,1,25,2677,3693,3719,JobState.COMPLETED,0,176.53061224489795,176.53061224489795,4413.265306122449
jid_894084,92940.0,168.0,1,26,2687,3708,3735,JobState.COMPLETED,0,176.53061224489795,176.53061224489795,4589.7959183673465
jid_894109,92940.0,168.0,1,22,2698,3714,3737,JobState.COMPLETED,0,176.53061224489795,176.53061224489795,3883.673469387755
jid_894094,92940.0,168.0,1,157,2616,3594,3752,JobState.COMPLETED,0,176.5306122448979,176.53061224489795,27715.30612244897
jid_894087,92940.0,168.0,1,41,2704,3719,3761,JobState.COMPLETED,0,176.53061224489795,176.53061224489795,7237.755102040816
jid_894086,92940.0,168.0,1,26,2713,3737,3764,JobState.COMPLETED,0,176.53061224489795,176.53061224489795,4589.7959183673465
jid_894088,92940.0,168.0,1,41,2706,3735,3777,JobState.COMPLETED,0,176.53061224489795,176.53061224489795,7237.755102040816
jid_894089,92940.0,168.0,1,22,2729,3761,3784,JobState.COMPLETED,0,176.53061224489795,176.53061224489795,3883.673469387755
jid_894093,92940.0,168.0,1,90,2677,3695,3786,JobState.COMPLETED,0,176.53061224489792,176.53061224489795,15887.755102040814
jid_894091,92940.0,168.0,1,42,2717,3752,3795,JobState.COMPLETED,0,176.53061224489795,176.53061224489795,7414.285714285714
jid_894090,92940.0,168.0,1,22,2736,3777,3800,JobState.COMPLETED,0,176.53061224489795,176.53061224489795,3883.673469387755
jid_894095,92940.0,168.0,1,33,2756,3784,3818,JobState.COMPLETED,0,176.53061224489795,176.53061224489795,5825.510204081633
jid_894097,92940.0,168.0,1,43,2760,3786,3830,JobState.COMPLETED,0,176.53061224489795,176.53061224489795,7590.816326530612
jid_894096,92940.0,168.0,1,31,2766,3800,3832,JobState.COMPLETED,0,176.53061224489795,176.53061224489795,5472.448979591836
jid_894098,92940.0,168.0,1,42,2763,3795,3838,JobState.COMPLETED,0,176.53061224489795,176.53061224489795,7414.285714285714
jid_894099,92940.0,168.0,1,35,2774,3818,3854,JobState.COMPLETED,0,176.53061224489795,176.53061224489795,6178.571428571428
jid_894100,92940.0,168.0,1,32,2783,3832,3865,JobState.COMPLETED,0,176.53061224489795,176.53061224489795,5648.9795918367345
jid_894102,92940.0,168.0,1,47,2775,3830,3878,JobState.COMPLETED,0,176.53061224489795,176.53061224489795,8296.938775510203
jid_894104,92940.0,168.0,1,32,2806,3865,3898,JobState.COMPLETED,0,176.53061224489795,176.53061224489795,5648.9795918367345
jid_894103,92940.0,168.0,1,24,2813,3878,3903,JobState.COMPLETED,0,176.53061224489795,176.53061224489795,4236.734693877551
jid_894111,92940.0,168.0,1,93,2783,3838,3932,JobState.COMPLETED,0,176.53061224489792,176.53061224489795,16417.346938775507
jid_894106,92940.0,168.0,1,40,2822,3903,3944,JobState.COMPLETED,0,176.53061224489795,176.53061224489795,7061.224489795918
jid_894107,92940.0,168.0,1,46,2818,3898,3945,JobState.COMPLETED,0,176.53061224489795,176.53061224489795,8120.408163265306
jid_894105,92940.0,168.0,1,33,2826,3932,3966,JobState.COMPLETED,0,176.53061224489795,176.53061224489795,5825.510204081633
jid_894108,92940.0,168.0,1,27,2837,3945,3973,JobState.COMPLETED,0,176.53061224489795,176.53061224489795,4766.326530612245
jid_894121,92940.0,168.0,1,38,2831,3944,3983,JobState.COMPLETED,0,176.53061224489795,176.53061224489795,6708.163265306122
jid_894110,92940.0,168.0,1,22,2853,3973,3996,JobState.COMPLETED,0,176.53061224489795,176.53061224489795,3883.673469387755
jid_894112,92940.0,168.0,1,41,2838,3966,4008,JobState.COMPLETED,0,176.53061224489795,176.53061224489795,7237.755102040816
jid_894113,92940.0,168.0,1,25,2856,3983,4009,JobState.COMPLETED,0,176.53061224489795,176.53061224489795,4413.265306122449
jid_894123,92940.0,168.0,1,163,2790,3854,4018,JobState.COMPLETED,0,176.5306122448979,176.53061224489795,28774.489795918358
jid_894118,92940.0,168.0,1,47,2877,3996,4044,JobState.COMPLETED,0,176.53061224489795,176.53061224489795,8296.938775510203
jid_894117,92940.0,168.0,1,44,2880,4008,4053,JobState.COMPLETED,0,176.53061224489795,176.53061224489795,7767.34693877551
jid_894119,92940.0,168.0,1,46,2880,4009,4056,JobState.COMPLETED,0,176.53061224489795,176.53061224489795,8120.408163265306
jid_894114,92940.0,168.0,1,29,2884,4044,4074,JobState.COMPLETED,0,176.53061224489795,176.53061224489795,5119.3877551020405
jid_894120,92940.0,168.0,1,59,2881,4018,4078,JobState.COMPLETED,0,176.53061224489795,176.53061224489795,10415.30612244898
jid_894115,92940.0,168.0,1,28,2890,4053,4082,JobState.COMPLETED,0,176.53061224489795,176.53061224489795,4942.857142857143
jid_894116,92940.0,168.0,1,31,2892,4056,4088,JobState.COMPLETED,0,176.53061224489795,176.53061224489795,5472.448979591836
jid_894125,92940.0,168.0,1,34,2931,4082,4117,JobState.COMPLETED,0,176.53061224489795,176.53061224489795,6002.04081632653
jid_894124,92940.0,168.0,1,32,2932,4088,4121,JobState.COMPLETED,0,176.53061224489795,176.53061224489795,5648.9795918367345
jid_894134,92940.0,168.0,1,45,2899,4078,4124,JobState.COMPLETED,0,176.53061224489795,176.53061224489795,7943.877551020408
jid_894122,92940.0,168.0,1,50,2895,4074,4125,JobState.COMPLETED,0,176.53061224489795,176.53061224489795,8826.530612244898
jid_894126,92940.0,168.0,1,35,2939,4117,4153,JobState.COMPLETED,0,176.53061224489795,176.53061224489795,6178.571428571428
jid_894174,92940.0,168.0,1,831,2417,3327,4159,JobState.COMPLETED,0,176.53061224489815,176.53061224489795,146696.93877551035
jid_894128,92940.0,168.0,1,42,2941,4121,4164,JobState.COMPLETED,0,176.53061224489795,176.53061224489795,7414.285714285714
jid_894127,92940.0,168.0,1,39,2944,4125,4165,JobState.COMPLETED,0,176.53061224489795,176.53061224489795,6884.69387755102
jid_894129,92940.0,168.0,1,44,2941,4124,4169,JobState.COMPLETED,0,176.53061224489795,176.53061224489795,7767.34693877551
jid_894179,92940.0,168.0,1,823,2456,3372,4196,JobState.COMPLETED,0,176.53061224489815,176.53061224489795,145284.69387755118
jid_894132,92940.0,168.0,1,30,2979,4169,4200,JobState.COMPLETED,0,176.53061224489795,176.53061224489795,5295.918367346939
jid_894131,92940.0,168.0,1,50,2957,4153,4204,JobState.COMPLETED,0,176.53061224489795,176.53061224489795,8826.530612244898
jid_894141,92940.0,168.0,1,45,2957,4159,4205,JobState.COMPLETED,0,176.53061224489795,176.53061224489795,7943.877551020408
jid_894130,92940.0,168.0,1,42,2963,4164,4207,JobState.COMPLETED,0,176.53061224489795,176.53061224489795,7414.285714285714
jid_894133,92940.0,168.0,1,30,2984,4196,4227,JobState.COMPLETED,0,176.53061224489795,176.53061224489795,5295.918367346939
jid_894135,92940.0,168.0,1,30,2990,4200,4231,JobState.COMPLETED,0,176.53061224489795,176.53061224489795,5295.918367346939
jid_894136,92940.0,168.0,1,35,3002,4207,4243,JobState.COMPLETED,0,176.53061224489795,176.53061224489795,6178.571428571428
jid_894138,92940.0,168.0,1,49,2999,4204,4254,JobState.COMPLETED,0,176.53061224489795,176.53061224489795,8650.0
jid_894137,92940.0,168.0,1,49,3000,4205,4255,JobState.COMPLETED,0,176.53061224489795,176.53061224489795,8650.0
jid_894139,92940.0,168.0,1,43,3024,4231,4275,JobState.COMPLETED,0,176.53061224489795,176.53061224489795,7590.816326530612
jid_894142,92940.0,168.0,1,54,3021,4227,4282,JobState.COMPLETED,0,176.53061224489795,176.53061224489795,9532.65306122449
jid_894140,92940.0,168.0,1,40,3032,4254,4295,JobState.COMPLETED,0,176.53061224489795,176.53061224489795,7061.224489795918
jid_894143,92940.0,168.0,1,40,3034,4255,4296,JobState.COMPLETED,0,176.53061224489795,176.53061224489795,7061.224489795918
jid_894146,92940.0,168.0,1,57,3024,4243,4301,JobState.COMPLETED,0,176.53061224489795,176.53061224489795,10062.244897959183
jid_894144,92940.0,168.0,1,44,3036,4275,4320,JobState.COMPLETED,0,176.53061224489795,176.53061224489795,7767.34693877551
jid_894147,92940.0,168.0,1,43,3055,4282,4326,JobState.COMPLETED,0,176.53061224489795,176.53061224489795,7590.816326530612
jid_894152,92940.0,168.0,1,163,2971,4165,4329,JobState.COMPLETED,0,176.5306122448979,176.53061224489795,28774.489795918358
jid_894150,92940.0,168.0,1,37,3083,4301,4339,JobState.COMPLETED,0,176.53061224489795,176.53061224489795,6531.632653061224
jid_894148,92940.0,168.0,1,49,3066,4295,4345,JobState.COMPLETED,0,176.53061224489795,176.53061224489795,8650.0
jid_894149,92940.0,168.0,1,53,3066,4296,4350,JobState.COMPLETED,0,176.53061224489795,176.53061224489795,9356.122448979591
jid_894151,92940.0,168.0,1,35,3095,4320,4356,JobState.COMPLETED,0,176.53061224489795,176.53061224489795,6178.571428571428
jid_894154,92940.0,168.0,1,42,3095,4326,4369,JobState.COMPLETED,0,176.53061224489795,176.53061224489795,7414.285714285714
jid_894155,92940.0,168.0,1,42,3095,4329,4372,JobState.COMPLETED,0,176.53061224489795,176.53061224489795,7414.285714285714
jid_894153,92940.0,168.0,1,41,3096,4345,4387,JobState.COMPLETED,0,176.53061224489795,176.53061224489795,7237.755102040816
jid_894156,92940.0,168.0,1,52,3095,4339,4392,JobState.COMPLETED,0,176.53061224489795,176.53061224489795,9179.591836734693
jid_894158,92940.0,168.0,1,43,3116,4356,4400,JobState.COMPLETED,0,176.53061224489795,176.53061224489795,7590.816326530612
jid_894159,92940.0,168.0,1,34,3135,4372,4407,JobState.COMPLETED,0,176.53061224489795,176.53061224489795,6002.04081632653
jid_894157,92940.0,168.0,1,57,3098,4350,4408,JobState.COMPLETED,0,176.53061224489795,176.53061224489795,10062.244897959183
jid_894161,92940.0,168.0,1,49,3134,4369,4419,JobState.COMPLETED,0,176.53061224489795,176.53061224489795,8650.0
jid_894162,92940.0,168.0,1,33,3150,4392,4426,JobState.COMPLETED,0,176.53061224489795,176.53061224489795,5825.510204081633
jid_894160,92940.0,168.0,1,32,3153,4400,4433,JobState.COMPLETED,0,176.53061224489795,176.53061224489795,5648.9795918367345
jid_894163,92940.0,168.0,1,53,3135,4387,4441,JobState.COMPLETED,0,176.53061224489795,176.53061224489795,9356.122448979591
jid_894164,92940.0,168.0,1,36,3153,4407,4444,JobState.COMPLETED,0,176.53061224489795,176.53061224489795,6355.102040816326
jid_894165,92940.0,168.0,1,42,3153,4408,4451,JobState.COMPLETED,0,176.53061224489795,176.53061224489795,7414.285714285714
jid_894183,92940.0,168.0,1,33,3177,4441,4475,JobState.COMPLETED,0,176.53061224489795,176.53061224489795,5825.510204081633
jid_894167,92940.0,168.0,1,31,3185,4444,4476,JobState.COMPLETED,0,176.53061224489795,176.53061224489795,5472.448979591836
jid_894168,92940.0,168.0,1,50,3165,4426,4477,JobState.COMPLETED,0,176.53061224489795,176.53061224489795,8826.530612244898
jid_894171,92940.0,168.0,1,32,3201,4451,4484,JobState.COMPLETED,0,176.53061224489795,176.53061224489795,5648.9795918367345
jid_894169,92940.0,168.0,1,53,3172,4433,4487,JobState.COMPLETED,0,176.53061224489795,176.53061224489795,9356.122448979591
jid_894170,92940.0,168.0,1,31,3202,4476,4508,JobState.COMPLETED,0,176.53061224489795,176.53061224489795,5472.448979591836
jid_894172,92940.0,168.0,1,45,3201,4475,4521,JobState.COMPLETED,0,176.53061224489795,176.53061224489795,7943.877551020408
jid_894173,92940.0,168.0,1,46,3204,4477,4524,JobState.COMPLETED,0,176.53061224489795,176.53061224489795,8120.408163265306
jid_894176,92940.0,168.0,1,42,3212,4487,4530,JobState.COMPLETED,0,176.53061224489795,176.53061224489795,7414.285714285714
jid_894177,92940.0,168.0,1,24,3233,4508,4533,JobState.COMPLETED,0,176.53061224489795,176.53061224489795,4236.734693877551
jid_894178,92940.0,168.0,1,32,3241,4524,4557,JobState.COMPLETED,0,176.53061224489795,176.53061224489795,5648.9795918367345
jid_894180,92940.0,168.0,1,28,3249,4530,4559,JobState.COMPLETED,0,176.53061224489795,176.53061224489795,4942.857142857143
jid_894181,92940.0,168.0,1,29,3252,4533,4563,JobState.COMPLETED,0,176.53061224489795,176.53061224489795,5119.3877551020405
jid_894182,92940.0,168.0,1,50,3233,4521,4572,JobState.COMPLETED,0,176.53061224489795,176.53061224489795,8826.530612244898
jid_894185,92940.0,168.0,1,92,3204,4484,4577,JobState.COMPLETED,0,176.53061224489792,176.53061224489795,16240.816326530608
jid_894188,92940.0,168.0,1,162,3153,4419,4582,JobState.COMPLETED,0,176.5306122448979,176.53061224489795,28597.959183673458
jid_894186,92940.0,168.0,1,29,3268,4559,4589,JobState.COMPLETED,0,176.53061224489795,176.53061224489795,5119.3877551020405
jid_894187,69789.0,727.0,1,28,3276,4577,4606,JobState.COMPLETED,0,176.53061224489795,176.53061224489795,4942.857142857143
jid_894203,92940.0,168.0,1,35,3272,4572,4608,JobState.COMPLETED,0,176.53061224489795,176.53061224489795,6178.571428571428
jid_894189,92940.0,168.0,1,43,3276,4582,4626,JobState.COMPLETED,0,176.53061224489795,176.53061224489795,7590.816326530612
jid_894191,92940.0,168.0,1,43,3288,4589,4633,JobState.COMPLETED,0,176.53061224489795,176.53061224489795,7590.816326530612
jid_894190,92940.0,168.0,1,29,3295,4606,4636,JobState.COMPLETED,0,176.53061224489795,176.53061224489795,5119.3877551020405
jid_894209,92940.0,168.0,1,81,3268,4563,4645,JobState.COMPLETED,0,176.53061224489795,176.53061224489795,14298.979591836734
jid_894194,92940.0,168.0,1,36,3296,4626,4663,JobState.COMPLETED,0,176.53061224489795,176.53061224489795,6355.102040816326
jid_894192,92940.0,168.0,1,33,3299,4633,4667,JobState.COMPLETED,0,176.53061224489795,176.53061224489795,5825.510204081633
jid_894193,92940.0,168.0,1,22,3313,4645,4668,JobState.COMPLETED,0,176.53061224489795,176.53061224489795,3883.673469387755
jid_894197,92940.0,168.0,1,52,3299,4636,4689,JobState.COMPLETED,0,176.53061224489795,176.53061224489795,9179.591836734693
jid_894195,92940.0,168.0,1,27,3313,4663,4691,JobState.COMPLETED,0,176.53061224489795,176.53061224489795,4766.326530612245
jid_894202,92940.0,168.0,1,41,3337,4668,4710,JobState.COMPLETED,0,176.53061224489795,176.53061224489795,7237.755102040816
jid_894199,92940.0,168.0,1,25,3341,4689,4715,JobState.COMPLETED,0,176.53061224489795,176.53061224489795,4413.265306122449
jid_894206,92940.0,168.0,1,45,3347,4691,4737,JobState.COMPLETED,0,176.53061224489795,176.53061224489795,7943.877551020408
jid_894201,92940.0,168.0,1,26,3349,4710,4737,JobState.COMPLETED,0,176.53061224489795,176.53061224489795,4589.7959183673465
jid_894200,92940.0,168.0,1,24,3350,4715,4740,JobState.COMPLETED,0,176.53061224489795,176.53061224489795,4236.734693877551
jid_894204,92940.0,168.0,1,28,3356,4737,4766,JobState.COMPLETED,0,176.53061224489795,176.53061224489795,4942.857142857143
jid_894205,92940.0,168.0,1,32,3352,4737,4770,JobState.COMPLETED,0,176.53061224489795,176.53061224489795,5648.9795918367345
jid_894222,92940.0,168.0,1,24,3385,4766,4791,JobState.COMPLETED,0,176.53061224489795,176.53061224489795,4236.734693877551
jid_894207,92940.0,168.0,1,27,3390,4770,4798,JobState.COMPLETED,0,176.53061224489795,176.53061224489795,4766.326530612245
jid_894208,92940.0,168.0,1,27,3390,4791,4819,JobState.COMPLETED,0,176.53061224489795,176.53061224489795,4766.326530612245
jid_894223,92940.0,168.0,1,154,3332,4667,4822,JobState.COMPLETED,0,176.5306122448979,176.53061224489795,27185.714285714275
jid_894220,92940.0,168.0,1,97,3369,4740,4838,JobState.COMPLETED,0,176.53061224489792,176.53061224489795,17123.4693877551
jid_894213,92940.0,168.0,1,41,3396,4798,4840,JobState.COMPLETED,0,176.53061224489795,176.53061224489795,7237.755102040816
jid_894229,92940.0,168.0,1,30,3396,4819,4850,JobState.COMPLETED,0,176.53061224489795,176.53061224489795,5295.918367346939
jid_894210,92940.0,168.0,1,28,3399,4822,4851,JobState.COMPLETED,0,176.53061224489795,176.53061224489795,4942.857142857143
jid_894211,92940.0,168.0,1,29,3402,4838,4868,JobState.COMPLETED,0,176.53061224489795,176.53061224489795,5119.3877551020405
jid_894217,92940.0,168.0,1,32,3432,4850,4883,JobState.COMPLETED,0,176.53061224489795,176.53061224489795,5648.9795918367345
jid_894218,92940.0,168.0,1,31,3433,4851,4883,JobState.COMPLETED,0,176.53061224489795,176.53061224489795,5472.448979591836
jid_894215,92940.0,168.0,1,47,3408,4840,4888,JobState.COMPLETED,0,176.53061224489795,176.53061224489795,8296.938775510203
jid_894216,92940.0,168.0,1,25,3438,4868,4894,JobState.COMPLETED,0,176.53061224489795,176.53061224489795,4413.265306122449
jid_894297,92940.0,168.0,1,1131,2729,3764,4896,JobState.COMPLETED,0,176.53061224489784,176.53061224489795,199656.12244897947
jid_894219,92940.0,168.0,1,24,3442,4883,4908,JobState.COMPLETED,0,176.53061224489795,176.53061224489795,4236.734693877551
jid_894221,92940.0,168.0,1,29,3448,4883,4913,JobState.COMPLETED,0,176.53061224489795,176.53061224489795,5119.3877551020405
jid_894225,92940.0,168.0,1,21,3479,4896,4918,JobState.COMPLETED,0,176.53061224489795,176.53061224489795,3707.142857142857
jid_894224,92940.0,168.0,1,43,3454,4888,4932,JobState.COMPLETED,0,176.53061224489795,176.53061224489795,7590.816326530612
jid_894228,92940.0,168.0,1,23,3479,4908,4932,JobState.COMPLETED,0,176.53061224489795,176.53061224489795,4060.204081632653
jid_894230,92940.0,168.0,1,42,3470,4894,4937,JobState.COMPLETED,0,176.53061224489795,176.53061224489795,7414.285714285714
jid_894226,92940.0,168.0,1,20,3481,4918,4939,JobState.COMPLETED,0,176.53061224489795,176.53061224489795,3530.612244897959
jid_894241,92940.0,168.0,1,35,3479,4913,4949,JobState.COMPLETED,0,176.53061224489795,176.53061224489795,6178.571428571428
jid_894227,92940.0,168.0,1,20,3481,4932,4953,JobState.COMPLETED,0,176.53061224489795,176.53061224489795,3530.612244897959
jid_894231,92940.0,168.0,1,31,3494,4932,4964,JobState.COMPLETED,0,176.53061224489795,176.53061224489795,5472.448979591836
jid_894243,92940.0,168.0,1,26,3500,4937,4964,JobState.COMPLETED,0,176.53061224489795,176.53061224489795,4589.7959183673465
jid_894233,92940.0,168.0,1,29,3515,4953,4983,JobState.COMPLETED,0,176.53061224489795,176.53061224489795,5119.3877551020405
jid_894232,92940.0,168.0,1,29,3516,4964,4994,JobState.COMPLETED,0,176.53061224489795,176.53061224489795,5119.3877551020405
jid_894236,92940.0,168.0,1,47,3513,4949,4997,JobState.COMPLETED,0,176.53061224489795,176.53061224489795,8296.938775510203
jid_894235,92940.0,168.0,1,34,3515,4964,4999,JobState.COMPLETED,0,176.53061224489795,176.53061224489795,6002.04081632653
jid_894234,92940.0,168.0,1,31,3516,4983,5015,JobState.COMPLETED,0,176.53061224489795,176.53061224489795,5472.448979591836
jid_894245,92940.0,168.0,1,30,3518,4994,5025,JobState.COMPLETED,0,176.53061224489795,176.53061224489795,5295.918367346939
jid_894237,92940.0,168.0,1,32,3542,4999,5032,JobState.COMPLETED,0,176.53061224489795,176.53061224489795,5648.9795918367345
jid_894238,92940.0,168.0,1,27,3560,5015,5043,JobState.COMPLETED,0,176.53061224489795,176.53061224489795,4766.326530612245
jid_894239,92940.0,168.0,1,29,3560,5025,5055,JobState.COMPLETED,0,176.53061224489795,176.53061224489795,5119.3877551020405
jid_894240,92940.0,168.0,1,28,3562,5032,5061,JobState.COMPLETED,0,176.53061224489795,176.53061224489795,4942.857142857143
jid_894242,92940.0,168.0,1,31,3564,5043,5075,JobState.COMPLETED,0,176.53061224489795,176.53061224489795,5472.448979591836
jid_894254,92940.0,168.0,1,140,3502,4939,5080,JobState.COMPLETED,0,176.5306122448979,176.53061224489795,24714.285714285706
jid_894244,92940.0,168.0,1,28,3591,5061,5090,JobState.COMPLETED,0,176.53061224489795,176.53061224489795,4942.857142857143
jid_894251,92940.0,168.0,1,95,3534,4997,5093,JobState.COMPLETED,0,176.53061224489792,176.53061224489795,16770.408163265303
jid_894246,92940.0,168.0,1,42,3577,5055,5098,JobState.COMPLETED,0,176.53061224489795,176.53061224489795,7414.285714285714
jid_894247,92940.0,168.0,1,22,3602,5075,5098,JobState.COMPLETED,0,176.53061224489795,176.53061224489795,3883.673469387755
jid_894248,92940.0,168.0,1,23,3603,5080,5104,JobState.COMPLETED,0,176.53061224489795,176.53061224489795,4060.204081632653
jid_894250,92940.0,168.0,1,22,3605,5090,5113,JobState.COMPLETED,0,176.53061224489795,176.53061224489795,3883.673469387755
jid_894249,92940.0,168.0,1,22,3606,5093,5116,JobState.COMPLETED,0,176.53061224489795,176.53061224489795,3883.673469387755
jid_894253,92940.0,168.0,1,22,3617,5098,5121,JobState.COMPLETED,0,176.53061224489795,176.53061224489795,3883.673469387755
jid_894252,92940.0,168.0,1,25,3610,5098,5124,JobState.COMPLETED,0,176.53061224489795,176.53061224489795,4413.265306122449
jid_894255,92940.0,168.0,1,19,3639,5124,5144,JobState.COMPLETED,0,176.53061224489795,176.53061224489795,3354.081632653061
jid_894260,92940.0,168.0,1,36,3635,5116,5153,JobState.COMPLETED,0,176.53061224489795,176.53061224489795,6355.102040816326
jid_894274,92940.0,168.0,1,43,3634,5113,5157,JobState.COMPLETED,0,176.53061224489795,176.53061224489795,7590.816326530612
jid_894263,92940.0,168.0,1,40,3635,5121,5162,JobState.COMPLETED,0,176.53061224489795,176.53061224489795,7061.224489795918
jid_894257,92940.0,168.0,1,23,3642,5144,5168,JobState.COMPLETED,0,176.53061224489795,176.53061224489795,4060.204081632653
jid_894258,92940.0,168.0,1,23,3642,5153,5177,JobState.COMPLETED,0,176.53061224489795,176.53061224489795,4060.204081632653
jid_894259,92940.0,168.0,1,24,3643,5157,5182,JobState.COMPLETED,0,176.53061224489795,176.53061224489795,4236.734693877551
jid_894256,92940.0,168.0,1,19,3645,5162,5182,JobState.COMPLETED,0,176.53061224489795,176.53061224489795,3354.081632653061
jid_894261,92940.0,168.0,1,22,3651,5168,5191,JobState.COMPLETED,0,176.53061224489795,176.53061224489795,3883.673469387755
jid_894262,92940.0,168.0,1,20,3654,5177,5198,JobState.COMPLETED,0,176.53061224489795,176.53061224489795,3530.612244897959
jid_894264,92940.0,168.0,1,30,3673,5182,5213,JobState.COMPLETED,0,176.53061224489795,176.53061224489795,5295.918367346939
jid_894265,92940.0,168.0,1,30,3679,5191,5222,JobState.COMPLETED,0,176.53061224489795,176.53061224489795,5295.918367346939
jid_894266,92940.0,168.0,1,32,3681,5198,5231,JobState.COMPLETED,0,176.53061224489795,176.53061224489795,5648.9795918367345
jid_894268,92940.0,168.0,1,35,3681,5213,5249,JobState.COMPLETED,0,176.53061224489795,176.53061224489795,6178.571428571428
jid_894267,92940.0,168.0,1,34,3682,5222,5257,JobState.COMPLETED,0,176.53061224489795,176.53061224489795,6002.04081632653
jid_894269,92940.0,168.0,1,34,3688,5231,5266,JobState.COMPLETED,0,176.53061224489795,176.53061224489795,6002.04081632653
jid_894271,92940.0,168.0,1,36,3689,5257,5294,JobState.COMPLETED,0,176.53061224489795,176.53061224489795,6355.102040816326
jid_894270,92940.0,168.0,1,30,3693,5266,5297,JobState.COMPLETED,0,176.53061224489795,176.53061224489795,5295.918367346939
jid_894273,92940.0,168.0,1,55,3688,5249,5305,JobState.COMPLETED,0,176.53061224489795,176.53061224489795,9709.183673469388
jid_894284,92940.0,168.0,1,142,3659,5182,5325,JobState.COMPLETED,0,176.5306122448979,176.53061224489795,25067.3469387755
jid_894277,92940.0,168.0,1,36,3727,5297,5334,JobState.COMPLETED,0,176.53061224489795,176.53061224489795,6355.102040816326
jid_894276,92940.0,168.0,1,40,3721,5294,5335,JobState.COMPLETED,0,176.53061224489795,176.53061224489795,7061.224489795918
jid_894278,92940.0,168.0,1,35,3730,5305,5341,JobState.COMPLETED,0,176.53061224489795,176.53061224489795,6178.571428571428
jid_894280,92940.0,168.0,1,44,3731,5325,5370,JobState.COMPLETED,0,176.53061224489795,176.53061224489795,7767.34693877551
jid_894281,92940.0,168.0,1,38,3739,5335,5374,JobState.COMPLETED,0,176.53061224489795,176.53061224489795,6708.163265306122
jid_894279,92940.0,168.0,1,41,3733,5334,5376,JobState.COMPLETED,0,176.53061224489795,176.53061224489795,7237.755102040816
jid_894294,92940.0,168.0,1,35,3739,5341,5377,JobState.COMPLETED,0,176.53061224489795,176.53061224489795,6178.571428571428
jid_894283,92940.0,168.0,1,38,3742,5370,5409,JobState.COMPLETED,0,176.53061224489795,176.53061224489795,6708.163265306122
jid_894286,92940.0,168.0,1,33,3777,5377,5411,JobState.COMPLETED,0,176.53061224489795,176.53061224489795,5825.510204081633
jid_894285,92940.0,168.0,1,39,3765,5376,5416,JobState.COMPLETED,0,176.53061224489795,176.53061224489795,6884.69387755102
jid_894289,92940.0,168.0,1,58,3760,5374,5433,JobState.COMPLETED,0,176.53061224489795,176.53061224489795,10238.775510204081
jid_894287,92940.0,168.0,1,33,3779,5409,5443,JobState.COMPLETED,0,176.53061224489795,176.53061224489795,5825.510204081633
jid_894288,92940.0,168.0,1,39,3780,5411,5451,JobState.COMPLETED,0,176.53061224489795,176.53061224489795,6884.69387755102
jid_894291,92940.0,168.0,1,41,3791,5416,5458,JobState.COMPLETED,0,176.53061224489795,176.53061224489795,7237.755102040816
jid_894293,92940.0,168.0,1,41,3794,5433,5475,JobState.COMPLETED,0,176.53061224489795,176.53061224489795,7237.755102040816
jid_894290,92940.0,168.0,1,34,3795,5443,5478,JobState.COMPLETED,0,176.53061224489795,176.53061224489795,6002.04081632653
jid_894292,92940.0,168.0,1,38,3795,5451,5490,JobState.COMPLETED,0,176.53061224489795,176.53061224489795,6708.163265306122
jid_894325,17.0,542.0,1,396,3618,5104,5501,JobState.COMPLETED,0,176.53061224489804,176.53061224489795,69906.12244897963
jid_894295,92940.0,168.0,1,31,3826,5478,5510,JobState.COMPLETED,0,176.53061224489795,176.53061224489795,5472.448979591836
jid_894296,92940.0,168.0,1,40,3820,5475,5516,JobState.COMPLETED,0,176.53061224489795,176.53061224489795,7061.224489795918
jid_894298,92940.0,168.0,1,34,3828,5490,5525,JobState.COMPLETED,0,176.53061224489795,176.53061224489795,6002.04081632653
jid_894299,92940.0,168.0,1,38,3836,5501,5540,JobState.COMPLETED,0,176.53061224489795,176.53061224489795,6708.163265306122
jid_894364,92940.0,168.0,1,993,3267,4557,5551,JobState.COMPLETED,0,176.53061224489804,176.53061224489795,175294.89795918376
jid_894300,92940.0,168.0,1,34,3847,5516,5551,JobState.COMPLETED,0,176.53061224489795,176.53061224489795,6002.04081632653
jid_894301,92940.0,168.0,1,34,3847,5525,5560,JobState.COMPLETED,0,176.53061224489795,176.53061224489795,6002.04081632653
jid_894303,92940.0,168.0,1,54,3836,5510,5565,JobState.COMPLETED,0,176.53061224489795,176.53061224489795,9532.65306122449
jid_894302,92940.0,168.0,1,36,3850,5540,5577,JobState.COMPLETED,0,176.53061224489795,176.53061224489795,6355.102040816326
jid_894304,92940.0,168.0,1,35,3863,5551,5587,JobState.COMPLETED,0,176.53061224489795,176.53061224489795,6178.571428571428
jid_894305,92940.0,168.0,1,30,3876,5560,5591,JobState.COMPLETED,0,176.53061224489795,176.53061224489795,5295.918367346939
jid_894306,92940.0,168.0,1,38,3876,5565,5604,JobState.COMPLETED,0,176.53061224489795,176.53061224489795,6708.163265306122
jid_894371,92940.0,168.0,1,997,3295,4608,5606,JobState.COMPLETED,0,176.53061224489804,176.53061224489795,176001.02040816334
jid_894317,92940.0,168.0,1,167,3819,5458,5626,JobState.COMPLETED,0,176.5306122448979,176.53061224489795,29480.612244897948
jid_894307,92940.0,168.0,1,38,3877,5587,5626,JobState.COMPLETED,0,176.53061224489795,176.53061224489795,6708.163265306122
jid_894308,92940.0,168.0,1,37,3890,5591,5629,JobState.COMPLETED,0,176.53061224489795,176.53061224489795,6531.632653061224
jid_894310,92940.0,168.0,1,37,3899,5604,5642,JobState.COMPLETED,0,176.53061224489795,176.53061224489795,6531.632653061224
jid_894311,92940.0,168.0,1,43,3899,5606,5650,JobState.COMPLETED,0,176.53061224489795,176.53061224489795,7590.816326530612
jid_894309,92940.0,168.0,1,34,3905,5626,5661,JobState.COMPLETED,0,176.53061224489795,176.53061224489795,6002.04081632653
jid_894313,92940.0,168.0,1,35,3917,5629,5665,JobState.COMPLETED,0,176.53061224489795,176.53061224489795,6178.571428571428
jid_894312,92940.0,168.0,1,31,3922,5642,5674,JobState.COMPLETED,0,176.53061224489795,176.53061224489795,5472.448979591836
jid_894316,92940.0,168.0,1,41,3937,5650,5692,JobState.COMPLETED,0,176.53061224489795,176.53061224489795,7237.755102040816
jid_894314,92940.0,168.0,1,31,3942,5665,5697,JobState.COMPLETED,0,176.53061224489795,176.53061224489795,5472.448979591836
jid_894318,92940.0,168.0,1,35,3956,5674,5710,JobState.COMPLETED,0,176.53061224489795,176.53061224489795,6178.571428571428
jid_894323,92940.0,168.0,1,96,3905,5626,5723,JobState.COMPLETED,0,176.53061224489792,176.53061224489795,16946.9387755102
jid_894319,92940.0,168.0,1,37,3956,5692,5730,JobState.COMPLETED,0,176.53061224489795,176.53061224489795,6531.632653061224
jid_894322,92940.0,168.0,1,36,3963,5697,5734,JobState.COMPLETED,0,176.53061224489795,176.53061224489795,6355.102040816326
jid_894320,92940.0,168.0,1,32,3969,5710,5743,JobState.COMPLETED,0,176.53061224489795,176.53061224489795,5648.9795918367345
jid_894321,92940.0,168.0,1,32,3969,5723,5756,JobState.COMPLETED,0,176.53061224489795,176.53061224489795,5648.9795918367345
jid_894326,92940.0,168.0,1,40,3992,5730,5771,JobState.COMPLETED,0,176.53061224489795,176.53061224489795,7061.224489795918
jid_894327,92940.0,168.0,1,40,3992,5734,5775,JobState.COMPLETED,0,176.53061224489795,176.53061224489795,7061.224489795918
jid_894328,92940.0,168.0,1,40,4007,5756,5797,JobState.COMPLETED,0,176.53061224489795,176.53061224489795,7061.224489795918
jid_894330,92940.0,168.0,1,36,4024,5775,5812,JobState.COMPLETED,0,176.53061224489795,176.53061224489795,6355.102040816326
jid_894329,92940.0,168.0,1,41,4010,5771,5813,JobState.COMPLETED,0,176.53061224489795,176.53061224489795,7237.755102040816
jid_894332,92940.0,168.0,1,39,4024,5797,5837,JobState.COMPLETED,0,176.53061224489795,176.53061224489795,6884.69387755102
jid_894333,92940.0,168.0,1,40,4024,5812,5853,JobState.COMPLETED,0,176.53061224489795,176.53061224489795,7061.224489795918
jid_894331,92940.0,168.0,1,39,4025,5813,5853,JobState.COMPLETED,0,176.53061224489795,176.53061224489795,6884.69387755102
jid_894335,92940.0,168.0,1,40,4049,5837,5878,JobState.COMPLETED,0,176.53061224489795,176.53061224489795,7061.224489795918
jid_894344,92940.0,168.0,1,143,4004,5743,5887,JobState.COMPLETED,0,176.5306122448979,176.53061224489795,25243.8775510204
jid_894334,92940.0,168.0,1,38,4051,5853,5892,JobState.COMPLETED,0,176.53061224489795,176.53061224489795,6708.163265306122
jid_894336,92940.0,168.0,1,39,4065,5853,5893,JobState.COMPLETED,0,176.53061224489795,176.53061224489795,6884.69387755102
jid_894337,92940.0,168.0,1,38,4069,5878,5917,JobState.COMPLETED,0,176.53061224489795,176.53061224489795,6708.163265306122
jid_894338,92940.0,168.0,1,37,4077,5887,5925,JobState.COMPLETED,0,176.53061224489795,176.53061224489795,6531.632653061224
jid_894339,92940.0,168.0,1,36,4081,5893,5930,JobState.COMPLETED,0,176.53061224489795,176.53061224489795,6355.102040816326
jid_894341,92940.0,168.0,1,41,4080,5892,5934,JobState.COMPLETED,0,176.53061224489795,176.53061224489795,7237.755102040816
jid_894340,92940.0,168.0,1,35,4083,5917,5953,JobState.COMPLETED,0,176.53061224489795,176.53061224489795,6178.571428571428
jid_894342,92940.0,168.0,1,39,4105,5925,5965,JobState.COMPLETED,0,176.53061224489795,176.53061224489795,6884.69387755102
jid_894345,92940.0,168.0,1,35,4120,5934,5970,JobState.COMPLETED,0,176.53061224489795,176.53061224489795,6178.571428571428
jid_894343,92940.0,168.0,1,42,4105,5930,5973,JobState.COMPLETED,0,176.53061224489795,176.53061224489795,7414.285714285714
jid_894346,92940.0,168.0,1,34,4122,5953,5988,JobState.COMPLETED,0,176.53061224489795,176.53061224489795,6002.04081632653
jid_894350,92940.0,168.0,1,37,4130,5965,6003,JobState.COMPLETED,0,176.53061224489795,176.53061224489795,6531.632653061224
jid_894347,92940.0,168.0,1,36,4133,5970,6007,JobState.COMPLETED,0,176.53061224489795,176.53061224489795,6355.102040816326
jid_894348,92940.0,168.0,1,37,4133,5973,6011,JobState.COMPLETED,0,176.53061224489795,176.53061224489795,6531.632653061224
jid_894351,92940.0,168.0,1,40,4139,5988,6029,JobState.COMPLETED,0,176.53061224489795,176.53061224489795,7061.224489795918
jid_894352,92940.0,168.0,1,37,4159,6003,6041,JobState.COMPLETED,0,176.53061224489795,176.53061224489795,6531.632653061224
jid_894353,92940.0,168.0,1,39,4164,6007,6047,JobState.COMPLETED,0,176.53061224489795,176.53061224489795,6884.69387755102
jid_894355,92940.0,168.0,1,40,4170,6029,6070,JobState.COMPLETED,0,176.53061224489795,176.53061224489795,7061.224489795918
jid_894356,92940.0,168.0,1,43,4173,6041,6085,JobState.COMPLETED,0,176.53061224489795,176.53061224489795,7590.816326530612
jid_894357,92940.0,168.0,1,41,4187,6047,6089,JobState.COMPLETED,0,176.53061224489795,176.53061224489795,7237.755102040816
jid_894359,92940.0,168.0,1,43,4187,6070,6114,JobState.COMPLETED,0,176.53061224489795,176.53061224489795,7590.816326530612
jid_894358,92940.0,168.0,1,35,4194,6085,6121,JobState.COMPLETED,0,176.53061224489795,176.53061224489795,6178.571428571428
jid_894360,92940.0,168.0,1,35,4197,6089,6125,JobState.COMPLETED,0,176.53061224489795,176.53061224489795,6178.571428571428
jid_894362,92940.0,168.0,1,40,4213,6114,6155,JobState.COMPLETED,0,176.53061224489795,176.53061224489795,7061.224489795918
jid_894374,92940.0,168.0,1,149,4164,6011,6161,JobState.COMPLETED,0,176.5306122448979,176.53061224489795,26303.061224489786
jid_894363,92940.0,168.0,1,42,4220,6121,6164,JobState.COMPLETED,0,176.53061224489795,176.53061224489795,7414.285714285714
jid_894365,92940.0,168.0,1,43,4228,6125,6169,JobState.COMPLETED,0,176.53061224489795,176.53061224489795,7590.816326530612
jid_894366,92940.0,168.0,1,44,4233,6155,6200,JobState.COMPLETED,0,176.53061224489795,176.53061224489795,7767.34693877551
jid_894367,92940.0,168.0,1,40,4246,6161,6202,JobState.COMPLETED,0,176.53061224489795,176.53061224489795,7061.224489795918
jid_894369,92940.0,168.0,1,41,4246,6164,6206,JobState.COMPLETED,0,176.53061224489795,176.53061224489795,7237.755102040816
jid_894370,92940.0,168.0,1,47,4246,6169,6217,JobState.COMPLETED,0,176.53061224489795,176.53061224489795,8296.938775510203
jid_894368,92940.0,168.0,1,38,4249,6200,6239,JobState.COMPLETED,0,176.53061224489795,176.53061224489795,6708.163265306122
jid_894372,92940.0,168.0,1,38,4270,6202,6241,JobState.COMPLETED,0,176.53061224489795,176.53061224489795,6708.163265306122
jid_894375,92940.0,168.0,1,38,4278,6206,6245,JobState.COMPLETED,0,176.53061224489795,176.53061224489795,6708.163265306122
jid_894387,92940.0,168.0,1,28,4293,6241,6270,JobState.COMPLETED,0,176.53061224489795,176.53061224489795,4942.857142857143
jid_894378,92940.0,168.0,1,29,4309,6245,6275,JobState.COMPLETED,0,176.53061224489795,176.53061224489795,5119.3877551020405
jid_894379,92940.0,168.0,1,54,4287,6239,6294,JobState.COMPLETED,0,176.53061224489795,176.53061224489795,9532.65306122449
jid_894380,92940.0,168.0,1,32,4309,6270,6303,JobState.COMPLETED,0,176.53061224489795,176.53061224489795,5648.9795918367345
jid_894382,92940.0,168.0,1,33,4309,6275,6309,JobState.COMPLETED,0,176.53061224489795,176.53061224489795,5825.510204081633
jid_894391,92940.0,168.0,1,26,4325,6309,6336,JobState.COMPLETED,0,176.53061224489795,176.53061224489795,4589.7959183673465
jid_894392,92940.0,168.0,1,42,4309,6294,6337,JobState.COMPLETED,0,176.53061224489795,176.53061224489795,7414.285714285714
jid_894383,92940.0,168.0,1,25,4333,6337,6363,JobState.COMPLETED,0,176.53061224489795,176.53061224489795,4413.265306122449
jid_894384,92940.0,168.0,1,28,4354,6363,6392,JobState.COMPLETED,0,176.53061224489795,176.53061224489795,4942.857142857143
jid_894385,92940.0,168.0,1,29,4356,6392,6422,JobState.COMPLETED,0,176.53061224489795,176.53061224489795,5119.3877551020405
jid_894451,92940.0,168.0,1,900,3853,5551,6452,JobState.COMPLETED,0,176.53061224489818,176.53061224489795,158877.55102040837
jid_894388,92940.0,168.0,1,42,4356,6422,6465,JobState.COMPLETED,0,176.53061224489795,176.53061224489795,7414.285714285714
jid_894386,92940.0,168.0,1,28,4357,6452,6481,JobState.COMPLETED,0,176.53061224489795,176.53061224489795,4942.857142857143
jid_894403,92940.0,168.0,1,148,4330,6336,6485,JobState.COMPLETED,0,176.5306122448979,176.53061224489795,26126.53061224489
jid_894389,92940.0,168.0,1,25,4375,6465,6491,JobState.COMPLETED,0,176.53061224489795,176.53061224489795,4413.265306122449
jid_894390,92940.0,168.0,1,23,4398,6481,6505,JobState.COMPLETED,0,176.53061224489795,176.53061224489795,4060.204081632653
jid_894395,92940.0,168.0,1,27,4400,6485,6513,JobState.COMPLETED,0,176.53061224489795,176.53061224489795,4766.326530612245
jid_894393,92940.0,168.0,1,24,4401,6491,6516,JobState.COMPLETED,0,176.53061224489795,176.53061224489795,4236.734693877551
jid_894396,92940.0,168.0,1,27,4409,6505,6533,JobState.COMPLETED,0,176.53061224489795,176.53061224489795,4766.326530612245
jid_894397,92940.0,168.0,1,26,4418,6516,6543,JobState.COMPLETED,0,176.53061224489795,176.53061224489795,4589.7959183673465
jid_894398,92940.0,168.0,1,36,4413,6513,6550,JobState.COMPLETED,0,176.53061224489795,176.53061224489795,6355.102040816326
jid_894399,92940.0,168.0,1,29,4436,6533,6563,JobState.COMPLETED,0,176.53061224489795,176.53061224489795,5119.3877551020405
jid_894400,92940.0,168.0,1,32,4437,6543,6576,JobState.COMPLETED,0,176.53061224489795,176.53061224489795,5648.9795918367345
jid_894404,92940.0,168.0,1,42,4439,6550,6593,JobState.COMPLETED,0,176.53061224489795,176.53061224489795,7414.285714285714
jid_894401,92940.0,168.0,1,32,4440,6563,6596,JobState.COMPLETED,0,176.53061224489795,176.53061224489795,5648.9795918367345
jid_894402,92940.0,168.0,1,31,4442,6576,6608,JobState.COMPLETED,0,176.53061224489795,176.53061224489795,5472.448979591836
jid_894406,92940.0,168.0,1,29,4463,6596,6626,JobState.COMPLETED,0,176.53061224489795,176.53061224489795,5119.3877551020405
jid_894405,92940.0,168.0,1,33,4452,6593,6627,JobState.COMPLETED,0,176.53061224489795,176.53061224489795,5825.510204081633
jid_894408,92940.0,168.0,1,41,4464,6608,6650,JobState.COMPLETED,0,176.53061224489795,176.53061224489795,7237.755102040816
jid_894409,92940.0,168.0,1,25,4480,6626,6652,JobState.COMPLETED,0,176.53061224489795,176.53061224489795,4413.265306122449
jid_894410,92940.0,168.0,1,27,4483,6627,6655,JobState.COMPLETED,0,176.53061224489795,176.53061224489795,4766.326530612245
jid_894477,92940.0,168.0,1,1003,3937,5661,6665,JobState.COMPLETED,0,176.530612244898,176.53061224489795,177060.2040816327
jid_894413,92940.0,168.0,1,27,4487,6650,6678,JobState.COMPLETED,0,176.53061224489795,176.53061224489795,4766.326530612245
jid_894412,92940.0,168.0,1,26,4488,6652,6679,JobState.COMPLETED,0,176.53061224489795,176.53061224489795,4589.7959183673465
jid_894417,92940.0,168.0,1,39,4499,6665,6705,JobState.COMPLETED,0,176.53061224489795,176.53061224489795,6884.69387755102
jid_894414,92940.0,168.0,1,27,4500,6678,6706,JobState.COMPLETED,0,176.53061224489795,176.53061224489795,4766.326530612245
jid_894415,92940.0,168.0,1,27,4509,6679,6707,JobState.COMPLETED,0,176.53061224489795,176.53061224489795,4766.326530612245
jid_894418,92940.0,168.0,1,26,4520,6705,6732,JobState.COMPLETED,0,176.53061224489795,176.53061224489795,4589.7959183673465
jid_894419,92940.0,168.0,1,31,4525,6707,6739,JobState.COMPLETED,0,176.53061224489795,176.53061224489795,5472.448979591836
jid_894422,92940.0,168.0,1,40,4520,6706,6747,JobState.COMPLETED,0,176.53061224489795,176.53061224489795,7061.224489795918
jid_894426,92940.0,168.0,1,97,4492,6655,6753,JobState.COMPLETED,0,176.53061224489792,176.53061224489795,17123.4693877551
jid_894420,92940.0,168.0,1,27,4529,6732,6760,JobState.COMPLETED,0,176.53061224489795,176.53061224489795,4766.326530612245
jid_894493,92940.0,168.0,1,1192,3876,5577,6770,JobState.COMPLETED,0,176.53061224489778,176.53061224489795,210424.48979591817
jid_894421,92940.0,168.0,1,30,4529,6739,6770,JobState.COMPLETED,0,176.53061224489795,176.53061224489795,5295.918367346939
jid_894438,92940.0,168.0,1,23,4544,6747,6771,JobState.COMPLETED,0,176.53061224489795,176.53061224489795,4060.204081632653
jid_894424,92940.0,168.0,1,24,4553,6753,6778,JobState.COMPLETED,0,176.53061224489795,176.53061224489795,4236.734693877551
jid_894425,92940.0,168.0,1,22,4561,6770,6793,JobState.COMPLETED,0,176.53061224489795,176.53061224489795,3883.673469387755
jid_894428,92940.0,168.0,1,23,4571,6770,6794,JobState.COMPLETED,0,176.53061224489795,176.53061224489795,4060.204081632653
jid_894427,92940.0,168.0,1,36,4556,6760,6797,JobState.COMPLETED,0,176.53061224489795,176.53061224489795,6355.102040816326
jid_894429,92940.0,168.0,1,25,4571,6771,6797,JobState.COMPLETED,0,176.53061224489795,176.53061224489795,4413.265306122449
jid_894430,92940.0,168.0,1,23,4574,6778,6802,JobState.COMPLETED,0,176.53061224489795,176.53061224489795,4060.204081632653
jid_894432,92940.0,168.0,1,24,4600,6797,6822,JobState.COMPLETED,0,176.53061224489795,176.53061224489795,4236.734693877551
jid_894433,92940.0,168.0,1,29,4594,6794,6824,JobState.COMPLETED,0,176.53061224489795,176.53061224489795,5119.3877551020405
jid_894431,92940.0,168.0,1,32,4575,6793,6826,JobState.COMPLETED,0,176.53061224489795,176.53061224489795,5648.9795918367345
jid_894439,92940.0,168.0,1,33,4608,6802,6836,JobState.COMPLETED,0,176.53061224489795,176.53061224489795,5825.510204081633
jid_894434,92940.0,168.0,1,21,4611,6824,6846,JobState.COMPLETED,0,176.53061224489795,176.53061224489795,3707.142857142857
jid_894435,92940.0,168.0,1,26,4609,6822,6849,JobState.COMPLETED,0,176.53061224489795,176.53061224489795,4589.7959183673465
jid_894437,92940.0,168.0,1,23,4611,6826,6850,JobState.COMPLETED,0,176.53061224489795,176.53061224489795,4060.204081632653
jid_894441,92940.0,168.0,1,21,4640,6846,6868,JobState.COMPLETED,0,176.53061224489795,176.53061224489795,3707.142857142857
jid_894440,92940.0,168.0,1,35,4621,6836,6872,JobState.COMPLETED,0,176.53061224489795,176.53061224489795,6178.571428571428
jid_894445,92940.0,168.0,1,86,4604,6797,6884,JobState.COMPLETED,0,176.53061224489795,176.53061224489795,15181.632653061224
jid_894443,92940.0,168.0,1,27,4649,6868,6896,JobState.COMPLETED,0,176.53061224489795,176.53061224489795,4766.326530612245
jid_894442,92940.0,168.0,1,25,4651,6872,6898,JobState.COMPLETED,0,176.53061224489795,176.53061224489795,4413.265306122449
jid_894444,92940.0,168.0,1,27,4654,6884,6912,JobState.COMPLETED,0,176.53061224489795,176.53061224489795,4766.326530612245
jid_894446,92940.0,168.0,1,37,4657,6896,6934,JobState.COMPLETED,0,176.53061224489795,176.53061224489795,6531.632653061224
jid_894447,92940.0,168.0,1,30,4678,6912,6943,JobState.COMPLETED,0,176.53061224489795,176.53061224489795,5295.918367346939
jid_894460,92940.0,168.0,1,63,4671,6898,6962,JobState.COMPLETED,0,176.53061224489798,176.53061224489795,11121.428571428572
jid_894448,92940.0,168.0,1,33,4691,6934,6968,JobState.COMPLETED,0,176.53061224489795,176.53061224489795,5825.510204081633
jid_894449,92940.0,168.0,1,35,4691,6943,6979,JobState.COMPLETED,0,176.53061224489795,176.53061224489795,6178.571428571428
jid_894454,92940.0,168.0,1,65,4710,6979,7045,JobState.COMPLETED,0,176.53061224489798,176.53061224489795,11474.489795918369
jid_894458,92940.0,168.0,1,87,4705,6968,7056,JobState.COMPLETED,0,176.53061224489795,176.53061224489795,15358.163265306122
jid_894453,92940.0,168.0,1,47,4725,7045,7093,JobState.COMPLETED,0,176.53061224489795,176.53061224489795,8296.938775510203
jid_894456,92940.0,168.0,1,41,4740,7056,7098,JobState.COMPLETED,0,176.53061224489795,176.53061224489795,7237.755102040816
jid_894457,92940.0,168.0,1,44,4741,7093,7138,JobState.COMPLETED,0,176.53061224489795,176.53061224489795,7767.34693877551
jid_894466,92940.0,168.0,1,74,4791,7138,7213,JobState.COMPLETED,0,176.53061224489795,176.53061224489795,13063.265306122448
jid_894542,92940.0,168.0,1,1059,4279,6217,7277,JobState.COMPLETED,0,176.53061224489795,176.53061224489795,186945.91836734692
jid_894467,92940.0,168.0,1,77,4792,7213,7291,JobState.COMPLETED,0,176.53061224489795,176.53061224489795,13592.857142857143
jid_894462,92940.0,168.0,1,44,4798,7277,7322,JobState.COMPLETED,0,176.53061224489795,176.53061224489795,7767.34693877551
jid_894464,92940.0,168.0,1,51,4802,7291,7343,JobState.COMPLETED,0,176.53061224489795,176.53061224489795,9003.061224489795
jid_894553,92940.0,168.0,1,1059,4310,6303,7363,JobState.COMPLETED,0,176.53061224489795,176.53061224489795,186945.91836734692
jid_894472,92940.0,168.0,1,46,4858,7363,7410,JobState.COMPLETED,0,176.53061224489795,176.53061224489795,8120.408163265306
jid_894470,92940.0,168.0,1,76,4822,7343,7420,JobState.COMPLETED,0,176.53061224489795,176.53061224489795,13416.326530612245
jid_894473,92940.0,168.0,1,102,4808,7322,7425,JobState.COMPLETED,0,176.53061224489792,176.53061224489795,18006.12244897959
jid_894476,92940.0,168.0,1,60,4870,7410,7471,JobState.COMPLETED,0,176.53061224489798,176.53061224489795,10591.83673469388
jid_894479,92940.0,168.0,1,71,4883,7420,7492,JobState.COMPLETED,0,176.53061224489795,176.53061224489795,12533.673469387755
jid_894480,92940.0,168.0,1,74,4887,7425,7500,JobState.COMPLETED,0,176.53061224489795,176.53061224489795,13063.265306122448
jid_894490,92940.0,168.0,1,44,4920,7492,7537,JobState.COMPLETED,0,176.53061224489795,176.53061224489795,7767.34693877551
jid_894485,92940.0,168.0,1,72,4914,7471,7544,JobState.COMPLETED,0,176.53061224489795,176.53061224489795,12710.204081632652
jid_894489,92940.0,168.0,1,86,4925,7500,7587,JobState.COMPLETED,0,176.53061224489795,176.53061224489795,15181.632653061224
jid_894491,92940.0,168.0,1,64,4972,7587,7652,JobState.COMPLETED,0,176.53061224489798,176.53061224489795,11297.95918367347
jid_894602,92940.0,168.0,1,848,4648,6850,7699,JobState.COMPLETED,0,176.53061224489815,176.53061224489795,149697.95918367364
jid_894492,92940.0,168.0,1,64,4977,7652,7717,JobState.COMPLETED,0,176.53061224489798,176.53061224489795,11297.95918367347
jid_894499,92940.0,168.0,1,110,5002,7699,7810,JobState.COMPLETED,0,176.53061224489792,176.53061224489795,19418.367346938772
jid_894500,92940.0,168.0,1,95,5026,7717,7813,JobState.COMPLETED,0,176.53061224489792,176.53061224489795,16770.408163265303
jid_894498,92940.0,168.0,1,56,5051,7810,7867,JobState.COMPLETED,0,176.53061224489795,176.53061224489795,9885.714285714286
jid_894650,92940.0,168.0,1,1019,4640,6849,7869,JobState.COMPLETED,0,176.530612244898,176.53061224489795,179884.69387755106
jid_894504,92940.0,168.0,1,75,5053,7813,7889,JobState.COMPLETED,0,176.53061224489795,176.53061224489795,13239.795918367347
jid_894513,92940.0,168.0,1,42,5122,7889,7932,JobState.COMPLETED,0,176.53061224489795,176.53061224489795,7414.285714285714
jid_894515,92940.0,168.0,1,43,5128,7932,7976,JobState.COMPLETED,0,176.53061224489795,176.53061224489795,7590.816326530612
jid_894514,92940.0,168.0,1,114,5056,7867,7982,JobState.COMPLETED,0,176.53061224489792,176.53061224489795,20124.48979591836
jid_894657,92940.0,168.0,1,1039,4697,6962,8002,JobState.COMPLETED,0,176.53061224489798,176.53061224489795,183415.306122449
jid_894520,92940.0,168.0,1,59,5146,7982,8042,JobState.COMPLETED,0,176.53061224489795,176.53061224489795,10415.30612244898
jid_894523,92940.0,168.0,1,47,5181,8002,8050,JobState.COMPLETED,0,176.53061224489795,176.53061224489795,8296.938775510203
jid_894521,92940.0,168.0,1,77,5138,7976,8054,JobState.COMPLETED,0,176.53061224489795,176.53061224489795,13592.857142857143
jid_894524,92940.0,168.0,1,51,5185,8042,8094,JobState.COMPLETED,0,176.53061224489795,176.53061224489795,9003.061224489795
jid_894526,92940.0,168.0,1,53,5186,8050,8104,JobState.COMPLETED,0,176.53061224489795,176.53061224489795,9356.122448979591
jid_894535,92940.0,168.0,1,72,5223,8054,8127,JobState.COMPLETED,0,176.53061224489795,176.53061224489795,12710.204081632652
jid_894533,92940.0,168.0,1,43,5243,8104,8148,JobState.COMPLETED,0,176.53061224489795,176.53061224489795,7590.816326530612
jid_894538,92940.0,168.0,1,62,5252,8127,8190,JobState.COMPLETED,0,176.53061224489798,176.53061224489795,10944.897959183674
jid_894543,92940.0,168.0,1,110,5231,8094,8205,JobState.COMPLETED,0,176.53061224489792,176.53061224489795,19418.367346938772
jid_894537,92940.0,168.0,1,57,5254,8148,8206,JobState.COMPLETED,0,176.53061224489795,176.53061224489795,10062.244897959183
jid_894671,92940.0,168.0,1,1125,4769,7098,8224,JobState.COMPLETED,0,176.53061224489787,176.53061224489795,198596.9387755101
jid_894549,92940.0,168.0,1,56,5303,8190,8247,JobState.COMPLETED,0,176.53061224489795,176.53061224489795,9885.714285714286
jid_894556,92940.0,168.0,1,54,5328,8206,8261,JobState.COMPLETED,0,176.53061224489795,176.53061224489795,9532.65306122449
jid_894554,92940.0,168.0,1,45,5331,8224,8270,JobState.COMPLETED,0,176.53061224489795,176.53061224489795,7943.877551020408
jid_894557,92940.0,168.0,1,69,5313,8205,8275,JobState.COMPLETED,0,176.53061224489798,176.53061224489795,12180.61224489796
jid_894579,92940.0,168.0,1,82,5355,8247,8330,JobState.COMPLETED,0,176.53061224489795,176.53061224489795,14475.510204081633
jid_894580,92940.0,168.0,1,46,5392,8330,8377,JobState.COMPLETED,0,176.53061224489795,176.53061224489795,8120.408163265306
jid_894585,92940.0,168.0,1,52,5398,8377,8430,JobState.COMPLETED,0,176.53061224489795,176.53061224489795,9179.591836734693
jid_894587,92940.0,168.0,1,65,5399,8430,8496,JobState.COMPLETED,0,176.53061224489798,176.53061224489795,11474.489795918369
jid_894685,92940.0,168.0,1,1039,4949,7537,8577,JobState.COMPLETED,0,176.53061224489798,176.53061224489795,183415.306122449
jid_894619,92940.0,168.0,1,81,5453,8496,8578,JobState.COMPLETED,0,176.53061224489795,176.53061224489795,14298.979591836734
jid_894608,92940.0,168.0,1,43,5458,8577,8621,JobState.COMPLETED,0,176.53061224489795,176.53061224489795,7590.816326530612
jid_894614,92940.0,168.0,1,58,5466,8578,8637,JobState.COMPLETED,0,176.53061224489795,176.53061224489795,10238.775510204081
jid_894622,92940.0,168.0,1,54,5481,8621,8676,JobState.COMPLETED,0,176.53061224489795,176.53061224489795,9532.65306122449
jid_894633,92940.0,168.0,1,42,5523,8676,8719,JobState.COMPLETED,0,176.53061224489795,176.53061224489795,7414.285714285714
jid_894705,92940.0,168.0,1,1202,4956,7544,8747,JobState.COMPLETED,0,176.53061224489775,176.53061224489795,212189.7959183671
jid_894634,92940.0,168.0,1,44,5539,8719,8764,JobState.COMPLETED,0,176.53061224489795,176.53061224489795,7767.34693877551
jid_894640,92940.0,168.0,1,68,5549,8747,8816,JobState.COMPLETED,0,176.53061224489798,176.53061224489795,12004.081632653062
jid_894639,92940.0,168.0,1,59,5553,8764,8824,JobState.COMPLETED,0,176.53061224489795,176.53061224489795,10415.30612244898
jid_894643,92940.0,168.0,1,38,5587,8816,8855,JobState.COMPLETED,0,176.53061224489795,176.53061224489795,6708.163265306122
jid_894647,92940.0,168.0,1,43,5598,8824,8868,JobState.COMPLETED,0,176.53061224489795,176.53061224489795,7590.816326530612
jid_894654,92940.0,168.0,1,71,5632,8868,8940,JobState.COMPLETED,0,176.53061224489795,176.53061224489795,12533.673469387755
jid_894658,92940.0,168.0,1,107,5629,8855,8963,JobState.COMPLETED,0,176.53061224489792,176.53061224489795,18888.77551020408
jid_894652,92940.0,168.0,1,39,5641,8940,8980,JobState.COMPLETED,0,176.53061224489795,176.53061224489795,6884.69387755102
jid_894653,92940.0,168.0,1,42,5656,8963,9006,JobState.COMPLETED,0,176.53061224489795,176.53061224489795,7414.285714285714
jid_894661,92940.0,168.0,1,46,5699,9006,9053,JobState.COMPLETED,0,176.53061224489795,176.53061224489795,8120.408163265306
jid_894660,92940.0,168.0,1,46,5714,9053,9100,JobState.COMPLETED,0,176.53061224489795,176.53061224489795,8120.408163265306
jid_894725,92940.0,168.0,1,1264,5084,7869,9134,JobState.COMPLETED,0,176.5306122448977,176.53061224489795,223134.6938775507
jid_894663,92940.0,168.0,1,40,5751,9134,9175,JobState.COMPLETED,0,176.53061224489795,176.53061224489795,7061.224489795918
jid_894664,92940.0,168.0,1,96,5719,9100,9197,JobState.COMPLETED,0,176.53061224489792,176.53061224489795,16946.9387755102
jid_894665,92940.0,168.0,1,42,5775,9197,9240,JobState.COMPLETED,0,176.53061224489795,176.53061224489795,7414.285714285714
jid_894666,92940.0,168.0,1,46,5775,9240,9287,JobState.COMPLETED,0,176.53061224489795,176.53061224489795,8120.408163265306
jid_894732,92940.0,168.0,1,1027,5380,8270,9298,JobState.COMPLETED,0,176.53061224489798,176.53061224489795,181296.93877551024
jid_894677,92940.0,168.0,1,23,5831,9298,9322,JobState.COMPLETED,0,176.53061224489795,176.53061224489795,4060.204081632653
jid_894668,92940.0,168.0,1,52,5808,9287,9340,JobState.COMPLETED,0,176.53061224489795,176.53061224489795,9179.591836734693
jid_894736,92940.0,168.0,1,1090,5355,8261,9352,JobState.COMPLETED,0,176.5306122448979,176.53061224489795,192418.3673469387
jid_894737,92940.0,168.0,1,1079,5391,8275,9355,JobState.COMPLETED,0,176.53061224489792,176.53061224489795,190476.53061224485
jid_894669,92940.0,168.0,1,45,5834,9322,9368,JobState.COMPLETED,0,176.53061224489795,176.53061224489795,7943.877551020408
jid_894673,92940.0,168.0,1,24,5876,9352,9377,JobState.COMPLETED,0,176.53061224489795,176.53061224489795,4236.734693877551
jid_894675,92940.0,168.0,1,24,5894,9355,9380,JobState.COMPLETED,0,176.53061224489795,176.53061224489795,4236.734693877551
jid_894670,92940.0,168.0,1,46,5837,9340,9387,JobState.COMPLETED,0,176.53061224489795,176.53061224489795,8120.408163265306
jid_894676,92940.0,168.0,1,24,5898,9368,9393,JobState.COMPLETED,0,176.53061224489795,176.53061224489795,4236.734693877551
jid_894678,92940.0,168.0,1,25,5916,9380,9406,JobState.COMPLETED,0,176.53061224489795,176.53061224489795,4413.265306122449
jid_894679,92940.0,168.0,1,25,5934,9387,9413,JobState.COMPLETED,0,176.53061224489795,176.53061224489795,4413.265306122449
jid_894680,92940.0,168.0,1,22,5937,9393,9416,JobState.COMPLETED,0,176.53061224489795,176.53061224489795,3883.673469387755
jid_894681,92940.0,168.0,1,21,5941,9406,9428,JobState.COMPLETED,0,176.53061224489795,176.53061224489795,3707.142857142857
jid_894684,92940.0,168.0,1,25,5956,9413,9439,JobState.COMPLETED,0,176.53061224489795,176.53061224489795,4413.265306122449
jid_894687,92940.0,168.0,1,23,5974,9416,9440,JobState.COMPLETED,0,176.53061224489795,176.53061224489795,4060.204081632653
jid_894688,92940.0,168.0,1,22,5974,9428,9451,JobState.COMPLETED,0,176.53061224489795,176.53061224489795,3883.673469387755
jid_894689,92940.0,168.0,1,26,5977,9439,9466,JobState.COMPLETED,0,176.53061224489795,176.53061224489795,4589.7959183673465
jid_894690,92940.0,168.0,1,31,5996,9440,9472,JobState.COMPLETED,0,176.53061224489795,176.53061224489795,5472.448979591836
jid_894691,92940.0,168.0,1,33,6012,9466,9500,JobState.COMPLETED,0,176.53061224489795,176.53061224489795,5825.510204081633
jid_894692,92940.0,168.0,1,34,6012,9472,9507,JobState.COMPLETED,0,176.53061224489795,176.53061224489795,6002.04081632653
jid_894693,92940.0,168.0,1,37,6018,9500,9538,JobState.COMPLETED,0,176.53061224489795,176.53061224489795,6531.632653061224
jid_894696,92940.0,168.0,1,41,6043,9507,9549,JobState.COMPLETED,0,176.53061224489795,176.53061224489795,7237.755102040816
jid_894697,92940.0,168.0,1,24,6060,9538,9563,JobState.COMPLETED,0,176.53061224489795,176.53061224489795,4236.734693877551
jid_894698,92940.0,168.0,1,34,6060,9549,9584,JobState.COMPLETED,0,176.53061224489795,176.53061224489795,6002.04081632653
jid_894700,92940.0,168.0,1,36,6071,9563,9600,JobState.COMPLETED,0,176.53061224489795,176.53061224489795,6355.102040816326
jid_894710,92940.0,168.0,1,26,6100,9584,9611,JobState.COMPLETED,0,176.53061224489795,176.53061224489795,4589.7959183673465
jid_894711,92940.0,168.0,1,27,6100,9600,9628,JobState.COMPLETED,0,176.53061224489795,176.53061224489795,4766.326530612245
jid_894742,92940.0,168.0,1,1005,5512,8637,9643,JobState.COMPLETED,0,176.530612244898,176.53061224489795,177413.26530612248
jid_894702,92940.0,168.0,1,35,6110,9611,9647,JobState.COMPLETED,0,176.53061224489795,176.53061224489795,6178.571428571428
jid_894703,92940.0,168.0,1,32,6123,9628,9661,JobState.COMPLETED,0,176.53061224489795,176.53061224489795,5648.9795918367345
jid_894718,92940.0,168.0,1,29,6161,9643,9673,JobState.COMPLETED,0,176.53061224489795,176.53061224489795,5119.3877551020405
jid_894709,92940.0,168.0,1,28,6170,9647,9676,JobState.COMPLETED,0,176.53061224489795,176.53061224489795,4942.857142857143
jid_894720,69789.0,727.0,1,2,6210,9673,9676,JobState.COMPLETED,0,176.53061224489795,176.53061224489795,353.0612244897959
jid_894730,92940.0,168.0,1,26,6213,9676,9703,JobState.COMPLETED,0,176.53061224489795,176.53061224489795,4589.7959183673465
jid_894715,92940.0,168.0,1,38,6213,9676,9715,JobState.COMPLETED,0,176.53061224489795,176.53061224489795,6708.163265306122
jid_894727,92940.0,168.0,1,25,6266,9715,9741,JobState.COMPLETED,0,176.53061224489795,176.53061224489795,4413.265306122449
jid_894716,92940.0,168.0,1,38,6215,9703,9742,JobState.COMPLETED,0,176.53061224489795,176.53061224489795,6708.163265306122
jid_894728,92940.0,168.0,1,23,6268,9741,9765,JobState.COMPLETED,0,176.53061224489795,176.53061224489795,4060.204081632653
jid_894721,92940.0,168.0,1,27,6279,9742,9770,JobState.COMPLETED,0,176.53061224489795,176.53061224489795,4766.326530612245
jid_894726,92940.0,168.0,1,28,6322,9765,9794,JobState.COMPLETED,0,176.53061224489795,176.53061224489795,4942.857142857143
jid_894731,92940.0,168.0,1,22,6365,9794,9817,JobState.COMPLETED,0,176.53061224489795,176.53061224489795,3883.673469387755
jid_894729,69789.0,727.0,1,5,6376,9817,9823,JobState.COMPLETED,0,176.53061224489795,176.53061224489795,882.6530612244898
jid_894739,92940.0,168.0,1,27,6381,9823,9851,JobState.COMPLETED,0,176.53061224489795,176.53061224489795,4766.326530612245
jid_894738,92940.0,168.0,1,21,6385,9851,9873,JobState.COMPLETED,0,176.53061224489795,176.53061224489795,3707.142857142857
jid_894734,92940.0,168.0,1,27,6402,9873,9901,JobState.COMPLETED,0,176.53061224489795,176.53061224489795,4766.326530612245
jid_894735,92940.0,168.0,1,27,6402,9901,9929,JobState.COMPLETED,0,176.53061224489795,176.53061224489795,4766.326530612245
jid_894745,92940.0,168.0,1,171,6364,9770,9942,JobState.COMPLETED,0,176.5306122448979,176.53061224489795,30186.73469387754
jid_894746,92940.0,168.0,1,23,6444,9942,9966,JobState.COMPLETED,0,176.53061224489795,176.53061224489795,4060.204081632653
jid_894747,92940.0,168.0,1,24,6444,9966,9991,JobState.COMPLETED,0,176.53061224489795,176.53061224489795,4236.734693877551
jid_894769,92940.0,168.0,1,1090,5674,8980,10071,JobState.COMPLETED,0,176.5306122448979,176.53061224489795,192418.3673469387
jid_894750,92940.0,168.0,1,101,6460,9991,10093,JobState.COMPLETED,0,176.53061224489792,176.53061224489795,17829.59183673469
jid_894744,92940.0,168.0,1,26,6494,10093,10120,JobState.COMPLETED,0,176.53061224489795,176.53061224489795,4589.7959183673465
jid_894743,92940.0,168.0,1,23,6495,10120,10144,JobState.COMPLETED,0,176.53061224489795,176.53061224489795,4060.204081632653
jid_894749,92940.0,168.0,1,25,6533,10144,10170,JobState.COMPLETED,0,176.53061224489795,176.53061224489795,4413.265306122449
jid_894759,92940.0,168.0,1,104,6487,10071,10176,JobState.COMPLETED,0,176.53061224489792,176.53061224489795,18359.183673469382
jid_894757,92940.0,168.0,1,26,6536,10176,10203,JobState.COMPLETED,0,176.53061224489795,176.53061224489795,4589.7959183673465
jid_894788,92940.0,168.0,1,1190,5752,9175,10366,JobState.COMPLETED,0,176.53061224489778,176.53061224489795,210071.42857142835
jid_894767,92940.0,168.0,1,173,6551,10203,10377,JobState.COMPLETED,0,176.5306122448979,176.53061224489795,30539.795918367337
jid_894751,92940.0,168.0,1,22,6555,10366,10389,JobState.COMPLETED,0,176.53061224489795,176.53061224489795,3883.673469387755
jid_894752,92940.0,168.0,1,24,6556,10377,10402,JobState.COMPLETED,0,176.53061224489795,176.53061224489795,4236.734693877551
jid_894753,92940.0,168.0,1,28,6573,10389,10418,JobState.COMPLETED,0,176.53061224489795,176.53061224489795,4942.857142857143
jid_894793,92940.0,168.0,1,1092,5909,9377,10470,JobState.COMPLETED,0,176.5306122448979,176.53061224489795,192771.4285714285
jid_894755,92940.0,168.0,1,31,6598,10470,10502,JobState.COMPLETED,0,176.53061224489795,176.53061224489795,5472.448979591836
jid_894756,92940.0,168.0,1,25,6616,10502,10528,JobState.COMPLETED,0,176.53061224489795,176.53061224489795,4413.265306122449
jid_894760,92940.0,168.0,1,26,6644,10528,10555,JobState.COMPLETED,0,176.53061224489795,176.53061224489795,4589.7959183673465
jid_894768,92940.0,168.0,1,159,6584,10402,10562,JobState.COMPLETED,0,176.5306122448979,176.53061224489795,28068.367346938765
jid_894762,92940.0,168.0,1,26,6656,10555,10582,JobState.COMPLETED,0,176.53061224489795,176.53061224489795,4589.7959183673465
jid_894763,92940.0,168.0,1,27,6657,10562,10590,JobState.COMPLETED,0,176.53061224489795,176.53061224489795,4766.326530612245
jid_894805,92940.0,168.0,1,1178,6005,9451,10630,JobState.COMPLETED,0,176.5306122448978,176.53061224489795,207953.06122448962
jid_894764,92940.0,168.0,1,25,6697,10630,10656,JobState.COMPLETED,0,176.53061224489795,176.53061224489795,4413.265306122449
jid_894766,92940.0,168.0,1,26,6698,10656,10683,JobState.COMPLETED,0,176.53061224489795,176.53061224489795,4589.7959183673465
jid_894776,92940.0,168.0,1,34,6738,10683,10718,JobState.COMPLETED,0,176.53061224489795,176.53061224489795,6002.04081632653
jid_894774,92940.0,168.0,1,156,6679,10582,10739,JobState.COMPLETED,0,176.5306122448979,176.53061224489795,27538.775510204072
jid_894770,92940.0,168.0,1,27,6739,10718,10746,JobState.COMPLETED,0,176.53061224489795,176.53061224489795,4766.326530612245
jid_894818,92940.0,168.0,1,1224,6175,9661,10886,JobState.COMPLETED,0,176.53061224489775,176.53061224489795,216073.46938775486
jid_894785,92940.0,168.0,1,157,6759,10746,10904,JobState.COMPLETED,0,176.5306122448979,176.53061224489795,27715.30612244897
jid_894784,92940.0,168.0,1,171,6740,10739,10911,JobState.COMPLETED,0,176.5306122448979,176.53061224489795,30186.73469387754
jid_894771,92940.0,168.0,1,36,6781,10904,10941,JobState.COMPLETED,0,176.53061224489795,176.53061224489795,6355.102040816326
jid_894779,92940.0,168.0,1,41,6832,10911,10953,JobState.COMPLETED,0,176.53061224489795,176.53061224489795,7237.755102040816
jid_894781,92940.0,168.0,1,33,6860,10953,10987,JobState.COMPLETED,0,176.53061224489795,176.53061224489795,5825.510204081633
jid_894797,92940.0,168.0,1,167,6854,10941,11109,JobState.COMPLETED,0,176.5306122448979,176.53061224489795,29480.612244897948
jid_894792,63299.0,570.0,1,121,6878,10987,11109,JobState.COMPLETED,0,176.5306122448979,176.53061224489795,21360.204081632644
jid_894848,92940.0,168.0,1,1201,6422,9929,11131,JobState.COMPLETED,0,176.53061224489775,176.53061224489795,212013.2653061222
jid_894787,92940.0,168.0,1,26,6909,11109,11136,JobState.COMPLETED,0,176.53061224489795,176.53061224489795,4589.7959183673465
jid_894786,92940.0,168.0,1,31,6889,11109,11141,JobState.COMPLETED,0,176.53061224489795,176.53061224489795,5472.448979591836
jid_894789,92940.0,168.0,1,24,6935,11141,11166,JobState.COMPLETED,0,176.53061224489795,176.53061224489795,4236.734693877551
jid_894790,92940.0,168.0,1,26,6950,11166,11193,JobState.COMPLETED,0,176.53061224489795,176.53061224489795,4589.7959183673465
jid_894838,92940.0,168.0,1,1033,6533,10170,11204,JobState.COMPLETED,0,176.53061224489798,176.53061224489795,182356.12244897962
jid_894794,92940.0,168.0,1,30,6975,11204,11235,JobState.COMPLETED,0,176.53061224489795,176.53061224489795,5295.918367346939
jid_894796,92940.0,168.0,1,26,6993,11235,11262,JobState.COMPLETED,0,176.53061224489795,176.53061224489795,4589.7959183673465
jid_894800,92940.0,168.0,1,151,6931,11136,11288,JobState.COMPLETED,0,176.5306122448979,176.53061224489795,26656.122448979582
jid_894801,92940.0,168.0,1,158,6927,11131,11290,JobState.COMPLETED,0,176.5306122448979,176.53061224489795,27891.83673469387
jid_894799,92940.0,168.0,1,25,7019,11288,11314,JobState.COMPLETED,0,176.53061224489795,176.53061224489795,4413.265306122449
jid_894840,92940.0,168.0,1,904,6592,10418,11323,JobState.COMPLETED,0,176.53061224489818,176.53061224489795,159583.67346938796
jid_894802,92940.0,168.0,1,28,7059,11323,11352,JobState.COMPLETED,0,176.53061224489795,176.53061224489795,4942.857142857143
jid_894804,92940.0,168.0,1,100,7036,11290,11391,JobState.COMPLETED,0,176.53061224489792,176.53061224489795,17653.061224489793
jid_894833,92940.0,168.0,1,869,6685,10590,11460,JobState.COMPLETED,0,176.53061224489818,176.53061224489795,153405.1020408165
jid_894806,92940.0,168.0,1,153,7036,11314,11468,JobState.COMPLETED,0,176.5306122448979,176.53061224489795,27009.18367346938
jid_894803,92940.0,168.0,1,22,7103,11460,11483,JobState.COMPLETED,0,176.53061224489795,176.53061224489795,3883.673469387755
jid_894807,92940.0,168.0,1,137,7099,11352,11490,JobState.COMPLETED,0,176.5306122448979,176.53061224489795,24184.693877551013
jid_894808,92940.0,168.0,1,152,7099,11391,11544,JobState.COMPLETED,0,176.5306122448979,176.53061224489795,26832.65306122448
jid_894809,92940.0,168.0,1,115,7152,11483,11599,JobState.COMPLETED,0,176.53061224489792,176.53061224489795,20301.020408163262
jid_894816,92940.0,168.0,1,167,7205,11544,11712,JobState.COMPLETED,0,176.5306122448979,176.53061224489795,29480.612244897948
jid_894825,92940.0,168.0,1,196,7255,11599,11796,JobState.COMPLETED,0,176.5306122448979,176.53061224489795,34599.999999999985
jid_894829,92940.0,168.0,1,203,7267,11712,11916,JobState.COMPLETED,0,176.5306122448979,176.53061224489795,35835.714285714275
jid_894820,92940.0,168.0,1,127,7284,11796,11924,JobState.COMPLETED,0,176.5306122448979,176.53061224489795,22419.387755102034
jid_894843,92940.0,168.0,1,196,7388,11916,12113,JobState.COMPLETED,0,176.5306122448979,176.53061224489795,34599.999999999985
jid_894912,92940.0,168.0,1,1257,6780,10886,12144,JobState.COMPLETED,0,176.53061224489772,176.53061224489795,221898.97959183645
jid_894835,92940.0,168.0,1,131,7427,12113,12245,JobState.COMPLETED,0,176.5306122448979,176.53061224489795,23125.510204081624
jid_894852,92940.0,168.0,1,198,7469,12144,12343,JobState.COMPLETED,0,176.5306122448979,176.53061224489795,34953.061224489786
jid_894850,92940.0,168.0,1,175,7486,12245,12421,JobState.COMPLETED,0,176.5306122448979,176.53061224489795,30892.85714285713
jid_894933,92940.0,168.0,1,1246,6957,11193,12440,JobState.COMPLETED,0,176.53061224489772,176.53061224489795,219957.14285714258
jid_894931,92940.0,168.0,1,1178,7016,11262,12441,JobState.COMPLETED,0,176.5306122448978,176.53061224489795,207953.06122448962
jid_894923,92940.0,168.0,1,989,7140,11468,12458,JobState.COMPLETED,0,176.53061224489807,176.53061224489795,174588.7755102042
jid_894853,92940.0,168.0,1,106,7575,12421,12528,JobState.COMPLETED,0,176.53061224489792,176.53061224489795,18712.24489795918
jid_894870,92940.0,168.0,1,173,7604,12458,12632,JobState.COMPLETED,0,176.5306122448979,176.53061224489795,30539.795918367337
jid_894957,92940.0,168.0,1,1300,7200,11490,12791,JobState.COMPLETED,0,176.53061224489767,176.53061224489795,229489.79591836696
jid_894887,92940.0,168.0,1,172,7679,12632,12805,JobState.COMPLETED,0,176.5306122448979,176.53061224489795,30363.265306122437
jid_895477,85268.0,694.0,1,10540,1787,2288,12829,JobState.COMPLETED,0,176.53061224490094,176.53061224489795,1860632.6530612558
jid_894876,92940.0,168.0,1,126,7683,12791,12918,JobState.COMPLETED,0,176.5306122448979,176.53061224489795,22242.857142857134
jid_894877,92940.0,168.0,1,113,7698,12805,12919,JobState.COMPLETED,0,176.53061224489792,176.53061224489795,19947.959183673465
jid_894908,92940.0,168.0,1,166,7796,12829,12996,JobState.COMPLETED,0,176.5306122448979,176.53061224489795,29304.08163265305
jid_894902,92940.0,168.0,1,95,7827,12919,13015,JobState.COMPLETED,0,176.53061224489792,176.53061224489795,16770.408163265303
jid_894907,92940.0,168.0,1,121,7825,12918,13040,JobState.COMPLETED,0,176.5306122448979,176.53061224489795,21360.204081632644
jid_894910,92940.0,168.0,1,54,7963,13040,13095,JobState.COMPLETED,0,176.53061224489795,176.53061224489795,9532.65306122449
jid_894911,92940.0,168.0,1,81,7939,13015,13097,JobState.COMPLETED,0,176.53061224489795,176.53061224489795,14298.979591836734
jid_894921,92940.0,168.0,1,60,8034,13097,13158,JobState.COMPLETED,0,176.53061224489798,176.53061224489795,10591.83673469388
jid_894913,92940.0,168.0,1,187,7868,12996,13184,JobState.COMPLETED,0,176.5306122448979,176.53061224489795,33011.22448979591
jid_894922,92940.0,168.0,1,59,8037,13158,13218,JobState.COMPLETED,0,176.53061224489795,176.53061224489795,10415.30612244898
jid_894982,92940.0,168.0,1,1312,7420,11924,13237,JobState.COMPLETED,0,176.53061224489767,176.53061224489795,231608.16326530575
jid_894926,92940.0,168.0,1,175,7980,13095,13271,JobState.COMPLETED,0,176.5306122448979,176.53061224489795,30892.85714285713
jid_894927,92940.0,168.0,1,56,8111,13237,13294,JobState.COMPLETED,0,176.53061224489795,176.53061224489795,9885.714285714286
jid_894932,92940.0,168.0,1,85,8112,13271,13357,JobState.COMPLETED,0,176.53061224489795,176.53061224489795,15005.102040816326
jid_894934,92940.0,168.0,1,146,8073,13218,13365,JobState.COMPLETED,0,176.5306122448979,176.53061224489795,25773.469387755093
jid_894935,92940.0,168.0,1,41,8183,13365,13407,JobState.COMPLETED,0,176.53061224489795,176.53061224489795,7237.755102040816
jid_894973,92940.0,168.0,1,1082,7571,12343,13426,JobState.COMPLETED,0,176.5306122448979,176.53061224489795,191006.12244897953
jid_894937,92940.0,168.0,1,44,8212,13426,13471,JobState.COMPLETED,0,176.53061224489795,176.53061224489795,7767.34693877551
jid_894939,92940.0,168.0,1,133,8173,13357,13491,JobState.COMPLETED,0,176.5306122448979,176.53061224489795,23478.57142857142
jid_894942,92940.0,168.0,1,120,8210,13407,13528,JobState.COMPLETED,0,176.5306122448979,176.53061224489795,21183.673469387748
jid_894974,92940.0,168.0,1,1088,7583,12440,13529,JobState.COMPLETED,0,176.5306122448979,176.53061224489795,192065.3061224489
jid_894976,92940.0,168.0,1,1097,7587,12441,13539,JobState.COMPLETED,0,176.5306122448979,176.53061224489795,193654.081632653
jid_894938,92940.0,168.0,1,46,8239,13528,13575,JobState.COMPLETED,0,176.53061224489795,176.53061224489795,8120.408163265306
jid_894944,92940.0,168.0,1,51,8302,13539,13591,JobState.COMPLETED,0,176.53061224489795,176.53061224489795,9003.061224489795
jid_894943,92940.0,168.0,1,78,8272,13529,13608,JobState.COMPLETED,0,176.53061224489795,176.53061224489795,13769.38775510204
jid_894945,92940.0,168.0,1,142,8236,13491,13634,JobState.COMPLETED,0,176.5306122448979,176.53061224489795,25067.3469387755
jid_894948,92940.0,168.0,1,53,8366,13608,13662,JobState.COMPLETED,0,176.53061224489795,176.53061224489795,9356.122448979591
jid_894949,92940.0,168.0,1,53,8369,13634,13688,JobState.COMPLETED,0,176.53061224489795,176.53061224489795,9356.122448979591
jid_894953,92940.0,168.0,1,148,8323,13575,13724,JobState.COMPLETED,0,176.5306122448979,176.53061224489795,26126.53061224489
jid_894959,92940.0,168.0,1,177,8345,13591,13769,JobState.COMPLETED,0,176.5306122448979,176.53061224489795,31245.918367346927
jid_894963,92940.0,168.0,1,58,8438,13724,13783,JobState.COMPLETED,0,176.53061224489795,176.53061224489795,10238.775510204081
jid_894962,92940.0,168.0,1,124,8435,13688,13813,JobState.COMPLETED,0,176.5306122448979,176.53061224489795,21889.795918367337
jid_894999,92940.0,168.0,1,1290,7639,12528,13819,JobState.COMPLETED,0,176.53061224489767,176.53061224489795,227724.489795918
jid_894961,92940.0,168.0,1,158,8395,13662,13821,JobState.COMPLETED,0,176.5306122448979,176.53061224489795,27891.83673469387
jid_894968,92940.0,168.0,1,50,8574,13821,13872,JobState.COMPLETED,0,176.53061224489795,176.53061224489795,8826.530612244898
jid_894971,92940.0,168.0,1,159,8488,13769,13929,JobState.COMPLETED,0,176.5306122448979,176.53061224489795,28068.367346938765
jid_894970,92940.0,168.0,1,58,8590,13872,13931,JobState.COMPLETED,0,176.53061224489795,176.53061224489795,10238.775510204081
jid_894975,92940.0,168.0,1,113,8570,13819,13933,JobState.COMPLETED,0,176.53061224489792,176.53061224489795,19947.959183673465
jid_894977,92940.0,168.0,1,50,8639,13929,13980,JobState.COMPLETED,0,176.53061224489795,176.53061224489795,8826.530612244898
jid_894979,92940.0,168.0,1,55,8663,13931,13987,JobState.COMPLETED,0,176.53061224489795,176.53061224489795,9709.183673469388
jid_894981,92940.0,168.0,1,188,8539,13813,14002,JobState.COMPLETED,0,176.5306122448979,176.53061224489795,33187.75510204081
jid_894984,92940.0,168.0,1,102,8664,13933,14036,JobState.COMPLETED,0,176.53061224489792,176.53061224489795,18006.12244897959
jid_894985,92940.0,168.0,1,90,8701,14002,14093,JobState.COMPLETED,0,176.53061224489792,176.53061224489795,15887.755102040814
jid_894983,92940.0,168.0,1,53,8704,14093,14147,JobState.COMPLETED,0,176.53061224489795,176.53061224489795,9356.122448979591
jid_894991,92940.0,168.0,1,163,8688,13987,14151,JobState.COMPLETED,0,176.5306122448979,176.53061224489795,28774.489795918358
jid_894987,92940.0,168.0,1,64,8734,14147,14212,JobState.COMPLETED,0,176.53061224489798,176.53061224489795,11297.95918367347
jid_894998,92940.0,168.0,1,180,8742,14151,14332,JobState.COMPLETED,0,176.5306122448979,176.53061224489795,31775.51020408162
jid_894986,92940.0,168.0,1,22,8772,14332,14355,JobState.COMPLETED,0,176.53061224489795,176.53061224489795,3883.673469387755
jid_895001,92940.0,168.0,1,179,8760,14212,14392,JobState.COMPLETED,0,176.5306122448979,176.53061224489795,31598.979591836724
jid_895034,92940.0,168.0,1,1128,8146,13294,14423,JobState.COMPLETED,0,176.53061224489787,176.53061224489795,199126.5306122448
jid_894992,92940.0,168.0,1,80,8783,14355,14436,JobState.COMPLETED,0,176.53061224489795,176.53061224489795,14122.448979591836
jid_894988,92940.0,168.0,1,22,8809,14423,14446,JobState.COMPLETED,0,176.53061224489795,176.53061224489795,3883.673469387755
jid_894989,92940.0,168.0,1,20,8814,14436,14457,JobState.COMPLETED,0,176.53061224489795,176.53061224489795,3530.612244897959
jid_894995,92940.0,168.0,1,72,8806,14392,14465,JobState.COMPLETED,0,176.53061224489795,176.53061224489795,12710.204081632652
jid_894994,92940.0,168.0,1,22,8848,14446,14469,JobState.COMPLETED,0,176.53061224489795,176.53061224489795,3883.673469387755
jid_894993,92940.0,168.0,1,18,8850,14457,14476,JobState.COMPLETED,0,176.53061224489795,176.53061224489795,3177.551020408163
jid_895046,92940.0,168.0,1,1300,8054,13184,14485,JobState.COMPLETED,0,176.53061224489767,176.53061224489795,229489.79591836696
jid_894996,92940.0,168.0,1,22,8886,14476,14499,JobState.COMPLETED,0,176.53061224489795,176.53061224489795,3883.673469387755
jid_894997,92940.0,168.0,1,22,8887,14485,14508,JobState.COMPLETED,0,176.53061224489795,176.53061224489795,3883.673469387755
jid_895003,92940.0,168.0,1,23,8924,14508,14532,JobState.COMPLETED,0,176.53061224489795,176.53061224489795,4060.204081632653
jid_895002,92940.0,168.0,1,70,8878,14469,14540,JobState.COMPLETED,0,176.53061224489795,176.53061224489795,12357.142857142857
jid_895004,92940.0,168.0,1,23,8926,14532,14556,JobState.COMPLETED,0,176.53061224489795,176.53061224489795,4060.204081632653
jid_895005,92940.0,168.0,1,66,8893,14499,14566,JobState.COMPLETED,0,176.53061224489798,176.53061224489795,11651.020408163267
jid_895008,92940.0,168.0,1,149,8866,14465,14615,JobState.COMPLETED,0,176.5306122448979,176.53061224489795,26303.061224489786
jid_895011,92940.0,168.0,1,68,8964,14615,14684,JobState.COMPLETED,0,176.53061224489798,176.53061224489795,12004.081632653062
jid_895015,92940.0,168.0,1,163,8938,14540,14704,JobState.COMPLETED,0,176.5306122448979,176.53061224489795,28774.489795918358
jid_895006,92940.0,168.0,1,19,8965,14684,14704,JobState.COMPLETED,0,176.53061224489795,176.53061224489795,3354.081632653061
jid_895060,92940.0,168.0,1,1262,8218,13471,14734,JobState.COMPLETED,0,176.5306122448977,176.53061224489795,222781.6326530609
jid_895020,92940.0,168.0,1,176,8954,14566,14743,JobState.COMPLETED,0,176.5306122448979,176.53061224489795,31069.38775510203
jid_895007,92940.0,168.0,1,21,8966,14734,14756,JobState.COMPLETED,0,176.53061224489795,176.53061224489795,3707.142857142857
jid_895009,92940.0,168.0,1,24,9002,14756,14781,JobState.COMPLETED,0,176.53061224489795,176.53061224489795,4236.734693877551
jid_895012,92940.0,168.0,1,59,8976,14743,14803,JobState.COMPLETED,0,176.53061224489795,176.53061224489795,10415.30612244898
jid_895010,92940.0,168.0,1,25,9003,14781,14807,JobState.COMPLETED,0,176.53061224489795,176.53061224489795,4413.265306122449
jid_894832,93480.0,322.0,2,118,7435,14704,14823,JobState.COMPLETED,0,176.53061224489792,176.53061224489795,41661.22448979591
jid_894823,93479.0,322.0,2,2,7440,14823,14826,JobState.COMPLETED,0,176.53061224489795,176.53061224489795,706.1224489795918
jid_895013,92940.0,168.0,1,22,9042,14807,14830,JobState.COMPLETED,0,176.53061224489795,176.53061224489795,3883.673469387755
jid_895014,92940.0,168.0,1,22,9044,14830,14853,JobState.COMPLETED,0,176.53061224489795,176.53061224489795,3883.673469387755
jid_895016,92940.0,168.0,1,58,9046,14853,14912,JobState.COMPLETED,0,176.53061224489795,176.53061224489795,10238.775510204081
jid_894868,93479.0,322.0,2,98,7673,14826,14925,JobState.COMPLETED,0,176.53061224489792,176.53061224489795,34599.99999999999
jid_895024,92940.0,168.0,1,149,9030,14803,14953,JobState.COMPLETED,0,176.5306122448979,176.53061224489795,26303.061224489786
jid_895017,92940.0,168.0,1,22,9081,14953,14976,JobState.COMPLETED,0,176.53061224489795,176.53061224489795,3883.673469387755
jid_895019,92940.0,168.0,1,69,9050,14912,14982,JobState.COMPLETED,0,176.53061224489798,176.53061224489795,12180.61224489796
jid_895018,92940.0,168.0,1,23,9082,14976,15000,JobState.COMPLETED,0,176.53061224489795,176.53061224489795,4060.204081632653
jid_895088,92940.0,168.0,1,1068,8670,13980,15049,JobState.COMPLETED,0,176.53061224489792,176.53061224489795,188534.69387755098
jid_895096,92940.0,168.0,1,1276,8516,13783,15060,JobState.COMPLETED,0,176.5306122448977,176.53061224489795,225253.06122448947
jid_895026,92940.0,168.0,1,65,9118,15000,15066,JobState.COMPLETED,0,176.53061224489798,176.53061224489795,11474.489795918369
jid_895021,92940.0,168.0,1,20,9120,15049,15070,JobState.COMPLETED,0,176.53061224489795,176.53061224489795,3530.612244897959
jid_895022,92940.0,168.0,1,21,9122,15060,15082,JobState.COMPLETED,0,176.53061224489795,176.53061224489795,3707.142857142857
jid_895023,92940.0,168.0,1,22,9156,15082,15105,JobState.COMPLETED,0,176.53061224489795,176.53061224489795,3883.673469387755
jid_895027,92940.0,168.0,1,49,9136,15066,15116,JobState.COMPLETED,0,176.53061224489795,176.53061224489795,8650.0
jid_895025,92940.0,168.0,1,22,9160,15105,15128,JobState.COMPLETED,0,176.53061224489795,176.53061224489795,3883.673469387755
jid_895029,92940.0,168.0,1,23,9195,15116,15140,JobState.COMPLETED,0,176.53061224489795,176.53061224489795,4060.204081632653
jid_895035,92940.0,168.0,1,164,9117,14982,15147,JobState.COMPLETED,0,176.5306122448979,176.53061224489795,28951.020408163255
jid_895100,92940.0,168.0,1,1121,8701,14036,15158,JobState.COMPLETED,0,176.53061224489787,176.53061224489795,197890.8163265305
jid_895028,92940.0,168.0,1,21,9198,15140,15162,JobState.COMPLETED,0,176.53061224489795,176.53061224489795,3707.142857142857
jid_895031,92940.0,168.0,1,23,9237,15162,15186,JobState.COMPLETED,0,176.53061224489795,176.53061224489795,4060.204081632653
jid_895030,92940.0,168.0,1,56,9199,15147,15204,JobState.COMPLETED,0,176.53061224489795,176.53061224489795,9885.714285714286
jid_895032,92940.0,168.0,1,24,9237,15186,15211,JobState.COMPLETED,0,176.53061224489795,176.53061224489795,4236.734693877551
jid_895033,92940.0,168.0,1,70,9200,15158,15229,JobState.COMPLETED,0,176.53061224489795,176.53061224489795,12357.142857142857
jid_895037,92940.0,168.0,1,20,9275,15211,15232,JobState.COMPLETED,0,176.53061224489795,176.53061224489795,3530.612244897959
jid_895040,92940.0,168.0,1,179,9145,15070,15250,JobState.COMPLETED,0,176.5306122448979,176.53061224489795,31598.979591836724
jid_895036,92940.0,168.0,1,21,9276,15229,15251,JobState.COMPLETED,0,176.53061224489795,176.53061224489795,3707.142857142857
jid_895042,92940.0,168.0,1,139,9195,15128,15268,JobState.COMPLETED,0,176.5306122448979,176.53061224489795,24537.755102040806
jid_895044,92940.0,168.0,1,64,9272,15204,15269,JobState.COMPLETED,0,176.53061224489798,176.53061224489795,11297.95918367347
jid_895045,92940.0,168.0,1,57,9286,15232,15290,JobState.COMPLETED,0,176.53061224489795,176.53061224489795,10062.244897959183
jid_895041,92940.0,168.0,1,21,9311,15268,15290,JobState.COMPLETED,0,176.53061224489795,176.53061224489795,3707.142857142857
jid_895043,92940.0,168.0,1,23,9311,15269,15293,JobState.COMPLETED,0,176.53061224489795,176.53061224489795,4060.204081632653
jid_895053,92940.0,168.0,1,146,9296,15251,15398,JobState.COMPLETED,0,176.5306122448979,176.53061224489795,25773.469387755093
jid_895047,92940.0,168.0,1,23,9349,15398,15422,JobState.COMPLETED,0,176.53061224489795,176.53061224489795,4060.204081632653
jid_895063,92940.0,168.0,1,164,9339,15293,15458,JobState.COMPLETED,0,176.5306122448979,176.53061224489795,28951.020408163255
jid_895048,92940.0,168.0,1,23,9350,15458,15482,JobState.COMPLETED,0,176.53061224489795,176.53061224489795,4060.204081632653
jid_895049,92940.0,168.0,1,58,9350,15482,15541,JobState.COMPLETED,0,176.53061224489795,176.53061224489795,10238.775510204081
jid_895059,92940.0,168.0,1,128,9349,15422,15551,JobState.COMPLETED,0,176.5306122448979,176.53061224489795,22595.91836734693
jid_895050,92940.0,168.0,1,48,9360,15541,15590,JobState.COMPLETED,0,176.53061224489795,176.53061224489795,8473.469387755102
jid_895051,92940.0,168.0,1,24,9388,15590,15615,JobState.COMPLETED,0,176.53061224489795,176.53061224489795,4236.734693877551
jid_895052,92940.0,168.0,1,23,9390,15615,15639,JobState.COMPLETED,0,176.53061224489795,176.53061224489795,4060.204081632653
jid_895057,92940.0,168.0,1,48,9423,15639,15688,JobState.COMPLETED,0,176.53061224489795,176.53061224489795,8473.469387755102
jid_895070,92940.0,168.0,1,182,9369,15551,15734,JobState.COMPLETED,0,176.5306122448979,176.53061224489795,32128.571428571417
jid_895058,92940.0,168.0,1,46,9424,15688,15735,JobState.COMPLETED,0,176.53061224489795,176.53061224489795,8120.408163265306
jid_895054,92940.0,168.0,1,19,9428,15734,15754,JobState.COMPLETED,0,176.53061224489795,176.53061224489795,3354.081632653061
jid_895055,92940.0,168.0,1,21,9428,15735,15757,JobState.COMPLETED,0,176.53061224489795,176.53061224489795,3707.142857142857
jid_894969,93484.0,322.0,2,833,7809,14925,15759,JobState.COMPLETED,0,176.53061224489815,176.53061224489795,294100.0000000003
jid_895061,92940.0,168.0,1,23,9464,15757,15781,JobState.COMPLETED,0,176.53061224489795,176.53061224489795,4060.204081632653
jid_895062,92940.0,168.0,1,24,9465,15759,15784,JobState.COMPLETED,0,176.53061224489795,176.53061224489795,4236.734693877551
jid_895067,92940.0,168.0,1,44,9486,15759,15804,JobState.COMPLETED,0,176.53061224489795,176.53061224489795,7767.34693877551
jid_895138,92940.0,168.0,1,1250,8944,14556,15807,JobState.COMPLETED,0,176.53061224489772,176.53061224489795,220663.26530612216
jid_895068,92940.0,168.0,1,47,9486,15781,15829,JobState.COMPLETED,0,176.53061224489795,176.53061224489795,8296.938775510203
jid_895066,92940.0,168.0,1,23,9504,15807,15831,JobState.COMPLETED,0,176.53061224489795,176.53061224489795,4060.204081632653
jid_895073,92940.0,168.0,1,151,9458,15754,15906,JobState.COMPLETED,0,176.5306122448979,176.53061224489795,26656.122448979582
jid_895076,92940.0,168.0,1,132,9494,15784,15917,JobState.COMPLETED,0,176.5306122448979,176.53061224489795,23302.040816326524
jid_895071,92940.0,168.0,1,25,9545,15906,15932,JobState.COMPLETED,0,176.53061224489795,176.53061224489795,4413.265306122449
jid_895077,92940.0,168.0,1,134,9504,15829,15964,JobState.COMPLETED,0,176.5306122448979,176.53061224489795,23655.102040816317
jid_895081,92940.0,168.0,1,172,9495,15804,15977,JobState.COMPLETED,0,176.5306122448979,176.53061224489795,30363.265306122437
jid_895080,92940.0,168.0,1,146,9518,15831,15978,JobState.COMPLETED,0,176.5306122448979,176.53061224489795,25773.469387755093
jid_895072,92940.0,168.0,1,49,9548,15932,15982,JobState.COMPLETED,0,176.53061224489795,176.53061224489795,8650.0
jid_894966,93483.0,322.0,2,696,7903,15290,15987,JobState.COMPLETED,0,176.53061224489815,176.53061224489795,245730.61224489822
jid_895075,92940.0,168.0,1,75,9547,15917,15993,JobState.COMPLETED,0,176.53061224489795,176.53061224489795,13239.795918367347
jid_895074,92940.0,168.0,1,24,9588,15977,16002,JobState.COMPLETED,0,176.53061224489795,176.53061224489795,4236.734693877551
jid_895082,92940.0,168.0,1,72,9614,15978,16051,JobState.COMPLETED,0,176.53061224489795,176.53061224489795,12710.204081632652
jid_895083,63299.0,570.0,1,76,9620,15982,16059,JobState.COMPLETED,0,176.53061224489795,176.53061224489795,13416.326530612245
jid_895090,92940.0,168.0,1,181,9566,15964,16146,JobState.COMPLETED,0,176.5306122448979,176.53061224489795,31952.04081632652
jid_895164,92940.0,168.0,1,1142,9289,15250,16393,JobState.COMPLETED,0,176.53061224489784,176.53061224489795,201597.95918367335
jid_895083,63299.0,570.0,1,664,9620,15987,16652,JobState.COMPLETED,0,176.53061224489812,176.53061224489795,117216.32653061235
jid_895083,63299.0,570.0,1,667,9620,15987,16655,JobState.COMPLETED,0,176.53061224489812,176.53061224489795,117745.91836734705
jid_895083,63299.0,570.0,1,675,9620,15993,16669,JobState.COMPLETED,0,176.53061224489812,176.53061224489795,119158.16326530623
jid_895083,63299.0,570.0,1,675,9620,16002,16678,JobState.COMPLETED,0,176.53061224489812,176.53061224489795,119158.16326530623
jid_895083,63299.0,570.0,1,678,9620,16051,16730,JobState.COMPLETED,0,176.53061224489812,176.53061224489795,119687.75510204093
jid_895083,63299.0,570.0,1,678,9620,16059,16738,JobState.COMPLETED,0,176.53061224489812,176.53061224489795,119687.75510204093
jid_895083,63299.0,570.0,1,680,9620,16146,16827,JobState.COMPLETED,0,176.53061224489812,176.53061224489795,120040.81632653072
jid_895083,63299.0,570.0,1,681,9620,16393,17075,JobState.COMPLETED,0,176.53061224489812,176.53061224489795,120217.34693877562
jid_895083,63299.0,570.0,1,678,9620,16652,17331,JobState.COMPLETED,0,176.53061224489812,176.53061224489795,119687.75510204093
jid_895083,63299.0,570.0,1,680,9620,16655,17336,JobState.COMPLETED,0,176.53061224489812,176.53061224489795,120040.81632653072
jid_895083,63299.0,570.0,1,684,9620,16669,17354,JobState.COMPLETED,0,176.53061224489812,176.53061224489795,120746.93877551031
jid_895083,63299.0,570.0,1,684,9620,16678,17363,JobState.COMPLETED,0,176.53061224489812,176.53061224489795,120746.93877551031
jid_895083,63299.0,570.0,1,682,9620,16730,17413,JobState.COMPLETED,0,176.53061224489812,176.53061224489795,120393.87755102052
jid_895083,63299.0,570.0,1,686,9620,16738,17425,JobState.COMPLETED,0,176.53061224489812,176.53061224489795,121100.00000000012
jid_895083,63299.0,570.0,1,687,9620,16827,17515,JobState.COMPLETED,0,176.53061224489812,176.53061224489795,121276.53061224501
jid_895083,63299.0,570.0,1,680,9620,17075,17756,JobState.COMPLETED,0,176.53061224489812,176.53061224489795,120040.81632653072
jid_895083,63299.0,570.0,1,686,9620,17331,18018,JobState.COMPLETED,0,176.53061224489812,176.53061224489795,121100.00000000012
jid_895083,63299.0,570.0,1,685,9620,17336,18022,JobState.COMPLETED,0,176.53061224489812,176.53061224489795,120923.46938775522
jid_895083,63299.0,570.0,1,687,9620,17354,18042,JobState.COMPLETED,0,176.53061224489812,176.53061224489795,121276.53061224501
jid_895083,63299.0,570.0,1,688,9620,17363,18052,JobState.COMPLETED,0,176.53061224489812,176.53061224489795,121453.06122448991
jid_895083,63299.0,570.0,1,688,9620,17413,18102,JobState.COMPLETED,0,176.53061224489812,176.53061224489795,121453.06122448991
jid_895083,63299.0,570.0,1,689,9620,17425,18115,JobState.COMPLETED,0,176.53061224489812,176.53061224489795,121629.5918367348
jid_895083,63299.0,570.0,1,690,9620,17515,18206,JobState.COMPLETED,0,176.53061224489815,176.53061224489795,121806.12244897973
jid_895083,63299.0,570.0,1,685,9620,17756,18442,JobState.COMPLETED,0,176.53061224489812,176.53061224489795,120923.46938775522
jid_895083,63299.0,570.0,1,690,9620,18018,18709,JobState.COMPLETED,0,176.53061224489815,176.53061224489795,121806.12244897973
jid_895083,63299.0,570.0,1,690,9620,18022,18713,JobState.COMPLETED,0,176.53061224489815,176.53061224489795,121806.12244897973
jid_895083,63299.0,570.0,1,689,9620,18042,18732,JobState.COMPLETED,0,176.53061224489812,176.53061224489795,121629.5918367348
jid_895083,63299.0,570.0,1,691,9620,18052,18744,JobState.COMPLETED,0,176.53061224489815,176.53061224489795,121982.65306122463
jid_895083,63299.0,570.0,1,688,9620,18102,18791,JobState.COMPLETED,0,176.53061224489812,176.53061224489795,121453.06122448991
jid_895083,63299.0,570.0,1,691,9620,18115,18807,JobState.COMPLETED,0,176.53061224489815,176.53061224489795,121982.65306122463
jid_895083,63299.0,570.0,1,691,9620,18206,18898,JobState.COMPLETED,0,176.53061224489815,176.53061224489795,121982.65306122463
jid_895083,63299.0,570.0,1,691,9620,18442,19134,JobState.COMPLETED,0,176.53061224489815,176.53061224489795,121982.65306122463
jid_895083,63299.0,570.0,1,690,9620,18709,19400,JobState.COMPLETED,0,176.53061224489815,176.53061224489795,121806.12244897973
jid_895083,63299.0,570.0,1,692,9620,18713,19406,JobState.COMPLETED,0,176.53061224489815,176.53061224489795,122159.18367346952
jid_895083,63299.0,570.0,1,618,9620,18791,19410,JobState.COMPLETED,0,176.53061224489812,176.53061224489795,109095.91836734704
jid_895083,63299.0,570.0,1,692,9620,18732,19425,JobState.COMPLETED,0,176.53061224489815,176.53061224489795,122159.18367346952
jid_895083,63299.0,570.0,1,689,9620,18744,19434,JobState.COMPLETED,0,176.53061224489812,176.53061224489795,121629.5918367348
jid_895083,63299.0,570.0,1,692,9620,18807,19500,JobState.COMPLETED,0,176.53061224489815,176.53061224489795,122159.18367346952
jid_895083,63299.0,570.0,1,694,9620,18898,19593,JobState.COMPLETED,0,176.53061224489815,176.53061224489795,122512.24489795932
jid_895083,63299.0,570.0,1,693,9620,19134,19828,JobState.COMPLETED,0,176.53061224489815,176.53061224489795,122335.71428571442
jid_895083,63299.0,570.0,1,694,9620,19400,20095,JobState.COMPLETED,0,176.53061224489815,176.53061224489795,122512.24489795932
jid_895083,63299.0,570.0,1,695,9620,19406,20102,JobState.COMPLETED,0,176.53061224489815,176.53061224489795,122688.77551020421
jid_895083,63299.0,570.0,1,691,9620,19410,20102,JobState.COMPLETED,0,176.53061224489815,176.53061224489795,121982.65306122463
jid_895083,63299.0,570.0,1,693,9620,19425,20119,JobState.COMPLETED,0,176.53061224489815,176.53061224489795,122335.71428571442
jid_895083,63299.0,570.0,1,695,9620,19434,20130,JobState.COMPLETED,0,176.53061224489815,176.53061224489795,122688.77551020421
jid_895083,63299.0,570.0,1,695,9620,19500,20196,JobState.COMPLETED,0,176.53061224489815,176.53061224489795,122688.77551020421
jid_895083,63299.0,570.0,1,695,9620,19593,20289,JobState.COMPLETED,0,176.53061224489815,176.53061224489795,122688.77551020421
jid_895083,63299.0,570.0,1,695,9620,19828,20524,JobState.COMPLETED,0,176.53061224489815,176.53061224489795,122688.77551020421
jid_895083,63299.0,570.0,1,696,9620,20095,20792,JobState.COMPLETED,0,176.53061224489815,176.53061224489795,122865.30612244911
jid_895083,63299.0,570.0,1,694,9620,20102,20797,JobState.COMPLETED,0,176.53061224489815,176.53061224489795,122512.24489795932
jid_895083,63299.0,570.0,1,696,9620,20102,20799,JobState.COMPLETED,0,176.53061224489815,176.53061224489795,122865.30612244911
jid_895083,63299.0,570.0,1,691,9620,20119,20811,JobState.COMPLETED,0,176.53061224489815,176.53061224489795,121982.65306122463
jid_895083,63299.0,570.0,1,696,9620,20130,20827,JobState.COMPLETED,0,176.53061224489815,176.53061224489795,122865.30612244911
jid_895083,63299.0,570.0,1,697,9620,20196,20894,JobState.COMPLETED,0,176.53061224489815,176.53061224489795,123041.836734694
jid_895083,63299.0,570.0,1,694,9620,20289,20984,JobState.COMPLETED,0,176.53061224489815,176.53061224489795,122512.24489795932
jid_895083,63299.0,570.0,1,697,9620,20524,21222,JobState.COMPLETED,0,176.53061224489815,176.53061224489795,123041.836734694
jid_895083,63299.0,570.0,1,698,9620,20792,21491,JobState.COMPLETED,0,176.53061224489815,176.53061224489795,123218.3673469389
jid_895083,63299.0,570.0,1,694,9620,20799,21494,JobState.COMPLETED,0,176.53061224489815,176.53061224489795,122512.24489795932
jid_895083,63299.0,570.0,1,700,9620,20797,21498,JobState.COMPLETED,0,176.53061224489815,176.53061224489795,123571.42857142871
jid_896586,325.0,145.0,8,20940,565,565,21506,JobState.COMPLETED,0,176.53061224490594,176.53061224489795,29572408.163266644
jid_895083,63299.0,570.0,1,695,9620,20811,21507,JobState.COMPLETED,0,176.53061224489815,176.53061224489795,122688.77551020421
jid_895083,63299.0,570.0,1,700,9620,20827,21528,JobState.COMPLETED,0,176.53061224489815,176.53061224489795,123571.42857142871
jid_895083,63299.0,570.0,1,701,9620,20894,21596,JobState.COMPLETED,0,176.53061224489815,176.53061224489795,123747.9591836736
jid_896606,322.0,145.0,8,21046,565,565,21612,JobState.COMPLETED,0,176.53061224490597,176.53061224489795,29722106.12245033
jid_895083,63299.0,570.0,1,705,9620,20984,21690,JobState.COMPLETED,0,176.53061224489815,176.53061224489795,124454.0816326532
jid_896627,329.0,145.0,8,21250,566,566,21817,JobState.COMPLETED,0,176.53061224490602,176.53061224489795,30010204.081634022
jid_896636,321.0,145.0,8,21348,565,565,21914,JobState.COMPLETED,0,176.53061224490602,176.53061224489795,30148604.08163403
jid_895083,63299.0,570.0,1,703,9620,21222,21926,JobState.COMPLETED,0,176.53061224489815,176.53061224489795,124101.0204081634
jid_895078,92940.0,168.0,1,20,9629,21914,21935,JobState.COMPLETED,0,176.53061224489795,176.53061224489795,3530.612244897959
jid_895079,92940.0,168.0,1,23,9637,21914,21938,JobState.COMPLETED,0,176.53061224489795,176.53061224489795,4060.204081632653
jid_895085,92940.0,168.0,1,39,9666,21938,21978,JobState.COMPLETED,0,176.53061224489795,176.53061224489795,6884.69387755102
jid_896650,327.0,145.0,8,21415,566,566,21982,JobState.COMPLETED,0,176.53061224490605,176.53061224489795,30243224.489797305
jid_895084,92940.0,168.0,1,23,9675,21978,22002,JobState.COMPLETED,0,176.53061224489795,176.53061224489795,4060.204081632653
jid_895086,92940.0,168.0,1,79,9641,21926,22006,JobState.COMPLETED,0,176.53061224489795,176.53061224489795,13945.918367346938
jid_895091,92940.0,168.0,1,23,9742,21982,22006,JobState.COMPLETED,0,176.53061224489795,176.53061224489795,4060.204081632653
jid_895087,92940.0,168.0,1,24,9702,21982,22007,JobState.COMPLETED,0,176.53061224489795,176.53061224489795,4236.734693877551
jid_895089,92940.0,168.0,1,25,9713,21982,22008,JobState.COMPLETED,0,176.53061224489795,176.53061224489795,4413.265306122449
jid_895093,92940.0,168.0,1,26,9753,21982,22009,JobState.COMPLETED,0,176.53061224489795,176.53061224489795,4589.7959183673465
jid_895092,92940.0,168.0,1,42,9722,21982,22025,JobState.COMPLETED,0,176.53061224489795,176.53061224489795,7414.285714285714
jid_895097,92940.0,168.0,1,23,9794,22008,22032,JobState.COMPLETED,0,176.53061224489795,176.53061224489795,4060.204081632653
jid_895114,92940.0,168.0,1,26,9781,22007,22034,JobState.COMPLETED,0,176.53061224489795,176.53061224489795,4589.7959183673465
jid_895099,92940.0,168.0,1,41,9781,22006,22048,JobState.COMPLETED,0,176.53061224489795,176.53061224489795,7237.755102040816
jid_895103,92940.0,168.0,1,25,9835,22034,22060,JobState.COMPLETED,0,176.53061224489795,176.53061224489795,4413.265306122449
jid_895094,92940.0,168.0,1,128,9655,21935,22064,JobState.COMPLETED,0,176.5306122448979,176.53061224489795,22595.91836734693
jid_895098,92940.0,168.0,1,84,9735,21982,22067,JobState.COMPLETED,0,176.53061224489795,176.53061224489795,14828.571428571428
jid_895104,92940.0,168.0,1,28,9835,22048,22077,JobState.COMPLETED,0,176.53061224489795,176.53061224489795,4942.857142857143
jid_895095,92940.0,168.0,1,165,9624,21914,22080,JobState.COMPLETED,0,176.5306122448979,176.53061224489795,29127.55102040815
jid_896658,36777.0,145.0,8,21519,569,569,22089,JobState.COMPLETED,0,176.53061224490608,176.53061224489795,30390097.95918507
jid_895105,92940.0,168.0,1,40,9838,22060,22101,JobState.COMPLETED,0,176.53061224489795,176.53061224489795,7061.224489795918
jid_895106,92940.0,168.0,1,23,9876,22080,22104,JobState.COMPLETED,0,176.53061224489795,176.53061224489795,4060.204081632653
jid_895107,92940.0,168.0,1,106,9798,22009,22116,JobState.COMPLETED,0,176.53061224489792,176.53061224489795,18712.24489795918
jid_895108,92940.0,168.0,1,27,9881,22089,22117,JobState.COMPLETED,0,176.53061224489795,176.53061224489795,4766.326530612245
jid_895113,92940.0,168.0,1,31,9925,22089,22121,JobState.COMPLETED,0,176.53061224489795,176.53061224489795,5472.448979591836
jid_896662,65131.0,145.0,8,21552,575,575,22128,JobState.COMPLETED,0,176.53061224490608,176.53061224489795,30436702.040817726
jid_895109,92940.0,168.0,1,38,9896,22089,22128,JobState.COMPLETED,0,176.53061224489795,176.53061224489795,6708.163265306122
jid_895112,92940.0,168.0,1,38,9914,22089,22128,JobState.COMPLETED,0,176.53061224489795,176.53061224489795,6708.163265306122
jid_895101,92940.0,168.0,1,150,9680,21982,22133,JobState.COMPLETED,0,176.5306122448979,176.53061224489795,26479.591836734686
jid_895117,92940.0,168.0,1,54,9954,22089,22144,JobState.COMPLETED,0,176.53061224489795,176.53061224489795,9532.65306122449
jid_895118,92940.0,168.0,1,32,9977,22116,22149,JobState.COMPLETED,0,176.53061224489795,176.53061224489795,5648.9795918367345
jid_895119,92940.0,168.0,1,45,9974,22104,22150,JobState.COMPLETED,0,176.53061224489795,176.53061224489795,7943.877551020408
jid_895102,92940.0,168.0,1,175,9683,21982,22158,JobState.COMPLETED,0,176.5306122448979,176.53061224489795,30892.85714285713
jid_896671,65133.0,145.0,8,21587,573,573,22161,JobState.COMPLETED,0,176.53061224490608,176.53061224489795,30486130.6122463
jid_895111,92940.0,168.0,1,135,9804,22025,22161,JobState.COMPLETED,0,176.5306122448979,176.53061224489795,23831.632653061217
jid_895132,92940.0,168.0,1,33,10121,22128,22162,JobState.COMPLETED,0,176.53061224489795,176.53061224489795,5825.510204081633
jid_895121,92940.0,168.0,1,61,9967,22101,22163,JobState.COMPLETED,0,176.53061224489798,176.53061224489795,10768.367346938778
jid_895124,92940.0,168.0,1,36,10026,22128,22165,JobState.COMPLETED,0,176.53061224489795,176.53061224489795,6355.102040816326
jid_895129,92940.0,168.0,1,40,10077,22128,22169,JobState.COMPLETED,0,176.53061224489795,176.53061224489795,7061.224489795918
jid_896673,65162.0,145.0,8,21599,572,572,22172,JobState.COMPLETED,0,176.53061224490608,176.53061224489795,30503077.55102181
jid_896674,65117.0,145.0,8,21599,575,575,22175,JobState.COMPLETED,0,176.53061224490608,176.53061224489795,30503077.55102181
jid_895133,92940.0,168.0,1,48,10112,22128,22177,JobState.COMPLETED,0,176.53061224489795,176.53061224489795,8473.469387755102
jid_895134,92940.0,168.0,1,35,10134,22144,22180,JobState.COMPLETED,0,176.53061224489795,176.53061224489795,6178.571428571428
jid_895136,92940.0,168.0,1,21,10170,22158,22180,JobState.COMPLETED,0,176.53061224489795,176.53061224489795,3707.142857142857
jid_895110,92940.0,168.0,1,178,9762,22006,22185,JobState.COMPLETED,0,176.5306122448979,176.53061224489795,31422.448979591827
jid_895139,92940.0,168.0,1,23,10178,22161,22185,JobState.COMPLETED,0,176.53061224489795,176.53061224489795,4060.204081632653
jid_896675,65138.0,145.0,8,21612,573,573,22186,JobState.COMPLETED,0,176.5306122449061,176.53061224489795,30521436.734695286
jid_895125,92940.0,168.0,1,58,10037,22128,22187,JobState.COMPLETED,0,176.53061224489795,176.53061224489795,10238.775510204081
jid_895140,92940.0,168.0,1,25,10184,22161,22187,JobState.COMPLETED,0,176.53061224489795,176.53061224489795,4413.265306122449
jid_895144,92940.0,168.0,1,25,10225,22161,22187,JobState.COMPLETED,0,176.53061224489795,176.53061224489795,4413.265306122449
jid_895135,92940.0,168.0,1,59,10113,22128,22188,JobState.COMPLETED,0,176.53061224489795,176.53061224489795,10415.30612244898
jid_895127,92940.0,168.0,1,61,10044,22128,22190,JobState.COMPLETED,0,176.53061224489798,176.53061224489795,10768.367346938778
jid_895143,92940.0,168.0,1,30,10206,22161,22192,JobState.COMPLETED,0,176.53061224489795,176.53061224489795,5295.918367346939
jid_895145,92940.0,168.0,1,32,10218,22161,22194,JobState.COMPLETED,0,176.53061224489795,176.53061224489795,5648.9795918367345
jid_896677,38899.0,145.0,8,21627,569,569,22197,JobState.COMPLETED,0,176.5306122449061,176.53061224489795,30542620.408164676
jid_895083,63299.0,570.0,1,708,9620,21491,22200,JobState.COMPLETED,0,176.53061224489815,176.53061224489795,124983.6734693879
jid_895142,92940.0,168.0,1,39,10189,22161,22201,JobState.COMPLETED,0,176.53061224489795,176.53061224489795,6884.69387755102
jid_895151,92940.0,168.0,1,31,10268,22169,22201,JobState.COMPLETED,0,176.53061224489795,176.53061224489795,5472.448979591836
jid_895083,63299.0,570.0,1,707,9620,21494,22202,JobState.COMPLETED,0,176.53061224489815,176.53061224489795,124807.14285714299
jid_895126,92940.0,168.0,1,73,10024,22128,22202,JobState.COMPLETED,0,176.53061224489795,176.53061224489795,12886.73469387755
jid_895154,92940.0,168.0,1,41,10266,22165,22207,JobState.COMPLETED,0,176.53061224489795,176.53061224489795,7237.755102040816
jid_895083,63299.0,570.0,1,711,9620,21498,22210,JobState.COMPLETED,0,176.53061224489815,176.53061224489795,125513.26530612259
jid_895115,92940.0,168.0,1,177,9808,22032,22210,JobState.COMPLETED,0,176.5306122448979,176.53061224489795,31245.918367346927
jid_895083,63299.0,570.0,1,704,9620,21506,22211,JobState.COMPLETED,0,176.53061224489815,176.53061224489795,124277.5510204083
jid_895152,92940.0,168.0,1,48,10251,22163,22212,JobState.COMPLETED,0,176.53061224489795,176.53061224489795,8473.469387755102
jid_895173,92940.0,168.0,1,27,10477,22185,22213,JobState.COMPLETED,0,176.53061224489795,176.53061224489795,4766.326530612245
jid_895150,92940.0,168.0,1,52,10243,22162,22215,JobState.COMPLETED,0,176.53061224489795,176.53061224489795,9179.591836734693
jid_895183,92940.0,168.0,1,27,10567,22187,22215,JobState.COMPLETED,0,176.53061224489795,176.53061224489795,4766.326530612245
jid_895155,92940.0,168.0,1,43,10274,22172,22216,JobState.COMPLETED,0,176.53061224489795,176.53061224489795,7590.816326530612
jid_895177,92940.0,168.0,1,29,10521,22186,22216,JobState.COMPLETED,0,176.53061224489795,176.53061224489795,5119.3877551020405
jid_895186,92940.0,168.0,1,30,10587,22188,22219,JobState.COMPLETED,0,176.53061224489795,176.53061224489795,5295.918367346939
jid_895083,63299.0,570.0,1,713,9620,21506,22220,JobState.COMPLETED,0,176.53061224489815,176.53061224489795,125866.32653061238
jid_895190,92940.0,168.0,1,27,10612,22194,22222,JobState.COMPLETED,0,176.53061224489795,176.53061224489795,4766.326530612245
jid_895083,63299.0,570.0,1,716,9620,21506,22223,JobState.COMPLETED,0,176.53061224489815,176.53061224489795,126395.91836734708
jid_895083,63299.0,570.0,1,718,9620,21506,22225,JobState.COMPLETED,0,176.53061224489815,176.53061224489795,126748.97959183688
jid_895157,92940.0,168.0,1,52,10314,22172,22225,JobState.COMPLETED,0,176.53061224489795,176.53061224489795,9179.591836734693
jid_895083,63299.0,570.0,1,719,9620,21506,22226,JobState.COMPLETED,0,176.53061224489815,176.53061224489795,126925.51020408177
jid_895083,63299.0,570.0,1,719,9620,21506,22226,JobState.COMPLETED,0,176.53061224489815,176.53061224489795,126925.51020408177
jid_895187,92940.0,168.0,1,38,10580,22187,22226,JobState.COMPLETED,0,176.53061224489795,176.53061224489795,6708.163265306122
jid_895189,92940.0,168.0,1,35,10598,22190,22226,JobState.COMPLETED,0,176.53061224489795,176.53061224489795,6178.571428571428
jid_895083,63299.0,570.0,1,720,9620,21506,22227,JobState.COMPLETED,0,176.53061224489815,176.53061224489795,127102.04081632667
jid_895116,92940.0,168.0,1,159,9844,22067,22227,JobState.COMPLETED,0,176.5306122448979,176.53061224489795,28068.367346938765
jid_895170,92940.0,168.0,1,51,10416,22175,22227,JobState.COMPLETED,0,176.53061224489795,176.53061224489795,9003.061224489795
jid_895179,92940.0,168.0,1,40,10521,22186,22227,JobState.COMPLETED,0,176.53061224489795,176.53061224489795,7061.224489795918
jid_895184,92940.0,168.0,1,40,10557,22186,22227,JobState.COMPLETED,0,176.53061224489795,176.53061224489795,7061.224489795918
jid_895083,63299.0,570.0,1,721,9620,21506,22228,JobState.COMPLETED,0,176.53061224489815,176.53061224489795,127278.57142857157
jid_895123,92940.0,168.0,1,138,9919,22089,22228,JobState.COMPLETED,0,176.5306122448979,176.53061224489795,24361.22448979591
jid_895175,92940.0,168.0,1,42,10476,22185,22228,JobState.COMPLETED,0,176.53061224489795,176.53061224489795,7414.285714285714
jid_895174,92940.0,168.0,1,48,10457,22180,22229,JobState.COMPLETED,0,176.53061224489795,176.53061224489795,8473.469387755102
jid_895197,92940.0,168.0,1,31,10655,22197,22229,JobState.COMPLETED,0,176.53061224489795,176.53061224489795,5472.448979591836
jid_895167,92940.0,168.0,1,54,10404,22175,22230,JobState.COMPLETED,0,176.53061224489795,176.53061224489795,9532.65306122449
jid_895176,92940.0,168.0,1,43,10489,22186,22230,JobState.COMPLETED,0,176.53061224489795,176.53061224489795,7590.816326530612
jid_895166,92940.0,168.0,1,56,10385,22175,22232,JobState.COMPLETED,0,176.53061224489795,176.53061224489795,9885.714285714286
jid_895182,92940.0,168.0,1,45,10536,22186,22232,JobState.COMPLETED,0,176.53061224489795,176.53061224489795,7943.877551020408
jid_895192,92940.0,168.0,1,35,10634,22197,22233,JobState.COMPLETED,0,176.53061224489795,176.53061224489795,6178.571428571428
jid_895083,63299.0,570.0,1,726,9620,21507,22234,JobState.COMPLETED,0,176.53061224489815,176.53061224489795,128161.22448979606
jid_895159,92940.0,168.0,1,61,10326,22172,22234,JobState.COMPLETED,0,176.53061224489798,176.53061224489795,10768.367346938778
jid_895168,92940.0,168.0,1,62,10398,22175,22238,JobState.COMPLETED,0,176.53061224489798,176.53061224489795,10944.897959183674
jid_895195,92940.0,168.0,1,40,10639,22197,22238,JobState.COMPLETED,0,176.53061224489795,176.53061224489795,7061.224489795918
jid_895198,92940.0,168.0,1,40,10651,22197,22238,JobState.COMPLETED,0,176.53061224489795,176.53061224489795,7061.224489795918
jid_895158,92940.0,168.0,1,67,10314,22172,22240,JobState.COMPLETED,0,176.53061224489798,176.53061224489795,11827.551020408164
jid_895160,92940.0,168.0,1,66,10333,22175,22242,JobState.COMPLETED,0,176.53061224489798,176.53061224489795,11651.020408163267
jid_895194,92940.0,168.0,1,45,10624,22197,22243,JobState.COMPLETED,0,176.53061224489795,176.53061224489795,7943.877551020408
jid_895146,92940.0,168.0,1,94,10165,22150,22245,JobState.COMPLETED,0,176.53061224489792,176.53061224489795,16593.877551020403
jid_895128,92940.0,168.0,1,158,9955,22089,22248,JobState.COMPLETED,0,176.5306122448979,176.53061224489795,27891.83673469387
jid_895137,92940.0,168.0,1,119,10073,22128,22248,JobState.COMPLETED,0,176.53061224489792,176.53061224489795,21007.14285714285
jid_895131,92940.0,168.0,1,128,10020,22121,22250,JobState.COMPLETED,0,176.5306122448979,176.53061224489795,22595.91836734693
jid_895200,92940.0,168.0,1,48,10688,22201,22250,JobState.COMPLETED,0,176.53061224489795,176.53061224489795,8473.469387755102
jid_895202,92940.0,168.0,1,48,10702,22202,22251,JobState.COMPLETED,0,176.53061224489795,176.53061224489795,8473.469387755102
jid_895215,92940.0,168.0,1,31,10824,22219,22251,JobState.COMPLETED,0,176.53061224489795,176.53061224489795,5472.448979591836
jid_895211,92940.0,168.0,1,36,10777,22215,22252,JobState.COMPLETED,0,176.53061224489795,176.53061224489795,6355.102040816326
jid_895221,92940.0,168.0,1,25,10874,22226,22252,JobState.COMPLETED,0,176.53061224489795,176.53061224489795,4413.265306122449
jid_895201,92940.0,168.0,1,51,10695,22201,22253,JobState.COMPLETED,0,176.53061224489795,176.53061224489795,9003.061224489795
jid_895209,92940.0,168.0,1,40,10769,22212,22253,JobState.COMPLETED,0,176.53061224489795,176.53061224489795,7061.224489795918
jid_896684,65272.0,145.0,8,21679,577,577,22257,JobState.COMPLETED,0,176.5306122449061,176.53061224489795,30616057.142858557
jid_895210,92940.0,168.0,1,43,10770,22213,22257,JobState.COMPLETED,0,176.53061224489795,176.53061224489795,7590.816326530612
jid_895228,92940.0,168.0,1,29,10917,22227,22257,JobState.COMPLETED,0,176.53061224489795,176.53061224489795,5119.3877551020405
jid_895083,63299.0,570.0,1,729,9620,21528,22258,JobState.COMPLETED,0,176.53061224489815,176.53061224489795,128690.81632653075
jid_895234,92940.0,168.0,1,27,10964,22230,22258,JobState.COMPLETED,0,176.53061224489795,176.53061224489795,4766.326530612245
jid_895203,92940.0,168.0,1,48,10710,22210,22259,JobState.COMPLETED,0,176.53061224489795,176.53061224489795,8473.469387755102
jid_895222,92940.0,168.0,1,32,10883,22226,22259,JobState.COMPLETED,0,176.53061224489795,176.53061224489795,5648.9795918367345
jid_895206,92940.0,168.0,1,48,10756,22211,22260,JobState.COMPLETED,0,176.53061224489795,176.53061224489795,8473.469387755102
jid_895238,92940.0,168.0,1,29,10984,22230,22260,JobState.COMPLETED,0,176.53061224489795,176.53061224489795,5119.3877551020405
jid_895243,92940.0,168.0,1,25,11008,22234,22260,JobState.COMPLETED,0,176.53061224489795,176.53061224489795,4413.265306122449
jid_895122,92940.0,168.0,1,183,9873,22077,22261,JobState.COMPLETED,0,176.5306122448979,176.53061224489795,32305.102040816313
jid_895224,92940.0,168.0,1,33,10889,22227,22261,JobState.COMPLETED,0,176.53061224489795,176.53061224489795,5825.510204081633
jid_895216,92940.0,168.0,1,41,10825,22220,22262,JobState.COMPLETED,0,176.53061224489795,176.53061224489795,7237.755102040816
jid_895229,92940.0,168.0,1,33,10933,22228,22262,JobState.COMPLETED,0,176.53061224489795,176.53061224489795,5825.510204081633
jid_895230,92940.0,168.0,1,33,10938,22228,22262,JobState.COMPLETED,0,176.53061224489795,176.53061224489795,5825.510204081633
jid_895217,92940.0,168.0,1,40,10832,22225,22266,JobState.COMPLETED,0,176.53061224489795,176.53061224489795,7061.224489795918
jid_895219,92940.0,168.0,1,44,10831,22223,22268,JobState.COMPLETED,0,176.53061224489795,176.53061224489795,7767.34693877551
jid_895225,92940.0,168.0,1,44,10895,22227,22272,JobState.COMPLETED,0,176.53061224489795,176.53061224489795,7767.34693877551
jid_895242,92940.0,168.0,1,40,10989,22232,22273,JobState.COMPLETED,0,176.53061224489795,176.53061224489795,7061.224489795918
jid_895130,92940.0,168.0,1,184,9954,22089,22274,JobState.COMPLETED,0,176.5306122448979,176.53061224489795,32481.632653061213
jid_895181,92940.0,168.0,1,87,10494,22186,22274,JobState.COMPLETED,0,176.53061224489795,176.53061224489795,15358.163265306122
jid_895180,92940.0,168.0,1,102,10313,22172,22275,JobState.COMPLETED,0,176.53061224489792,176.53061224489795,18006.12244897959
jid_895248,92940.0,168.0,1,36,11031,22238,22275,JobState.COMPLETED,0,176.53061224489795,176.53061224489795,6355.102040816326
jid_895289,63299.0,570.0,1,1,11316,22275,22277,JobState.COMPLETED,0,176.53061224489795,176.53061224489795,176.53061224489795
jid_895250,92940.0,168.0,1,29,11051,22248,22278,JobState.COMPLETED,0,176.53061224489795,176.53061224489795,5119.3877551020405
jid_895196,92940.0,168.0,1,86,10599,22192,22279,JobState.COMPLETED,0,176.53061224489795,176.53061224489795,15181.632653061224
jid_895289,63299.0,570.0,1,1,11316,22277,22279,JobState.COMPLETED,0,176.53061224489795,176.53061224489795,176.53061224489795
jid_895257,92940.0,168.0,1,27,11097,22252,22280,JobState.COMPLETED,0,176.53061224489795,176.53061224489795,4766.326530612245
jid_895244,92940.0,168.0,1,47,10990,22233,22281,JobState.COMPLETED,0,176.53061224489795,176.53061224489795,8296.938775510203
jid_895289,63299.0,570.0,1,2,11316,22278,22281,JobState.COMPLETED,0,176.53061224489795,176.53061224489795,353.0612244897959
jid_895289,63299.0,570.0,1,1,11316,22279,22281,JobState.COMPLETED,0,176.53061224489795,176.53061224489795,176.53061224489795
jid_895156,92940.0,168.0,1,120,10207,22161,22282,JobState.COMPLETED,0,176.5306122448979,176.53061224489795,21183.673469387748
jid_895289,63299.0,570.0,1,2,11316,22279,22282,JobState.COMPLETED,0,176.53061224489795,176.53061224489795,353.0612244897959
jid_895289,63299.0,570.0,1,1,11316,22280,22282,JobState.COMPLETED,0,176.53061224489795,176.53061224489795,176.53061224489795
jid_895251,92940.0,168.0,1,39,11041,22243,22283,JobState.COMPLETED,0,176.53061224489795,176.53061224489795,6884.69387755102
jid_895289,63299.0,570.0,1,2,11316,22281,22284,JobState.COMPLETED,0,176.53061224489795,176.53061224489795,353.0612244897959
jid_895289,63299.0,570.0,1,2,11316,22281,22284,JobState.COMPLETED,0,176.53061224489795,176.53061224489795,353.0612244897959
jid_895289,63299.0,570.0,1,2,11316,22281,22284,JobState.COMPLETED,0,176.53061224489795,176.53061224489795,353.0612244897959
jid_895289,63299.0,570.0,1,1,11316,22282,22284,JobState.COMPLETED,0,176.53061224489795,176.53061224489795,176.53061224489795
jid_895289,63299.0,570.0,1,1,11316,22282,22284,JobState.COMPLETED,0,176.53061224489795,176.53061224489795,176.53061224489795
jid_895193,92940.0,168.0,1,97,10572,22187,22285,JobState.COMPLETED,0,176.53061224489792,176.53061224489795,17123.4693877551
jid_895289,63299.0,570.0,1,2,11316,22282,22285,JobState.COMPLETED,0,176.53061224489795,176.53061224489795,353.0612244897959
jid_895253,92940.0,168.0,1,40,11045,22245,22286,JobState.COMPLETED,0,176.53061224489795,176.53061224489795,7061.224489795918
jid_895281,92940.0,168.0,1,24,11245,22261,22286,JobState.COMPLETED,0,176.53061224489795,176.53061224489795,4236.734693877551
jid_895289,63299.0,570.0,1,2,11316,22283,22286,JobState.COMPLETED,0,176.53061224489795,176.53061224489795,353.0612244897959
jid_895289,63299.0,570.0,1,1,11316,22284,22286,JobState.COMPLETED,0,176.53061224489795,176.53061224489795,176.53061224489795
jid_895289,63299.0,570.0,1,1,11316,22284,22286,JobState.COMPLETED,0,176.53061224489795,176.53061224489795,176.53061224489795
jid_895289,63299.0,570.0,1,1,11316,22284,22286,JobState.COMPLETED,0,176.53061224489795,176.53061224489795,176.53061224489795
jid_895289,63299.0,570.0,1,1,11316,22284,22286,JobState.COMPLETED,0,176.53061224489795,176.53061224489795,176.53061224489795
jid_895286,92940.0,168.0,1,20,11285,22266,22287,JobState.COMPLETED,0,176.53061224489795,176.53061224489795,3530.612244897959
jid_895289,63299.0,570.0,1,2,11316,22284,22287,JobState.COMPLETED,0,176.53061224489795,176.53061224489795,353.0612244897959
jid_895289,63299.0,570.0,1,1,11316,22285,22287,JobState.COMPLETED,0,176.53061224489795,176.53061224489795,176.53061224489795
jid_895289,63299.0,570.0,1,1,11316,22285,22287,JobState.COMPLETED,0,176.53061224489795,176.53061224489795,176.53061224489795
jid_895287,92940.0,168.0,1,19,11287,22268,22288,JobState.COMPLETED,0,176.53061224489795,176.53061224489795,3354.081632653061
jid_895289,63299.0,570.0,1,1,11316,22286,22288,JobState.COMPLETED,0,176.53061224489795,176.53061224489795,176.53061224489795
jid_895289,63299.0,570.0,1,1,11316,22286,22288,JobState.COMPLETED,0,176.53061224489795,176.53061224489795,176.53061224489795
jid_895289,63299.0,570.0,1,1,11316,22286,22288,JobState.COMPLETED,0,176.53061224489795,176.53061224489795,176.53061224489795
jid_895289,63299.0,570.0,1,1,11316,22286,22288,JobState.COMPLETED,0,176.53061224489795,176.53061224489795,176.53061224489795
jid_895241,92940.0,168.0,1,59,10957,22229,22289,JobState.COMPLETED,0,176.53061224489795,176.53061224489795,10415.30612244898
jid_895284,92940.0,168.0,1,26,11249,22262,22289,JobState.COMPLETED,0,176.53061224489795,176.53061224489795,4589.7959183673465
jid_895285,92940.0,168.0,1,26,11258,22262,22289,JobState.COMPLETED,0,176.53061224489795,176.53061224489795,4589.7959183673465
jid_895289,63299.0,570.0,1,2,11316,22286,22289,JobState.COMPLETED,0,176.53061224489795,176.53061224489795,353.0612244897959
jid_895289,63299.0,570.0,1,2,11316,22286,22289,JobState.COMPLETED,0,176.53061224489795,176.53061224489795,353.0612244897959
jid_895289,63299.0,570.0,1,2,11316,22286,22289,JobState.COMPLETED,0,176.53061224489795,176.53061224489795,353.0612244897959
jid_895289,63299.0,570.0,1,1,11316,22287,22289,JobState.COMPLETED,0,176.53061224489795,176.53061224489795,176.53061224489795
jid_895289,63299.0,570.0,1,1,11316,22287,22289,JobState.COMPLETED,0,176.53061224489795,176.53061224489795,176.53061224489795
jid_895289,63299.0,570.0,1,1,11316,22287,22289,JobState.COMPLETED,0,176.53061224489795,176.53061224489795,176.53061224489795
jid_895178,92940.0,168.0,1,114,10442,22175,22290,JobState.COMPLETED,0,176.53061224489792,176.53061224489795,20124.48979591836
jid_895282,92940.0,168.0,1,28,11245,22261,22290,JobState.COMPLETED,0,176.53061224489795,176.53061224489795,4942.857142857143
jid_895289,63299.0,570.0,1,2,11316,22287,22290,JobState.COMPLETED,0,176.53061224489795,176.53061224489795,353.0612244897959
jid_895289,63299.0,570.0,1,1,11316,22288,22290,JobState.COMPLETED,0,176.53061224489795,176.53061224489795,176.53061224489795
jid_895289,63299.0,570.0,1,1,11316,22288,22290,JobState.COMPLETED,0,176.53061224489795,176.53061224489795,176.53061224489795
jid_895289,63299.0,570.0,1,1,11316,22288,22290,JobState.COMPLETED,0,176.53061224489795,176.53061224489795,176.53061224489795
jid_895289,63299.0,570.0,1,1,11316,22288,22290,JobState.COMPLETED,0,176.53061224489795,176.53061224489795,176.53061224489795
jid_895289,63299.0,570.0,1,1,11316,22288,22290,JobState.COMPLETED,0,176.53061224489795,176.53061224489795,176.53061224489795
jid_895289,63299.0,570.0,1,1,11316,22289,22291,JobState.COMPLETED,0,176.53061224489795,176.53061224489795,176.53061224489795
jid_895289,63299.0,570.0,1,1,11316,22289,22291,JobState.COMPLETED,0,176.53061224489795,176.53061224489795,176.53061224489795
jid_895289,63299.0,570.0,1,1,11316,22289,22291,JobState.COMPLETED,0,176.53061224489795,176.53061224489795,176.53061224489795
jid_895289,63299.0,570.0,1,1,11316,22289,22291,JobState.COMPLETED,0,176.53061224489795,176.53061224489795,176.53061224489795
jid_895289,63299.0,570.0,1,2,11316,22289,22292,JobState.COMPLETED,0,176.53061224489795,176.53061224489795,353.0612244897959
jid_895289,63299.0,570.0,1,2,11316,22289,22292,JobState.COMPLETED,0,176.53061224489795,176.53061224489795,353.0612244897959
jid_895289,63299.0,570.0,1,2,11316,22289,22292,JobState.COMPLETED,0,176.53061224489795,176.53061224489795,353.0612244897959
jid_895289,63299.0,570.0,1,2,11316,22289,22292,JobState.COMPLETED,0,176.53061224489795,176.53061224489795,353.0612244897959
jid_895289,63299.0,570.0,1,2,11316,22289,22292,JobState.COMPLETED,0,176.53061224489795,176.53061224489795,353.0612244897959
jid_895289,63299.0,570.0,1,1,11316,22290,22292,JobState.COMPLETED,0,176.53061224489795,176.53061224489795,176.53061224489795
jid_895220,92940.0,168.0,1,77,10809,22215,22293,JobState.COMPLETED,0,176.53061224489795,176.53061224489795,13592.857142857143
jid_895246,92940.0,168.0,1,58,11003,22234,22293,JobState.COMPLETED,0,176.53061224489795,176.53061224489795,10238.775510204081
jid_895265,92940.0,168.0,1,35,11145,22257,22293,JobState.COMPLETED,0,176.53061224489795,176.53061224489795,6178.571428571428
jid_895275,92940.0,168.0,1,35,11197,22257,22293,JobState.COMPLETED,0,176.53061224489795,176.53061224489795,6178.571428571428
jid_895289,63299.0,570.0,1,2,11316,22290,22293,JobState.COMPLETED,0,176.53061224489795,176.53061224489795,353.0612244897959
jid_895289,63299.0,570.0,1,2,11316,22290,22293,JobState.COMPLETED,0,176.53061224489795,176.53061224489795,353.0612244897959
jid_895289,63299.0,570.0,1,2,11316,22290,22293,JobState.COMPLETED,0,176.53061224489795,176.53061224489795,353.0612244897959
jid_895289,63299.0,570.0,1,2,11316,22290,22293,JobState.COMPLETED,0,176.53061224489795,176.53061224489795,353.0612244897959
jid_895289,63299.0,570.0,1,2,11316,22290,22293,JobState.COMPLETED,0,176.53061224489795,176.53061224489795,353.0612244897959
jid_895289,63299.0,570.0,1,2,11316,22290,22293,JobState.COMPLETED,0,176.53061224489795,176.53061224489795,353.0612244897959
jid_895289,63299.0,570.0,1,2,11316,22290,22293,JobState.COMPLETED,0,176.53061224489795,176.53061224489795,353.0612244897959
jid_895289,63299.0,570.0,1,1,11316,22291,22293,JobState.COMPLETED,0,176.53061224489795,176.53061224489795,176.53061224489795
jid_895149,92940.0,168.0,1,160,10128,22133,22294,JobState.COMPLETED,0,176.5306122448979,176.53061224489795,28244.89795918366
jid_895289,63299.0,570.0,1,2,11316,22291,22294,JobState.COMPLETED,0,176.53061224489795,176.53061224489795,353.0612244897959
jid_895289,63299.0,570.0,1,2,11316,22291,22294,JobState.COMPLETED,0,176.53061224489795,176.53061224489795,353.0612244897959
jid_895289,63299.0,570.0,1,2,11316,22291,22294,JobState.COMPLETED,0,176.53061224489795,176.53061224489795,353.0612244897959
jid_895289,63299.0,570.0,1,1,11316,22292,22294,JobState.COMPLETED,0,176.53061224489795,176.53061224489795,176.53061224489795
jid_895289,63299.0,570.0,1,1,11316,22292,22294,JobState.COMPLETED,0,176.53061224489795,176.53061224489795,176.53061224489795
jid_895258,92940.0,168.0,1,43,11084,22251,22295,JobState.COMPLETED,0,176.53061224489795,176.53061224489795,7590.816326530612
jid_895289,63299.0,570.0,1,2,11316,22292,22295,JobState.COMPLETED,0,176.53061224489795,176.53061224489795,353.0612244897959
jid_895289,63299.0,570.0,1,2,11316,22292,22295,JobState.COMPLETED,0,176.53061224489795,176.53061224489795,353.0612244897959
jid_895289,63299.0,570.0,1,2,11316,22292,22295,JobState.COMPLETED,0,176.53061224489795,176.53061224489795,353.0612244897959
jid_895289,63299.0,570.0,1,2,11316,22292,22295,JobState.COMPLETED,0,176.53061224489795,176.53061224489795,353.0612244897959
jid_895163,92940.0,168.0,1,123,10304,22172,22296,JobState.COMPLETED,0,176.5306122448979,176.53061224489795,21713.26530612244
jid_895255,92940.0,168.0,1,47,11055,22248,22296,JobState.COMPLETED,0,176.53061224489795,176.53061224489795,8296.938775510203
jid_895289,63299.0,570.0,1,1,11316,22294,22296,JobState.COMPLETED,0,176.53061224489795,176.53061224489795,176.53061224489795
jid_895289,63299.0,570.0,1,1,11316,22294,22296,JobState.COMPLETED,0,176.53061224489795,176.53061224489795,176.53061224489795
jid_895289,63299.0,570.0,1,1,11316,22294,22296,JobState.COMPLETED,0,176.53061224489795,176.53061224489795,176.53061224489795
jid_895289,63299.0,570.0,1,1,11316,22294,22296,JobState.COMPLETED,0,176.53061224489795,176.53061224489795,176.53061224489795
jid_895261,92940.0,168.0,1,43,11107,22253,22297,JobState.COMPLETED,0,176.53061224489795,176.53061224489795,7590.816326530612
jid_895289,63299.0,570.0,1,2,11316,22294,22297,JobState.COMPLETED,0,176.53061224489795,176.53061224489795,353.0612244897959
jid_895289,63299.0,570.0,1,2,11316,22294,22297,JobState.COMPLETED,0,176.53061224489795,176.53061224489795,353.0612244897959
jid_895289,63299.0,570.0,1,1,11316,22295,22297,JobState.COMPLETED,0,176.53061224489795,176.53061224489795,176.53061224489795
jid_895289,63299.0,570.0,1,1,11316,22295,22297,JobState.COMPLETED,0,176.53061224489795,176.53061224489795,176.53061224489795
jid_895289,63299.0,570.0,1,1,11316,22295,22297,JobState.COMPLETED,0,176.53061224489795,176.53061224489795,176.53061224489795
jid_895289,63299.0,570.0,1,1,11316,22295,22297,JobState.COMPLETED,0,176.53061224489795,176.53061224489795,176.53061224489795
jid_895204,92940.0,168.0,1,97,10687,22200,22298,JobState.COMPLETED,0,176.53061224489792,176.53061224489795,17123.4693877551
jid_895289,63299.0,570.0,1,2,11316,22295,22298,JobState.COMPLETED,0,176.53061224489795,176.53061224489795,353.0612244897959
jid_895289,63299.0,570.0,1,1,11316,22296,22298,JobState.COMPLETED,0,176.53061224489795,176.53061224489795,176.53061224489795
jid_895289,63299.0,570.0,1,1,11316,22296,22298,JobState.COMPLETED,0,176.53061224489795,176.53061224489795,176.53061224489795
jid_895289,63299.0,570.0,1,1,11316,22296,22298,JobState.COMPLETED,0,176.53061224489795,176.53061224489795,176.53061224489795
jid_895289,63299.0,570.0,1,1,11316,22296,22298,JobState.COMPLETED,0,176.53061224489795,176.53061224489795,176.53061224489795
jid_895289,63299.0,570.0,1,1,11316,22296,22298,JobState.COMPLETED,0,176.53061224489795,176.53061224489795,176.53061224489795
jid_895205,92940.0,168.0,1,96,10701,22202,22299,JobState.COMPLETED,0,176.53061224489792,176.53061224489795,16946.9387755102
jid_895259,92940.0,168.0,1,47,11087,22251,22299,JobState.COMPLETED,0,176.53061224489795,176.53061224489795,8296.938775510203
jid_895290,92940.0,168.0,1,24,11291,22274,22299,JobState.COMPLETED,0,176.53061224489795,176.53061224489795,4236.734693877551
jid_895289,63299.0,570.0,1,2,11316,22296,22299,JobState.COMPLETED,0,176.53061224489795,176.53061224489795,353.0612244897959
jid_895289,63299.0,570.0,1,1,11316,22297,22299,JobState.COMPLETED,0,176.53061224489795,176.53061224489795,176.53061224489795
jid_895289,63299.0,570.0,1,1,11316,22297,22299,JobState.COMPLETED,0,176.53061224489795,176.53061224489795,176.53061224489795
jid_895289,63299.0,570.0,1,1,11316,22297,22299,JobState.COMPLETED,0,176.53061224489795,176.53061224489795,176.53061224489795
jid_895153,92940.0,168.0,1,150,10153,22149,22300,JobState.COMPLETED,0,176.5306122448979,176.53061224489795,26479.591836734686
jid_895260,92940.0,168.0,1,47,11102,22252,22300,JobState.COMPLETED,0,176.53061224489795,176.53061224489795,8296.938775510203
jid_895289,63299.0,570.0,1,2,11316,22297,22300,JobState.COMPLETED,0,176.53061224489795,176.53061224489795,353.0612244897959
jid_895289,63299.0,570.0,1,2,11316,22297,22300,JobState.COMPLETED,0,176.53061224489795,176.53061224489795,353.0612244897959
jid_895289,63299.0,570.0,1,2,11316,22297,22300,JobState.COMPLETED,0,176.53061224489795,176.53061224489795,353.0612244897959
jid_895289,63299.0,570.0,1,2,11316,22297,22300,JobState.COMPLETED,0,176.53061224489795,176.53061224489795,353.0612244897959
jid_895289,63299.0,570.0,1,1,11316,22298,22300,JobState.COMPLETED,0,176.53061224489795,176.53061224489795,176.53061224489795
jid_895289,63299.0,570.0,1,1,11316,22298,22300,JobState.COMPLETED,0,176.53061224489795,176.53061224489795,176.53061224489795
jid_895289,63299.0,570.0,1,1,11316,22298,22300,JobState.COMPLETED,0,176.53061224489795,176.53061224489795,176.53061224489795
jid_895289,63299.0,570.0,1,1,11316,22298,22300,JobState.COMPLETED,0,176.53061224489795,176.53061224489795,176.53061224489795
jid_895292,92940.0,168.0,1,26,11291,22274,22301,JobState.COMPLETED,0,176.53061224489795,176.53061224489795,4589.7959183673465
jid_895289,63299.0,570.0,1,2,11316,22298,22301,JobState.COMPLETED,0,176.53061224489795,176.53061224489795,353.0612244897959
jid_895289,63299.0,570.0,1,2,11316,22298,22301,JobState.COMPLETED,0,176.53061224489795,176.53061224489795,353.0612244897959
jid_895289,63299.0,570.0,1,2,11316,22298,22301,JobState.COMPLETED,0,176.53061224489795,176.53061224489795,353.0612244897959
jid_895289,63299.0,570.0,1,1,11316,22299,22301,JobState.COMPLETED,0,176.53061224489795,176.53061224489795,176.53061224489795
jid_895289,63299.0,570.0,1,1,11316,22299,22301,JobState.COMPLETED,0,176.53061224489795,176.53061224489795,176.53061224489795
jid_895289,63299.0,570.0,1,2,11316,22299,22302,JobState.COMPLETED,0,176.53061224489795,176.53061224489795,353.0612244897959
jid_895289,63299.0,570.0,1,2,11316,22299,22302,JobState.COMPLETED,0,176.53061224489795,176.53061224489795,353.0612244897959
jid_895289,63299.0,570.0,1,2,11316,22299,22302,JobState.COMPLETED,0,176.53061224489795,176.53061224489795,353.0612244897959
jid_895289,63299.0,570.0,1,2,11316,22299,22302,JobState.COMPLETED,0,176.53061224489795,176.53061224489795,353.0612244897959
jid_895289,63299.0,570.0,1,2,11316,22299,22302,JobState.COMPLETED,0,176.53061224489795,176.53061224489795,353.0612244897959
jid_895289,63299.0,570.0,1,1,11316,22300,22302,JobState.COMPLETED,0,176.53061224489795,176.53061224489795,176.53061224489795
jid_895289,63299.0,570.0,1,1,11316,22300,22302,JobState.COMPLETED,0,176.53061224489795,176.53061224489795,176.53061224489795
jid_895289,63299.0,570.0,1,1,11316,22300,22302,JobState.COMPLETED,0,176.53061224489795,176.53061224489795,176.53061224489795
jid_895289,63299.0,570.0,1,1,11316,22300,22302,JobState.COMPLETED,0,176.53061224489795,176.53061224489795,176.53061224489795
jid_895289,63299.0,570.0,1,1,11316,22300,22302,JobState.COMPLETED,0,176.53061224489795,176.53061224489795,176.53061224489795
jid_895289,63299.0,570.0,1,1,11316,22300,22302,JobState.COMPLETED,0,176.53061224489795,176.53061224489795,176.53061224489795
jid_895289,63299.0,570.0,1,1,11316,22300,22302,JobState.COMPLETED,0,176.53061224489795,176.53061224489795,176.53061224489795
jid_895291,92940.0,168.0,1,29,11289,22273,22303,JobState.COMPLETED,0,176.53061224489795,176.53061224489795,5119.3877551020405
jid_895289,63299.0,570.0,1,2,11316,22300,22303,JobState.COMPLETED,0,176.53061224489795,176.53061224489795,353.0612244897959
jid_895289,63299.0,570.0,1,2,11316,22300,22303,JobState.COMPLETED,0,176.53061224489795,176.53061224489795,353.0612244897959
jid_895289,63299.0,570.0,1,2,11316,22300,22303,JobState.COMPLETED,0,176.53061224489795,176.53061224489795,353.0612244897959
jid_895289,63299.0,570.0,1,1,11316,22301,22303,JobState.COMPLETED,0,176.53061224489795,176.53061224489795,176.53061224489795
jid_895289,63299.0,570.0,1,1,11316,22301,22303,JobState.COMPLETED,0,176.53061224489795,176.53061224489795,176.53061224489795
jid_895289,63299.0,570.0,1,1,11316,22301,22303,JobState.COMPLETED,0,176.53061224489795,176.53061224489795,176.53061224489795
jid_895276,92940.0,168.0,1,46,11190,22257,22304,JobState.COMPLETED,0,176.53061224489795,176.53061224489795,8120.408163265306
jid_895294,92940.0,168.0,1,28,11302,22275,22304,JobState.COMPLETED,0,176.53061224489795,176.53061224489795,4942.857142857143
jid_895289,63299.0,570.0,1,2,11316,22301,22304,JobState.COMPLETED,0,176.53061224489795,176.53061224489795,353.0612244897959
jid_895289,63299.0,570.0,1,2,11316,22301,22304,JobState.COMPLETED,0,176.53061224489795,176.53061224489795,353.0612244897959
jid_895289,63299.0,570.0,1,2,11316,22301,22304,JobState.COMPLETED,0,176.53061224489795,176.53061224489795,353.0612244897959
jid_895289,63299.0,570.0,1,1,11316,22302,22304,JobState.COMPLETED,0,176.53061224489795,176.53061224489795,176.53061224489795
jid_895289,63299.0,570.0,1,1,11316,22302,22304,JobState.COMPLETED,0,176.53061224489795,176.53061224489795,176.53061224489795
jid_895289,63299.0,570.0,1,1,11316,22302,22304,JobState.COMPLETED,0,176.53061224489795,176.53061224489795,176.53061224489795
jid_895289,63299.0,570.0,1,1,11316,22302,22304,JobState.COMPLETED,0,176.53061224489795,176.53061224489795,176.53061224489795
jid_895289,63299.0,570.0,1,1,11316,22302,22304,JobState.COMPLETED,0,176.53061224489795,176.53061224489795,176.53061224489795
jid_895289,63299.0,570.0,1,1,11316,22302,22304,JobState.COMPLETED,0,176.53061224489795,176.53061224489795,176.53061224489795
jid_895289,63299.0,570.0,1,2,11316,22302,22305,JobState.COMPLETED,0,176.53061224489795,176.53061224489795,353.0612244897959
jid_895289,63299.0,570.0,1,2,11316,22302,22305,JobState.COMPLETED,0,176.53061224489795,176.53061224489795,353.0612244897959
jid_895289,63299.0,570.0,1,2,11316,22302,22305,JobState.COMPLETED,0,176.53061224489795,176.53061224489795,353.0612244897959
jid_895289,63299.0,570.0,1,2,11316,22302,22305,JobState.COMPLETED,0,176.53061224489795,176.53061224489795,353.0612244897959
jid_895289,63299.0,570.0,1,2,11316,22302,22305,JobState.COMPLETED,0,176.53061224489795,176.53061224489795,353.0612244897959
jid_895289,63299.0,570.0,1,2,11316,22302,22305,JobState.COMPLETED,0,176.53061224489795,176.53061224489795,353.0612244897959
jid_895289,63299.0,570.0,1,1,11316,22303,22305,JobState.COMPLETED,0,176.53061224489795,176.53061224489795,176.53061224489795
jid_895289,63299.0,570.0,1,1,11316,22303,22305,JobState.COMPLETED,0,176.53061224489795,176.53061224489795,176.53061224489795
jid_895289,63299.0,570.0,1,1,11316,22303,22305,JobState.COMPLETED,0,176.53061224489795,176.53061224489795,176.53061224489795
jid_895289,63299.0,570.0,1,1,11316,22303,22305,JobState.COMPLETED,0,176.53061224489795,176.53061224489795,176.53061224489795
jid_895289,63299.0,570.0,1,1,11316,22303,22305,JobState.COMPLETED,0,176.53061224489795,176.53061224489795,176.53061224489795
jid_895289,63299.0,570.0,1,2,11316,22303,22306,JobState.COMPLETED,0,176.53061224489795,176.53061224489795,353.0612244897959
jid_895289,63299.0,570.0,1,2,11316,22303,22306,JobState.COMPLETED,0,176.53061224489795,176.53061224489795,353.0612244897959
jid_895289,63299.0,570.0,1,1,11316,22304,22306,JobState.COMPLETED,0,176.53061224489795,176.53061224489795,176.53061224489795
jid_895289,63299.0,570.0,1,1,11316,22304,22306,JobState.COMPLETED,0,176.53061224489795,176.53061224489795,176.53061224489795
jid_895289,63299.0,570.0,1,1,11316,22304,22306,JobState.COMPLETED,0,176.53061224489795,176.53061224489795,176.53061224489795
jid_895289,63299.0,570.0,1,1,11316,22304,22306,JobState.COMPLETED,0,176.53061224489795,176.53061224489795,176.53061224489795
jid_895289,63299.0,570.0,1,1,11316,22304,22306,JobState.COMPLETED,0,176.53061224489795,176.53061224489795,176.53061224489795
jid_895240,92940.0,168.0,1,78,10937,22228,22307,JobState.COMPLETED,0,176.53061224489795,176.53061224489795,13769.38775510204
jid_895289,63299.0,570.0,1,2,11316,22304,22307,JobState.COMPLETED,0,176.53061224489795,176.53061224489795,353.0612244897959
jid_895289,63299.0,570.0,1,2,11316,22304,22307,JobState.COMPLETED,0,176.53061224489795,176.53061224489795,353.0612244897959
jid_895289,63299.0,570.0,1,2,11316,22304,22307,JobState.COMPLETED,0,176.53061224489795,176.53061224489795,353.0612244897959
jid_895289,63299.0,570.0,1,2,11316,22304,22307,JobState.COMPLETED,0,176.53061224489795,176.53061224489795,353.0612244897959
jid_895289,63299.0,570.0,1,2,11316,22304,22307,JobState.COMPLETED,0,176.53061224489795,176.53061224489795,353.0612244897959
jid_895289,63299.0,570.0,1,2,11316,22304,22307,JobState.COMPLETED,0,176.53061224489795,176.53061224489795,353.0612244897959
jid_895289,63299.0,570.0,1,1,11316,22305,22307,JobState.COMPLETED,0,176.53061224489795,176.53061224489795,176.53061224489795
jid_895289,63299.0,570.0,1,1,11316,22305,22307,JobState.COMPLETED,0,176.53061224489795,176.53061224489795,176.53061224489795
jid_895289,63299.0,570.0,1,1,11316,22305,22307,JobState.COMPLETED,0,176.53061224489795,176.53061224489795,176.53061224489795
jid_895289,63299.0,570.0,1,1,11316,22305,22307,JobState.COMPLETED,0,176.53061224489795,176.53061224489795,176.53061224489795
jid_895289,63299.0,570.0,1,1,11316,22305,22307,JobState.COMPLETED,0,176.53061224489795,176.53061224489795,176.53061224489795
jid_895264,92940.0,168.0,1,50,11120,22257,22308,JobState.COMPLETED,0,176.53061224489795,176.53061224489795,8826.530612244898
jid_895273,92940.0,168.0,1,50,11175,22257,22308,JobState.COMPLETED,0,176.53061224489795,176.53061224489795,8826.530612244898
jid_895289,63299.0,570.0,1,2,11316,22305,22308,JobState.COMPLETED,0,176.53061224489795,176.53061224489795,353.0612244897959
jid_895289,63299.0,570.0,1,2,11316,22305,22308,JobState.COMPLETED,0,176.53061224489795,176.53061224489795,353.0612244897959
jid_895289,63299.0,570.0,1,2,11316,22305,22308,JobState.COMPLETED,0,176.53061224489795,176.53061224489795,353.0612244897959
jid_895289,63299.0,570.0,1,2,11316,22305,22308,JobState.COMPLETED,0,176.53061224489795,176.53061224489795,353.0612244897959
jid_895289,63299.0,570.0,1,2,11316,22305,22308,JobState.COMPLETED,0,176.53061224489795,176.53061224489795,353.0612244897959
jid_895289,63299.0,570.0,1,2,11316,22305,22308,JobState.COMPLETED,0,176.53061224489795,176.53061224489795,353.0612244897959
jid_895289,63299.0,570.0,1,1,11316,22306,22308,JobState.COMPLETED,0,176.53061224489795,176.53061224489795,176.53061224489795
jid_895289,63299.0,570.0,1,1,11316,22306,22308,JobState.COMPLETED,0,176.53061224489795,176.53061224489795,176.53061224489795
jid_895267,92940.0,168.0,1,51,11150,22257,22309,JobState.COMPLETED,0,176.53061224489795,176.53061224489795,9003.061224489795
jid_895279,92940.0,168.0,1,50,11217,22258,22309,JobState.COMPLETED,0,176.53061224489795,176.53061224489795,8826.530612244898
jid_895289,63299.0,570.0,1,2,11316,22306,22309,JobState.COMPLETED,0,176.53061224489795,176.53061224489795,353.0612244897959
jid_895289,63299.0,570.0,1,2,11316,22306,22309,JobState.COMPLETED,0,176.53061224489795,176.53061224489795,353.0612244897959
jid_895289,63299.0,570.0,1,2,11316,22306,22309,JobState.COMPLETED,0,176.53061224489795,176.53061224489795,353.0612244897959
jid_895289,63299.0,570.0,1,2,11316,22306,22309,JobState.COMPLETED,0,176.53061224489795,176.53061224489795,353.0612244897959
jid_895289,63299.0,570.0,1,2,11316,22306,22309,JobState.COMPLETED,0,176.53061224489795,176.53061224489795,353.0612244897959
jid_895289,63299.0,570.0,1,1,11316,22307,22309,JobState.COMPLETED,0,176.53061224489795,176.53061224489795,176.53061224489795
jid_895289,63299.0,570.0,1,1,11316,22307,22309,JobState.COMPLETED,0,176.53061224489795,176.53061224489795,176.53061224489795
jid_895289,63299.0,570.0,1,1,11316,22307,22309,JobState.COMPLETED,0,176.53061224489795,176.53061224489795,176.53061224489795
jid_895289,63299.0,570.0,1,1,11316,22307,22309,JobState.COMPLETED,0,176.53061224489795,176.53061224489795,176.53061224489795
jid_895289,63299.0,570.0,1,1,11316,22307,22309,JobState.COMPLETED,0,176.53061224489795,176.53061224489795,176.53061224489795
jid_895207,92940.0,168.0,1,102,10704,22207,22310,JobState.COMPLETED,0,176.53061224489792,176.53061224489795,18006.12244897959
jid_895233,92940.0,168.0,1,82,10904,22227,22310,JobState.COMPLETED,0,176.53061224489795,176.53061224489795,14475.510204081633
jid_895283,92940.0,168.0,1,49,11223,22260,22310,JobState.COMPLETED,0,176.53061224489795,176.53061224489795,8650.0
jid_895289,63299.0,570.0,1,2,11316,22307,22310,JobState.COMPLETED,0,176.53061224489795,176.53061224489795,353.0612244897959
jid_895289,63299.0,570.0,1,2,11316,22307,22310,JobState.COMPLETED,0,176.53061224489795,176.53061224489795,353.0612244897959
jid_895289,63299.0,570.0,1,2,11316,22307,22310,JobState.COMPLETED,0,176.53061224489795,176.53061224489795,353.0612244897959
jid_895289,63299.0,570.0,1,2,11316,22307,22310,JobState.COMPLETED,0,176.53061224489795,176.53061224489795,353.0612244897959
jid_895289,63299.0,570.0,1,2,11316,22307,22310,JobState.COMPLETED,0,176.53061224489795,176.53061224489795,353.0612244897959
jid_895289,63299.0,570.0,1,2,11316,22307,22310,JobState.COMPLETED,0,176.53061224489795,176.53061224489795,353.0612244897959
jid_895289,63299.0,570.0,1,2,11316,22307,22310,JobState.COMPLETED,0,176.53061224489795,176.53061224489795,353.0612244897959
jid_895289,63299.0,570.0,1,1,11316,22308,22310,JobState.COMPLETED,0,176.53061224489795,176.53061224489795,176.53061224489795
jid_895289,63299.0,570.0,1,1,11316,22308,22310,JobState.COMPLETED,0,176.53061224489795,176.53061224489795,176.53061224489795
jid_895289,63299.0,570.0,1,1,11316,22308,22310,JobState.COMPLETED,0,176.53061224489795,176.53061224489795,176.53061224489795
jid_895289,63299.0,570.0,1,1,11316,22308,22310,JobState.COMPLETED,0,176.53061224489795,176.53061224489795,176.53061224489795
jid_895289,63299.0,570.0,1,1,11316,22308,22310,JobState.COMPLETED,0,176.53061224489795,176.53061224489795,176.53061224489795
jid_895289,63299.0,570.0,1,1,11316,22308,22310,JobState.COMPLETED,0,176.53061224489795,176.53061224489795,176.53061224489795
jid_895171,92940.0,168.0,1,135,10344,22175,22311,JobState.COMPLETED,0,176.5306122448979,176.53061224489795,23831.632653061217
jid_895289,63299.0,570.0,1,2,11316,22308,22311,JobState.COMPLETED,0,176.53061224489795,176.53061224489795,353.0612244897959
jid_895289,63299.0,570.0,1,2,11316,22308,22311,JobState.COMPLETED,0,176.53061224489795,176.53061224489795,353.0612244897959
jid_895289,63299.0,570.0,1,2,11316,22308,22311,JobState.COMPLETED,0,176.53061224489795,176.53061224489795,353.0612244897959
jid_895289,63299.0,570.0,1,2,11316,22308,22311,JobState.COMPLETED,0,176.53061224489795,176.53061224489795,353.0612244897959
jid_895289,63299.0,570.0,1,1,11316,22309,22311,JobState.COMPLETED,0,176.53061224489795,176.53061224489795,176.53061224489795
jid_895289,63299.0,570.0,1,1,11316,22309,22311,JobState.COMPLETED,0,176.53061224489795,176.53061224489795,176.53061224489795
jid_895289,63299.0,570.0,1,1,11316,22309,22311,JobState.COMPLETED,0,176.53061224489795,176.53061224489795,176.53061224489795
jid_895289,63299.0,570.0,1,1,11316,22309,22311,JobState.COMPLETED,0,176.53061224489795,176.53061224489795,176.53061224489795
jid_895289,63299.0,570.0,1,1,11316,22309,22311,JobState.COMPLETED,0,176.53061224489795,176.53061224489795,176.53061224489795
jid_895289,63299.0,570.0,1,2,11316,22309,22312,JobState.COMPLETED,0,176.53061224489795,176.53061224489795,353.0612244897959
jid_895289,63299.0,570.0,1,2,11316,22309,22312,JobState.COMPLETED,0,176.53061224489795,176.53061224489795,353.0612244897959
jid_895289,63299.0,570.0,1,2,11316,22309,22312,JobState.COMPLETED,0,176.53061224489795,176.53061224489795,353.0612244897959
jid_895289,63299.0,570.0,1,2,11316,22309,22312,JobState.COMPLETED,0,176.53061224489795,176.53061224489795,353.0612244897959
jid_895289,63299.0,570.0,1,2,11316,22309,22312,JobState.COMPLETED,0,176.53061224489795,176.53061224489795,353.0612244897959
jid_895289,63299.0,570.0,1,2,11316,22309,22312,JobState.COMPLETED,0,176.53061224489795,176.53061224489795,353.0612244897959
jid_895289,63299.0,570.0,1,2,11316,22309,22312,JobState.COMPLETED,0,176.53061224489795,176.53061224489795,353.0612244897959
jid_895289,63299.0,570.0,1,1,11316,22310,22312,JobState.COMPLETED,0,176.53061224489795,176.53061224489795,176.53061224489795
jid_895289,63299.0,570.0,1,1,11316,22310,22312,JobState.COMPLETED,0,176.53061224489795,176.53061224489795,176.53061224489795
jid_895289,63299.0,570.0,1,1,11316,22310,22312,JobState.COMPLETED,0,176.53061224489795,176.53061224489795,176.53061224489795
jid_895289,63299.0,570.0,1,1,11316,22310,22312,JobState.COMPLETED,0,176.53061224489795,176.53061224489795,176.53061224489795
jid_895289,63299.0,570.0,1,1,11316,22310,22312,JobState.COMPLETED,0,176.53061224489795,176.53061224489795,176.53061224489795
jid_895289,63299.0,570.0,1,1,11316,22310,22312,JobState.COMPLETED,0,176.53061224489795,176.53061224489795,176.53061224489795
jid_895289,63299.0,570.0,1,1,11316,22310,22312,JobState.COMPLETED,0,176.53061224489795,176.53061224489795,176.53061224489795
jid_895289,63299.0,570.0,1,1,11316,22310,22312,JobState.COMPLETED,0,176.53061224489795,176.53061224489795,176.53061224489795
jid_895270,92940.0,168.0,1,55,11151,22257,22313,JobState.COMPLETED,0,176.53061224489795,176.53061224489795,9709.183673469388
jid_895289,63299.0,570.0,1,2,11316,22310,22313,JobState.COMPLETED,0,176.53061224489795,176.53061224489795,353.0612244897959
jid_895289,63299.0,570.0,1,2,11316,22310,22313,JobState.COMPLETED,0,176.53061224489795,176.53061224489795,353.0612244897959
jid_895289,63299.0,570.0,1,2,11316,22310,22313,JobState.COMPLETED,0,176.53061224489795,176.53061224489795,353.0612244897959
jid_895289,63299.0,570.0,1,2,11316,22310,22313,JobState.COMPLETED,0,176.53061224489795,176.53061224489795,353.0612244897959
jid_895289,63299.0,570.0,1,2,11316,22310,22313,JobState.COMPLETED,0,176.53061224489795,176.53061224489795,353.0612244897959
jid_895289,63299.0,570.0,1,2,11316,22310,22313,JobState.COMPLETED,0,176.53061224489795,176.53061224489795,353.0612244897959
jid_895289,63299.0,570.0,1,2,11316,22310,22313,JobState.COMPLETED,0,176.53061224489795,176.53061224489795,353.0612244897959
jid_895289,63299.0,570.0,1,2,11316,22310,22313,JobState.COMPLETED,0,176.53061224489795,176.53061224489795,353.0612244897959
jid_895289,63299.0,570.0,1,1,11316,22311,22313,JobState.COMPLETED,0,176.53061224489795,176.53061224489795,176.53061224489795
jid_895289,63299.0,570.0,1,1,11316,22311,22313,JobState.COMPLETED,0,176.53061224489795,176.53061224489795,176.53061224489795
jid_895289,63299.0,570.0,1,1,11316,22311,22313,JobState.COMPLETED,0,176.53061224489795,176.53061224489795,176.53061224489795
jid_895289,63299.0,570.0,1,1,11316,22311,22313,JobState.COMPLETED,0,176.53061224489795,176.53061224489795,176.53061224489795
jid_895289,63299.0,570.0,1,1,11316,22311,22313,JobState.COMPLETED,0,176.53061224489795,176.53061224489795,176.53061224489795
jid_895289,63299.0,570.0,1,1,11316,22311,22313,JobState.COMPLETED,0,176.53061224489795,176.53061224489795,176.53061224489795
jid_895289,63299.0,570.0,1,1,11316,22311,22313,JobState.COMPLETED,0,176.53061224489795,176.53061224489795,176.53061224489795
jid_895289,63299.0,570.0,1,1,11316,22311,22313,JobState.COMPLETED,0,176.53061224489795,176.53061224489795,176.53061224489795
jid_895223,92940.0,168.0,1,97,10823,22216,22314,JobState.COMPLETED,0,176.53061224489792,176.53061224489795,17123.4693877551
jid_895289,63299.0,570.0,1,2,11316,22311,22314,JobState.COMPLETED,0,176.53061224489795,176.53061224489795,353.0612244897959
jid_895289,63299.0,570.0,1,2,11316,22311,22314,JobState.COMPLETED,0,176.53061224489795,176.53061224489795,353.0612244897959
jid_895289,63299.0,570.0,1,1,11316,22312,22314,JobState.COMPLETED,0,176.53061224489795,176.53061224489795,176.53061224489795
jid_895289,63299.0,570.0,1,1,11316,22312,22314,JobState.COMPLETED,0,176.53061224489795,176.53061224489795,176.53061224489795
jid_895289,63299.0,570.0,1,1,11316,22312,22314,JobState.COMPLETED,0,176.53061224489795,176.53061224489795,176.53061224489795
jid_895289,63299.0,570.0,1,1,11316,22312,22314,JobState.COMPLETED,0,176.53061224489795,176.53061224489795,176.53061224489795
jid_895289,63299.0,570.0,1,1,11316,22312,22314,JobState.COMPLETED,0,176.53061224489795,176.53061224489795,176.53061224489795
jid_895289,63299.0,570.0,1,1,11316,22312,22314,JobState.COMPLETED,0,176.53061224489795,176.53061224489795,176.53061224489795
jid_895289,63299.0,570.0,1,2,11316,22312,22315,JobState.COMPLETED,0,176.53061224489795,176.53061224489795,353.0612244897959
jid_895289,63299.0,570.0,1,2,11316,22312,22315,JobState.COMPLETED,0,176.53061224489795,176.53061224489795,353.0612244897959
jid_895289,63299.0,570.0,1,2,11316,22312,22315,JobState.COMPLETED,0,176.53061224489795,176.53061224489795,353.0612244897959
jid_895289,63299.0,570.0,1,2,11316,22312,22315,JobState.COMPLETED,0,176.53061224489795,176.53061224489795,353.0612244897959
jid_895289,63299.0,570.0,1,2,11316,22312,22315,JobState.COMPLETED,0,176.53061224489795,176.53061224489795,353.0612244897959
jid_895289,63299.0,570.0,1,2,11316,22312,22315,JobState.COMPLETED,0,176.53061224489795,176.53061224489795,353.0612244897959
jid_895289,63299.0,570.0,1,2,11316,22312,22315,JobState.COMPLETED,0,176.53061224489795,176.53061224489795,353.0612244897959
jid_895289,63299.0,570.0,1,2,11316,22312,22315,JobState.COMPLETED,0,176.53061224489795,176.53061224489795,353.0612244897959
jid_895289,63299.0,570.0,1,2,11316,22312,22315,JobState.COMPLETED,0,176.53061224489795,176.53061224489795,353.0612244897959
jid_895289,63299.0,570.0,1,1,11316,22313,22315,JobState.COMPLETED,0,176.53061224489795,176.53061224489795,176.53061224489795
jid_895289,63299.0,570.0,1,1,11316,22313,22315,JobState.COMPLETED,0,176.53061224489795,176.53061224489795,176.53061224489795
jid_895289,63299.0,570.0,1,1,11316,22313,22315,JobState.COMPLETED,0,176.53061224489795,176.53061224489795,176.53061224489795
jid_895289,63299.0,570.0,1,1,11316,22313,22315,JobState.COMPLETED,0,176.53061224489795,176.53061224489795,176.53061224489795
jid_895289,63299.0,570.0,1,1,11316,22313,22315,JobState.COMPLETED,0,176.53061224489795,176.53061224489795,176.53061224489795
jid_895289,63299.0,570.0,1,1,11316,22313,22315,JobState.COMPLETED,0,176.53061224489795,176.53061224489795,176.53061224489795
jid_895289,63299.0,570.0,1,1,11316,22313,22315,JobState.COMPLETED,0,176.53061224489795,176.53061224489795,176.53061224489795
jid_895289,63299.0,570.0,1,1,11316,22313,22315,JobState.COMPLETED,0,176.53061224489795,176.53061224489795,176.53061224489795
jid_895289,63299.0,570.0,1,1,11316,22313,22315,JobState.COMPLETED,0,176.53061224489795,176.53061224489795,176.53061224489795
jid_895289,63299.0,570.0,1,1,11316,22313,22315,JobState.COMPLETED,0,176.53061224489795,176.53061224489795,176.53061224489795
jid_895289,63299.0,570.0,1,2,11316,22313,22316,JobState.COMPLETED,0,176.53061224489795,176.53061224489795,353.0612244897959
jid_895289,63299.0,570.0,1,2,11316,22313,22316,JobState.COMPLETED,0,176.53061224489795,176.53061224489795,353.0612244897959
jid_895289,63299.0,570.0,1,2,11316,22313,22316,JobState.COMPLETED,0,176.53061224489795,176.53061224489795,353.0612244897959
jid_895289,63299.0,570.0,1,2,11316,22313,22316,JobState.COMPLETED,0,176.53061224489795,176.53061224489795,353.0612244897959
jid_895289,63299.0,570.0,1,2,11316,22313,22316,JobState.COMPLETED,0,176.53061224489795,176.53061224489795,353.0612244897959
jid_895289,63299.0,570.0,1,2,11316,22313,22316,JobState.COMPLETED,0,176.53061224489795,176.53061224489795,353.0612244897959
jid_895289,63299.0,570.0,1,2,11316,22313,22316,JobState.COMPLETED,0,176.53061224489795,176.53061224489795,353.0612244897959
jid_895289,63299.0,570.0,1,1,11316,22314,22316,JobState.COMPLETED,0,176.53061224489795,176.53061224489795,176.53061224489795
jid_895289,63299.0,570.0,1,1,11316,22314,22316,JobState.COMPLETED,0,176.53061224489795,176.53061224489795,176.53061224489795
jid_895289,63299.0,570.0,1,1,11316,22314,22316,JobState.COMPLETED,0,176.53061224489795,176.53061224489795,176.53061224489795
jid_895289,63299.0,570.0,1,1,11316,22314,22316,JobState.COMPLETED,0,176.53061224489795,176.53061224489795,176.53061224489795
jid_895289,63299.0,570.0,1,2,11316,22314,22317,JobState.COMPLETED,0,176.53061224489795,176.53061224489795,353.0612244897959
jid_895289,63299.0,570.0,1,2,11316,22314,22317,JobState.COMPLETED,0,176.53061224489795,176.53061224489795,353.0612244897959
jid_895289,63299.0,570.0,1,2,11316,22314,22317,JobState.COMPLETED,0,176.53061224489795,176.53061224489795,353.0612244897959
jid_895289,63299.0,570.0,1,2,11316,22314,22317,JobState.COMPLETED,0,176.53061224489795,176.53061224489795,353.0612244897959
jid_895289,63299.0,570.0,1,2,11316,22314,22317,JobState.COMPLETED,0,176.53061224489795,176.53061224489795,353.0612244897959
jid_895289,63299.0,570.0,1,1,11316,22315,22317,JobState.COMPLETED,0,176.53061224489795,176.53061224489795,176.53061224489795
jid_895289,63299.0,570.0,1,1,11316,22315,22317,JobState.COMPLETED,0,176.53061224489795,176.53061224489795,176.53061224489795
jid_895289,63299.0,570.0,1,1,11316,22315,22317,JobState.COMPLETED,0,176.53061224489795,176.53061224489795,176.53061224489795
jid_895289,63299.0,570.0,1,1,11316,22315,22317,JobState.COMPLETED,0,176.53061224489795,176.53061224489795,176.53061224489795
jid_895289,63299.0,570.0,1,1,11316,22315,22317,JobState.COMPLETED,0,176.53061224489795,176.53061224489795,176.53061224489795
jid_895289,63299.0,570.0,1,1,11316,22315,22317,JobState.COMPLETED,0,176.53061224489795,176.53061224489795,176.53061224489795
jid_895289,63299.0,570.0,1,1,11316,22315,22317,JobState.COMPLETED,0,176.53061224489795,176.53061224489795,176.53061224489795
jid_895289,63299.0,570.0,1,1,11316,22315,22317,JobState.COMPLETED,0,176.53061224489795,176.53061224489795,176.53061224489795
jid_895289,63299.0,570.0,1,1,11316,22315,22317,JobState.COMPLETED,0,176.53061224489795,176.53061224489795,176.53061224489795
jid_895289,63299.0,570.0,1,2,11316,22315,22318,JobState.COMPLETED,0,176.53061224489795,176.53061224489795,353.0612244897959
jid_895289,63299.0,570.0,1,2,11316,22315,22318,JobState.COMPLETED,0,176.53061224489795,176.53061224489795,353.0612244897959
jid_895289,63299.0,570.0,1,2,11316,22315,22318,JobState.COMPLETED,0,176.53061224489795,176.53061224489795,353.0612244897959
jid_895289,63299.0,570.0,1,2,11316,22315,22318,JobState.COMPLETED,0,176.53061224489795,176.53061224489795,353.0612244897959
jid_895289,63299.0,570.0,1,2,11316,22315,22318,JobState.COMPLETED,0,176.53061224489795,176.53061224489795,353.0612244897959
jid_895289,63299.0,570.0,1,2,11316,22315,22318,JobState.COMPLETED,0,176.53061224489795,176.53061224489795,353.0612244897959
jid_895289,63299.0,570.0,1,2,11316,22315,22318,JobState.COMPLETED,0,176.53061224489795,176.53061224489795,353.0612244897959
jid_895289,63299.0,570.0,1,2,11316,22315,22318,JobState.COMPLETED,0,176.53061224489795,176.53061224489795,353.0612244897959
jid_895289,63299.0,570.0,1,2,11316,22315,22318,JobState.COMPLETED,0,176.53061224489795,176.53061224489795,353.0612244897959
jid_895289,63299.0,570.0,1,2,11316,22315,22318,JobState.COMPLETED,0,176.53061224489795,176.53061224489795,353.0612244897959
jid_895289,63299.0,570.0,1,1,11316,22316,22318,JobState.COMPLETED,0,176.53061224489795,176.53061224489795,176.53061224489795
jid_895289,63299.0,570.0,1,1,11316,22316,22318,JobState.COMPLETED,0,176.53061224489795,176.53061224489795,176.53061224489795
jid_895289,63299.0,570.0,1,2,11316,22316,22319,JobState.COMPLETED,0,176.53061224489795,176.53061224489795,353.0612244897959
jid_895289,63299.0,570.0,1,2,11316,22316,22319,JobState.COMPLETED,0,176.53061224489795,176.53061224489795,353.0612244897959
jid_895289,63299.0,570.0,1,2,11316,22316,22319,JobState.COMPLETED,0,176.53061224489795,176.53061224489795,353.0612244897959
jid_895289,63299.0,570.0,1,2,11316,22316,22319,JobState.COMPLETED,0,176.53061224489795,176.53061224489795,353.0612244897959
jid_895289,63299.0,570.0,1,2,11316,22316,22319,JobState.COMPLETED,0,176.53061224489795,176.53061224489795,353.0612244897959
jid_895289,63299.0,570.0,1,2,11316,22316,22319,JobState.COMPLETED,0,176.53061224489795,176.53061224489795,353.0612244897959
jid_895289,63299.0,570.0,1,2,11316,22316,22319,JobState.COMPLETED,0,176.53061224489795,176.53061224489795,353.0612244897959
jid_895289,63299.0,570.0,1,2,11316,22316,22319,JobState.COMPLETED,0,176.53061224489795,176.53061224489795,353.0612244897959
jid_895289,63299.0,570.0,1,2,11316,22316,22319,JobState.COMPLETED,0,176.53061224489795,176.53061224489795,353.0612244897959
jid_895289,63299.0,570.0,1,1,11316,22317,22319,JobState.COMPLETED,0,176.53061224489795,176.53061224489795,176.53061224489795
jid_895289,63299.0,570.0,1,1,11316,22317,22319,JobState.COMPLETED,0,176.53061224489795,176.53061224489795,176.53061224489795
jid_895289,63299.0,570.0,1,1,11316,22317,22319,JobState.COMPLETED,0,176.53061224489795,176.53061224489795,176.53061224489795
jid_895289,63299.0,570.0,1,1,11316,22317,22319,JobState.COMPLETED,0,176.53061224489795,176.53061224489795,176.53061224489795
jid_895289,63299.0,570.0,1,1,11316,22317,22319,JobState.COMPLETED,0,176.53061224489795,176.53061224489795,176.53061224489795
jid_895289,63299.0,570.0,1,1,11316,22317,22319,JobState.COMPLETED,0,176.53061224489795,176.53061224489795,176.53061224489795
jid_895289,63299.0,570.0,1,1,11316,22317,22319,JobState.COMPLETED,0,176.53061224489795,176.53061224489795,176.53061224489795
jid_895289,63299.0,570.0,1,1,11316,22317,22319,JobState.COMPLETED,0,176.53061224489795,176.53061224489795,176.53061224489795
jid_895289,63299.0,570.0,1,1,11316,22317,22319,JobState.COMPLETED,0,176.53061224489795,176.53061224489795,176.53061224489795
jid_895274,92940.0,168.0,1,62,11166,22257,22320,JobState.COMPLETED,0,176.53061224489798,176.53061224489795,10944.897959183674
jid_895296,92940.0,168.0,1,47,11287,22272,22320,JobState.COMPLETED,0,176.53061224489795,176.53061224489795,8296.938775510203
jid_895289,63299.0,570.0,1,2,11316,22317,22320,JobState.COMPLETED,0,176.53061224489795,176.53061224489795,353.0612244897959
jid_895289,63299.0,570.0,1,2,11316,22317,22320,JobState.COMPLETED,0,176.53061224489795,176.53061224489795,353.0612244897959
jid_895289,63299.0,570.0,1,2,11316,22317,22320,JobState.COMPLETED,0,176.53061224489795,176.53061224489795,353.0612244897959
jid_895289,63299.0,570.0,1,2,11316,22317,22320,JobState.COMPLETED,0,176.53061224489795,176.53061224489795,353.0612244897959
jid_895289,63299.0,570.0,1,2,11316,22317,22320,JobState.COMPLETED,0,176.53061224489795,176.53061224489795,353.0612244897959
jid_895289,63299.0,570.0,1,1,11316,22318,22320,JobState.COMPLETED,0,176.53061224489795,176.53061224489795,176.53061224489795
jid_895289,63299.0,570.0,1,1,11316,22318,22320,JobState.COMPLETED,0,176.53061224489795,176.53061224489795,176.53061224489795
jid_895289,63299.0,570.0,1,1,11316,22318,22320,JobState.COMPLETED,0,176.53061224489795,176.53061224489795,176.53061224489795
jid_895289,63299.0,570.0,1,1,11316,22318,22320,JobState.COMPLETED,0,176.53061224489795,176.53061224489795,176.53061224489795
jid_895289,63299.0,570.0,1,1,11316,22318,22320,JobState.COMPLETED,0,176.53061224489795,176.53061224489795,176.53061224489795
jid_895289,63299.0,570.0,1,2,11316,22318,22321,JobState.COMPLETED,0,176.53061224489795,176.53061224489795,353.0612244897959
jid_895289,63299.0,570.0,1,2,11316,22318,22321,JobState.COMPLETED,0,176.53061224489795,176.53061224489795,353.0612244897959
jid_895289,63299.0,570.0,1,2,11316,22318,22321,JobState.COMPLETED,0,176.53061224489795,176.53061224489795,353.0612244897959
jid_895289,63299.0,570.0,1,2,11316,22318,22321,JobState.COMPLETED,0,176.53061224489795,176.53061224489795,353.0612244897959
jid_895289,63299.0,570.0,1,2,11316,22318,22321,JobState.COMPLETED,0,176.53061224489795,176.53061224489795,353.0612244897959
jid_895289,63299.0,570.0,1,2,11316,22318,22321,JobState.COMPLETED,0,176.53061224489795,176.53061224489795,353.0612244897959
jid_895289,63299.0,570.0,1,2,11316,22318,22321,JobState.COMPLETED,0,176.53061224489795,176.53061224489795,353.0612244897959
jid_895289,63299.0,570.0,1,1,11316,22319,22321,JobState.COMPLETED,0,176.53061224489795,176.53061224489795,176.53061224489795
jid_895289,63299.0,570.0,1,1,11316,22319,22321,JobState.COMPLETED,0,176.53061224489795,176.53061224489795,176.53061224489795
jid_895289,63299.0,570.0,1,1,11316,22319,22321,JobState.COMPLETED,0,176.53061224489795,176.53061224489795,176.53061224489795
jid_895289,63299.0,570.0,1,1,11316,22319,22321,JobState.COMPLETED,0,176.53061224489795,176.53061224489795,176.53061224489795
jid_895289,63299.0,570.0,1,2,11316,22319,22322,JobState.COMPLETED,0,176.53061224489795,176.53061224489795,353.0612244897959
jid_895289,63299.0,570.0,1,2,11316,22319,22322,JobState.COMPLETED,0,176.53061224489795,176.53061224489795,353.0612244897959
jid_895289,63299.0,570.0,1,2,11316,22319,22322,JobState.COMPLETED,0,176.53061224489795,176.53061224489795,353.0612244897959
jid_895289,63299.0,570.0,1,2,11316,22319,22322,JobState.COMPLETED,0,176.53061224489795,176.53061224489795,353.0612244897959
jid_895289,63299.0,570.0,1,2,11316,22319,22322,JobState.COMPLETED,0,176.53061224489795,176.53061224489795,353.0612244897959
jid_895289,63299.0,570.0,1,2,11316,22319,22322,JobState.COMPLETED,0,176.53061224489795,176.53061224489795,353.0612244897959
jid_895289,63299.0,570.0,1,2,11316,22319,22322,JobState.COMPLETED,0,176.53061224489795,176.53061224489795,353.0612244897959
jid_895289,63299.0,570.0,1,2,11316,22319,22322,JobState.COMPLETED,0,176.53061224489795,176.53061224489795,353.0612244897959
jid_895289,63299.0,570.0,1,2,11316,22319,22322,JobState.COMPLETED,0,176.53061224489795,176.53061224489795,353.0612244897959
jid_895289,63299.0,570.0,1,2,11316,22319,22322,JobState.COMPLETED,0,176.53061224489795,176.53061224489795,353.0612244897959
jid_895289,63299.0,570.0,1,2,11316,22319,22322,JobState.COMPLETED,0,176.53061224489795,176.53061224489795,353.0612244897959
jid_895289,63299.0,570.0,1,2,11316,22319,22322,JobState.COMPLETED,0,176.53061224489795,176.53061224489795,353.0612244897959
jid_895289,63299.0,570.0,1,2,11316,22319,22322,JobState.COMPLETED,0,176.53061224489795,176.53061224489795,353.0612244897959
jid_895289,63299.0,570.0,1,2,11316,22319,22322,JobState.COMPLETED,0,176.53061224489795,176.53061224489795,353.0612244897959
jid_895289,63299.0,570.0,1,1,11316,22320,22322,JobState.COMPLETED,0,176.53061224489795,176.53061224489795,176.53061224489795
jid_895289,63299.0,570.0,1,1,11316,22320,22322,JobState.COMPLETED,0,176.53061224489795,176.53061224489795,176.53061224489795
jid_895289,63299.0,570.0,1,1,11316,22320,22322,JobState.COMPLETED,0,176.53061224489795,176.53061224489795,176.53061224489795
jid_895289,63299.0,570.0,1,1,11316,22320,22322,JobState.COMPLETED,0,176.53061224489795,176.53061224489795,176.53061224489795
jid_895289,63299.0,570.0,1,1,11316,22320,22322,JobState.COMPLETED,0,176.53061224489795,176.53061224489795,176.53061224489795
jid_895269,92940.0,168.0,1,65,11138,22257,22323,JobState.COMPLETED,0,176.53061224489798,176.53061224489795,11474.489795918369
jid_895289,63299.0,570.0,1,2,11316,22320,22323,JobState.COMPLETED,0,176.53061224489795,176.53061224489795,353.0612244897959
jid_895289,63299.0,570.0,1,2,11316,22320,22323,JobState.COMPLETED,0,176.53061224489795,176.53061224489795,353.0612244897959
jid_895289,63299.0,570.0,1,2,11316,22320,22323,JobState.COMPLETED,0,176.53061224489795,176.53061224489795,353.0612244897959
jid_895289,63299.0,570.0,1,2,11316,22320,22323,JobState.COMPLETED,0,176.53061224489795,176.53061224489795,353.0612244897959
jid_895289,63299.0,570.0,1,2,11316,22320,22323,JobState.COMPLETED,0,176.53061224489795,176.53061224489795,353.0612244897959
jid_895289,63299.0,570.0,1,2,11316,22320,22323,JobState.COMPLETED,0,176.53061224489795,176.53061224489795,353.0612244897959
jid_895289,63299.0,570.0,1,2,11316,22320,22323,JobState.COMPLETED,0,176.53061224489795,176.53061224489795,353.0612244897959
jid_895289,63299.0,570.0,1,1,11316,22321,22323,JobState.COMPLETED,0,176.53061224489795,176.53061224489795,176.53061224489795
jid_895289,63299.0,570.0,1,1,11316,22321,22323,JobState.COMPLETED,0,176.53061224489795,176.53061224489795,176.53061224489795
jid_895289,63299.0,570.0,1,1,11316,22321,22323,JobState.COMPLETED,0,176.53061224489795,176.53061224489795,176.53061224489795
jid_895289,63299.0,570.0,1,1,11316,22321,22323,JobState.COMPLETED,0,176.53061224489795,176.53061224489795,176.53061224489795
jid_895289,63299.0,570.0,1,1,11316,22321,22323,JobState.COMPLETED,0,176.53061224489795,176.53061224489795,176.53061224489795
jid_895289,63299.0,570.0,1,2,11316,22321,22324,JobState.COMPLETED,0,176.53061224489795,176.53061224489795,353.0612244897959
jid_895289,63299.0,570.0,1,2,11316,22321,22324,JobState.COMPLETED,0,176.53061224489795,176.53061224489795,353.0612244897959
jid_895289,63299.0,570.0,1,2,11316,22321,22324,JobState.COMPLETED,0,176.53061224489795,176.53061224489795,353.0612244897959
jid_895289,63299.0,570.0,1,2,11316,22321,22324,JobState.COMPLETED,0,176.53061224489795,176.53061224489795,353.0612244897959
jid_895289,63299.0,570.0,1,2,11316,22321,22324,JobState.COMPLETED,0,176.53061224489795,176.53061224489795,353.0612244897959
jid_895289,63299.0,570.0,1,2,11316,22321,22324,JobState.COMPLETED,0,176.53061224489795,176.53061224489795,353.0612244897959
jid_895289,63299.0,570.0,1,1,11316,22322,22324,JobState.COMPLETED,0,176.53061224489795,176.53061224489795,176.53061224489795
jid_895289,63299.0,570.0,1,1,11316,22322,22324,JobState.COMPLETED,0,176.53061224489795,176.53061224489795,176.53061224489795
jid_895289,63299.0,570.0,1,1,11316,22322,22324,JobState.COMPLETED,0,176.53061224489795,176.53061224489795,176.53061224489795
jid_895289,63299.0,570.0,1,1,11316,22322,22324,JobState.COMPLETED,0,176.53061224489795,176.53061224489795,176.53061224489795
jid_895289,63299.0,570.0,1,1,11316,22322,22324,JobState.COMPLETED,0,176.53061224489795,176.53061224489795,176.53061224489795
jid_895289,63299.0,570.0,1,1,11316,22322,22324,JobState.COMPLETED,0,176.53061224489795,176.53061224489795,176.53061224489795
jid_895289,63299.0,570.0,1,1,11316,22322,22324,JobState.COMPLETED,0,176.53061224489795,176.53061224489795,176.53061224489795
jid_895289,63299.0,570.0,1,1,11316,22322,22324,JobState.COMPLETED,0,176.53061224489795,176.53061224489795,176.53061224489795
jid_895083,63299.0,570.0,1,728,9620,21596,22325,JobState.COMPLETED,0,176.53061224489815,176.53061224489795,128514.28571428586
jid_895147,92940.0,168.0,1,196,10073,22128,22325,JobState.COMPLETED,0,176.5306122448979,176.53061224489795,34599.999999999985
jid_895289,63299.0,570.0,1,2,11316,22322,22325,JobState.COMPLETED,0,176.53061224489795,176.53061224489795,353.0612244897959
jid_895289,63299.0,570.0,1,2,11316,22322,22325,JobState.COMPLETED,0,176.53061224489795,176.53061224489795,353.0612244897959
jid_895289,63299.0,570.0,1,2,11316,22322,22325,JobState.COMPLETED,0,176.53061224489795,176.53061224489795,353.0612244897959
jid_895289,63299.0,570.0,1,2,11316,22322,22325,JobState.COMPLETED,0,176.53061224489795,176.53061224489795,353.0612244897959
jid_895289,63299.0,570.0,1,2,11316,22322,22325,JobState.COMPLETED,0,176.53061224489795,176.53061224489795,353.0612244897959
jid_895289,63299.0,570.0,1,2,11316,22322,22325,JobState.COMPLETED,0,176.53061224489795,176.53061224489795,353.0612244897959
jid_895289,63299.0,570.0,1,2,11316,22322,22325,JobState.COMPLETED,0,176.53061224489795,176.53061224489795,353.0612244897959
jid_895289,63299.0,570.0,1,2,11316,22322,22325,JobState.COMPLETED,0,176.53061224489795,176.53061224489795,353.0612244897959
jid_895289,63299.0,570.0,1,2,11316,22322,22325,JobState.COMPLETED,0,176.53061224489795,176.53061224489795,353.0612244897959
jid_895289,63299.0,570.0,1,2,11316,22322,22325,JobState.COMPLETED,0,176.53061224489795,176.53061224489795,353.0612244897959
jid_895289,63299.0,570.0,1,2,11316,22322,22325,JobState.COMPLETED,0,176.53061224489795,176.53061224489795,353.0612244897959
jid_895289,63299.0,570.0,1,1,11316,22323,22325,JobState.COMPLETED,0,176.53061224489795,176.53061224489795,176.53061224489795
jid_895289,63299.0,570.0,1,1,11316,22323,22325,JobState.COMPLETED,0,176.53061224489795,176.53061224489795,176.53061224489795
jid_895289,63299.0,570.0,1,1,11316,22323,22325,JobState.COMPLETED,0,176.53061224489795,176.53061224489795,176.53061224489795
jid_895289,63299.0,570.0,1,1,11316,22323,22325,JobState.COMPLETED,0,176.53061224489795,176.53061224489795,176.53061224489795
jid_895289,63299.0,570.0,1,1,11316,22323,22325,JobState.COMPLETED,0,176.53061224489795,176.53061224489795,176.53061224489795
jid_895289,63299.0,570.0,1,1,11316,22323,22325,JobState.COMPLETED,0,176.53061224489795,176.53061224489795,176.53061224489795
jid_895289,63299.0,570.0,1,2,11316,22323,22326,JobState.COMPLETED,0,176.53061224489795,176.53061224489795,353.0612244897959
jid_895289,63299.0,570.0,1,2,11316,22323,22326,JobState.COMPLETED,0,176.53061224489795,176.53061224489795,353.0612244897959
jid_895289,63299.0,570.0,1,2,11316,22323,22326,JobState.COMPLETED,0,176.53061224489795,176.53061224489795,353.0612244897959
jid_895289,63299.0,570.0,1,2,11316,22323,22326,JobState.COMPLETED,0,176.53061224489795,176.53061224489795,353.0612244897959
jid_895289,63299.0,570.0,1,2,11316,22323,22326,JobState.COMPLETED,0,176.53061224489795,176.53061224489795,353.0612244897959
jid_895289,63299.0,570.0,1,2,11316,22323,22326,JobState.COMPLETED,0,176.53061224489795,176.53061224489795,353.0612244897959
jid_895289,63299.0,570.0,1,2,11316,22323,22326,JobState.COMPLETED,0,176.53061224489795,176.53061224489795,353.0612244897959
jid_895289,63299.0,570.0,1,1,11316,22324,22326,JobState.COMPLETED,0,176.53061224489795,176.53061224489795,176.53061224489795
jid_895289,63299.0,570.0,1,1,11316,22324,22326,JobState.COMPLETED,0,176.53061224489795,176.53061224489795,176.53061224489795
jid_895289,63299.0,570.0,1,1,11316,22324,22326,JobState.COMPLETED,0,176.53061224489795,176.53061224489795,176.53061224489795
jid_895289,63299.0,570.0,1,1,11316,22324,22326,JobState.COMPLETED,0,176.53061224489795,176.53061224489795,176.53061224489795
jid_895289,63299.0,570.0,1,1,11316,22324,22326,JobState.COMPLETED,0,176.53061224489795,176.53061224489795,176.53061224489795
jid_895289,63299.0,570.0,1,1,11316,22324,22326,JobState.COMPLETED,0,176.53061224489795,176.53061224489795,176.53061224489795
jid_895289,63299.0,570.0,1,2,11316,22324,22327,JobState.COMPLETED,0,176.53061224489795,176.53061224489795,353.0612244897959
jid_895289,63299.0,570.0,1,2,11316,22324,22327,JobState.COMPLETED,0,176.53061224489795,176.53061224489795,353.0612244897959
jid_895289,63299.0,570.0,1,2,11316,22324,22327,JobState.COMPLETED,0,176.53061224489795,176.53061224489795,353.0612244897959
jid_895289,63299.0,570.0,1,2,11316,22324,22327,JobState.COMPLETED,0,176.53061224489795,176.53061224489795,353.0612244897959
jid_895289,63299.0,570.0,1,2,11316,22324,22327,JobState.COMPLETED,0,176.53061224489795,176.53061224489795,353.0612244897959
jid_895289,63299.0,570.0,1,2,11316,22324,22327,JobState.COMPLETED,0,176.53061224489795,176.53061224489795,353.0612244897959
jid_895289,63299.0,570.0,1,2,11316,22324,22327,JobState.COMPLETED,0,176.53061224489795,176.53061224489795,353.0612244897959
jid_895289,63299.0,570.0,1,2,11316,22324,22327,JobState.COMPLETED,0,176.53061224489795,176.53061224489795,353.0612244897959
jid_895289,63299.0,570.0,1,1,11316,22325,22327,JobState.COMPLETED,0,176.53061224489795,176.53061224489795,176.53061224489795
jid_895289,63299.0,570.0,1,1,11316,22325,22327,JobState.COMPLETED,0,176.53061224489795,176.53061224489795,176.53061224489795
jid_895289,63299.0,570.0,1,1,11316,22325,22327,JobState.COMPLETED,0,176.53061224489795,176.53061224489795,176.53061224489795
jid_895289,63299.0,570.0,1,1,11316,22325,22327,JobState.COMPLETED,0,176.53061224489795,176.53061224489795,176.53061224489795
jid_895289,63299.0,570.0,1,1,11316,22325,22327,JobState.COMPLETED,0,176.53061224489795,176.53061224489795,176.53061224489795
jid_895289,63299.0,570.0,1,1,11316,22325,22327,JobState.COMPLETED,0,176.53061224489795,176.53061224489795,176.53061224489795
jid_895289,63299.0,570.0,1,1,11316,22325,22327,JobState.COMPLETED,0,176.53061224489795,176.53061224489795,176.53061224489795
jid_895289,63299.0,570.0,1,1,11316,22325,22327,JobState.COMPLETED,0,176.53061224489795,176.53061224489795,176.53061224489795
jid_895289,63299.0,570.0,1,1,11316,22325,22327,JobState.COMPLETED,0,176.53061224489795,176.53061224489795,176.53061224489795
jid_895289,63299.0,570.0,1,1,11316,22325,22327,JobState.COMPLETED,0,176.53061224489795,176.53061224489795,176.53061224489795
jid_895289,63299.0,570.0,1,2,11316,22325,22328,JobState.COMPLETED,0,176.53061224489795,176.53061224489795,353.0612244897959
jid_895289,63299.0,570.0,1,2,11316,22325,22328,JobState.COMPLETED,0,176.53061224489795,176.53061224489795,353.0612244897959
jid_895289,63299.0,570.0,1,2,11316,22325,22328,JobState.COMPLETED,0,176.53061224489795,176.53061224489795,353.0612244897959
jid_895289,63299.0,570.0,1,2,11316,22325,22328,JobState.COMPLETED,0,176.53061224489795,176.53061224489795,353.0612244897959
jid_895289,63299.0,570.0,1,2,11316,22325,22328,JobState.COMPLETED,0,176.53061224489795,176.53061224489795,353.0612244897959
jid_895289,63299.0,570.0,1,2,11316,22325,22328,JobState.COMPLETED,0,176.53061224489795,176.53061224489795,353.0612244897959
jid_895289,63299.0,570.0,1,2,11316,22325,22328,JobState.COMPLETED,0,176.53061224489795,176.53061224489795,353.0612244897959
jid_895289,63299.0,570.0,1,2,11316,22325,22328,JobState.COMPLETED,0,176.53061224489795,176.53061224489795,353.0612244897959
jid_895289,63299.0,570.0,1,2,11316,22325,22328,JobState.COMPLETED,0,176.53061224489795,176.53061224489795,353.0612244897959
jid_895289,63299.0,570.0,1,1,11316,22326,22328,JobState.COMPLETED,0,176.53061224489795,176.53061224489795,176.53061224489795
jid_895289,63299.0,570.0,1,1,11316,22326,22328,JobState.COMPLETED,0,176.53061224489795,176.53061224489795,176.53061224489795
jid_895289,63299.0,570.0,1,1,11316,22326,22328,JobState.COMPLETED,0,176.53061224489795,176.53061224489795,176.53061224489795
jid_895289,63299.0,570.0,1,1,11316,22326,22328,JobState.COMPLETED,0,176.53061224489795,176.53061224489795,176.53061224489795
jid_895289,63299.0,570.0,1,1,11316,22326,22328,JobState.COMPLETED,0,176.53061224489795,176.53061224489795,176.53061224489795
jid_895289,63299.0,570.0,1,1,11316,22326,22328,JobState.COMPLETED,0,176.53061224489795,176.53061224489795,176.53061224489795
jid_895289,63299.0,570.0,1,1,11316,22326,22328,JobState.COMPLETED,0,176.53061224489795,176.53061224489795,176.53061224489795
jid_895289,63299.0,570.0,1,2,11316,22326,22329,JobState.COMPLETED,0,176.53061224489795,176.53061224489795,353.0612244897959
jid_895289,63299.0,570.0,1,2,11316,22326,22329,JobState.COMPLETED,0,176.53061224489795,176.53061224489795,353.0612244897959
jid_895289,63299.0,570.0,1,2,11316,22326,22329,JobState.COMPLETED,0,176.53061224489795,176.53061224489795,353.0612244897959
jid_895289,63299.0,570.0,1,2,11316,22326,22329,JobState.COMPLETED,0,176.53061224489795,176.53061224489795,353.0612244897959
jid_895289,63299.0,570.0,1,2,11316,22326,22329,JobState.COMPLETED,0,176.53061224489795,176.53061224489795,353.0612244897959
jid_895289,63299.0,570.0,1,2,11316,22326,22329,JobState.COMPLETED,0,176.53061224489795,176.53061224489795,353.0612244897959
jid_895289,63299.0,570.0,1,1,11316,22327,22329,JobState.COMPLETED,0,176.53061224489795,176.53061224489795,176.53061224489795
jid_895289,63299.0,570.0,1,1,11316,22327,22329,JobState.COMPLETED,0,176.53061224489795,176.53061224489795,176.53061224489795
jid_895289,63299.0,570.0,1,1,11316,22327,22329,JobState.COMPLETED,0,176.53061224489795,176.53061224489795,176.53061224489795
jid_895289,63299.0,570.0,1,1,11316,22327,22329,JobState.COMPLETED,0,176.53061224489795,176.53061224489795,176.53061224489795
jid_895289,63299.0,570.0,1,1,11316,22327,22329,JobState.COMPLETED,0,176.53061224489795,176.53061224489795,176.53061224489795
jid_895289,63299.0,570.0,1,1,11316,22327,22329,JobState.COMPLETED,0,176.53061224489795,176.53061224489795,176.53061224489795
jid_895289,63299.0,570.0,1,1,11316,22327,22329,JobState.COMPLETED,0,176.53061224489795,176.53061224489795,176.53061224489795
jid_895289,63299.0,570.0,1,2,11316,22327,22330,JobState.COMPLETED,0,176.53061224489795,176.53061224489795,353.0612244897959
jid_895289,63299.0,570.0,1,2,11316,22327,22330,JobState.COMPLETED,0,176.53061224489795,176.53061224489795,353.0612244897959
jid_895289,63299.0,570.0,1,2,11316,22327,22330,JobState.COMPLETED,0,176.53061224489795,176.53061224489795,353.0612244897959
jid_895289,63299.0,570.0,1,2,11316,22327,22330,JobState.COMPLETED,0,176.53061224489795,176.53061224489795,353.0612244897959
jid_895289,63299.0,570.0,1,2,11316,22327,22330,JobState.COMPLETED,0,176.53061224489795,176.53061224489795,353.0612244897959
jid_895289,63299.0,570.0,1,2,11316,22327,22330,JobState.COMPLETED,0,176.53061224489795,176.53061224489795,353.0612244897959
jid_895289,63299.0,570.0,1,2,11316,22327,22330,JobState.COMPLETED,0,176.53061224489795,176.53061224489795,353.0612244897959
jid_895289,63299.0,570.0,1,2,11316,22327,22330,JobState.COMPLETED,0,176.53061224489795,176.53061224489795,353.0612244897959
jid_895289,63299.0,570.0,1,2,11316,22327,22330,JobState.COMPLETED,0,176.53061224489795,176.53061224489795,353.0612244897959
jid_895289,63299.0,570.0,1,2,11316,22327,22330,JobState.COMPLETED,0,176.53061224489795,176.53061224489795,353.0612244897959
jid_895289,63299.0,570.0,1,2,11316,22327,22330,JobState.COMPLETED,0,176.53061224489795,176.53061224489795,353.0612244897959
jid_895289,63299.0,570.0,1,1,11316,22328,22330,JobState.COMPLETED,0,176.53061224489795,176.53061224489795,176.53061224489795
jid_895289,63299.0,570.0,1,1,11316,22328,22330,JobState.COMPLETED,0,176.53061224489795,176.53061224489795,176.53061224489795
jid_895289,63299.0,570.0,1,1,11316,22328,22330,JobState.COMPLETED,0,176.53061224489795,176.53061224489795,176.53061224489795
jid_895289,63299.0,570.0,1,1,11316,22328,22330,JobState.COMPLETED,0,176.53061224489795,176.53061224489795,176.53061224489795
jid_895289,63299.0,570.0,1,1,11316,22328,22330,JobState.COMPLETED,0,176.53061224489795,176.53061224489795,176.53061224489795
jid_895289,63299.0,570.0,1,1,11316,22328,22330,JobState.COMPLETED,0,176.53061224489795,176.53061224489795,176.53061224489795
jid_895289,63299.0,570.0,1,1,11316,22328,22330,JobState.COMPLETED,0,176.53061224489795,176.53061224489795,176.53061224489795
jid_895289,63299.0,570.0,1,1,11316,22328,22330,JobState.COMPLETED,0,176.53061224489795,176.53061224489795,176.53061224489795
jid_895289,63299.0,570.0,1,1,11316,22328,22330,JobState.COMPLETED,0,176.53061224489795,176.53061224489795,176.53061224489795
jid_895256,92940.0,168.0,1,88,11033,22242,22331,JobState.COMPLETED,0,176.53061224489795,176.53061224489795,15534.69387755102
jid_895289,63299.0,570.0,1,2,11316,22328,22331,JobState.COMPLETED,0,176.53061224489795,176.53061224489795,353.0612244897959
jid_895289,63299.0,570.0,1,2,11316,22328,22331,JobState.COMPLETED,0,176.53061224489795,176.53061224489795,353.0612244897959
jid_895289,63299.0,570.0,1,2,11316,22328,22331,JobState.COMPLETED,0,176.53061224489795,176.53061224489795,353.0612244897959
jid_895289,63299.0,570.0,1,2,11316,22328,22331,JobState.COMPLETED,0,176.53061224489795,176.53061224489795,353.0612244897959
jid_895289,63299.0,570.0,1,2,11316,22328,22331,JobState.COMPLETED,0,176.53061224489795,176.53061224489795,353.0612244897959
jid_895289,63299.0,570.0,1,2,11316,22328,22331,JobState.COMPLETED,0,176.53061224489795,176.53061224489795,353.0612244897959
jid_895289,63299.0,570.0,1,2,11316,22328,22331,JobState.COMPLETED,0,176.53061224489795,176.53061224489795,353.0612244897959
jid_895289,63299.0,570.0,1,1,11316,22329,22331,JobState.COMPLETED,0,176.53061224489795,176.53061224489795,176.53061224489795
jid_895289,63299.0,570.0,1,1,11316,22329,22331,JobState.COMPLETED,0,176.53061224489795,176.53061224489795,176.53061224489795
jid_895289,63299.0,570.0,1,1,11316,22329,22331,JobState.COMPLETED,0,176.53061224489795,176.53061224489795,176.53061224489795
jid_895289,63299.0,570.0,1,1,11316,22329,22331,JobState.COMPLETED,0,176.53061224489795,176.53061224489795,176.53061224489795
jid_895289,63299.0,570.0,1,1,11316,22329,22331,JobState.COMPLETED,0,176.53061224489795,176.53061224489795,176.53061224489795
jid_895289,63299.0,570.0,1,1,11316,22329,22331,JobState.COMPLETED,0,176.53061224489795,176.53061224489795,176.53061224489795
jid_895289,63299.0,570.0,1,1,11316,22329,22331,JobState.COMPLETED,0,176.53061224489795,176.53061224489795,176.53061224489795
jid_895289,63299.0,570.0,1,1,11316,22329,22331,JobState.COMPLETED,0,176.53061224489795,176.53061224489795,176.53061224489795
jid_895289,63299.0,570.0,1,1,11316,22329,22331,JobState.COMPLETED,0,176.53061224489795,176.53061224489795,176.53061224489795
jid_895289,63299.0,570.0,1,1,11316,22329,22331,JobState.COMPLETED,0,176.53061224489795,176.53061224489795,176.53061224489795
jid_895214,92940.0,168.0,1,121,10721,22210,22332,JobState.COMPLETED,0,176.5306122448979,176.53061224489795,21360.204081632644
jid_895289,63299.0,570.0,1,2,11316,22329,22332,JobState.COMPLETED,0,176.53061224489795,176.53061224489795,353.0612244897959
jid_895289,63299.0,570.0,1,2,11316,22329,22332,JobState.COMPLETED,0,176.53061224489795,176.53061224489795,353.0612244897959
jid_895289,63299.0,570.0,1,2,11316,22329,22332,JobState.COMPLETED,0,176.53061224489795,176.53061224489795,353.0612244897959
jid_895289,63299.0,570.0,1,1,11316,22330,22332,JobState.COMPLETED,0,176.53061224489795,176.53061224489795,176.53061224489795
jid_895289,63299.0,570.0,1,1,11316,22330,22332,JobState.COMPLETED,0,176.53061224489795,176.53061224489795,176.53061224489795
jid_895289,63299.0,570.0,1,1,11316,22330,22332,JobState.COMPLETED,0,176.53061224489795,176.53061224489795,176.53061224489795
jid_895289,63299.0,570.0,1,1,11316,22330,22332,JobState.COMPLETED,0,176.53061224489795,176.53061224489795,176.53061224489795
jid_895289,63299.0,570.0,1,1,11316,22330,22332,JobState.COMPLETED,0,176.53061224489795,176.53061224489795,176.53061224489795
jid_895289,63299.0,570.0,1,1,11316,22330,22332,JobState.COMPLETED,0,176.53061224489795,176.53061224489795,176.53061224489795
jid_895289,63299.0,570.0,1,1,11316,22330,22332,JobState.COMPLETED,0,176.53061224489795,176.53061224489795,176.53061224489795
jid_895289,63299.0,570.0,1,1,11316,22330,22332,JobState.COMPLETED,0,176.53061224489795,176.53061224489795,176.53061224489795
jid_895289,63299.0,570.0,1,1,11316,22330,22332,JobState.COMPLETED,0,176.53061224489795,176.53061224489795,176.53061224489795
jid_895289,63299.0,570.0,1,0,11316,22331,22332,JobState.COMPLETED,0,176.53061224489795,176.53061224489795,0.0
jid_895289,63299.0,570.0,1,2,11316,22330,22333,JobState.COMPLETED,0,176.53061224489795,176.53061224489795,353.0612244897959
jid_895289,63299.0,570.0,1,2,11316,22330,22333,JobState.COMPLETED,0,176.53061224489795,176.53061224489795,353.0612244897959
jid_895289,63299.0,570.0,1,2,11316,22330,22333,JobState.COMPLETED,0,176.53061224489795,176.53061224489795,353.0612244897959
jid_895289,63299.0,570.0,1,2,11316,22330,22333,JobState.COMPLETED,0,176.53061224489795,176.53061224489795,353.0612244897959
jid_895289,63299.0,570.0,1,2,11316,22330,22333,JobState.COMPLETED,0,176.53061224489795,176.53061224489795,353.0612244897959
jid_895289,63299.0,570.0,1,2,11316,22330,22333,JobState.COMPLETED,0,176.53061224489795,176.53061224489795,353.0612244897959
jid_895289,63299.0,570.0,1,2,11316,22330,22333,JobState.COMPLETED,0,176.53061224489795,176.53061224489795,353.0612244897959
jid_895289,63299.0,570.0,1,2,11316,22330,22333,JobState.COMPLETED,0,176.53061224489795,176.53061224489795,353.0612244897959
jid_895289,63299.0,570.0,1,2,11316,22330,22333,JobState.COMPLETED,0,176.53061224489795,176.53061224489795,353.0612244897959
jid_895289,63299.0,570.0,1,2,11316,22330,22333,JobState.COMPLETED,0,176.53061224489795,176.53061224489795,353.0612244897959
jid_895289,63299.0,570.0,1,2,11316,22330,22333,JobState.COMPLETED,0,176.53061224489795,176.53061224489795,353.0612244897959
jid_895289,63299.0,570.0,1,1,11316,22331,22333,JobState.COMPLETED,0,176.53061224489795,176.53061224489795,176.53061224489795
jid_895289,63299.0,570.0,1,1,11316,22331,22333,JobState.COMPLETED,0,176.53061224489795,176.53061224489795,176.53061224489795
jid_895289,63299.0,570.0,1,1,11316,22331,22333,JobState.COMPLETED,0,176.53061224489795,176.53061224489795,176.53061224489795
jid_895289,63299.0,570.0,1,1,11316,22331,22333,JobState.COMPLETED,0,176.53061224489795,176.53061224489795,176.53061224489795
jid_895289,63299.0,570.0,1,1,11316,22331,22333,JobState.COMPLETED,0,176.53061224489795,176.53061224489795,176.53061224489795
jid_895289,63299.0,570.0,1,1,11316,22331,22333,JobState.COMPLETED,0,176.53061224489795,176.53061224489795,176.53061224489795
jid_895289,63299.0,570.0,1,2,11316,22331,22334,JobState.COMPLETED,0,176.53061224489795,176.53061224489795,353.0612244897959
jid_895289,63299.0,570.0,1,2,11316,22331,22334,JobState.COMPLETED,0,176.53061224489795,176.53061224489795,353.0612244897959
jid_895289,63299.0,570.0,1,2,11316,22331,22334,JobState.COMPLETED,0,176.53061224489795,176.53061224489795,353.0612244897959
jid_895289,63299.0,570.0,1,2,11316,22331,22334,JobState.COMPLETED,0,176.53061224489795,176.53061224489795,353.0612244897959
jid_895289,63299.0,570.0,1,2,11316,22331,22334,JobState.COMPLETED,0,176.53061224489795,176.53061224489795,353.0612244897959
jid_895289,63299.0,570.0,1,2,11316,22331,22334,JobState.COMPLETED,0,176.53061224489795,176.53061224489795,353.0612244897959
jid_895289,63299.0,570.0,1,2,11316,22331,22334,JobState.COMPLETED,0,176.53061224489795,176.53061224489795,353.0612244897959
jid_895289,63299.0,570.0,1,2,11316,22331,22334,JobState.COMPLETED,0,176.53061224489795,176.53061224489795,353.0612244897959
jid_895289,63299.0,570.0,1,2,11316,22331,22334,JobState.COMPLETED,0,176.53061224489795,176.53061224489795,353.0612244897959
jid_895289,63299.0,570.0,1,2,11316,22331,22334,JobState.COMPLETED,0,176.53061224489795,176.53061224489795,353.0612244897959
jid_895289,63299.0,570.0,1,1,11316,22332,22334,JobState.COMPLETED,0,176.53061224489795,176.53061224489795,176.53061224489795
jid_895289,63299.0,570.0,1,1,11316,22332,22334,JobState.COMPLETED,0,176.53061224489795,176.53061224489795,176.53061224489795
jid_895289,63299.0,570.0,1,1,11316,22332,22334,JobState.COMPLETED,0,176.53061224489795,176.53061224489795,176.53061224489795
jid_895289,63299.0,570.0,1,1,11316,22332,22334,JobState.COMPLETED,0,176.53061224489795,176.53061224489795,176.53061224489795
jid_895289,63299.0,570.0,1,1,11316,22332,22334,JobState.COMPLETED,0,176.53061224489795,176.53061224489795,176.53061224489795
jid_895289,63299.0,570.0,1,2,11316,22332,22335,JobState.COMPLETED,0,176.53061224489795,176.53061224489795,353.0612244897959
jid_895289,63299.0,570.0,1,2,11316,22332,22335,JobState.COMPLETED,0,176.53061224489795,176.53061224489795,353.0612244897959
jid_895289,63299.0,570.0,1,2,11316,22332,22335,JobState.COMPLETED,0,176.53061224489795,176.53061224489795,353.0612244897959
jid_895289,63299.0,570.0,1,2,11316,22332,22335,JobState.COMPLETED,0,176.53061224489795,176.53061224489795,353.0612244897959
jid_895289,63299.0,570.0,1,2,11316,22332,22335,JobState.COMPLETED,0,176.53061224489795,176.53061224489795,353.0612244897959
jid_895289,63299.0,570.0,1,2,11316,22332,22335,JobState.COMPLETED,0,176.53061224489795,176.53061224489795,353.0612244897959
jid_895289,63299.0,570.0,1,2,11316,22332,22335,JobState.COMPLETED,0,176.53061224489795,176.53061224489795,353.0612244897959
jid_895289,63299.0,570.0,1,2,11316,22332,22335,JobState.COMPLETED,0,176.53061224489795,176.53061224489795,353.0612244897959
jid_895289,63299.0,570.0,1,2,11316,22332,22335,JobState.COMPLETED,0,176.53061224489795,176.53061224489795,353.0612244897959
jid_895289,63299.0,570.0,1,1,11316,22333,22335,JobState.COMPLETED,0,176.53061224489795,176.53061224489795,176.53061224489795
jid_895289,63299.0,570.0,1,1,11316,22333,22335,JobState.COMPLETED,0,176.53061224489795,176.53061224489795,176.53061224489795
jid_895289,63299.0,570.0,1,1,11316,22333,22335,JobState.COMPLETED,0,176.53061224489795,176.53061224489795,176.53061224489795
jid_895289,63299.0,570.0,1,1,11316,22333,22335,JobState.COMPLETED,0,176.53061224489795,176.53061224489795,176.53061224489795
jid_895289,63299.0,570.0,1,1,11316,22333,22335,JobState.COMPLETED,0,176.53061224489795,176.53061224489795,176.53061224489795
jid_895289,63299.0,570.0,1,4,11316,22331,22336,JobState.COMPLETED,0,176.53061224489795,176.53061224489795,706.1224489795918
jid_895289,63299.0,570.0,1,2,11316,22333,22336,JobState.COMPLETED,0,176.53061224489795,176.53061224489795,353.0612244897959
jid_895289,63299.0,570.0,1,2,11316,22333,22336,JobState.COMPLETED,0,176.53061224489795,176.53061224489795,353.0612244897959
jid_895289,63299.0,570.0,1,2,11316,22333,22336,JobState.COMPLETED,0,176.53061224489795,176.53061224489795,353.0612244897959
jid_895289,63299.0,570.0,1,2,11316,22333,22336,JobState.COMPLETED,0,176.53061224489795,176.53061224489795,353.0612244897959
jid_895289,63299.0,570.0,1,2,11316,22333,22336,JobState.COMPLETED,0,176.53061224489795,176.53061224489795,353.0612244897959
jid_895289,63299.0,570.0,1,2,11316,22333,22336,JobState.COMPLETED,0,176.53061224489795,176.53061224489795,353.0612244897959
jid_895289,63299.0,570.0,1,2,11316,22333,22336,JobState.COMPLETED,0,176.53061224489795,176.53061224489795,353.0612244897959
jid_895289,63299.0,570.0,1,2,11316,22333,22336,JobState.COMPLETED,0,176.53061224489795,176.53061224489795,353.0612244897959
jid_895289,63299.0,570.0,1,2,11316,22333,22336,JobState.COMPLETED,0,176.53061224489795,176.53061224489795,353.0612244897959
jid_895289,63299.0,570.0,1,2,11316,22333,22336,JobState.COMPLETED,0,176.53061224489795,176.53061224489795,353.0612244897959
jid_895289,63299.0,570.0,1,2,11316,22333,22336,JobState.COMPLETED,0,176.53061224489795,176.53061224489795,353.0612244897959
jid_895289,63299.0,570.0,1,2,11316,22333,22336,JobState.COMPLETED,0,176.53061224489795,176.53061224489795,353.0612244897959
jid_895289,63299.0,570.0,1,1,11316,22334,22336,JobState.COMPLETED,0,176.53061224489795,176.53061224489795,176.53061224489795
jid_895289,63299.0,570.0,1,1,11316,22334,22336,JobState.COMPLETED,0,176.53061224489795,176.53061224489795,176.53061224489795
jid_895289,63299.0,570.0,1,1,11316,22334,22336,JobState.COMPLETED,0,176.53061224489795,176.53061224489795,176.53061224489795
jid_895289,63299.0,570.0,1,1,11316,22334,22336,JobState.COMPLETED,0,176.53061224489795,176.53061224489795,176.53061224489795
jid_895289,63299.0,570.0,1,1,11316,22334,22336,JobState.COMPLETED,0,176.53061224489795,176.53061224489795,176.53061224489795
jid_895289,63299.0,570.0,1,1,11316,22334,22336,JobState.COMPLETED,0,176.53061224489795,176.53061224489795,176.53061224489795
jid_895226,92940.0,168.0,1,114,10825,22222,22337,JobState.COMPLETED,0,176.53061224489792,176.53061224489795,20124.48979591836
jid_895254,92940.0,168.0,1,104,10988,22232,22337,JobState.COMPLETED,0,176.53061224489792,176.53061224489795,18359.183673469382
jid_895262,92940.0,168.0,1,86,11078,22250,22337,JobState.COMPLETED,0,176.53061224489795,176.53061224489795,15181.632653061224
jid_895289,63299.0,570.0,1,2,11316,22334,22337,JobState.COMPLETED,0,176.53061224489795,176.53061224489795,353.0612244897959
jid_895289,63299.0,570.0,1,2,11316,22334,22337,JobState.COMPLETED,0,176.53061224489795,176.53061224489795,353.0612244897959
jid_895289,63299.0,570.0,1,2,11316,22334,22337,JobState.COMPLETED,0,176.53061224489795,176.53061224489795,353.0612244897959
jid_895289,63299.0,570.0,1,2,11316,22334,22337,JobState.COMPLETED,0,176.53061224489795,176.53061224489795,353.0612244897959
jid_895289,63299.0,570.0,1,2,11316,22334,22337,JobState.COMPLETED,0,176.53061224489795,176.53061224489795,353.0612244897959
jid_895289,63299.0,570.0,1,2,11316,22334,22337,JobState.COMPLETED,0,176.53061224489795,176.53061224489795,353.0612244897959
jid_895289,63299.0,570.0,1,2,11316,22334,22337,JobState.COMPLETED,0,176.53061224489795,176.53061224489795,353.0612244897959
jid_895289,63299.0,570.0,1,2,11316,22334,22337,JobState.COMPLETED,0,176.53061224489795,176.53061224489795,353.0612244897959
jid_895289,63299.0,570.0,1,2,11316,22334,22337,JobState.COMPLETED,0,176.53061224489795,176.53061224489795,353.0612244897959
jid_895289,63299.0,570.0,1,1,11316,22335,22337,JobState.COMPLETED,0,176.53061224489795,176.53061224489795,176.53061224489795
jid_895289,63299.0,570.0,1,1,11316,22335,22337,JobState.COMPLETED,0,176.53061224489795,176.53061224489795,176.53061224489795
jid_895289,63299.0,570.0,1,1,11316,22335,22337,JobState.COMPLETED,0,176.53061224489795,176.53061224489795,176.53061224489795
jid_895289,63299.0,570.0,1,1,11316,22335,22337,JobState.COMPLETED,0,176.53061224489795,176.53061224489795,176.53061224489795
jid_895083,63299.0,570.0,1,725,9620,21612,22338,JobState.COMPLETED,0,176.53061224489815,176.53061224489795,127984.69387755117
jid_895141,92940.0,168.0,1,220,10001,22117,22338,JobState.COMPLETED,0,176.53061224489787,176.53061224489795,38836.73469387753
jid_895289,63299.0,570.0,1,2,11316,22335,22338,JobState.COMPLETED,0,176.53061224489795,176.53061224489795,353.0612244897959
jid_895289,63299.0,570.0,1,2,11316,22335,22338,JobState.COMPLETED,0,176.53061224489795,176.53061224489795,353.0612244897959
jid_895289,63299.0,570.0,1,2,11316,22335,22338,JobState.COMPLETED,0,176.53061224489795,176.53061224489795,353.0612244897959
jid_895289,63299.0,570.0,1,2,11316,22335,22338,JobState.COMPLETED,0,176.53061224489795,176.53061224489795,353.0612244897959
jid_895289,63299.0,570.0,1,2,11316,22335,22338,JobState.COMPLETED,0,176.53061224489795,176.53061224489795,353.0612244897959
jid_895289,63299.0,570.0,1,2,11316,22335,22338,JobState.COMPLETED,0,176.53061224489795,176.53061224489795,353.0612244897959
jid_895289,63299.0,570.0,1,2,11316,22335,22338,JobState.COMPLETED,0,176.53061224489795,176.53061224489795,353.0612244897959
jid_895289,63299.0,570.0,1,2,11316,22335,22338,JobState.COMPLETED,0,176.53061224489795,176.53061224489795,353.0612244897959
jid_895289,63299.0,570.0,1,2,11316,22335,22338,JobState.COMPLETED,0,176.53061224489795,176.53061224489795,353.0612244897959
jid_895289,63299.0,570.0,1,2,11316,22335,22338,JobState.COMPLETED,0,176.53061224489795,176.53061224489795,353.0612244897959
jid_895289,63299.0,570.0,1,1,11316,22336,22338,JobState.COMPLETED,0,176.53061224489795,176.53061224489795,176.53061224489795
jid_895289,63299.0,570.0,1,1,11316,22336,22338,JobState.COMPLETED,0,176.53061224489795,176.53061224489795,176.53061224489795
jid_895289,63299.0,570.0,1,1,11316,22336,22338,JobState.COMPLETED,0,176.53061224489795,176.53061224489795,176.53061224489795
jid_895289,63299.0,570.0,1,1,11316,22336,22338,JobState.COMPLETED,0,176.53061224489795,176.53061224489795,176.53061224489795
jid_895293,92940.0,168.0,1,78,11244,22260,22339,JobState.COMPLETED,0,176.53061224489795,176.53061224489795,13769.38775510204
jid_895289,63299.0,570.0,1,2,11316,22336,22339,JobState.COMPLETED,0,176.53061224489795,176.53061224489795,353.0612244897959
jid_895289,63299.0,570.0,1,2,11316,22336,22339,JobState.COMPLETED,0,176.53061224489795,176.53061224489795,353.0612244897959
jid_895289,63299.0,570.0,1,2,11316,22336,22339,JobState.COMPLETED,0,176.53061224489795,176.53061224489795,353.0612244897959
jid_895289,63299.0,570.0,1,2,11316,22336,22339,JobState.COMPLETED,0,176.53061224489795,176.53061224489795,353.0612244897959
jid_895289,63299.0,570.0,1,2,11316,22336,22339,JobState.COMPLETED,0,176.53061224489795,176.53061224489795,353.0612244897959
jid_895289,63299.0,570.0,1,2,11316,22336,22339,JobState.COMPLETED,0,176.53061224489795,176.53061224489795,353.0612244897959
jid_895083,63299.0,570.0,1,727,9620,21612,22340,JobState.COMPLETED,0,176.53061224489815,176.53061224489795,128337.75510204096
jid_895188,92940.0,168.0,1,154,10478,22186,22341,JobState.COMPLETED,0,176.5306122448979,176.53061224489795,27185.714285714275
jid_895231,92940.0,168.0,1,114,10860,22226,22341,JobState.COMPLETED,0,176.53061224489792,176.53061224489795,20124.48979591836
jid_895083,63299.0,570.0,1,729,9620,21612,22342,JobState.COMPLETED,0,176.53061224489815,176.53061224489795,128690.81632653075
jid_895249,92940.0,168.0,1,113,10957,22229,22343,JobState.COMPLETED,0,176.53061224489792,176.53061224489795,19947.959183673465
jid_895083,63299.0,570.0,1,731,9620,21612,22344,JobState.COMPLETED,0,176.53061224489815,176.53061224489795,129043.87755102055
jid_895083,63299.0,570.0,1,731,9620,21612,22344,JobState.COMPLETED,0,176.53061224489815,176.53061224489795,129043.87755102055
jid_895083,63299.0,570.0,1,732,9620,21612,22345,JobState.COMPLETED,0,176.53061224489815,176.53061224489795,129220.40816326544
jid_895083,63299.0,570.0,1,733,9620,21612,22346,JobState.COMPLETED,0,176.53061224489815,176.53061224489795,129396.93877551034
jid_895083,63299.0,570.0,1,733,9620,21612,22346,JobState.COMPLETED,0,176.53061224489815,176.53061224489795,129396.93877551034
jid_895280,92940.0,168.0,1,88,11182,22257,22346,JobState.COMPLETED,0,176.53061224489795,176.53061224489795,15534.69387755102
jid_895169,92940.0,168.0,1,178,10284,22172,22351,JobState.COMPLETED,0,176.5306122448979,176.53061224489795,31422.448979591827
jid_895288,92940.0,168.0,1,91,11221,22259,22351,JobState.COMPLETED,0,176.53061224489792,176.53061224489795,16064.285714285712
jid_895161,92940.0,168.0,1,192,10208,22161,22354,JobState.COMPLETED,0,176.5306122448979,176.53061224489795,33893.8775510204
jid_895208,92940.0,168.0,1,160,10648,22197,22358,JobState.COMPLETED,0,176.5306122448979,176.53061224489795,28244.89795918366
jid_895305,92940.0,168.0,1,20,11374,22337,22358,JobState.COMPLETED,0,176.53061224489795,176.53061224489795,3530.612244897959
jid_895308,92940.0,168.0,1,21,11375,22337,22359,JobState.COMPLETED,0,176.53061224489795,176.53061224489795,3707.142857142857
jid_895307,92940.0,168.0,1,21,11377,22337,22359,JobState.COMPLETED,0,176.53061224489795,176.53061224489795,3707.142857142857
jid_895172,92940.0,168.0,1,187,10318,22172,22360,JobState.COMPLETED,0,176.5306122448979,176.53061224489795,33011.22448979591
jid_895298,92940.0,168.0,1,23,11323,22336,22360,JobState.COMPLETED,0,176.53061224489795,176.53061224489795,4060.204081632653
jid_895306,92940.0,168.0,1,22,11374,22337,22360,JobState.COMPLETED,0,176.53061224489795,176.53061224489795,3883.673469387755
jid_895315,92940.0,168.0,1,22,11412,22337,22360,JobState.COMPLETED,0,176.53061224489795,176.53061224489795,3883.673469387755
jid_895316,92940.0,168.0,1,22,11412,22337,22360,JobState.COMPLETED,0,176.53061224489795,176.53061224489795,3883.673469387755
jid_895317,92940.0,168.0,1,22,11416,22337,22360,JobState.COMPLETED,0,176.53061224489795,176.53061224489795,3883.673469387755
jid_895325,92940.0,168.0,1,21,11450,22338,22360,JobState.COMPLETED,0,176.53061224489795,176.53061224489795,3707.142857142857
jid_895212,92940.0,168.0,1,163,10658,22197,22361,JobState.COMPLETED,0,176.5306122448979,176.53061224489795,28774.489795918358
jid_895299,92940.0,168.0,1,24,11324,22336,22361,JobState.COMPLETED,0,176.53061224489795,176.53061224489795,4236.734693877551
jid_895300,92940.0,168.0,1,24,11335,22336,22361,JobState.COMPLETED,0,176.53061224489795,176.53061224489795,4236.734693877551
jid_895319,92940.0,168.0,1,23,11416,22337,22361,JobState.COMPLETED,0,176.53061224489795,176.53061224489795,4060.204081632653
jid_895324,92940.0,168.0,1,22,11450,22338,22361,JobState.COMPLETED,0,176.53061224489795,176.53061224489795,3883.673469387755
jid_895332,92940.0,168.0,1,22,11490,22338,22361,JobState.COMPLETED,0,176.53061224489795,176.53061224489795,3883.673469387755
jid_895333,92940.0,168.0,1,22,11490,22338,22361,JobState.COMPLETED,0,176.53061224489795,176.53061224489795,3883.673469387755
jid_895338,92940.0,168.0,1,22,11498,22338,22361,JobState.COMPLETED,0,176.53061224489795,176.53061224489795,3883.673469387755
jid_895301,92940.0,168.0,1,25,11334,22336,22362,JobState.COMPLETED,0,176.53061224489795,176.53061224489795,4413.265306122449
jid_895321,92940.0,168.0,1,24,11422,22337,22362,JobState.COMPLETED,0,176.53061224489795,176.53061224489795,4236.734693877551
jid_895311,92940.0,168.0,1,25,11378,22337,22363,JobState.COMPLETED,0,176.53061224489795,176.53061224489795,4413.265306122449
jid_895327,92940.0,168.0,1,24,11457,22338,22363,JobState.COMPLETED,0,176.53061224489795,176.53061224489795,4236.734693877551
jid_895191,92940.0,168.0,1,183,10455,22180,22364,JobState.COMPLETED,0,176.5306122448979,176.53061224489795,32305.102040816313
jid_895302,92940.0,168.0,1,27,11331,22336,22364,JobState.COMPLETED,0,176.53061224489795,176.53061224489795,4766.326530612245
jid_895329,92940.0,168.0,1,25,11464,22338,22364,JobState.COMPLETED,0,176.53061224489795,176.53061224489795,4413.265306122449
jid_895330,92940.0,168.0,1,25,11466,22338,22364,JobState.COMPLETED,0,176.53061224489795,176.53061224489795,4413.265306122449
jid_895165,92940.0,168.0,1,203,10237,22161,22365,JobState.COMPLETED,0,176.5306122448979,176.53061224489795,35835.714285714275
jid_895335,92940.0,168.0,1,26,11491,22338,22365,JobState.COMPLETED,0,176.53061224489795,176.53061224489795,4589.7959183673465
jid_895337,92940.0,168.0,1,26,11500,22338,22365,JobState.COMPLETED,0,176.53061224489795,176.53061224489795,4589.7959183673465
jid_895304,92940.0,168.0,1,29,11353,22336,22366,JobState.COMPLETED,0,176.53061224489795,176.53061224489795,5119.3877551020405
jid_895313,92940.0,168.0,1,28,11399,22337,22366,JobState.COMPLETED,0,176.53061224489795,176.53061224489795,4942.857142857143
jid_895328,92940.0,168.0,1,27,11454,22338,22366,JobState.COMPLETED,0,176.53061224489795,176.53061224489795,4766.326530612245
jid_895339,92940.0,168.0,1,27,11508,22338,22366,JobState.COMPLETED,0,176.53061224489795,176.53061224489795,4766.326530612245
jid_895340,92940.0,168.0,1,26,11509,22339,22366,JobState.COMPLETED,0,176.53061224489795,176.53061224489795,4589.7959183673465
jid_895343,92940.0,168.0,1,26,11530,22339,22366,JobState.COMPLETED,0,176.53061224489795,176.53061224489795,4589.7959183673465
jid_895344,92940.0,168.0,1,26,11530,22339,22366,JobState.COMPLETED,0,176.53061224489795,176.53061224489795,4589.7959183673465
jid_895347,92940.0,168.0,1,26,11549,22340,22367,JobState.COMPLETED,0,176.53061224489795,176.53061224489795,4589.7959183673465
jid_895353,92940.0,168.0,1,22,11573,22344,22367,JobState.COMPLETED,0,176.53061224489795,176.53061224489795,3883.673469387755
jid_895356,92940.0,168.0,1,20,11594,22346,22367,JobState.COMPLETED,0,176.53061224489795,176.53061224489795,3530.612244897959
jid_895199,92940.0,168.0,1,181,10521,22186,22368,JobState.COMPLETED,0,176.5306122448979,176.53061224489795,31952.04081632652
jid_895345,92940.0,168.0,1,28,11543,22339,22368,JobState.COMPLETED,0,176.53061224489795,176.53061224489795,4942.857142857143
jid_895326,92940.0,168.0,1,30,11443,22338,22369,JobState.COMPLETED,0,176.53061224489795,176.53061224489795,5295.918367346939
jid_895349,92940.0,168.0,1,27,11553,22341,22369,JobState.COMPLETED,0,176.53061224489795,176.53061224489795,4766.326530612245
jid_895352,92940.0,168.0,1,24,11573,22344,22369,JobState.COMPLETED,0,176.53061224489795,176.53061224489795,4236.734693877551
jid_895297,92940.0,168.0,1,109,11226,22260,22370,JobState.COMPLETED,0,176.53061224489792,176.53061224489795,19241.836734693872
jid_895336,92940.0,168.0,1,32,11488,22338,22371,JobState.COMPLETED,0,176.53061224489795,176.53061224489795,5648.9795918367345
jid_895350,92940.0,168.0,1,29,11553,22341,22371,JobState.COMPLETED,0,176.53061224489795,176.53061224489795,5119.3877551020405
jid_895358,92940.0,168.0,1,24,11592,22346,22371,JobState.COMPLETED,0,176.53061224489795,176.53061224489795,4236.734693877551
jid_895232,92940.0,168.0,1,155,10816,22216,22372,JobState.COMPLETED,0,176.5306122448979,176.53061224489795,27362.244897959175
jid_895272,92940.0,168.0,1,118,11108,22253,22372,JobState.COMPLETED,0,176.53061224489792,176.53061224489795,20830.612244897955
jid_895357,92940.0,168.0,1,27,11588,22345,22373,JobState.COMPLETED,0,176.53061224489795,176.53061224489795,4766.326530612245
jid_895185,92940.0,168.0,1,201,10416,22175,22377,JobState.COMPLETED,0,176.5306122448979,176.53061224489795,35482.653061224475
jid_895348,92940.0,168.0,1,40,11536,22339,22380,JobState.COMPLETED,0,176.53061224489795,176.53061224489795,7061.224489795918
jid_895359,92940.0,168.0,1,28,11600,22351,22380,JobState.COMPLETED,0,176.53061224489795,176.53061224489795,4942.857142857143
jid_896701,65285.0,145.0,8,21803,577,577,22381,JobState.COMPLETED,0,176.53061224490614,176.53061224489795,30791175.510205507
jid_895360,92940.0,168.0,1,22,11614,22358,22381,JobState.COMPLETED,0,176.53061224489795,176.53061224489795,3883.673469387755
jid_895364,92940.0,168.0,1,20,11631,22360,22381,JobState.COMPLETED,0,176.53061224489795,176.53061224489795,3530.612244897959
jid_895371,92940.0,168.0,1,20,11662,22360,22381,JobState.COMPLETED,0,176.53061224489795,176.53061224489795,3530.612244897959
jid_896702,36767.0,145.0,8,21814,567,567,22382,JobState.COMPLETED,0,176.53061224490614,176.53061224489795,30806710.20408306
jid_895312,69789.0,727.0,1,44,11373,22337,22382,JobState.COMPLETED,0,176.53061224489795,176.53061224489795,7767.34693877551
jid_895373,92940.0,168.0,1,21,11672,22361,22383,JobState.COMPLETED,0,176.53061224489795,176.53061224489795,3707.142857142857
jid_895365,92940.0,168.0,1,23,11632,22360,22384,JobState.COMPLETED,0,176.53061224489795,176.53061224489795,4060.204081632653
jid_895366,92940.0,168.0,1,23,11632,22360,22384,JobState.COMPLETED,0,176.53061224489795,176.53061224489795,4060.204081632653
jid_895370,92940.0,168.0,1,23,11653,22360,22384,JobState.COMPLETED,0,176.53061224489795,176.53061224489795,4060.204081632653
jid_895372,92940.0,168.0,1,22,11669,22361,22384,JobState.COMPLETED,0,176.53061224489795,176.53061224489795,3883.673469387755
jid_895374,92940.0,168.0,1,22,11672,22361,22384,JobState.COMPLETED,0,176.53061224489795,176.53061224489795,3883.673469387755
jid_895427,63299.0,570.0,1,1,11982,22382,22384,JobState.COMPLETED,0,176.53061224489795,176.53061224489795,176.53061224489795
jid_895382,92940.0,168.0,1,23,11695,22361,22385,JobState.COMPLETED,0,176.53061224489795,176.53061224489795,4060.204081632653
jid_895427,63299.0,570.0,1,2,11982,22382,22385,JobState.COMPLETED,0,176.53061224489795,176.53061224489795,353.0612244897959
jid_895427,63299.0,570.0,1,2,11982,22382,22385,JobState.COMPLETED,0,176.53061224489795,176.53061224489795,353.0612244897959
jid_895378,92940.0,168.0,1,24,11693,22361,22386,JobState.COMPLETED,0,176.53061224489795,176.53061224489795,4236.734693877551
jid_895427,63299.0,570.0,1,2,11982,22383,22386,JobState.COMPLETED,0,176.53061224489795,176.53061224489795,353.0612244897959
jid_895361,92940.0,168.0,1,32,11611,22354,22387,JobState.COMPLETED,0,176.53061224489795,176.53061224489795,5648.9795918367345
jid_895384,92940.0,168.0,1,24,11708,22362,22387,JobState.COMPLETED,0,176.53061224489795,176.53061224489795,4236.734693877551
jid_895392,92940.0,168.0,1,20,11775,22366,22387,JobState.COMPLETED,0,176.53061224489795,176.53061224489795,3530.612244897959
jid_895393,92940.0,168.0,1,20,11775,22366,22387,JobState.COMPLETED,0,176.53061224489795,176.53061224489795,3530.612244897959
jid_895427,63299.0,570.0,1,2,11982,22384,22387,JobState.COMPLETED,0,176.53061224489795,176.53061224489795,353.0612244897959
jid_895427,63299.0,570.0,1,2,11982,22384,22387,JobState.COMPLETED,0,176.53061224489795,176.53061224489795,353.0612244897959
jid_895427,63299.0,570.0,1,2,11982,22384,22387,JobState.COMPLETED,0,176.53061224489795,176.53061224489795,353.0612244897959
jid_895427,63299.0,570.0,1,2,11982,22384,22387,JobState.COMPLETED,0,176.53061224489795,176.53061224489795,353.0612244897959
jid_895427,63299.0,570.0,1,2,11982,22384,22387,JobState.COMPLETED,0,176.53061224489795,176.53061224489795,353.0612244897959
jid_895427,63299.0,570.0,1,2,11982,22384,22387,JobState.COMPLETED,0,176.53061224489795,176.53061224489795,353.0612244897959
jid_895427,63299.0,570.0,1,1,11982,22385,22387,JobState.COMPLETED,0,176.53061224489795,176.53061224489795,176.53061224489795
jid_895427,63299.0,570.0,1,1,11982,22385,22387,JobState.COMPLETED,0,176.53061224489795,176.53061224489795,176.53061224489795
jid_895394,92940.0,168.0,1,21,11775,22366,22388,JobState.COMPLETED,0,176.53061224489795,176.53061224489795,3707.142857142857
jid_895427,63299.0,570.0,1,2,11982,22385,22388,JobState.COMPLETED,0,176.53061224489795,176.53061224489795,353.0612244897959
jid_895427,63299.0,570.0,1,1,11982,22386,22388,JobState.COMPLETED,0,176.53061224489795,176.53061224489795,176.53061224489795
jid_895213,92940.0,168.0,1,191,10634,22197,22389,JobState.COMPLETED,0,176.5306122448979,176.53061224489795,33717.346938775496
jid_895323,92940.0,168.0,1,51,11420,22337,22389,JobState.COMPLETED,0,176.53061224489795,176.53061224489795,9003.061224489795
jid_895383,92940.0,168.0,1,25,11710,22363,22389,JobState.COMPLETED,0,176.53061224489795,176.53061224489795,4413.265306122449
jid_895427,63299.0,570.0,1,2,11982,22386,22389,JobState.COMPLETED,0,176.53061224489795,176.53061224489795,353.0612244897959
jid_895427,63299.0,570.0,1,1,11982,22387,22389,JobState.COMPLETED,0,176.53061224489795,176.53061224489795,176.53061224489795
jid_895427,63299.0,570.0,1,1,11982,22387,22389,JobState.COMPLETED,0,176.53061224489795,176.53061224489795,176.53061224489795
jid_895427,63299.0,570.0,1,1,11982,22387,22389,JobState.COMPLETED,0,176.53061224489795,176.53061224489795,176.53061224489795
jid_895427,63299.0,570.0,1,1,11982,22387,22389,JobState.COMPLETED,0,176.53061224489795,176.53061224489795,176.53061224489795
jid_895427,63299.0,570.0,1,1,11982,22387,22389,JobState.COMPLETED,0,176.53061224489795,176.53061224489795,176.53061224489795
jid_895427,63299.0,570.0,1,1,11982,22387,22389,JobState.COMPLETED,0,176.53061224489795,176.53061224489795,176.53061224489795
jid_895369,92940.0,168.0,1,29,11647,22360,22390,JobState.COMPLETED,0,176.53061224489795,176.53061224489795,5119.3877551020405
jid_895398,92940.0,168.0,1,22,11813,22367,22390,JobState.COMPLETED,0,176.53061224489795,176.53061224489795,3883.673469387755
jid_895427,63299.0,570.0,1,2,11982,22387,22390,JobState.COMPLETED,0,176.53061224489795,176.53061224489795,353.0612244897959
jid_895427,63299.0,570.0,1,2,11982,22387,22390,JobState.COMPLETED,0,176.53061224489795,176.53061224489795,353.0612244897959
jid_895427,63299.0,570.0,1,2,11982,22387,22390,JobState.COMPLETED,0,176.53061224489795,176.53061224489795,353.0612244897959
jid_895427,63299.0,570.0,1,2,11982,22387,22390,JobState.COMPLETED,0,176.53061224489795,176.53061224489795,353.0612244897959
jid_895427,63299.0,570.0,1,2,11982,22387,22390,JobState.COMPLETED,0,176.53061224489795,176.53061224489795,353.0612244897959
jid_895427,63299.0,570.0,1,2,11982,22387,22390,JobState.COMPLETED,0,176.53061224489795,176.53061224489795,353.0612244897959
jid_895427,63299.0,570.0,1,1,11982,22388,22390,JobState.COMPLETED,0,176.53061224489795,176.53061224489795,176.53061224489795
jid_895427,63299.0,570.0,1,1,11982,22388,22390,JobState.COMPLETED,0,176.53061224489795,176.53061224489795,176.53061224489795
jid_895427,63299.0,570.0,1,1,11982,22388,22390,JobState.COMPLETED,0,176.53061224489795,176.53061224489795,176.53061224489795
jid_895427,63299.0,570.0,1,1,11982,22389,22391,JobState.COMPLETED,0,176.53061224489795,176.53061224489795,176.53061224489795
jid_895427,63299.0,570.0,1,1,11982,22389,22391,JobState.COMPLETED,0,176.53061224489795,176.53061224489795,176.53061224489795
jid_895427,63299.0,570.0,1,1,11982,22389,22391,JobState.COMPLETED,0,176.53061224489795,176.53061224489795,176.53061224489795
jid_895427,63299.0,570.0,1,1,11982,22389,22391,JobState.COMPLETED,0,176.53061224489795,176.53061224489795,176.53061224489795
jid_895427,63299.0,570.0,1,1,11982,22389,22391,JobState.COMPLETED,0,176.53061224489795,176.53061224489795,176.53061224489795
jid_895427,63299.0,570.0,1,1,11982,22389,22391,JobState.COMPLETED,0,176.53061224489795,176.53061224489795,176.53061224489795
jid_895341,92940.0,168.0,1,54,11354,22337,22392,JobState.COMPLETED,0,176.53061224489795,176.53061224489795,9532.65306122449
jid_895385,92940.0,168.0,1,27,11735,22364,22392,JobState.COMPLETED,0,176.53061224489795,176.53061224489795,4766.326530612245
jid_895396,92940.0,168.0,1,25,11789,22366,22392,JobState.COMPLETED,0,176.53061224489795,176.53061224489795,4413.265306122449
jid_895401,92940.0,168.0,1,23,11813,22368,22392,JobState.COMPLETED,0,176.53061224489795,176.53061224489795,4060.204081632653
jid_895427,63299.0,570.0,1,2,11982,22389,22392,JobState.COMPLETED,0,176.53061224489795,176.53061224489795,353.0612244897959
jid_895427,63299.0,570.0,1,2,11982,22389,22392,JobState.COMPLETED,0,176.53061224489795,176.53061224489795,353.0612244897959
jid_895427,63299.0,570.0,1,2,11982,22389,22392,JobState.COMPLETED,0,176.53061224489795,176.53061224489795,353.0612244897959
jid_895427,63299.0,570.0,1,2,11982,22389,22392,JobState.COMPLETED,0,176.53061224489795,176.53061224489795,353.0612244897959
jid_895427,63299.0,570.0,1,1,11982,22390,22392,JobState.COMPLETED,0,176.53061224489795,176.53061224489795,176.53061224489795
jid_895427,63299.0,570.0,1,1,11982,22390,22392,JobState.COMPLETED,0,176.53061224489795,176.53061224489795,176.53061224489795
jid_895427,63299.0,570.0,1,1,11982,22390,22392,JobState.COMPLETED,0,176.53061224489795,176.53061224489795,176.53061224489795
jid_895427,63299.0,570.0,1,1,11982,22390,22392,JobState.COMPLETED,0,176.53061224489795,176.53061224489795,176.53061224489795
jid_895427,63299.0,570.0,1,1,11982,22390,22392,JobState.COMPLETED,0,176.53061224489795,176.53061224489795,176.53061224489795
jid_895427,63299.0,570.0,1,1,11982,22390,22392,JobState.COMPLETED,0,176.53061224489795,176.53061224489795,176.53061224489795
jid_895237,92940.0,168.0,1,167,10846,22225,22393,JobState.COMPLETED,0,176.5306122448979,176.53061224489795,29480.612244897948
jid_895404,92940.0,168.0,1,23,11831,22369,22393,JobState.COMPLETED,0,176.53061224489795,176.53061224489795,4060.204081632653
jid_895427,63299.0,570.0,1,2,11982,22390,22393,JobState.COMPLETED,0,176.53061224489795,176.53061224489795,353.0612244897959
jid_895427,63299.0,570.0,1,2,11982,22390,22393,JobState.COMPLETED,0,176.53061224489795,176.53061224489795,353.0612244897959
jid_895427,63299.0,570.0,1,2,11982,22390,22393,JobState.COMPLETED,0,176.53061224489795,176.53061224489795,353.0612244897959
jid_895427,63299.0,570.0,1,2,11982,22390,22393,JobState.COMPLETED,0,176.53061224489795,176.53061224489795,353.0612244897959
jid_895427,63299.0,570.0,1,2,11982,22390,22393,JobState.COMPLETED,0,176.53061224489795,176.53061224489795,353.0612244897959
jid_895427,63299.0,570.0,1,1,11982,22391,22393,JobState.COMPLETED,0,176.53061224489795,176.53061224489795,176.53061224489795
jid_895427,63299.0,570.0,1,1,11982,22391,22393,JobState.COMPLETED,0,176.53061224489795,176.53061224489795,176.53061224489795
jid_895427,63299.0,570.0,1,1,11982,22391,22393,JobState.COMPLETED,0,176.53061224489795,176.53061224489795,176.53061224489795
jid_895427,63299.0,570.0,1,1,11982,22391,22393,JobState.COMPLETED,0,176.53061224489795,176.53061224489795,176.53061224489795
jid_895375,92940.0,168.0,1,50,11571,22343,22394,JobState.COMPLETED,0,176.53061224489795,176.53061224489795,8826.530612244898
jid_895427,63299.0,570.0,1,2,11982,22391,22394,JobState.COMPLETED,0,176.53061224489795,176.53061224489795,353.0612244897959
jid_895427,63299.0,570.0,1,2,11982,22391,22394,JobState.COMPLETED,0,176.53061224489795,176.53061224489795,353.0612244897959
jid_895427,63299.0,570.0,1,1,11982,22392,22394,JobState.COMPLETED,0,176.53061224489795,176.53061224489795,176.53061224489795
jid_895427,63299.0,570.0,1,1,11982,22392,22394,JobState.COMPLETED,0,176.53061224489795,176.53061224489795,176.53061224489795
jid_895427,63299.0,570.0,1,1,11982,22392,22394,JobState.COMPLETED,0,176.53061224489795,176.53061224489795,176.53061224489795
jid_895427,63299.0,570.0,1,1,11982,22392,22394,JobState.COMPLETED,0,176.53061224489795,176.53061224489795,176.53061224489795
jid_895427,63299.0,570.0,1,1,11982,22392,22394,JobState.COMPLETED,0,176.53061224489795,176.53061224489795,176.53061224489795
jid_895427,63299.0,570.0,1,1,11982,22392,22394,JobState.COMPLETED,0,176.53061224489795,176.53061224489795,176.53061224489795
jid_895362,92940.0,168.0,1,43,11600,22351,22395,JobState.COMPLETED,0,176.53061224489795,176.53061224489795,7590.816326530612
jid_895405,92940.0,168.0,1,25,11828,22369,22395,JobState.COMPLETED,0,176.53061224489795,176.53061224489795,4413.265306122449
jid_895407,92940.0,168.0,1,24,11853,22370,22395,JobState.COMPLETED,0,176.53061224489795,176.53061224489795,4236.734693877551
jid_895427,63299.0,570.0,1,2,11982,22392,22395,JobState.COMPLETED,0,176.53061224489795,176.53061224489795,353.0612244897959
jid_895427,63299.0,570.0,1,2,11982,22392,22395,JobState.COMPLETED,0,176.53061224489795,176.53061224489795,353.0612244897959
jid_895427,63299.0,570.0,1,2,11982,22392,22395,JobState.COMPLETED,0,176.53061224489795,176.53061224489795,353.0612244897959
jid_895427,63299.0,570.0,1,2,11982,22392,22395,JobState.COMPLETED,0,176.53061224489795,176.53061224489795,353.0612244897959
jid_895427,63299.0,570.0,1,2,11982,22392,22395,JobState.COMPLETED,0,176.53061224489795,176.53061224489795,353.0612244897959
jid_895427,63299.0,570.0,1,2,11982,22392,22395,JobState.COMPLETED,0,176.53061224489795,176.53061224489795,353.0612244897959
jid_895427,63299.0,570.0,1,2,11982,22392,22395,JobState.COMPLETED,0,176.53061224489795,176.53061224489795,353.0612244897959
jid_895427,63299.0,570.0,1,2,11982,22392,22395,JobState.COMPLETED,0,176.53061224489795,176.53061224489795,353.0612244897959
jid_895427,63299.0,570.0,1,1,11982,22393,22395,JobState.COMPLETED,0,176.53061224489795,176.53061224489795,176.53061224489795
jid_895427,63299.0,570.0,1,1,11982,22393,22395,JobState.COMPLETED,0,176.53061224489795,176.53061224489795,176.53061224489795
jid_895427,63299.0,570.0,1,1,11982,22393,22395,JobState.COMPLETED,0,176.53061224489795,176.53061224489795,176.53061224489795
jid_895427,63299.0,570.0,1,1,11982,22393,22395,JobState.COMPLETED,0,176.53061224489795,176.53061224489795,176.53061224489795
jid_895427,63299.0,570.0,1,1,11982,22393,22395,JobState.COMPLETED,0,176.53061224489795,176.53061224489795,176.53061224489795
jid_895427,63299.0,570.0,1,1,11982,22393,22395,JobState.COMPLETED,0,176.53061224489795,176.53061224489795,176.53061224489795
jid_895427,63299.0,570.0,1,1,11982,22393,22395,JobState.COMPLETED,0,176.53061224489795,176.53061224489795,176.53061224489795
jid_895334,92940.0,168.0,1,57,11456,22338,22396,JobState.COMPLETED,0,176.53061224489795,176.53061224489795,10062.244897959183
jid_895387,92940.0,168.0,1,30,11736,22365,22396,JobState.COMPLETED,0,176.53061224489795,176.53061224489795,5295.918367346939
jid_895403,92940.0,168.0,1,27,11813,22368,22396,JobState.COMPLETED,0,176.53061224489795,176.53061224489795,4766.326530612245
jid_895408,92940.0,168.0,1,24,11853,22371,22396,JobState.COMPLETED,0,176.53061224489795,176.53061224489795,4236.734693877551
jid_895427,63299.0,570.0,1,2,11982,22393,22396,JobState.COMPLETED,0,176.53061224489795,176.53061224489795,353.0612244897959
jid_895427,63299.0,570.0,1,2,11982,22393,22396,JobState.COMPLETED,0,176.53061224489795,176.53061224489795,353.0612244897959
jid_895427,63299.0,570.0,1,2,11982,22393,22396,JobState.COMPLETED,0,176.53061224489795,176.53061224489795,353.0612244897959
jid_895427,63299.0,570.0,1,2,11982,22393,22396,JobState.COMPLETED,0,176.53061224489795,176.53061224489795,353.0612244897959
jid_895427,63299.0,570.0,1,1,11982,22394,22396,JobState.COMPLETED,0,176.53061224489795,176.53061224489795,176.53061224489795
jid_895427,63299.0,570.0,1,1,11982,22394,22396,JobState.COMPLETED,0,176.53061224489795,176.53061224489795,176.53061224489795
jid_895427,63299.0,570.0,1,1,11982,22394,22396,JobState.COMPLETED,0,176.53061224489795,176.53061224489795,176.53061224489795
jid_895427,63299.0,570.0,1,1,11982,22394,22396,JobState.COMPLETED,0,176.53061224489795,176.53061224489795,176.53061224489795
jid_895427,63299.0,570.0,1,1,11982,22394,22396,JobState.COMPLETED,0,176.53061224489795,176.53061224489795,176.53061224489795
jid_895239,92940.0,168.0,1,170,10846,22226,22397,JobState.COMPLETED,0,176.5306122448979,176.53061224489795,30010.20408163264
jid_895266,92940.0,168.0,1,156,11032,22240,22397,JobState.COMPLETED,0,176.5306122448979,176.53061224489795,27538.775510204072
jid_895351,92940.0,168.0,1,57,11536,22339,22397,JobState.COMPLETED,0,176.53061224489795,176.53061224489795,10062.244897959183
jid_895363,92940.0,168.0,1,38,11614,22358,22397,JobState.COMPLETED,0,176.53061224489795,176.53061224489795,6708.163265306122
jid_895377,92940.0,168.0,1,35,11669,22361,22397,JobState.COMPLETED,0,176.53061224489795,176.53061224489795,6178.571428571428
jid_895399,92940.0,168.0,1,29,11806,22367,22397,JobState.COMPLETED,0,176.53061224489795,176.53061224489795,5119.3877551020405
jid_895400,92940.0,168.0,1,29,11808,22367,22397,JobState.COMPLETED,0,176.53061224489795,176.53061224489795,5119.3877551020405
jid_895412,92940.0,168.0,1,24,11858,22372,22397,JobState.COMPLETED,0,176.53061224489795,176.53061224489795,4236.734693877551
jid_895427,63299.0,570.0,1,2,11982,22394,22397,JobState.COMPLETED,0,176.53061224489795,176.53061224489795,353.0612244897959
jid_895427,63299.0,570.0,1,2,11982,22394,22397,JobState.COMPLETED,0,176.53061224489795,176.53061224489795,353.0612244897959
jid_895427,63299.0,570.0,1,2,11982,22394,22397,JobState.COMPLETED,0,176.53061224489795,176.53061224489795,353.0612244897959
jid_895427,63299.0,570.0,1,2,11982,22394,22397,JobState.COMPLETED,0,176.53061224489795,176.53061224489795,353.0612244897959
jid_895427,63299.0,570.0,1,1,11982,22395,22397,JobState.COMPLETED,0,176.53061224489795,176.53061224489795,176.53061224489795
jid_895247,92940.0,168.0,1,170,10894,22227,22398,JobState.COMPLETED,0,176.5306122448979,176.53061224489795,30010.20408163264
jid_895427,63299.0,570.0,1,2,11982,22395,22398,JobState.COMPLETED,0,176.53061224489795,176.53061224489795,353.0612244897959
jid_895414,92940.0,168.0,1,26,11870,22373,22400,JobState.COMPLETED,0,176.53061224489795,176.53061224489795,4589.7959183673465
jid_895388,92940.0,168.0,1,38,11701,22362,22401,JobState.COMPLETED,0,176.53061224489795,176.53061224489795,6708.163265306122
jid_895410,92940.0,168.0,1,29,11853,22371,22401,JobState.COMPLETED,0,176.53061224489795,176.53061224489795,5119.3877551020405
jid_895389,92940.0,168.0,1,37,11722,22364,22402,JobState.COMPLETED,0,176.53061224489795,176.53061224489795,6531.632653061224
jid_895446,34.0,483.0,3,5,12107,22396,22402,JobState.COMPLETED,0,176.53061224489795,176.53061224489795,2647.9591836734694
jid_895397,92940.0,168.0,1,37,11790,22366,22404,JobState.COMPLETED,0,176.53061224489795,176.53061224489795,6531.632653061224
jid_895409,92940.0,168.0,1,35,11846,22369,22405,JobState.COMPLETED,0,176.53061224489795,176.53061224489795,6178.571428571428
jid_895415,92940.0,168.0,1,27,11870,22377,22405,JobState.COMPLETED,0,176.53061224489795,176.53061224489795,4766.326530612245
jid_895472,34.0,483.0,3,2,12316,22402,22405,JobState.COMPLETED,0,176.53061224489795,176.53061224489795,1059.1836734693877
jid_895310,92940.0,168.0,1,69,11329,22336,22406,JobState.COMPLETED,0,176.53061224489798,176.53061224489795,12180.61224489796
jid_896707,65166.0,145.0,8,21836,572,572,22409,JobState.COMPLETED,0,176.53061224490614,176.53061224489795,30837779.591838162
jid_896709,36775.0,145.0,8,21843,569,569,22413,JobState.COMPLETED,0,176.53061224490614,176.53061224489795,30847665.30612388
jid_895419,92940.0,168.0,1,31,11900,22381,22413,JobState.COMPLETED,0,176.53061224489795,176.53061224489795,5472.448979591836
jid_895418,92940.0,168.0,1,34,11895,22380,22415,JobState.COMPLETED,0,176.53061224489795,176.53061224489795,6002.04081632653
jid_895271,92940.0,168.0,1,178,11031,22238,22417,JobState.COMPLETED,0,176.5306122448979,176.53061224489795,31422.448979591827
jid_895421,92940.0,168.0,1,35,11900,22381,22417,JobState.COMPLETED,0,176.53061224489795,176.53061224489795,6178.571428571428
jid_895355,92940.0,168.0,1,78,11533,22339,22418,JobState.COMPLETED,0,176.53061224489795,176.53061224489795,13769.38775510204
jid_895437,92940.0,168.0,1,36,11949,22381,22418,JobState.COMPLETED,0,176.53061224489795,176.53061224489795,6355.102040816326
jid_895422,92940.0,168.0,1,37,11900,22381,22419,JobState.COMPLETED,0,176.53061224489795,176.53061224489795,6531.632653061224
jid_895379,92940.0,168.0,1,59,11661,22360,22420,JobState.COMPLETED,0,176.53061224489795,176.53061224489795,10415.30612244898
jid_895428,92940.0,168.0,1,53,11779,22366,22420,JobState.COMPLETED,0,176.53061224489795,176.53061224489795,9356.122448979591
jid_895420,92940.0,168.0,1,39,11895,22380,22420,JobState.COMPLETED,0,176.53061224489795,176.53061224489795,6884.69387755102
jid_895391,92940.0,168.0,1,56,11717,22364,22421,JobState.COMPLETED,0,176.53061224489795,176.53061224489795,9885.714285714286
jid_895320,92940.0,168.0,1,159,11282,22262,22422,JobState.COMPLETED,0,176.5306122448979,176.53061224489795,28068.367346938765
jid_895423,92940.0,168.0,1,40,11900,22381,22422,JobState.COMPLETED,0,176.53061224489795,176.53061224489795,7061.224489795918
jid_895424,92940.0,168.0,1,41,11916,22381,22423,JobState.COMPLETED,0,176.53061224489795,176.53061224489795,7237.755102040816
jid_895268,92940.0,168.0,1,187,11015,22238,22426,JobState.COMPLETED,0,176.5306122448979,176.53061224489795,33011.22448979591
jid_895425,92940.0,168.0,1,44,11914,22381,22426,JobState.COMPLETED,0,176.53061224489795,176.53061224489795,7767.34693877551
jid_895303,92940.0,168.0,1,169,11206,22258,22428,JobState.COMPLETED,0,176.5306122448979,176.53061224489795,29833.673469387744
jid_895417,92940.0,168.0,1,56,11853,22371,22428,JobState.COMPLETED,0,176.53061224489795,176.53061224489795,9885.714285714286
jid_895083,63299.0,570.0,1,738,9620,21690,22429,JobState.COMPLETED,0,176.53061224489815,176.53061224489795,130279.59183673483
jid_895376,92940.0,168.0,1,69,11629,22359,22429,JobState.COMPLETED,0,176.53061224489798,176.53061224489795,12180.61224489796
jid_895426,92940.0,168.0,1,48,11927,22381,22430,JobState.COMPLETED,0,176.53061224489795,176.53061224489795,8473.469387755102
jid_895322,92940.0,168.0,1,94,11354,22336,22431,JobState.COMPLETED,0,176.53061224489792,176.53061224489795,16593.877551020403
jid_895467,92940.0,168.0,1,33,12251,22397,22431,JobState.COMPLETED,0,176.53061224489795,176.53061224489795,5825.510204081633
jid_895430,92940.0,168.0,1,49,11952,22382,22432,JobState.COMPLETED,0,176.53061224489795,176.53061224489795,8650.0
jid_895278,92940.0,168.0,1,182,11082,22250,22433,JobState.COMPLETED,0,176.5306122448979,176.53061224489795,32128.571428571417
jid_895429,92940.0,168.0,1,51,11948,22381,22433,JobState.COMPLETED,0,176.53061224489795,176.53061224489795,9003.061224489795
jid_895431,92940.0,168.0,1,50,11953,22382,22433,JobState.COMPLETED,0,176.53061224489795,176.53061224489795,8826.530612244898
jid_895440,92940.0,168.0,1,50,11958,22382,22433,JobState.COMPLETED,0,176.53061224489795,176.53061224489795,8826.530612244898
jid_895464,92940.0,168.0,1,37,12076,22395,22433,JobState.COMPLETED,0,176.53061224489795,176.53061224489795,6531.632653061224
jid_895454,92940.0,168.0,1,36,12162,22396,22433,JobState.COMPLETED,0,176.53061224489795,176.53061224489795,6355.102040816326
jid_895498,92940.0,168.0,1,34,12302,22398,22433,JobState.COMPLETED,0,176.53061224489795,176.53061224489795,6002.04081632653
jid_895470,92940.0,168.0,1,36,12275,22397,22434,JobState.COMPLETED,0,176.53061224489795,176.53061224489795,6355.102040816326
jid_895478,92940.0,168.0,1,35,12311,22398,22434,JobState.COMPLETED,0,176.53061224489795,176.53061224489795,6178.571428571428
jid_895462,92940.0,168.0,1,38,12218,22397,22436,JobState.COMPLETED,0,176.53061224489795,176.53061224489795,6708.163265306122
jid_895318,92940.0,168.0,1,100,11339,22336,22437,JobState.COMPLETED,0,176.53061224489792,176.53061224489795,17653.061224489793
jid_895435,92940.0,168.0,1,54,11975,22382,22437,JobState.COMPLETED,0,176.53061224489795,176.53061224489795,9532.65306122449
jid_895433,92940.0,168.0,1,55,11975,22382,22438,JobState.COMPLETED,0,176.53061224489795,176.53061224489795,9709.183673469388
jid_895447,92940.0,168.0,1,42,12029,22395,22438,JobState.COMPLETED,0,176.53061224489795,176.53061224489795,7414.285714285714
jid_895309,92940.0,168.0,1,180,11219,22259,22440,JobState.COMPLETED,0,176.5306122448979,176.53061224489795,31775.51020408162
jid_895395,92940.0,168.0,1,75,11715,22364,22440,JobState.COMPLETED,0,176.53061224489795,176.53061224489795,13239.795918367347
jid_895432,92940.0,168.0,1,57,11951,22382,22440,JobState.COMPLETED,0,176.53061224489795,176.53061224489795,10062.244897959183
jid_895479,92940.0,168.0,1,44,12245,22397,22442,JobState.COMPLETED,0,176.53061224489795,176.53061224489795,7767.34693877551
jid_895509,92940.0,168.0,1,32,12452,22409,22442,JobState.COMPLETED,0,176.53061224489795,176.53061224489795,5648.9795918367345
jid_895512,92940.0,168.0,1,28,12489,22413,22442,JobState.COMPLETED,0,176.53061224489795,176.53061224489795,4942.857142857143
jid_895480,92940.0,168.0,1,42,12331,22400,22443,JobState.COMPLETED,0,176.53061224489795,176.53061224489795,7414.285714285714
jid_895481,92940.0,168.0,1,41,12339,22401,22443,JobState.COMPLETED,0,176.53061224489795,176.53061224489795,7237.755102040816
jid_895368,92940.0,168.0,1,101,11571,22342,22444,JobState.COMPLETED,0,176.53061224489792,176.53061224489795,17829.59183673469
jid_895453,92940.0,168.0,1,47,12129,22396,22444,JobState.COMPLETED,0,176.53061224489795,176.53061224489795,8296.938775510203
jid_895456,92940.0,168.0,1,47,12178,22396,22444,JobState.COMPLETED,0,176.53061224489795,176.53061224489795,8296.938775510203
jid_895489,92940.0,168.0,1,38,12397,22406,22445,JobState.COMPLETED,0,176.53061224489795,176.53061224489795,6708.163265306122
jid_895458,92940.0,168.0,1,48,12195,22397,22446,JobState.COMPLETED,0,176.53061224489795,176.53061224489795,8473.469387755102
jid_895474,92940.0,168.0,1,48,12276,22397,22446,JobState.COMPLETED,0,176.53061224489795,176.53061224489795,8473.469387755102
jid_895530,92940.0,168.0,1,25,12583,22420,22446,JobState.COMPLETED,0,176.53061224489795,176.53061224489795,4413.265306122449
jid_895471,92940.0,168.0,1,49,12264,22397,22447,JobState.COMPLETED,0,176.53061224489795,176.53061224489795,8650.0
jid_895503,92940.0,168.0,1,33,12508,22413,22447,JobState.COMPLETED,0,176.53061224489795,176.53061224489795,5825.510204081633
jid_896735,65292.0,145.0,8,21870,577,577,22448,JobState.COMPLETED,0,176.53061224490617,176.53061224489795,30885795.918368783
jid_895520,92940.0,168.0,1,33,12520,22415,22449,JobState.COMPLETED,0,176.53061224489795,176.53061224489795,5825.510204081633
jid_895487,92940.0,168.0,1,44,12364,22405,22450,JobState.COMPLETED,0,176.53061224489795,176.53061224489795,7767.34693877551
jid_895514,92940.0,168.0,1,32,12559,22417,22450,JobState.COMPLETED,0,176.53061224489795,176.53061224489795,5648.9795918367345
jid_895449,92940.0,168.0,1,55,12098,22395,22451,JobState.COMPLETED,0,176.53061224489795,176.53061224489795,9709.183673469388
jid_895483,92940.0,168.0,1,49,12331,22401,22451,JobState.COMPLETED,0,176.53061224489795,176.53061224489795,8650.0
jid_895491,92940.0,168.0,1,46,12395,22405,22452,JobState.COMPLETED,0,176.53061224489795,176.53061224489795,8120.408163265306
jid_895522,92940.0,168.0,1,29,12609,22422,22452,JobState.COMPLETED,0,176.53061224489795,176.53061224489795,5119.3877551020405
jid_895450,92940.0,168.0,1,56,12108,22396,22453,JobState.COMPLETED,0,176.53061224489795,176.53061224489795,9885.714285714286
jid_895461,92940.0,168.0,1,56,12129,22396,22453,JobState.COMPLETED,0,176.53061224489795,176.53061224489795,9885.714285714286
jid_895519,92940.0,168.0,1,31,12591,22421,22453,JobState.COMPLETED,0,176.53061224489795,176.53061224489795,5472.448979591836
jid_895448,92940.0,168.0,1,58,12087,22395,22454,JobState.COMPLETED,0,176.53061224489795,176.53061224489795,10238.775510204081
jid_895476,92940.0,168.0,1,56,12274,22397,22454,JobState.COMPLETED,0,176.53061224489795,176.53061224489795,9885.714285714286
jid_895451,92940.0,168.0,1,59,12107,22395,22455,JobState.COMPLETED,0,176.53061224489795,176.53061224489795,10415.30612244898
jid_895500,92940.0,168.0,1,41,12461,22413,22455,JobState.COMPLETED,0,176.53061224489795,176.53061224489795,7237.755102040816
jid_895485,92940.0,168.0,1,53,12341,22402,22456,JobState.COMPLETED,0,176.53061224489795,176.53061224489795,9356.122448979591
jid_895439,92940.0,168.0,1,61,12017,22395,22457,JobState.COMPLETED,0,176.53061224489798,176.53061224489795,10768.367346938778
jid_895445,92940.0,168.0,1,61,12048,22395,22457,JobState.COMPLETED,0,176.53061224489798,176.53061224489795,10768.367346938778
jid_895459,92940.0,168.0,1,60,12185,22396,22457,JobState.COMPLETED,0,176.53061224489798,176.53061224489795,10591.83673469388
jid_895438,92940.0,168.0,1,62,12005,22395,22458,JobState.COMPLETED,0,176.53061224489798,176.53061224489795,10944.897959183674
jid_895444,92940.0,168.0,1,63,12048,22395,22459,JobState.COMPLETED,0,176.53061224489798,176.53061224489795,11121.428571428572
jid_895475,92940.0,168.0,1,61,12264,22397,22459,JobState.COMPLETED,0,176.53061224489798,176.53061224489795,10768.367346938778
jid_895531,92940.0,168.0,1,28,12657,22430,22459,JobState.COMPLETED,0,176.53061224489795,176.53061224489795,4942.857142857143
jid_895499,92940.0,168.0,1,50,12447,22409,22460,JobState.COMPLETED,0,176.53061224489795,176.53061224489795,8826.530612244898
jid_895390,92940.0,168.0,1,99,11690,22361,22461,JobState.COMPLETED,0,176.53061224489792,176.53061224489795,17476.530612244893
jid_895517,92940.0,168.0,1,41,12574,22419,22461,JobState.COMPLETED,0,176.53061224489795,176.53061224489795,7237.755102040816
jid_895441,92940.0,168.0,1,66,12020,22395,22462,JobState.COMPLETED,0,176.53061224489798,176.53061224489795,11651.020408163267
jid_895557,92940.0,168.0,1,38,12609,22423,22462,JobState.COMPLETED,0,176.53061224489795,176.53061224489795,6708.163265306122
jid_895525,92940.0,168.0,1,32,12641,22429,22462,JobState.COMPLETED,0,176.53061224489795,176.53061224489795,5648.9795918367345
jid_895529,92940.0,168.0,1,32,12649,22429,22462,JobState.COMPLETED,0,176.53061224489795,176.53061224489795,5648.9795918367345
jid_895523,92940.0,168.0,1,40,12609,22422,22463,JobState.COMPLETED,0,176.53061224489795,176.53061224489795,7061.224489795918
jid_895538,92940.0,168.0,1,29,12699,22433,22463,JobState.COMPLETED,0,176.53061224489795,176.53061224489795,5119.3877551020405
jid_895496,92940.0,168.0,1,54,12426,22409,22464,JobState.COMPLETED,0,176.53061224489795,176.53061224489795,9532.65306122449
jid_895486,92940.0,168.0,1,59,12347,22405,22465,JobState.COMPLETED,0,176.53061224489795,176.53061224489795,10415.30612244898
jid_895502,92940.0,168.0,1,52,12489,22413,22466,JobState.COMPLETED,0,176.53061224489795,176.53061224489795,9179.591836734693
jid_895515,92940.0,168.0,1,48,12561,22418,22467,JobState.COMPLETED,0,176.53061224489795,176.53061224489795,8473.469387755102
jid_895518,92940.0,168.0,1,46,12575,22420,22467,JobState.COMPLETED,0,176.53061224489795,176.53061224489795,8120.408163265306
jid_895539,92940.0,168.0,1,33,12699,22433,22467,JobState.COMPLETED,0,176.53061224489795,176.53061224489795,5825.510204081633
jid_895411,92940.0,168.0,1,101,11782,22366,22468,JobState.COMPLETED,0,176.53061224489792,176.53061224489795,17829.59183673469
jid_895457,92940.0,168.0,1,71,12163,22396,22468,JobState.COMPLETED,0,176.53061224489795,176.53061224489795,12533.673469387755
jid_895494,92940.0,168.0,1,58,12413,22409,22468,JobState.COMPLETED,0,176.53061224489795,176.53061224489795,10238.775510204081
jid_895513,92940.0,168.0,1,50,12540,22417,22468,JobState.COMPLETED,0,176.53061224489795,176.53061224489795,8826.530612244898
jid_895452,92940.0,168.0,1,73,12098,22395,22469,JobState.COMPLETED,0,176.53061224489795,176.53061224489795,12886.73469387755
jid_895510,92940.0,168.0,1,55,12517,22413,22469,JobState.COMPLETED,0,176.53061224489795,176.53061224489795,9709.183673469388
jid_895524,92940.0,168.0,1,42,12627,22426,22469,JobState.COMPLETED,0,176.53061224489795,176.53061224489795,7414.285714285714
jid_895540,92940.0,168.0,1,35,12698,22433,22469,JobState.COMPLETED,0,176.53061224489795,176.53061224489795,6178.571428571428
jid_895550,92940.0,168.0,1,35,12702,22433,22469,JobState.COMPLETED,0,176.53061224489795,176.53061224489795,6178.571428571428
jid_895497,92940.0,168.0,1,60,12424,22409,22470,JobState.COMPLETED,0,176.53061224489798,176.53061224489795,10591.83673469388
jid_895536,92940.0,168.0,1,36,12690,22433,22470,JobState.COMPLETED,0,176.53061224489795,176.53061224489795,6355.102040816326
jid_895544,92940.0,168.0,1,31,12746,22438,22470,JobState.COMPLETED,0,176.53061224489795,176.53061224489795,5472.448979591836
jid_895488,92940.0,168.0,1,66,12343,22404,22471,JobState.COMPLETED,0,176.53061224489798,176.53061224489795,11651.020408163267
jid_895492,92940.0,168.0,1,65,12396,22405,22471,JobState.COMPLETED,0,176.53061224489798,176.53061224489795,11474.489795918369
jid_895506,92940.0,168.0,1,57,12498,22413,22471,JobState.COMPLETED,0,176.53061224489795,176.53061224489795,10062.244897959183
jid_895507,92940.0,168.0,1,57,12502,22413,22471,JobState.COMPLETED,0,176.53061224489795,176.53061224489795,10062.244897959183
jid_895526,92940.0,168.0,1,44,12632,22426,22471,JobState.COMPLETED,0,176.53061224489795,176.53061224489795,7767.34693877551
jid_895534,92940.0,168.0,1,39,12668,22431,22471,JobState.COMPLETED,0,176.53061224489795,176.53061224489795,6884.69387755102
jid_895537,92940.0,168.0,1,38,12688,22432,22471,JobState.COMPLETED,0,176.53061224489795,176.53061224489795,6708.163265306122
jid_895516,92940.0,168.0,1,54,12561,22418,22473,JobState.COMPLETED,0,176.53061224489795,176.53061224489795,9532.65306122449
jid_895482,92940.0,168.0,1,76,12299,22397,22474,JobState.COMPLETED,0,176.53061224489795,176.53061224489795,13416.326530612245
jid_895528,92940.0,168.0,1,45,12637,22428,22474,JobState.COMPLETED,0,176.53061224489795,176.53061224489795,7943.877551020408
jid_895545,92940.0,168.0,1,36,12743,22437,22474,JobState.COMPLETED,0,176.53061224489795,176.53061224489795,6355.102040816326
jid_895521,92940.0,168.0,1,54,12584,22420,22475,JobState.COMPLETED,0,176.53061224489795,176.53061224489795,9532.65306122449
jid_895504,92940.0,168.0,1,63,12480,22413,22477,JobState.COMPLETED,0,176.53061224489798,176.53061224489795,11121.428571428572
jid_895546,92940.0,168.0,1,39,12743,22437,22477,JobState.COMPLETED,0,176.53061224489795,176.53061224489795,6884.69387755102
jid_895548,92940.0,168.0,1,36,12752,22440,22477,JobState.COMPLETED,0,176.53061224489795,176.53061224489795,6355.102040816326
jid_895542,92940.0,168.0,1,41,12726,22436,22478,JobState.COMPLETED,0,176.53061224489795,176.53061224489795,7237.755102040816
jid_895547,92940.0,168.0,1,37,12751,22440,22478,JobState.COMPLETED,0,176.53061224489795,176.53061224489795,6531.632653061224
jid_895551,92940.0,168.0,1,35,12794,22442,22478,JobState.COMPLETED,0,176.53061224489795,176.53061224489795,6178.571428571428
jid_895508,92940.0,168.0,1,65,12493,22413,22479,JobState.COMPLETED,0,176.53061224489798,176.53061224489795,11474.489795918369
jid_895495,92940.0,168.0,1,70,12401,22409,22480,JobState.COMPLETED,0,176.53061224489795,176.53061224489795,12357.142857142857
jid_895354,92940.0,168.0,1,143,11460,22338,22482,JobState.COMPLETED,0,176.5306122448979,176.53061224489795,25243.8775510204
jid_895535,92940.0,168.0,1,53,12663,22431,22485,JobState.COMPLETED,0,176.53061224489795,176.53061224489795,9356.122448979591
jid_895532,92940.0,168.0,1,58,12633,22428,22487,JobState.COMPLETED,0,176.53061224489795,176.53061224489795,10238.775510204081
jid_896719,324.0,145.0,8,21922,565,565,22488,JobState.COMPLETED,0,176.53061224490617,176.53061224489795,30959232.653062664
jid_895381,92940.0,168.0,1,129,11623,22359,22489,JobState.COMPLETED,0,176.5306122448979,176.53061224489795,22772.448979591827
jid_895466,92940.0,168.0,1,92,12188,22396,22489,JobState.COMPLETED,0,176.53061224489792,176.53061224489795,16240.816326530608
jid_895555,92940.0,168.0,1,45,12800,22443,22489,JobState.COMPLETED,0,176.53061224489795,176.53061224489795,7943.877551020408
jid_895554,92940.0,168.0,1,46,12795,22443,22490,JobState.COMPLETED,0,176.53061224489795,176.53061224489795,8120.408163265306
jid_895443,92940.0,168.0,1,95,11993,22395,22491,JobState.COMPLETED,0,176.53061224489792,176.53061224489795,16770.408163265303
jid_895541,92940.0,168.0,1,57,12695,22433,22491,JobState.COMPLETED,0,176.53061224489795,176.53061224489795,10062.244897959183
jid_895552,92940.0,168.0,1,48,12786,22442,22491,JobState.COMPLETED,0,176.53061224489795,176.53061224489795,8473.469387755102
jid_895558,92940.0,168.0,1,46,12806,22444,22491,JobState.COMPLETED,0,176.53061224489795,176.53061224489795,8120.408163265306
jid_895577,92940.0,168.0,1,46,12807,22444,22491,JobState.COMPLETED,0,176.53061224489795,176.53061224489795,8120.408163265306
jid_895380,92940.0,168.0,1,145,11592,22346,22492,JobState.COMPLETED,0,176.5306122448979,176.53061224489795,25596.938775510196
jid_895473,92940.0,168.0,1,95,12226,22397,22493,JobState.COMPLETED,0,176.53061224489792,176.53061224489795,16770.408163265303
jid_895549,92940.0,168.0,1,54,12743,22438,22493,JobState.COMPLETED,0,176.53061224489795,176.53061224489795,9532.65306122449
jid_895493,92940.0,168.0,1,88,12383,22405,22494,JobState.COMPLETED,0,176.53061224489795,176.53061224489795,15534.69387755102
jid_895560,92940.0,168.0,1,48,12828,22445,22494,JobState.COMPLETED,0,176.53061224489795,176.53061224489795,8473.469387755102
jid_895346,92940.0,168.0,1,157,11417,22337,22495,JobState.COMPLETED,0,176.5306122448979,176.53061224489795,27715.30612244897
jid_895556,92940.0,168.0,1,52,12793,22442,22495,JobState.COMPLETED,0,176.53061224489795,176.53061224489795,9179.591836734693
jid_895413,92940.0,168.0,1,130,11754,22365,22496,JobState.COMPLETED,0,176.5306122448979,176.53061224489795,22948.979591836727
jid_895455,92940.0,168.0,1,99,12107,22396,22496,JobState.COMPLETED,0,176.53061224489792,176.53061224489795,17476.530612244893
jid_895342,92940.0,168.0,1,161,11392,22337,22499,JobState.COMPLETED,0,176.5306122448979,176.53061224489795,28421.42857142856
jid_895416,92940.0,168.0,1,134,11771,22365,22500,JobState.COMPLETED,0,176.5306122448979,176.53061224489795,23655.102040816317
jid_895543,92940.0,168.0,1,65,12710,22434,22500,JobState.COMPLETED,0,176.53061224489798,176.53061224489795,11474.489795918369
jid_895553,92940.0,168.0,1,64,12771,22440,22505,JobState.COMPLETED,0,176.53061224489798,176.53061224489795,11297.95918367347
jid_895468,92940.0,168.0,1,111,12182,22396,22508,JobState.COMPLETED,0,176.53061224489792,176.53061224489795,19594.89795918367
jid_895484,92940.0,168.0,1,113,12270,22397,22511,JobState.COMPLETED,0,176.53061224489792,176.53061224489795,19947.959183673465
jid_895561,92940.0,168.0,1,66,12825,22444,22511,JobState.COMPLETED,0,176.53061224489798,176.53061224489795,11651.020408163267
jid_896723,328.0,145.0,8,21953,566,566,22520,JobState.COMPLETED,0,176.53061224490617,176.53061224489795,31003012.2448994
jid_895402,92940.0,168.0,1,165,11674,22361,22527,JobState.COMPLETED,0,176.5306122448979,176.53061224489795,29127.55102040815
jid_895501,92940.0,168.0,1,118,12402,22409,22528,JobState.COMPLETED,0,176.53061224489792,176.53061224489795,20830.612244897955
jid_895436,92940.0,168.0,1,148,11901,22381,22530,JobState.COMPLETED,0,176.5306122448979,176.53061224489795,26126.53061224489
jid_895434,92940.0,168.0,1,170,11858,22372,22543,JobState.COMPLETED,0,176.5306122448979,176.53061224489795,30010.20408163264
jid_895442,92940.0,168.0,1,166,11923,22381,22548,JobState.COMPLETED,0,176.5306122448979,176.53061224489795,29304.08163265305
jid_895527,92940.0,168.0,1,143,12460,22409,22553,JobState.COMPLETED,0,176.5306122448979,176.53061224489795,25243.8775510204
jid_895083,63299.0,570.0,1,739,9620,21817,22557,JobState.COMPLETED,0,176.53061224489815,176.53061224489795,130456.12244897973
jid_895083,63299.0,570.0,1,743,9620,21817,22561,JobState.COMPLETED,0,176.53061224489815,176.53061224489795,131162.24489795932
jid_895083,63299.0,570.0,1,744,9620,21817,22562,JobState.COMPLETED,0,176.53061224489815,176.53061224489795,131338.77551020423
jid_895083,63299.0,570.0,1,746,9620,21817,22564,JobState.COMPLETED,0,176.53061224489815,176.53061224489795,131691.83673469402
jid_895083,63299.0,570.0,1,746,9620,21817,22564,JobState.COMPLETED,0,176.53061224489815,176.53061224489795,131691.83673469402
jid_895490,92940.0,168.0,1,166,12275,22397,22564,JobState.COMPLETED,0,176.5306122448979,176.53061224489795,29304.08163265305
jid_895083,63299.0,570.0,1,749,9620,21817,22567,JobState.COMPLETED,0,176.53061224489815,176.53061224489795,132221.42857142873
jid_895083,63299.0,570.0,1,754,9620,21817,22572,JobState.COMPLETED,0,176.53061224489815,176.53061224489795,133104.0816326532
jid_895083,63299.0,570.0,1,759,9620,21817,22577,JobState.COMPLETED,0,176.53061224489815,176.53061224489795,133986.7346938777
jid_895460,92940.0,168.0,1,181,12070,22395,22577,JobState.COMPLETED,0,176.5306122448979,176.53061224489795,31952.04081632652
jid_895559,92940.0,168.0,1,168,12697,22433,22602,JobState.COMPLETED,0,176.5306122448979,176.53061224489795,29657.142857142848
jid_895463,92940.0,168.0,1,208,12048,22395,22604,JobState.COMPLETED,0,176.5306122448979,176.53061224489795,36718.367346938765
jid_896738,36768.0,145.0,8,22042,568,568,22611,JobState.COMPLETED,0,176.5306122449062,176.53061224489795,31128702.04081778
jid_896743,65300.0,145.0,8,22059,578,578,22638,JobState.COMPLETED,0,176.5306122449062,176.53061224489795,31152710.204083085
jid_896748,65277.0,145.0,8,22082,577,577,22660,JobState.COMPLETED,0,176.5306122449062,176.53061224489795,31185191.83673615
jid_895083,63299.0,570.0,1,757,9620,21914,22672,JobState.COMPLETED,0,176.53061224489815,176.53061224489795,133633.6734693879
jid_895083,63299.0,570.0,1,760,9620,21914,22675,JobState.COMPLETED,0,176.53061224489815,176.53061224489795,134163.2653061226
jid_895083,63299.0,570.0,1,762,9620,21914,22677,JobState.COMPLETED,0,176.53061224489815,176.53061224489795,134516.3265306124
jid_895083,63299.0,570.0,1,762,9620,21914,22677,JobState.COMPLETED,0,176.53061224489815,176.53061224489795,134516.3265306124
jid_895083,63299.0,570.0,1,764,9620,21914,22679,JobState.COMPLETED,0,176.53061224489815,176.53061224489795,134869.3877551022
jid_896754,65118.0,145.0,8,22118,576,576,22695,JobState.COMPLETED,0,176.53061224490622,176.53061224489795,31236032.653062686
jid_895598,63299.0,570.0,1,245,12834,22457,22703,JobState.COMPLETED,0,176.5306122448979,176.53061224489795,43249.999999999985
jid_895598,63299.0,570.0,1,250,12834,22477,22728,JobState.COMPLETED,0,176.5306122448979,176.53061224489795,44132.653061224475
jid_895598,63299.0,570.0,1,252,12834,22485,22738,JobState.COMPLETED,0,176.5306122448979,176.53061224489795,44485.71428571427
jid_895598,63299.0,570.0,1,251,12834,22491,22743,JobState.COMPLETED,0,176.5306122448979,176.53061224489795,44309.18367346937
jid_896764,65278.0,145.0,8,22166,577,577,22744,JobState.COMPLETED,0,176.53061224490622,176.53061224489795,31303820.408164732
jid_895598,63299.0,570.0,1,303,12834,22447,22751,JobState.COMPLETED,0,176.53061224489798,176.53061224489795,53488.77551020409
jid_895598,63299.0,570.0,1,306,12834,22446,22753,JobState.COMPLETED,0,176.53061224489798,176.53061224489795,54018.36734693878
jid_895598,63299.0,570.0,1,307,12834,22446,22754,JobState.COMPLETED,0,176.53061224489798,176.53061224489795,54194.89795918368
jid_895598,63299.0,570.0,1,310,12834,22447,22758,JobState.COMPLETED,0,176.53061224489798,176.53061224489795,54724.48979591837
jid_895598,63299.0,570.0,1,312,12834,22446,22759,JobState.COMPLETED,0,176.53061224489798,176.53061224489795,55077.55102040817
jid_895598,63299.0,570.0,1,310,12834,22448,22759,JobState.COMPLETED,0,176.53061224489798,176.53061224489795,54724.48979591837
jid_895598,63299.0,570.0,1,311,12834,22448,22760,JobState.COMPLETED,0,176.53061224489798,176.53061224489795,54901.02040816327
jid_895598,63299.0,570.0,1,312,12834,22448,22761,JobState.COMPLETED,0,176.53061224489798,176.53061224489795,55077.55102040817
jid_895598,63299.0,570.0,1,313,12834,22450,22764,JobState.COMPLETED,0,176.53061224489798,176.53061224489795,55254.08163265307
jid_895598,63299.0,570.0,1,314,12834,22450,22765,JobState.COMPLETED,0,176.53061224489798,176.53061224489795,55430.612244897966
jid_895598,63299.0,570.0,1,317,12834,22448,22766,JobState.COMPLETED,0,176.53061224489798,176.53061224489795,55960.20408163266
jid_895598,63299.0,570.0,1,313,12834,22452,22766,JobState.COMPLETED,0,176.53061224489798,176.53061224489795,55254.08163265307
jid_895598,63299.0,570.0,1,318,12834,22448,22767,JobState.COMPLETED,0,176.53061224489798,176.53061224489795,56136.73469387756
jid_895598,63299.0,570.0,1,318,12834,22448,22767,JobState.COMPLETED,0,176.53061224489798,176.53061224489795,56136.73469387756
jid_895598,63299.0,570.0,1,315,12834,22451,22767,JobState.COMPLETED,0,176.53061224489798,176.53061224489795,55607.14285714286
jid_895598,63299.0,570.0,1,315,12834,22451,22767,JobState.COMPLETED,0,176.53061224489798,176.53061224489795,55607.14285714286
jid_895598,63299.0,570.0,1,313,12834,22453,22767,JobState.COMPLETED,0,176.53061224489798,176.53061224489795,55254.08163265307
jid_896768,36770.0,145.0,8,22199,568,568,22768,JobState.COMPLETED,0,176.53061224490622,176.53061224489795,31350424.489797387
jid_895598,63299.0,570.0,1,319,12834,22448,22768,JobState.COMPLETED,0,176.53061224489798,176.53061224489795,56313.265306122456
jid_895598,63299.0,570.0,1,314,12834,22453,22768,JobState.COMPLETED,0,176.53061224489798,176.53061224489795,55430.612244897966
jid_895598,63299.0,570.0,1,320,12834,22448,22769,JobState.COMPLETED,0,176.53061224489798,176.53061224489795,56489.79591836735
jid_895598,63299.0,570.0,1,320,12834,22449,22770,JobState.COMPLETED,0,176.53061224489798,176.53061224489795,56489.79591836735
jid_895598,63299.0,570.0,1,317,12834,22452,22770,JobState.COMPLETED,0,176.53061224489798,176.53061224489795,55960.20408163266
jid_895598,63299.0,570.0,1,312,12834,22457,22770,JobState.COMPLETED,0,176.53061224489798,176.53061224489795,55077.55102040817
jid_895598,63299.0,570.0,1,316,12834,22456,22773,JobState.COMPLETED,0,176.53061224489798,176.53061224489795,55783.67346938776
jid_895598,63299.0,570.0,1,315,12834,22457,22773,JobState.COMPLETED,0,176.53061224489798,176.53061224489795,55607.14285714286
jid_895598,63299.0,570.0,1,313,12834,22459,22773,JobState.COMPLETED,0,176.53061224489798,176.53061224489795,55254.08163265307
jid_895598,63299.0,570.0,1,312,12834,22461,22774,JobState.COMPLETED,0,176.53061224489798,176.53061224489795,55077.55102040817
jid_895598,63299.0,570.0,1,320,12834,22454,22775,JobState.COMPLETED,0,176.53061224489798,176.53061224489795,56489.79591836735
jid_895598,63299.0,570.0,1,319,12834,22455,22775,JobState.COMPLETED,0,176.53061224489798,176.53061224489795,56313.265306122456
jid_895598,63299.0,570.0,1,322,12834,22453,22776,JobState.COMPLETED,0,176.53061224489798,176.53061224489795,56842.85714285715
jid_895598,63299.0,570.0,1,320,12834,22455,22776,JobState.COMPLETED,0,176.53061224489798,176.53061224489795,56489.79591836735
jid_895598,63299.0,570.0,1,317,12834,22458,22776,JobState.COMPLETED,0,176.53061224489798,176.53061224489795,55960.20408163266
jid_895598,63299.0,570.0,1,316,12834,22459,22776,JobState.COMPLETED,0,176.53061224489798,176.53061224489795,55783.67346938776
jid_895598,63299.0,570.0,1,315,12834,22460,22776,JobState.COMPLETED,0,176.53061224489798,176.53061224489795,55607.14285714286
jid_895598,63299.0,570.0,1,314,12834,22461,22776,JobState.COMPLETED,0,176.53061224489798,176.53061224489795,55430.612244897966
jid_895598,63299.0,570.0,1,313,12834,22463,22777,JobState.COMPLETED,0,176.53061224489798,176.53061224489795,55254.08163265307
jid_895598,63299.0,570.0,1,323,12834,22454,22778,JobState.COMPLETED,0,176.53061224489798,176.53061224489795,57019.38775510205
jid_895598,63299.0,570.0,1,315,12834,22462,22778,JobState.COMPLETED,0,176.53061224489798,176.53061224489795,55607.14285714286
jid_895598,63299.0,570.0,1,320,12834,22459,22780,JobState.COMPLETED,0,176.53061224489798,176.53061224489795,56489.79591836735
jid_895598,63299.0,570.0,1,317,12834,22463,22781,JobState.COMPLETED,0,176.53061224489798,176.53061224489795,55960.20408163266
jid_895598,63299.0,570.0,1,319,12834,22462,22782,JobState.COMPLETED,0,176.53061224489798,176.53061224489795,56313.265306122456
jid_895598,63299.0,570.0,1,318,12834,22464,22783,JobState.COMPLETED,0,176.53061224489798,176.53061224489795,56136.73469387756
jid_895598,63299.0,570.0,1,321,12834,22462,22784,JobState.COMPLETED,0,176.53061224489798,176.53061224489795,56666.32653061225
jid_895598,63299.0,570.0,1,316,12834,22467,22784,JobState.COMPLETED,0,176.53061224489798,176.53061224489795,55783.67346938776
jid_895598,63299.0,570.0,1,322,12834,22462,22785,JobState.COMPLETED,0,176.53061224489798,176.53061224489795,56842.85714285715
jid_895598,63299.0,570.0,1,319,12834,22466,22786,JobState.COMPLETED,0,176.53061224489798,176.53061224489795,56313.265306122456
jid_895598,63299.0,570.0,1,316,12834,22469,22786,JobState.COMPLETED,0,176.53061224489798,176.53061224489795,55783.67346938776
jid_895598,63299.0,570.0,1,314,12834,22471,22786,JobState.COMPLETED,0,176.53061224489798,176.53061224489795,55430.612244897966
jid_895598,63299.0,570.0,1,316,12834,22470,22787,JobState.COMPLETED,0,176.53061224489798,176.53061224489795,55783.67346938776
jid_895598,63299.0,570.0,1,316,12834,22471,22788,JobState.COMPLETED,0,176.53061224489798,176.53061224489795,55783.67346938776
jid_895598,63299.0,570.0,1,317,12834,22471,22789,JobState.COMPLETED,0,176.53061224489798,176.53061224489795,55960.20408163266
jid_895598,63299.0,570.0,1,324,12834,22465,22790,JobState.COMPLETED,0,176.53061224489798,176.53061224489795,57195.918367346945
jid_895598,63299.0,570.0,1,319,12834,22471,22791,JobState.COMPLETED,0,176.53061224489798,176.53061224489795,56313.265306122456
jid_895598,63299.0,570.0,1,324,12834,22467,22792,JobState.COMPLETED,0,176.53061224489798,176.53061224489795,57195.918367346945
jid_895598,63299.0,570.0,1,324,12834,22467,22792,JobState.COMPLETED,0,176.53061224489798,176.53061224489795,57195.918367346945
jid_895598,63299.0,570.0,1,317,12834,22474,22792,JobState.COMPLETED,0,176.53061224489798,176.53061224489795,55960.20408163266
jid_895598,63299.0,570.0,1,324,12834,22468,22793,JobState.COMPLETED,0,176.53061224489798,176.53061224489795,57195.918367346945
jid_895598,63299.0,570.0,1,325,12834,22468,22794,JobState.COMPLETED,0,176.53061224489798,176.53061224489795,57372.44897959184
jid_895598,63299.0,570.0,1,326,12834,22468,22795,JobState.COMPLETED,0,176.53061224489798,176.53061224489795,57548.97959183674
jid_895598,63299.0,570.0,1,326,12834,22468,22795,JobState.COMPLETED,0,176.53061224489798,176.53061224489795,57548.97959183674
jid_895598,63299.0,570.0,1,325,12834,22469,22795,JobState.COMPLETED,0,176.53061224489798,176.53061224489795,57372.44897959184
jid_895598,63299.0,570.0,1,325,12834,22469,22795,JobState.COMPLETED,0,176.53061224489798,176.53061224489795,57372.44897959184
jid_895598,63299.0,570.0,1,325,12834,22469,22795,JobState.COMPLETED,0,176.53061224489798,176.53061224489795,57372.44897959184
jid_895598,63299.0,570.0,1,320,12834,22474,22795,JobState.COMPLETED,0,176.53061224489798,176.53061224489795,56489.79591836735
jid_895598,63299.0,570.0,1,326,12834,22469,22796,JobState.COMPLETED,0,176.53061224489798,176.53061224489795,57548.97959183674
jid_895598,63299.0,570.0,1,325,12834,22470,22796,JobState.COMPLETED,0,176.53061224489798,176.53061224489795,57372.44897959184
jid_895598,63299.0,570.0,1,325,12834,22470,22796,JobState.COMPLETED,0,176.53061224489798,176.53061224489795,57372.44897959184
jid_895598,63299.0,570.0,1,324,12834,22471,22796,JobState.COMPLETED,0,176.53061224489798,176.53061224489795,57195.918367346945
jid_895598,63299.0,570.0,1,324,12834,22471,22796,JobState.COMPLETED,0,176.53061224489798,176.53061224489795,57195.918367346945
jid_895598,63299.0,570.0,1,325,12834,22471,22797,JobState.COMPLETED,0,176.53061224489798,176.53061224489795,57372.44897959184
jid_896775,65123.0,145.0,8,22224,574,574,22799,JobState.COMPLETED,0,176.53061224490622,176.53061224489795,31385730.612246368
jid_895598,63299.0,570.0,1,324,12834,22474,22799,JobState.COMPLETED,0,176.53061224489798,176.53061224489795,57195.918367346945
jid_895598,63299.0,570.0,1,326,12834,22473,22800,JobState.COMPLETED,0,176.53061224489798,176.53061224489795,57548.97959183674
jid_895598,63299.0,570.0,1,322,12834,22477,22800,JobState.COMPLETED,0,176.53061224489798,176.53061224489795,56842.85714285715
jid_895598,63299.0,570.0,1,320,12834,22479,22800,JobState.COMPLETED,0,176.53061224489798,176.53061224489795,56489.79591836735
jid_895598,63299.0,570.0,1,318,12834,22482,22801,JobState.COMPLETED,0,176.53061224489798,176.53061224489795,56136.73469387756
jid_895598,63299.0,570.0,1,327,12834,22475,22803,JobState.COMPLETED,0,176.53061224489798,176.53061224489795,57725.51020408164
jid_895598,63299.0,570.0,1,325,12834,22477,22803,JobState.COMPLETED,0,176.53061224489798,176.53061224489795,57372.44897959184
jid_895598,63299.0,570.0,1,327,12834,22478,22806,JobState.COMPLETED,0,176.53061224489798,176.53061224489795,57725.51020408164
jid_895598,63299.0,570.0,1,316,12834,22489,22806,JobState.COMPLETED,0,176.53061224489798,176.53061224489795,55783.67346938776
jid_895598,63299.0,570.0,1,328,12834,22478,22807,JobState.COMPLETED,0,176.53061224489798,176.53061224489795,57902.04081632654
jid_895598,63299.0,570.0,1,328,12834,22478,22807,JobState.COMPLETED,0,176.53061224489798,176.53061224489795,57902.04081632654
jid_895598,63299.0,570.0,1,326,12834,22480,22807,JobState.COMPLETED,0,176.53061224489798,176.53061224489795,57548.97959183674
jid_895598,63299.0,570.0,1,320,12834,22487,22808,JobState.COMPLETED,0,176.53061224489798,176.53061224489795,56489.79591836735
jid_895598,63299.0,570.0,1,254,12834,22553,22808,JobState.COMPLETED,0,176.5306122448979,176.53061224489795,44838.77551020407
jid_895598,63299.0,570.0,1,320,12834,22488,22809,JobState.COMPLETED,0,176.53061224489798,176.53061224489795,56489.79591836735
jid_895598,63299.0,570.0,1,315,12834,22493,22809,JobState.COMPLETED,0,176.53061224489798,176.53061224489795,55607.14285714286
jid_895598,63299.0,570.0,1,320,12834,22489,22810,JobState.COMPLETED,0,176.53061224489798,176.53061224489795,56489.79591836735
jid_895598,63299.0,570.0,1,322,12834,22488,22811,JobState.COMPLETED,0,176.53061224489798,176.53061224489795,56842.85714285715
jid_895598,63299.0,570.0,1,324,12834,22488,22813,JobState.COMPLETED,0,176.53061224489798,176.53061224489795,57195.918367346945
jid_895598,63299.0,570.0,1,326,12834,22488,22815,JobState.COMPLETED,0,176.53061224489798,176.53061224489795,57548.97959183674
jid_895598,63299.0,570.0,1,326,12834,22488,22815,JobState.COMPLETED,0,176.53061224489798,176.53061224489795,57548.97959183674
jid_896780,39761.0,145.0,8,22251,564,564,22816,JobState.COMPLETED,0,176.53061224490625,176.53061224489795,31423861.224491272
jid_895598,63299.0,570.0,1,327,12834,22488,22816,JobState.COMPLETED,0,176.53061224489798,176.53061224489795,57725.51020408164
jid_895598,63299.0,570.0,1,322,12834,22493,22816,JobState.COMPLETED,0,176.53061224489798,176.53061224489795,56842.85714285715
jid_895598,63299.0,570.0,1,321,12834,22494,22816,JobState.COMPLETED,0,176.53061224489798,176.53061224489795,56666.32653061225
jid_895598,63299.0,570.0,1,328,12834,22488,22817,JobState.COMPLETED,0,176.53061224489798,176.53061224489795,57902.04081632654
jid_895598,63299.0,570.0,1,328,12834,22488,22817,JobState.COMPLETED,0,176.53061224489798,176.53061224489795,57902.04081632654
jid_895598,63299.0,570.0,1,326,12834,22490,22817,JobState.COMPLETED,0,176.53061224489798,176.53061224489795,57548.97959183674
jid_895598,63299.0,570.0,1,328,12834,22489,22818,JobState.COMPLETED,0,176.53061224489798,176.53061224489795,57902.04081632654
jid_895598,63299.0,570.0,1,327,12834,22491,22819,JobState.COMPLETED,0,176.53061224489798,176.53061224489795,57725.51020408164
jid_895598,63299.0,570.0,1,327,12834,22491,22819,JobState.COMPLETED,0,176.53061224489798,176.53061224489795,57725.51020408164
jid_895598,63299.0,570.0,1,327,12834,22491,22819,JobState.COMPLETED,0,176.53061224489798,176.53061224489795,57725.51020408164
jid_895598,63299.0,570.0,1,326,12834,22492,22819,JobState.COMPLETED,0,176.53061224489798,176.53061224489795,57548.97959183674
jid_895598,63299.0,570.0,1,329,12834,22491,22821,JobState.COMPLETED,0,176.53061224489798,176.53061224489795,58078.571428571435
jid_895598,63299.0,570.0,1,328,12834,22494,22823,JobState.COMPLETED,0,176.53061224489798,176.53061224489795,57902.04081632654
jid_895598,63299.0,570.0,1,328,12834,22495,22824,JobState.COMPLETED,0,176.53061224489798,176.53061224489795,57902.04081632654
jid_895598,63299.0,570.0,1,324,12834,22499,22824,JobState.COMPLETED,0,176.53061224489798,176.53061224489795,57195.918367346945
jid_894906,1444.0,710.0,12,531,7413,22293,22825,JobState.COMPLETED,0,120.5873786093244,120.58737860932438,768382.776498615
jid_895598,63299.0,570.0,1,329,12834,22495,22825,JobState.COMPLETED,0,176.53061224489798,176.53061224489795,58078.571428571435
jid_895598,63299.0,570.0,1,329,12834,22496,22826,JobState.COMPLETED,0,176.53061224489798,176.53061224489795,58078.571428571435
jid_895598,63299.0,570.0,1,330,12834,22496,22827,JobState.COMPLETED,0,176.530612244898,176.53061224489795,58255.102040816346
jid_895598,63299.0,570.0,1,317,12834,22511,22829,JobState.COMPLETED,0,176.53061224489798,176.53061224489795,55960.20408163266
jid_895581,92940.0,168.0,1,36,12865,22792,22829,JobState.COMPLETED,0,176.53061224489795,176.53061224489795,6355.102040816326
jid_895598,63299.0,570.0,1,329,12834,22500,22830,JobState.COMPLETED,0,176.53061224489798,176.53061224489795,58078.571428571435
jid_895598,63299.0,570.0,1,329,12834,22500,22830,JobState.COMPLETED,0,176.53061224489798,176.53061224489795,58078.571428571435
jid_895592,92940.0,168.0,1,31,13075,22800,22832,JobState.COMPLETED,0,176.53061224489795,176.53061224489795,5472.448979591836
jid_895585,92940.0,168.0,1,33,13023,22799,22833,JobState.COMPLETED,0,176.53061224489795,176.53061224489795,5825.510204081633
jid_895590,92940.0,168.0,1,32,13068,22800,22833,JobState.COMPLETED,0,176.53061224489795,176.53061224489795,5648.9795918367345
jid_895578,92940.0,168.0,1,38,12896,22795,22834,JobState.COMPLETED,0,176.53061224489795,176.53061224489795,6708.163265306122
jid_895598,63299.0,570.0,1,329,12834,22505,22835,JobState.COMPLETED,0,176.53061224489798,176.53061224489795,58078.571428571435
jid_895598,63299.0,570.0,1,323,12834,22511,22835,JobState.COMPLETED,0,176.53061224489798,176.53061224489795,57019.38775510205
jid_895562,92940.0,168.0,1,46,12848,22789,22836,JobState.COMPLETED,0,176.53061224489795,176.53061224489795,8120.408163265306
jid_895598,63299.0,570.0,1,329,12834,22508,22838,JobState.COMPLETED,0,176.53061224489798,176.53061224489795,58078.571428571435
jid_895570,92940.0,168.0,1,42,12915,22795,22838,JobState.COMPLETED,0,176.53061224489795,176.53061224489795,7414.285714285714
jid_896784,331.0,145.0,8,22272,566,566,22839,JobState.COMPLETED,0,176.53061224490625,176.53061224489795,31453518.367348418
jid_895598,63299.0,570.0,1,319,12834,22520,22840,JobState.COMPLETED,0,176.53061224489798,176.53061224489795,56313.265306122456
jid_895563,92940.0,168.0,1,47,12858,22792,22840,JobState.COMPLETED,0,176.53061224489795,176.53061224489795,8296.938775510203
jid_896831,38974.0,145.0,8,22270,570,570,22841,JobState.COMPLETED,0,176.53061224490625,176.53061224489795,31450693.877552498
jid_895598,63299.0,570.0,1,320,12834,22520,22841,JobState.COMPLETED,0,176.53061224489798,176.53061224489795,56489.79591836735
jid_895598,63299.0,570.0,1,320,12834,22520,22841,JobState.COMPLETED,0,176.53061224489798,176.53061224489795,56489.79591836735
jid_895566,92940.0,168.0,1,46,12870,22794,22841,JobState.COMPLETED,0,176.53061224489795,176.53061224489795,8120.408163265306
jid_895587,92940.0,168.0,1,42,13020,22799,22842,JobState.COMPLETED,0,176.53061224489795,176.53061224489795,7414.285714285714
jid_895605,92940.0,168.0,1,43,12993,22799,22843,JobState.COMPLETED,0,176.53061224489795,176.53061224489795,7590.816326530612
jid_895594,92940.0,168.0,1,39,13079,22803,22843,JobState.COMPLETED,0,176.53061224489795,176.53061224489795,6884.69387755102
jid_895598,63299.0,570.0,1,323,12834,22520,22844,JobState.COMPLETED,0,176.53061224489798,176.53061224489795,57019.38775510205
jid_895572,92940.0,168.0,1,48,12923,22795,22844,JobState.COMPLETED,0,176.53061224489795,176.53061224489795,8473.469387755102
jid_895573,92940.0,168.0,1,47,12933,22796,22844,JobState.COMPLETED,0,176.53061224489795,176.53061224489795,8296.938775510203
jid_895580,92940.0,168.0,1,44,12998,22799,22844,JobState.COMPLETED,0,176.53061224489795,176.53061224489795,7767.34693877551
jid_895602,92940.0,168.0,1,35,13125,22808,22844,JobState.COMPLETED,0,176.53061224489795,176.53061224489795,6178.571428571428
jid_895601,92940.0,168.0,1,37,13118,22807,22845,JobState.COMPLETED,0,176.53061224489795,176.53061224489795,6531.632653061224
jid_895598,63299.0,570.0,1,325,12834,22520,22846,JobState.COMPLETED,0,176.53061224489798,176.53061224489795,57372.44897959184
jid_895582,92940.0,168.0,1,50,12928,22795,22846,JobState.COMPLETED,0,176.53061224489795,176.53061224489795,8826.530612244898
jid_895584,92940.0,168.0,1,46,13011,22799,22846,JobState.COMPLETED,0,176.53061224489795,176.53061224489795,8120.408163265306
jid_895564,92940.0,168.0,1,55,12854,22791,22847,JobState.COMPLETED,0,176.53061224489795,176.53061224489795,9709.183673469388
jid_895608,92940.0,168.0,1,31,13171,22815,22847,JobState.COMPLETED,0,176.53061224489795,176.53061224489795,5472.448979591836
jid_895598,63299.0,570.0,1,327,12834,22520,22848,JobState.COMPLETED,0,176.53061224489798,176.53061224489795,57725.51020408164
jid_895567,92940.0,168.0,1,54,12866,22793,22848,JobState.COMPLETED,0,176.53061224489795,176.53061224489795,9532.65306122449
jid_895617,92940.0,168.0,1,31,13220,22816,22848,JobState.COMPLETED,0,176.53061224489795,176.53061224489795,5472.448979591836
jid_895619,92940.0,168.0,1,31,13236,22816,22848,JobState.COMPLETED,0,176.53061224489795,176.53061224489795,5472.448979591836
jid_895625,92940.0,168.0,1,28,13268,22819,22848,JobState.COMPLETED,0,176.53061224489795,176.53061224489795,4942.857142857143
jid_895596,92940.0,168.0,1,47,13075,22801,22849,JobState.COMPLETED,0,176.53061224489795,176.53061224489795,8296.938775510203
jid_895612,92940.0,168.0,1,32,13186,22816,22849,JobState.COMPLETED,0,176.53061224489795,176.53061224489795,5648.9795918367345
jid_896791,65170.0,145.0,8,22277,572,572,22850,JobState.COMPLETED,0,176.53061224490625,176.53061224489795,31460579.59183821
jid_895598,63299.0,570.0,1,319,12834,22530,22850,JobState.COMPLETED,0,176.53061224489798,176.53061224489795,56313.265306122456
jid_895575,92940.0,168.0,1,53,12937,22796,22850,JobState.COMPLETED,0,176.53061224489795,176.53061224489795,9356.122448979591
jid_895591,92940.0,168.0,1,50,13053,22799,22850,JobState.COMPLETED,0,176.53061224489795,176.53061224489795,8826.530612244898
jid_895629,92940.0,168.0,1,30,13286,22819,22850,JobState.COMPLETED,0,176.53061224489795,176.53061224489795,5295.918367346939
jid_895598,63299.0,570.0,1,330,12834,22520,22851,JobState.COMPLETED,0,176.530612244898,176.53061224489795,58255.102040816346
jid_895565,92940.0,168.0,1,60,12853,22790,22851,JobState.COMPLETED,0,176.53061224489798,176.53061224489795,10591.83673469388
jid_895586,92940.0,168.0,1,51,13008,22799,22851,JobState.COMPLETED,0,176.53061224489795,176.53061224489795,9003.061224489795
jid_895588,92940.0,168.0,1,51,13019,22799,22851,JobState.COMPLETED,0,176.53061224489795,176.53061224489795,9003.061224489795
jid_895595,92940.0,168.0,1,50,13072,22800,22851,JobState.COMPLETED,0,176.53061224489795,176.53061224489795,8826.530612244898
jid_895598,63299.0,570.0,1,331,12834,22520,22852,JobState.COMPLETED,0,176.530612244898,176.53061224489795,58431.63265306124
jid_895604,92940.0,168.0,1,42,13137,22809,22852,JobState.COMPLETED,0,176.53061224489795,176.53061224489795,7414.285714285714
jid_895598,63299.0,570.0,1,324,12834,22528,22853,JobState.COMPLETED,0,176.53061224489798,176.53061224489795,57195.918367346945
jid_895568,92940.0,168.0,1,60,12863,22792,22853,JobState.COMPLETED,0,176.53061224489798,176.53061224489795,10591.83673469388
jid_895574,92940.0,168.0,1,56,12932,22796,22853,JobState.COMPLETED,0,176.53061224489795,176.53061224489795,9885.714285714286
jid_895579,92940.0,168.0,1,57,12978,22796,22854,JobState.COMPLETED,0,176.53061224489795,176.53061224489795,10062.244897959183
jid_895632,92940.0,168.0,1,28,13316,22825,22854,JobState.COMPLETED,0,176.53061224489795,176.53061224489795,4942.857142857143
jid_895576,92940.0,168.0,1,58,12942,22796,22855,JobState.COMPLETED,0,176.53061224489795,176.53061224489795,10238.775510204081
jid_895597,92940.0,168.0,1,51,13079,22803,22855,JobState.COMPLETED,0,176.53061224489795,176.53061224489795,9003.061224489795
jid_896793,332.0,145.0,8,22289,566,566,22856,JobState.COMPLETED,0,176.53061224490625,176.53061224489795,31477526.530613724
jid_895598,63299.0,570.0,1,328,12834,22527,22856,JobState.COMPLETED,0,176.53061224489798,176.53061224489795,57902.04081632654
jid_895626,92940.0,168.0,1,38,13261,22817,22856,JobState.COMPLETED,0,176.53061224489795,176.53061224489795,6708.163265306122
jid_895627,92940.0,168.0,1,37,13265,22818,22856,JobState.COMPLETED,0,176.53061224489795,176.53061224489795,6531.632653061224
jid_895593,92940.0,168.0,1,57,13061,22799,22857,JobState.COMPLETED,0,176.53061224489795,176.53061224489795,10062.244897959183
jid_895630,92940.0,168.0,1,37,13287,22819,22857,JobState.COMPLETED,0,176.53061224489795,176.53061224489795,6531.632653061224
jid_895621,92940.0,168.0,1,41,13227,22816,22858,JobState.COMPLETED,0,176.53061224489795,176.53061224489795,7237.755102040816
jid_895639,92940.0,168.0,1,32,13336,22825,22858,JobState.COMPLETED,0,176.53061224489795,176.53061224489795,5648.9795918367345
jid_895603,92940.0,168.0,1,51,13122,22807,22859,JobState.COMPLETED,0,176.53061224489795,176.53061224489795,9003.061224489795
jid_895615,92940.0,168.0,1,42,13200,22816,22859,JobState.COMPLETED,0,176.53061224489795,176.53061224489795,7414.285714285714
jid_895616,92940.0,168.0,1,42,13206,22816,22859,JobState.COMPLETED,0,176.53061224489795,176.53061224489795,7414.285714285714
jid_895607,92940.0,168.0,1,50,13146,22809,22860,JobState.COMPLETED,0,176.53061224489795,176.53061224489795,8826.530612244898
jid_895583,92940.0,168.0,1,65,12915,22795,22861,JobState.COMPLETED,0,176.53061224489798,176.53061224489795,11474.489795918369
jid_895624,92940.0,168.0,1,43,13254,22817,22861,JobState.COMPLETED,0,176.53061224489795,176.53061224489795,7590.816326530612
jid_895636,92940.0,168.0,1,36,13316,22825,22862,JobState.COMPLETED,0,176.53061224489795,176.53061224489795,6355.102040816326
jid_895614,92940.0,168.0,1,46,13190,22816,22863,JobState.COMPLETED,0,176.53061224489795,176.53061224489795,8120.408163265306
jid_895637,92940.0,168.0,1,37,13319,22825,22863,JobState.COMPLETED,0,176.53061224489795,176.53061224489795,6531.632653061224
jid_895618,92940.0,168.0,1,47,13215,22816,22864,JobState.COMPLETED,0,176.53061224489795,176.53061224489795,8296.938775510203
jid_895651,92940.0,168.0,1,34,13388,22829,22864,JobState.COMPLETED,0,176.53061224489795,176.53061224489795,6002.04081632653
jid_895600,92940.0,168.0,1,58,13089,22806,22865,JobState.COMPLETED,0,176.53061224489795,176.53061224489795,10238.775510204081
jid_895645,92940.0,168.0,1,39,13375,22825,22865,JobState.COMPLETED,0,176.53061224489795,176.53061224489795,6884.69387755102
jid_895688,92940.0,168.0,1,20,13607,22844,22865,JobState.COMPLETED,0,176.53061224489795,176.53061224489795,3530.612244897959
jid_895687,92940.0,168.0,1,20,13611,22844,22865,JobState.COMPLETED,0,176.53061224489795,176.53061224489795,3530.612244897959
jid_895694,92940.0,168.0,1,18,13633,22846,22865,JobState.COMPLETED,0,176.53061224489795,176.53061224489795,3177.551020408163
jid_895641,92940.0,168.0,1,40,13341,22825,22866,JobState.COMPLETED,0,176.53061224489795,176.53061224489795,7061.224489795918
jid_895690,92940.0,168.0,1,21,13615,22844,22866,JobState.COMPLETED,0,176.53061224489795,176.53061224489795,3707.142857142857
jid_895695,92940.0,168.0,1,19,13632,22846,22866,JobState.COMPLETED,0,176.53061224489795,176.53061224489795,3354.081632653061
jid_895635,92940.0,168.0,1,42,13306,22824,22867,JobState.COMPLETED,0,176.53061224489795,176.53061224489795,7414.285714285714
jid_895638,92940.0,168.0,1,42,13315,22824,22867,JobState.COMPLETED,0,176.53061224489795,176.53061224489795,7414.285714285714
jid_895643,92940.0,168.0,1,41,13365,22825,22867,JobState.COMPLETED,0,176.53061224489795,176.53061224489795,7237.755102040816
jid_895701,92940.0,168.0,1,18,13668,22848,22867,JobState.COMPLETED,0,176.53061224489795,176.53061224489795,3177.551020408163
jid_895667,92940.0,168.0,1,28,13496,22839,22868,JobState.COMPLETED,0,176.53061224489795,176.53061224489795,4942.857142857143
jid_895598,63299.0,570.0,1,325,12834,22543,22869,JobState.COMPLETED,0,176.53061224489798,176.53061224489795,57372.44897959184
jid_895609,92940.0,168.0,1,57,13149,22811,22869,JobState.COMPLETED,0,176.53061224489795,176.53061224489795,10062.244897959183
jid_895657,92940.0,168.0,1,32,13440,22836,22869,JobState.COMPLETED,0,176.53061224489795,176.53061224489795,5648.9795918367345
jid_895675,92940.0,168.0,1,27,13540,22841,22869,JobState.COMPLETED,0,176.53061224489795,176.53061224489795,4766.326530612245
jid_895693,92940.0,168.0,1,23,13628,22845,22869,JobState.COMPLETED,0,176.53061224489795,176.53061224489795,4060.204081632653
jid_895633,92940.0,168.0,1,46,13301,22823,22870,JobState.COMPLETED,0,176.53061224489795,176.53061224489795,8120.408163265306
jid_895655,92940.0,168.0,1,36,13433,22833,22870,JobState.COMPLETED,0,176.53061224489795,176.53061224489795,6355.102040816326
jid_895698,92940.0,168.0,1,22,13650,22847,22870,JobState.COMPLETED,0,176.53061224489795,176.53061224489795,3883.673469387755
jid_895699,92940.0,168.0,1,21,13650,22848,22870,JobState.COMPLETED,0,176.53061224489795,176.53061224489795,3707.142857142857
jid_895700,92940.0,168.0,1,21,13659,22848,22870,JobState.COMPLETED,0,176.53061224489795,176.53061224489795,3707.142857142857
jid_895702,92940.0,168.0,1,21,13668,22848,22870,JobState.COMPLETED,0,176.53061224489795,176.53061224489795,3707.142857142857
jid_895711,92940.0,168.0,1,19,13704,22850,22870,JobState.COMPLETED,0,176.53061224489795,176.53061224489795,3354.081632653061
jid_895606,92940.0,168.0,1,62,13135,22808,22871,JobState.COMPLETED,0,176.53061224489798,176.53061224489795,10944.897959183674
jid_895649,92940.0,168.0,1,45,13370,22825,22871,JobState.COMPLETED,0,176.53061224489795,176.53061224489795,7943.877551020408
jid_895684,92940.0,168.0,1,27,13586,22843,22871,JobState.COMPLETED,0,176.53061224489795,176.53061224489795,4766.326530612245
jid_895696,92940.0,168.0,1,24,13629,22846,22871,JobState.COMPLETED,0,176.53061224489795,176.53061224489795,4236.734693877551
jid_895703,92940.0,168.0,1,21,13669,22849,22871,JobState.COMPLETED,0,176.53061224489795,176.53061224489795,3707.142857142857
jid_895707,92940.0,168.0,1,20,13690,22850,22871,JobState.COMPLETED,0,176.53061224489795,176.53061224489795,3530.612244897959
jid_895599,92940.0,168.0,1,65,13080,22806,22872,JobState.COMPLETED,0,176.53061224489798,176.53061224489795,11474.489795918369
jid_895610,92940.0,168.0,1,61,13146,22810,22872,JobState.COMPLETED,0,176.53061224489798,176.53061224489795,10768.367346938778
jid_895620,92940.0,168.0,1,55,13215,22816,22872,JobState.COMPLETED,0,176.53061224489795,176.53061224489795,9709.183673469388
jid_895650,92940.0,168.0,1,45,13375,22826,22872,JobState.COMPLETED,0,176.53061224489795,176.53061224489795,7943.877551020408
jid_895666,92940.0,168.0,1,32,13490,22839,22872,JobState.COMPLETED,0,176.53061224489795,176.53061224489795,5648.9795918367345
jid_895671,92940.0,168.0,1,31,13507,22840,22872,JobState.COMPLETED,0,176.53061224489795,176.53061224489795,5472.448979591836
jid_895686,92940.0,168.0,1,27,13598,22844,22872,JobState.COMPLETED,0,176.53061224489795,176.53061224489795,4766.326530612245
jid_895712,92940.0,168.0,1,21,13705,22850,22872,JobState.COMPLETED,0,176.53061224489795,176.53061224489795,3707.142857142857
jid_895716,92940.0,168.0,1,21,13728,22850,22872,JobState.COMPLETED,0,176.53061224489795,176.53061224489795,3707.142857142857
jid_895722,92940.0,168.0,1,20,13743,22851,22872,JobState.COMPLETED,0,176.53061224489795,176.53061224489795,3530.612244897959
jid_895640,92940.0,168.0,1,47,13333,22825,22873,JobState.COMPLETED,0,176.53061224489795,176.53061224489795,8296.938775510203
jid_895697,92940.0,168.0,1,25,13642,22847,22873,JobState.COMPLETED,0,176.53061224489795,176.53061224489795,4413.265306122449
jid_895704,92940.0,168.0,1,23,13671,22849,22873,JobState.COMPLETED,0,176.53061224489795,176.53061224489795,4060.204081632653
jid_895717,92940.0,168.0,1,22,13729,22850,22873,JobState.COMPLETED,0,176.53061224489795,176.53061224489795,3883.673469387755
jid_895719,92940.0,168.0,1,21,13743,22851,22873,JobState.COMPLETED,0,176.53061224489795,176.53061224489795,3707.142857142857
jid_895713,92940.0,168.0,1,23,13702,22850,22874,JobState.COMPLETED,0,176.53061224489795,176.53061224489795,4060.204081632653
jid_895644,92940.0,168.0,1,49,13359,22825,22875,JobState.COMPLETED,0,176.53061224489795,176.53061224489795,8650.0
jid_895646,92940.0,168.0,1,49,13366,22825,22875,JobState.COMPLETED,0,176.53061224489795,176.53061224489795,8650.0
jid_895648,92940.0,168.0,1,49,13366,22825,22875,JobState.COMPLETED,0,176.53061224489795,176.53061224489795,8650.0
jid_895656,92940.0,168.0,1,41,13433,22833,22875,JobState.COMPLETED,0,176.53061224489795,176.53061224489795,7237.755102040816
jid_895623,92940.0,168.0,1,59,13224,22816,22876,JobState.COMPLETED,0,176.53061224489795,176.53061224489795,10415.30612244898
jid_895669,92940.0,168.0,1,36,13496,22839,22876,JobState.COMPLETED,0,176.53061224489795,176.53061224489795,6355.102040816326
jid_895672,63299.0,570.0,1,34,13514,22841,22876,JobState.COMPLETED,0,176.53061224489795,176.53061224489795,6002.04081632653
jid_895721,92940.0,168.0,1,24,13743,22851,22876,JobState.COMPLETED,0,176.53061224489795,176.53061224489795,4236.734693877551
jid_895653,92940.0,168.0,1,46,13400,22830,22877,JobState.COMPLETED,0,176.53061224489795,176.53061224489795,8120.408163265306
jid_895668,92940.0,168.0,1,37,13496,22839,22877,JobState.COMPLETED,0,176.53061224489795,176.53061224489795,6531.632653061224
jid_895674,92940.0,168.0,1,35,13527,22841,22877,JobState.COMPLETED,0,176.53061224489795,176.53061224489795,6178.571428571428
jid_895676,92940.0,168.0,1,35,13534,22841,22877,JobState.COMPLETED,0,176.53061224489795,176.53061224489795,6178.571428571428
jid_895685,92940.0,168.0,1,34,13582,22842,22877,JobState.COMPLETED,0,176.53061224489795,176.53061224489795,6002.04081632653
jid_895708,92940.0,168.0,1,26,13687,22850,22877,JobState.COMPLETED,0,176.53061224489795,176.53061224489795,4589.7959183673465
jid_895714,92940.0,168.0,1,26,13711,22850,22877,JobState.COMPLETED,0,176.53061224489795,176.53061224489795,4589.7959183673465
jid_896797,38532.0,145.0,8,22310,567,567,22878,JobState.COMPLETED,0,176.53061224490625,176.53061224489795,31507183.673470866
jid_895598,63299.0,570.0,1,329,12834,22548,22878,JobState.COMPLETED,0,176.53061224489798,176.53061224489795,58078.571428571435
jid_895652,92940.0,168.0,1,50,13375,22827,22878,JobState.COMPLETED,0,176.53061224489795,176.53061224489795,8826.530612244898
jid_895724,92940.0,168.0,1,24,13767,22853,22878,JobState.COMPLETED,0,176.53061224489795,176.53061224489795,4236.734693877551
jid_895744,92940.0,168.0,1,20,13853,22857,22878,JobState.COMPLETED,0,176.53061224489795,176.53061224489795,3530.612244897959
jid_895801,71038.0,736.0,1,2,14273,22875,22878,JobState.COMPLETED,0,176.53061224489795,176.53061224489795,353.0612244897959
jid_895631,92940.0,168.0,1,59,13280,22819,22879,JobState.COMPLETED,0,176.53061224489795,176.53061224489795,10415.30612244898
jid_895728,92940.0,168.0,1,24,13783,22854,22879,JobState.COMPLETED,0,176.53061224489795,176.53061224489795,4236.734693877551
jid_895727,92940.0,168.0,1,23,13784,22855,22879,JobState.COMPLETED,0,176.53061224489795,176.53061224489795,4060.204081632653
jid_895729,92940.0,168.0,1,23,13784,22855,22879,JobState.COMPLETED,0,176.53061224489795,176.53061224489795,4060.204081632653
jid_895735,92940.0,168.0,1,22,13823,22856,22879,JobState.COMPLETED,0,176.53061224489795,176.53061224489795,3883.673469387755
jid_895745,92940.0,168.0,1,22,13851,22856,22879,JobState.COMPLETED,0,176.53061224489795,176.53061224489795,3883.673469387755
jid_895598,63299.0,570.0,1,322,12834,22557,22880,JobState.COMPLETED,0,176.53061224489798,176.53061224489795,56842.85714285715
jid_895628,92940.0,168.0,1,62,13252,22817,22880,JobState.COMPLETED,0,176.53061224489798,176.53061224489795,10944.897959183674
jid_895658,92940.0,168.0,1,49,13425,22830,22880,JobState.COMPLETED,0,176.53061224489795,176.53061224489795,8650.0
jid_895706,92940.0,168.0,1,38,13507,22841,22880,JobState.COMPLETED,0,176.53061224489795,176.53061224489795,6708.163265306122
jid_895725,92940.0,168.0,1,26,13768,22853,22880,JobState.COMPLETED,0,176.53061224489795,176.53061224489795,4589.7959183673465
jid_895732,92940.0,168.0,1,23,13809,22856,22880,JobState.COMPLETED,0,176.53061224489795,176.53061224489795,4060.204081632653
jid_895613,92940.0,168.0,1,67,13166,22813,22881,JobState.COMPLETED,0,176.53061224489798,176.53061224489795,11827.551020408164
jid_895679,92940.0,168.0,1,39,13552,22841,22881,JobState.COMPLETED,0,176.53061224489795,176.53061224489795,6884.69387755102
jid_895734,92940.0,168.0,1,24,13812,22856,22881,JobState.COMPLETED,0,176.53061224489795,176.53061224489795,4236.734693877551
jid_895736,92940.0,168.0,1,24,13823,22856,22881,JobState.COMPLETED,0,176.53061224489795,176.53061224489795,4236.734693877551
jid_895742,92940.0,168.0,1,24,13844,22856,22881,JobState.COMPLETED,0,176.53061224489795,176.53061224489795,4236.734693877551
jid_895748,92940.0,168.0,1,21,13880,22859,22881,JobState.COMPLETED,0,176.53061224489795,176.53061224489795,3707.142857142857
jid_895820,71038.0,736.0,10,2,14370,22878,22881,JobState.COMPLETED,0,176.53061224489795,176.53061224489795,3530.612244897959
jid_895654,92940.0,168.0,1,52,13399,22829,22882,JobState.COMPLETED,0,176.53061224489795,176.53061224489795,9179.591836734693
jid_895680,92940.0,168.0,1,40,13553,22841,22882,JobState.COMPLETED,0,176.53061224489795,176.53061224489795,7061.224489795918
jid_895723,92940.0,168.0,1,29,13755,22852,22882,JobState.COMPLETED,0,176.53061224489795,176.53061224489795,5119.3877551020405
jid_895747,92940.0,168.0,1,24,13862,22857,22882,JobState.COMPLETED,0,176.53061224489795,176.53061224489795,4236.734693877551
jid_895598,63299.0,570.0,1,320,12834,22562,22883,JobState.COMPLETED,0,176.53061224489798,176.53061224489795,56489.79591836735
jid_895664,92940.0,168.0,1,43,13464,22839,22883,JobState.COMPLETED,0,176.53061224489795,176.53061224489795,7590.816326530612
jid_895737,92940.0,168.0,1,26,13828,22856,22883,JobState.COMPLETED,0,176.53061224489795,176.53061224489795,4589.7959183673465
jid_895746,92940.0,168.0,1,24,13863,22858,22883,JobState.COMPLETED,0,176.53061224489795,176.53061224489795,4236.734693877551
jid_895750,92940.0,168.0,1,22,13886,22860,22883,JobState.COMPLETED,0,176.53061224489795,176.53061224489795,3883.673469387755
jid_895634,92940.0,168.0,1,62,13287,22821,22884,JobState.COMPLETED,0,176.53061224489798,176.53061224489795,10944.897959183674
jid_895659,92940.0,168.0,1,51,13425,22832,22884,JobState.COMPLETED,0,176.53061224489795,176.53061224489795,9003.061224489795
jid_895673,92940.0,168.0,1,44,13501,22839,22884,JobState.COMPLETED,0,176.53061224489795,176.53061224489795,7767.34693877551
jid_895678,92940.0,168.0,1,42,13542,22841,22884,JobState.COMPLETED,0,176.53061224489795,176.53061224489795,7414.285714285714
jid_895731,92940.0,168.0,1,27,13801,22856,22884,JobState.COMPLETED,0,176.53061224489795,176.53061224489795,4766.326530612245
jid_895841,71038.0,736.0,10,2,14500,22881,22884,JobState.COMPLETED,0,176.53061224489795,176.53061224489795,3530.612244897959
jid_895660,92940.0,168.0,1,50,13433,22834,22885,JobState.COMPLETED,0,176.53061224489795,176.53061224489795,8826.530612244898
jid_895749,92940.0,168.0,1,26,13874,22858,22885,JobState.COMPLETED,0,176.53061224489795,176.53061224489795,4589.7959183673465
jid_895682,92940.0,168.0,1,44,13565,22841,22886,JobState.COMPLETED,0,176.53061224489795,176.53061224489795,7767.34693877551
jid_895860,71038.0,736.0,1,1,14601,22884,22886,JobState.COMPLETED,0,176.53061224489795,176.53061224489795,176.53061224489795
jid_895662,92940.0,168.0,1,48,13440,22838,22887,JobState.COMPLETED,0,176.53061224489795,176.53061224489795,8473.469387755102
jid_895598,63299.0,570.0,1,323,12834,22564,22888,JobState.COMPLETED,0,176.53061224489798,176.53061224489795,57019.38775510205
jid_895670,92940.0,168.0,1,48,13496,22839,22888,JobState.COMPLETED,0,176.53061224489795,176.53061224489795,8473.469387755102
jid_895705,92940.0,168.0,1,39,13656,22848,22888,JobState.COMPLETED,0,176.53061224489795,176.53061224489795,6884.69387755102
jid_895598,63299.0,570.0,1,327,12834,22561,22889,JobState.COMPLETED,0,176.53061224489798,176.53061224489795,57725.51020408164
jid_895683,92940.0,168.0,1,47,13565,22841,22889,JobState.COMPLETED,0,176.53061224489795,176.53061224489795,8296.938775510203
jid_895751,92940.0,168.0,1,27,13886,22861,22889,JobState.COMPLETED,0,176.53061224489795,176.53061224489795,4766.326530612245
jid_895752,92940.0,168.0,1,27,13892,22861,22889,JobState.COMPLETED,0,176.53061224489795,176.53061224489795,4766.326530612245
jid_895661,92940.0,168.0,1,54,13433,22835,22890,JobState.COMPLETED,0,176.53061224489795,176.53061224489795,9532.65306122449
jid_895726,92940.0,168.0,1,38,13759,22852,22891,JobState.COMPLETED,0,176.53061224489795,176.53061224489795,6708.163265306122
jid_895754,92940.0,168.0,1,28,13892,22862,22891,JobState.COMPLETED,0,176.53061224489795,176.53061224489795,4942.857142857143
jid_895874,71038.0,736.0,1,2,14723,22888,22891,JobState.COMPLETED,0,176.53061224489795,176.53061224489795,353.0612244897959
jid_895598,63299.0,570.0,1,327,12834,22564,22892,JobState.COMPLETED,0,176.53061224489798,176.53061224489795,57725.51020408164
jid_895689,92940.0,168.0,1,48,13591,22843,22892,JobState.COMPLETED,0,176.53061224489795,176.53061224489795,8473.469387755102
jid_895663,92940.0,168.0,1,57,13433,22835,22893,JobState.COMPLETED,0,176.53061224489795,176.53061224489795,10062.244897959183
jid_895718,92940.0,168.0,1,42,13714,22850,22893,JobState.COMPLETED,0,176.53061224489795,176.53061224489795,7414.285714285714
jid_895756,92940.0,168.0,1,29,13904,22863,22893,JobState.COMPLETED,0,176.53061224489795,176.53061224489795,5119.3877551020405
jid_896842,38989.0,145.0,8,22323,570,570,22894,JobState.COMPLETED,0,176.53061224490625,176.53061224489795,31525542.857144337
jid_895598,63299.0,570.0,1,329,12834,22564,22894,JobState.COMPLETED,0,176.53061224489798,176.53061224489795,58078.571428571435
jid_895882,71038.0,736.0,1,2,14815,22891,22894,JobState.COMPLETED,0,176.53061224489795,176.53061224489795,353.0612244897959
jid_895715,92940.0,168.0,1,44,13693,22850,22895,JobState.COMPLETED,0,176.53061224489795,176.53061224489795,7767.34693877551
jid_895665,92940.0,168.0,1,57,13450,22838,22896,JobState.COMPLETED,0,176.53061224489795,176.53061224489795,10062.244897959183
jid_895720,92940.0,168.0,1,45,13722,22850,22896,JobState.COMPLETED,0,176.53061224489795,176.53061224489795,7943.877551020408
jid_895753,92940.0,168.0,1,37,13878,22859,22897,JobState.COMPLETED,0,176.53061224489795,176.53061224489795,6531.632653061224
jid_896802,36782.0,145.0,8,22329,568,568,22898,JobState.COMPLETED,0,176.53061224490625,176.53061224489795,31534016.326532092
jid_895598,63299.0,570.0,1,330,12834,22567,22898,JobState.COMPLETED,0,176.530612244898,176.53061224489795,58255.102040816346
jid_895738,92940.0,168.0,1,41,13817,22856,22898,JobState.COMPLETED,0,176.53061224489795,176.53061224489795,7237.755102040816
jid_895758,92940.0,168.0,1,33,13918,22864,22898,JobState.COMPLETED,0,176.53061224489795,176.53061224489795,5825.510204081633
jid_895677,92940.0,168.0,1,58,13507,22840,22899,JobState.COMPLETED,0,176.53061224489795,176.53061224489795,10238.775510204081
jid_895759,92940.0,168.0,1,35,13922,22864,22900,JobState.COMPLETED,0,176.53061224489795,176.53061224489795,6178.571428571428
jid_895598,63299.0,570.0,1,328,12834,22572,22901,JobState.COMPLETED,0,176.53061224489798,176.53061224489795,57902.04081632654
jid_895825,92940.0,168.0,1,26,14386,22877,22904,JobState.COMPLETED,0,176.53061224489795,176.53061224489795,4589.7959183673465
jid_895760,92940.0,168.0,1,39,13927,22865,22905,JobState.COMPLETED,0,176.53061224489795,176.53061224489795,6884.69387755102
jid_895824,92940.0,168.0,1,27,14386,22877,22905,JobState.COMPLETED,0,176.53061224489795,176.53061224489795,4766.326530612245
jid_895762,92940.0,168.0,1,40,13936,22865,22906,JobState.COMPLETED,0,176.53061224489795,176.53061224489795,7061.224489795918
jid_895835,92940.0,168.0,1,26,14436,22880,22907,JobState.COMPLETED,0,176.53061224489795,176.53061224489795,4589.7959183673465
jid_895598,63299.0,570.0,1,330,12834,22577,22908,JobState.COMPLETED,0,176.530612244898,176.53061224489795,58255.102040816346
jid_895598,63299.0,570.0,1,330,12834,22577,22908,JobState.COMPLETED,0,176.530612244898,176.53061224489795,58255.102040816346
jid_895763,92940.0,168.0,1,42,13937,22865,22908,JobState.COMPLETED,0,176.53061224489795,176.53061224489795,7414.285714285714
jid_895826,92940.0,168.0,1,29,14386,22878,22908,JobState.COMPLETED,0,176.53061224489795,176.53061224489795,5119.3877551020405
jid_895832,92940.0,168.0,1,28,14434,22879,22908,JobState.COMPLETED,0,176.53061224489795,176.53061224489795,4942.857142857143
jid_895833,92940.0,168.0,1,27,14435,22880,22908,JobState.COMPLETED,0,176.53061224489795,176.53061224489795,4766.326530612245
jid_895827,92940.0,168.0,1,30,14386,22878,22909,JobState.COMPLETED,0,176.53061224489795,176.53061224489795,5295.918367346939
jid_895828,92940.0,168.0,1,30,14386,22878,22909,JobState.COMPLETED,0,176.53061224489795,176.53061224489795,5295.918367346939
jid_895766,92940.0,168.0,1,43,13950,22866,22910,JobState.COMPLETED,0,176.53061224489795,176.53061224489795,7590.816326530612
jid_895854,92940.0,168.0,1,26,14566,22883,22910,JobState.COMPLETED,0,176.53061224489795,176.53061224489795,4589.7959183673465
jid_895861,92940.0,168.0,1,25,14584,22884,22910,JobState.COMPLETED,0,176.53061224489795,176.53061224489795,4413.265306122449
jid_895856,92940.0,168.0,1,27,14568,22883,22911,JobState.COMPLETED,0,176.53061224489795,176.53061224489795,4766.326530612245
jid_895757,92940.0,168.0,1,48,13904,22863,22912,JobState.COMPLETED,0,176.53061224489795,176.53061224489795,8473.469387755102
jid_895839,92940.0,168.0,1,32,14434,22879,22912,JobState.COMPLETED,0,176.53061224489795,176.53061224489795,5648.9795918367345
jid_895837,92940.0,168.0,1,31,14447,22880,22912,JobState.COMPLETED,0,176.53061224489795,176.53061224489795,5472.448979591836
jid_895842,92940.0,168.0,1,31,14480,22880,22912,JobState.COMPLETED,0,176.53061224489795,176.53061224489795,5472.448979591836
jid_895844,92940.0,168.0,1,31,14487,22881,22913,JobState.COMPLETED,0,176.53061224489795,176.53061224489795,5472.448979591836
jid_895780,92940.0,168.0,1,43,14067,22870,22914,JobState.COMPLETED,0,176.53061224489795,176.53061224489795,7590.816326530612
jid_895848,92940.0,168.0,1,32,14514,22881,22914,JobState.COMPLETED,0,176.53061224489795,176.53061224489795,5648.9795918367345
jid_895862,92940.0,168.0,1,29,14584,22884,22914,JobState.COMPLETED,0,176.53061224489795,176.53061224489795,5119.3877551020405
jid_895863,92940.0,168.0,1,29,14592,22884,22914,JobState.COMPLETED,0,176.53061224489795,176.53061224489795,5119.3877551020405
jid_895840,92940.0,168.0,1,35,14386,22879,22915,JobState.COMPLETED,0,176.53061224489795,176.53061224489795,6178.571428571428
jid_895845,92940.0,168.0,1,34,14484,22880,22915,JobState.COMPLETED,0,176.53061224489795,176.53061224489795,6002.04081632653
jid_895849,92940.0,168.0,1,32,14516,22882,22915,JobState.COMPLETED,0,176.53061224489795,176.53061224489795,5648.9795918367345
jid_895786,92940.0,168.0,1,44,14083,22871,22916,JobState.COMPLETED,0,176.53061224489795,176.53061224489795,7767.34693877551
jid_896807,65132.0,145.0,8,22343,574,574,22918,JobState.COMPLETED,0,176.53061224490625,176.53061224489795,31553787.755103525
jid_896808,65120.0,145.0,8,22341,576,576,22918,JobState.COMPLETED,0,176.53061224490625,176.53061224489795,31550963.265307605
jid_895851,92940.0,168.0,1,35,14529,22882,22918,JobState.COMPLETED,0,176.53061224489795,176.53061224489795,6178.571428571428
jid_895852,92940.0,168.0,1,35,14538,22882,22918,JobState.COMPLETED,0,176.53061224489795,176.53061224489795,6178.571428571428
jid_895764,92940.0,168.0,1,53,13930,22865,22919,JobState.COMPLETED,0,176.53061224489795,176.53061224489795,9356.122448979591
jid_895772,92940.0,168.0,1,50,13995,22868,22919,JobState.COMPLETED,0,176.53061224489795,176.53061224489795,8826.530612244898
jid_895768,92940.0,168.0,1,53,13969,22866,22920,JobState.COMPLETED,0,176.53061224489795,176.53061224489795,9356.122448979591
jid_895622,92940.0,168.0,1,106,13173,22815,22922,JobState.COMPLETED,0,176.53061224489792,176.53061224489795,18712.24489795918
jid_895765,92940.0,168.0,1,56,13936,22865,22922,JobState.COMPLETED,0,176.53061224489795,176.53061224489795,9885.714285714286
jid_895783,92940.0,168.0,1,51,14068,22870,22922,JobState.COMPLETED,0,176.53061224489795,176.53061224489795,9003.061224489795
jid_895836,92940.0,168.0,1,42,14434,22879,22922,JobState.COMPLETED,0,176.53061224489795,176.53061224489795,7414.285714285714
jid_895799,92940.0,168.0,1,50,14158,22872,22923,JobState.COMPLETED,0,176.53061224489795,176.53061224489795,8826.530612244898
jid_895800,92940.0,168.0,1,51,14159,22872,22924,JobState.COMPLETED,0,176.53061224489795,176.53061224489795,9003.061224489795
jid_895857,92940.0,168.0,1,40,14556,22883,22924,JobState.COMPLETED,0,176.53061224489795,176.53061224489795,7061.224489795918
jid_895866,92940.0,168.0,1,39,14616,22884,22924,JobState.COMPLETED,0,176.53061224489795,176.53061224489795,6884.69387755102
jid_895796,92940.0,168.0,1,52,14140,22872,22925,JobState.COMPLETED,0,176.53061224489795,176.53061224489795,9179.591836734693
jid_895777,92940.0,168.0,1,56,14010,22869,22926,JobState.COMPLETED,0,176.53061224489795,176.53061224489795,9885.714285714286
jid_895794,92940.0,168.0,1,54,14131,22871,22926,JobState.COMPLETED,0,176.53061224489795,176.53061224489795,9532.65306122449
jid_895871,92940.0,168.0,1,41,14641,22884,22926,JobState.COMPLETED,0,176.53061224489795,176.53061224489795,7237.755102040816
jid_895771,92940.0,168.0,1,59,13978,22867,22927,JobState.COMPLETED,0,176.53061224489795,176.53061224489795,10415.30612244898
jid_895847,92940.0,168.0,1,45,14494,22881,22927,JobState.COMPLETED,0,176.53061224489795,176.53061224489795,7943.877551020408
jid_895865,92940.0,168.0,1,43,14539,22883,22927,JobState.COMPLETED,0,176.53061224489795,176.53061224489795,7590.816326530612
jid_895647,92940.0,168.0,1,111,13232,22816,22928,JobState.COMPLETED,0,176.53061224489792,176.53061224489795,19594.89795918367
jid_895787,92940.0,168.0,1,56,14083,22871,22928,JobState.COMPLETED,0,176.53061224489795,176.53061224489795,9885.714285714286
jid_896814,38626.0,145.0,8,22359,569,569,22929,JobState.COMPLETED,0,176.53061224490625,176.53061224489795,31576383.67347087
jid_895611,92940.0,168.0,1,121,13094,22807,22929,JobState.COMPLETED,0,176.5306122448979,176.53061224489795,21360.204081632644
jid_895788,92940.0,168.0,1,57,14083,22871,22929,JobState.COMPLETED,0,176.53061224489795,176.53061224489795,10062.244897959183
jid_895834,92940.0,168.0,1,49,14416,22879,22929,JobState.COMPLETED,0,176.53061224489795,176.53061224489795,8650.0
jid_895846,92940.0,168.0,1,47,14485,22881,22929,JobState.COMPLETED,0,176.53061224489795,176.53061224489795,8296.938775510203
jid_895868,92940.0,168.0,1,44,14631,22884,22929,JobState.COMPLETED,0,176.53061224489795,176.53061224489795,7767.34693877551
jid_895798,92940.0,168.0,1,57,14148,22872,22930,JobState.COMPLETED,0,176.53061224489795,176.53061224489795,10062.244897959183
jid_895859,92940.0,168.0,1,46,14554,22883,22930,JobState.COMPLETED,0,176.53061224489795,176.53061224489795,8120.408163265306
jid_895598,63299.0,570.0,1,328,12834,22602,22931,JobState.COMPLETED,0,176.53061224489798,176.53061224489795,57902.04081632654
jid_895795,92940.0,168.0,1,58,14131,22872,22931,JobState.COMPLETED,0,176.53061224489795,176.53061224489795,10238.775510204081
jid_895806,92940.0,168.0,1,56,14226,22874,22931,JobState.COMPLETED,0,176.53061224489795,176.53061224489795,9885.714285714286
jid_895843,92940.0,168.0,1,51,14404,22879,22931,JobState.COMPLETED,0,176.53061224489795,176.53061224489795,9003.061224489795
jid_895872,92940.0,168.0,1,46,14639,22884,22931,JobState.COMPLETED,0,176.53061224489795,176.53061224489795,8120.408163265306
jid_896005,69789.0,727.0,1,1,15659,22929,22931,JobState.COMPLETED,0,176.53061224489795,176.53061224489795,176.53061224489795
jid_895598,63299.0,570.0,1,320,12834,22611,22932,JobState.COMPLETED,0,176.53061224489798,176.53061224489795,56489.79591836735
jid_895598,63299.0,570.0,1,320,12834,22611,22932,JobState.COMPLETED,0,176.53061224489798,176.53061224489795,56489.79591836735
jid_895774,92940.0,168.0,1,64,13985,22867,22932,JobState.COMPLETED,0,176.53061224489798,176.53061224489795,11297.95918367347
jid_895934,92940.0,168.0,1,24,15179,22908,22933,JobState.COMPLETED,0,176.53061224489795,176.53061224489795,4236.734693877551
jid_895940,92940.0,168.0,1,23,15211,22909,22933,JobState.COMPLETED,0,176.53061224489795,176.53061224489795,4060.204081632653
jid_895730,92940.0,168.0,1,82,13736,22851,22934,JobState.COMPLETED,0,176.53061224489795,176.53061224489795,14475.510204081633
jid_895769,92940.0,168.0,1,66,13969,22867,22934,JobState.COMPLETED,0,176.53061224489798,176.53061224489795,11651.020408163267
jid_895804,92940.0,168.0,1,60,14219,22873,22934,JobState.COMPLETED,0,176.53061224489798,176.53061224489795,10591.83673469388
jid_895805,92940.0,168.0,1,60,14219,22873,22934,JobState.COMPLETED,0,176.53061224489798,176.53061224489795,10591.83673469388
jid_895598,63299.0,570.0,1,330,12834,22604,22935,JobState.COMPLETED,0,176.530612244898,176.53061224489795,58255.102040816346
jid_895814,92940.0,168.0,1,59,14304,22875,22935,JobState.COMPLETED,0,176.53061224489795,176.53061224489795,10415.30612244898
jid_895815,92940.0,168.0,1,59,14304,22875,22935,JobState.COMPLETED,0,176.53061224489795,176.53061224489795,10415.30612244898
jid_895936,92940.0,168.0,1,26,15203,22908,22935,JobState.COMPLETED,0,176.53061224489795,176.53061224489795,4589.7959183673465
jid_895939,92940.0,168.0,1,24,15213,22910,22935,JobState.COMPLETED,0,176.53061224489795,176.53061224489795,4236.734693877551
jid_895941,92940.0,168.0,1,24,15220,22910,22935,JobState.COMPLETED,0,176.53061224489795,176.53061224489795,4236.734693877551
jid_895776,92940.0,168.0,1,66,14001,22869,22936,JobState.COMPLETED,0,176.53061224489798,176.53061224489795,11651.020408163267
jid_895803,92940.0,168.0,1,62,14219,22873,22936,JobState.COMPLETED,0,176.53061224489798,176.53061224489795,10944.897959183674
jid_895808,92940.0,168.0,1,60,14231,22875,22936,JobState.COMPLETED,0,176.53061224489798,176.53061224489795,10591.83673469388
jid_895816,92940.0,168.0,1,59,14304,22876,22936,JobState.COMPLETED,0,176.53061224489795,176.53061224489795,10415.30612244898
jid_895938,92940.0,168.0,1,26,15211,22909,22936,JobState.COMPLETED,0,176.53061224489795,176.53061224489795,4589.7959183673465
jid_895775,92940.0,168.0,1,67,13997,22869,22937,JobState.COMPLETED,0,176.53061224489798,176.53061224489795,11827.551020408164
jid_895797,92940.0,168.0,1,64,14140,22872,22937,JobState.COMPLETED,0,176.53061224489798,176.53061224489795,11297.95918367347
jid_895807,92940.0,168.0,1,63,14225,22873,22937,JobState.COMPLETED,0,176.53061224489798,176.53061224489795,11121.428571428572
jid_895818,92940.0,168.0,1,60,14304,22876,22937,JobState.COMPLETED,0,176.53061224489798,176.53061224489795,10591.83673469388
jid_895819,92940.0,168.0,1,59,14310,22877,22937,JobState.COMPLETED,0,176.53061224489795,176.53061224489795,10415.30612244898
jid_895869,92940.0,168.0,1,52,14618,22884,22937,JobState.COMPLETED,0,176.53061224489795,176.53061224489795,9179.591836734693
jid_895913,92940.0,168.0,1,42,14925,22894,22937,JobState.COMPLETED,0,176.53061224489795,176.53061224489795,7414.285714285714
jid_895937,92940.0,168.0,1,28,15206,22908,22937,JobState.COMPLETED,0,176.53061224489795,176.53061224489795,4942.857142857143
jid_895942,92940.0,168.0,1,24,15224,22912,22937,JobState.COMPLETED,0,176.53061224489795,176.53061224489795,4236.734693877551
jid_895947,92940.0,168.0,1,23,15260,22913,22937,JobState.COMPLETED,0,176.53061224489795,176.53061224489795,4060.204081632653
jid_895944,92940.0,168.0,1,25,15247,22912,22938,JobState.COMPLETED,0,176.53061224489795,176.53061224489795,4413.265306122449
jid_895946,92940.0,168.0,1,25,15257,22912,22938,JobState.COMPLETED,0,176.53061224489795,176.53061224489795,4413.265306122449
jid_895743,92940.0,168.0,1,84,13783,22854,22939,JobState.COMPLETED,0,176.53061224489795,176.53061224489795,14828.571428571428
jid_895779,92940.0,168.0,1,69,14010,22869,22939,JobState.COMPLETED,0,176.53061224489798,176.53061224489795,12180.61224489796
jid_895817,92940.0,168.0,1,62,14304,22876,22939,JobState.COMPLETED,0,176.53061224489798,176.53061224489795,10944.897959183674
jid_895598,63299.0,570.0,1,329,12834,22611,22941,JobState.COMPLETED,0,176.53061224489798,176.53061224489795,58078.571428571435
jid_895709,92940.0,168.0,1,96,13623,22844,22941,JobState.COMPLETED,0,176.53061224489792,176.53061224489795,16946.9387755102
jid_895870,92940.0,168.0,1,56,14621,22884,22941,JobState.COMPLETED,0,176.53061224489795,176.53061224489795,9885.714285714286
jid_895598,63299.0,570.0,1,330,12834,22611,22942,JobState.COMPLETED,0,176.530612244898,176.53061224489795,58255.102040816346
jid_895598,63299.0,570.0,1,330,12834,22611,22942,JobState.COMPLETED,0,176.530612244898,176.53061224489795,58255.102040816346
jid_895741,92940.0,168.0,1,88,13774,22853,22942,JobState.COMPLETED,0,176.53061224489795,176.53061224489795,15534.69387755102
jid_895781,92940.0,168.0,1,71,14041,22870,22942,JobState.COMPLETED,0,176.53061224489795,176.53061224489795,12533.673469387755
jid_895867,92940.0,168.0,1,57,14611,22884,22942,JobState.COMPLETED,0,176.53061224489795,176.53061224489795,10062.244897959183
jid_895914,92940.0,168.0,1,47,14923,22894,22942,JobState.COMPLETED,0,176.53061224489795,176.53061224489795,8296.938775510203
jid_895598,63299.0,570.0,1,331,12834,22611,22943,JobState.COMPLETED,0,176.530612244898,176.53061224489795,58431.63265306124
jid_895598,63299.0,570.0,1,331,12834,22611,22943,JobState.COMPLETED,0,176.530612244898,176.53061224489795,58431.63265306124
jid_895784,92940.0,168.0,1,72,14052,22870,22943,JobState.COMPLETED,0,176.53061224489795,176.53061224489795,12710.204081632652
jid_895792,92940.0,168.0,1,71,14107,22871,22943,JobState.COMPLETED,0,176.53061224489795,176.53061224489795,12533.673469387755
jid_895598,63299.0,570.0,1,332,12834,22611,22944,JobState.COMPLETED,0,176.530612244898,176.53061224489795,58608.16326530614
jid_895877,92940.0,168.0,1,56,14698,22887,22944,JobState.COMPLETED,0,176.53061224489795,176.53061224489795,9885.714285714286
jid_895903,92940.0,168.0,1,50,14844,22893,22944,JobState.COMPLETED,0,176.53061224489795,176.53061224489795,8826.530612244898
jid_895895,92940.0,168.0,1,50,14852,22893,22944,JobState.COMPLETED,0,176.53061224489795,176.53061224489795,8826.530612244898
jid_895983,92940.0,168.0,1,25,15444,22918,22944,JobState.COMPLETED,0,176.53061224489795,176.53061224489795,4413.265306122449
jid_895809,92940.0,168.0,1,71,14225,22873,22945,JobState.COMPLETED,0,176.53061224489795,176.53061224489795,12533.673469387755
jid_895876,92940.0,168.0,1,61,14681,22884,22946,JobState.COMPLETED,0,176.53061224489798,176.53061224489795,10768.367346938778
jid_895912,92940.0,168.0,1,47,15001,22898,22946,JobState.COMPLETED,0,176.53061224489795,176.53061224489795,8296.938775510203
jid_895916,92940.0,168.0,1,47,15018,22898,22946,JobState.COMPLETED,0,176.53061224489795,176.53061224489795,8296.938775510203
jid_895929,92940.0,168.0,1,37,15157,22908,22946,JobState.COMPLETED,0,176.53061224489795,176.53061224489795,6531.632653061224
jid_895919,92940.0,168.0,1,48,15066,22898,22947,JobState.COMPLETED,0,176.53061224489795,176.53061224489795,8473.469387755102
jid_895850,92940.0,168.0,1,66,14498,22881,22948,JobState.COMPLETED,0,176.53061224489798,176.53061224489795,11651.020408163267
jid_895886,92940.0,168.0,1,61,14696,22886,22948,JobState.COMPLETED,0,176.53061224489798,176.53061224489795,10768.367346938778
jid_895878,92940.0,168.0,1,59,14704,22888,22948,JobState.COMPLETED,0,176.53061224489795,176.53061224489795,10415.30612244898
jid_895897,92940.0,168.0,1,54,14853,22893,22948,JobState.COMPLETED,0,176.53061224489795,176.53061224489795,9532.65306122449
jid_895984,92940.0,168.0,1,25,15520,22922,22948,JobState.COMPLETED,0,176.53061224489795,176.53061224489795,4413.265306122449
jid_895889,92940.0,168.0,1,58,14794,22890,22949,JobState.COMPLETED,0,176.53061224489795,176.53061224489795,10238.775510204081
jid_895985,92940.0,168.0,1,26,15510,22922,22949,JobState.COMPLETED,0,176.53061224489795,176.53061224489795,4589.7959183673465
jid_895755,92940.0,168.0,1,93,13838,22856,22950,JobState.COMPLETED,0,176.53061224489792,176.53061224489795,16417.346938775507
jid_895802,92940.0,168.0,1,77,14199,22872,22950,JobState.COMPLETED,0,176.53061224489795,176.53061224489795,13592.857142857143
jid_895982,92940.0,168.0,1,27,15514,22922,22950,JobState.COMPLETED,0,176.53061224489795,176.53061224489795,4766.326530612245
jid_895904,92940.0,168.0,1,56,14923,22894,22951,JobState.COMPLETED,0,176.53061224489795,176.53061224489795,9885.714285714286
jid_895920,92940.0,168.0,1,52,15066,22898,22951,JobState.COMPLETED,0,176.53061224489795,176.53061224489795,9179.591836734693
jid_896002,92940.0,168.0,1,21,15632,22929,22951,JobState.COMPLETED,0,176.53061224489795,176.53061224489795,3707.142857142857
jid_895884,92940.0,168.0,1,62,14765,22889,22952,JobState.COMPLETED,0,176.53061224489798,176.53061224489795,10944.897959183674
jid_895908,92940.0,168.0,1,55,14955,22896,22952,JobState.COMPLETED,0,176.53061224489795,176.53061224489795,9709.183673469388
jid_895926,92940.0,168.0,1,46,15133,22905,22952,JobState.COMPLETED,0,176.53061224489795,176.53061224489795,8120.408163265306
jid_895943,92940.0,168.0,1,39,15229,22912,22952,JobState.COMPLETED,0,176.53061224489795,176.53061224489795,6884.69387755102
jid_896023,92940.0,168.0,1,20,15761,22932,22953,JobState.COMPLETED,0,176.53061224489795,176.53061224489795,3530.612244897959
jid_895896,92940.0,168.0,1,61,14844,22892,22954,JobState.COMPLETED,0,176.53061224489798,176.53061224489795,10768.367346938778
jid_895900,92940.0,168.0,1,59,14876,22894,22954,JobState.COMPLETED,0,176.53061224489795,176.53061224489795,10415.30612244898
jid_895907,92940.0,168.0,1,58,14941,22895,22954,JobState.COMPLETED,0,176.53061224489795,176.53061224489795,10238.775510204081
jid_895915,92940.0,168.0,1,55,15001,22898,22954,JobState.COMPLETED,0,176.53061224489795,176.53061224489795,9709.183673469388
jid_895930,92940.0,168.0,1,45,15147,22908,22954,JobState.COMPLETED,0,176.53061224489795,176.53061224489795,7943.877551020408
jid_895883,92940.0,168.0,1,69,14681,22885,22955,JobState.COMPLETED,0,176.53061224489798,176.53061224489795,12180.61224489796
jid_895893,92940.0,168.0,1,62,14823,22892,22955,JobState.COMPLETED,0,176.53061224489798,176.53061224489795,10944.897959183674
jid_895898,92940.0,168.0,1,60,14862,22894,22955,JobState.COMPLETED,0,176.53061224489798,176.53061224489795,10591.83673469388
jid_895921,92940.0,168.0,1,56,15058,22898,22955,JobState.COMPLETED,0,176.53061224489795,176.53061224489795,9885.714285714286
jid_895922,92940.0,168.0,1,55,15068,22899,22955,JobState.COMPLETED,0,176.53061224489795,176.53061224489795,9709.183673469388
jid_895928,92940.0,168.0,1,48,15135,22906,22955,JobState.COMPLETED,0,176.53061224489795,176.53061224489795,8473.469387755102
jid_895935,92940.0,168.0,1,46,15161,22908,22955,JobState.COMPLETED,0,176.53061224489795,176.53061224489795,8120.408163265306
jid_895997,92940.0,168.0,1,27,15583,22927,22955,JobState.COMPLETED,0,176.53061224489795,176.53061224489795,4766.326530612245
jid_896000,92940.0,168.0,1,25,15614,22929,22955,JobState.COMPLETED,0,176.53061224489795,176.53061224489795,4413.265306122449
jid_896004,92940.0,168.0,1,25,15627,22929,22955,JobState.COMPLETED,0,176.53061224489795,176.53061224489795,4413.265306122449
jid_895770,92940.0,168.0,1,89,13948,22866,22956,JobState.COMPLETED,0,176.53061224489795,176.53061224489795,15711.224489795917
jid_895927,92940.0,168.0,1,48,15137,22907,22956,JobState.COMPLETED,0,176.53061224489795,176.53061224489795,8473.469387755102
jid_895974,92940.0,168.0,1,37,15453,22918,22956,JobState.COMPLETED,0,176.53061224489795,176.53061224489795,6531.632653061224
jid_895996,92940.0,168.0,1,28,15584,22927,22956,JobState.COMPLETED,0,176.53061224489795,176.53061224489795,4942.857142857143
jid_896012,92940.0,168.0,1,26,15675,22929,22956,JobState.COMPLETED,0,176.53061224489795,176.53061224489795,4589.7959183673465
jid_896010,92940.0,168.0,1,26,15676,22929,22956,JobState.COMPLETED,0,176.53061224489795,176.53061224489795,4589.7959183673465
jid_896021,92940.0,168.0,1,24,15747,22931,22956,JobState.COMPLETED,0,176.53061224489795,176.53061224489795,4236.734693877551
jid_896024,92940.0,168.0,1,23,15762,22932,22956,JobState.COMPLETED,0,176.53061224489795,176.53061224489795,4060.204081632653
jid_896820,65134.0,145.0,8,22382,574,574,22957,JobState.COMPLETED,0,176.53061224490628,176.53061224489795,31608865.30612394
jid_895887,92940.0,168.0,1,67,14777,22889,22957,JobState.COMPLETED,0,176.53061224489798,176.53061224489795,11827.551020408164
jid_895989,92940.0,168.0,1,33,15536,22923,22957,JobState.COMPLETED,0,176.53061224489795,176.53061224489795,5825.510204081633
jid_895990,92940.0,168.0,1,32,15536,22924,22957,JobState.COMPLETED,0,176.53061224489795,176.53061224489795,5648.9795918367345
jid_896003,92940.0,168.0,1,27,15630,22929,22957,JobState.COMPLETED,0,176.53061224489795,176.53061224489795,4766.326530612245
jid_896008,92940.0,168.0,1,27,15656,22929,22957,JobState.COMPLETED,0,176.53061224489795,176.53061224489795,4766.326530612245
jid_896011,92940.0,168.0,1,27,15673,22929,22957,JobState.COMPLETED,0,176.53061224489795,176.53061224489795,4766.326530612245
jid_895901,92940.0,168.0,1,63,14884,22894,22958,JobState.COMPLETED,0,176.53061224489798,176.53061224489795,11121.428571428572
jid_895925,92940.0,168.0,1,59,15028,22898,22958,JobState.COMPLETED,0,176.53061224489795,176.53061224489795,10415.30612244898
jid_895923,92940.0,168.0,1,56,15083,22901,22958,JobState.COMPLETED,0,176.53061224489795,176.53061224489795,9885.714285714286
jid_895961,92940.0,168.0,1,39,15340,22918,22958,JobState.COMPLETED,0,176.53061224489795,176.53061224489795,6884.69387755102
jid_895962,92940.0,168.0,1,39,15344,22918,22958,JobState.COMPLETED,0,176.53061224489795,176.53061224489795,6884.69387755102
jid_895992,92940.0,168.0,1,32,15561,22925,22958,JobState.COMPLETED,0,176.53061224489795,176.53061224489795,5648.9795918367345
jid_895994,92940.0,168.0,1,31,15569,22926,22958,JobState.COMPLETED,0,176.53061224489795,176.53061224489795,5472.448979591836
jid_895998,92940.0,168.0,1,30,15590,22927,22958,JobState.COMPLETED,0,176.53061224489795,176.53061224489795,5295.918367346939
jid_896022,92940.0,168.0,1,28,15638,22929,22958,JobState.COMPLETED,0,176.53061224489795,176.53061224489795,4942.857142857143
jid_896016,92940.0,168.0,1,26,15718,22931,22958,JobState.COMPLETED,0,176.53061224489795,176.53061224489795,4589.7959183673465
jid_895822,92940.0,168.0,1,82,14304,22876,22959,JobState.COMPLETED,0,176.53061224489795,176.53061224489795,14475.510204081633
jid_896009,92940.0,168.0,1,30,15592,22928,22959,JobState.COMPLETED,0,176.53061224489795,176.53061224489795,5295.918367346939
jid_895999,92940.0,168.0,1,30,15604,22928,22959,JobState.COMPLETED,0,176.53061224489795,176.53061224489795,5295.918367346939
jid_896007,92940.0,168.0,1,29,15652,22929,22959,JobState.COMPLETED,0,176.53061224489795,176.53061224489795,5119.3877551020405
jid_896019,92940.0,168.0,1,27,15721,22931,22959,JobState.COMPLETED,0,176.53061224489795,176.53061224489795,4766.326530612245
jid_895890,92940.0,168.0,1,68,14794,22891,22960,JobState.COMPLETED,0,176.53061224489798,176.53061224489795,12004.081632653062
jid_895905,92940.0,168.0,1,65,14892,22894,22960,JobState.COMPLETED,0,176.53061224489798,176.53061224489795,11474.489795918369
jid_895991,92940.0,168.0,1,35,15548,22924,22960,JobState.COMPLETED,0,176.53061224489795,176.53061224489795,6178.571428571428
jid_896823,65165.0,145.0,8,22387,573,573,22961,JobState.COMPLETED,0,176.53061224490628,176.53061224489795,31615926.530613735
jid_895598,63299.0,570.0,1,322,12834,22638,22961,JobState.COMPLETED,0,176.53061224489798,176.53061224489795,56842.85714285715
jid_895598,63299.0,570.0,1,322,12834,22638,22961,JobState.COMPLETED,0,176.53061224489798,176.53061224489795,56842.85714285715
jid_895965,92940.0,168.0,1,42,15384,22918,22961,JobState.COMPLETED,0,176.53061224489795,176.53061224489795,7414.285714285714
jid_895993,92940.0,168.0,1,34,15567,22926,22961,JobState.COMPLETED,0,176.53061224489795,176.53061224489795,6002.04081632653
jid_896013,92940.0,168.0,1,30,15699,22930,22961,JobState.COMPLETED,0,176.53061224489795,176.53061224489795,5295.918367346939
jid_896018,92940.0,168.0,1,29,15721,22931,22961,JobState.COMPLETED,0,176.53061224489795,176.53061224489795,5119.3877551020405
jid_896051,92940.0,168.0,1,23,15928,22937,22961,JobState.COMPLETED,0,176.53061224489795,176.53061224489795,4060.204081632653
jid_895823,92940.0,168.0,1,84,14315,22877,22962,JobState.COMPLETED,0,176.53061224489795,176.53061224489795,14828.571428571428
jid_895880,92940.0,168.0,1,75,14696,22886,22962,JobState.COMPLETED,0,176.53061224489795,176.53061224489795,13239.795918367347
jid_895910,92940.0,168.0,1,65,14965,22896,22962,JobState.COMPLETED,0,176.53061224489798,176.53061224489795,11474.489795918369
jid_895952,92940.0,168.0,1,47,15267,22914,22962,JobState.COMPLETED,0,176.53061224489795,176.53061224489795,8296.938775510203
jid_895956,92940.0,168.0,1,46,15291,22915,22962,JobState.COMPLETED,0,176.53061224489795,176.53061224489795,8120.408163265306
jid_896025,92940.0,168.0,1,28,15768,22933,22962,JobState.COMPLETED,0,176.53061224489795,176.53061224489795,4942.857142857143
jid_896027,92940.0,168.0,1,27,15773,22934,22962,JobState.COMPLETED,0,176.53061224489795,176.53061224489795,4766.326530612245
jid_896043,92940.0,168.0,1,24,15885,22937,22962,JobState.COMPLETED,0,176.53061224489795,176.53061224489795,4236.734693877551
jid_896046,92940.0,168.0,1,24,15896,22937,22962,JobState.COMPLETED,0,176.53061224489795,176.53061224489795,4236.734693877551
jid_896826,36771.0,145.0,8,22393,569,569,22963,JobState.COMPLETED,0,176.53061224490628,176.53061224489795,31624400.00000149
jid_895598,63299.0,570.0,1,324,12834,22638,22963,JobState.COMPLETED,0,176.53061224489798,176.53061224489795,57195.918367346945
jid_895959,92940.0,168.0,1,44,15314,22918,22963,JobState.COMPLETED,0,176.53061224489795,176.53061224489795,7767.34693877551
jid_896017,92940.0,168.0,1,31,15714,22931,22963,JobState.COMPLETED,0,176.53061224489795,176.53061224489795,5472.448979591836
jid_896028,92940.0,168.0,1,28,15788,22934,22963,JobState.COMPLETED,0,176.53061224489795,176.53061224489795,4942.857142857143
jid_896029,92940.0,168.0,1,28,15788,22934,22963,JobState.COMPLETED,0,176.53061224489795,176.53061224489795,4942.857142857143
jid_896031,92940.0,168.0,1,27,15803,22935,22963,JobState.COMPLETED,0,176.53061224489795,176.53061224489795,4766.326530612245
jid_896048,92940.0,168.0,1,25,15906,22937,22963,JobState.COMPLETED,0,176.53061224489795,176.53061224489795,4413.265306122449
jid_896050,92940.0,168.0,1,25,15926,22937,22963,JobState.COMPLETED,0,176.53061224489795,176.53061224489795,4413.265306122449
jid_895918,92940.0,168.0,1,65,15047,22898,22964,JobState.COMPLETED,0,176.53061224489798,176.53061224489795,11474.489795918369
jid_896020,92940.0,168.0,1,32,15722,22931,22964,JobState.COMPLETED,0,176.53061224489795,176.53061224489795,5648.9795918367345
jid_896030,92940.0,168.0,1,29,15799,22934,22964,JobState.COMPLETED,0,176.53061224489795,176.53061224489795,5119.3877551020405
jid_896040,92940.0,168.0,1,27,15861,22936,22964,JobState.COMPLETED,0,176.53061224489795,176.53061224489795,4766.326530612245
jid_896044,92940.0,168.0,1,26,15885,22937,22964,JobState.COMPLETED,0,176.53061224489795,176.53061224489795,4589.7959183673465
jid_895598,63299.0,570.0,1,326,12834,22638,22965,JobState.COMPLETED,0,176.53061224489798,176.53061224489795,57548.97959183674
jid_895879,92940.0,168.0,1,79,14689,22885,22965,JobState.COMPLETED,0,176.53061224489795,176.53061224489795,13945.918367346938
jid_896039,92940.0,168.0,1,28,15849,22936,22965,JobState.COMPLETED,0,176.53061224489795,176.53061224489795,4942.857142857143
jid_896047,92940.0,168.0,1,27,15896,22937,22965,JobState.COMPLETED,0,176.53061224489795,176.53061224489795,4766.326530612245
jid_896049,92940.0,168.0,1,27,15918,22937,22965,JobState.COMPLETED,0,176.53061224489795,176.53061224489795,4766.326530612245
jid_896052,92940.0,168.0,1,26,15939,22938,22965,JobState.COMPLETED,0,176.53061224489795,176.53061224489795,4589.7959183673465
jid_895598,63299.0,570.0,1,327,12834,22638,22966,JobState.COMPLETED,0,176.53061224489798,176.53061224489795,57725.51020408164
jid_895924,92940.0,168.0,1,65,15077,22900,22966,JobState.COMPLETED,0,176.53061224489798,176.53061224489795,11474.489795918369
jid_896033,92940.0,168.0,1,30,15813,22935,22966,JobState.COMPLETED,0,176.53061224489795,176.53061224489795,5295.918367346939
jid_896034,92940.0,168.0,1,30,15820,22935,22966,JobState.COMPLETED,0,176.53061224489795,176.53061224489795,5295.918367346939
jid_896041,92940.0,168.0,1,29,15859,22936,22966,JobState.COMPLETED,0,176.53061224489795,176.53061224489795,5119.3877551020405
jid_896042,92940.0,168.0,1,29,15870,22936,22966,JobState.COMPLETED,0,176.53061224489795,176.53061224489795,5119.3877551020405
jid_896053,92940.0,168.0,1,26,15940,22939,22966,JobState.COMPLETED,0,176.53061224489795,176.53061224489795,4589.7959183673465
jid_895598,63299.0,570.0,1,328,12834,22638,22967,JobState.COMPLETED,0,176.53061224489798,176.53061224489795,57902.04081632654
jid_895891,92940.0,168.0,1,75,14794,22891,22967,JobState.COMPLETED,0,176.53061224489795,176.53061224489795,13239.795918367347
jid_895975,92940.0,168.0,1,48,15377,22918,22967,JobState.COMPLETED,0,176.53061224489795,176.53061224489795,8473.469387755102
jid_895973,92940.0,168.0,1,48,15441,22918,22967,JobState.COMPLETED,0,176.53061224489795,176.53061224489795,8473.469387755102
jid_895981,92940.0,168.0,1,46,15487,22920,22967,JobState.COMPLETED,0,176.53061224489795,176.53061224489795,8120.408163265306
jid_896037,92940.0,168.0,1,31,15835,22935,22967,JobState.COMPLETED,0,176.53061224489795,176.53061224489795,5472.448979591836
jid_896057,92940.0,168.0,1,27,15965,22939,22967,JobState.COMPLETED,0,176.53061224489795,176.53061224489795,4766.326530612245
jid_895767,92940.0,168.0,1,108,13880,22859,22968,JobState.COMPLETED,0,176.53061224489792,176.53061224489795,19065.306122448976
jid_895933,92940.0,168.0,1,62,15131,22905,22968,JobState.COMPLETED,0,176.53061224489798,176.53061224489795,10944.897959183674
jid_895958,92940.0,168.0,1,51,15306,22916,22968,JobState.COMPLETED,0,176.53061224489795,176.53061224489795,9003.061224489795
jid_895977,92940.0,168.0,1,49,15465,22918,22968,JobState.COMPLETED,0,176.53061224489795,176.53061224489795,8650.0
jid_896036,92940.0,168.0,1,32,15835,22935,22968,JobState.COMPLETED,0,176.53061224489795,176.53061224489795,5648.9795918367345
jid_896056,92940.0,168.0,1,26,15968,22941,22968,JobState.COMPLETED,0,176.53061224489795,176.53061224489795,4589.7959183673465
jid_896058,92940.0,168.0,1,26,15968,22941,22968,JobState.COMPLETED,0,176.53061224489795,176.53061224489795,4589.7959183673465
jid_895681,92940.0,168.0,1,129,13477,22839,22969,JobState.COMPLETED,0,176.5306122448979,176.53061224489795,22772.448979591827
jid_895995,92940.0,168.0,1,44,15557,22924,22969,JobState.COMPLETED,0,176.53061224489795,176.53061224489795,7767.34693877551
jid_896038,92940.0,168.0,1,32,15846,22936,22969,JobState.COMPLETED,0,176.53061224489795,176.53061224489795,5648.9795918367345
jid_896055,92940.0,168.0,1,29,15949,22939,22969,JobState.COMPLETED,0,176.53061224489795,176.53061224489795,5119.3877551020405
jid_895598,63299.0,570.0,1,331,12834,22638,22970,JobState.COMPLETED,0,176.530612244898,176.53061224489795,58431.63265306124
jid_895598,63299.0,570.0,1,331,12834,22638,22970,JobState.COMPLETED,0,176.530612244898,176.53061224489795,58431.63265306124
jid_895953,92940.0,168.0,1,55,15261,22914,22970,JobState.COMPLETED,0,176.53061224489795,176.53061224489795,9709.183673469388
jid_895954,92940.0,168.0,1,55,15272,22914,22970,JobState.COMPLETED,0,176.53061224489795,176.53061224489795,9709.183673469388
jid_895960,92940.0,168.0,1,51,15326,22918,22970,JobState.COMPLETED,0,176.53061224489795,176.53061224489795,9003.061224489795
jid_896061,92940.0,168.0,1,32,15906,22937,22970,JobState.COMPLETED,0,176.53061224489795,176.53061224489795,5648.9795918367345
jid_896076,92940.0,168.0,1,28,16011,22942,22971,JobState.COMPLETED,0,176.53061224489795,176.53061224489795,4942.857142857143
jid_895864,92940.0,168.0,1,89,14534,22882,22972,JobState.COMPLETED,0,176.53061224489795,176.53061224489795,15711.224489795917
jid_895980,92940.0,168.0,1,52,15479,22919,22972,JobState.COMPLETED,0,176.53061224489795,176.53061224489795,9179.591836734693
jid_895970,92940.0,168.0,1,54,15410,22918,22973,JobState.COMPLETED,0,176.53061224489795,176.53061224489795,9532.65306122449
jid_895976,92940.0,168.0,1,54,15460,22918,22973,JobState.COMPLETED,0,176.53061224489795,176.53061224489795,9532.65306122449
jid_895969,92940.0,168.0,1,56,15401,22918,22975,JobState.COMPLETED,0,176.53061224489795,176.53061224489795,9885.714285714286
jid_896006,92940.0,168.0,1,45,15621,22929,22975,JobState.COMPLETED,0,176.53061224489795,176.53061224489795,7943.877551020408
jid_896026,92940.0,168.0,1,42,15756,22932,22975,JobState.COMPLETED,0,176.53061224489795,176.53061224489795,7414.285714285714
jid_896062,92940.0,168.0,1,33,15983,22941,22975,JobState.COMPLETED,0,176.53061224489795,176.53061224489795,5825.510204081633
jid_896072,92940.0,168.0,1,30,16075,22944,22975,JobState.COMPLETED,0,176.53061224489795,176.53061224489795,5295.918367346939
jid_895829,92940.0,168.0,1,98,14328,22877,22976,JobState.COMPLETED,0,176.53061224489792,176.53061224489795,17299.999999999996
jid_896068,92940.0,168.0,1,32,16033,22943,22976,JobState.COMPLETED,0,176.53061224489795,176.53061224489795,5648.9795918367345
jid_896069,92940.0,168.0,1,32,16034,22943,22976,JobState.COMPLETED,0,176.53061224489795,176.53061224489795,5648.9795918367345
jid_896071,92940.0,168.0,1,31,16053,22944,22976,JobState.COMPLETED,0,176.53061224489795,176.53061224489795,5472.448979591836
jid_895740,92940.0,168.0,1,125,13738,22851,22977,JobState.COMPLETED,0,176.5306122448979,176.53061224489795,22066.326530612238
jid_895873,92940.0,168.0,1,92,14620,22884,22977,JobState.COMPLETED,0,176.53061224489792,176.53061224489795,16240.816326530608
jid_896063,92940.0,168.0,1,34,15983,22942,22977,JobState.COMPLETED,0,176.53061224489795,176.53061224489795,6002.04081632653
jid_896075,92940.0,168.0,1,31,16082,22945,22977,JobState.COMPLETED,0,176.53061224489795,176.53061224489795,5472.448979591836
jid_896054,92940.0,168.0,1,39,15937,22938,22978,JobState.COMPLETED,0,176.53061224489795,176.53061224489795,6884.69387755102
jid_896070,92940.0,168.0,1,33,16038,22944,22978,JobState.COMPLETED,0,176.53061224489795,176.53061224489795,5825.510204081633
jid_896074,92940.0,168.0,1,31,16084,22946,22978,JobState.COMPLETED,0,176.53061224489795,176.53061224489795,5472.448979591836
jid_895957,92940.0,168.0,1,63,15286,22915,22979,JobState.COMPLETED,0,176.53061224489798,176.53061224489795,11121.428571428572
jid_896015,92940.0,168.0,1,48,15691,22930,22979,JobState.COMPLETED,0,176.53061224489795,176.53061224489795,8473.469387755102
jid_896035,92940.0,168.0,1,43,15817,22935,22979,JobState.COMPLETED,0,176.53061224489795,176.53061224489795,7590.816326530612
jid_896045,92940.0,168.0,1,41,15877,22937,22979,JobState.COMPLETED,0,176.53061224489795,176.53061224489795,7237.755102040816
jid_895733,92940.0,168.0,1,129,13707,22850,22980,JobState.COMPLETED,0,176.5306122448979,176.53061224489795,22772.448979591827
jid_895967,92940.0,168.0,1,64,15305,22915,22980,JobState.COMPLETED,0,176.53061224489798,176.53061224489795,11297.95918367347
jid_896064,92940.0,168.0,1,37,15997,22942,22980,JobState.COMPLETED,0,176.53061224489795,176.53061224489795,6531.632653061224
jid_895964,92940.0,168.0,1,62,15359,22918,22981,JobState.COMPLETED,0,176.53061224489798,176.53061224489795,10944.897959183674
jid_895598,63299.0,570.0,1,321,12834,22660,22982,JobState.COMPLETED,0,176.53061224489798,176.53061224489795,56666.32653061225
jid_895761,92940.0,168.0,1,125,13852,22856,22982,JobState.COMPLETED,0,176.5306122448979,176.53061224489795,22066.326530612238
jid_895811,92940.0,168.0,1,109,14200,22872,22982,JobState.COMPLETED,0,176.53061224489792,176.53061224489795,19241.836734693872
jid_895858,92940.0,168.0,1,100,14500,22881,22982,JobState.COMPLETED,0,176.53061224489792,176.53061224489795,17653.061224489793
jid_895988,92940.0,168.0,1,59,15505,22922,22982,JobState.COMPLETED,0,176.53061224489795,176.53061224489795,10415.30612244898
jid_895598,63299.0,570.0,1,322,12834,22660,22983,JobState.COMPLETED,0,176.53061224489798,176.53061224489795,56842.85714285715
jid_895881,92940.0,168.0,1,98,14632,22884,22983,JobState.COMPLETED,0,176.53061224489792,176.53061224489795,17299.999999999996
jid_895598,63299.0,570.0,1,323,12834,22660,22984,JobState.COMPLETED,0,176.53061224489798,176.53061224489795,57019.38775510205
jid_895830,92940.0,168.0,1,106,14350,22877,22984,JobState.COMPLETED,0,176.53061224489792,176.53061224489795,18712.24489795918
jid_895963,92940.0,168.0,1,67,15350,22918,22986,JobState.COMPLETED,0,176.53061224489798,176.53061224489795,11827.551020408164
jid_895598,63299.0,570.0,1,326,12834,22660,22987,JobState.COMPLETED,0,176.53061224489798,176.53061224489795,57548.97959183674
jid_895710,92940.0,168.0,1,145,13577,22841,22987,JobState.COMPLETED,0,176.5306122448979,176.53061224489795,25596.938775510196
jid_895966,92940.0,168.0,1,72,15262,22914,22987,JobState.COMPLETED,0,176.53061224489795,176.53061224489795,12710.204081632652
jid_896178,92940.0,168.0,1,24,17488,22962,22987,JobState.COMPLETED,0,176.53061224489795,176.53061224489795,4236.734693877551
jid_895589,92940.0,168.0,1,192,12882,22795,22988,JobState.COMPLETED,0,176.5306122448979,176.53061224489795,33893.8775510204
jid_895972,92940.0,168.0,1,69,15413,22918,22988,JobState.COMPLETED,0,176.53061224489798,176.53061224489795,12180.61224489796
jid_896077,92940.0,168.0,1,41,16104,22946,22988,JobState.COMPLETED,0,176.53061224489795,176.53061224489795,7237.755102040816
jid_895810,92940.0,168.0,1,116,14185,22872,22989,JobState.COMPLETED,0,176.53061224489792,176.53061224489795,20477.55102040816
jid_896067,92940.0,168.0,1,46,16011,22942,22989,JobState.COMPLETED,0,176.53061224489795,176.53061224489795,8120.408163265306
jid_896066,92940.0,168.0,1,47,16011,22942,22990,JobState.COMPLETED,0,176.53061224489795,176.53061224489795,8296.938775510203
jid_896101,63623.0,736.0,1,35,16369,22954,22990,JobState.COMPLETED,0,176.53061224489795,176.53061224489795,6178.571428571428
jid_896185,92940.0,168.0,1,26,17620,22963,22990,JobState.COMPLETED,0,176.53061224489795,176.53061224489795,4589.7959183673465
jid_896079,92940.0,168.0,1,42,16133,22948,22991,JobState.COMPLETED,0,176.53061224489795,176.53061224489795,7414.285714285714
jid_896176,92940.0,168.0,1,29,17441,22961,22991,JobState.COMPLETED,0,176.53061224489795,176.53061224489795,5119.3877551020405
jid_896180,92940.0,168.0,1,28,17530,22962,22991,JobState.COMPLETED,0,176.53061224489795,176.53061224489795,4942.857142857143
jid_896182,92940.0,168.0,1,28,17575,22962,22991,JobState.COMPLETED,0,176.53061224489795,176.53061224489795,4942.857142857143
jid_896227,92940.0,168.0,1,25,18274,22965,22991,JobState.COMPLETED,0,176.53061224489795,176.53061224489795,4413.265306122449
jid_896241,92940.0,168.0,1,23,18532,22967,22991,JobState.COMPLETED,0,176.53061224489795,176.53061224489795,4060.204081632653
jid_895598,63299.0,570.0,1,331,12834,22660,22992,JobState.COMPLETED,0,176.530612244898,176.53061224489795,58431.63265306124
jid_895598,63299.0,570.0,1,331,12834,22660,22992,JobState.COMPLETED,0,176.530612244898,176.53061224489795,58431.63265306124
jid_896073,92940.0,168.0,1,47,16064,22944,22992,JobState.COMPLETED,0,176.53061224489795,176.53061224489795,8296.938775510203
jid_896204,92940.0,168.0,1,28,17711,22963,22992,JobState.COMPLETED,0,176.53061224489795,176.53061224489795,4942.857142857143
jid_896210,92940.0,168.0,1,28,17803,22963,22992,JobState.COMPLETED,0,176.53061224489795,176.53061224489795,4942.857142857143
jid_895598,63299.0,570.0,1,332,12834,22660,22993,JobState.COMPLETED,0,176.530612244898,176.53061224489795,58608.16326530614
jid_895598,63299.0,570.0,1,332,12834,22660,22993,JobState.COMPLETED,0,176.530612244898,176.53061224489795,58608.16326530614
jid_895853,92940.0,168.0,1,112,14480,22880,22993,JobState.COMPLETED,0,176.53061224489792,176.53061224489795,19771.42857142857
jid_896115,92940.0,168.0,1,37,16476,22955,22993,JobState.COMPLETED,0,176.53061224489795,176.53061224489795,6531.632653061224
jid_896205,92940.0,168.0,1,29,17757,22963,22993,JobState.COMPLETED,0,176.53061224489795,176.53061224489795,5119.3877551020405
jid_896216,92940.0,168.0,1,28,17900,22964,22993,JobState.COMPLETED,0,176.53061224489795,176.53061224489795,4942.857142857143
jid_896224,92940.0,168.0,1,27,18230,22965,22993,JobState.COMPLETED,0,176.53061224489795,176.53061224489795,4766.326530612245
jid_895598,63299.0,570.0,1,321,12834,22672,22994,JobState.COMPLETED,0,176.53061224489798,176.53061224489795,56666.32653061225
jid_895598,63299.0,570.0,1,255,12834,22738,22994,JobState.COMPLETED,0,176.5306122448979,176.53061224489795,45015.306122448965
jid_896121,92940.0,168.0,1,37,16533,22956,22994,JobState.COMPLETED,0,176.53061224489795,176.53061224489795,6531.632653061224
jid_896213,92940.0,168.0,1,30,17851,22963,22994,JobState.COMPLETED,0,176.53061224489795,176.53061224489795,5295.918367346939
jid_896267,92940.0,168.0,1,20,18869,22973,22994,JobState.COMPLETED,0,176.53061224489795,176.53061224489795,3530.612244897959
jid_895909,92940.0,168.0,1,100,14870,22894,22995,JobState.COMPLETED,0,176.53061224489792,176.53061224489795,17653.061224489793
jid_895968,92940.0,168.0,1,76,15370,22918,22995,JobState.COMPLETED,0,176.53061224489795,176.53061224489795,13416.326530612245
jid_895598,63299.0,570.0,1,318,12834,22677,22996,JobState.COMPLETED,0,176.53061224489798,176.53061224489795,56136.73469387756
jid_895875,92940.0,168.0,1,111,14611,22884,22996,JobState.COMPLETED,0,176.53061224489792,176.53061224489795,19594.89795918367
jid_895950,92940.0,168.0,1,85,15220,22910,22996,JobState.COMPLETED,0,176.53061224489795,176.53061224489795,15005.102040816326
jid_896081,92940.0,168.0,1,47,16134,22948,22996,JobState.COMPLETED,0,176.53061224489795,176.53061224489795,8296.938775510203
jid_896104,92940.0,168.0,1,41,16379,22954,22996,JobState.COMPLETED,0,176.53061224489795,176.53061224489795,7237.755102040816
jid_896109,92940.0,168.0,1,40,16418,22955,22996,JobState.COMPLETED,0,176.53061224489795,176.53061224489795,7061.224489795918
jid_896111,92940.0,168.0,1,40,16439,22955,22996,JobState.COMPLETED,0,176.53061224489795,176.53061224489795,7061.224489795918
jid_896187,92940.0,168.0,1,32,17663,22963,22996,JobState.COMPLETED,0,176.53061224489795,176.53061224489795,5648.9795918367345
jid_896230,92940.0,168.0,1,29,18316,22966,22996,JobState.COMPLETED,0,176.53061224489795,176.53061224489795,5119.3877551020405
jid_896251,92940.0,168.0,1,27,18667,22968,22996,JobState.COMPLETED,0,176.53061224489795,176.53061224489795,4766.326530612245
jid_895917,92940.0,168.0,1,98,15011,22898,22997,JobState.COMPLETED,0,176.53061224489792,176.53061224489795,17299.999999999996
jid_896065,92940.0,168.0,1,54,15993,22942,22997,JobState.COMPLETED,0,176.53061224489795,176.53061224489795,9532.65306122449
jid_896240,92940.0,168.0,1,29,18509,22967,22997,JobState.COMPLETED,0,176.53061224489795,176.53061224489795,5119.3877551020405
jid_896272,92940.0,168.0,1,21,18950,22975,22997,JobState.COMPLETED,0,176.53061224489795,176.53061224489795,3707.142857142857
jid_895793,92940.0,168.0,1,127,14055,22870,22998,JobState.COMPLETED,0,176.5306122448979,176.53061224489795,22419.387755102034
jid_896231,92940.0,168.0,1,31,18361,22966,22998,JobState.COMPLETED,0,176.53061224489795,176.53061224489795,5472.448979591836
jid_896234,92940.0,168.0,1,31,18363,22966,22998,JobState.COMPLETED,0,176.53061224489795,176.53061224489795,5472.448979591836
jid_896239,92940.0,168.0,1,30,18484,22967,22998,JobState.COMPLETED,0,176.53061224489795,176.53061224489795,5295.918367346939
jid_896093,92940.0,168.0,1,47,16286,22951,22999,JobState.COMPLETED,0,176.53061224489795,176.53061224489795,8296.938775510203
jid_896229,92940.0,168.0,1,32,18312,22966,22999,JobState.COMPLETED,0,176.53061224489795,176.53061224489795,5648.9795918367345
jid_896233,92940.0,168.0,1,32,18409,22966,22999,JobState.COMPLETED,0,176.53061224489795,176.53061224489795,5648.9795918367345
jid_896246,92940.0,168.0,1,30,18573,22968,22999,JobState.COMPLETED,0,176.53061224489795,176.53061224489795,5295.918367346939
jid_896248,92940.0,168.0,1,30,18620,22968,22999,JobState.COMPLETED,0,176.53061224489795,176.53061224489795,5295.918367346939
jid_896252,92940.0,168.0,1,30,18665,22968,22999,JobState.COMPLETED,0,176.53061224489795,176.53061224489795,5295.918367346939
jid_895906,92940.0,168.0,1,105,14889,22894,23000,JobState.COMPLETED,0,176.53061224489792,176.53061224489795,18535.714285714283
jid_896100,92940.0,168.0,1,45,16355,22954,23000,JobState.COMPLETED,0,176.53061224489795,176.53061224489795,7943.877551020408
jid_896170,63623.0,736.0,1,38,17329,22961,23000,JobState.COMPLETED,0,176.53061224489795,176.53061224489795,6708.163265306122
jid_896236,92940.0,168.0,1,32,18458,22967,23000,JobState.COMPLETED,0,176.53061224489795,176.53061224489795,5648.9795918367345
jid_896244,92940.0,168.0,1,32,18565,22967,23000,JobState.COMPLETED,0,176.53061224489795,176.53061224489795,5648.9795918367345
jid_896247,92940.0,168.0,1,31,18614,22968,23000,JobState.COMPLETED,0,176.53061224489795,176.53061224489795,5472.448979591836
jid_896262,92940.0,168.0,1,29,18808,22970,23000,JobState.COMPLETED,0,176.53061224489795,176.53061224489795,5119.3877551020405
jid_896274,92940.0,168.0,1,23,18988,22976,23000,JobState.COMPLETED,0,176.53061224489795,176.53061224489795,4060.204081632653
jid_895598,63299.0,570.0,1,321,12834,22679,23001,JobState.COMPLETED,0,176.53061224489798,176.53061224489795,56666.32653061225
jid_896080,92940.0,168.0,1,54,16125,22946,23001,JobState.COMPLETED,0,176.53061224489795,176.53061224489795,9532.65306122449
jid_896135,92940.0,168.0,1,43,16663,22957,23001,JobState.COMPLETED,0,176.53061224489795,176.53061224489795,7590.816326530612
jid_896258,92940.0,168.0,1,30,18762,22970,23001,JobState.COMPLETED,0,176.53061224489795,176.53061224489795,5295.918367346939
jid_896260,92940.0,168.0,1,30,18763,22970,23001,JobState.COMPLETED,0,176.53061224489795,176.53061224489795,5295.918367346939
jid_896266,92940.0,168.0,1,28,18854,22972,23001,JobState.COMPLETED,0,176.53061224489795,176.53061224489795,4942.857142857143
jid_896273,92940.0,168.0,1,25,18949,22975,23001,JobState.COMPLETED,0,176.53061224489795,176.53061224489795,4413.265306122449
jid_896276,92940.0,168.0,1,24,18990,22976,23001,JobState.COMPLETED,0,176.53061224489795,176.53061224489795,4236.734693877551
jid_896281,92940.0,168.0,1,22,19073,22978,23001,JobState.COMPLETED,0,176.53061224489795,176.53061224489795,3883.673469387755
jid_896084,92940.0,168.0,1,57,16075,22944,23002,JobState.COMPLETED,0,176.53061224489795,176.53061224489795,10062.244897959183
jid_896256,92940.0,168.0,1,32,18713,22969,23002,JobState.COMPLETED,0,176.53061224489795,176.53061224489795,5648.9795918367345
jid_895598,63299.0,570.0,1,327,12834,22675,23003,JobState.COMPLETED,0,176.53061224489798,176.53061224489795,57725.51020408164
jid_896255,92940.0,168.0,1,33,18712,22969,23003,JobState.COMPLETED,0,176.53061224489795,176.53061224489795,5825.510204081633
jid_896269,92940.0,168.0,1,27,18907,22975,23003,JobState.COMPLETED,0,176.53061224489795,176.53061224489795,4766.326530612245
jid_896279,92940.0,168.0,1,26,19029,22976,23003,JobState.COMPLETED,0,176.53061224489795,176.53061224489795,4589.7959183673465
jid_896085,92940.0,168.0,1,55,16164,22948,23004,JobState.COMPLETED,0,176.53061224489795,176.53061224489795,9709.183673469388
jid_896113,92940.0,168.0,1,48,16457,22955,23004,JobState.COMPLETED,0,176.53061224489795,176.53061224489795,8473.469387755102
jid_896116,92940.0,168.0,1,47,16485,22956,23004,JobState.COMPLETED,0,176.53061224489795,176.53061224489795,8296.938775510203
jid_896280,92940.0,168.0,1,26,19031,22977,23004,JobState.COMPLETED,0,176.53061224489795,176.53061224489795,4589.7959183673465
jid_896282,92940.0,168.0,1,25,19075,22978,23004,JobState.COMPLETED,0,176.53061224489795,176.53061224489795,4413.265306122449
jid_896287,92940.0,168.0,1,24,19157,22979,23004,JobState.COMPLETED,0,176.53061224489795,176.53061224489795,4236.734693877551
jid_896122,92940.0,168.0,1,49,16524,22956,23006,JobState.COMPLETED,0,176.53061224489795,176.53061224489795,8650.0
jid_895598,63299.0,570.0,1,329,12834,22677,23007,JobState.COMPLETED,0,176.53061224489798,176.53061224489795,58078.571428571435
jid_896032,92940.0,168.0,1,73,15768,22933,23007,JobState.COMPLETED,0,176.53061224489795,176.53061224489795,12886.73469387755
jid_896105,92940.0,168.0,1,54,16306,22952,23007,JobState.COMPLETED,0,176.53061224489795,176.53061224489795,9532.65306122449
jid_896123,92940.0,168.0,1,51,16459,22955,23007,JobState.COMPLETED,0,176.53061224489795,176.53061224489795,9003.061224489795
jid_896102,92940.0,168.0,1,54,16353,22953,23008,JobState.COMPLETED,0,176.53061224489795,176.53061224489795,9532.65306122449
jid_896268,92940.0,168.0,1,32,18899,22975,23008,JobState.COMPLETED,0,176.53061224489795,176.53061224489795,5648.9795918367345
jid_896283,92940.0,168.0,1,29,19111,22978,23008,JobState.COMPLETED,0,176.53061224489795,176.53061224489795,5119.3877551020405
jid_896288,92940.0,168.0,1,28,19167,22979,23008,JobState.COMPLETED,0,176.53061224489795,176.53061224489795,4942.857142857143
jid_896296,92940.0,168.0,1,27,19198,22980,23008,JobState.COMPLETED,0,176.53061224489795,176.53061224489795,4766.326530612245
jid_895888,92940.0,168.0,1,119,14733,22889,23009,JobState.COMPLETED,0,176.53061224489792,176.53061224489795,21007.14285714285
jid_896083,92940.0,168.0,1,61,16130,22947,23009,JobState.COMPLETED,0,176.53061224489798,176.53061224489795,10768.367346938778
jid_896108,92940.0,168.0,1,54,16391,22954,23009,JobState.COMPLETED,0,176.53061224489795,176.53061224489795,9532.65306122449
jid_896119,92940.0,168.0,1,52,16497,22956,23009,JobState.COMPLETED,0,176.53061224489795,176.53061224489795,9179.591836734693
jid_896305,92940.0,168.0,1,24,19407,22984,23009,JobState.COMPLETED,0,176.53061224489795,176.53061224489795,4236.734693877551
jid_896086,92940.0,168.0,1,61,16197,22948,23010,JobState.COMPLETED,0,176.53061224489798,176.53061224489795,10768.367346938778
jid_896107,92940.0,168.0,1,55,16387,22954,23010,JobState.COMPLETED,0,176.53061224489795,176.53061224489795,9709.183673469388
jid_896110,92940.0,168.0,1,54,16410,22955,23010,JobState.COMPLETED,0,176.53061224489795,176.53061224489795,9532.65306122449
jid_896138,92940.0,168.0,1,52,16675,22957,23010,JobState.COMPLETED,0,176.53061224489795,176.53061224489795,9179.591836734693
jid_896139,92940.0,168.0,1,52,16675,22957,23010,JobState.COMPLETED,0,176.53061224489795,176.53061224489795,9179.591836734693
jid_896285,92940.0,168.0,1,30,19119,22979,23010,JobState.COMPLETED,0,176.53061224489795,176.53061224489795,5295.918367346939
jid_895892,92940.0,168.0,1,121,14748,22889,23011,JobState.COMPLETED,0,176.5306122448979,176.53061224489795,21360.204081632644
jid_896090,92940.0,168.0,1,64,16088,22946,23011,JobState.COMPLETED,0,176.53061224489798,176.53061224489795,11297.95918367347
jid_896112,92940.0,168.0,1,55,16425,22955,23011,JobState.COMPLETED,0,176.53061224489795,176.53061224489795,9709.183673469388
jid_896127,92940.0,168.0,1,53,16590,22957,23011,JobState.COMPLETED,0,176.53061224489795,176.53061224489795,9356.122448979591
jid_896155,92940.0,168.0,1,51,16969,22959,23011,JobState.COMPLETED,0,176.53061224489795,176.53061224489795,9003.061224489795
jid_896292,92940.0,168.0,1,30,19213,22980,23011,JobState.COMPLETED,0,176.53061224489795,176.53061224489795,5295.918367346939
jid_896300,92940.0,168.0,1,28,19314,22982,23011,JobState.COMPLETED,0,176.53061224489795,176.53061224489795,4942.857142857143
jid_896126,92940.0,168.0,1,54,16569,22957,23012,JobState.COMPLETED,0,176.53061224489795,176.53061224489795,9532.65306122449
jid_896137,92940.0,168.0,1,54,16661,22957,23012,JobState.COMPLETED,0,176.53061224489795,176.53061224489795,9532.65306122449
jid_896264,92940.0,168.0,1,41,18810,22970,23012,JobState.COMPLETED,0,176.53061224489795,176.53061224489795,7237.755102040816
jid_896094,92940.0,168.0,1,61,16276,22951,23013,JobState.COMPLETED,0,176.53061224489798,176.53061224489795,10768.367346938778
jid_896124,92940.0,168.0,1,56,16527,22956,23013,JobState.COMPLETED,0,176.53061224489795,176.53061224489795,9885.714285714286
jid_895987,92940.0,168.0,1,94,15468,22919,23014,JobState.COMPLETED,0,176.53061224489792,176.53061224489795,16593.877551020403
jid_896114,92940.0,168.0,1,58,16451,22955,23014,JobState.COMPLETED,0,176.53061224489795,176.53061224489795,10238.775510204081
jid_896129,92940.0,168.0,1,56,16589,22957,23014,JobState.COMPLETED,0,176.53061224489795,176.53061224489795,9885.714285714286
jid_896131,92940.0,168.0,1,56,16601,22957,23014,JobState.COMPLETED,0,176.53061224489795,176.53061224489795,9885.714285714286
jid_896132,92940.0,168.0,1,56,16601,22957,23014,JobState.COMPLETED,0,176.53061224489795,176.53061224489795,9885.714285714286
jid_896134,92940.0,168.0,1,56,16641,22957,23014,JobState.COMPLETED,0,176.53061224489795,176.53061224489795,9885.714285714286
jid_896159,92940.0,168.0,1,52,17038,22961,23014,JobState.COMPLETED,0,176.53061224489795,176.53061224489795,9179.591836734693
jid_896154,92940.0,168.0,1,55,16957,22959,23015,JobState.COMPLETED,0,176.53061224489795,176.53061224489795,9709.183673469388
jid_896302,92940.0,168.0,1,30,19360,22984,23015,JobState.COMPLETED,0,176.53061224489795,176.53061224489795,5295.918367346939
jid_896308,92940.0,168.0,1,27,19448,22987,23015,JobState.COMPLETED,0,176.53061224489795,176.53061224489795,4766.326530612245
jid_896309,92940.0,168.0,1,27,19491,22987,23015,JobState.COMPLETED,0,176.53061224489795,176.53061224489795,4766.326530612245
jid_896316,92940.0,168.0,1,25,19580,22989,23015,JobState.COMPLETED,0,176.53061224489795,176.53061224489795,4413.265306122449
jid_895598,63299.0,570.0,1,320,12834,22695,23016,JobState.COMPLETED,0,176.53061224489798,176.53061224489795,56489.79591836735
jid_895885,92940.0,168.0,1,127,14698,22888,23016,JobState.COMPLETED,0,176.5306122448979,176.53061224489795,22419.387755102034
jid_896098,92940.0,168.0,1,63,16327,22952,23016,JobState.COMPLETED,0,176.53061224489798,176.53061224489795,11121.428571428572
jid_896143,92940.0,168.0,1,57,16724,22958,23016,JobState.COMPLETED,0,176.53061224489795,176.53061224489795,10062.244897959183
jid_896314,92940.0,168.0,1,27,19536,22988,23016,JobState.COMPLETED,0,176.53061224489795,176.53061224489795,4766.326530612245
jid_896324,92940.0,168.0,1,24,19714,22991,23016,JobState.COMPLETED,0,176.53061224489795,176.53061224489795,4236.734693877551
jid_896087,92940.0,168.0,1,67,16200,22949,23017,JobState.COMPLETED,0,176.53061224489798,176.53061224489795,11827.551020408164
jid_896146,92940.0,168.0,1,58,16800,22958,23017,JobState.COMPLETED,0,176.53061224489795,176.53061224489795,10238.775510204081
jid_896158,92940.0,168.0,1,55,17030,22961,23017,JobState.COMPLETED,0,176.53061224489795,176.53061224489795,9709.183673469388
jid_895598,63299.0,570.0,1,322,12834,22695,23018,JobState.COMPLETED,0,176.53061224489798,176.53061224489795,56842.85714285715
jid_896089,92940.0,168.0,1,69,16133,22948,23018,JobState.COMPLETED,0,176.53061224489798,176.53061224489795,12180.61224489796
jid_896140,92940.0,168.0,1,59,16715,22958,23018,JobState.COMPLETED,0,176.53061224489795,176.53061224489795,10415.30612244898
jid_896149,92940.0,168.0,1,58,16893,22959,23018,JobState.COMPLETED,0,176.53061224489795,176.53061224489795,10238.775510204081
jid_896169,92940.0,168.0,1,56,17262,22961,23018,JobState.COMPLETED,0,176.53061224489795,176.53061224489795,9885.714285714286
jid_896088,92940.0,168.0,1,69,16198,22949,23019,JobState.COMPLETED,0,176.53061224489798,176.53061224489795,12180.61224489796
jid_896144,92940.0,168.0,1,60,16736,22958,23019,JobState.COMPLETED,0,176.53061224489798,176.53061224489795,10591.83673469388
jid_896166,92940.0,168.0,1,57,17186,22961,23019,JobState.COMPLETED,0,176.53061224489795,176.53061224489795,10062.244897959183
jid_896322,92940.0,168.0,1,27,19670,22991,23019,JobState.COMPLETED,0,176.53061224489795,176.53061224489795,4766.326530612245
jid_895598,63299.0,570.0,1,324,12834,22695,23020,JobState.COMPLETED,0,176.53061224489798,176.53061224489795,57195.918367346945
jid_895598,63299.0,570.0,1,324,12834,22695,23020,JobState.COMPLETED,0,176.53061224489798,176.53061224489795,57195.918367346945
jid_895789,92940.0,168.0,1,152,13994,22867,23020,JobState.COMPLETED,0,176.5306122448979,176.53061224489795,26832.65306122448
jid_896319,92940.0,168.0,1,29,19623,22990,23020,JobState.COMPLETED,0,176.53061224489795,176.53061224489795,5119.3877551020405
jid_896335,92940.0,168.0,1,26,19848,22993,23020,JobState.COMPLETED,0,176.53061224489795,176.53061224489795,4589.7959183673465
jid_896147,92940.0,168.0,1,62,16813,22958,23021,JobState.COMPLETED,0,176.53061224489798,176.53061224489795,10944.897959183674
jid_896163,92940.0,168.0,1,59,17110,22961,23021,JobState.COMPLETED,0,176.53061224489795,176.53061224489795,10415.30612244898
jid_896332,92940.0,168.0,1,28,19804,22992,23021,JobState.COMPLETED,0,176.53061224489795,176.53061224489795,4942.857142857143
jid_896338,92940.0,168.0,1,27,19877,22993,23021,JobState.COMPLETED,0,176.53061224489795,176.53061224489795,4766.326530612245
jid_895598,63299.0,570.0,1,326,12834,22695,23022,JobState.COMPLETED,0,176.53061224489798,176.53061224489795,57548.97959183674
jid_896092,92940.0,168.0,1,71,16237,22950,23022,JobState.COMPLETED,0,176.53061224489795,176.53061224489795,12533.673469387755
jid_896315,92940.0,168.0,1,33,19550,22988,23022,JobState.COMPLETED,0,176.53061224489795,176.53061224489795,5825.510204081633
jid_896323,92940.0,168.0,1,30,19700,22991,23022,JobState.COMPLETED,0,176.53061224489795,176.53061224489795,5295.918367346939
jid_896355,92940.0,168.0,1,25,20117,22996,23022,JobState.COMPLETED,0,176.53061224489795,176.53061224489795,4413.265306122449
jid_896360,92940.0,168.0,1,25,20172,22996,23022,JobState.COMPLETED,0,176.53061224489795,176.53061224489795,4413.265306122449
jid_896096,92940.0,168.0,1,72,16223,22950,23023,JobState.COMPLETED,0,176.53061224489795,176.53061224489795,12710.204081632652
jid_896095,92940.0,168.0,1,71,16287,22951,23023,JobState.COMPLETED,0,176.53061224489795,176.53061224489795,12533.673469387755
jid_896097,92940.0,168.0,1,70,16300,22952,23023,JobState.COMPLETED,0,176.53061224489795,176.53061224489795,12357.142857142857
jid_896148,92940.0,168.0,1,63,16876,22959,23023,JobState.COMPLETED,0,176.53061224489798,176.53061224489795,11121.428571428572
jid_895598,63299.0,570.0,1,328,12834,22695,23024,JobState.COMPLETED,0,176.53061224489798,176.53061224489795,57902.04081632654
jid_896318,92940.0,168.0,1,33,19600,22990,23024,JobState.COMPLETED,0,176.53061224489795,176.53061224489795,5825.510204081633
jid_896327,92940.0,168.0,1,32,19747,22991,23024,JobState.COMPLETED,0,176.53061224489795,176.53061224489795,5648.9795918367345
jid_896328,92940.0,168.0,1,31,19755,22992,23024,JobState.COMPLETED,0,176.53061224489795,176.53061224489795,5472.448979591836
jid_896331,92940.0,168.0,1,31,19797,22992,23024,JobState.COMPLETED,0,176.53061224489795,176.53061224489795,5472.448979591836
jid_896336,92940.0,168.0,1,30,19847,22993,23024,JobState.COMPLETED,0,176.53061224489795,176.53061224489795,5295.918367346939
jid_896350,92940.0,168.0,1,28,20037,22995,23024,JobState.COMPLETED,0,176.53061224489795,176.53061224489795,4942.857142857143
jid_896359,92940.0,168.0,1,27,20158,22996,23024,JobState.COMPLETED,0,176.53061224489795,176.53061224489795,4766.326530612245
jid_896370,92940.0,168.0,1,24,20337,22999,23024,JobState.COMPLETED,0,176.53061224489795,176.53061224489795,4236.734693877551
jid_895598,63299.0,570.0,1,257,12834,22767,23025,JobState.COMPLETED,0,176.5306122448979,176.53061224489795,45368.36734693876
jid_895598,63299.0,570.0,1,257,12834,22767,23025,JobState.COMPLETED,0,176.5306122448979,176.53061224489795,45368.36734693876
jid_896320,92940.0,168.0,1,33,19651,22991,23025,JobState.COMPLETED,0,176.53061224489795,176.53061224489795,5825.510204081633
jid_896356,92940.0,168.0,1,28,20128,22996,23025,JobState.COMPLETED,0,176.53061224489795,176.53061224489795,4942.857142857143
jid_896366,92940.0,168.0,1,26,20293,22998,23025,JobState.COMPLETED,0,176.53061224489795,176.53061224489795,4589.7959183673465
jid_895598,63299.0,570.0,1,330,12834,22695,23026,JobState.COMPLETED,0,176.530612244898,176.53061224489795,58255.102040816346
jid_895790,92940.0,168.0,1,156,14011,22869,23026,JobState.COMPLETED,0,176.5306122448979,176.53061224489795,27538.775510204072
jid_896353,92940.0,168.0,1,29,20083,22996,23026,JobState.COMPLETED,0,176.53061224489795,176.53061224489795,5119.3877551020405
jid_896364,92940.0,168.0,1,27,20250,22998,23026,JobState.COMPLETED,0,176.53061224489795,176.53061224489795,4766.326530612245
jid_895598,63299.0,570.0,1,331,12834,22695,23027,JobState.COMPLETED,0,176.530612244898,176.53061224489795,58431.63265306124
jid_896346,92940.0,168.0,1,32,19988,22994,23027,JobState.COMPLETED,0,176.53061224489795,176.53061224489795,5648.9795918367345
jid_896362,92940.0,168.0,1,29,20204,22997,23027,JobState.COMPLETED,0,176.53061224489795,176.53061224489795,5119.3877551020405
jid_896363,92940.0,168.0,1,29,20215,22997,23027,JobState.COMPLETED,0,176.53061224489795,176.53061224489795,5119.3877551020405
jid_896391,92940.0,168.0,1,25,20611,23001,23027,JobState.COMPLETED,0,176.53061224489795,176.53061224489795,4413.265306122449
jid_896091,92940.0,168.0,1,77,16214,22950,23028,JobState.COMPLETED,0,176.53061224489795,176.53061224489795,13592.857142857143
jid_896369,92940.0,168.0,1,29,20261,22998,23028,JobState.COMPLETED,0,176.53061224489795,176.53061224489795,5119.3877551020405
jid_896374,92940.0,168.0,1,27,20427,23000,23028,JobState.COMPLETED,0,176.53061224489795,176.53061224489795,4766.326530612245
jid_896384,92940.0,168.0,1,27,20519,23000,23028,JobState.COMPLETED,0,176.53061224489795,176.53061224489795,4766.326530612245
jid_896372,92940.0,168.0,1,29,20379,22999,23029,JobState.COMPLETED,0,176.53061224489795,176.53061224489795,5119.3877551020405
jid_896399,92940.0,168.0,1,25,20702,23003,23029,JobState.COMPLETED,0,176.53061224489795,176.53061224489795,4413.265306122449
jid_896345,92940.0,168.0,1,35,19955,22994,23030,JobState.COMPLETED,0,176.53061224489795,176.53061224489795,6178.571428571428
jid_896377,92940.0,168.0,1,30,20379,22999,23030,JobState.COMPLETED,0,176.53061224489795,176.53061224489795,5295.918367346939
jid_896380,92940.0,168.0,1,29,20473,23000,23030,JobState.COMPLETED,0,176.53061224489795,176.53061224489795,5119.3877551020405
jid_896386,92940.0,168.0,1,28,20549,23001,23030,JobState.COMPLETED,0,176.53061224489795,176.53061224489795,4942.857142857143
jid_896387,92940.0,168.0,1,28,20564,23001,23030,JobState.COMPLETED,0,176.53061224489795,176.53061224489795,4942.857142857143
jid_896392,92940.0,168.0,1,28,20642,23001,23030,JobState.COMPLETED,0,176.53061224489795,176.53061224489795,4942.857142857143
jid_896349,92940.0,168.0,1,36,20007,22994,23031,JobState.COMPLETED,0,176.53061224489795,176.53061224489795,6355.102040816326
jid_896383,92940.0,168.0,1,30,20503,23000,23031,JobState.COMPLETED,0,176.53061224489795,176.53061224489795,5295.918367346939
jid_896397,92940.0,168.0,1,28,20687,23002,23031,JobState.COMPLETED,0,176.53061224489795,176.53061224489795,4942.857142857143
jid_895911,92940.0,168.0,1,137,14903,22894,23032,JobState.COMPLETED,0,176.5306122448979,176.53061224489795,24184.693877551013
jid_896390,92940.0,168.0,1,30,20595,23001,23032,JobState.COMPLETED,0,176.53061224489795,176.53061224489795,5295.918367346939
jid_896402,92940.0,168.0,1,27,20733,23004,23032,JobState.COMPLETED,0,176.53061224489795,176.53061224489795,4766.326530612245
jid_896394,92940.0,168.0,1,30,20653,23002,23033,JobState.COMPLETED,0,176.53061224489795,176.53061224489795,5295.918367346939
jid_896405,92940.0,168.0,1,28,20780,23004,23033,JobState.COMPLETED,0,176.53061224489795,176.53061224489795,4942.857142857143
jid_896403,92940.0,168.0,1,29,20745,23004,23034,JobState.COMPLETED,0,176.53061224489795,176.53061224489795,5119.3877551020405
jid_896406,92940.0,168.0,1,29,20792,23004,23034,JobState.COMPLETED,0,176.53061224489795,176.53061224489795,5119.3877551020405
jid_896412,92940.0,168.0,1,25,20874,23008,23034,JobState.COMPLETED,0,176.53061224489795,176.53061224489795,4413.265306122449
jid_896538,92940.0,168.0,1,23,21053,23010,23034,JobState.COMPLETED,0,176.53061224489795,176.53061224489795,4060.204081632653
jid_896542,92940.0,168.0,1,22,21093,23011,23034,JobState.COMPLETED,0,176.53061224489795,176.53061224489795,3883.673469387755
jid_895598,63299.0,570.0,1,331,12834,22703,23035,JobState.COMPLETED,0,176.530612244898,176.53061224489795,58431.63265306124
jid_896303,92940.0,168.0,1,51,19339,22983,23035,JobState.COMPLETED,0,176.53061224489795,176.53061224489795,9003.061224489795
jid_896343,92940.0,168.0,1,41,19927,22993,23035,JobState.COMPLETED,0,176.53061224489795,176.53061224489795,7237.755102040816
jid_896407,92940.0,168.0,1,28,20809,23006,23035,JobState.COMPLETED,0,176.53061224489795,176.53061224489795,4942.857142857143
jid_896417,92940.0,168.0,1,27,20839,23007,23035,JobState.COMPLETED,0,176.53061224489795,176.53061224489795,4766.326530612245
jid_896410,92940.0,168.0,1,27,20855,23007,23035,JobState.COMPLETED,0,176.53061224489795,176.53061224489795,4766.326530612245
jid_896357,92940.0,168.0,1,40,20039,22995,23036,JobState.COMPLETED,0,176.53061224489795,176.53061224489795,7061.224489795918
jid_896515,92940.0,168.0,1,26,20961,23009,23036,JobState.COMPLETED,0,176.53061224489795,176.53061224489795,4589.7959183673465
jid_896536,92940.0,168.0,1,25,21043,23010,23036,JobState.COMPLETED,0,176.53061224489795,176.53061224489795,4413.265306122449
jid_896539,92940.0,168.0,1,25,21055,23010,23036,JobState.COMPLETED,0,176.53061224489795,176.53061224489795,4413.265306122449
jid_896546,92940.0,168.0,1,24,21133,23011,23036,JobState.COMPLETED,0,176.53061224489795,176.53061224489795,4236.734693877551
jid_896341,92940.0,168.0,1,43,19894,22993,23037,JobState.COMPLETED,0,176.53061224489795,176.53061224489795,7590.816326530612
jid_896351,92940.0,168.0,1,40,20060,22996,23037,JobState.COMPLETED,0,176.53061224489795,176.53061224489795,7061.224489795918
jid_896532,92940.0,168.0,1,26,21012,23010,23037,JobState.COMPLETED,0,176.53061224489795,176.53061224489795,4589.7959183673465
jid_895813,92940.0,168.0,1,165,14165,22872,23038,JobState.COMPLETED,0,176.5306122448979,176.53061224489795,29127.55102040815
jid_896171,92940.0,168.0,1,76,17336,22961,23038,JobState.COMPLETED,0,176.53061224489795,176.53061224489795,13416.326530612245
jid_896531,92940.0,168.0,1,28,21008,23009,23038,JobState.COMPLETED,0,176.53061224489795,176.53061224489795,4942.857142857143
jid_896545,92940.0,168.0,1,26,21097,23011,23038,JobState.COMPLETED,0,176.53061224489795,176.53061224489795,4589.7959183673465
jid_896435,92940.0,168.0,1,30,20900,23008,23039,JobState.COMPLETED,0,176.53061224489795,176.53061224489795,5295.918367346939
jid_896566,92940.0,168.0,1,24,21275,23014,23039,JobState.COMPLETED,0,176.53061224489795,176.53061224489795,4236.734693877551
jid_896525,92940.0,168.0,1,31,20919,23008,23040,JobState.COMPLETED,0,176.53061224489795,176.53061224489795,5472.448979591836
jid_896516,92940.0,168.0,1,30,20965,23009,23040,JobState.COMPLETED,0,176.53061224489795,176.53061224489795,5295.918367346939
jid_896558,92940.0,168.0,1,25,21233,23014,23040,JobState.COMPLETED,0,176.53061224489795,176.53061224489795,4413.265306122449
jid_895838,92940.0,168.0,1,163,14319,22877,23041,JobState.COMPLETED,0,176.5306122448979,176.53061224489795,28774.489795918358
jid_896373,92940.0,168.0,1,41,20380,22999,23041,JobState.COMPLETED,0,176.53061224489795,176.53061224489795,7237.755102040816
jid_896409,92940.0,168.0,1,33,20824,23007,23041,JobState.COMPLETED,0,176.53061224489795,176.53061224489795,5825.510204081633
jid_896548,92940.0,168.0,1,29,21139,23011,23041,JobState.COMPLETED,0,176.53061224489795,176.53061224489795,5119.3877551020405
jid_896321,92940.0,168.0,1,51,19645,22990,23042,JobState.COMPLETED,0,176.53061224489795,176.53061224489795,9003.061224489795
jid_896361,92940.0,168.0,1,45,20177,22996,23042,JobState.COMPLETED,0,176.53061224489795,176.53061224489795,7943.877551020408
jid_896371,92940.0,168.0,1,44,20239,22997,23042,JobState.COMPLETED,0,176.53061224489795,176.53061224489795,7767.34693877551
jid_896186,92940.0,168.0,1,80,17611,22962,23043,JobState.COMPLETED,0,176.53061224489795,176.53061224489795,14122.448979591836
jid_896385,92940.0,168.0,1,42,20508,23000,23043,JobState.COMPLETED,0,176.53061224489795,176.53061224489795,7414.285714285714
jid_896554,92940.0,168.0,1,30,21185,23012,23043,JobState.COMPLETED,0,176.53061224489795,176.53061224489795,5295.918367346939
jid_896844,38997.0,145.0,8,22474,569,569,23044,JobState.COMPLETED,0,176.53061224490628,176.53061224489795,31738791.83673619
jid_896214,92940.0,168.0,1,80,17808,22963,23044,JobState.COMPLETED,0,176.53061224489795,176.53061224489795,14122.448979591836
jid_896326,92940.0,168.0,1,52,19712,22991,23044,JobState.COMPLETED,0,176.53061224489795,176.53061224489795,9179.591836734693
jid_896207,92940.0,168.0,1,81,17709,22963,23045,JobState.COMPLETED,0,176.53061224489795,176.53061224489795,14298.979591836734
jid_896317,92940.0,168.0,1,55,19573,22989,23045,JobState.COMPLETED,0,176.53061224489795,176.53061224489795,9709.183673469388
jid_896291,92940.0,168.0,1,66,19162,22979,23046,JobState.COMPLETED,0,176.53061224489798,176.53061224489795,11651.020408163267
jid_896347,92940.0,168.0,1,51,19971,22994,23046,JobState.COMPLETED,0,176.53061224489795,176.53061224489795,9003.061224489795
jid_896378,92940.0,168.0,1,45,20441,23000,23046,JobState.COMPLETED,0,176.53061224489795,176.53061224489795,7943.877551020408
jid_896388,92940.0,168.0,1,44,20568,23001,23046,JobState.COMPLETED,0,176.53061224489795,176.53061224489795,7767.34693877551
jid_896846,36772.0,145.0,8,22477,569,569,23047,JobState.COMPLETED,0,176.53061224490628,176.53061224489795,31743028.57143007
jid_896845,65139.0,145.0,8,22470,576,576,23047,JobState.COMPLETED,0,176.53061224490628,176.53061224489795,31733142.857144352
jid_896598,92940.0,168.0,1,27,21532,23019,23047,JobState.COMPLETED,0,176.53061224489795,176.53061224489795,4766.326530612245
jid_896608,92940.0,168.0,1,26,21589,23021,23048,JobState.COMPLETED,0,176.53061224489795,176.53061224489795,4589.7959183673465
jid_896393,92940.0,168.0,1,47,20631,23001,23049,JobState.COMPLETED,0,176.53061224489795,176.53061224489795,8296.938775510203
jid_896571,92940.0,168.0,1,33,21316,23015,23049,JobState.COMPLETED,0,176.53061224489795,176.53061224489795,5825.510204081633
jid_896592,92940.0,168.0,1,30,21492,23018,23049,JobState.COMPLETED,0,176.53061224489795,176.53061224489795,5295.918367346939
jid_896582,92940.0,168.0,1,33,21368,23016,23050,JobState.COMPLETED,0,176.53061224489795,176.53061224489795,5825.510204081633
jid_896605,92940.0,168.0,1,30,21577,23020,23051,JobState.COMPLETED,0,176.53061224489795,176.53061224489795,5295.918367346939
jid_896278,92940.0,168.0,1,76,18973,22975,23052,JobState.COMPLETED,0,176.53061224489795,176.53061224489795,13416.326530612245
jid_896307,92940.0,168.0,1,65,19409,22986,23052,JobState.COMPLETED,0,176.53061224489798,176.53061224489795,11474.489795918369
jid_896313,92940.0,168.0,1,64,19491,22987,23052,JobState.COMPLETED,0,176.53061224489798,176.53061224489795,11297.95918367347
jid_896585,92940.0,168.0,1,33,21442,23018,23052,JobState.COMPLETED,0,176.53061224489795,176.53061224489795,5825.510204081633
jid_896601,92940.0,168.0,1,32,21540,23019,23052,JobState.COMPLETED,0,176.53061224489795,176.53061224489795,5648.9795918367345
jid_896284,92940.0,168.0,1,76,19068,22977,23054,JobState.COMPLETED,0,176.53061224489795,176.53061224489795,13416.326530612245
jid_896561,92940.0,168.0,1,39,21235,23014,23054,JobState.COMPLETED,0,176.53061224489795,176.53061224489795,6884.69387755102
jid_896577,92940.0,168.0,1,39,21355,23016,23056,JobState.COMPLETED,0,176.53061224489795,176.53061224489795,6884.69387755102
jid_896342,92940.0,168.0,1,63,19891,22993,23057,JobState.COMPLETED,0,176.53061224489798,176.53061224489795,11121.428571428572
jid_896555,92940.0,168.0,1,44,21174,23012,23057,JobState.COMPLETED,0,176.53061224489795,176.53061224489795,7767.34693877551
jid_896583,92940.0,168.0,1,39,21412,23017,23057,JobState.COMPLETED,0,176.53061224489795,176.53061224489795,6884.69387755102
jid_895598,63299.0,570.0,1,329,12834,22728,23058,JobState.COMPLETED,0,176.53061224489798,176.53061224489795,58078.571428571435
jid_896298,92940.0,168.0,1,76,19246,22982,23059,JobState.COMPLETED,0,176.53061224489795,176.53061224489795,13416.326530612245
jid_896588,92940.0,168.0,1,40,21469,23018,23059,JobState.COMPLETED,0,176.53061224489795,176.53061224489795,7061.224489795918
jid_896263,92940.0,168.0,1,90,18754,22969,23060,JobState.COMPLETED,0,176.53061224489792,176.53061224489795,15887.755102040814
jid_896599,92940.0,168.0,1,41,21527,23018,23060,JobState.COMPLETED,0,176.53061224489795,176.53061224489795,7237.755102040816
jid_895931,92940.0,168.0,1,162,15037,22898,23061,JobState.COMPLETED,0,176.5306122448979,176.53061224489795,28597.959183673458
jid_896181,92940.0,168.0,1,98,17490,22962,23061,JobState.COMPLETED,0,176.53061224489792,176.53061224489795,17299.999999999996
jid_896167,92940.0,168.0,1,101,17170,22961,23063,JobState.COMPLETED,0,176.53061224489792,176.53061224489795,17829.59183673469
jid_896569,92940.0,168.0,1,47,21291,23015,23063,JobState.COMPLETED,0,176.53061224489795,176.53061224489795,8296.938775510203
jid_896270,92940.0,168.0,1,92,18862,22972,23065,JobState.COMPLETED,0,176.53061224489792,176.53061224489795,16240.816326530608
jid_895598,63299.0,570.0,1,322,12834,22743,23066,JobState.COMPLETED,0,176.53061224489798,176.53061224489795,56842.85714285715
jid_895949,92940.0,168.0,1,161,15128,22904,23066,JobState.COMPLETED,0,176.5306122448979,176.53061224489795,28421.42857142856
jid_896801,92940.0,168.0,1,22,22787,23044,23067,JobState.COMPLETED,0,176.53061224489795,176.53061224489795,3883.673469387755
jid_896304,92940.0,168.0,1,84,19340,22983,23068,JobState.COMPLETED,0,176.53061224489795,176.53061224489795,14828.571428571428
jid_896824,92940.0,168.0,1,20,22937,23047,23068,JobState.COMPLETED,0,176.53061224489795,176.53061224489795,3530.612244897959
jid_896226,92940.0,168.0,1,104,18189,22965,23070,JobState.COMPLETED,0,176.53061224489792,176.53061224489795,18359.183673469382
jid_896612,92940.0,168.0,1,47,21633,23022,23070,JobState.COMPLETED,0,176.53061224489795,176.53061224489795,8296.938775510203
jid_896646,92940.0,168.0,1,45,21936,23025,23071,JobState.COMPLETED,0,176.53061224489795,176.53061224489795,7943.877551020408
jid_896334,92940.0,168.0,1,79,19782,22992,23072,JobState.COMPLETED,0,176.53061224489795,176.53061224489795,13945.918367346938
jid_896812,92940.0,168.0,1,24,22895,23047,23072,JobState.COMPLETED,0,176.53061224489795,176.53061224489795,4236.734693877551
jid_896825,92940.0,168.0,1,24,22938,23047,23072,JobState.COMPLETED,0,176.53061224489795,176.53061224489795,4236.734693877551
jid_896788,92940.0,168.0,1,27,22817,23045,23073,JobState.COMPLETED,0,176.53061224489795,176.53061224489795,4766.326530612245
jid_896827,92940.0,168.0,1,25,22862,23047,23073,JobState.COMPLETED,0,176.53061224489795,176.53061224489795,4413.265306122449
jid_896795,92940.0,168.0,1,27,22840,23046,23074,JobState.COMPLETED,0,176.53061224489795,176.53061224489795,4766.326530612245
jid_896798,92940.0,168.0,1,27,22842,23046,23074,JobState.COMPLETED,0,176.53061224489795,176.53061224489795,4766.326530612245
jid_896652,92940.0,168.0,1,47,22002,23027,23075,JobState.COMPLETED,0,176.53061224489795,176.53061224489795,8296.938775510203
jid_896792,92940.0,168.0,1,28,22817,23046,23075,JobState.COMPLETED,0,176.53061224489795,176.53061224489795,4942.857142857143
jid_895598,63299.0,570.0,1,331,12834,22744,23076,JobState.COMPLETED,0,176.530612244898,176.53061224489795,58431.63265306124
jid_896611,92940.0,168.0,1,53,21624,23022,23076,JobState.COMPLETED,0,176.53061224489795,176.53061224489795,9356.122448979591
jid_896661,92940.0,168.0,1,47,22071,23028,23076,JobState.COMPLETED,0,176.53061224489795,176.53061224489795,8296.938775510203
jid_896810,92940.0,168.0,1,28,22887,23047,23076,JobState.COMPLETED,0,176.53061224489795,176.53061224489795,4942.857142857143
jid_896828,92940.0,168.0,1,28,22952,23047,23076,JobState.COMPLETED,0,176.53061224489795,176.53061224489795,4942.857142857143
jid_896834,92940.0,168.0,1,26,22985,23049,23076,JobState.COMPLETED,0,176.53061224489795,176.53061224489795,4589.7959183673465
jid_895598,63299.0,570.0,1,332,12834,22744,23077,JobState.COMPLETED,0,176.530612244898,176.53061224489795,58608.16326530614
jid_895598,63299.0,570.0,1,332,12834,22744,23077,JobState.COMPLETED,0,176.530612244898,176.53061224489795,58608.16326530614
jid_895598,63299.0,570.0,1,332,12834,22744,23077,JobState.COMPLETED,0,176.530612244898,176.53061224489795,58608.16326530614
jid_895598,63299.0,570.0,1,332,12834,22744,23077,JobState.COMPLETED,0,176.530612244898,176.53061224489795,58608.16326530614
jid_895598,63299.0,570.0,1,325,12834,22751,23077,JobState.COMPLETED,0,176.53061224489798,176.53061224489795,57372.44897959184
jid_896635,92940.0,168.0,1,51,21865,23025,23077,JobState.COMPLETED,0,176.53061224489795,176.53061224489795,9003.061224489795
jid_896804,92940.0,168.0,1,29,22866,23047,23077,JobState.COMPLETED,0,176.53061224489795,176.53061224489795,5119.3877551020405
jid_895598,63299.0,570.0,1,333,12834,22744,23078,JobState.COMPLETED,0,176.530612244898,176.53061224489795,58784.693877551035
jid_895598,63299.0,570.0,1,333,12834,22744,23078,JobState.COMPLETED,0,176.530612244898,176.53061224489795,58784.693877551035
jid_895598,63299.0,570.0,1,324,12834,22753,23078,JobState.COMPLETED,0,176.53061224489798,176.53061224489795,57195.918367346945
jid_896311,92940.0,168.0,1,90,19441,22987,23078,JobState.COMPLETED,0,176.53061224489792,176.53061224489795,15887.755102040814
jid_896815,92940.0,168.0,1,30,22904,23047,23078,JobState.COMPLETED,0,176.53061224489795,176.53061224489795,5295.918367346939
jid_896833,92940.0,168.0,1,28,22980,23049,23078,JobState.COMPLETED,0,176.53061224489795,176.53061224489795,4942.857142857143
jid_896843,92940.0,168.0,1,28,22980,23049,23078,JobState.COMPLETED,0,176.53061224489795,176.53061224489795,4942.857142857143
jid_896848,92940.0,168.0,1,25,23037,23052,23078,JobState.COMPLETED,0,176.53061224489795,176.53061224489795,4413.265306122449
jid_895598,63299.0,570.0,1,334,12834,22744,23079,JobState.COMPLETED,0,176.530612244898,176.53061224489795,58961.22448979593
jid_896698,92940.0,168.0,1,44,22312,23034,23079,JobState.COMPLETED,0,176.53061224489795,176.53061224489795,7767.34693877551
jid_896803,92940.0,168.0,1,32,22859,23046,23079,JobState.COMPLETED,0,176.53061224489795,176.53061224489795,5648.9795918367345
jid_896838,92940.0,168.0,1,28,22997,23050,23079,JobState.COMPLETED,0,176.53061224489795,176.53061224489795,4942.857142857143
jid_896819,92940.0,168.0,1,32,22912,23047,23080,JobState.COMPLETED,0,176.53061224489795,176.53061224489795,5648.9795918367345
jid_896849,92940.0,168.0,1,28,23029,23051,23080,JobState.COMPLETED,0,176.53061224489795,176.53061224489795,4942.857142857143
jid_896629,92940.0,168.0,1,56,21786,23024,23081,JobState.COMPLETED,0,176.53061224489795,176.53061224489795,9885.714285714286
jid_896676,92940.0,168.0,1,50,22141,23030,23081,JobState.COMPLETED,0,176.53061224489795,176.53061224489795,8826.530612244898
jid_896818,92940.0,168.0,1,33,22912,23047,23081,JobState.COMPLETED,0,176.53061224489795,176.53061224489795,5825.510204081633
jid_896852,92940.0,168.0,1,28,23044,23052,23081,JobState.COMPLETED,0,176.53061224489795,176.53061224489795,4942.857142857143
jid_896106,92940.0,168.0,1,129,16311,22952,23082,JobState.COMPLETED,0,176.5306122448979,176.53061224489795,22772.448979591827
jid_895598,63299.0,570.0,1,323,12834,22759,23083,JobState.COMPLETED,0,176.53061224489798,176.53061224489795,57019.38775510205
jid_896607,92940.0,168.0,1,62,21551,23020,23083,JobState.COMPLETED,0,176.53061224489798,176.53061224489795,10944.897959183674
jid_896786,92940.0,168.0,1,37,22803,23045,23083,JobState.COMPLETED,0,176.53061224489795,176.53061224489795,6531.632653061224
jid_895598,63299.0,570.0,1,324,12834,22759,23084,JobState.COMPLETED,0,176.53061224489798,176.53061224489795,57195.918367346945
jid_896630,92940.0,168.0,1,59,21786,23024,23084,JobState.COMPLETED,0,176.53061224489795,176.53061224489795,10415.30612244898
jid_896850,92940.0,168.0,1,31,23029,23052,23084,JobState.COMPLETED,0,176.53061224489795,176.53061224489795,5472.448979591836
jid_896853,38536.0,145.0,8,22518,567,567,23086,JobState.COMPLETED,0,176.5306122449063,176.53061224489795,31800930.6122464
jid_896649,92940.0,168.0,1,59,21945,23026,23086,JobState.COMPLETED,0,176.53061224489795,176.53061224489795,10415.30612244898
jid_896877,92940.0,168.0,1,24,23061,23061,23086,JobState.COMPLETED,0,176.53061224489795,176.53061224489795,4236.734693877551
jid_895598,63299.0,570.0,1,332,12834,22754,23087,JobState.COMPLETED,0,176.530612244898,176.53061224489795,58608.16326530614
jid_895598,63299.0,570.0,1,326,12834,22760,23087,JobState.COMPLETED,0,176.53061224489798,176.53061224489795,57548.97959183674
jid_895598,63299.0,570.0,1,320,12834,22766,23087,JobState.COMPLETED,0,176.53061224489798,176.53061224489795,56489.79591836735
jid_896655,92940.0,168.0,1,59,22023,23027,23087,JobState.COMPLETED,0,176.53061224489795,176.53061224489795,10415.30612244898
jid_896679,92940.0,168.0,1,56,22165,23030,23087,JobState.COMPLETED,0,176.53061224489795,176.53061224489795,9885.714285714286
jid_895598,63299.0,570.0,1,326,12834,22761,23088,JobState.COMPLETED,0,176.53061224489798,176.53061224489795,57548.97959183674
jid_895598,63299.0,570.0,1,321,12834,22766,23088,JobState.COMPLETED,0,176.53061224489798,176.53061224489795,56666.32653061225
jid_896672,92940.0,168.0,1,58,22101,23029,23088,JobState.COMPLETED,0,176.53061224489795,176.53061224489795,10238.775510204081
jid_896725,92940.0,168.0,1,51,22399,23036,23088,JobState.COMPLETED,0,176.53061224489795,176.53061224489795,9003.061224489795
jid_896782,92940.0,168.0,1,45,22627,23042,23088,JobState.COMPLETED,0,176.53061224489795,176.53061224489795,7943.877551020408
jid_896638,92940.0,168.0,1,64,21862,23024,23089,JobState.COMPLETED,0,176.53061224489798,176.53061224489795,11297.95918367347
jid_896667,92940.0,168.0,1,60,22088,23028,23089,JobState.COMPLETED,0,176.53061224489798,176.53061224489795,10591.83673469388
jid_895598,63299.0,570.0,1,321,12834,22768,23090,JobState.COMPLETED,0,176.53061224489798,176.53061224489795,56666.32653061225
jid_895598,63299.0,570.0,1,322,12834,22768,23091,JobState.COMPLETED,0,176.53061224489798,176.53061224489795,56842.85714285715
jid_895598,63299.0,570.0,1,322,12834,22768,23091,JobState.COMPLETED,0,176.53061224489798,176.53061224489795,56842.85714285715
jid_896120,92940.0,168.0,1,135,16426,22955,23091,JobState.COMPLETED,0,176.5306122448979,176.53061224489795,23831.632653061217
jid_896656,92940.0,168.0,1,62,22023,23028,23091,JobState.COMPLETED,0,176.53061224489798,176.53061224489795,10944.897959183674
jid_896712,92940.0,168.0,1,55,22386,23035,23091,JobState.COMPLETED,0,176.53061224489795,176.53061224489795,9709.183673469388
jid_896724,92940.0,168.0,1,53,22470,23037,23091,JobState.COMPLETED,0,176.53061224489795,176.53061224489795,9356.122448979591
jid_896773,92940.0,168.0,1,46,22736,23044,23091,JobState.COMPLETED,0,176.53061224489795,176.53061224489795,8120.408163265306
jid_895598,63299.0,570.0,1,333,12834,22758,23092,JobState.COMPLETED,0,176.530612244898,176.53061224489795,58784.693877551035
jid_895598,63299.0,570.0,1,323,12834,22768,23092,JobState.COMPLETED,0,176.53061224489798,176.53061224489795,57019.38775510205
jid_895598,63299.0,570.0,1,323,12834,22768,23092,JobState.COMPLETED,0,176.53061224489798,176.53061224489795,57019.38775510205
jid_896696,92940.0,168.0,1,59,22219,23032,23092,JobState.COMPLETED,0,176.53061224489795,176.53061224489795,10415.30612244898
jid_896691,92940.0,168.0,1,58,22253,23033,23092,JobState.COMPLETED,0,176.53061224489795,176.53061224489795,10238.775510204081
jid_896783,92940.0,168.0,1,47,22697,23044,23092,JobState.COMPLETED,0,176.53061224489795,176.53061224489795,8296.938775510203
jid_896878,38531.0,145.0,8,22525,567,567,23093,JobState.COMPLETED,0,176.5306122449063,176.53061224489795,31810816.326532118
jid_895598,63299.0,570.0,1,328,12834,22764,23093,JobState.COMPLETED,0,176.53061224489798,176.53061224489795,57902.04081632654
jid_895598,63299.0,570.0,1,324,12834,22768,23093,JobState.COMPLETED,0,176.53061224489798,176.53061224489795,57195.918367346945
jid_896624,92940.0,168.0,1,70,21698,23022,23093,JobState.COMPLETED,0,176.53061224489795,176.53061224489795,12357.142857142857
jid_896692,92940.0,168.0,1,58,22254,23034,23093,JobState.COMPLETED,0,176.53061224489795,176.53061224489795,10238.775510204081
jid_896705,92940.0,168.0,1,57,22334,23035,23093,JobState.COMPLETED,0,176.53061224489795,176.53061224489795,10062.244897959183
jid_896232,92940.0,168.0,1,128,18294,22965,23094,JobState.COMPLETED,0,176.5306122448979,176.53061224489795,22595.91836734693
jid_896690,92940.0,168.0,1,61,22241,23032,23094,JobState.COMPLETED,0,176.53061224489798,176.53061224489795,10768.367346938778
jid_896703,92940.0,168.0,1,59,22321,23034,23094,JobState.COMPLETED,0,176.53061224489795,176.53061224489795,10415.30612244898
jid_896704,92940.0,168.0,1,58,22334,23035,23094,JobState.COMPLETED,0,176.53061224489795,176.53061224489795,10238.775510204081
jid_896835,92940.0,168.0,1,46,22970,23047,23094,JobState.COMPLETED,0,176.53061224489795,176.53061224489795,8120.408163265306
jid_895598,63299.0,570.0,1,327,12834,22767,23095,JobState.COMPLETED,0,176.53061224489798,176.53061224489795,57725.51020408164
jid_895598,63299.0,570.0,1,326,12834,22768,23095,JobState.COMPLETED,0,176.53061224489798,176.53061224489795,57548.97959183674
jid_895598,63299.0,570.0,1,326,12834,22768,23095,JobState.COMPLETED,0,176.53061224489798,176.53061224489795,57548.97959183674
jid_895598,63299.0,570.0,1,324,12834,22770,23095,JobState.COMPLETED,0,176.53061224489798,176.53061224489795,57195.918367346945
jid_896151,92940.0,168.0,1,135,16849,22959,23095,JobState.COMPLETED,0,176.5306122448979,176.53061224489795,23831.632653061217
jid_896625,92940.0,168.0,1,72,21698,23022,23095,JobState.COMPLETED,0,176.53061224489795,176.53061224489795,12710.204081632652
jid_896687,92940.0,168.0,1,62,22220,23032,23095,JobState.COMPLETED,0,176.53061224489798,176.53061224489795,10944.897959183674
jid_896729,92940.0,168.0,1,56,22495,23038,23095,JobState.COMPLETED,0,176.53061224489795,176.53061224489795,9885.714285714286
jid_896730,92940.0,168.0,1,56,22495,23038,23095,JobState.COMPLETED,0,176.53061224489795,176.53061224489795,9885.714285714286
jid_896736,92940.0,168.0,1,54,22547,23040,23095,JobState.COMPLETED,0,176.53061224489795,176.53061224489795,9532.65306122449
jid_895692,69789.0,727.0,1,270,13374,22825,23096,JobState.COMPLETED,0,176.53061224489792,176.53061224489795,47663.26530612244
jid_895598,63299.0,570.0,1,323,12834,22773,23097,JobState.COMPLETED,0,176.53061224489798,176.53061224489795,57019.38775510205
jid_896404,92940.0,168.0,1,93,20696,23003,23097,JobState.COMPLETED,0,176.53061224489792,176.53061224489795,16417.346938775507
jid_896718,92940.0,168.0,1,60,22414,23036,23097,JobState.COMPLETED,0,176.53061224489798,176.53061224489795,10591.83673469388
jid_896726,92940.0,168.0,1,58,22484,23038,23097,JobState.COMPLETED,0,176.53061224489795,176.53061224489795,10238.775510204081
jid_896851,92940.0,168.0,1,49,22969,23047,23097,JobState.COMPLETED,0,176.53061224489795,176.53061224489795,8650.0
jid_895598,63299.0,570.0,1,330,12834,22767,23098,JobState.COMPLETED,0,176.530612244898,176.53061224489795,58255.102040816346
jid_895598,63299.0,570.0,1,329,12834,22768,23098,JobState.COMPLETED,0,176.53061224489798,176.53061224489795,58078.571428571435
jid_896717,92940.0,168.0,1,61,22413,23036,23098,JobState.COMPLETED,0,176.53061224489798,176.53061224489795,10768.367346938778
jid_896742,92940.0,168.0,1,56,22574,23041,23098,JobState.COMPLETED,0,176.53061224489795,176.53061224489795,9885.714285714286
jid_895598,63299.0,570.0,1,333,12834,22765,23099,JobState.COMPLETED,0,176.530612244898,176.53061224489795,58784.693877551035
jid_895598,63299.0,570.0,1,328,12834,22770,23099,JobState.COMPLETED,0,176.53061224489798,176.53061224489795,57902.04081632654
jid_895598,63299.0,570.0,1,328,12834,22770,23099,JobState.COMPLETED,0,176.53061224489798,176.53061224489795,57902.04081632654
jid_896578,92940.0,168.0,1,82,21327,23016,23099,JobState.COMPLETED,0,176.53061224489795,176.53061224489795,14475.510204081633
jid_896737,92940.0,168.0,1,58,22545,23040,23099,JobState.COMPLETED,0,176.53061224489795,176.53061224489795,10238.775510204081
jid_896854,65113.0,145.0,8,22526,573,573,23100,JobState.COMPLETED,0,176.5306122449063,176.53061224489795,31812228.571430076
jid_896628,92940.0,168.0,1,75,21767,23024,23100,JobState.COMPLETED,0,176.53061224489795,176.53061224489795,13239.795918367347
jid_896757,92940.0,168.0,1,56,22655,23043,23100,JobState.COMPLETED,0,176.53061224489795,176.53061224489795,9885.714285714286
jid_895598,63299.0,570.0,1,331,12834,22769,23101,JobState.COMPLETED,0,176.530612244898,176.53061224489795,58431.63265306124
jid_896745,92940.0,168.0,1,59,22574,23041,23101,JobState.COMPLETED,0,176.53061224489795,176.53061224489795,10415.30612244898
jid_896751,92940.0,168.0,1,58,22621,23042,23101,JobState.COMPLETED,0,176.53061224489795,176.53061224489795,10238.775510204081
jid_896755,92940.0,168.0,1,58,22655,23042,23101,JobState.COMPLETED,0,176.53061224489795,176.53061224489795,10238.775510204081
jid_896776,92940.0,168.0,1,56,22737,23044,23101,JobState.COMPLETED,0,176.53061224489795,176.53061224489795,9885.714285714286
jid_896774,92940.0,168.0,1,56,22738,23044,23101,JobState.COMPLETED,0,176.53061224489795,176.53061224489795,9885.714285714286
jid_895598,63299.0,570.0,1,334,12834,22767,23102,JobState.COMPLETED,0,176.530612244898,176.53061224489795,58961.22448979593
jid_895598,63299.0,570.0,1,325,12834,22776,23102,JobState.COMPLETED,0,176.53061224489798,176.53061224489795,57372.44897959184
jid_896243,92940.0,168.0,1,135,18441,22966,23102,JobState.COMPLETED,0,176.5306122448979,176.53061224489795,23831.632653061217
jid_896622,92940.0,168.0,1,81,21584,23020,23102,JobState.COMPLETED,0,176.53061224489795,176.53061224489795,14298.979591836734
jid_895598,63299.0,570.0,1,326,12834,22776,23103,JobState.COMPLETED,0,176.53061224489798,176.53061224489795,57548.97959183674
jid_896184,92940.0,168.0,1,140,17482,22962,23103,JobState.COMPLETED,0,176.5306122448979,176.53061224489795,24714.285714285706
jid_896642,92940.0,168.0,1,78,21863,23024,23103,JobState.COMPLETED,0,176.53061224489795,176.53061224489795,13769.38775510204
jid_896770,92940.0,168.0,1,58,22709,23044,23103,JobState.COMPLETED,0,176.53061224489795,176.53061224489795,10238.775510204081
jid_895598,63299.0,570.0,1,335,12834,22768,23104,JobState.COMPLETED,0,176.530612244898,176.53061224489795,59137.755102040835
jid_895598,63299.0,570.0,1,328,12834,22775,23104,JobState.COMPLETED,0,176.53061224489798,176.53061224489795,57902.04081632654
jid_895598,63299.0,570.0,1,328,12834,22776,23105,JobState.COMPLETED,0,176.53061224489798,176.53061224489795,57902.04081632654
jid_895598,63299.0,570.0,1,331,12834,22774,23106,JobState.COMPLETED,0,176.530612244898,176.53061224489795,58431.63265306124
jid_895598,63299.0,570.0,1,330,12834,22775,23106,JobState.COMPLETED,0,176.530612244898,176.53061224489795,58255.102040816346
jid_895598,63299.0,570.0,1,327,12834,22778,23106,JobState.COMPLETED,0,176.53061224489798,176.53061224489795,57725.51020408164
jid_895598,63299.0,570.0,1,330,12834,22776,23107,JobState.COMPLETED,0,176.530612244898,176.53061224489795,58255.102040816346
jid_895598,63299.0,570.0,1,329,12834,22777,23107,JobState.COMPLETED,0,176.53061224489798,176.53061224489795,58078.571428571435
jid_896861,92940.0,168.0,1,24,23082,23082,23107,JobState.COMPLETED,0,176.53061224489795,176.53061224489795,4236.734693877551
jid_895598,63299.0,570.0,1,334,12834,22773,23108,JobState.COMPLETED,0,176.530612244898,176.53061224489795,58961.22448979593
jid_896857,65116.0,145.0,8,22535,573,573,23109,JobState.COMPLETED,0,176.5306122449063,176.53061224489795,31824938.775511708
jid_895598,63299.0,570.0,1,335,12834,22773,23109,JobState.COMPLETED,0,176.530612244898,176.53061224489795,59137.755102040835
jid_896145,92940.0,168.0,1,151,16676,22957,23109,JobState.COMPLETED,0,176.5306122448979,176.53061224489795,26656.122448979582
jid_895598,63299.0,570.0,1,331,12834,22778,23110,JobState.COMPLETED,0,176.530612244898,176.53061224489795,58431.63265306124
jid_896576,92940.0,168.0,1,96,21219,23013,23110,JobState.COMPLETED,0,176.53061224489792,176.53061224489795,16946.9387755102
jid_896860,92940.0,168.0,1,27,23082,23082,23110,JobState.COMPLETED,0,176.53061224489795,176.53061224489795,4766.326530612245
jid_895598,63299.0,570.0,1,334,12834,22776,23111,JobState.COMPLETED,0,176.530612244898,176.53061224489795,58961.22448979593
jid_896161,92940.0,168.0,1,150,17002,22960,23111,JobState.COMPLETED,0,176.5306122448979,176.53061224489795,26479.591836734686
jid_896400,92940.0,168.0,1,109,20639,23001,23111,JobState.COMPLETED,0,176.53061224489792,176.53061224489795,19241.836734693872
jid_896863,92940.0,168.0,1,28,23082,23082,23111,JobState.COMPLETED,0,176.53061224489795,176.53061224489795,4942.857142857143
jid_896253,92940.0,168.0,1,143,18594,22968,23112,JobState.COMPLETED,0,176.5306122448979,176.53061224489795,25243.8775510204
jid_896275,92940.0,168.0,1,138,18874,22973,23112,JobState.COMPLETED,0,176.5306122448979,176.53061224489795,24361.22448979591
jid_896568,92940.0,168.0,1,98,21209,23013,23112,JobState.COMPLETED,0,176.53061224489792,176.53061224489795,17299.999999999996
jid_896864,92940.0,168.0,1,29,23082,23082,23112,JobState.COMPLETED,0,176.53061224489795,176.53061224489795,5119.3877551020405
jid_895598,63299.0,570.0,1,336,12834,22776,23113,JobState.COMPLETED,0,176.530612244898,176.53061224489795,59314.28571428573
jid_895598,63299.0,570.0,1,331,12834,22781,23113,JobState.COMPLETED,0,176.530612244898,176.53061224489795,58431.63265306124
jid_896206,92940.0,168.0,1,149,17639,22963,23113,JobState.COMPLETED,0,176.5306122448979,176.53061224489795,26303.061224489786
jid_896549,92940.0,168.0,1,101,21088,23011,23113,JobState.COMPLETED,0,176.53061224489792,176.53061224489795,17829.59183673469
jid_895598,63299.0,570.0,1,331,12834,22782,23114,JobState.COMPLETED,0,176.530612244898,176.53061224489795,58431.63265306124
jid_896286,92940.0,168.0,1,136,19029,22977,23114,JobState.COMPLETED,0,176.5306122448979,176.53061224489795,24008.163265306113
jid_896133,92940.0,168.0,1,160,16497,22956,23117,JobState.COMPLETED,0,176.5306122448979,176.53061224489795,28244.89795918366
jid_896183,92940.0,168.0,1,155,17460,22962,23118,JobState.COMPLETED,0,176.5306122448979,176.53061224489795,27362.244897959175
jid_896865,65136.0,145.0,8,22544,574,574,23119,JobState.COMPLETED,0,176.5306122449063,176.53061224489795,31837648.979593344
jid_895598,63299.0,570.0,1,338,12834,22780,23119,JobState.COMPLETED,0,176.530612244898,176.53061224489795,59667.346938775525
jid_896529,92940.0,168.0,1,110,20917,23008,23119,JobState.COMPLETED,0,176.53061224489792,176.53061224489795,19418.367346938772
jid_896866,92940.0,168.0,1,26,23092,23092,23119,JobState.COMPLETED,0,176.53061224489795,176.53061224489795,4589.7959183673465
jid_896591,92940.0,168.0,1,103,21409,23016,23120,JobState.COMPLETED,0,176.53061224489792,176.53061224489795,18182.653061224486
jid_896217,92940.0,168.0,1,157,17807,22963,23121,JobState.COMPLETED,0,176.5306122448979,176.53061224489795,27715.30612244897
jid_896299,92940.0,168.0,1,140,19183,22980,23121,JobState.COMPLETED,0,176.5306122448979,176.53061224489795,24714.285714285706
jid_896595,92940.0,168.0,1,103,21429,23017,23121,JobState.COMPLETED,0,176.53061224489792,176.53061224489795,18182.653061224486
jid_896648,92940.0,168.0,1,95,21910,23025,23121,JobState.COMPLETED,0,176.53061224489792,176.53061224489795,16770.408163265303
jid_896250,92940.0,168.0,1,154,18525,22967,23122,JobState.COMPLETED,0,176.5306122448979,176.53061224489795,27185.714285714275
jid_895598,63299.0,570.0,1,338,12834,22785,23124,JobState.COMPLETED,0,176.530612244898,176.53061224489795,59667.346938775525
jid_895598,63299.0,570.0,1,342,12834,22783,23126,JobState.COMPLETED,0,176.530612244898,176.53061224489795,60373.46938775512
jid_896238,92940.0,168.0,1,159,18348,22966,23126,JobState.COMPLETED,0,176.5306122448979,176.53061224489795,28068.367346938765
jid_896678,92940.0,168.0,1,96,22104,23029,23126,JobState.COMPLETED,0,176.53061224489792,176.53061224489795,16946.9387755102
jid_895218,92940.0,168.0,1,1124,9753,22002,23127,JobState.COMPLETED,0,176.53061224489787,176.53061224489795,198420.4081632652
jid_895598,63299.0,570.0,1,342,12834,22784,23127,JobState.COMPLETED,0,176.530612244898,176.53061224489795,60373.46938775512
jid_895598,63299.0,570.0,1,342,12834,22784,23127,JobState.COMPLETED,0,176.530612244898,176.53061224489795,60373.46938775512
jid_896265,92940.0,168.0,1,158,18699,22969,23128,JobState.COMPLETED,0,176.5306122448979,176.53061224489795,27891.83673469387
jid_896218,92940.0,168.0,1,165,17842,22963,23129,JobState.COMPLETED,0,176.5306122448979,176.53061224489795,29127.55102040815
jid_896618,92940.0,168.0,1,109,21631,23022,23132,JobState.COMPLETED,0,176.53061224489792,176.53061224489795,19241.836734693872
jid_896716,92940.0,168.0,1,96,22366,23035,23132,JobState.COMPLETED,0,176.53061224489792,176.53061224489795,16946.9387755102
jid_896653,92940.0,168.0,1,108,21959,23026,23135,JobState.COMPLETED,0,176.53061224489792,176.53061224489795,19065.306122448976
jid_896867,39001.0,145.0,8,22566,570,570,23137,JobState.COMPLETED,0,176.5306122449063,176.53061224489795,31868718.367348447
jid_896868,65137.0,145.0,8,22563,576,576,23140,JobState.COMPLETED,0,176.5306122449063,176.53061224489795,31864481.63265457
jid_896177,92940.0,168.0,1,184,17289,22961,23146,JobState.COMPLETED,0,176.5306122448979,176.53061224489795,32481.632653061213
jid_896841,92940.0,168.0,1,98,22933,23047,23146,JobState.COMPLETED,0,176.53061224489792,176.53061224489795,17299.999999999996
jid_896408,92940.0,168.0,1,144,20708,23003,23148,JobState.COMPLETED,0,176.5306122448979,176.53061224489795,25420.408163265296
jid_896895,92940.0,168.0,1,95,23038,23052,23148,JobState.COMPLETED,0,176.53061224489792,176.53061224489795,16770.408163265303
jid_896659,92940.0,168.0,1,124,21888,23025,23150,JobState.COMPLETED,0,176.5306122448979,176.53061224489795,21889.795918367337
jid_896657,92940.0,168.0,1,124,21961,23026,23151,JobState.COMPLETED,0,176.5306122448979,176.53061224489795,21889.795918367337
jid_896152,92940.0,168.0,1,194,16798,22958,23153,JobState.COMPLETED,0,176.5306122448979,176.53061224489795,34246.93877551019
jid_896209,92940.0,168.0,1,189,17634,22963,23153,JobState.COMPLETED,0,176.5306122448979,176.53061224489795,33364.2857142857
jid_896633,92940.0,168.0,1,129,21759,23023,23153,JobState.COMPLETED,0,176.5306122448979,176.53061224489795,22772.448979591827
jid_896681,92940.0,168.0,1,122,22109,23030,23153,JobState.COMPLETED,0,176.5306122448979,176.53061224489795,21536.734693877544
jid_896874,92940.0,168.0,1,24,23128,23128,23153,JobState.COMPLETED,0,176.53061224489795,176.53061224489795,4236.734693877551
jid_896221,92940.0,168.0,1,189,17983,22964,23154,JobState.COMPLETED,0,176.5306122448979,176.53061224489795,33364.2857142857
jid_896872,92940.0,168.0,1,100,23052,23054,23155,JobState.COMPLETED,0,176.53061224489792,176.53061224489795,17653.061224489793
jid_896873,92940.0,168.0,1,26,23128,23128,23155,JobState.COMPLETED,0,176.53061224489795,176.53061224489795,4589.7959183673465
jid_896142,92940.0,168.0,1,198,16579,22957,23156,JobState.COMPLETED,0,176.5306122448979,176.53061224489795,34953.061224489786
jid_896164,92940.0,168.0,1,195,17010,22960,23156,JobState.COMPLETED,0,176.5306122448979,176.53061224489795,34423.46938775509
jid_896682,92940.0,168.0,1,125,22106,23030,23156,JobState.COMPLETED,0,176.5306122448979,176.53061224489795,22066.326530612238
jid_896722,92940.0,168.0,1,120,22377,23035,23156,JobState.COMPLETED,0,176.5306122448979,176.53061224489795,21183.673469387748
jid_896900,92940.0,168.0,1,107,22977,23048,23156,JobState.COMPLETED,0,176.53061224489792,176.53061224489795,18888.77551020408
jid_896870,92940.0,168.0,1,103,23039,23052,23156,JobState.COMPLETED,0,176.53061224489792,176.53061224489795,18182.653061224486
jid_896880,92940.0,168.0,1,24,23131,23131,23156,JobState.COMPLETED,0,176.53061224489795,176.53061224489795,4236.734693877551
jid_896876,92940.0,168.0,1,27,23132,23132,23160,JobState.COMPLETED,0,176.53061224489795,176.53061224489795,4766.326530612245
jid_896395,92940.0,168.0,1,160,20531,23000,23161,JobState.COMPLETED,0,176.5306122448979,176.53061224489795,28244.89795918366
jid_896521,92940.0,168.0,1,154,20870,23007,23162,JobState.COMPLETED,0,176.5306122448979,176.53061224489795,27185.714285714275
jid_896165,92940.0,168.0,1,203,17021,22960,23164,JobState.COMPLETED,0,176.5306122448979,176.53061224489795,35835.714285714275
jid_896584,92940.0,168.0,1,150,21319,23015,23166,JobState.COMPLETED,0,176.5306122448979,176.53061224489795,26479.591836734686
jid_896758,92940.0,168.0,1,126,22518,23039,23166,JobState.COMPLETED,0,176.5306122448979,176.53061224489795,22242.857142857134
jid_896882,92940.0,168.0,1,28,23137,23137,23166,JobState.COMPLETED,0,176.53061224489795,176.53061224489795,4942.857142857143
jid_896559,92940.0,168.0,1,157,20951,23009,23167,JobState.COMPLETED,0,176.5306122448979,176.53061224489795,27715.30612244897
jid_896594,92940.0,168.0,1,150,21379,23016,23167,JobState.COMPLETED,0,176.5306122448979,176.53061224489795,26479.591836734686
jid_896153,92940.0,168.0,1,210,16792,22958,23169,JobState.COMPLETED,0,176.53061224489787,176.53061224489795,37071.42857142855
jid_896416,92940.0,168.0,1,164,20770,23004,23169,JobState.COMPLETED,0,176.5306122448979,176.53061224489795,28951.020408163255
jid_896141,92940.0,168.0,1,213,16561,22956,23170,JobState.COMPLETED,0,176.53061224489787,176.53061224489795,37601.02040816325
jid_896550,92940.0,168.0,1,161,21040,23010,23172,JobState.COMPLETED,0,176.5306122448979,176.53061224489795,28421.42857142856
jid_896552,92940.0,168.0,1,161,21049,23010,23172,JobState.COMPLETED,0,176.5306122448979,176.53061224489795,28421.42857142856
jid_896381,92940.0,168.0,1,173,20340,22999,23173,JobState.COMPLETED,0,176.5306122448979,176.53061224489795,30539.795918367337
jid_896753,92940.0,168.0,1,132,22559,23040,23173,JobState.COMPLETED,0,176.5306122448979,176.53061224489795,23302.040816326524
jid_896556,92940.0,168.0,1,163,21062,23011,23175,JobState.COMPLETED,0,176.5306122448979,176.53061224489795,28774.489795918358
jid_896613,92940.0,168.0,1,155,21531,23019,23175,JobState.COMPLETED,0,176.5306122448979,176.53061224489795,27362.244897959175
jid_896567,92940.0,168.0,1,163,21139,23012,23176,JobState.COMPLETED,0,176.5306122448979,176.53061224489795,28774.489795918358
jid_896623,92940.0,168.0,1,154,21610,23021,23176,JobState.COMPLETED,0,176.5306122448979,176.53061224489795,27185.714285714275
jid_896367,92940.0,168.0,1,181,20142,22996,23178,JobState.COMPLETED,0,176.5306122448979,176.53061224489795,31952.04081632652
jid_896572,92940.0,168.0,1,166,21124,23011,23178,JobState.COMPLETED,0,176.5306122448979,176.53061224489795,29304.08163265305
jid_896574,92940.0,168.0,1,163,21227,23014,23178,JobState.COMPLETED,0,176.5306122448979,176.53061224489795,28774.489795918358
jid_896590,92940.0,168.0,1,163,21278,23014,23178,JobState.COMPLETED,0,176.5306122448979,176.53061224489795,28774.489795918358
jid_896603,92940.0,168.0,1,160,21430,23017,23178,JobState.COMPLETED,0,176.5306122448979,176.53061224489795,28244.89795918366
jid_896610,92940.0,168.0,1,159,21486,23018,23178,JobState.COMPLETED,0,176.5306122448979,176.53061224489795,28068.367346938765
jid_896615,92940.0,168.0,1,159,21547,23020,23180,JobState.COMPLETED,0,176.5306122448979,176.53061224489795,28068.367346938765
jid_896600,92940.0,168.0,1,164,21406,23016,23181,JobState.COMPLETED,0,176.5306122448979,176.53061224489795,28951.020408163255
jid_896621,92940.0,168.0,1,159,21586,23021,23181,JobState.COMPLETED,0,176.5306122448979,176.53061224489795,28068.367346938765
jid_896174,92940.0,168.0,1,221,17223,22961,23183,JobState.COMPLETED,0,176.53061224489787,176.53061224489795,39013.26530612243
jid_896579,92940.0,168.0,1,168,21243,23014,23183,JobState.COMPLETED,0,176.5306122448979,176.53061224489795,29657.142857142848
jid_896175,92940.0,168.0,1,223,17242,22961,23185,JobState.COMPLETED,0,176.53061224489787,176.53061224489795,39366.32653061223
jid_896414,92940.0,168.0,1,181,20736,23004,23186,JobState.COMPLETED,0,176.5306122448979,176.53061224489795,31952.04081632652
jid_896666,92940.0,168.0,1,158,21989,23027,23186,JobState.COMPLETED,0,176.5306122448979,176.53061224489795,27891.83673469387
jid_896836,92940.0,168.0,1,138,22879,23047,23186,JobState.COMPLETED,0,176.5306122448979,176.53061224489795,24361.22448979591
jid_896413,92940.0,168.0,1,183,20724,23003,23187,JobState.COMPLETED,0,176.5306122448979,176.53061224489795,32305.102040816313
jid_896398,92940.0,168.0,1,186,20533,23001,23188,JobState.COMPLETED,0,176.5306122448979,176.53061224489795,32834.693877551006
jid_896541,92940.0,168.0,1,179,20928,23008,23188,JobState.COMPLETED,0,176.5306122448979,176.53061224489795,31598.979591836724
jid_896396,92940.0,168.0,1,188,20518,23000,23189,JobState.COMPLETED,0,176.5306122448979,176.53061224489795,33187.75510204081
jid_896614,92940.0,168.0,1,170,21527,23019,23190,JobState.COMPLETED,0,176.5306122448979,176.53061224489795,30010.20408163264
jid_896354,92940.0,168.0,1,196,19929,22994,23191,JobState.COMPLETED,0,176.5306122448979,176.53061224489795,34599.999999999985
jid_896544,92940.0,168.0,1,182,20939,23009,23192,JobState.COMPLETED,0,176.5306122448979,176.53061224489795,32128.571428571417
jid_896727,92940.0,168.0,1,155,22387,23036,23192,JobState.COMPLETED,0,176.5306122448979,176.53061224489795,27362.244897959175
jid_896881,92940.0,168.0,1,144,22937,23047,23192,JobState.COMPLETED,0,176.5306122448979,176.53061224489795,25420.408163265296
jid_896750,92940.0,168.0,1,156,22517,23039,23196,JobState.COMPLETED,0,176.5306122448979,176.53061224489795,27538.775510204072
jid_896756,92940.0,168.0,1,154,22562,23041,23196,JobState.COMPLETED,0,176.5306122448979,176.53061224489795,27185.714285714275
jid_896761,92940.0,168.0,1,154,22578,23041,23196,JobState.COMPLETED,0,176.5306122448979,176.53061224489795,27185.714285714275
jid_896223,92940.0,168.0,1,233,17908,22964,23198,JobState.COMPLETED,0,176.53061224489787,176.53061224489795,41131.632653061206
jid_896670,92940.0,168.0,1,172,21982,23027,23200,JobState.COMPLETED,0,176.5306122448979,176.53061224489795,30363.265306122437
jid_896887,92940.0,168.0,1,25,23175,23175,23201,JobState.COMPLETED,0,176.53061224489795,176.53061224489795,4413.265306122449
jid_896889,92940.0,168.0,1,24,23176,23176,23201,JobState.COMPLETED,0,176.53061224489795,176.53061224489795,4236.734693877551
jid_896660,92940.0,168.0,1,176,21919,23025,23202,JobState.COMPLETED,0,176.5306122448979,176.53061224489795,31069.38775510203
jid_896602,92940.0,168.0,1,187,21316,23015,23203,JobState.COMPLETED,0,176.5306122448979,176.53061224489795,33011.22448979591
jid_896644,92940.0,168.0,1,178,21785,23024,23203,JobState.COMPLETED,0,176.5306122448979,176.53061224489795,31422.448979591827
jid_896837,92940.0,168.0,1,155,22862,23047,23203,JobState.COMPLETED,0,176.5306122448979,176.53061224489795,27362.244897959175
jid_896888,92940.0,168.0,1,33,23170,23170,23204,JobState.COMPLETED,0,176.53061224489795,176.53061224489795,5825.510204081633
jid_896890,92940.0,168.0,1,22,23181,23181,23204,JobState.COMPLETED,0,176.53061224489795,176.53061224489795,3883.673469387755
jid_896892,92940.0,168.0,1,24,23181,23181,23206,JobState.COMPLETED,0,176.53061224489795,176.53061224489795,4236.734693877551
jid_896688,92940.0,168.0,1,177,22114,23030,23208,JobState.COMPLETED,0,176.5306122448979,176.53061224489795,31245.918367346927
jid_896893,92940.0,168.0,1,23,23185,23185,23209,JobState.COMPLETED,0,176.53061224489795,176.53061224489795,4060.204081632653
jid_896620,92940.0,168.0,1,189,21559,23020,23210,JobState.COMPLETED,0,176.5306122448979,176.53061224489795,33364.2857142857
jid_896811,92940.0,168.0,1,165,22754,23044,23210,JobState.COMPLETED,0,176.5306122448979,176.53061224489795,29127.55102040815
jid_896894,92940.0,168.0,1,28,23181,23181,23210,JobState.COMPLETED,0,176.53061224489795,176.53061224489795,4942.857142857143
jid_896794,92940.0,168.0,1,166,22695,23044,23211,JobState.COMPLETED,0,176.5306122448979,176.53061224489795,29304.08163265305
jid_896715,92940.0,168.0,1,177,22271,23034,23212,JobState.COMPLETED,0,176.5306122448979,176.53061224489795,31245.918367346927
jid_896225,92940.0,168.0,1,247,18029,22965,23213,JobState.COMPLETED,0,176.5306122448979,176.53061224489795,43603.06122448978
jid_896695,92940.0,168.0,1,182,22165,23030,23213,JobState.COMPLETED,0,176.5306122448979,176.53061224489795,32128.571428571417
jid_896697,92940.0,168.0,1,181,22174,23031,23213,JobState.COMPLETED,0,176.5306122448979,176.53061224489795,31952.04081632652
jid_896891,330.0,145.0,8,22648,566,566,23215,JobState.COMPLETED,0,176.53061224490634,176.53061224489795,31984522.44898111
jid_896626,92940.0,168.0,1,193,21596,23021,23215,JobState.COMPLETED,0,176.5306122448979,176.53061224489795,34070.408163265296
jid_896746,92940.0,168.0,1,178,22461,23037,23216,JobState.COMPLETED,0,176.5306122448979,176.53061224489795,31422.448979591827
jid_896634,92940.0,168.0,1,193,21706,23023,23217,JobState.COMPLETED,0,176.5306122448979,176.53061224489795,34070.408163265296
jid_896747,92940.0,168.0,1,180,22467,23037,23218,JobState.COMPLETED,0,176.5306122448979,176.53061224489795,31775.51020408162
jid_896699,92940.0,168.0,1,187,22174,23031,23219,JobState.COMPLETED,0,176.5306122448979,176.53061224489795,33011.22448979591
jid_896721,92940.0,168.0,1,186,22309,23034,23221,JobState.COMPLETED,0,176.5306122448979,176.53061224489795,32834.693877551006
jid_896822,92940.0,168.0,1,177,22664,23043,23221,JobState.COMPLETED,0,176.5306122448979,176.53061224489795,31245.918367346927
jid_896869,92940.0,168.0,1,173,22961,23047,23221,JobState.COMPLETED,0,176.5306122448979,176.53061224489795,30539.795918367337
jid_896809,92940.0,168.0,1,177,22736,23044,23222,JobState.COMPLETED,0,176.5306122448979,176.53061224489795,31245.918367346927
jid_895236,92940.0,168.0,1,1158,9839,22064,23223,JobState.COMPLETED,0,176.5306122448978,176.53061224489795,204422.44897959166
jid_896896,65150.0,145.0,8,22652,572,572,23225,JobState.COMPLETED,0,176.53061224490634,176.53061224489795,31990171.428572945
jid_896732,92940.0,168.0,1,190,22366,23035,23226,JobState.COMPLETED,0,176.5306122448979,176.53061224489795,33540.8163265306
jid_896631,92940.0,168.0,1,204,21662,23022,23227,JobState.COMPLETED,0,176.5306122448979,176.53061224489795,36012.24489795917
jid_896787,92940.0,168.0,1,183,22656,23043,23227,JobState.COMPLETED,0,176.5306122448979,176.53061224489795,32305.102040816313
jid_896898,36779.0,145.0,8,22658,569,569,23228,JobState.COMPLETED,0,176.53061224490634,176.53061224489795,31998644.897960704
jid_896645,92940.0,168.0,1,204,21767,23024,23229,JobState.COMPLETED,0,176.5306122448979,176.53061224489795,36012.24489795917
jid_896683,92940.0,168.0,1,200,22053,23028,23229,JobState.COMPLETED,0,176.5306122448979,176.53061224489795,35306.12244897958
jid_896713,92940.0,168.0,1,195,22247,23033,23229,JobState.COMPLETED,0,176.5306122448979,176.53061224489795,34423.46938775509
jid_896669,92940.0,168.0,1,204,21950,23026,23231,JobState.COMPLETED,0,176.5306122448979,176.53061224489795,36012.24489795917
jid_896641,92940.0,168.0,1,210,21728,23023,23234,JobState.COMPLETED,0,176.53061224489787,176.53061224489795,37071.42857142855
jid_896640,92940.0,168.0,1,214,21717,23023,23238,JobState.COMPLETED,0,176.53061224489787,176.53061224489795,37777.551020408144
jid_896680,92940.0,168.0,1,218,22011,23027,23246,JobState.COMPLETED,0,176.53061224489787,176.53061224489795,38483.67346938774
jid_896817,92940.0,168.0,1,201,22743,23044,23246,JobState.COMPLETED,0,176.5306122448979,176.53061224489795,35482.653061224475
jid_896759,92940.0,168.0,1,208,22512,23038,23247,JobState.COMPLETED,0,176.5306122448979,176.53061224489795,36718.367346938765
jid_896909,92940.0,168.0,1,24,23222,23222,23247,JobState.COMPLETED,0,176.53061224489795,176.53061224489795,4236.734693877551
jid_896647,92940.0,168.0,1,224,21766,23024,23249,JobState.COMPLETED,0,176.53061224489787,176.53061224489795,39542.85714285712
jid_896902,65159.0,145.0,8,22678,571,571,23250,JobState.COMPLETED,0,176.53061224490634,176.53061224489795,32026889.795919888
jid_896651,92940.0,168.0,1,227,21809,23024,23252,JobState.COMPLETED,0,176.53061224489787,176.53061224489795,40072.44897959181
jid_896905,64936.0,145.0,8,22686,567,567,23254,JobState.COMPLETED,0,176.53061224490634,176.53061224489795,32038187.755103562
jid_896913,92940.0,168.0,1,28,23225,23225,23254,JobState.COMPLETED,0,176.53061224489795,176.53061224489795,4942.857142857143
jid_896906,92940.0,168.0,1,29,23225,23225,23255,JobState.COMPLETED,0,176.53061224489795,176.53061224489795,5119.3877551020405
jid_896908,92940.0,168.0,1,28,23227,23227,23256,JobState.COMPLETED,0,176.53061224489795,176.53061224489795,4942.857142857143
jid_896928,92940.0,168.0,1,26,23229,23229,23256,JobState.COMPLETED,0,176.53061224489795,176.53061224489795,4589.7959183673465
jid_896912,92940.0,168.0,1,25,23234,23234,23260,JobState.COMPLETED,0,176.53061224489795,176.53061224489795,4413.265306122449
jid_896911,65160.0,145.0,8,22693,571,571,23265,JobState.COMPLETED,0,176.53061224490634,176.53061224489795,32048073.469389275
jid_896930,92940.0,168.0,1,29,23236,23236,23266,JobState.COMPLETED,0,176.53061224489795,176.53061224489795,5119.3877551020405
jid_896910,323.0,145.0,8,22701,565,565,23267,JobState.COMPLETED,0,176.53061224490634,176.53061224489795,32059371.42857295
jid_896914,92940.0,168.0,1,110,23161,23161,23272,JobState.COMPLETED,0,176.53061224489792,176.53061224489795,19418.367346938772
jid_896916,92940.0,168.0,1,91,23184,23184,23276,JobState.COMPLETED,0,176.53061224489792,176.53061224489795,16064.285714285712
jid_896915,38625.0,145.0,8,22711,570,570,23282,JobState.COMPLETED,0,176.53061224490634,176.53061224489795,32073493.877552543
jid_896917,92940.0,168.0,1,23,23274,23274,23298,JobState.COMPLETED,0,176.53061224489795,176.53061224489795,4060.204081632653
jid_896918,92940.0,168.0,1,23,23274,23274,23298,JobState.COMPLETED,0,176.53061224489795,176.53061224489795,4060.204081632653
jid_896919,92940.0,168.0,1,26,23274,23274,23301,JobState.COMPLETED,0,176.53061224489795,176.53061224489795,4589.7959183673465
jid_896920,92940.0,168.0,1,154,23158,23158,23313,JobState.COMPLETED,0,176.5306122448979,176.53061224489795,27185.714285714275
jid_894955,68539.0,748.0,134,205,8274,23109,23315,JobState.COMPLETED,0,176.53061224489798,176.53061224489795,4849295.918367347
jid_896921,92940.0,168.0,1,30,23284,23284,23315,JobState.COMPLETED,0,176.53061224489795,176.53061224489795,5295.918367346939
jid_896922,92940.0,168.0,1,31,23285,23285,23317,JobState.COMPLETED,0,176.53061224489795,176.53061224489795,5472.448979591836
jid_896923,92940.0,168.0,1,33,23292,23292,23326,JobState.COMPLETED,0,176.53061224489795,176.53061224489795,5825.510204081633
jid_896925,92940.0,168.0,1,92,23236,23236,23329,JobState.COMPLETED,0,176.53061224489792,176.53061224489795,16240.816326530608
jid_896924,65114.0,145.0,8,22757,574,574,23332,JobState.COMPLETED,0,176.53061224490634,176.53061224489795,32138457.14285867
jid_896927,65153.0,145.0,8,22765,570,570,23336,JobState.COMPLETED,0,176.53061224490634,176.53061224489795,32149755.102042343
jid_895533,92940.0,168.0,1,972,11710,22363,23336,JobState.COMPLETED,0,176.53061224489807,176.53061224489795,171587.75510204092
jid_895571,92940.0,168.0,1,949,12018,22395,23345,JobState.COMPLETED,0,176.53061224489812,176.53061224489795,167527.5510204083
jid_896932,92940.0,168.0,1,25,23319,23319,23345,JobState.COMPLETED,0,176.53061224489795,176.53061224489795,4413.265306122449
jid_896931,92940.0,168.0,1,26,23319,23319,23346,JobState.COMPLETED,0,176.53061224489795,176.53061224489795,4589.7959183673465
jid_896933,92940.0,168.0,1,28,23320,23320,23349,JobState.COMPLETED,0,176.53061224489795,176.53061224489795,4942.857142857143
jid_896934,92940.0,168.0,1,24,23333,23333,23358,JobState.COMPLETED,0,176.53061224489795,176.53061224489795,4236.734693877551
jid_895427,63299.0,570.0,1,967,11982,22395,23363,JobState.COMPLETED,0,176.5306122448981,176.53061224489795,170705.10204081645
jid_896936,92940.0,168.0,1,105,23258,23258,23364,JobState.COMPLETED,0,176.53061224489792,176.53061224489795,18535.714285714283
jid_896937,92940.0,168.0,1,28,23336,23336,23365,JobState.COMPLETED,0,176.53061224489795,176.53061224489795,4942.857142857143
jid_896939,92940.0,168.0,1,31,23345,23345,23377,JobState.COMPLETED,0,176.53061224489795,176.53061224489795,5472.448979591836
jid_896940,65129.0,145.0,8,22802,575,575,23378,JobState.COMPLETED,0,176.53061224490637,176.53061224489795,32202008.16326684
jid_896942,92940.0,168.0,1,27,23355,23355,23383,JobState.COMPLETED,0,176.53061224489795,176.53061224489795,4766.326530612245
jid_895367,92940.0,168.0,1,1208,10448,22177,23386,JobState.COMPLETED,0,176.53061224489775,176.53061224489795,213248.97959183648
jid_896943,92940.0,168.0,1,27,23361,23361,23389,JobState.COMPLETED,0,176.53061224489795,176.53061224489795,4766.326530612245
jid_896944,92940.0,168.0,1,91,23300,23300,23392,JobState.COMPLETED,0,176.53061224489792,176.53061224489795,16064.285714285712
jid_896945,92940.0,168.0,1,25,23366,23366,23392,JobState.COMPLETED,0,176.53061224489795,176.53061224489795,4413.265306122449
jid_896947,92940.0,168.0,1,26,23366,23366,23393,JobState.COMPLETED,0,176.53061224489795,176.53061224489795,4589.7959183673465
jid_896946,92940.0,168.0,1,24,23369,23369,23394,JobState.COMPLETED,0,176.53061224489795,176.53061224489795,4236.734693877551
jid_896948,65154.0,145.0,8,22833,572,572,23406,JobState.COMPLETED,0,176.53061224490637,176.53061224489795,32245787.755103577
jid_896950,92940.0,168.0,1,29,23376,23376,23406,JobState.COMPLETED,0,176.53061224489795,176.53061224489795,5119.3877551020405
jid_896951,92940.0,168.0,1,26,23383,23383,23410,JobState.COMPLETED,0,176.53061224489795,176.53061224489795,4589.7959183673465
jid_896952,92940.0,168.0,1,29,23381,23381,23411,JobState.COMPLETED,0,176.53061224489795,176.53061224489795,5119.3877551020405
jid_895598,63299.0,570.0,1,637,12834,22786,23424,JobState.COMPLETED,0,176.53061224489812,176.53061224489795,112450.0000000001
jid_896954,92940.0,168.0,1,77,23348,23348,23426,JobState.COMPLETED,0,176.53061224489795,176.53061224489795,13592.857142857143
jid_896955,92940.0,168.0,1,33,23395,23395,23429,JobState.COMPLETED,0,176.53061224489795,176.53061224489795,5825.510204081633
jid_896956,92940.0,168.0,1,27,23401,23401,23429,JobState.COMPLETED,0,176.53061224489795,176.53061224489795,4766.326530612245
jid_895598,63299.0,570.0,1,647,12834,22787,23435,JobState.COMPLETED,0,176.53061224489812,176.53061224489795,114215.30612244908
jid_896961,92940.0,168.0,1,22,23414,23414,23437,JobState.COMPLETED,0,176.53061224489795,176.53061224489795,3883.673469387755
jid_896962,92940.0,168.0,1,24,23413,23413,23438,JobState.COMPLETED,0,176.53061224489795,176.53061224489795,4236.734693877551
jid_896963,92940.0,168.0,1,30,23413,23413,23444,JobState.COMPLETED,0,176.53061224489795,176.53061224489795,5295.918367346939
jid_897002,38975.0,145.0,8,22877,570,570,23448,JobState.COMPLETED,0,176.53061224490637,176.53061224489795,32307926.530613784
jid_896987,92940.0,168.0,1,45,23407,23407,23453,JobState.COMPLETED,0,176.53061224489795,176.53061224489795,7943.877551020408
jid_896964,92940.0,168.0,1,29,23424,23424,23454,JobState.COMPLETED,0,176.53061224489795,176.53061224489795,5119.3877551020405
jid_896966,92940.0,168.0,1,29,23426,23426,23456,JobState.COMPLETED,0,176.53061224489795,176.53061224489795,5119.3877551020405
jid_896967,92940.0,168.0,1,29,23428,23428,23458,JobState.COMPLETED,0,176.53061224489795,176.53061224489795,5119.3877551020405
jid_896968,36766.0,145.0,8,22892,568,568,23461,JobState.COMPLETED,0,176.53061224490637,176.53061224489795,32329110.20408317
jid_896969,92940.0,168.0,1,135,23330,23330,23466,JobState.COMPLETED,0,176.5306122448979,176.53061224489795,23831.632653061217
jid_896970,38993.0,145.0,8,22898,570,570,23469,JobState.COMPLETED,0,176.53061224490637,176.53061224489795,32337583.67347093
jid_896971,92940.0,168.0,1,24,23448,23448,23473,JobState.COMPLETED,0,176.53061224489795,176.53061224489795,4236.734693877551
jid_896972,92940.0,168.0,1,30,23446,23446,23477,JobState.COMPLETED,0,176.53061224489795,176.53061224489795,5295.918367346939
jid_896975,92940.0,168.0,1,27,23459,23459,23487,JobState.COMPLETED,0,176.53061224489795,176.53061224489795,4766.326530612245
jid_896977,92940.0,168.0,1,78,23409,23409,23488,JobState.COMPLETED,0,176.53061224489795,176.53061224489795,13769.38775510204
jid_896976,92940.0,168.0,1,28,23460,23460,23489,JobState.COMPLETED,0,176.53061224489795,176.53061224489795,4942.857142857143
jid_896985,92940.0,168.0,1,30,23459,23459,23490,JobState.COMPLETED,0,176.53061224489795,176.53061224489795,5295.918367346939
jid_895598,63299.0,570.0,1,710,12834,22786,23497,JobState.COMPLETED,0,176.53061224489815,176.53061224489795,125336.73469387769
jid_896978,92940.0,168.0,1,29,23471,23471,23501,JobState.COMPLETED,0,176.53061224489795,176.53061224489795,5119.3877551020405
jid_895598,63299.0,570.0,1,714,12834,22788,23503,JobState.COMPLETED,0,176.53061224489815,176.53061224489795,126042.85714285728
jid_896981,92940.0,168.0,1,29,23473,23473,23503,JobState.COMPLETED,0,176.53061224489795,176.53061224489795,5119.3877551020405
jid_896980,326.0,145.0,8,22941,565,565,23507,JobState.COMPLETED,0,176.5306122449064,176.53061224489795,32398310.204083182
jid_896983,92940.0,168.0,1,32,23474,23474,23507,JobState.COMPLETED,0,176.53061224489795,176.53061224489795,5648.9795918367345
jid_896984,38533.0,145.0,8,22941,567,567,23509,JobState.COMPLETED,0,176.5306122449064,176.53061224489795,32398310.204083182
jid_896986,92940.0,168.0,1,75,23443,23443,23519,JobState.COMPLETED,0,176.53061224489795,176.53061224489795,13239.795918367347
jid_896988,92940.0,168.0,1,45,23490,23490,23536,JobState.COMPLETED,0,176.53061224489795,176.53061224489795,7943.877551020408
jid_896990,92940.0,168.0,1,51,23495,23495,23547,JobState.COMPLETED,0,176.53061224489795,176.53061224489795,9003.061224489795
jid_897039,36773.0,145.0,8,22988,568,568,23557,JobState.COMPLETED,0,176.5306122449064,176.53061224489795,32464685.714287266
jid_896991,92940.0,168.0,1,51,23506,23506,23558,JobState.COMPLETED,0,176.53061224489795,176.53061224489795,9003.061224489795
jid_896996,92940.0,168.0,1,54,23511,23511,23566,JobState.COMPLETED,0,176.53061224489795,176.53061224489795,9532.65306122449
jid_896994,65115.0,145.0,8,22994,574,574,23569,JobState.COMPLETED,0,176.5306122449064,176.53061224489795,32473159.18367502
jid_896997,65130.0,145.0,8,22999,575,575,23575,JobState.COMPLETED,0,176.5306122449064,176.53061224489795,32480220.408164818
jid_895598,63299.0,570.0,1,788,12834,22786,23575,JobState.COMPLETED,0,176.53061224489815,176.53061224489795,139106.12244897973
jid_896998,92940.0,168.0,1,51,23529,23529,23581,JobState.COMPLETED,0,176.53061224489795,176.53061224489795,9003.061224489795
jid_896999,92940.0,168.0,1,58,23524,23524,23583,JobState.COMPLETED,0,176.53061224489795,176.53061224489795,10238.775510204081
jid_897023,92940.0,168.0,1,66,23517,23517,23584,JobState.COMPLETED,0,176.53061224489798,176.53061224489795,11651.020408163267
jid_897001,92940.0,168.0,1,62,23524,23524,23587,JobState.COMPLETED,0,176.53061224489798,176.53061224489795,10944.897959183674
jid_897003,92940.0,168.0,1,52,23544,23544,23597,JobState.COMPLETED,0,176.53061224489795,176.53061224489795,9179.591836734693
jid_897005,92940.0,168.0,1,50,23555,23555,23606,JobState.COMPLETED,0,176.53061224489795,176.53061224489795,8826.530612244898
jid_895773,92940.0,168.0,1,1176,12723,22434,23611,JobState.COMPLETED,0,176.5306122448978,176.53061224489795,207599.99999999983
jid_897010,36718.0,145.0,8,23051,568,568,23620,JobState.COMPLETED,0,176.5306122449064,176.53061224489795,32553657.1428587
jid_897011,92940.0,168.0,1,107,23512,23512,23620,JobState.COMPLETED,0,176.53061224489792,176.53061224489795,18888.77551020408
jid_897012,92940.0,168.0,1,62,23565,23565,23628,JobState.COMPLETED,0,176.53061224489798,176.53061224489795,10944.897959183674
jid_897013,65126.0,145.0,8,23057,574,574,23632,JobState.COMPLETED,0,176.5306122449064,176.53061224489795,32562130.612246454
jid_897019,92940.0,168.0,1,99,23538,23538,23638,JobState.COMPLETED,0,176.53061224489792,176.53061224489795,17476.530612244893
jid_897020,92940.0,168.0,1,160,23484,23484,23645,JobState.COMPLETED,0,176.5306122448979,176.53061224489795,28244.89795918366
jid_897045,92940.0,168.0,1,67,23580,23580,23648,JobState.COMPLETED,0,176.53061224489798,176.53061224489795,11827.551020408164
jid_897024,92940.0,168.0,1,67,23589,23589,23657,JobState.COMPLETED,0,176.53061224489798,176.53061224489795,11827.551020408164
jid_897052,92940.0,168.0,1,64,23600,23600,23665,JobState.COMPLETED,0,176.53061224489798,176.53061224489795,11297.95918367347
jid_897029,92940.0,168.0,1,71,23601,23601,23673,JobState.COMPLETED,0,176.53061224489795,176.53061224489795,12533.673469387755
jid_897048,92940.0,168.0,1,69,23607,23607,23677,JobState.COMPLETED,0,176.53061224489798,176.53061224489795,12180.61224489796
jid_897032,92940.0,168.0,1,68,23614,23614,23683,JobState.COMPLETED,0,176.53061224489798,176.53061224489795,12004.081632653062
jid_897034,92940.0,168.0,1,65,23625,23625,23691,JobState.COMPLETED,0,176.53061224489798,176.53061224489795,11474.489795918369
jid_897035,65168.0,145.0,8,23123,573,573,23697,JobState.COMPLETED,0,176.53061224490642,176.53061224489795,32655338.775511768
jid_897038,38976.0,145.0,8,23127,570,570,23698,JobState.COMPLETED,0,176.53061224490642,176.53061224489795,32660987.755103607
jid_897037,65156.0,145.0,8,23125,573,573,23699,JobState.COMPLETED,0,176.53061224490642,176.53061224489795,32658163.265307687
jid_897044,92940.0,168.0,1,77,23648,23648,23726,JobState.COMPLETED,0,176.53061224489795,176.53061224489795,13592.857142857143
jid_897047,335.0,145.0,8,23166,565,565,23732,JobState.COMPLETED,0,176.53061224490642,176.53061224489795,32716065.306124017
jid_897051,92940.0,168.0,1,65,23674,23674,23740,JobState.COMPLETED,0,176.53061224489798,176.53061224489795,11474.489795918369
jid_897060,92940.0,168.0,1,105,23644,23644,23750,JobState.COMPLETED,0,176.53061224489792,176.53061224489795,18535.714285714283
jid_897061,92940.0,168.0,1,74,23694,23694,23769,JobState.COMPLETED,0,176.53061224489795,176.53061224489795,13063.265306122448
jid_897065,92940.0,168.0,1,67,23703,23703,23771,JobState.COMPLETED,0,176.53061224489798,176.53061224489795,11827.551020408164
jid_897067,92940.0,168.0,1,114,23657,23657,23772,JobState.COMPLETED,0,176.53061224489792,176.53061224489795,20124.48979591836
jid_895902,92940.0,168.0,1,903,14057,22870,23774,JobState.COMPLETED,0,176.53061224489818,176.53061224489795,159407.14285714304
jid_897107,92940.0,168.0,1,63,23711,23711,23775,JobState.COMPLETED,0,176.53061224489798,176.53061224489795,11121.428571428572
jid_897069,92940.0,168.0,1,152,23634,23634,23787,JobState.COMPLETED,0,176.5306122448979,176.53061224489795,26832.65306122448
jid_897072,64937.0,145.0,8,23227,567,567,23795,JobState.COMPLETED,0,176.53061224490645,176.53061224489795,32802212.244899537
jid_897076,65122.0,145.0,8,23224,576,576,23801,JobState.COMPLETED,0,176.53061224490645,176.53061224489795,32797975.51020566
jid_897081,36774.0,145.0,8,23241,568,568,23810,JobState.COMPLETED,0,176.53061224490645,176.53061224489795,32821983.673470967
jid_897084,92940.0,168.0,1,64,23745,23745,23810,JobState.COMPLETED,0,176.53061224489798,176.53061224489795,11297.95918367347
jid_897088,92940.0,168.0,1,65,23748,23748,23814,JobState.COMPLETED,0,176.53061224489798,176.53061224489795,11474.489795918369
jid_897093,92940.0,168.0,1,68,23746,23746,23815,JobState.COMPLETED,0,176.53061224489798,176.53061224489795,12004.081632653062
jid_897085,38535.0,145.0,8,23250,566,566,23817,JobState.COMPLETED,0,176.53061224490645,176.53061224489795,32834693.8775526
jid_897087,92940.0,168.0,1,57,23761,23761,23819,JobState.COMPLETED,0,176.53061224489795,176.53061224489795,10062.244897959183
jid_897089,92940.0,168.0,1,61,23759,23759,23821,JobState.COMPLETED,0,176.53061224489798,176.53061224489795,10768.367346938778
jid_897098,65157.0,145.0,8,23255,572,572,23828,JobState.COMPLETED,0,176.53061224490645,176.53061224489795,32841755.102042396
jid_897110,65140.0,145.0,8,23270,576,576,23847,JobState.COMPLETED,0,176.53061224490645,176.53061224489795,32862938.775511786
jid_896173,92940.0,168.0,1,891,16551,22956,23848,JobState.COMPLETED,0,176.53061224489818,176.53061224489795,157288.7755102043
jid_897108,92940.0,168.0,1,58,23792,23792,23851,JobState.COMPLETED,0,176.53061224489795,176.53061224489795,10238.775510204081
jid_897111,65155.0,145.0,8,23282,571,571,23854,JobState.COMPLETED,0,176.53061224490645,176.53061224489795,32879885.714287296
jid_897116,92940.0,168.0,1,191,23664,23664,23856,JobState.COMPLETED,0,176.5306122448979,176.53061224489795,33717.346938775496
jid_896203,92940.0,168.0,1,901,16745,22958,23860,JobState.COMPLETED,0,176.53061224489818,176.53061224489795,159054.08163265325
jid_897118,92940.0,168.0,1,79,23788,23788,23868,JobState.COMPLETED,0,176.53061224489795,176.53061224489795,13945.918367346938
jid_895778,92940.0,168.0,1,1083,12986,22797,23881,JobState.COMPLETED,0,176.5306122448979,176.53061224489795,191182.6530612244
jid_897125,92940.0,168.0,1,88,23796,23796,23885,JobState.COMPLETED,0,176.53061224489795,176.53061224489795,15534.69387755102
jid_896202,92940.0,168.0,1,928,16792,22958,23887,JobState.COMPLETED,0,176.53061224489815,176.53061224489795,163820.40816326547
jid_897128,65304.0,145.0,8,23312,576,576,23889,JobState.COMPLETED,0,176.53061224490645,176.53061224489795,32922253.061226074
jid_897134,92940.0,168.0,1,56,23833,23833,23890,JobState.COMPLETED,0,176.53061224489795,176.53061224489795,9885.714285714286
jid_896358,92940.0,168.0,1,908,19261,22982,23891,JobState.COMPLETED,0,176.53061224489818,176.53061224489795,160289.79591836754
jid_897131,92940.0,168.0,1,109,23785,23785,23895,JobState.COMPLETED,0,176.53061224489792,176.53061224489795,19241.836734693872
jid_897142,92940.0,168.0,1,57,23837,23837,23895,JobState.COMPLETED,0,176.53061224489795,176.53061224489795,10062.244897959183
jid_897140,92940.0,168.0,1,57,23840,23840,23898,JobState.COMPLETED,0,176.53061224489795,176.53061224489795,10062.244897959183
jid_897135,92940.0,168.0,1,61,23837,23837,23899,JobState.COMPLETED,0,176.53061224489798,176.53061224489795,10768.367346938778
jid_897141,92940.0,168.0,1,62,23842,23842,23905,JobState.COMPLETED,0,176.53061224489798,176.53061224489795,10944.897959183674
jid_896060,92940.0,168.0,1,1025,14987,22898,23924,JobState.COMPLETED,0,176.53061224489798,176.53061224489795,180943.87755102044
jid_896059,92940.0,168.0,1,1030,14979,22897,23928,JobState.COMPLETED,0,176.53061224489798,176.53061224489795,181826.5306122449
jid_897156,92940.0,168.0,1,60,23868,23868,23929,JobState.COMPLETED,0,176.53061224489798,176.53061224489795,10591.83673469388
jid_897157,92940.0,168.0,1,56,23873,23873,23930,JobState.COMPLETED,0,176.53061224489795,176.53061224489795,9885.714285714286
jid_896130,92940.0,168.0,1,1015,15625,22929,23945,JobState.COMPLETED,0,176.530612244898,176.53061224489795,179178.57142857148
jid_896125,92940.0,168.0,1,1022,15569,22926,23949,JobState.COMPLETED,0,176.53061224489798,176.53061224489795,180414.28571428574
jid_897165,92940.0,168.0,1,62,23887,23887,23950,JobState.COMPLETED,0,176.53061224489798,176.53061224489795,10944.897959183674
jid_896220,92940.0,168.0,1,992,17104,22961,23954,JobState.COMPLETED,0,176.53061224489804,176.53061224489795,175118.36734693885
jid_897176,65171.0,145.0,8,23392,571,571,23964,JobState.COMPLETED,0,176.53061224490648,176.53061224489795,33035232.65306282
jid_897181,92940.0,168.0,1,53,23917,23917,23971,JobState.COMPLETED,0,176.53061224489795,176.53061224489795,9356.122448979591
jid_897182,92940.0,168.0,1,58,23917,23917,23976,JobState.COMPLETED,0,176.53061224489795,176.53061224489795,10238.775510204081
jid_897183,92940.0,168.0,1,53,23923,23923,23977,JobState.COMPLETED,0,176.53061224489795,176.53061224489795,9356.122448979591
jid_897218,92940.0,168.0,1,54,23923,23923,23978,JobState.COMPLETED,0,176.53061224489795,176.53061224489795,9532.65306122449
jid_896271,92940.0,168.0,1,1020,17947,22964,23985,JobState.COMPLETED,0,176.53061224489798,176.53061224489795,180061.22448979595
jid_897187,92940.0,168.0,1,61,23923,23923,23985,JobState.COMPLETED,0,176.53061224489798,176.53061224489795,10768.367346938778
jid_897189,65305.0,145.0,8,23412,577,577,23990,JobState.COMPLETED,0,176.53061224490648,176.53061224489795,33063477.551022004
jid_895932,92940.0,168.0,1,1118,14086,22871,23990,JobState.COMPLETED,0,176.53061224489787,176.53061224489795,197361.2244897958
jid_896312,92940.0,168.0,1,1022,18516,22967,23990,JobState.COMPLETED,0,176.53061224489798,176.53061224489795,180414.28571428574
jid_896330,92940.0,168.0,1,1024,18792,22970,23995,JobState.COMPLETED,0,176.53061224489798,176.53061224489795,180767.34693877553
jid_896257,92940.0,168.0,1,1033,17739,22963,23997,JobState.COMPLETED,0,176.53061224489798,176.53061224489795,182356.12244897962
jid_897199,92940.0,168.0,1,84,23912,23912,23997,JobState.COMPLETED,0,176.53061224489795,176.53061224489795,14828.571428571428
jid_897194,92940.0,168.0,1,121,23876,23876,23998,JobState.COMPLETED,0,176.5306122448979,176.53061224489795,21360.204081632644
jid_897244,92940.0,168.0,1,96,23903,23903,24000,JobState.COMPLETED,0,176.53061224489792,176.53061224489795,16946.9387755102
jid_896237,92940.0,168.0,1,1039,17460,22962,24002,JobState.COMPLETED,0,176.53061224489798,176.53061224489795,183415.306122449
jid_897200,92940.0,168.0,1,59,23947,23947,24007,JobState.COMPLETED,0,176.53061224489795,176.53061224489795,10415.30612244898
jid_896208,92940.0,168.0,1,1051,16746,22958,24010,JobState.COMPLETED,0,176.53061224489795,176.53061224489795,185533.67346938775
jid_897203,92940.0,168.0,1,55,23954,23954,24010,JobState.COMPLETED,0,176.53061224489795,176.53061224489795,9709.183673469388
jid_897208,92940.0,168.0,1,211,23804,23804,24016,JobState.COMPLETED,0,176.53061224489787,176.53061224489795,37247.95918367345
jid_893946,111.0,65.0,400,53,1947,23964,24018,JobState.COMPLETED,0,176.53061224489795,176.53061224489795,3742448.9795918367
jid_896160,92940.0,168.0,1,1079,16028,22943,24023,JobState.COMPLETED,0,176.53061224489792,176.53061224489795,190476.53061224485
jid_896179,92940.0,168.0,1,1068,16469,22955,24024,JobState.COMPLETED,0,176.53061224489792,176.53061224489795,188534.69387755098
jid_896103,92940.0,168.0,1,1114,15220,22911,24026,JobState.COMPLETED,0,176.53061224489787,176.53061224489795,196655.10204081621
jid_897217,92940.0,168.0,1,59,23968,23971,24031,JobState.COMPLETED,0,176.53061224489795,176.53061224489795,10415.30612244898
jid_896261,92940.0,168.0,1,1077,17739,22963,24041,JobState.COMPLETED,0,176.53061224489792,176.53061224489795,190123.46938775506
jid_896337,92940.0,168.0,1,1069,18835,22971,24041,JobState.COMPLETED,0,176.53061224489792,176.53061224489795,188711.2244897959
jid_896886,92940.0,168.0,1,1015,22180,23031,24047,JobState.COMPLETED,0,176.530612244898,176.53061224489795,179178.57142857148
jid_897267,92940.0,168.0,1,59,23990,23990,24050,JobState.COMPLETED,0,176.53061224489795,176.53061224489795,10415.30612244898
jid_897228,65296.0,145.0,8,23476,577,577,24054,JobState.COMPLETED,0,176.53061224490648,176.53061224489795,33153861.224491395
jid_896389,92940.0,168.0,1,1065,19556,22988,24054,JobState.COMPLETED,0,176.53061224489792,176.53061224489795,188005.1020408163
jid_897230,92940.0,168.0,1,56,23997,23997,24054,JobState.COMPLETED,0,176.53061224489795,176.53061224489795,9885.714285714286
jid_896411,92940.0,168.0,1,1064,19834,22992,24057,JobState.COMPLETED,0,176.53061224489792,176.53061224489795,187828.5714285714
jid_897237,92940.0,168.0,1,61,23997,23997,24059,JobState.COMPLETED,0,176.53061224489798,176.53061224489795,10768.367346938778
jid_896289,92940.0,168.0,1,1100,18120,22965,24066,JobState.COMPLETED,0,176.5306122448979,176.53061224489795,194183.6734693877
jid_896560,92940.0,168.0,1,1075,20187,22997,24073,JobState.COMPLETED,0,176.53061224489792,176.53061224489795,189770.40816326527
jid_897247,92940.0,168.0,1,75,24003,24003,24079,JobState.COMPLETED,0,176.53061224489795,176.53061224489795,13239.795918367347
jid_897253,92940.0,168.0,1,60,24025,24025,24086,JobState.COMPLETED,0,176.53061224489798,176.53061224489795,10591.83673469388
jid_895945,92940.0,168.0,1,1216,14067,22870,24087,JobState.COMPLETED,0,176.53061224489775,176.53061224489795,214661.22448979566
jid_897254,92940.0,168.0,1,56,24032,24032,24089,JobState.COMPLETED,0,176.53061224489795,176.53061224489795,9885.714285714286
jid_897252,38525.0,145.0,8,23524,566,566,24091,JobState.COMPLETED,0,176.5306122449065,176.53061224489795,33221648.979593445
jid_896228,92940.0,168.0,1,1130,17129,22961,24092,JobState.COMPLETED,0,176.53061224489784,176.53061224489795,199479.59183673456
jid_896352,92940.0,168.0,1,1115,18985,22976,24092,JobState.COMPLETED,0,176.53061224489787,176.53061224489795,196831.63265306113
jid_896368,92940.0,168.0,1,1110,19238,22981,24092,JobState.COMPLETED,0,176.53061224489787,176.53061224489795,195948.97959183663
jid_896533,92940.0,168.0,1,1117,19927,22993,24111,JobState.COMPLETED,0,176.53061224489787,176.53061224489795,197184.69387755092
jid_897334,92940.0,168.0,1,64,24046,24046,24111,JobState.COMPLETED,0,176.53061224489798,176.53061224489795,11297.95918367347
jid_897260,92940.0,168.0,1,60,24050,24050,24111,JobState.COMPLETED,0,176.53061224489798,176.53061224489795,10591.83673469388
jid_897261,65127.0,145.0,8,23540,575,575,24116,JobState.COMPLETED,0,176.5306122449065,176.53061224489795,33244244.897960793
jid_897263,92940.0,168.0,1,96,24019,24019,24116,JobState.COMPLETED,0,176.53061224489792,176.53061224489795,16946.9387755102
jid_897262,334.0,145.0,8,23552,565,565,24118,JobState.COMPLETED,0,176.5306122449065,176.53061224489795,33261191.836736303
jid_896557,92940.0,168.0,1,1131,20117,22996,24128,JobState.COMPLETED,0,176.53061224489784,176.53061224489795,199656.12244897947
jid_897270,92940.0,168.0,1,58,24073,24073,24132,JobState.COMPLETED,0,176.53061224489795,176.53061224489795,10238.775510204081
jid_897272,38528.0,145.0,8,23572,567,567,24140,JobState.COMPLETED,0,176.5306122449065,176.53061224489795,33289436.73469549
jid_896587,92940.0,168.0,1,1140,20367,22999,24140,JobState.COMPLETED,0,176.53061224489784,176.53061224489795,201244.89795918352
jid_897278,92940.0,168.0,1,126,24015,24015,24142,JobState.COMPLETED,0,176.5306122448979,176.53061224489795,22242.857142857134
jid_897277,65135.0,145.0,8,23568,576,576,24145,JobState.COMPLETED,0,176.5306122449065,176.53061224489795,33283787.75510365
jid_897280,92940.0,168.0,1,65,24081,24081,24147,JobState.COMPLETED,0,176.53061224489798,176.53061224489795,11474.489795918369
jid_896118,92940.0,168.0,1,1235,15306,22918,24154,JobState.COMPLETED,0,176.53061224489772,176.53061224489795,218015.3061224487
jid_897284,92940.0,168.0,1,60,24096,24096,24157,JobState.COMPLETED,0,176.53061224489798,176.53061224489795,10591.83673469388
jid_896711,92940.0,168.0,1,1147,21281,23015,24163,JobState.COMPLETED,0,176.53061224489784,176.53061224489795,202480.6122448978
jid_897289,65124.0,145.0,8,23591,575,575,24167,JobState.COMPLETED,0,176.5306122449065,176.53061224489795,33316269.387756716
jid_897291,92940.0,168.0,1,62,24110,24110,24173,JobState.COMPLETED,0,176.53061224489798,176.53061224489795,10944.897959183674
jid_896168,92940.0,168.0,1,1238,16029,22943,24182,JobState.COMPLETED,0,176.53061224489772,176.53061224489795,218544.89795918338
jid_896277,92940.0,168.0,1,1221,17816,22963,24185,JobState.COMPLETED,0,176.53061224489775,176.53061224489795,215543.87755102015
jid_896348,92940.0,168.0,1,1216,18810,22970,24187,JobState.COMPLETED,0,176.53061224489775,176.53061224489795,214661.22448979566
jid_897297,92940.0,168.0,1,101,24091,24091,24193,JobState.COMPLETED,0,176.53061224489792,176.53061224489795,17829.59183673469
jid_897298,92940.0,168.0,1,65,24129,24129,24195,JobState.COMPLETED,0,176.53061224489798,176.53061224489795,11474.489795918369
jid_896365,92940.0,168.0,1,1221,19055,22977,24199,JobState.COMPLETED,0,176.53061224489775,176.53061224489795,215543.87755102015
jid_897299,92940.0,168.0,1,83,24115,24115,24199,JobState.COMPLETED,0,176.53061224489795,176.53061224489795,14652.04081632653
jid_896259,92940.0,168.0,1,1238,17554,22962,24201,JobState.COMPLETED,0,176.53061224489772,176.53061224489795,218544.89795918338
jid_896211,92940.0,168.0,1,1244,16614,22957,24202,JobState.COMPLETED,0,176.53061224489772,176.53061224489795,219604.08163265276
jid_896215,92940.0,168.0,1,1245,16667,22957,24203,JobState.COMPLETED,0,176.53061224489772,176.53061224489795,219780.61224489767
jid_897009,92940.0,168.0,1,1169,22447,23036,24206,JobState.COMPLETED,0,176.5306122448978,176.53061224489795,206364.28571428554
jid_896339,92940.0,168.0,1,1244,18588,22968,24213,JobState.COMPLETED,0,176.53061224489772,176.53061224489795,219604.08163265276
jid_897305,92940.0,168.0,1,67,24145,24145,24213,JobState.COMPLETED,0,176.53061224489798,176.53061224489795,11827.551020408164
jid_897309,92940.0,168.0,1,66,24157,24157,24224,JobState.COMPLETED,0,176.53061224489798,176.53061224489795,11651.020408163267
jid_897307,38526.0,145.0,8,23657,567,567,24225,JobState.COMPLETED,0,176.53061224490654,176.53061224489795,33409477.55102203
jid_897317,92940.0,168.0,1,61,24168,24168,24230,JobState.COMPLETED,0,176.53061224489798,176.53061224489795,10768.367346938778
jid_897314,65125.0,145.0,8,23659,575,575,24235,JobState.COMPLETED,0,176.53061224490654,176.53061224489795,33412302.04081795
jid_896382,92940.0,168.0,1,1252,19264,22982,24235,JobState.COMPLETED,0,176.53061224489772,176.53061224489795,221016.32653061196
jid_897319,92940.0,168.0,1,103,24135,24135,24239,JobState.COMPLETED,0,176.53061224489792,176.53061224489795,18182.653061224486
jid_897321,92940.0,168.0,1,63,24175,24175,24239,JobState.COMPLETED,0,176.53061224489798,176.53061224489795,11121.428571428572
jid_896242,92940.0,168.0,1,1278,17293,22961,24240,JobState.COMPLETED,0,176.5306122448977,176.53061224489795,225606.12244897927
jid_896720,92940.0,168.0,1,1225,21269,23014,24240,JobState.COMPLETED,0,176.53061224489775,176.53061224489795,216249.99999999974
jid_897326,92940.0,168.0,1,203,24036,24036,24240,JobState.COMPLETED,0,176.5306122448979,176.53061224489795,35835.714285714275
jid_896379,92940.0,168.0,1,1260,19239,22982,24243,JobState.COMPLETED,0,176.5306122448977,176.53061224489795,222428.5714285711
jid_897331,92940.0,168.0,1,77,24168,24168,24246,JobState.COMPLETED,0,176.53061224489795,176.53061224489795,13592.857142857143
jid_896597,92940.0,168.0,1,1249,20293,22998,24248,JobState.COMPLETED,0,176.53061224489772,176.53061224489795,220486.73469387725
jid_896565,92940.0,168.0,1,1252,20045,22996,24249,JobState.COMPLETED,0,176.53061224489772,176.53061224489795,221016.32653061196
jid_896290,92940.0,168.0,1,1290,17932,22964,24255,JobState.COMPLETED,0,176.53061224489767,176.53061224489795,227724.489795918
jid_897335,92940.0,168.0,1,62,24193,24193,24256,JobState.COMPLETED,0,176.53061224489798,176.53061224489795,10944.897959183674
jid_896293,92940.0,168.0,1,1298,17876,22963,24262,JobState.COMPLETED,0,176.53061224489767,176.53061224489795,229136.73469387717
jid_897341,65121.0,145.0,8,23718,574,574,24293,JobState.COMPLETED,0,176.53061224490654,176.53061224489795,33495624.489797547
jid_897343,65152.0,145.0,8,23723,571,571,24295,JobState.COMPLETED,0,176.53061224490654,176.53061224489795,33502685.71428734
jid_897346,92940.0,168.0,1,87,24211,24211,24299,JobState.COMPLETED,0,176.53061224489795,176.53061224489795,15358.163265306122
jid_897345,92940.0,168.0,1,63,24235,24235,24299,JobState.COMPLETED,0,176.53061224489798,176.53061224489795,11121.428571428572
jid_897348,65158.0,145.0,8,23733,571,571,24305,JobState.COMPLETED,0,176.53061224490654,176.53061224489795,33516808.163266934
jid_897351,92940.0,168.0,1,62,24244,24244,24307,JobState.COMPLETED,0,176.53061224489798,176.53061224489795,10944.897959183674
jid_897360,92940.0,168.0,1,56,24254,24254,24311,JobState.COMPLETED,0,176.53061224489795,176.53061224489795,9885.714285714286
jid_897358,92940.0,168.0,1,77,24238,24238,24316,JobState.COMPLETED,0,176.53061224489795,176.53061224489795,13592.857142857143
jid_897359,92940.0,168.0,1,62,24254,24254,24317,JobState.COMPLETED,0,176.53061224489798,176.53061224489795,10944.897959183674
jid_897356,65128.0,145.0,8,23742,575,575,24318,JobState.COMPLETED,0,176.53061224490654,176.53061224489795,33529518.367348567
jid_897369,92940.0,168.0,1,55,24275,24275,24331,JobState.COMPLETED,0,176.53061224489795,176.53061224489795,9709.183673469388
jid_897366,92940.0,168.0,1,56,24275,24275,24332,JobState.COMPLETED,0,176.53061224489795,176.53061224489795,9885.714285714286
jid_897367,92940.0,168.0,1,56,24275,24275,24332,JobState.COMPLETED,0,176.53061224489795,176.53061224489795,9885.714285714286
jid_897374,92940.0,168.0,1,80,24254,24254,24335,JobState.COMPLETED,0,176.53061224489795,176.53061224489795,14122.448979591836
jid_897380,65167.0,145.0,8,23799,571,571,24371,JobState.COMPLETED,0,176.53061224490656,176.53061224489795,33610016.32653225
jid_897381,92940.0,168.0,1,54,24317,24317,24372,JobState.COMPLETED,0,176.53061224489795,176.53061224489795,9532.65306122449
jid_897387,92940.0,168.0,1,58,24327,24327,24386,JobState.COMPLETED,0,176.53061224489795,176.53061224489795,10238.775510204081
jid_897390,92940.0,168.0,1,51,24334,24334,24386,JobState.COMPLETED,0,176.53061224489795,176.53061224489795,9003.061224489795
jid_897392,92940.0,168.0,1,56,24334,24334,24391,JobState.COMPLETED,0,176.53061224489795,176.53061224489795,9885.714285714286
jid_897394,65169.0,145.0,8,23820,573,573,24394,JobState.COMPLETED,0,176.53061224490656,176.53061224489795,33639673.469389394
jid_897396,92940.0,168.0,1,182,24213,24213,24396,JobState.COMPLETED,0,176.5306122448979,176.53061224489795,32128.571428571417
jid_897397,92940.0,168.0,1,79,24316,24316,24396,JobState.COMPLETED,0,176.53061224489795,176.53061224489795,13945.918367346938
jid_897398,92940.0,168.0,1,1190,23212,23212,24403,JobState.COMPLETED,0,176.53061224489778,176.53061224489795,210071.42857142835
jid_897402,92940.0,168.0,1,50,24353,24353,24404,JobState.COMPLETED,0,176.53061224489795,176.53061224489795,8826.530612244898
jid_897405,92940.0,168.0,1,52,24353,24353,24406,JobState.COMPLETED,0,176.53061224489795,176.53061224489795,9179.591836734693
jid_897406,92940.0,168.0,1,53,24353,24353,24407,JobState.COMPLETED,0,176.53061224489795,176.53061224489795,9356.122448979591
jid_897412,92940.0,168.0,1,72,24343,24343,24416,JobState.COMPLETED,0,176.53061224489795,176.53061224489795,12710.204081632652
jid_897426,92940.0,168.0,1,82,24361,24361,24444,JobState.COMPLETED,0,176.53061224489795,176.53061224489795,14475.510204081633
jid_897433,92940.0,168.0,1,56,24395,24395,24452,JobState.COMPLETED,0,176.53061224489795,176.53061224489795,9885.714285714286
jid_897436,92940.0,168.0,1,51,24403,24403,24455,JobState.COMPLETED,0,176.53061224489795,176.53061224489795,9003.061224489795
jid_897438,65163.0,145.0,8,23884,571,571,24456,JobState.COMPLETED,0,176.53061224490656,176.53061224489795,33730057.14285879
jid_897441,92940.0,168.0,1,50,24409,24409,24460,JobState.COMPLETED,0,176.53061224489795,176.53061224489795,8826.530612244898
jid_897443,92940.0,168.0,1,201,24259,24259,24461,JobState.COMPLETED,0,176.5306122448979,176.53061224489795,35482.653061224475
jid_897445,92940.0,168.0,1,56,24409,24409,24466,JobState.COMPLETED,0,176.53061224489795,176.53061224489795,9885.714285714286
jid_897447,92940.0,168.0,1,45,24424,24424,24470,JobState.COMPLETED,0,176.53061224489795,176.53061224489795,7943.877551020408
jid_897449,92940.0,168.0,1,46,24425,24425,24472,JobState.COMPLETED,0,176.53061224489795,176.53061224489795,8120.408163265306
jid_897450,92940.0,168.0,1,45,24426,24426,24472,JobState.COMPLETED,0,176.53061224489795,176.53061224489795,7943.877551020408
jid_897457,92940.0,168.0,1,74,24416,24416,24491,JobState.COMPLETED,0,176.53061224489795,176.53061224489795,13063.265306122448
jid_897462,92940.0,168.0,1,71,24446,24446,24518,JobState.COMPLETED,0,176.53061224489795,176.53061224489795,12533.673469387755
jid_897465,92940.0,168.0,1,51,24470,24470,24522,JobState.COMPLETED,0,176.53061224489795,176.53061224489795,9003.061224489795
jid_897468,92940.0,168.0,1,56,24470,24470,24527,JobState.COMPLETED,0,176.53061224489795,176.53061224489795,9885.714285714286
jid_897472,92940.0,168.0,1,52,24482,24482,24535,JobState.COMPLETED,0,176.53061224489795,176.53061224489795,9179.591836734693
jid_897477,92940.0,168.0,1,54,24490,24490,24545,JobState.COMPLETED,0,176.53061224489795,176.53061224489795,9532.65306122449
jid_897475,92940.0,168.0,1,84,24461,24461,24546,JobState.COMPLETED,0,176.53061224489795,176.53061224489795,14828.571428571428
jid_897478,92940.0,168.0,1,59,24488,24488,24548,JobState.COMPLETED,0,176.53061224489795,176.53061224489795,10415.30612244898
jid_897481,92940.0,168.0,1,56,24496,24496,24553,JobState.COMPLETED,0,176.53061224489795,176.53061224489795,9885.714285714286
jid_897482,92940.0,168.0,1,56,24496,24496,24553,JobState.COMPLETED,0,176.53061224489795,176.53061224489795,9885.714285714286
jid_897484,65161.0,145.0,8,23990,573,573,24564,JobState.COMPLETED,0,176.5306122449066,176.53061224489795,33879755.102042474
jid_897491,36778.0,145.0,8,24013,569,569,24583,JobState.COMPLETED,0,176.5306122449066,176.53061224489795,33912236.73469554
jid_897504,92940.0,168.0,1,165,24417,24417,24583,JobState.COMPLETED,0,176.5306122448979,176.53061224489795,29127.55102040815
jid_897501,65172.0,145.0,8,24019,572,572,24592,JobState.COMPLETED,0,176.5306122449066,176.53061224489795,33920710.20408329
jid_897503,92940.0,168.0,1,922,23675,23675,24598,JobState.COMPLETED,0,176.53061224489815,176.53061224489795,162761.2244897961
jid_897502,92940.0,168.0,1,61,24540,24540,24602,JobState.COMPLETED,0,176.53061224489798,176.53061224489795,10768.367346938778
jid_897509,92940.0,168.0,1,60,24550,24550,24611,JobState.COMPLETED,0,176.53061224489798,176.53061224489795,10591.83673469388
jid_897511,92940.0,168.0,1,74,24542,24542,24617,JobState.COMPLETED,0,176.53061224489795,176.53061224489795,13063.265306122448
jid_897512,92940.0,168.0,1,61,24556,24556,24618,JobState.COMPLETED,0,176.53061224489798,176.53061224489795,10768.367346938778
jid_897513,92940.0,168.0,1,55,24565,24565,24621,JobState.COMPLETED,0,176.53061224489795,176.53061224489795,9709.183673469388
jid_897517,92940.0,168.0,1,65,24569,24569,24635,JobState.COMPLETED,0,176.53061224489798,176.53061224489795,11474.489795918369
jid_897518,92940.0,168.0,1,121,24516,24516,24638,JobState.COMPLETED,0,176.5306122448979,176.53061224489795,21360.204081632644
jid_897523,92940.0,168.0,1,62,24580,24580,24643,JobState.COMPLETED,0,176.53061224489798,176.53061224489795,10944.897959183674
jid_897524,92940.0,168.0,1,62,24580,24580,24643,JobState.COMPLETED,0,176.53061224489798,176.53061224489795,10944.897959183674
jid_897525,65119.0,145.0,8,24082,575,575,24658,JobState.COMPLETED,0,176.5306122449066,176.53061224489795,34009681.63265473
jid_897529,92940.0,168.0,1,106,24565,24565,24672,JobState.COMPLETED,0,176.53061224489792,176.53061224489795,18712.24489795918
jid_897536,92940.0,168.0,1,202,24484,24484,24687,JobState.COMPLETED,0,176.5306122448979,176.53061224489795,35659.18367346937
jid_897539,92940.0,168.0,1,62,24634,24634,24697,JobState.COMPLETED,0,176.53061224489798,176.53061224489795,10944.897959183674
jid_897540,92940.0,168.0,1,60,24637,24637,24698,JobState.COMPLETED,0,176.53061224489798,176.53061224489795,10591.83673469388
jid_897543,92940.0,168.0,1,73,24638,24638,24712,JobState.COMPLETED,0,176.53061224489795,176.53061224489795,12886.73469387755
jid_897549,92940.0,168.0,1,82,24634,24634,24717,JobState.COMPLETED,0,176.53061224489795,176.53061224489795,14475.510204081633
jid_897546,92940.0,168.0,1,84,24635,24635,24720,JobState.COMPLETED,0,176.53061224489795,176.53061224489795,14828.571428571428
jid_897544,92940.0,168.0,1,66,24653,24653,24720,JobState.COMPLETED,0,176.53061224489798,176.53061224489795,11651.020408163267
jid_897547,92940.0,168.0,1,65,24656,24656,24722,JobState.COMPLETED,0,176.53061224489798,176.53061224489795,11474.489795918369
jid_897550,92940.0,168.0,1,59,24672,24672,24732,JobState.COMPLETED,0,176.53061224489795,176.53061224489795,10415.30612244898
jid_897553,92940.0,168.0,1,60,24672,24672,24733,JobState.COMPLETED,0,176.53061224489798,176.53061224489795,10591.83673469388
jid_897556,92940.0,168.0,1,64,24689,24689,24754,JobState.COMPLETED,0,176.53061224489798,176.53061224489795,11297.95918367347
jid_897561,92940.0,168.0,1,160,24624,24624,24785,JobState.COMPLETED,0,176.5306122448979,176.53061224489795,28244.89795918366
jid_897564,92940.0,168.0,1,59,24725,24725,24785,JobState.COMPLETED,0,176.53061224489795,176.53061224489795,10415.30612244898
jid_897563,92940.0,168.0,1,60,24725,24725,24786,JobState.COMPLETED,0,176.53061224489798,176.53061224489795,10591.83673469388
jid_897584,92940.0,168.0,1,50,24741,24741,24792,JobState.COMPLETED,0,176.53061224489795,176.53061224489795,8826.530612244898
jid_897566,65316.0,145.0,8,24221,577,577,24799,JobState.COMPLETED,0,176.53061224490662,176.53061224489795,34205983.67347106
jid_897567,92940.0,168.0,1,60,24739,24739,24800,JobState.COMPLETED,0,176.53061224489798,176.53061224489795,10591.83673469388
jid_897570,92940.0,168.0,1,70,24739,24739,24810,JobState.COMPLETED,0,176.53061224489795,176.53061224489795,12357.142857142857
jid_897574,92940.0,168.0,1,55,24755,24755,24811,JobState.COMPLETED,0,176.53061224489795,176.53061224489795,9709.183673469388
jid_897575,92940.0,168.0,1,58,24755,24755,24814,JobState.COMPLETED,0,176.53061224489795,176.53061224489795,10238.775510204081
jid_897568,65281.0,145.0,8,24237,577,577,24815,JobState.COMPLETED,0,176.53061224490662,176.53061224489795,34228579.59183841
jid_897572,92940.0,168.0,1,74,24741,24741,24816,JobState.COMPLETED,0,176.53061224489795,176.53061224489795,13063.265306122448
jid_897596,92940.0,168.0,1,66,24755,24755,24822,JobState.COMPLETED,0,176.53061224489798,176.53061224489795,11651.020408163267
jid_897576,92940.0,168.0,1,56,24772,24772,24829,JobState.COMPLETED,0,176.53061224489795,176.53061224489795,9885.714285714286
jid_897582,92940.0,168.0,1,53,24809,24809,24863,JobState.COMPLETED,0,176.53061224489795,176.53061224489795,9356.122448979591
jid_897580,92940.0,168.0,1,55,24809,24809,24865,JobState.COMPLETED,0,176.53061224489795,176.53061224489795,9709.183673469388
jid_897588,92940.0,168.0,1,54,24822,24822,24877,JobState.COMPLETED,0,176.53061224489795,176.53061224489795,9532.65306122449
jid_897591,92940.0,168.0,1,50,24835,24835,24886,JobState.COMPLETED,0,176.53061224489795,176.53061224489795,8826.530612244898
jid_897592,92940.0,168.0,1,51,24837,24837,24889,JobState.COMPLETED,0,176.53061224489795,176.53061224489795,9003.061224489795
jid_897600,92940.0,168.0,1,70,24831,24831,24902,JobState.COMPLETED,0,176.53061224489795,176.53061224489795,12357.142857142857
jid_897595,92940.0,168.0,1,67,24835,24835,24903,JobState.COMPLETED,0,176.53061224489798,176.53061224489795,11827.551020408164
jid_897594,92940.0,168.0,1,56,24846,24846,24903,JobState.COMPLETED,0,176.53061224489795,176.53061224489795,9885.714285714286
jid_897602,92940.0,168.0,1,209,24705,24705,24915,JobState.COMPLETED,0,176.5306122448979,176.53061224489795,36894.89795918366
jid_897604,92940.0,168.0,1,51,24884,24884,24936,JobState.COMPLETED,0,176.53061224489795,176.53061224489795,9003.061224489795
jid_897606,92940.0,168.0,1,50,24885,24885,24936,JobState.COMPLETED,0,176.53061224489795,176.53061224489795,8826.530612244898
jid_897605,92940.0,168.0,1,49,24889,24889,24939,JobState.COMPLETED,0,176.53061224489795,176.53061224489795,8650.0
jid_897608,92940.0,168.0,1,60,24895,24895,24956,JobState.COMPLETED,0,176.53061224489798,176.53061224489795,10591.83673469388
jid_897620,92940.0,168.0,1,153,24805,24805,24959,JobState.COMPLETED,0,176.5306122448979,176.53061224489795,27009.18367346938
jid_897633,92940.0,168.0,1,42,24921,24921,24964,JobState.COMPLETED,0,176.53061224489795,176.53061224489795,7414.285714285714
jid_897617,92940.0,168.0,1,53,24913,24913,24967,JobState.COMPLETED,0,176.53061224489795,176.53061224489795,9356.122448979591
jid_897614,92940.0,168.0,1,54,24913,24913,24968,JobState.COMPLETED,0,176.53061224489795,176.53061224489795,9532.65306122449
jid_897613,92940.0,168.0,1,52,24919,24919,24972,JobState.COMPLETED,0,176.53061224489795,176.53061224489795,9179.591836734693
jid_897622,92940.0,168.0,1,70,24924,24924,24995,JobState.COMPLETED,0,176.53061224489795,176.53061224489795,12357.142857142857
jid_897625,92940.0,168.0,1,45,24955,24955,25001,JobState.COMPLETED,0,176.53061224489795,176.53061224489795,7943.877551020408
jid_897627,92940.0,168.0,1,69,24932,24932,25002,JobState.COMPLETED,0,176.53061224489798,176.53061224489795,12180.61224489796
jid_897626,92940.0,168.0,1,45,24956,24956,25002,JobState.COMPLETED,0,176.53061224489795,176.53061224489795,7943.877551020408
jid_897624,92940.0,168.0,1,47,24955,24955,25003,JobState.COMPLETED,0,176.53061224489795,176.53061224489795,8296.938775510203
jid_897631,92940.0,168.0,1,23,24991,24991,25015,JobState.COMPLETED,0,176.53061224489795,176.53061224489795,4060.204081632653
jid_897630,92940.0,168.0,1,24,24991,24991,25016,JobState.COMPLETED,0,176.53061224489795,176.53061224489795,4236.734693877551
jid_897629,92940.0,168.0,1,27,24990,24990,25018,JobState.COMPLETED,0,176.53061224489795,176.53061224489795,4766.326530612245
jid_897632,92940.0,168.0,1,55,24973,24973,25029,JobState.COMPLETED,0,176.53061224489795,176.53061224489795,9709.183673469388
jid_897713,36780.0,145.0,8,24467,568,568,25036,JobState.COMPLETED,0,176.53061224490668,176.53061224489795,34553395.918369055
jid_897637,92940.0,168.0,1,27,25020,25020,25048,JobState.COMPLETED,0,176.53061224489795,176.53061224489795,4766.326530612245
jid_897639,92940.0,168.0,1,25,25023,25023,25049,JobState.COMPLETED,0,176.53061224489795,176.53061224489795,4413.265306122449
jid_897641,92940.0,168.0,1,28,25026,25026,25055,JobState.COMPLETED,0,176.53061224489795,176.53061224489795,4942.857142857143
jid_897644,92940.0,168.0,1,42,25015,25015,25058,JobState.COMPLETED,0,176.53061224489795,176.53061224489795,7414.285714285714
jid_897640,92940.0,168.0,1,26,25035,25035,25062,JobState.COMPLETED,0,176.53061224489795,176.53061224489795,4589.7959183673465
jid_897650,92940.0,168.0,1,29,25040,25040,25070,JobState.COMPLETED,0,176.53061224489795,176.53061224489795,5119.3877551020405
jid_897652,92940.0,168.0,1,30,25040,25040,25071,JobState.COMPLETED,0,176.53061224489795,176.53061224489795,5295.918367346939
jid_897655,92940.0,168.0,1,45,25027,25027,25073,JobState.COMPLETED,0,176.53061224489795,176.53061224489795,7943.877551020408
jid_897646,92940.0,168.0,1,23,25050,25050,25074,JobState.COMPLETED,0,176.53061224489795,176.53061224489795,4060.204081632653
jid_897659,92940.0,168.0,1,83,25007,25007,25091,JobState.COMPLETED,0,176.53061224489795,176.53061224489795,14652.04081632653
jid_897658,92940.0,168.0,1,28,25063,25063,25092,JobState.COMPLETED,0,176.53061224489795,176.53061224489795,4942.857142857143
jid_897657,92940.0,168.0,1,39,25053,25053,25093,JobState.COMPLETED,0,176.53061224489795,176.53061224489795,6884.69387755102
jid_897663,92940.0,168.0,1,29,25071,25071,25101,JobState.COMPLETED,0,176.53061224489795,176.53061224489795,5119.3877551020405
jid_897687,92940.0,168.0,1,27,25078,25078,25106,JobState.COMPLETED,0,176.53061224489795,176.53061224489795,4766.326530612245
jid_897666,92940.0,168.0,1,173,24933,24933,25107,JobState.COMPLETED,0,176.5306122448979,176.53061224489795,30539.795918367337
jid_897669,92940.0,168.0,1,31,25078,25078,25110,JobState.COMPLETED,0,176.53061224489795,176.53061224489795,5472.448979591836
jid_897699,92940.0,168.0,1,26,25095,25095,25122,JobState.COMPLETED,0,176.53061224489795,176.53061224489795,4589.7959183673465
jid_897676,92940.0,168.0,1,33,25093,25093,25127,JobState.COMPLETED,0,176.53061224489795,176.53061224489795,5825.510204081633
jid_897697,92940.0,168.0,1,41,25086,25086,25128,JobState.COMPLETED,0,176.53061224489795,176.53061224489795,7237.755102040816
jid_897675,92940.0,168.0,1,29,25098,25098,25128,JobState.COMPLETED,0,176.53061224489795,176.53061224489795,5119.3877551020405
jid_897678,92940.0,168.0,1,32,25110,25110,25143,JobState.COMPLETED,0,176.53061224489795,176.53061224489795,5648.9795918367345
jid_897682,92940.0,168.0,1,44,25110,25110,25155,JobState.COMPLETED,0,176.53061224489795,176.53061224489795,7767.34693877551
jid_897724,92940.0,168.0,1,55,25119,25119,25175,JobState.COMPLETED,0,176.53061224489795,176.53061224489795,9709.183673469388
jid_897685,92940.0,168.0,1,26,25153,25153,25180,JobState.COMPLETED,0,176.53061224489795,176.53061224489795,4589.7959183673465
jid_897689,92940.0,168.0,1,25,25154,25154,25180,JobState.COMPLETED,0,176.53061224489795,176.53061224489795,4413.265306122449
jid_897688,92940.0,168.0,1,27,25162,25162,25190,JobState.COMPLETED,0,176.53061224489795,176.53061224489795,4766.326530612245
jid_897826,92940.0,168.0,1,62,25133,25133,25196,JobState.COMPLETED,0,176.53061224489798,176.53061224489795,10944.897959183674
jid_897701,92940.0,168.0,1,43,25176,25176,25220,JobState.COMPLETED,0,176.53061224489795,176.53061224489795,7590.816326530612
jid_897787,92940.0,168.0,1,122,25102,25102,25225,JobState.COMPLETED,0,176.5306122448979,176.53061224489795,21536.734693877544
jid_897704,92940.0,168.0,1,118,25111,25111,25230,JobState.COMPLETED,0,176.53061224489792,176.53061224489795,20830.612244897955
jid_897708,92940.0,168.0,1,46,25199,25199,25246,JobState.COMPLETED,0,176.53061224489795,176.53061224489795,8120.408163265306
jid_897711,92940.0,168.0,1,53,25207,25207,25261,JobState.COMPLETED,0,176.53061224489795,176.53061224489795,9356.122448979591
jid_897728,92940.0,168.0,1,67,25199,25199,25267,JobState.COMPLETED,0,176.53061224489798,176.53061224489795,11827.551020408164
jid_897823,92940.0,168.0,1,61,25207,25207,25269,JobState.COMPLETED,0,176.53061224489798,176.53061224489795,10768.367346938778
jid_897723,92940.0,168.0,1,49,25223,25223,25273,JobState.COMPLETED,0,176.53061224489795,176.53061224489795,8650.0
jid_897719,92940.0,168.0,1,159,25127,25127,25287,JobState.COMPLETED,0,176.5306122448979,176.53061224489795,28068.367346938765
jid_897721,92940.0,168.0,1,67,25222,25222,25290,JobState.COMPLETED,0,176.53061224489798,176.53061224489795,11827.551020408164
jid_897725,92940.0,168.0,1,68,25236,25236,25305,JobState.COMPLETED,0,176.53061224489798,176.53061224489795,12004.081632653062
jid_897733,92940.0,168.0,1,60,25263,25263,25324,JobState.COMPLETED,0,176.53061224489798,176.53061224489795,10591.83673469388
jid_897737,985.0,617.0,4,31,25298,25298,25330,JobState.COMPLETED,0,176.53061224489795,176.53061224489795,21889.795918367345
jid_897738,985.0,617.0,4,33,25298,25298,25332,JobState.COMPLETED,0,176.53061224489795,176.53061224489795,23302.04081632653
jid_897747,985.0,617.0,4,37,25298,25298,25336,JobState.COMPLETED,0,176.53061224489795,176.53061224489795,26126.530612244896
jid_897741,92940.0,168.0,1,60,25278,25278,25339,JobState.COMPLETED,0,176.53061224489798,176.53061224489795,10591.83673469388
jid_897745,985.0,617.0,4,41,25299,25299,25341,JobState.COMPLETED,0,176.53061224489795,176.53061224489795,28951.020408163266
jid_897746,985.0,617.0,4,41,25299,25299,25341,JobState.COMPLETED,0,176.53061224489795,176.53061224489795,28951.020408163266
jid_897743,985.0,617.0,4,41,25301,25301,25343,JobState.COMPLETED,0,176.53061224489795,176.53061224489795,28951.020408163266
jid_897749,985.0,617.0,4,43,25300,25300,25344,JobState.COMPLETED,0,176.53061224489795,176.53061224489795,30363.26530612245
jid_897754,985.0,617.0,4,48,25297,25297,25346,JobState.COMPLETED,0,176.53061224489795,176.53061224489795,33893.87755102041
jid_897758,985.0,617.0,4,43,25302,25302,25346,JobState.COMPLETED,0,176.53061224489795,176.53061224489795,30363.26530612245
jid_897750,985.0,617.0,4,42,25304,25304,25347,JobState.COMPLETED,0,176.53061224489795,176.53061224489795,29657.142857142855
jid_897752,985.0,617.0,4,30,25316,25316,25347,JobState.COMPLETED,0,176.53061224489795,176.53061224489795,21183.673469387755
jid_897762,985.0,617.0,4,46,25301,25301,25348,JobState.COMPLETED,0,176.53061224489795,176.53061224489795,32481.632653061224
jid_897756,985.0,617.0,4,44,25303,25303,25348,JobState.COMPLETED,0,176.53061224489795,176.53061224489795,31069.38775510204
jid_897757,985.0,617.0,4,44,25303,25303,25348,JobState.COMPLETED,0,176.53061224489795,176.53061224489795,31069.38775510204
jid_897761,985.0,617.0,4,43,25304,25304,25348,JobState.COMPLETED,0,176.53061224489795,176.53061224489795,30363.26530612245
jid_897759,985.0,617.0,4,43,25305,25305,25349,JobState.COMPLETED,0,176.53061224489795,176.53061224489795,30363.26530612245
jid_897765,985.0,617.0,4,49,25300,25300,25350,JobState.COMPLETED,0,176.53061224489795,176.53061224489795,34600.0
jid_897760,985.0,617.0,4,47,25302,25302,25350,JobState.COMPLETED,0,176.53061224489795,176.53061224489795,33187.755102040814
jid_897767,985.0,617.0,4,45,25304,25304,25350,JobState.COMPLETED,0,176.53061224489795,176.53061224489795,31775.51020408163
jid_897755,985.0,617.0,4,44,25305,25305,25350,JobState.COMPLETED,0,176.53061224489795,176.53061224489795,31069.38775510204
jid_897764,985.0,617.0,4,35,25315,25315,25351,JobState.COMPLETED,0,176.53061224489795,176.53061224489795,24714.285714285714
jid_897784,985.0,617.0,4,35,25315,25315,25351,JobState.COMPLETED,0,176.53061224489795,176.53061224489795,24714.285714285714
jid_897763,985.0,617.0,4,31,25319,25319,25351,JobState.COMPLETED,0,176.53061224489795,176.53061224489795,21889.795918367345
jid_897768,985.0,617.0,4,49,25302,25302,25352,JobState.COMPLETED,0,176.53061224489795,176.53061224489795,34600.0
jid_897766,985.0,617.0,4,32,25320,25320,25353,JobState.COMPLETED,0,176.53061224489795,176.53061224489795,22595.918367346938
jid_897774,985.0,617.0,4,28,25324,25324,25353,JobState.COMPLETED,0,176.53061224489795,176.53061224489795,19771.428571428572
jid_897771,985.0,617.0,4,33,25320,25320,25354,JobState.COMPLETED,0,176.53061224489795,176.53061224489795,23302.04081632653
jid_897776,985.0,617.0,4,31,25323,25323,25355,JobState.COMPLETED,0,176.53061224489795,176.53061224489795,21889.795918367345
jid_897775,985.0,617.0,4,38,25318,25318,25357,JobState.COMPLETED,0,176.53061224489795,176.53061224489795,26832.65306122449
jid_897778,985.0,617.0,4,38,25319,25319,25358,JobState.COMPLETED,0,176.53061224489795,176.53061224489795,26832.65306122449
jid_897785,985.0,617.0,4,38,25319,25319,25358,JobState.COMPLETED,0,176.53061224489795,176.53061224489795,26832.65306122449
jid_897849,985.0,617.0,4,37,25320,25320,25358,JobState.COMPLETED,0,176.53061224489795,176.53061224489795,26126.530612244896
jid_897777,985.0,617.0,4,44,25315,25315,25360,JobState.COMPLETED,0,176.53061224489795,176.53061224489795,31069.38775510204
jid_897851,985.0,617.0,4,38,25323,25323,25362,JobState.COMPLETED,0,176.53061224489795,176.53061224489795,26832.65306122449
jid_897782,985.0,617.0,4,37,25324,25324,25362,JobState.COMPLETED,0,176.53061224489795,176.53061224489795,26126.530612244896
jid_897781,985.0,617.0,4,36,25325,25325,25362,JobState.COMPLETED,0,176.53061224489795,176.53061224489795,25420.408163265303
jid_897795,92940.0,168.0,1,55,25311,25311,25367,JobState.COMPLETED,0,176.53061224489795,176.53061224489795,9709.183673469388
jid_897792,985.0,617.0,4,45,25321,25321,25367,JobState.COMPLETED,0,176.53061224489795,176.53061224489795,31775.51020408163
jid_897794,985.0,617.0,4,46,25321,25321,25368,JobState.COMPLETED,0,176.53061224489795,176.53061224489795,32481.632653061224
jid_897790,985.0,617.0,4,46,25322,25322,25369,JobState.COMPLETED,0,176.53061224489795,176.53061224489795,32481.632653061224
jid_897793,985.0,617.0,4,48,25322,25322,25371,JobState.COMPLETED,0,176.53061224489795,176.53061224489795,33893.87755102041
jid_897798,92940.0,168.0,1,53,25321,25321,25375,JobState.COMPLETED,0,176.53061224489795,176.53061224489795,9356.122448979591
jid_897799,985.0,617.0,4,34,25340,25340,25375,JobState.COMPLETED,0,176.53061224489795,176.53061224489795,24008.16326530612
jid_897801,985.0,617.0,4,30,25346,25346,25377,JobState.COMPLETED,0,176.53061224489795,176.53061224489795,21183.673469387755
jid_897810,92940.0,168.0,1,71,25310,25310,25382,JobState.COMPLETED,0,176.53061224489795,176.53061224489795,12533.673469387755
jid_897805,985.0,617.0,4,43,25340,25340,25384,JobState.COMPLETED,0,176.53061224489795,176.53061224489795,30363.26530612245
jid_897812,985.0,617.0,4,42,25341,25341,25384,JobState.COMPLETED,0,176.53061224489795,176.53061224489795,29657.142857142855
jid_897817,985.0,617.0,4,42,25341,25341,25384,JobState.COMPLETED,0,176.53061224489795,176.53061224489795,29657.142857142855
jid_897808,985.0,617.0,4,44,25340,25340,25385,JobState.COMPLETED,0,176.53061224489795,176.53061224489795,31069.38775510204
jid_897802,985.0,617.0,4,43,25341,25341,25385,JobState.COMPLETED,0,176.53061224489795,176.53061224489795,30363.26530612245
jid_897804,985.0,617.0,4,42,25342,25342,25385,JobState.COMPLETED,0,176.53061224489795,176.53061224489795,29657.142857142855
jid_897803,985.0,617.0,4,41,25343,25343,25385,JobState.COMPLETED,0,176.53061224489795,176.53061224489795,28951.020408163266
jid_897813,985.0,617.0,4,42,25343,25343,25386,JobState.COMPLETED,0,176.53061224489795,176.53061224489795,29657.142857142855
jid_897806,985.0,617.0,4,44,25342,25342,25387,JobState.COMPLETED,0,176.53061224489795,176.53061224489795,31069.38775510204
jid_897815,985.0,617.0,4,43,25344,25344,25388,JobState.COMPLETED,0,176.53061224489795,176.53061224489795,30363.26530612245
jid_897814,985.0,617.0,4,45,25343,25343,25389,JobState.COMPLETED,0,176.53061224489795,176.53061224489795,31775.51020408163
jid_897818,985.0,617.0,4,45,25344,25344,25390,JobState.COMPLETED,0,176.53061224489795,176.53061224489795,31775.51020408163
jid_897816,985.0,617.0,4,44,25345,25345,25390,JobState.COMPLETED,0,176.53061224489795,176.53061224489795,31069.38775510204
jid_897820,985.0,617.0,4,46,25345,25345,25392,JobState.COMPLETED,0,176.53061224489795,176.53061224489795,32481.632653061224
jid_897821,985.0,617.0,4,46,25345,25345,25392,JobState.COMPLETED,0,176.53061224489795,176.53061224489795,32481.632653061224
jid_897822,985.0,617.0,4,45,25346,25346,25392,JobState.COMPLETED,0,176.53061224489795,176.53061224489795,31775.51020408163
jid_897819,92940.0,168.0,1,72,25321,25321,25394,JobState.COMPLETED,0,176.53061224489795,176.53061224489795,12710.204081632652
jid_897829,985.0,617.0,4,47,25348,25348,25396,JobState.COMPLETED,0,176.53061224489795,176.53061224489795,33187.755102040814
jid_897880,92940.0,168.0,1,144,25252,25252,25397,JobState.COMPLETED,0,176.5306122448979,176.53061224489795,25420.408163265296
jid_897830,985.0,617.0,4,48,25348,25348,25397,JobState.COMPLETED,0,176.53061224489795,176.53061224489795,33893.87755102041
jid_897831,92940.0,168.0,1,61,25342,25342,25404,JobState.COMPLETED,0,176.53061224489798,176.53061224489795,10768.367346938778
jid_897835,92940.0,168.0,1,76,25329,25329,25406,JobState.COMPLETED,0,176.53061224489795,176.53061224489795,13416.326530612245
jid_897844,92940.0,168.0,1,70,25357,25357,25428,JobState.COMPLETED,0,176.53061224489795,176.53061224489795,12357.142857142857
jid_897862,92940.0,168.0,1,59,25385,25385,25445,JobState.COMPLETED,0,176.53061224489795,176.53061224489795,10415.30612244898
jid_897869,92940.0,168.0,1,59,25392,25392,25452,JobState.COMPLETED,0,176.53061224489795,176.53061224489795,10415.30612244898
jid_897866,92940.0,168.0,1,59,25393,25393,25453,JobState.COMPLETED,0,176.53061224489795,176.53061224489795,10415.30612244898
jid_897935,65164.0,145.0,8,24884,571,571,25456,JobState.COMPLETED,0,176.53061224490673,176.53061224489795,35142302.04081807
jid_897879,92940.0,168.0,1,62,25411,25411,25474,JobState.COMPLETED,0,176.53061224489798,176.53061224489795,10944.897959183674
jid_897916,92940.0,168.0,1,66,25416,25416,25483,JobState.COMPLETED,0,176.53061224489798,176.53061224489795,11651.020408163267
jid_897886,92940.0,168.0,1,64,25419,25419,25484,JobState.COMPLETED,0,176.53061224489798,176.53061224489795,11297.95918367347
jid_897889,92940.0,168.0,1,80,25406,25406,25487,JobState.COMPLETED,0,176.53061224489795,176.53061224489795,14122.448979591836
jid_897891,92940.0,168.0,1,78,25412,25412,25491,JobState.COMPLETED,0,176.53061224489795,176.53061224489795,13769.38775510204
jid_897896,92940.0,168.0,1,63,25445,25445,25509,JobState.COMPLETED,0,176.53061224489798,176.53061224489795,11121.428571428572
jid_897899,92940.0,168.0,1,83,25428,25428,25512,JobState.COMPLETED,0,176.53061224489795,176.53061224489795,14652.04081632653
jid_897911,92940.0,168.0,1,213,25306,25306,25520,JobState.COMPLETED,0,176.53061224489787,176.53061224489795,37601.02040816325
jid_897914,92940.0,168.0,1,64,25469,25469,25534,JobState.COMPLETED,0,176.53061224489798,176.53061224489795,11297.95918367347
jid_897910,92940.0,168.0,1,68,25473,25473,25542,JobState.COMPLETED,0,176.53061224489798,176.53061224489795,12004.081632653062
jid_897945,92940.0,168.0,1,67,25474,25474,25542,JobState.COMPLETED,0,176.53061224489798,176.53061224489795,11827.551020408164
jid_897918,92940.0,168.0,1,65,25493,25493,25559,JobState.COMPLETED,0,176.53061224489798,176.53061224489795,11474.489795918369
jid_897921,92940.0,168.0,1,67,25501,25501,25569,JobState.COMPLETED,0,176.53061224489798,176.53061224489795,11827.551020408164
jid_897967,92940.0,168.0,1,73,25510,25510,25584,JobState.COMPLETED,0,176.53061224489795,176.53061224489795,12886.73469387755
jid_897934,92940.0,168.0,1,67,25527,25527,25595,JobState.COMPLETED,0,176.53061224489798,176.53061224489795,11827.551020408164
jid_897937,92940.0,168.0,1,77,25528,25528,25606,JobState.COMPLETED,0,176.53061224489795,176.53061224489795,13592.857142857143
jid_897939,92940.0,168.0,1,118,25495,25495,25614,JobState.COMPLETED,0,176.53061224489792,176.53061224489795,20830.612244897955
jid_897947,92940.0,168.0,1,64,25565,25565,25630,JobState.COMPLETED,0,176.53061224489798,176.53061224489795,11297.95918367347
jid_897964,92940.0,168.0,1,53,25581,25581,25635,JobState.COMPLETED,0,176.53061224489795,176.53061224489795,9356.122448979591
jid_897949,92940.0,168.0,1,60,25579,25579,25640,JobState.COMPLETED,0,176.53061224489798,176.53061224489795,10591.83673469388
jid_897953,92940.0,168.0,1,63,25577,25577,25641,JobState.COMPLETED,0,176.53061224489798,176.53061224489795,11121.428571428572
jid_897955,92940.0,168.0,1,135,25510,25510,25646,JobState.COMPLETED,0,176.5306122448979,176.53061224489795,23831.632653061217
jid_897956,92940.0,168.0,1,61,25592,25592,25654,JobState.COMPLETED,0,176.53061224489798,176.53061224489795,10768.367346938778
jid_897962,92940.0,168.0,1,63,25612,25612,25676,JobState.COMPLETED,0,176.53061224489798,176.53061224489795,11121.428571428572
jid_897963,92940.0,168.0,1,1253,24424,24424,25678,JobState.COMPLETED,0,176.53061224489772,176.53061224489795,221192.85714285684
jid_897965,92940.0,168.0,1,70,25623,25623,25694,JobState.COMPLETED,0,176.53061224489795,176.53061224489795,12357.142857142857
jid_897966,92940.0,168.0,1,56,25638,25638,25695,JobState.COMPLETED,0,176.53061224489795,176.53061224489795,9885.714285714286
jid_897970,92940.0,168.0,1,1069,24634,24634,25704,JobState.COMPLETED,0,176.53061224489792,176.53061224489795,188711.2244897959
jid_897975,92940.0,168.0,1,58,25650,25650,25709,JobState.COMPLETED,0,176.53061224489795,176.53061224489795,10238.775510204081
jid_897981,92940.0,168.0,1,55,25661,25661,25717,JobState.COMPLETED,0,176.53061224489795,176.53061224489795,9709.183673469388
jid_897982,92940.0,168.0,1,54,25664,25664,25719,JobState.COMPLETED,0,176.53061224489795,176.53061224489795,9532.65306122449
jid_897984,92940.0,168.0,1,53,25671,25671,25725,JobState.COMPLETED,0,176.53061224489795,176.53061224489795,9356.122448979591
jid_897983,92940.0,168.0,1,55,25670,25670,25726,JobState.COMPLETED,0,176.53061224489795,176.53061224489795,9709.183673469388
jid_897999,92940.0,168.0,1,165,25564,25564,25730,JobState.COMPLETED,0,176.5306122448979,176.53061224489795,29127.55102040815
jid_897987,92940.0,168.0,1,112,25633,25633,25746,JobState.COMPLETED,0,176.53061224489792,176.53061224489795,19771.42857142857
jid_897989,92940.0,168.0,1,56,25693,25693,25750,JobState.COMPLETED,0,176.53061224489795,176.53061224489795,9885.714285714286
jid_897988,92940.0,168.0,1,53,25698,25698,25752,JobState.COMPLETED,0,176.53061224489795,176.53061224489795,9356.122448979591
jid_897992,92940.0,168.0,1,55,25712,25712,25768,JobState.COMPLETED,0,176.53061224489795,176.53061224489795,9709.183673469388
jid_897994,92940.0,168.0,1,65,25712,25712,25778,JobState.COMPLETED,0,176.53061224489798,176.53061224489795,11474.489795918369
jid_897996,92940.0,168.0,1,59,25728,25728,25788,JobState.COMPLETED,0,176.53061224489795,176.53061224489795,10415.30612244898
jid_898003,92940.0,168.0,1,75,25718,25718,25794,JobState.COMPLETED,0,176.53061224489795,176.53061224489795,13239.795918367347
jid_898006,92940.0,168.0,1,55,25738,25738,25794,JobState.COMPLETED,0,176.53061224489795,176.53061224489795,9709.183673469388
jid_898005,92940.0,168.0,1,56,25739,25739,25796,JobState.COMPLETED,0,176.53061224489795,176.53061224489795,9885.714285714286
jid_897998,92940.0,168.0,1,53,25742,25742,25796,JobState.COMPLETED,0,176.53061224489795,176.53061224489795,9356.122448979591
jid_898007,92940.0,168.0,1,53,25743,25743,25797,JobState.COMPLETED,0,176.53061224489795,176.53061224489795,9356.122448979591
jid_898009,92940.0,168.0,1,51,25769,25769,25821,JobState.COMPLETED,0,176.53061224489795,176.53061224489795,9003.061224489795
jid_898010,92940.0,168.0,1,50,25770,25770,25821,JobState.COMPLETED,0,176.53061224489795,176.53061224489795,8826.530612244898
jid_898013,92940.0,168.0,1,59,25791,25791,25851,JobState.COMPLETED,0,176.53061224489795,176.53061224489795,10415.30612244898
jid_898016,92940.0,168.0,1,58,25805,25805,25864,JobState.COMPLETED,0,176.53061224489795,176.53061224489795,10238.775510204081
jid_898018,92940.0,168.0,1,59,25813,25813,25873,JobState.COMPLETED,0,176.53061224489795,176.53061224489795,10415.30612244898
jid_898019,92940.0,168.0,1,109,25764,25764,25874,JobState.COMPLETED,0,176.53061224489792,176.53061224489795,19241.836734693872
jid_898021,92940.0,168.0,1,72,25802,25802,25875,JobState.COMPLETED,0,176.53061224489795,176.53061224489795,12710.204081632652
jid_898023,92940.0,168.0,1,56,25826,25826,25883,JobState.COMPLETED,0,176.53061224489795,176.53061224489795,9885.714285714286
jid_898024,92940.0,168.0,1,56,25826,25826,25883,JobState.COMPLETED,0,176.53061224489795,176.53061224489795,9885.714285714286
jid_898025,92940.0,168.0,1,60,25823,25823,25884,JobState.COMPLETED,0,176.53061224489798,176.53061224489795,10591.83673469388
jid_898026,92940.0,168.0,1,61,25839,25839,25901,JobState.COMPLETED,0,176.53061224489798,176.53061224489795,10768.367346938778
jid_898036,92940.0,168.0,1,77,25839,25839,25917,JobState.COMPLETED,0,176.53061224489795,176.53061224489795,13592.857142857143
jid_898039,92940.0,168.0,1,126,25819,25819,25946,JobState.COMPLETED,0,176.5306122448979,176.53061224489795,22242.857142857134
jid_898031,92940.0,168.0,1,60,25888,25888,25949,JobState.COMPLETED,0,176.53061224489798,176.53061224489795,10591.83673469388
jid_898028,92940.0,168.0,1,62,25887,25887,25950,JobState.COMPLETED,0,176.53061224489798,176.53061224489795,10944.897959183674
jid_898029,92940.0,168.0,1,82,25869,25869,25952,JobState.COMPLETED,0,176.53061224489795,176.53061224489795,14475.510204081633
jid_898030,92940.0,168.0,1,56,25896,25896,25953,JobState.COMPLETED,0,176.53061224489795,176.53061224489795,9885.714285714286
jid_898032,92940.0,168.0,1,59,25909,25909,25969,JobState.COMPLETED,0,176.53061224489795,176.53061224489795,10415.30612244898
jid_898033,92940.0,168.0,1,61,25909,25909,25971,JobState.COMPLETED,0,176.53061224489798,176.53061224489795,10768.367346938778
jid_898034,92940.0,168.0,1,60,25912,25912,25973,JobState.COMPLETED,0,176.53061224489798,176.53061224489795,10591.83673469388
jid_898035,92940.0,168.0,1,59,25923,25923,25983,JobState.COMPLETED,0,176.53061224489795,176.53061224489795,10415.30612244898
jid_898037,92940.0,168.0,1,180,25813,25813,25994,JobState.COMPLETED,0,176.5306122448979,176.53061224489795,31775.51020408162
jid_898038,92940.0,168.0,1,55,25969,25969,26025,JobState.COMPLETED,0,176.53061224489795,176.53061224489795,9709.183673469388
jid_898040,92940.0,168.0,1,57,25970,25970,26028,JobState.COMPLETED,0,176.53061224489795,176.53061224489795,10062.244897959183
jid_898041,92940.0,168.0,1,72,25969,25969,26042,JobState.COMPLETED,0,176.53061224489795,176.53061224489795,12710.204081632652
jid_898042,92940.0,168.0,1,65,25981,25981,26047,JobState.COMPLETED,0,176.53061224489798,176.53061224489795,11474.489795918369
jid_898044,92940.0,168.0,1,59,25993,25993,26053,JobState.COMPLETED,0,176.53061224489795,176.53061224489795,10415.30612244898
jid_898043,92940.0,168.0,1,60,25994,25994,26055,JobState.COMPLETED,0,176.53061224489798,176.53061224489795,10591.83673469388
jid_898045,92940.0,168.0,1,60,25997,25997,26058,JobState.COMPLETED,0,176.53061224489798,176.53061224489795,10591.83673469388
jid_898052,92940.0,168.0,1,59,26008,26008,26068,JobState.COMPLETED,0,176.53061224489795,176.53061224489795,10415.30612244898
jid_898046,92940.0,168.0,1,187,25894,25894,26082,JobState.COMPLETED,0,176.5306122448979,176.53061224489795,33011.22448979591
jid_898047,92940.0,168.0,1,82,26009,26009,26092,JobState.COMPLETED,0,176.53061224489795,176.53061224489795,14475.510204081633
jid_898048,92940.0,168.0,1,61,26043,26043,26105,JobState.COMPLETED,0,176.53061224489798,176.53061224489795,10768.367346938778
jid_898049,92940.0,168.0,1,65,26047,26047,26113,JobState.COMPLETED,0,176.53061224489798,176.53061224489795,11474.489795918369
jid_898050,92940.0,168.0,1,83,26042,26042,26126,JobState.COMPLETED,0,176.53061224489795,176.53061224489795,14652.04081632653
jid_898051,92940.0,168.0,1,67,26067,26067,26135,JobState.COMPLETED,0,176.53061224489798,176.53061224489795,11827.551020408164
jid_898053,92940.0,168.0,1,58,26078,26078,26137,JobState.COMPLETED,0,176.53061224489795,176.53061224489795,10238.775510204081
jid_898057,92940.0,168.0,1,59,26078,26078,26138,JobState.COMPLETED,0,176.53061224489795,176.53061224489795,10415.30612244898
jid_898056,92940.0,168.0,1,81,26060,26060,26142,JobState.COMPLETED,0,176.53061224489795,176.53061224489795,14298.979591836734
jid_898055,92940.0,168.0,1,59,26082,26082,26142,JobState.COMPLETED,0,176.53061224489795,176.53061224489795,10415.30612244898
jid_898058,92940.0,168.0,1,60,26100,26100,26161,JobState.COMPLETED,0,176.53061224489798,176.53061224489795,10591.83673469388
jid_898059,92940.0,168.0,1,57,26123,26123,26181,JobState.COMPLETED,0,176.53061224489795,176.53061224489795,10062.244897959183
jid_898060,92940.0,168.0,1,77,26110,26110,26188,JobState.COMPLETED,0,176.53061224489795,176.53061224489795,13592.857142857143
jid_898061,92940.0,168.0,1,188,26021,26021,26210,JobState.COMPLETED,0,176.5306122448979,176.53061224489795,33187.75510204081
jid_898074,92940.0,168.0,1,54,26158,26158,26213,JobState.COMPLETED,0,176.53061224489795,176.53061224489795,9532.65306122449
jid_898064,92940.0,168.0,1,60,26155,26155,26216,JobState.COMPLETED,0,176.53061224489798,176.53061224489795,10591.83673469388
jid_898062,92940.0,168.0,1,62,26154,26154,26217,JobState.COMPLETED,0,176.53061224489798,176.53061224489795,10944.897959183674
jid_898063,92940.0,168.0,1,76,26143,26143,26220,JobState.COMPLETED,0,176.53061224489795,176.53061224489795,13416.326530612245
jid_898066,92940.0,168.0,1,56,26169,26169,26226,JobState.COMPLETED,0,176.53061224489795,176.53061224489795,9885.714285714286
jid_898067,92940.0,168.0,1,59,26168,26168,26228,JobState.COMPLETED,0,176.53061224489795,176.53061224489795,10415.30612244898
jid_898065,92940.0,168.0,1,98,26131,26131,26230,JobState.COMPLETED,0,176.53061224489792,176.53061224489795,17299.999999999996
jid_898072,92940.0,168.0,1,53,26182,26182,26236,JobState.COMPLETED,0,176.53061224489795,176.53061224489795,9356.122448979591
jid_898068,92940.0,168.0,1,74,26168,26168,26243,JobState.COMPLETED,0,176.53061224489795,176.53061224489795,13063.265306122448
jid_898069,92940.0,168.0,1,62,26198,26198,26261,JobState.COMPLETED,0,176.53061224489798,176.53061224489795,10944.897959183674
jid_898070,92940.0,168.0,1,79,26206,26206,26286,JobState.COMPLETED,0,176.53061224489795,176.53061224489795,13945.918367346938
jid_898073,92940.0,168.0,1,58,26235,26235,26294,JobState.COMPLETED,0,176.53061224489795,176.53061224489795,10238.775510204081
jid_898071,92940.0,168.0,1,41,26252,26252,26294,JobState.COMPLETED,0,176.53061224489795,176.53061224489795,7237.755102040816
jid_898083,92940.0,168.0,1,56,26238,26238,26295,JobState.COMPLETED,0,176.53061224489795,176.53061224489795,9885.714285714286
jid_898076,92940.0,168.0,1,54,26249,26249,26304,JobState.COMPLETED,0,176.53061224489795,176.53061224489795,9532.65306122449
jid_898077,92940.0,168.0,1,53,26251,26251,26305,JobState.COMPLETED,0,176.53061224489795,176.53061224489795,9356.122448979591
jid_898075,92940.0,168.0,1,72,26236,26236,26309,JobState.COMPLETED,0,176.53061224489795,176.53061224489795,12710.204081632652
jid_898087,92940.0,168.0,1,65,26265,26265,26331,JobState.COMPLETED,0,176.53061224489798,176.53061224489795,11474.489795918369
jid_898078,92940.0,168.0,1,65,26279,26279,26345,JobState.COMPLETED,0,176.53061224489798,176.53061224489795,11474.489795918369
jid_898080,92940.0,168.0,1,127,26226,26226,26354,JobState.COMPLETED,0,176.5306122448979,176.53061224489795,22419.387755102034
jid_898081,92940.0,168.0,1,43,26312,26312,26356,JobState.COMPLETED,0,176.53061224489795,176.53061224489795,7590.816326530612
jid_898082,92940.0,168.0,1,54,26313,26313,26368,JobState.COMPLETED,0,176.53061224489795,176.53061224489795,9532.65306122449
jid_898084,92940.0,168.0,1,57,26312,26312,26370,JobState.COMPLETED,0,176.53061224489795,176.53061224489795,10062.244897959183
jid_898086,92940.0,168.0,1,60,26315,26315,26376,JobState.COMPLETED,0,176.53061224489798,176.53061224489795,10591.83673469388
jid_898085,92940.0,168.0,1,75,26304,26304,26380,JobState.COMPLETED,0,176.53061224489795,176.53061224489795,13239.795918367347
jid_898089,92940.0,168.0,1,56,26328,26328,26385,JobState.COMPLETED,0,176.53061224489795,176.53061224489795,9885.714285714286
jid_898088,92940.0,168.0,1,57,26328,26328,26386,JobState.COMPLETED,0,176.53061224489795,176.53061224489795,10062.244897959183
jid_898090,92940.0,168.0,1,74,26328,26328,26403,JobState.COMPLETED,0,176.53061224489795,176.53061224489795,13063.265306122448
jid_898091,92940.0,168.0,1,37,26377,26377,26415,JobState.COMPLETED,0,176.53061224489795,176.53061224489795,6531.632653061224
jid_898092,92940.0,168.0,1,52,26363,26363,26416,JobState.COMPLETED,0,176.53061224489795,176.53061224489795,9179.591836734693
jid_898094,92940.0,168.0,1,42,26388,26388,26431,JobState.COMPLETED,0,176.53061224489795,176.53061224489795,7414.285714285714
jid_898095,92940.0,168.0,1,40,26391,26391,26432,JobState.COMPLETED,0,176.53061224489795,176.53061224489795,7061.224489795918
jid_898096,92940.0,168.0,1,44,26391,26391,26436,JobState.COMPLETED,0,176.53061224489795,176.53061224489795,7767.34693877551
jid_898098,92940.0,168.0,1,36,26412,26412,26449,JobState.COMPLETED,0,176.53061224489795,176.53061224489795,6355.102040816326
jid_898097,92940.0,168.0,1,36,26414,26414,26451,JobState.COMPLETED,0,176.53061224489795,176.53061224489795,6355.102040816326
jid_898100,92940.0,168.0,1,52,26403,26403,26456,JobState.COMPLETED,0,176.53061224489795,176.53061224489795,9179.591836734693
jid_898099,92940.0,168.0,1,49,26420,26420,26470,JobState.COMPLETED,0,176.53061224489795,176.53061224489795,8650.0
jid_898102,92940.0,168.0,1,38,26432,26432,26471,JobState.COMPLETED,0,176.53061224489795,176.53061224489795,6708.163265306122
jid_898113,92940.0,168.0,1,64,26410,26410,26475,JobState.COMPLETED,0,176.53061224489798,176.53061224489795,11297.95918367347
jid_898103,92940.0,168.0,1,104,26372,26372,26477,JobState.COMPLETED,0,176.53061224489792,176.53061224489795,18359.183673469382
jid_898112,92940.0,168.0,1,64,26432,26432,26497,JobState.COMPLETED,0,176.53061224489798,176.53061224489795,11297.95918367347
jid_898105,92940.0,168.0,1,49,26456,26456,26506,JobState.COMPLETED,0,176.53061224489795,176.53061224489795,8650.0
jid_898104,92940.0,168.0,1,53,26453,26453,26507,JobState.COMPLETED,0,176.53061224489795,176.53061224489795,9356.122448979591
jid_898110,92940.0,168.0,1,53,26467,26467,26521,JobState.COMPLETED,0,176.53061224489795,176.53061224489795,9356.122448979591
jid_898106,92940.0,168.0,1,115,26406,26406,26522,JobState.COMPLETED,0,176.53061224489792,176.53061224489795,20301.020408163262
jid_898107,92940.0,168.0,1,46,26490,26490,26537,JobState.COMPLETED,0,176.53061224489795,176.53061224489795,8120.408163265306
jid_898108,92940.0,168.0,1,62,26476,26476,26539,JobState.COMPLETED,0,176.53061224489798,176.53061224489795,10944.897959183674
jid_898109,92940.0,168.0,1,60,26481,26481,26542,JobState.COMPLETED,0,176.53061224489798,176.53061224489795,10591.83673469388
jid_898111,92940.0,168.0,1,71,26487,26487,26559,JobState.COMPLETED,0,176.53061224489795,176.53061224489795,12533.673469387755
jid_898114,92940.0,168.0,1,76,26488,26488,26565,JobState.COMPLETED,0,176.53061224489795,176.53061224489795,13416.326530612245
jid_898115,92940.0,168.0,1,50,26524,26524,26575,JobState.COMPLETED,0,176.53061224489795,176.53061224489795,8826.530612244898
jid_898119,92940.0,168.0,1,65,26524,26524,26590,JobState.COMPLETED,0,176.53061224489798,176.53061224489795,11474.489795918369
jid_898120,92940.0,168.0,1,56,26557,26557,26614,JobState.COMPLETED,0,176.53061224489795,176.53061224489795,9885.714285714286
jid_898121,92940.0,168.0,1,121,26496,26496,26618,JobState.COMPLETED,0,176.5306122448979,176.53061224489795,21360.204081632644
jid_898122,92940.0,168.0,1,64,26557,26557,26622,JobState.COMPLETED,0,176.53061224489798,176.53061224489795,11297.95918367347
jid_898123,92940.0,168.0,1,67,26563,26563,26631,JobState.COMPLETED,0,176.53061224489798,176.53061224489795,11827.551020408164
jid_898131,92940.0,168.0,1,65,26567,26567,26633,JobState.COMPLETED,0,176.53061224489798,176.53061224489795,11474.489795918369
jid_898124,92940.0,168.0,1,65,26576,26576,26642,JobState.COMPLETED,0,176.53061224489798,176.53061224489795,11474.489795918369
jid_898125,92940.0,168.0,1,54,26590,26590,26645,JobState.COMPLETED,0,176.53061224489795,176.53061224489795,9532.65306122449
jid_898126,92940.0,168.0,1,75,26578,26578,26654,JobState.COMPLETED,0,176.53061224489795,176.53061224489795,13239.795918367347
jid_898127,92940.0,168.0,1,78,26576,26576,26655,JobState.COMPLETED,0,176.53061224489795,176.53061224489795,13769.38775510204
jid_898135,92940.0,168.0,1,75,26589,26589,26665,JobState.COMPLETED,0,176.53061224489795,176.53061224489795,13239.795918367347
jid_898128,92940.0,168.0,1,71,26608,26608,26680,JobState.COMPLETED,0,176.53061224489795,176.53061224489795,12533.673469387755
jid_898130,92940.0,168.0,1,134,26551,26551,26686,JobState.COMPLETED,0,176.5306122448979,176.53061224489795,23655.102040816317
jid_898129,92940.0,168.0,1,54,26631,26631,26686,JobState.COMPLETED,0,176.53061224489795,176.53061224489795,9532.65306122449
jid_898133,92940.0,168.0,1,64,26644,26644,26709,JobState.COMPLETED,0,176.53061224489798,176.53061224489795,11297.95918367347
jid_898132,92940.0,168.0,1,48,26662,26662,26711,JobState.COMPLETED,0,176.53061224489795,176.53061224489795,8473.469387755102
jid_898136,92940.0,168.0,1,60,26662,26662,26723,JobState.COMPLETED,0,176.53061224489798,176.53061224489795,10591.83673469388
jid_898137,1444.0,710.0,12,922,25814,25814,26737,JobState.COMPLETED,0,119.8969616399202,119.89696163992012,1326539.983584077
jid_898138,92940.0,168.0,1,81,26672,26672,26754,JobState.COMPLETED,0,176.53061224489795,176.53061224489795,14298.979591836734
jid_898141,92940.0,168.0,1,116,26638,26638,26755,JobState.COMPLETED,0,176.53061224489792,176.53061224489795,20477.55102040816
jid_898139,92940.0,168.0,1,83,26672,26672,26756,JobState.COMPLETED,0,176.53061224489795,176.53061224489795,14652.04081632653
jid_898140,92940.0,168.0,1,51,26704,26704,26756,JobState.COMPLETED,0,176.53061224489795,176.53061224489795,9003.061224489795
jid_898142,92940.0,168.0,1,69,26697,26697,26767,JobState.COMPLETED,0,176.53061224489798,176.53061224489795,12180.61224489796
jid_898143,92940.0,168.0,1,49,26725,26725,26775,JobState.COMPLETED,0,176.53061224489795,176.53061224489795,8650.0
jid_898144,92940.0,168.0,1,48,26727,26727,26776,JobState.COMPLETED,0,176.53061224489795,176.53061224489795,8473.469387755102
jid_898145,92940.0,168.0,1,53,26725,26725,26779,JobState.COMPLETED,0,176.53061224489795,176.53061224489795,9356.122448979591
jid_898146,92940.0,168.0,1,40,26742,26742,26783,JobState.COMPLETED,0,176.53061224489795,176.53061224489795,7061.224489795918
jid_898147,92940.0,168.0,1,135,26652,26652,26788,JobState.COMPLETED,0,176.5306122448979,176.53061224489795,23831.632653061217
jid_898149,92940.0,168.0,1,62,26736,26736,26799,JobState.COMPLETED,0,176.53061224489798,176.53061224489795,10944.897959183674
jid_898148,92940.0,168.0,1,26,26772,26772,26799,JobState.COMPLETED,0,176.53061224489795,176.53061224489795,4589.7959183673465
jid_898150,92940.0,168.0,1,39,26772,26772,26812,JobState.COMPLETED,0,176.53061224489795,176.53061224489795,6884.69387755102
jid_898152,92940.0,168.0,1,29,26786,26786,26816,JobState.COMPLETED,0,176.53061224489795,176.53061224489795,5119.3877551020405
jid_898151,92940.0,168.0,1,44,26772,26772,26817,JobState.COMPLETED,0,176.53061224489795,176.53061224489795,7767.34693877551
jid_898155,92940.0,168.0,1,116,26706,26706,26823,JobState.COMPLETED,0,176.53061224489792,176.53061224489795,20477.55102040816
jid_898158,92940.0,168.0,1,24,26799,26799,26824,JobState.COMPLETED,0,176.53061224489795,176.53061224489795,4236.734693877551
jid_898160,92940.0,168.0,1,28,26796,26796,26825,JobState.COMPLETED,0,176.53061224489795,176.53061224489795,4942.857142857143
jid_898159,92940.0,168.0,1,24,26801,26801,26826,JobState.COMPLETED,0,176.53061224489795,176.53061224489795,4236.734693877551
jid_898156,92940.0,168.0,1,40,26790,26790,26831,JobState.COMPLETED,0,176.53061224489795,176.53061224489795,7061.224489795918
jid_898157,92940.0,168.0,1,1106,25725,25725,26832,JobState.COMPLETED,0,176.5306122448979,176.53061224489795,195242.85714285707
jid_898161,92940.0,168.0,1,25,26814,26814,26840,JobState.COMPLETED,0,176.53061224489795,176.53061224489795,4413.265306122449
jid_898162,92940.0,168.0,1,67,26777,26777,26845,JobState.COMPLETED,0,176.53061224489798,176.53061224489795,11827.551020408164
jid_898163,92940.0,168.0,1,27,26833,26833,26861,JobState.COMPLETED,0,176.53061224489795,176.53061224489795,4766.326530612245
jid_898164,92940.0,168.0,1,47,26820,26820,26868,JobState.COMPLETED,0,176.53061224489795,176.53061224489795,8296.938775510203
jid_898166,92940.0,168.0,1,43,26831,26831,26875,JobState.COMPLETED,0,176.53061224489795,176.53061224489795,7590.816326530612
jid_898165,92940.0,168.0,1,44,26832,26832,26877,JobState.COMPLETED,0,176.53061224489795,176.53061224489795,7767.34693877551
jid_898167,92940.0,168.0,1,24,26852,26852,26877,JobState.COMPLETED,0,176.53061224489795,176.53061224489795,4236.734693877551
jid_898171,92940.0,168.0,1,27,26850,26850,26878,JobState.COMPLETED,0,176.53061224489795,176.53061224489795,4766.326530612245
jid_898170,92940.0,168.0,1,26,26856,26856,26883,JobState.COMPLETED,0,176.53061224489795,176.53061224489795,4589.7959183673465
jid_898169,92940.0,168.0,1,27,26856,26856,26884,JobState.COMPLETED,0,176.53061224489795,176.53061224489795,4766.326530612245
jid_898168,92940.0,168.0,1,39,26845,26845,26885,JobState.COMPLETED,0,176.53061224489795,176.53061224489795,6884.69387755102
jid_898172,92940.0,168.0,1,96,26812,26812,26909,JobState.COMPLETED,0,176.53061224489792,176.53061224489795,16946.9387755102
jid_898186,92940.0,168.0,1,29,26880,26880,26910,JobState.COMPLETED,0,176.53061224489795,176.53061224489795,5119.3877551020405
jid_898173,92940.0,168.0,1,25,26899,26899,26925,JobState.COMPLETED,0,176.53061224489795,176.53061224489795,4413.265306122449
jid_898182,92940.0,168.0,1,28,26899,26899,26928,JobState.COMPLETED,0,176.53061224489795,176.53061224489795,4942.857142857143
jid_898174,92940.0,168.0,1,30,26906,26906,26937,JobState.COMPLETED,0,176.53061224489795,176.53061224489795,5295.918367346939
jid_898175,92940.0,168.0,1,97,26841,26841,26939,JobState.COMPLETED,0,176.53061224489792,176.53061224489795,17123.4693877551
jid_898181,92940.0,168.0,1,28,26910,26910,26939,JobState.COMPLETED,0,176.53061224489795,176.53061224489795,4942.857142857143
jid_898176,92940.0,168.0,1,42,26899,26899,26942,JobState.COMPLETED,0,176.53061224489795,176.53061224489795,7414.285714285714
jid_898177,92940.0,168.0,1,76,26867,26867,26944,JobState.COMPLETED,0,176.53061224489795,176.53061224489795,13416.326530612245
jid_898178,92940.0,168.0,1,31,26943,26943,26975,JobState.COMPLETED,0,176.53061224489795,176.53061224489795,5472.448979591836
jid_898179,92940.0,168.0,1,83,26894,26894,26978,JobState.COMPLETED,0,176.53061224489795,176.53061224489795,14652.04081632653
jid_898183,92940.0,168.0,1,29,26953,26953,26983,JobState.COMPLETED,0,176.53061224489795,176.53061224489795,5119.3877551020405
jid_898180,92940.0,168.0,1,96,26889,26889,26986,JobState.COMPLETED,0,176.53061224489792,176.53061224489795,16946.9387755102
jid_898197,92940.0,168.0,1,93,26894,26894,26988,JobState.COMPLETED,0,176.53061224489792,176.53061224489795,16417.346938775507
jid_898185,92940.0,168.0,1,1304,25696,25696,27001,JobState.COMPLETED,0,176.53061224489767,176.53061224489795,230195.91836734654
jid_898184,92940.0,168.0,1,45,26957,26957,27003,JobState.COMPLETED,0,176.53061224489795,176.53061224489795,7943.877551020408
jid_898187,92940.0,168.0,1,80,26925,26925,27006,JobState.COMPLETED,0,176.53061224489795,176.53061224489795,14122.448979591836
jid_898188,92940.0,168.0,1,58,26956,26956,27015,JobState.COMPLETED,0,176.53061224489795,176.53061224489795,10238.775510204081
jid_898190,92940.0,168.0,1,58,26966,26966,27025,JobState.COMPLETED,0,176.53061224489795,176.53061224489795,10238.775510204081
jid_898189,92940.0,168.0,1,33,26992,26992,27026,JobState.COMPLETED,0,176.53061224489795,176.53061224489795,5825.510204081633
jid_898191,92940.0,168.0,1,29,27003,27003,27033,JobState.COMPLETED,0,176.53061224489795,176.53061224489795,5119.3877551020405
jid_898193,92940.0,168.0,1,22,27010,27010,27033,JobState.COMPLETED,0,176.53061224489795,176.53061224489795,3883.673469387755
jid_898196,92940.0,168.0,1,28,27010,27010,27039,JobState.COMPLETED,0,176.53061224489795,176.53061224489795,4942.857142857143
jid_898195,92940.0,168.0,1,26,27012,27012,27039,JobState.COMPLETED,0,176.53061224489795,176.53061224489795,4589.7959183673465
jid_898192,92940.0,168.0,1,28,27018,27018,27047,JobState.COMPLETED,0,176.53061224489795,176.53061224489795,4942.857142857143
jid_898194,92940.0,168.0,1,30,27017,27017,27048,JobState.COMPLETED,0,176.53061224489795,176.53061224489795,5295.918367346939
jid_898198,92940.0,168.0,1,37,27018,27018,27056,JobState.COMPLETED,0,176.53061224489795,176.53061224489795,6531.632653061224
jid_898199,92940.0,168.0,1,28,27043,27043,27072,JobState.COMPLETED,0,176.53061224489795,176.53061224489795,4942.857142857143
jid_898200,92940.0,168.0,1,21,27062,27062,27084,JobState.COMPLETED,0,176.53061224489795,176.53061224489795,3707.142857142857
jid_898202,92940.0,168.0,1,22,27062,27062,27085,JobState.COMPLETED,0,176.53061224489795,176.53061224489795,3883.673469387755
jid_898201,92940.0,168.0,1,28,27062,27062,27091,JobState.COMPLETED,0,176.53061224489795,176.53061224489795,4942.857142857143
jid_898203,92940.0,168.0,1,26,27065,27065,27092,JobState.COMPLETED,0,176.53061224489795,176.53061224489795,4589.7959183673465
jid_898204,92940.0,168.0,1,24,27077,27077,27102,JobState.COMPLETED,0,176.53061224489795,176.53061224489795,4236.734693877551
jid_898206,92940.0,168.0,1,25,27077,27077,27103,JobState.COMPLETED,0,176.53061224489795,176.53061224489795,4413.265306122449
jid_898205,92940.0,168.0,1,31,27077,27077,27109,JobState.COMPLETED,0,176.53061224489795,176.53061224489795,5472.448979591836
jid_898208,92940.0,168.0,1,68,27046,27046,27115,JobState.COMPLETED,0,176.53061224489798,176.53061224489795,12004.081632653062
jid_898207,92940.0,168.0,1,27,27087,27087,27115,JobState.COMPLETED,0,176.53061224489795,176.53061224489795,4766.326530612245
jid_898209,92940.0,168.0,1,84,27040,27040,27125,JobState.COMPLETED,0,176.53061224489795,176.53061224489795,14828.571428571428
jid_898210,92940.0,168.0,1,38,27087,27087,27126,JobState.COMPLETED,0,176.53061224489795,176.53061224489795,6708.163265306122
jid_898212,92940.0,168.0,1,99,27034,27034,27134,JobState.COMPLETED,0,176.53061224489792,176.53061224489795,17476.530612244893
jid_898213,92940.0,168.0,1,27,27106,27106,27134,JobState.COMPLETED,0,176.53061224489795,176.53061224489795,4766.326530612245
jid_898211,92940.0,168.0,1,29,27107,27107,27137,JobState.COMPLETED,0,176.53061224489795,176.53061224489795,5119.3877551020405
jid_898225,92940.0,168.0,1,31,27106,27106,27138,JobState.COMPLETED,0,176.53061224489795,176.53061224489795,5472.448979591836
jid_898214,92940.0,168.0,1,25,27126,27126,27152,JobState.COMPLETED,0,176.53061224489795,176.53061224489795,4413.265306122449
jid_898215,92940.0,168.0,1,30,27126,27126,27157,JobState.COMPLETED,0,176.53061224489795,176.53061224489795,5295.918367346939
jid_898217,92940.0,168.0,1,30,27126,27126,27157,JobState.COMPLETED,0,176.53061224489795,176.53061224489795,5295.918367346939
jid_898216,92940.0,168.0,1,26,27131,27131,27158,JobState.COMPLETED,0,176.53061224489795,176.53061224489795,4589.7959183673465
jid_898218,92940.0,168.0,1,29,27154,27154,27184,JobState.COMPLETED,0,176.53061224489795,176.53061224489795,5119.3877551020405
jid_898236,92940.0,168.0,1,31,27156,27156,27188,JobState.COMPLETED,0,176.53061224489795,176.53061224489795,5472.448979591836
jid_898219,92940.0,168.0,1,41,27148,27148,27190,JobState.COMPLETED,0,176.53061224489795,176.53061224489795,7237.755102040816
jid_898224,92940.0,168.0,1,176,27018,27018,27195,JobState.COMPLETED,0,176.5306122448979,176.53061224489795,31069.38775510203
jid_898220,92940.0,168.0,1,26,27173,27173,27200,JobState.COMPLETED,0,176.53061224489795,176.53061224489795,4589.7959183673465
jid_898221,92940.0,168.0,1,29,27172,27172,27202,JobState.COMPLETED,0,176.53061224489795,176.53061224489795,5119.3877551020405
jid_898222,92940.0,168.0,1,29,27172,27172,27202,JobState.COMPLETED,0,176.53061224489795,176.53061224489795,5119.3877551020405
jid_898223,92940.0,168.0,1,67,27136,27136,27204,JobState.COMPLETED,0,176.53061224489798,176.53061224489795,11827.551020408164
jid_898226,92940.0,168.0,1,60,27154,27154,27215,JobState.COMPLETED,0,176.53061224489798,176.53061224489795,10591.83673469388
jid_898249,92940.0,168.0,1,31,27185,27185,27217,JobState.COMPLETED,0,176.53061224489795,176.53061224489795,5472.448979591836
jid_898245,92940.0,168.0,1,78,27146,27146,27225,JobState.COMPLETED,0,176.53061224489795,176.53061224489795,13769.38775510204
jid_898227,92940.0,168.0,1,29,27201,27201,27231,JobState.COMPLETED,0,176.53061224489795,176.53061224489795,5119.3877551020405
jid_898228,92940.0,168.0,1,24,27217,27217,27242,JobState.COMPLETED,0,176.53061224489795,176.53061224489795,4236.734693877551
jid_898229,92940.0,168.0,1,28,27219,27219,27248,JobState.COMPLETED,0,176.53061224489795,176.53061224489795,4942.857142857143
jid_898230,92940.0,168.0,1,30,27219,27219,27250,JobState.COMPLETED,0,176.53061224489795,176.53061224489795,5295.918367346939
jid_898231,92940.0,168.0,1,46,27212,27212,27259,JobState.COMPLETED,0,176.53061224489795,176.53061224489795,8120.408163265306
jid_898247,92940.0,168.0,1,31,27237,27237,27269,JobState.COMPLETED,0,176.53061224489795,176.53061224489795,5472.448979591836
jid_898232,92940.0,168.0,1,52,27223,27223,27276,JobState.COMPLETED,0,176.53061224489795,176.53061224489795,9179.591836734693
jid_898233,92940.0,168.0,1,33,27248,27248,27282,JobState.COMPLETED,0,176.53061224489795,176.53061224489795,5825.510204081633
jid_898234,92940.0,168.0,1,32,27259,27259,27292,JobState.COMPLETED,0,176.53061224489795,176.53061224489795,5648.9795918367345
jid_898235,92940.0,168.0,1,27,27264,27264,27292,JobState.COMPLETED,0,176.53061224489795,176.53061224489795,4766.326530612245
jid_898237,92940.0,168.0,1,30,27273,27273,27304,JobState.COMPLETED,0,176.53061224489795,176.53061224489795,5295.918367346939
jid_898239,92940.0,168.0,1,43,27277,27277,27321,JobState.COMPLETED,0,176.53061224489795,176.53061224489795,7590.816326530612
jid_898240,92940.0,168.0,1,85,27237,27237,27323,JobState.COMPLETED,0,176.53061224489795,176.53061224489795,15005.102040816326
jid_898241,92940.0,168.0,1,31,27298,27298,27330,JobState.COMPLETED,0,176.53061224489795,176.53061224489795,5472.448979591836
jid_898243,92940.0,168.0,1,27,27309,27309,27337,JobState.COMPLETED,0,176.53061224489795,176.53061224489795,4766.326530612245
jid_898242,92940.0,168.0,1,28,27309,27309,27338,JobState.COMPLETED,0,176.53061224489795,176.53061224489795,4942.857142857143
jid_898244,92940.0,168.0,1,28,27309,27309,27338,JobState.COMPLETED,0,176.53061224489795,176.53061224489795,4942.857142857143
jid_898246,92940.0,168.0,1,56,27296,27296,27353,JobState.COMPLETED,0,176.53061224489795,176.53061224489795,9885.714285714286
jid_898248,92940.0,168.0,1,31,27322,27322,27354,JobState.COMPLETED,0,176.53061224489795,176.53061224489795,5472.448979591836
jid_898253,92940.0,168.0,1,26,27355,27355,27382,JobState.COMPLETED,0,176.53061224489795,176.53061224489795,4589.7959183673465
jid_898252,92940.0,168.0,1,32,27350,27350,27383,JobState.COMPLETED,0,176.53061224489795,176.53061224489795,5648.9795918367345
jid_898250,92940.0,168.0,1,30,27353,27353,27384,JobState.COMPLETED,0,176.53061224489795,176.53061224489795,5295.918367346939
jid_898251,92940.0,168.0,1,28,27355,27355,27384,JobState.COMPLETED,0,176.53061224489795,176.53061224489795,4942.857142857143
jid_898254,92940.0,168.0,1,46,27339,27339,27386,JobState.COMPLETED,0,176.53061224489795,176.53061224489795,8120.408163265306
jid_898255,92940.0,168.0,1,179,27226,27226,27406,JobState.COMPLETED,0,176.5306122448979,176.53061224489795,31598.979591836724
jid_898256,92940.0,168.0,1,77,27344,27344,27422,JobState.COMPLETED,0,176.53061224489795,176.53061224489795,13592.857142857143
jid_898257,92940.0,168.0,1,66,27357,27357,27424,JobState.COMPLETED,0,176.53061224489798,176.53061224489795,11651.020408163267
jid_898258,92940.0,168.0,1,42,27388,27388,27431,JobState.COMPLETED,0,176.53061224489795,176.53061224489795,7414.285714285714
jid_898261,92940.0,168.0,1,42,27390,27390,27433,JobState.COMPLETED,0,176.53061224489795,176.53061224489795,7414.285714285714
jid_898260,92940.0,168.0,1,66,27369,27369,27436,JobState.COMPLETED,0,176.53061224489798,176.53061224489795,11651.020408163267
jid_898259,92940.0,168.0,1,46,27390,27390,27437,JobState.COMPLETED,0,176.53061224489795,176.53061224489795,8120.408163265306
jid_898262,92940.0,168.0,1,47,27406,27406,27454,JobState.COMPLETED,0,176.53061224489795,176.53061224489795,8296.938775510203
jid_898265,92940.0,168.0,1,47,27406,27406,27454,JobState.COMPLETED,0,176.53061224489795,176.53061224489795,8296.938775510203
jid_898263,92940.0,168.0,1,48,27406,27406,27455,JobState.COMPLETED,0,176.53061224489795,176.53061224489795,8473.469387755102
jid_898264,92940.0,168.0,1,50,27406,27406,27457,JobState.COMPLETED,0,176.53061224489795,176.53061224489795,8826.530612244898
jid_898266,92940.0,168.0,1,63,27442,27442,27506,JobState.COMPLETED,0,176.53061224489798,176.53061224489795,11121.428571428572
jid_898267,92940.0,168.0,1,60,27453,27453,27514,JobState.COMPLETED,0,176.53061224489798,176.53061224489795,10591.83673469388
jid_898287,92940.0,168.0,1,57,27458,27458,27516,JobState.COMPLETED,0,176.53061224489795,176.53061224489795,10062.244897959183
jid_898268,92940.0,168.0,1,114,27406,27406,27521,JobState.COMPLETED,0,176.53061224489792,176.53061224489795,20124.48979591836
jid_898269,92940.0,168.0,1,74,27458,27458,27533,JobState.COMPLETED,0,176.53061224489795,176.53061224489795,13063.265306122448
jid_898270,92940.0,168.0,1,94,27440,27440,27535,JobState.COMPLETED,0,176.53061224489792,176.53061224489795,16593.877551020403
jid_898272,92940.0,168.0,1,58,27477,27477,27536,JobState.COMPLETED,0,176.53061224489795,176.53061224489795,10238.775510204081
jid_898271,92940.0,168.0,1,59,27477,27477,27537,JobState.COMPLETED,0,176.53061224489795,176.53061224489795,10415.30612244898
jid_898273,92940.0,168.0,1,59,27477,27477,27537,JobState.COMPLETED,0,176.53061224489795,176.53061224489795,10415.30612244898
jid_898274,92940.0,168.0,1,66,27477,27477,27544,JobState.COMPLETED,0,176.53061224489798,176.53061224489795,11651.020408163267
jid_898275,92940.0,168.0,1,111,27457,27457,27569,JobState.COMPLETED,0,176.53061224489792,176.53061224489795,19594.89795918367
jid_898276,92940.0,168.0,1,52,27539,27539,27592,JobState.COMPLETED,0,176.53061224489795,176.53061224489795,9179.591836734693
jid_898278,92940.0,168.0,1,68,27535,27535,27604,JobState.COMPLETED,0,176.53061224489798,176.53061224489795,12004.081632653062
jid_898277,92940.0,168.0,1,50,27553,27553,27604,JobState.COMPLETED,0,176.53061224489795,176.53061224489795,8826.530612244898
jid_898288,92940.0,168.0,1,59,27557,27557,27617,JobState.COMPLETED,0,176.53061224489795,176.53061224489795,10415.30612244898
jid_898279,92940.0,168.0,1,62,27557,27557,27620,JobState.COMPLETED,0,176.53061224489798,176.53061224489795,10944.897959183674
jid_898280,92940.0,168.0,1,62,27558,27558,27621,JobState.COMPLETED,0,176.53061224489798,176.53061224489795,10944.897959183674
jid_898292,92940.0,168.0,1,66,27557,27557,27624,JobState.COMPLETED,0,176.53061224489798,176.53061224489795,11651.020408163267
jid_898281,92940.0,168.0,1,101,27525,27525,27627,JobState.COMPLETED,0,176.53061224489792,176.53061224489795,17829.59183673469
jid_898282,92940.0,168.0,1,72,27566,27566,27639,JobState.COMPLETED,0,176.53061224489795,176.53061224489795,12710.204081632652
jid_898283,92940.0,168.0,1,220,27429,27429,27650,JobState.COMPLETED,0,176.53061224489787,176.53061224489795,38836.73469387753
jid_898285,92940.0,168.0,1,63,27590,27590,27654,JobState.COMPLETED,0,176.53061224489798,176.53061224489795,11121.428571428572
jid_898284,92940.0,168.0,1,44,27609,27609,27654,JobState.COMPLETED,0,176.53061224489795,176.53061224489795,7767.34693877551
jid_898286,92940.0,168.0,1,41,27624,27624,27666,JobState.COMPLETED,0,176.53061224489795,176.53061224489795,7237.755102040816
jid_898289,92940.0,168.0,1,61,27623,27623,27685,JobState.COMPLETED,0,176.53061224489798,176.53061224489795,10768.367346938778
jid_898290,92940.0,168.0,1,55,27640,27640,27696,JobState.COMPLETED,0,176.53061224489795,176.53061224489795,9709.183673469388
jid_898291,92940.0,168.0,1,59,27638,27638,27698,JobState.COMPLETED,0,176.53061224489795,176.53061224489795,10415.30612244898
jid_898293,92940.0,168.0,1,65,27645,27645,27711,JobState.COMPLETED,0,176.53061224489798,176.53061224489795,11474.489795918369
jid_898294,92940.0,168.0,1,48,27668,27668,27717,JobState.COMPLETED,0,176.53061224489795,176.53061224489795,8473.469387755102
jid_898295,92940.0,168.0,1,60,27657,27657,27718,JobState.COMPLETED,0,176.53061224489798,176.53061224489795,10591.83673469388
jid_898296,92940.0,168.0,1,59,27672,27672,27732,JobState.COMPLETED,0,176.53061224489795,176.53061224489795,10415.30612244898
jid_898302,92940.0,168.0,1,62,27686,27686,27749,JobState.COMPLETED,0,176.53061224489798,176.53061224489795,10944.897959183674
jid_898297,92940.0,168.0,1,66,27703,27703,27770,JobState.COMPLETED,0,176.53061224489798,176.53061224489795,11651.020408163267
jid_898298,92940.0,168.0,1,58,27716,27716,27775,JobState.COMPLETED,0,176.53061224489795,176.53061224489795,10238.775510204081
jid_898299,92940.0,168.0,1,65,27716,27716,27782,JobState.COMPLETED,0,176.53061224489798,176.53061224489795,11474.489795918369
jid_898300,92940.0,168.0,1,62,27733,27733,27796,JobState.COMPLETED,0,176.53061224489798,176.53061224489795,10944.897959183674
jid_898306,92940.0,168.0,1,54,27750,27750,27805,JobState.COMPLETED,0,176.53061224489795,176.53061224489795,9532.65306122449
jid_898309,92940.0,168.0,1,90,27725,27725,27816,JobState.COMPLETED,0,176.53061224489792,176.53061224489795,15887.755102040814
jid_898301,92940.0,168.0,1,99,27728,27728,27828,JobState.COMPLETED,0,176.53061224489792,176.53061224489795,17476.530612244893
jid_898303,92940.0,168.0,1,60,27787,27787,27848,JobState.COMPLETED,0,176.53061224489798,176.53061224489795,10591.83673469388
jid_898305,92940.0,168.0,1,58,27796,27796,27855,JobState.COMPLETED,0,176.53061224489795,176.53061224489795,10238.775510204081
jid_898304,92940.0,168.0,1,56,27798,27798,27855,JobState.COMPLETED,0,176.53061224489795,176.53061224489795,9885.714285714286
jid_898307,92940.0,168.0,1,197,27668,27668,27866,JobState.COMPLETED,0,176.5306122448979,176.53061224489795,34776.53061224488
jid_898308,92940.0,168.0,1,61,27813,27813,27875,JobState.COMPLETED,0,176.53061224489798,176.53061224489795,10768.367346938778
jid_898310,92940.0,168.0,1,62,27848,27848,27911,JobState.COMPLETED,0,176.53061224489798,176.53061224489795,10944.897959183674
jid_898311,92940.0,168.0,1,69,27846,27846,27916,JobState.COMPLETED,0,176.53061224489798,176.53061224489795,12180.61224489796
jid_898312,92940.0,168.0,1,1083,26847,26847,27931,JobState.COMPLETED,0,176.5306122448979,176.53061224489795,191182.6530612244
jid_898313,92940.0,168.0,1,56,27875,27875,27932,JobState.COMPLETED,0,176.53061224489795,176.53061224489795,9885.714285714286
jid_898314,92940.0,168.0,1,61,27875,27875,27937,JobState.COMPLETED,0,176.53061224489798,176.53061224489795,10768.367346938778
jid_898315,92940.0,168.0,1,65,27877,27877,27943,JobState.COMPLETED,0,176.53061224489798,176.53061224489795,11474.489795918369
jid_898316,92940.0,168.0,1,64,27891,27891,27956,JobState.COMPLETED,0,176.53061224489798,176.53061224489795,11297.95918367347
jid_898321,92940.0,168.0,1,70,27908,27908,27979,JobState.COMPLETED,0,176.53061224489795,176.53061224489795,12357.142857142857
jid_898317,92940.0,168.0,1,63,27932,27932,27996,JobState.COMPLETED,0,176.53061224489798,176.53061224489795,11121.428571428572
jid_898318,92940.0,168.0,1,65,27951,27951,28017,JobState.COMPLETED,0,176.53061224489798,176.53061224489795,11474.489795918369
jid_898319,92940.0,168.0,1,61,27965,27965,28027,JobState.COMPLETED,0,176.53061224489798,176.53061224489795,10768.367346938778
jid_898320,92940.0,168.0,1,66,27962,27962,28029,JobState.COMPLETED,0,176.53061224489798,176.53061224489795,11651.020408163267
jid_898322,92940.0,168.0,1,64,28000,28000,28065,JobState.COMPLETED,0,176.53061224489798,176.53061224489795,11297.95918367347
jid_898323,92940.0,168.0,1,181,27891,27891,28073,JobState.COMPLETED,0,176.5306122448979,176.53061224489795,31952.04081632652
jid_898324,92940.0,168.0,1,138,27935,27935,28074,JobState.COMPLETED,0,176.5306122448979,176.53061224489795,24361.22448979591
jid_898325,92940.0,168.0,1,61,28014,28014,28076,JobState.COMPLETED,0,176.53061224489798,176.53061224489795,10768.367346938778
jid_894724,63623.0,331.0,48,5007,1259,23078,28086,JobState.COMPLETED,0,176.53061224489923,176.53061224489795,42426661.2244901
jid_898326,92940.0,168.0,1,62,28037,28037,28100,JobState.COMPLETED,0,176.53061224489798,176.53061224489795,10944.897959183674
jid_898327,92940.0,168.0,1,56,28045,28045,28102,JobState.COMPLETED,0,176.53061224489795,176.53061224489795,9885.714285714286
jid_898328,92940.0,168.0,1,68,28060,28060,28129,JobState.COMPLETED,0,176.53061224489798,176.53061224489795,12004.081632653062
jid_898329,92940.0,168.0,1,1026,27107,27107,28134,JobState.COMPLETED,0,176.53061224489798,176.53061224489795,181120.40816326533
jid_898335,92940.0,168.0,1,51,28094,28094,28146,JobState.COMPLETED,0,176.53061224489795,176.53061224489795,9003.061224489795
jid_898330,92940.0,168.0,1,61,28085,28085,28147,JobState.COMPLETED,0,176.53061224489798,176.53061224489795,10768.367346938778
jid_898331,92940.0,168.0,1,201,27950,27950,28152,JobState.COMPLETED,0,176.5306122448979,176.53061224489795,35482.653061224475
jid_898334,92940.0,168.0,1,58,28100,28100,28159,JobState.COMPLETED,0,176.53061224489795,176.53061224489795,10238.775510204081
jid_898337,92940.0,168.0,1,91,28069,28069,28161,JobState.COMPLETED,0,176.53061224489792,176.53061224489795,16064.285714285712
jid_898332,92940.0,168.0,1,60,28119,28119,28180,JobState.COMPLETED,0,176.53061224489798,176.53061224489795,10591.83673469388
jid_898343,92940.0,168.0,1,53,28130,28130,28184,JobState.COMPLETED,0,176.53061224489795,176.53061224489795,9356.122448979591
jid_898333,92940.0,168.0,1,49,28147,28147,28197,JobState.COMPLETED,0,176.53061224489795,176.53061224489795,8650.0
jid_898336,92940.0,168.0,1,57,28164,28164,28222,JobState.COMPLETED,0,176.53061224489795,176.53061224489795,10062.244897959183
jid_898339,92940.0,168.0,1,59,28197,28197,28257,JobState.COMPLETED,0,176.53061224489795,176.53061224489795,10415.30612244898
jid_898338,92940.0,168.0,1,44,28213,28213,28258,JobState.COMPLETED,0,176.53061224489795,176.53061224489795,7767.34693877551
jid_898340,92940.0,168.0,1,60,28220,28220,28281,JobState.COMPLETED,0,176.53061224489798,176.53061224489795,10591.83673469388
jid_898341,92940.0,168.0,1,190,28100,28100,28291,JobState.COMPLETED,0,176.5306122448979,176.53061224489795,33540.8163265306
jid_898342,92940.0,168.0,1,56,28238,28238,28295,JobState.COMPLETED,0,176.53061224489795,176.53061224489795,9885.714285714286
jid_898344,92940.0,168.0,1,52,28245,28245,28298,JobState.COMPLETED,0,176.53061224489795,176.53061224489795,9179.591836734693
jid_898345,92940.0,168.0,1,63,28254,28254,28318,JobState.COMPLETED,0,176.53061224489798,176.53061224489795,11121.428571428572
jid_898346,92940.0,168.0,1,56,28274,28274,28331,JobState.COMPLETED,0,176.53061224489795,176.53061224489795,9885.714285714286
jid_898347,92940.0,168.0,1,57,28274,28274,28332,JobState.COMPLETED,0,176.53061224489795,176.53061224489795,10062.244897959183
jid_898348,92940.0,168.0,1,61,28299,28299,28361,JobState.COMPLETED,0,176.53061224489798,176.53061224489795,10768.367346938778
jid_898350,92940.0,168.0,1,59,28312,28312,28372,JobState.COMPLETED,0,176.53061224489795,176.53061224489795,10415.30612244898
jid_898349,92940.0,168.0,1,193,28181,28181,28375,JobState.COMPLETED,0,176.5306122448979,176.53061224489795,34070.408163265296
jid_898351,92940.0,168.0,1,61,28319,28319,28381,JobState.COMPLETED,0,176.53061224489798,176.53061224489795,10768.367346938778
jid_898356,92940.0,168.0,1,64,28319,28319,28384,JobState.COMPLETED,0,176.53061224489798,176.53061224489795,11297.95918367347
jid_898352,92940.0,168.0,1,58,28349,28349,28408,JobState.COMPLETED,0,176.53061224489795,176.53061224489795,10238.775510204081
jid_898353,92940.0,168.0,1,60,28350,28350,28411,JobState.COMPLETED,0,176.53061224489798,176.53061224489795,10591.83673469388
jid_898354,92940.0,168.0,1,63,28380,28380,28444,JobState.COMPLETED,0,176.53061224489798,176.53061224489795,11121.428571428572
jid_898355,92940.0,168.0,1,64,28391,28391,28456,JobState.COMPLETED,0,176.53061224489798,176.53061224489795,11297.95918367347
jid_898357,92940.0,168.0,1,67,28402,28402,28470,JobState.COMPLETED,0,176.53061224489798,176.53061224489795,11827.551020408164
jid_898363,92940.0,168.0,1,146,28335,28335,28482,JobState.COMPLETED,0,176.5306122448979,176.53061224489795,25773.469387755093
jid_898358,92940.0,168.0,1,65,28426,28426,28492,JobState.COMPLETED,0,176.53061224489798,176.53061224489795,11474.489795918369
jid_898359,92940.0,168.0,1,63,28429,28429,28493,JobState.COMPLETED,0,176.53061224489798,176.53061224489795,11121.428571428572
jid_898367,92940.0,168.0,1,194,28310,28310,28505,JobState.COMPLETED,0,176.5306122448979,176.53061224489795,34246.93877551019
jid_898360,92940.0,168.0,1,66,28471,28471,28538,JobState.COMPLETED,0,176.53061224489798,176.53061224489795,11651.020408163267
jid_898361,92940.0,168.0,1,67,28473,28473,28541,JobState.COMPLETED,0,176.53061224489798,176.53061224489795,11827.551020408164
jid_898362,92940.0,168.0,1,63,28482,28482,28546,JobState.COMPLETED,0,176.53061224489798,176.53061224489795,11121.428571428572
jid_898364,92940.0,168.0,1,67,28493,28493,28561,JobState.COMPLETED,0,176.53061224489798,176.53061224489795,11827.551020408164
jid_898365,92940.0,168.0,1,56,28509,28509,28566,JobState.COMPLETED,0,176.53061224489795,176.53061224489795,9885.714285714286
jid_898366,92940.0,168.0,1,55,28511,28511,28567,JobState.COMPLETED,0,176.53061224489795,176.53061224489795,9709.183673469388
jid_898368,92940.0,168.0,1,198,28392,28392,28591,JobState.COMPLETED,0,176.5306122448979,176.53061224489795,34953.061224489786
jid_898369,92940.0,168.0,1,57,28556,28556,28614,JobState.COMPLETED,0,176.53061224489795,176.53061224489795,10062.244897959183
jid_898370,92940.0,168.0,1,57,28560,28560,28618,JobState.COMPLETED,0,176.53061224489795,176.53061224489795,10062.244897959183
jid_898371,92940.0,168.0,1,55,28568,28568,28624,JobState.COMPLETED,0,176.53061224489795,176.53061224489795,9709.183673469388
jid_898372,92940.0,168.0,1,54,28574,28574,28629,JobState.COMPLETED,0,176.53061224489795,176.53061224489795,9532.65306122449
jid_898373,92940.0,168.0,1,57,28578,28578,28636,JobState.COMPLETED,0,176.53061224489795,176.53061224489795,10062.244897959183
jid_898374,92940.0,168.0,1,57,28582,28582,28640,JobState.COMPLETED,0,176.53061224489795,176.53061224489795,10062.244897959183
jid_898375,92940.0,168.0,1,56,28584,28584,28641,JobState.COMPLETED,0,176.53061224489795,176.53061224489795,9885.714285714286
jid_898376,92940.0,168.0,1,954,27693,27693,28648,JobState.COMPLETED,0,176.5306122448981,176.53061224489795,168410.20408163278
jid_898377,92940.0,168.0,1,62,28630,28630,28693,JobState.COMPLETED,0,176.53061224489798,176.53061224489795,10944.897959183674
jid_898378,92940.0,168.0,1,61,28637,28637,28699,JobState.COMPLETED,0,176.53061224489798,176.53061224489795,10768.367346938778
jid_898379,92940.0,168.0,1,54,28647,28647,28702,JobState.COMPLETED,0,176.53061224489795,176.53061224489795,9532.65306122449
jid_898380,92940.0,168.0,1,63,28643,28643,28707,JobState.COMPLETED,0,176.53061224489798,176.53061224489795,11121.428571428572
jid_898382,92940.0,168.0,1,56,28656,28656,28713,JobState.COMPLETED,0,176.53061224489795,176.53061224489795,9885.714285714286
jid_898381,92940.0,168.0,1,58,28656,28656,28715,JobState.COMPLETED,0,176.53061224489795,176.53061224489795,10238.775510204081
jid_898383,92940.0,168.0,1,130,28594,28594,28725,JobState.COMPLETED,0,176.5306122448979,176.53061224489795,22948.979591836727
jid_898384,92940.0,168.0,1,1045,27686,27686,28732,JobState.COMPLETED,0,176.53061224489795,176.53061224489795,184474.48979591837
jid_898385,92940.0,168.0,1,60,28711,28711,28772,JobState.COMPLETED,0,176.53061224489798,176.53061224489795,10591.83673469388
jid_898386,92940.0,168.0,1,55,28720,28720,28776,JobState.COMPLETED,0,176.53061224489795,176.53061224489795,9709.183673469388
jid_898395,92940.0,168.0,1,54,28721,28721,28776,JobState.COMPLETED,0,176.53061224489795,176.53061224489795,9532.65306122449
jid_898389,92940.0,168.0,1,53,28730,28730,28784,JobState.COMPLETED,0,176.53061224489795,176.53061224489795,9356.122448979591
jid_898387,92940.0,168.0,1,54,28730,28730,28785,JobState.COMPLETED,0,176.53061224489795,176.53061224489795,9532.65306122449
jid_898388,92940.0,168.0,1,1052,27734,27734,28787,JobState.COMPLETED,0,176.53061224489795,176.53061224489795,185710.20408163263
jid_898390,92940.0,168.0,1,178,28608,28608,28787,JobState.COMPLETED,0,176.5306122448979,176.53061224489795,31422.448979591827
jid_898391,92940.0,168.0,1,54,28732,28732,28787,JobState.COMPLETED,0,176.53061224489795,176.53061224489795,9532.65306122449
jid_898392,92940.0,168.0,1,951,27867,27867,28819,JobState.COMPLETED,0,176.5306122448981,176.53061224489795,167880.61224489808
jid_898393,92940.0,168.0,1,46,28802,28802,28849,JobState.COMPLETED,0,176.53061224489795,176.53061224489795,8120.408163265306
jid_898394,92940.0,168.0,1,61,28788,28788,28850,JobState.COMPLETED,0,176.53061224489798,176.53061224489795,10768.367346938778
jid_898398,92940.0,168.0,1,54,28799,28799,28854,JobState.COMPLETED,0,176.53061224489795,176.53061224489795,9532.65306122449
jid_898396,92940.0,168.0,1,56,28801,28801,28858,JobState.COMPLETED,0,176.53061224489795,176.53061224489795,9885.714285714286
jid_898397,92940.0,168.0,1,120,28742,28742,28863,JobState.COMPLETED,0,176.5306122448979,176.53061224489795,21183.673469387748
jid_898399,92940.0,168.0,1,56,28814,28814,28871,JobState.COMPLETED,0,176.53061224489795,176.53061224489795,9885.714285714286
jid_898400,92940.0,168.0,1,53,28866,28866,28920,JobState.COMPLETED,0,176.53061224489795,176.53061224489795,9356.122448979591
jid_898401,92940.0,168.0,1,65,28866,28866,28932,JobState.COMPLETED,0,176.53061224489798,176.53061224489795,11474.489795918369
jid_898402,92940.0,168.0,1,62,28876,28876,28939,JobState.COMPLETED,0,176.53061224489798,176.53061224489795,10944.897959183674
jid_898403,92940.0,168.0,1,61,28878,28878,28940,JobState.COMPLETED,0,176.53061224489798,176.53061224489795,10768.367346938778
jid_898404,92940.0,168.0,1,63,28878,28878,28942,JobState.COMPLETED,0,176.53061224489798,176.53061224489795,11121.428571428572
jid_898405,92940.0,168.0,1,66,28882,28882,28949,JobState.COMPLETED,0,176.53061224489798,176.53061224489795,11651.020408163267
jid_898406,92940.0,168.0,1,67,28889,28889,28957,JobState.COMPLETED,0,176.53061224489798,176.53061224489795,11827.551020408164
jid_898407,92940.0,168.0,1,166,28808,28808,28975,JobState.COMPLETED,0,176.5306122448979,176.53061224489795,29304.08163265305
jid_898410,92940.0,168.0,1,40,28953,28953,28994,JobState.COMPLETED,0,176.53061224489795,176.53061224489795,7061.224489795918
jid_898408,92940.0,168.0,1,31,28962,28962,28994,JobState.COMPLETED,0,176.53061224489795,176.53061224489795,5472.448979591836
jid_898409,92940.0,168.0,1,34,28960,28960,28995,JobState.COMPLETED,0,176.53061224489795,176.53061224489795,6002.04081632653
jid_898411,92940.0,168.0,1,35,28962,28962,28998,JobState.COMPLETED,0,176.53061224489795,176.53061224489795,6178.571428571428
jid_898413,92940.0,168.0,1,29,28969,28969,28999,JobState.COMPLETED,0,176.53061224489795,176.53061224489795,5119.3877551020405
jid_898412,92940.0,168.0,1,26,28973,28973,29000,JobState.COMPLETED,0,176.53061224489795,176.53061224489795,4589.7959183673465
jid_898414,92940.0,168.0,1,28,29013,29013,29042,JobState.COMPLETED,0,176.53061224489795,176.53061224489795,4942.857142857143
jid_898416,92940.0,168.0,1,25,29017,29017,29043,JobState.COMPLETED,0,176.53061224489795,176.53061224489795,4413.265306122449
jid_898417,92940.0,168.0,1,30,29013,29013,29044,JobState.COMPLETED,0,176.53061224489795,176.53061224489795,5295.918367346939
jid_898415,92940.0,168.0,1,25,29020,29020,29046,JobState.COMPLETED,0,176.53061224489795,176.53061224489795,4413.265306122449
jid_898423,92940.0,168.0,1,33,29019,29019,29053,JobState.COMPLETED,0,176.53061224489795,176.53061224489795,5825.510204081633
jid_898418,92940.0,168.0,1,30,29023,29023,29054,JobState.COMPLETED,0,176.53061224489795,176.53061224489795,5295.918367346939
jid_898419,92940.0,168.0,1,29,29063,29063,29093,JobState.COMPLETED,0,176.53061224489795,176.53061224489795,5119.3877551020405
jid_898420,92940.0,168.0,1,29,29063,29063,29093,JobState.COMPLETED,0,176.53061224489795,176.53061224489795,5119.3877551020405
jid_898421,92940.0,168.0,1,28,29065,29065,29094,JobState.COMPLETED,0,176.53061224489795,176.53061224489795,4942.857142857143
jid_898422,92940.0,168.0,1,29,29074,29074,29104,JobState.COMPLETED,0,176.53061224489795,176.53061224489795,5119.3877551020405
jid_898424,92940.0,168.0,1,26,29112,29112,29139,JobState.COMPLETED,0,176.53061224489795,176.53061224489795,4589.7959183673465
jid_898430,92940.0,168.0,1,141,28998,28998,29140,JobState.COMPLETED,0,176.5306122448979,176.53061224489795,24890.816326530603
jid_898425,92940.0,168.0,1,29,29112,29112,29142,JobState.COMPLETED,0,176.53061224489795,176.53061224489795,5119.3877551020405
jid_898431,92940.0,168.0,1,31,29113,29113,29145,JobState.COMPLETED,0,176.53061224489795,176.53061224489795,5472.448979591836
jid_898426,92940.0,168.0,1,29,29122,29122,29152,JobState.COMPLETED,0,176.53061224489795,176.53061224489795,5119.3877551020405
jid_898427,92940.0,168.0,1,32,29146,29146,29179,JobState.COMPLETED,0,176.53061224489795,176.53061224489795,5648.9795918367345
jid_898428,92940.0,168.0,1,29,29158,29158,29188,JobState.COMPLETED,0,176.53061224489795,176.53061224489795,5119.3877551020405
jid_898429,92940.0,168.0,1,29,29168,29168,29198,JobState.COMPLETED,0,176.53061224489795,176.53061224489795,5119.3877551020405
jid_898432,92940.0,168.0,1,26,29203,29203,29230,JobState.COMPLETED,0,176.53061224489795,176.53061224489795,4589.7959183673465
jid_898433,92940.0,168.0,1,32,29200,29200,29233,JobState.COMPLETED,0,176.53061224489795,176.53061224489795,5648.9795918367345
jid_898434,92940.0,168.0,1,33,29214,29214,29248,JobState.COMPLETED,0,176.53061224489795,176.53061224489795,5825.510204081633
jid_898436,92940.0,168.0,1,107,29157,29157,29265,JobState.COMPLETED,0,176.53061224489792,176.53061224489795,18888.77551020408
jid_898437,92940.0,168.0,1,49,29237,29237,29287,JobState.COMPLETED,0,176.53061224489795,176.53061224489795,8650.0
jid_898438,92940.0,168.0,1,48,29247,29247,29296,JobState.COMPLETED,0,176.53061224489795,176.53061224489795,8473.469387755102
jid_898439,92940.0,168.0,1,55,29251,29251,29307,JobState.COMPLETED,0,176.53061224489795,176.53061224489795,9709.183673469388
jid_898440,92940.0,168.0,1,53,29264,29264,29318,JobState.COMPLETED,0,176.53061224489795,176.53061224489795,9356.122448979591
jid_898441,92940.0,168.0,1,104,29234,29234,29339,JobState.COMPLETED,0,176.53061224489792,176.53061224489795,18359.183673469382
jid_898444,92940.0,168.0,1,70,29307,29307,29378,JobState.COMPLETED,0,176.53061224489795,176.53061224489795,12357.142857142857
jid_898448,92940.0,168.0,1,70,29313,29313,29384,JobState.COMPLETED,0,176.53061224489795,176.53061224489795,12357.142857142857
jid_898445,92940.0,168.0,1,77,29327,29327,29405,JobState.COMPLETED,0,176.53061224489795,176.53061224489795,13592.857142857143
jid_898449,92940.0,168.0,1,71,29336,29336,29408,JobState.COMPLETED,0,176.53061224489795,176.53061224489795,12533.673469387755
jid_898446,92940.0,168.0,1,136,29281,29281,29418,JobState.COMPLETED,0,176.5306122448979,176.53061224489795,24008.163265306113
jid_898447,92940.0,168.0,1,1275,28153,28153,29429,JobState.COMPLETED,0,176.5306122448977,176.53061224489795,225076.53061224456
jid_898452,92940.0,168.0,1,58,29398,29398,29457,JobState.COMPLETED,0,176.53061224489795,176.53061224489795,10238.775510204081
jid_898450,92940.0,168.0,1,130,29359,29359,29490,JobState.COMPLETED,0,176.5306122448979,176.53061224489795,22948.979591836727
jid_898451,92940.0,168.0,1,72,29425,29425,29498,JobState.COMPLETED,0,176.53061224489795,176.53061224489795,12710.204081632652
jid_898453,92940.0,168.0,1,55,29475,29475,29531,JobState.COMPLETED,0,176.53061224489795,176.53061224489795,9709.183673469388
jid_898454,92940.0,168.0,1,55,29497,29497,29553,JobState.COMPLETED,0,176.53061224489795,176.53061224489795,9709.183673469388
jid_898455,92940.0,168.0,1,124,29436,29436,29561,JobState.COMPLETED,0,176.5306122448979,176.53061224489795,21889.795918367337
jid_898456,92940.0,168.0,1,56,29508,29508,29565,JobState.COMPLETED,0,176.53061224489795,176.53061224489795,9885.714285714286
jid_898457,92940.0,168.0,1,54,29517,29517,29572,JobState.COMPLETED,0,176.53061224489795,176.53061224489795,9532.65306122449
jid_898458,92940.0,168.0,1,52,29548,29548,29601,JobState.COMPLETED,0,176.53061224489795,176.53061224489795,9179.591836734693
jid_898459,92940.0,168.0,1,60,29571,29571,29632,JobState.COMPLETED,0,176.53061224489798,176.53061224489795,10591.83673469388
jid_898460,92940.0,168.0,1,60,29582,29582,29643,JobState.COMPLETED,0,176.53061224489798,176.53061224489795,10591.83673469388
jid_898461,92940.0,168.0,1,63,29590,29590,29654,JobState.COMPLETED,0,176.53061224489798,176.53061224489795,11121.428571428572
jid_898462,92940.0,168.0,1,62,29618,29618,29681,JobState.COMPLETED,0,176.53061224489798,176.53061224489795,10944.897959183674
jid_898463,92940.0,168.0,1,59,29650,29650,29710,JobState.COMPLETED,0,176.53061224489795,176.53061224489795,10415.30612244898
jid_898464,92940.0,168.0,1,132,29579,29579,29712,JobState.COMPLETED,0,176.5306122448979,176.53061224489795,23302.040816326524
jid_898465,92940.0,168.0,1,1061,28658,28658,29720,JobState.COMPLETED,0,176.53061224489792,176.53061224489795,187298.9795918367
jid_898466,92940.0,168.0,1,61,29659,29659,29721,JobState.COMPLETED,0,176.53061224489798,176.53061224489795,10768.367346938778
jid_898467,92940.0,168.0,1,74,29671,29671,29746,JobState.COMPLETED,0,176.53061224489795,176.53061224489795,13063.265306122448
jid_898468,92940.0,168.0,1,53,29698,29698,29752,JobState.COMPLETED,0,176.53061224489795,176.53061224489795,9356.122448979591
jid_898469,92940.0,168.0,1,1105,28667,28667,29773,JobState.COMPLETED,0,176.5306122448979,176.53061224489795,195066.32653061216
jid_898470,92940.0,168.0,1,53,29727,29727,29781,JobState.COMPLETED,0,176.53061224489795,176.53061224489795,9356.122448979591
jid_898471,92940.0,168.0,1,61,29737,29737,29799,JobState.COMPLETED,0,176.53061224489798,176.53061224489795,10768.367346938778
jid_898472,92940.0,168.0,1,56,29763,29763,29820,JobState.COMPLETED,0,176.53061224489795,176.53061224489795,9885.714285714286
jid_898473,92940.0,168.0,1,93,29728,29728,29822,JobState.COMPLETED,0,176.53061224489792,176.53061224489795,16417.346938775507
jid_898474,92940.0,168.0,1,54,29770,29770,29825,JobState.COMPLETED,0,176.53061224489795,176.53061224489795,9532.65306122449
jid_898475,92940.0,168.0,1,68,29816,29816,29885,JobState.COMPLETED,0,176.53061224489798,176.53061224489795,12004.081632653062
jid_898476,92940.0,168.0,1,947,28940,28940,29888,JobState.COMPLETED,0,176.53061224489812,176.53061224489795,167174.48979591852
jid_898477,92940.0,168.0,1,57,29840,29840,29898,JobState.COMPLETED,0,176.53061224489795,176.53061224489795,10062.244897959183
jid_898478,92940.0,168.0,1,58,29840,29840,29899,JobState.COMPLETED,0,176.53061224489795,176.53061224489795,10238.775510204081
jid_898480,92940.0,168.0,1,1116,28841,28841,29958,JobState.COMPLETED,0,176.53061224489787,176.53061224489795,197008.163265306
jid_898481,92940.0,168.0,1,122,29840,29840,29963,JobState.COMPLETED,0,176.5306122448979,176.53061224489795,21536.734693877544
jid_898482,92940.0,168.0,1,62,29905,29905,29968,JobState.COMPLETED,0,176.53061224489798,176.53061224489795,10944.897959183674
jid_898483,92940.0,168.0,1,179,29798,29798,29978,JobState.COMPLETED,0,176.5306122448979,176.53061224489795,31598.979591836724
jid_898484,92940.0,168.0,1,62,29920,29920,29983,JobState.COMPLETED,0,176.53061224489798,176.53061224489795,10944.897959183674
jid_898485,92940.0,168.0,1,62,29921,29921,29984,JobState.COMPLETED,0,176.53061224489798,176.53061224489795,10944.897959183674
jid_898486,92940.0,168.0,1,1241,28750,28750,29992,JobState.COMPLETED,0,176.53061224489772,176.53061224489795,219074.48979591808
jid_898488,92940.0,168.0,1,1239,28802,28802,30042,JobState.COMPLETED,0,176.53061224489772,176.53061224489795,218721.4285714283
jid_898487,92940.0,168.0,1,61,29986,29986,30048,JobState.COMPLETED,0,176.53061224489798,176.53061224489795,10768.367346938778
jid_898490,92940.0,168.0,1,56,30004,30004,30061,JobState.COMPLETED,0,176.53061224489795,176.53061224489795,9885.714285714286
jid_898491,92940.0,168.0,1,56,30004,30004,30061,JobState.COMPLETED,0,176.53061224489795,176.53061224489795,9885.714285714286
jid_898493,92940.0,168.0,1,105,29978,29978,30084,JobState.COMPLETED,0,176.53061224489792,176.53061224489795,18535.714285714283
jid_895642,92975.0,322.0,192,6837,6569,23254,30092,JobState.COMPLETED,0,176.53061224489718,176.53061224489795,231732440.8163255
jid_898494,92940.0,168.0,1,1033,29065,29065,30099,JobState.COMPLETED,0,176.53061224489798,176.53061224489795,182356.12244897962
jid_898495,92940.0,168.0,1,61,30067,30067,30129,JobState.COMPLETED,0,176.53061224489798,176.53061224489795,10768.367346938778
jid_898497,92940.0,168.0,1,59,30082,30082,30142,JobState.COMPLETED,0,176.53061224489795,176.53061224489795,10415.30612244898
jid_898496,92940.0,168.0,1,59,30083,30083,30143,JobState.COMPLETED,0,176.53061224489795,176.53061224489795,10415.30612244898
jid_898498,92940.0,168.0,1,167,29995,29995,30163,JobState.COMPLETED,0,176.5306122448979,176.53061224489795,29480.612244897948
jid_898499,92940.0,168.0,1,100,30101,30101,30202,JobState.COMPLETED,0,176.53061224489792,176.53061224489795,17653.061224489793
jid_898500,92940.0,168.0,1,55,30164,30164,30220,JobState.COMPLETED,0,176.53061224489795,176.53061224489795,9709.183673469388
jid_898501,92940.0,168.0,1,60,30162,30162,30223,JobState.COMPLETED,0,176.53061224489798,176.53061224489795,10591.83673469388
jid_898502,92940.0,168.0,1,60,30163,30163,30224,JobState.COMPLETED,0,176.53061224489798,176.53061224489795,10591.83673469388
jid_898503,92940.0,168.0,1,68,30219,30219,30288,JobState.COMPLETED,0,176.53061224489798,176.53061224489795,12004.081632653062
jid_898504,92940.0,168.0,1,58,30241,30241,30300,JobState.COMPLETED,0,176.53061224489795,176.53061224489795,10238.775510204081
jid_898505,92940.0,168.0,1,61,30241,30241,30303,JobState.COMPLETED,0,176.53061224489798,176.53061224489795,10768.367346938778
jid_898506,92940.0,168.0,1,146,30179,30179,30326,JobState.COMPLETED,0,176.5306122448979,176.53061224489795,25773.469387755093
jid_898507,92940.0,168.0,1,58,30320,30320,30379,JobState.COMPLETED,0,176.53061224489795,176.53061224489795,10238.775510204081
jid_898508,92940.0,168.0,1,71,30320,30320,30392,JobState.COMPLETED,0,176.53061224489795,176.53061224489795,12533.673469387755
jid_898509,92940.0,168.0,1,102,30305,30305,30408,JobState.COMPLETED,0,176.53061224489792,176.53061224489795,18006.12244897959
jid_898510,92940.0,168.0,1,182,30248,30248,30431,JobState.COMPLETED,0,176.5306122448979,176.53061224489795,32128.571428571417
jid_898511,92940.0,168.0,1,64,30398,30398,30463,JobState.COMPLETED,0,176.53061224489798,176.53061224489795,11297.95918367347
jid_898513,92940.0,168.0,1,60,30413,30413,30474,JobState.COMPLETED,0,176.53061224489798,176.53061224489795,10591.83673469388
jid_898519,92940.0,168.0,1,69,30426,30426,30496,JobState.COMPLETED,0,176.53061224489798,176.53061224489795,12180.61224489796
jid_898515,92940.0,168.0,1,171,30344,30344,30516,JobState.COMPLETED,0,176.5306122448979,176.53061224489795,30186.73469387754
jid_898516,92940.0,168.0,1,62,30483,30483,30546,JobState.COMPLETED,0,176.53061224489798,176.53061224489795,10944.897959183674
jid_898517,92940.0,168.0,1,55,30494,30494,30550,JobState.COMPLETED,0,176.53061224489795,176.53061224489795,9709.183673469388
jid_898518,92940.0,168.0,1,1013,29547,29547,30561,JobState.COMPLETED,0,176.530612244898,176.53061224489795,178825.5102040817
jid_898520,92940.0,168.0,1,170,30449,30449,30620,JobState.COMPLETED,0,176.5306122448979,176.53061224489795,30010.20408163264
jid_898521,92940.0,168.0,1,55,30567,30567,30623,JobState.COMPLETED,0,176.53061224489795,176.53061224489795,9709.183673469388
jid_898522,92940.0,168.0,1,62,30564,30564,30627,JobState.COMPLETED,0,176.53061224489798,176.53061224489795,10944.897959183674
jid_898523,92940.0,168.0,1,118,30532,30532,30651,JobState.COMPLETED,0,176.53061224489792,176.53061224489795,20830.612244897955
jid_898524,92940.0,168.0,1,96,30587,30587,30684,JobState.COMPLETED,0,176.53061224489792,176.53061224489795,16946.9387755102
jid_898526,92940.0,168.0,1,54,30642,30642,30697,JobState.COMPLETED,0,176.53061224489795,176.53061224489795,9532.65306122449
jid_898525,92940.0,168.0,1,53,30644,30644,30698,JobState.COMPLETED,0,176.53061224489795,176.53061224489795,9356.122448979591
jid_898528,92940.0,168.0,1,64,30701,30701,30766,JobState.COMPLETED,0,176.53061224489798,176.53061224489795,11297.95918367347
jid_898530,92940.0,168.0,1,54,30716,30716,30771,JobState.COMPLETED,0,176.53061224489795,176.53061224489795,9532.65306122449
jid_898529,92940.0,168.0,1,55,30716,30716,30772,JobState.COMPLETED,0,176.53061224489795,176.53061224489795,9709.183673469388
jid_898531,92940.0,168.0,1,1325,29451,29451,30777,JobState.COMPLETED,0,176.53061224489764,176.53061224489795,233903.0612244894
jid_898532,92940.0,168.0,1,145,30639,30639,30785,JobState.COMPLETED,0,176.5306122448979,176.53061224489795,25596.938775510196
jid_898533,92940.0,168.0,1,149,30667,30667,30817,JobState.COMPLETED,0,176.5306122448979,176.53061224489795,26303.061224489786
jid_898535,92940.0,168.0,1,43,30790,30790,30834,JobState.COMPLETED,0,176.53061224489795,176.53061224489795,7590.816326530612
jid_898534,92940.0,168.0,1,44,30790,30790,30835,JobState.COMPLETED,0,176.53061224489795,176.53061224489795,7767.34693877551
jid_898536,92940.0,168.0,1,30,30851,30851,30882,JobState.COMPLETED,0,176.53061224489795,176.53061224489795,5295.918367346939
jid_898537,92940.0,168.0,1,30,30851,30851,30882,JobState.COMPLETED,0,176.53061224489795,176.53061224489795,5295.918367346939
jid_898543,92940.0,168.0,1,107,30784,30784,30892,JobState.COMPLETED,0,176.53061224489792,176.53061224489795,18888.77551020408
jid_898538,92940.0,168.0,1,24,30899,30899,30924,JobState.COMPLETED,0,176.53061224489795,176.53061224489795,4236.734693877551
jid_898539,92940.0,168.0,1,24,30900,30900,30925,JobState.COMPLETED,0,176.53061224489795,176.53061224489795,4236.734693877551
jid_898540,92940.0,168.0,1,99,30834,30834,30934,JobState.COMPLETED,0,176.53061224489792,176.53061224489795,17476.530612244893
jid_898541,92940.0,168.0,1,134,30804,30804,30939,JobState.COMPLETED,0,176.5306122448979,176.53061224489795,23655.102040816317
jid_898542,92940.0,168.0,1,1152,29792,29792,30945,JobState.COMPLETED,0,176.5306122448978,176.53061224489795,203363.26530612228
jid_898545,92940.0,168.0,1,30,30942,30942,30973,JobState.COMPLETED,0,176.53061224489795,176.53061224489795,5295.918367346939
jid_898544,92940.0,168.0,1,31,30942,30942,30974,JobState.COMPLETED,0,176.53061224489795,176.53061224489795,5472.448979591836
jid_898546,92940.0,168.0,1,1267,29736,29736,31004,JobState.COMPLETED,0,176.5306122448977,176.53061224489795,223664.2857142854
jid_898547,92940.0,168.0,1,26,30983,30983,31010,JobState.COMPLETED,0,176.53061224489795,176.53061224489795,4589.7959183673465
jid_898555,92940.0,168.0,1,26,30990,30990,31017,JobState.COMPLETED,0,176.53061224489795,176.53061224489795,4589.7959183673465
jid_898548,92940.0,168.0,1,30,30990,30990,31021,JobState.COMPLETED,0,176.53061224489795,176.53061224489795,5295.918367346939
jid_898549,92940.0,168.0,1,77,30950,30950,31028,JobState.COMPLETED,0,176.53061224489795,176.53061224489795,13592.857142857143
jid_898550,92940.0,168.0,1,83,30956,30956,31040,JobState.COMPLETED,0,176.53061224489795,176.53061224489795,14652.04081632653
jid_898551,92940.0,168.0,1,1146,29905,29905,31052,JobState.COMPLETED,0,176.53061224489784,176.53061224489795,202304.08163265293
jid_898552,92940.0,168.0,1,26,31027,31027,31054,JobState.COMPLETED,0,176.53061224489795,176.53061224489795,4589.7959183673465
jid_898553,92940.0,168.0,1,28,31039,31039,31068,JobState.COMPLETED,0,176.53061224489795,176.53061224489795,4942.857142857143
jid_898557,92940.0,168.0,1,25,31070,31070,31096,JobState.COMPLETED,0,176.53061224489795,176.53061224489795,4413.265306122449
jid_898558,92940.0,168.0,1,29,31085,31085,31115,JobState.COMPLETED,0,176.53061224489795,176.53061224489795,5119.3877551020405
jid_898559,92940.0,168.0,1,72,31044,31044,31117,JobState.COMPLETED,0,176.53061224489795,176.53061224489795,12710.204081632652
jid_898560,92940.0,168.0,1,1142,29976,29976,31119,JobState.COMPLETED,0,176.53061224489784,176.53061224489795,201597.95918367335
jid_898562,92940.0,168.0,1,24,31109,31109,31134,JobState.COMPLETED,0,176.53061224489795,176.53061224489795,4236.734693877551
jid_898563,92940.0,168.0,1,23,31112,31112,31136,JobState.COMPLETED,0,176.53061224489795,176.53061224489795,4060.204081632653
jid_898564,92940.0,168.0,1,18,31132,31132,31151,JobState.COMPLETED,0,176.53061224489795,176.53061224489795,3177.551020408163
jid_898565,92940.0,168.0,1,106,31058,31058,31165,JobState.COMPLETED,0,176.53061224489792,176.53061224489795,18712.24489795918
jid_898566,92940.0,168.0,1,18,31151,31151,31170,JobState.COMPLETED,0,176.53061224489795,176.53061224489795,3177.551020408163
jid_898567,92940.0,168.0,1,19,31152,31152,31172,JobState.COMPLETED,0,176.53061224489795,176.53061224489795,3354.081632653061
jid_898570,92940.0,168.0,1,17,31167,31167,31185,JobState.COMPLETED,0,176.53061224489795,176.53061224489795,3001.020408163265
jid_898568,92940.0,168.0,1,65,31132,31132,31198,JobState.COMPLETED,0,176.53061224489798,176.53061224489795,11474.489795918369
jid_898572,92940.0,168.0,1,18,31187,31187,31206,JobState.COMPLETED,0,176.53061224489795,176.53061224489795,3177.551020408163
jid_898569,92940.0,168.0,1,19,31188,31188,31208,JobState.COMPLETED,0,176.53061224489795,176.53061224489795,3354.081632653061
jid_898575,92940.0,168.0,1,19,31225,31225,31245,JobState.COMPLETED,0,176.53061224489795,176.53061224489795,3354.081632653061
jid_898571,92940.0,168.0,1,1251,30010,30010,31262,JobState.COMPLETED,0,176.53061224489772,176.53061224489795,220839.79591836705
jid_898578,92940.0,168.0,1,86,31181,31181,31268,JobState.COMPLETED,0,176.53061224489795,176.53061224489795,15181.632653061224
jid_898573,92940.0,168.0,1,35,31276,31276,31312,JobState.COMPLETED,0,176.53061224489795,176.53061224489795,6178.571428571428
jid_898574,92940.0,168.0,1,17,31296,31296,31314,JobState.COMPLETED,0,176.53061224489795,176.53061224489795,3001.020408163265
jid_898576,92940.0,168.0,1,120,31213,31213,31334,JobState.COMPLETED,0,176.5306122448979,176.53061224489795,21183.673469387748
jid_898577,92940.0,168.0,1,1272,30068,30068,31341,JobState.COMPLETED,0,176.5306122448977,176.53061224489795,224546.93877550986
jid_898579,92940.0,168.0,1,17,31330,31330,31348,JobState.COMPLETED,0,176.53061224489795,176.53061224489795,3001.020408163265
jid_898580,92940.0,168.0,1,19,31335,31335,31355,JobState.COMPLETED,0,176.53061224489795,176.53061224489795,3354.081632653061
jid_898581,92940.0,168.0,1,1240,30121,30121,31362,JobState.COMPLETED,0,176.53061224489772,176.53061224489795,218897.95918367317
jid_898582,92940.0,168.0,1,35,31328,31328,31364,JobState.COMPLETED,0,176.53061224489795,176.53061224489795,6178.571428571428
jid_898583,92940.0,168.0,1,18,31349,31349,31368,JobState.COMPLETED,0,176.53061224489795,176.53061224489795,3177.551020408163
jid_898584,92940.0,168.0,1,17,31363,31363,31381,JobState.COMPLETED,0,176.53061224489795,176.53061224489795,3001.020408163265
jid_898586,92940.0,168.0,1,18,31372,31372,31391,JobState.COMPLETED,0,176.53061224489795,176.53061224489795,3177.551020408163
jid_898587,92940.0,168.0,1,17,31383,31383,31401,JobState.COMPLETED,0,176.53061224489795,176.53061224489795,3001.020408163265
jid_898589,92940.0,168.0,1,32,31380,31380,31413,JobState.COMPLETED,0,176.53061224489795,176.53061224489795,5648.9795918367345
jid_898590,92940.0,168.0,1,18,31397,31397,31416,JobState.COMPLETED,0,176.53061224489795,176.53061224489795,3177.551020408163
jid_898591,92940.0,168.0,1,63,31357,31357,31421,JobState.COMPLETED,0,176.53061224489798,176.53061224489795,11121.428571428572
jid_898593,92940.0,168.0,1,20,31410,31410,31431,JobState.COMPLETED,0,176.53061224489795,176.53061224489795,3530.612244897959
jid_898594,92940.0,168.0,1,20,31417,31417,31438,JobState.COMPLETED,0,176.53061224489795,176.53061224489795,3530.612244897959
jid_898595,92940.0,168.0,1,18,31431,31431,31450,JobState.COMPLETED,0,176.53061224489795,176.53061224489795,3177.551020408163
jid_898596,92940.0,168.0,1,33,31429,31429,31463,JobState.COMPLETED,0,176.53061224489795,176.53061224489795,5825.510204081633
jid_898597,92940.0,168.0,1,19,31447,31447,31467,JobState.COMPLETED,0,176.53061224489795,176.53061224489795,3354.081632653061
jid_898598,92940.0,168.0,1,20,31453,31453,31474,JobState.COMPLETED,0,176.53061224489795,176.53061224489795,3530.612244897959
jid_898599,92940.0,168.0,1,17,31465,31465,31483,JobState.COMPLETED,0,176.53061224489795,176.53061224489795,3001.020408163265
jid_898600,92940.0,168.0,1,65,31436,31436,31502,JobState.COMPLETED,0,176.53061224489798,176.53061224489795,11474.489795918369
jid_898601,92940.0,168.0,1,19,31483,31483,31503,JobState.COMPLETED,0,176.53061224489795,176.53061224489795,3354.081632653061
jid_898603,92940.0,168.0,1,20,31488,31488,31509,JobState.COMPLETED,0,176.53061224489795,176.53061224489795,3530.612244897959
jid_898604,92940.0,168.0,1,30,31479,31479,31510,JobState.COMPLETED,0,176.53061224489795,176.53061224489795,5295.918367346939
jid_898605,92940.0,168.0,1,18,31499,31499,31518,JobState.COMPLETED,0,176.53061224489795,176.53061224489795,3177.551020408163
jid_898606,92940.0,168.0,1,19,31518,31518,31538,JobState.COMPLETED,0,176.53061224489795,176.53061224489795,3354.081632653061
jid_898607,92940.0,168.0,1,20,31523,31523,31544,JobState.COMPLETED,0,176.53061224489795,176.53061224489795,3530.612244897959
jid_898608,92940.0,168.0,1,17,31535,31535,31553,JobState.COMPLETED,0,176.53061224489795,176.53061224489795,3001.020408163265
jid_898609,92940.0,168.0,1,29,31526,31526,31556,JobState.COMPLETED,0,176.53061224489795,176.53061224489795,5119.3877551020405
jid_898610,92940.0,168.0,1,19,31553,31553,31573,JobState.COMPLETED,0,176.53061224489795,176.53061224489795,3354.081632653061
jid_898611,92940.0,168.0,1,19,31559,31559,31579,JobState.COMPLETED,0,176.53061224489795,176.53061224489795,3354.081632653061
jid_898612,92940.0,168.0,1,63,31518,31518,31582,JobState.COMPLETED,0,176.53061224489798,176.53061224489795,11121.428571428572
jid_898613,92940.0,168.0,1,17,31569,31569,31587,JobState.COMPLETED,0,176.53061224489795,176.53061224489795,3001.020408163265
jid_898614,92940.0,168.0,1,30,31572,31572,31603,JobState.COMPLETED,0,176.53061224489795,176.53061224489795,5295.918367346939
jid_898619,92940.0,168.0,1,18,31588,31588,31607,JobState.COMPLETED,0,176.53061224489795,176.53061224489795,3177.551020408163
jid_898615,92940.0,168.0,1,20,31594,31594,31615,JobState.COMPLETED,0,176.53061224489795,176.53061224489795,3530.612244897959
jid_898616,92940.0,168.0,1,31,31603,31603,31635,JobState.COMPLETED,0,176.53061224489795,176.53061224489795,5472.448979591836
jid_898617,92940.0,168.0,1,20,31630,31630,31651,JobState.COMPLETED,0,176.53061224489795,176.53061224489795,3530.612244897959
jid_898618,92940.0,168.0,1,34,31619,31619,31654,JobState.COMPLETED,0,176.53061224489795,176.53061224489795,6002.04081632653
jid_898620,92940.0,168.0,1,32,31651,31651,31684,JobState.COMPLETED,0,176.53061224489795,176.53061224489795,5648.9795918367345
jid_898621,92940.0,168.0,1,19,31666,31666,31686,JobState.COMPLETED,0,176.53061224489795,176.53061224489795,3354.081632653061
jid_898622,92940.0,168.0,1,34,31670,31670,31705,JobState.COMPLETED,0,176.53061224489795,176.53061224489795,6002.04081632653
jid_898623,92940.0,168.0,1,18,31694,31694,31713,JobState.COMPLETED,0,176.53061224489795,176.53061224489795,3177.551020408163
jid_898624,92940.0,168.0,1,1140,30578,30578,31719,JobState.COMPLETED,0,176.53061224489784,176.53061224489795,201244.89795918352
jid_898625,92940.0,168.0,1,121,31598,31598,31720,JobState.COMPLETED,0,176.5306122448979,176.53061224489795,21360.204081632644
jid_898626,92940.0,168.0,1,20,31701,31701,31722,JobState.COMPLETED,0,176.53061224489795,176.53061224489795,3530.612244897959
jid_898627,92940.0,168.0,1,30,31699,31699,31730,JobState.COMPLETED,0,176.53061224489795,176.53061224489795,5295.918367346939
jid_898628,92940.0,168.0,1,18,31730,31730,31749,JobState.COMPLETED,0,176.53061224489795,176.53061224489795,3177.551020408163
jid_898629,92940.0,168.0,1,17,31735,31735,31753,JobState.COMPLETED,0,176.53061224489795,176.53061224489795,3001.020408163265
jid_898630,92940.0,168.0,1,35,31720,31720,31756,JobState.COMPLETED,0,176.53061224489795,176.53061224489795,6178.571428571428
jid_898631,92940.0,168.0,1,19,31738,31738,31758,JobState.COMPLETED,0,176.53061224489795,176.53061224489795,3354.081632653061
jid_898632,92940.0,168.0,1,30,31748,31748,31779,JobState.COMPLETED,0,176.53061224489795,176.53061224489795,5295.918367346939
jid_898633,92940.0,168.0,1,17,31768,31768,31786,JobState.COMPLETED,0,176.53061224489795,176.53061224489795,3001.020408163265
jid_898634,92940.0,168.0,1,20,31766,31766,31787,JobState.COMPLETED,0,176.53061224489795,176.53061224489795,3530.612244897959
jid_898637,92940.0,168.0,1,17,31775,31775,31793,JobState.COMPLETED,0,176.53061224489795,176.53061224489795,3001.020408163265
jid_898651,92940.0,168.0,1,20,31801,31801,31822,JobState.COMPLETED,0,176.53061224489795,176.53061224489795,3530.612244897959
jid_898652,92940.0,168.0,1,19,31802,31802,31822,JobState.COMPLETED,0,176.53061224489795,176.53061224489795,3354.081632653061
jid_898653,92940.0,168.0,1,28,31796,31796,31825,JobState.COMPLETED,0,176.53061224489795,176.53061224489795,4942.857142857143
jid_898654,92940.0,168.0,1,19,31808,31808,31828,JobState.COMPLETED,0,176.53061224489795,176.53061224489795,3354.081632653061
jid_898656,92940.0,168.0,1,76,31773,31773,31850,JobState.COMPLETED,0,176.53061224489795,176.53061224489795,13416.326530612245
jid_898657,92940.0,168.0,1,18,31837,31837,31856,JobState.COMPLETED,0,176.53061224489795,176.53061224489795,3177.551020408163
jid_898658,92940.0,168.0,1,20,31837,31837,31858,JobState.COMPLETED,0,176.53061224489795,176.53061224489795,3530.612244897959
jid_898659,92940.0,168.0,1,19,31843,31843,31863,JobState.COMPLETED,0,176.53061224489795,176.53061224489795,3354.081632653061
jid_898660,92940.0,168.0,1,27,31841,31841,31869,JobState.COMPLETED,0,176.53061224489795,176.53061224489795,4766.326530612245
jid_898661,92940.0,168.0,1,17,31866,31866,31884,JobState.COMPLETED,0,176.53061224489795,176.53061224489795,3001.020408163265
jid_898662,92940.0,168.0,1,19,31871,31871,31891,JobState.COMPLETED,0,176.53061224489795,176.53061224489795,3354.081632653061
jid_898663,92940.0,168.0,1,20,31873,31873,31894,JobState.COMPLETED,0,176.53061224489795,176.53061224489795,3530.612244897959
jid_898664,92940.0,168.0,1,18,31878,31878,31897,JobState.COMPLETED,0,176.53061224489795,176.53061224489795,3177.551020408163
jid_898665,92940.0,168.0,1,28,31884,31884,31913,JobState.COMPLETED,0,176.53061224489795,176.53061224489795,4942.857142857143
jid_898666,92940.0,168.0,1,17,31900,31900,31918,JobState.COMPLETED,0,176.53061224489795,176.53061224489795,3001.020408163265
jid_898674,92940.0,168.0,1,19,31905,31905,31925,JobState.COMPLETED,0,176.53061224489795,176.53061224489795,3354.081632653061
jid_898667,92940.0,168.0,1,19,31910,31910,31930,JobState.COMPLETED,0,176.53061224489795,176.53061224489795,3354.081632653061
jid_898668,92940.0,168.0,1,19,31912,31912,31932,JobState.COMPLETED,0,176.53061224489795,176.53061224489795,3354.081632653061
jid_898670,92940.0,168.0,1,19,31936,31936,31956,JobState.COMPLETED,0,176.53061224489795,176.53061224489795,3354.081632653061
jid_898671,92940.0,168.0,1,31,31930,31930,31962,JobState.COMPLETED,0,176.53061224489795,176.53061224489795,5472.448979591836
jid_898672,92940.0,168.0,1,20,31946,31946,31967,JobState.COMPLETED,0,176.53061224489795,176.53061224489795,3530.612244897959
jid_898673,92940.0,168.0,1,20,31948,31948,31969,JobState.COMPLETED,0,176.53061224489795,176.53061224489795,3530.612244897959
jid_898675,92940.0,168.0,1,19,31974,31974,31994,JobState.COMPLETED,0,176.53061224489795,176.53061224489795,3354.081632653061
jid_898676,92940.0,168.0,1,20,31982,31982,32003,JobState.COMPLETED,0,176.53061224489795,176.53061224489795,3530.612244897959
jid_898677,92940.0,168.0,1,20,31984,31984,32005,JobState.COMPLETED,0,176.53061224489795,176.53061224489795,3530.612244897959
jid_898686,92940.0,168.0,1,31,31977,31977,32009,JobState.COMPLETED,0,176.53061224489795,176.53061224489795,5472.448979591836
jid_898678,92940.0,168.0,1,19,32013,32013,32033,JobState.COMPLETED,0,176.53061224489795,176.53061224489795,3354.081632653061
jid_898679,92940.0,168.0,1,19,32019,32019,32039,JobState.COMPLETED,0,176.53061224489795,176.53061224489795,3354.081632653061
jid_898680,92940.0,168.0,1,20,32019,32019,32040,JobState.COMPLETED,0,176.53061224489795,176.53061224489795,3530.612244897959
jid_898681,92940.0,168.0,1,1252,30794,30794,32047,JobState.COMPLETED,0,176.53061224489772,176.53061224489795,221016.32653061196
jid_898682,92940.0,168.0,1,1083,30965,30965,32049,JobState.COMPLETED,0,176.5306122448979,176.53061224489795,191182.6530612244
jid_898683,92940.0,168.0,1,19,32048,32048,32068,JobState.COMPLETED,0,176.53061224489795,176.53061224489795,3354.081632653061
jid_898684,92940.0,168.0,1,19,32055,32055,32075,JobState.COMPLETED,0,176.53061224489795,176.53061224489795,3354.081632653061
jid_898685,92940.0,168.0,1,20,32055,32055,32076,JobState.COMPLETED,0,176.53061224489795,176.53061224489795,3530.612244897959
jid_898687,92940.0,168.0,1,21,32087,32087,32109,JobState.COMPLETED,0,176.53061224489795,176.53061224489795,3707.142857142857
jid_898688,92940.0,168.0,1,20,32093,32093,32114,JobState.COMPLETED,0,176.53061224489795,176.53061224489795,3530.612244897959
jid_898689,92940.0,168.0,1,32,32102,32102,32135,JobState.COMPLETED,0,176.53061224489795,176.53061224489795,5648.9795918367345
jid_898690,92940.0,168.0,1,132,32012,32012,32145,JobState.COMPLETED,0,176.5306122448979,176.53061224489795,23302.040816326524
jid_898691,92940.0,168.0,1,19,32126,32126,32146,JobState.COMPLETED,0,176.53061224489795,176.53061224489795,3354.081632653061
jid_898692,92940.0,168.0,1,1083,31067,31067,32151,JobState.COMPLETED,0,176.5306122448979,176.53061224489795,191182.6530612244
jid_898693,92940.0,168.0,1,20,32130,32130,32151,JobState.COMPLETED,0,176.53061224489795,176.53061224489795,3530.612244897959
jid_898694,92940.0,168.0,1,19,32162,32162,32182,JobState.COMPLETED,0,176.53061224489795,176.53061224489795,3354.081632653061
jid_898695,92940.0,168.0,1,20,32166,32166,32187,JobState.COMPLETED,0,176.53061224489795,176.53061224489795,3530.612244897959
jid_898696,92940.0,168.0,1,1068,31134,31134,32203,JobState.COMPLETED,0,176.53061224489792,176.53061224489795,188534.69387755098
jid_898697,92940.0,168.0,1,150,32064,32064,32215,JobState.COMPLETED,0,176.5306122448979,176.53061224489795,26479.591836734686
jid_898698,92940.0,168.0,1,19,32198,32198,32218,JobState.COMPLETED,0,176.53061224489795,176.53061224489795,3354.081632653061
jid_898699,92940.0,168.0,1,68,32151,32151,32220,JobState.COMPLETED,0,176.53061224489798,176.53061224489795,12004.081632653062
jid_898700,92940.0,168.0,1,1199,31021,31021,32221,JobState.COMPLETED,0,176.53061224489778,176.53061224489795,211660.20408163243
jid_898701,92940.0,168.0,1,20,32202,32202,32223,JobState.COMPLETED,0,176.53061224489795,176.53061224489795,3530.612244897959
jid_898724,92940.0,168.0,1,170,32064,32064,32235,JobState.COMPLETED,0,176.5306122448979,176.53061224489795,30010.20408163264
jid_898767,92940.0,168.0,1,18,32234,32234,32253,JobState.COMPLETED,0,176.53061224489795,176.53061224489795,3177.551020408163
jid_898769,92940.0,168.0,1,17,32236,32236,32254,JobState.COMPLETED,0,176.53061224489795,176.53061224489795,3001.020408163265
jid_898784,92940.0,168.0,1,19,32239,32239,32259,JobState.COMPLETED,0,176.53061224489795,176.53061224489795,3354.081632653061
jid_898836,92940.0,168.0,1,122,32161,32161,32284,JobState.COMPLETED,0,176.5306122448979,176.53061224489795,21536.734693877544
jid_898842,92940.0,168.0,1,17,32269,32269,32287,JobState.COMPLETED,0,176.53061224489795,176.53061224489795,3001.020408163265
jid_898844,92940.0,168.0,1,19,32269,32269,32289,JobState.COMPLETED,0,176.53061224489795,176.53061224489795,3354.081632653061
jid_898845,92940.0,168.0,1,19,32274,32274,32294,JobState.COMPLETED,0,176.53061224489795,176.53061224489795,3354.081632653061
jid_898851,92940.0,168.0,1,99,32219,32219,32319,JobState.COMPLETED,0,176.53061224489792,176.53061224489795,17476.530612244893
jid_898852,92940.0,168.0,1,19,32303,32303,32323,JobState.COMPLETED,0,176.53061224489795,176.53061224489795,3354.081632653061
jid_898853,92940.0,168.0,1,20,32304,32304,32325,JobState.COMPLETED,0,176.53061224489795,176.53061224489795,3530.612244897959
jid_898855,92940.0,168.0,1,19,32309,32309,32329,JobState.COMPLETED,0,176.53061224489795,176.53061224489795,3354.081632653061
jid_898858,92940.0,168.0,1,19,32340,32340,32360,JobState.COMPLETED,0,176.53061224489795,176.53061224489795,3354.081632653061
jid_898859,92940.0,168.0,1,19,32340,32340,32360,JobState.COMPLETED,0,176.53061224489795,176.53061224489795,3354.081632653061
jid_898860,92940.0,168.0,1,21,32344,32344,32366,JobState.COMPLETED,0,176.53061224489795,176.53061224489795,3707.142857142857
jid_898861,92940.0,168.0,1,149,32231,32231,32381,JobState.COMPLETED,0,176.5306122448979,176.53061224489795,26303.061224489786
jid_898862,92940.0,168.0,1,19,32376,32376,32396,JobState.COMPLETED,0,176.53061224489795,176.53061224489795,3354.081632653061
jid_898863,92940.0,168.0,1,19,32377,32377,32397,JobState.COMPLETED,0,176.53061224489795,176.53061224489795,3354.081632653061
jid_898865,92940.0,168.0,1,102,32300,32300,32403,JobState.COMPLETED,0,176.53061224489792,176.53061224489795,18006.12244897959
jid_898864,92940.0,168.0,1,20,32383,32383,32404,JobState.COMPLETED,0,176.53061224489795,176.53061224489795,3530.612244897959
jid_898866,92940.0,168.0,1,167,32250,32250,32418,JobState.COMPLETED,0,176.5306122448979,176.53061224489795,29480.612244897948
jid_898867,92940.0,168.0,1,19,32411,32411,32431,JobState.COMPLETED,0,176.53061224489795,176.53061224489795,3354.081632653061
jid_898868,92940.0,168.0,1,20,32414,32414,32435,JobState.COMPLETED,0,176.53061224489795,176.53061224489795,3530.612244897959
jid_898869,92940.0,168.0,1,19,32420,32420,32440,JobState.COMPLETED,0,176.53061224489795,176.53061224489795,3354.081632653061
jid_898870,92940.0,168.0,1,19,32446,32446,32466,JobState.COMPLETED,0,176.53061224489795,176.53061224489795,3354.081632653061
jid_898871,92940.0,168.0,1,19,32451,32451,32471,JobState.COMPLETED,0,176.53061224489795,176.53061224489795,3354.081632653061
jid_898872,92940.0,168.0,1,20,32457,32457,32478,JobState.COMPLETED,0,176.53061224489795,176.53061224489795,3530.612244897959
jid_898873,92940.0,168.0,1,149,32334,32334,32484,JobState.COMPLETED,0,176.5306122448979,176.53061224489795,26303.061224489786
jid_898880,92940.0,168.0,1,20,32482,32482,32503,JobState.COMPLETED,0,176.53061224489795,176.53061224489795,3530.612244897959
jid_898874,92940.0,168.0,1,1226,31279,31279,32506,JobState.COMPLETED,0,176.53061224489775,176.53061224489795,216426.53061224465
jid_898875,92940.0,168.0,1,19,32488,32488,32508,JobState.COMPLETED,0,176.53061224489795,176.53061224489795,3354.081632653061
jid_898876,92940.0,168.0,1,119,32420,32420,32540,JobState.COMPLETED,0,176.53061224489792,176.53061224489795,21007.14285714285
jid_898877,92940.0,168.0,1,20,32524,32524,32545,JobState.COMPLETED,0,176.53061224489795,176.53061224489795,3530.612244897959
jid_898878,92940.0,168.0,1,150,32396,32396,32547,JobState.COMPLETED,0,176.5306122448979,176.53061224489795,26479.591836734686
jid_898879,92940.0,168.0,1,1186,31377,31377,32564,JobState.COMPLETED,0,176.53061224489778,176.53061224489795,209365.30612244876
jid_898881,92940.0,168.0,1,1223,31357,31357,32581,JobState.COMPLETED,0,176.53061224489775,176.53061224489795,215896.93877550995
jid_898882,92940.0,168.0,1,20,32560,32560,32581,JobState.COMPLETED,0,176.53061224489795,176.53061224489795,3530.612244897959
jid_898883,92940.0,168.0,1,167,32434,32434,32602,JobState.COMPLETED,0,176.5306122448979,176.53061224489795,29480.612244897948
jid_898888,92940.0,168.0,1,19,32590,32590,32610,JobState.COMPLETED,0,176.53061224489795,176.53061224489795,3354.081632653061
jid_898884,92940.0,168.0,1,20,32596,32596,32617,JobState.COMPLETED,0,176.53061224489795,176.53061224489795,3530.612244897959
jid_898885,92940.0,168.0,1,74,32557,32557,32632,JobState.COMPLETED,0,176.53061224489795,176.53061224489795,13063.265306122448
jid_898886,92940.0,168.0,1,150,32500,32500,32651,JobState.COMPLETED,0,176.5306122448979,176.53061224489795,26479.591836734686
jid_898887,92940.0,168.0,1,20,32633,32633,32654,JobState.COMPLETED,0,176.53061224489795,176.53061224489795,3530.612244897959
jid_898889,92940.0,168.0,1,19,32669,32669,32689,JobState.COMPLETED,0,176.53061224489795,176.53061224489795,3354.081632653061
jid_898890,92940.0,168.0,1,168,32523,32523,32692,JobState.COMPLETED,0,176.5306122448979,176.53061224489795,29657.142857142848
jid_898891,92940.0,168.0,1,133,32563,32563,32697,JobState.COMPLETED,0,176.5306122448979,176.53061224489795,23478.57142857142
jid_898892,92940.0,168.0,1,19,32698,32698,32718,JobState.COMPLETED,0,176.53061224489795,176.53061224489795,3354.081632653061
jid_898893,92940.0,168.0,1,19,32705,32705,32725,JobState.COMPLETED,0,176.53061224489795,176.53061224489795,3354.081632653061
jid_898894,92940.0,168.0,1,17,32733,32733,32751,JobState.COMPLETED,0,176.53061224489795,176.53061224489795,3001.020408163265
jid_898895,92940.0,168.0,1,104,32649,32649,32754,JobState.COMPLETED,0,176.53061224489792,176.53061224489795,18359.183673469382
jid_898896,92940.0,168.0,1,169,32596,32596,32766,JobState.COMPLETED,0,176.5306122448979,176.53061224489795,29833.673469387744
jid_898897,92940.0,168.0,1,150,32617,32617,32768,JobState.COMPLETED,0,176.5306122448979,176.53061224489795,26479.591836734686
jid_898898,92940.0,168.0,1,19,32766,32766,32786,JobState.COMPLETED,0,176.53061224489795,176.53061224489795,3354.081632653061
jid_898899,92940.0,168.0,1,151,32666,32666,32818,JobState.COMPLETED,0,176.5306122448979,176.53061224489795,26656.122448979582
jid_898900,92940.0,168.0,1,19,32802,32802,32822,JobState.COMPLETED,0,176.53061224489795,176.53061224489795,3354.081632653061
jid_898901,92940.0,168.0,1,117,32713,32713,32831,JobState.COMPLETED,0,176.53061224489792,176.53061224489795,20654.08163265306
jid_898902,92940.0,168.0,1,1111,31733,31733,32845,JobState.COMPLETED,0,176.53061224489787,176.53061224489795,196125.51020408154
jid_898903,92940.0,168.0,1,19,32838,32838,32858,JobState.COMPLETED,0,176.53061224489795,176.53061224489795,3354.081632653061
jid_898904,92940.0,168.0,1,89,32770,32770,32860,JobState.COMPLETED,0,176.53061224489795,176.53061224489795,15711.224489795917
jid_898905,92940.0,168.0,1,167,32710,32710,32878,JobState.COMPLETED,0,176.5306122448979,176.53061224489795,29480.612244897948
jid_898906,92940.0,168.0,1,19,32873,32873,32893,JobState.COMPLETED,0,176.53061224489795,176.53061224489795,3354.081632653061
jid_898907,92940.0,168.0,1,817,32091,32091,32909,JobState.COMPLETED,0,176.53061224489815,176.53061224489795,144225.5102040818
jid_898908,92940.0,168.0,1,133,32783,32783,32917,JobState.COMPLETED,0,176.5306122448979,176.53061224489795,23478.57142857142
jid_898909,92940.0,168.0,1,20,32909,32909,32930,JobState.COMPLETED,0,176.53061224489795,176.53061224489795,3530.612244897959
jid_898910,92940.0,168.0,1,66,32877,32877,32944,JobState.COMPLETED,0,176.53061224489798,176.53061224489795,11651.020408163267
jid_898911,92940.0,168.0,1,167,32781,32781,32949,JobState.COMPLETED,0,176.5306122448979,176.53061224489795,29480.612244897948
jid_898912,92940.0,168.0,1,19,32946,32946,32966,JobState.COMPLETED,0,176.53061224489795,176.53061224489795,3354.081632653061
jid_898913,92940.0,168.0,1,127,32847,32847,32975,JobState.COMPLETED,0,176.5306122448979,176.53061224489795,22419.387755102034
jid_898914,92940.0,168.0,1,147,32833,32833,32981,JobState.COMPLETED,0,176.5306122448979,176.53061224489795,25949.99999999999
jid_898915,92940.0,168.0,1,19,32981,32981,33001,JobState.COMPLETED,0,176.53061224489795,176.53061224489795,3354.081632653061
jid_898916,92940.0,168.0,1,71,32960,32960,33032,JobState.COMPLETED,0,176.53061224489795,176.53061224489795,12533.673469387755
jid_898917,92940.0,168.0,1,19,33016,33016,33036,JobState.COMPLETED,0,176.53061224489795,176.53061224489795,3354.081632653061
jid_898918,92940.0,168.0,1,166,32895,32895,33062,JobState.COMPLETED,0,176.5306122448979,176.53061224489795,29304.08163265305
jid_898919,92940.0,168.0,1,18,33051,33051,33070,JobState.COMPLETED,0,176.53061224489795,176.53061224489795,3177.551020408163
jid_898920,92940.0,168.0,1,141,32933,32933,33075,JobState.COMPLETED,0,176.5306122448979,176.53061224489795,24890.816326530603
jid_898921,92940.0,168.0,1,19,33085,33085,33105,JobState.COMPLETED,0,176.53061224489795,176.53061224489795,3354.081632653061
jid_898922,92940.0,168.0,1,69,33048,33048,33118,JobState.COMPLETED,0,176.53061224489798,176.53061224489795,12180.61224489796
jid_898923,92940.0,168.0,1,129,32990,32990,33120,JobState.COMPLETED,0,176.5306122448979,176.53061224489795,22772.448979591827
jid_898924,92940.0,168.0,1,166,32964,32964,33131,JobState.COMPLETED,0,176.5306122448979,176.53061224489795,29304.08163265305
jid_898925,92940.0,168.0,1,20,33122,33122,33143,JobState.COMPLETED,0,176.53061224489795,176.53061224489795,3530.612244897959
jid_898926,92940.0,168.0,1,147,32996,32996,33144,JobState.COMPLETED,0,176.5306122448979,176.53061224489795,25949.99999999999
jid_898927,92940.0,168.0,1,19,33159,33159,33179,JobState.COMPLETED,0,176.53061224489795,176.53061224489795,3354.081632653061
jid_898928,92940.0,168.0,1,76,33137,33137,33214,JobState.COMPLETED,0,176.53061224489795,176.53061224489795,13416.326530612245
jid_898929,92940.0,168.0,1,19,33195,33195,33215,JobState.COMPLETED,0,176.53061224489795,176.53061224489795,3354.081632653061
jid_898930,92940.0,168.0,1,151,33080,33080,33232,JobState.COMPLETED,0,176.5306122448979,176.53061224489795,26656.122448979582
jid_898931,92940.0,168.0,1,149,33090,33090,33240,JobState.COMPLETED,0,176.5306122448979,176.53061224489795,26303.061224489786
jid_898932,92940.0,168.0,1,127,33133,33133,33261,JobState.COMPLETED,0,176.5306122448979,176.53061224489795,22419.387755102034
jid_898933,92940.0,168.0,1,1102,32165,32165,33268,JobState.COMPLETED,0,176.5306122448979,176.53061224489795,194536.7346938775
jid_898934,92940.0,168.0,1,132,33160,33160,33293,JobState.COMPLETED,0,176.5306122448979,176.53061224489795,23302.040816326524
jid_898935,92940.0,168.0,1,17,33278,33278,33296,JobState.COMPLETED,0,176.53061224489795,176.53061224489795,3001.020408163265
jid_898936,92940.0,168.0,1,151,33146,33146,33298,JobState.COMPLETED,0,176.5306122448979,176.53061224489795,26656.122448979582
jid_898967,92940.0,168.0,1,80,33231,33231,33312,JobState.COMPLETED,0,176.53061224489795,176.53061224489795,14122.448979591836
jid_898982,92940.0,168.0,1,820,32493,32493,33314,JobState.COMPLETED,0,176.53061224489815,176.53061224489795,144755.10204081648
jid_899650,92940.0,168.0,1,18,33312,33312,33331,JobState.COMPLETED,0,176.53061224489795,176.53061224489795,3177.551020408163
jid_899257,92940.0,168.0,1,87,33256,33256,33344,JobState.COMPLETED,0,176.53061224489795,176.53061224489795,15358.163265306122
jid_899291,92940.0,168.0,1,23,33328,33328,33352,JobState.COMPLETED,0,176.53061224489795,176.53061224489795,4060.204081632653
jid_899516,92940.0,168.0,1,135,33249,33249,33385,JobState.COMPLETED,0,176.5306122448979,176.53061224489795,23831.632653061217
jid_899553,92940.0,168.0,1,21,33367,33367,33389,JobState.COMPLETED,0,176.53061224489795,176.53061224489795,3707.142857142857
jid_899866,92940.0,168.0,1,21,33406,33406,33428,JobState.COMPLETED,0,176.53061224489795,176.53061224489795,3707.142857142857
jid_899932,92940.0,168.0,1,155,33282,33282,33438,JobState.COMPLETED,0,176.5306122448979,176.53061224489795,27362.244897959175
jid_899966,92940.0,168.0,1,20,33418,33418,33439,JobState.COMPLETED,0,176.53061224489795,176.53061224489795,3530.612244897959
jid_900016,92940.0,168.0,1,133,33313,33313,33447,JobState.COMPLETED,0,176.5306122448979,176.53061224489795,23478.57142857142
jid_900015,92940.0,168.0,1,139,33308,33308,33448,JobState.COMPLETED,0,176.5306122448979,176.53061224489795,24537.755102040806
jid_900036,92940.0,168.0,1,88,33361,33361,33450,JobState.COMPLETED,0,176.53061224489795,176.53061224489795,15534.69387755102
jid_900154,92940.0,168.0,1,1226,32236,32236,33463,JobState.COMPLETED,0,176.53061224489775,176.53061224489795,216426.53061224465
jid_900181,92940.0,168.0,1,21,33444,33444,33466,JobState.COMPLETED,0,176.53061224489795,176.53061224489795,3707.142857142857
jid_900293,92940.0,168.0,1,20,33455,33455,33476,JobState.COMPLETED,0,176.53061224489795,176.53061224489795,3530.612244897959
jid_900387,92940.0,168.0,1,22,33467,33467,33490,JobState.COMPLETED,0,176.53061224489795,176.53061224489795,3883.673469387755
jid_900392,92940.0,168.0,1,20,33483,33483,33504,JobState.COMPLETED,0,176.53061224489795,176.53061224489795,3530.612244897959
jid_900393,92940.0,168.0,1,20,33493,33493,33514,JobState.COMPLETED,0,176.53061224489795,176.53061224489795,3530.612244897959
jid_900394,92940.0,168.0,1,22,33505,33505,33528,JobState.COMPLETED,0,176.53061224489795,176.53061224489795,3883.673469387755
jid_900400,92940.0,168.0,1,22,33520,33520,33543,JobState.COMPLETED,0,176.53061224489795,176.53061224489795,3883.673469387755
jid_900398,92940.0,168.0,1,142,33402,33402,33545,JobState.COMPLETED,0,176.5306122448979,176.53061224489795,25067.3469387755
jid_900399,92940.0,168.0,1,22,33530,33530,33553,JobState.COMPLETED,0,176.53061224489795,176.53061224489795,3883.673469387755
jid_900401,92940.0,168.0,1,24,33544,33544,33569,JobState.COMPLETED,0,176.53061224489795,176.53061224489795,4236.734693877551
jid_900402,92940.0,168.0,1,23,33569,33569,33593,JobState.COMPLETED,0,176.53061224489795,176.53061224489795,4060.204081632653
jid_900403,92940.0,168.0,1,31,33574,33574,33606,JobState.COMPLETED,0,176.53061224489795,176.53061224489795,5472.448979591836
jid_900407,92940.0,168.0,1,143,33463,33463,33607,JobState.COMPLETED,0,176.5306122448979,176.53061224489795,25243.8775510204
jid_900404,92940.0,168.0,1,155,33452,33452,33608,JobState.COMPLETED,0,176.5306122448979,176.53061224489795,27362.244897959175
jid_900405,92940.0,168.0,1,151,33463,33463,33615,JobState.COMPLETED,0,176.5306122448979,176.53061224489795,26656.122448979582
jid_900406,92940.0,168.0,1,36,33585,33585,33622,JobState.COMPLETED,0,176.53061224489795,176.53061224489795,6355.102040816326
jid_900408,92940.0,168.0,1,22,33610,33610,33633,JobState.COMPLETED,0,176.53061224489795,176.53061224489795,3883.673469387755
jid_900409,92940.0,168.0,1,21,33622,33622,33644,JobState.COMPLETED,0,176.53061224489795,176.53061224489795,3707.142857142857
jid_900410,92940.0,168.0,1,173,33479,33479,33653,JobState.COMPLETED,0,176.5306122448979,176.53061224489795,30539.795918367337
jid_900411,92940.0,168.0,1,22,33637,33637,33660,JobState.COMPLETED,0,176.53061224489795,176.53061224489795,3883.673469387755
jid_900419,92940.0,168.0,1,20,33649,33649,33670,JobState.COMPLETED,0,176.53061224489795,176.53061224489795,3530.612244897959
jid_900413,92940.0,168.0,1,943,32742,32742,33686,JobState.COMPLETED,0,176.53061224489812,176.53061224489795,166468.36734693893
jid_900415,92940.0,168.0,1,42,33660,33660,33703,JobState.COMPLETED,0,176.53061224489795,176.53061224489795,7414.285714285714
jid_900414,92940.0,168.0,1,27,33675,33675,33703,JobState.COMPLETED,0,176.53061224489795,176.53061224489795,4766.326530612245
jid_900416,92940.0,168.0,1,153,33563,33563,33717,JobState.COMPLETED,0,176.5306122448979,176.53061224489795,27009.18367346938
jid_900417,92940.0,168.0,1,21,33719,33719,33741,JobState.COMPLETED,0,176.53061224489795,176.53061224489795,3707.142857142857
jid_900418,92940.0,168.0,1,21,33719,33719,33741,JobState.COMPLETED,0,176.53061224489795,176.53061224489795,3707.142857142857
jid_900420,92940.0,168.0,1,120,33633,33633,33754,JobState.COMPLETED,0,176.5306122448979,176.53061224489795,21183.673469387748
jid_900421,92940.0,168.0,1,155,33622,33622,33778,JobState.COMPLETED,0,176.5306122448979,176.53061224489795,27362.244897959175
jid_900429,92940.0,168.0,1,21,33756,33756,33778,JobState.COMPLETED,0,176.53061224489795,176.53061224489795,3707.142857142857
jid_900422,92940.0,168.0,1,20,33761,33761,33782,JobState.COMPLETED,0,176.53061224489795,176.53061224489795,3530.612244897959
jid_900423,92940.0,168.0,1,33,33757,33757,33791,JobState.COMPLETED,0,176.53061224489795,176.53061224489795,5825.510204081633
jid_900424,92940.0,168.0,1,159,33646,33646,33806,JobState.COMPLETED,0,176.5306122448979,176.53061224489795,28068.367346938765
jid_900425,92940.0,168.0,1,1234,32581,32581,33816,JobState.COMPLETED,0,176.53061224489772,176.53061224489795,217838.7755102038
jid_900426,92940.0,168.0,1,20,33797,33797,33818,JobState.COMPLETED,0,176.53061224489795,176.53061224489795,3530.612244897959
jid_900427,92940.0,168.0,1,86,33734,33734,33821,JobState.COMPLETED,0,176.53061224489795,176.53061224489795,15181.632653061224
jid_900428,92940.0,168.0,1,18,33805,33805,33824,JobState.COMPLETED,0,176.53061224489795,176.53061224489795,3177.551020408163
jid_900439,92940.0,168.0,1,169,33674,33674,33844,JobState.COMPLETED,0,176.5306122448979,176.53061224489795,29833.673469387744
jid_900430,92940.0,168.0,1,20,33833,33833,33854,JobState.COMPLETED,0,176.53061224489795,176.53061224489795,3530.612244897959
jid_900431,92940.0,168.0,1,18,33840,33840,33859,JobState.COMPLETED,0,176.53061224489795,176.53061224489795,3177.551020408163
jid_900432,92940.0,168.0,1,33,33852,33852,33886,JobState.COMPLETED,0,176.53061224489795,176.53061224489795,5825.510204081633
jid_900433,92940.0,168.0,1,21,33864,33864,33886,JobState.COMPLETED,0,176.53061224489795,176.53061224489795,3707.142857142857
jid_900434,92940.0,168.0,1,20,33869,33869,33890,JobState.COMPLETED,0,176.53061224489795,176.53061224489795,3530.612244897959
jid_900435,92940.0,168.0,1,18,33875,33875,33894,JobState.COMPLETED,0,176.53061224489795,176.53061224489795,3177.551020408163
jid_900436,92940.0,168.0,1,980,32924,32924,33905,JobState.COMPLETED,0,176.53061224489807,176.53061224489795,173000.00000000012
jid_900437,92940.0,168.0,1,125,33779,33779,33905,JobState.COMPLETED,0,176.5306122448979,176.53061224489795,22066.326530612238
jid_900438,92940.0,168.0,1,86,33822,33822,33909,JobState.COMPLETED,0,176.53061224489795,176.53061224489795,15181.632653061224
jid_900443,92940.0,168.0,1,20,33901,33901,33922,JobState.COMPLETED,0,176.53061224489795,176.53061224489795,3530.612244897959
jid_900440,92940.0,168.0,1,85,33837,33837,33923,JobState.COMPLETED,0,176.53061224489795,176.53061224489795,15005.102040816326
jid_900445,92940.0,168.0,1,22,33901,33901,33924,JobState.COMPLETED,0,176.53061224489795,176.53061224489795,3883.673469387755
jid_900444,92940.0,168.0,1,20,33908,33908,33929,JobState.COMPLETED,0,176.53061224489795,176.53061224489795,3530.612244897959
jid_900442,92940.0,168.0,1,17,33911,33911,33929,JobState.COMPLETED,0,176.53061224489795,176.53061224489795,3001.020408163265
jid_900441,92940.0,168.0,1,137,33792,33792,33930,JobState.COMPLETED,0,176.5306122448979,176.53061224489795,24184.693877551013
jid_900446,92940.0,168.0,1,22,33940,33940,33963,JobState.COMPLETED,0,176.53061224489795,176.53061224489795,3883.673469387755
jid_900447,92940.0,168.0,1,17,33971,33971,33989,JobState.COMPLETED,0,176.53061224489795,176.53061224489795,3001.020408163265
jid_900454,92940.0,168.0,1,169,33832,33832,34002,JobState.COMPLETED,0,176.5306122448979,176.53061224489795,29833.673469387744
jid_900448,92940.0,168.0,1,22,33979,33979,34002,JobState.COMPLETED,0,176.53061224489795,176.53061224489795,3883.673469387755
jid_900449,92940.0,168.0,1,34,33972,33972,34007,JobState.COMPLETED,0,176.53061224489795,176.53061224489795,6002.04081632653
jid_900522,92940.0,168.0,1,85,33924,33924,34010,JobState.COMPLETED,0,176.53061224489795,176.53061224489795,15005.102040816326
jid_900450,92940.0,168.0,1,1149,32863,32863,34013,JobState.COMPLETED,0,176.53061224489784,176.53061224489795,202833.6734693876
jid_900455,92940.0,168.0,1,18,34006,34006,34025,JobState.COMPLETED,0,176.53061224489795,176.53061224489795,3177.551020408163
jid_900457,92940.0,168.0,1,21,34016,34016,34038,JobState.COMPLETED,0,176.53061224489795,176.53061224489795,3707.142857142857
jid_900456,92940.0,168.0,1,21,34023,34023,34045,JobState.COMPLETED,0,176.53061224489795,176.53061224489795,3707.142857142857
jid_900452,92940.0,168.0,1,128,33921,33921,34050,JobState.COMPLETED,0,176.5306122448979,176.53061224489795,22595.91836734693
jid_900451,92940.0,168.0,1,824,33231,33231,34056,JobState.COMPLETED,0,176.53061224489815,176.53061224489795,145461.22448979606
jid_900458,92940.0,168.0,1,122,33944,33944,34067,JobState.COMPLETED,0,176.5306122448979,176.53061224489795,21536.734693877544
jid_900453,92940.0,168.0,1,91,33976,33976,34068,JobState.COMPLETED,0,176.53061224489792,176.53061224489795,16064.285714285712
jid_900459,92940.0,168.0,1,108,33979,33979,34088,JobState.COMPLETED,0,176.53061224489792,176.53061224489795,19065.306122448976
jid_900526,92940.0,168.0,1,167,33933,33933,34101,JobState.COMPLETED,0,176.5306122448979,176.53061224489795,29480.612244897948
jid_900460,92940.0,168.0,1,22,34087,34087,34110,JobState.COMPLETED,0,176.53061224489795,176.53061224489795,3883.673469387755
jid_900461,92940.0,168.0,1,19,34094,34094,34114,JobState.COMPLETED,0,176.53061224489795,176.53061224489795,3354.081632653061
jid_900463,92940.0,168.0,1,25,34098,34098,34124,JobState.COMPLETED,0,176.53061224489795,176.53061224489795,4413.265306122449
jid_900462,92940.0,168.0,1,19,34105,34105,34125,JobState.COMPLETED,0,176.53061224489795,176.53061224489795,3354.081632653061
jid_900464,92940.0,168.0,1,37,34095,34095,34133,JobState.COMPLETED,0,176.53061224489795,176.53061224489795,6531.632653061224
jid_900465,92940.0,168.0,1,21,34125,34125,34147,JobState.COMPLETED,0,176.53061224489795,176.53061224489795,3707.142857142857
jid_900466,92940.0,168.0,1,18,34130,34130,34149,JobState.COMPLETED,0,176.53061224489795,176.53061224489795,3177.551020408163
jid_900467,92940.0,168.0,1,17,34140,34140,34158,JobState.COMPLETED,0,176.53061224489795,176.53061224489795,3001.020408163265
jid_900469,92940.0,168.0,1,79,34082,34082,34162,JobState.COMPLETED,0,176.53061224489795,176.53061224489795,13945.918367346938
jid_900468,92940.0,168.0,1,21,34140,34140,34162,JobState.COMPLETED,0,176.53061224489795,176.53061224489795,3707.142857142857
jid_900488,92940.0,168.0,1,20,34148,34148,34169,JobState.COMPLETED,0,176.53061224489795,176.53061224489795,3530.612244897959
jid_900471,92940.0,168.0,1,18,34165,34165,34184,JobState.COMPLETED,0,176.53061224489795,176.53061224489795,3177.551020408163
jid_900470,92940.0,168.0,1,22,34162,34162,34185,JobState.COMPLETED,0,176.53061224489795,176.53061224489795,3883.673469387755
jid_900475,92940.0,168.0,1,161,34028,34028,34190,JobState.COMPLETED,0,176.5306122448979,176.53061224489795,28421.42857142856
jid_900472,92940.0,168.0,1,19,34173,34173,34193,JobState.COMPLETED,0,176.53061224489795,176.53061224489795,3354.081632653061
jid_900473,92940.0,168.0,1,21,34179,34179,34201,JobState.COMPLETED,0,176.53061224489795,176.53061224489795,3707.142857142857
jid_900474,92940.0,168.0,1,18,34200,34200,34219,JobState.COMPLETED,0,176.53061224489795,176.53061224489795,3177.551020408163
jid_900476,92940.0,168.0,1,20,34200,34200,34221,JobState.COMPLETED,0,176.53061224489795,176.53061224489795,3530.612244897959
jid_900477,92940.0,168.0,1,18,34208,34208,34227,JobState.COMPLETED,0,176.53061224489795,176.53061224489795,3177.551020408163
jid_900478,92940.0,168.0,1,133,34102,34102,34236,JobState.COMPLETED,0,176.5306122448979,176.53061224489795,23478.57142857142
jid_900479,92940.0,168.0,1,21,34217,34217,34239,JobState.COMPLETED,0,176.53061224489795,176.53061224489795,3707.142857142857
jid_900491,92940.0,168.0,1,16,34236,34236,34253,JobState.COMPLETED,0,176.53061224489795,176.53061224489795,2824.4897959183672
jid_900480,92940.0,168.0,1,18,34235,34235,34254,JobState.COMPLETED,0,176.53061224489795,176.53061224489795,3177.551020408163
jid_900481,92940.0,168.0,1,77,34179,34179,34257,JobState.COMPLETED,0,176.53061224489795,176.53061224489795,13592.857142857143
jid_900482,92940.0,168.0,1,17,34242,34242,34260,JobState.COMPLETED,0,176.53061224489795,176.53061224489795,3001.020408163265
jid_900483,92940.0,168.0,1,172,34092,34092,34265,JobState.COMPLETED,0,176.5306122448979,176.53061224489795,30363.265306122437
jid_900484,92940.0,168.0,1,21,34255,34255,34277,JobState.COMPLETED,0,176.53061224489795,176.53061224489795,3707.142857142857
jid_900485,92940.0,168.0,1,17,34269,34269,34287,JobState.COMPLETED,0,176.53061224489795,176.53061224489795,3001.020408163265
jid_900486,92940.0,168.0,1,17,34275,34275,34293,JobState.COMPLETED,0,176.53061224489795,176.53061224489795,3001.020408163265
jid_900487,92940.0,168.0,1,980,33330,33330,34311,JobState.COMPLETED,0,176.53061224489807,176.53061224489795,173000.00000000012
jid_900489,92940.0,168.0,1,21,34294,34294,34316,JobState.COMPLETED,0,176.53061224489795,176.53061224489795,3707.142857142857
jid_900490,92940.0,168.0,1,17,34303,34303,34321,JobState.COMPLETED,0,176.53061224489795,176.53061224489795,3001.020408163265
jid_900492,92940.0,168.0,1,18,34308,34308,34327,JobState.COMPLETED,0,176.53061224489795,176.53061224489795,3177.551020408163
jid_900494,92940.0,168.0,1,22,34332,34332,34355,JobState.COMPLETED,0,176.53061224489795,176.53061224489795,3883.673469387755
jid_900493,92940.0,168.0,1,18,34336,34336,34355,JobState.COMPLETED,0,176.53061224489795,176.53061224489795,3177.551020408163
jid_900495,92940.0,168.0,1,20,34338,34338,34359,JobState.COMPLETED,0,176.53061224489795,176.53061224489795,3530.612244897959
jid_900496,92940.0,168.0,1,17,34342,34342,34360,JobState.COMPLETED,0,176.53061224489795,176.53061224489795,3001.020408163265
jid_900497,92940.0,168.0,1,88,34274,34274,34363,JobState.COMPLETED,0,176.53061224489795,176.53061224489795,15534.69387755102
jid_900499,92940.0,168.0,1,55,34329,34329,34385,JobState.COMPLETED,0,176.53061224489795,176.53061224489795,9709.183673469388
jid_900501,92940.0,168.0,1,136,34253,34253,34390,JobState.COMPLETED,0,176.5306122448979,176.53061224489795,24008.163265306113
jid_900500,92940.0,168.0,1,18,34371,34371,34390,JobState.COMPLETED,0,176.53061224489795,176.53061224489795,3177.551020408163
jid_900503,92940.0,168.0,1,158,34235,34235,34394,JobState.COMPLETED,0,176.5306122448979,176.53061224489795,27891.83673469387
jid_900502,92940.0,168.0,1,18,34376,34376,34395,JobState.COMPLETED,0,176.53061224489795,176.53061224489795,3177.551020408163
jid_900504,92940.0,168.0,1,34,34371,34371,34406,JobState.COMPLETED,0,176.53061224489795,176.53061224489795,6002.04081632653
jid_900505,92940.0,168.0,1,17,34400,34400,34418,JobState.COMPLETED,0,176.53061224489795,176.53061224489795,3001.020408163265
jid_900506,92940.0,168.0,1,17,34406,34406,34424,JobState.COMPLETED,0,176.53061224489795,176.53061224489795,3001.020408163265
jid_900507,92940.0,168.0,1,17,34410,34410,34428,JobState.COMPLETED,0,176.53061224489795,176.53061224489795,3001.020408163265
jid_900508,92940.0,168.0,1,17,34422,34422,34440,JobState.COMPLETED,0,176.53061224489795,176.53061224489795,3001.020408163265
jid_900509,92940.0,168.0,1,167,34281,34281,34449,JobState.COMPLETED,0,176.5306122448979,176.53061224489795,29480.612244897948
jid_900510,92940.0,168.0,1,17,34432,34432,34450,JobState.COMPLETED,0,176.53061224489795,176.53061224489795,3001.020408163265
jid_900511,92940.0,168.0,1,17,34441,34441,34459,JobState.COMPLETED,0,176.53061224489795,176.53061224489795,3001.020408163265
jid_900512,92940.0,168.0,1,85,34379,34379,34465,JobState.COMPLETED,0,176.53061224489795,176.53061224489795,15005.102040816326
jid_900513,92940.0,168.0,1,18,34447,34447,34466,JobState.COMPLETED,0,176.53061224489795,176.53061224489795,3177.551020408163
jid_900514,92940.0,168.0,1,18,34455,34455,34474,JobState.COMPLETED,0,176.53061224489795,176.53061224489795,3177.551020408163
jid_900515,92940.0,168.0,1,18,34465,34465,34484,JobState.COMPLETED,0,176.53061224489795,176.53061224489795,3177.551020408163
jid_900516,92940.0,168.0,1,79,34406,34406,34486,JobState.COMPLETED,0,176.53061224489795,176.53061224489795,13945.918367346938
jid_900517,92940.0,168.0,1,19,34476,34476,34496,JobState.COMPLETED,0,176.53061224489795,176.53061224489795,3354.081632653061
jid_900518,92940.0,168.0,1,19,34481,34481,34501,JobState.COMPLETED,0,176.53061224489795,176.53061224489795,3354.081632653061
jid_900519,92940.0,168.0,1,19,34490,34490,34510,JobState.COMPLETED,0,176.53061224489795,176.53061224489795,3354.081632653061
jid_900520,92940.0,168.0,1,18,34499,34499,34518,JobState.COMPLETED,0,176.53061224489795,176.53061224489795,3177.551020408163
jid_900521,92940.0,168.0,1,19,34512,34512,34532,JobState.COMPLETED,0,176.53061224489795,176.53061224489795,3354.081632653061
jid_900523,92940.0,168.0,1,20,34517,34517,34538,JobState.COMPLETED,0,176.53061224489795,176.53061224489795,3530.612244897959
jid_900524,92940.0,168.0,1,19,34526,34526,34546,JobState.COMPLETED,0,176.53061224489795,176.53061224489795,3354.081632653061
jid_900525,92940.0,168.0,1,18,34532,34532,34551,JobState.COMPLETED,0,176.53061224489795,176.53061224489795,3177.551020408163
jid_900527,92940.0,168.0,1,74,34481,34481,34556,JobState.COMPLETED,0,176.53061224489795,176.53061224489795,13063.265306122448
jid_900528,92940.0,168.0,1,19,34549,34549,34569,JobState.COMPLETED,0,176.53061224489795,176.53061224489795,3354.081632653061
jid_900530,92940.0,168.0,1,159,34411,34411,34571,JobState.COMPLETED,0,176.5306122448979,176.53061224489795,28068.367346938765
jid_900529,92940.0,168.0,1,23,34549,34549,34573,JobState.COMPLETED,0,176.53061224489795,176.53061224489795,4060.204081632653
jid_900531,92940.0,168.0,1,20,34554,34554,34575,JobState.COMPLETED,0,176.53061224489795,176.53061224489795,3530.612244897959
jid_900532,92940.0,168.0,1,18,34562,34562,34581,JobState.COMPLETED,0,176.53061224489795,176.53061224489795,3177.551020408163
jid_900533,92940.0,168.0,1,79,34502,34502,34582,JobState.COMPLETED,0,176.53061224489795,176.53061224489795,13945.918367346938
jid_900534,92940.0,168.0,1,17,34565,34565,34583,JobState.COMPLETED,0,176.53061224489795,176.53061224489795,3001.020408163265
jid_900536,92940.0,168.0,1,17,34585,34585,34603,JobState.COMPLETED,0,176.53061224489795,176.53061224489795,3001.020408163265
jid_900538,92940.0,168.0,1,18,34591,34591,34610,JobState.COMPLETED,0,176.53061224489795,176.53061224489795,3177.551020408163
jid_900537,92940.0,168.0,1,22,34588,34588,34611,JobState.COMPLETED,0,176.53061224489795,176.53061224489795,3883.673469387755
jid_900540,92940.0,168.0,1,151,34463,34463,34615,JobState.COMPLETED,0,176.5306122448979,176.53061224489795,26656.122448979582
jid_900539,92940.0,168.0,1,18,34596,34596,34615,JobState.COMPLETED,0,176.53061224489795,176.53061224489795,3177.551020408163
jid_900541,92940.0,168.0,1,18,34599,34599,34618,JobState.COMPLETED,0,176.53061224489795,176.53061224489795,3177.551020408163
jid_900542,92940.0,168.0,1,22,34598,34598,34621,JobState.COMPLETED,0,176.53061224489795,176.53061224489795,3883.673469387755
jid_900543,92940.0,168.0,1,18,34619,34619,34638,JobState.COMPLETED,0,176.53061224489795,176.53061224489795,3177.551020408163
jid_900544,92940.0,168.0,1,20,34627,34627,34648,JobState.COMPLETED,0,176.53061224489795,176.53061224489795,3530.612244897959
jid_900547,92940.0,168.0,1,19,34631,34631,34651,JobState.COMPLETED,0,176.53061224489795,176.53061224489795,3354.081632653061
jid_900546,92940.0,168.0,1,25,34626,34626,34652,JobState.COMPLETED,0,176.53061224489795,176.53061224489795,4413.265306122449
jid_900545,92940.0,168.0,1,18,34633,34633,34652,JobState.COMPLETED,0,176.53061224489795,176.53061224489795,3177.551020408163
jid_900548,92940.0,168.0,1,81,34572,34572,34654,JobState.COMPLETED,0,176.53061224489795,176.53061224489795,14298.979591836734
jid_900549,92940.0,168.0,1,23,34636,34636,34660,JobState.COMPLETED,0,176.53061224489795,176.53061224489795,4060.204081632653
jid_900550,92940.0,168.0,1,17,34664,34664,34682,JobState.COMPLETED,0,176.53061224489795,176.53061224489795,3001.020408163265
jid_900551,92940.0,168.0,1,17,34666,34666,34684,JobState.COMPLETED,0,176.53061224489795,176.53061224489795,3001.020408163265
jid_900553,92940.0,168.0,1,32,34653,34653,34686,JobState.COMPLETED,0,176.53061224489795,176.53061224489795,5648.9795918367345
jid_900552,92940.0,168.0,1,18,34667,34667,34686,JobState.COMPLETED,0,176.53061224489795,176.53061224489795,3177.551020408163
jid_900554,92940.0,168.0,1,21,34666,34666,34688,JobState.COMPLETED,0,176.53061224489795,176.53061224489795,3707.142857142857
jid_900555,92940.0,168.0,1,21,34676,34676,34698,JobState.COMPLETED,0,176.53061224489795,176.53061224489795,3707.142857142857
jid_900556,93535.0,322.0,2,3179,31526,31526,34706,JobState.COMPLETED,0,176.530612244897,176.53061224489795,1122381.632653055
jid_900557,92940.0,168.0,1,150,34565,34565,34716,JobState.COMPLETED,0,176.5306122448979,176.53061224489795,26479.591836734686
jid_900560,92940.0,168.0,1,17,34699,34699,34717,JobState.COMPLETED,0,176.53061224489795,176.53061224489795,3001.020408163265
jid_900558,92940.0,168.0,1,17,34701,34701,34719,JobState.COMPLETED,0,176.53061224489795,176.53061224489795,3001.020408163265
jid_900559,92940.0,168.0,1,17,34701,34701,34719,JobState.COMPLETED,0,176.53061224489795,176.53061224489795,3001.020408163265
jid_900561,92940.0,168.0,1,52,34671,34671,34724,JobState.COMPLETED,0,176.53061224489795,176.53061224489795,9179.591836734693
jid_900562,92940.0,168.0,1,21,34704,34704,34726,JobState.COMPLETED,0,176.53061224489795,176.53061224489795,3707.142857142857
jid_900563,92940.0,168.0,1,141,34589,34589,34731,JobState.COMPLETED,0,176.5306122448979,176.53061224489795,24890.816326530603
jid_900564,92940.0,168.0,1,31,34701,34701,34733,JobState.COMPLETED,0,176.53061224489795,176.53061224489795,5472.448979591836
jid_900565,92940.0,168.0,1,21,34715,34715,34737,JobState.COMPLETED,0,176.53061224489795,176.53061224489795,3707.142857142857
jid_900566,92940.0,168.0,1,18,34734,34734,34753,JobState.COMPLETED,0,176.53061224489795,176.53061224489795,3177.551020408163
jid_900575,92940.0,168.0,1,18,34734,34734,34753,JobState.COMPLETED,0,176.53061224489795,176.53061224489795,3177.551020408163
jid_900578,92940.0,168.0,1,18,34736,34736,34755,JobState.COMPLETED,0,176.53061224489795,176.53061224489795,3177.551020408163
jid_900567,92940.0,168.0,1,20,34742,34742,34763,JobState.COMPLETED,0,176.53061224489795,176.53061224489795,3530.612244897959
jid_900568,92940.0,168.0,1,135,34631,34631,34767,JobState.COMPLETED,0,176.5306122448979,176.53061224489795,23831.632653061217
jid_900569,92940.0,168.0,1,26,34752,34752,34779,JobState.COMPLETED,0,176.53061224489795,176.53061224489795,4589.7959183673465
jid_900570,92940.0,168.0,1,38,34749,34749,34788,JobState.COMPLETED,0,176.53061224489795,176.53061224489795,6708.163265306122
jid_900571,92940.0,168.0,1,21,34775,34775,34797,JobState.COMPLETED,0,176.53061224489795,176.53061224489795,3707.142857142857
jid_900572,92940.0,168.0,1,21,34780,34780,34802,JobState.COMPLETED,0,176.53061224489795,176.53061224489795,3707.142857142857
jid_900573,92940.0,168.0,1,72,34739,34739,34812,JobState.COMPLETED,0,176.53061224489795,176.53061224489795,12710.204081632652
jid_900574,92940.0,168.0,1,20,34796,34796,34817,JobState.COMPLETED,0,176.53061224489795,176.53061224489795,3530.612244897959
jid_900576,92940.0,168.0,1,1123,33703,33703,34827,JobState.COMPLETED,0,176.53061224489787,176.53061224489795,198243.8775510203
jid_900577,92940.0,168.0,1,31,34802,34802,34834,JobState.COMPLETED,0,176.53061224489795,176.53061224489795,5472.448979591836
jid_900579,92940.0,168.0,1,18,34815,34815,34834,JobState.COMPLETED,0,176.53061224489795,176.53061224489795,3177.551020408163
jid_900580,92940.0,168.0,1,22,34818,34818,34841,JobState.COMPLETED,0,176.53061224489795,176.53061224489795,3883.673469387755
jid_900581,92940.0,168.0,1,22,34840,34840,34863,JobState.COMPLETED,0,176.53061224489795,176.53061224489795,3883.673469387755
jid_900582,92940.0,168.0,1,134,34730,34730,34865,JobState.COMPLETED,0,176.5306122448979,176.53061224489795,23655.102040816317
jid_900585,92940.0,168.0,1,19,34850,34850,34870,JobState.COMPLETED,0,176.53061224489795,176.53061224489795,3354.081632653061
jid_900584,92940.0,168.0,1,127,34746,34746,34874,JobState.COMPLETED,0,176.5306122448979,176.53061224489795,22419.387755102034
jid_900586,92940.0,168.0,1,29,34849,34849,34879,JobState.COMPLETED,0,176.53061224489795,176.53061224489795,5119.3877551020405
jid_900587,92940.0,168.0,1,22,34879,34879,34902,JobState.COMPLETED,0,176.53061224489795,176.53061224489795,3883.673469387755
jid_900588,92940.0,168.0,1,74,34828,34828,34903,JobState.COMPLETED,0,176.53061224489795,176.53061224489795,13063.265306122448
jid_900589,92940.0,168.0,1,28,34893,34893,34922,JobState.COMPLETED,0,176.53061224489795,176.53061224489795,4942.857142857143
jid_900590,92940.0,168.0,1,141,34781,34781,34923,JobState.COMPLETED,0,176.5306122448979,176.53061224489795,24890.816326530603
jid_900591,92940.0,168.0,1,1002,33921,33921,34924,JobState.COMPLETED,0,176.530612244898,176.53061224489795,176883.6734693878
jid_900592,92940.0,168.0,1,20,34919,34919,34940,JobState.COMPLETED,0,176.53061224489795,176.53061224489795,3530.612244897959
jid_900594,92940.0,168.0,1,51,34920,34920,34972,JobState.COMPLETED,0,176.53061224489795,176.53061224489795,9003.061224489795
jid_900593,92940.0,168.0,1,32,34939,34939,34972,JobState.COMPLETED,0,176.53061224489795,176.53061224489795,5648.9795918367345
jid_900595,92940.0,168.0,1,17,34958,34958,34976,JobState.COMPLETED,0,176.53061224489795,176.53061224489795,3001.020408163265
jid_900596,92940.0,168.0,1,21,34992,34992,35014,JobState.COMPLETED,0,176.53061224489795,176.53061224489795,3707.142857142857
jid_900597,92940.0,168.0,1,27,34991,34991,35019,JobState.COMPLETED,0,176.53061224489795,176.53061224489795,4766.326530612245
jid_900598,92940.0,168.0,1,134,34888,34888,35023,JobState.COMPLETED,0,176.5306122448979,176.53061224489795,23655.102040816317
jid_900599,92940.0,168.0,1,144,34883,34883,35028,JobState.COMPLETED,0,176.5306122448979,176.53061224489795,25420.408163265296
jid_900600,92940.0,168.0,1,975,34071,34071,35047,JobState.COMPLETED,0,176.53061224489807,176.53061224489795,172117.34693877562
jid_900615,92940.0,168.0,1,35,35011,35011,35047,JobState.COMPLETED,0,176.53061224489795,176.53061224489795,6178.571428571428
jid_900602,92940.0,168.0,1,35,35012,35012,35048,JobState.COMPLETED,0,176.53061224489795,176.53061224489795,6178.571428571428
jid_900601,92940.0,168.0,1,18,35030,35030,35049,JobState.COMPLETED,0,176.53061224489795,176.53061224489795,3177.551020408163
jid_900603,92940.0,168.0,1,35,35021,35021,35057,JobState.COMPLETED,0,176.53061224489795,176.53061224489795,6178.571428571428
jid_900604,92940.0,168.0,1,34,35034,35034,35069,JobState.COMPLETED,0,176.53061224489795,176.53061224489795,6002.04081632653
jid_900605,92940.0,168.0,1,33,35041,35041,35075,JobState.COMPLETED,0,176.53061224489795,176.53061224489795,5825.510204081633
jid_900606,92940.0,168.0,1,19,35063,35063,35083,JobState.COMPLETED,0,176.53061224489795,176.53061224489795,3354.081632653061
jid_900607,92940.0,168.0,1,51,35034,35034,35086,JobState.COMPLETED,0,176.53061224489795,176.53061224489795,9003.061224489795
jid_900608,92940.0,168.0,1,149,34939,34939,35089,JobState.COMPLETED,0,176.5306122448979,176.53061224489795,26303.061224489786
jid_900609,92940.0,168.0,1,33,35064,35064,35098,JobState.COMPLETED,0,176.53061224489795,176.53061224489795,5825.510204081633
jid_900610,92940.0,168.0,1,35,35073,35073,35109,JobState.COMPLETED,0,176.53061224489795,176.53061224489795,6178.571428571428
jid_900612,92940.0,168.0,1,17,35097,35097,35115,JobState.COMPLETED,0,176.53061224489795,176.53061224489795,3001.020408163265
jid_900611,92940.0,168.0,1,32,35084,35084,35117,JobState.COMPLETED,0,176.53061224489795,176.53061224489795,5648.9795918367345
jid_900613,92940.0,168.0,1,31,35089,35089,35121,JobState.COMPLETED,0,176.53061224489795,176.53061224489795,5472.448979591836
jid_900614,92940.0,168.0,1,21,35100,35100,35122,JobState.COMPLETED,0,176.53061224489795,176.53061224489795,3707.142857142857
jid_900616,93536.0,322.0,100,392,34737,34737,35130,JobState.COMPLETED,0,176.53061224489812,176.53061224489795,6920000.000000006
jid_900617,92940.0,168.0,1,33,35114,35114,35148,JobState.COMPLETED,0,176.53061224489795,176.53061224489795,5825.510204081633
jid_900618,92940.0,168.0,1,18,35133,35133,35152,JobState.COMPLETED,0,176.53061224489795,176.53061224489795,3177.551020408163
jid_900619,92940.0,168.0,1,33,35123,35123,35157,JobState.COMPLETED,0,176.53061224489795,176.53061224489795,5825.510204081633
jid_900620,92940.0,168.0,1,31,35133,35133,35165,JobState.COMPLETED,0,176.53061224489795,176.53061224489795,5472.448979591836
jid_900621,92940.0,168.0,1,33,35137,35137,35171,JobState.COMPLETED,0,176.53061224489795,176.53061224489795,5825.510204081633
jid_900622,92940.0,168.0,1,34,35141,35141,35176,JobState.COMPLETED,0,176.53061224489795,176.53061224489795,6002.04081632653
jid_900623,92940.0,168.0,1,140,35039,35039,35180,JobState.COMPLETED,0,176.5306122448979,176.53061224489795,24714.285714285706
jid_900624,92940.0,168.0,1,18,35167,35167,35186,JobState.COMPLETED,0,176.53061224489795,176.53061224489795,3177.551020408163
jid_900625,92940.0,168.0,1,50,35138,35138,35189,JobState.COMPLETED,0,176.53061224489795,176.53061224489795,8826.530612244898
jid_900626,92940.0,168.0,1,86,35106,35106,35193,JobState.COMPLETED,0,176.53061224489795,176.53061224489795,15181.632653061224
jid_900662,92940.0,168.0,1,148,35046,35046,35195,JobState.COMPLETED,0,176.5306122448979,176.53061224489795,26126.53061224489
jid_900627,92940.0,168.0,1,35,35162,35162,35198,JobState.COMPLETED,0,176.53061224489795,176.53061224489795,6178.571428571428
jid_900628,92940.0,168.0,1,33,35171,35171,35205,JobState.COMPLETED,0,176.53061224489795,176.53061224489795,5825.510204081633
jid_900629,92940.0,168.0,1,31,35179,35179,35211,JobState.COMPLETED,0,176.53061224489795,176.53061224489795,5472.448979591836
jid_900630,92940.0,168.0,1,18,35202,35202,35221,JobState.COMPLETED,0,176.53061224489795,176.53061224489795,3177.551020408163
jid_900631,92940.0,168.0,1,33,35191,35191,35225,JobState.COMPLETED,0,176.53061224489795,176.53061224489795,5825.510204081633
jid_900632,92940.0,168.0,1,22,35203,35203,35226,JobState.COMPLETED,0,176.53061224489795,176.53061224489795,3883.673469387755
jid_900633,92940.0,168.0,1,31,35213,35213,35245,JobState.COMPLETED,0,176.53061224489795,176.53061224489795,5472.448979591836
jid_900635,92940.0,168.0,1,31,35220,35220,35252,JobState.COMPLETED,0,176.53061224489795,176.53061224489795,5472.448979591836
jid_900636,92940.0,168.0,1,71,35185,35185,35257,JobState.COMPLETED,0,176.53061224489795,176.53061224489795,12533.673469387755
jid_900637,92940.0,168.0,1,31,35227,35227,35259,JobState.COMPLETED,0,176.53061224489795,176.53061224489795,5472.448979591836
jid_900638,92940.0,168.0,1,39,35239,35239,35279,JobState.COMPLETED,0,176.53061224489795,176.53061224489795,6884.69387755102
jid_900639,92940.0,168.0,1,82,35198,35198,35281,JobState.COMPLETED,0,176.53061224489795,176.53061224489795,14475.510204081633
jid_900640,92940.0,168.0,1,18,35274,35274,35293,JobState.COMPLETED,0,176.53061224489795,176.53061224489795,3177.551020408163
jid_900641,92940.0,168.0,1,88,35208,35208,35297,JobState.COMPLETED,0,176.53061224489795,176.53061224489795,15534.69387755102
jid_900642,92940.0,168.0,1,40,35260,35260,35301,JobState.COMPLETED,0,176.53061224489795,176.53061224489795,7061.224489795918
jid_900643,92940.0,168.0,1,35,35267,35267,35303,JobState.COMPLETED,0,176.53061224489795,176.53061224489795,6178.571428571428
jid_900644,92940.0,168.0,1,28,35277,35277,35306,JobState.COMPLETED,0,176.53061224489795,176.53061224489795,4942.857142857143
jid_900645,92940.0,168.0,1,887,34438,34438,35326,JobState.COMPLETED,0,176.53061224489818,176.53061224489795,156582.65306122467
jid_900646,92940.0,168.0,1,93,35240,35240,35334,JobState.COMPLETED,0,176.53061224489792,176.53061224489795,16417.346938775507
jid_900647,92940.0,168.0,1,1006,34328,34328,35335,JobState.COMPLETED,0,176.530612244898,176.53061224489795,177589.7959183674
jid_900648,92940.0,168.0,1,50,35294,35294,35345,JobState.COMPLETED,0,176.53061224489795,176.53061224489795,8826.530612244898
jid_900649,92940.0,168.0,1,48,35308,35308,35357,JobState.COMPLETED,0,176.53061224489795,176.53061224489795,8473.469387755102
jid_900650,92940.0,168.0,1,47,35312,35312,35360,JobState.COMPLETED,0,176.53061224489795,176.53061224489795,8296.938775510203
jid_900651,92940.0,168.0,1,52,35316,35316,35369,JobState.COMPLETED,0,176.53061224489795,176.53061224489795,9179.591836734693
jid_900652,92940.0,168.0,1,50,35318,35318,35369,JobState.COMPLETED,0,176.53061224489795,176.53061224489795,8826.530612244898
jid_900692,92940.0,168.0,1,17,35351,35351,35369,JobState.COMPLETED,0,176.53061224489795,176.53061224489795,3001.020408163265
jid_900653,92940.0,168.0,1,42,35330,35330,35373,JobState.COMPLETED,0,176.53061224489795,176.53061224489795,7414.285714285714
jid_900654,92940.0,168.0,1,29,35362,35362,35392,JobState.COMPLETED,0,176.53061224489795,176.53061224489795,5119.3877551020405
jid_900655,92940.0,168.0,1,20,35371,35371,35392,JobState.COMPLETED,0,176.53061224489795,176.53061224489795,3530.612244897959
jid_900656,92940.0,168.0,1,22,35376,35376,35399,JobState.COMPLETED,0,176.53061224489795,176.53061224489795,3883.673469387755
jid_900657,92940.0,168.0,1,112,35298,35298,35411,JobState.COMPLETED,0,176.53061224489792,176.53061224489795,19771.42857142857
jid_900659,92940.0,168.0,1,33,35383,35383,35417,JobState.COMPLETED,0,176.53061224489795,176.53061224489795,5825.510204081633
jid_900658,92940.0,168.0,1,34,35383,35383,35418,JobState.COMPLETED,0,176.53061224489795,176.53061224489795,6002.04081632653
jid_900660,92940.0,168.0,1,32,35388,35388,35421,JobState.COMPLETED,0,176.53061224489795,176.53061224489795,5648.9795918367345
jid_900661,92940.0,168.0,1,19,35407,35407,35427,JobState.COMPLETED,0,176.53061224489795,176.53061224489795,3354.081632653061
jid_900663,92940.0,168.0,1,22,35415,35415,35438,JobState.COMPLETED,0,176.53061224489795,176.53061224489795,3883.673469387755
jid_900664,92940.0,168.0,1,31,35407,35407,35439,JobState.COMPLETED,0,176.53061224489795,176.53061224489795,5472.448979591836
jid_900671,92940.0,168.0,1,22,35428,35428,35451,JobState.COMPLETED,0,176.53061224489795,176.53061224489795,3883.673469387755
jid_900665,92940.0,168.0,1,19,35443,35443,35463,JobState.COMPLETED,0,176.53061224489795,176.53061224489795,3354.081632653061
jid_900666,92940.0,168.0,1,33,35432,35432,35466,JobState.COMPLETED,0,176.53061224489795,176.53061224489795,5825.510204081633
jid_900667,92940.0,168.0,1,34,35432,35432,35467,JobState.COMPLETED,0,176.53061224489795,176.53061224489795,6002.04081632653
jid_900691,92940.0,168.0,1,32,35436,35436,35469,JobState.COMPLETED,0,176.53061224489795,176.53061224489795,5648.9795918367345
jid_900668,92940.0,168.0,1,21,35453,35453,35475,JobState.COMPLETED,0,176.53061224489795,176.53061224489795,3707.142857142857
jid_900701,92940.0,168.0,1,33,35453,35453,35487,JobState.COMPLETED,0,176.53061224489795,176.53061224489795,5825.510204081633
jid_900698,92940.0,168.0,1,20,35479,35479,35500,JobState.COMPLETED,0,176.53061224489795,176.53061224489795,3530.612244897959
jid_900669,92940.0,168.0,1,23,35490,35490,35514,JobState.COMPLETED,0,176.53061224489795,176.53061224489795,4060.204081632653
jid_900670,92940.0,168.0,1,35,35481,35481,35517,JobState.COMPLETED,0,176.53061224489795,176.53061224489795,6178.571428571428
jid_900702,92940.0,168.0,1,35,35481,35481,35517,JobState.COMPLETED,0,176.53061224489795,176.53061224489795,6178.571428571428
jid_900672,92940.0,168.0,1,85,35452,35452,35538,JobState.COMPLETED,0,176.53061224489795,176.53061224489795,15005.102040816326
jid_900673,92940.0,168.0,1,21,35529,35529,35551,JobState.COMPLETED,0,176.53061224489795,176.53061224489795,3707.142857142857
jid_900674,92940.0,168.0,1,22,35538,35538,35561,JobState.COMPLETED,0,176.53061224489795,176.53061224489795,3883.673469387755
jid_900675,92940.0,168.0,1,20,35566,35566,35587,JobState.COMPLETED,0,176.53061224489795,176.53061224489795,3530.612244897959
jid_900676,92940.0,168.0,1,22,35575,35575,35598,JobState.COMPLETED,0,176.53061224489795,176.53061224489795,3883.673469387755
jid_900677,92940.0,168.0,1,79,35532,35532,35612,JobState.COMPLETED,0,176.53061224489795,176.53061224489795,13945.918367346938
jid_900678,92940.0,168.0,1,22,35602,35602,35625,JobState.COMPLETED,0,176.53061224489795,176.53061224489795,3883.673469387755
jid_900679,92940.0,168.0,1,21,35612,35612,35634,JobState.COMPLETED,0,176.53061224489795,176.53061224489795,3707.142857142857
jid_900680,92940.0,168.0,1,85,35554,35554,35640,JobState.COMPLETED,0,176.53061224489795,176.53061224489795,15005.102040816326
jid_900681,92940.0,168.0,1,18,35626,35626,35645,JobState.COMPLETED,0,176.53061224489795,176.53061224489795,3177.551020408163
jid_900682,92940.0,168.0,1,22,35639,35639,35662,JobState.COMPLETED,0,176.53061224489795,176.53061224489795,3883.673469387755
jid_900683,92940.0,168.0,1,21,35649,35649,35671,JobState.COMPLETED,0,176.53061224489795,176.53061224489795,3707.142857142857
jid_900684,92940.0,168.0,1,17,35660,35660,35678,JobState.COMPLETED,0,176.53061224489795,176.53061224489795,3001.020408163265
jid_900685,92940.0,168.0,1,23,35656,35656,35680,JobState.COMPLETED,0,176.53061224489795,176.53061224489795,4060.204081632653
jid_900686,92940.0,168.0,1,22,35677,35677,35700,JobState.COMPLETED,0,176.53061224489795,176.53061224489795,3883.673469387755
jid_900687,92940.0,168.0,1,20,35686,35686,35707,JobState.COMPLETED,0,176.53061224489795,176.53061224489795,3530.612244897959
jid_900688,92940.0,168.0,1,20,35692,35692,35713,JobState.COMPLETED,0,176.53061224489795,176.53061224489795,3530.612244897959
jid_900689,92940.0,168.0,1,21,35695,35695,35717,JobState.COMPLETED,0,176.53061224489795,176.53061224489795,3707.142857142857
jid_900693,92940.0,168.0,1,21,35721,35721,35743,JobState.COMPLETED,0,176.53061224489795,176.53061224489795,3707.142857142857
jid_900695,92940.0,168.0,1,20,35728,35728,35749,JobState.COMPLETED,0,176.53061224489795,176.53061224489795,3530.612244897959
jid_900694,92940.0,168.0,1,34,35715,35715,35750,JobState.COMPLETED,0,176.53061224489795,176.53061224489795,6002.04081632653
jid_900697,92940.0,168.0,1,21,35734,35734,35756,JobState.COMPLETED,0,176.53061224489795,176.53061224489795,3707.142857142857
jid_900699,92940.0,168.0,1,17,35753,35753,35771,JobState.COMPLETED,0,176.53061224489795,176.53061224489795,3001.020408163265
jid_900700,92940.0,168.0,1,17,35764,35764,35782,JobState.COMPLETED,0,176.53061224489795,176.53061224489795,3001.020408163265
jid_900704,92940.0,168.0,1,22,35761,35761,35784,JobState.COMPLETED,0,176.53061224489795,176.53061224489795,3883.673469387755
jid_900705,92940.0,168.0,1,32,35753,35753,35786,JobState.COMPLETED,0,176.53061224489795,176.53061224489795,5648.9795918367345
jid_900703,92940.0,168.0,1,20,35765,35765,35786,JobState.COMPLETED,0,176.53061224489795,176.53061224489795,3530.612244897959
jid_900706,92940.0,168.0,1,21,35773,35773,35795,JobState.COMPLETED,0,176.53061224489795,176.53061224489795,3707.142857142857
jid_900707,92940.0,168.0,1,20,35784,35784,35805,JobState.COMPLETED,0,176.53061224489795,176.53061224489795,3530.612244897959
jid_900708,92940.0,168.0,1,19,35785,35785,35805,JobState.COMPLETED,0,176.53061224489795,176.53061224489795,3354.081632653061
jid_900709,92940.0,168.0,1,17,35796,35796,35814,JobState.COMPLETED,0,176.53061224489795,176.53061224489795,3001.020408163265
jid_900710,92940.0,168.0,1,20,35801,35801,35822,JobState.COMPLETED,0,176.53061224489795,176.53061224489795,3530.612244897959
jid_900711,92940.0,168.0,1,21,35802,35802,35824,JobState.COMPLETED,0,176.53061224489795,176.53061224489795,3707.142857142857
jid_900713,92940.0,168.0,1,21,35810,35810,35832,JobState.COMPLETED,0,176.53061224489795,176.53061224489795,3707.142857142857
jid_900712,92940.0,168.0,1,34,35798,35798,35833,JobState.COMPLETED,0,176.53061224489795,176.53061224489795,6002.04081632653
jid_900714,92940.0,168.0,1,19,35820,35820,35840,JobState.COMPLETED,0,176.53061224489795,176.53061224489795,3354.081632653061
jid_900715,92940.0,168.0,1,19,35821,35821,35841,JobState.COMPLETED,0,176.53061224489795,176.53061224489795,3354.081632653061
jid_900716,92940.0,168.0,1,18,35829,35829,35848,JobState.COMPLETED,0,176.53061224489795,176.53061224489795,3177.551020408163
jid_900734,92940.0,168.0,1,21,35837,35837,35859,JobState.COMPLETED,0,176.53061224489795,176.53061224489795,3707.142857142857
jid_900718,92940.0,168.0,1,22,35842,35842,35865,JobState.COMPLETED,0,176.53061224489795,176.53061224489795,3883.673469387755
jid_900719,92940.0,168.0,1,21,35848,35848,35870,JobState.COMPLETED,0,176.53061224489795,176.53061224489795,3707.142857142857
jid_900720,92940.0,168.0,1,18,35855,35855,35874,JobState.COMPLETED,0,176.53061224489795,176.53061224489795,3177.551020408163
jid_900722,92940.0,168.0,1,72,35803,35803,35876,JobState.COMPLETED,0,176.53061224489795,176.53061224489795,12710.204081632652
jid_900721,92940.0,168.0,1,19,35856,35856,35876,JobState.COMPLETED,0,176.53061224489795,176.53061224489795,3354.081632653061
jid_900723,92940.0,168.0,1,78,35799,35799,35878,JobState.COMPLETED,0,176.53061224489795,176.53061224489795,13769.38775510204
jid_900724,92940.0,168.0,1,17,35862,35862,35880,JobState.COMPLETED,0,176.53061224489795,176.53061224489795,3001.020408163265
jid_900725,92940.0,168.0,1,34,35847,35847,35882,JobState.COMPLETED,0,176.53061224489795,176.53061224489795,6002.04081632653
jid_900727,92940.0,168.0,1,20,35886,35886,35907,JobState.COMPLETED,0,176.53061224489795,176.53061224489795,3530.612244897959
jid_900728,92940.0,168.0,1,19,35889,35889,35909,JobState.COMPLETED,0,176.53061224489795,176.53061224489795,3354.081632653061
jid_900730,92940.0,168.0,1,17,35892,35892,35910,JobState.COMPLETED,0,176.53061224489795,176.53061224489795,3001.020408163265
jid_900729,92940.0,168.0,1,19,35891,35891,35911,JobState.COMPLETED,0,176.53061224489795,176.53061224489795,3354.081632653061
jid_900731,92940.0,168.0,1,18,35893,35893,35912,JobState.COMPLETED,0,176.53061224489795,176.53061224489795,3177.551020408163
jid_900732,92940.0,168.0,1,18,35894,35894,35913,JobState.COMPLETED,0,176.53061224489795,176.53061224489795,3177.551020408163
jid_900733,92940.0,168.0,1,32,35882,35882,35915,JobState.COMPLETED,0,176.53061224489795,176.53061224489795,5648.9795918367345
jid_900735,92940.0,168.0,1,17,35924,35924,35942,JobState.COMPLETED,0,176.53061224489795,176.53061224489795,3001.020408163265
jid_900737,92940.0,168.0,1,17,35926,35926,35944,JobState.COMPLETED,0,176.53061224489795,176.53061224489795,3001.020408163265
jid_900736,92940.0,168.0,1,17,35927,35927,35945,JobState.COMPLETED,0,176.53061224489795,176.53061224489795,3001.020408163265
jid_900738,92940.0,168.0,1,22,35923,35923,35946,JobState.COMPLETED,0,176.53061224489795,176.53061224489795,3883.673469387755
jid_900739,92940.0,168.0,1,19,35926,35926,35946,JobState.COMPLETED,0,176.53061224489795,176.53061224489795,3354.081632653061
jid_900740,92940.0,168.0,1,18,35928,35928,35947,JobState.COMPLETED,0,176.53061224489795,176.53061224489795,3177.551020408163
jid_900741,92940.0,168.0,1,17,35933,35933,35951,JobState.COMPLETED,0,176.53061224489795,176.53061224489795,3001.020408163265
jid_900742,92940.0,168.0,1,21,35946,35946,35968,JobState.COMPLETED,0,176.53061224489795,176.53061224489795,3707.142857142857
jid_900743,92940.0,168.0,1,78,35896,35896,35975,JobState.COMPLETED,0,176.53061224489795,176.53061224489795,13769.38775510204
jid_900744,92940.0,168.0,1,19,35957,35957,35977,JobState.COMPLETED,0,176.53061224489795,176.53061224489795,3354.081632653061
jid_900745,92940.0,168.0,1,20,35960,35960,35981,JobState.COMPLETED,0,176.53061224489795,176.53061224489795,3530.612244897959
jid_900747,92940.0,168.0,1,20,35960,35960,35981,JobState.COMPLETED,0,176.53061224489795,176.53061224489795,3530.612244897959
jid_900748,92940.0,168.0,1,19,35961,35961,35981,JobState.COMPLETED,0,176.53061224489795,176.53061224489795,3354.081632653061
jid_900746,92940.0,168.0,1,18,35963,35963,35982,JobState.COMPLETED,0,176.53061224489795,176.53061224489795,3177.551020408163
jid_900749,92940.0,168.0,1,22,35961,35961,35984,JobState.COMPLETED,0,176.53061224489795,176.53061224489795,3883.673469387755
jid_900752,92940.0,168.0,1,1151,34844,34844,35996,JobState.COMPLETED,0,176.5306122448978,176.53061224489795,203186.73469387737
jid_900751,92940.0,168.0,1,1039,34956,34956,35996,JobState.COMPLETED,0,176.53061224489798,176.53061224489795,183415.306122449
jid_900767,92940.0,168.0,1,1005,35062,35062,36068,JobState.COMPLETED,0,176.530612244898,176.53061224489795,177413.26530612248
jid_900847,92940.0,168.0,1,1083,35351,35351,36435,JobState.COMPLETED,0,176.5306122448979,176.53061224489795,191182.6530612244
jid_900815,92940.0,168.0,1,1089,35351,35351,36441,JobState.COMPLETED,0,176.5306122448979,176.53061224489795,192241.83673469382
jid_901043,1444.0,710.0,12,680,37141,37141,37822,JobState.COMPLETED,0,124.79851053936603,124.79851053936596,1018355.8460012268
jid_901311,93352.0,200.0,2560,39269,295,295,39565,JobState.COMPLETED,0,157.63330885104136,157.63330885103255,15846662157.495152
