id,name,account,num_nodes,run_time,submit_time,start_time,end_time,state,ml_priority,avg_node_power,max_node_power,energy
jid_893699,92940.0,168.0,1,43,-5,0,44,JobState.COMPLETED,0,176.53061224489795,176.53061224489795,7590.816326530612
jid_893701,92940.0,168.0,1,36,33,33,70,JobState.COMPLETED,0,176.53061224489795,176.53061224489795,6355.102040816326
jid_893702,92940.0,168.0,1,30,41,41,72,JobState.COMPLETED,0,176.53061224489795,176.53061224489795,5295.918367346939
jid_893706,92940.0,168.0,1,46,54,54,101,JobState.COMPLETED,0,176.53061224489795,176.53061224489795,8120.408163265306
jid_893709,92940.0,168.0,1,73,35,35,109,JobState.COMPLETED,0,176.53061224489795,176.53061224489795,12886.73469387755
jid_893710,92940.0,168.0,1,98,15,15,114,JobState.COMPLETED,0,176.53061224489792,176.53061224489795,17299.999999999996
jid_893711,92940.0,168.0,1,41,85,85,127,JobState.COMPLETED,0,176.53061224489795,176.53061224489795,7237.755102040816
jid_893713,92940.0,168.0,1,45,88,88,134,JobState.COMPLETED,0,176.53061224489795,176.53061224489795,7943.877551020408
jid_893714,92940.0,168.0,1,85,61,61,147,JobState.COMPLETED,0,176.53061224489795,176.53061224489795,15005.102040816326
jid_893715,92940.0,168.0,1,108,41,41,150,JobState.COMPLETED,0,176.53061224489792,176.53061224489795,19065.306122448976
jid_893716,92940.0,168.0,1,38,111,111,150,JobState.COMPLETED,0,176.53061224489795,176.53061224489795,6708.163265306122
jid_893717,92940.0,168.0,1,55,98,98,154,JobState.COMPLETED,0,176.53061224489795,176.53061224489795,9709.183673469388
jid_893718,92940.0,168.0,1,54,116,116,171,JobState.COMPLETED,0,176.53061224489795,176.53061224489795,9532.65306122449
jid_893719,92940.0,168.0,1,45,142,142,188,JobState.COMPLETED,0,176.53061224489795,176.53061224489795,7943.877551020408
jid_893721,92940.0,168.0,1,48,150,150,199,JobState.COMPLETED,0,176.53061224489795,176.53061224489795,8473.469387755102
jid_893722,92940.0,168.0,1,49,166,166,216,JobState.COMPLETED,0,176.53061224489795,176.53061224489795,8650.0
jid_893723,92940.0,168.0,1,52,168,168,221,JobState.COMPLETED,0,176.53061224489795,176.53061224489795,9179.591836734693
jid_893724,92940.0,168.0,1,98,123,123,222,JobState.COMPLETED,0,176.53061224489792,176.53061224489795,17299.999999999996
jid_893738,92940.0,168.0,1,70,165,165,236,JobState.COMPLETED,0,176.53061224489795,176.53061224489795,12357.142857142857
jid_893725,92940.0,168.0,1,58,186,186,245,JobState.COMPLETED,0,176.53061224489795,176.53061224489795,10238.775510204081
jid_893726,92940.0,168.0,1,114,131,131,246,JobState.COMPLETED,0,176.53061224489792,176.53061224489795,20124.48979591836
jid_893727,92940.0,168.0,1,56,202,202,259,JobState.COMPLETED,0,176.53061224489795,176.53061224489795,9885.714285714286
jid_893728,92940.0,168.0,1,98,163,163,262,JobState.COMPLETED,0,176.53061224489792,176.53061224489795,17299.999999999996
jid_893729,92940.0,168.0,1,51,217,217,269,JobState.COMPLETED,0,176.53061224489795,176.53061224489795,9003.061224489795
jid_893730,92940.0,168.0,1,48,235,235,284,JobState.COMPLETED,0,176.53061224489795,176.53061224489795,8473.469387755102
jid_893731,92940.0,168.0,1,49,235,235,285,JobState.COMPLETED,0,176.53061224489795,176.53061224489795,8650.0
jid_893733,92940.0,168.0,1,184,149,149,334,JobState.COMPLETED,0,176.5306122448979,176.53061224489795,32481.632653061213
jid_893732,92940.0,168.0,1,98,236,236,335,JobState.COMPLETED,0,176.53061224489792,176.53061224489795,17299.999999999996
jid_893734,92940.0,168.0,1,85,261,261,347,JobState.COMPLETED,0,176.53061224489795,176.53061224489795,15005.102040816326
jid_893742,92940.0,168.0,1,50,303,303,354,JobState.COMPLETED,0,176.53061224489795,176.53061224489795,8826.530612244898
jid_893735,92940.0,168.0,1,72,287,287,360,JobState.COMPLETED,0,176.53061224489795,176.53061224489795,12710.204081632652
jid_893736,92940.0,168.0,1,83,303,303,387,JobState.COMPLETED,0,176.53061224489795,176.53061224489795,14652.04081632653
jid_893737,92940.0,168.0,1,117,272,272,390,JobState.COMPLETED,0,176.53061224489792,176.53061224489795,20654.08163265306
jid_893739,92940.0,168.0,1,52,367,367,420,JobState.COMPLETED,0,176.53061224489795,176.53061224489795,9179.591836734693
jid_893741,92940.0,168.0,1,49,377,377,427,JobState.COMPLETED,0,176.53061224489795,176.53061224489795,8650.0
jid_893740,92940.0,168.0,1,153,276,276,430,JobState.COMPLETED,0,176.5306122448979,176.53061224489795,27009.18367346938
jid_893743,92940.0,168.0,1,171,260,260,432,JobState.COMPLETED,0,176.5306122448979,176.53061224489795,30186.73469387754
jid_893744,92940.0,168.0,1,36,406,406,443,JobState.COMPLETED,0,176.53061224489795,176.53061224489795,6355.102040816326
jid_893756,92940.0,168.0,1,42,406,406,449,JobState.COMPLETED,0,176.53061224489795,176.53061224489795,7414.285714285714
jid_893745,92940.0,168.0,1,45,406,406,452,JobState.COMPLETED,0,176.53061224489795,176.53061224489795,7943.877551020408
jid_893747,92940.0,168.0,1,34,436,436,471,JobState.COMPLETED,0,176.53061224489795,176.53061224489795,6002.04081632653
jid_893748,92940.0,168.0,1,30,447,447,478,JobState.COMPLETED,0,176.53061224489795,176.53061224489795,5295.918367346939
jid_893749,92940.0,168.0,1,34,447,447,482,JobState.COMPLETED,0,176.53061224489795,176.53061224489795,6002.04081632653
jid_893750,92940.0,168.0,1,31,459,459,491,JobState.COMPLETED,0,176.53061224489795,176.53061224489795,5472.448979591836
jid_893751,92940.0,168.0,1,65,447,447,513,JobState.COMPLETED,0,176.53061224489798,176.53061224489795,11474.489795918369
jid_893752,92940.0,168.0,1,25,489,489,515,JobState.COMPLETED,0,176.53061224489795,176.53061224489795,4413.265306122449
jid_893753,92940.0,168.0,1,164,351,351,516,JobState.COMPLETED,0,176.5306122448979,176.53061224489795,28951.020408163255
jid_893754,92940.0,168.0,1,42,474,474,517,JobState.COMPLETED,0,176.53061224489795,176.53061224489795,7414.285714285714
jid_893755,92940.0,168.0,1,21,498,498,520,JobState.COMPLETED,0,176.53061224489795,176.53061224489795,3707.142857142857
jid_893757,92940.0,168.0,1,23,505,505,529,JobState.COMPLETED,0,176.53061224489795,176.53061224489795,4060.204081632653
jid_893758,92940.0,168.0,1,32,498,498,531,JobState.COMPLETED,0,176.53061224489795,176.53061224489795,5648.9795918367345
jid_893759,92940.0,168.0,1,192,352,352,545,JobState.COMPLETED,0,176.5306122448979,176.53061224489795,33893.8775510204
jid_893760,92940.0,168.0,1,25,531,531,557,JobState.COMPLETED,0,176.53061224489795,176.53061224489795,4413.265306122449
jid_893761,92940.0,168.0,1,26,536,536,563,JobState.COMPLETED,0,176.53061224489795,176.53061224489795,4589.7959183673465
jid_893762,92940.0,168.0,1,23,544,544,568,JobState.COMPLETED,0,176.53061224489795,176.53061224489795,4060.204081632653
jid_893765,92940.0,168.0,1,37,533,533,571,JobState.COMPLETED,0,176.53061224489795,176.53061224489795,6531.632653061224
jid_893763,92940.0,168.0,1,34,536,536,571,JobState.COMPLETED,0,176.53061224489795,176.53061224489795,6002.04081632653
jid_893764,92940.0,168.0,1,41,531,531,573,JobState.COMPLETED,0,176.53061224489795,176.53061224489795,7237.755102040816
jid_893766,92940.0,168.0,1,38,534,534,573,JobState.COMPLETED,0,176.53061224489795,176.53061224489795,6708.163265306122
jid_893768,92940.0,168.0,1,132,444,444,577,JobState.COMPLETED,0,176.5306122448979,176.53061224489795,23302.040816326524
jid_893767,92940.0,168.0,1,31,546,546,578,JobState.COMPLETED,0,176.53061224489795,176.53061224489795,5472.448979591836
jid_893769,92940.0,168.0,1,33,577,577,611,JobState.COMPLETED,0,176.53061224489795,176.53061224489795,5825.510204081633
jid_893770,92940.0,168.0,1,37,584,584,622,JobState.COMPLETED,0,176.53061224489795,176.53061224489795,6531.632653061224
jid_893771,92940.0,168.0,1,46,579,579,626,JobState.COMPLETED,0,176.53061224489795,176.53061224489795,8120.408163265306
jid_893772,92940.0,168.0,1,44,588,588,633,JobState.COMPLETED,0,176.53061224489795,176.53061224489795,7767.34693877551
jid_893773,92940.0,168.0,1,55,586,586,642,JobState.COMPLETED,0,176.53061224489795,176.53061224489795,9709.183673469388
jid_893775,92940.0,168.0,1,55,589,622,678,JobState.COMPLETED,0,176.53061224489795,176.53061224489795,9709.183673469388
jid_893776,92940.0,168.0,1,53,592,626,680,JobState.COMPLETED,0,176.53061224489795,176.53061224489795,9356.122448979591
jid_893779,92940.0,168.0,1,44,629,642,687,JobState.COMPLETED,0,176.53061224489795,176.53061224489795,7767.34693877551
jid_893787,92940.0,168.0,1,71,594,633,705,JobState.COMPLETED,0,176.53061224489795,176.53061224489795,12533.673469387755
jid_893784,92940.0,168.0,1,148,559,559,708,JobState.COMPLETED,0,176.5306122448979,176.53061224489795,26126.53061224489
jid_893780,92940.0,168.0,1,45,638,678,724,JobState.COMPLETED,0,176.53061224489795,176.53061224489795,7943.877551020408
jid_893783,92940.0,168.0,1,52,651,687,740,JobState.COMPLETED,0,176.53061224489795,176.53061224489795,9179.591836734693
jid_893785,92940.0,168.0,1,55,662,705,761,JobState.COMPLETED,0,176.53061224489795,176.53061224489795,9709.183673469388
jid_893792,92940.0,168.0,1,84,643,680,765,JobState.COMPLETED,0,176.53061224489795,176.53061224489795,14828.571428571428
jid_893788,92940.0,168.0,1,81,663,708,790,JobState.COMPLETED,0,176.53061224489795,176.53061224489795,14298.979591836734
jid_893789,92940.0,168.0,1,83,665,724,808,JobState.COMPLETED,0,176.53061224489795,176.53061224489795,14652.04081632653
jid_893790,92940.0,168.0,1,78,693,761,840,JobState.COMPLETED,0,176.53061224489795,176.53061224489795,13769.38775510204
jid_893791,92940.0,168.0,1,74,700,765,840,JobState.COMPLETED,0,176.53061224489795,176.53061224489795,13063.265306122448
jid_893793,92940.0,168.0,1,84,721,790,875,JobState.COMPLETED,0,176.53061224489795,176.53061224489795,14828.571428571428
jid_893806,92940.0,168.0,1,266,588,611,878,JobState.COMPLETED,0,176.53061224489792,176.53061224489795,46957.14285714285
jid_893795,92940.0,168.0,1,67,755,840,908,JobState.COMPLETED,0,176.53061224489798,176.53061224489795,11827.551020408164
jid_893801,92940.0,168.0,1,206,682,740,947,JobState.COMPLETED,0,176.5306122448979,176.53061224489795,36365.306122448965
jid_893796,92940.0,168.0,1,72,765,875,948,JobState.COMPLETED,0,176.53061224489795,176.53061224489795,12710.204081632652
jid_893798,92940.0,168.0,1,111,738,840,952,JobState.COMPLETED,0,176.53061224489792,176.53061224489795,19594.89795918367
jid_893797,92940.0,168.0,1,79,765,878,958,JobState.COMPLETED,0,176.53061224489795,176.53061224489795,13945.918367346938
jid_893799,92940.0,168.0,1,81,793,908,990,JobState.COMPLETED,0,176.53061224489795,176.53061224489795,14298.979591836734
jid_893803,92940.0,168.0,1,197,722,808,1006,JobState.COMPLETED,0,176.5306122448979,176.53061224489795,34776.53061224488
jid_893800,92940.0,168.0,1,90,793,947,1038,JobState.COMPLETED,0,176.53061224489792,176.53061224489795,15887.755102040814
jid_893804,92940.0,168.0,1,101,819,948,1050,JobState.COMPLETED,0,176.53061224489792,176.53061224489795,17829.59183673469
jid_893805,92940.0,168.0,1,65,859,990,1056,JobState.COMPLETED,0,176.53061224489798,176.53061224489795,11474.489795918369
jid_893807,92940.0,168.0,1,62,872,1006,1069,JobState.COMPLETED,0,176.53061224489798,176.53061224489795,10944.897959183674
jid_893812,92940.0,168.0,1,155,822,952,1108,JobState.COMPLETED,0,176.5306122448979,176.53061224489795,27362.244897959175
jid_893813,92940.0,168.0,1,151,843,958,1110,JobState.COMPLETED,0,176.5306122448979,176.53061224489795,26656.122448979582
jid_893808,92940.0,168.0,1,70,904,1056,1127,JobState.COMPLETED,0,176.53061224489795,176.53061224489795,12357.142857142857
jid_893809,92940.0,168.0,1,104,872,1038,1143,JobState.COMPLETED,0,176.53061224489792,176.53061224489795,18359.183673469382
jid_893811,92940.0,168.0,1,121,894,1050,1172,JobState.COMPLETED,0,176.5306122448979,176.53061224489795,21360.204081632644
jid_893828,92940.0,168.0,1,1107,114,114,1222,JobState.COMPLETED,0,176.5306122448979,176.53061224489795,195419.38775510198
jid_893816,92940.0,168.0,1,91,947,1172,1264,JobState.COMPLETED,0,176.53061224489792,176.53061224489795,16064.285714285712
jid_893817,92940.0,168.0,1,187,941,1110,1298,JobState.COMPLETED,0,176.5306122448979,176.53061224489795,33011.22448979591
jid_893819,92940.0,168.0,1,213,925,1108,1322,JobState.COMPLETED,0,176.53061224489787,176.53061224489795,37601.02040816325
jid_893823,92940.0,168.0,1,255,904,1069,1325,JobState.COMPLETED,0,176.5306122448979,176.53061224489795,45015.306122448965
jid_893841,92940.0,168.0,1,1207,122,122,1330,JobState.COMPLETED,0,176.53061224489775,176.53061224489795,213072.4489795916
jid_893822,92940.0,168.0,1,218,941,1127,1346,JobState.COMPLETED,0,176.53061224489787,176.53061224489795,38483.67346938774
jid_893814,92940.0,168.0,1,90,999,1264,1355,JobState.COMPLETED,0,176.53061224489792,176.53061224489795,15887.755102040814
jid_893815,92940.0,168.0,1,137,956,1222,1360,JobState.COMPLETED,0,176.5306122448979,176.53061224489795,24184.693877551013
jid_893820,92940.0,168.0,1,65,1084,1346,1412,JobState.COMPLETED,0,176.53061224489798,176.53061224489795,11474.489795918369
jid_893824,92940.0,168.0,1,57,1109,1355,1413,JobState.COMPLETED,0,176.53061224489795,176.53061224489795,10062.244897959183
jid_893826,92940.0,168.0,1,63,1109,1360,1424,JobState.COMPLETED,0,176.53061224489798,176.53061224489795,11121.428571428572
jid_893825,92940.0,168.0,1,102,1068,1330,1433,JobState.COMPLETED,0,176.53061224489792,176.53061224489795,18006.12244897959
jid_893827,92940.0,168.0,1,53,1132,1412,1466,JobState.COMPLETED,0,176.53061224489795,176.53061224489795,9356.122448979591
jid_893821,92940.0,168.0,1,159,999,1322,1482,JobState.COMPLETED,0,176.5306122448979,176.53061224489795,28068.367346938765
jid_893829,92940.0,168.0,1,79,1145,1413,1493,JobState.COMPLETED,0,176.53061224489795,176.53061224489795,13945.918367346938
jid_893835,92940.0,168.0,1,66,1167,1433,1500,JobState.COMPLETED,0,176.53061224489798,176.53061224489795,11651.020408163267
jid_893836,92940.0,168.0,1,60,1175,1466,1527,JobState.COMPLETED,0,176.53061224489798,176.53061224489795,10591.83673469388
jid_893837,92940.0,168.0,1,202,1036,1325,1528,JobState.COMPLETED,0,176.5306122448979,176.53061224489795,35659.18367346937
jid_893844,92940.0,168.0,1,422,945,1143,1566,JobState.COMPLETED,0,176.53061224489807,176.53061224489795,74495.91836734698
jid_893831,92940.0,168.0,1,83,1185,1500,1584,JobState.COMPLETED,0,176.53061224489795,176.53061224489795,14652.04081632653
jid_893832,92940.0,168.0,1,77,1191,1528,1606,JobState.COMPLETED,0,176.53061224489795,176.53061224489795,13592.857142857143
jid_893833,92940.0,168.0,1,86,1187,1527,1614,JobState.COMPLETED,0,176.53061224489795,176.53061224489795,15181.632653061224
jid_893848,92940.0,168.0,1,145,1175,1482,1628,JobState.COMPLETED,0,176.5306122448979,176.53061224489795,25596.938775510196
jid_893845,92940.0,168.0,1,211,1162,1424,1636,JobState.COMPLETED,0,176.53061224489787,176.53061224489795,37247.95918367345
jid_893834,92940.0,168.0,1,73,1206,1566,1640,JobState.COMPLETED,0,176.53061224489795,176.53061224489795,12886.73469387755
jid_893891,93459.0,526.0,1,378,1280,1298,1677,JobState.COMPLETED,0,176.53061224489804,176.53061224489795,66728.57142857146
jid_893847,92940.0,168.0,1,65,1286,1614,1680,JobState.COMPLETED,0,176.53061224489798,176.53061224489795,11474.489795918369
jid_893839,92940.0,168.0,1,80,1244,1606,1687,JobState.COMPLETED,0,176.53061224489795,176.53061224489795,14122.448979591836
jid_893857,92940.0,168.0,1,195,1178,1493,1689,JobState.COMPLETED,0,176.5306122448979,176.53061224489795,34423.46938775509
jid_893842,92940.0,168.0,1,57,1289,1636,1694,JobState.COMPLETED,0,176.53061224489795,176.53061224489795,10062.244897959183
jid_893843,92940.0,168.0,1,73,1287,1628,1702,JobState.COMPLETED,0,176.53061224489795,176.53061224489795,12886.73469387755
jid_893854,92940.0,168.0,1,62,1299,1640,1703,JobState.COMPLETED,0,176.53061224489798,176.53061224489795,10944.897959183674
jid_893846,92940.0,168.0,1,53,1322,1677,1731,JobState.COMPLETED,0,176.53061224489795,176.53061224489795,9356.122448979591
jid_893859,92940.0,168.0,1,57,1326,1680,1738,JobState.COMPLETED,0,176.53061224489795,176.53061224489795,10062.244897959183
jid_893851,92996.0,727.0,1,49,1371,1703,1753,JobState.COMPLETED,0,176.53061224489795,176.53061224489795,8650.0
jid_893850,92940.0,168.0,1,69,1342,1689,1759,JobState.COMPLETED,0,176.53061224489798,176.53061224489795,12180.61224489796
jid_893852,92940.0,168.0,1,58,1363,1702,1761,JobState.COMPLETED,0,176.53061224489795,176.53061224489795,10238.775510204081
jid_893855,92940.0,168.0,1,59,1378,1731,1791,JobState.COMPLETED,0,176.53061224489795,176.53061224489795,10415.30612244898
jid_893856,92940.0,168.0,1,58,1387,1738,1797,JobState.COMPLETED,0,176.53061224489795,176.53061224489795,10238.775510204081
jid_893858,92940.0,168.0,1,54,1397,1761,1816,JobState.COMPLETED,0,176.53061224489795,176.53061224489795,9532.65306122449
jid_893860,92940.0,168.0,1,63,1394,1759,1823,JobState.COMPLETED,0,176.53061224489798,176.53061224489795,11121.428571428572
jid_893862,92940.0,168.0,1,155,1332,1687,1843,JobState.COMPLETED,0,176.5306122448979,176.53061224489795,27362.244897959175
jid_893861,92940.0,168.0,1,63,1409,1791,1855,JobState.COMPLETED,0,176.53061224489798,176.53061224489795,11121.428571428572
jid_893872,92940.0,168.0,1,38,1440,1816,1855,JobState.COMPLETED,0,176.53061224489795,176.53061224489795,6708.163265306122
jid_893863,92940.0,168.0,1,74,1430,1797,1872,JobState.COMPLETED,0,176.53061224489795,176.53061224489795,13063.265306122448
jid_893864,92940.0,168.0,1,55,1452,1823,1879,JobState.COMPLETED,0,176.53061224489795,176.53061224489795,9709.183673469388
jid_893871,92940.0,168.0,1,200,1345,1694,1895,JobState.COMPLETED,0,176.5306122448979,176.53061224489795,35306.12244897958
jid_893867,92940.0,168.0,1,58,1455,1843,1902,JobState.COMPLETED,0,176.53061224489795,176.53061224489795,10238.775510204081
jid_893866,92940.0,168.0,1,54,1461,1855,1910,JobState.COMPLETED,0,176.53061224489795,176.53061224489795,9532.65306122449
jid_893865,92940.0,168.0,1,46,1466,1872,1919,JobState.COMPLETED,0,176.53061224489795,176.53061224489795,8120.408163265306
jid_893868,92940.0,168.0,1,47,1473,1879,1927,JobState.COMPLETED,0,176.53061224489795,176.53061224489795,8296.938775510203
jid_893877,92940.0,168.0,1,188,1391,1753,1942,JobState.COMPLETED,0,176.5306122448979,176.53061224489795,33187.75510204081
jid_893869,92940.0,168.0,1,44,1489,1902,1947,JobState.COMPLETED,0,176.53061224489795,176.53061224489795,7767.34693877551
jid_893870,92940.0,168.0,1,57,1476,1895,1953,JobState.COMPLETED,0,176.53061224489795,176.53061224489795,10062.244897959183
jid_893873,92940.0,168.0,1,39,1525,1927,1967,JobState.COMPLETED,0,176.53061224489795,176.53061224489795,6884.69387755102
jid_893874,92940.0,168.0,1,53,1519,1919,1973,JobState.COMPLETED,0,176.53061224489795,176.53061224489795,9356.122448979591
jid_893875,92940.0,168.0,1,49,1528,1942,1992,JobState.COMPLETED,0,176.53061224489795,176.53061224489795,8650.0
jid_893878,92940.0,168.0,1,51,1529,1947,1999,JobState.COMPLETED,0,176.53061224489795,176.53061224489795,9003.061224489795
jid_893876,92940.0,168.0,1,39,1538,1967,2007,JobState.COMPLETED,0,176.53061224489795,176.53061224489795,6884.69387755102
jid_893879,92940.0,168.0,1,57,1529,1953,2011,JobState.COMPLETED,0,176.53061224489795,176.53061224489795,10062.244897959183
jid_893884,92940.0,168.0,1,166,1465,1855,2022,JobState.COMPLETED,0,176.5306122448979,176.53061224489795,29304.08163265305
jid_893881,92940.0,168.0,1,52,1551,1973,2026,JobState.COMPLETED,0,176.53061224489795,176.53061224489795,9179.591836734693
jid_893885,92940.0,168.0,1,127,1507,1910,2038,JobState.COMPLETED,0,176.5306122448979,176.53061224489795,22419.387755102034
jid_893880,92940.0,168.0,1,45,1552,1992,2038,JobState.COMPLETED,0,176.53061224489795,176.53061224489795,7943.877551020408
jid_893882,92940.0,168.0,1,45,1566,2007,2053,JobState.COMPLETED,0,176.53061224489795,176.53061224489795,7943.877551020408
jid_893883,92940.0,168.0,1,47,1582,2011,2059,JobState.COMPLETED,0,176.53061224489795,176.53061224489795,8296.938775510203
jid_893886,92940.0,168.0,1,50,1588,2022,2073,JobState.COMPLETED,0,176.53061224489795,176.53061224489795,8826.530612244898
jid_893888,92940.0,168.0,1,52,1594,2026,2079,JobState.COMPLETED,0,176.53061224489795,176.53061224489795,9179.591836734693
jid_893899,92940.0,168.0,1,46,1596,2038,2085,JobState.COMPLETED,0,176.53061224489795,176.53061224489795,8120.408163265306
jid_893900,92940.0,168.0,1,57,1594,2038,2096,JobState.COMPLETED,0,176.53061224489795,176.53061224489795,10062.244897959183
jid_893889,92940.0,168.0,1,39,1615,2073,2113,JobState.COMPLETED,0,176.53061224489795,176.53061224489795,6884.69387755102
jid_893890,92940.0,168.0,1,57,1602,2059,2117,JobState.COMPLETED,0,176.53061224489795,176.53061224489795,10062.244897959183
jid_893903,92940.0,168.0,1,37,1627,2085,2123,JobState.COMPLETED,0,176.53061224489795,176.53061224489795,6531.632653061224
jid_893892,92940.0,168.0,1,46,1621,2079,2126,JobState.COMPLETED,0,176.53061224489795,176.53061224489795,8120.408163265306
jid_893894,92940.0,168.0,1,56,1646,2096,2153,JobState.COMPLETED,0,176.53061224489795,176.53061224489795,9885.714285714286
jid_893895,92940.0,168.0,1,52,1654,2123,2176,JobState.COMPLETED,0,176.53061224489795,176.53061224489795,9179.591836734693
jid_893898,92940.0,168.0,1,53,1663,2126,2180,JobState.COMPLETED,0,176.53061224489795,176.53061224489795,9356.122448979591
jid_893897,92940.0,168.0,1,41,1671,2153,2195,JobState.COMPLETED,0,176.53061224489795,176.53061224489795,7237.755102040816
jid_893906,92940.0,168.0,1,201,1562,1999,2201,JobState.COMPLETED,0,176.5306122448979,176.53061224489795,35482.653061224475
jid_893908,92940.0,168.0,1,176,1596,2053,2230,JobState.COMPLETED,0,176.5306122448979,176.53061224489795,31069.38775510203
jid_893901,92940.0,168.0,1,53,1677,2176,2230,JobState.COMPLETED,0,176.53061224489795,176.53061224489795,9356.122448979591
jid_893902,92940.0,168.0,1,51,1685,2180,2232,JobState.COMPLETED,0,176.53061224489795,176.53061224489795,9003.061224489795
jid_893905,92940.0,168.0,1,43,1718,2195,2239,JobState.COMPLETED,0,176.53061224489795,176.53061224489795,7590.816326530612
jid_893909,92940.0,168.0,1,51,1723,2201,2253,JobState.COMPLETED,0,176.53061224489795,176.53061224489795,9003.061224489795
jid_893912,92940.0,168.0,1,141,1646,2113,2255,JobState.COMPLETED,0,176.5306122448979,176.53061224489795,24890.816326530603
jid_893913,92940.0,168.0,1,137,1651,2117,2255,JobState.COMPLETED,0,176.5306122448979,176.53061224489795,24184.693877551013
jid_893919,92940.0,168.0,1,36,1726,2230,2267,JobState.COMPLETED,0,176.53061224489795,176.53061224489795,6355.102040816326
jid_893910,92940.0,168.0,1,42,1732,2230,2273,JobState.COMPLETED,0,176.53061224489795,176.53061224489795,7414.285714285714
jid_893911,92940.0,168.0,1,49,1732,2232,2282,JobState.COMPLETED,0,176.53061224489795,176.53061224489795,8650.0
jid_893915,92940.0,168.0,1,53,1745,2239,2293,JobState.COMPLETED,0,176.53061224489795,176.53061224489795,9356.122448979591
jid_893914,92940.0,168.0,1,40,1754,2255,2296,JobState.COMPLETED,0,176.53061224489795,176.53061224489795,7061.224489795918
jid_893916,92940.0,168.0,1,46,1754,2255,2302,JobState.COMPLETED,0,176.53061224489795,176.53061224489795,8120.408163265306
jid_893917,92940.0,168.0,1,42,1777,2267,2310,JobState.COMPLETED,0,176.53061224489795,176.53061224489795,7414.285714285714
jid_893918,92940.0,168.0,1,43,1790,2282,2326,JobState.COMPLETED,0,176.53061224489795,176.53061224489795,7590.816326530612
jid_893928,92940.0,168.0,1,37,1792,2296,2334,JobState.COMPLETED,0,176.53061224489795,176.53061224489795,6531.632653061224
jid_893920,92940.0,168.0,1,42,1796,2302,2345,JobState.COMPLETED,0,176.53061224489795,176.53061224489795,7414.285714285714
jid_893921,92940.0,168.0,1,40,1811,2334,2375,JobState.COMPLETED,0,176.53061224489795,176.53061224489795,7061.224489795918
jid_893922,92940.0,168.0,1,36,1816,2345,2382,JobState.COMPLETED,0,176.53061224489795,176.53061224489795,6355.102040816326
jid_893942,92940.0,168.0,1,94,1806,2326,2421,JobState.COMPLETED,0,176.53061224489792,176.53061224489795,16593.877551020403
jid_893924,92940.0,168.0,1,46,1835,2382,2429,JobState.COMPLETED,0,176.53061224489795,176.53061224489795,8120.408163265306
jid_893923,92940.0,168.0,1,60,1816,2375,2436,JobState.COMPLETED,0,176.53061224489798,176.53061224489795,10591.83673469388
jid_893931,92940.0,168.0,1,152,1790,2293,2446,JobState.COMPLETED,0,176.5306122448979,176.53061224489795,26832.65306122448
jid_893932,92940.0,168.0,1,139,1804,2310,2450,JobState.COMPLETED,0,176.5306122448979,176.53061224489795,24537.755102040806
jid_893937,92940.0,168.0,1,183,1779,2273,2457,JobState.COMPLETED,0,176.5306122448979,176.53061224489795,32305.102040816313
jid_893926,92940.0,168.0,1,47,1850,2421,2469,JobState.COMPLETED,0,176.53061224489795,176.53061224489795,8296.938775510203
jid_893925,92940.0,168.0,1,41,1851,2429,2471,JobState.COMPLETED,0,176.53061224489795,176.53061224489795,7237.755102040816
jid_893940,92940.0,168.0,1,47,1853,2436,2484,JobState.COMPLETED,0,176.53061224489795,176.53061224489795,8296.938775510203
jid_893929,92940.0,168.0,1,40,1868,2446,2487,JobState.COMPLETED,0,176.53061224489795,176.53061224489795,7061.224489795918
jid_893927,92940.0,168.0,1,37,1869,2450,2488,JobState.COMPLETED,0,176.53061224489795,176.53061224489795,6531.632653061224
jid_893930,92940.0,168.0,1,39,1896,2469,2509,JobState.COMPLETED,0,176.53061224489795,176.53061224489795,6884.69387755102
jid_893934,92940.0,168.0,1,63,1894,2457,2521,JobState.COMPLETED,0,176.53061224489798,176.53061224489795,11121.428571428572
jid_893933,92940.0,168.0,1,43,1908,2484,2528,JobState.COMPLETED,0,176.53061224489795,176.53061224489795,7590.816326530612
jid_893938,92940.0,168.0,1,41,1923,2488,2530,JobState.COMPLETED,0,176.53061224489795,176.53061224489795,7237.755102040816
jid_893935,92940.0,168.0,1,46,1915,2487,2534,JobState.COMPLETED,0,176.53061224489795,176.53061224489795,8120.408163265306
jid_893936,92940.0,168.0,1,35,1924,2509,2545,JobState.COMPLETED,0,176.53061224489795,176.53061224489795,6178.571428571428
jid_893943,92986.0,727.0,1,90,1898,2471,2562,JobState.COMPLETED,0,176.53061224489792,176.53061224489795,15887.755102040814
jid_893941,92940.0,168.0,1,48,1926,2521,2570,JobState.COMPLETED,0,176.53061224489795,176.53061224489795,8473.469387755102
jid_893944,92940.0,168.0,1,41,1952,2528,2570,JobState.COMPLETED,0,176.53061224489795,176.53061224489795,7237.755102040816
jid_893945,92940.0,168.0,1,37,1966,2545,2583,JobState.COMPLETED,0,176.53061224489795,176.53061224489795,6531.632653061224
jid_893948,92940.0,168.0,1,42,1976,2570,2613,JobState.COMPLETED,0,176.53061224489795,176.53061224489795,7414.285714285714
jid_893949,92940.0,168.0,1,43,1976,2570,2614,JobState.COMPLETED,0,176.53061224489795,176.53061224489795,7590.816326530612
jid_893951,92940.0,168.0,1,56,1975,2562,2619,JobState.COMPLETED,0,176.53061224489795,176.53061224489795,9885.714285714286
jid_893947,92940.0,168.0,1,34,1981,2613,2648,JobState.COMPLETED,0,176.53061224489795,176.53061224489795,6002.04081632653
jid_893950,92940.0,168.0,1,34,1989,2614,2649,JobState.COMPLETED,0,176.53061224489795,176.53061224489795,6002.04081632653
jid_893953,92940.0,168.0,1,46,1989,2619,2666,JobState.COMPLETED,0,176.53061224489795,176.53061224489795,8120.408163265306
jid_893960,92940.0,168.0,1,148,1959,2530,2679,JobState.COMPLETED,0,176.5306122448979,176.53061224489795,26126.53061224489
jid_893955,92940.0,168.0,1,44,2009,2649,2694,JobState.COMPLETED,0,176.53061224489795,176.53061224489795,7767.34693877551
jid_893962,92940.0,168.0,1,163,1960,2534,2698,JobState.COMPLETED,0,176.5306122448979,176.53061224489795,28774.489795918358
jid_893954,92940.0,168.0,1,34,2018,2666,2701,JobState.COMPLETED,0,176.53061224489795,176.53061224489795,6002.04081632653
jid_893956,92940.0,168.0,1,36,2033,2679,2716,JobState.COMPLETED,0,176.53061224489795,176.53061224489795,6355.102040816326
jid_893958,92940.0,168.0,1,43,2035,2694,2738,JobState.COMPLETED,0,176.53061224489795,176.53061224489795,7590.816326530612
jid_893957,92940.0,168.0,1,36,2040,2701,2738,JobState.COMPLETED,0,176.53061224489795,176.53061224489795,6355.102040816326
jid_893959,92940.0,168.0,1,44,2035,2698,2743,JobState.COMPLETED,0,176.53061224489795,176.53061224489795,7767.34693877551
jid_894028,92940.0,168.0,1,1165,1241,1584,2750,JobState.COMPLETED,0,176.5306122448978,176.53061224489795,205658.16326530595
jid_893966,92940.0,168.0,1,171,1978,2583,2755,JobState.COMPLETED,0,176.5306122448979,176.53061224489795,30186.73469387754
jid_893961,92940.0,168.0,1,123,1997,2648,2772,JobState.COMPLETED,0,176.5306122448979,176.53061224489795,21713.26530612244
jid_893963,92940.0,168.0,1,80,2048,2716,2797,JobState.COMPLETED,0,176.53061224489795,176.53061224489795,14122.448979591836
jid_893965,92940.0,168.0,1,45,2095,2772,2818,JobState.COMPLETED,0,176.53061224489795,176.53061224489795,7943.877551020408
jid_893970,92940.0,168.0,1,68,2086,2750,2819,JobState.COMPLETED,0,176.53061224489798,176.53061224489795,12004.081632653062
jid_893968,92940.0,168.0,1,83,2068,2738,2822,JobState.COMPLETED,0,176.53061224489795,176.53061224489795,14652.04081632653
jid_893969,92940.0,168.0,1,100,2050,2738,2839,JobState.COMPLETED,0,176.53061224489792,176.53061224489795,17653.061224489793
jid_893972,92940.0,168.0,1,66,2095,2797,2864,JobState.COMPLETED,0,176.53061224489798,176.53061224489795,11651.020408163267
jid_893981,92940.0,168.0,1,132,2093,2755,2888,JobState.COMPLETED,0,176.5306122448979,176.53061224489795,23302.040816326524
jid_893976,92940.0,168.0,1,145,2068,2743,2889,JobState.COMPLETED,0,176.5306122448979,176.53061224489795,25596.938775510196
jid_893975,92940.0,168.0,1,61,2150,2839,2901,JobState.COMPLETED,0,176.53061224489798,176.53061224489795,10768.367346938778
jid_893974,92940.0,168.0,1,46,2157,2864,2911,JobState.COMPLETED,0,176.53061224489795,176.53061224489795,8120.408163265306
jid_893982,92940.0,168.0,1,107,2139,2822,2930,JobState.COMPLETED,0,176.53061224489792,176.53061224489795,18888.77551020408
jid_893983,92940.0,168.0,1,120,2138,2819,2940,JobState.COMPLETED,0,176.5306122448979,176.53061224489795,21183.673469387748
jid_893977,92940.0,168.0,1,51,2172,2889,2941,JobState.COMPLETED,0,176.53061224489795,176.53061224489795,9003.061224489795
jid_893978,92940.0,168.0,1,47,2172,2901,2949,JobState.COMPLETED,0,176.53061224489795,176.53061224489795,8296.938775510203
jid_893979,92940.0,168.0,1,48,2172,2911,2960,JobState.COMPLETED,0,176.53061224489795,176.53061224489795,8473.469387755102
jid_893985,92940.0,168.0,1,147,2125,2818,2966,JobState.COMPLETED,0,176.5306122448979,176.53061224489795,25949.99999999999
jid_893980,92940.0,168.0,1,50,2179,2930,2981,JobState.COMPLETED,0,176.53061224489795,176.53061224489795,8826.530612244898
jid_893984,92940.0,168.0,1,44,2221,2940,2985,JobState.COMPLETED,0,176.53061224489795,176.53061224489795,7767.34693877551
jid_893987,92940.0,168.0,1,49,2232,2949,2999,JobState.COMPLETED,0,176.53061224489795,176.53061224489795,8650.0
jid_893989,92940.0,168.0,1,66,2229,2941,3008,JobState.COMPLETED,0,176.53061224489798,176.53061224489795,11651.020408163267
jid_893986,92940.0,168.0,1,50,2238,2960,3011,JobState.COMPLETED,0,176.53061224489795,176.53061224489795,8826.530612244898
jid_893990,92940.0,168.0,1,47,2240,2966,3014,JobState.COMPLETED,0,176.53061224489795,176.53061224489795,8296.938775510203
jid_893991,92940.0,168.0,1,49,2242,2981,3031,JobState.COMPLETED,0,176.53061224489795,176.53061224489795,8650.0
jid_893988,92940.0,168.0,1,47,2243,2985,3033,JobState.COMPLETED,0,176.53061224489795,176.53061224489795,8296.938775510203
jid_893993,92940.0,168.0,1,156,2165,2888,3045,JobState.COMPLETED,0,176.5306122448979,176.53061224489795,27538.775510204072
jid_893992,92940.0,168.0,1,48,2245,2999,3048,JobState.COMPLETED,0,176.53061224489795,176.53061224489795,8473.469387755102
jid_893994,92940.0,168.0,1,43,2282,3014,3058,JobState.COMPLETED,0,176.53061224489795,176.53061224489795,7590.816326530612
jid_893996,92940.0,168.0,1,46,2304,3033,3080,JobState.COMPLETED,0,176.53061224489795,176.53061224489795,8120.408163265306
jid_893997,92940.0,168.0,1,47,2304,3045,3093,JobState.COMPLETED,0,176.53061224489795,176.53061224489795,8296.938775510203
jid_893995,92940.0,168.0,1,45,2305,3048,3094,JobState.COMPLETED,0,176.53061224489795,176.53061224489795,7943.877551020408
jid_893999,92940.0,168.0,1,47,2312,3058,3106,JobState.COMPLETED,0,176.53061224489795,176.53061224489795,8296.938775510203
jid_894004,92940.0,168.0,1,106,2276,3011,3118,JobState.COMPLETED,0,176.53061224489792,176.53061224489795,18712.24489795918
jid_894001,92940.0,168.0,1,110,2261,3008,3119,JobState.COMPLETED,0,176.53061224489792,176.53061224489795,19418.367346938772
jid_894003,92940.0,168.0,1,89,2291,3031,3121,JobState.COMPLETED,0,176.53061224489795,176.53061224489795,15711.224489795917
jid_893998,92940.0,168.0,1,44,2316,3093,3138,JobState.COMPLETED,0,176.53061224489795,176.53061224489795,7767.34693877551
jid_894000,92940.0,168.0,1,43,2317,3094,3138,JobState.COMPLETED,0,176.53061224489795,176.53061224489795,7590.816326530612
jid_894002,92940.0,168.0,1,63,2312,3080,3144,JobState.COMPLETED,0,176.53061224489798,176.53061224489795,11121.428571428572
jid_894006,92940.0,168.0,1,32,2366,3119,3152,JobState.COMPLETED,0,176.53061224489795,176.53061224489795,5648.9795918367345
jid_894007,92940.0,168.0,1,35,2367,3121,3157,JobState.COMPLETED,0,176.53061224489795,176.53061224489795,6178.571428571428
jid_894009,92940.0,168.0,1,20,2382,3138,3159,JobState.COMPLETED,0,176.53061224489795,176.53061224489795,3530.612244897959
jid_894005,92940.0,168.0,1,44,2342,3118,3163,JobState.COMPLETED,0,176.53061224489795,176.53061224489795,7767.34693877551
jid_894012,92940.0,168.0,1,20,2382,3144,3165,JobState.COMPLETED,0,176.53061224489795,176.53061224489795,3530.612244897959
jid_894008,92940.0,168.0,1,34,2367,3138,3173,JobState.COMPLETED,0,176.53061224489795,176.53061224489795,6002.04081632653
jid_894011,92940.0,168.0,1,20,2383,3152,3173,JobState.COMPLETED,0,176.53061224489795,176.53061224489795,3530.612244897959
jid_894010,92940.0,168.0,1,24,2388,3157,3182,JobState.COMPLETED,0,176.53061224489795,176.53061224489795,4236.734693877551
jid_894013,92940.0,168.0,1,20,2404,3173,3194,JobState.COMPLETED,0,176.53061224489795,176.53061224489795,3530.612244897959
jid_894016,92940.0,168.0,1,21,2414,3173,3195,JobState.COMPLETED,0,176.53061224489795,176.53061224489795,3707.142857142857
jid_894015,92940.0,168.0,1,41,2390,3159,3201,JobState.COMPLETED,0,176.53061224489795,176.53061224489795,7237.755102040816
jid_894017,92940.0,168.0,1,23,2417,3182,3206,JobState.COMPLETED,0,176.53061224489795,176.53061224489795,4060.204081632653
jid_894020,92940.0,168.0,1,21,2426,3195,3217,JobState.COMPLETED,0,176.53061224489795,176.53061224489795,3707.142857142857
jid_894083,92940.0,168.0,1,969,1745,2253,3223,JobState.COMPLETED,0,176.5306122448981,176.53061224489795,171058.16326530624
jid_894021,92940.0,168.0,1,23,2428,3201,3225,JobState.COMPLETED,0,176.53061224489795,176.53061224489795,4060.204081632653
jid_894044,92940.0,168.0,1,20,2428,3206,3227,JobState.COMPLETED,0,176.53061224489795,176.53061224489795,3530.612244897959
jid_894045,92940.0,168.0,1,20,2428,3217,3238,JobState.COMPLETED,0,176.53061224489795,176.53061224489795,3530.612244897959
jid_894026,92940.0,168.0,1,75,2398,3163,3239,JobState.COMPLETED,0,176.53061224489795,176.53061224489795,13239.795918367347
jid_894023,92940.0,168.0,1,21,2441,3223,3245,JobState.COMPLETED,0,176.53061224489795,176.53061224489795,3707.142857142857
jid_894025,92940.0,168.0,1,20,2451,3227,3248,JobState.COMPLETED,0,176.53061224489795,176.53061224489795,3530.612244897959
jid_894030,92940.0,168.0,1,84,2398,3165,3250,JobState.COMPLETED,0,176.53061224489795,176.53061224489795,14828.571428571428
jid_894031,92940.0,168.0,1,21,2463,3239,3261,JobState.COMPLETED,0,176.53061224489795,176.53061224489795,3707.142857142857
jid_894033,92940.0,168.0,1,23,2468,3245,3269,JobState.COMPLETED,0,176.53061224489795,176.53061224489795,4060.204081632653
jid_894035,92940.0,168.0,1,163,2338,3106,3270,JobState.COMPLETED,0,176.5306122448979,176.53061224489795,28774.489795918358
jid_894037,92940.0,168.0,1,23,2479,3248,3272,JobState.COMPLETED,0,176.53061224489795,176.53061224489795,4060.204081632653
jid_894041,92940.0,168.0,1,22,2487,3250,3273,JobState.COMPLETED,0,176.53061224489795,176.53061224489795,3883.673469387755
jid_894043,92940.0,168.0,1,20,2499,3270,3291,JobState.COMPLETED,0,176.53061224489795,176.53061224489795,3530.612244897959
jid_894046,92940.0,168.0,1,25,2499,3272,3298,JobState.COMPLETED,0,176.53061224489795,176.53061224489795,4413.265306122449
jid_894065,92940.0,168.0,1,25,2508,3273,3299,JobState.COMPLETED,0,176.53061224489795,176.53061224489795,4413.265306122449
jid_894047,92940.0,168.0,1,83,2447,3225,3309,JobState.COMPLETED,0,176.53061224489795,176.53061224489795,14652.04081632653
jid_894048,92940.0,168.0,1,21,2518,3298,3320,JobState.COMPLETED,0,176.53061224489795,176.53061224489795,3707.142857142857
jid_894049,92940.0,168.0,1,22,2525,3299,3322,JobState.COMPLETED,0,176.53061224489795,176.53061224489795,3883.673469387755
jid_894050,92940.0,168.0,1,24,2534,3309,3334,JobState.COMPLETED,0,176.53061224489795,176.53061224489795,4236.734693877551
jid_894056,92940.0,168.0,1,81,2489,3261,3343,JobState.COMPLETED,0,176.53061224489795,176.53061224489795,14298.979591836734
jid_894051,92940.0,168.0,1,23,2534,3320,3344,JobState.COMPLETED,0,176.53061224489795,176.53061224489795,4060.204081632653
jid_894052,92940.0,168.0,1,22,2537,3322,3345,JobState.COMPLETED,0,176.53061224489795,176.53061224489795,3883.673469387755
jid_894055,92940.0,168.0,1,26,2542,3334,3361,JobState.COMPLETED,0,176.53061224489795,176.53061224489795,4589.7959183673465
jid_894053,92940.0,168.0,1,20,2546,3343,3364,JobState.COMPLETED,0,176.53061224489795,176.53061224489795,3530.612244897959
jid_894057,92940.0,168.0,1,21,2557,3344,3366,JobState.COMPLETED,0,176.53061224489795,176.53061224489795,3707.142857142857
jid_894058,92940.0,168.0,1,22,2563,3345,3368,JobState.COMPLETED,0,176.53061224489795,176.53061224489795,3883.673469387755
jid_894062,92940.0,168.0,1,103,2496,3269,3373,JobState.COMPLETED,0,176.53061224489792,176.53061224489795,18182.653061224486
jid_894059,92940.0,168.0,1,21,2574,3361,3383,JobState.COMPLETED,0,176.53061224489795,176.53061224489795,3707.142857142857
jid_894060,92940.0,168.0,1,20,2574,3364,3385,JobState.COMPLETED,0,176.53061224489795,176.53061224489795,3530.612244897959
jid_894061,92940.0,168.0,1,21,2574,3366,3388,JobState.COMPLETED,0,176.53061224489795,176.53061224489795,3707.142857142857
jid_894063,92940.0,168.0,1,21,2582,3368,3390,JobState.COMPLETED,0,176.53061224489795,176.53061224489795,3707.142857142857
jid_894064,92940.0,168.0,1,24,2585,3373,3398,JobState.COMPLETED,0,176.53061224489795,176.53061224489795,4236.734693877551
jid_894066,92940.0,168.0,1,22,2600,3388,3411,JobState.COMPLETED,0,176.53061224489795,176.53061224489795,3883.673469387755
jid_894067,92940.0,168.0,1,22,2611,3390,3413,JobState.COMPLETED,0,176.53061224489795,176.53061224489795,3883.673469387755
jid_894068,92940.0,168.0,1,23,2611,3398,3422,JobState.COMPLETED,0,176.53061224489795,176.53061224489795,4060.204081632653
jid_894070,92940.0,168.0,1,40,2595,3385,3426,JobState.COMPLETED,0,176.53061224489795,176.53061224489795,7061.224489795918
jid_894069,92940.0,168.0,1,22,2611,3411,3434,JobState.COMPLETED,0,176.53061224489795,176.53061224489795,3883.673469387755
jid_894075,92940.0,168.0,1,146,2517,3291,3438,JobState.COMPLETED,0,176.5306122448979,176.53061224489795,25773.469387755093
jid_894071,92940.0,168.0,1,21,2619,3422,3444,JobState.COMPLETED,0,176.53061224489795,176.53061224489795,3707.142857142857
jid_894072,92940.0,168.0,1,25,2626,3426,3452,JobState.COMPLETED,0,176.53061224489795,176.53061224489795,4413.265306122449
jid_894073,92940.0,168.0,1,25,2626,3434,3460,JobState.COMPLETED,0,176.53061224489795,176.53061224489795,4413.265306122449
jid_894074,92940.0,168.0,1,23,2638,3438,3462,JobState.COMPLETED,0,176.53061224489795,176.53061224489795,4060.204081632653
jid_894076,92940.0,168.0,1,22,2649,3444,3467,JobState.COMPLETED,0,176.53061224489795,176.53061224489795,3883.673469387755
jid_894101,92940.0,168.0,1,27,2650,3460,3488,JobState.COMPLETED,0,176.53061224489795,176.53061224489795,4766.326530612245
jid_894079,92940.0,168.0,1,39,2649,3452,3492,JobState.COMPLETED,0,176.53061224489795,176.53061224489795,6884.69387755102
jid_894077,92940.0,168.0,1,24,2656,3467,3492,JobState.COMPLETED,0,176.53061224489795,176.53061224489795,4236.734693877551
jid_894080,92940.0,168.0,1,37,2652,3462,3500,JobState.COMPLETED,0,176.53061224489795,176.53061224489795,6531.632653061224
jid_894081,92940.0,168.0,1,27,2668,3488,3516,JobState.COMPLETED,0,176.53061224489795,176.53061224489795,4766.326530612245
jid_894085,92940.0,168.0,1,134,2586,3383,3518,JobState.COMPLETED,0,176.5306122448979,176.53061224489795,23655.102040816317
jid_894082,92940.0,168.0,1,25,2677,3492,3518,JobState.COMPLETED,0,176.53061224489795,176.53061224489795,4413.265306122449
jid_894092,92940.0,168.0,1,27,2668,3492,3520,JobState.COMPLETED,0,176.53061224489795,176.53061224489795,4766.326530612245
jid_894109,92940.0,168.0,1,22,2698,3518,3541,JobState.COMPLETED,0,176.53061224489795,176.53061224489795,3883.673469387755
jid_894084,92940.0,168.0,1,26,2687,3516,3543,JobState.COMPLETED,0,176.53061224489795,176.53061224489795,4589.7959183673465
jid_894087,92940.0,168.0,1,41,2704,3518,3560,JobState.COMPLETED,0,176.53061224489795,176.53061224489795,7237.755102040816
jid_894088,92940.0,168.0,1,41,2706,3520,3562,JobState.COMPLETED,0,176.53061224489795,176.53061224489795,7237.755102040816
jid_894086,92940.0,168.0,1,26,2713,3541,3568,JobState.COMPLETED,0,176.53061224489795,176.53061224489795,4589.7959183673465
jid_894094,92940.0,168.0,1,157,2616,3413,3571,JobState.COMPLETED,0,176.5306122448979,176.53061224489795,27715.30612244897
jid_894089,92940.0,168.0,1,22,2729,3560,3583,JobState.COMPLETED,0,176.53061224489795,176.53061224489795,3883.673469387755
jid_894091,92940.0,168.0,1,42,2717,3543,3586,JobState.COMPLETED,0,176.53061224489795,176.53061224489795,7414.285714285714
jid_894093,92940.0,168.0,1,90,2677,3500,3591,JobState.COMPLETED,0,176.53061224489792,176.53061224489795,15887.755102040814
jid_894090,92940.0,168.0,1,22,2736,3568,3591,JobState.COMPLETED,0,176.53061224489795,176.53061224489795,3883.673469387755
jid_894095,92940.0,168.0,1,33,2756,3571,3605,JobState.COMPLETED,0,176.53061224489795,176.53061224489795,5825.510204081633
jid_894096,92940.0,168.0,1,31,2766,3591,3623,JobState.COMPLETED,0,176.53061224489795,176.53061224489795,5472.448979591836
jid_894097,92940.0,168.0,1,43,2760,3583,3627,JobState.COMPLETED,0,176.53061224489795,176.53061224489795,7590.816326530612
jid_894099,92940.0,168.0,1,35,2774,3591,3627,JobState.COMPLETED,0,176.53061224489795,176.53061224489795,6178.571428571428
jid_894098,92940.0,168.0,1,42,2763,3586,3629,JobState.COMPLETED,0,176.53061224489795,176.53061224489795,7414.285714285714
jid_894102,92940.0,168.0,1,47,2775,3605,3653,JobState.COMPLETED,0,176.53061224489795,176.53061224489795,8296.938775510203
jid_894100,92940.0,168.0,1,32,2783,3623,3656,JobState.COMPLETED,0,176.53061224489795,176.53061224489795,5648.9795918367345
jid_894104,92940.0,168.0,1,32,2806,3629,3662,JobState.COMPLETED,0,176.53061224489795,176.53061224489795,5648.9795918367345
jid_894103,92940.0,168.0,1,24,2813,3653,3678,JobState.COMPLETED,0,176.53061224489795,176.53061224489795,4236.734693877551
jid_894107,92940.0,168.0,1,46,2818,3656,3703,JobState.COMPLETED,0,176.53061224489795,176.53061224489795,8120.408163265306
jid_894106,92940.0,168.0,1,40,2822,3662,3703,JobState.COMPLETED,0,176.53061224489795,176.53061224489795,7061.224489795918
jid_894105,92940.0,168.0,1,33,2826,3678,3712,JobState.COMPLETED,0,176.53061224489795,176.53061224489795,5825.510204081633
jid_894111,92940.0,168.0,1,93,2783,3627,3721,JobState.COMPLETED,0,176.53061224489792,176.53061224489795,16417.346938775507
jid_894108,92940.0,168.0,1,27,2837,3703,3731,JobState.COMPLETED,0,176.53061224489795,176.53061224489795,4766.326530612245
jid_894121,92940.0,168.0,1,38,2831,3703,3742,JobState.COMPLETED,0,176.53061224489795,176.53061224489795,6708.163265306122
jid_894110,92940.0,168.0,1,22,2853,3721,3744,JobState.COMPLETED,0,176.53061224489795,176.53061224489795,3883.673469387755
jid_894112,92940.0,168.0,1,41,2838,3712,3754,JobState.COMPLETED,0,176.53061224489795,176.53061224489795,7237.755102040816
jid_894113,92940.0,168.0,1,25,2856,3731,3757,JobState.COMPLETED,0,176.53061224489795,176.53061224489795,4413.265306122449
jid_894117,92940.0,168.0,1,44,2880,3744,3789,JobState.COMPLETED,0,176.53061224489795,176.53061224489795,7767.34693877551
jid_894118,92940.0,168.0,1,47,2877,3742,3790,JobState.COMPLETED,0,176.53061224489795,176.53061224489795,8296.938775510203
jid_894123,92940.0,168.0,1,163,2790,3627,3791,JobState.COMPLETED,0,176.5306122448979,176.53061224489795,28774.489795918358
jid_894119,92940.0,168.0,1,46,2880,3754,3801,JobState.COMPLETED,0,176.53061224489795,176.53061224489795,8120.408163265306
jid_894120,92940.0,168.0,1,59,2881,3757,3817,JobState.COMPLETED,0,176.53061224489795,176.53061224489795,10415.30612244898
jid_894114,92940.0,168.0,1,29,2884,3789,3819,JobState.COMPLETED,0,176.53061224489795,176.53061224489795,5119.3877551020405
jid_894115,92940.0,168.0,1,28,2890,3790,3819,JobState.COMPLETED,0,176.53061224489795,176.53061224489795,4942.857142857143
jid_894116,92940.0,168.0,1,31,2892,3791,3823,JobState.COMPLETED,0,176.53061224489795,176.53061224489795,5472.448979591836
jid_894122,92940.0,168.0,1,50,2895,3801,3852,JobState.COMPLETED,0,176.53061224489795,176.53061224489795,8826.530612244898
jid_894124,92940.0,168.0,1,32,2932,3819,3852,JobState.COMPLETED,0,176.53061224489795,176.53061224489795,5648.9795918367345
jid_894125,92940.0,168.0,1,34,2931,3819,3854,JobState.COMPLETED,0,176.53061224489795,176.53061224489795,6002.04081632653
jid_894126,92940.0,168.0,1,35,2939,3823,3859,JobState.COMPLETED,0,176.53061224489795,176.53061224489795,6178.571428571428
jid_894134,92940.0,168.0,1,45,2899,3817,3863,JobState.COMPLETED,0,176.53061224489795,176.53061224489795,7943.877551020408
jid_894127,92940.0,168.0,1,39,2944,3854,3894,JobState.COMPLETED,0,176.53061224489795,176.53061224489795,6884.69387755102
jid_894128,92940.0,168.0,1,42,2941,3852,3895,JobState.COMPLETED,0,176.53061224489795,176.53061224489795,7414.285714285714
jid_894129,92940.0,168.0,1,44,2941,3852,3897,JobState.COMPLETED,0,176.53061224489795,176.53061224489795,7767.34693877551
jid_894141,92940.0,168.0,1,45,2957,3863,3909,JobState.COMPLETED,0,176.53061224489795,176.53061224489795,7943.877551020408
jid_894131,92940.0,168.0,1,50,2957,3859,3910,JobState.COMPLETED,0,176.53061224489795,176.53061224489795,8826.530612244898
jid_894132,92940.0,168.0,1,30,2979,3897,3928,JobState.COMPLETED,0,176.53061224489795,176.53061224489795,5295.918367346939
jid_894130,92940.0,168.0,1,42,2963,3894,3937,JobState.COMPLETED,0,176.53061224489795,176.53061224489795,7414.285714285714
jid_894133,92940.0,168.0,1,30,2984,3909,3940,JobState.COMPLETED,0,176.53061224489795,176.53061224489795,5295.918367346939
jid_894135,92940.0,168.0,1,30,2990,3910,3941,JobState.COMPLETED,0,176.53061224489795,176.53061224489795,5295.918367346939
jid_894136,92940.0,168.0,1,35,3002,3940,3976,JobState.COMPLETED,0,176.53061224489795,176.53061224489795,6178.571428571428
jid_894138,92940.0,168.0,1,49,2999,3928,3978,JobState.COMPLETED,0,176.53061224489795,176.53061224489795,8650.0
jid_894137,92940.0,168.0,1,49,3000,3937,3987,JobState.COMPLETED,0,176.53061224489795,176.53061224489795,8650.0
jid_894142,92940.0,168.0,1,54,3021,3941,3996,JobState.COMPLETED,0,176.53061224489795,176.53061224489795,9532.65306122449
jid_894139,92940.0,168.0,1,43,3024,3976,4020,JobState.COMPLETED,0,176.53061224489795,176.53061224489795,7590.816326530612
jid_894174,92940.0,168.0,1,831,2417,3194,4026,JobState.COMPLETED,0,176.53061224489815,176.53061224489795,146696.93877551035
jid_894140,92940.0,168.0,1,40,3032,3987,4028,JobState.COMPLETED,0,176.53061224489795,176.53061224489795,7061.224489795918
jid_894146,92940.0,168.0,1,57,3024,3978,4036,JobState.COMPLETED,0,176.53061224489795,176.53061224489795,10062.244897959183
jid_894143,92940.0,168.0,1,40,3034,3996,4037,JobState.COMPLETED,0,176.53061224489795,176.53061224489795,7061.224489795918
jid_894152,92940.0,168.0,1,163,2971,3895,4059,JobState.COMPLETED,0,176.5306122448979,176.53061224489795,28774.489795918358
jid_894179,92940.0,168.0,1,823,2456,3238,4062,JobState.COMPLETED,0,176.53061224489815,176.53061224489795,145284.69387755118
jid_894144,92940.0,168.0,1,44,3036,4020,4065,JobState.COMPLETED,0,176.53061224489795,176.53061224489795,7767.34693877551
jid_894147,92940.0,168.0,1,43,3055,4026,4070,JobState.COMPLETED,0,176.53061224489795,176.53061224489795,7590.816326530612
jid_894150,92940.0,168.0,1,37,3083,4037,4075,JobState.COMPLETED,0,176.53061224489795,176.53061224489795,6531.632653061224
jid_894148,92940.0,168.0,1,49,3066,4028,4078,JobState.COMPLETED,0,176.53061224489795,176.53061224489795,8650.0
jid_894149,92940.0,168.0,1,53,3066,4036,4090,JobState.COMPLETED,0,176.53061224489795,176.53061224489795,9356.122448979591
jid_894151,92940.0,168.0,1,35,3095,4059,4095,JobState.COMPLETED,0,176.53061224489795,176.53061224489795,6178.571428571428
jid_894154,92940.0,168.0,1,42,3095,4062,4105,JobState.COMPLETED,0,176.53061224489795,176.53061224489795,7414.285714285714
jid_894155,92940.0,168.0,1,42,3095,4065,4108,JobState.COMPLETED,0,176.53061224489795,176.53061224489795,7414.285714285714
jid_894153,92940.0,168.0,1,41,3096,4075,4117,JobState.COMPLETED,0,176.53061224489795,176.53061224489795,7237.755102040816
jid_894156,92940.0,168.0,1,52,3095,4070,4123,JobState.COMPLETED,0,176.53061224489795,176.53061224489795,9179.591836734693
jid_894158,92940.0,168.0,1,43,3116,4090,4134,JobState.COMPLETED,0,176.53061224489795,176.53061224489795,7590.816326530612
jid_894157,92940.0,168.0,1,57,3098,4078,4136,JobState.COMPLETED,0,176.53061224489795,176.53061224489795,10062.244897959183
jid_894159,92940.0,168.0,1,34,3135,4105,4140,JobState.COMPLETED,0,176.53061224489795,176.53061224489795,6002.04081632653
jid_894161,92940.0,168.0,1,49,3134,4095,4145,JobState.COMPLETED,0,176.53061224489795,176.53061224489795,8650.0
jid_894162,92940.0,168.0,1,33,3150,4117,4151,JobState.COMPLETED,0,176.53061224489795,176.53061224489795,5825.510204081633
jid_894160,92940.0,168.0,1,32,3153,4123,4156,JobState.COMPLETED,0,176.53061224489795,176.53061224489795,5648.9795918367345
jid_894163,92940.0,168.0,1,53,3135,4108,4162,JobState.COMPLETED,0,176.53061224489795,176.53061224489795,9356.122448979591
jid_894164,92940.0,168.0,1,36,3153,4134,4171,JobState.COMPLETED,0,176.53061224489795,176.53061224489795,6355.102040816326
jid_894165,92940.0,168.0,1,42,3153,4136,4179,JobState.COMPLETED,0,176.53061224489795,176.53061224489795,7414.285714285714
jid_894183,92940.0,168.0,1,33,3177,4156,4190,JobState.COMPLETED,0,176.53061224489795,176.53061224489795,5825.510204081633
jid_894167,92940.0,168.0,1,31,3185,4162,4194,JobState.COMPLETED,0,176.53061224489795,176.53061224489795,5472.448979591836
jid_894168,92940.0,168.0,1,50,3165,4145,4196,JobState.COMPLETED,0,176.53061224489795,176.53061224489795,8826.530612244898
jid_894171,92940.0,168.0,1,32,3201,4171,4204,JobState.COMPLETED,0,176.53061224489795,176.53061224489795,5648.9795918367345
jid_894169,92940.0,168.0,1,53,3172,4151,4205,JobState.COMPLETED,0,176.53061224489795,176.53061224489795,9356.122448979591
jid_894170,92940.0,168.0,1,31,3202,4190,4222,JobState.COMPLETED,0,176.53061224489795,176.53061224489795,5472.448979591836
jid_894172,92940.0,168.0,1,45,3201,4179,4225,JobState.COMPLETED,0,176.53061224489795,176.53061224489795,7943.877551020408
jid_894177,92940.0,168.0,1,24,3233,4205,4230,JobState.COMPLETED,0,176.53061224489795,176.53061224489795,4236.734693877551
jid_894173,92940.0,168.0,1,46,3204,4194,4241,JobState.COMPLETED,0,176.53061224489795,176.53061224489795,8120.408163265306
jid_894176,92940.0,168.0,1,42,3212,4204,4247,JobState.COMPLETED,0,176.53061224489795,176.53061224489795,7414.285714285714
jid_894178,92940.0,168.0,1,32,3241,4225,4258,JobState.COMPLETED,0,176.53061224489795,176.53061224489795,5648.9795918367345
jid_894180,92940.0,168.0,1,28,3249,4230,4259,JobState.COMPLETED,0,176.53061224489795,176.53061224489795,4942.857142857143
jid_894181,92940.0,168.0,1,29,3252,4241,4271,JobState.COMPLETED,0,176.53061224489795,176.53061224489795,5119.3877551020405
jid_894182,92940.0,168.0,1,50,3233,4222,4273,JobState.COMPLETED,0,176.53061224489795,176.53061224489795,8826.530612244898
jid_894186,92940.0,168.0,1,29,3268,4258,4288,JobState.COMPLETED,0,176.53061224489795,176.53061224489795,5119.3877551020405
jid_894185,92940.0,168.0,1,92,3204,4196,4289,JobState.COMPLETED,0,176.53061224489792,176.53061224489795,16240.816326530608
jid_894187,69789.0,727.0,1,28,3276,4273,4302,JobState.COMPLETED,0,176.53061224489795,176.53061224489795,4942.857142857143
jid_894188,92940.0,168.0,1,162,3153,4140,4303,JobState.COMPLETED,0,176.5306122448979,176.53061224489795,28597.959183673458
jid_894203,92940.0,168.0,1,35,3272,4271,4307,JobState.COMPLETED,0,176.53061224489795,176.53061224489795,6178.571428571428
jid_894189,92940.0,168.0,1,43,3276,4288,4332,JobState.COMPLETED,0,176.53061224489795,176.53061224489795,7590.816326530612
jid_894190,92940.0,168.0,1,29,3295,4302,4332,JobState.COMPLETED,0,176.53061224489795,176.53061224489795,5119.3877551020405
jid_894191,92940.0,168.0,1,43,3288,4289,4333,JobState.COMPLETED,0,176.53061224489795,176.53061224489795,7590.816326530612
jid_894209,92940.0,168.0,1,81,3268,4259,4341,JobState.COMPLETED,0,176.53061224489795,176.53061224489795,14298.979591836734
jid_894194,92940.0,168.0,1,36,3296,4307,4344,JobState.COMPLETED,0,176.53061224489795,176.53061224489795,6355.102040816326
jid_894193,92940.0,168.0,1,22,3313,4333,4356,JobState.COMPLETED,0,176.53061224489795,176.53061224489795,3883.673469387755
jid_894192,92940.0,168.0,1,33,3299,4332,4366,JobState.COMPLETED,0,176.53061224489795,176.53061224489795,5825.510204081633
jid_894195,92940.0,168.0,1,27,3313,4341,4369,JobState.COMPLETED,0,176.53061224489795,176.53061224489795,4766.326530612245
jid_894197,92940.0,168.0,1,52,3299,4332,4385,JobState.COMPLETED,0,176.53061224489795,176.53061224489795,9179.591836734693
jid_894199,92940.0,168.0,1,25,3341,4366,4392,JobState.COMPLETED,0,176.53061224489795,176.53061224489795,4413.265306122449
jid_894202,92940.0,168.0,1,41,3337,4356,4398,JobState.COMPLETED,0,176.53061224489795,176.53061224489795,7237.755102040816
jid_894201,92940.0,168.0,1,26,3349,4385,4412,JobState.COMPLETED,0,176.53061224489795,176.53061224489795,4589.7959183673465
jid_894206,92940.0,168.0,1,45,3347,4369,4415,JobState.COMPLETED,0,176.53061224489795,176.53061224489795,7943.877551020408
jid_894200,92940.0,168.0,1,24,3350,4392,4417,JobState.COMPLETED,0,176.53061224489795,176.53061224489795,4236.734693877551
jid_894205,92940.0,168.0,1,32,3352,4398,4431,JobState.COMPLETED,0,176.53061224489795,176.53061224489795,5648.9795918367345
jid_894204,92940.0,168.0,1,28,3356,4412,4441,JobState.COMPLETED,0,176.53061224489795,176.53061224489795,4942.857142857143
jid_894222,92940.0,168.0,1,24,3385,4417,4442,JobState.COMPLETED,0,176.53061224489795,176.53061224489795,4236.734693877551
jid_894207,92940.0,168.0,1,27,3390,4431,4459,JobState.COMPLETED,0,176.53061224489795,176.53061224489795,4766.326530612245
jid_894208,92940.0,168.0,1,27,3390,4441,4469,JobState.COMPLETED,0,176.53061224489795,176.53061224489795,4766.326530612245
jid_894213,92940.0,168.0,1,41,3396,4442,4484,JobState.COMPLETED,0,176.53061224489795,176.53061224489795,7237.755102040816
jid_894229,92940.0,168.0,1,30,3396,4459,4490,JobState.COMPLETED,0,176.53061224489795,176.53061224489795,5295.918367346939
jid_894210,92940.0,168.0,1,28,3399,4469,4498,JobState.COMPLETED,0,176.53061224489795,176.53061224489795,4942.857142857143
jid_894223,92940.0,168.0,1,154,3332,4344,4499,JobState.COMPLETED,0,176.5306122448979,176.53061224489795,27185.714285714275
jid_894220,92940.0,168.0,1,97,3369,4415,4513,JobState.COMPLETED,0,176.53061224489792,176.53061224489795,17123.4693877551
jid_894211,92940.0,168.0,1,29,3402,4484,4514,JobState.COMPLETED,0,176.53061224489795,176.53061224489795,5119.3877551020405
jid_894217,92940.0,168.0,1,32,3432,4498,4531,JobState.COMPLETED,0,176.53061224489795,176.53061224489795,5648.9795918367345
jid_894218,92940.0,168.0,1,31,3433,4499,4531,JobState.COMPLETED,0,176.53061224489795,176.53061224489795,5472.448979591836
jid_894215,92940.0,168.0,1,47,3408,4490,4538,JobState.COMPLETED,0,176.53061224489795,176.53061224489795,8296.938775510203
jid_894216,92940.0,168.0,1,25,3438,4513,4539,JobState.COMPLETED,0,176.53061224489795,176.53061224489795,4413.265306122449
jid_894219,92940.0,168.0,1,24,3442,4514,4539,JobState.COMPLETED,0,176.53061224489795,176.53061224489795,4236.734693877551
jid_894221,92940.0,168.0,1,29,3448,4531,4561,JobState.COMPLETED,0,176.53061224489795,176.53061224489795,5119.3877551020405
jid_894225,92940.0,168.0,1,21,3479,4539,4561,JobState.COMPLETED,0,176.53061224489795,176.53061224489795,3707.142857142857
jid_894228,92940.0,168.0,1,23,3479,4539,4563,JobState.COMPLETED,0,176.53061224489795,176.53061224489795,4060.204081632653
jid_894224,92940.0,168.0,1,43,3454,4531,4575,JobState.COMPLETED,0,176.53061224489795,176.53061224489795,7590.816326530612
jid_894230,92940.0,168.0,1,42,3470,4538,4581,JobState.COMPLETED,0,176.53061224489795,176.53061224489795,7414.285714285714
jid_894226,92940.0,168.0,1,20,3481,4561,4582,JobState.COMPLETED,0,176.53061224489795,176.53061224489795,3530.612244897959
jid_894227,92940.0,168.0,1,20,3481,4563,4584,JobState.COMPLETED,0,176.53061224489795,176.53061224489795,3530.612244897959
jid_894241,92940.0,168.0,1,35,3479,4561,4597,JobState.COMPLETED,0,176.53061224489795,176.53061224489795,6178.571428571428
jid_894231,92940.0,168.0,1,31,3494,4575,4607,JobState.COMPLETED,0,176.53061224489795,176.53061224489795,5472.448979591836
jid_894243,92940.0,168.0,1,26,3500,4581,4608,JobState.COMPLETED,0,176.53061224489795,176.53061224489795,4589.7959183673465
jid_894233,92940.0,168.0,1,29,3515,4597,4627,JobState.COMPLETED,0,176.53061224489795,176.53061224489795,5119.3877551020405
jid_894236,92940.0,168.0,1,47,3513,4584,4632,JobState.COMPLETED,0,176.53061224489795,176.53061224489795,8296.938775510203
jid_894232,92940.0,168.0,1,29,3516,4608,4638,JobState.COMPLETED,0,176.53061224489795,176.53061224489795,5119.3877551020405
jid_894235,92940.0,168.0,1,34,3515,4607,4642,JobState.COMPLETED,0,176.53061224489795,176.53061224489795,6002.04081632653
jid_894234,92940.0,168.0,1,31,3516,4627,4659,JobState.COMPLETED,0,176.53061224489795,176.53061224489795,5472.448979591836
jid_894245,92940.0,168.0,1,30,3518,4632,4663,JobState.COMPLETED,0,176.53061224489795,176.53061224489795,5295.918367346939
jid_894237,92940.0,168.0,1,32,3542,4642,4675,JobState.COMPLETED,0,176.53061224489795,176.53061224489795,5648.9795918367345
jid_894238,92940.0,168.0,1,27,3560,4659,4687,JobState.COMPLETED,0,176.53061224489795,176.53061224489795,4766.326530612245
jid_894239,92940.0,168.0,1,29,3560,4663,4693,JobState.COMPLETED,0,176.53061224489795,176.53061224489795,5119.3877551020405
jid_894297,92940.0,168.0,1,1131,2729,3562,4694,JobState.COMPLETED,0,176.53061224489784,176.53061224489795,199656.12244897947
jid_894240,92940.0,168.0,1,28,3562,4675,4704,JobState.COMPLETED,0,176.53061224489795,176.53061224489795,4942.857142857143
jid_894242,92940.0,168.0,1,31,3564,4687,4719,JobState.COMPLETED,0,176.53061224489795,176.53061224489795,5472.448979591836
jid_894254,92940.0,168.0,1,140,3502,4582,4723,JobState.COMPLETED,0,176.5306122448979,176.53061224489795,24714.285714285706
jid_894244,92940.0,168.0,1,28,3591,4694,4723,JobState.COMPLETED,0,176.53061224489795,176.53061224489795,4942.857142857143
jid_894247,92940.0,168.0,1,22,3602,4704,4727,JobState.COMPLETED,0,176.53061224489795,176.53061224489795,3883.673469387755
jid_894251,92940.0,168.0,1,95,3534,4638,4734,JobState.COMPLETED,0,176.53061224489792,176.53061224489795,16770.408163265303
jid_894246,92940.0,168.0,1,42,3577,4693,4736,JobState.COMPLETED,0,176.53061224489795,176.53061224489795,7414.285714285714
jid_894248,92940.0,168.0,1,23,3603,4719,4743,JobState.COMPLETED,0,176.53061224489795,176.53061224489795,4060.204081632653
jid_894250,92940.0,168.0,1,22,3605,4723,4746,JobState.COMPLETED,0,176.53061224489795,176.53061224489795,3883.673469387755
jid_894249,92940.0,168.0,1,22,3606,4723,4746,JobState.COMPLETED,0,176.53061224489795,176.53061224489795,3883.673469387755
jid_894252,92940.0,168.0,1,25,3610,4727,4753,JobState.COMPLETED,0,176.53061224489795,176.53061224489795,4413.265306122449
jid_894253,92940.0,168.0,1,22,3617,4734,4757,JobState.COMPLETED,0,176.53061224489795,176.53061224489795,3883.673469387755
jid_894255,92940.0,168.0,1,19,3639,4746,4766,JobState.COMPLETED,0,176.53061224489795,176.53061224489795,3354.081632653061
jid_894257,92940.0,168.0,1,23,3642,4753,4777,JobState.COMPLETED,0,176.53061224489795,176.53061224489795,4060.204081632653
jid_894274,92940.0,168.0,1,43,3634,4736,4780,JobState.COMPLETED,0,176.53061224489795,176.53061224489795,7590.816326530612
jid_894260,92940.0,168.0,1,36,3635,4743,4780,JobState.COMPLETED,0,176.53061224489795,176.53061224489795,6355.102040816326
jid_894258,92940.0,168.0,1,23,3642,4757,4781,JobState.COMPLETED,0,176.53061224489795,176.53061224489795,4060.204081632653
jid_894263,92940.0,168.0,1,40,3635,4746,4787,JobState.COMPLETED,0,176.53061224489795,176.53061224489795,7061.224489795918
jid_894259,92940.0,168.0,1,24,3643,4766,4791,JobState.COMPLETED,0,176.53061224489795,176.53061224489795,4236.734693877551
jid_894256,92940.0,168.0,1,19,3645,4777,4797,JobState.COMPLETED,0,176.53061224489795,176.53061224489795,3354.081632653061
jid_894262,92940.0,168.0,1,20,3654,4780,4801,JobState.COMPLETED,0,176.53061224489795,176.53061224489795,3530.612244897959
jid_894261,92940.0,168.0,1,22,3651,4780,4803,JobState.COMPLETED,0,176.53061224489795,176.53061224489795,3883.673469387755
jid_894264,92940.0,168.0,1,30,3673,4787,4818,JobState.COMPLETED,0,176.53061224489795,176.53061224489795,5295.918367346939
jid_894265,92940.0,168.0,1,30,3679,4791,4822,JobState.COMPLETED,0,176.53061224489795,176.53061224489795,5295.918367346939
jid_894266,92940.0,168.0,1,32,3681,4797,4830,JobState.COMPLETED,0,176.53061224489795,176.53061224489795,5648.9795918367345
jid_894268,92940.0,168.0,1,35,3681,4801,4837,JobState.COMPLETED,0,176.53061224489795,176.53061224489795,6178.571428571428
jid_894267,92940.0,168.0,1,34,3682,4803,4838,JobState.COMPLETED,0,176.53061224489795,176.53061224489795,6002.04081632653
jid_894269,92940.0,168.0,1,34,3688,4818,4853,JobState.COMPLETED,0,176.53061224489795,176.53061224489795,6002.04081632653
jid_894271,92940.0,168.0,1,36,3689,4830,4867,JobState.COMPLETED,0,176.53061224489795,176.53061224489795,6355.102040816326
jid_894270,92940.0,168.0,1,30,3693,4837,4868,JobState.COMPLETED,0,176.53061224489795,176.53061224489795,5295.918367346939
jid_894273,92940.0,168.0,1,55,3688,4822,4878,JobState.COMPLETED,0,176.53061224489795,176.53061224489795,9709.183673469388
jid_894276,92940.0,168.0,1,40,3721,4838,4879,JobState.COMPLETED,0,176.53061224489795,176.53061224489795,7061.224489795918
jid_894277,92940.0,168.0,1,36,3727,4853,4890,JobState.COMPLETED,0,176.53061224489795,176.53061224489795,6355.102040816326
jid_894278,92940.0,168.0,1,35,3730,4867,4903,JobState.COMPLETED,0,176.53061224489795,176.53061224489795,6178.571428571428
jid_894280,92940.0,168.0,1,44,3731,4868,4913,JobState.COMPLETED,0,176.53061224489795,176.53061224489795,7767.34693877551
jid_894281,92940.0,168.0,1,38,3739,4879,4918,JobState.COMPLETED,0,176.53061224489795,176.53061224489795,6708.163265306122
jid_894279,92940.0,168.0,1,41,3733,4878,4920,JobState.COMPLETED,0,176.53061224489795,176.53061224489795,7237.755102040816
jid_894284,92940.0,168.0,1,142,3659,4781,4924,JobState.COMPLETED,0,176.5306122448979,176.53061224489795,25067.3469387755
jid_894294,92940.0,168.0,1,35,3739,4890,4926,JobState.COMPLETED,0,176.53061224489795,176.53061224489795,6178.571428571428
jid_894283,92940.0,168.0,1,38,3742,4903,4942,JobState.COMPLETED,0,176.53061224489795,176.53061224489795,6708.163265306122
jid_894286,92940.0,168.0,1,33,3777,4920,4954,JobState.COMPLETED,0,176.53061224489795,176.53061224489795,5825.510204081633
jid_894285,92940.0,168.0,1,39,3765,4918,4958,JobState.COMPLETED,0,176.53061224489795,176.53061224489795,6884.69387755102
jid_894287,92940.0,168.0,1,33,3779,4924,4958,JobState.COMPLETED,0,176.53061224489795,176.53061224489795,5825.510204081633
jid_894288,92940.0,168.0,1,39,3780,4926,4966,JobState.COMPLETED,0,176.53061224489795,176.53061224489795,6884.69387755102
jid_894289,92940.0,168.0,1,58,3760,4913,4972,JobState.COMPLETED,0,176.53061224489795,176.53061224489795,10238.775510204081
jid_894291,92940.0,168.0,1,41,3791,4942,4984,JobState.COMPLETED,0,176.53061224489795,176.53061224489795,7237.755102040816
jid_894290,92940.0,168.0,1,34,3795,4958,4993,JobState.COMPLETED,0,176.53061224489795,176.53061224489795,6002.04081632653
jid_894293,92940.0,168.0,1,41,3794,4954,4996,JobState.COMPLETED,0,176.53061224489795,176.53061224489795,7237.755102040816
jid_894292,92940.0,168.0,1,38,3795,4958,4997,JobState.COMPLETED,0,176.53061224489795,176.53061224489795,6708.163265306122
jid_894296,92940.0,168.0,1,40,3820,4972,5013,JobState.COMPLETED,0,176.53061224489795,176.53061224489795,7061.224489795918
jid_894295,92940.0,168.0,1,31,3826,4984,5016,JobState.COMPLETED,0,176.53061224489795,176.53061224489795,5472.448979591836
jid_894298,92940.0,168.0,1,34,3828,4993,5028,JobState.COMPLETED,0,176.53061224489795,176.53061224489795,6002.04081632653
jid_894299,92940.0,168.0,1,38,3836,4996,5035,JobState.COMPLETED,0,176.53061224489795,176.53061224489795,6708.163265306122
jid_894300,92940.0,168.0,1,34,3847,5013,5048,JobState.COMPLETED,0,176.53061224489795,176.53061224489795,6002.04081632653
jid_894301,92940.0,168.0,1,34,3847,5016,5051,JobState.COMPLETED,0,176.53061224489795,176.53061224489795,6002.04081632653
jid_894303,92940.0,168.0,1,54,3836,4997,5052,JobState.COMPLETED,0,176.53061224489795,176.53061224489795,9532.65306122449
jid_894302,92940.0,168.0,1,36,3850,5028,5065,JobState.COMPLETED,0,176.53061224489795,176.53061224489795,6355.102040816326
jid_894305,92940.0,168.0,1,30,3876,5051,5082,JobState.COMPLETED,0,176.53061224489795,176.53061224489795,5295.918367346939
jid_894304,92940.0,168.0,1,35,3863,5048,5084,JobState.COMPLETED,0,176.53061224489795,176.53061224489795,6178.571428571428
jid_894306,92940.0,168.0,1,38,3876,5052,5091,JobState.COMPLETED,0,176.53061224489795,176.53061224489795,6708.163265306122
jid_894307,92940.0,168.0,1,38,3877,5082,5121,JobState.COMPLETED,0,176.53061224489795,176.53061224489795,6708.163265306122
jid_894308,92940.0,168.0,1,37,3890,5084,5122,JobState.COMPLETED,0,176.53061224489795,176.53061224489795,6531.632653061224
jid_894310,92940.0,168.0,1,37,3899,5091,5129,JobState.COMPLETED,0,176.53061224489795,176.53061224489795,6531.632653061224
jid_894317,92940.0,168.0,1,167,3819,4966,5134,JobState.COMPLETED,0,176.5306122448979,176.53061224489795,29480.612244897948
jid_894309,92940.0,168.0,1,34,3905,5122,5157,JobState.COMPLETED,0,176.53061224489795,176.53061224489795,6002.04081632653
jid_894311,92940.0,168.0,1,43,3899,5121,5165,JobState.COMPLETED,0,176.53061224489795,176.53061224489795,7590.816326530612
jid_894313,92940.0,168.0,1,35,3917,5134,5170,JobState.COMPLETED,0,176.53061224489795,176.53061224489795,6178.571428571428
jid_894312,92940.0,168.0,1,31,3922,5157,5189,JobState.COMPLETED,0,176.53061224489795,176.53061224489795,5472.448979591836
jid_894316,92940.0,168.0,1,41,3937,5165,5207,JobState.COMPLETED,0,176.53061224489795,176.53061224489795,7237.755102040816
jid_894314,92940.0,168.0,1,31,3942,5189,5221,JobState.COMPLETED,0,176.53061224489795,176.53061224489795,5472.448979591836
jid_894323,92940.0,168.0,1,96,3905,5129,5226,JobState.COMPLETED,0,176.53061224489792,176.53061224489795,16946.9387755102
jid_894364,92940.0,168.0,1,993,3267,4247,5241,JobState.COMPLETED,0,176.53061224489804,176.53061224489795,175294.89795918376
jid_894318,92940.0,168.0,1,35,3956,5207,5243,JobState.COMPLETED,0,176.53061224489795,176.53061224489795,6178.571428571428
jid_894319,92940.0,168.0,1,37,3956,5221,5259,JobState.COMPLETED,0,176.53061224489795,176.53061224489795,6531.632653061224
jid_894322,92940.0,168.0,1,36,3963,5226,5263,JobState.COMPLETED,0,176.53061224489795,176.53061224489795,6355.102040816326
jid_894320,92940.0,168.0,1,32,3969,5241,5274,JobState.COMPLETED,0,176.53061224489795,176.53061224489795,5648.9795918367345
jid_894321,92940.0,168.0,1,32,3969,5243,5276,JobState.COMPLETED,0,176.53061224489795,176.53061224489795,5648.9795918367345
jid_894326,92940.0,168.0,1,40,3992,5259,5300,JobState.COMPLETED,0,176.53061224489795,176.53061224489795,7061.224489795918
jid_894371,92940.0,168.0,1,997,3295,4303,5301,JobState.COMPLETED,0,176.53061224489804,176.53061224489795,176001.02040816334
jid_894327,92940.0,168.0,1,40,3992,5263,5304,JobState.COMPLETED,0,176.53061224489795,176.53061224489795,7061.224489795918
jid_894328,92940.0,168.0,1,40,4007,5276,5317,JobState.COMPLETED,0,176.53061224489795,176.53061224489795,7061.224489795918
jid_894330,92940.0,168.0,1,36,4024,5301,5338,JobState.COMPLETED,0,176.53061224489795,176.53061224489795,6355.102040816326
jid_894329,92940.0,168.0,1,41,4010,5300,5342,JobState.COMPLETED,0,176.53061224489795,176.53061224489795,7237.755102040816
jid_894332,92940.0,168.0,1,39,4024,5304,5344,JobState.COMPLETED,0,176.53061224489795,176.53061224489795,6884.69387755102
jid_894333,92940.0,168.0,1,40,4024,5317,5358,JobState.COMPLETED,0,176.53061224489795,176.53061224489795,7061.224489795918
jid_894331,92940.0,168.0,1,39,4025,5338,5378,JobState.COMPLETED,0,176.53061224489795,176.53061224489795,6884.69387755102
jid_894335,92940.0,168.0,1,40,4049,5342,5383,JobState.COMPLETED,0,176.53061224489795,176.53061224489795,7061.224489795918
jid_894334,92940.0,168.0,1,38,4051,5344,5383,JobState.COMPLETED,0,176.53061224489795,176.53061224489795,6708.163265306122
jid_894336,92940.0,168.0,1,39,4065,5358,5398,JobState.COMPLETED,0,176.53061224489795,176.53061224489795,6884.69387755102
jid_894337,92940.0,168.0,1,38,4069,5378,5417,JobState.COMPLETED,0,176.53061224489795,176.53061224489795,6708.163265306122
jid_894344,92940.0,168.0,1,143,4004,5274,5418,JobState.COMPLETED,0,176.5306122448979,176.53061224489795,25243.8775510204
jid_894338,92940.0,168.0,1,37,4077,5383,5421,JobState.COMPLETED,0,176.53061224489795,176.53061224489795,6531.632653061224
jid_894341,92940.0,168.0,1,41,4080,5383,5425,JobState.COMPLETED,0,176.53061224489795,176.53061224489795,7237.755102040816
jid_894339,92940.0,168.0,1,36,4081,5398,5435,JobState.COMPLETED,0,176.53061224489795,176.53061224489795,6355.102040816326
jid_894340,92940.0,168.0,1,35,4083,5417,5453,JobState.COMPLETED,0,176.53061224489795,176.53061224489795,6178.571428571428
jid_894342,92940.0,168.0,1,39,4105,5418,5458,JobState.COMPLETED,0,176.53061224489795,176.53061224489795,6884.69387755102
jid_894345,92940.0,168.0,1,35,4120,5425,5461,JobState.COMPLETED,0,176.53061224489795,176.53061224489795,6178.571428571428
jid_894343,92940.0,168.0,1,42,4105,5421,5464,JobState.COMPLETED,0,176.53061224489795,176.53061224489795,7414.285714285714
jid_894346,92940.0,168.0,1,34,4122,5435,5470,JobState.COMPLETED,0,176.53061224489795,176.53061224489795,6002.04081632653
jid_894350,92940.0,168.0,1,37,4130,5453,5491,JobState.COMPLETED,0,176.53061224489795,176.53061224489795,6531.632653061224
jid_894347,92940.0,168.0,1,36,4133,5458,5495,JobState.COMPLETED,0,176.53061224489795,176.53061224489795,6355.102040816326
jid_894348,92940.0,168.0,1,37,4133,5461,5499,JobState.COMPLETED,0,176.53061224489795,176.53061224489795,6531.632653061224
jid_894351,92940.0,168.0,1,40,4139,5464,5505,JobState.COMPLETED,0,176.53061224489795,176.53061224489795,7061.224489795918
jid_894352,92940.0,168.0,1,37,4159,5470,5508,JobState.COMPLETED,0,176.53061224489795,176.53061224489795,6531.632653061224
jid_894353,92940.0,168.0,1,39,4164,5491,5531,JobState.COMPLETED,0,176.53061224489795,176.53061224489795,6884.69387755102
jid_894355,92940.0,168.0,1,40,4170,5499,5540,JobState.COMPLETED,0,176.53061224489795,176.53061224489795,7061.224489795918
jid_894356,92940.0,168.0,1,43,4173,5505,5549,JobState.COMPLETED,0,176.53061224489795,176.53061224489795,7590.816326530612
jid_894357,92940.0,168.0,1,41,4187,5508,5550,JobState.COMPLETED,0,176.53061224489795,176.53061224489795,7237.755102040816
jid_894359,92940.0,168.0,1,43,4187,5531,5575,JobState.COMPLETED,0,176.53061224489795,176.53061224489795,7590.816326530612
jid_894358,92940.0,168.0,1,35,4194,5540,5576,JobState.COMPLETED,0,176.53061224489795,176.53061224489795,6178.571428571428
jid_894360,92940.0,168.0,1,35,4197,5549,5585,JobState.COMPLETED,0,176.53061224489795,176.53061224489795,6178.571428571428
jid_894362,92940.0,168.0,1,40,4213,5550,5591,JobState.COMPLETED,0,176.53061224489795,176.53061224489795,7061.224489795918
jid_894363,92940.0,168.0,1,42,4220,5575,5618,JobState.COMPLETED,0,176.53061224489795,176.53061224489795,7414.285714285714
jid_894365,92940.0,168.0,1,43,4228,5576,5620,JobState.COMPLETED,0,176.53061224489795,176.53061224489795,7590.816326530612
jid_894366,92940.0,168.0,1,44,4233,5585,5630,JobState.COMPLETED,0,176.53061224489795,176.53061224489795,7767.34693877551
jid_894367,92940.0,168.0,1,40,4246,5591,5632,JobState.COMPLETED,0,176.53061224489795,176.53061224489795,7061.224489795918
jid_894374,92940.0,168.0,1,149,4164,5495,5645,JobState.COMPLETED,0,176.5306122448979,176.53061224489795,26303.061224489786
jid_894369,92940.0,168.0,1,41,4246,5618,5660,JobState.COMPLETED,0,176.53061224489795,176.53061224489795,7237.755102040816
jid_894370,92940.0,168.0,1,47,4246,5620,5668,JobState.COMPLETED,0,176.53061224489795,176.53061224489795,8296.938775510203
jid_894368,92940.0,168.0,1,38,4249,5630,5669,JobState.COMPLETED,0,176.53061224489795,176.53061224489795,6708.163265306122
jid_894372,92940.0,168.0,1,38,4270,5632,5671,JobState.COMPLETED,0,176.53061224489795,176.53061224489795,6708.163265306122
jid_894375,92940.0,168.0,1,38,4278,5645,5684,JobState.COMPLETED,0,176.53061224489795,176.53061224489795,6708.163265306122
jid_894387,92940.0,168.0,1,28,4293,5669,5698,JobState.COMPLETED,0,176.53061224489795,176.53061224489795,4942.857142857143
jid_894378,92940.0,168.0,1,29,4309,5671,5701,JobState.COMPLETED,0,176.53061224489795,176.53061224489795,5119.3877551020405
jid_894380,92940.0,168.0,1,32,4309,5684,5717,JobState.COMPLETED,0,176.53061224489795,176.53061224489795,5648.9795918367345
jid_894379,92940.0,168.0,1,54,4287,5668,5723,JobState.COMPLETED,0,176.53061224489795,176.53061224489795,9532.65306122449
jid_894382,92940.0,168.0,1,33,4309,5698,5732,JobState.COMPLETED,0,176.53061224489795,176.53061224489795,5825.510204081633
jid_894392,92940.0,168.0,1,42,4309,5701,5744,JobState.COMPLETED,0,176.53061224489795,176.53061224489795,7414.285714285714
jid_894391,92940.0,168.0,1,26,4325,5723,5750,JobState.COMPLETED,0,176.53061224489795,176.53061224489795,4589.7959183673465
jid_894383,92940.0,168.0,1,25,4333,5744,5770,JobState.COMPLETED,0,176.53061224489795,176.53061224489795,4413.265306122449
jid_894384,92940.0,168.0,1,28,4354,5750,5779,JobState.COMPLETED,0,176.53061224489795,176.53061224489795,4942.857142857143
jid_894385,92940.0,168.0,1,29,4356,5770,5800,JobState.COMPLETED,0,176.53061224489795,176.53061224489795,5119.3877551020405
jid_894388,92940.0,168.0,1,42,4356,5779,5822,JobState.COMPLETED,0,176.53061224489795,176.53061224489795,7414.285714285714
jid_894386,92940.0,168.0,1,28,4357,5800,5829,JobState.COMPLETED,0,176.53061224489795,176.53061224489795,4942.857142857143
jid_894389,92940.0,168.0,1,25,4375,5822,5848,JobState.COMPLETED,0,176.53061224489795,176.53061224489795,4413.265306122449
jid_894390,92940.0,168.0,1,23,4398,5829,5853,JobState.COMPLETED,0,176.53061224489795,176.53061224489795,4060.204081632653
jid_894395,92940.0,168.0,1,27,4400,5848,5876,JobState.COMPLETED,0,176.53061224489795,176.53061224489795,4766.326530612245
jid_894393,92940.0,168.0,1,24,4401,5853,5878,JobState.COMPLETED,0,176.53061224489795,176.53061224489795,4236.734693877551
jid_894403,92940.0,168.0,1,148,4330,5732,5881,JobState.COMPLETED,0,176.5306122448979,176.53061224489795,26126.53061224489
jid_894396,92940.0,168.0,1,27,4409,5876,5904,JobState.COMPLETED,0,176.53061224489795,176.53061224489795,4766.326530612245
jid_894397,92940.0,168.0,1,26,4418,5881,5908,JobState.COMPLETED,0,176.53061224489795,176.53061224489795,4589.7959183673465
jid_894398,92940.0,168.0,1,36,4413,5878,5915,JobState.COMPLETED,0,176.53061224489795,176.53061224489795,6355.102040816326
jid_894399,92940.0,168.0,1,29,4436,5904,5934,JobState.COMPLETED,0,176.53061224489795,176.53061224489795,5119.3877551020405
jid_894451,92940.0,168.0,1,900,3853,5035,5936,JobState.COMPLETED,0,176.53061224489818,176.53061224489795,158877.55102040837
jid_894400,92940.0,168.0,1,32,4437,5908,5941,JobState.COMPLETED,0,176.53061224489795,176.53061224489795,5648.9795918367345
jid_894404,92940.0,168.0,1,42,4439,5915,5958,JobState.COMPLETED,0,176.53061224489795,176.53061224489795,7414.285714285714
jid_894401,92940.0,168.0,1,32,4440,5934,5967,JobState.COMPLETED,0,176.53061224489795,176.53061224489795,5648.9795918367345
jid_894402,92940.0,168.0,1,31,4442,5936,5968,JobState.COMPLETED,0,176.53061224489795,176.53061224489795,5472.448979591836
jid_894405,92940.0,168.0,1,33,4452,5941,5975,JobState.COMPLETED,0,176.53061224489795,176.53061224489795,5825.510204081633
jid_894406,92940.0,168.0,1,29,4463,5958,5988,JobState.COMPLETED,0,176.53061224489795,176.53061224489795,5119.3877551020405
jid_894409,92940.0,168.0,1,25,4480,5968,5994,JobState.COMPLETED,0,176.53061224489795,176.53061224489795,4413.265306122449
jid_894410,92940.0,168.0,1,27,4483,5975,6003,JobState.COMPLETED,0,176.53061224489795,176.53061224489795,4766.326530612245
jid_894408,92940.0,168.0,1,41,4464,5967,6009,JobState.COMPLETED,0,176.53061224489795,176.53061224489795,7237.755102040816
jid_894413,92940.0,168.0,1,27,4487,5988,6016,JobState.COMPLETED,0,176.53061224489795,176.53061224489795,4766.326530612245
jid_894412,92940.0,168.0,1,26,4488,5994,6021,JobState.COMPLETED,0,176.53061224489795,176.53061224489795,4589.7959183673465
jid_894414,92940.0,168.0,1,27,4500,6016,6044,JobState.COMPLETED,0,176.53061224489795,176.53061224489795,4766.326530612245
jid_894417,92940.0,168.0,1,39,4499,6009,6049,JobState.COMPLETED,0,176.53061224489795,176.53061224489795,6884.69387755102
jid_894415,92940.0,168.0,1,27,4509,6021,6049,JobState.COMPLETED,0,176.53061224489795,176.53061224489795,4766.326530612245
jid_894418,92940.0,168.0,1,26,4520,6044,6071,JobState.COMPLETED,0,176.53061224489795,176.53061224489795,4589.7959183673465
jid_894419,92940.0,168.0,1,31,4525,6049,6081,JobState.COMPLETED,0,176.53061224489795,176.53061224489795,5472.448979591836
jid_894422,92940.0,168.0,1,40,4520,6049,6090,JobState.COMPLETED,0,176.53061224489795,176.53061224489795,7061.224489795918
jid_894420,92940.0,168.0,1,27,4529,6071,6099,JobState.COMPLETED,0,176.53061224489795,176.53061224489795,4766.326530612245
jid_894426,92940.0,168.0,1,97,4492,6003,6101,JobState.COMPLETED,0,176.53061224489792,176.53061224489795,17123.4693877551
jid_894421,92940.0,168.0,1,30,4529,6081,6112,JobState.COMPLETED,0,176.53061224489795,176.53061224489795,5295.918367346939
jid_894438,92940.0,168.0,1,23,4544,6090,6114,JobState.COMPLETED,0,176.53061224489795,176.53061224489795,4060.204081632653
jid_894424,92940.0,168.0,1,24,4553,6099,6124,JobState.COMPLETED,0,176.53061224489795,176.53061224489795,4236.734693877551
jid_894425,92940.0,168.0,1,22,4561,6112,6135,JobState.COMPLETED,0,176.53061224489795,176.53061224489795,3883.673469387755
jid_894427,92940.0,168.0,1,36,4556,6101,6138,JobState.COMPLETED,0,176.53061224489795,176.53061224489795,6355.102040816326
jid_894428,92940.0,168.0,1,23,4571,6114,6138,JobState.COMPLETED,0,176.53061224489795,176.53061224489795,4060.204081632653
jid_894429,92940.0,168.0,1,25,4571,6124,6150,JobState.COMPLETED,0,176.53061224489795,176.53061224489795,4413.265306122449
jid_894430,92940.0,168.0,1,23,4574,6135,6159,JobState.COMPLETED,0,176.53061224489795,176.53061224489795,4060.204081632653
jid_894433,92940.0,168.0,1,29,4594,6138,6168,JobState.COMPLETED,0,176.53061224489795,176.53061224489795,5119.3877551020405
jid_894431,92940.0,168.0,1,32,4575,6138,6171,JobState.COMPLETED,0,176.53061224489795,176.53061224489795,5648.9795918367345
jid_894477,92940.0,168.0,1,1003,3937,5170,6174,JobState.COMPLETED,0,176.530612244898,176.53061224489795,177060.2040816327
jid_894432,92940.0,168.0,1,24,4600,6150,6175,JobState.COMPLETED,0,176.53061224489795,176.53061224489795,4236.734693877551
jid_894434,92940.0,168.0,1,21,4611,6174,6196,JobState.COMPLETED,0,176.53061224489795,176.53061224489795,3707.142857142857
jid_894435,92940.0,168.0,1,26,4609,6171,6198,JobState.COMPLETED,0,176.53061224489795,176.53061224489795,4589.7959183673465
jid_894437,92940.0,168.0,1,23,4611,6175,6199,JobState.COMPLETED,0,176.53061224489795,176.53061224489795,4060.204081632653
jid_894439,92940.0,168.0,1,33,4608,6168,6202,JobState.COMPLETED,0,176.53061224489795,176.53061224489795,5825.510204081633
jid_894441,92940.0,168.0,1,21,4640,6198,6220,JobState.COMPLETED,0,176.53061224489795,176.53061224489795,3707.142857142857
jid_894440,92940.0,168.0,1,35,4621,6196,6232,JobState.COMPLETED,0,176.53061224489795,176.53061224489795,6178.571428571428
jid_894445,92940.0,168.0,1,86,4604,6159,6246,JobState.COMPLETED,0,176.53061224489795,176.53061224489795,15181.632653061224
jid_894443,92940.0,168.0,1,27,4649,6220,6248,JobState.COMPLETED,0,176.53061224489795,176.53061224489795,4766.326530612245
jid_894493,92940.0,168.0,1,1192,3876,5065,6258,JobState.COMPLETED,0,176.53061224489778,176.53061224489795,210424.48979591817
jid_894442,92940.0,168.0,1,25,4651,6232,6258,JobState.COMPLETED,0,176.53061224489795,176.53061224489795,4413.265306122449
jid_894444,92940.0,168.0,1,27,4654,6246,6274,JobState.COMPLETED,0,176.53061224489795,176.53061224489795,4766.326530612245
jid_894446,92940.0,168.0,1,37,4657,6248,6286,JobState.COMPLETED,0,176.53061224489795,176.53061224489795,6531.632653061224
jid_894447,92940.0,168.0,1,30,4678,6258,6289,JobState.COMPLETED,0,176.53061224489795,176.53061224489795,5295.918367346939
jid_894448,92940.0,168.0,1,33,4691,6274,6308,JobState.COMPLETED,0,176.53061224489795,176.53061224489795,5825.510204081633
jid_894460,92940.0,168.0,1,63,4671,6258,6322,JobState.COMPLETED,0,176.53061224489798,176.53061224489795,11121.428571428572
jid_894449,92940.0,168.0,1,35,4691,6286,6322,JobState.COMPLETED,0,176.53061224489795,176.53061224489795,6178.571428571428
jid_894453,92940.0,168.0,1,47,4725,6322,6370,JobState.COMPLETED,0,176.53061224489795,176.53061224489795,8296.938775510203
jid_894454,92940.0,168.0,1,65,4710,6322,6388,JobState.COMPLETED,0,176.53061224489798,176.53061224489795,11474.489795918369
jid_894458,92940.0,168.0,1,87,4705,6308,6396,JobState.COMPLETED,0,176.53061224489795,176.53061224489795,15358.163265306122
jid_894456,92940.0,168.0,1,41,4740,6370,6412,JobState.COMPLETED,0,176.53061224489795,176.53061224489795,7237.755102040816
jid_894457,92940.0,168.0,1,44,4741,6388,6433,JobState.COMPLETED,0,176.53061224489795,176.53061224489795,7767.34693877551
jid_894466,92940.0,168.0,1,74,4791,6412,6487,JobState.COMPLETED,0,176.53061224489795,176.53061224489795,13063.265306122448
jid_894467,92940.0,168.0,1,77,4792,6433,6511,JobState.COMPLETED,0,176.53061224489795,176.53061224489795,13592.857142857143
jid_894462,92940.0,168.0,1,44,4798,6487,6532,JobState.COMPLETED,0,176.53061224489795,176.53061224489795,7767.34693877551
jid_894464,92940.0,168.0,1,51,4802,6511,6563,JobState.COMPLETED,0,176.53061224489795,176.53061224489795,9003.061224489795
jid_894473,92940.0,168.0,1,102,4808,6532,6635,JobState.COMPLETED,0,176.53061224489792,176.53061224489795,18006.12244897959
jid_894470,92940.0,168.0,1,76,4822,6563,6640,JobState.COMPLETED,0,176.53061224489795,176.53061224489795,13416.326530612245
jid_894472,92940.0,168.0,1,46,4858,6635,6682,JobState.COMPLETED,0,176.53061224489795,176.53061224489795,8120.408163265306
jid_894476,92940.0,168.0,1,60,4870,6640,6701,JobState.COMPLETED,0,176.53061224489798,176.53061224489795,10591.83673469388
jid_894542,92940.0,168.0,1,1059,4279,5660,6720,JobState.COMPLETED,0,176.53061224489795,176.53061224489795,186945.91836734692
jid_894479,92940.0,168.0,1,71,4883,6682,6754,JobState.COMPLETED,0,176.53061224489795,176.53061224489795,12533.673469387755
jid_894480,92940.0,168.0,1,74,4887,6701,6776,JobState.COMPLETED,0,176.53061224489795,176.53061224489795,13063.265306122448
jid_894553,92940.0,168.0,1,1059,4310,5717,6777,JobState.COMPLETED,0,176.53061224489795,176.53061224489795,186945.91836734692
jid_894485,92940.0,168.0,1,72,4914,6720,6793,JobState.COMPLETED,0,176.53061224489795,176.53061224489795,12710.204081632652
jid_894490,92940.0,168.0,1,44,4920,6754,6799,JobState.COMPLETED,0,176.53061224489795,176.53061224489795,7767.34693877551
jid_894489,92940.0,168.0,1,86,4925,6776,6863,JobState.COMPLETED,0,176.53061224489795,176.53061224489795,15181.632653061224
jid_894491,92940.0,168.0,1,64,4972,6799,6864,JobState.COMPLETED,0,176.53061224489798,176.53061224489795,11297.95918367347
jid_894492,92940.0,168.0,1,64,4977,6863,6928,JobState.COMPLETED,0,176.53061224489798,176.53061224489795,11297.95918367347
jid_894499,92940.0,168.0,1,110,5002,6864,6975,JobState.COMPLETED,0,176.53061224489792,176.53061224489795,19418.367346938772
jid_894792,63299.0,570.0,1,121,6878,6928,7050,JobState.COMPLETED,0,176.5306122448979,176.53061224489795,21360.204081632644
jid_894602,92940.0,168.0,1,848,4648,6202,7051,JobState.COMPLETED,0,176.53061224489815,176.53061224489795,149697.95918367364
jid_894500,92940.0,168.0,1,95,5026,6975,7071,JobState.COMPLETED,0,176.53061224489792,176.53061224489795,16770.408163265303
jid_894498,92940.0,168.0,1,56,5051,7050,7107,JobState.COMPLETED,0,176.53061224489795,176.53061224489795,9885.714285714286
jid_894504,92940.0,168.0,1,75,5053,7051,7127,JobState.COMPLETED,0,176.53061224489795,176.53061224489795,13239.795918367347
jid_894513,92940.0,168.0,1,42,5122,7127,7170,JobState.COMPLETED,0,176.53061224489795,176.53061224489795,7414.285714285714
jid_894514,92940.0,168.0,1,114,5056,7071,7186,JobState.COMPLETED,0,176.53061224489792,176.53061224489795,20124.48979591836
jid_894515,92940.0,168.0,1,43,5128,7170,7214,JobState.COMPLETED,0,176.53061224489795,176.53061224489795,7590.816326530612
jid_894650,92940.0,168.0,1,1019,4640,6199,7219,JobState.COMPLETED,0,176.530612244898,176.53061224489795,179884.69387755106
jid_894521,92940.0,168.0,1,77,5138,7186,7264,JobState.COMPLETED,0,176.53061224489795,176.53061224489795,13592.857142857143
jid_894523,92940.0,168.0,1,47,5181,7219,7267,JobState.COMPLETED,0,176.53061224489795,176.53061224489795,8296.938775510203
jid_894520,92940.0,168.0,1,59,5146,7214,7274,JobState.COMPLETED,0,176.53061224489795,176.53061224489795,10415.30612244898
jid_894524,92940.0,168.0,1,51,5185,7264,7316,JobState.COMPLETED,0,176.53061224489795,176.53061224489795,9003.061224489795
jid_894526,92940.0,168.0,1,53,5186,7267,7321,JobState.COMPLETED,0,176.53061224489795,176.53061224489795,9356.122448979591
jid_894657,92940.0,168.0,1,1039,4697,6289,7329,JobState.COMPLETED,0,176.53061224489798,176.53061224489795,183415.306122449
jid_894535,92940.0,168.0,1,72,5223,7274,7347,JobState.COMPLETED,0,176.53061224489795,176.53061224489795,12710.204081632652
jid_894533,92940.0,168.0,1,43,5243,7321,7365,JobState.COMPLETED,0,176.53061224489795,176.53061224489795,7590.816326530612
jid_894538,92940.0,168.0,1,62,5252,7329,7392,JobState.COMPLETED,0,176.53061224489798,176.53061224489795,10944.897959183674
jid_894537,92940.0,168.0,1,57,5254,7347,7405,JobState.COMPLETED,0,176.53061224489795,176.53061224489795,10062.244897959183
jid_894549,92940.0,168.0,1,56,5303,7365,7422,JobState.COMPLETED,0,176.53061224489795,176.53061224489795,9885.714285714286
jid_894543,92940.0,168.0,1,110,5231,7316,7427,JobState.COMPLETED,0,176.53061224489792,176.53061224489795,19418.367346938772
jid_894556,92940.0,168.0,1,54,5328,7405,7460,JobState.COMPLETED,0,176.53061224489795,176.53061224489795,9532.65306122449
jid_894557,92940.0,168.0,1,69,5313,7392,7462,JobState.COMPLETED,0,176.53061224489798,176.53061224489795,12180.61224489796
jid_894554,92940.0,168.0,1,45,5331,7422,7468,JobState.COMPLETED,0,176.53061224489795,176.53061224489795,7943.877551020408
jid_894579,92940.0,168.0,1,82,5355,7427,7510,JobState.COMPLETED,0,176.53061224489795,176.53061224489795,14475.510204081633
jid_894671,92940.0,168.0,1,1125,4769,6396,7522,JobState.COMPLETED,0,176.53061224489787,176.53061224489795,198596.9387755101
jid_894580,92940.0,168.0,1,46,5392,7510,7557,JobState.COMPLETED,0,176.53061224489795,176.53061224489795,8120.408163265306
jid_894585,92940.0,168.0,1,52,5398,7522,7575,JobState.COMPLETED,0,176.53061224489795,176.53061224489795,9179.591836734693
jid_894587,92940.0,168.0,1,65,5399,7557,7623,JobState.COMPLETED,0,176.53061224489798,176.53061224489795,11474.489795918369
jid_894619,92940.0,168.0,1,81,5453,7575,7657,JobState.COMPLETED,0,176.53061224489795,176.53061224489795,14298.979591836734
jid_894608,92940.0,168.0,1,43,5458,7623,7667,JobState.COMPLETED,0,176.53061224489795,176.53061224489795,7590.816326530612
jid_894614,92940.0,168.0,1,58,5466,7657,7716,JobState.COMPLETED,0,176.53061224489795,176.53061224489795,10238.775510204081
jid_894622,92940.0,168.0,1,54,5481,7667,7722,JobState.COMPLETED,0,176.53061224489795,176.53061224489795,9532.65306122449
jid_894633,92940.0,168.0,1,42,5523,7722,7765,JobState.COMPLETED,0,176.53061224489795,176.53061224489795,7414.285714285714
jid_894634,92940.0,168.0,1,44,5539,7765,7810,JobState.COMPLETED,0,176.53061224489795,176.53061224489795,7767.34693877551
jid_894685,92940.0,168.0,1,1039,4949,6777,7817,JobState.COMPLETED,0,176.53061224489798,176.53061224489795,183415.306122449
jid_894639,92940.0,168.0,1,59,5553,7817,7877,JobState.COMPLETED,0,176.53061224489795,176.53061224489795,10415.30612244898
jid_894640,92940.0,168.0,1,68,5549,7810,7879,JobState.COMPLETED,0,176.53061224489798,176.53061224489795,12004.081632653062
jid_894643,92940.0,168.0,1,38,5587,7877,7916,JobState.COMPLETED,0,176.53061224489795,176.53061224489795,6708.163265306122
jid_894647,92940.0,168.0,1,43,5598,7879,7923,JobState.COMPLETED,0,176.53061224489795,176.53061224489795,7590.816326530612
jid_894654,92940.0,168.0,1,71,5632,7923,7995,JobState.COMPLETED,0,176.53061224489795,176.53061224489795,12533.673469387755
jid_894705,92940.0,168.0,1,1202,4956,6793,7996,JobState.COMPLETED,0,176.53061224489775,176.53061224489795,212189.7959183671
jid_894658,92940.0,168.0,1,107,5629,7916,8024,JobState.COMPLETED,0,176.53061224489792,176.53061224489795,18888.77551020408
jid_894652,92940.0,168.0,1,39,5641,7995,8035,JobState.COMPLETED,0,176.53061224489795,176.53061224489795,6884.69387755102
jid_894653,92940.0,168.0,1,42,5656,7996,8039,JobState.COMPLETED,0,176.53061224489795,176.53061224489795,7414.285714285714
jid_894661,92940.0,168.0,1,46,5699,8035,8082,JobState.COMPLETED,0,176.53061224489795,176.53061224489795,8120.408163265306
jid_894660,92940.0,168.0,1,46,5714,8039,8086,JobState.COMPLETED,0,176.53061224489795,176.53061224489795,8120.408163265306
jid_894663,92940.0,168.0,1,40,5751,8086,8127,JobState.COMPLETED,0,176.53061224489795,176.53061224489795,7061.224489795918
jid_894664,92940.0,168.0,1,96,5719,8082,8179,JobState.COMPLETED,0,176.53061224489792,176.53061224489795,16946.9387755102
jid_894665,92940.0,168.0,1,42,5775,8179,8222,JobState.COMPLETED,0,176.53061224489795,176.53061224489795,7414.285714285714
jid_894666,92940.0,168.0,1,46,5775,8222,8269,JobState.COMPLETED,0,176.53061224489795,176.53061224489795,8120.408163265306
jid_894668,92940.0,168.0,1,52,5808,8269,8322,JobState.COMPLETED,0,176.53061224489795,176.53061224489795,9179.591836734693
jid_894677,92940.0,168.0,1,23,5831,8322,8346,JobState.COMPLETED,0,176.53061224489795,176.53061224489795,4060.204081632653
jid_894725,92940.0,168.0,1,1264,5084,7107,8372,JobState.COMPLETED,0,176.5306122448977,176.53061224489795,223134.6938775507
jid_894669,92940.0,168.0,1,45,5834,8346,8392,JobState.COMPLETED,0,176.53061224489795,176.53061224489795,7943.877551020408
jid_894673,92940.0,168.0,1,24,5876,8392,8417,JobState.COMPLETED,0,176.53061224489795,176.53061224489795,4236.734693877551
jid_894670,92940.0,168.0,1,46,5837,8372,8419,JobState.COMPLETED,0,176.53061224489795,176.53061224489795,8120.408163265306
jid_894675,92940.0,168.0,1,24,5894,8417,8442,JobState.COMPLETED,0,176.53061224489795,176.53061224489795,4236.734693877551
jid_894676,92940.0,168.0,1,24,5898,8419,8444,JobState.COMPLETED,0,176.53061224489795,176.53061224489795,4236.734693877551
jid_894678,92940.0,168.0,1,25,5916,8444,8470,JobState.COMPLETED,0,176.53061224489795,176.53061224489795,4413.265306122449
jid_894732,92940.0,168.0,1,1027,5380,7462,8490,JobState.COMPLETED,0,176.53061224489798,176.53061224489795,181296.93877551024
jid_894679,92940.0,168.0,1,25,5934,8470,8496,JobState.COMPLETED,0,176.53061224489795,176.53061224489795,4413.265306122449
jid_894680,92940.0,168.0,1,22,5937,8490,8513,JobState.COMPLETED,0,176.53061224489795,176.53061224489795,3883.673469387755
jid_894681,92940.0,168.0,1,21,5941,8496,8518,JobState.COMPLETED,0,176.53061224489795,176.53061224489795,3707.142857142857
jid_894684,92940.0,168.0,1,25,5956,8513,8539,JobState.COMPLETED,0,176.53061224489795,176.53061224489795,4413.265306122449
jid_894687,92940.0,168.0,1,23,5974,8518,8542,JobState.COMPLETED,0,176.53061224489795,176.53061224489795,4060.204081632653
jid_894737,92940.0,168.0,1,1079,5391,7468,8548,JobState.COMPLETED,0,176.53061224489792,176.53061224489795,190476.53061224485
jid_894736,92940.0,168.0,1,1090,5355,7460,8551,JobState.COMPLETED,0,176.5306122448979,176.53061224489795,192418.3673469387
jid_894688,92940.0,168.0,1,22,5974,8539,8562,JobState.COMPLETED,0,176.53061224489795,176.53061224489795,3883.673469387755
jid_894689,92940.0,168.0,1,26,5977,8542,8569,JobState.COMPLETED,0,176.53061224489795,176.53061224489795,4589.7959183673465
jid_894690,92940.0,168.0,1,31,5996,8548,8580,JobState.COMPLETED,0,176.53061224489795,176.53061224489795,5472.448979591836
jid_894691,92940.0,168.0,1,33,6012,8562,8596,JobState.COMPLETED,0,176.53061224489795,176.53061224489795,5825.510204081633
jid_894692,92940.0,168.0,1,34,6012,8569,8604,JobState.COMPLETED,0,176.53061224489795,176.53061224489795,6002.04081632653
jid_894693,92940.0,168.0,1,37,6018,8580,8618,JobState.COMPLETED,0,176.53061224489795,176.53061224489795,6531.632653061224
jid_894697,92940.0,168.0,1,24,6060,8604,8629,JobState.COMPLETED,0,176.53061224489795,176.53061224489795,4236.734693877551
jid_894696,92940.0,168.0,1,41,6043,8596,8638,JobState.COMPLETED,0,176.53061224489795,176.53061224489795,7237.755102040816
jid_894698,92940.0,168.0,1,34,6060,8618,8653,JobState.COMPLETED,0,176.53061224489795,176.53061224489795,6002.04081632653
jid_894710,92940.0,168.0,1,26,6100,8638,8665,JobState.COMPLETED,0,176.53061224489795,176.53061224489795,4589.7959183673465
jid_894700,92940.0,168.0,1,36,6071,8629,8666,JobState.COMPLETED,0,176.53061224489795,176.53061224489795,6355.102040816326
jid_894711,92940.0,168.0,1,27,6100,8653,8681,JobState.COMPLETED,0,176.53061224489795,176.53061224489795,4766.326530612245
jid_894703,92940.0,168.0,1,32,6123,8666,8699,JobState.COMPLETED,0,176.53061224489795,176.53061224489795,5648.9795918367345
jid_894702,92940.0,168.0,1,35,6110,8665,8701,JobState.COMPLETED,0,176.53061224489795,176.53061224489795,6178.571428571428
jid_894718,92940.0,168.0,1,29,6161,8681,8711,JobState.COMPLETED,0,176.53061224489795,176.53061224489795,5119.3877551020405
jid_894720,69789.0,727.0,1,2,6210,8711,8714,JobState.COMPLETED,0,176.53061224489795,176.53061224489795,353.0612244897959
jid_894742,92940.0,168.0,1,1005,5512,7716,8722,JobState.COMPLETED,0,176.530612244898,176.53061224489795,177413.26530612248
jid_894709,92940.0,168.0,1,28,6170,8699,8728,JobState.COMPLETED,0,176.53061224489795,176.53061224489795,4942.857142857143
jid_894730,92940.0,168.0,1,26,6213,8722,8749,JobState.COMPLETED,0,176.53061224489795,176.53061224489795,4589.7959183673465
jid_894715,92940.0,168.0,1,38,6213,8714,8753,JobState.COMPLETED,0,176.53061224489795,176.53061224489795,6708.163265306122
jid_894716,92940.0,168.0,1,38,6215,8728,8767,JobState.COMPLETED,0,176.53061224489795,176.53061224489795,6708.163265306122
jid_894727,92940.0,168.0,1,25,6266,8749,8775,JobState.COMPLETED,0,176.53061224489795,176.53061224489795,4413.265306122449
jid_894728,92940.0,168.0,1,23,6268,8753,8777,JobState.COMPLETED,0,176.53061224489795,176.53061224489795,4060.204081632653
jid_894721,92940.0,168.0,1,27,6279,8767,8795,JobState.COMPLETED,0,176.53061224489795,176.53061224489795,4766.326530612245
jid_894726,92940.0,168.0,1,28,6322,8775,8804,JobState.COMPLETED,0,176.53061224489795,176.53061224489795,4942.857142857143
jid_894729,69789.0,727.0,1,5,6376,8804,8810,JobState.COMPLETED,0,176.53061224489795,176.53061224489795,882.6530612244898
jid_894731,92940.0,168.0,1,22,6365,8795,8818,JobState.COMPLETED,0,176.53061224489795,176.53061224489795,3883.673469387755
jid_894739,92940.0,168.0,1,27,6381,8810,8838,JobState.COMPLETED,0,176.53061224489795,176.53061224489795,4766.326530612245
jid_894738,92940.0,168.0,1,21,6385,8818,8840,JobState.COMPLETED,0,176.53061224489795,176.53061224489795,3707.142857142857
jid_894734,92940.0,168.0,1,27,6402,8838,8866,JobState.COMPLETED,0,176.53061224489795,176.53061224489795,4766.326530612245
jid_894735,92940.0,168.0,1,27,6402,8840,8868,JobState.COMPLETED,0,176.53061224489795,176.53061224489795,4766.326530612245
jid_894746,92940.0,168.0,1,23,6444,8868,8892,JobState.COMPLETED,0,176.53061224489795,176.53061224489795,4060.204081632653
jid_894747,92940.0,168.0,1,24,6444,8892,8917,JobState.COMPLETED,0,176.53061224489795,176.53061224489795,4236.734693877551
jid_894745,92940.0,168.0,1,171,6364,8777,8949,JobState.COMPLETED,0,176.5306122448979,176.53061224489795,30186.73469387754
jid_894750,92940.0,168.0,1,101,6460,8917,9019,JobState.COMPLETED,0,176.53061224489792,176.53061224489795,17829.59183673469
jid_894744,92940.0,168.0,1,26,6494,9019,9046,JobState.COMPLETED,0,176.53061224489795,176.53061224489795,4589.7959183673465
jid_894759,92940.0,168.0,1,104,6487,8949,9054,JobState.COMPLETED,0,176.53061224489792,176.53061224489795,18359.183673469382
jid_894743,92940.0,168.0,1,23,6495,9046,9070,JobState.COMPLETED,0,176.53061224489795,176.53061224489795,4060.204081632653
jid_894749,92940.0,168.0,1,25,6533,9054,9080,JobState.COMPLETED,0,176.53061224489795,176.53061224489795,4413.265306122449
jid_894757,92940.0,168.0,1,26,6536,9080,9107,JobState.COMPLETED,0,176.53061224489795,176.53061224489795,4589.7959183673465
jid_894769,92940.0,168.0,1,1090,5674,8024,9115,JobState.COMPLETED,0,176.5306122448979,176.53061224489795,192418.3673469387
jid_894751,92940.0,168.0,1,22,6555,9115,9138,JobState.COMPLETED,0,176.53061224489795,176.53061224489795,3883.673469387755
jid_894752,92940.0,168.0,1,24,6556,9138,9163,JobState.COMPLETED,0,176.53061224489795,176.53061224489795,4236.734693877551
jid_894753,92940.0,168.0,1,28,6573,9163,9192,JobState.COMPLETED,0,176.53061224489795,176.53061224489795,4942.857142857143
jid_894767,92940.0,168.0,1,173,6551,9107,9281,JobState.COMPLETED,0,176.5306122448979,176.53061224489795,30539.795918367337
jid_894788,92940.0,168.0,1,1190,5752,8127,9318,JobState.COMPLETED,0,176.53061224489778,176.53061224489795,210071.42857142835
jid_894755,92940.0,168.0,1,31,6598,9318,9350,JobState.COMPLETED,0,176.53061224489795,176.53061224489795,5472.448979591836
jid_894768,92940.0,168.0,1,159,6584,9192,9352,JobState.COMPLETED,0,176.5306122448979,176.53061224489795,28068.367346938765
jid_894756,92940.0,168.0,1,25,6616,9350,9376,JobState.COMPLETED,0,176.53061224489795,176.53061224489795,4413.265306122449
jid_894760,92940.0,168.0,1,26,6644,9352,9379,JobState.COMPLETED,0,176.53061224489795,176.53061224489795,4589.7959183673465
jid_894762,92940.0,168.0,1,26,6656,9376,9403,JobState.COMPLETED,0,176.53061224489795,176.53061224489795,4589.7959183673465
jid_894763,92940.0,168.0,1,27,6657,9379,9407,JobState.COMPLETED,0,176.53061224489795,176.53061224489795,4766.326530612245
jid_894793,92940.0,168.0,1,1092,5909,8442,9535,JobState.COMPLETED,0,176.5306122448979,176.53061224489795,192771.4285714285
jid_894774,92940.0,168.0,1,156,6679,9403,9560,JobState.COMPLETED,0,176.5306122448979,176.53061224489795,27538.775510204072
jid_894764,92940.0,168.0,1,25,6697,9535,9561,JobState.COMPLETED,0,176.53061224489795,176.53061224489795,4413.265306122449
jid_894766,92940.0,168.0,1,26,6698,9560,9587,JobState.COMPLETED,0,176.53061224489795,176.53061224489795,4589.7959183673465
jid_894776,92940.0,168.0,1,34,6738,9561,9596,JobState.COMPLETED,0,176.53061224489795,176.53061224489795,6002.04081632653
jid_894770,92940.0,168.0,1,27,6739,9587,9615,JobState.COMPLETED,0,176.53061224489795,176.53061224489795,4766.326530612245
jid_894805,92940.0,168.0,1,1178,6005,8551,9730,JobState.COMPLETED,0,176.5306122448978,176.53061224489795,207953.06122448962
jid_894784,92940.0,168.0,1,171,6740,9596,9768,JobState.COMPLETED,0,176.5306122448979,176.53061224489795,30186.73469387754
jid_894785,92940.0,168.0,1,157,6759,9615,9773,JobState.COMPLETED,0,176.5306122448979,176.53061224489795,27715.30612244897
jid_895083,63299.0,570.0,1,76,9620,9730,9807,JobState.COMPLETED,0,176.53061224489795,176.53061224489795,13416.326530612245
jid_894818,92940.0,168.0,1,1224,6175,8701,9926,JobState.COMPLETED,0,176.53061224489775,176.53061224489795,216073.46938775486
jid_894848,92940.0,168.0,1,1201,6422,8866,10068,JobState.COMPLETED,0,176.53061224489775,176.53061224489795,212013.2653061222
jid_894838,92940.0,168.0,1,1033,6533,9070,10104,JobState.COMPLETED,0,176.53061224489798,176.53061224489795,182356.12244897962
jid_894840,92940.0,168.0,1,904,6592,9281,10186,JobState.COMPLETED,0,176.53061224489818,176.53061224489795,159583.67346938796
jid_894833,92940.0,168.0,1,869,6685,9407,10277,JobState.COMPLETED,0,176.53061224489818,176.53061224489795,153405.1020408165
jid_895083,63299.0,570.0,1,664,9620,9768,10433,JobState.COMPLETED,0,176.53061224489812,176.53061224489795,117216.32653061235
jid_895083,63299.0,570.0,1,667,9620,9773,10441,JobState.COMPLETED,0,176.53061224489812,176.53061224489795,117745.91836734705
jid_895083,63299.0,570.0,1,675,9620,9807,10483,JobState.COMPLETED,0,176.53061224489812,176.53061224489795,119158.16326530623
jid_895083,63299.0,570.0,1,675,9620,9926,10602,JobState.COMPLETED,0,176.53061224489812,176.53061224489795,119158.16326530623
jid_895083,63299.0,570.0,1,678,9620,10068,10747,JobState.COMPLETED,0,176.53061224489812,176.53061224489795,119687.75510204093
jid_895083,63299.0,570.0,1,678,9620,10104,10783,JobState.COMPLETED,0,176.53061224489812,176.53061224489795,119687.75510204093
jid_895083,63299.0,570.0,1,680,9620,10186,10867,JobState.COMPLETED,0,176.53061224489812,176.53061224489795,120040.81632653072
jid_895083,63299.0,570.0,1,681,9620,10277,10959,JobState.COMPLETED,0,176.53061224489812,176.53061224489795,120217.34693877562
jid_895083,63299.0,570.0,1,678,9620,10433,11112,JobState.COMPLETED,0,176.53061224489812,176.53061224489795,119687.75510204093
jid_895083,63299.0,570.0,1,680,9620,10441,11122,JobState.COMPLETED,0,176.53061224489812,176.53061224489795,120040.81632653072
jid_895083,63299.0,570.0,1,684,9620,10483,11168,JobState.COMPLETED,0,176.53061224489812,176.53061224489795,120746.93877551031
jid_895083,63299.0,570.0,1,684,9620,10602,11287,JobState.COMPLETED,0,176.53061224489812,176.53061224489795,120746.93877551031
jid_895083,63299.0,570.0,1,682,9620,10747,11430,JobState.COMPLETED,0,176.53061224489812,176.53061224489795,120393.87755102052
jid_895083,63299.0,570.0,1,686,9620,10783,11470,JobState.COMPLETED,0,176.53061224489812,176.53061224489795,121100.00000000012
jid_895083,63299.0,570.0,1,687,9620,10867,11555,JobState.COMPLETED,0,176.53061224489812,176.53061224489795,121276.53061224501
jid_895083,63299.0,570.0,1,680,9620,10959,11640,JobState.COMPLETED,0,176.53061224489812,176.53061224489795,120040.81632653072
jid_895083,63299.0,570.0,1,686,9620,11112,11799,JobState.COMPLETED,0,176.53061224489812,176.53061224489795,121100.00000000012
jid_895083,63299.0,570.0,1,685,9620,11122,11808,JobState.COMPLETED,0,176.53061224489812,176.53061224489795,120923.46938775522
jid_895083,63299.0,570.0,1,687,9620,11168,11856,JobState.COMPLETED,0,176.53061224489812,176.53061224489795,121276.53061224501
jid_895083,63299.0,570.0,1,688,9620,11287,11976,JobState.COMPLETED,0,176.53061224489812,176.53061224489795,121453.06122448991
jid_895083,63299.0,570.0,1,688,9620,11430,12119,JobState.COMPLETED,0,176.53061224489812,176.53061224489795,121453.06122448991
jid_895083,63299.0,570.0,1,689,9620,11470,12160,JobState.COMPLETED,0,176.53061224489812,176.53061224489795,121629.5918367348
jid_895083,63299.0,570.0,1,690,9620,11555,12246,JobState.COMPLETED,0,176.53061224489815,176.53061224489795,121806.12244897973
jid_895446,34.0,483.0,3,5,12107,12246,12252,JobState.COMPLETED,0,176.53061224489795,176.53061224489795,2647.9591836734694
jid_895083,63299.0,570.0,1,685,9620,11640,12326,JobState.COMPLETED,0,176.53061224489812,176.53061224489795,120923.46938775522
jid_895083,63299.0,570.0,1,690,9620,11799,12490,JobState.COMPLETED,0,176.53061224489815,176.53061224489795,121806.12244897973
jid_895083,63299.0,570.0,1,690,9620,11808,12499,JobState.COMPLETED,0,176.53061224489815,176.53061224489795,121806.12244897973
jid_895472,34.0,483.0,3,2,12316,12499,12502,JobState.COMPLETED,0,176.53061224489795,176.53061224489795,1059.1836734693877
jid_895083,63299.0,570.0,1,689,9620,11856,12546,JobState.COMPLETED,0,176.53061224489812,176.53061224489795,121629.5918367348
jid_895083,63299.0,570.0,1,691,9620,11976,12668,JobState.COMPLETED,0,176.53061224489815,176.53061224489795,121982.65306122463
jid_895083,63299.0,570.0,1,688,9620,12252,12941,JobState.COMPLETED,0,176.53061224489812,176.53061224489795,121453.06122448991
jid_895083,63299.0,570.0,1,691,9620,12252,12944,JobState.COMPLETED,0,176.53061224489815,176.53061224489795,121982.65306122463
jid_895083,63299.0,570.0,1,691,9620,12252,12944,JobState.COMPLETED,0,176.53061224489815,176.53061224489795,121982.65306122463
jid_895083,63299.0,570.0,1,690,9620,12502,13193,JobState.COMPLETED,0,176.53061224489815,176.53061224489795,121806.12244897973
jid_895083,63299.0,570.0,1,691,9620,12502,13194,JobState.COMPLETED,0,176.53061224489815,176.53061224489795,121982.65306122463
jid_895083,63299.0,570.0,1,692,9620,12502,13195,JobState.COMPLETED,0,176.53061224489815,176.53061224489795,122159.18367346952
jid_895083,63299.0,570.0,1,692,9620,12546,13239,JobState.COMPLETED,0,176.53061224489815,176.53061224489795,122159.18367346952
jid_895083,63299.0,570.0,1,689,9620,12668,13358,JobState.COMPLETED,0,176.53061224489812,176.53061224489795,121629.5918367348
jid_895083,63299.0,570.0,1,618,9620,12941,13560,JobState.COMPLETED,0,176.53061224489812,176.53061224489795,109095.91836734704
jid_895083,63299.0,570.0,1,692,9620,12944,13637,JobState.COMPLETED,0,176.53061224489815,176.53061224489795,122159.18367346952
jid_895083,63299.0,570.0,1,694,9620,12944,13639,JobState.COMPLETED,0,176.53061224489815,176.53061224489795,122512.24489795932
jid_895083,63299.0,570.0,1,693,9620,13193,13887,JobState.COMPLETED,0,176.53061224489815,176.53061224489795,122335.71428571442
jid_895083,63299.0,570.0,1,694,9620,13194,13889,JobState.COMPLETED,0,176.53061224489815,176.53061224489795,122512.24489795932
jid_895083,63299.0,570.0,1,695,9620,13195,13891,JobState.COMPLETED,0,176.53061224489815,176.53061224489795,122688.77551020421
jid_895083,63299.0,570.0,1,691,9620,13239,13931,JobState.COMPLETED,0,176.53061224489815,176.53061224489795,121982.65306122463
jid_895083,63299.0,570.0,1,693,9620,13358,14052,JobState.COMPLETED,0,176.53061224489815,176.53061224489795,122335.71428571442
jid_895083,63299.0,570.0,1,695,9620,13560,14256,JobState.COMPLETED,0,176.53061224489815,176.53061224489795,122688.77551020421
jid_895083,63299.0,570.0,1,695,9620,13637,14333,JobState.COMPLETED,0,176.53061224489815,176.53061224489795,122688.77551020421
jid_895083,63299.0,570.0,1,695,9620,13639,14335,JobState.COMPLETED,0,176.53061224489815,176.53061224489795,122688.77551020421
jid_895801,71038.0,736.0,1,2,14273,14333,14336,JobState.COMPLETED,0,176.53061224489795,176.53061224489795,353.0612244897959
jid_895083,63299.0,570.0,1,695,9620,13887,14583,JobState.COMPLETED,0,176.53061224489815,176.53061224489795,122688.77551020421
jid_895083,63299.0,570.0,1,696,9620,13889,14586,JobState.COMPLETED,0,176.53061224489815,176.53061224489795,122865.30612244911
jid_895083,63299.0,570.0,1,694,9620,13891,14586,JobState.COMPLETED,0,176.53061224489815,176.53061224489795,122512.24489795932
jid_895083,63299.0,570.0,1,696,9620,13931,14628,JobState.COMPLETED,0,176.53061224489815,176.53061224489795,122865.30612244911
jid_895860,71038.0,736.0,1,1,14601,14628,14630,JobState.COMPLETED,0,176.53061224489795,176.53061224489795,176.53061224489795
jid_895083,63299.0,570.0,1,691,9620,14052,14744,JobState.COMPLETED,0,176.53061224489815,176.53061224489795,121982.65306122463
jid_895874,71038.0,736.0,1,2,14723,14744,14747,JobState.COMPLETED,0,176.53061224489795,176.53061224489795,353.0612244897959
jid_895083,63299.0,570.0,1,696,9620,14256,14953,JobState.COMPLETED,0,176.53061224489815,176.53061224489795,122865.30612244911
jid_895882,71038.0,736.0,1,2,14815,14953,14956,JobState.COMPLETED,0,176.53061224489795,176.53061224489795,353.0612244897959
jid_895083,63299.0,570.0,1,694,9620,14336,15031,JobState.COMPLETED,0,176.53061224489815,176.53061224489795,122512.24489795932
jid_895083,63299.0,570.0,1,697,9620,14335,15033,JobState.COMPLETED,0,176.53061224489815,176.53061224489795,123041.836734694
jid_895083,63299.0,570.0,1,697,9620,14583,15281,JobState.COMPLETED,0,176.53061224489815,176.53061224489795,123041.836734694
jid_895083,63299.0,570.0,1,698,9620,14586,15285,JobState.COMPLETED,0,176.53061224489815,176.53061224489795,123218.3673469389
jid_895083,63299.0,570.0,1,700,9620,14586,15287,JobState.COMPLETED,0,176.53061224489815,176.53061224489795,123571.42857142871
jid_895083,63299.0,570.0,1,694,9620,14630,15325,JobState.COMPLETED,0,176.53061224489815,176.53061224489795,122512.24489795932
jid_895083,63299.0,570.0,1,695,9620,14747,15443,JobState.COMPLETED,0,176.53061224489815,176.53061224489795,122688.77551020421
jid_895083,63299.0,570.0,1,700,9620,14956,15657,JobState.COMPLETED,0,176.53061224489815,176.53061224489795,123571.42857142871
jid_895083,63299.0,570.0,1,701,9620,15031,15733,JobState.COMPLETED,0,176.53061224489815,176.53061224489795,123747.9591836736
jid_895083,63299.0,570.0,1,705,9620,15033,15739,JobState.COMPLETED,0,176.53061224489815,176.53061224489795,124454.0816326532
jid_895083,63299.0,570.0,1,703,9620,15281,15985,JobState.COMPLETED,0,176.53061224489815,176.53061224489795,124101.0204081634
jid_895083,63299.0,570.0,1,708,9620,15285,15994,JobState.COMPLETED,0,176.53061224489815,176.53061224489795,124983.6734693879
jid_895083,63299.0,570.0,1,707,9620,15287,15995,JobState.COMPLETED,0,176.53061224489815,176.53061224489795,124807.14285714299
jid_895083,63299.0,570.0,1,711,9620,15325,16037,JobState.COMPLETED,0,176.53061224489815,176.53061224489795,125513.26530612259
jid_895083,63299.0,570.0,1,704,9620,15443,16148,JobState.COMPLETED,0,176.53061224489815,176.53061224489795,124277.5510204083
jid_895083,63299.0,570.0,1,713,9620,15657,16371,JobState.COMPLETED,0,176.53061224489815,176.53061224489795,125866.32653061238
jid_895083,63299.0,570.0,1,716,9620,15733,16450,JobState.COMPLETED,0,176.53061224489815,176.53061224489795,126395.91836734708
jid_895083,63299.0,570.0,1,718,9620,15739,16458,JobState.COMPLETED,0,176.53061224489815,176.53061224489795,126748.97959183688
jid_895083,63299.0,570.0,1,719,9620,15985,16705,JobState.COMPLETED,0,176.53061224489815,176.53061224489795,126925.51020408177
jid_895083,63299.0,570.0,1,720,9620,15994,16715,JobState.COMPLETED,0,176.53061224489815,176.53061224489795,127102.04081632667
jid_895083,63299.0,570.0,1,719,9620,15995,16715,JobState.COMPLETED,0,176.53061224489815,176.53061224489795,126925.51020408177
jid_895083,63299.0,570.0,1,721,9620,16037,16759,JobState.COMPLETED,0,176.53061224489815,176.53061224489795,127278.57142857157
jid_895083,63299.0,570.0,1,726,9620,16148,16875,JobState.COMPLETED,0,176.53061224489815,176.53061224489795,128161.22448979606
jid_895083,63299.0,570.0,1,729,9620,16371,17101,JobState.COMPLETED,0,176.53061224489815,176.53061224489795,128690.81632653075
jid_895083,63299.0,570.0,1,728,9620,16450,17179,JobState.COMPLETED,0,176.53061224489815,176.53061224489795,128514.28571428586
jid_895083,63299.0,570.0,1,727,9620,16458,17186,JobState.COMPLETED,0,176.53061224489815,176.53061224489795,128337.75510204096
jid_895083,63299.0,570.0,1,731,9620,16705,17437,JobState.COMPLETED,0,176.53061224489815,176.53061224489795,129043.87755102055
jid_895083,63299.0,570.0,1,731,9620,16715,17447,JobState.COMPLETED,0,176.53061224489815,176.53061224489795,129043.87755102055
jid_895083,63299.0,570.0,1,732,9620,16715,17448,JobState.COMPLETED,0,176.53061224489815,176.53061224489795,129220.40816326544
jid_895083,63299.0,570.0,1,733,9620,16759,17493,JobState.COMPLETED,0,176.53061224489815,176.53061224489795,129396.93877551034
jid_895083,63299.0,570.0,1,729,9620,16875,17605,JobState.COMPLETED,0,176.53061224489815,176.53061224489795,128690.81632653075
jid_895083,63299.0,570.0,1,733,9620,17101,17835,JobState.COMPLETED,0,176.53061224489815,176.53061224489795,129396.93877551034
jid_895083,63299.0,570.0,1,725,9620,17179,17905,JobState.COMPLETED,0,176.53061224489815,176.53061224489795,127984.69387755117
jid_895083,63299.0,570.0,1,738,9620,17186,17925,JobState.COMPLETED,0,176.53061224489815,176.53061224489795,130279.59183673483
jid_895083,63299.0,570.0,1,739,9620,17437,18177,JobState.COMPLETED,0,176.53061224489815,176.53061224489795,130456.12244897973
jid_895083,63299.0,570.0,1,743,9620,17447,18191,JobState.COMPLETED,0,176.53061224489815,176.53061224489795,131162.24489795932
jid_895083,63299.0,570.0,1,746,9620,17448,18195,JobState.COMPLETED,0,176.53061224489815,176.53061224489795,131691.83673469402
jid_895083,63299.0,570.0,1,749,9620,17493,18243,JobState.COMPLETED,0,176.53061224489815,176.53061224489795,132221.42857142873
jid_895083,63299.0,570.0,1,746,9620,17605,18352,JobState.COMPLETED,0,176.53061224489815,176.53061224489795,131691.83673469402
jid_895083,63299.0,570.0,1,754,9620,17835,18590,JobState.COMPLETED,0,176.53061224489815,176.53061224489795,133104.0816326532
jid_895289,63299.0,570.0,1,1,11316,18590,18592,JobState.COMPLETED,0,176.53061224489795,176.53061224489795,176.53061224489795
jid_895289,63299.0,570.0,1,1,11316,18592,18594,JobState.COMPLETED,0,176.53061224489795,176.53061224489795,176.53061224489795
jid_895289,63299.0,570.0,1,2,11316,18594,18597,JobState.COMPLETED,0,176.53061224489795,176.53061224489795,353.0612244897959
jid_895289,63299.0,570.0,1,1,11316,18597,18599,JobState.COMPLETED,0,176.53061224489795,176.53061224489795,176.53061224489795
jid_895289,63299.0,570.0,1,2,11316,18599,18602,JobState.COMPLETED,0,176.53061224489795,176.53061224489795,353.0612244897959
jid_895289,63299.0,570.0,1,1,11316,18602,18604,JobState.COMPLETED,0,176.53061224489795,176.53061224489795,176.53061224489795
jid_895289,63299.0,570.0,1,2,11316,18604,18607,JobState.COMPLETED,0,176.53061224489795,176.53061224489795,353.0612244897959
jid_895289,63299.0,570.0,1,2,11316,18607,18610,JobState.COMPLETED,0,176.53061224489795,176.53061224489795,353.0612244897959
jid_895289,63299.0,570.0,1,2,11316,18610,18613,JobState.COMPLETED,0,176.53061224489795,176.53061224489795,353.0612244897959
jid_895289,63299.0,570.0,1,1,11316,18613,18615,JobState.COMPLETED,0,176.53061224489795,176.53061224489795,176.53061224489795
jid_895289,63299.0,570.0,1,1,11316,18615,18617,JobState.COMPLETED,0,176.53061224489795,176.53061224489795,176.53061224489795
jid_895289,63299.0,570.0,1,2,11316,18617,18620,JobState.COMPLETED,0,176.53061224489795,176.53061224489795,353.0612244897959
jid_895289,63299.0,570.0,1,2,11316,18620,18623,JobState.COMPLETED,0,176.53061224489795,176.53061224489795,353.0612244897959
jid_895289,63299.0,570.0,1,1,11316,18623,18625,JobState.COMPLETED,0,176.53061224489795,176.53061224489795,176.53061224489795
jid_895289,63299.0,570.0,1,1,11316,18625,18627,JobState.COMPLETED,0,176.53061224489795,176.53061224489795,176.53061224489795
jid_895289,63299.0,570.0,1,2,11316,18627,18630,JobState.COMPLETED,0,176.53061224489795,176.53061224489795,353.0612244897959
jid_895289,63299.0,570.0,1,1,11316,18630,18632,JobState.COMPLETED,0,176.53061224489795,176.53061224489795,176.53061224489795
jid_895289,63299.0,570.0,1,1,11316,18632,18634,JobState.COMPLETED,0,176.53061224489795,176.53061224489795,176.53061224489795
jid_895289,63299.0,570.0,1,1,11316,18634,18636,JobState.COMPLETED,0,176.53061224489795,176.53061224489795,176.53061224489795
jid_895289,63299.0,570.0,1,1,11316,18636,18638,JobState.COMPLETED,0,176.53061224489795,176.53061224489795,176.53061224489795
jid_895289,63299.0,570.0,1,1,11316,18638,18640,JobState.COMPLETED,0,176.53061224489795,176.53061224489795,176.53061224489795
jid_895289,63299.0,570.0,1,1,11316,18640,18642,JobState.COMPLETED,0,176.53061224489795,176.53061224489795,176.53061224489795
jid_895289,63299.0,570.0,1,1,11316,18642,18644,JobState.COMPLETED,0,176.53061224489795,176.53061224489795,176.53061224489795
jid_895289,63299.0,570.0,1,2,11316,18644,18647,JobState.COMPLETED,0,176.53061224489795,176.53061224489795,353.0612244897959
jid_895289,63299.0,570.0,1,1,11316,18647,18649,JobState.COMPLETED,0,176.53061224489795,176.53061224489795,176.53061224489795
jid_895083,63299.0,570.0,1,744,9620,17905,18650,JobState.COMPLETED,0,176.53061224489815,176.53061224489795,131338.77551020423
jid_895289,63299.0,570.0,1,2,11316,18649,18652,JobState.COMPLETED,0,176.53061224489795,176.53061224489795,353.0612244897959
jid_895289,63299.0,570.0,1,2,11316,18650,18653,JobState.COMPLETED,0,176.53061224489795,176.53061224489795,353.0612244897959
jid_895289,63299.0,570.0,1,1,11316,18652,18654,JobState.COMPLETED,0,176.53061224489795,176.53061224489795,176.53061224489795
jid_895289,63299.0,570.0,1,2,11316,18653,18656,JobState.COMPLETED,0,176.53061224489795,176.53061224489795,353.0612244897959
jid_895289,63299.0,570.0,1,1,11316,18654,18656,JobState.COMPLETED,0,176.53061224489795,176.53061224489795,176.53061224489795
jid_895289,63299.0,570.0,1,1,11316,18656,18658,JobState.COMPLETED,0,176.53061224489795,176.53061224489795,176.53061224489795
jid_895289,63299.0,570.0,1,1,11316,18656,18658,JobState.COMPLETED,0,176.53061224489795,176.53061224489795,176.53061224489795
jid_895289,63299.0,570.0,1,1,11316,18658,18660,JobState.COMPLETED,0,176.53061224489795,176.53061224489795,176.53061224489795
jid_895289,63299.0,570.0,1,1,11316,18658,18660,JobState.COMPLETED,0,176.53061224489795,176.53061224489795,176.53061224489795
jid_895289,63299.0,570.0,1,1,11316,18660,18662,JobState.COMPLETED,0,176.53061224489795,176.53061224489795,176.53061224489795
jid_895289,63299.0,570.0,1,1,11316,18660,18662,JobState.COMPLETED,0,176.53061224489795,176.53061224489795,176.53061224489795
jid_895289,63299.0,570.0,1,2,11316,18662,18665,JobState.COMPLETED,0,176.53061224489795,176.53061224489795,353.0612244897959
jid_895289,63299.0,570.0,1,2,11316,18662,18665,JobState.COMPLETED,0,176.53061224489795,176.53061224489795,353.0612244897959
jid_895289,63299.0,570.0,1,1,11316,18665,18667,JobState.COMPLETED,0,176.53061224489795,176.53061224489795,176.53061224489795
jid_895289,63299.0,570.0,1,1,11316,18665,18667,JobState.COMPLETED,0,176.53061224489795,176.53061224489795,176.53061224489795
jid_895289,63299.0,570.0,1,1,11316,18667,18669,JobState.COMPLETED,0,176.53061224489795,176.53061224489795,176.53061224489795
jid_895289,63299.0,570.0,1,2,11316,18667,18670,JobState.COMPLETED,0,176.53061224489795,176.53061224489795,353.0612244897959
jid_895289,63299.0,570.0,1,1,11316,18669,18671,JobState.COMPLETED,0,176.53061224489795,176.53061224489795,176.53061224489795
jid_895289,63299.0,570.0,1,2,11316,18670,18673,JobState.COMPLETED,0,176.53061224489795,176.53061224489795,353.0612244897959
jid_895289,63299.0,570.0,1,2,11316,18671,18674,JobState.COMPLETED,0,176.53061224489795,176.53061224489795,353.0612244897959
jid_895289,63299.0,570.0,1,2,11316,18673,18676,JobState.COMPLETED,0,176.53061224489795,176.53061224489795,353.0612244897959
jid_895289,63299.0,570.0,1,2,11316,18674,18677,JobState.COMPLETED,0,176.53061224489795,176.53061224489795,353.0612244897959
jid_895289,63299.0,570.0,1,2,11316,18676,18679,JobState.COMPLETED,0,176.53061224489795,176.53061224489795,353.0612244897959
jid_895289,63299.0,570.0,1,2,11316,18677,18680,JobState.COMPLETED,0,176.53061224489795,176.53061224489795,353.0612244897959
jid_895289,63299.0,570.0,1,1,11316,18679,18681,JobState.COMPLETED,0,176.53061224489795,176.53061224489795,176.53061224489795
jid_895289,63299.0,570.0,1,2,11316,18680,18683,JobState.COMPLETED,0,176.53061224489795,176.53061224489795,353.0612244897959
jid_895289,63299.0,570.0,1,2,11316,18681,18684,JobState.COMPLETED,0,176.53061224489795,176.53061224489795,353.0612244897959
jid_895083,63299.0,570.0,1,759,9620,17925,18685,JobState.COMPLETED,0,176.53061224489815,176.53061224489795,133986.7346938777
jid_895289,63299.0,570.0,1,2,11316,18683,18686,JobState.COMPLETED,0,176.53061224489795,176.53061224489795,353.0612244897959
jid_895289,63299.0,570.0,1,2,11316,18684,18687,JobState.COMPLETED,0,176.53061224489795,176.53061224489795,353.0612244897959
jid_895289,63299.0,570.0,1,2,11316,18685,18688,JobState.COMPLETED,0,176.53061224489795,176.53061224489795,353.0612244897959
jid_895289,63299.0,570.0,1,1,11316,18686,18688,JobState.COMPLETED,0,176.53061224489795,176.53061224489795,176.53061224489795
jid_895289,63299.0,570.0,1,2,11316,18687,18690,JobState.COMPLETED,0,176.53061224489795,176.53061224489795,353.0612244897959
jid_895289,63299.0,570.0,1,1,11316,18688,18690,JobState.COMPLETED,0,176.53061224489795,176.53061224489795,176.53061224489795
jid_895289,63299.0,570.0,1,2,11316,18688,18691,JobState.COMPLETED,0,176.53061224489795,176.53061224489795,353.0612244897959
jid_895289,63299.0,570.0,1,2,11316,18690,18693,JobState.COMPLETED,0,176.53061224489795,176.53061224489795,353.0612244897959
jid_895289,63299.0,570.0,1,2,11316,18690,18693,JobState.COMPLETED,0,176.53061224489795,176.53061224489795,353.0612244897959
jid_895289,63299.0,570.0,1,2,11316,18691,18694,JobState.COMPLETED,0,176.53061224489795,176.53061224489795,353.0612244897959
jid_895289,63299.0,570.0,1,1,11316,18693,18695,JobState.COMPLETED,0,176.53061224489795,176.53061224489795,176.53061224489795
jid_895289,63299.0,570.0,1,1,11316,18693,18695,JobState.COMPLETED,0,176.53061224489795,176.53061224489795,176.53061224489795
jid_895289,63299.0,570.0,1,1,11316,18694,18696,JobState.COMPLETED,0,176.53061224489795,176.53061224489795,176.53061224489795
jid_895289,63299.0,570.0,1,1,11316,18695,18697,JobState.COMPLETED,0,176.53061224489795,176.53061224489795,176.53061224489795
jid_895289,63299.0,570.0,1,2,11316,18695,18698,JobState.COMPLETED,0,176.53061224489795,176.53061224489795,353.0612244897959
jid_895289,63299.0,570.0,1,1,11316,18696,18698,JobState.COMPLETED,0,176.53061224489795,176.53061224489795,176.53061224489795
jid_895289,63299.0,570.0,1,2,11316,18697,18700,JobState.COMPLETED,0,176.53061224489795,176.53061224489795,353.0612244897959
jid_895289,63299.0,570.0,1,1,11316,18698,18700,JobState.COMPLETED,0,176.53061224489795,176.53061224489795,176.53061224489795
jid_895289,63299.0,570.0,1,1,11316,18698,18700,JobState.COMPLETED,0,176.53061224489795,176.53061224489795,176.53061224489795
jid_895289,63299.0,570.0,1,1,11316,18700,18702,JobState.COMPLETED,0,176.53061224489795,176.53061224489795,176.53061224489795
jid_895289,63299.0,570.0,1,1,11316,18700,18702,JobState.COMPLETED,0,176.53061224489795,176.53061224489795,176.53061224489795
jid_895289,63299.0,570.0,1,2,11316,18700,18703,JobState.COMPLETED,0,176.53061224489795,176.53061224489795,353.0612244897959
jid_895289,63299.0,570.0,1,1,11316,18702,18704,JobState.COMPLETED,0,176.53061224489795,176.53061224489795,176.53061224489795
jid_895289,63299.0,570.0,1,1,11316,18702,18704,JobState.COMPLETED,0,176.53061224489795,176.53061224489795,176.53061224489795
jid_895289,63299.0,570.0,1,1,11316,18703,18705,JobState.COMPLETED,0,176.53061224489795,176.53061224489795,176.53061224489795
jid_895289,63299.0,570.0,1,1,11316,18704,18706,JobState.COMPLETED,0,176.53061224489795,176.53061224489795,176.53061224489795
jid_895289,63299.0,570.0,1,1,11316,18704,18706,JobState.COMPLETED,0,176.53061224489795,176.53061224489795,176.53061224489795
jid_895289,63299.0,570.0,1,2,11316,18705,18708,JobState.COMPLETED,0,176.53061224489795,176.53061224489795,353.0612244897959
jid_895289,63299.0,570.0,1,1,11316,18706,18708,JobState.COMPLETED,0,176.53061224489795,176.53061224489795,176.53061224489795
jid_895289,63299.0,570.0,1,2,11316,18706,18709,JobState.COMPLETED,0,176.53061224489795,176.53061224489795,353.0612244897959
jid_895289,63299.0,570.0,1,1,11316,18708,18710,JobState.COMPLETED,0,176.53061224489795,176.53061224489795,176.53061224489795
jid_895289,63299.0,570.0,1,2,11316,18708,18711,JobState.COMPLETED,0,176.53061224489795,176.53061224489795,353.0612244897959
jid_895289,63299.0,570.0,1,2,11316,18709,18712,JobState.COMPLETED,0,176.53061224489795,176.53061224489795,353.0612244897959
jid_895289,63299.0,570.0,1,2,11316,18710,18713,JobState.COMPLETED,0,176.53061224489795,176.53061224489795,353.0612244897959
jid_895289,63299.0,570.0,1,1,11316,18711,18713,JobState.COMPLETED,0,176.53061224489795,176.53061224489795,176.53061224489795
jid_895289,63299.0,570.0,1,2,11316,18712,18715,JobState.COMPLETED,0,176.53061224489795,176.53061224489795,353.0612244897959
jid_895289,63299.0,570.0,1,1,11316,18713,18715,JobState.COMPLETED,0,176.53061224489795,176.53061224489795,176.53061224489795
jid_895289,63299.0,570.0,1,2,11316,18713,18716,JobState.COMPLETED,0,176.53061224489795,176.53061224489795,353.0612244897959
jid_895289,63299.0,570.0,1,1,11316,18715,18717,JobState.COMPLETED,0,176.53061224489795,176.53061224489795,176.53061224489795
jid_895289,63299.0,570.0,1,2,11316,18715,18718,JobState.COMPLETED,0,176.53061224489795,176.53061224489795,353.0612244897959
jid_895289,63299.0,570.0,1,1,11316,18716,18718,JobState.COMPLETED,0,176.53061224489795,176.53061224489795,176.53061224489795
jid_895289,63299.0,570.0,1,1,11316,18717,18719,JobState.COMPLETED,0,176.53061224489795,176.53061224489795,176.53061224489795
jid_895289,63299.0,570.0,1,2,11316,18718,18721,JobState.COMPLETED,0,176.53061224489795,176.53061224489795,353.0612244897959
jid_895289,63299.0,570.0,1,2,11316,18718,18721,JobState.COMPLETED,0,176.53061224489795,176.53061224489795,353.0612244897959
jid_895289,63299.0,570.0,1,1,11316,18719,18721,JobState.COMPLETED,0,176.53061224489795,176.53061224489795,176.53061224489795
jid_895289,63299.0,570.0,1,2,11316,18721,18724,JobState.COMPLETED,0,176.53061224489795,176.53061224489795,353.0612244897959
jid_895289,63299.0,570.0,1,2,11316,18721,18724,JobState.COMPLETED,0,176.53061224489795,176.53061224489795,353.0612244897959
jid_895289,63299.0,570.0,1,2,11316,18721,18724,JobState.COMPLETED,0,176.53061224489795,176.53061224489795,353.0612244897959
jid_895289,63299.0,570.0,1,1,11316,18724,18726,JobState.COMPLETED,0,176.53061224489795,176.53061224489795,176.53061224489795
jid_895289,63299.0,570.0,1,1,11316,18724,18726,JobState.COMPLETED,0,176.53061224489795,176.53061224489795,176.53061224489795
jid_895289,63299.0,570.0,1,2,11316,18724,18727,JobState.COMPLETED,0,176.53061224489795,176.53061224489795,353.0612244897959
jid_895289,63299.0,570.0,1,1,11316,18726,18728,JobState.COMPLETED,0,176.53061224489795,176.53061224489795,176.53061224489795
jid_895289,63299.0,570.0,1,2,11316,18726,18729,JobState.COMPLETED,0,176.53061224489795,176.53061224489795,353.0612244897959
jid_895289,63299.0,570.0,1,1,11316,18727,18729,JobState.COMPLETED,0,176.53061224489795,176.53061224489795,176.53061224489795
jid_895289,63299.0,570.0,1,1,11316,18728,18730,JobState.COMPLETED,0,176.53061224489795,176.53061224489795,176.53061224489795
jid_895289,63299.0,570.0,1,1,11316,18729,18731,JobState.COMPLETED,0,176.53061224489795,176.53061224489795,176.53061224489795
jid_895289,63299.0,570.0,1,2,11316,18729,18732,JobState.COMPLETED,0,176.53061224489795,176.53061224489795,353.0612244897959
jid_895289,63299.0,570.0,1,1,11316,18730,18732,JobState.COMPLETED,0,176.53061224489795,176.53061224489795,176.53061224489795
jid_895289,63299.0,570.0,1,1,11316,18731,18733,JobState.COMPLETED,0,176.53061224489795,176.53061224489795,176.53061224489795
jid_895289,63299.0,570.0,1,1,11316,18732,18734,JobState.COMPLETED,0,176.53061224489795,176.53061224489795,176.53061224489795
jid_895289,63299.0,570.0,1,2,11316,18732,18735,JobState.COMPLETED,0,176.53061224489795,176.53061224489795,353.0612244897959
jid_895289,63299.0,570.0,1,2,11316,18733,18736,JobState.COMPLETED,0,176.53061224489795,176.53061224489795,353.0612244897959
jid_895289,63299.0,570.0,1,1,11316,18734,18736,JobState.COMPLETED,0,176.53061224489795,176.53061224489795,176.53061224489795
jid_895289,63299.0,570.0,1,1,11316,18735,18737,JobState.COMPLETED,0,176.53061224489795,176.53061224489795,176.53061224489795
jid_895289,63299.0,570.0,1,1,11316,18736,18738,JobState.COMPLETED,0,176.53061224489795,176.53061224489795,176.53061224489795
jid_895289,63299.0,570.0,1,2,11316,18736,18739,JobState.COMPLETED,0,176.53061224489795,176.53061224489795,353.0612244897959
jid_895289,63299.0,570.0,1,1,11316,18737,18739,JobState.COMPLETED,0,176.53061224489795,176.53061224489795,176.53061224489795
jid_895289,63299.0,570.0,1,2,11316,18738,18741,JobState.COMPLETED,0,176.53061224489795,176.53061224489795,353.0612244897959
jid_895289,63299.0,570.0,1,1,11316,18739,18741,JobState.COMPLETED,0,176.53061224489795,176.53061224489795,176.53061224489795
jid_895289,63299.0,570.0,1,2,11316,18739,18742,JobState.COMPLETED,0,176.53061224489795,176.53061224489795,353.0612244897959
jid_895289,63299.0,570.0,1,1,11316,18741,18743,JobState.COMPLETED,0,176.53061224489795,176.53061224489795,176.53061224489795
jid_895289,63299.0,570.0,1,2,11316,18741,18744,JobState.COMPLETED,0,176.53061224489795,176.53061224489795,353.0612244897959
jid_895289,63299.0,570.0,1,1,11316,18742,18744,JobState.COMPLETED,0,176.53061224489795,176.53061224489795,176.53061224489795
jid_895289,63299.0,570.0,1,2,11316,18743,18746,JobState.COMPLETED,0,176.53061224489795,176.53061224489795,353.0612244897959
jid_895289,63299.0,570.0,1,1,11316,18744,18746,JobState.COMPLETED,0,176.53061224489795,176.53061224489795,176.53061224489795
jid_895289,63299.0,570.0,1,2,11316,18744,18747,JobState.COMPLETED,0,176.53061224489795,176.53061224489795,353.0612244897959
jid_895289,63299.0,570.0,1,1,11316,18746,18748,JobState.COMPLETED,0,176.53061224489795,176.53061224489795,176.53061224489795
jid_895289,63299.0,570.0,1,2,11316,18746,18749,JobState.COMPLETED,0,176.53061224489795,176.53061224489795,353.0612244897959
jid_895289,63299.0,570.0,1,2,11316,18747,18750,JobState.COMPLETED,0,176.53061224489795,176.53061224489795,353.0612244897959
jid_895289,63299.0,570.0,1,1,11316,18748,18750,JobState.COMPLETED,0,176.53061224489795,176.53061224489795,176.53061224489795
jid_895289,63299.0,570.0,1,1,11316,18749,18751,JobState.COMPLETED,0,176.53061224489795,176.53061224489795,176.53061224489795
jid_895289,63299.0,570.0,1,1,11316,18750,18752,JobState.COMPLETED,0,176.53061224489795,176.53061224489795,176.53061224489795
jid_895289,63299.0,570.0,1,2,11316,18750,18753,JobState.COMPLETED,0,176.53061224489795,176.53061224489795,353.0612244897959
jid_895289,63299.0,570.0,1,1,11316,18751,18753,JobState.COMPLETED,0,176.53061224489795,176.53061224489795,176.53061224489795
jid_895289,63299.0,570.0,1,1,11316,18752,18754,JobState.COMPLETED,0,176.53061224489795,176.53061224489795,176.53061224489795
jid_895289,63299.0,570.0,1,1,11316,18753,18755,JobState.COMPLETED,0,176.53061224489795,176.53061224489795,176.53061224489795
jid_895289,63299.0,570.0,1,2,11316,18753,18756,JobState.COMPLETED,0,176.53061224489795,176.53061224489795,353.0612244897959
jid_895289,63299.0,570.0,1,1,11316,18754,18756,JobState.COMPLETED,0,176.53061224489795,176.53061224489795,176.53061224489795
jid_895289,63299.0,570.0,1,1,11316,18755,18757,JobState.COMPLETED,0,176.53061224489795,176.53061224489795,176.53061224489795
jid_895289,63299.0,570.0,1,1,11316,18756,18758,JobState.COMPLETED,0,176.53061224489795,176.53061224489795,176.53061224489795
jid_895289,63299.0,570.0,1,2,11316,18756,18759,JobState.COMPLETED,0,176.53061224489795,176.53061224489795,353.0612244897959
jid_895289,63299.0,570.0,1,2,11316,18757,18760,JobState.COMPLETED,0,176.53061224489795,176.53061224489795,353.0612244897959
jid_895289,63299.0,570.0,1,2,11316,18758,18761,JobState.COMPLETED,0,176.53061224489795,176.53061224489795,353.0612244897959
jid_895289,63299.0,570.0,1,2,11316,18759,18762,JobState.COMPLETED,0,176.53061224489795,176.53061224489795,353.0612244897959
jid_895289,63299.0,570.0,1,2,11316,18760,18763,JobState.COMPLETED,0,176.53061224489795,176.53061224489795,353.0612244897959
jid_895289,63299.0,570.0,1,2,11316,18761,18764,JobState.COMPLETED,0,176.53061224489795,176.53061224489795,353.0612244897959
jid_895289,63299.0,570.0,1,1,11316,18762,18764,JobState.COMPLETED,0,176.53061224489795,176.53061224489795,176.53061224489795
jid_895289,63299.0,570.0,1,2,11316,18763,18766,JobState.COMPLETED,0,176.53061224489795,176.53061224489795,353.0612244897959
jid_895289,63299.0,570.0,1,1,11316,18764,18766,JobState.COMPLETED,0,176.53061224489795,176.53061224489795,176.53061224489795
jid_895289,63299.0,570.0,1,2,11316,18764,18767,JobState.COMPLETED,0,176.53061224489795,176.53061224489795,353.0612244897959
jid_895289,63299.0,570.0,1,1,11316,18766,18768,JobState.COMPLETED,0,176.53061224489795,176.53061224489795,176.53061224489795
jid_895289,63299.0,570.0,1,2,11316,18766,18769,JobState.COMPLETED,0,176.53061224489795,176.53061224489795,353.0612244897959
jid_895289,63299.0,570.0,1,1,11316,18767,18769,JobState.COMPLETED,0,176.53061224489795,176.53061224489795,176.53061224489795
jid_895289,63299.0,570.0,1,1,11316,18768,18770,JobState.COMPLETED,0,176.53061224489795,176.53061224489795,176.53061224489795
jid_895289,63299.0,570.0,1,2,11316,18769,18772,JobState.COMPLETED,0,176.53061224489795,176.53061224489795,353.0612244897959
jid_895289,63299.0,570.0,1,2,11316,18769,18772,JobState.COMPLETED,0,176.53061224489795,176.53061224489795,353.0612244897959
jid_895289,63299.0,570.0,1,2,11316,18770,18773,JobState.COMPLETED,0,176.53061224489795,176.53061224489795,353.0612244897959
jid_895289,63299.0,570.0,1,1,11316,18772,18774,JobState.COMPLETED,0,176.53061224489795,176.53061224489795,176.53061224489795
jid_895289,63299.0,570.0,1,2,11316,18772,18775,JobState.COMPLETED,0,176.53061224489795,176.53061224489795,353.0612244897959
jid_895289,63299.0,570.0,1,2,11316,18773,18776,JobState.COMPLETED,0,176.53061224489795,176.53061224489795,353.0612244897959
jid_895289,63299.0,570.0,1,2,11316,18774,18777,JobState.COMPLETED,0,176.53061224489795,176.53061224489795,353.0612244897959
jid_895289,63299.0,570.0,1,1,11316,18775,18777,JobState.COMPLETED,0,176.53061224489795,176.53061224489795,176.53061224489795
jid_895289,63299.0,570.0,1,2,11316,18776,18779,JobState.COMPLETED,0,176.53061224489795,176.53061224489795,353.0612244897959
jid_895289,63299.0,570.0,1,1,11316,18777,18779,JobState.COMPLETED,0,176.53061224489795,176.53061224489795,176.53061224489795
jid_895289,63299.0,570.0,1,2,11316,18777,18780,JobState.COMPLETED,0,176.53061224489795,176.53061224489795,353.0612244897959
jid_895289,63299.0,570.0,1,1,11316,18779,18781,JobState.COMPLETED,0,176.53061224489795,176.53061224489795,176.53061224489795
jid_895289,63299.0,570.0,1,2,11316,18779,18782,JobState.COMPLETED,0,176.53061224489795,176.53061224489795,353.0612244897959
jid_895289,63299.0,570.0,1,2,11316,18780,18783,JobState.COMPLETED,0,176.53061224489795,176.53061224489795,353.0612244897959
jid_895289,63299.0,570.0,1,1,11316,18781,18783,JobState.COMPLETED,0,176.53061224489795,176.53061224489795,176.53061224489795
jid_895289,63299.0,570.0,1,2,11316,18782,18785,JobState.COMPLETED,0,176.53061224489795,176.53061224489795,353.0612244897959
jid_895289,63299.0,570.0,1,1,11316,18783,18785,JobState.COMPLETED,0,176.53061224489795,176.53061224489795,176.53061224489795
jid_895289,63299.0,570.0,1,2,11316,18783,18786,JobState.COMPLETED,0,176.53061224489795,176.53061224489795,353.0612244897959
jid_895289,63299.0,570.0,1,1,11316,18785,18787,JobState.COMPLETED,0,176.53061224489795,176.53061224489795,176.53061224489795
jid_895289,63299.0,570.0,1,2,11316,18785,18788,JobState.COMPLETED,0,176.53061224489795,176.53061224489795,353.0612244897959
jid_895289,63299.0,570.0,1,2,11316,18786,18789,JobState.COMPLETED,0,176.53061224489795,176.53061224489795,353.0612244897959
jid_895289,63299.0,570.0,1,2,11316,18787,18790,JobState.COMPLETED,0,176.53061224489795,176.53061224489795,353.0612244897959
jid_895289,63299.0,570.0,1,1,11316,18788,18790,JobState.COMPLETED,0,176.53061224489795,176.53061224489795,176.53061224489795
jid_895289,63299.0,570.0,1,2,11316,18789,18792,JobState.COMPLETED,0,176.53061224489795,176.53061224489795,353.0612244897959
jid_895289,63299.0,570.0,1,1,11316,18790,18792,JobState.COMPLETED,0,176.53061224489795,176.53061224489795,176.53061224489795
jid_895289,63299.0,570.0,1,2,11316,18790,18793,JobState.COMPLETED,0,176.53061224489795,176.53061224489795,353.0612244897959
jid_895289,63299.0,570.0,1,1,11316,18792,18794,JobState.COMPLETED,0,176.53061224489795,176.53061224489795,176.53061224489795
jid_895289,63299.0,570.0,1,2,11316,18792,18795,JobState.COMPLETED,0,176.53061224489795,176.53061224489795,353.0612244897959
jid_895289,63299.0,570.0,1,1,11316,18793,18795,JobState.COMPLETED,0,176.53061224489795,176.53061224489795,176.53061224489795
jid_895289,63299.0,570.0,1,1,11316,18794,18796,JobState.COMPLETED,0,176.53061224489795,176.53061224489795,176.53061224489795
jid_895289,63299.0,570.0,1,1,11316,18795,18797,JobState.COMPLETED,0,176.53061224489795,176.53061224489795,176.53061224489795
jid_895289,63299.0,570.0,1,2,11316,18795,18798,JobState.COMPLETED,0,176.53061224489795,176.53061224489795,353.0612244897959
jid_895289,63299.0,570.0,1,2,11316,18796,18799,JobState.COMPLETED,0,176.53061224489795,176.53061224489795,353.0612244897959
jid_895289,63299.0,570.0,1,1,11316,18797,18799,JobState.COMPLETED,0,176.53061224489795,176.53061224489795,176.53061224489795
jid_895289,63299.0,570.0,1,1,11316,18798,18800,JobState.COMPLETED,0,176.53061224489795,176.53061224489795,176.53061224489795
jid_895289,63299.0,570.0,1,1,11316,18799,18801,JobState.COMPLETED,0,176.53061224489795,176.53061224489795,176.53061224489795
jid_895289,63299.0,570.0,1,2,11316,18799,18802,JobState.COMPLETED,0,176.53061224489795,176.53061224489795,353.0612244897959
jid_895289,63299.0,570.0,1,2,11316,18800,18803,JobState.COMPLETED,0,176.53061224489795,176.53061224489795,353.0612244897959
jid_895289,63299.0,570.0,1,1,11316,18801,18803,JobState.COMPLETED,0,176.53061224489795,176.53061224489795,176.53061224489795
jid_895289,63299.0,570.0,1,2,11316,18802,18805,JobState.COMPLETED,0,176.53061224489795,176.53061224489795,353.0612244897959
jid_895289,63299.0,570.0,1,1,11316,18803,18805,JobState.COMPLETED,0,176.53061224489795,176.53061224489795,176.53061224489795
jid_895289,63299.0,570.0,1,2,11316,18803,18806,JobState.COMPLETED,0,176.53061224489795,176.53061224489795,353.0612244897959
jid_895289,63299.0,570.0,1,1,11316,18805,18807,JobState.COMPLETED,0,176.53061224489795,176.53061224489795,176.53061224489795
jid_895289,63299.0,570.0,1,2,11316,18805,18808,JobState.COMPLETED,0,176.53061224489795,176.53061224489795,353.0612244897959
jid_895289,63299.0,570.0,1,1,11316,18806,18808,JobState.COMPLETED,0,176.53061224489795,176.53061224489795,176.53061224489795
jid_895289,63299.0,570.0,1,1,11316,18807,18809,JobState.COMPLETED,0,176.53061224489795,176.53061224489795,176.53061224489795
jid_895289,63299.0,570.0,1,1,11316,18808,18810,JobState.COMPLETED,0,176.53061224489795,176.53061224489795,176.53061224489795
jid_895289,63299.0,570.0,1,2,11316,18808,18811,JobState.COMPLETED,0,176.53061224489795,176.53061224489795,353.0612244897959
jid_895289,63299.0,570.0,1,1,11316,18809,18811,JobState.COMPLETED,0,176.53061224489795,176.53061224489795,176.53061224489795
jid_895289,63299.0,570.0,1,2,11316,18810,18813,JobState.COMPLETED,0,176.53061224489795,176.53061224489795,353.0612244897959
jid_895289,63299.0,570.0,1,2,11316,18811,18814,JobState.COMPLETED,0,176.53061224489795,176.53061224489795,353.0612244897959
jid_895289,63299.0,570.0,1,2,11316,18811,18814,JobState.COMPLETED,0,176.53061224489795,176.53061224489795,353.0612244897959
jid_895289,63299.0,570.0,1,2,11316,18813,18816,JobState.COMPLETED,0,176.53061224489795,176.53061224489795,353.0612244897959
jid_895289,63299.0,570.0,1,1,11316,18814,18816,JobState.COMPLETED,0,176.53061224489795,176.53061224489795,176.53061224489795
jid_895289,63299.0,570.0,1,2,11316,18814,18817,JobState.COMPLETED,0,176.53061224489795,176.53061224489795,353.0612244897959
jid_895289,63299.0,570.0,1,1,11316,18816,18818,JobState.COMPLETED,0,176.53061224489795,176.53061224489795,176.53061224489795
jid_895289,63299.0,570.0,1,1,11316,18816,18818,JobState.COMPLETED,0,176.53061224489795,176.53061224489795,176.53061224489795
jid_895289,63299.0,570.0,1,2,11316,18817,18820,JobState.COMPLETED,0,176.53061224489795,176.53061224489795,353.0612244897959
jid_895289,63299.0,570.0,1,1,11316,18818,18820,JobState.COMPLETED,0,176.53061224489795,176.53061224489795,176.53061224489795
jid_895289,63299.0,570.0,1,2,11316,18818,18821,JobState.COMPLETED,0,176.53061224489795,176.53061224489795,353.0612244897959
jid_895289,63299.0,570.0,1,1,11316,18820,18822,JobState.COMPLETED,0,176.53061224489795,176.53061224489795,176.53061224489795
jid_895289,63299.0,570.0,1,1,11316,18820,18822,JobState.COMPLETED,0,176.53061224489795,176.53061224489795,176.53061224489795
jid_895289,63299.0,570.0,1,2,11316,18821,18824,JobState.COMPLETED,0,176.53061224489795,176.53061224489795,353.0612244897959
jid_895289,63299.0,570.0,1,1,11316,18822,18824,JobState.COMPLETED,0,176.53061224489795,176.53061224489795,176.53061224489795
jid_895289,63299.0,570.0,1,1,11316,18822,18824,JobState.COMPLETED,0,176.53061224489795,176.53061224489795,176.53061224489795
jid_895289,63299.0,570.0,1,1,11316,18824,18826,JobState.COMPLETED,0,176.53061224489795,176.53061224489795,176.53061224489795
jid_895289,63299.0,570.0,1,1,11316,18824,18826,JobState.COMPLETED,0,176.53061224489795,176.53061224489795,176.53061224489795
jid_895289,63299.0,570.0,1,2,11316,18824,18827,JobState.COMPLETED,0,176.53061224489795,176.53061224489795,353.0612244897959
jid_895289,63299.0,570.0,1,1,11316,18826,18828,JobState.COMPLETED,0,176.53061224489795,176.53061224489795,176.53061224489795
jid_895289,63299.0,570.0,1,2,11316,18826,18829,JobState.COMPLETED,0,176.53061224489795,176.53061224489795,353.0612244897959
jid_895289,63299.0,570.0,1,2,11316,18827,18830,JobState.COMPLETED,0,176.53061224489795,176.53061224489795,353.0612244897959
jid_895289,63299.0,570.0,1,1,11316,18828,18830,JobState.COMPLETED,0,176.53061224489795,176.53061224489795,176.53061224489795
jid_895289,63299.0,570.0,1,2,11316,18829,18832,JobState.COMPLETED,0,176.53061224489795,176.53061224489795,353.0612244897959
jid_895289,63299.0,570.0,1,1,11316,18830,18832,JobState.COMPLETED,0,176.53061224489795,176.53061224489795,176.53061224489795
jid_895289,63299.0,570.0,1,1,11316,18830,18832,JobState.COMPLETED,0,176.53061224489795,176.53061224489795,176.53061224489795
jid_895289,63299.0,570.0,1,2,11316,18832,18835,JobState.COMPLETED,0,176.53061224489795,176.53061224489795,353.0612244897959
jid_895289,63299.0,570.0,1,2,11316,18832,18835,JobState.COMPLETED,0,176.53061224489795,176.53061224489795,353.0612244897959
jid_895289,63299.0,570.0,1,2,11316,18832,18835,JobState.COMPLETED,0,176.53061224489795,176.53061224489795,353.0612244897959
jid_895289,63299.0,570.0,1,1,11316,18835,18837,JobState.COMPLETED,0,176.53061224489795,176.53061224489795,176.53061224489795
jid_895289,63299.0,570.0,1,2,11316,18835,18838,JobState.COMPLETED,0,176.53061224489795,176.53061224489795,353.0612244897959
jid_895289,63299.0,570.0,1,2,11316,18835,18838,JobState.COMPLETED,0,176.53061224489795,176.53061224489795,353.0612244897959
jid_895289,63299.0,570.0,1,1,11316,18837,18839,JobState.COMPLETED,0,176.53061224489795,176.53061224489795,176.53061224489795
jid_895289,63299.0,570.0,1,1,11316,18838,18840,JobState.COMPLETED,0,176.53061224489795,176.53061224489795,176.53061224489795
jid_895289,63299.0,570.0,1,2,11316,18838,18841,JobState.COMPLETED,0,176.53061224489795,176.53061224489795,353.0612244897959
jid_895289,63299.0,570.0,1,2,11316,18839,18842,JobState.COMPLETED,0,176.53061224489795,176.53061224489795,353.0612244897959
jid_895289,63299.0,570.0,1,1,11316,18840,18842,JobState.COMPLETED,0,176.53061224489795,176.53061224489795,176.53061224489795
jid_895289,63299.0,570.0,1,1,11316,18841,18843,JobState.COMPLETED,0,176.53061224489795,176.53061224489795,176.53061224489795
jid_895289,63299.0,570.0,1,2,11316,18842,18845,JobState.COMPLETED,0,176.53061224489795,176.53061224489795,353.0612244897959
jid_895289,63299.0,570.0,1,2,11316,18842,18845,JobState.COMPLETED,0,176.53061224489795,176.53061224489795,353.0612244897959
jid_895289,63299.0,570.0,1,2,11316,18843,18846,JobState.COMPLETED,0,176.53061224489795,176.53061224489795,353.0612244897959
jid_895289,63299.0,570.0,1,1,11316,18845,18847,JobState.COMPLETED,0,176.53061224489795,176.53061224489795,176.53061224489795
jid_895289,63299.0,570.0,1,2,11316,18845,18848,JobState.COMPLETED,0,176.53061224489795,176.53061224489795,353.0612244897959
jid_895289,63299.0,570.0,1,1,11316,18846,18848,JobState.COMPLETED,0,176.53061224489795,176.53061224489795,176.53061224489795
jid_895289,63299.0,570.0,1,1,11316,18847,18849,JobState.COMPLETED,0,176.53061224489795,176.53061224489795,176.53061224489795
jid_895289,63299.0,570.0,1,1,11316,18848,18850,JobState.COMPLETED,0,176.53061224489795,176.53061224489795,176.53061224489795
jid_895289,63299.0,570.0,1,1,11316,18848,18850,JobState.COMPLETED,0,176.53061224489795,176.53061224489795,176.53061224489795
jid_895289,63299.0,570.0,1,1,11316,18849,18851,JobState.COMPLETED,0,176.53061224489795,176.53061224489795,176.53061224489795
jid_895289,63299.0,570.0,1,1,11316,18850,18852,JobState.COMPLETED,0,176.53061224489795,176.53061224489795,176.53061224489795
jid_895289,63299.0,570.0,1,2,11316,18850,18853,JobState.COMPLETED,0,176.53061224489795,176.53061224489795,353.0612244897959
jid_895289,63299.0,570.0,1,2,11316,18851,18854,JobState.COMPLETED,0,176.53061224489795,176.53061224489795,353.0612244897959
jid_895289,63299.0,570.0,1,1,11316,18852,18854,JobState.COMPLETED,0,176.53061224489795,176.53061224489795,176.53061224489795
jid_895289,63299.0,570.0,1,2,11316,18853,18856,JobState.COMPLETED,0,176.53061224489795,176.53061224489795,353.0612244897959
jid_895289,63299.0,570.0,1,1,11316,18854,18856,JobState.COMPLETED,0,176.53061224489795,176.53061224489795,176.53061224489795
jid_895289,63299.0,570.0,1,1,11316,18854,18856,JobState.COMPLETED,0,176.53061224489795,176.53061224489795,176.53061224489795
jid_895289,63299.0,570.0,1,1,11316,18856,18858,JobState.COMPLETED,0,176.53061224489795,176.53061224489795,176.53061224489795
jid_895289,63299.0,570.0,1,1,11316,18856,18858,JobState.COMPLETED,0,176.53061224489795,176.53061224489795,176.53061224489795
jid_895289,63299.0,570.0,1,2,11316,18856,18859,JobState.COMPLETED,0,176.53061224489795,176.53061224489795,353.0612244897959
jid_895289,63299.0,570.0,1,2,11316,18858,18861,JobState.COMPLETED,0,176.53061224489795,176.53061224489795,353.0612244897959
jid_895289,63299.0,570.0,1,2,11316,18858,18861,JobState.COMPLETED,0,176.53061224489795,176.53061224489795,353.0612244897959
jid_895289,63299.0,570.0,1,2,11316,18859,18862,JobState.COMPLETED,0,176.53061224489795,176.53061224489795,353.0612244897959
jid_895289,63299.0,570.0,1,1,11316,18861,18863,JobState.COMPLETED,0,176.53061224489795,176.53061224489795,176.53061224489795
jid_895289,63299.0,570.0,1,1,11316,18861,18863,JobState.COMPLETED,0,176.53061224489795,176.53061224489795,176.53061224489795
jid_895289,63299.0,570.0,1,2,11316,18862,18865,JobState.COMPLETED,0,176.53061224489795,176.53061224489795,353.0612244897959
jid_895289,63299.0,570.0,1,1,11316,18863,18865,JobState.COMPLETED,0,176.53061224489795,176.53061224489795,176.53061224489795
jid_895289,63299.0,570.0,1,1,11316,18863,18865,JobState.COMPLETED,0,176.53061224489795,176.53061224489795,176.53061224489795
jid_895289,63299.0,570.0,1,1,11316,18865,18867,JobState.COMPLETED,0,176.53061224489795,176.53061224489795,176.53061224489795
jid_895289,63299.0,570.0,1,2,11316,18865,18868,JobState.COMPLETED,0,176.53061224489795,176.53061224489795,353.0612244897959
jid_895289,63299.0,570.0,1,2,11316,18865,18868,JobState.COMPLETED,0,176.53061224489795,176.53061224489795,353.0612244897959
jid_895289,63299.0,570.0,1,2,11316,18867,18870,JobState.COMPLETED,0,176.53061224489795,176.53061224489795,353.0612244897959
jid_895289,63299.0,570.0,1,2,11316,18868,18871,JobState.COMPLETED,0,176.53061224489795,176.53061224489795,353.0612244897959
jid_895289,63299.0,570.0,1,2,11316,18868,18871,JobState.COMPLETED,0,176.53061224489795,176.53061224489795,353.0612244897959
jid_895289,63299.0,570.0,1,2,11316,18870,18873,JobState.COMPLETED,0,176.53061224489795,176.53061224489795,353.0612244897959
jid_895289,63299.0,570.0,1,1,11316,18871,18873,JobState.COMPLETED,0,176.53061224489795,176.53061224489795,176.53061224489795
jid_895289,63299.0,570.0,1,1,11316,18871,18873,JobState.COMPLETED,0,176.53061224489795,176.53061224489795,176.53061224489795
jid_895289,63299.0,570.0,1,1,11316,18873,18875,JobState.COMPLETED,0,176.53061224489795,176.53061224489795,176.53061224489795
jid_895289,63299.0,570.0,1,2,11316,18873,18876,JobState.COMPLETED,0,176.53061224489795,176.53061224489795,353.0612244897959
jid_895289,63299.0,570.0,1,2,11316,18873,18876,JobState.COMPLETED,0,176.53061224489795,176.53061224489795,353.0612244897959
jid_895289,63299.0,570.0,1,1,11316,18875,18877,JobState.COMPLETED,0,176.53061224489795,176.53061224489795,176.53061224489795
jid_895289,63299.0,570.0,1,2,11316,18876,18879,JobState.COMPLETED,0,176.53061224489795,176.53061224489795,353.0612244897959
jid_895289,63299.0,570.0,1,2,11316,18876,18879,JobState.COMPLETED,0,176.53061224489795,176.53061224489795,353.0612244897959
jid_895289,63299.0,570.0,1,2,11316,18877,18880,JobState.COMPLETED,0,176.53061224489795,176.53061224489795,353.0612244897959
jid_895289,63299.0,570.0,1,1,11316,18879,18881,JobState.COMPLETED,0,176.53061224489795,176.53061224489795,176.53061224489795
jid_895289,63299.0,570.0,1,2,11316,18879,18882,JobState.COMPLETED,0,176.53061224489795,176.53061224489795,353.0612244897959
jid_895289,63299.0,570.0,1,2,11316,18880,18883,JobState.COMPLETED,0,176.53061224489795,176.53061224489795,353.0612244897959
jid_895289,63299.0,570.0,1,2,11316,18881,18884,JobState.COMPLETED,0,176.53061224489795,176.53061224489795,353.0612244897959
jid_895289,63299.0,570.0,1,2,11316,18882,18885,JobState.COMPLETED,0,176.53061224489795,176.53061224489795,353.0612244897959
jid_895289,63299.0,570.0,1,2,11316,18883,18886,JobState.COMPLETED,0,176.53061224489795,176.53061224489795,353.0612244897959
jid_895289,63299.0,570.0,1,2,11316,18884,18887,JobState.COMPLETED,0,176.53061224489795,176.53061224489795,353.0612244897959
jid_895289,63299.0,570.0,1,2,11316,18885,18888,JobState.COMPLETED,0,176.53061224489795,176.53061224489795,353.0612244897959
jid_895289,63299.0,570.0,1,1,11316,18886,18888,JobState.COMPLETED,0,176.53061224489795,176.53061224489795,176.53061224489795
jid_895289,63299.0,570.0,1,1,11316,18887,18889,JobState.COMPLETED,0,176.53061224489795,176.53061224489795,176.53061224489795
jid_895289,63299.0,570.0,1,1,11316,18888,18890,JobState.COMPLETED,0,176.53061224489795,176.53061224489795,176.53061224489795
jid_895289,63299.0,570.0,1,2,11316,18888,18891,JobState.COMPLETED,0,176.53061224489795,176.53061224489795,353.0612244897959
jid_895289,63299.0,570.0,1,2,11316,18889,18892,JobState.COMPLETED,0,176.53061224489795,176.53061224489795,353.0612244897959
jid_895289,63299.0,570.0,1,1,11316,18890,18892,JobState.COMPLETED,0,176.53061224489795,176.53061224489795,176.53061224489795
jid_895289,63299.0,570.0,1,2,11316,18891,18894,JobState.COMPLETED,0,176.53061224489795,176.53061224489795,353.0612244897959
jid_895289,63299.0,570.0,1,1,11316,18892,18894,JobState.COMPLETED,0,176.53061224489795,176.53061224489795,176.53061224489795
jid_895289,63299.0,570.0,1,2,11316,18892,18895,JobState.COMPLETED,0,176.53061224489795,176.53061224489795,353.0612244897959
jid_895289,63299.0,570.0,1,1,11316,18894,18896,JobState.COMPLETED,0,176.53061224489795,176.53061224489795,176.53061224489795
jid_895289,63299.0,570.0,1,2,11316,18894,18897,JobState.COMPLETED,0,176.53061224489795,176.53061224489795,353.0612244897959
jid_895289,63299.0,570.0,1,1,11316,18895,18897,JobState.COMPLETED,0,176.53061224489795,176.53061224489795,176.53061224489795
jid_895289,63299.0,570.0,1,1,11316,18896,18898,JobState.COMPLETED,0,176.53061224489795,176.53061224489795,176.53061224489795
jid_895289,63299.0,570.0,1,1,11316,18897,18899,JobState.COMPLETED,0,176.53061224489795,176.53061224489795,176.53061224489795
jid_895289,63299.0,570.0,1,1,11316,18897,18899,JobState.COMPLETED,0,176.53061224489795,176.53061224489795,176.53061224489795
jid_895289,63299.0,570.0,1,2,11316,18898,18901,JobState.COMPLETED,0,176.53061224489795,176.53061224489795,353.0612244897959
jid_895289,63299.0,570.0,1,1,11316,18899,18901,JobState.COMPLETED,0,176.53061224489795,176.53061224489795,176.53061224489795
jid_895289,63299.0,570.0,1,1,11316,18899,18901,JobState.COMPLETED,0,176.53061224489795,176.53061224489795,176.53061224489795
jid_895289,63299.0,570.0,1,1,11316,18901,18903,JobState.COMPLETED,0,176.53061224489795,176.53061224489795,176.53061224489795
jid_895289,63299.0,570.0,1,2,11316,18901,18904,JobState.COMPLETED,0,176.53061224489795,176.53061224489795,353.0612244897959
jid_895289,63299.0,570.0,1,2,11316,18901,18904,JobState.COMPLETED,0,176.53061224489795,176.53061224489795,353.0612244897959
jid_895289,63299.0,570.0,1,1,11316,18903,18905,JobState.COMPLETED,0,176.53061224489795,176.53061224489795,176.53061224489795
jid_895289,63299.0,570.0,1,2,11316,18904,18907,JobState.COMPLETED,0,176.53061224489795,176.53061224489795,353.0612244897959
jid_895289,63299.0,570.0,1,2,11316,18904,18907,JobState.COMPLETED,0,176.53061224489795,176.53061224489795,353.0612244897959
jid_895289,63299.0,570.0,1,2,11316,18905,18908,JobState.COMPLETED,0,176.53061224489795,176.53061224489795,353.0612244897959
jid_895289,63299.0,570.0,1,1,11316,18907,18909,JobState.COMPLETED,0,176.53061224489795,176.53061224489795,176.53061224489795
jid_895289,63299.0,570.0,1,2,11316,18907,18910,JobState.COMPLETED,0,176.53061224489795,176.53061224489795,353.0612244897959
jid_895289,63299.0,570.0,1,2,11316,18908,18911,JobState.COMPLETED,0,176.53061224489795,176.53061224489795,353.0612244897959
jid_895289,63299.0,570.0,1,2,11316,18909,18912,JobState.COMPLETED,0,176.53061224489795,176.53061224489795,353.0612244897959
jid_895289,63299.0,570.0,1,1,11316,18910,18912,JobState.COMPLETED,0,176.53061224489795,176.53061224489795,176.53061224489795
jid_895289,63299.0,570.0,1,2,11316,18911,18914,JobState.COMPLETED,0,176.53061224489795,176.53061224489795,353.0612244897959
jid_895289,63299.0,570.0,1,1,11316,18912,18914,JobState.COMPLETED,0,176.53061224489795,176.53061224489795,176.53061224489795
jid_895289,63299.0,570.0,1,2,11316,18912,18915,JobState.COMPLETED,0,176.53061224489795,176.53061224489795,353.0612244897959
jid_895289,63299.0,570.0,1,1,11316,18914,18916,JobState.COMPLETED,0,176.53061224489795,176.53061224489795,176.53061224489795
jid_895289,63299.0,570.0,1,2,11316,18914,18917,JobState.COMPLETED,0,176.53061224489795,176.53061224489795,353.0612244897959
jid_895289,63299.0,570.0,1,2,11316,18915,18918,JobState.COMPLETED,0,176.53061224489795,176.53061224489795,353.0612244897959
jid_895289,63299.0,570.0,1,2,11316,18916,18919,JobState.COMPLETED,0,176.53061224489795,176.53061224489795,353.0612244897959
jid_895289,63299.0,570.0,1,2,11316,18917,18920,JobState.COMPLETED,0,176.53061224489795,176.53061224489795,353.0612244897959
jid_895289,63299.0,570.0,1,2,11316,18918,18921,JobState.COMPLETED,0,176.53061224489795,176.53061224489795,353.0612244897959
jid_895289,63299.0,570.0,1,2,11316,18919,18922,JobState.COMPLETED,0,176.53061224489795,176.53061224489795,353.0612244897959
jid_895289,63299.0,570.0,1,2,11316,18920,18923,JobState.COMPLETED,0,176.53061224489795,176.53061224489795,353.0612244897959
jid_895289,63299.0,570.0,1,2,11316,18921,18924,JobState.COMPLETED,0,176.53061224489795,176.53061224489795,353.0612244897959
jid_895289,63299.0,570.0,1,1,11316,18922,18924,JobState.COMPLETED,0,176.53061224489795,176.53061224489795,176.53061224489795
jid_895289,63299.0,570.0,1,2,11316,18923,18926,JobState.COMPLETED,0,176.53061224489795,176.53061224489795,353.0612244897959
jid_895289,63299.0,570.0,1,2,11316,18924,18927,JobState.COMPLETED,0,176.53061224489795,176.53061224489795,353.0612244897959
jid_895289,63299.0,570.0,1,2,11316,18924,18927,JobState.COMPLETED,0,176.53061224489795,176.53061224489795,353.0612244897959
jid_895289,63299.0,570.0,1,2,11316,18926,18929,JobState.COMPLETED,0,176.53061224489795,176.53061224489795,353.0612244897959
jid_895289,63299.0,570.0,1,2,11316,18927,18930,JobState.COMPLETED,0,176.53061224489795,176.53061224489795,353.0612244897959
jid_895289,63299.0,570.0,1,2,11316,18927,18930,JobState.COMPLETED,0,176.53061224489795,176.53061224489795,353.0612244897959
jid_895289,63299.0,570.0,1,2,11316,18929,18932,JobState.COMPLETED,0,176.53061224489795,176.53061224489795,353.0612244897959
jid_895289,63299.0,570.0,1,1,11316,18930,18932,JobState.COMPLETED,0,176.53061224489795,176.53061224489795,176.53061224489795
jid_895289,63299.0,570.0,1,2,11316,18930,18933,JobState.COMPLETED,0,176.53061224489795,176.53061224489795,353.0612244897959
jid_895289,63299.0,570.0,1,1,11316,18932,18934,JobState.COMPLETED,0,176.53061224489795,176.53061224489795,176.53061224489795
jid_895289,63299.0,570.0,1,1,11316,18932,18934,JobState.COMPLETED,0,176.53061224489795,176.53061224489795,176.53061224489795
jid_895289,63299.0,570.0,1,2,11316,18933,18936,JobState.COMPLETED,0,176.53061224489795,176.53061224489795,353.0612244897959
jid_895289,63299.0,570.0,1,1,11316,18934,18936,JobState.COMPLETED,0,176.53061224489795,176.53061224489795,176.53061224489795
jid_895289,63299.0,570.0,1,1,11316,18934,18936,JobState.COMPLETED,0,176.53061224489795,176.53061224489795,176.53061224489795
jid_895289,63299.0,570.0,1,1,11316,18936,18938,JobState.COMPLETED,0,176.53061224489795,176.53061224489795,176.53061224489795
jid_895289,63299.0,570.0,1,2,11316,18936,18939,JobState.COMPLETED,0,176.53061224489795,176.53061224489795,353.0612244897959
jid_895289,63299.0,570.0,1,2,11316,18936,18939,JobState.COMPLETED,0,176.53061224489795,176.53061224489795,353.0612244897959
jid_895083,63299.0,570.0,1,762,9620,18177,18940,JobState.COMPLETED,0,176.53061224489815,176.53061224489795,134516.3265306124
jid_895289,63299.0,570.0,1,1,11316,18938,18940,JobState.COMPLETED,0,176.53061224489795,176.53061224489795,176.53061224489795
jid_895289,63299.0,570.0,1,1,11316,18939,18941,JobState.COMPLETED,0,176.53061224489795,176.53061224489795,176.53061224489795
jid_895289,63299.0,570.0,1,2,11316,18939,18942,JobState.COMPLETED,0,176.53061224489795,176.53061224489795,353.0612244897959
jid_895289,63299.0,570.0,1,1,11316,18940,18942,JobState.COMPLETED,0,176.53061224489795,176.53061224489795,176.53061224489795
jid_895289,63299.0,570.0,1,2,11316,18940,18943,JobState.COMPLETED,0,176.53061224489795,176.53061224489795,353.0612244897959
jid_895289,63299.0,570.0,1,1,11316,18941,18943,JobState.COMPLETED,0,176.53061224489795,176.53061224489795,176.53061224489795
jid_895289,63299.0,570.0,1,2,11316,18942,18945,JobState.COMPLETED,0,176.53061224489795,176.53061224489795,353.0612244897959
jid_895289,63299.0,570.0,1,2,11316,18942,18945,JobState.COMPLETED,0,176.53061224489795,176.53061224489795,353.0612244897959
jid_895289,63299.0,570.0,1,2,11316,18943,18946,JobState.COMPLETED,0,176.53061224489795,176.53061224489795,353.0612244897959
jid_895289,63299.0,570.0,1,2,11316,18943,18946,JobState.COMPLETED,0,176.53061224489795,176.53061224489795,353.0612244897959
jid_895289,63299.0,570.0,1,2,11316,18945,18948,JobState.COMPLETED,0,176.53061224489795,176.53061224489795,353.0612244897959
jid_895289,63299.0,570.0,1,2,11316,18945,18948,JobState.COMPLETED,0,176.53061224489795,176.53061224489795,353.0612244897959
jid_895289,63299.0,570.0,1,1,11316,18946,18948,JobState.COMPLETED,0,176.53061224489795,176.53061224489795,176.53061224489795
jid_895289,63299.0,570.0,1,2,11316,18946,18949,JobState.COMPLETED,0,176.53061224489795,176.53061224489795,353.0612244897959
jid_895289,63299.0,570.0,1,1,11316,18948,18950,JobState.COMPLETED,0,176.53061224489795,176.53061224489795,176.53061224489795
jid_895289,63299.0,570.0,1,1,11316,18948,18950,JobState.COMPLETED,0,176.53061224489795,176.53061224489795,176.53061224489795
jid_895289,63299.0,570.0,1,1,11316,18948,18950,JobState.COMPLETED,0,176.53061224489795,176.53061224489795,176.53061224489795
jid_895083,63299.0,570.0,1,760,9620,18191,18952,JobState.COMPLETED,0,176.53061224489815,176.53061224489795,134163.2653061226
jid_895289,63299.0,570.0,1,2,11316,18949,18952,JobState.COMPLETED,0,176.53061224489795,176.53061224489795,353.0612244897959
jid_895289,63299.0,570.0,1,1,11316,18950,18952,JobState.COMPLETED,0,176.53061224489795,176.53061224489795,176.53061224489795
jid_895289,63299.0,570.0,1,1,11316,18950,18952,JobState.COMPLETED,0,176.53061224489795,176.53061224489795,176.53061224489795
jid_895289,63299.0,570.0,1,1,11316,18950,18952,JobState.COMPLETED,0,176.53061224489795,176.53061224489795,176.53061224489795
jid_895289,63299.0,570.0,1,1,11316,18952,18954,JobState.COMPLETED,0,176.53061224489795,176.53061224489795,176.53061224489795
jid_895289,63299.0,570.0,1,2,11316,18952,18955,JobState.COMPLETED,0,176.53061224489795,176.53061224489795,353.0612244897959
jid_895289,63299.0,570.0,1,2,11316,18952,18955,JobState.COMPLETED,0,176.53061224489795,176.53061224489795,353.0612244897959
jid_895289,63299.0,570.0,1,2,11316,18952,18955,JobState.COMPLETED,0,176.53061224489795,176.53061224489795,353.0612244897959
jid_895289,63299.0,570.0,1,2,11316,18952,18955,JobState.COMPLETED,0,176.53061224489795,176.53061224489795,353.0612244897959
jid_895289,63299.0,570.0,1,2,11316,18954,18957,JobState.COMPLETED,0,176.53061224489795,176.53061224489795,353.0612244897959
jid_895289,63299.0,570.0,1,1,11316,18955,18957,JobState.COMPLETED,0,176.53061224489795,176.53061224489795,176.53061224489795
jid_895289,63299.0,570.0,1,1,11316,18955,18957,JobState.COMPLETED,0,176.53061224489795,176.53061224489795,176.53061224489795
jid_895289,63299.0,570.0,1,1,11316,18955,18957,JobState.COMPLETED,0,176.53061224489795,176.53061224489795,176.53061224489795
jid_895083,63299.0,570.0,1,762,9620,18195,18958,JobState.COMPLETED,0,176.53061224489815,176.53061224489795,134516.3265306124
jid_895289,63299.0,570.0,1,2,11316,18955,18958,JobState.COMPLETED,0,176.53061224489795,176.53061224489795,353.0612244897959
jid_895289,63299.0,570.0,1,1,11316,18957,18959,JobState.COMPLETED,0,176.53061224489795,176.53061224489795,176.53061224489795
jid_895289,63299.0,570.0,1,1,11316,18957,18959,JobState.COMPLETED,0,176.53061224489795,176.53061224489795,176.53061224489795
jid_895289,63299.0,570.0,1,2,11316,18957,18960,JobState.COMPLETED,0,176.53061224489795,176.53061224489795,353.0612244897959
jid_895289,63299.0,570.0,1,2,11316,18957,18960,JobState.COMPLETED,0,176.53061224489795,176.53061224489795,353.0612244897959
jid_895289,63299.0,570.0,1,2,11316,18958,18961,JobState.COMPLETED,0,176.53061224489795,176.53061224489795,353.0612244897959
jid_895289,63299.0,570.0,1,2,11316,18958,18961,JobState.COMPLETED,0,176.53061224489795,176.53061224489795,353.0612244897959
jid_895289,63299.0,570.0,1,1,11316,18959,18961,JobState.COMPLETED,0,176.53061224489795,176.53061224489795,176.53061224489795
jid_895289,63299.0,570.0,1,2,11316,18959,18962,JobState.COMPLETED,0,176.53061224489795,176.53061224489795,353.0612244897959
jid_895289,63299.0,570.0,1,1,11316,18960,18962,JobState.COMPLETED,0,176.53061224489795,176.53061224489795,176.53061224489795
jid_895289,63299.0,570.0,1,2,11316,18960,18963,JobState.COMPLETED,0,176.53061224489795,176.53061224489795,353.0612244897959
jid_895289,63299.0,570.0,1,1,11316,18961,18963,JobState.COMPLETED,0,176.53061224489795,176.53061224489795,176.53061224489795
jid_895289,63299.0,570.0,1,2,11316,18961,18964,JobState.COMPLETED,0,176.53061224489795,176.53061224489795,353.0612244897959
jid_895289,63299.0,570.0,1,2,11316,18961,18964,JobState.COMPLETED,0,176.53061224489795,176.53061224489795,353.0612244897959
jid_895289,63299.0,570.0,1,1,11316,18962,18964,JobState.COMPLETED,0,176.53061224489795,176.53061224489795,176.53061224489795
jid_895289,63299.0,570.0,1,2,11316,18962,18965,JobState.COMPLETED,0,176.53061224489795,176.53061224489795,353.0612244897959
jid_895289,63299.0,570.0,1,2,11316,18963,18966,JobState.COMPLETED,0,176.53061224489795,176.53061224489795,353.0612244897959
jid_895289,63299.0,570.0,1,2,11316,18963,18966,JobState.COMPLETED,0,176.53061224489795,176.53061224489795,353.0612244897959
jid_895289,63299.0,570.0,1,1,11316,18964,18966,JobState.COMPLETED,0,176.53061224489795,176.53061224489795,176.53061224489795
jid_895289,63299.0,570.0,1,2,11316,18964,18967,JobState.COMPLETED,0,176.53061224489795,176.53061224489795,353.0612244897959
jid_895289,63299.0,570.0,1,2,11316,18964,18967,JobState.COMPLETED,0,176.53061224489795,176.53061224489795,353.0612244897959
jid_895289,63299.0,570.0,1,1,11316,18965,18967,JobState.COMPLETED,0,176.53061224489795,176.53061224489795,176.53061224489795
jid_895289,63299.0,570.0,1,1,11316,18966,18968,JobState.COMPLETED,0,176.53061224489795,176.53061224489795,176.53061224489795
jid_895289,63299.0,570.0,1,1,11316,18966,18968,JobState.COMPLETED,0,176.53061224489795,176.53061224489795,176.53061224489795
jid_895289,63299.0,570.0,1,2,11316,18966,18969,JobState.COMPLETED,0,176.53061224489795,176.53061224489795,353.0612244897959
jid_895289,63299.0,570.0,1,1,11316,18967,18969,JobState.COMPLETED,0,176.53061224489795,176.53061224489795,176.53061224489795
jid_895289,63299.0,570.0,1,1,11316,18967,18969,JobState.COMPLETED,0,176.53061224489795,176.53061224489795,176.53061224489795
jid_895289,63299.0,570.0,1,2,11316,18967,18970,JobState.COMPLETED,0,176.53061224489795,176.53061224489795,353.0612244897959
jid_895289,63299.0,570.0,1,2,11316,18968,18971,JobState.COMPLETED,0,176.53061224489795,176.53061224489795,353.0612244897959
jid_895289,63299.0,570.0,1,2,11316,18968,18971,JobState.COMPLETED,0,176.53061224489795,176.53061224489795,353.0612244897959
jid_895289,63299.0,570.0,1,1,11316,18969,18971,JobState.COMPLETED,0,176.53061224489795,176.53061224489795,176.53061224489795
jid_895289,63299.0,570.0,1,1,11316,18969,18971,JobState.COMPLETED,0,176.53061224489795,176.53061224489795,176.53061224489795
jid_895289,63299.0,570.0,1,2,11316,18969,18972,JobState.COMPLETED,0,176.53061224489795,176.53061224489795,353.0612244897959
jid_895289,63299.0,570.0,1,2,11316,18970,18973,JobState.COMPLETED,0,176.53061224489795,176.53061224489795,353.0612244897959
jid_895289,63299.0,570.0,1,1,11316,18971,18973,JobState.COMPLETED,0,176.53061224489795,176.53061224489795,176.53061224489795
jid_895289,63299.0,570.0,1,1,11316,18971,18973,JobState.COMPLETED,0,176.53061224489795,176.53061224489795,176.53061224489795
jid_895289,63299.0,570.0,1,1,11316,18971,18973,JobState.COMPLETED,0,176.53061224489795,176.53061224489795,176.53061224489795
jid_895289,63299.0,570.0,1,2,11316,18971,18974,JobState.COMPLETED,0,176.53061224489795,176.53061224489795,353.0612244897959
jid_895289,63299.0,570.0,1,2,11316,18972,18975,JobState.COMPLETED,0,176.53061224489795,176.53061224489795,353.0612244897959
jid_895289,63299.0,570.0,1,1,11316,18973,18975,JobState.COMPLETED,0,176.53061224489795,176.53061224489795,176.53061224489795
jid_895289,63299.0,570.0,1,1,11316,18973,18975,JobState.COMPLETED,0,176.53061224489795,176.53061224489795,176.53061224489795
jid_895289,63299.0,570.0,1,2,11316,18973,18976,JobState.COMPLETED,0,176.53061224489795,176.53061224489795,353.0612244897959
jid_895289,63299.0,570.0,1,2,11316,18973,18976,JobState.COMPLETED,0,176.53061224489795,176.53061224489795,353.0612244897959
jid_895289,63299.0,570.0,1,1,11316,18974,18976,JobState.COMPLETED,0,176.53061224489795,176.53061224489795,176.53061224489795
jid_895289,63299.0,570.0,1,1,11316,18975,18977,JobState.COMPLETED,0,176.53061224489795,176.53061224489795,176.53061224489795
jid_895289,63299.0,570.0,1,1,11316,18975,18977,JobState.COMPLETED,0,176.53061224489795,176.53061224489795,176.53061224489795
jid_895289,63299.0,570.0,1,2,11316,18975,18978,JobState.COMPLETED,0,176.53061224489795,176.53061224489795,353.0612244897959
jid_895289,63299.0,570.0,1,1,11316,18976,18978,JobState.COMPLETED,0,176.53061224489795,176.53061224489795,176.53061224489795
jid_895289,63299.0,570.0,1,1,11316,18976,18978,JobState.COMPLETED,0,176.53061224489795,176.53061224489795,176.53061224489795
jid_895289,63299.0,570.0,1,1,11316,18976,18978,JobState.COMPLETED,0,176.53061224489795,176.53061224489795,176.53061224489795
jid_895289,63299.0,570.0,1,2,11316,18977,18980,JobState.COMPLETED,0,176.53061224489795,176.53061224489795,353.0612244897959
jid_895289,63299.0,570.0,1,2,11316,18977,18980,JobState.COMPLETED,0,176.53061224489795,176.53061224489795,353.0612244897959
jid_895289,63299.0,570.0,1,1,11316,18978,18980,JobState.COMPLETED,0,176.53061224489795,176.53061224489795,176.53061224489795
jid_895289,63299.0,570.0,1,2,11316,18978,18981,JobState.COMPLETED,0,176.53061224489795,176.53061224489795,353.0612244897959
jid_895289,63299.0,570.0,1,2,11316,18978,18981,JobState.COMPLETED,0,176.53061224489795,176.53061224489795,353.0612244897959
jid_895289,63299.0,570.0,1,2,11316,18978,18981,JobState.COMPLETED,0,176.53061224489795,176.53061224489795,353.0612244897959
jid_895289,63299.0,570.0,1,1,11316,18980,18982,JobState.COMPLETED,0,176.53061224489795,176.53061224489795,176.53061224489795
jid_895289,63299.0,570.0,1,2,11316,18980,18983,JobState.COMPLETED,0,176.53061224489795,176.53061224489795,353.0612244897959
jid_895289,63299.0,570.0,1,2,11316,18980,18983,JobState.COMPLETED,0,176.53061224489795,176.53061224489795,353.0612244897959
jid_895289,63299.0,570.0,1,1,11316,18981,18983,JobState.COMPLETED,0,176.53061224489795,176.53061224489795,176.53061224489795
jid_895289,63299.0,570.0,1,2,11316,18981,18984,JobState.COMPLETED,0,176.53061224489795,176.53061224489795,353.0612244897959
jid_895289,63299.0,570.0,1,2,11316,18981,18984,JobState.COMPLETED,0,176.53061224489795,176.53061224489795,353.0612244897959
jid_895289,63299.0,570.0,1,2,11316,18982,18985,JobState.COMPLETED,0,176.53061224489795,176.53061224489795,353.0612244897959
jid_895289,63299.0,570.0,1,1,11316,18983,18985,JobState.COMPLETED,0,176.53061224489795,176.53061224489795,176.53061224489795
jid_895289,63299.0,570.0,1,2,11316,18983,18986,JobState.COMPLETED,0,176.53061224489795,176.53061224489795,353.0612244897959
jid_895289,63299.0,570.0,1,2,11316,18983,18986,JobState.COMPLETED,0,176.53061224489795,176.53061224489795,353.0612244897959
jid_895289,63299.0,570.0,1,1,11316,18984,18986,JobState.COMPLETED,0,176.53061224489795,176.53061224489795,176.53061224489795
jid_895289,63299.0,570.0,1,1,11316,18984,18986,JobState.COMPLETED,0,176.53061224489795,176.53061224489795,176.53061224489795
jid_895289,63299.0,570.0,1,2,11316,18985,18988,JobState.COMPLETED,0,176.53061224489795,176.53061224489795,353.0612244897959
jid_895289,63299.0,570.0,1,2,11316,18985,18988,JobState.COMPLETED,0,176.53061224489795,176.53061224489795,353.0612244897959
jid_895289,63299.0,570.0,1,1,11316,18986,18988,JobState.COMPLETED,0,176.53061224489795,176.53061224489795,176.53061224489795
jid_895289,63299.0,570.0,1,1,11316,18986,18988,JobState.COMPLETED,0,176.53061224489795,176.53061224489795,176.53061224489795
jid_895289,63299.0,570.0,1,2,11316,18986,18989,JobState.COMPLETED,0,176.53061224489795,176.53061224489795,353.0612244897959
jid_895289,63299.0,570.0,1,2,11316,18986,18989,JobState.COMPLETED,0,176.53061224489795,176.53061224489795,353.0612244897959
jid_895289,63299.0,570.0,1,1,11316,18988,18990,JobState.COMPLETED,0,176.53061224489795,176.53061224489795,176.53061224489795
jid_895289,63299.0,570.0,1,1,11316,18988,18990,JobState.COMPLETED,0,176.53061224489795,176.53061224489795,176.53061224489795
jid_895289,63299.0,570.0,1,1,11316,18988,18990,JobState.COMPLETED,0,176.53061224489795,176.53061224489795,176.53061224489795
jid_895289,63299.0,570.0,1,2,11316,18988,18991,JobState.COMPLETED,0,176.53061224489795,176.53061224489795,353.0612244897959
jid_895289,63299.0,570.0,1,1,11316,18989,18991,JobState.COMPLETED,0,176.53061224489795,176.53061224489795,176.53061224489795
jid_895289,63299.0,570.0,1,2,11316,18989,18992,JobState.COMPLETED,0,176.53061224489795,176.53061224489795,353.0612244897959
jid_895289,63299.0,570.0,1,2,11316,18990,18993,JobState.COMPLETED,0,176.53061224489795,176.53061224489795,353.0612244897959
jid_895289,63299.0,570.0,1,2,11316,18990,18993,JobState.COMPLETED,0,176.53061224489795,176.53061224489795,353.0612244897959
jid_895289,63299.0,570.0,1,2,11316,18990,18993,JobState.COMPLETED,0,176.53061224489795,176.53061224489795,353.0612244897959
jid_895289,63299.0,570.0,1,1,11316,18991,18993,JobState.COMPLETED,0,176.53061224489795,176.53061224489795,176.53061224489795
jid_895289,63299.0,570.0,1,1,11316,18991,18993,JobState.COMPLETED,0,176.53061224489795,176.53061224489795,176.53061224489795
jid_895289,63299.0,570.0,1,1,11316,18992,18994,JobState.COMPLETED,0,176.53061224489795,176.53061224489795,176.53061224489795
jid_895289,63299.0,570.0,1,1,11316,18993,18995,JobState.COMPLETED,0,176.53061224489795,176.53061224489795,176.53061224489795
jid_895289,63299.0,570.0,1,1,11316,18993,18995,JobState.COMPLETED,0,176.53061224489795,176.53061224489795,176.53061224489795
jid_895289,63299.0,570.0,1,1,11316,18993,18995,JobState.COMPLETED,0,176.53061224489795,176.53061224489795,176.53061224489795
jid_895289,63299.0,570.0,1,2,11316,18993,18996,JobState.COMPLETED,0,176.53061224489795,176.53061224489795,353.0612244897959
jid_895289,63299.0,570.0,1,2,11316,18993,18996,JobState.COMPLETED,0,176.53061224489795,176.53061224489795,353.0612244897959
jid_895289,63299.0,570.0,1,1,11316,18994,18996,JobState.COMPLETED,0,176.53061224489795,176.53061224489795,176.53061224489795
jid_895289,63299.0,570.0,1,1,11316,18995,18997,JobState.COMPLETED,0,176.53061224489795,176.53061224489795,176.53061224489795
jid_895289,63299.0,570.0,1,1,11316,18995,18997,JobState.COMPLETED,0,176.53061224489795,176.53061224489795,176.53061224489795
jid_895289,63299.0,570.0,1,2,11316,18995,18998,JobState.COMPLETED,0,176.53061224489795,176.53061224489795,353.0612244897959
jid_895289,63299.0,570.0,1,1,11316,18996,18998,JobState.COMPLETED,0,176.53061224489795,176.53061224489795,176.53061224489795
jid_895289,63299.0,570.0,1,1,11316,18996,18998,JobState.COMPLETED,0,176.53061224489795,176.53061224489795,176.53061224489795
jid_895289,63299.0,570.0,1,1,11316,18996,18998,JobState.COMPLETED,0,176.53061224489795,176.53061224489795,176.53061224489795
jid_895289,63299.0,570.0,1,1,11316,18997,18999,JobState.COMPLETED,0,176.53061224489795,176.53061224489795,176.53061224489795
jid_895289,63299.0,570.0,1,2,11316,18997,19000,JobState.COMPLETED,0,176.53061224489795,176.53061224489795,353.0612244897959
jid_895289,63299.0,570.0,1,1,11316,18998,19000,JobState.COMPLETED,0,176.53061224489795,176.53061224489795,176.53061224489795
jid_895289,63299.0,570.0,1,1,11316,18998,19000,JobState.COMPLETED,0,176.53061224489795,176.53061224489795,176.53061224489795
jid_895289,63299.0,570.0,1,1,11316,18998,19000,JobState.COMPLETED,0,176.53061224489795,176.53061224489795,176.53061224489795
jid_895083,63299.0,570.0,1,757,9620,18243,19001,JobState.COMPLETED,0,176.53061224489815,176.53061224489795,133633.6734693879
jid_895289,63299.0,570.0,1,2,11316,18998,19001,JobState.COMPLETED,0,176.53061224489795,176.53061224489795,353.0612244897959
jid_895289,63299.0,570.0,1,1,11316,18999,19001,JobState.COMPLETED,0,176.53061224489795,176.53061224489795,176.53061224489795
jid_895289,63299.0,570.0,1,1,11316,19000,19002,JobState.COMPLETED,0,176.53061224489795,176.53061224489795,176.53061224489795
jid_895289,63299.0,570.0,1,1,11316,19000,19002,JobState.COMPLETED,0,176.53061224489795,176.53061224489795,176.53061224489795
jid_895289,63299.0,570.0,1,2,11316,19000,19003,JobState.COMPLETED,0,176.53061224489795,176.53061224489795,353.0612244897959
jid_895289,63299.0,570.0,1,2,11316,19000,19003,JobState.COMPLETED,0,176.53061224489795,176.53061224489795,353.0612244897959
jid_895289,63299.0,570.0,1,1,11316,19001,19003,JobState.COMPLETED,0,176.53061224489795,176.53061224489795,176.53061224489795
jid_895289,63299.0,570.0,1,2,11316,19001,19004,JobState.COMPLETED,0,176.53061224489795,176.53061224489795,353.0612244897959
jid_895289,63299.0,570.0,1,2,11316,19001,19004,JobState.COMPLETED,0,176.53061224489795,176.53061224489795,353.0612244897959
jid_895289,63299.0,570.0,1,2,11316,19002,19005,JobState.COMPLETED,0,176.53061224489795,176.53061224489795,353.0612244897959
jid_895289,63299.0,570.0,1,2,11316,19002,19005,JobState.COMPLETED,0,176.53061224489795,176.53061224489795,353.0612244897959
jid_895289,63299.0,570.0,1,1,11316,19003,19005,JobState.COMPLETED,0,176.53061224489795,176.53061224489795,176.53061224489795
jid_895289,63299.0,570.0,1,2,11316,19003,19006,JobState.COMPLETED,0,176.53061224489795,176.53061224489795,353.0612244897959
jid_895289,63299.0,570.0,1,2,11316,19003,19006,JobState.COMPLETED,0,176.53061224489795,176.53061224489795,353.0612244897959
jid_895289,63299.0,570.0,1,1,11316,19004,19006,JobState.COMPLETED,0,176.53061224489795,176.53061224489795,176.53061224489795
jid_895289,63299.0,570.0,1,2,11316,19004,19007,JobState.COMPLETED,0,176.53061224489795,176.53061224489795,353.0612244897959
jid_895289,63299.0,570.0,1,1,11316,19005,19007,JobState.COMPLETED,0,176.53061224489795,176.53061224489795,176.53061224489795
jid_895289,63299.0,570.0,1,2,11316,19005,19008,JobState.COMPLETED,0,176.53061224489795,176.53061224489795,353.0612244897959
jid_895289,63299.0,570.0,1,2,11316,19005,19008,JobState.COMPLETED,0,176.53061224489795,176.53061224489795,353.0612244897959
jid_895289,63299.0,570.0,1,1,11316,19006,19008,JobState.COMPLETED,0,176.53061224489795,176.53061224489795,176.53061224489795
jid_895289,63299.0,570.0,1,2,11316,19006,19009,JobState.COMPLETED,0,176.53061224489795,176.53061224489795,353.0612244897959
jid_895289,63299.0,570.0,1,2,11316,19006,19009,JobState.COMPLETED,0,176.53061224489795,176.53061224489795,353.0612244897959
jid_895289,63299.0,570.0,1,1,11316,19007,19009,JobState.COMPLETED,0,176.53061224489795,176.53061224489795,176.53061224489795
jid_895289,63299.0,570.0,1,2,11316,19007,19010,JobState.COMPLETED,0,176.53061224489795,176.53061224489795,353.0612244897959
jid_895289,63299.0,570.0,1,1,11316,19008,19010,JobState.COMPLETED,0,176.53061224489795,176.53061224489795,176.53061224489795
jid_895289,63299.0,570.0,1,1,11316,19008,19010,JobState.COMPLETED,0,176.53061224489795,176.53061224489795,176.53061224489795
jid_895289,63299.0,570.0,1,2,11316,19008,19011,JobState.COMPLETED,0,176.53061224489795,176.53061224489795,353.0612244897959
jid_895289,63299.0,570.0,1,1,11316,19009,19011,JobState.COMPLETED,0,176.53061224489795,176.53061224489795,176.53061224489795
jid_895289,63299.0,570.0,1,2,11316,19009,19012,JobState.COMPLETED,0,176.53061224489795,176.53061224489795,353.0612244897959
jid_895289,63299.0,570.0,1,2,11316,19009,19012,JobState.COMPLETED,0,176.53061224489795,176.53061224489795,353.0612244897959
jid_895289,63299.0,570.0,1,1,11316,19010,19012,JobState.COMPLETED,0,176.53061224489795,176.53061224489795,176.53061224489795
jid_895289,63299.0,570.0,1,2,11316,19010,19013,JobState.COMPLETED,0,176.53061224489795,176.53061224489795,353.0612244897959
jid_895289,63299.0,570.0,1,2,11316,19010,19013,JobState.COMPLETED,0,176.53061224489795,176.53061224489795,353.0612244897959
jid_895289,63299.0,570.0,1,1,11316,19011,19013,JobState.COMPLETED,0,176.53061224489795,176.53061224489795,176.53061224489795
jid_895289,63299.0,570.0,1,0,11316,19012,19013,JobState.COMPLETED,0,176.53061224489795,176.53061224489795,0.0
jid_895289,63299.0,570.0,1,2,11316,19011,19014,JobState.COMPLETED,0,176.53061224489795,176.53061224489795,353.0612244897959
jid_895289,63299.0,570.0,1,2,11316,19012,19015,JobState.COMPLETED,0,176.53061224489795,176.53061224489795,353.0612244897959
jid_895289,63299.0,570.0,1,1,11316,19013,19015,JobState.COMPLETED,0,176.53061224489795,176.53061224489795,176.53061224489795
jid_895289,63299.0,570.0,1,2,11316,19013,19016,JobState.COMPLETED,0,176.53061224489795,176.53061224489795,353.0612244897959
jid_895289,63299.0,570.0,1,2,11316,19013,19016,JobState.COMPLETED,0,176.53061224489795,176.53061224489795,353.0612244897959
jid_895289,63299.0,570.0,1,2,11316,19013,19016,JobState.COMPLETED,0,176.53061224489795,176.53061224489795,353.0612244897959
jid_895289,63299.0,570.0,1,1,11316,19014,19016,JobState.COMPLETED,0,176.53061224489795,176.53061224489795,176.53061224489795
jid_895289,63299.0,570.0,1,4,11316,19012,19017,JobState.COMPLETED,0,176.53061224489795,176.53061224489795,706.1224489795918
jid_895289,63299.0,570.0,1,2,11316,19015,19018,JobState.COMPLETED,0,176.53061224489795,176.53061224489795,353.0612244897959
jid_895289,63299.0,570.0,1,2,11316,19015,19018,JobState.COMPLETED,0,176.53061224489795,176.53061224489795,353.0612244897959
jid_895289,63299.0,570.0,1,1,11316,19016,19018,JobState.COMPLETED,0,176.53061224489795,176.53061224489795,176.53061224489795
jid_895289,63299.0,570.0,1,1,11316,19016,19018,JobState.COMPLETED,0,176.53061224489795,176.53061224489795,176.53061224489795
jid_895289,63299.0,570.0,1,2,11316,19016,19019,JobState.COMPLETED,0,176.53061224489795,176.53061224489795,353.0612244897959
jid_895289,63299.0,570.0,1,2,11316,19016,19019,JobState.COMPLETED,0,176.53061224489795,176.53061224489795,353.0612244897959
jid_895289,63299.0,570.0,1,1,11316,19017,19019,JobState.COMPLETED,0,176.53061224489795,176.53061224489795,176.53061224489795
jid_895289,63299.0,570.0,1,2,11316,19018,19021,JobState.COMPLETED,0,176.53061224489795,176.53061224489795,353.0612244897959
jid_895289,63299.0,570.0,1,2,11316,19018,19021,JobState.COMPLETED,0,176.53061224489795,176.53061224489795,353.0612244897959
jid_895289,63299.0,570.0,1,2,11316,19018,19021,JobState.COMPLETED,0,176.53061224489795,176.53061224489795,353.0612244897959
jid_895289,63299.0,570.0,1,2,11316,19018,19021,JobState.COMPLETED,0,176.53061224489795,176.53061224489795,353.0612244897959
jid_895289,63299.0,570.0,1,1,11316,19019,19021,JobState.COMPLETED,0,176.53061224489795,176.53061224489795,176.53061224489795
jid_895289,63299.0,570.0,1,2,11316,19019,19022,JobState.COMPLETED,0,176.53061224489795,176.53061224489795,353.0612244897959
jid_895289,63299.0,570.0,1,2,11316,19019,19022,JobState.COMPLETED,0,176.53061224489795,176.53061224489795,353.0612244897959
jid_895289,63299.0,570.0,1,2,11316,19021,19024,JobState.COMPLETED,0,176.53061224489795,176.53061224489795,353.0612244897959
jid_895289,63299.0,570.0,1,2,11316,19021,19024,JobState.COMPLETED,0,176.53061224489795,176.53061224489795,353.0612244897959
jid_895289,63299.0,570.0,1,2,11316,19021,19024,JobState.COMPLETED,0,176.53061224489795,176.53061224489795,353.0612244897959
jid_895289,63299.0,570.0,1,2,11316,19021,19024,JobState.COMPLETED,0,176.53061224489795,176.53061224489795,353.0612244897959
jid_895289,63299.0,570.0,1,2,11316,19021,19024,JobState.COMPLETED,0,176.53061224489795,176.53061224489795,353.0612244897959
jid_895289,63299.0,570.0,1,2,11316,19022,19025,JobState.COMPLETED,0,176.53061224489795,176.53061224489795,353.0612244897959
jid_895289,63299.0,570.0,1,2,11316,19022,19025,JobState.COMPLETED,0,176.53061224489795,176.53061224489795,353.0612244897959
jid_895289,63299.0,570.0,1,1,11316,19024,19026,JobState.COMPLETED,0,176.53061224489795,176.53061224489795,176.53061224489795
jid_895289,63299.0,570.0,1,1,11316,19024,19026,JobState.COMPLETED,0,176.53061224489795,176.53061224489795,176.53061224489795
jid_895289,63299.0,570.0,1,1,11316,19024,19026,JobState.COMPLETED,0,176.53061224489795,176.53061224489795,176.53061224489795
jid_895289,63299.0,570.0,1,1,11316,19024,19026,JobState.COMPLETED,0,176.53061224489795,176.53061224489795,176.53061224489795
jid_895289,63299.0,570.0,1,2,11316,19024,19027,JobState.COMPLETED,0,176.53061224489795,176.53061224489795,353.0612244897959
jid_895289,63299.0,570.0,1,2,11316,19025,19028,JobState.COMPLETED,0,176.53061224489795,176.53061224489795,353.0612244897959
jid_895289,63299.0,570.0,1,2,11316,19025,19028,JobState.COMPLETED,0,176.53061224489795,176.53061224489795,353.0612244897959
jid_895289,63299.0,570.0,1,1,11316,19026,19028,JobState.COMPLETED,0,176.53061224489795,176.53061224489795,176.53061224489795
jid_895289,63299.0,570.0,1,1,11316,19026,19028,JobState.COMPLETED,0,176.53061224489795,176.53061224489795,176.53061224489795
jid_895289,63299.0,570.0,1,2,11316,19026,19029,JobState.COMPLETED,0,176.53061224489795,176.53061224489795,353.0612244897959
jid_895289,63299.0,570.0,1,2,11316,19026,19029,JobState.COMPLETED,0,176.53061224489795,176.53061224489795,353.0612244897959
jid_895289,63299.0,570.0,1,1,11316,19027,19029,JobState.COMPLETED,0,176.53061224489795,176.53061224489795,176.53061224489795
jid_895289,63299.0,570.0,1,1,11316,19028,19030,JobState.COMPLETED,0,176.53061224489795,176.53061224489795,176.53061224489795
jid_895289,63299.0,570.0,1,2,11316,19028,19031,JobState.COMPLETED,0,176.53061224489795,176.53061224489795,353.0612244897959
jid_895289,63299.0,570.0,1,2,11316,19028,19031,JobState.COMPLETED,0,176.53061224489795,176.53061224489795,353.0612244897959
jid_895289,63299.0,570.0,1,2,11316,19028,19031,JobState.COMPLETED,0,176.53061224489795,176.53061224489795,353.0612244897959
jid_895289,63299.0,570.0,1,1,11316,19029,19031,JobState.COMPLETED,0,176.53061224489795,176.53061224489795,176.53061224489795
jid_895289,63299.0,570.0,1,2,11316,19029,19032,JobState.COMPLETED,0,176.53061224489795,176.53061224489795,353.0612244897959
jid_895289,63299.0,570.0,1,2,11316,19029,19032,JobState.COMPLETED,0,176.53061224489795,176.53061224489795,353.0612244897959
jid_895289,63299.0,570.0,1,1,11316,19030,19032,JobState.COMPLETED,0,176.53061224489795,176.53061224489795,176.53061224489795
jid_895289,63299.0,570.0,1,2,11316,19031,19034,JobState.COMPLETED,0,176.53061224489795,176.53061224489795,353.0612244897959
jid_895289,63299.0,570.0,1,2,11316,19031,19034,JobState.COMPLETED,0,176.53061224489795,176.53061224489795,353.0612244897959
jid_895289,63299.0,570.0,1,2,11316,19031,19034,JobState.COMPLETED,0,176.53061224489795,176.53061224489795,353.0612244897959
jid_895289,63299.0,570.0,1,2,11316,19031,19034,JobState.COMPLETED,0,176.53061224489795,176.53061224489795,353.0612244897959
jid_895289,63299.0,570.0,1,2,11316,19032,19035,JobState.COMPLETED,0,176.53061224489795,176.53061224489795,353.0612244897959
jid_895289,63299.0,570.0,1,2,11316,19032,19035,JobState.COMPLETED,0,176.53061224489795,176.53061224489795,353.0612244897959
jid_895289,63299.0,570.0,1,2,11316,19032,19035,JobState.COMPLETED,0,176.53061224489795,176.53061224489795,353.0612244897959
jid_895289,63299.0,570.0,1,1,11316,19034,19036,JobState.COMPLETED,0,176.53061224489795,176.53061224489795,176.53061224489795
jid_895289,63299.0,570.0,1,1,11316,19034,19036,JobState.COMPLETED,0,176.53061224489795,176.53061224489795,176.53061224489795
jid_895289,63299.0,570.0,1,2,11316,19034,19037,JobState.COMPLETED,0,176.53061224489795,176.53061224489795,353.0612244897959
jid_895289,63299.0,570.0,1,2,11316,19034,19037,JobState.COMPLETED,0,176.53061224489795,176.53061224489795,353.0612244897959
jid_895289,63299.0,570.0,1,1,11316,19035,19037,JobState.COMPLETED,0,176.53061224489795,176.53061224489795,176.53061224489795
jid_895289,63299.0,570.0,1,1,11316,19035,19037,JobState.COMPLETED,0,176.53061224489795,176.53061224489795,176.53061224489795
jid_895289,63299.0,570.0,1,2,11316,19035,19038,JobState.COMPLETED,0,176.53061224489795,176.53061224489795,353.0612244897959
jid_895289,63299.0,570.0,1,1,11316,19036,19038,JobState.COMPLETED,0,176.53061224489795,176.53061224489795,176.53061224489795
jid_895289,63299.0,570.0,1,1,11316,19036,19038,JobState.COMPLETED,0,176.53061224489795,176.53061224489795,176.53061224489795
jid_895289,63299.0,570.0,1,1,11316,19037,19039,JobState.COMPLETED,0,176.53061224489795,176.53061224489795,176.53061224489795
jid_895289,63299.0,570.0,1,2,11316,19037,19040,JobState.COMPLETED,0,176.53061224489795,176.53061224489795,353.0612244897959
jid_895289,63299.0,570.0,1,2,11316,19037,19040,JobState.COMPLETED,0,176.53061224489795,176.53061224489795,353.0612244897959
jid_895289,63299.0,570.0,1,2,11316,19037,19040,JobState.COMPLETED,0,176.53061224489795,176.53061224489795,353.0612244897959
jid_895289,63299.0,570.0,1,1,11316,19038,19040,JobState.COMPLETED,0,176.53061224489795,176.53061224489795,176.53061224489795
jid_895289,63299.0,570.0,1,2,11316,19038,19041,JobState.COMPLETED,0,176.53061224489795,176.53061224489795,353.0612244897959
jid_895289,63299.0,570.0,1,2,11316,19038,19041,JobState.COMPLETED,0,176.53061224489795,176.53061224489795,353.0612244897959
jid_895289,63299.0,570.0,1,2,11316,19039,19042,JobState.COMPLETED,0,176.53061224489795,176.53061224489795,353.0612244897959
jid_895427,63299.0,570.0,1,1,11982,19040,19042,JobState.COMPLETED,0,176.53061224489795,176.53061224489795,176.53061224489795
jid_895427,63299.0,570.0,1,2,11982,19040,19043,JobState.COMPLETED,0,176.53061224489795,176.53061224489795,353.0612244897959
jid_895427,63299.0,570.0,1,2,11982,19040,19043,JobState.COMPLETED,0,176.53061224489795,176.53061224489795,353.0612244897959
jid_895427,63299.0,570.0,1,2,11982,19040,19043,JobState.COMPLETED,0,176.53061224489795,176.53061224489795,353.0612244897959
jid_895427,63299.0,570.0,1,2,11982,19041,19044,JobState.COMPLETED,0,176.53061224489795,176.53061224489795,353.0612244897959
jid_895427,63299.0,570.0,1,2,11982,19041,19044,JobState.COMPLETED,0,176.53061224489795,176.53061224489795,353.0612244897959
jid_895427,63299.0,570.0,1,2,11982,19042,19045,JobState.COMPLETED,0,176.53061224489795,176.53061224489795,353.0612244897959
jid_895427,63299.0,570.0,1,2,11982,19042,19045,JobState.COMPLETED,0,176.53061224489795,176.53061224489795,353.0612244897959
jid_895427,63299.0,570.0,1,1,11982,19043,19045,JobState.COMPLETED,0,176.53061224489795,176.53061224489795,176.53061224489795
jid_895427,63299.0,570.0,1,2,11982,19043,19046,JobState.COMPLETED,0,176.53061224489795,176.53061224489795,353.0612244897959
jid_895427,63299.0,570.0,1,2,11982,19043,19046,JobState.COMPLETED,0,176.53061224489795,176.53061224489795,353.0612244897959
jid_895427,63299.0,570.0,1,1,11982,19044,19046,JobState.COMPLETED,0,176.53061224489795,176.53061224489795,176.53061224489795
jid_895427,63299.0,570.0,1,2,11982,19044,19047,JobState.COMPLETED,0,176.53061224489795,176.53061224489795,353.0612244897959
jid_895427,63299.0,570.0,1,1,11982,19045,19047,JobState.COMPLETED,0,176.53061224489795,176.53061224489795,176.53061224489795
jid_895427,63299.0,570.0,1,1,11982,19045,19047,JobState.COMPLETED,0,176.53061224489795,176.53061224489795,176.53061224489795
jid_895427,63299.0,570.0,1,2,11982,19045,19048,JobState.COMPLETED,0,176.53061224489795,176.53061224489795,353.0612244897959
jid_895427,63299.0,570.0,1,1,11982,19046,19048,JobState.COMPLETED,0,176.53061224489795,176.53061224489795,176.53061224489795
jid_895427,63299.0,570.0,1,1,11982,19046,19048,JobState.COMPLETED,0,176.53061224489795,176.53061224489795,176.53061224489795
jid_895427,63299.0,570.0,1,2,11982,19046,19049,JobState.COMPLETED,0,176.53061224489795,176.53061224489795,353.0612244897959
jid_895427,63299.0,570.0,1,1,11982,19047,19049,JobState.COMPLETED,0,176.53061224489795,176.53061224489795,176.53061224489795
jid_895427,63299.0,570.0,1,1,11982,19047,19049,JobState.COMPLETED,0,176.53061224489795,176.53061224489795,176.53061224489795
jid_895427,63299.0,570.0,1,2,11982,19047,19050,JobState.COMPLETED,0,176.53061224489795,176.53061224489795,353.0612244897959
jid_895427,63299.0,570.0,1,1,11982,19048,19050,JobState.COMPLETED,0,176.53061224489795,176.53061224489795,176.53061224489795
jid_895427,63299.0,570.0,1,2,11982,19048,19051,JobState.COMPLETED,0,176.53061224489795,176.53061224489795,353.0612244897959
jid_895427,63299.0,570.0,1,2,11982,19048,19051,JobState.COMPLETED,0,176.53061224489795,176.53061224489795,353.0612244897959
jid_895427,63299.0,570.0,1,1,11982,19049,19051,JobState.COMPLETED,0,176.53061224489795,176.53061224489795,176.53061224489795
jid_895427,63299.0,570.0,1,2,11982,19049,19052,JobState.COMPLETED,0,176.53061224489795,176.53061224489795,353.0612244897959
jid_895427,63299.0,570.0,1,2,11982,19049,19052,JobState.COMPLETED,0,176.53061224489795,176.53061224489795,353.0612244897959
jid_895427,63299.0,570.0,1,1,11982,19050,19052,JobState.COMPLETED,0,176.53061224489795,176.53061224489795,176.53061224489795
jid_895427,63299.0,570.0,1,1,11982,19050,19052,JobState.COMPLETED,0,176.53061224489795,176.53061224489795,176.53061224489795
jid_895427,63299.0,570.0,1,1,11982,19051,19053,JobState.COMPLETED,0,176.53061224489795,176.53061224489795,176.53061224489795
jid_895427,63299.0,570.0,1,1,11982,19051,19053,JobState.COMPLETED,0,176.53061224489795,176.53061224489795,176.53061224489795
jid_895427,63299.0,570.0,1,2,11982,19051,19054,JobState.COMPLETED,0,176.53061224489795,176.53061224489795,353.0612244897959
jid_895427,63299.0,570.0,1,1,11982,19052,19054,JobState.COMPLETED,0,176.53061224489795,176.53061224489795,176.53061224489795
jid_895427,63299.0,570.0,1,1,11982,19052,19054,JobState.COMPLETED,0,176.53061224489795,176.53061224489795,176.53061224489795
jid_895427,63299.0,570.0,1,2,11982,19052,19055,JobState.COMPLETED,0,176.53061224489795,176.53061224489795,353.0612244897959
jid_895427,63299.0,570.0,1,2,11982,19052,19055,JobState.COMPLETED,0,176.53061224489795,176.53061224489795,353.0612244897959
jid_895427,63299.0,570.0,1,1,11982,19053,19055,JobState.COMPLETED,0,176.53061224489795,176.53061224489795,176.53061224489795
jid_895427,63299.0,570.0,1,2,11982,19053,19056,JobState.COMPLETED,0,176.53061224489795,176.53061224489795,353.0612244897959
jid_895427,63299.0,570.0,1,1,11982,19054,19056,JobState.COMPLETED,0,176.53061224489795,176.53061224489795,176.53061224489795
jid_895427,63299.0,570.0,1,1,11982,19054,19056,JobState.COMPLETED,0,176.53061224489795,176.53061224489795,176.53061224489795
jid_895427,63299.0,570.0,1,2,11982,19054,19057,JobState.COMPLETED,0,176.53061224489795,176.53061224489795,353.0612244897959
jid_895427,63299.0,570.0,1,1,11982,19055,19057,JobState.COMPLETED,0,176.53061224489795,176.53061224489795,176.53061224489795
jid_895427,63299.0,570.0,1,2,11982,19055,19058,JobState.COMPLETED,0,176.53061224489795,176.53061224489795,353.0612244897959
jid_895427,63299.0,570.0,1,2,11982,19055,19058,JobState.COMPLETED,0,176.53061224489795,176.53061224489795,353.0612244897959
jid_895427,63299.0,570.0,1,1,11982,19056,19058,JobState.COMPLETED,0,176.53061224489795,176.53061224489795,176.53061224489795
jid_895427,63299.0,570.0,1,1,11982,19056,19058,JobState.COMPLETED,0,176.53061224489795,176.53061224489795,176.53061224489795
jid_895427,63299.0,570.0,1,2,11982,19056,19059,JobState.COMPLETED,0,176.53061224489795,176.53061224489795,353.0612244897959
jid_895427,63299.0,570.0,1,1,11982,19057,19059,JobState.COMPLETED,0,176.53061224489795,176.53061224489795,176.53061224489795
jid_895427,63299.0,570.0,1,1,11982,19057,19059,JobState.COMPLETED,0,176.53061224489795,176.53061224489795,176.53061224489795
jid_895427,63299.0,570.0,1,1,11982,19058,19060,JobState.COMPLETED,0,176.53061224489795,176.53061224489795,176.53061224489795
jid_895427,63299.0,570.0,1,1,11982,19058,19060,JobState.COMPLETED,0,176.53061224489795,176.53061224489795,176.53061224489795
jid_895427,63299.0,570.0,1,2,11982,19058,19061,JobState.COMPLETED,0,176.53061224489795,176.53061224489795,353.0612244897959
jid_895427,63299.0,570.0,1,2,11982,19058,19061,JobState.COMPLETED,0,176.53061224489795,176.53061224489795,353.0612244897959
jid_895427,63299.0,570.0,1,1,11982,19059,19061,JobState.COMPLETED,0,176.53061224489795,176.53061224489795,176.53061224489795
jid_895427,63299.0,570.0,1,1,11982,19059,19061,JobState.COMPLETED,0,176.53061224489795,176.53061224489795,176.53061224489795
jid_895427,63299.0,570.0,1,2,11982,19059,19062,JobState.COMPLETED,0,176.53061224489795,176.53061224489795,353.0612244897959
jid_895427,63299.0,570.0,1,1,11982,19060,19062,JobState.COMPLETED,0,176.53061224489795,176.53061224489795,176.53061224489795
jid_895427,63299.0,570.0,1,2,11982,19060,19063,JobState.COMPLETED,0,176.53061224489795,176.53061224489795,353.0612244897959
jid_895427,63299.0,570.0,1,1,11982,19061,19063,JobState.COMPLETED,0,176.53061224489795,176.53061224489795,176.53061224489795
jid_895427,63299.0,570.0,1,2,11982,19061,19064,JobState.COMPLETED,0,176.53061224489795,176.53061224489795,353.0612244897959
jid_895427,63299.0,570.0,1,2,11982,19061,19064,JobState.COMPLETED,0,176.53061224489795,176.53061224489795,353.0612244897959
jid_895427,63299.0,570.0,1,2,11982,19061,19064,JobState.COMPLETED,0,176.53061224489795,176.53061224489795,353.0612244897959
jid_895427,63299.0,570.0,1,1,11982,19062,19064,JobState.COMPLETED,0,176.53061224489795,176.53061224489795,176.53061224489795
jid_895427,63299.0,570.0,1,1,11982,19062,19064,JobState.COMPLETED,0,176.53061224489795,176.53061224489795,176.53061224489795
jid_895427,63299.0,570.0,1,2,11982,19063,19066,JobState.COMPLETED,0,176.53061224489795,176.53061224489795,353.0612244897959
jid_895427,63299.0,570.0,1,2,11982,19063,19066,JobState.COMPLETED,0,176.53061224489795,176.53061224489795,353.0612244897959
jid_895427,63299.0,570.0,1,1,11982,19064,19066,JobState.COMPLETED,0,176.53061224489795,176.53061224489795,176.53061224489795
jid_895427,63299.0,570.0,1,1,11982,19064,19066,JobState.COMPLETED,0,176.53061224489795,176.53061224489795,176.53061224489795
jid_895427,63299.0,570.0,1,1,11982,19064,19066,JobState.COMPLETED,0,176.53061224489795,176.53061224489795,176.53061224489795
jid_895427,63299.0,570.0,1,2,11982,19064,19067,JobState.COMPLETED,0,176.53061224489795,176.53061224489795,353.0612244897959
jid_895427,63299.0,570.0,1,2,11982,19064,19067,JobState.COMPLETED,0,176.53061224489795,176.53061224489795,353.0612244897959
jid_895427,63299.0,570.0,1,1,11982,19066,19068,JobState.COMPLETED,0,176.53061224489795,176.53061224489795,176.53061224489795
jid_895427,63299.0,570.0,1,1,11982,19066,19068,JobState.COMPLETED,0,176.53061224489795,176.53061224489795,176.53061224489795
jid_895427,63299.0,570.0,1,1,11982,19066,19068,JobState.COMPLETED,0,176.53061224489795,176.53061224489795,176.53061224489795
jid_895427,63299.0,570.0,1,2,11982,19066,19069,JobState.COMPLETED,0,176.53061224489795,176.53061224489795,353.0612244897959
jid_895427,63299.0,570.0,1,2,11982,19066,19069,JobState.COMPLETED,0,176.53061224489795,176.53061224489795,353.0612244897959
jid_895427,63299.0,570.0,1,1,11982,19067,19069,JobState.COMPLETED,0,176.53061224489795,176.53061224489795,176.53061224489795
jid_895427,63299.0,570.0,1,1,11982,19067,19069,JobState.COMPLETED,0,176.53061224489795,176.53061224489795,176.53061224489795
jid_895427,63299.0,570.0,1,1,11982,19068,19070,JobState.COMPLETED,0,176.53061224489795,176.53061224489795,176.53061224489795
jid_895427,63299.0,570.0,1,2,11982,19068,19071,JobState.COMPLETED,0,176.53061224489795,176.53061224489795,353.0612244897959
jid_895427,63299.0,570.0,1,2,11982,19068,19071,JobState.COMPLETED,0,176.53061224489795,176.53061224489795,353.0612244897959
jid_895427,63299.0,570.0,1,1,11982,19069,19071,JobState.COMPLETED,0,176.53061224489795,176.53061224489795,176.53061224489795
jid_895427,63299.0,570.0,1,1,11982,19069,19071,JobState.COMPLETED,0,176.53061224489795,176.53061224489795,176.53061224489795
jid_895427,63299.0,570.0,1,2,11982,19069,19072,JobState.COMPLETED,0,176.53061224489795,176.53061224489795,353.0612244897959
jid_895427,63299.0,570.0,1,2,11982,19069,19072,JobState.COMPLETED,0,176.53061224489795,176.53061224489795,353.0612244897959
jid_895427,63299.0,570.0,1,1,11982,19070,19072,JobState.COMPLETED,0,176.53061224489795,176.53061224489795,176.53061224489795
jid_895427,63299.0,570.0,1,1,11982,19071,19073,JobState.COMPLETED,0,176.53061224489795,176.53061224489795,176.53061224489795
jid_895427,63299.0,570.0,1,1,11982,19071,19073,JobState.COMPLETED,0,176.53061224489795,176.53061224489795,176.53061224489795
jid_895427,63299.0,570.0,1,2,11982,19071,19074,JobState.COMPLETED,0,176.53061224489795,176.53061224489795,353.0612244897959
jid_895427,63299.0,570.0,1,2,11982,19071,19074,JobState.COMPLETED,0,176.53061224489795,176.53061224489795,353.0612244897959
jid_895427,63299.0,570.0,1,1,11982,19072,19074,JobState.COMPLETED,0,176.53061224489795,176.53061224489795,176.53061224489795
jid_895427,63299.0,570.0,1,2,11982,19072,19075,JobState.COMPLETED,0,176.53061224489795,176.53061224489795,353.0612244897959
jid_895083,63299.0,570.0,1,764,9620,18352,19117,JobState.COMPLETED,0,176.53061224489815,176.53061224489795,134869.3877551022
jid_895598,63299.0,570.0,1,303,12834,19074,19378,JobState.COMPLETED,0,176.53061224489798,176.53061224489795,53488.77551020409
jid_895598,63299.0,570.0,1,307,12834,19073,19381,JobState.COMPLETED,0,176.53061224489798,176.53061224489795,54194.89795918368
jid_895598,63299.0,570.0,1,306,12834,19074,19381,JobState.COMPLETED,0,176.53061224489798,176.53061224489795,54018.36734693878
jid_895598,63299.0,570.0,1,310,12834,19074,19385,JobState.COMPLETED,0,176.53061224489798,176.53061224489795,54724.48979591837
jid_895598,63299.0,570.0,1,312,12834,19073,19386,JobState.COMPLETED,0,176.53061224489798,176.53061224489795,55077.55102040817
jid_895598,63299.0,570.0,1,312,12834,19075,19388,JobState.COMPLETED,0,176.53061224489798,176.53061224489795,55077.55102040817
jid_895427,63299.0,570.0,1,967,11982,19072,20040,JobState.COMPLETED,0,176.5306122448981,176.53061224489795,170705.10204081645
jid_896586,325.0,145.0,8,20940,565,565,21506,JobState.COMPLETED,0,176.53061224490594,176.53061224489795,29572408.163266644
jid_895820,71038.0,736.0,10,2,14370,21506,21509,JobState.COMPLETED,0,176.53061224489795,176.53061224489795,3530.612244897959
jid_895841,71038.0,736.0,10,2,14500,21509,21512,JobState.COMPLETED,0,176.53061224489795,176.53061224489795,3530.612244897959
jid_896606,322.0,145.0,8,21046,565,565,21612,JobState.COMPLETED,0,176.53061224490597,176.53061224489795,29722106.12245033
jid_896627,329.0,145.0,8,21250,566,566,21817,JobState.COMPLETED,0,176.53061224490602,176.53061224489795,30010204.081634022
jid_895598,63299.0,570.0,1,310,12834,21509,21820,JobState.COMPLETED,0,176.53061224489798,176.53061224489795,54724.48979591837
jid_895598,63299.0,570.0,1,311,12834,21509,21821,JobState.COMPLETED,0,176.53061224489798,176.53061224489795,54901.02040816327
jid_895598,63299.0,570.0,1,313,12834,21512,21826,JobState.COMPLETED,0,176.53061224489798,176.53061224489795,55254.08163265307
jid_895598,63299.0,570.0,1,313,12834,21512,21826,JobState.COMPLETED,0,176.53061224489798,176.53061224489795,55254.08163265307
jid_895598,63299.0,570.0,1,313,12834,21512,21826,JobState.COMPLETED,0,176.53061224489798,176.53061224489795,55254.08163265307
jid_895598,63299.0,570.0,1,317,12834,21509,21827,JobState.COMPLETED,0,176.53061224489798,176.53061224489795,55960.20408163266
jid_895598,63299.0,570.0,1,314,12834,21512,21827,JobState.COMPLETED,0,176.53061224489798,176.53061224489795,55430.612244897966
jid_895598,63299.0,570.0,1,318,12834,21509,21828,JobState.COMPLETED,0,176.53061224489798,176.53061224489795,56136.73469387756
jid_895598,63299.0,570.0,1,318,12834,21509,21828,JobState.COMPLETED,0,176.53061224489798,176.53061224489795,56136.73469387756
jid_895598,63299.0,570.0,1,315,12834,21512,21828,JobState.COMPLETED,0,176.53061224489798,176.53061224489795,55607.14285714286
jid_895598,63299.0,570.0,1,315,12834,21512,21828,JobState.COMPLETED,0,176.53061224489798,176.53061224489795,55607.14285714286
jid_895598,63299.0,570.0,1,319,12834,21509,21829,JobState.COMPLETED,0,176.53061224489798,176.53061224489795,56313.265306122456
jid_895598,63299.0,570.0,1,317,12834,21512,21830,JobState.COMPLETED,0,176.53061224489798,176.53061224489795,55960.20408163266
jid_895598,63299.0,570.0,1,320,12834,21512,21833,JobState.COMPLETED,0,176.53061224489798,176.53061224489795,56489.79591836735
jid_895598,63299.0,570.0,1,320,12834,21512,21833,JobState.COMPLETED,0,176.53061224489798,176.53061224489795,56489.79591836735
jid_895598,63299.0,570.0,1,322,12834,21512,21835,JobState.COMPLETED,0,176.53061224489798,176.53061224489795,56842.85714285715
jid_895598,63299.0,570.0,1,245,12834,21612,21858,JobState.COMPLETED,0,176.5306122448979,176.53061224489795,43249.999999999985
jid_896636,321.0,145.0,8,21348,565,565,21914,JobState.COMPLETED,0,176.53061224490602,176.53061224489795,30148604.08163403
jid_895598,63299.0,570.0,1,312,12834,21612,21925,JobState.COMPLETED,0,176.53061224489798,176.53061224489795,55077.55102040817
jid_895598,63299.0,570.0,1,314,12834,21612,21927,JobState.COMPLETED,0,176.53061224489798,176.53061224489795,55430.612244897966
jid_895598,63299.0,570.0,1,316,12834,21612,21929,JobState.COMPLETED,0,176.53061224489798,176.53061224489795,55783.67346938776
jid_895598,63299.0,570.0,1,319,12834,21612,21932,JobState.COMPLETED,0,176.53061224489798,176.53061224489795,56313.265306122456
jid_895598,63299.0,570.0,1,320,12834,21612,21933,JobState.COMPLETED,0,176.53061224489798,176.53061224489795,56489.79591836735
jid_895598,63299.0,570.0,1,320,12834,21612,21933,JobState.COMPLETED,0,176.53061224489798,176.53061224489795,56489.79591836735
jid_895598,63299.0,570.0,1,323,12834,21612,21936,JobState.COMPLETED,0,176.53061224489798,176.53061224489795,57019.38775510205
jid_896650,327.0,145.0,8,21415,566,566,21982,JobState.COMPLETED,0,176.53061224490605,176.53061224489795,30243224.489797305
jid_896658,36777.0,145.0,8,21519,569,569,22089,JobState.COMPLETED,0,176.53061224490608,176.53061224489795,30390097.95918507
jid_896662,65131.0,145.0,8,21552,575,575,22128,JobState.COMPLETED,0,176.53061224490608,176.53061224489795,30436702.040817726
jid_895598,63299.0,570.0,1,312,12834,21817,22130,JobState.COMPLETED,0,176.53061224489798,176.53061224489795,55077.55102040817
jid_895598,63299.0,570.0,1,313,12834,21817,22131,JobState.COMPLETED,0,176.53061224489798,176.53061224489795,55254.08163265307
jid_895598,63299.0,570.0,1,314,12834,21817,22132,JobState.COMPLETED,0,176.53061224489798,176.53061224489795,55430.612244897966
jid_895598,63299.0,570.0,1,315,12834,21817,22133,JobState.COMPLETED,0,176.53061224489798,176.53061224489795,55607.14285714286
jid_895598,63299.0,570.0,1,315,12834,21817,22133,JobState.COMPLETED,0,176.53061224489798,176.53061224489795,55607.14285714286
jid_895598,63299.0,570.0,1,316,12834,21817,22134,JobState.COMPLETED,0,176.53061224489798,176.53061224489795,55783.67346938776
jid_895598,63299.0,570.0,1,317,12834,21817,22135,JobState.COMPLETED,0,176.53061224489798,176.53061224489795,55960.20408163266
jid_895598,63299.0,570.0,1,320,12834,21817,22138,JobState.COMPLETED,0,176.53061224489798,176.53061224489795,56489.79591836735
jid_895598,63299.0,570.0,1,319,12834,21820,22140,JobState.COMPLETED,0,176.53061224489798,176.53061224489795,56313.265306122456
jid_895598,63299.0,570.0,1,313,12834,21826,22140,JobState.COMPLETED,0,176.53061224489798,176.53061224489795,55254.08163265307
jid_895598,63299.0,570.0,1,315,12834,21826,22142,JobState.COMPLETED,0,176.53061224489798,176.53061224489795,55607.14285714286
jid_895598,63299.0,570.0,1,322,12834,21821,22144,JobState.COMPLETED,0,176.53061224489798,176.53061224489795,56842.85714285715
jid_895598,63299.0,570.0,1,317,12834,21827,22145,JobState.COMPLETED,0,176.53061224489798,176.53061224489795,55960.20408163266
jid_895598,63299.0,570.0,1,318,12834,21827,22146,JobState.COMPLETED,0,176.53061224489798,176.53061224489795,56136.73469387756
jid_895598,63299.0,570.0,1,316,12834,21829,22146,JobState.COMPLETED,0,176.53061224489798,176.53061224489795,55783.67346938776
jid_895598,63299.0,570.0,1,321,12834,21826,22148,JobState.COMPLETED,0,176.53061224489798,176.53061224489795,56666.32653061225
jid_895598,63299.0,570.0,1,319,12834,21828,22148,JobState.COMPLETED,0,176.53061224489798,176.53061224489795,56313.265306122456
jid_895598,63299.0,570.0,1,324,12834,21828,22153,JobState.COMPLETED,0,176.53061224489798,176.53061224489795,57195.918367346945
jid_895598,63299.0,570.0,1,324,12834,21828,22153,JobState.COMPLETED,0,176.53061224489798,176.53061224489795,57195.918367346945
jid_895598,63299.0,570.0,1,324,12834,21828,22153,JobState.COMPLETED,0,176.53061224489798,176.53061224489795,57195.918367346945
jid_895598,63299.0,570.0,1,326,12834,21830,22157,JobState.COMPLETED,0,176.53061224489798,176.53061224489795,57548.97959183674
jid_895598,63299.0,570.0,1,324,12834,21833,22158,JobState.COMPLETED,0,176.53061224489798,176.53061224489795,57195.918367346945
jid_895598,63299.0,570.0,1,325,12834,21833,22159,JobState.COMPLETED,0,176.53061224489798,176.53061224489795,57372.44897959184
jid_896671,65133.0,145.0,8,21587,573,573,22161,JobState.COMPLETED,0,176.53061224490608,176.53061224489795,30486130.6122463
jid_895598,63299.0,570.0,1,326,12834,21835,22162,JobState.COMPLETED,0,176.53061224489798,176.53061224489795,57548.97959183674
jid_896673,65162.0,145.0,8,21599,572,572,22172,JobState.COMPLETED,0,176.53061224490608,176.53061224489795,30503077.55102181
jid_896674,65117.0,145.0,8,21599,575,575,22175,JobState.COMPLETED,0,176.53061224490608,176.53061224489795,30503077.55102181
jid_895598,63299.0,570.0,1,316,12834,21858,22175,JobState.COMPLETED,0,176.53061224489798,176.53061224489795,55783.67346938776
jid_896675,65138.0,145.0,8,21612,573,573,22186,JobState.COMPLETED,0,176.5306122449061,176.53061224489795,30521436.734695286
jid_896677,38899.0,145.0,8,21627,569,569,22197,JobState.COMPLETED,0,176.5306122449061,176.53061224489795,30542620.408164676
jid_895598,63299.0,570.0,1,316,12834,21914,22231,JobState.COMPLETED,0,176.53061224489798,176.53061224489795,55783.67346938776
jid_895598,63299.0,570.0,1,250,12834,21982,22233,JobState.COMPLETED,0,176.5306122448979,176.53061224489795,44132.653061224475
jid_895598,63299.0,570.0,1,324,12834,21914,22239,JobState.COMPLETED,0,176.53061224489798,176.53061224489795,57195.918367346945
jid_895598,63299.0,570.0,1,325,12834,21914,22240,JobState.COMPLETED,0,176.53061224489798,176.53061224489795,57372.44897959184
jid_895598,63299.0,570.0,1,325,12834,21914,22240,JobState.COMPLETED,0,176.53061224489798,176.53061224489795,57372.44897959184
jid_895598,63299.0,570.0,1,325,12834,21914,22240,JobState.COMPLETED,0,176.53061224489798,176.53061224489795,57372.44897959184
jid_895598,63299.0,570.0,1,325,12834,21914,22240,JobState.COMPLETED,0,176.53061224489798,176.53061224489795,57372.44897959184
jid_895598,63299.0,570.0,1,325,12834,21914,22240,JobState.COMPLETED,0,176.53061224489798,176.53061224489795,57372.44897959184
jid_895598,63299.0,570.0,1,326,12834,21914,22241,JobState.COMPLETED,0,176.53061224489798,176.53061224489795,57548.97959183674
jid_895598,63299.0,570.0,1,319,12834,21927,22247,JobState.COMPLETED,0,176.53061224489798,176.53061224489795,56313.265306122456
jid_895598,63299.0,570.0,1,314,12834,21933,22248,JobState.COMPLETED,0,176.53061224489798,176.53061224489795,55430.612244897966
jid_895598,63299.0,570.0,1,316,12834,21932,22249,JobState.COMPLETED,0,176.53061224489798,176.53061224489795,55783.67346938776
jid_895598,63299.0,570.0,1,324,12834,21925,22250,JobState.COMPLETED,0,176.53061224489798,176.53061224489795,57195.918367346945
jid_895598,63299.0,570.0,1,317,12834,21933,22251,JobState.COMPLETED,0,176.53061224489798,176.53061224489795,55960.20408163266
jid_895598,63299.0,570.0,1,325,12834,21929,22255,JobState.COMPLETED,0,176.53061224489798,176.53061224489795,57372.44897959184
jid_896684,65272.0,145.0,8,21679,577,577,22257,JobState.COMPLETED,0,176.5306122449061,176.53061224489795,30616057.142858557
jid_895598,63299.0,570.0,1,326,12834,21936,22263,JobState.COMPLETED,0,176.53061224489798,176.53061224489795,57548.97959183674
jid_895598,63299.0,570.0,1,317,12834,21982,22300,JobState.COMPLETED,0,176.53061224489798,176.53061224489795,55960.20408163266
jid_895598,63299.0,570.0,1,320,12834,21982,22303,JobState.COMPLETED,0,176.53061224489798,176.53061224489795,56489.79591836735
jid_895598,63299.0,570.0,1,322,12834,21982,22305,JobState.COMPLETED,0,176.53061224489798,176.53061224489795,56842.85714285715
jid_895598,63299.0,570.0,1,324,12834,21982,22307,JobState.COMPLETED,0,176.53061224489798,176.53061224489795,57195.918367346945
jid_895598,63299.0,570.0,1,325,12834,21982,22308,JobState.COMPLETED,0,176.53061224489798,176.53061224489795,57372.44897959184
jid_895598,63299.0,570.0,1,327,12834,21982,22310,JobState.COMPLETED,0,176.53061224489798,176.53061224489795,57725.51020408164
jid_895598,63299.0,570.0,1,327,12834,21982,22310,JobState.COMPLETED,0,176.53061224489798,176.53061224489795,57725.51020408164
jid_895598,63299.0,570.0,1,252,12834,22089,22342,JobState.COMPLETED,0,176.5306122448979,176.53061224489795,44485.71428571427
jid_896701,65285.0,145.0,8,21803,577,577,22381,JobState.COMPLETED,0,176.53061224490614,176.53061224489795,30791175.510205507
jid_896702,36767.0,145.0,8,21814,567,567,22382,JobState.COMPLETED,0,176.53061224490614,176.53061224489795,30806710.20408306
jid_895598,63299.0,570.0,1,251,12834,22133,22385,JobState.COMPLETED,0,176.5306122448979,176.53061224489795,44309.18367346937
jid_895598,63299.0,570.0,1,318,12834,22089,22408,JobState.COMPLETED,0,176.53061224489798,176.53061224489795,56136.73469387756
jid_896707,65166.0,145.0,8,21836,572,572,22409,JobState.COMPLETED,0,176.53061224490614,176.53061224489795,30837779.591838162
jid_895598,63299.0,570.0,1,320,12834,22089,22410,JobState.COMPLETED,0,176.53061224489798,176.53061224489795,56489.79591836735
jid_895598,63299.0,570.0,1,320,12834,22089,22410,JobState.COMPLETED,0,176.53061224489798,176.53061224489795,56489.79591836735
jid_895598,63299.0,570.0,1,320,12834,22089,22410,JobState.COMPLETED,0,176.53061224489798,176.53061224489795,56489.79591836735
jid_896709,36775.0,145.0,8,21843,569,569,22413,JobState.COMPLETED,0,176.53061224490614,176.53061224489795,30847665.30612388
jid_895598,63299.0,570.0,1,326,12834,22089,22416,JobState.COMPLETED,0,176.53061224489798,176.53061224489795,57548.97959183674
jid_895598,63299.0,570.0,1,328,12834,22089,22418,JobState.COMPLETED,0,176.53061224489798,176.53061224489795,57902.04081632654
jid_895598,63299.0,570.0,1,328,12834,22089,22418,JobState.COMPLETED,0,176.53061224489798,176.53061224489795,57902.04081632654
jid_895598,63299.0,570.0,1,254,12834,22172,22427,JobState.COMPLETED,0,176.5306122448979,176.53061224489795,44838.77551020407
jid_895598,63299.0,570.0,1,316,12834,22128,22445,JobState.COMPLETED,0,176.53061224489798,176.53061224489795,55783.67346938776
jid_896735,65292.0,145.0,8,21870,577,577,22448,JobState.COMPLETED,0,176.53061224490617,176.53061224489795,30885795.918368783
jid_895598,63299.0,570.0,1,322,12834,22128,22451,JobState.COMPLETED,0,176.53061224489798,176.53061224489795,56842.85714285715
jid_895598,63299.0,570.0,1,320,12834,22130,22451,JobState.COMPLETED,0,176.53061224489798,176.53061224489795,56489.79591836735
jid_895598,63299.0,570.0,1,324,12834,22128,22453,JobState.COMPLETED,0,176.53061224489798,176.53061224489795,57195.918367346945
jid_895598,63299.0,570.0,1,326,12834,22128,22455,JobState.COMPLETED,0,176.53061224489798,176.53061224489795,57548.97959183674
jid_895598,63299.0,570.0,1,326,12834,22128,22455,JobState.COMPLETED,0,176.53061224489798,176.53061224489795,57548.97959183674
jid_895598,63299.0,570.0,1,327,12834,22128,22456,JobState.COMPLETED,0,176.53061224489798,176.53061224489795,57725.51020408164
jid_895598,63299.0,570.0,1,315,12834,22140,22456,JobState.COMPLETED,0,176.53061224489798,176.53061224489795,55607.14285714286
jid_895598,63299.0,570.0,1,328,12834,22128,22457,JobState.COMPLETED,0,176.53061224489798,176.53061224489795,57902.04081632654
jid_895598,63299.0,570.0,1,328,12834,22128,22457,JobState.COMPLETED,0,176.53061224489798,176.53061224489795,57902.04081632654
jid_895598,63299.0,570.0,1,326,12834,22132,22459,JobState.COMPLETED,0,176.53061224489798,176.53061224489795,57548.97959183674
jid_895598,63299.0,570.0,1,328,12834,22131,22460,JobState.COMPLETED,0,176.53061224489798,176.53061224489795,57902.04081632654
jid_895598,63299.0,570.0,1,327,12834,22133,22461,JobState.COMPLETED,0,176.53061224489798,176.53061224489795,57725.51020408164
jid_895598,63299.0,570.0,1,327,12834,22135,22463,JobState.COMPLETED,0,176.53061224489798,176.53061224489795,57725.51020408164
jid_895598,63299.0,570.0,1,329,12834,22134,22464,JobState.COMPLETED,0,176.53061224489798,176.53061224489795,58078.571428571435
jid_895598,63299.0,570.0,1,322,12834,22142,22465,JobState.COMPLETED,0,176.53061224489798,176.53061224489795,56842.85714285715
jid_895598,63299.0,570.0,1,327,12834,22138,22466,JobState.COMPLETED,0,176.53061224489798,176.53061224489795,57725.51020408164
jid_895598,63299.0,570.0,1,321,12834,22144,22466,JobState.COMPLETED,0,176.53061224489798,176.53061224489795,56666.32653061225
jid_895598,63299.0,570.0,1,326,12834,22140,22467,JobState.COMPLETED,0,176.53061224489798,176.53061224489795,57548.97959183674
jid_895598,63299.0,570.0,1,328,12834,22145,22474,JobState.COMPLETED,0,176.53061224489798,176.53061224489795,57902.04081632654
jid_895598,63299.0,570.0,1,328,12834,22146,22475,JobState.COMPLETED,0,176.53061224489798,176.53061224489795,57902.04081632654
jid_895598,63299.0,570.0,1,329,12834,22146,22476,JobState.COMPLETED,0,176.53061224489798,176.53061224489795,58078.571428571435
jid_895598,63299.0,570.0,1,317,12834,22159,22477,JobState.COMPLETED,0,176.53061224489798,176.53061224489795,55960.20408163266
jid_895598,63299.0,570.0,1,329,12834,22148,22478,JobState.COMPLETED,0,176.53061224489798,176.53061224489795,58078.571428571435
jid_895598,63299.0,570.0,1,324,12834,22153,22478,JobState.COMPLETED,0,176.53061224489798,176.53061224489795,57195.918367346945
jid_895598,63299.0,570.0,1,330,12834,22148,22479,JobState.COMPLETED,0,176.530612244898,176.53061224489795,58255.102040816346
jid_895598,63299.0,570.0,1,319,12834,22161,22481,JobState.COMPLETED,0,176.53061224489798,176.53061224489795,56313.265306122456
jid_895598,63299.0,570.0,1,320,12834,22161,22482,JobState.COMPLETED,0,176.53061224489798,176.53061224489795,56489.79591836735
jid_895598,63299.0,570.0,1,320,12834,22161,22482,JobState.COMPLETED,0,176.53061224489798,176.53061224489795,56489.79591836735
jid_895598,63299.0,570.0,1,329,12834,22153,22483,JobState.COMPLETED,0,176.53061224489798,176.53061224489795,58078.571428571435
jid_895598,63299.0,570.0,1,329,12834,22153,22483,JobState.COMPLETED,0,176.53061224489798,176.53061224489795,58078.571428571435
jid_895598,63299.0,570.0,1,323,12834,22161,22485,JobState.COMPLETED,0,176.53061224489798,176.53061224489795,57019.38775510205
jid_895598,63299.0,570.0,1,323,12834,22161,22485,JobState.COMPLETED,0,176.53061224489798,176.53061224489795,57019.38775510205
jid_895598,63299.0,570.0,1,329,12834,22157,22487,JobState.COMPLETED,0,176.53061224489798,176.53061224489795,58078.571428571435
jid_895598,63299.0,570.0,1,325,12834,22161,22487,JobState.COMPLETED,0,176.53061224489798,176.53061224489795,57372.44897959184
jid_896719,324.0,145.0,8,21922,565,565,22488,JobState.COMPLETED,0,176.53061224490617,176.53061224489795,30959232.653062664
jid_895598,63299.0,570.0,1,329,12834,22158,22488,JobState.COMPLETED,0,176.53061224489798,176.53061224489795,58078.571428571435
jid_895598,63299.0,570.0,1,327,12834,22162,22490,JobState.COMPLETED,0,176.53061224489798,176.53061224489795,57725.51020408164
jid_895598,63299.0,570.0,1,330,12834,22161,22492,JobState.COMPLETED,0,176.530612244898,176.53061224489795,58255.102040816346
jid_895598,63299.0,570.0,1,319,12834,22172,22492,JobState.COMPLETED,0,176.53061224489798,176.53061224489795,56313.265306122456
jid_895598,63299.0,570.0,1,331,12834,22161,22493,JobState.COMPLETED,0,176.530612244898,176.53061224489795,58431.63265306124
jid_894787,92940.0,168.0,1,26,6909,22467,22494,JobState.COMPLETED,0,176.53061224489795,176.53061224489795,4589.7959183673465
jid_895598,63299.0,570.0,1,322,12834,22172,22495,JobState.COMPLETED,0,176.53061224489798,176.53061224489795,56842.85714285715
jid_895672,63299.0,570.0,1,34,13514,22460,22495,JobState.COMPLETED,0,176.53061224489795,176.53061224489795,6002.04081632653
jid_895598,63299.0,570.0,1,320,12834,22175,22496,JobState.COMPLETED,0,176.53061224489798,176.53061224489795,56489.79591836735
jid_895598,63299.0,570.0,1,324,12834,22172,22497,JobState.COMPLETED,0,176.53061224489798,176.53061224489795,57195.918367346945
jid_895598,63299.0,570.0,1,325,12834,22172,22498,JobState.COMPLETED,0,176.53061224489798,176.53061224489795,57372.44897959184
jid_894786,92940.0,168.0,1,31,6889,22466,22498,JobState.COMPLETED,0,176.53061224489795,176.53061224489795,5472.448979591836
jid_894823,93479.0,322.0,2,2,7440,22495,22498,JobState.COMPLETED,0,176.53061224489795,176.53061224489795,706.1224489795918
jid_895598,63299.0,570.0,1,323,12834,22175,22499,JobState.COMPLETED,0,176.53061224489798,176.53061224489795,57019.38775510205
jid_895598,63299.0,570.0,1,327,12834,22172,22500,JobState.COMPLETED,0,176.53061224489798,176.53061224489795,57725.51020408164
jid_894771,92940.0,168.0,1,36,6781,22463,22500,JobState.COMPLETED,0,176.53061224489795,176.53061224489795,6355.102040816326
jid_894781,92940.0,168.0,1,33,6860,22466,22500,JobState.COMPLETED,0,176.53061224489795,176.53061224489795,5825.510204081633
jid_895598,63299.0,570.0,1,328,12834,22172,22501,JobState.COMPLETED,0,176.53061224489798,176.53061224489795,57902.04081632654
jid_894789,92940.0,168.0,1,24,6935,22476,22501,JobState.COMPLETED,0,176.53061224489795,176.53061224489795,4236.734693877551
jid_895598,63299.0,570.0,1,329,12834,22172,22502,JobState.COMPLETED,0,176.53061224489798,176.53061224489795,58078.571428571435
jid_895598,63299.0,570.0,1,327,12834,22175,22503,JobState.COMPLETED,0,176.53061224489798,176.53061224489795,57725.51020408164
jid_895598,63299.0,570.0,1,328,12834,22175,22504,JobState.COMPLETED,0,176.53061224489798,176.53061224489795,57902.04081632654
jid_895598,63299.0,570.0,1,328,12834,22175,22504,JobState.COMPLETED,0,176.53061224489798,176.53061224489795,57902.04081632654
jid_894790,92940.0,168.0,1,26,6950,22477,22504,JobState.COMPLETED,0,176.53061224489795,176.53061224489795,4589.7959183673465
jid_895598,63299.0,570.0,1,329,12834,22175,22505,JobState.COMPLETED,0,176.53061224489798,176.53061224489795,58078.571428571435
jid_895598,63299.0,570.0,1,330,12834,22175,22506,JobState.COMPLETED,0,176.530612244898,176.53061224489795,58255.102040816346
jid_895598,63299.0,570.0,1,330,12834,22175,22506,JobState.COMPLETED,0,176.530612244898,176.53061224489795,58255.102040816346
jid_895598,63299.0,570.0,1,330,12834,22175,22506,JobState.COMPLETED,0,176.530612244898,176.53061224489795,58255.102040816346
jid_894779,92940.0,168.0,1,41,6832,22464,22506,JobState.COMPLETED,0,176.53061224489795,176.53061224489795,7237.755102040816
jid_894796,92940.0,168.0,1,26,6993,22479,22506,JobState.COMPLETED,0,176.53061224489795,176.53061224489795,4589.7959183673465
jid_895598,63299.0,570.0,1,320,12834,22186,22507,JobState.COMPLETED,0,176.53061224489798,176.53061224489795,56489.79591836735
jid_895598,63299.0,570.0,1,320,12834,22186,22507,JobState.COMPLETED,0,176.53061224489798,176.53061224489795,56489.79591836735
jid_894799,92940.0,168.0,1,25,7019,22482,22508,JobState.COMPLETED,0,176.53061224489795,176.53061224489795,4413.265306122449
jid_894794,92940.0,168.0,1,30,6975,22478,22509,JobState.COMPLETED,0,176.53061224489795,176.53061224489795,5295.918367346939
jid_894803,92940.0,168.0,1,22,7103,22487,22510,JobState.COMPLETED,0,176.53061224489795,176.53061224489795,3883.673469387755
jid_894802,92940.0,168.0,1,28,7059,22483,22512,JobState.COMPLETED,0,176.53061224489795,176.53061224489795,4942.857142857143
jid_895598,63299.0,570.0,1,329,12834,22186,22516,JobState.COMPLETED,0,176.53061224489798,176.53061224489795,58078.571428571435
jid_895598,63299.0,570.0,1,330,12834,22186,22517,JobState.COMPLETED,0,176.530612244898,176.53061224489795,58255.102040816346
jid_895598,63299.0,570.0,1,330,12834,22186,22517,JobState.COMPLETED,0,176.530612244898,176.53061224489795,58255.102040816346
jid_895598,63299.0,570.0,1,330,12834,22186,22517,JobState.COMPLETED,0,176.530612244898,176.53061224489795,58255.102040816346
jid_895598,63299.0,570.0,1,331,12834,22186,22518,JobState.COMPLETED,0,176.530612244898,176.53061224489795,58431.63265306124
jid_895598,63299.0,570.0,1,331,12834,22186,22518,JobState.COMPLETED,0,176.530612244898,176.53061224489795,58431.63265306124
jid_896723,328.0,145.0,8,21953,566,566,22520,JobState.COMPLETED,0,176.53061224490617,176.53061224489795,31003012.2448994
jid_895598,63299.0,570.0,1,322,12834,22197,22520,JobState.COMPLETED,0,176.53061224489798,176.53061224489795,56842.85714285715
jid_895598,63299.0,570.0,1,322,12834,22197,22520,JobState.COMPLETED,0,176.53061224489798,176.53061224489795,56842.85714285715
jid_895598,63299.0,570.0,1,324,12834,22197,22522,JobState.COMPLETED,0,176.53061224489798,176.53061224489795,57195.918367346945
jid_895598,63299.0,570.0,1,327,12834,22197,22525,JobState.COMPLETED,0,176.53061224489798,176.53061224489795,57725.51020408164
jid_895598,63299.0,570.0,1,328,12834,22197,22526,JobState.COMPLETED,0,176.53061224489798,176.53061224489795,57902.04081632654
jid_895598,63299.0,570.0,1,331,12834,22197,22529,JobState.COMPLETED,0,176.530612244898,176.53061224489795,58431.63265306124
jid_895598,63299.0,570.0,1,331,12834,22197,22529,JobState.COMPLETED,0,176.530612244898,176.53061224489795,58431.63265306124
jid_895598,63299.0,570.0,1,332,12834,22197,22530,JobState.COMPLETED,0,176.530612244898,176.53061224489795,58608.16326530614
jid_895598,63299.0,570.0,1,255,12834,22300,22556,JobState.COMPLETED,0,176.5306122448979,176.53061224489795,45015.306122448965
jid_895598,63299.0,570.0,1,323,12834,22233,22557,JobState.COMPLETED,0,176.53061224489798,176.53061224489795,57019.38775510205
jid_895598,63299.0,570.0,1,326,12834,22231,22558,JobState.COMPLETED,0,176.53061224489798,176.53061224489795,57548.97959183674
jid_894935,92940.0,168.0,1,41,8183,22516,22558,JobState.COMPLETED,0,176.53061224489795,176.53061224489795,7237.755102040816
jid_894910,92940.0,168.0,1,54,7963,22505,22560,JobState.COMPLETED,0,176.53061224489795,176.53061224489795,9532.65306122449
jid_895598,63299.0,570.0,1,321,12834,22240,22562,JobState.COMPLETED,0,176.53061224489798,176.53061224489795,56666.32653061225
jid_894937,92940.0,168.0,1,44,8212,22517,22562,JobState.COMPLETED,0,176.53061224489795,176.53061224489795,7767.34693877551
jid_895598,63299.0,570.0,1,322,12834,22240,22563,JobState.COMPLETED,0,176.53061224489798,176.53061224489795,56842.85714285715
jid_894927,92940.0,168.0,1,56,8111,22508,22565,JobState.COMPLETED,0,176.53061224489795,176.53061224489795,9885.714285714286
jid_894938,92940.0,168.0,1,46,8239,22518,22565,JobState.COMPLETED,0,176.53061224489795,176.53061224489795,8120.408163265306
jid_894922,92940.0,168.0,1,59,8037,22506,22566,JobState.COMPLETED,0,176.53061224489795,176.53061224489795,10415.30612244898
jid_895598,63299.0,570.0,1,326,12834,22240,22567,JobState.COMPLETED,0,176.53061224489798,176.53061224489795,57548.97959183674
jid_894921,92940.0,168.0,1,60,8034,22506,22567,JobState.COMPLETED,0,176.53061224489798,176.53061224489795,10591.83673469388
jid_895598,63299.0,570.0,1,318,12834,22249,22568,JobState.COMPLETED,0,176.53061224489798,176.53061224489795,56136.73469387756
jid_895598,63299.0,570.0,1,321,12834,22247,22569,JobState.COMPLETED,0,176.53061224489798,176.53061224489795,56666.32653061225
jid_895598,63299.0,570.0,1,332,12834,22239,22572,JobState.COMPLETED,0,176.530612244898,176.53061224489795,58608.16326530614
jid_895598,63299.0,570.0,1,331,12834,22240,22572,JobState.COMPLETED,0,176.530612244898,176.53061224489795,58431.63265306124
jid_895598,63299.0,570.0,1,331,12834,22240,22572,JobState.COMPLETED,0,176.530612244898,176.53061224489795,58431.63265306124
jid_894944,92940.0,168.0,1,51,8302,22520,22572,JobState.COMPLETED,0,176.53061224489795,176.53061224489795,9003.061224489795
jid_895598,63299.0,570.0,1,321,12834,22251,22573,JobState.COMPLETED,0,176.53061224489798,176.53061224489795,56666.32653061225
jid_895598,63299.0,570.0,1,332,12834,22241,22574,JobState.COMPLETED,0,176.530612244898,176.53061224489795,58608.16326530614
jid_894948,92940.0,168.0,1,53,8366,22520,22574,JobState.COMPLETED,0,176.53061224489795,176.53061224489795,9356.122448979591
jid_894949,92940.0,168.0,1,53,8369,22520,22574,JobState.COMPLETED,0,176.53061224489795,176.53061224489795,9356.122448979591
jid_895598,63299.0,570.0,1,327,12834,22248,22576,JobState.COMPLETED,0,176.53061224489798,176.53061224489795,57725.51020408164
jid_895598,63299.0,570.0,1,322,12834,22255,22578,JobState.COMPLETED,0,176.53061224489798,176.53061224489795,56842.85714285715
jid_895598,63299.0,570.0,1,320,12834,22257,22578,JobState.COMPLETED,0,176.53061224489798,176.53061224489795,56489.79591836735
jid_894963,92940.0,168.0,1,58,8438,22520,22579,JobState.COMPLETED,0,176.53061224489795,176.53061224489795,10238.775510204081
jid_895598,63299.0,570.0,1,329,12834,22250,22580,JobState.COMPLETED,0,176.53061224489798,176.53061224489795,58078.571428571435
jid_894968,92940.0,168.0,1,50,8574,22529,22580,JobState.COMPLETED,0,176.53061224489795,176.53061224489795,8826.530612244898
jid_894977,92940.0,168.0,1,50,8639,22530,22581,JobState.COMPLETED,0,176.53061224489795,176.53061224489795,8826.530612244898
jid_895598,63299.0,570.0,1,324,12834,22257,22582,JobState.COMPLETED,0,176.53061224489798,176.53061224489795,57195.918367346945
jid_895598,63299.0,570.0,1,324,12834,22257,22582,JobState.COMPLETED,0,176.53061224489798,176.53061224489795,57195.918367346945
jid_894804,92940.0,168.0,1,100,7036,22482,22583,JobState.COMPLETED,0,176.53061224489792,176.53061224489795,17653.061224489793
jid_895598,63299.0,570.0,1,326,12834,22257,22584,JobState.COMPLETED,0,176.53061224489798,176.53061224489795,57548.97959183674
jid_895598,63299.0,570.0,1,328,12834,22257,22586,JobState.COMPLETED,0,176.53061224489798,176.53061224489795,57902.04081632654
jid_894911,92940.0,168.0,1,81,7939,22504,22586,JobState.COMPLETED,0,176.53061224489795,176.53061224489795,14298.979591836734
jid_895598,63299.0,570.0,1,330,12834,22257,22588,JobState.COMPLETED,0,176.530612244898,176.53061224489795,58255.102040816346
jid_894970,92940.0,168.0,1,58,8590,22529,22588,JobState.COMPLETED,0,176.53061224489795,176.53061224489795,10238.775510204081
jid_895598,63299.0,570.0,1,331,12834,22257,22589,JobState.COMPLETED,0,176.530612244898,176.53061224489795,58431.63265306124
jid_895598,63299.0,570.0,1,331,12834,22257,22589,JobState.COMPLETED,0,176.530612244898,176.53061224489795,58431.63265306124
jid_894986,92940.0,168.0,1,22,8772,22566,22589,JobState.COMPLETED,0,176.53061224489795,176.53061224489795,3883.673469387755
jid_894989,92940.0,168.0,1,20,8814,22569,22590,JobState.COMPLETED,0,176.53061224489795,176.53061224489795,3530.612244897959
jid_894988,92940.0,168.0,1,22,8809,22568,22591,JobState.COMPLETED,0,176.53061224489795,176.53061224489795,3883.673469387755
jid_894993,92940.0,168.0,1,18,8850,22572,22591,JobState.COMPLETED,0,176.53061224489795,176.53061224489795,3177.551020408163
jid_895598,63299.0,570.0,1,329,12834,22263,22593,JobState.COMPLETED,0,176.53061224489798,176.53061224489795,58078.571428571435
jid_894932,92940.0,168.0,1,85,8112,22509,22595,JobState.COMPLETED,0,176.53061224489795,176.53061224489795,15005.102040816326
jid_894994,92940.0,168.0,1,22,8848,22572,22595,JobState.COMPLETED,0,176.53061224489795,176.53061224489795,3883.673469387755
jid_894996,92940.0,168.0,1,22,8886,22573,22596,JobState.COMPLETED,0,176.53061224489795,176.53061224489795,3883.673469387755
jid_894997,92940.0,168.0,1,22,8887,22574,22597,JobState.COMPLETED,0,176.53061224489795,176.53061224489795,3883.673469387755
jid_894902,92940.0,168.0,1,95,7827,22502,22598,JobState.COMPLETED,0,176.53061224489792,176.53061224489795,16770.408163265303
jid_895003,92940.0,168.0,1,23,8924,22574,22598,JobState.COMPLETED,0,176.53061224489795,176.53061224489795,4060.204081632653
jid_894868,93479.0,322.0,2,98,7673,22500,22599,JobState.COMPLETED,0,176.53061224489792,176.53061224489795,34599.99999999999
jid_894943,92940.0,168.0,1,78,8272,22520,22599,JobState.COMPLETED,0,176.53061224489795,176.53061224489795,13769.38775510204
jid_895004,92940.0,168.0,1,23,8926,22576,22600,JobState.COMPLETED,0,176.53061224489795,176.53061224489795,4060.204081632653
jid_895006,92940.0,168.0,1,19,8965,22580,22600,JobState.COMPLETED,0,176.53061224489795,176.53061224489795,3354.081632653061
jid_894853,92940.0,168.0,1,106,7575,22496,22603,JobState.COMPLETED,0,176.53061224489792,176.53061224489795,18712.24489795918
jid_895007,92940.0,168.0,1,21,8966,22581,22603,JobState.COMPLETED,0,176.53061224489795,176.53061224489795,3707.142857142857
jid_894809,92940.0,168.0,1,115,7152,22488,22604,JobState.COMPLETED,0,176.53061224489792,176.53061224489795,20301.020408163262
jid_895009,92940.0,168.0,1,24,9002,22582,22607,JobState.COMPLETED,0,176.53061224489795,176.53061224489795,4236.734693877551
jid_895010,92940.0,168.0,1,25,9003,22583,22609,JobState.COMPLETED,0,176.53061224489795,176.53061224489795,4413.265306122449
jid_895013,92940.0,168.0,1,22,9042,22586,22609,JobState.COMPLETED,0,176.53061224489795,176.53061224489795,3883.673469387755
jid_895014,92940.0,168.0,1,22,9044,22586,22609,JobState.COMPLETED,0,176.53061224489795,176.53061224489795,3883.673469387755
jid_896738,36768.0,145.0,8,22042,568,568,22611,JobState.COMPLETED,0,176.5306122449062,176.53061224489795,31128702.04081778
jid_894832,93480.0,322.0,2,118,7435,22492,22611,JobState.COMPLETED,0,176.53061224489792,176.53061224489795,41661.22448979591
jid_894979,92940.0,168.0,1,55,8663,22556,22612,JobState.COMPLETED,0,176.53061224489795,176.53061224489795,9709.183673469388
jid_895017,92940.0,168.0,1,22,9081,22589,22612,JobState.COMPLETED,0,176.53061224489795,176.53061224489795,3883.673469387755
jid_895021,92940.0,168.0,1,20,9120,22591,22612,JobState.COMPLETED,0,176.53061224489795,176.53061224489795,3530.612244897959
jid_895018,92940.0,168.0,1,23,9082,22589,22613,JobState.COMPLETED,0,176.53061224489795,176.53061224489795,4060.204081632653
jid_895022,92940.0,168.0,1,21,9122,22591,22613,JobState.COMPLETED,0,176.53061224489795,176.53061224489795,3707.142857142857
jid_894877,92940.0,168.0,1,113,7698,22500,22614,JobState.COMPLETED,0,176.53061224489792,176.53061224489795,19947.959183673465
jid_894820,92940.0,168.0,1,127,7284,22488,22616,JobState.COMPLETED,0,176.5306122448979,176.53061224489795,22419.387755102034
jid_894983,92940.0,168.0,1,53,8704,22562,22616,JobState.COMPLETED,0,176.53061224489795,176.53061224489795,9356.122448979591
jid_895023,92940.0,168.0,1,22,9156,22595,22618,JobState.COMPLETED,0,176.53061224489795,176.53061224489795,3883.673469387755
jid_895025,92940.0,168.0,1,22,9160,22596,22619,JobState.COMPLETED,0,176.53061224489795,176.53061224489795,3883.673469387755
jid_894835,92940.0,168.0,1,131,7427,22488,22620,JobState.COMPLETED,0,176.5306122448979,176.53061224489795,23125.510204081624
jid_895028,92940.0,168.0,1,21,9198,22598,22620,JobState.COMPLETED,0,176.53061224489795,176.53061224489795,3707.142857142857
jid_895029,92940.0,168.0,1,23,9195,22597,22621,JobState.COMPLETED,0,176.53061224489795,176.53061224489795,4060.204081632653
jid_894807,92940.0,168.0,1,137,7099,22485,22623,JobState.COMPLETED,0,176.5306122448979,176.53061224489795,24184.693877551013
jid_894907,92940.0,168.0,1,121,7825,22501,22623,JobState.COMPLETED,0,176.5306122448979,176.53061224489795,21360.204081632644
jid_895031,92940.0,168.0,1,23,9237,22599,22623,JobState.COMPLETED,0,176.53061224489795,176.53061224489795,4060.204081632653
jid_895037,92940.0,168.0,1,20,9275,22603,22624,JobState.COMPLETED,0,176.53061224489795,176.53061224489795,3530.612244897959
jid_895032,92940.0,168.0,1,24,9237,22600,22625,JobState.COMPLETED,0,176.53061224489795,176.53061224489795,4236.734693877551
jid_895036,92940.0,168.0,1,21,9276,22603,22625,JobState.COMPLETED,0,176.53061224489795,176.53061224489795,3707.142857142857
jid_895598,63299.0,570.0,1,322,12834,22303,22626,JobState.COMPLETED,0,176.53061224489798,176.53061224489795,56842.85714285715
jid_894876,92940.0,168.0,1,126,7683,22499,22626,JobState.COMPLETED,0,176.5306122448979,176.53061224489795,22242.857142857134
jid_894800,92940.0,168.0,1,151,6931,22475,22627,JobState.COMPLETED,0,176.5306122448979,176.53061224489795,26656.122448979582
jid_894987,92940.0,168.0,1,64,8734,22563,22628,JobState.COMPLETED,0,176.53061224489798,176.53061224489795,11297.95918367347
jid_895041,92940.0,168.0,1,21,9311,22609,22631,JobState.COMPLETED,0,176.53061224489795,176.53061224489795,3707.142857142857
jid_895054,92940.0,168.0,1,19,9428,22612,22632,JobState.COMPLETED,0,176.53061224489795,176.53061224489795,3354.081632653061
jid_894797,92940.0,168.0,1,167,6854,22465,22633,JobState.COMPLETED,0,176.5306122448979,176.53061224489795,29480.612244897948
jid_894801,92940.0,168.0,1,158,6927,22474,22633,JobState.COMPLETED,0,176.5306122448979,176.53061224489795,27891.83673469387
jid_895043,92940.0,168.0,1,23,9311,22609,22633,JobState.COMPLETED,0,176.53061224489795,176.53061224489795,4060.204081632653
jid_895055,92940.0,168.0,1,21,9428,22612,22634,JobState.COMPLETED,0,176.53061224489795,176.53061224489795,3707.142857142857
jid_895047,92940.0,168.0,1,23,9349,22611,22635,JobState.COMPLETED,0,176.53061224489795,176.53061224489795,4060.204081632653
jid_895048,92940.0,168.0,1,23,9350,22611,22635,JobState.COMPLETED,0,176.53061224489795,176.53061224489795,4060.204081632653
jid_895052,92940.0,168.0,1,23,9390,22611,22635,JobState.COMPLETED,0,176.53061224489795,176.53061224489795,4060.204081632653
jid_895051,92940.0,168.0,1,24,9388,22611,22636,JobState.COMPLETED,0,176.53061224489795,176.53061224489795,4236.734693877551
jid_894806,92940.0,168.0,1,153,7036,22483,22637,JobState.COMPLETED,0,176.5306122448979,176.53061224489795,27009.18367346938
jid_895061,92940.0,168.0,1,23,9464,22613,22637,JobState.COMPLETED,0,176.53061224489795,176.53061224489795,4060.204081632653
jid_896743,65300.0,145.0,8,22059,578,578,22638,JobState.COMPLETED,0,176.5306122449062,176.53061224489795,31152710.204083085
jid_895598,63299.0,570.0,1,332,12834,22305,22638,JobState.COMPLETED,0,176.530612244898,176.53061224489795,58608.16326530614
jid_894808,92940.0,168.0,1,152,7099,22485,22638,JobState.COMPLETED,0,176.5306122448979,176.53061224489795,26832.65306122448
jid_894942,92940.0,168.0,1,120,8210,22517,22638,JobState.COMPLETED,0,176.5306122448979,176.53061224489795,21183.673469387748
jid_895062,92940.0,168.0,1,24,9465,22614,22639,JobState.COMPLETED,0,176.53061224489795,176.53061224489795,4236.734693877551
jid_895598,63299.0,570.0,1,257,12834,22382,22640,JobState.COMPLETED,0,176.5306122448979,176.53061224489795,45368.36734693876
jid_894975,92940.0,168.0,1,113,8570,22526,22640,JobState.COMPLETED,0,176.53061224489792,176.53061224489795,19947.959183673465
jid_894995,92940.0,168.0,1,72,8806,22567,22640,JobState.COMPLETED,0,176.53061224489795,176.53061224489795,12710.204081632652
jid_895598,63299.0,570.0,1,333,12834,22307,22641,JobState.COMPLETED,0,176.530612244898,176.53061224489795,58784.693877551035
jid_895598,63299.0,570.0,1,332,12834,22308,22641,JobState.COMPLETED,0,176.530612244898,176.53061224489795,58608.16326530614
jid_895005,92940.0,168.0,1,66,8893,22574,22641,JobState.COMPLETED,0,176.53061224489798,176.53061224489795,11651.020408163267
jid_895012,92940.0,168.0,1,59,8976,22582,22642,JobState.COMPLETED,0,176.53061224489795,176.53061224489795,10415.30612244898
jid_895598,63299.0,570.0,1,332,12834,22310,22643,JobState.COMPLETED,0,176.530612244898,176.53061224489795,58608.16326530614
jid_895598,63299.0,570.0,1,332,12834,22310,22643,JobState.COMPLETED,0,176.530612244898,176.53061224489795,58608.16326530614
jid_895598,63299.0,570.0,1,257,12834,22385,22643,JobState.COMPLETED,0,176.5306122448979,176.53061224489795,45368.36734693876
jid_895002,92940.0,168.0,1,70,8878,22572,22643,JobState.COMPLETED,0,176.53061224489795,176.53061224489795,12357.142857142857
jid_895027,92940.0,168.0,1,49,9136,22593,22643,JobState.COMPLETED,0,176.53061224489795,176.53061224489795,8650.0
jid_895066,92940.0,168.0,1,23,9504,22620,22644,JobState.COMPLETED,0,176.53061224489795,176.53061224489795,4060.204081632653
jid_894962,92940.0,168.0,1,124,8435,22520,22645,JobState.COMPLETED,0,176.5306122448979,176.53061224489795,21889.795918367337
jid_894939,92940.0,168.0,1,133,8173,22512,22646,JobState.COMPLETED,0,176.5306122448979,176.53061224489795,23478.57142857142
jid_895016,92940.0,168.0,1,58,9046,22588,22647,JobState.COMPLETED,0,176.53061224489795,176.53061224489795,10238.775510204081
jid_895078,92940.0,168.0,1,20,9629,22626,22647,JobState.COMPLETED,0,176.53061224489795,176.53061224489795,3530.612244897959
jid_894992,92940.0,168.0,1,80,8783,22567,22648,JobState.COMPLETED,0,176.53061224489795,176.53061224489795,14122.448979591836
jid_895011,92940.0,168.0,1,68,8964,22580,22649,JobState.COMPLETED,0,176.53061224489798,176.53061224489795,12004.081632653062
jid_895071,92940.0,168.0,1,25,9545,22623,22649,JobState.COMPLETED,0,176.53061224489795,176.53061224489795,4413.265306122449
jid_895074,92940.0,168.0,1,24,9588,22625,22650,JobState.COMPLETED,0,176.53061224489795,176.53061224489795,4236.734693877551
jid_894985,92940.0,168.0,1,90,8701,22560,22651,JobState.COMPLETED,0,176.53061224489792,176.53061224489795,15887.755102040814
jid_895079,92940.0,168.0,1,23,9637,22627,22651,JobState.COMPLETED,0,176.53061224489795,176.53061224489795,4060.204081632653
jid_894934,92940.0,168.0,1,146,8073,22507,22654,JobState.COMPLETED,0,176.5306122448979,176.53061224489795,25773.469387755093
jid_894816,92940.0,168.0,1,167,7205,22488,22656,JobState.COMPLETED,0,176.5306122448979,176.53061224489795,29480.612244897948
jid_895026,92940.0,168.0,1,65,9118,22590,22656,JobState.COMPLETED,0,176.53061224489798,176.53061224489795,11474.489795918369
jid_895030,92940.0,168.0,1,56,9199,22599,22656,JobState.COMPLETED,0,176.53061224489795,176.53061224489795,9885.714285714286
jid_895084,92940.0,168.0,1,23,9675,22633,22657,JobState.COMPLETED,0,176.53061224489795,176.53061224489795,4060.204081632653
jid_895019,92940.0,168.0,1,69,9050,22588,22658,JobState.COMPLETED,0,176.53061224489798,176.53061224489795,12180.61224489796
jid_895058,92940.0,168.0,1,46,9424,22612,22659,JobState.COMPLETED,0,176.53061224489795,176.53061224489795,8120.408163265306
jid_895087,92940.0,168.0,1,24,9702,22634,22659,JobState.COMPLETED,0,176.53061224489795,176.53061224489795,4236.734693877551
jid_896748,65277.0,145.0,8,22082,577,577,22660,JobState.COMPLETED,0,176.5306122449062,176.53061224489795,31185191.83673615
jid_894984,92940.0,168.0,1,102,8664,22557,22660,JobState.COMPLETED,0,176.53061224489792,176.53061224489795,18006.12244897959
jid_895050,92940.0,168.0,1,48,9360,22611,22660,JobState.COMPLETED,0,176.53061224489795,176.53061224489795,8473.469387755102
jid_895057,92940.0,168.0,1,48,9423,22611,22660,JobState.COMPLETED,0,176.53061224489795,176.53061224489795,8473.469387755102
jid_895091,92940.0,168.0,1,23,9742,22636,22660,JobState.COMPLETED,0,176.53061224489795,176.53061224489795,4060.204081632653
jid_894945,92940.0,168.0,1,142,8236,22518,22661,JobState.COMPLETED,0,176.5306122448979,176.53061224489795,25067.3469387755
jid_895067,92940.0,168.0,1,44,9486,22616,22661,JobState.COMPLETED,0,176.53061224489795,176.53061224489795,7767.34693877551
jid_895089,92940.0,168.0,1,25,9713,22635,22661,JobState.COMPLETED,0,176.53061224489795,176.53061224489795,4413.265306122449
jid_895045,92940.0,168.0,1,57,9286,22604,22662,JobState.COMPLETED,0,176.53061224489795,176.53061224489795,10062.244897959183
jid_895097,92940.0,168.0,1,23,9794,22638,22662,JobState.COMPLETED,0,176.53061224489795,176.53061224489795,4060.204081632653
jid_895068,92940.0,168.0,1,47,9486,22616,22664,JobState.COMPLETED,0,176.53061224489795,176.53061224489795,8296.938775510203
jid_895093,92940.0,168.0,1,26,9753,22637,22664,JobState.COMPLETED,0,176.53061224489795,176.53061224489795,4589.7959183673465
jid_895103,92940.0,168.0,1,25,9835,22638,22664,JobState.COMPLETED,0,176.53061224489795,176.53061224489795,4413.265306122449
jid_895106,92940.0,168.0,1,23,9876,22640,22664,JobState.COMPLETED,0,176.53061224489795,176.53061224489795,4060.204081632653
jid_895044,92940.0,168.0,1,64,9272,22600,22665,JobState.COMPLETED,0,176.53061224489798,176.53061224489795,11297.95918367347
jid_895114,92940.0,168.0,1,26,9781,22638,22665,JobState.COMPLETED,0,176.53061224489795,176.53061224489795,4589.7959183673465
jid_895104,92940.0,168.0,1,28,9835,22638,22667,JobState.COMPLETED,0,176.53061224489795,176.53061224489795,4942.857142857143
jid_894908,92940.0,168.0,1,166,7796,22501,22668,JobState.COMPLETED,0,176.5306122448979,176.53061224489795,29304.08163265305
jid_895108,92940.0,168.0,1,27,9881,22640,22668,JobState.COMPLETED,0,176.53061224489795,176.53061224489795,4766.326530612245
jid_894850,92940.0,168.0,1,175,7486,22493,22669,JobState.COMPLETED,0,176.5306122448979,176.53061224489795,30892.85714285713
jid_894953,92940.0,168.0,1,148,8323,22520,22669,JobState.COMPLETED,0,176.5306122448979,176.53061224489795,26126.53061224489
jid_895033,92940.0,168.0,1,70,9200,22599,22670,JobState.COMPLETED,0,176.53061224489795,176.53061224489795,12357.142857142857
jid_895049,92940.0,168.0,1,58,9350,22611,22670,JobState.COMPLETED,0,176.53061224489795,176.53061224489795,10238.775510204081
jid_894887,92940.0,168.0,1,172,7679,22498,22671,JobState.COMPLETED,0,176.5306122448979,176.53061224489795,30363.265306122437
jid_894870,92940.0,168.0,1,173,7604,22498,22672,JobState.COMPLETED,0,176.5306122448979,176.53061224489795,30539.795918367337
jid_895085,92940.0,168.0,1,39,9666,22632,22672,JobState.COMPLETED,0,176.53061224489795,176.53061224489795,6884.69387755102
jid_895072,92940.0,168.0,1,49,9548,22623,22673,JobState.COMPLETED,0,176.53061224489795,176.53061224489795,8650.0
jid_895598,63299.0,570.0,1,331,12834,22342,22674,JobState.COMPLETED,0,176.530612244898,176.53061224489795,58431.63265306124
jid_895113,92940.0,168.0,1,31,9925,22642,22674,JobState.COMPLETED,0,176.53061224489795,176.53061224489795,5472.448979591836
jid_895118,92940.0,168.0,1,32,9977,22644,22677,JobState.COMPLETED,0,176.53061224489795,176.53061224489795,5648.9795918367345
jid_895092,92940.0,168.0,1,42,9722,22635,22678,JobState.COMPLETED,0,176.53061224489795,176.53061224489795,7414.285714285714
jid_894961,92940.0,168.0,1,158,8395,22520,22679,JobState.COMPLETED,0,176.5306122448979,176.53061224489795,27891.83673469387
jid_895105,92940.0,168.0,1,40,9838,22638,22679,JobState.COMPLETED,0,176.53061224489795,176.53061224489795,7061.224489795918
jid_894971,92940.0,168.0,1,159,8488,22520,22680,JobState.COMPLETED,0,176.5306122448979,176.53061224489795,28068.367346938765
jid_895099,92940.0,168.0,1,41,9781,22638,22680,JobState.COMPLETED,0,176.53061224489795,176.53061224489795,7237.755102040816
jid_895109,92940.0,168.0,1,38,9896,22641,22680,JobState.COMPLETED,0,176.53061224489795,176.53061224489795,6708.163265306122
jid_895112,92940.0,168.0,1,38,9914,22641,22680,JobState.COMPLETED,0,176.53061224489795,176.53061224489795,6708.163265306122
jid_895136,92940.0,168.0,1,21,10170,22659,22681,JobState.COMPLETED,0,176.53061224489795,176.53061224489795,3707.142857142857
jid_894926,92940.0,168.0,1,175,7980,22506,22682,JobState.COMPLETED,0,176.5306122448979,176.53061224489795,30892.85714285713
jid_895139,92940.0,168.0,1,23,10178,22659,22683,JobState.COMPLETED,0,176.53061224489795,176.53061224489795,4060.204081632653
jid_895124,92940.0,168.0,1,36,10026,22647,22684,JobState.COMPLETED,0,176.53061224489795,176.53061224489795,6355.102040816326
jid_894825,92940.0,168.0,1,196,7255,22488,22685,JobState.COMPLETED,0,176.5306122448979,176.53061224489795,34599.999999999985
jid_894843,92940.0,168.0,1,196,7388,22488,22685,JobState.COMPLETED,0,176.5306122448979,176.53061224489795,34599.999999999985
jid_895140,92940.0,168.0,1,25,10184,22661,22687,JobState.COMPLETED,0,176.53061224489795,176.53061224489795,4413.265306122449
jid_894852,92940.0,168.0,1,198,7469,22490,22689,JobState.COMPLETED,0,176.5306122448979,176.53061224489795,34953.061224489786
jid_895119,92940.0,168.0,1,45,9974,22643,22689,JobState.COMPLETED,0,176.53061224489795,176.53061224489795,7943.877551020408
jid_895132,92940.0,168.0,1,33,10121,22656,22690,JobState.COMPLETED,0,176.53061224489795,176.53061224489795,5825.510204081633
jid_895144,92940.0,168.0,1,25,10225,22664,22690,JobState.COMPLETED,0,176.53061224489795,176.53061224489795,4413.265306122449
jid_894913,92940.0,168.0,1,187,7868,22503,22691,JobState.COMPLETED,0,176.5306122448979,176.53061224489795,33011.22448979591
jid_894829,92940.0,168.0,1,203,7267,22488,22692,JobState.COMPLETED,0,176.5306122448979,176.53061224489795,35835.714285714275
jid_895129,92940.0,168.0,1,40,10077,22651,22692,JobState.COMPLETED,0,176.53061224489795,176.53061224489795,7061.224489795918
jid_895134,92940.0,168.0,1,35,10134,22656,22692,JobState.COMPLETED,0,176.53061224489795,176.53061224489795,6178.571428571428
jid_895143,92940.0,168.0,1,30,10206,22661,22692,JobState.COMPLETED,0,176.53061224489795,176.53061224489795,5295.918367346939
jid_896754,65118.0,145.0,8,22118,576,576,22695,JobState.COMPLETED,0,176.53061224490622,176.53061224489795,31236032.653062686
jid_895145,92940.0,168.0,1,32,10218,22664,22697,JobState.COMPLETED,0,176.53061224489795,176.53061224489795,5648.9795918367345
jid_894959,92940.0,168.0,1,177,8345,22520,22698,JobState.COMPLETED,0,176.5306122448979,176.53061224489795,31245.918367346927
jid_895082,92940.0,168.0,1,72,9614,22625,22698,JobState.COMPLETED,0,176.53061224489795,176.53061224489795,12710.204081632652
jid_895117,92940.0,168.0,1,54,9954,22643,22698,JobState.COMPLETED,0,176.53061224489795,176.53061224489795,9532.65306122449
jid_895075,92940.0,168.0,1,75,9547,22623,22699,JobState.COMPLETED,0,176.53061224489795,176.53061224489795,13239.795918367347
jid_895151,92940.0,168.0,1,31,10268,22667,22699,JobState.COMPLETED,0,176.53061224489795,176.53061224489795,5472.448979591836
jid_895133,92940.0,168.0,1,48,10112,22651,22700,JobState.COMPLETED,0,176.53061224489795,176.53061224489795,8473.469387755102
jid_895142,92940.0,168.0,1,39,10189,22661,22701,JobState.COMPLETED,0,176.53061224489795,176.53061224489795,6884.69387755102
jid_895598,63299.0,570.0,1,320,12834,22382,22703,JobState.COMPLETED,0,176.53061224489798,176.53061224489795,56489.79591836735
jid_895598,63299.0,570.0,1,321,12834,22382,22704,JobState.COMPLETED,0,176.53061224489798,176.53061224489795,56666.32653061225
jid_895598,63299.0,570.0,1,323,12834,22381,22705,JobState.COMPLETED,0,176.53061224489798,176.53061224489795,57019.38775510205
jid_895121,92940.0,168.0,1,61,9967,22643,22705,JobState.COMPLETED,0,176.53061224489798,176.53061224489795,10768.367346938778
jid_895598,63299.0,570.0,1,324,12834,22381,22706,JobState.COMPLETED,0,176.53061224489798,176.53061224489795,57195.918367346945
jid_895598,63299.0,570.0,1,324,12834,22381,22706,JobState.COMPLETED,0,176.53061224489798,176.53061224489795,57195.918367346945
jid_895598,63299.0,570.0,1,325,12834,22381,22707,JobState.COMPLETED,0,176.53061224489798,176.53061224489795,57372.44897959184
jid_895125,92940.0,168.0,1,58,10037,22648,22707,JobState.COMPLETED,0,176.53061224489795,176.53061224489795,10238.775510204081
jid_895154,92940.0,168.0,1,41,10266,22665,22707,JobState.COMPLETED,0,176.53061224489795,176.53061224489795,7237.755102040816
jid_895086,92940.0,168.0,1,79,9641,22628,22708,JobState.COMPLETED,0,176.53061224489795,176.53061224489795,13945.918367346938
jid_895598,63299.0,570.0,1,326,12834,22382,22709,JobState.COMPLETED,0,176.53061224489798,176.53061224489795,57548.97959183674
jid_895598,63299.0,570.0,1,326,12834,22382,22709,JobState.COMPLETED,0,176.53061224489798,176.53061224489795,57548.97959183674
jid_895173,92940.0,168.0,1,27,10477,22681,22709,JobState.COMPLETED,0,176.53061224489795,176.53061224489795,4766.326530612245
jid_895598,63299.0,570.0,1,328,12834,22382,22711,JobState.COMPLETED,0,176.53061224489798,176.53061224489795,57902.04081632654
jid_895127,92940.0,168.0,1,61,10044,22649,22711,JobState.COMPLETED,0,176.53061224489798,176.53061224489795,10768.367346938778
jid_895155,92940.0,168.0,1,43,10274,22668,22712,JobState.COMPLETED,0,176.53061224489795,176.53061224489795,7590.816326530612
jid_895598,63299.0,570.0,1,332,12834,22381,22714,JobState.COMPLETED,0,176.530612244898,176.53061224489795,58608.16326530614
jid_894981,92940.0,168.0,1,188,8539,22525,22714,JobState.COMPLETED,0,176.5306122448979,176.53061224489795,33187.75510204081
jid_895135,92940.0,168.0,1,59,10113,22654,22714,JobState.COMPLETED,0,176.53061224489795,176.53061224489795,10415.30612244898
jid_895152,92940.0,168.0,1,48,10251,22665,22714,JobState.COMPLETED,0,176.53061224489795,176.53061224489795,8473.469387755102
jid_895598,63299.0,570.0,1,333,12834,22381,22715,JobState.COMPLETED,0,176.530612244898,176.53061224489795,58784.693877551035
jid_895598,63299.0,570.0,1,333,12834,22381,22715,JobState.COMPLETED,0,176.530612244898,176.53061224489795,58784.693877551035
jid_895177,92940.0,168.0,1,29,10521,22685,22715,JobState.COMPLETED,0,176.53061224489795,176.53061224489795,5119.3877551020405
jid_895598,63299.0,570.0,1,334,12834,22381,22716,JobState.COMPLETED,0,176.530612244898,176.53061224489795,58961.22448979593
jid_895598,63299.0,570.0,1,333,12834,22382,22716,JobState.COMPLETED,0,176.530612244898,176.53061224489795,58784.693877551035
jid_895598,63299.0,570.0,1,334,12834,22382,22717,JobState.COMPLETED,0,176.530612244898,176.53061224489795,58961.22448979593
jid_895150,92940.0,168.0,1,52,10243,22664,22717,JobState.COMPLETED,0,176.53061224489795,176.53061224489795,9179.591836734693
jid_895183,92940.0,168.0,1,27,10567,22690,22718,JobState.COMPLETED,0,176.53061224489795,176.53061224489795,4766.326530612245
jid_895098,92940.0,168.0,1,84,9735,22635,22720,JobState.COMPLETED,0,176.53061224489795,176.53061224489795,14828.571428571428
jid_895190,92940.0,168.0,1,27,10612,22692,22720,JobState.COMPLETED,0,176.53061224489795,176.53061224489795,4766.326530612245
jid_895126,92940.0,168.0,1,73,10024,22647,22721,JobState.COMPLETED,0,176.53061224489795,176.53061224489795,12886.73469387755
jid_894991,92940.0,168.0,1,163,8688,22558,22722,JobState.COMPLETED,0,176.5306122448979,176.53061224489795,28774.489795918358
jid_895008,92940.0,168.0,1,149,8866,22572,22722,JobState.COMPLETED,0,176.5306122448979,176.53061224489795,26303.061224489786
jid_895157,92940.0,168.0,1,52,10314,22670,22723,JobState.COMPLETED,0,176.53061224489795,176.53061224489795,9179.591836734693
jid_895175,92940.0,168.0,1,42,10476,22680,22723,JobState.COMPLETED,0,176.53061224489795,176.53061224489795,7414.285714285714
jid_895186,92940.0,168.0,1,30,10587,22692,22723,JobState.COMPLETED,0,176.53061224489795,176.53061224489795,5295.918367346939
jid_895179,92940.0,168.0,1,40,10521,22685,22726,JobState.COMPLETED,0,176.53061224489795,176.53061224489795,7061.224489795918
jid_895176,92940.0,168.0,1,43,10489,22683,22727,JobState.COMPLETED,0,176.53061224489795,176.53061224489795,7590.816326530612
jid_895197,92940.0,168.0,1,31,10655,22695,22727,JobState.COMPLETED,0,176.53061224489795,176.53061224489795,5472.448979591836
jid_895189,92940.0,168.0,1,35,10598,22692,22728,JobState.COMPLETED,0,176.53061224489795,176.53061224489795,6178.571428571428
jid_895174,92940.0,168.0,1,48,10457,22680,22729,JobState.COMPLETED,0,176.53061224489795,176.53061224489795,8473.469387755102
jid_895170,92940.0,168.0,1,51,10416,22678,22730,JobState.COMPLETED,0,176.53061224489795,176.53061224489795,9003.061224489795
jid_895184,92940.0,168.0,1,40,10557,22689,22730,JobState.COMPLETED,0,176.53061224489795,176.53061224489795,7061.224489795918
jid_895187,92940.0,168.0,1,38,10580,22691,22730,JobState.COMPLETED,0,176.53061224489795,176.53061224489795,6708.163265306122
jid_895598,63299.0,570.0,1,321,12834,22409,22731,JobState.COMPLETED,0,176.53061224489798,176.53061224489795,56666.32653061225
jid_895166,92940.0,168.0,1,56,10385,22674,22731,JobState.COMPLETED,0,176.53061224489795,176.53061224489795,9885.714285714286
jid_895192,92940.0,168.0,1,35,10634,22695,22731,JobState.COMPLETED,0,176.53061224489795,176.53061224489795,6178.571428571428
jid_895598,63299.0,570.0,1,322,12834,22409,22732,JobState.COMPLETED,0,176.53061224489798,176.53061224489795,56842.85714285715
jid_895598,63299.0,570.0,1,322,12834,22409,22732,JobState.COMPLETED,0,176.53061224489798,176.53061224489795,56842.85714285715
jid_895167,92940.0,168.0,1,54,10404,22677,22732,JobState.COMPLETED,0,176.53061224489795,176.53061224489795,9532.65306122449
jid_895598,63299.0,570.0,1,323,12834,22409,22733,JobState.COMPLETED,0,176.53061224489798,176.53061224489795,57019.38775510205
jid_895598,63299.0,570.0,1,323,12834,22409,22733,JobState.COMPLETED,0,176.53061224489798,176.53061224489795,57019.38775510205
jid_895024,92940.0,168.0,1,149,9030,22584,22734,JobState.COMPLETED,0,176.5306122448979,176.53061224489795,26303.061224489786
jid_895159,92940.0,168.0,1,61,10326,22672,22734,JobState.COMPLETED,0,176.53061224489798,176.53061224489795,10768.367346938778
jid_895598,63299.0,570.0,1,324,12834,22410,22735,JobState.COMPLETED,0,176.53061224489798,176.53061224489795,57195.918367346945
jid_895182,92940.0,168.0,1,45,10536,22689,22735,JobState.COMPLETED,0,176.53061224489795,176.53061224489795,7943.877551020408
jid_895598,63299.0,570.0,1,326,12834,22409,22736,JobState.COMPLETED,0,176.53061224489798,176.53061224489795,57548.97959183674
jid_895195,92940.0,168.0,1,40,10639,22695,22736,JobState.COMPLETED,0,176.53061224489795,176.53061224489795,7061.224489795918
jid_895198,92940.0,168.0,1,40,10651,22695,22736,JobState.COMPLETED,0,176.53061224489795,176.53061224489795,7061.224489795918
jid_895598,63299.0,570.0,1,327,12834,22409,22737,JobState.COMPLETED,0,176.53061224489798,176.53061224489795,57725.51020408164
jid_895598,63299.0,570.0,1,326,12834,22410,22737,JobState.COMPLETED,0,176.53061224489798,176.53061224489795,57548.97959183674
jid_895598,63299.0,570.0,1,323,12834,22413,22737,JobState.COMPLETED,0,176.53061224489798,176.53061224489795,57019.38775510205
jid_895168,92940.0,168.0,1,62,10398,22674,22737,JobState.COMPLETED,0,176.53061224489798,176.53061224489795,10944.897959183674
jid_895598,63299.0,570.0,1,324,12834,22413,22738,JobState.COMPLETED,0,176.53061224489798,176.53061224489795,57195.918367346945
jid_895042,92940.0,168.0,1,139,9195,22598,22738,JobState.COMPLETED,0,176.5306122448979,176.53061224489795,24537.755102040806
jid_895158,92940.0,168.0,1,67,10314,22670,22738,JobState.COMPLETED,0,176.53061224489798,176.53061224489795,11827.551020408164
jid_895221,92940.0,168.0,1,25,10874,22712,22738,JobState.COMPLETED,0,176.53061224489795,176.53061224489795,4413.265306122449
jid_895598,63299.0,570.0,1,330,12834,22408,22739,JobState.COMPLETED,0,176.530612244898,176.53061224489795,58255.102040816346
jid_895160,92940.0,168.0,1,66,10333,22672,22739,JobState.COMPLETED,0,176.53061224489798,176.53061224489795,11651.020408163267
jid_895215,92940.0,168.0,1,31,10824,22707,22739,JobState.COMPLETED,0,176.53061224489795,176.53061224489795,5472.448979591836
jid_895598,63299.0,570.0,1,329,12834,22410,22740,JobState.COMPLETED,0,176.53061224489798,176.53061224489795,58078.571428571435
jid_895059,92940.0,168.0,1,128,9349,22611,22740,JobState.COMPLETED,0,176.5306122448979,176.53061224489795,22595.91836734693
jid_895194,92940.0,168.0,1,45,10624,22695,22741,JobState.COMPLETED,0,176.53061224489795,176.53061224489795,7943.877551020408
jid_895598,63299.0,570.0,1,328,12834,22413,22742,JobState.COMPLETED,0,176.53061224489798,176.53061224489795,57902.04081632654
jid_895598,63299.0,570.0,1,328,12834,22413,22742,JobState.COMPLETED,0,176.53061224489798,176.53061224489795,57902.04081632654
jid_895015,92940.0,168.0,1,163,8938,22578,22742,JobState.COMPLETED,0,176.5306122448979,176.53061224489795,28774.489795918358
jid_895211,92940.0,168.0,1,36,10777,22705,22742,JobState.COMPLETED,0,176.53061224489795,176.53061224489795,6355.102040816326
jid_896764,65278.0,145.0,8,22166,577,577,22744,JobState.COMPLETED,0,176.53061224490622,176.53061224489795,31303820.408164732
jid_895598,63299.0,570.0,1,335,12834,22409,22745,JobState.COMPLETED,0,176.530612244898,176.53061224489795,59137.755102040835
jid_895598,63299.0,570.0,1,331,12834,22413,22745,JobState.COMPLETED,0,176.530612244898,176.53061224489795,58431.63265306124
jid_895598,63299.0,570.0,1,331,12834,22413,22745,JobState.COMPLETED,0,176.530612244898,176.53061224489795,58431.63265306124
jid_895598,63299.0,570.0,1,328,12834,22416,22745,JobState.COMPLETED,0,176.53061224489798,176.53061224489795,57902.04081632654
jid_895001,92940.0,168.0,1,179,8760,22565,22745,JobState.COMPLETED,0,176.5306122448979,176.53061224489795,31598.979591836724
jid_895107,92940.0,168.0,1,106,9798,22638,22745,JobState.COMPLETED,0,176.53061224489792,176.53061224489795,18712.24489795918
jid_895209,92940.0,168.0,1,40,10769,22704,22745,JobState.COMPLETED,0,176.53061224489795,176.53061224489795,7061.224489795918
jid_895228,92940.0,168.0,1,29,10917,22715,22745,JobState.COMPLETED,0,176.53061224489795,176.53061224489795,5119.3877551020405
jid_894998,92940.0,168.0,1,180,8742,22565,22746,JobState.COMPLETED,0,176.5306122448979,176.53061224489795,31775.51020408162
jid_895234,92940.0,168.0,1,27,10964,22718,22746,JobState.COMPLETED,0,176.53061224489795,176.53061224489795,4766.326530612245
jid_895200,92940.0,168.0,1,48,10688,22698,22747,JobState.COMPLETED,0,176.53061224489795,176.53061224489795,8473.469387755102
jid_895222,92940.0,168.0,1,32,10883,22714,22747,JobState.COMPLETED,0,176.53061224489795,176.53061224489795,5648.9795918367345
jid_895598,63299.0,570.0,1,334,12834,22413,22748,JobState.COMPLETED,0,176.530612244898,176.53061224489795,58961.22448979593
jid_895202,92940.0,168.0,1,48,10702,22699,22748,JobState.COMPLETED,0,176.53061224489795,176.53061224489795,8473.469387755102
jid_895224,92940.0,168.0,1,33,10889,22714,22748,JobState.COMPLETED,0,176.53061224489795,176.53061224489795,5825.510204081633
jid_895598,63299.0,570.0,1,335,12834,22413,22749,JobState.COMPLETED,0,176.530612244898,176.53061224489795,59137.755102040835
jid_895598,63299.0,570.0,1,330,12834,22418,22749,JobState.COMPLETED,0,176.530612244898,176.53061224489795,58255.102040816346
jid_895203,92940.0,168.0,1,48,10710,22700,22749,JobState.COMPLETED,0,176.53061224489795,176.53061224489795,8473.469387755102
jid_895210,92940.0,168.0,1,43,10770,22705,22749,JobState.COMPLETED,0,176.53061224489795,176.53061224489795,7590.816326530612
jid_895216,92940.0,168.0,1,41,10825,22707,22749,JobState.COMPLETED,0,176.53061224489795,176.53061224489795,7237.755102040816
jid_895229,92940.0,168.0,1,33,10933,22715,22749,JobState.COMPLETED,0,176.53061224489795,176.53061224489795,5825.510204081633
jid_895243,92940.0,168.0,1,25,11008,22723,22749,JobState.COMPLETED,0,176.53061224489795,176.53061224489795,4413.265306122449
jid_895201,92940.0,168.0,1,51,10695,22698,22750,JobState.COMPLETED,0,176.53061224489795,176.53061224489795,9003.061224489795
jid_895217,92940.0,168.0,1,40,10832,22709,22750,JobState.COMPLETED,0,176.53061224489795,176.53061224489795,7061.224489795918
jid_895230,92940.0,168.0,1,33,10938,22716,22750,JobState.COMPLETED,0,176.53061224489795,176.53061224489795,5825.510204081633
jid_895238,92940.0,168.0,1,29,10984,22720,22750,JobState.COMPLETED,0,176.53061224489795,176.53061224489795,5119.3877551020405
jid_895076,92940.0,168.0,1,132,9494,22618,22751,JobState.COMPLETED,0,176.5306122448979,176.53061224489795,23302.040816326524
jid_895206,92940.0,168.0,1,48,10756,22703,22752,JobState.COMPLETED,0,176.53061224489795,176.53061224489795,8473.469387755102
jid_895598,63299.0,570.0,1,334,12834,22418,22753,JobState.COMPLETED,0,176.530612244898,176.53061224489795,58961.22448979593
jid_895146,92940.0,168.0,1,94,10165,22658,22753,JobState.COMPLETED,0,176.53061224489792,176.53061224489795,16593.877551020403
jid_895598,63299.0,570.0,1,326,12834,22427,22754,JobState.COMPLETED,0,176.53061224489798,176.53061224489795,57548.97959183674
jid_895035,92940.0,168.0,1,164,9117,22589,22754,JobState.COMPLETED,0,176.5306122448979,176.53061224489795,28951.020408163255
jid_895219,92940.0,168.0,1,44,10831,22709,22754,JobState.COMPLETED,0,176.53061224489795,176.53061224489795,7767.34693877551
jid_895077,92940.0,168.0,1,134,9504,22620,22755,JobState.COMPLETED,0,176.5306122448979,176.53061224489795,23655.102040816317
jid_895020,92940.0,168.0,1,176,8954,22579,22756,JobState.COMPLETED,0,176.5306122448979,176.53061224489795,31069.38775510203
jid_895053,92940.0,168.0,1,146,9296,22609,22756,JobState.COMPLETED,0,176.5306122448979,176.53061224489795,25773.469387755093
jid_895225,92940.0,168.0,1,44,10895,22714,22759,JobState.COMPLETED,0,176.53061224489795,176.53061224489795,7767.34693877551
jid_895094,92940.0,168.0,1,128,9655,22631,22760,JobState.COMPLETED,0,176.5306122448979,176.53061224489795,22595.91836734693
jid_895248,92940.0,168.0,1,36,11031,22723,22760,JobState.COMPLETED,0,176.53061224489795,176.53061224489795,6355.102040816326
jid_895250,92940.0,168.0,1,29,11051,22730,22760,JobState.COMPLETED,0,176.53061224489795,176.53061224489795,5119.3877551020405
jid_895257,92940.0,168.0,1,27,11097,22732,22760,JobState.COMPLETED,0,176.53061224489795,176.53061224489795,4766.326530612245
jid_895242,92940.0,168.0,1,40,10989,22721,22762,JobState.COMPLETED,0,176.53061224489795,176.53061224489795,7061.224489795918
jid_895287,92940.0,168.0,1,19,11287,22742,22762,JobState.COMPLETED,0,176.53061224489795,176.53061224489795,3354.081632653061
jid_895286,92940.0,168.0,1,20,11285,22742,22763,JobState.COMPLETED,0,176.53061224489795,176.53061224489795,3530.612244897959
jid_895281,92940.0,168.0,1,24,11245,22739,22764,JobState.COMPLETED,0,176.53061224489795,176.53061224489795,4236.734693877551
jid_895073,92940.0,168.0,1,151,9458,22613,22765,JobState.COMPLETED,0,176.5306122448979,176.53061224489795,26656.122448979582
jid_895305,92940.0,168.0,1,20,11374,22745,22766,JobState.COMPLETED,0,176.53061224489795,176.53061224489795,3530.612244897959
jid_895284,92940.0,168.0,1,26,11249,22740,22767,JobState.COMPLETED,0,176.53061224489795,176.53061224489795,4589.7959183673465
jid_895285,92940.0,168.0,1,26,11258,22740,22767,JobState.COMPLETED,0,176.53061224489795,176.53061224489795,4589.7959183673465
jid_896768,36770.0,145.0,8,22199,568,568,22768,JobState.COMPLETED,0,176.53061224490622,176.53061224489795,31350424.489797387
jid_895080,92940.0,168.0,1,146,9518,22621,22768,JobState.COMPLETED,0,176.5306122448979,176.53061224489795,25773.469387755093
jid_895251,92940.0,168.0,1,39,11041,22728,22768,JobState.COMPLETED,0,176.53061224489795,176.53061224489795,6884.69387755102
jid_895282,92940.0,168.0,1,28,11245,22739,22768,JobState.COMPLETED,0,176.53061224489795,176.53061224489795,4942.857142857143
jid_895298,92940.0,168.0,1,23,11323,22744,22768,JobState.COMPLETED,0,176.53061224489795,176.53061224489795,4060.204081632653
jid_895306,92940.0,168.0,1,22,11374,22745,22768,JobState.COMPLETED,0,176.53061224489795,176.53061224489795,3883.673469387755
jid_895308,92940.0,168.0,1,21,11375,22746,22768,JobState.COMPLETED,0,176.53061224489795,176.53061224489795,3707.142857142857
jid_895307,92940.0,168.0,1,21,11377,22746,22768,JobState.COMPLETED,0,176.53061224489795,176.53061224489795,3707.142857142857
jid_895137,92940.0,168.0,1,119,10073,22649,22769,JobState.COMPLETED,0,176.53061224489792,176.53061224489795,21007.14285714285
jid_895290,92940.0,168.0,1,24,11291,22744,22769,JobState.COMPLETED,0,176.53061224489795,176.53061224489795,4236.734693877551
jid_895299,92940.0,168.0,1,24,11324,22744,22769,JobState.COMPLETED,0,176.53061224489795,176.53061224489795,4236.734693877551
jid_895244,92940.0,168.0,1,47,10990,22722,22770,JobState.COMPLETED,0,176.53061224489795,176.53061224489795,8296.938775510203
jid_895253,92940.0,168.0,1,40,11045,22729,22770,JobState.COMPLETED,0,176.53061224489795,176.53061224489795,7061.224489795918
jid_895265,92940.0,168.0,1,35,11145,22734,22770,JobState.COMPLETED,0,176.53061224489795,176.53061224489795,6178.571428571428
jid_895301,92940.0,168.0,1,25,11334,22744,22770,JobState.COMPLETED,0,176.53061224489795,176.53061224489795,4413.265306122449
jid_895300,92940.0,168.0,1,24,11335,22745,22770,JobState.COMPLETED,0,176.53061224489795,176.53061224489795,4236.734693877551
jid_895292,92940.0,168.0,1,26,11291,22744,22771,JobState.COMPLETED,0,176.53061224489795,176.53061224489795,4589.7959183673465
jid_895315,92940.0,168.0,1,22,11412,22748,22771,JobState.COMPLETED,0,176.53061224489795,176.53061224489795,3883.673469387755
jid_895316,92940.0,168.0,1,22,11412,22748,22771,JobState.COMPLETED,0,176.53061224489795,176.53061224489795,3883.673469387755
jid_895180,92940.0,168.0,1,102,10313,22669,22772,JobState.COMPLETED,0,176.53061224489792,176.53061224489795,18006.12244897959
jid_895181,92940.0,168.0,1,87,10494,22684,22772,JobState.COMPLETED,0,176.53061224489795,176.53061224489795,15358.163265306122
jid_895291,92940.0,168.0,1,29,11289,22742,22772,JobState.COMPLETED,0,176.53061224489795,176.53061224489795,5119.3877551020405
jid_895302,92940.0,168.0,1,27,11331,22744,22772,JobState.COMPLETED,0,176.53061224489795,176.53061224489795,4766.326530612245
jid_895317,92940.0,168.0,1,22,11416,22749,22772,JobState.COMPLETED,0,176.53061224489795,176.53061224489795,3883.673469387755
jid_895324,92940.0,168.0,1,22,11450,22749,22772,JobState.COMPLETED,0,176.53061224489795,176.53061224489795,3883.673469387755
jid_895325,92940.0,168.0,1,21,11450,22750,22772,JobState.COMPLETED,0,176.53061224489795,176.53061224489795,3707.142857142857
jid_895275,92940.0,168.0,1,35,11197,22737,22773,JobState.COMPLETED,0,176.53061224489795,176.53061224489795,6178.571428571428
jid_895294,92940.0,168.0,1,28,11302,22744,22773,JobState.COMPLETED,0,176.53061224489795,176.53061224489795,4942.857142857143
jid_895311,92940.0,168.0,1,25,11378,22747,22773,JobState.COMPLETED,0,176.53061224489795,176.53061224489795,4413.265306122449
jid_895319,92940.0,168.0,1,23,11416,22749,22773,JobState.COMPLETED,0,176.53061224489795,176.53061224489795,4060.204081632653
jid_895598,63299.0,570.0,1,328,12834,22445,22774,JobState.COMPLETED,0,176.53061224489798,176.53061224489795,57902.04081632654
jid_895598,63299.0,570.0,1,325,12834,22448,22774,JobState.COMPLETED,0,176.53061224489798,176.53061224489795,57372.44897959184
jid_895111,92940.0,168.0,1,135,9804,22638,22774,JobState.COMPLETED,0,176.5306122448979,176.53061224489795,23831.632653061217
jid_895321,92940.0,168.0,1,24,11422,22749,22774,JobState.COMPLETED,0,176.53061224489795,176.53061224489795,4236.734693877551
jid_895040,92940.0,168.0,1,179,9145,22595,22775,JobState.COMPLETED,0,176.5306122448979,176.53061224489795,31598.979591836724
jid_895131,92940.0,168.0,1,128,10020,22646,22775,JobState.COMPLETED,0,176.5306122448979,176.53061224489795,22595.91836734693
jid_895258,92940.0,168.0,1,43,11084,22731,22775,JobState.COMPLETED,0,176.53061224489795,176.53061224489795,7590.816326530612
jid_895304,92940.0,168.0,1,29,11353,22745,22775,JobState.COMPLETED,0,176.53061224489795,176.53061224489795,5119.3877551020405
jid_895327,92940.0,168.0,1,24,11457,22750,22775,JobState.COMPLETED,0,176.53061224489795,176.53061224489795,4236.734693877551
jid_895598,63299.0,570.0,1,327,12834,22448,22776,JobState.COMPLETED,0,176.53061224489798,176.53061224489795,57725.51020408164
jid_895063,92940.0,168.0,1,164,9339,22611,22776,JobState.COMPLETED,0,176.5306122448979,176.53061224489795,28951.020408163255
jid_895261,92940.0,168.0,1,43,11107,22732,22776,JobState.COMPLETED,0,176.53061224489795,176.53061224489795,7590.816326530612
jid_895241,92940.0,168.0,1,59,10957,22717,22777,JobState.COMPLETED,0,176.53061224489795,176.53061224489795,10415.30612244898
jid_895313,92940.0,168.0,1,28,11399,22748,22777,JobState.COMPLETED,0,176.53061224489795,176.53061224489795,4942.857142857143
jid_895332,92940.0,168.0,1,22,11490,22754,22777,JobState.COMPLETED,0,176.53061224489795,176.53061224489795,3883.673469387755
jid_895333,92940.0,168.0,1,22,11490,22754,22777,JobState.COMPLETED,0,176.53061224489795,176.53061224489795,3883.673469387755
jid_895598,63299.0,570.0,1,329,12834,22448,22778,JobState.COMPLETED,0,176.53061224489798,176.53061224489795,58078.571428571435
jid_895255,92940.0,168.0,1,47,11055,22730,22778,JobState.COMPLETED,0,176.53061224489795,176.53061224489795,8296.938775510203
jid_895328,92940.0,168.0,1,27,11454,22750,22778,JobState.COMPLETED,0,176.53061224489795,176.53061224489795,4766.326530612245
jid_895329,92940.0,168.0,1,25,11464,22752,22778,JobState.COMPLETED,0,176.53061224489795,176.53061224489795,4413.265306122449
jid_895338,92940.0,168.0,1,22,11498,22755,22778,JobState.COMPLETED,0,176.53061224489795,176.53061224489795,3883.673469387755
jid_895598,63299.0,570.0,1,330,12834,22448,22779,JobState.COMPLETED,0,176.530612244898,176.53061224489795,58255.102040816346
jid_895196,92940.0,168.0,1,86,10599,22692,22779,JobState.COMPLETED,0,176.53061224489795,176.53061224489795,15181.632653061224
jid_895259,92940.0,168.0,1,47,11087,22731,22779,JobState.COMPLETED,0,176.53061224489795,176.53061224489795,8296.938775510203
jid_895330,92940.0,168.0,1,25,11466,22753,22779,JobState.COMPLETED,0,176.53061224489795,176.53061224489795,4413.265306122449
jid_895598,63299.0,570.0,1,331,12834,22448,22780,JobState.COMPLETED,0,176.530612244898,176.53061224489795,58431.63265306124
jid_895598,63299.0,570.0,1,331,12834,22448,22780,JobState.COMPLETED,0,176.530612244898,176.53061224489795,58431.63265306124
jid_895123,92940.0,168.0,1,138,9919,22641,22780,JobState.COMPLETED,0,176.5306122448979,176.53061224489795,24361.22448979591
jid_895260,92940.0,168.0,1,47,11102,22732,22780,JobState.COMPLETED,0,176.53061224489795,176.53061224489795,8296.938775510203
jid_895326,92940.0,168.0,1,30,11443,22749,22780,JobState.COMPLETED,0,176.53061224489795,176.53061224489795,5295.918367346939
jid_895246,92940.0,168.0,1,58,11003,22722,22781,JobState.COMPLETED,0,176.53061224489795,176.53061224489795,10238.775510204081
jid_895335,92940.0,168.0,1,26,11491,22754,22781,JobState.COMPLETED,0,176.53061224489795,176.53061224489795,4589.7959183673465
jid_895598,63299.0,570.0,1,331,12834,22451,22783,JobState.COMPLETED,0,176.530612244898,176.53061224489795,58431.63265306124
jid_895156,92940.0,168.0,1,120,10207,22662,22783,JobState.COMPLETED,0,176.5306122448979,176.53061224489795,21183.673469387748
jid_895337,92940.0,168.0,1,26,11500,22756,22783,JobState.COMPLETED,0,176.53061224489795,176.53061224489795,4589.7959183673465
jid_895101,92940.0,168.0,1,150,9680,22633,22784,JobState.COMPLETED,0,176.5306122448979,176.53061224489795,26479.591836734686
jid_895220,92940.0,168.0,1,77,10809,22706,22784,JobState.COMPLETED,0,176.53061224489795,176.53061224489795,13592.857142857143
jid_895264,92940.0,168.0,1,50,11120,22733,22784,JobState.COMPLETED,0,176.53061224489795,176.53061224489795,8826.530612244898
jid_895276,92940.0,168.0,1,46,11190,22737,22784,JobState.COMPLETED,0,176.53061224489795,176.53061224489795,8120.408163265306
jid_895339,92940.0,168.0,1,27,11508,22756,22784,JobState.COMPLETED,0,176.53061224489795,176.53061224489795,4766.326530612245
jid_895598,63299.0,570.0,1,336,12834,22448,22785,JobState.COMPLETED,0,176.530612244898,176.53061224489795,59314.28571428573
jid_895336,92940.0,168.0,1,32,11488,22753,22786,JobState.COMPLETED,0,176.53061224489795,176.53061224489795,5648.9795918367345
jid_895340,92940.0,168.0,1,26,11509,22759,22786,JobState.COMPLETED,0,176.53061224489795,176.53061224489795,4589.7959183673465
jid_895598,63299.0,570.0,1,338,12834,22448,22787,JobState.COMPLETED,0,176.530612244898,176.53061224489795,59667.346938775525
jid_895267,92940.0,168.0,1,51,11150,22735,22787,JobState.COMPLETED,0,176.53061224489795,176.53061224489795,9003.061224489795
jid_895273,92940.0,168.0,1,50,11175,22736,22787,JobState.COMPLETED,0,176.53061224489795,176.53061224489795,8826.530612244898
jid_895343,92940.0,168.0,1,26,11530,22760,22787,JobState.COMPLETED,0,176.53061224489795,176.53061224489795,4589.7959183673465
jid_895344,92940.0,168.0,1,26,11530,22760,22787,JobState.COMPLETED,0,176.53061224489795,176.53061224489795,4589.7959183673465
jid_895193,92940.0,168.0,1,97,10572,22690,22788,JobState.COMPLETED,0,176.53061224489792,176.53061224489795,17123.4693877551
jid_895279,92940.0,168.0,1,50,11217,22737,22788,JobState.COMPLETED,0,176.53061224489795,176.53061224489795,8826.530612244898
jid_895283,92940.0,168.0,1,49,11223,22738,22788,JobState.COMPLETED,0,176.53061224489795,176.53061224489795,8650.0
jid_895356,92940.0,168.0,1,20,11594,22768,22789,JobState.COMPLETED,0,176.53061224489795,176.53061224489795,3530.612244897959
jid_895364,92940.0,168.0,1,20,11631,22768,22789,JobState.COMPLETED,0,176.53061224489795,176.53061224489795,3530.612244897959
jid_895296,92940.0,168.0,1,47,11287,22742,22790,JobState.COMPLETED,0,176.53061224489795,176.53061224489795,8296.938775510203
jid_895312,69789.0,727.0,1,44,11373,22745,22790,JobState.COMPLETED,0,176.53061224489795,176.53061224489795,7767.34693877551
jid_895347,92940.0,168.0,1,26,11549,22763,22790,JobState.COMPLETED,0,176.53061224489795,176.53061224489795,4589.7959183673465
jid_895270,92940.0,168.0,1,55,11151,22735,22791,JobState.COMPLETED,0,176.53061224489795,176.53061224489795,9709.183673469388
jid_895345,92940.0,168.0,1,28,11543,22762,22791,JobState.COMPLETED,0,176.53061224489795,176.53061224489795,4942.857142857143
jid_895353,92940.0,168.0,1,22,11573,22768,22791,JobState.COMPLETED,0,176.53061224489795,176.53061224489795,3883.673469387755
jid_895360,92940.0,168.0,1,22,11614,22768,22791,JobState.COMPLETED,0,176.53061224489795,176.53061224489795,3883.673469387755
jid_895371,92940.0,168.0,1,20,11662,22770,22791,JobState.COMPLETED,0,176.53061224489795,176.53061224489795,3530.612244897959
jid_895081,92940.0,168.0,1,172,9495,22619,22792,JobState.COMPLETED,0,176.5306122448979,176.53061224489795,30363.265306122437
jid_895095,92940.0,168.0,1,165,9624,22626,22792,JobState.COMPLETED,0,176.5306122448979,176.53061224489795,29127.55102040815
jid_895349,92940.0,168.0,1,27,11553,22764,22792,JobState.COMPLETED,0,176.53061224489795,176.53061224489795,4766.326530612245
jid_895352,92940.0,168.0,1,24,11573,22767,22792,JobState.COMPLETED,0,176.53061224489795,176.53061224489795,4236.734693877551
jid_895365,92940.0,168.0,1,23,11632,22768,22792,JobState.COMPLETED,0,176.53061224489795,176.53061224489795,4060.204081632653
jid_895366,92940.0,168.0,1,23,11632,22768,22792,JobState.COMPLETED,0,176.53061224489795,176.53061224489795,4060.204081632653
jid_895373,92940.0,168.0,1,21,11672,22770,22792,JobState.COMPLETED,0,176.53061224489795,176.53061224489795,3707.142857142857
jid_895163,92940.0,168.0,1,123,10304,22669,22793,JobState.COMPLETED,0,176.5306122448979,176.53061224489795,21713.26530612244
jid_895358,92940.0,168.0,1,24,11592,22768,22793,JobState.COMPLETED,0,176.53061224489795,176.53061224489795,4236.734693877551
jid_895370,92940.0,168.0,1,23,11653,22769,22793,JobState.COMPLETED,0,176.53061224489795,176.53061224489795,4060.204081632653
jid_895372,92940.0,168.0,1,22,11669,22770,22793,JobState.COMPLETED,0,176.53061224489795,176.53061224489795,3883.673469387755
jid_895374,92940.0,168.0,1,22,11672,22770,22793,JobState.COMPLETED,0,176.53061224489795,176.53061224489795,3883.673469387755
jid_895598,63299.0,570.0,1,342,12834,22451,22794,JobState.COMPLETED,0,176.530612244898,176.53061224489795,60373.46938775512
jid_895598,63299.0,570.0,1,338,12834,22455,22794,JobState.COMPLETED,0,176.530612244898,176.53061224489795,59667.346938775525
jid_895070,92940.0,168.0,1,182,9369,22611,22794,JobState.COMPLETED,0,176.5306122448979,176.53061224489795,32128.571428571417
jid_895178,92940.0,168.0,1,114,10442,22679,22794,JobState.COMPLETED,0,176.53061224489792,176.53061224489795,20124.48979591836
jid_895204,92940.0,168.0,1,97,10687,22697,22795,JobState.COMPLETED,0,176.53061224489792,176.53061224489795,17123.4693877551
jid_895205,92940.0,168.0,1,96,10701,22698,22795,JobState.COMPLETED,0,176.53061224489792,176.53061224489795,16946.9387755102
jid_895240,92940.0,168.0,1,78,10937,22716,22795,JobState.COMPLETED,0,176.53061224489795,176.53061224489795,13769.38775510204
jid_895350,92940.0,168.0,1,29,11553,22765,22795,JobState.COMPLETED,0,176.53061224489795,176.53061224489795,5119.3877551020405
jid_895392,92940.0,168.0,1,20,11775,22774,22795,JobState.COMPLETED,0,176.53061224489795,176.53061224489795,3530.612244897959
jid_895393,92940.0,168.0,1,20,11775,22774,22795,JobState.COMPLETED,0,176.53061224489795,176.53061224489795,3530.612244897959
jid_895598,63299.0,570.0,1,342,12834,22453,22796,JobState.COMPLETED,0,176.530612244898,176.53061224489795,60373.46938775512
jid_895357,92940.0,168.0,1,27,11588,22768,22796,JobState.COMPLETED,0,176.53061224489795,176.53061224489795,4766.326530612245
jid_895378,92940.0,168.0,1,24,11693,22771,22796,JobState.COMPLETED,0,176.53061224489795,176.53061224489795,4236.734693877551
jid_895382,92940.0,168.0,1,23,11695,22772,22796,JobState.COMPLETED,0,176.53061224489795,176.53061224489795,4060.204081632653
jid_895394,92940.0,168.0,1,21,11775,22774,22796,JobState.COMPLETED,0,176.53061224489795,176.53061224489795,3707.142857142857
jid_895359,92940.0,168.0,1,28,11600,22768,22797,JobState.COMPLETED,0,176.53061224489795,176.53061224489795,4942.857142857143
jid_895384,92940.0,168.0,1,24,11708,22772,22797,JobState.COMPLETED,0,176.53061224489795,176.53061224489795,4236.734693877551
jid_895598,63299.0,570.0,1,342,12834,22455,22798,JobState.COMPLETED,0,176.530612244898,176.53061224489795,60373.46938775512
jid_895233,92940.0,168.0,1,82,10904,22715,22798,JobState.COMPLETED,0,176.53061224489795,176.53061224489795,14475.510204081633
jid_895383,92940.0,168.0,1,25,11710,22772,22798,JobState.COMPLETED,0,176.53061224489795,176.53061224489795,4413.265306122449
jid_896775,65123.0,145.0,8,22224,574,574,22799,JobState.COMPLETED,0,176.53061224490622,176.53061224489795,31385730.612246368
jid_895116,92940.0,168.0,1,159,9844,22639,22799,JobState.COMPLETED,0,176.5306122448979,176.53061224489795,28068.367346938765
jid_895274,92940.0,168.0,1,62,11166,22736,22799,JobState.COMPLETED,0,176.53061224489798,176.53061224489795,10944.897959183674
jid_895369,92940.0,168.0,1,29,11647,22769,22799,JobState.COMPLETED,0,176.53061224489795,176.53061224489795,5119.3877551020405
jid_895398,92940.0,168.0,1,22,11813,22776,22799,JobState.COMPLETED,0,176.53061224489795,176.53061224489795,3883.673469387755
jid_895269,92940.0,168.0,1,65,11138,22734,22800,JobState.COMPLETED,0,176.53061224489798,176.53061224489795,11474.489795918369
jid_895341,92940.0,168.0,1,54,11354,22745,22800,JobState.COMPLETED,0,176.53061224489795,176.53061224489795,9532.65306122449
jid_895401,92940.0,168.0,1,23,11813,22776,22800,JobState.COMPLETED,0,176.53061224489795,176.53061224489795,4060.204081632653
jid_895323,92940.0,168.0,1,51,11420,22749,22801,JobState.COMPLETED,0,176.53061224489795,176.53061224489795,9003.061224489795
jid_895348,92940.0,168.0,1,40,11536,22760,22801,JobState.COMPLETED,0,176.53061224489795,176.53061224489795,7061.224489795918
jid_895361,92940.0,168.0,1,32,11611,22768,22801,JobState.COMPLETED,0,176.53061224489795,176.53061224489795,5648.9795918367345
jid_895385,92940.0,168.0,1,27,11735,22773,22801,JobState.COMPLETED,0,176.53061224489795,176.53061224489795,4766.326530612245
jid_895396,92940.0,168.0,1,25,11789,22775,22801,JobState.COMPLETED,0,176.53061224489795,176.53061224489795,4413.265306122449
jid_895404,92940.0,168.0,1,23,11831,22777,22801,JobState.COMPLETED,0,176.53061224489795,176.53061224489795,4060.204081632653
jid_895128,92940.0,168.0,1,158,9955,22643,22802,JobState.COMPLETED,0,176.5306122448979,176.53061224489795,27891.83673469387
jid_895207,92940.0,168.0,1,102,10704,22699,22802,JobState.COMPLETED,0,176.53061224489792,176.53061224489795,18006.12244897959
jid_895405,92940.0,168.0,1,25,11828,22777,22803,JobState.COMPLETED,0,176.53061224489795,176.53061224489795,4413.265306122449
jid_895407,92940.0,168.0,1,24,11853,22778,22803,JobState.COMPLETED,0,176.53061224489795,176.53061224489795,4236.734693877551
jid_895408,92940.0,168.0,1,24,11853,22778,22803,JobState.COMPLETED,0,176.53061224489795,176.53061224489795,4236.734693877551
jid_895412,92940.0,168.0,1,24,11858,22778,22803,JobState.COMPLETED,0,176.53061224489795,176.53061224489795,4236.734693877551
jid_895387,92940.0,168.0,1,30,11736,22773,22804,JobState.COMPLETED,0,176.53061224489795,176.53061224489795,5295.918367346939
jid_895223,92940.0,168.0,1,97,10823,22707,22805,JobState.COMPLETED,0,176.53061224489792,176.53061224489795,17123.4693877551
jid_895399,92940.0,168.0,1,29,11806,22775,22805,JobState.COMPLETED,0,176.53061224489795,176.53061224489795,5119.3877551020405
jid_895403,92940.0,168.0,1,27,11813,22777,22805,JobState.COMPLETED,0,176.53061224489795,176.53061224489795,4766.326530612245
jid_895090,92940.0,168.0,1,181,9566,22624,22806,JobState.COMPLETED,0,176.5306122448979,176.53061224489795,31952.04081632652
jid_895377,92940.0,168.0,1,35,11669,22770,22806,JobState.COMPLETED,0,176.53061224489795,176.53061224489795,6178.571428571428
jid_895400,92940.0,168.0,1,29,11808,22776,22806,JobState.COMPLETED,0,176.53061224489795,176.53061224489795,5119.3877551020405
jid_895414,92940.0,168.0,1,26,11870,22779,22806,JobState.COMPLETED,0,176.53061224489795,176.53061224489795,4589.7959183673465
jid_895363,92940.0,168.0,1,38,11614,22768,22807,JobState.COMPLETED,0,176.53061224489795,176.53061224489795,6708.163265306122
jid_895415,92940.0,168.0,1,27,11870,22779,22807,JobState.COMPLETED,0,176.53061224489795,176.53061224489795,4766.326530612245
jid_895153,92940.0,168.0,1,150,10153,22657,22808,JobState.COMPLETED,0,176.5306122448979,176.53061224489795,26479.591836734686
jid_895334,92940.0,168.0,1,57,11456,22750,22808,JobState.COMPLETED,0,176.53061224489795,176.53061224489795,10062.244897959183
jid_895410,92940.0,168.0,1,29,11853,22778,22808,JobState.COMPLETED,0,176.53061224489795,176.53061224489795,5119.3877551020405
jid_895102,92940.0,168.0,1,175,9683,22633,22809,JobState.COMPLETED,0,176.5306122448979,176.53061224489795,30892.85714285713
jid_895171,92940.0,168.0,1,135,10344,22673,22809,JobState.COMPLETED,0,176.5306122448979,176.53061224489795,23831.632653061217
jid_895388,92940.0,168.0,1,38,11701,22772,22811,JobState.COMPLETED,0,176.53061224489795,176.53061224489795,6708.163265306122
jid_895389,92940.0,168.0,1,37,11722,22773,22811,JobState.COMPLETED,0,176.53061224489795,176.53061224489795,6531.632653061224
jid_895362,92940.0,168.0,1,43,11600,22768,22812,JobState.COMPLETED,0,176.53061224489795,176.53061224489795,7590.816326530612
jid_895419,92940.0,168.0,1,31,11900,22780,22812,JobState.COMPLETED,0,176.53061224489795,176.53061224489795,5472.448979591836
jid_895397,92940.0,168.0,1,37,11790,22775,22813,JobState.COMPLETED,0,176.53061224489795,176.53061224489795,6531.632653061224
jid_895409,92940.0,168.0,1,35,11846,22777,22813,JobState.COMPLETED,0,176.53061224489795,176.53061224489795,6178.571428571428
jid_895310,92940.0,168.0,1,69,11329,22744,22814,JobState.COMPLETED,0,176.53061224489798,176.53061224489795,12180.61224489796
jid_895418,92940.0,168.0,1,34,11895,22779,22814,JobState.COMPLETED,0,176.53061224489795,176.53061224489795,6002.04081632653
jid_896780,39761.0,145.0,8,22251,564,564,22816,JobState.COMPLETED,0,176.53061224490625,176.53061224489795,31423861.224491272
jid_895115,92940.0,168.0,1,177,9808,22638,22816,JobState.COMPLETED,0,176.5306122448979,176.53061224489795,31245.918367346927
jid_895256,92940.0,168.0,1,88,11033,22727,22816,JobState.COMPLETED,0,176.53061224489795,176.53061224489795,15534.69387755102
jid_895421,92940.0,168.0,1,35,11900,22780,22816,JobState.COMPLETED,0,176.53061224489795,176.53061224489795,6178.571428571428
jid_895110,92940.0,168.0,1,178,9762,22638,22817,JobState.COMPLETED,0,176.5306122448979,176.53061224489795,31422.448979591827
jid_895149,92940.0,168.0,1,160,10128,22656,22817,JobState.COMPLETED,0,176.5306122448979,176.53061224489795,28244.89795918366
jid_895262,92940.0,168.0,1,86,11078,22730,22817,JobState.COMPLETED,0,176.53061224489795,176.53061224489795,15181.632653061224
jid_895293,92940.0,168.0,1,78,11244,22739,22818,JobState.COMPLETED,0,176.53061224489795,176.53061224489795,13769.38775510204
jid_895375,92940.0,168.0,1,50,11571,22767,22818,JobState.COMPLETED,0,176.53061224489795,176.53061224489795,8826.530612244898
jid_895422,92940.0,168.0,1,37,11900,22780,22818,JobState.COMPLETED,0,176.53061224489795,176.53061224489795,6531.632653061224
jid_895351,92940.0,168.0,1,57,11536,22762,22820,JobState.COMPLETED,0,176.53061224489795,176.53061224489795,10062.244897959183
jid_895420,92940.0,168.0,1,39,11895,22780,22820,JobState.COMPLETED,0,176.53061224489795,176.53061224489795,6884.69387755102
jid_895423,92940.0,168.0,1,40,11900,22780,22821,JobState.COMPLETED,0,176.53061224489795,176.53061224489795,7061.224489795918
jid_895437,92940.0,168.0,1,36,11949,22784,22821,JobState.COMPLETED,0,176.53061224489795,176.53061224489795,6355.102040816326
jid_895214,92940.0,168.0,1,121,10721,22701,22823,JobState.COMPLETED,0,176.5306122448979,176.53061224489795,21360.204081632644
jid_895226,92940.0,168.0,1,114,10825,22708,22823,JobState.COMPLETED,0,176.53061224489792,176.53061224489795,20124.48979591836
jid_895122,92940.0,168.0,1,183,9873,22640,22824,JobState.COMPLETED,0,176.5306122448979,176.53061224489795,32305.102040816313
jid_895254,92940.0,168.0,1,104,10988,22720,22825,JobState.COMPLETED,0,176.53061224489792,176.53061224489795,18359.183673469382
jid_895280,92940.0,168.0,1,88,11182,22736,22825,JobState.COMPLETED,0,176.53061224489795,176.53061224489795,15534.69387755102
jid_895424,92940.0,168.0,1,41,11916,22783,22825,JobState.COMPLETED,0,176.53061224489795,176.53061224489795,7237.755102040816
jid_895231,92940.0,168.0,1,114,10860,22711,22826,JobState.COMPLETED,0,176.53061224489792,176.53061224489795,20124.48979591836
jid_895425,92940.0,168.0,1,44,11914,22781,22826,JobState.COMPLETED,0,176.53061224489795,176.53061224489795,7767.34693877551
jid_895467,92940.0,168.0,1,33,12251,22793,22827,JobState.COMPLETED,0,176.53061224489795,176.53061224489795,5825.510204081633
jid_895130,92940.0,168.0,1,184,9954,22643,22828,JobState.COMPLETED,0,176.5306122448979,176.53061224489795,32481.632653061213
jid_895464,92940.0,168.0,1,37,12076,22790,22828,JobState.COMPLETED,0,176.53061224489795,176.53061224489795,6531.632653061224
jid_895379,92940.0,168.0,1,59,11661,22769,22829,JobState.COMPLETED,0,176.53061224489795,176.53061224489795,10415.30612244898
jid_895391,92940.0,168.0,1,56,11717,22772,22829,JobState.COMPLETED,0,176.53061224489795,176.53061224489795,9885.714285714286
jid_895428,92940.0,168.0,1,53,11779,22775,22829,JobState.COMPLETED,0,176.53061224489795,176.53061224489795,9356.122448979591
jid_895454,92940.0,168.0,1,36,12162,22792,22829,JobState.COMPLETED,0,176.53061224489795,176.53061224489795,6355.102040816326
jid_895512,92940.0,168.0,1,28,12489,22800,22829,JobState.COMPLETED,0,176.53061224489795,176.53061224489795,4942.857142857143
jid_895530,92940.0,168.0,1,25,12583,22803,22829,JobState.COMPLETED,0,176.53061224489795,176.53061224489795,4413.265306122449
jid_895288,92940.0,168.0,1,91,11221,22738,22830,JobState.COMPLETED,0,176.53061224489792,176.53061224489795,16064.285714285712
jid_895498,92940.0,168.0,1,34,12302,22795,22830,JobState.COMPLETED,0,176.53061224489795,176.53061224489795,6002.04081632653
jid_895249,92940.0,168.0,1,113,10957,22717,22831,JobState.COMPLETED,0,176.53061224489792,176.53061224489795,19947.959183673465
jid_895447,92940.0,168.0,1,42,12029,22788,22831,JobState.COMPLETED,0,176.53061224489795,176.53061224489795,7414.285714285714
jid_895478,92940.0,168.0,1,35,12311,22795,22831,JobState.COMPLETED,0,176.53061224489795,176.53061224489795,6178.571428571428
jid_895426,92940.0,168.0,1,48,11927,22783,22832,JobState.COMPLETED,0,176.53061224489795,176.53061224489795,8473.469387755102
jid_895462,92940.0,168.0,1,38,12218,22793,22832,JobState.COMPLETED,0,176.53061224489795,176.53061224489795,6708.163265306122
jid_895470,92940.0,168.0,1,36,12275,22795,22832,JobState.COMPLETED,0,176.53061224489795,176.53061224489795,6355.102040816326
jid_895509,92940.0,168.0,1,32,12452,22799,22832,JobState.COMPLETED,0,176.53061224489795,176.53061224489795,5648.9795918367345
jid_895430,92940.0,168.0,1,49,11952,22784,22834,JobState.COMPLETED,0,176.53061224489795,176.53061224489795,8650.0
jid_895514,92940.0,168.0,1,32,12559,22801,22834,JobState.COMPLETED,0,176.53061224489795,176.53061224489795,5648.9795918367345
jid_895417,92940.0,168.0,1,56,11853,22778,22835,JobState.COMPLETED,0,176.53061224489795,176.53061224489795,9885.714285714286
jid_895431,92940.0,168.0,1,50,11953,22784,22835,JobState.COMPLETED,0,176.53061224489795,176.53061224489795,8826.530612244898
jid_895503,92940.0,168.0,1,33,12508,22801,22835,JobState.COMPLETED,0,176.53061224489795,176.53061224489795,5825.510204081633
jid_895520,92940.0,168.0,1,33,12520,22801,22835,JobState.COMPLETED,0,176.53061224489795,176.53061224489795,5825.510204081633
jid_895522,92940.0,168.0,1,29,12609,22805,22835,JobState.COMPLETED,0,176.53061224489795,176.53061224489795,5119.3877551020405
jid_895429,92940.0,168.0,1,51,11948,22784,22836,JobState.COMPLETED,0,176.53061224489795,176.53061224489795,9003.061224489795
jid_895440,92940.0,168.0,1,50,11958,22785,22836,JobState.COMPLETED,0,176.53061224489795,176.53061224489795,8826.530612244898
jid_895519,92940.0,168.0,1,31,12591,22804,22836,JobState.COMPLETED,0,176.53061224489795,176.53061224489795,5472.448979591836
jid_895188,92940.0,168.0,1,154,10478,22682,22837,JobState.COMPLETED,0,176.5306122448979,176.53061224489795,27185.714285714275
jid_895531,92940.0,168.0,1,28,12657,22808,22837,JobState.COMPLETED,0,176.53061224489795,176.53061224489795,4942.857142857143
jid_895376,92940.0,168.0,1,69,11629,22768,22838,JobState.COMPLETED,0,176.53061224489798,176.53061224489795,12180.61224489796
jid_895479,92940.0,168.0,1,44,12245,22793,22838,JobState.COMPLETED,0,176.53061224489795,176.53061224489795,7767.34693877551
jid_895481,92940.0,168.0,1,41,12339,22796,22838,JobState.COMPLETED,0,176.53061224489795,176.53061224489795,7237.755102040816
jid_895489,92940.0,168.0,1,38,12397,22799,22838,JobState.COMPLETED,0,176.53061224489795,176.53061224489795,6708.163265306122
jid_896784,331.0,145.0,8,22272,566,566,22839,JobState.COMPLETED,0,176.53061224490625,176.53061224489795,31453518.367348418
jid_895355,92940.0,168.0,1,78,11533,22760,22839,JobState.COMPLETED,0,176.53061224489795,176.53061224489795,13769.38775510204
jid_895453,92940.0,168.0,1,47,12129,22791,22839,JobState.COMPLETED,0,176.53061224489795,176.53061224489795,8296.938775510203
jid_895480,92940.0,168.0,1,42,12331,22796,22839,JobState.COMPLETED,0,176.53061224489795,176.53061224489795,7414.285714285714
jid_895322,92940.0,168.0,1,94,11354,22745,22840,JobState.COMPLETED,0,176.53061224489792,176.53061224489795,16593.877551020403
jid_895456,92940.0,168.0,1,47,12178,22792,22840,JobState.COMPLETED,0,176.53061224489795,176.53061224489795,8296.938775510203
jid_895525,92940.0,168.0,1,32,12641,22807,22840,JobState.COMPLETED,0,176.53061224489795,176.53061224489795,5648.9795918367345
jid_895529,92940.0,168.0,1,32,12649,22807,22840,JobState.COMPLETED,0,176.53061224489795,176.53061224489795,5648.9795918367345
jid_896831,38974.0,145.0,8,22270,570,570,22841,JobState.COMPLETED,0,176.53061224490625,176.53061224489795,31450693.877552498
jid_895435,92940.0,168.0,1,54,11975,22786,22841,JobState.COMPLETED,0,176.53061224489795,176.53061224489795,9532.65306122449
jid_895500,92940.0,168.0,1,41,12461,22799,22841,JobState.COMPLETED,0,176.53061224489795,176.53061224489795,7237.755102040816
jid_895432,92940.0,168.0,1,57,11951,22784,22842,JobState.COMPLETED,0,176.53061224489795,176.53061224489795,10062.244897959183
jid_895433,92940.0,168.0,1,55,11975,22786,22842,JobState.COMPLETED,0,176.53061224489795,176.53061224489795,9709.183673469388
jid_895458,92940.0,168.0,1,48,12195,22793,22842,JobState.COMPLETED,0,176.53061224489795,176.53061224489795,8473.469387755102
jid_895487,92940.0,168.0,1,44,12364,22797,22842,JobState.COMPLETED,0,176.53061224489795,176.53061224489795,7767.34693877551
jid_895538,92940.0,168.0,1,29,12699,22812,22842,JobState.COMPLETED,0,176.53061224489795,176.53061224489795,5119.3877551020405
jid_895471,92940.0,168.0,1,49,12264,22794,22844,JobState.COMPLETED,0,176.53061224489795,176.53061224489795,8650.0
jid_895474,92940.0,168.0,1,48,12276,22795,22844,JobState.COMPLETED,0,176.53061224489795,176.53061224489795,8473.469387755102
jid_895557,92940.0,168.0,1,38,12609,22805,22844,JobState.COMPLETED,0,176.53061224489795,176.53061224489795,6708.163265306122
jid_895491,92940.0,168.0,1,46,12395,22798,22845,JobState.COMPLETED,0,176.53061224489795,176.53061224489795,8120.408163265306
jid_895517,92940.0,168.0,1,41,12574,22803,22845,JobState.COMPLETED,0,176.53061224489795,176.53061224489795,7237.755102040816
jid_895318,92940.0,168.0,1,100,11339,22745,22846,JobState.COMPLETED,0,176.53061224489792,176.53061224489795,17653.061224489793
jid_895449,92940.0,168.0,1,55,12098,22790,22846,JobState.COMPLETED,0,176.53061224489795,176.53061224489795,9709.183673469388
jid_895483,92940.0,168.0,1,49,12331,22796,22846,JobState.COMPLETED,0,176.53061224489795,176.53061224489795,8650.0
jid_895523,92940.0,168.0,1,40,12609,22805,22846,JobState.COMPLETED,0,176.53061224489795,176.53061224489795,7061.224489795918
jid_895536,92940.0,168.0,1,36,12690,22809,22846,JobState.COMPLETED,0,176.53061224489795,176.53061224489795,6355.102040816326
jid_895147,92940.0,168.0,1,196,10073,22650,22847,JobState.COMPLETED,0,176.5306122448979,176.53061224489795,34599.999999999985
jid_895169,92940.0,168.0,1,178,10284,22668,22847,JobState.COMPLETED,0,176.5306122448979,176.53061224489795,31422.448979591827
jid_895539,92940.0,168.0,1,33,12699,22813,22847,JobState.COMPLETED,0,176.53061224489795,176.53061224489795,5825.510204081633
jid_895297,92940.0,168.0,1,109,11226,22738,22848,JobState.COMPLETED,0,176.53061224489792,176.53061224489795,19241.836734693872
jid_895395,92940.0,168.0,1,75,11715,22772,22848,JobState.COMPLETED,0,176.53061224489795,176.53061224489795,13239.795918367347
jid_895450,92940.0,168.0,1,56,12108,22791,22848,JobState.COMPLETED,0,176.53061224489795,176.53061224489795,9885.714285714286
jid_895534,92940.0,168.0,1,39,12668,22808,22848,JobState.COMPLETED,0,176.53061224489795,176.53061224489795,6884.69387755102
jid_895537,92940.0,168.0,1,38,12688,22809,22848,JobState.COMPLETED,0,176.53061224489795,176.53061224489795,6708.163265306122
jid_895540,92940.0,168.0,1,35,12698,22812,22848,JobState.COMPLETED,0,176.53061224489795,176.53061224489795,6178.571428571428
jid_895544,92940.0,168.0,1,31,12746,22816,22848,JobState.COMPLETED,0,176.53061224489795,176.53061224489795,5472.448979591836
jid_895439,92940.0,168.0,1,61,12017,22787,22849,JobState.COMPLETED,0,176.53061224489798,176.53061224489795,10768.367346938778
jid_895448,92940.0,168.0,1,58,12087,22790,22849,JobState.COMPLETED,0,176.53061224489795,176.53061224489795,10238.775510204081
jid_895461,92940.0,168.0,1,56,12129,22792,22849,JobState.COMPLETED,0,176.53061224489795,176.53061224489795,9885.714285714286
jid_895524,92940.0,168.0,1,42,12627,22806,22849,JobState.COMPLETED,0,176.53061224489795,176.53061224489795,7414.285714285714
jid_895550,92940.0,168.0,1,35,12702,22813,22849,JobState.COMPLETED,0,176.53061224489795,176.53061224489795,6178.571428571428
jid_896791,65170.0,145.0,8,22277,572,572,22850,JobState.COMPLETED,0,176.53061224490625,176.53061224489795,31460579.59183821
jid_895438,92940.0,168.0,1,62,12005,22787,22850,JobState.COMPLETED,0,176.53061224489798,176.53061224489795,10944.897959183674
jid_895445,92940.0,168.0,1,61,12048,22788,22850,JobState.COMPLETED,0,176.53061224489798,176.53061224489795,10768.367346938778
jid_895485,92940.0,168.0,1,53,12341,22796,22850,JobState.COMPLETED,0,176.53061224489795,176.53061224489795,9356.122448979591
jid_895499,92940.0,168.0,1,50,12447,22799,22850,JobState.COMPLETED,0,176.53061224489795,176.53061224489795,8826.530612244898
jid_895518,92940.0,168.0,1,46,12575,22803,22850,JobState.COMPLETED,0,176.53061224489795,176.53061224489795,8120.408163265306
jid_895451,92940.0,168.0,1,59,12107,22791,22851,JobState.COMPLETED,0,176.53061224489795,176.53061224489795,10415.30612244898
jid_895476,92940.0,168.0,1,56,12274,22794,22851,JobState.COMPLETED,0,176.53061224489795,176.53061224489795,9885.714285714286
jid_895515,92940.0,168.0,1,48,12561,22802,22851,JobState.COMPLETED,0,176.53061224489795,176.53061224489795,8473.469387755102
jid_895526,92940.0,168.0,1,44,12632,22806,22851,JobState.COMPLETED,0,176.53061224489795,176.53061224489795,7767.34693877551
jid_895272,92940.0,168.0,1,118,11108,22733,22852,JobState.COMPLETED,0,176.53061224489792,176.53061224489795,20830.612244897955
jid_895444,92940.0,168.0,1,63,12048,22788,22852,JobState.COMPLETED,0,176.53061224489798,176.53061224489795,11121.428571428572
jid_895502,92940.0,168.0,1,52,12489,22799,22852,JobState.COMPLETED,0,176.53061224489795,176.53061224489795,9179.591836734693
jid_895513,92940.0,168.0,1,50,12540,22801,22852,JobState.COMPLETED,0,176.53061224489795,176.53061224489795,8826.530612244898
jid_895528,92940.0,168.0,1,45,12637,22806,22852,JobState.COMPLETED,0,176.53061224489795,176.53061224489795,7943.877551020408
jid_895551,92940.0,168.0,1,35,12794,22816,22852,JobState.COMPLETED,0,176.53061224489795,176.53061224489795,6178.571428571428
jid_895459,92940.0,168.0,1,60,12185,22792,22853,JobState.COMPLETED,0,176.53061224489798,176.53061224489795,10591.83673469388
jid_895545,92940.0,168.0,1,36,12743,22816,22853,JobState.COMPLETED,0,176.53061224489795,176.53061224489795,6355.102040816326
jid_895548,92940.0,168.0,1,36,12752,22816,22853,JobState.COMPLETED,0,176.53061224489795,176.53061224489795,6355.102040816326
jid_895441,92940.0,168.0,1,66,12020,22787,22854,JobState.COMPLETED,0,176.53061224489798,176.53061224489795,11651.020408163267
jid_895496,92940.0,168.0,1,54,12426,22799,22854,JobState.COMPLETED,0,176.53061224489795,176.53061224489795,9532.65306122449
jid_895547,92940.0,168.0,1,37,12751,22816,22854,JobState.COMPLETED,0,176.53061224489795,176.53061224489795,6531.632653061224
jid_895161,92940.0,168.0,1,192,10208,22662,22855,JobState.COMPLETED,0,176.5306122448979,176.53061224489795,33893.8775510204
jid_896793,332.0,145.0,8,22289,566,566,22856,JobState.COMPLETED,0,176.53061224490625,176.53061224489795,31477526.530613724
jid_895208,92940.0,168.0,1,160,10648,22695,22856,JobState.COMPLETED,0,176.5306122448979,176.53061224489795,28244.89795918366
jid_895475,92940.0,168.0,1,61,12264,22794,22856,JobState.COMPLETED,0,176.53061224489798,176.53061224489795,10768.367346938778
jid_895546,92940.0,168.0,1,39,12743,22816,22856,JobState.COMPLETED,0,176.53061224489795,176.53061224489795,6884.69387755102
jid_895486,92940.0,168.0,1,59,12347,22797,22857,JobState.COMPLETED,0,176.53061224489795,176.53061224489795,10415.30612244898
jid_895510,92940.0,168.0,1,55,12517,22801,22857,JobState.COMPLETED,0,176.53061224489795,176.53061224489795,9709.183673469388
jid_895516,92940.0,168.0,1,54,12561,22802,22857,JobState.COMPLETED,0,176.53061224489795,176.53061224489795,9532.65306122449
jid_895494,92940.0,168.0,1,58,12413,22799,22858,JobState.COMPLETED,0,176.53061224489795,176.53061224489795,10238.775510204081
jid_895506,92940.0,168.0,1,57,12498,22800,22858,JobState.COMPLETED,0,176.53061224489795,176.53061224489795,10062.244897959183
jid_895521,92940.0,168.0,1,54,12584,22803,22858,JobState.COMPLETED,0,176.53061224489795,176.53061224489795,9532.65306122449
jid_895542,92940.0,168.0,1,41,12726,22816,22858,JobState.COMPLETED,0,176.53061224489795,176.53061224489795,7237.755102040816
jid_895172,92940.0,168.0,1,187,10318,22671,22859,JobState.COMPLETED,0,176.5306122448979,176.53061224489795,33011.22448979591
jid_895212,92940.0,168.0,1,163,10658,22695,22859,JobState.COMPLETED,0,176.5306122448979,176.53061224489795,28774.489795918358
jid_895507,92940.0,168.0,1,57,12502,22801,22859,JobState.COMPLETED,0,176.53061224489795,176.53061224489795,10062.244897959183
jid_895497,92940.0,168.0,1,60,12424,22799,22860,JobState.COMPLETED,0,176.53061224489798,176.53061224489795,10591.83673469388
jid_895581,92940.0,168.0,1,36,12865,22823,22860,JobState.COMPLETED,0,176.53061224489795,176.53061224489795,6355.102040816326
jid_895232,92940.0,168.0,1,155,10816,22706,22862,JobState.COMPLETED,0,176.5306122448979,176.53061224489795,27362.244897959175
jid_895535,92940.0,168.0,1,53,12663,22808,22862,JobState.COMPLETED,0,176.53061224489795,176.53061224489795,9356.122448979591
jid_895488,92940.0,168.0,1,66,12343,22796,22863,JobState.COMPLETED,0,176.53061224489798,176.53061224489795,11651.020408163267
jid_895504,92940.0,168.0,1,63,12480,22799,22863,JobState.COMPLETED,0,176.53061224489798,176.53061224489795,11121.428571428572
jid_895555,92940.0,168.0,1,45,12800,22817,22863,JobState.COMPLETED,0,176.53061224489795,176.53061224489795,7943.877551020408
jid_895191,92940.0,168.0,1,183,10455,22680,22864,JobState.COMPLETED,0,176.5306122448979,176.53061224489795,32305.102040816313
jid_895457,92940.0,168.0,1,71,12163,22792,22864,JobState.COMPLETED,0,176.53061224489795,176.53061224489795,12533.673469387755
jid_895492,92940.0,168.0,1,65,12396,22798,22864,JobState.COMPLETED,0,176.53061224489798,176.53061224489795,11474.489795918369
jid_895554,92940.0,168.0,1,46,12795,22817,22864,JobState.COMPLETED,0,176.53061224489795,176.53061224489795,8120.408163265306
jid_895558,92940.0,168.0,1,46,12806,22817,22864,JobState.COMPLETED,0,176.53061224489795,176.53061224489795,8120.408163265306
jid_895578,92940.0,168.0,1,38,12896,22825,22864,JobState.COMPLETED,0,176.53061224489795,176.53061224489795,6708.163265306122
jid_895452,92940.0,168.0,1,73,12098,22791,22865,JobState.COMPLETED,0,176.53061224489795,176.53061224489795,12886.73469387755
jid_895532,92940.0,168.0,1,58,12633,22806,22865,JobState.COMPLETED,0,176.53061224489795,176.53061224489795,10238.775510204081
jid_895552,92940.0,168.0,1,48,12786,22816,22865,JobState.COMPLETED,0,176.53061224489795,176.53061224489795,8473.469387755102
jid_895577,92940.0,168.0,1,46,12807,22818,22865,JobState.COMPLETED,0,176.53061224489795,176.53061224489795,8120.408163265306
jid_895590,92940.0,168.0,1,32,13068,22832,22865,JobState.COMPLETED,0,176.53061224489795,176.53061224489795,5648.9795918367345
jid_895141,92940.0,168.0,1,220,10001,22645,22866,JobState.COMPLETED,0,176.53061224489787,176.53061224489795,38836.73469387753
jid_895508,92940.0,168.0,1,65,12493,22800,22866,JobState.COMPLETED,0,176.53061224489798,176.53061224489795,11474.489795918369
jid_895585,92940.0,168.0,1,33,13023,22832,22866,JobState.COMPLETED,0,176.53061224489795,176.53061224489795,5825.510204081633
jid_895592,92940.0,168.0,1,31,13075,22834,22866,JobState.COMPLETED,0,176.53061224489795,176.53061224489795,5472.448979591836
jid_895560,92940.0,168.0,1,48,12828,22818,22867,JobState.COMPLETED,0,176.53061224489795,176.53061224489795,8473.469387755102
jid_895562,92940.0,168.0,1,46,12848,22820,22867,JobState.COMPLETED,0,176.53061224489795,176.53061224489795,8120.408163265306
jid_895165,92940.0,168.0,1,203,10237,22664,22868,JobState.COMPLETED,0,176.5306122448979,176.53061224489795,35835.714285714275
jid_895368,92940.0,168.0,1,101,11571,22766,22868,JobState.COMPLETED,0,176.53061224489792,176.53061224489795,17829.59183673469
jid_895199,92940.0,168.0,1,181,10521,22687,22869,JobState.COMPLETED,0,176.5306122448979,176.53061224489795,31952.04081632652
jid_895541,92940.0,168.0,1,57,12695,22811,22869,JobState.COMPLETED,0,176.53061224489795,176.53061224489795,10062.244897959183
jid_895556,92940.0,168.0,1,52,12793,22816,22869,JobState.COMPLETED,0,176.53061224489795,176.53061224489795,9179.591836734693
jid_895563,92940.0,168.0,1,47,12858,22821,22869,JobState.COMPLETED,0,176.53061224489795,176.53061224489795,8296.938775510203
jid_895570,92940.0,168.0,1,42,12915,22826,22869,JobState.COMPLETED,0,176.53061224489795,176.53061224489795,7414.285714285714
jid_895495,92940.0,168.0,1,70,12401,22799,22870,JobState.COMPLETED,0,176.53061224489795,176.53061224489795,12357.142857142857
jid_895625,92940.0,168.0,1,28,13268,22841,22870,JobState.COMPLETED,0,176.53061224489795,176.53061224489795,4942.857142857143
jid_895390,92940.0,168.0,1,99,11690,22771,22871,JobState.COMPLETED,0,176.53061224489792,176.53061224489795,17476.530612244893
jid_895549,92940.0,168.0,1,54,12743,22816,22871,JobState.COMPLETED,0,176.53061224489795,176.53061224489795,9532.65306122449
jid_895608,92940.0,168.0,1,31,13171,22839,22871,JobState.COMPLETED,0,176.53061224489795,176.53061224489795,5472.448979591836
jid_895617,92940.0,168.0,1,31,13220,22839,22871,JobState.COMPLETED,0,176.53061224489795,176.53061224489795,5472.448979591836
jid_895632,92940.0,168.0,1,28,13316,22842,22871,JobState.COMPLETED,0,176.53061224489795,176.53061224489795,4942.857142857143
jid_895482,92940.0,168.0,1,76,12299,22795,22872,JobState.COMPLETED,0,176.53061224489795,176.53061224489795,13416.326530612245
jid_895566,92940.0,168.0,1,46,12870,22825,22872,JobState.COMPLETED,0,176.53061224489795,176.53061224489795,8120.408163265306
jid_895612,92940.0,168.0,1,32,13186,22839,22872,JobState.COMPLETED,0,176.53061224489795,176.53061224489795,5648.9795918367345
jid_895619,92940.0,168.0,1,31,13236,22840,22872,JobState.COMPLETED,0,176.53061224489795,176.53061224489795,5472.448979591836
jid_895629,92940.0,168.0,1,30,13286,22841,22872,JobState.COMPLETED,0,176.53061224489795,176.53061224489795,5295.918367346939
jid_895605,92940.0,168.0,1,43,12993,22829,22873,JobState.COMPLETED,0,176.53061224489795,176.53061224489795,7590.816326530612
jid_895602,92940.0,168.0,1,35,13125,22837,22873,JobState.COMPLETED,0,176.53061224489795,176.53061224489795,6178.571428571428
jid_895587,92940.0,168.0,1,42,13020,22831,22874,JobState.COMPLETED,0,176.53061224489795,176.53061224489795,7414.285714285714
jid_895601,92940.0,168.0,1,37,13118,22836,22874,JobState.COMPLETED,0,176.53061224489795,176.53061224489795,6531.632653061224
jid_895688,92940.0,168.0,1,20,13607,22853,22874,JobState.COMPLETED,0,176.53061224489795,176.53061224489795,3530.612244897959
jid_895687,92940.0,168.0,1,20,13611,22853,22874,JobState.COMPLETED,0,176.53061224489795,176.53061224489795,3530.612244897959
jid_895580,92940.0,168.0,1,44,12998,22830,22875,JobState.COMPLETED,0,176.53061224489795,176.53061224489795,7767.34693877551
jid_895594,92940.0,168.0,1,39,13079,22835,22875,JobState.COMPLETED,0,176.53061224489795,176.53061224489795,6884.69387755102
jid_895690,92940.0,168.0,1,21,13615,22853,22875,JobState.COMPLETED,0,176.53061224489795,176.53061224489795,3707.142857142857
jid_895695,92940.0,168.0,1,19,13632,22855,22875,JobState.COMPLETED,0,176.53061224489795,176.53061224489795,3354.081632653061
jid_895694,92940.0,168.0,1,18,13633,22856,22875,JobState.COMPLETED,0,176.53061224489795,176.53061224489795,3177.551020408163
jid_895701,92940.0,168.0,1,18,13668,22856,22875,JobState.COMPLETED,0,176.53061224489795,176.53061224489795,3177.551020408163
jid_895572,92940.0,168.0,1,48,12923,22827,22876,JobState.COMPLETED,0,176.53061224489795,176.53061224489795,8473.469387755102
jid_895237,92940.0,168.0,1,167,10846,22709,22877,JobState.COMPLETED,0,176.5306122448979,176.53061224489795,29480.612244897948
jid_895411,92940.0,168.0,1,101,11782,22775,22877,JobState.COMPLETED,0,176.53061224489792,176.53061224489795,17829.59183673469
jid_895564,92940.0,168.0,1,55,12854,22821,22877,JobState.COMPLETED,0,176.53061224489795,176.53061224489795,9709.183673469388
jid_895573,92940.0,168.0,1,47,12933,22829,22877,JobState.COMPLETED,0,176.53061224489795,176.53061224489795,8296.938775510203
jid_895639,92940.0,168.0,1,32,13336,22844,22877,JobState.COMPLETED,0,176.53061224489795,176.53061224489795,5648.9795918367345
jid_896797,38532.0,145.0,8,22310,567,567,22878,JobState.COMPLETED,0,176.53061224490625,176.53061224489795,31507183.673470866
jid_895584,92940.0,168.0,1,46,13011,22831,22878,JobState.COMPLETED,0,176.53061224489795,176.53061224489795,8120.408163265306
jid_895675,92940.0,168.0,1,27,13540,22850,22878,JobState.COMPLETED,0,176.53061224489795,176.53061224489795,4766.326530612245
jid_895693,92940.0,168.0,1,23,13628,22854,22878,JobState.COMPLETED,0,176.53061224489795,176.53061224489795,4060.204081632653
jid_895699,92940.0,168.0,1,21,13650,22856,22878,JobState.COMPLETED,0,176.53061224489795,176.53061224489795,3707.142857142857
jid_895700,92940.0,168.0,1,21,13659,22856,22878,JobState.COMPLETED,0,176.53061224489795,176.53061224489795,3707.142857142857
jid_895702,92940.0,168.0,1,21,13668,22856,22878,JobState.COMPLETED,0,176.53061224489795,176.53061224489795,3707.142857142857
jid_895703,92940.0,168.0,1,21,13669,22856,22878,JobState.COMPLETED,0,176.53061224489795,176.53061224489795,3707.142857142857
jid_895707,92940.0,168.0,1,20,13690,22857,22878,JobState.COMPLETED,0,176.53061224489795,176.53061224489795,3530.612244897959
jid_895711,92940.0,168.0,1,19,13704,22858,22878,JobState.COMPLETED,0,176.53061224489795,176.53061224489795,3354.081632653061
jid_895567,92940.0,168.0,1,54,12866,22824,22879,JobState.COMPLETED,0,176.53061224489795,176.53061224489795,9532.65306122449
jid_895582,92940.0,168.0,1,50,12928,22828,22879,JobState.COMPLETED,0,176.53061224489795,176.53061224489795,8826.530612244898
jid_895627,92940.0,168.0,1,37,13265,22841,22879,JobState.COMPLETED,0,176.53061224489795,176.53061224489795,6531.632653061224
jid_895630,92940.0,168.0,1,37,13287,22841,22879,JobState.COMPLETED,0,176.53061224489795,176.53061224489795,6531.632653061224
jid_895636,92940.0,168.0,1,36,13316,22842,22879,JobState.COMPLETED,0,176.53061224489795,176.53061224489795,6355.102040816326
jid_895667,92940.0,168.0,1,28,13496,22850,22879,JobState.COMPLETED,0,176.53061224489795,176.53061224489795,4942.857142857143
jid_895696,92940.0,168.0,1,24,13629,22854,22879,JobState.COMPLETED,0,176.53061224489795,176.53061224489795,4236.734693877551
jid_895698,92940.0,168.0,1,22,13650,22856,22879,JobState.COMPLETED,0,176.53061224489795,176.53061224489795,3883.673469387755
jid_895543,92940.0,168.0,1,65,12710,22814,22880,JobState.COMPLETED,0,176.53061224489798,176.53061224489795,11474.489795918369
jid_895626,92940.0,168.0,1,38,13261,22841,22880,JobState.COMPLETED,0,176.53061224489795,176.53061224489795,6708.163265306122
jid_895637,92940.0,168.0,1,37,13319,22842,22880,JobState.COMPLETED,0,176.53061224489795,176.53061224489795,6531.632653061224
jid_895684,92940.0,168.0,1,27,13586,22852,22880,JobState.COMPLETED,0,176.53061224489795,176.53061224489795,4766.326530612245
jid_895686,92940.0,168.0,1,27,13598,22852,22880,JobState.COMPLETED,0,176.53061224489795,176.53061224489795,4766.326530612245
jid_895704,92940.0,168.0,1,23,13671,22856,22880,JobState.COMPLETED,0,176.53061224489795,176.53061224489795,4060.204081632653
jid_895712,92940.0,168.0,1,21,13705,22858,22880,JobState.COMPLETED,0,176.53061224489795,176.53061224489795,3707.142857142857
jid_895185,92940.0,168.0,1,201,10416,22679,22881,JobState.COMPLETED,0,176.5306122448979,176.53061224489795,35482.653061224475
jid_895553,92940.0,168.0,1,64,12771,22816,22881,JobState.COMPLETED,0,176.53061224489798,176.53061224489795,11297.95918367347
jid_895565,92940.0,168.0,1,60,12853,22820,22881,JobState.COMPLETED,0,176.53061224489798,176.53061224489795,10591.83673469388
jid_895604,92940.0,168.0,1,42,13137,22838,22881,JobState.COMPLETED,0,176.53061224489795,176.53061224489795,7414.285714285714
jid_895713,92940.0,168.0,1,23,13702,22857,22881,JobState.COMPLETED,0,176.53061224489795,176.53061224489795,4060.204081632653
jid_895716,92940.0,168.0,1,21,13728,22859,22881,JobState.COMPLETED,0,176.53061224489795,176.53061224489795,3707.142857142857
jid_895239,92940.0,168.0,1,170,10846,22711,22882,JobState.COMPLETED,0,176.5306122448979,176.53061224489795,30010.20408163264
jid_895586,92940.0,168.0,1,51,13008,22830,22882,JobState.COMPLETED,0,176.53061224489795,176.53061224489795,9003.061224489795
jid_895615,92940.0,168.0,1,42,13200,22839,22882,JobState.COMPLETED,0,176.53061224489795,176.53061224489795,7414.285714285714
jid_895616,92940.0,168.0,1,42,13206,22839,22882,JobState.COMPLETED,0,176.53061224489795,176.53061224489795,7414.285714285714
jid_895621,92940.0,168.0,1,41,13227,22840,22882,JobState.COMPLETED,0,176.53061224489795,176.53061224489795,7237.755102040816
jid_895651,92940.0,168.0,1,34,13388,22847,22882,JobState.COMPLETED,0,176.53061224489795,176.53061224489795,6002.04081632653
jid_895657,92940.0,168.0,1,32,13440,22849,22882,JobState.COMPLETED,0,176.53061224489795,176.53061224489795,5648.9795918367345
jid_895671,92940.0,168.0,1,31,13507,22850,22882,JobState.COMPLETED,0,176.53061224489795,176.53061224489795,5472.448979591836
jid_895697,92940.0,168.0,1,25,13642,22856,22882,JobState.COMPLETED,0,176.53061224489795,176.53061224489795,4413.265306122449
jid_895443,92940.0,168.0,1,95,11993,22787,22883,JobState.COMPLETED,0,176.53061224489792,176.53061224489795,16770.408163265303
jid_895575,92940.0,168.0,1,53,12937,22829,22883,JobState.COMPLETED,0,176.53061224489795,176.53061224489795,9356.122448979591
jid_895588,92940.0,168.0,1,51,13019,22831,22883,JobState.COMPLETED,0,176.53061224489795,176.53061224489795,9003.061224489795
jid_895591,92940.0,168.0,1,50,13053,22832,22883,JobState.COMPLETED,0,176.53061224489795,176.53061224489795,8826.530612244898
jid_895596,92940.0,168.0,1,47,13075,22835,22883,JobState.COMPLETED,0,176.53061224489795,176.53061224489795,8296.938775510203
jid_895666,92940.0,168.0,1,32,13490,22850,22883,JobState.COMPLETED,0,176.53061224489795,176.53061224489795,5648.9795918367345
jid_895708,92940.0,168.0,1,26,13687,22856,22883,JobState.COMPLETED,0,176.53061224489795,176.53061224489795,4589.7959183673465
jid_895717,92940.0,168.0,1,22,13729,22860,22883,JobState.COMPLETED,0,176.53061224489795,176.53061224489795,3883.673469387755
jid_895266,92940.0,168.0,1,156,11032,22727,22884,JobState.COMPLETED,0,176.5306122448979,176.53061224489795,27538.775510204072
jid_895568,92940.0,168.0,1,60,12863,22823,22884,JobState.COMPLETED,0,176.53061224489798,176.53061224489795,10591.83673469388
jid_895635,92940.0,168.0,1,42,13306,22841,22884,JobState.COMPLETED,0,176.53061224489795,176.53061224489795,7414.285714285714
jid_895719,92940.0,168.0,1,21,13743,22862,22884,JobState.COMPLETED,0,176.53061224489795,176.53061224489795,3707.142857142857
jid_895722,92940.0,168.0,1,20,13743,22863,22884,JobState.COMPLETED,0,176.53061224489795,176.53061224489795,3530.612244897959
jid_895247,92940.0,168.0,1,170,10894,22714,22885,JobState.COMPLETED,0,176.5306122448979,176.53061224489795,30010.20408163264
jid_895466,92940.0,168.0,1,92,12188,22792,22885,JobState.COMPLETED,0,176.53061224489792,176.53061224489795,16240.816326530608
jid_895561,92940.0,168.0,1,66,12825,22818,22885,JobState.COMPLETED,0,176.53061224489798,176.53061224489795,11651.020408163267
jid_895574,92940.0,168.0,1,56,12932,22828,22885,JobState.COMPLETED,0,176.53061224489795,176.53061224489795,9885.714285714286
jid_895595,92940.0,168.0,1,50,13072,22834,22885,JobState.COMPLETED,0,176.53061224489795,176.53061224489795,8826.530612244898
jid_895624,92940.0,168.0,1,43,13254,22841,22885,JobState.COMPLETED,0,176.53061224489795,176.53061224489795,7590.816326530612
jid_895638,92940.0,168.0,1,42,13315,22842,22885,JobState.COMPLETED,0,176.53061224489795,176.53061224489795,7414.285714285714
jid_895641,92940.0,168.0,1,40,13341,22844,22885,JobState.COMPLETED,0,176.53061224489795,176.53061224489795,7061.224489795918
jid_895655,92940.0,168.0,1,36,13433,22848,22885,JobState.COMPLETED,0,176.53061224489795,176.53061224489795,6355.102040816326
jid_895714,92940.0,168.0,1,26,13711,22858,22885,JobState.COMPLETED,0,176.53061224489795,176.53061224489795,4589.7959183673465
jid_895614,92940.0,168.0,1,46,13190,22839,22886,JobState.COMPLETED,0,176.53061224489795,176.53061224489795,8120.408163265306
jid_895645,92940.0,168.0,1,39,13375,22846,22886,JobState.COMPLETED,0,176.53061224489795,176.53061224489795,6884.69387755102
jid_895674,92940.0,168.0,1,35,13527,22850,22886,JobState.COMPLETED,0,176.53061224489795,176.53061224489795,6178.571428571428
jid_895676,92940.0,168.0,1,35,13534,22850,22886,JobState.COMPLETED,0,176.53061224489795,176.53061224489795,6178.571428571428
jid_895213,92940.0,168.0,1,191,10634,22695,22887,JobState.COMPLETED,0,176.5306122448979,176.53061224489795,33717.346938775496
jid_895493,92940.0,168.0,1,88,12383,22798,22887,JobState.COMPLETED,0,176.53061224489795,176.53061224489795,15534.69387755102
jid_895579,92940.0,168.0,1,57,12978,22829,22887,JobState.COMPLETED,0,176.53061224489795,176.53061224489795,10062.244897959183
jid_895597,92940.0,168.0,1,51,13079,22835,22887,JobState.COMPLETED,0,176.53061224489795,176.53061224489795,9003.061224489795
jid_895618,92940.0,168.0,1,47,13215,22839,22887,JobState.COMPLETED,0,176.53061224489795,176.53061224489795,8296.938775510203
jid_895643,92940.0,168.0,1,41,13365,22845,22887,JobState.COMPLETED,0,176.53061224489795,176.53061224489795,7237.755102040816
jid_895669,92940.0,168.0,1,36,13496,22850,22887,JobState.COMPLETED,0,176.53061224489795,176.53061224489795,6355.102040816326
jid_895685,92940.0,168.0,1,34,13582,22852,22887,JobState.COMPLETED,0,176.53061224489795,176.53061224489795,6002.04081632653
jid_895576,92940.0,168.0,1,58,12942,22829,22888,JobState.COMPLETED,0,176.53061224489795,176.53061224489795,10238.775510204081
jid_895603,92940.0,168.0,1,51,13122,22836,22888,JobState.COMPLETED,0,176.53061224489795,176.53061224489795,9003.061224489795
jid_895633,92940.0,168.0,1,46,13301,22841,22888,JobState.COMPLETED,0,176.53061224489795,176.53061224489795,8120.408163265306
jid_895668,92940.0,168.0,1,37,13496,22850,22888,JobState.COMPLETED,0,176.53061224489795,176.53061224489795,6531.632653061224
jid_895721,92940.0,168.0,1,24,13743,22863,22888,JobState.COMPLETED,0,176.53061224489795,176.53061224489795,4236.734693877551
jid_895473,92940.0,168.0,1,95,12226,22793,22889,JobState.COMPLETED,0,176.53061224489792,176.53061224489795,16770.408163265303
jid_895607,92940.0,168.0,1,50,13146,22838,22889,JobState.COMPLETED,0,176.53061224489795,176.53061224489795,8826.530612244898
jid_895706,92940.0,168.0,1,38,13507,22850,22889,JobState.COMPLETED,0,176.53061224489795,176.53061224489795,6708.163265306122
jid_895724,92940.0,168.0,1,24,13767,22864,22889,JobState.COMPLETED,0,176.53061224489795,176.53061224489795,4236.734693877551
jid_895728,92940.0,168.0,1,24,13783,22864,22889,JobState.COMPLETED,0,176.53061224489795,176.53061224489795,4236.734693877551
jid_895727,92940.0,168.0,1,23,13784,22865,22889,JobState.COMPLETED,0,176.53061224489795,176.53061224489795,4060.204081632653
jid_895729,92940.0,168.0,1,23,13784,22865,22889,JobState.COMPLETED,0,176.53061224489795,176.53061224489795,4060.204081632653
jid_895732,92940.0,168.0,1,23,13809,22865,22889,JobState.COMPLETED,0,176.53061224489795,176.53061224489795,4060.204081632653
jid_895735,92940.0,168.0,1,22,13823,22866,22889,JobState.COMPLETED,0,176.53061224489795,176.53061224489795,3883.673469387755
jid_895593,92940.0,168.0,1,57,13061,22832,22890,JobState.COMPLETED,0,176.53061224489795,176.53061224489795,10062.244897959183
jid_895640,92940.0,168.0,1,47,13333,22842,22890,JobState.COMPLETED,0,176.53061224489795,176.53061224489795,8296.938775510203
jid_895656,92940.0,168.0,1,41,13433,22848,22890,JobState.COMPLETED,0,176.53061224489795,176.53061224489795,7237.755102040816
jid_895734,92940.0,168.0,1,24,13812,22865,22890,JobState.COMPLETED,0,176.53061224489795,176.53061224489795,4236.734693877551
jid_895744,92940.0,168.0,1,20,13853,22869,22890,JobState.COMPLETED,0,176.53061224489795,176.53061224489795,3530.612244897959
jid_895455,92940.0,168.0,1,99,12107,22791,22891,JobState.COMPLETED,0,176.53061224489792,176.53061224489795,17476.530612244893
jid_895679,92940.0,168.0,1,39,13552,22851,22891,JobState.COMPLETED,0,176.53061224489795,176.53061224489795,6884.69387755102
jid_895725,92940.0,168.0,1,26,13768,22864,22891,JobState.COMPLETED,0,176.53061224489795,176.53061224489795,4589.7959183673465
jid_895736,92940.0,168.0,1,24,13823,22866,22891,JobState.COMPLETED,0,176.53061224489795,176.53061224489795,4236.734693877551
jid_895745,92940.0,168.0,1,22,13851,22868,22891,JobState.COMPLETED,0,176.53061224489795,176.53061224489795,3883.673469387755
jid_895583,92940.0,168.0,1,65,12915,22826,22892,JobState.COMPLETED,0,176.53061224489798,176.53061224489795,11474.489795918369
jid_895649,92940.0,168.0,1,45,13370,22846,22892,JobState.COMPLETED,0,176.53061224489795,176.53061224489795,7943.877551020408
jid_895650,92940.0,168.0,1,45,13375,22846,22892,JobState.COMPLETED,0,176.53061224489795,176.53061224489795,7943.877551020408
jid_895680,92940.0,168.0,1,40,13553,22851,22892,JobState.COMPLETED,0,176.53061224489795,176.53061224489795,7061.224489795918
jid_895742,92940.0,168.0,1,24,13844,22867,22892,JobState.COMPLETED,0,176.53061224489795,176.53061224489795,4236.734693877551
jid_895748,92940.0,168.0,1,21,13880,22870,22892,JobState.COMPLETED,0,176.53061224489795,176.53061224489795,3707.142857142857
jid_895664,92940.0,168.0,1,43,13464,22849,22893,JobState.COMPLETED,0,176.53061224489795,176.53061224489795,7590.816326530612
jid_895723,92940.0,168.0,1,29,13755,22863,22893,JobState.COMPLETED,0,176.53061224489795,176.53061224489795,5119.3877551020405
jid_895731,92940.0,168.0,1,27,13801,22865,22893,JobState.COMPLETED,0,176.53061224489795,176.53061224489795,4766.326530612245
jid_895737,92940.0,168.0,1,26,13828,22866,22893,JobState.COMPLETED,0,176.53061224489795,176.53061224489795,4589.7959183673465
jid_896842,38989.0,145.0,8,22323,570,570,22894,JobState.COMPLETED,0,176.53061224490625,176.53061224489795,31525542.857144337
jid_895600,92940.0,168.0,1,58,13089,22835,22894,JobState.COMPLETED,0,176.53061224489795,176.53061224489795,10238.775510204081
jid_895644,92940.0,168.0,1,49,13359,22844,22894,JobState.COMPLETED,0,176.53061224489795,176.53061224489795,8650.0
jid_895678,92940.0,168.0,1,42,13542,22851,22894,JobState.COMPLETED,0,176.53061224489795,176.53061224489795,7414.285714285714
jid_895747,92940.0,168.0,1,24,13862,22869,22894,JobState.COMPLETED,0,176.53061224489795,176.53061224489795,4236.734693877551
jid_895746,92940.0,168.0,1,24,13863,22869,22894,JobState.COMPLETED,0,176.53061224489795,176.53061224489795,4236.734693877551
jid_895750,92940.0,168.0,1,22,13886,22871,22894,JobState.COMPLETED,0,176.53061224489795,176.53061224489795,3883.673469387755
jid_895354,92940.0,168.0,1,143,11460,22751,22895,JobState.COMPLETED,0,176.5306122448979,176.53061224489795,25243.8775510204
jid_895620,92940.0,168.0,1,55,13215,22839,22895,JobState.COMPLETED,0,176.53061224489795,176.53061224489795,9709.183673469388
jid_895646,92940.0,168.0,1,49,13366,22845,22895,JobState.COMPLETED,0,176.53061224489795,176.53061224489795,8650.0
jid_895653,92940.0,168.0,1,46,13400,22848,22895,JobState.COMPLETED,0,176.53061224489795,176.53061224489795,8120.408163265306
jid_895673,92940.0,168.0,1,44,13501,22850,22895,JobState.COMPLETED,0,176.53061224489795,176.53061224489795,7767.34693877551
jid_895609,92940.0,168.0,1,57,13149,22838,22896,JobState.COMPLETED,0,176.53061224489795,176.53061224489795,10062.244897959183
jid_895648,92940.0,168.0,1,49,13366,22846,22896,JobState.COMPLETED,0,176.53061224489795,176.53061224489795,8650.0
jid_895682,92940.0,168.0,1,44,13565,22851,22896,JobState.COMPLETED,0,176.53061224489795,176.53061224489795,7767.34693877551
jid_895705,92940.0,168.0,1,39,13656,22856,22896,JobState.COMPLETED,0,176.53061224489795,176.53061224489795,6884.69387755102
jid_895749,92940.0,168.0,1,26,13874,22869,22896,JobState.COMPLETED,0,176.53061224489795,176.53061224489795,4589.7959183673465
jid_896802,36782.0,145.0,8,22329,568,568,22898,JobState.COMPLETED,0,176.53061224490625,176.53061224489795,31534016.326532092
jid_895381,92940.0,168.0,1,129,11623,22768,22898,JobState.COMPLETED,0,176.5306122448979,176.53061224489795,22772.448979591827
jid_895652,92940.0,168.0,1,50,13375,22847,22898,JobState.COMPLETED,0,176.53061224489795,176.53061224489795,8826.530612244898
jid_895658,92940.0,168.0,1,49,13425,22848,22898,JobState.COMPLETED,0,176.53061224489795,176.53061224489795,8650.0
jid_895662,92940.0,168.0,1,48,13440,22849,22898,JobState.COMPLETED,0,176.53061224489795,176.53061224489795,8473.469387755102
jid_895623,92940.0,168.0,1,59,13224,22839,22899,JobState.COMPLETED,0,176.53061224489795,176.53061224489795,10415.30612244898
jid_895660,92940.0,168.0,1,50,13433,22848,22899,JobState.COMPLETED,0,176.53061224489795,176.53061224489795,8826.530612244898
jid_895670,92940.0,168.0,1,48,13496,22850,22899,JobState.COMPLETED,0,176.53061224489795,176.53061224489795,8473.469387755102
jid_895751,92940.0,168.0,1,27,13886,22871,22899,JobState.COMPLETED,0,176.53061224489795,176.53061224489795,4766.326530612245
jid_895752,92940.0,168.0,1,27,13892,22871,22899,JobState.COMPLETED,0,176.53061224489795,176.53061224489795,4766.326530612245
jid_895606,92940.0,168.0,1,62,13135,22837,22900,JobState.COMPLETED,0,176.53061224489798,176.53061224489795,10944.897959183674
jid_895610,92940.0,168.0,1,61,13146,22838,22900,JobState.COMPLETED,0,176.53061224489798,176.53061224489795,10768.367346938778
jid_895654,92940.0,168.0,1,52,13399,22847,22900,JobState.COMPLETED,0,176.53061224489795,176.53061224489795,9179.591836734693
jid_895659,92940.0,168.0,1,51,13425,22848,22900,JobState.COMPLETED,0,176.53061224489795,176.53061224489795,9003.061224489795
jid_895683,92940.0,168.0,1,47,13565,22852,22900,JobState.COMPLETED,0,176.53061224489795,176.53061224489795,8296.938775510203
jid_895754,92940.0,168.0,1,28,13892,22871,22900,JobState.COMPLETED,0,176.53061224489795,176.53061224489795,4942.857142857143
jid_895320,92940.0,168.0,1,159,11282,22741,22901,JobState.COMPLETED,0,176.5306122448979,176.53061224489795,28068.367346938765
jid_895599,92940.0,168.0,1,65,13080,22835,22901,JobState.COMPLETED,0,176.53061224489798,176.53061224489795,11474.489795918369
jid_895631,92940.0,168.0,1,59,13280,22841,22901,JobState.COMPLETED,0,176.53061224489795,176.53061224489795,10415.30612244898
jid_895689,92940.0,168.0,1,48,13591,22852,22901,JobState.COMPLETED,0,176.53061224489795,176.53061224489795,8473.469387755102
jid_895756,92940.0,168.0,1,29,13904,22871,22901,JobState.COMPLETED,0,176.53061224489795,176.53061224489795,5119.3877551020405
jid_895715,92940.0,168.0,1,44,13693,22857,22902,JobState.COMPLETED,0,176.53061224489795,176.53061224489795,7767.34693877551
jid_895718,92940.0,168.0,1,42,13714,22859,22902,JobState.COMPLETED,0,176.53061224489795,176.53061224489795,7414.285714285714
jid_895628,92940.0,168.0,1,62,13252,22840,22903,JobState.COMPLETED,0,176.53061224489798,176.53061224489795,10944.897959183674
jid_895661,92940.0,168.0,1,54,13433,22848,22903,JobState.COMPLETED,0,176.53061224489795,176.53061224489795,9532.65306122449
jid_895726,92940.0,168.0,1,38,13759,22864,22903,JobState.COMPLETED,0,176.53061224489795,176.53061224489795,6708.163265306122
jid_895413,92940.0,168.0,1,130,11754,22773,22904,JobState.COMPLETED,0,176.5306122448979,176.53061224489795,22948.979591836727
jid_895468,92940.0,168.0,1,111,12182,22792,22904,JobState.COMPLETED,0,176.53061224489792,176.53061224489795,19594.89795918367
jid_895634,92940.0,168.0,1,62,13287,22841,22904,JobState.COMPLETED,0,176.53061224489798,176.53061224489795,10944.897959183674
jid_895271,92940.0,168.0,1,178,11031,22726,22905,JobState.COMPLETED,0,176.5306122448979,176.53061224489795,31422.448979591827
jid_895720,92940.0,168.0,1,45,13722,22859,22905,JobState.COMPLETED,0,176.53061224489795,176.53061224489795,7943.877551020408
jid_895758,92940.0,168.0,1,33,13918,22872,22906,JobState.COMPLETED,0,176.53061224489795,176.53061224489795,5825.510204081633
jid_895303,92940.0,168.0,1,169,11206,22737,22907,JobState.COMPLETED,0,176.5306122448979,176.53061224489795,29833.673469387744
jid_895346,92940.0,168.0,1,157,11417,22749,22907,JobState.COMPLETED,0,176.5306122448979,176.53061224489795,27715.30612244897
jid_895613,92940.0,168.0,1,67,13166,22839,22907,JobState.COMPLETED,0,176.53061224489798,176.53061224489795,11827.551020408164
jid_895663,92940.0,168.0,1,57,13433,22849,22907,JobState.COMPLETED,0,176.53061224489795,176.53061224489795,10062.244897959183
jid_895665,92940.0,168.0,1,57,13450,22849,22907,JobState.COMPLETED,0,176.53061224489795,176.53061224489795,10062.244897959183
jid_895753,92940.0,168.0,1,37,13878,22869,22907,JobState.COMPLETED,0,176.53061224489795,176.53061224489795,6531.632653061224
jid_895484,92940.0,168.0,1,113,12270,22794,22908,JobState.COMPLETED,0,176.53061224489792,176.53061224489795,19947.959183673465
jid_895738,92940.0,168.0,1,41,13817,22866,22908,JobState.COMPLETED,0,176.53061224489795,176.53061224489795,7237.755102040816
jid_895759,92940.0,168.0,1,35,13922,22872,22908,JobState.COMPLETED,0,176.53061224489795,176.53061224489795,6178.571428571428
jid_895342,92940.0,168.0,1,161,11392,22747,22909,JobState.COMPLETED,0,176.5306122448979,176.53061224489795,28421.42857142856
jid_895416,92940.0,168.0,1,134,11771,22774,22909,JobState.COMPLETED,0,176.5306122448979,176.53061224489795,23655.102040816317
jid_895677,92940.0,168.0,1,58,13507,22850,22909,JobState.COMPLETED,0,176.53061224489795,176.53061224489795,10238.775510204081
jid_895825,92940.0,168.0,1,26,14386,22882,22909,JobState.COMPLETED,0,176.53061224489795,176.53061224489795,4589.7959183673465
jid_895824,92940.0,168.0,1,27,14386,22882,22910,JobState.COMPLETED,0,176.53061224489795,176.53061224489795,4766.326530612245
jid_895835,92940.0,168.0,1,26,14436,22883,22910,JobState.COMPLETED,0,176.53061224489795,176.53061224489795,4589.7959183673465
jid_895268,92940.0,168.0,1,187,11015,22723,22911,JobState.COMPLETED,0,176.5306122448979,176.53061224489795,33011.22448979591
jid_895833,92940.0,168.0,1,27,14435,22883,22911,JobState.COMPLETED,0,176.53061224489795,176.53061224489795,4766.326530612245
jid_895760,92940.0,168.0,1,39,13927,22872,22912,JobState.COMPLETED,0,176.53061224489795,176.53061224489795,6884.69387755102
jid_895826,92940.0,168.0,1,29,14386,22882,22912,JobState.COMPLETED,0,176.53061224489795,176.53061224489795,5119.3877551020405
jid_895832,92940.0,168.0,1,28,14434,22883,22912,JobState.COMPLETED,0,176.53061224489795,176.53061224489795,4942.857142857143
jid_895854,92940.0,168.0,1,26,14566,22885,22912,JobState.COMPLETED,0,176.53061224489795,176.53061224489795,4589.7959183673465
jid_895861,92940.0,168.0,1,25,14584,22886,22912,JobState.COMPLETED,0,176.53061224489795,176.53061224489795,4413.265306122449
jid_895827,92940.0,168.0,1,30,14386,22882,22913,JobState.COMPLETED,0,176.53061224489795,176.53061224489795,5295.918367346939
jid_895828,92940.0,168.0,1,30,14386,22882,22913,JobState.COMPLETED,0,176.53061224489795,176.53061224489795,5295.918367346939
jid_895278,92940.0,168.0,1,182,11082,22731,22914,JobState.COMPLETED,0,176.5306122448979,176.53061224489795,32128.571428571417
jid_895380,92940.0,168.0,1,145,11592,22768,22914,JobState.COMPLETED,0,176.5306122448979,176.53061224489795,25596.938775510196
jid_895762,92940.0,168.0,1,40,13936,22873,22914,JobState.COMPLETED,0,176.53061224489795,176.53061224489795,7061.224489795918
jid_895856,92940.0,168.0,1,27,14568,22886,22914,JobState.COMPLETED,0,176.53061224489795,176.53061224489795,4766.326530612245
jid_895837,92940.0,168.0,1,31,14447,22883,22915,JobState.COMPLETED,0,176.53061224489795,176.53061224489795,5472.448979591836
jid_895842,92940.0,168.0,1,31,14480,22883,22915,JobState.COMPLETED,0,176.53061224489795,176.53061224489795,5472.448979591836
jid_895839,92940.0,168.0,1,32,14434,22883,22916,JobState.COMPLETED,0,176.53061224489795,176.53061224489795,5648.9795918367345
jid_895844,92940.0,168.0,1,31,14487,22884,22916,JobState.COMPLETED,0,176.53061224489795,176.53061224489795,5472.448979591836
jid_895862,92940.0,168.0,1,29,14584,22886,22916,JobState.COMPLETED,0,176.53061224489795,176.53061224489795,5119.3877551020405
jid_895863,92940.0,168.0,1,29,14592,22886,22916,JobState.COMPLETED,0,176.53061224489795,176.53061224489795,5119.3877551020405
jid_895763,92940.0,168.0,1,42,13937,22874,22917,JobState.COMPLETED,0,176.53061224489795,176.53061224489795,7414.285714285714
jid_896807,65132.0,145.0,8,22343,574,574,22918,JobState.COMPLETED,0,176.53061224490625,176.53061224489795,31553787.755103525
jid_896808,65120.0,145.0,8,22341,576,576,22918,JobState.COMPLETED,0,176.53061224490625,176.53061224489795,31550963.265307605
jid_895501,92940.0,168.0,1,118,12402,22799,22918,JobState.COMPLETED,0,176.53061224489792,176.53061224489795,20830.612244897955
jid_895766,92940.0,168.0,1,43,13950,22874,22918,JobState.COMPLETED,0,176.53061224489795,176.53061224489795,7590.816326530612
jid_895840,92940.0,168.0,1,35,14386,22882,22918,JobState.COMPLETED,0,176.53061224489795,176.53061224489795,6178.571428571428
jid_895848,92940.0,168.0,1,32,14514,22885,22918,JobState.COMPLETED,0,176.53061224489795,176.53061224489795,5648.9795918367345
jid_895849,92940.0,168.0,1,32,14516,22885,22918,JobState.COMPLETED,0,176.53061224489795,176.53061224489795,5648.9795918367345
jid_896005,69789.0,727.0,1,1,15659,22916,22918,JobState.COMPLETED,0,176.53061224489795,176.53061224489795,176.53061224489795
jid_895309,92940.0,168.0,1,180,11219,22738,22919,JobState.COMPLETED,0,176.5306122448979,176.53061224489795,31775.51020408162
jid_895845,92940.0,168.0,1,34,14484,22884,22919,JobState.COMPLETED,0,176.53061224489795,176.53061224489795,6002.04081632653
jid_895757,92940.0,168.0,1,48,13904,22872,22921,JobState.COMPLETED,0,176.53061224489795,176.53061224489795,8473.469387755102
jid_895851,92940.0,168.0,1,35,14529,22885,22921,JobState.COMPLETED,0,176.53061224489795,176.53061224489795,6178.571428571428
jid_895852,92940.0,168.0,1,35,14538,22885,22921,JobState.COMPLETED,0,176.53061224489795,176.53061224489795,6178.571428571428
jid_895780,92940.0,168.0,1,43,14067,22878,22922,JobState.COMPLETED,0,176.53061224489795,176.53061224489795,7590.816326530612
jid_895940,92940.0,168.0,1,23,15211,22898,22922,JobState.COMPLETED,0,176.53061224489795,176.53061224489795,4060.204081632653
jid_895786,92940.0,168.0,1,44,14083,22878,22923,JobState.COMPLETED,0,176.53061224489795,176.53061224489795,7767.34693877551
jid_895934,92940.0,168.0,1,24,15179,22898,22923,JobState.COMPLETED,0,176.53061224489795,176.53061224489795,4236.734693877551
jid_895939,92940.0,168.0,1,24,15213,22898,22923,JobState.COMPLETED,0,176.53061224489795,176.53061224489795,4236.734693877551
jid_895941,92940.0,168.0,1,24,15220,22898,22923,JobState.COMPLETED,0,176.53061224489795,176.53061224489795,4236.734693877551
jid_895942,92940.0,168.0,1,24,15224,22898,22923,JobState.COMPLETED,0,176.53061224489795,176.53061224489795,4236.734693877551
jid_895947,92940.0,168.0,1,23,15260,22899,22923,JobState.COMPLETED,0,176.53061224489795,176.53061224489795,4060.204081632653
jid_895944,92940.0,168.0,1,25,15247,22898,22924,JobState.COMPLETED,0,176.53061224489795,176.53061224489795,4413.265306122449
jid_895936,92940.0,168.0,1,26,15203,22898,22925,JobState.COMPLETED,0,176.53061224489795,176.53061224489795,4589.7959183673465
jid_895938,92940.0,168.0,1,26,15211,22898,22925,JobState.COMPLETED,0,176.53061224489795,176.53061224489795,4589.7959183673465
jid_895946,92940.0,168.0,1,25,15257,22899,22925,JobState.COMPLETED,0,176.53061224489795,176.53061224489795,4413.265306122449
jid_895764,92940.0,168.0,1,53,13930,22872,22926,JobState.COMPLETED,0,176.53061224489795,176.53061224489795,9356.122448979591
jid_895772,92940.0,168.0,1,50,13995,22875,22926,JobState.COMPLETED,0,176.53061224489795,176.53061224489795,8826.530612244898
jid_895836,92940.0,168.0,1,42,14434,22883,22926,JobState.COMPLETED,0,176.53061224489795,176.53061224489795,7414.285714285714
jid_895857,92940.0,168.0,1,40,14556,22885,22926,JobState.COMPLETED,0,176.53061224489795,176.53061224489795,7061.224489795918
jid_895866,92940.0,168.0,1,39,14616,22887,22927,JobState.COMPLETED,0,176.53061224489795,176.53061224489795,6884.69387755102
jid_895937,92940.0,168.0,1,28,15206,22898,22927,JobState.COMPLETED,0,176.53061224489795,176.53061224489795,4942.857142857143
jid_895768,92940.0,168.0,1,53,13969,22874,22928,JobState.COMPLETED,0,176.53061224489795,176.53061224489795,9356.122448979591
jid_896814,38626.0,145.0,8,22359,569,569,22929,JobState.COMPLETED,0,176.53061224490625,176.53061224489795,31576383.67347087
jid_895799,92940.0,168.0,1,50,14158,22878,22929,JobState.COMPLETED,0,176.53061224489795,176.53061224489795,8826.530612244898
jid_895865,92940.0,168.0,1,43,14539,22885,22929,JobState.COMPLETED,0,176.53061224489795,176.53061224489795,7590.816326530612
jid_895436,92940.0,168.0,1,148,11901,22781,22930,JobState.COMPLETED,0,176.5306122448979,176.53061224489795,26126.53061224489
jid_895765,92940.0,168.0,1,56,13936,22873,22930,JobState.COMPLETED,0,176.53061224489795,176.53061224489795,9885.714285714286
jid_895783,92940.0,168.0,1,51,14068,22878,22930,JobState.COMPLETED,0,176.53061224489795,176.53061224489795,9003.061224489795
jid_895800,92940.0,168.0,1,51,14159,22878,22930,JobState.COMPLETED,0,176.53061224489795,176.53061224489795,9003.061224489795
jid_895847,92940.0,168.0,1,45,14494,22884,22930,JobState.COMPLETED,0,176.53061224489795,176.53061224489795,7943.877551020408
jid_895871,92940.0,168.0,1,41,14641,22888,22930,JobState.COMPLETED,0,176.53061224489795,176.53061224489795,7237.755102040816
jid_895796,92940.0,168.0,1,52,14140,22878,22931,JobState.COMPLETED,0,176.53061224489795,176.53061224489795,9179.591836734693
jid_895983,92940.0,168.0,1,25,15444,22905,22931,JobState.COMPLETED,0,176.53061224489795,176.53061224489795,4413.265306122449
jid_895834,92940.0,168.0,1,49,14416,22882,22932,JobState.COMPLETED,0,176.53061224489795,176.53061224489795,8650.0
jid_895846,92940.0,168.0,1,47,14485,22884,22932,JobState.COMPLETED,0,176.53061224489795,176.53061224489795,8296.938775510203
jid_895859,92940.0,168.0,1,46,14554,22885,22932,JobState.COMPLETED,0,176.53061224489795,176.53061224489795,8120.408163265306
jid_895868,92940.0,168.0,1,44,14631,22887,22932,JobState.COMPLETED,0,176.53061224489795,176.53061224489795,7767.34693877551
jid_895794,92940.0,168.0,1,54,14131,22878,22933,JobState.COMPLETED,0,176.53061224489795,176.53061224489795,9532.65306122449
jid_895777,92940.0,168.0,1,56,14010,22877,22934,JobState.COMPLETED,0,176.53061224489795,176.53061224489795,9885.714285714286
jid_895843,92940.0,168.0,1,51,14404,22882,22934,JobState.COMPLETED,0,176.53061224489795,176.53061224489795,9003.061224489795
jid_895929,92940.0,168.0,1,37,15157,22896,22934,JobState.COMPLETED,0,176.53061224489795,176.53061224489795,6531.632653061224
jid_895985,92940.0,168.0,1,26,15510,22907,22934,JobState.COMPLETED,0,176.53061224489795,176.53061224489795,4589.7959183673465
jid_895984,92940.0,168.0,1,25,15520,22908,22934,JobState.COMPLETED,0,176.53061224489795,176.53061224489795,4413.265306122449
jid_895771,92940.0,168.0,1,59,13978,22875,22935,JobState.COMPLETED,0,176.53061224489795,176.53061224489795,10415.30612244898
jid_895787,92940.0,168.0,1,56,14083,22878,22935,JobState.COMPLETED,0,176.53061224489795,176.53061224489795,9885.714285714286
jid_895872,92940.0,168.0,1,46,14639,22888,22935,JobState.COMPLETED,0,176.53061224489795,176.53061224489795,8120.408163265306
jid_895788,92940.0,168.0,1,57,14083,22878,22936,JobState.COMPLETED,0,176.53061224489795,176.53061224489795,10062.244897959183
jid_895798,92940.0,168.0,1,57,14148,22878,22936,JobState.COMPLETED,0,176.53061224489795,176.53061224489795,10062.244897959183
jid_895913,92940.0,168.0,1,42,14925,22893,22936,JobState.COMPLETED,0,176.53061224489795,176.53061224489795,7414.285714285714
jid_895982,92940.0,168.0,1,27,15514,22908,22936,JobState.COMPLETED,0,176.53061224489795,176.53061224489795,4766.326530612245
jid_896002,92940.0,168.0,1,21,15632,22914,22936,JobState.COMPLETED,0,176.53061224489795,176.53061224489795,3707.142857142857
jid_895402,92940.0,168.0,1,165,11674,22771,22937,JobState.COMPLETED,0,176.5306122448979,176.53061224489795,29127.55102040815
jid_895795,92940.0,168.0,1,58,14131,22878,22937,JobState.COMPLETED,0,176.53061224489795,176.53061224489795,10238.775510204081
jid_895806,92940.0,168.0,1,56,14226,22880,22937,JobState.COMPLETED,0,176.53061224489795,176.53061224489795,9885.714285714286
jid_895943,92940.0,168.0,1,39,15229,22898,22938,JobState.COMPLETED,0,176.53061224489795,176.53061224489795,6884.69387755102
jid_896000,92940.0,168.0,1,25,15614,22912,22938,JobState.COMPLETED,0,176.53061224489795,176.53061224489795,4413.265306122449
jid_895997,92940.0,168.0,1,27,15583,22911,22939,JobState.COMPLETED,0,176.53061224489795,176.53061224489795,4766.326530612245
jid_896023,92940.0,168.0,1,20,15761,22918,22939,JobState.COMPLETED,0,176.53061224489795,176.53061224489795,3530.612244897959
jid_895774,92940.0,168.0,1,64,13985,22875,22940,JobState.COMPLETED,0,176.53061224489798,176.53061224489795,11297.95918367347
jid_895804,92940.0,168.0,1,60,14219,22879,22940,JobState.COMPLETED,0,176.53061224489798,176.53061224489795,10591.83673469388
jid_895805,92940.0,168.0,1,60,14219,22879,22940,JobState.COMPLETED,0,176.53061224489798,176.53061224489795,10591.83673469388
jid_895814,92940.0,168.0,1,59,14304,22880,22940,JobState.COMPLETED,0,176.53061224489795,176.53061224489795,10415.30612244898
jid_895815,92940.0,168.0,1,59,14304,22880,22940,JobState.COMPLETED,0,176.53061224489795,176.53061224489795,10415.30612244898
jid_895816,92940.0,168.0,1,59,14304,22880,22940,JobState.COMPLETED,0,176.53061224489795,176.53061224489795,10415.30612244898
jid_895869,92940.0,168.0,1,52,14618,22887,22940,JobState.COMPLETED,0,176.53061224489795,176.53061224489795,9179.591836734693
jid_896004,92940.0,168.0,1,25,15627,22914,22940,JobState.COMPLETED,0,176.53061224489795,176.53061224489795,4413.265306122449
jid_895808,92940.0,168.0,1,60,14231,22880,22941,JobState.COMPLETED,0,176.53061224489798,176.53061224489795,10591.83673469388
jid_895819,92940.0,168.0,1,59,14310,22881,22941,JobState.COMPLETED,0,176.53061224489795,176.53061224489795,10415.30612244898
jid_895914,92940.0,168.0,1,47,14923,22893,22941,JobState.COMPLETED,0,176.53061224489795,176.53061224489795,8296.938775510203
jid_895961,92940.0,168.0,1,39,15340,22901,22941,JobState.COMPLETED,0,176.53061224489795,176.53061224489795,6884.69387755102
jid_895962,92940.0,168.0,1,39,15344,22901,22941,JobState.COMPLETED,0,176.53061224489795,176.53061224489795,6884.69387755102
jid_895996,92940.0,168.0,1,28,15584,22912,22941,JobState.COMPLETED,0,176.53061224489795,176.53061224489795,4942.857142857143
jid_895769,92940.0,168.0,1,66,13969,22875,22942,JobState.COMPLETED,0,176.53061224489798,176.53061224489795,11651.020408163267
jid_895803,92940.0,168.0,1,62,14219,22879,22942,JobState.COMPLETED,0,176.53061224489798,176.53061224489795,10944.897959183674
jid_895818,92940.0,168.0,1,60,14304,22881,22942,JobState.COMPLETED,0,176.53061224489798,176.53061224489795,10591.83673469388
jid_895903,92940.0,168.0,1,50,14844,22891,22942,JobState.COMPLETED,0,176.53061224489795,176.53061224489795,8826.530612244898
jid_895895,92940.0,168.0,1,50,14852,22891,22942,JobState.COMPLETED,0,176.53061224489795,176.53061224489795,8826.530612244898
jid_895912,92940.0,168.0,1,47,15001,22894,22942,JobState.COMPLETED,0,176.53061224489795,176.53061224489795,8296.938775510203
jid_895916,92940.0,168.0,1,47,15018,22894,22942,JobState.COMPLETED,0,176.53061224489795,176.53061224489795,8296.938775510203
jid_895926,92940.0,168.0,1,46,15133,22895,22942,JobState.COMPLETED,0,176.53061224489795,176.53061224489795,8120.408163265306
jid_895930,92940.0,168.0,1,45,15147,22896,22942,JobState.COMPLETED,0,176.53061224489795,176.53061224489795,7943.877551020408
jid_895989,92940.0,168.0,1,33,15536,22908,22942,JobState.COMPLETED,0,176.53061224489795,176.53061224489795,5825.510204081633
jid_895990,92940.0,168.0,1,32,15536,22909,22942,JobState.COMPLETED,0,176.53061224489795,176.53061224489795,5648.9795918367345
jid_895992,92940.0,168.0,1,32,15561,22909,22942,JobState.COMPLETED,0,176.53061224489795,176.53061224489795,5648.9795918367345
jid_895994,92940.0,168.0,1,31,15569,22910,22942,JobState.COMPLETED,0,176.53061224489795,176.53061224489795,5472.448979591836
jid_896003,92940.0,168.0,1,27,15630,22914,22942,JobState.COMPLETED,0,176.53061224489795,176.53061224489795,4766.326530612245
jid_896024,92940.0,168.0,1,23,15762,22918,22942,JobState.COMPLETED,0,176.53061224489795,176.53061224489795,4060.204081632653
jid_895527,92940.0,168.0,1,143,12460,22799,22943,JobState.COMPLETED,0,176.5306122448979,176.53061224489795,25243.8775510204
jid_895730,92940.0,168.0,1,82,13736,22860,22943,JobState.COMPLETED,0,176.53061224489795,176.53061224489795,14475.510204081633
jid_895775,92940.0,168.0,1,67,13997,22875,22943,JobState.COMPLETED,0,176.53061224489798,176.53061224489795,11827.551020408164
jid_895776,92940.0,168.0,1,66,14001,22876,22943,JobState.COMPLETED,0,176.53061224489798,176.53061224489795,11651.020408163267
jid_895797,92940.0,168.0,1,64,14140,22878,22943,JobState.COMPLETED,0,176.53061224489798,176.53061224489795,11297.95918367347
jid_895807,92940.0,168.0,1,63,14225,22879,22943,JobState.COMPLETED,0,176.53061224489798,176.53061224489795,11121.428571428572
jid_895817,92940.0,168.0,1,62,14304,22880,22943,JobState.COMPLETED,0,176.53061224489798,176.53061224489795,10944.897959183674
jid_895919,92940.0,168.0,1,48,15066,22894,22943,JobState.COMPLETED,0,176.53061224489795,176.53061224489795,8473.469387755102
jid_895935,92940.0,168.0,1,46,15161,22896,22943,JobState.COMPLETED,0,176.53061224489795,176.53061224489795,8120.408163265306
jid_895974,92940.0,168.0,1,37,15453,22905,22943,JobState.COMPLETED,0,176.53061224489795,176.53061224489795,6531.632653061224
jid_895998,92940.0,168.0,1,30,15590,22912,22943,JobState.COMPLETED,0,176.53061224489795,176.53061224489795,5295.918367346939
jid_896009,92940.0,168.0,1,30,15592,22912,22943,JobState.COMPLETED,0,176.53061224489795,176.53061224489795,5295.918367346939
jid_895999,92940.0,168.0,1,30,15604,22912,22943,JobState.COMPLETED,0,176.53061224489795,176.53061224489795,5295.918367346939
jid_896022,92940.0,168.0,1,28,15638,22914,22943,JobState.COMPLETED,0,176.53061224489795,176.53061224489795,4942.857142857143
jid_896008,92940.0,168.0,1,27,15656,22915,22943,JobState.COMPLETED,0,176.53061224489795,176.53061224489795,4766.326530612245
jid_896012,92940.0,168.0,1,26,15675,22916,22943,JobState.COMPLETED,0,176.53061224489795,176.53061224489795,4589.7959183673465
jid_896010,92940.0,168.0,1,26,15676,22916,22943,JobState.COMPLETED,0,176.53061224489795,176.53061224489795,4589.7959183673465
jid_896021,92940.0,168.0,1,24,15747,22918,22943,JobState.COMPLETED,0,176.53061224489795,176.53061224489795,4236.734693877551
jid_895870,92940.0,168.0,1,56,14621,22887,22944,JobState.COMPLETED,0,176.53061224489795,176.53061224489795,9885.714285714286
jid_896011,92940.0,168.0,1,27,15673,22916,22944,JobState.COMPLETED,0,176.53061224489795,176.53061224489795,4766.326530612245
jid_895867,92940.0,168.0,1,57,14611,22887,22945,JobState.COMPLETED,0,176.53061224489795,176.53061224489795,10062.244897959183
jid_895928,92940.0,168.0,1,48,15135,22896,22945,JobState.COMPLETED,0,176.53061224489795,176.53061224489795,8473.469387755102
jid_895927,92940.0,168.0,1,48,15137,22896,22945,JobState.COMPLETED,0,176.53061224489795,176.53061224489795,8473.469387755102
jid_895991,92940.0,168.0,1,35,15548,22909,22945,JobState.COMPLETED,0,176.53061224489795,176.53061224489795,6178.571428571428
jid_895993,92940.0,168.0,1,34,15567,22910,22945,JobState.COMPLETED,0,176.53061224489795,176.53061224489795,6002.04081632653
jid_896007,92940.0,168.0,1,29,15652,22915,22945,JobState.COMPLETED,0,176.53061224489795,176.53061224489795,5119.3877551020405
jid_896016,92940.0,168.0,1,26,15718,22918,22945,JobState.COMPLETED,0,176.53061224489795,176.53061224489795,4589.7959183673465
jid_895622,92940.0,168.0,1,106,13173,22839,22946,JobState.COMPLETED,0,176.53061224489792,176.53061224489795,18712.24489795918
jid_895877,92940.0,168.0,1,56,14698,22889,22946,JobState.COMPLETED,0,176.53061224489795,176.53061224489795,9885.714285714286
jid_895897,92940.0,168.0,1,54,14853,22891,22946,JobState.COMPLETED,0,176.53061224489795,176.53061224489795,9532.65306122449
jid_895959,92940.0,168.0,1,44,15314,22901,22946,JobState.COMPLETED,0,176.53061224489795,176.53061224489795,7767.34693877551
jid_895965,92940.0,168.0,1,42,15384,22903,22946,JobState.COMPLETED,0,176.53061224489795,176.53061224489795,7414.285714285714
jid_896019,92940.0,168.0,1,27,15721,22918,22946,JobState.COMPLETED,0,176.53061224489795,176.53061224489795,4766.326530612245
jid_896027,92940.0,168.0,1,27,15773,22918,22946,JobState.COMPLETED,0,176.53061224489795,176.53061224489795,4766.326530612245
jid_896031,92940.0,168.0,1,27,15803,22918,22946,JobState.COMPLETED,0,176.53061224489795,176.53061224489795,4766.326530612245
jid_895779,92940.0,168.0,1,69,14010,22877,22947,JobState.COMPLETED,0,176.53061224489798,176.53061224489795,12180.61224489796
jid_895920,92940.0,168.0,1,52,15066,22894,22947,JobState.COMPLETED,0,176.53061224489795,176.53061224489795,9179.591836734693
jid_895952,92940.0,168.0,1,47,15267,22899,22947,JobState.COMPLETED,0,176.53061224489795,176.53061224489795,8296.938775510203
jid_895956,92940.0,168.0,1,46,15291,22900,22947,JobState.COMPLETED,0,176.53061224489795,176.53061224489795,8120.408163265306
jid_896025,92940.0,168.0,1,28,15768,22918,22947,JobState.COMPLETED,0,176.53061224489795,176.53061224489795,4942.857142857143
jid_896028,92940.0,168.0,1,28,15788,22918,22947,JobState.COMPLETED,0,176.53061224489795,176.53061224489795,4942.857142857143
jid_896029,92940.0,168.0,1,28,15788,22918,22947,JobState.COMPLETED,0,176.53061224489795,176.53061224489795,4942.857142857143
jid_896043,92940.0,168.0,1,24,15885,22922,22947,JobState.COMPLETED,0,176.53061224489795,176.53061224489795,4236.734693877551
jid_896018,92940.0,168.0,1,29,15721,22918,22948,JobState.COMPLETED,0,176.53061224489795,176.53061224489795,5119.3877551020405
jid_896030,92940.0,168.0,1,29,15799,22918,22948,JobState.COMPLETED,0,176.53061224489795,176.53061224489795,5119.3877551020405
jid_896039,92940.0,168.0,1,28,15849,22919,22948,JobState.COMPLETED,0,176.53061224489795,176.53061224489795,4942.857142857143
jid_896046,92940.0,168.0,1,24,15896,22923,22948,JobState.COMPLETED,0,176.53061224489795,176.53061224489795,4236.734693877551
jid_895743,92940.0,168.0,1,84,13783,22864,22949,JobState.COMPLETED,0,176.53061224489795,176.53061224489795,14828.571428571428
jid_895781,92940.0,168.0,1,71,14041,22877,22949,JobState.COMPLETED,0,176.53061224489795,176.53061224489795,12533.673469387755
jid_895878,92940.0,168.0,1,59,14704,22889,22949,JobState.COMPLETED,0,176.53061224489795,176.53061224489795,10415.30612244898
jid_895889,92940.0,168.0,1,58,14794,22890,22949,JobState.COMPLETED,0,176.53061224489795,176.53061224489795,10238.775510204081
jid_895904,92940.0,168.0,1,56,14923,22892,22949,JobState.COMPLETED,0,176.53061224489795,176.53061224489795,9885.714285714286
jid_895908,92940.0,168.0,1,55,14955,22893,22949,JobState.COMPLETED,0,176.53061224489795,176.53061224489795,9709.183673469388
jid_896013,92940.0,168.0,1,30,15699,22918,22949,JobState.COMPLETED,0,176.53061224489795,176.53061224489795,5295.918367346939
jid_896033,92940.0,168.0,1,30,15813,22918,22949,JobState.COMPLETED,0,176.53061224489795,176.53061224489795,5295.918367346939
jid_896034,92940.0,168.0,1,30,15820,22918,22949,JobState.COMPLETED,0,176.53061224489795,176.53061224489795,5295.918367346939
jid_896040,92940.0,168.0,1,27,15861,22921,22949,JobState.COMPLETED,0,176.53061224489795,176.53061224489795,4766.326530612245
jid_896048,92940.0,168.0,1,25,15906,22923,22949,JobState.COMPLETED,0,176.53061224489795,176.53061224489795,4413.265306122449
jid_896051,92940.0,168.0,1,23,15928,22925,22949,JobState.COMPLETED,0,176.53061224489795,176.53061224489795,4060.204081632653
jid_895434,92940.0,168.0,1,170,11858,22779,22950,JobState.COMPLETED,0,176.5306122448979,176.53061224489795,30010.20408163264
jid_895442,92940.0,168.0,1,166,11923,22783,22950,JobState.COMPLETED,0,176.5306122448979,176.53061224489795,29304.08163265305
jid_895784,92940.0,168.0,1,72,14052,22877,22950,JobState.COMPLETED,0,176.53061224489795,176.53061224489795,12710.204081632652
jid_895792,92940.0,168.0,1,71,14107,22878,22950,JobState.COMPLETED,0,176.53061224489795,176.53061224489795,12533.673469387755
jid_895876,92940.0,168.0,1,61,14681,22888,22950,JobState.COMPLETED,0,176.53061224489798,176.53061224489795,10768.367346938778
jid_895915,92940.0,168.0,1,55,15001,22894,22950,JobState.COMPLETED,0,176.53061224489795,176.53061224489795,9709.183673469388
jid_895922,92940.0,168.0,1,55,15068,22894,22950,JobState.COMPLETED,0,176.53061224489795,176.53061224489795,9709.183673469388
jid_896017,92940.0,168.0,1,31,15714,22918,22950,JobState.COMPLETED,0,176.53061224489795,176.53061224489795,5472.448979591836
jid_896037,92940.0,168.0,1,31,15835,22918,22950,JobState.COMPLETED,0,176.53061224489795,176.53061224489795,5472.448979591836
jid_896044,92940.0,168.0,1,26,15885,22923,22950,JobState.COMPLETED,0,176.53061224489795,176.53061224489795,4589.7959183673465
jid_896050,92940.0,168.0,1,25,15926,22924,22950,JobState.COMPLETED,0,176.53061224489795,176.53061224489795,4413.265306122449
jid_895709,92940.0,168.0,1,96,13623,22854,22951,JobState.COMPLETED,0,176.53061224489792,176.53061224489795,16946.9387755102
jid_895850,92940.0,168.0,1,66,14498,22884,22951,JobState.COMPLETED,0,176.53061224489798,176.53061224489795,11651.020408163267
jid_895886,92940.0,168.0,1,61,14696,22889,22951,JobState.COMPLETED,0,176.53061224489798,176.53061224489795,10768.367346938778
jid_895921,92940.0,168.0,1,56,15058,22894,22951,JobState.COMPLETED,0,176.53061224489795,176.53061224489795,9885.714285714286
jid_896020,92940.0,168.0,1,32,15722,22918,22951,JobState.COMPLETED,0,176.53061224489795,176.53061224489795,5648.9795918367345
jid_896036,92940.0,168.0,1,32,15835,22918,22951,JobState.COMPLETED,0,176.53061224489795,176.53061224489795,5648.9795918367345
jid_896041,92940.0,168.0,1,29,15859,22921,22951,JobState.COMPLETED,0,176.53061224489795,176.53061224489795,5119.3877551020405
jid_896042,92940.0,168.0,1,29,15870,22921,22951,JobState.COMPLETED,0,176.53061224489795,176.53061224489795,5119.3877551020405
jid_896047,92940.0,168.0,1,27,15896,22923,22951,JobState.COMPLETED,0,176.53061224489795,176.53061224489795,4766.326530612245
jid_896049,92940.0,168.0,1,27,15918,22923,22951,JobState.COMPLETED,0,176.53061224489795,176.53061224489795,4766.326530612245
jid_895647,92940.0,168.0,1,111,13232,22840,22952,JobState.COMPLETED,0,176.53061224489792,176.53061224489795,19594.89795918367
jid_895809,92940.0,168.0,1,71,14225,22880,22952,JobState.COMPLETED,0,176.53061224489795,176.53061224489795,12533.673469387755
jid_895884,92940.0,168.0,1,62,14765,22889,22952,JobState.COMPLETED,0,176.53061224489798,176.53061224489795,10944.897959183674
jid_895896,92940.0,168.0,1,61,14844,22890,22952,JobState.COMPLETED,0,176.53061224489798,176.53061224489795,10768.367346938778
jid_895898,92940.0,168.0,1,60,14862,22891,22952,JobState.COMPLETED,0,176.53061224489798,176.53061224489795,10591.83673469388
jid_895900,92940.0,168.0,1,59,14876,22892,22952,JobState.COMPLETED,0,176.53061224489795,176.53061224489795,10415.30612244898
jid_895907,92940.0,168.0,1,58,14941,22893,22952,JobState.COMPLETED,0,176.53061224489795,176.53061224489795,10238.775510204081
jid_895923,92940.0,168.0,1,56,15083,22895,22952,JobState.COMPLETED,0,176.53061224489795,176.53061224489795,9885.714285714286
jid_895958,92940.0,168.0,1,51,15306,22900,22952,JobState.COMPLETED,0,176.53061224489795,176.53061224489795,9003.061224489795
jid_895975,92940.0,168.0,1,48,15377,22903,22952,JobState.COMPLETED,0,176.53061224489795,176.53061224489795,8473.469387755102
jid_896038,92940.0,168.0,1,32,15846,22919,22952,JobState.COMPLETED,0,176.53061224489795,176.53061224489795,5648.9795918367345
jid_896052,92940.0,168.0,1,26,15939,22925,22952,JobState.COMPLETED,0,176.53061224489795,176.53061224489795,4589.7959183673465
jid_895741,92940.0,168.0,1,88,13774,22864,22953,JobState.COMPLETED,0,176.53061224489795,176.53061224489795,15534.69387755102
jid_895893,92940.0,168.0,1,62,14823,22890,22953,JobState.COMPLETED,0,176.53061224489798,176.53061224489795,10944.897959183674
jid_895960,92940.0,168.0,1,51,15326,22901,22953,JobState.COMPLETED,0,176.53061224489795,176.53061224489795,9003.061224489795
jid_895973,92940.0,168.0,1,48,15441,22904,22953,JobState.COMPLETED,0,176.53061224489795,176.53061224489795,8473.469387755102
jid_896053,92940.0,168.0,1,26,15940,22926,22953,JobState.COMPLETED,0,176.53061224489795,176.53061224489795,4589.7959183673465
jid_896056,92940.0,168.0,1,26,15968,22926,22953,JobState.COMPLETED,0,176.53061224489795,176.53061224489795,4589.7959183673465
jid_895925,92940.0,168.0,1,59,15028,22894,22954,JobState.COMPLETED,0,176.53061224489795,176.53061224489795,10415.30612244898
jid_895981,92940.0,168.0,1,46,15487,22907,22954,JobState.COMPLETED,0,176.53061224489795,176.53061224489795,8120.408163265306
jid_895995,92940.0,168.0,1,44,15557,22909,22954,JobState.COMPLETED,0,176.53061224489795,176.53061224489795,7767.34693877551
jid_896057,92940.0,168.0,1,27,15965,22926,22954,JobState.COMPLETED,0,176.53061224489795,176.53061224489795,4766.326530612245
jid_896058,92940.0,168.0,1,26,15968,22927,22954,JobState.COMPLETED,0,176.53061224489795,176.53061224489795,4589.7959183673465
jid_895953,92940.0,168.0,1,55,15261,22899,22955,JobState.COMPLETED,0,176.53061224489795,176.53061224489795,9709.183673469388
jid_895901,92940.0,168.0,1,63,14884,22892,22956,JobState.COMPLETED,0,176.53061224489798,176.53061224489795,11121.428571428572
jid_895954,92940.0,168.0,1,55,15272,22900,22956,JobState.COMPLETED,0,176.53061224489795,176.53061224489795,9709.183673469388
jid_896061,92940.0,168.0,1,32,15906,22923,22956,JobState.COMPLETED,0,176.53061224489795,176.53061224489795,5648.9795918367345
jid_896055,92940.0,168.0,1,29,15949,22926,22956,JobState.COMPLETED,0,176.53061224489795,176.53061224489795,5119.3877551020405
jid_896820,65134.0,145.0,8,22382,574,574,22957,JobState.COMPLETED,0,176.53061224490628,176.53061224489795,31608865.30612394
jid_895802,92940.0,168.0,1,77,14199,22879,22957,JobState.COMPLETED,0,176.53061224489795,176.53061224489795,13592.857142857143
jid_895887,92940.0,168.0,1,67,14777,22889,22957,JobState.COMPLETED,0,176.53061224489798,176.53061224489795,11827.551020408164
jid_895977,92940.0,168.0,1,49,15465,22907,22957,JobState.COMPLETED,0,176.53061224489795,176.53061224489795,8650.0
jid_895611,92940.0,168.0,1,121,13094,22836,22958,JobState.COMPLETED,0,176.5306122448979,176.53061224489795,21360.204081632644
jid_895883,92940.0,168.0,1,69,14681,22888,22958,JobState.COMPLETED,0,176.53061224489798,176.53061224489795,12180.61224489796
jid_895905,92940.0,168.0,1,65,14892,22892,22958,JobState.COMPLETED,0,176.53061224489798,176.53061224489795,11474.489795918369
jid_895933,92940.0,168.0,1,62,15131,22895,22958,JobState.COMPLETED,0,176.53061224489798,176.53061224489795,10944.897959183674
jid_896076,92940.0,168.0,1,28,16011,22929,22958,JobState.COMPLETED,0,176.53061224489795,176.53061224489795,4942.857142857143
jid_895890,92940.0,168.0,1,68,14794,22890,22959,JobState.COMPLETED,0,176.53061224489798,176.53061224489795,12004.081632653062
jid_895970,92940.0,168.0,1,54,15410,22904,22959,JobState.COMPLETED,0,176.53061224489795,176.53061224489795,9532.65306122449
jid_896006,92940.0,168.0,1,45,15621,22913,22959,JobState.COMPLETED,0,176.53061224489795,176.53061224489795,7943.877551020408
jid_895910,92940.0,168.0,1,65,14965,22894,22960,JobState.COMPLETED,0,176.53061224489798,176.53061224489795,11474.489795918369
jid_895918,92940.0,168.0,1,65,15047,22894,22960,JobState.COMPLETED,0,176.53061224489798,176.53061224489795,11474.489795918369
jid_895969,92940.0,168.0,1,56,15401,22903,22960,JobState.COMPLETED,0,176.53061224489795,176.53061224489795,9885.714285714286
jid_895980,92940.0,168.0,1,52,15479,22907,22960,JobState.COMPLETED,0,176.53061224489795,176.53061224489795,9179.591836734693
jid_896823,65165.0,145.0,8,22387,573,573,22961,JobState.COMPLETED,0,176.53061224490628,176.53061224489795,31615926.530613735
jid_895755,92940.0,168.0,1,93,13838,22867,22961,JobState.COMPLETED,0,176.53061224489792,176.53061224489795,16417.346938775507
jid_895924,92940.0,168.0,1,65,15077,22895,22961,JobState.COMPLETED,0,176.53061224489798,176.53061224489795,11474.489795918369
jid_895976,92940.0,168.0,1,54,15460,22906,22961,JobState.COMPLETED,0,176.53061224489795,176.53061224489795,9532.65306122449
jid_896026,92940.0,168.0,1,42,15756,22918,22961,JobState.COMPLETED,0,176.53061224489795,176.53061224489795,7414.285714285714
jid_896062,92940.0,168.0,1,33,15983,22927,22961,JobState.COMPLETED,0,176.53061224489795,176.53061224489795,5825.510204081633
jid_896072,92940.0,168.0,1,30,16075,22930,22961,JobState.COMPLETED,0,176.53061224489795,176.53061224489795,5295.918367346939
jid_895490,92940.0,168.0,1,166,12275,22795,22962,JobState.COMPLETED,0,176.5306122448979,176.53061224489795,29304.08163265305
jid_896035,92940.0,168.0,1,43,15817,22918,22962,JobState.COMPLETED,0,176.53061224489795,176.53061224489795,7590.816326530612
jid_896068,92940.0,168.0,1,32,16033,22929,22962,JobState.COMPLETED,0,176.53061224489795,176.53061224489795,5648.9795918367345
jid_896069,92940.0,168.0,1,32,16034,22929,22962,JobState.COMPLETED,0,176.53061224489795,176.53061224489795,5648.9795918367345
jid_896071,92940.0,168.0,1,31,16053,22930,22962,JobState.COMPLETED,0,176.53061224489795,176.53061224489795,5472.448979591836
jid_896075,92940.0,168.0,1,31,16082,22930,22962,JobState.COMPLETED,0,176.53061224489795,176.53061224489795,5472.448979591836
jid_896074,92940.0,168.0,1,31,16084,22930,22962,JobState.COMPLETED,0,176.53061224489795,176.53061224489795,5472.448979591836
jid_896826,36771.0,145.0,8,22393,569,569,22963,JobState.COMPLETED,0,176.53061224490628,176.53061224489795,31624400.00000149
jid_896063,92940.0,168.0,1,34,15983,22928,22963,JobState.COMPLETED,0,176.53061224489795,176.53061224489795,6002.04081632653
jid_896070,92940.0,168.0,1,33,16038,22929,22963,JobState.COMPLETED,0,176.53061224489795,176.53061224489795,5825.510204081633
jid_895770,92940.0,168.0,1,89,13948,22874,22964,JobState.COMPLETED,0,176.53061224489795,176.53061224489795,15711.224489795917
jid_895822,92940.0,168.0,1,82,14304,22881,22964,JobState.COMPLETED,0,176.53061224489795,176.53061224489795,14475.510204081633
jid_895957,92940.0,168.0,1,63,15286,22900,22964,JobState.COMPLETED,0,176.53061224489798,176.53061224489795,11121.428571428572
jid_896045,92940.0,168.0,1,41,15877,22922,22964,JobState.COMPLETED,0,176.53061224489795,176.53061224489795,7237.755102040816
jid_895880,92940.0,168.0,1,75,14696,22889,22965,JobState.COMPLETED,0,176.53061224489795,176.53061224489795,13239.795918367347
jid_895967,92940.0,168.0,1,64,15305,22900,22965,JobState.COMPLETED,0,176.53061224489798,176.53061224489795,11297.95918367347
jid_895964,92940.0,168.0,1,62,15359,22902,22965,JobState.COMPLETED,0,176.53061224489798,176.53061224489795,10944.897959183674
jid_896054,92940.0,168.0,1,39,15937,22925,22965,JobState.COMPLETED,0,176.53061224489795,176.53061224489795,6884.69387755102
jid_895823,92940.0,168.0,1,84,14315,22881,22966,JobState.COMPLETED,0,176.53061224489795,176.53061224489795,14828.571428571428
jid_895891,92940.0,168.0,1,75,14794,22890,22966,JobState.COMPLETED,0,176.53061224489795,176.53061224489795,13239.795918367347
jid_896015,92940.0,168.0,1,48,15691,22917,22966,JobState.COMPLETED,0,176.53061224489795,176.53061224489795,8473.469387755102
jid_895988,92940.0,168.0,1,59,15505,22907,22967,JobState.COMPLETED,0,176.53061224489795,176.53061224489795,10415.30612244898
jid_896064,92940.0,168.0,1,37,15997,22929,22967,JobState.COMPLETED,0,176.53061224489795,176.53061224489795,6531.632653061224
jid_895879,92940.0,168.0,1,79,14689,22888,22968,JobState.COMPLETED,0,176.53061224489795,176.53061224489795,13945.918367346938
jid_895963,92940.0,168.0,1,67,15350,22901,22969,JobState.COMPLETED,0,176.53061224489798,176.53061224489795,11827.551020408164
jid_895460,92940.0,168.0,1,181,12070,22789,22971,JobState.COMPLETED,0,176.5306122448979,176.53061224489795,31952.04081632652
jid_895966,92940.0,168.0,1,72,15262,22899,22972,JobState.COMPLETED,0,176.53061224489795,176.53061224489795,12710.204081632652
jid_896178,92940.0,168.0,1,24,17488,22947,22972,JobState.COMPLETED,0,176.53061224489795,176.53061224489795,4236.734693877551
jid_896077,92940.0,168.0,1,41,16104,22931,22973,JobState.COMPLETED,0,176.53061224489795,176.53061224489795,7237.755102040816
jid_895972,92940.0,168.0,1,69,15413,22904,22974,JobState.COMPLETED,0,176.53061224489798,176.53061224489795,12180.61224489796
jid_896101,63623.0,736.0,1,35,16369,22938,22974,JobState.COMPLETED,0,176.53061224489795,176.53061224489795,6178.571428571428
jid_895864,92940.0,168.0,1,89,14534,22885,22975,JobState.COMPLETED,0,176.53061224489795,176.53061224489795,15711.224489795917
jid_896079,92940.0,168.0,1,42,16133,22932,22975,JobState.COMPLETED,0,176.53061224489795,176.53061224489795,7414.285714285714
jid_896185,92940.0,168.0,1,26,17620,22948,22975,JobState.COMPLETED,0,176.53061224489795,176.53061224489795,4589.7959183673465
jid_896067,92940.0,168.0,1,46,16011,22929,22976,JobState.COMPLETED,0,176.53061224489795,176.53061224489795,8120.408163265306
jid_896180,92940.0,168.0,1,28,17530,22947,22976,JobState.COMPLETED,0,176.53061224489795,176.53061224489795,4942.857142857143
jid_896241,92940.0,168.0,1,23,18532,22952,22976,JobState.COMPLETED,0,176.53061224489795,176.53061224489795,4060.204081632653
jid_896066,92940.0,168.0,1,47,16011,22929,22977,JobState.COMPLETED,0,176.53061224489795,176.53061224489795,8296.938775510203
jid_896176,92940.0,168.0,1,29,17441,22947,22977,JobState.COMPLETED,0,176.53061224489795,176.53061224489795,5119.3877551020405
jid_896182,92940.0,168.0,1,28,17575,22948,22977,JobState.COMPLETED,0,176.53061224489795,176.53061224489795,4942.857142857143
jid_896227,92940.0,168.0,1,25,18274,22951,22977,JobState.COMPLETED,0,176.53061224489795,176.53061224489795,4413.265306122449
jid_896267,92940.0,168.0,1,20,18869,22956,22977,JobState.COMPLETED,0,176.53061224489795,176.53061224489795,3530.612244897959
jid_896073,92940.0,168.0,1,47,16064,22930,22978,JobState.COMPLETED,0,176.53061224489795,176.53061224489795,8296.938775510203
jid_896204,92940.0,168.0,1,28,17711,22949,22978,JobState.COMPLETED,0,176.53061224489795,176.53061224489795,4942.857142857143
jid_896210,92940.0,168.0,1,28,17803,22949,22978,JobState.COMPLETED,0,176.53061224489795,176.53061224489795,4942.857142857143
jid_896224,92940.0,168.0,1,27,18230,22950,22978,JobState.COMPLETED,0,176.53061224489795,176.53061224489795,4766.326530612245
jid_895767,92940.0,168.0,1,108,13880,22870,22979,JobState.COMPLETED,0,176.53061224489792,176.53061224489795,19065.306122448976
jid_895968,92940.0,168.0,1,76,15370,22902,22979,JobState.COMPLETED,0,176.53061224489795,176.53061224489795,13416.326530612245
jid_896115,92940.0,168.0,1,37,16476,22941,22979,JobState.COMPLETED,0,176.53061224489795,176.53061224489795,6531.632653061224
jid_896205,92940.0,168.0,1,29,17757,22949,22979,JobState.COMPLETED,0,176.53061224489795,176.53061224489795,5119.3877551020405
jid_896216,92940.0,168.0,1,28,17900,22950,22979,JobState.COMPLETED,0,176.53061224489795,176.53061224489795,4942.857142857143
jid_896272,92940.0,168.0,1,21,18950,22957,22979,JobState.COMPLETED,0,176.53061224489795,176.53061224489795,3707.142857142857
jid_895559,92940.0,168.0,1,168,12697,22811,22980,JobState.COMPLETED,0,176.5306122448979,176.53061224489795,29657.142857142848
jid_895681,92940.0,168.0,1,129,13477,22850,22980,JobState.COMPLETED,0,176.5306122448979,176.53061224489795,22772.448979591827
jid_895829,92940.0,168.0,1,98,14328,22881,22980,JobState.COMPLETED,0,176.53061224489792,176.53061224489795,17299.999999999996
jid_895873,92940.0,168.0,1,92,14620,22887,22980,JobState.COMPLETED,0,176.53061224489792,176.53061224489795,16240.816326530608
jid_896104,92940.0,168.0,1,41,16379,22938,22980,JobState.COMPLETED,0,176.53061224489795,176.53061224489795,7237.755102040816
jid_896121,92940.0,168.0,1,37,16533,22942,22980,JobState.COMPLETED,0,176.53061224489795,176.53061224489795,6531.632653061224
jid_896081,92940.0,168.0,1,47,16134,22933,22981,JobState.COMPLETED,0,176.53061224489795,176.53061224489795,8296.938775510203
jid_896109,92940.0,168.0,1,40,16418,22940,22981,JobState.COMPLETED,0,176.53061224489795,176.53061224489795,7061.224489795918
jid_896111,92940.0,168.0,1,40,16439,22940,22981,JobState.COMPLETED,0,176.53061224489795,176.53061224489795,7061.224489795918
jid_896213,92940.0,168.0,1,30,17851,22950,22981,JobState.COMPLETED,0,176.53061224489795,176.53061224489795,5295.918367346939
jid_896230,92940.0,168.0,1,29,18316,22951,22981,JobState.COMPLETED,0,176.53061224489795,176.53061224489795,5119.3877551020405
jid_896251,92940.0,168.0,1,27,18667,22953,22981,JobState.COMPLETED,0,176.53061224489795,176.53061224489795,4766.326530612245
jid_896274,92940.0,168.0,1,23,18988,22957,22981,JobState.COMPLETED,0,176.53061224489795,176.53061224489795,4060.204081632653
jid_896281,92940.0,168.0,1,22,19073,22958,22981,JobState.COMPLETED,0,176.53061224489795,176.53061224489795,3883.673469387755
jid_896187,92940.0,168.0,1,32,17663,22949,22982,JobState.COMPLETED,0,176.53061224489795,176.53061224489795,5648.9795918367345
jid_896240,92940.0,168.0,1,29,18509,22952,22982,JobState.COMPLETED,0,176.53061224489795,176.53061224489795,5119.3877551020405
jid_896276,92940.0,168.0,1,24,18990,22957,22982,JobState.COMPLETED,0,176.53061224489795,176.53061224489795,4236.734693877551
jid_896100,92940.0,168.0,1,45,16355,22937,22983,JobState.COMPLETED,0,176.53061224489795,176.53061224489795,7943.877551020408
jid_896231,92940.0,168.0,1,31,18361,22951,22983,JobState.COMPLETED,0,176.53061224489795,176.53061224489795,5472.448979591836
jid_896234,92940.0,168.0,1,31,18363,22951,22983,JobState.COMPLETED,0,176.53061224489795,176.53061224489795,5472.448979591836
jid_896239,92940.0,168.0,1,30,18484,22952,22983,JobState.COMPLETED,0,176.53061224489795,176.53061224489795,5295.918367346939
jid_896246,92940.0,168.0,1,30,18573,22952,22983,JobState.COMPLETED,0,176.53061224489795,176.53061224489795,5295.918367346939
jid_896248,92940.0,168.0,1,30,18620,22952,22983,JobState.COMPLETED,0,176.53061224489795,176.53061224489795,5295.918367346939
jid_896252,92940.0,168.0,1,30,18665,22952,22983,JobState.COMPLETED,0,176.53061224489795,176.53061224489795,5295.918367346939
jid_896273,92940.0,168.0,1,25,18949,22957,22983,JobState.COMPLETED,0,176.53061224489795,176.53061224489795,4413.265306122449
jid_895950,92940.0,168.0,1,85,15220,22898,22984,JobState.COMPLETED,0,176.53061224489795,176.53061224489795,15005.102040816326
jid_896065,92940.0,168.0,1,54,15993,22929,22984,JobState.COMPLETED,0,176.53061224489795,176.53061224489795,9532.65306122449
jid_896093,92940.0,168.0,1,47,16286,22936,22984,JobState.COMPLETED,0,176.53061224489795,176.53061224489795,8296.938775510203
jid_896229,92940.0,168.0,1,32,18312,22951,22984,JobState.COMPLETED,0,176.53061224489795,176.53061224489795,5648.9795918367345
jid_896233,92940.0,168.0,1,32,18409,22951,22984,JobState.COMPLETED,0,176.53061224489795,176.53061224489795,5648.9795918367345
jid_896236,92940.0,168.0,1,32,18458,22951,22984,JobState.COMPLETED,0,176.53061224489795,176.53061224489795,5648.9795918367345
jid_896247,92940.0,168.0,1,31,18614,22952,22984,JobState.COMPLETED,0,176.53061224489795,176.53061224489795,5472.448979591836
jid_896258,92940.0,168.0,1,30,18762,22953,22984,JobState.COMPLETED,0,176.53061224489795,176.53061224489795,5295.918367346939
jid_896262,92940.0,168.0,1,29,18808,22954,22984,JobState.COMPLETED,0,176.53061224489795,176.53061224489795,5119.3877551020405
jid_896279,92940.0,168.0,1,26,19029,22957,22984,JobState.COMPLETED,0,176.53061224489795,176.53061224489795,4589.7959183673465
jid_896280,92940.0,168.0,1,26,19031,22957,22984,JobState.COMPLETED,0,176.53061224489795,176.53061224489795,4589.7959183673465
jid_896282,92940.0,168.0,1,25,19075,22958,22984,JobState.COMPLETED,0,176.53061224489795,176.53061224489795,4413.265306122449
jid_896287,92940.0,168.0,1,24,19157,22959,22984,JobState.COMPLETED,0,176.53061224489795,176.53061224489795,4236.734693877551
jid_896170,63623.0,736.0,1,38,17329,22946,22985,JobState.COMPLETED,0,176.53061224489795,176.53061224489795,6708.163265306122
jid_896244,92940.0,168.0,1,32,18565,22952,22985,JobState.COMPLETED,0,176.53061224489795,176.53061224489795,5648.9795918367345
jid_896260,92940.0,168.0,1,30,18763,22954,22985,JobState.COMPLETED,0,176.53061224489795,176.53061224489795,5295.918367346939
jid_896266,92940.0,168.0,1,28,18854,22956,22985,JobState.COMPLETED,0,176.53061224489795,176.53061224489795,4942.857142857143
jid_896269,92940.0,168.0,1,27,18907,22957,22985,JobState.COMPLETED,0,176.53061224489795,176.53061224489795,4766.326530612245
jid_895858,92940.0,168.0,1,100,14500,22885,22986,JobState.COMPLETED,0,176.53061224489792,176.53061224489795,17653.061224489793
jid_895881,92940.0,168.0,1,98,14632,22887,22986,JobState.COMPLETED,0,176.53061224489792,176.53061224489795,17299.999999999996
jid_896135,92940.0,168.0,1,43,16663,22942,22986,JobState.COMPLETED,0,176.53061224489795,176.53061224489795,7590.816326530612
jid_896256,92940.0,168.0,1,32,18713,22953,22986,JobState.COMPLETED,0,176.53061224489795,176.53061224489795,5648.9795918367345
jid_896305,92940.0,168.0,1,24,19407,22961,22986,JobState.COMPLETED,0,176.53061224489795,176.53061224489795,4236.734693877551
jid_896080,92940.0,168.0,1,54,16125,22932,22987,JobState.COMPLETED,0,176.53061224489795,176.53061224489795,9532.65306122449
jid_896255,92940.0,168.0,1,33,18712,22953,22987,JobState.COMPLETED,0,176.53061224489795,176.53061224489795,5825.510204081633
jid_895733,92940.0,168.0,1,129,13707,22858,22988,JobState.COMPLETED,0,176.5306122448979,176.53061224489795,22772.448979591827
jid_895740,92940.0,168.0,1,125,13738,22862,22988,JobState.COMPLETED,0,176.5306122448979,176.53061224489795,22066.326530612238
jid_896084,92940.0,168.0,1,57,16075,22930,22988,JobState.COMPLETED,0,176.53061224489795,176.53061224489795,10062.244897959183
jid_896283,92940.0,168.0,1,29,19111,22958,22988,JobState.COMPLETED,0,176.53061224489795,176.53061224489795,5119.3877551020405
jid_896296,92940.0,168.0,1,27,19198,22960,22988,JobState.COMPLETED,0,176.53061224489795,176.53061224489795,4766.326530612245
jid_896316,92940.0,168.0,1,25,19580,22962,22988,JobState.COMPLETED,0,176.53061224489795,176.53061224489795,4413.265306122449
jid_896324,92940.0,168.0,1,24,19714,22963,22988,JobState.COMPLETED,0,176.53061224489795,176.53061224489795,4236.734693877551
jid_895811,92940.0,168.0,1,109,14200,22879,22989,JobState.COMPLETED,0,176.53061224489792,176.53061224489795,19241.836734693872
jid_895830,92940.0,168.0,1,106,14350,22882,22989,JobState.COMPLETED,0,176.53061224489792,176.53061224489795,18712.24489795918
jid_896113,92940.0,168.0,1,48,16457,22940,22989,JobState.COMPLETED,0,176.53061224489795,176.53061224489795,8473.469387755102
jid_896116,92940.0,168.0,1,47,16485,22941,22989,JobState.COMPLETED,0,176.53061224489795,176.53061224489795,8296.938775510203
jid_896288,92940.0,168.0,1,28,19167,22960,22989,JobState.COMPLETED,0,176.53061224489795,176.53061224489795,4942.857142857143
jid_896308,92940.0,168.0,1,27,19448,22961,22989,JobState.COMPLETED,0,176.53061224489795,176.53061224489795,4766.326530612245
jid_896309,92940.0,168.0,1,27,19491,22961,22989,JobState.COMPLETED,0,176.53061224489795,176.53061224489795,4766.326530612245
jid_896085,92940.0,168.0,1,55,16164,22934,22990,JobState.COMPLETED,0,176.53061224489795,176.53061224489795,9709.183673469388
jid_896268,92940.0,168.0,1,32,18899,22957,22990,JobState.COMPLETED,0,176.53061224489795,176.53061224489795,5648.9795918367345
jid_896285,92940.0,168.0,1,30,19119,22959,22990,JobState.COMPLETED,0,176.53061224489795,176.53061224489795,5295.918367346939
jid_896300,92940.0,168.0,1,28,19314,22961,22990,JobState.COMPLETED,0,176.53061224489795,176.53061224489795,4942.857142857143
jid_896314,92940.0,168.0,1,27,19536,22962,22990,JobState.COMPLETED,0,176.53061224489795,176.53061224489795,4766.326530612245
jid_896105,92940.0,168.0,1,54,16306,22936,22991,JobState.COMPLETED,0,176.53061224489795,176.53061224489795,9532.65306122449
jid_896122,92940.0,168.0,1,49,16524,22941,22991,JobState.COMPLETED,0,176.53061224489795,176.53061224489795,8650.0
jid_896292,92940.0,168.0,1,30,19213,22960,22991,JobState.COMPLETED,0,176.53061224489795,176.53061224489795,5295.918367346939
jid_896322,92940.0,168.0,1,27,19670,22963,22991,JobState.COMPLETED,0,176.53061224489795,176.53061224489795,4766.326530612245
jid_895909,92940.0,168.0,1,100,14870,22891,22992,JobState.COMPLETED,0,176.53061224489792,176.53061224489795,17653.061224489793
jid_896032,92940.0,168.0,1,73,15768,22918,22992,JobState.COMPLETED,0,176.53061224489795,176.53061224489795,12886.73469387755
jid_896102,92940.0,168.0,1,54,16353,22937,22992,JobState.COMPLETED,0,176.53061224489795,176.53061224489795,9532.65306122449
jid_896123,92940.0,168.0,1,51,16459,22940,22992,JobState.COMPLETED,0,176.53061224489795,176.53061224489795,9003.061224489795
jid_896302,92940.0,168.0,1,30,19360,22961,22992,JobState.COMPLETED,0,176.53061224489795,176.53061224489795,5295.918367346939
jid_896335,92940.0,168.0,1,26,19848,22965,22992,JobState.COMPLETED,0,176.53061224489795,176.53061224489795,4589.7959183673465
jid_895917,92940.0,168.0,1,98,15011,22894,22993,JobState.COMPLETED,0,176.53061224489792,176.53061224489795,17299.999999999996
jid_896319,92940.0,168.0,1,29,19623,22963,22993,JobState.COMPLETED,0,176.53061224489795,176.53061224489795,5119.3877551020405
jid_896332,92940.0,168.0,1,28,19804,22964,22993,JobState.COMPLETED,0,176.53061224489795,176.53061224489795,4942.857142857143
jid_896338,92940.0,168.0,1,27,19877,22965,22993,JobState.COMPLETED,0,176.53061224489795,176.53061224489795,4766.326530612245
jid_895761,92940.0,168.0,1,125,13852,22868,22994,JobState.COMPLETED,0,176.5306122448979,176.53061224489795,22066.326530612238
jid_896083,92940.0,168.0,1,61,16130,22932,22994,JobState.COMPLETED,0,176.53061224489798,176.53061224489795,10768.367346938778
jid_896108,92940.0,168.0,1,54,16391,22939,22994,JobState.COMPLETED,0,176.53061224489795,176.53061224489795,9532.65306122449
jid_896119,92940.0,168.0,1,52,16497,22941,22994,JobState.COMPLETED,0,176.53061224489795,176.53061224489795,9179.591836734693
jid_896323,92940.0,168.0,1,30,19700,22963,22994,JobState.COMPLETED,0,176.53061224489795,176.53061224489795,5295.918367346939
jid_896107,92940.0,168.0,1,55,16387,22939,22995,JobState.COMPLETED,0,176.53061224489795,176.53061224489795,9709.183673469388
jid_896110,92940.0,168.0,1,54,16410,22940,22995,JobState.COMPLETED,0,176.53061224489795,176.53061224489795,9532.65306122449
jid_896155,92940.0,168.0,1,51,16969,22943,22995,JobState.COMPLETED,0,176.53061224489795,176.53061224489795,9003.061224489795
jid_896328,92940.0,168.0,1,31,19755,22963,22995,JobState.COMPLETED,0,176.53061224489795,176.53061224489795,5472.448979591836
jid_896336,92940.0,168.0,1,30,19847,22964,22995,JobState.COMPLETED,0,176.53061224489795,176.53061224489795,5295.918367346939
jid_895810,92940.0,168.0,1,116,14185,22879,22996,JobState.COMPLETED,0,176.53061224489792,176.53061224489795,20477.55102040816
jid_895853,92940.0,168.0,1,112,14480,22883,22996,JobState.COMPLETED,0,176.53061224489792,176.53061224489795,19771.42857142857
jid_896090,92940.0,168.0,1,64,16088,22931,22996,JobState.COMPLETED,0,176.53061224489798,176.53061224489795,11297.95918367347
jid_896086,92940.0,168.0,1,61,16197,22934,22996,JobState.COMPLETED,0,176.53061224489798,176.53061224489795,10768.367346938778
jid_896112,92940.0,168.0,1,55,16425,22940,22996,JobState.COMPLETED,0,176.53061224489795,176.53061224489795,9709.183673469388
jid_896127,92940.0,168.0,1,53,16590,22942,22996,JobState.COMPLETED,0,176.53061224489795,176.53061224489795,9356.122448979591
jid_896138,92940.0,168.0,1,52,16675,22943,22996,JobState.COMPLETED,0,176.53061224489795,176.53061224489795,9179.591836734693
jid_896139,92940.0,168.0,1,52,16675,22943,22996,JobState.COMPLETED,0,176.53061224489795,176.53061224489795,9179.591836734693
jid_896264,92940.0,168.0,1,41,18810,22954,22996,JobState.COMPLETED,0,176.53061224489795,176.53061224489795,7237.755102040816
jid_896315,92940.0,168.0,1,33,19550,22962,22996,JobState.COMPLETED,0,176.53061224489795,176.53061224489795,5825.510204081633
jid_896318,92940.0,168.0,1,33,19600,22962,22996,JobState.COMPLETED,0,176.53061224489795,176.53061224489795,5825.510204081633
jid_896327,92940.0,168.0,1,32,19747,22963,22996,JobState.COMPLETED,0,176.53061224489795,176.53061224489795,5648.9795918367345
jid_896331,92940.0,168.0,1,31,19797,22964,22996,JobState.COMPLETED,0,176.53061224489795,176.53061224489795,5472.448979591836
jid_896094,92940.0,168.0,1,61,16276,22935,22997,JobState.COMPLETED,0,176.53061224489798,176.53061224489795,10768.367346938778
jid_896126,92940.0,168.0,1,54,16569,22942,22997,JobState.COMPLETED,0,176.53061224489795,176.53061224489795,9532.65306122449
jid_896137,92940.0,168.0,1,54,16661,22942,22997,JobState.COMPLETED,0,176.53061224489795,176.53061224489795,9532.65306122449
jid_896320,92940.0,168.0,1,33,19651,22963,22997,JobState.COMPLETED,0,176.53061224489795,176.53061224489795,5825.510204081633
jid_895463,92940.0,168.0,1,208,12048,22789,22998,JobState.COMPLETED,0,176.5306122448979,176.53061224489795,36718.367346938765
jid_895710,92940.0,168.0,1,145,13577,22852,22998,JobState.COMPLETED,0,176.5306122448979,176.53061224489795,25596.938775510196
jid_895906,92940.0,168.0,1,105,14889,22892,22998,JobState.COMPLETED,0,176.53061224489792,176.53061224489795,18535.714285714283
jid_896159,92940.0,168.0,1,52,17038,22945,22998,JobState.COMPLETED,0,176.53061224489795,176.53061224489795,9179.591836734693
jid_895875,92940.0,168.0,1,111,14611,22887,22999,JobState.COMPLETED,0,176.53061224489792,176.53061224489795,19594.89795918367
jid_896114,92940.0,168.0,1,58,16451,22940,22999,JobState.COMPLETED,0,176.53061224489795,176.53061224489795,10238.775510204081
jid_896124,92940.0,168.0,1,56,16527,22942,22999,JobState.COMPLETED,0,176.53061224489795,176.53061224489795,9885.714285714286
jid_896129,92940.0,168.0,1,56,16589,22942,22999,JobState.COMPLETED,0,176.53061224489795,176.53061224489795,9885.714285714286
jid_896131,92940.0,168.0,1,56,16601,22942,22999,JobState.COMPLETED,0,176.53061224489795,176.53061224489795,9885.714285714286
jid_896132,92940.0,168.0,1,56,16601,22942,22999,JobState.COMPLETED,0,176.53061224489795,176.53061224489795,9885.714285714286
jid_896134,92940.0,168.0,1,56,16641,22942,22999,JobState.COMPLETED,0,176.53061224489795,176.53061224489795,9885.714285714286
jid_896154,92940.0,168.0,1,55,16957,22943,22999,JobState.COMPLETED,0,176.53061224489795,176.53061224489795,9709.183673469388
jid_896350,92940.0,168.0,1,28,20037,22971,23000,JobState.COMPLETED,0,176.53061224489795,176.53061224489795,4942.857142857143
jid_896355,92940.0,168.0,1,25,20117,22974,23000,JobState.COMPLETED,0,176.53061224489795,176.53061224489795,4413.265306122449
jid_896098,92940.0,168.0,1,63,16327,22937,23001,JobState.COMPLETED,0,176.53061224489798,176.53061224489795,11121.428571428572
jid_896143,92940.0,168.0,1,57,16724,22943,23001,JobState.COMPLETED,0,176.53061224489795,176.53061224489795,10062.244897959183
jid_896158,92940.0,168.0,1,55,17030,22945,23001,JobState.COMPLETED,0,176.53061224489795,176.53061224489795,9709.183673469388
jid_896346,92940.0,168.0,1,32,19988,22968,23001,JobState.COMPLETED,0,176.53061224489795,176.53061224489795,5648.9795918367345
jid_895987,92940.0,168.0,1,94,15468,22907,23002,JobState.COMPLETED,0,176.53061224489792,176.53061224489795,16593.877551020403
jid_896089,92940.0,168.0,1,69,16133,22932,23002,JobState.COMPLETED,0,176.53061224489798,176.53061224489795,12180.61224489796
jid_896087,92940.0,168.0,1,67,16200,22934,23002,JobState.COMPLETED,0,176.53061224489798,176.53061224489795,11827.551020408164
jid_896146,92940.0,168.0,1,58,16800,22943,23002,JobState.COMPLETED,0,176.53061224489795,176.53061224489795,10238.775510204081
jid_896149,92940.0,168.0,1,58,16893,22943,23002,JobState.COMPLETED,0,176.53061224489795,176.53061224489795,10238.775510204081
jid_896360,92940.0,168.0,1,25,20172,22976,23002,JobState.COMPLETED,0,176.53061224489795,176.53061224489795,4413.265306122449
jid_896140,92940.0,168.0,1,59,16715,22943,23003,JobState.COMPLETED,0,176.53061224489795,176.53061224489795,10415.30612244898
jid_896169,92940.0,168.0,1,56,17262,22946,23003,JobState.COMPLETED,0,176.53061224489795,176.53061224489795,9885.714285714286
jid_896345,92940.0,168.0,1,35,19955,22967,23003,JobState.COMPLETED,0,176.53061224489795,176.53061224489795,6178.571428571428
jid_896370,92940.0,168.0,1,24,20337,22978,23003,JobState.COMPLETED,0,176.53061224489795,176.53061224489795,4236.734693877551
jid_896088,92940.0,168.0,1,69,16198,22934,23004,JobState.COMPLETED,0,176.53061224489798,176.53061224489795,12180.61224489796
jid_896144,92940.0,168.0,1,60,16736,22943,23004,JobState.COMPLETED,0,176.53061224489798,176.53061224489795,10591.83673469388
jid_896166,92940.0,168.0,1,57,17186,22946,23004,JobState.COMPLETED,0,176.53061224489795,176.53061224489795,10062.244897959183
jid_896353,92940.0,168.0,1,29,20083,22974,23004,JobState.COMPLETED,0,176.53061224489795,176.53061224489795,5119.3877551020405
jid_896356,92940.0,168.0,1,28,20128,22975,23004,JobState.COMPLETED,0,176.53061224489795,176.53061224489795,4942.857142857143
jid_896359,92940.0,168.0,1,27,20158,22976,23004,JobState.COMPLETED,0,176.53061224489795,176.53061224489795,4766.326530612245
jid_896163,92940.0,168.0,1,59,17110,22945,23005,JobState.COMPLETED,0,176.53061224489795,176.53061224489795,10415.30612244898
jid_896364,92940.0,168.0,1,27,20250,22977,23005,JobState.COMPLETED,0,176.53061224489795,176.53061224489795,4766.326530612245
jid_896366,92940.0,168.0,1,26,20293,22978,23005,JobState.COMPLETED,0,176.53061224489795,176.53061224489795,4589.7959183673465
jid_895793,92940.0,168.0,1,127,14055,22878,23006,JobState.COMPLETED,0,176.5306122448979,176.53061224489795,22419.387755102034
jid_896147,92940.0,168.0,1,62,16813,22943,23006,JobState.COMPLETED,0,176.53061224489798,176.53061224489795,10944.897959183674
jid_896349,92940.0,168.0,1,36,20007,22969,23006,JobState.COMPLETED,0,176.53061224489795,176.53061224489795,6355.102040816326
jid_896092,92940.0,168.0,1,71,16237,22935,23007,JobState.COMPLETED,0,176.53061224489795,176.53061224489795,12533.673469387755
jid_896097,92940.0,168.0,1,70,16300,22936,23007,JobState.COMPLETED,0,176.53061224489795,176.53061224489795,12357.142857142857
jid_896148,92940.0,168.0,1,63,16876,22943,23007,JobState.COMPLETED,0,176.53061224489798,176.53061224489795,11121.428571428572
jid_896362,92940.0,168.0,1,29,20204,22977,23007,JobState.COMPLETED,0,176.53061224489795,176.53061224489795,5119.3877551020405
jid_896363,92940.0,168.0,1,29,20215,22977,23007,JobState.COMPLETED,0,176.53061224489795,176.53061224489795,5119.3877551020405
jid_896374,92940.0,168.0,1,27,20427,22979,23007,JobState.COMPLETED,0,176.53061224489795,176.53061224489795,4766.326530612245
jid_896391,92940.0,168.0,1,25,20611,22981,23007,JobState.COMPLETED,0,176.53061224489795,176.53061224489795,4413.265306122449
jid_896096,92940.0,168.0,1,72,16223,22935,23008,JobState.COMPLETED,0,176.53061224489795,176.53061224489795,12710.204081632652
jid_896095,92940.0,168.0,1,71,16287,22936,23008,JobState.COMPLETED,0,176.53061224489795,176.53061224489795,12533.673469387755
jid_896343,92940.0,168.0,1,41,19927,22966,23008,JobState.COMPLETED,0,176.53061224489795,176.53061224489795,7237.755102040816
jid_896369,92940.0,168.0,1,29,20261,22978,23008,JobState.COMPLETED,0,176.53061224489795,176.53061224489795,5119.3877551020405
jid_896384,92940.0,168.0,1,27,20519,22980,23008,JobState.COMPLETED,0,176.53061224489795,176.53061224489795,4766.326530612245
jid_895888,92940.0,168.0,1,119,14733,22889,23009,JobState.COMPLETED,0,176.53061224489792,176.53061224489795,21007.14285714285
jid_896341,92940.0,168.0,1,43,19894,22965,23009,JobState.COMPLETED,0,176.53061224489795,176.53061224489795,7590.816326530612
jid_896372,92940.0,168.0,1,29,20379,22979,23009,JobState.COMPLETED,0,176.53061224489795,176.53061224489795,5119.3877551020405
jid_896399,92940.0,168.0,1,25,20702,22983,23009,JobState.COMPLETED,0,176.53061224489795,176.53061224489795,4413.265306122449
jid_896377,92940.0,168.0,1,30,20379,22979,23010,JobState.COMPLETED,0,176.53061224489795,176.53061224489795,5295.918367346939
jid_896380,92940.0,168.0,1,29,20473,22980,23010,JobState.COMPLETED,0,176.53061224489795,176.53061224489795,5119.3877551020405
jid_896386,92940.0,168.0,1,28,20549,22981,23010,JobState.COMPLETED,0,176.53061224489795,176.53061224489795,4942.857142857143
jid_896387,92940.0,168.0,1,28,20564,22981,23010,JobState.COMPLETED,0,176.53061224489795,176.53061224489795,4942.857142857143
jid_896412,92940.0,168.0,1,25,20874,22984,23010,JobState.COMPLETED,0,176.53061224489795,176.53061224489795,4413.265306122449
jid_896538,92940.0,168.0,1,23,21053,22986,23010,JobState.COMPLETED,0,176.53061224489795,176.53061224489795,4060.204081632653
jid_895892,92940.0,168.0,1,121,14748,22889,23011,JobState.COMPLETED,0,176.5306122448979,176.53061224489795,21360.204081632644
jid_896383,92940.0,168.0,1,30,20503,22980,23011,JobState.COMPLETED,0,176.53061224489795,176.53061224489795,5295.918367346939
jid_896392,92940.0,168.0,1,28,20642,22982,23011,JobState.COMPLETED,0,176.53061224489795,176.53061224489795,4942.857142857143
jid_896402,92940.0,168.0,1,27,20733,22983,23011,JobState.COMPLETED,0,176.53061224489795,176.53061224489795,4766.326530612245
jid_896542,92940.0,168.0,1,22,21093,22988,23011,JobState.COMPLETED,0,176.53061224489795,176.53061224489795,3883.673469387755
jid_896091,92940.0,168.0,1,77,16214,22934,23012,JobState.COMPLETED,0,176.53061224489795,176.53061224489795,13592.857142857143
jid_896390,92940.0,168.0,1,30,20595,22981,23012,JobState.COMPLETED,0,176.53061224489795,176.53061224489795,5295.918367346939
jid_896397,92940.0,168.0,1,28,20687,22983,23012,JobState.COMPLETED,0,176.53061224489795,176.53061224489795,4942.857142857143
jid_896417,92940.0,168.0,1,27,20839,22984,23012,JobState.COMPLETED,0,176.53061224489795,176.53061224489795,4766.326530612245
jid_896410,92940.0,168.0,1,27,20855,22984,23012,JobState.COMPLETED,0,176.53061224489795,176.53061224489795,4766.326530612245
jid_896515,92940.0,168.0,1,26,20961,22985,23012,JobState.COMPLETED,0,176.53061224489795,176.53061224489795,4589.7959183673465
jid_896536,92940.0,168.0,1,25,21043,22986,23012,JobState.COMPLETED,0,176.53061224489795,176.53061224489795,4413.265306122449
jid_896303,92940.0,168.0,1,51,19339,22961,23013,JobState.COMPLETED,0,176.53061224489795,176.53061224489795,9003.061224489795
jid_896357,92940.0,168.0,1,40,20039,22972,23013,JobState.COMPLETED,0,176.53061224489795,176.53061224489795,7061.224489795918
jid_896394,92940.0,168.0,1,30,20653,22982,23013,JobState.COMPLETED,0,176.53061224489795,176.53061224489795,5295.918367346939
jid_896403,92940.0,168.0,1,29,20745,22983,23013,JobState.COMPLETED,0,176.53061224489795,176.53061224489795,5119.3877551020405
jid_896405,92940.0,168.0,1,28,20780,22984,23013,JobState.COMPLETED,0,176.53061224489795,176.53061224489795,4942.857142857143
jid_896407,92940.0,168.0,1,28,20809,22984,23013,JobState.COMPLETED,0,176.53061224489795,176.53061224489795,4942.857142857143
jid_896532,92940.0,168.0,1,26,21012,22986,23013,JobState.COMPLETED,0,176.53061224489795,176.53061224489795,4589.7959183673465
jid_896539,92940.0,168.0,1,25,21055,22987,23013,JobState.COMPLETED,0,176.53061224489795,176.53061224489795,4413.265306122449
jid_896546,92940.0,168.0,1,24,21133,22988,23013,JobState.COMPLETED,0,176.53061224489795,176.53061224489795,4236.734693877551
jid_896351,92940.0,168.0,1,40,20060,22973,23014,JobState.COMPLETED,0,176.53061224489795,176.53061224489795,7061.224489795918
jid_896406,92940.0,168.0,1,29,20792,22984,23014,JobState.COMPLETED,0,176.53061224489795,176.53061224489795,5119.3877551020405
jid_896531,92940.0,168.0,1,28,21008,22985,23014,JobState.COMPLETED,0,176.53061224489795,176.53061224489795,4942.857142857143
jid_896321,92940.0,168.0,1,51,19645,22963,23015,JobState.COMPLETED,0,176.53061224489795,176.53061224489795,9003.061224489795
jid_896435,92940.0,168.0,1,30,20900,22984,23015,JobState.COMPLETED,0,176.53061224489795,176.53061224489795,5295.918367346939
jid_896545,92940.0,168.0,1,26,21097,22988,23015,JobState.COMPLETED,0,176.53061224489795,176.53061224489795,4589.7959183673465
jid_896558,92940.0,168.0,1,25,21233,22989,23015,JobState.COMPLETED,0,176.53061224489795,176.53061224489795,4413.265306122449
jid_896566,92940.0,168.0,1,24,21275,22990,23015,JobState.COMPLETED,0,176.53061224489795,176.53061224489795,4236.734693877551
jid_896326,92940.0,168.0,1,52,19712,22963,23016,JobState.COMPLETED,0,176.53061224489795,176.53061224489795,9179.591836734693
jid_896525,92940.0,168.0,1,31,20919,22984,23016,JobState.COMPLETED,0,176.53061224489795,176.53061224489795,5472.448979591836
jid_896516,92940.0,168.0,1,30,20965,22985,23016,JobState.COMPLETED,0,176.53061224489795,176.53061224489795,5295.918367346939
jid_895885,92940.0,168.0,1,127,14698,22889,23017,JobState.COMPLETED,0,176.5306122448979,176.53061224489795,22419.387755102034
jid_895589,92940.0,168.0,1,192,12882,22825,23018,JobState.COMPLETED,0,176.5306122448979,176.53061224489795,33893.8775510204
jid_896317,92940.0,168.0,1,55,19573,22962,23018,JobState.COMPLETED,0,176.53061224489795,176.53061224489795,9709.183673469388
jid_896409,92940.0,168.0,1,33,20824,22984,23018,JobState.COMPLETED,0,176.53061224489795,176.53061224489795,5825.510204081633
jid_896548,92940.0,168.0,1,29,21139,22988,23018,JobState.COMPLETED,0,176.53061224489795,176.53061224489795,5119.3877551020405
jid_896347,92940.0,168.0,1,51,19971,22967,23019,JobState.COMPLETED,0,176.53061224489795,176.53061224489795,9003.061224489795
jid_896554,92940.0,168.0,1,30,21185,22989,23020,JobState.COMPLETED,0,176.53061224489795,176.53061224489795,5295.918367346939
jid_896373,92940.0,168.0,1,41,20380,22979,23021,JobState.COMPLETED,0,176.53061224489795,176.53061224489795,7237.755102040816
jid_896361,92940.0,168.0,1,45,20177,22976,23022,JobState.COMPLETED,0,176.53061224489795,176.53061224489795,7943.877551020408
jid_896371,92940.0,168.0,1,44,20239,22977,23022,JobState.COMPLETED,0,176.53061224489795,176.53061224489795,7767.34693877551
jid_896171,92940.0,168.0,1,76,17336,22946,23023,JobState.COMPLETED,0,176.53061224489795,176.53061224489795,13416.326530612245
jid_896385,92940.0,168.0,1,42,20508,22980,23023,JobState.COMPLETED,0,176.53061224489795,176.53061224489795,7414.285714285714
jid_896598,92940.0,168.0,1,27,21532,22995,23023,JobState.COMPLETED,0,176.53061224489795,176.53061224489795,4766.326530612245
jid_896608,92940.0,168.0,1,26,21589,22996,23023,JobState.COMPLETED,0,176.53061224489795,176.53061224489795,4589.7959183673465
jid_896571,92940.0,168.0,1,33,21316,22991,23025,JobState.COMPLETED,0,176.53061224489795,176.53061224489795,5825.510204081633
jid_896592,92940.0,168.0,1,30,21492,22994,23025,JobState.COMPLETED,0,176.53061224489795,176.53061224489795,5295.918367346939
jid_896291,92940.0,168.0,1,66,19162,22959,23026,JobState.COMPLETED,0,176.53061224489798,176.53061224489795,11651.020408163267
jid_896378,92940.0,168.0,1,45,20441,22980,23026,JobState.COMPLETED,0,176.53061224489795,176.53061224489795,7943.877551020408
jid_896388,92940.0,168.0,1,44,20568,22981,23026,JobState.COMPLETED,0,176.53061224489795,176.53061224489795,7767.34693877551
jid_896582,92940.0,168.0,1,33,21368,22992,23026,JobState.COMPLETED,0,176.53061224489795,176.53061224489795,5825.510204081633
jid_896307,92940.0,168.0,1,65,19409,22961,23027,JobState.COMPLETED,0,176.53061224489798,176.53061224489795,11474.489795918369
jid_896313,92940.0,168.0,1,64,19491,22962,23027,JobState.COMPLETED,0,176.53061224489798,176.53061224489795,11297.95918367347
jid_896585,92940.0,168.0,1,33,21442,22993,23027,JobState.COMPLETED,0,176.53061224489795,176.53061224489795,5825.510204081633
jid_896605,92940.0,168.0,1,30,21577,22996,23027,JobState.COMPLETED,0,176.53061224489795,176.53061224489795,5295.918367346939
jid_895789,92940.0,168.0,1,152,13994,22875,23028,JobState.COMPLETED,0,176.5306122448979,176.53061224489795,26832.65306122448
jid_896601,92940.0,168.0,1,32,21540,22995,23028,JobState.COMPLETED,0,176.53061224489795,176.53061224489795,5648.9795918367345
jid_896186,92940.0,168.0,1,80,17611,22948,23029,JobState.COMPLETED,0,176.53061224489795,176.53061224489795,14122.448979591836
jid_896342,92940.0,168.0,1,63,19891,22965,23029,JobState.COMPLETED,0,176.53061224489798,176.53061224489795,11121.428571428572
jid_896393,92940.0,168.0,1,47,20631,22981,23029,JobState.COMPLETED,0,176.53061224489795,176.53061224489795,8296.938775510203
jid_896561,92940.0,168.0,1,39,21235,22989,23029,JobState.COMPLETED,0,176.53061224489795,176.53061224489795,6884.69387755102
jid_895911,92940.0,168.0,1,137,14903,22892,23030,JobState.COMPLETED,0,176.5306122448979,176.53061224489795,24184.693877551013
jid_896214,92940.0,168.0,1,80,17808,22949,23030,JobState.COMPLETED,0,176.53061224489795,176.53061224489795,14122.448979591836
jid_896207,92940.0,168.0,1,81,17709,22949,23031,JobState.COMPLETED,0,176.53061224489795,176.53061224489795,14298.979591836734
jid_896577,92940.0,168.0,1,39,21355,22992,23032,JobState.COMPLETED,0,176.53061224489795,176.53061224489795,6884.69387755102
jid_896583,92940.0,168.0,1,39,21412,22993,23033,JobState.COMPLETED,0,176.53061224489795,176.53061224489795,6884.69387755102
jid_895790,92940.0,168.0,1,156,14011,22877,23034,JobState.COMPLETED,0,176.5306122448979,176.53061224489795,27538.775510204072
jid_896278,92940.0,168.0,1,76,18973,22957,23034,JobState.COMPLETED,0,176.53061224489795,176.53061224489795,13416.326530612245
jid_896555,92940.0,168.0,1,44,21174,22989,23034,JobState.COMPLETED,0,176.53061224489795,176.53061224489795,7767.34693877551
jid_896284,92940.0,168.0,1,76,19068,22958,23035,JobState.COMPLETED,0,176.53061224489795,176.53061224489795,13416.326530612245
jid_896588,92940.0,168.0,1,40,21469,22994,23035,JobState.COMPLETED,0,176.53061224489795,176.53061224489795,7061.224489795918
jid_896599,92940.0,168.0,1,41,21527,22994,23036,JobState.COMPLETED,0,176.53061224489795,176.53061224489795,7237.755102040816
jid_896298,92940.0,168.0,1,76,19246,22961,23038,JobState.COMPLETED,0,176.53061224489795,176.53061224489795,13416.326530612245
jid_896801,92940.0,168.0,1,22,22787,23015,23038,JobState.COMPLETED,0,176.53061224489795,176.53061224489795,3883.673469387755
jid_896569,92940.0,168.0,1,47,21291,22991,23039,JobState.COMPLETED,0,176.53061224489795,176.53061224489795,8296.938775510203
jid_896334,92940.0,168.0,1,79,19782,22963,23043,JobState.COMPLETED,0,176.53061224489795,176.53061224489795,13945.918367346938
jid_896844,38997.0,145.0,8,22474,569,569,23044,JobState.COMPLETED,0,176.53061224490628,176.53061224489795,31738791.83673619
jid_896263,92940.0,168.0,1,90,18754,22953,23044,JobState.COMPLETED,0,176.53061224489792,176.53061224489795,15887.755102040814
jid_896612,92940.0,168.0,1,47,21633,22996,23044,JobState.COMPLETED,0,176.53061224489795,176.53061224489795,8296.938775510203
jid_896788,92940.0,168.0,1,27,22817,23016,23044,JobState.COMPLETED,0,176.53061224489795,176.53061224489795,4766.326530612245
jid_896827,92940.0,168.0,1,25,22862,23018,23044,JobState.COMPLETED,0,176.53061224489795,176.53061224489795,4413.265306122449
jid_896824,92940.0,168.0,1,20,22937,23023,23044,JobState.COMPLETED,0,176.53061224489795,176.53061224489795,3530.612244897959
jid_895813,92940.0,168.0,1,165,14165,22879,23045,JobState.COMPLETED,0,176.5306122448979,176.53061224489795,29127.55102040815
jid_895838,92940.0,168.0,1,163,14319,22881,23045,JobState.COMPLETED,0,176.5306122448979,176.53061224489795,28774.489795918358
jid_896792,92940.0,168.0,1,28,22817,23016,23045,JobState.COMPLETED,0,176.53061224489795,176.53061224489795,4942.857142857143
jid_896795,92940.0,168.0,1,27,22840,23017,23045,JobState.COMPLETED,0,176.53061224489795,176.53061224489795,4766.326530612245
jid_896181,92940.0,168.0,1,98,17490,22947,23046,JobState.COMPLETED,0,176.53061224489792,176.53061224489795,17299.999999999996
jid_896304,92940.0,168.0,1,84,19340,22961,23046,JobState.COMPLETED,0,176.53061224489795,176.53061224489795,14828.571428571428
jid_896646,92940.0,168.0,1,45,21936,23000,23046,JobState.COMPLETED,0,176.53061224489795,176.53061224489795,7943.877551020408
jid_896798,92940.0,168.0,1,27,22842,23018,23046,JobState.COMPLETED,0,176.53061224489795,176.53061224489795,4766.326530612245
jid_896846,36772.0,145.0,8,22477,569,569,23047,JobState.COMPLETED,0,176.53061224490628,176.53061224489795,31743028.57143007
jid_896845,65139.0,145.0,8,22470,576,576,23047,JobState.COMPLETED,0,176.53061224490628,176.53061224489795,31733142.857144352
jid_896167,92940.0,168.0,1,101,17170,22945,23047,JobState.COMPLETED,0,176.53061224489792,176.53061224489795,17829.59183673469
jid_896812,92940.0,168.0,1,24,22895,23022,23047,JobState.COMPLETED,0,176.53061224489795,176.53061224489795,4236.734693877551
jid_896270,92940.0,168.0,1,92,18862,22956,23049,JobState.COMPLETED,0,176.53061224489792,176.53061224489795,16240.816326530608
jid_896804,92940.0,168.0,1,29,22866,23019,23049,JobState.COMPLETED,0,176.53061224489795,176.53061224489795,5119.3877551020405
jid_896611,92940.0,168.0,1,53,21624,22996,23050,JobState.COMPLETED,0,176.53061224489795,176.53061224489795,9356.122448979591
jid_896652,92940.0,168.0,1,47,22002,23002,23050,JobState.COMPLETED,0,176.53061224489795,176.53061224489795,8296.938775510203
jid_896810,92940.0,168.0,1,28,22887,23021,23050,JobState.COMPLETED,0,176.53061224489795,176.53061224489795,4942.857142857143
jid_896825,92940.0,168.0,1,24,22938,23025,23050,JobState.COMPLETED,0,176.53061224489795,176.53061224489795,4236.734693877551
jid_896635,92940.0,168.0,1,51,21865,22999,23051,JobState.COMPLETED,0,176.53061224489795,176.53061224489795,9003.061224489795
jid_896661,92940.0,168.0,1,47,22071,23003,23051,JobState.COMPLETED,0,176.53061224489795,176.53061224489795,8296.938775510203
jid_896803,92940.0,168.0,1,32,22859,23018,23051,JobState.COMPLETED,0,176.53061224489795,176.53061224489795,5648.9795918367345
jid_896311,92940.0,168.0,1,90,19441,22961,23052,JobState.COMPLETED,0,176.53061224489792,176.53061224489795,15887.755102040814
jid_896698,92940.0,168.0,1,44,22312,23007,23052,JobState.COMPLETED,0,176.53061224489795,176.53061224489795,7767.34693877551
jid_896815,92940.0,168.0,1,30,22904,23022,23053,JobState.COMPLETED,0,176.53061224489795,176.53061224489795,5295.918367346939
jid_896786,92940.0,168.0,1,37,22803,23016,23054,JobState.COMPLETED,0,176.53061224489795,176.53061224489795,6531.632653061224
jid_896834,92940.0,168.0,1,26,22985,23027,23054,JobState.COMPLETED,0,176.53061224489795,176.53061224489795,4589.7959183673465
jid_896226,92940.0,168.0,1,104,18189,22950,23055,JobState.COMPLETED,0,176.53061224489792,176.53061224489795,18359.183673469382
jid_896676,92940.0,168.0,1,50,22141,23004,23055,JobState.COMPLETED,0,176.53061224489795,176.53061224489795,8826.530612244898
jid_896828,92940.0,168.0,1,28,22952,23026,23055,JobState.COMPLETED,0,176.53061224489795,176.53061224489795,4942.857142857143
jid_896629,92940.0,168.0,1,56,21786,22999,23056,JobState.COMPLETED,0,176.53061224489795,176.53061224489795,9885.714285714286
jid_896819,92940.0,168.0,1,32,22912,23023,23056,JobState.COMPLETED,0,176.53061224489795,176.53061224489795,5648.9795918367345
jid_896833,92940.0,168.0,1,28,22980,23027,23056,JobState.COMPLETED,0,176.53061224489795,176.53061224489795,4942.857142857143
jid_896843,92940.0,168.0,1,28,22980,23027,23056,JobState.COMPLETED,0,176.53061224489795,176.53061224489795,4942.857142857143
jid_895931,92940.0,168.0,1,162,15037,22894,23057,JobState.COMPLETED,0,176.5306122448979,176.53061224489795,28597.959183673458
jid_895949,92940.0,168.0,1,161,15128,22895,23057,JobState.COMPLETED,0,176.5306122448979,176.53061224489795,28421.42857142856
jid_896818,92940.0,168.0,1,33,22912,23023,23057,JobState.COMPLETED,0,176.53061224489795,176.53061224489795,5825.510204081633
jid_896838,92940.0,168.0,1,28,22997,23028,23057,JobState.COMPLETED,0,176.53061224489795,176.53061224489795,4942.857142857143
jid_896607,92940.0,168.0,1,62,21551,22995,23058,JobState.COMPLETED,0,176.53061224489798,176.53061224489795,10944.897959183674
jid_896849,92940.0,168.0,1,28,23029,23029,23058,JobState.COMPLETED,0,176.53061224489795,176.53061224489795,4942.857142857143
jid_896630,92940.0,168.0,1,59,21786,22999,23059,JobState.COMPLETED,0,176.53061224489795,176.53061224489795,10415.30612244898
jid_896782,92940.0,168.0,1,45,22627,23013,23059,JobState.COMPLETED,0,176.53061224489795,176.53061224489795,7943.877551020408
jid_896649,92940.0,168.0,1,59,21945,23001,23061,JobState.COMPLETED,0,176.53061224489795,176.53061224489795,10415.30612244898
jid_896679,92940.0,168.0,1,56,22165,23004,23061,JobState.COMPLETED,0,176.53061224489795,176.53061224489795,9885.714285714286
jid_896725,92940.0,168.0,1,51,22399,23009,23061,JobState.COMPLETED,0,176.53061224489795,176.53061224489795,9003.061224489795
jid_896783,92940.0,168.0,1,47,22697,23013,23061,JobState.COMPLETED,0,176.53061224489795,176.53061224489795,8296.938775510203
jid_896773,92940.0,168.0,1,46,22736,23014,23061,JobState.COMPLETED,0,176.53061224489795,176.53061224489795,8120.408163265306
jid_896850,92940.0,168.0,1,31,23029,23029,23061,JobState.COMPLETED,0,176.53061224489795,176.53061224489795,5472.448979591836
jid_896655,92940.0,168.0,1,59,22023,23002,23062,JobState.COMPLETED,0,176.53061224489795,176.53061224489795,10415.30612244898
jid_896672,92940.0,168.0,1,58,22101,23003,23062,JobState.COMPLETED,0,176.53061224489795,176.53061224489795,10238.775510204081
jid_896848,92940.0,168.0,1,25,23037,23037,23063,JobState.COMPLETED,0,176.53061224489795,176.53061224489795,4413.265306122449
jid_896638,92940.0,168.0,1,64,21862,22999,23064,JobState.COMPLETED,0,176.53061224489798,176.53061224489795,11297.95918367347
jid_896667,92940.0,168.0,1,60,22088,23003,23064,JobState.COMPLETED,0,176.53061224489798,176.53061224489795,10591.83673469388
jid_896724,92940.0,168.0,1,53,22470,23010,23064,JobState.COMPLETED,0,176.53061224489795,176.53061224489795,9356.122448979591
jid_896656,92940.0,168.0,1,62,22023,23002,23065,JobState.COMPLETED,0,176.53061224489798,176.53061224489795,10944.897959183674
jid_896712,92940.0,168.0,1,55,22386,23009,23065,JobState.COMPLETED,0,176.53061224489795,176.53061224489795,9709.183673469388
jid_896106,92940.0,168.0,1,129,16311,22936,23066,JobState.COMPLETED,0,176.5306122448979,176.53061224489795,22772.448979591827
jid_896696,92940.0,168.0,1,59,22219,23006,23066,JobState.COMPLETED,0,176.53061224489795,176.53061224489795,10415.30612244898
jid_896691,92940.0,168.0,1,58,22253,23007,23066,JobState.COMPLETED,0,176.53061224489795,176.53061224489795,10238.775510204081
jid_896692,92940.0,168.0,1,58,22254,23007,23066,JobState.COMPLETED,0,176.53061224489795,176.53061224489795,10238.775510204081
jid_896705,92940.0,168.0,1,57,22334,23008,23066,JobState.COMPLETED,0,176.53061224489795,176.53061224489795,10062.244897959183
jid_896624,92940.0,168.0,1,70,21698,22996,23067,JobState.COMPLETED,0,176.53061224489795,176.53061224489795,12357.142857142857
jid_896704,92940.0,168.0,1,58,22334,23008,23067,JobState.COMPLETED,0,176.53061224489795,176.53061224489795,10238.775510204081
jid_896736,92940.0,168.0,1,54,22547,23012,23067,JobState.COMPLETED,0,176.53061224489795,176.53061224489795,9532.65306122449
jid_896703,92940.0,168.0,1,59,22321,23008,23068,JobState.COMPLETED,0,176.53061224489795,176.53061224489795,10415.30612244898
jid_896729,92940.0,168.0,1,56,22495,23011,23068,JobState.COMPLETED,0,176.53061224489795,176.53061224489795,9885.714285714286
jid_896730,92940.0,168.0,1,56,22495,23011,23068,JobState.COMPLETED,0,176.53061224489795,176.53061224489795,9885.714285714286
jid_896625,92940.0,168.0,1,72,21698,22996,23069,JobState.COMPLETED,0,176.53061224489795,176.53061224489795,12710.204081632652
jid_896687,92940.0,168.0,1,62,22220,23006,23069,JobState.COMPLETED,0,176.53061224489798,176.53061224489795,10944.897959183674
jid_896690,92940.0,168.0,1,61,22241,23007,23069,JobState.COMPLETED,0,176.53061224489798,176.53061224489795,10768.367346938778
jid_896742,92940.0,168.0,1,56,22574,23012,23069,JobState.COMPLETED,0,176.53061224489795,176.53061224489795,9885.714285714286
jid_896726,92940.0,168.0,1,58,22484,23011,23070,JobState.COMPLETED,0,176.53061224489795,176.53061224489795,10238.775510204081
jid_896757,92940.0,168.0,1,56,22655,23013,23070,JobState.COMPLETED,0,176.53061224489795,176.53061224489795,9885.714285714286
jid_896718,92940.0,168.0,1,60,22414,23010,23071,JobState.COMPLETED,0,176.53061224489798,176.53061224489795,10591.83673469388
jid_896737,92940.0,168.0,1,58,22545,23012,23071,JobState.COMPLETED,0,176.53061224489795,176.53061224489795,10238.775510204081
jid_896717,92940.0,168.0,1,61,22413,23010,23072,JobState.COMPLETED,0,176.53061224489798,176.53061224489795,10768.367346938778
jid_896745,92940.0,168.0,1,59,22574,23012,23072,JobState.COMPLETED,0,176.53061224489795,176.53061224489795,10415.30612244898
jid_896751,92940.0,168.0,1,58,22621,23013,23072,JobState.COMPLETED,0,176.53061224489795,176.53061224489795,10238.775510204081
jid_896755,92940.0,168.0,1,58,22655,23013,23072,JobState.COMPLETED,0,176.53061224489795,176.53061224489795,10238.775510204081
jid_896776,92940.0,168.0,1,56,22737,23015,23072,JobState.COMPLETED,0,176.53061224489795,176.53061224489795,9885.714285714286
jid_896774,92940.0,168.0,1,56,22738,23015,23072,JobState.COMPLETED,0,176.53061224489795,176.53061224489795,9885.714285714286
jid_896770,92940.0,168.0,1,58,22709,23014,23073,JobState.COMPLETED,0,176.53061224489795,176.53061224489795,10238.775510204081
jid_896835,92940.0,168.0,1,46,22970,23026,23073,JobState.COMPLETED,0,176.53061224489795,176.53061224489795,8120.408163265306
jid_896852,92940.0,168.0,1,28,23044,23044,23073,JobState.COMPLETED,0,176.53061224489795,176.53061224489795,4942.857142857143
jid_896628,92940.0,168.0,1,75,21767,22998,23074,JobState.COMPLETED,0,176.53061224489795,176.53061224489795,13239.795918367347
jid_896578,92940.0,168.0,1,82,21327,22992,23075,JobState.COMPLETED,0,176.53061224489795,176.53061224489795,14475.510204081633
jid_896120,92940.0,168.0,1,135,16426,22940,23076,JobState.COMPLETED,0,176.5306122448979,176.53061224489795,23831.632653061217
jid_896851,92940.0,168.0,1,49,22969,23026,23076,JobState.COMPLETED,0,176.53061224489795,176.53061224489795,8650.0
jid_896404,92940.0,168.0,1,93,20696,22983,23077,JobState.COMPLETED,0,176.53061224489792,176.53061224489795,16417.346938775507
jid_896622,92940.0,168.0,1,81,21584,22996,23078,JobState.COMPLETED,0,176.53061224489795,176.53061224489795,14298.979591836734
jid_896642,92940.0,168.0,1,78,21863,22999,23078,JobState.COMPLETED,0,176.53061224489795,176.53061224489795,13769.38775510204
jid_896151,92940.0,168.0,1,135,16849,22943,23079,JobState.COMPLETED,0,176.5306122448979,176.53061224489795,23831.632653061217
jid_896232,92940.0,168.0,1,128,18294,22951,23080,JobState.COMPLETED,0,176.5306122448979,176.53061224489795,22595.91836734693
jid_896853,38536.0,145.0,8,22518,567,567,23086,JobState.COMPLETED,0,176.5306122449063,176.53061224489795,31800930.6122464
jid_896576,92940.0,168.0,1,96,21219,22989,23086,JobState.COMPLETED,0,176.53061224489792,176.53061224489795,16946.9387755102
jid_896877,92940.0,168.0,1,24,23061,23061,23086,JobState.COMPLETED,0,176.53061224489795,176.53061224489795,4236.734693877551
jid_896243,92940.0,168.0,1,135,18441,22951,23087,JobState.COMPLETED,0,176.5306122448979,176.53061224489795,23831.632653061217
jid_896184,92940.0,168.0,1,140,17482,22947,23088,JobState.COMPLETED,0,176.5306122448979,176.53061224489795,24714.285714285706
jid_896568,92940.0,168.0,1,98,21209,22989,23088,JobState.COMPLETED,0,176.53061224489792,176.53061224489795,17299.999999999996
jid_896549,92940.0,168.0,1,101,21088,22988,23090,JobState.COMPLETED,0,176.53061224489792,176.53061224489795,17829.59183673469
jid_896400,92940.0,168.0,1,109,20639,22982,23092,JobState.COMPLETED,0,176.53061224489792,176.53061224489795,19241.836734693872
jid_896878,38531.0,145.0,8,22525,567,567,23093,JobState.COMPLETED,0,176.5306122449063,176.53061224489795,31810816.326532118
jid_895598,63299.0,570.0,1,637,12834,22456,23094,JobState.COMPLETED,0,176.53061224489812,176.53061224489795,112450.0000000001
jid_896286,92940.0,168.0,1,136,19029,22957,23094,JobState.COMPLETED,0,176.5306122448979,176.53061224489795,24008.163265306113
jid_896145,92940.0,168.0,1,151,16676,22943,23095,JobState.COMPLETED,0,176.5306122448979,176.53061224489795,26656.122448979582
jid_896161,92940.0,168.0,1,150,17002,22944,23095,JobState.COMPLETED,0,176.5306122448979,176.53061224489795,26479.591836734686
jid_896275,92940.0,168.0,1,138,18874,22956,23095,JobState.COMPLETED,0,176.5306122448979,176.53061224489795,24361.22448979591
jid_896529,92940.0,168.0,1,110,20917,22984,23095,JobState.COMPLETED,0,176.53061224489792,176.53061224489795,19418.367346938772
jid_896648,92940.0,168.0,1,95,21910,22999,23095,JobState.COMPLETED,0,176.53061224489792,176.53061224489795,16770.408163265303
jid_896253,92940.0,168.0,1,143,18594,22952,23096,JobState.COMPLETED,0,176.5306122448979,176.53061224489795,25243.8775510204
jid_896591,92940.0,168.0,1,103,21409,22992,23096,JobState.COMPLETED,0,176.53061224489792,176.53061224489795,18182.653061224486
jid_896595,92940.0,168.0,1,103,21429,22993,23097,JobState.COMPLETED,0,176.53061224489792,176.53061224489795,18182.653061224486
jid_896206,92940.0,168.0,1,149,17639,22949,23099,JobState.COMPLETED,0,176.5306122448979,176.53061224489795,26303.061224489786
jid_896854,65113.0,145.0,8,22526,573,573,23100,JobState.COMPLETED,0,176.5306122449063,176.53061224489795,31812228.571430076
jid_896299,92940.0,168.0,1,140,19183,22960,23101,JobState.COMPLETED,0,176.5306122448979,176.53061224489795,24714.285714285706
jid_896678,92940.0,168.0,1,96,22104,23004,23101,JobState.COMPLETED,0,176.53061224489792,176.53061224489795,16946.9387755102
jid_896133,92940.0,168.0,1,160,16497,22941,23102,JobState.COMPLETED,0,176.5306122448979,176.53061224489795,28244.89795918366
jid_896183,92940.0,168.0,1,155,17460,22947,23103,JobState.COMPLETED,0,176.5306122448979,176.53061224489795,27362.244897959175
jid_895598,63299.0,570.0,1,647,12834,22457,23105,JobState.COMPLETED,0,176.53061224489812,176.53061224489795,114215.30612244908
jid_896716,92940.0,168.0,1,96,22366,23008,23105,JobState.COMPLETED,0,176.53061224489792,176.53061224489795,16946.9387755102
jid_896618,92940.0,168.0,1,109,21631,22996,23106,JobState.COMPLETED,0,176.53061224489792,176.53061224489795,19241.836734693872
jid_896217,92940.0,168.0,1,157,17807,22949,23107,JobState.COMPLETED,0,176.5306122448979,176.53061224489795,27715.30612244897
jid_896250,92940.0,168.0,1,154,18525,22952,23107,JobState.COMPLETED,0,176.5306122448979,176.53061224489795,27185.714285714275
jid_896861,92940.0,168.0,1,24,23082,23082,23107,JobState.COMPLETED,0,176.53061224489795,176.53061224489795,4236.734693877551
jid_896857,65116.0,145.0,8,22535,573,573,23109,JobState.COMPLETED,0,176.5306122449063,176.53061224489795,31824938.775511708
jid_896653,92940.0,168.0,1,108,21959,23001,23110,JobState.COMPLETED,0,176.53061224489792,176.53061224489795,19065.306122448976
jid_896860,92940.0,168.0,1,27,23082,23082,23110,JobState.COMPLETED,0,176.53061224489795,176.53061224489795,4766.326530612245
jid_896238,92940.0,168.0,1,159,18348,22951,23111,JobState.COMPLETED,0,176.5306122448979,176.53061224489795,28068.367346938765
jid_896863,92940.0,168.0,1,28,23082,23082,23111,JobState.COMPLETED,0,176.53061224489795,176.53061224489795,4942.857142857143
jid_896265,92940.0,168.0,1,158,18699,22953,23112,JobState.COMPLETED,0,176.5306122448979,176.53061224489795,27891.83673469387
jid_896864,92940.0,168.0,1,29,23082,23082,23112,JobState.COMPLETED,0,176.53061224489795,176.53061224489795,5119.3877551020405
jid_896218,92940.0,168.0,1,165,17842,22949,23115,JobState.COMPLETED,0,176.5306122448979,176.53061224489795,29127.55102040815
jid_895692,69789.0,727.0,1,270,13374,22846,23117,JobState.COMPLETED,0,176.53061224489792,176.53061224489795,47663.26530612244
jid_896865,65136.0,145.0,8,22544,574,574,23119,JobState.COMPLETED,0,176.5306122449063,176.53061224489795,31837648.979593344
jid_896866,92940.0,168.0,1,26,23092,23092,23119,JobState.COMPLETED,0,176.53061224489795,176.53061224489795,4589.7959183673465
jid_896841,92940.0,168.0,1,98,22933,23023,23122,JobState.COMPLETED,0,176.53061224489792,176.53061224489795,17299.999999999996
jid_896659,92940.0,168.0,1,124,21888,22999,23124,JobState.COMPLETED,0,176.5306122448979,176.53061224489795,21889.795918367337
jid_896657,92940.0,168.0,1,124,21961,23001,23126,JobState.COMPLETED,0,176.5306122448979,176.53061224489795,21889.795918367337
jid_896633,92940.0,168.0,1,129,21759,22997,23127,JobState.COMPLETED,0,176.5306122448979,176.53061224489795,22772.448979591827
jid_896681,92940.0,168.0,1,122,22109,23004,23127,JobState.COMPLETED,0,176.5306122448979,176.53061224489795,21536.734693877544
jid_896408,92940.0,168.0,1,144,20708,22983,23128,JobState.COMPLETED,0,176.5306122448979,176.53061224489795,25420.408163265296
jid_896682,92940.0,168.0,1,125,22106,23004,23130,JobState.COMPLETED,0,176.5306122448979,176.53061224489795,22066.326530612238
jid_896722,92940.0,168.0,1,120,22377,23009,23130,JobState.COMPLETED,0,176.5306122448979,176.53061224489795,21183.673469387748
jid_896177,92940.0,168.0,1,184,17289,22946,23131,JobState.COMPLETED,0,176.5306122448979,176.53061224489795,32481.632653061213
jid_896895,92940.0,168.0,1,95,23038,23038,23134,JobState.COMPLETED,0,176.53061224489792,176.53061224489795,16770.408163265303
jid_896900,92940.0,168.0,1,107,22977,23027,23135,JobState.COMPLETED,0,176.53061224489792,176.53061224489795,18888.77551020408
jid_896867,39001.0,145.0,8,22566,570,570,23137,JobState.COMPLETED,0,176.5306122449063,176.53061224489795,31868718.367348447
jid_896152,92940.0,168.0,1,194,16798,22943,23138,JobState.COMPLETED,0,176.5306122448979,176.53061224489795,34246.93877551019
jid_896209,92940.0,168.0,1,189,17634,22948,23138,JobState.COMPLETED,0,176.5306122448979,176.53061224489795,33364.2857142857
jid_896521,92940.0,168.0,1,154,20870,22984,23139,JobState.COMPLETED,0,176.5306122448979,176.53061224489795,27185.714285714275
jid_896758,92940.0,168.0,1,126,22518,23012,23139,JobState.COMPLETED,0,176.5306122448979,176.53061224489795,22242.857142857134
jid_896868,65137.0,145.0,8,22563,576,576,23140,JobState.COMPLETED,0,176.5306122449063,176.53061224489795,31864481.63265457
jid_896164,92940.0,168.0,1,195,17010,22944,23140,JobState.COMPLETED,0,176.5306122448979,176.53061224489795,34423.46938775509
jid_896221,92940.0,168.0,1,189,17983,22950,23140,JobState.COMPLETED,0,176.5306122448979,176.53061224489795,33364.2857142857
jid_896142,92940.0,168.0,1,198,16579,22942,23141,JobState.COMPLETED,0,176.5306122448979,176.53061224489795,34953.061224489786
jid_896395,92940.0,168.0,1,160,20531,22981,23142,JobState.COMPLETED,0,176.5306122448979,176.53061224489795,28244.89795918366
jid_896584,92940.0,168.0,1,150,21319,22991,23142,JobState.COMPLETED,0,176.5306122448979,176.53061224489795,26479.591836734686
jid_896559,92940.0,168.0,1,157,20951,22985,23143,JobState.COMPLETED,0,176.5306122448979,176.53061224489795,27715.30612244897
jid_896594,92940.0,168.0,1,150,21379,22992,23143,JobState.COMPLETED,0,176.5306122448979,176.53061224489795,26479.591836734686
jid_896870,92940.0,168.0,1,103,23039,23039,23143,JobState.COMPLETED,0,176.53061224489792,176.53061224489795,18182.653061224486
jid_896753,92940.0,168.0,1,132,22559,23012,23145,JobState.COMPLETED,0,176.5306122448979,176.53061224489795,23302.040816326524
jid_896550,92940.0,168.0,1,161,21040,22986,23148,JobState.COMPLETED,0,176.5306122448979,176.53061224489795,28421.42857142856
jid_896552,92940.0,168.0,1,161,21049,22986,23148,JobState.COMPLETED,0,176.5306122448979,176.53061224489795,28421.42857142856
jid_896165,92940.0,168.0,1,203,17021,22945,23149,JobState.COMPLETED,0,176.5306122448979,176.53061224489795,35835.714285714275
jid_896416,92940.0,168.0,1,164,20770,22984,23149,JobState.COMPLETED,0,176.5306122448979,176.53061224489795,28951.020408163255
jid_896556,92940.0,168.0,1,163,21062,22987,23151,JobState.COMPLETED,0,176.5306122448979,176.53061224489795,28774.489795918358
jid_896613,92940.0,168.0,1,155,21531,22995,23151,JobState.COMPLETED,0,176.5306122448979,176.53061224489795,27362.244897959175
jid_896623,92940.0,168.0,1,154,21610,22996,23151,JobState.COMPLETED,0,176.5306122448979,176.53061224489795,27185.714285714275
jid_896567,92940.0,168.0,1,163,21139,22988,23152,JobState.COMPLETED,0,176.5306122448979,176.53061224489795,28774.489795918358
jid_896381,92940.0,168.0,1,173,20340,22979,23153,JobState.COMPLETED,0,176.5306122448979,176.53061224489795,30539.795918367337
jid_896574,92940.0,168.0,1,163,21227,22989,23153,JobState.COMPLETED,0,176.5306122448979,176.53061224489795,28774.489795918358
jid_896872,92940.0,168.0,1,100,23052,23052,23153,JobState.COMPLETED,0,176.53061224489792,176.53061224489795,17653.061224489793
jid_896874,92940.0,168.0,1,24,23128,23128,23153,JobState.COMPLETED,0,176.53061224489795,176.53061224489795,4236.734693877551
jid_896153,92940.0,168.0,1,210,16792,22943,23154,JobState.COMPLETED,0,176.53061224489787,176.53061224489795,37071.42857142855
jid_896590,92940.0,168.0,1,163,21278,22990,23154,JobState.COMPLETED,0,176.5306122448979,176.53061224489795,28774.489795918358
jid_896603,92940.0,168.0,1,160,21430,22993,23154,JobState.COMPLETED,0,176.5306122448979,176.53061224489795,28244.89795918366
jid_896610,92940.0,168.0,1,159,21486,22994,23154,JobState.COMPLETED,0,176.5306122448979,176.53061224489795,28068.367346938765
jid_896572,92940.0,168.0,1,166,21124,22988,23155,JobState.COMPLETED,0,176.5306122448979,176.53061224489795,29304.08163265305
jid_896615,92940.0,168.0,1,159,21547,22995,23155,JobState.COMPLETED,0,176.5306122448979,176.53061224489795,28068.367346938765
jid_896873,92940.0,168.0,1,26,23128,23128,23155,JobState.COMPLETED,0,176.53061224489795,176.53061224489795,4589.7959183673465
jid_896141,92940.0,168.0,1,213,16561,22942,23156,JobState.COMPLETED,0,176.53061224489787,176.53061224489795,37601.02040816325
jid_896621,92940.0,168.0,1,159,21586,22996,23156,JobState.COMPLETED,0,176.5306122448979,176.53061224489795,28068.367346938765
jid_896880,92940.0,168.0,1,24,23131,23131,23156,JobState.COMPLETED,0,176.53061224489795,176.53061224489795,4236.734693877551
jid_896367,92940.0,168.0,1,181,20142,22975,23157,JobState.COMPLETED,0,176.5306122448979,176.53061224489795,31952.04081632652
jid_896600,92940.0,168.0,1,164,21406,22992,23157,JobState.COMPLETED,0,176.5306122448979,176.53061224489795,28951.020408163255
jid_896579,92940.0,168.0,1,168,21243,22990,23159,JobState.COMPLETED,0,176.5306122448979,176.53061224489795,29657.142857142848
jid_896836,92940.0,168.0,1,138,22879,23020,23159,JobState.COMPLETED,0,176.5306122448979,176.53061224489795,24361.22448979591
jid_896876,92940.0,168.0,1,27,23132,23132,23160,JobState.COMPLETED,0,176.53061224489795,176.53061224489795,4766.326530612245
jid_896666,92940.0,168.0,1,158,21989,23002,23161,JobState.COMPLETED,0,176.5306122448979,176.53061224489795,27891.83673469387
jid_896354,92940.0,168.0,1,196,19929,22966,23163,JobState.COMPLETED,0,176.5306122448979,176.53061224489795,34599.999999999985
jid_896541,92940.0,168.0,1,179,20928,22984,23164,JobState.COMPLETED,0,176.5306122448979,176.53061224489795,31598.979591836724
jid_896414,92940.0,168.0,1,181,20736,22983,23165,JobState.COMPLETED,0,176.5306122448979,176.53061224489795,31952.04081632652
jid_896614,92940.0,168.0,1,170,21527,22994,23165,JobState.COMPLETED,0,176.5306122448979,176.53061224489795,30010.20408163264
jid_896727,92940.0,168.0,1,155,22387,23009,23165,JobState.COMPLETED,0,176.5306122448979,176.53061224489795,27362.244897959175
jid_896882,92940.0,168.0,1,28,23137,23137,23166,JobState.COMPLETED,0,176.53061224489795,176.53061224489795,4942.857142857143
jid_896413,92940.0,168.0,1,183,20724,22983,23167,JobState.COMPLETED,0,176.5306122448979,176.53061224489795,32305.102040816313
jid_896756,92940.0,168.0,1,154,22562,23012,23167,JobState.COMPLETED,0,176.5306122448979,176.53061224489795,27185.714285714275
jid_895598,63299.0,570.0,1,710,12834,22457,23168,JobState.COMPLETED,0,176.53061224489815,176.53061224489795,125336.73469387769
jid_896174,92940.0,168.0,1,221,17223,22946,23168,JobState.COMPLETED,0,176.53061224489787,176.53061224489795,39013.26530612243
jid_896398,92940.0,168.0,1,186,20533,22981,23168,JobState.COMPLETED,0,176.5306122448979,176.53061224489795,32834.693877551006
jid_896544,92940.0,168.0,1,182,20939,22985,23168,JobState.COMPLETED,0,176.5306122448979,176.53061224489795,32128.571428571417
jid_896750,92940.0,168.0,1,156,22517,23011,23168,JobState.COMPLETED,0,176.5306122448979,176.53061224489795,27538.775510204072
jid_896761,92940.0,168.0,1,154,22578,23013,23168,JobState.COMPLETED,0,176.5306122448979,176.53061224489795,27185.714285714275
jid_896396,92940.0,168.0,1,188,20518,22980,23169,JobState.COMPLETED,0,176.5306122448979,176.53061224489795,33187.75510204081
jid_896175,92940.0,168.0,1,223,17242,22946,23170,JobState.COMPLETED,0,176.53061224489787,176.53061224489795,39366.32653061223
jid_896881,92940.0,168.0,1,144,22937,23025,23170,JobState.COMPLETED,0,176.5306122448979,176.53061224489795,25420.408163265296
jid_895598,63299.0,570.0,1,714,12834,22459,23174,JobState.COMPLETED,0,176.53061224489815,176.53061224489795,126042.85714285728
jid_896837,92940.0,168.0,1,155,22862,23018,23174,JobState.COMPLETED,0,176.5306122448979,176.53061224489795,27362.244897959175
jid_896670,92940.0,168.0,1,172,21982,23002,23175,JobState.COMPLETED,0,176.5306122448979,176.53061224489795,30363.265306122437
jid_896644,92940.0,168.0,1,178,21785,22998,23177,JobState.COMPLETED,0,176.5306122448979,176.53061224489795,31422.448979591827
jid_896660,92940.0,168.0,1,176,21919,23000,23177,JobState.COMPLETED,0,176.5306122448979,176.53061224489795,31069.38775510203
jid_896602,92940.0,168.0,1,187,21316,22991,23179,JobState.COMPLETED,0,176.5306122448979,176.53061224489795,33011.22448979591
jid_896794,92940.0,168.0,1,166,22695,23013,23180,JobState.COMPLETED,0,176.5306122448979,176.53061224489795,29304.08163265305
jid_896811,92940.0,168.0,1,165,22754,23015,23181,JobState.COMPLETED,0,176.5306122448979,176.53061224489795,29127.55102040815
jid_896688,92940.0,168.0,1,177,22114,23004,23182,JobState.COMPLETED,0,176.5306122448979,176.53061224489795,31245.918367346927
jid_896223,92940.0,168.0,1,233,17908,22950,23184,JobState.COMPLETED,0,176.53061224489787,176.53061224489795,41131.632653061206
jid_896715,92940.0,168.0,1,177,22271,23007,23185,JobState.COMPLETED,0,176.5306122448979,176.53061224489795,31245.918367346927
jid_896620,92940.0,168.0,1,189,21559,22996,23186,JobState.COMPLETED,0,176.5306122448979,176.53061224489795,33364.2857142857
jid_896697,92940.0,168.0,1,181,22174,23005,23187,JobState.COMPLETED,0,176.5306122448979,176.53061224489795,31952.04081632652
jid_896695,92940.0,168.0,1,182,22165,23005,23188,JobState.COMPLETED,0,176.5306122448979,176.53061224489795,32128.571428571417
jid_896746,92940.0,168.0,1,178,22461,23010,23189,JobState.COMPLETED,0,176.5306122448979,176.53061224489795,31422.448979591827
jid_896626,92940.0,168.0,1,193,21596,22996,23190,JobState.COMPLETED,0,176.5306122448979,176.53061224489795,34070.408163265296
jid_896634,92940.0,168.0,1,193,21706,22997,23191,JobState.COMPLETED,0,176.5306122448979,176.53061224489795,34070.408163265296
jid_896747,92940.0,168.0,1,180,22467,23010,23191,JobState.COMPLETED,0,176.5306122448979,176.53061224489795,31775.51020408162
jid_896822,92940.0,168.0,1,177,22664,23013,23191,JobState.COMPLETED,0,176.5306122448979,176.53061224489795,31245.918367346927
jid_894906,1444.0,710.0,12,531,7413,22660,23192,JobState.COMPLETED,0,120.5873786093244,120.58737860932438,768382.776498615
jid_896809,92940.0,168.0,1,177,22736,23014,23192,JobState.COMPLETED,0,176.5306122448979,176.53061224489795,31245.918367346927
jid_896699,92940.0,168.0,1,187,22174,23005,23193,JobState.COMPLETED,0,176.5306122448979,176.53061224489795,33011.22448979591
jid_896721,92940.0,168.0,1,186,22309,23007,23194,JobState.COMPLETED,0,176.5306122448979,176.53061224489795,32834.693877551006
jid_896787,92940.0,168.0,1,183,22656,23013,23197,JobState.COMPLETED,0,176.5306122448979,176.53061224489795,32305.102040816313
jid_896225,92940.0,168.0,1,247,18029,22950,23198,JobState.COMPLETED,0,176.5306122448979,176.53061224489795,43603.06122448978
jid_896732,92940.0,168.0,1,190,22366,23008,23199,JobState.COMPLETED,0,176.5306122448979,176.53061224489795,33540.8163265306
jid_896869,92940.0,168.0,1,173,22961,23026,23200,JobState.COMPLETED,0,176.5306122448979,176.53061224489795,30539.795918367337
jid_896631,92940.0,168.0,1,204,21662,22996,23201,JobState.COMPLETED,0,176.5306122448979,176.53061224489795,36012.24489795917
jid_896887,92940.0,168.0,1,25,23175,23175,23201,JobState.COMPLETED,0,176.53061224489795,176.53061224489795,4413.265306122449
jid_896889,92940.0,168.0,1,24,23176,23176,23201,JobState.COMPLETED,0,176.53061224489795,176.53061224489795,4236.734693877551
jid_894966,93483.0,322.0,2,696,7903,22506,23203,JobState.COMPLETED,0,176.53061224489815,176.53061224489795,245730.61224489822
jid_896645,92940.0,168.0,1,204,21767,22998,23203,JobState.COMPLETED,0,176.5306122448979,176.53061224489795,36012.24489795917
jid_896713,92940.0,168.0,1,195,22247,23007,23203,JobState.COMPLETED,0,176.5306122448979,176.53061224489795,34423.46938775509
jid_896683,92940.0,168.0,1,200,22053,23003,23204,JobState.COMPLETED,0,176.5306122448979,176.53061224489795,35306.12244897958
jid_896888,92940.0,168.0,1,33,23170,23170,23204,JobState.COMPLETED,0,176.53061224489795,176.53061224489795,5825.510204081633
jid_896890,92940.0,168.0,1,22,23181,23181,23204,JobState.COMPLETED,0,176.53061224489795,176.53061224489795,3883.673469387755
jid_896669,92940.0,168.0,1,204,21950,23001,23206,JobState.COMPLETED,0,176.5306122448979,176.53061224489795,36012.24489795917
jid_896892,92940.0,168.0,1,24,23181,23181,23206,JobState.COMPLETED,0,176.53061224489795,176.53061224489795,4236.734693877551
jid_896641,92940.0,168.0,1,210,21728,22997,23208,JobState.COMPLETED,0,176.53061224489787,176.53061224489795,37071.42857142855
jid_896893,92940.0,168.0,1,23,23185,23185,23209,JobState.COMPLETED,0,176.53061224489795,176.53061224489795,4060.204081632653
jid_896894,92940.0,168.0,1,28,23181,23181,23210,JobState.COMPLETED,0,176.53061224489795,176.53061224489795,4942.857142857143
jid_896640,92940.0,168.0,1,214,21717,22997,23212,JobState.COMPLETED,0,176.53061224489787,176.53061224489795,37777.551020408144
jid_896891,330.0,145.0,8,22648,566,566,23215,JobState.COMPLETED,0,176.53061224490634,176.53061224489795,31984522.44898111
jid_896817,92940.0,168.0,1,201,22743,23015,23217,JobState.COMPLETED,0,176.5306122448979,176.53061224489795,35482.653061224475
jid_896759,92940.0,168.0,1,208,22512,23011,23220,JobState.COMPLETED,0,176.5306122448979,176.53061224489795,36718.367346938765
jid_896680,92940.0,168.0,1,218,22011,23002,23221,JobState.COMPLETED,0,176.53061224489787,176.53061224489795,38483.67346938774
jid_896647,92940.0,168.0,1,224,21766,22998,23223,JobState.COMPLETED,0,176.53061224489787,176.53061224489795,39542.85714285712
jid_896896,65150.0,145.0,8,22652,572,572,23225,JobState.COMPLETED,0,176.53061224490634,176.53061224489795,31990171.428572945
jid_896651,92940.0,168.0,1,227,21809,22999,23227,JobState.COMPLETED,0,176.53061224489787,176.53061224489795,40072.44897959181
jid_896898,36779.0,145.0,8,22658,569,569,23228,JobState.COMPLETED,0,176.53061224490634,176.53061224489795,31998644.897960704
jid_895598,63299.0,570.0,1,788,12834,22456,23245,JobState.COMPLETED,0,176.53061224489815,176.53061224489795,139106.12244897973
jid_896909,92940.0,168.0,1,24,23222,23222,23247,JobState.COMPLETED,0,176.53061224489795,176.53061224489795,4236.734693877551
jid_896902,65159.0,145.0,8,22678,571,571,23250,JobState.COMPLETED,0,176.53061224490634,176.53061224489795,32026889.795919888
jid_896905,64936.0,145.0,8,22686,567,567,23254,JobState.COMPLETED,0,176.53061224490634,176.53061224489795,32038187.755103562
jid_896913,92940.0,168.0,1,28,23225,23225,23254,JobState.COMPLETED,0,176.53061224489795,176.53061224489795,4942.857142857143
jid_896906,92940.0,168.0,1,29,23225,23225,23255,JobState.COMPLETED,0,176.53061224489795,176.53061224489795,5119.3877551020405
jid_896908,92940.0,168.0,1,28,23227,23227,23256,JobState.COMPLETED,0,176.53061224489795,176.53061224489795,4942.857142857143
jid_896928,92940.0,168.0,1,26,23229,23229,23256,JobState.COMPLETED,0,176.53061224489795,176.53061224489795,4589.7959183673465
jid_896912,92940.0,168.0,1,25,23234,23234,23260,JobState.COMPLETED,0,176.53061224489795,176.53061224489795,4413.265306122449
jid_896911,65160.0,145.0,8,22693,571,571,23265,JobState.COMPLETED,0,176.53061224490634,176.53061224489795,32048073.469389275
jid_896930,92940.0,168.0,1,29,23236,23236,23266,JobState.COMPLETED,0,176.53061224489795,176.53061224489795,5119.3877551020405
jid_896910,323.0,145.0,8,22701,565,565,23267,JobState.COMPLETED,0,176.53061224490634,176.53061224489795,32059371.42857295
jid_896914,92940.0,168.0,1,110,23161,23161,23272,JobState.COMPLETED,0,176.53061224489792,176.53061224489795,19418.367346938772
jid_896916,92940.0,168.0,1,91,23184,23184,23276,JobState.COMPLETED,0,176.53061224489792,176.53061224489795,16064.285714285712
jid_896915,38625.0,145.0,8,22711,570,570,23282,JobState.COMPLETED,0,176.53061224490634,176.53061224489795,32073493.877552543
jid_896917,92940.0,168.0,1,23,23274,23274,23298,JobState.COMPLETED,0,176.53061224489795,176.53061224489795,4060.204081632653
jid_896918,92940.0,168.0,1,23,23274,23274,23298,JobState.COMPLETED,0,176.53061224489795,176.53061224489795,4060.204081632653
jid_896919,92940.0,168.0,1,26,23274,23274,23301,JobState.COMPLETED,0,176.53061224489795,176.53061224489795,4589.7959183673465
jid_896920,92940.0,168.0,1,154,23158,23158,23313,JobState.COMPLETED,0,176.5306122448979,176.53061224489795,27185.714285714275
jid_894955,68539.0,748.0,134,205,8274,23109,23315,JobState.COMPLETED,0,176.53061224489798,176.53061224489795,4849295.918367347
jid_896921,92940.0,168.0,1,30,23284,23284,23315,JobState.COMPLETED,0,176.53061224489795,176.53061224489795,5295.918367346939
jid_896922,92940.0,168.0,1,31,23285,23285,23317,JobState.COMPLETED,0,176.53061224489795,176.53061224489795,5472.448979591836
jid_896923,92940.0,168.0,1,33,23292,23292,23326,JobState.COMPLETED,0,176.53061224489795,176.53061224489795,5825.510204081633
jid_896925,92940.0,168.0,1,92,23236,23236,23329,JobState.COMPLETED,0,176.53061224489792,176.53061224489795,16240.816326530608
jid_896924,65114.0,145.0,8,22757,574,574,23332,JobState.COMPLETED,0,176.53061224490634,176.53061224489795,32138457.14285867
jid_896927,65153.0,145.0,8,22765,570,570,23336,JobState.COMPLETED,0,176.53061224490634,176.53061224489795,32149755.102042343
jid_894969,93484.0,322.0,2,833,7809,22504,23338,JobState.COMPLETED,0,176.53061224489815,176.53061224489795,294100.0000000003
jid_896932,92940.0,168.0,1,25,23319,23319,23345,JobState.COMPLETED,0,176.53061224489795,176.53061224489795,4413.265306122449
jid_896931,92940.0,168.0,1,26,23319,23319,23346,JobState.COMPLETED,0,176.53061224489795,176.53061224489795,4589.7959183673465
jid_896933,92940.0,168.0,1,28,23320,23320,23349,JobState.COMPLETED,0,176.53061224489795,176.53061224489795,4942.857142857143
jid_896934,92940.0,168.0,1,24,23333,23333,23358,JobState.COMPLETED,0,176.53061224489795,176.53061224489795,4236.734693877551
jid_896936,92940.0,168.0,1,105,23258,23258,23364,JobState.COMPLETED,0,176.53061224489792,176.53061224489795,18535.714285714283
jid_896937,92940.0,168.0,1,28,23336,23336,23365,JobState.COMPLETED,0,176.53061224489795,176.53061224489795,4942.857142857143
jid_896939,92940.0,168.0,1,31,23345,23345,23377,JobState.COMPLETED,0,176.53061224489795,176.53061224489795,5472.448979591836
jid_896940,65129.0,145.0,8,22802,575,575,23378,JobState.COMPLETED,0,176.53061224490637,176.53061224489795,32202008.16326684
jid_896942,92940.0,168.0,1,27,23355,23355,23383,JobState.COMPLETED,0,176.53061224489795,176.53061224489795,4766.326530612245
jid_896943,92940.0,168.0,1,27,23361,23361,23389,JobState.COMPLETED,0,176.53061224489795,176.53061224489795,4766.326530612245
jid_896944,92940.0,168.0,1,91,23300,23300,23392,JobState.COMPLETED,0,176.53061224489792,176.53061224489795,16064.285714285712
jid_896945,92940.0,168.0,1,25,23366,23366,23392,JobState.COMPLETED,0,176.53061224489795,176.53061224489795,4413.265306122449
jid_896947,92940.0,168.0,1,26,23366,23366,23393,JobState.COMPLETED,0,176.53061224489795,176.53061224489795,4589.7959183673465
jid_896946,92940.0,168.0,1,24,23369,23369,23394,JobState.COMPLETED,0,176.53061224489795,176.53061224489795,4236.734693877551
jid_896948,65154.0,145.0,8,22833,572,572,23406,JobState.COMPLETED,0,176.53061224490637,176.53061224489795,32245787.755103577
jid_896950,92940.0,168.0,1,29,23376,23376,23406,JobState.COMPLETED,0,176.53061224489795,176.53061224489795,5119.3877551020405
jid_896951,92940.0,168.0,1,26,23383,23383,23410,JobState.COMPLETED,0,176.53061224489795,176.53061224489795,4589.7959183673465
jid_896952,92940.0,168.0,1,29,23381,23381,23411,JobState.COMPLETED,0,176.53061224489795,176.53061224489795,5119.3877551020405
jid_896954,92940.0,168.0,1,77,23348,23348,23426,JobState.COMPLETED,0,176.53061224489795,176.53061224489795,13592.857142857143
jid_896955,92940.0,168.0,1,33,23395,23395,23429,JobState.COMPLETED,0,176.53061224489795,176.53061224489795,5825.510204081633
jid_896956,92940.0,168.0,1,27,23401,23401,23429,JobState.COMPLETED,0,176.53061224489795,176.53061224489795,4766.326530612245
jid_896961,92940.0,168.0,1,22,23414,23414,23437,JobState.COMPLETED,0,176.53061224489795,176.53061224489795,3883.673469387755
jid_896962,92940.0,168.0,1,24,23413,23413,23438,JobState.COMPLETED,0,176.53061224489795,176.53061224489795,4236.734693877551
jid_896963,92940.0,168.0,1,30,23413,23413,23444,JobState.COMPLETED,0,176.53061224489795,176.53061224489795,5295.918367346939
jid_897002,38975.0,145.0,8,22877,570,570,23448,JobState.COMPLETED,0,176.53061224490637,176.53061224489795,32307926.530613784
jid_896987,92940.0,168.0,1,45,23407,23407,23453,JobState.COMPLETED,0,176.53061224489795,176.53061224489795,7943.877551020408
jid_896964,92940.0,168.0,1,29,23424,23424,23454,JobState.COMPLETED,0,176.53061224489795,176.53061224489795,5119.3877551020405
jid_896966,92940.0,168.0,1,29,23426,23426,23456,JobState.COMPLETED,0,176.53061224489795,176.53061224489795,5119.3877551020405
jid_896967,92940.0,168.0,1,29,23428,23428,23458,JobState.COMPLETED,0,176.53061224489795,176.53061224489795,5119.3877551020405
jid_896968,36766.0,145.0,8,22892,568,568,23461,JobState.COMPLETED,0,176.53061224490637,176.53061224489795,32329110.20408317
jid_896969,92940.0,168.0,1,135,23330,23330,23466,JobState.COMPLETED,0,176.5306122448979,176.53061224489795,23831.632653061217
jid_896970,38993.0,145.0,8,22898,570,570,23469,JobState.COMPLETED,0,176.53061224490637,176.53061224489795,32337583.67347093
jid_896971,92940.0,168.0,1,24,23448,23448,23473,JobState.COMPLETED,0,176.53061224489795,176.53061224489795,4236.734693877551
jid_894923,92940.0,168.0,1,989,7140,22487,23477,JobState.COMPLETED,0,176.53061224489807,176.53061224489795,174588.7755102042
jid_896972,92940.0,168.0,1,30,23446,23446,23477,JobState.COMPLETED,0,176.53061224489795,176.53061224489795,5295.918367346939
jid_896975,92940.0,168.0,1,27,23459,23459,23487,JobState.COMPLETED,0,176.53061224489795,176.53061224489795,4766.326530612245
jid_896977,92940.0,168.0,1,78,23409,23409,23488,JobState.COMPLETED,0,176.53061224489795,176.53061224489795,13769.38775510204
jid_896976,92940.0,168.0,1,28,23460,23460,23489,JobState.COMPLETED,0,176.53061224489795,176.53061224489795,4942.857142857143
jid_896985,92940.0,168.0,1,30,23459,23459,23490,JobState.COMPLETED,0,176.53061224489795,176.53061224489795,5295.918367346939
jid_896978,92940.0,168.0,1,29,23471,23471,23501,JobState.COMPLETED,0,176.53061224489795,176.53061224489795,5119.3877551020405
jid_896981,92940.0,168.0,1,29,23473,23473,23503,JobState.COMPLETED,0,176.53061224489795,176.53061224489795,5119.3877551020405
jid_896980,326.0,145.0,8,22941,565,565,23507,JobState.COMPLETED,0,176.5306122449064,176.53061224489795,32398310.204083182
jid_896983,92940.0,168.0,1,32,23474,23474,23507,JobState.COMPLETED,0,176.53061224489795,176.53061224489795,5648.9795918367345
jid_896984,38533.0,145.0,8,22941,567,567,23509,JobState.COMPLETED,0,176.5306122449064,176.53061224489795,32398310.204083182
jid_896986,92940.0,168.0,1,75,23443,23443,23519,JobState.COMPLETED,0,176.53061224489795,176.53061224489795,13239.795918367347
jid_896988,92940.0,168.0,1,45,23490,23490,23536,JobState.COMPLETED,0,176.53061224489795,176.53061224489795,7943.877551020408
jid_896990,92940.0,168.0,1,51,23495,23495,23547,JobState.COMPLETED,0,176.53061224489795,176.53061224489795,9003.061224489795
jid_897039,36773.0,145.0,8,22988,568,568,23557,JobState.COMPLETED,0,176.5306122449064,176.53061224489795,32464685.714287266
jid_896991,92940.0,168.0,1,51,23506,23506,23558,JobState.COMPLETED,0,176.53061224489795,176.53061224489795,9003.061224489795
jid_896996,92940.0,168.0,1,54,23511,23511,23566,JobState.COMPLETED,0,176.53061224489795,176.53061224489795,9532.65306122449
jid_896994,65115.0,145.0,8,22994,574,574,23569,JobState.COMPLETED,0,176.5306122449064,176.53061224489795,32473159.18367502
jid_896997,65130.0,145.0,8,22999,575,575,23575,JobState.COMPLETED,0,176.5306122449064,176.53061224489795,32480220.408164818
jid_894973,92940.0,168.0,1,1082,7571,22494,23577,JobState.COMPLETED,0,176.5306122448979,176.53061224489795,191006.12244897953
jid_896998,92940.0,168.0,1,51,23529,23529,23581,JobState.COMPLETED,0,176.53061224489795,176.53061224489795,9003.061224489795
jid_896999,92940.0,168.0,1,58,23524,23524,23583,JobState.COMPLETED,0,176.53061224489795,176.53061224489795,10238.775510204081
jid_897023,92940.0,168.0,1,66,23517,23517,23584,JobState.COMPLETED,0,176.53061224489798,176.53061224489795,11651.020408163267
jid_894974,92940.0,168.0,1,1088,7583,22497,23586,JobState.COMPLETED,0,176.5306122448979,176.53061224489795,192065.3061224489
jid_897001,92940.0,168.0,1,62,23524,23524,23587,JobState.COMPLETED,0,176.53061224489798,176.53061224489795,10944.897959183674
jid_894976,92940.0,168.0,1,1097,7587,22498,23596,JobState.COMPLETED,0,176.5306122448979,176.53061224489795,193654.081632653
jid_897003,92940.0,168.0,1,52,23544,23544,23597,JobState.COMPLETED,0,176.53061224489795,176.53061224489795,9179.591836734693
jid_897005,92940.0,168.0,1,50,23555,23555,23606,JobState.COMPLETED,0,176.53061224489795,176.53061224489795,8826.530612244898
jid_897010,36718.0,145.0,8,23051,568,568,23620,JobState.COMPLETED,0,176.5306122449064,176.53061224489795,32553657.1428587
jid_897011,92940.0,168.0,1,107,23512,23512,23620,JobState.COMPLETED,0,176.53061224489792,176.53061224489795,18888.77551020408
jid_895088,92940.0,168.0,1,1068,8670,22558,23627,JobState.COMPLETED,0,176.53061224489792,176.53061224489795,188534.69387755098
jid_897012,92940.0,168.0,1,62,23565,23565,23628,JobState.COMPLETED,0,176.53061224489798,176.53061224489795,10944.897959183674
jid_897013,65126.0,145.0,8,23057,574,574,23632,JobState.COMPLETED,0,176.5306122449064,176.53061224489795,32562130.612246454
jid_897019,92940.0,168.0,1,99,23538,23538,23638,JobState.COMPLETED,0,176.53061224489792,176.53061224489795,17476.530612244893
jid_895034,92940.0,168.0,1,1128,8146,22510,23639,JobState.COMPLETED,0,176.53061224489787,176.53061224489795,199126.5306122448
jid_897020,92940.0,168.0,1,160,23484,23484,23645,JobState.COMPLETED,0,176.5306122448979,176.53061224489795,28244.89795918366
jid_897045,92940.0,168.0,1,67,23580,23580,23648,JobState.COMPLETED,0,176.53061224489798,176.53061224489795,11827.551020408164
jid_897024,92940.0,168.0,1,67,23589,23589,23657,JobState.COMPLETED,0,176.53061224489798,176.53061224489795,11827.551020408164
jid_894931,92940.0,168.0,1,1178,7016,22481,23660,JobState.COMPLETED,0,176.5306122448978,176.53061224489795,207953.06122448962
jid_897052,92940.0,168.0,1,64,23600,23600,23665,JobState.COMPLETED,0,176.53061224489798,176.53061224489795,11297.95918367347
jid_897029,92940.0,168.0,1,71,23601,23601,23673,JobState.COMPLETED,0,176.53061224489795,176.53061224489795,12533.673469387755
jid_897048,92940.0,168.0,1,69,23607,23607,23677,JobState.COMPLETED,0,176.53061224489798,176.53061224489795,12180.61224489796
jid_897032,92940.0,168.0,1,68,23614,23614,23683,JobState.COMPLETED,0,176.53061224489798,176.53061224489795,12004.081632653062
jid_895100,92940.0,168.0,1,1121,8701,22562,23684,JobState.COMPLETED,0,176.53061224489787,176.53061224489795,197890.8163265305
jid_897034,92940.0,168.0,1,65,23625,23625,23691,JobState.COMPLETED,0,176.53061224489798,176.53061224489795,11474.489795918369
jid_897035,65168.0,145.0,8,23123,573,573,23697,JobState.COMPLETED,0,176.53061224490642,176.53061224489795,32655338.775511768
jid_897038,38976.0,145.0,8,23127,570,570,23698,JobState.COMPLETED,0,176.53061224490642,176.53061224489795,32660987.755103607
jid_897037,65156.0,145.0,8,23125,573,573,23699,JobState.COMPLETED,0,176.53061224490642,176.53061224489795,32658163.265307687
jid_894912,92940.0,168.0,1,1257,6780,22461,23719,JobState.COMPLETED,0,176.53061224489772,176.53061224489795,221898.97959183645
jid_894933,92940.0,168.0,1,1246,6957,22478,23725,JobState.COMPLETED,0,176.53061224489772,176.53061224489795,219957.14285714258
jid_897044,92940.0,168.0,1,77,23648,23648,23726,JobState.COMPLETED,0,176.53061224489795,176.53061224489795,13592.857142857143
jid_897047,335.0,145.0,8,23166,565,565,23732,JobState.COMPLETED,0,176.53061224490642,176.53061224489795,32716065.306124017
jid_895571,92940.0,168.0,1,949,12018,22787,23737,JobState.COMPLETED,0,176.53061224489812,176.53061224489795,167527.5510204083
jid_897051,92940.0,168.0,1,65,23674,23674,23740,JobState.COMPLETED,0,176.53061224489798,176.53061224489795,11474.489795918369
jid_895533,92940.0,168.0,1,972,11710,22772,23745,JobState.COMPLETED,0,176.53061224489807,176.53061224489795,171587.75510204092
jid_895164,92940.0,168.0,1,1142,9289,22607,23750,JobState.COMPLETED,0,176.53061224489784,176.53061224489795,201597.95918367335
jid_897060,92940.0,168.0,1,105,23644,23644,23750,JobState.COMPLETED,0,176.53061224489792,176.53061224489795,18535.714285714283
jid_895218,92940.0,168.0,1,1124,9753,22637,23762,JobState.COMPLETED,0,176.53061224489787,176.53061224489795,198420.4081632652
jid_897061,92940.0,168.0,1,74,23694,23694,23769,JobState.COMPLETED,0,176.53061224489795,176.53061224489795,13063.265306122448
jid_897065,92940.0,168.0,1,67,23703,23703,23771,JobState.COMPLETED,0,176.53061224489798,176.53061224489795,11827.551020408164
jid_897067,92940.0,168.0,1,114,23657,23657,23772,JobState.COMPLETED,0,176.53061224489792,176.53061224489795,20124.48979591836
jid_897107,92940.0,168.0,1,63,23711,23711,23775,JobState.COMPLETED,0,176.53061224489798,176.53061224489795,11121.428571428572
jid_895060,92940.0,168.0,1,1262,8218,22517,23780,JobState.COMPLETED,0,176.5306122448977,176.53061224489795,222781.6326530609
jid_895902,92940.0,168.0,1,903,14057,22878,23782,JobState.COMPLETED,0,176.53061224489818,176.53061224489795,159407.14285714304
jid_897069,92940.0,168.0,1,152,23634,23634,23787,JobState.COMPLETED,0,176.5306122448979,176.53061224489795,26832.65306122448
jid_894957,92940.0,168.0,1,1300,7200,22488,23789,JobState.COMPLETED,0,176.53061224489767,176.53061224489795,229489.79591836696
jid_894999,92940.0,168.0,1,1290,7639,22498,23789,JobState.COMPLETED,0,176.53061224489767,176.53061224489795,227724.489795918
jid_897072,64937.0,145.0,8,23227,567,567,23795,JobState.COMPLETED,0,176.53061224490645,176.53061224489795,32802212.244899537
jid_895236,92940.0,168.0,1,1158,9839,22638,23797,JobState.COMPLETED,0,176.5306122448978,176.53061224489795,204422.44897959166
jid_895096,92940.0,168.0,1,1276,8516,22522,23799,JobState.COMPLETED,0,176.5306122448977,176.53061224489795,225253.06122448947
jid_897076,65122.0,145.0,8,23224,576,576,23801,JobState.COMPLETED,0,176.53061224490645,176.53061224489795,32797975.51020566
jid_894982,92940.0,168.0,1,1312,7420,22488,23801,JobState.COMPLETED,0,176.53061224489767,176.53061224489795,231608.16326530575
jid_895046,92940.0,168.0,1,1300,8054,22507,23808,JobState.COMPLETED,0,176.53061224489767,176.53061224489795,229489.79591836696
jid_897081,36774.0,145.0,8,23241,568,568,23810,JobState.COMPLETED,0,176.53061224490645,176.53061224489795,32821983.673470967
jid_897084,92940.0,168.0,1,64,23745,23745,23810,JobState.COMPLETED,0,176.53061224489798,176.53061224489795,11297.95918367347
jid_897088,92940.0,168.0,1,65,23748,23748,23814,JobState.COMPLETED,0,176.53061224489798,176.53061224489795,11474.489795918369
jid_897093,92940.0,168.0,1,68,23746,23746,23815,JobState.COMPLETED,0,176.53061224489798,176.53061224489795,12004.081632653062
jid_897085,38535.0,145.0,8,23250,566,566,23817,JobState.COMPLETED,0,176.53061224490645,176.53061224489795,32834693.8775526
jid_897087,92940.0,168.0,1,57,23761,23761,23819,JobState.COMPLETED,0,176.53061224489795,176.53061224489795,10062.244897959183
jid_897089,92940.0,168.0,1,61,23759,23759,23821,JobState.COMPLETED,0,176.53061224489798,176.53061224489795,10768.367346938778
jid_897098,65157.0,145.0,8,23255,572,572,23828,JobState.COMPLETED,0,176.53061224490645,176.53061224489795,32841755.102042396
jid_895138,92940.0,168.0,1,1250,8944,22578,23829,JobState.COMPLETED,0,176.53061224489772,176.53061224489795,220663.26530612216
jid_896173,92940.0,168.0,1,891,16551,22942,23834,JobState.COMPLETED,0,176.53061224489818,176.53061224489795,157288.7755102043
jid_896203,92940.0,168.0,1,901,16745,22943,23845,JobState.COMPLETED,0,176.53061224489818,176.53061224489795,159054.08163265325
jid_897110,65140.0,145.0,8,23270,576,576,23847,JobState.COMPLETED,0,176.53061224490645,176.53061224489795,32862938.775511786
jid_897108,92940.0,168.0,1,58,23792,23792,23851,JobState.COMPLETED,0,176.53061224489795,176.53061224489795,10238.775510204081
jid_897111,65155.0,145.0,8,23282,571,571,23854,JobState.COMPLETED,0,176.53061224490645,176.53061224489795,32879885.714287296
jid_897116,92940.0,168.0,1,191,23664,23664,23856,JobState.COMPLETED,0,176.5306122448979,176.53061224489795,33717.346938775496
jid_897118,92940.0,168.0,1,79,23788,23788,23868,JobState.COMPLETED,0,176.53061224489795,176.53061224489795,13945.918367346938
jid_896358,92940.0,168.0,1,908,19261,22961,23870,JobState.COMPLETED,0,176.53061224489818,176.53061224489795,160289.79591836754
jid_896202,92940.0,168.0,1,928,16792,22943,23872,JobState.COMPLETED,0,176.53061224489815,176.53061224489795,163820.40816326547
jid_897125,92940.0,168.0,1,88,23796,23796,23885,JobState.COMPLETED,0,176.53061224489795,176.53061224489795,15534.69387755102
jid_897128,65304.0,145.0,8,23312,576,576,23889,JobState.COMPLETED,0,176.53061224490645,176.53061224489795,32922253.061226074
jid_895367,92940.0,168.0,1,1208,10448,22680,23889,JobState.COMPLETED,0,176.53061224489775,176.53061224489795,213248.97959183648
jid_897134,92940.0,168.0,1,56,23833,23833,23890,JobState.COMPLETED,0,176.53061224489795,176.53061224489795,9885.714285714286
jid_897131,92940.0,168.0,1,109,23785,23785,23895,JobState.COMPLETED,0,176.53061224489792,176.53061224489795,19241.836734693872
jid_897142,92940.0,168.0,1,57,23837,23837,23895,JobState.COMPLETED,0,176.53061224489795,176.53061224489795,10062.244897959183
jid_897140,92940.0,168.0,1,57,23840,23840,23898,JobState.COMPLETED,0,176.53061224489795,176.53061224489795,10062.244897959183
jid_897135,92940.0,168.0,1,61,23837,23837,23899,JobState.COMPLETED,0,176.53061224489798,176.53061224489795,10768.367346938778
jid_897141,92940.0,168.0,1,62,23842,23842,23905,JobState.COMPLETED,0,176.53061224489798,176.53061224489795,10944.897959183674
jid_895778,92940.0,168.0,1,1083,12986,22829,23913,JobState.COMPLETED,0,176.5306122448979,176.53061224489795,191182.6530612244
jid_896060,92940.0,168.0,1,1025,14987,22894,23920,JobState.COMPLETED,0,176.53061224489798,176.53061224489795,180943.87755102044
jid_896059,92940.0,168.0,1,1030,14979,22894,23925,JobState.COMPLETED,0,176.53061224489798,176.53061224489795,181826.5306122449
jid_896130,92940.0,168.0,1,1015,15625,22913,23929,JobState.COMPLETED,0,176.530612244898,176.53061224489795,179178.57142857148
jid_897156,92940.0,168.0,1,60,23868,23868,23929,JobState.COMPLETED,0,176.53061224489798,176.53061224489795,10591.83673469388
jid_897157,92940.0,168.0,1,56,23873,23873,23930,JobState.COMPLETED,0,176.53061224489795,176.53061224489795,9885.714285714286
jid_896125,92940.0,168.0,1,1022,15569,22911,23934,JobState.COMPLETED,0,176.53061224489798,176.53061224489795,180414.28571428574
jid_896220,92940.0,168.0,1,992,17104,22945,23938,JobState.COMPLETED,0,176.53061224489804,176.53061224489795,175118.36734693885
jid_897165,92940.0,168.0,1,62,23887,23887,23950,JobState.COMPLETED,0,176.53061224489798,176.53061224489795,10944.897959183674
jid_897176,65171.0,145.0,8,23392,571,571,23964,JobState.COMPLETED,0,176.53061224490648,176.53061224489795,33035232.65306282
jid_896271,92940.0,168.0,1,1020,17947,22950,23971,JobState.COMPLETED,0,176.53061224489798,176.53061224489795,180061.22448979595
jid_897181,92940.0,168.0,1,53,23917,23917,23971,JobState.COMPLETED,0,176.53061224489795,176.53061224489795,9356.122448979591
jid_896312,92940.0,168.0,1,1022,18516,22952,23975,JobState.COMPLETED,0,176.53061224489798,176.53061224489795,180414.28571428574
jid_897182,92940.0,168.0,1,58,23917,23917,23976,JobState.COMPLETED,0,176.53061224489795,176.53061224489795,10238.775510204081
jid_897183,92940.0,168.0,1,53,23923,23923,23977,JobState.COMPLETED,0,176.53061224489795,176.53061224489795,9356.122448979591
jid_897218,92940.0,168.0,1,54,23923,23923,23978,JobState.COMPLETED,0,176.53061224489795,176.53061224489795,9532.65306122449
jid_896330,92940.0,168.0,1,1024,18792,22954,23979,JobState.COMPLETED,0,176.53061224489798,176.53061224489795,180767.34693877553
jid_896257,92940.0,168.0,1,1033,17739,22949,23983,JobState.COMPLETED,0,176.53061224489798,176.53061224489795,182356.12244897962
jid_897187,92940.0,168.0,1,61,23923,23923,23985,JobState.COMPLETED,0,176.53061224489798,176.53061224489795,10768.367346938778
jid_896237,92940.0,168.0,1,1039,17460,22947,23987,JobState.COMPLETED,0,176.53061224489798,176.53061224489795,183415.306122449
jid_897189,65305.0,145.0,8,23412,577,577,23990,JobState.COMPLETED,0,176.53061224490648,176.53061224489795,33063477.551022004
jid_895773,92940.0,168.0,1,1176,12723,22814,23991,JobState.COMPLETED,0,176.5306122448978,176.53061224489795,207599.99999999983
jid_896208,92940.0,168.0,1,1051,16746,22943,23995,JobState.COMPLETED,0,176.53061224489795,176.53061224489795,185533.67346938775
jid_895932,92940.0,168.0,1,1118,14086,22878,23997,JobState.COMPLETED,0,176.53061224489787,176.53061224489795,197361.2244897958
jid_897199,92940.0,168.0,1,84,23912,23912,23997,JobState.COMPLETED,0,176.53061224489795,176.53061224489795,14828.571428571428
jid_897194,92940.0,168.0,1,121,23876,23876,23998,JobState.COMPLETED,0,176.5306122448979,176.53061224489795,21360.204081632644
jid_897244,92940.0,168.0,1,96,23903,23903,24000,JobState.COMPLETED,0,176.53061224489792,176.53061224489795,16946.9387755102
jid_897200,92940.0,168.0,1,59,23947,23947,24007,JobState.COMPLETED,0,176.53061224489795,176.53061224489795,10415.30612244898
jid_896160,92940.0,168.0,1,1079,16028,22929,24009,JobState.COMPLETED,0,176.53061224489792,176.53061224489795,190476.53061224485
jid_896179,92940.0,168.0,1,1068,16469,22941,24010,JobState.COMPLETED,0,176.53061224489792,176.53061224489795,188534.69387755098
jid_897203,92940.0,168.0,1,55,23954,23954,24010,JobState.COMPLETED,0,176.53061224489795,176.53061224489795,9709.183673469388
jid_896103,92940.0,168.0,1,1114,15220,22898,24013,JobState.COMPLETED,0,176.53061224489787,176.53061224489795,196655.10204081621
jid_897208,92940.0,168.0,1,211,23804,23804,24016,JobState.COMPLETED,0,176.53061224489787,176.53061224489795,37247.95918367345
jid_896886,92940.0,168.0,1,1015,22180,23006,24022,JobState.COMPLETED,0,176.530612244898,176.53061224489795,179178.57142857148
jid_896337,92940.0,168.0,1,1069,18835,22955,24025,JobState.COMPLETED,0,176.53061224489792,176.53061224489795,188711.2244897959
jid_893946,111.0,65.0,400,53,1947,23971,24025,JobState.COMPLETED,0,176.53061224489795,176.53061224489795,3742448.9795918367
jid_896261,92940.0,168.0,1,1077,17739,22949,24027,JobState.COMPLETED,0,176.53061224489792,176.53061224489795,190123.46938775506
jid_896389,92940.0,168.0,1,1065,19556,22962,24028,JobState.COMPLETED,0,176.53061224489792,176.53061224489795,188005.1020408163
jid_897217,92940.0,168.0,1,59,23968,23968,24028,JobState.COMPLETED,0,176.53061224489795,176.53061224489795,10415.30612244898
jid_896411,92940.0,168.0,1,1064,19834,22964,24029,JobState.COMPLETED,0,176.53061224489792,176.53061224489795,187828.5714285714
jid_897267,92940.0,168.0,1,59,23990,23990,24050,JobState.COMPLETED,0,176.53061224489795,176.53061224489795,10415.30612244898
jid_896289,92940.0,168.0,1,1100,18120,22950,24051,JobState.COMPLETED,0,176.5306122448979,176.53061224489795,194183.6734693877
jid_896560,92940.0,168.0,1,1075,20187,22977,24053,JobState.COMPLETED,0,176.53061224489792,176.53061224489795,189770.40816326527
jid_897228,65296.0,145.0,8,23476,577,577,24054,JobState.COMPLETED,0,176.53061224490648,176.53061224489795,33153861.224491395
jid_897230,92940.0,168.0,1,56,23997,23997,24054,JobState.COMPLETED,0,176.53061224489795,176.53061224489795,9885.714285714286
jid_897237,92940.0,168.0,1,61,23997,23997,24059,JobState.COMPLETED,0,176.53061224489798,176.53061224489795,10768.367346938778
jid_896368,92940.0,168.0,1,1110,19238,22961,24072,JobState.COMPLETED,0,176.53061224489787,176.53061224489795,195948.97959183663
jid_896352,92940.0,168.0,1,1115,18985,22957,24073,JobState.COMPLETED,0,176.53061224489787,176.53061224489795,196831.63265306113
jid_896228,92940.0,168.0,1,1130,17129,22945,24076,JobState.COMPLETED,0,176.53061224489784,176.53061224489795,199479.59183673456
jid_897247,92940.0,168.0,1,75,24003,24003,24079,JobState.COMPLETED,0,176.53061224489795,176.53061224489795,13239.795918367347
jid_896533,92940.0,168.0,1,1117,19927,22966,24084,JobState.COMPLETED,0,176.53061224489787,176.53061224489795,197184.69387755092
jid_897253,92940.0,168.0,1,60,24025,24025,24086,JobState.COMPLETED,0,176.53061224489798,176.53061224489795,10591.83673469388
jid_897254,92940.0,168.0,1,56,24032,24032,24089,JobState.COMPLETED,0,176.53061224489795,176.53061224489795,9885.714285714286
jid_897252,38525.0,145.0,8,23524,566,566,24091,JobState.COMPLETED,0,176.5306122449065,176.53061224489795,33221648.979593445
jid_895945,92940.0,168.0,1,1216,14067,22878,24095,JobState.COMPLETED,0,176.53061224489775,176.53061224489795,214661.22448979566
jid_896557,92940.0,168.0,1,1131,20117,22975,24107,JobState.COMPLETED,0,176.53061224489784,176.53061224489795,199656.12244897947
jid_897334,92940.0,168.0,1,64,24046,24046,24111,JobState.COMPLETED,0,176.53061224489798,176.53061224489795,11297.95918367347
jid_897260,92940.0,168.0,1,60,24050,24050,24111,JobState.COMPLETED,0,176.53061224489798,176.53061224489795,10591.83673469388
jid_897261,65127.0,145.0,8,23540,575,575,24116,JobState.COMPLETED,0,176.5306122449065,176.53061224489795,33244244.897960793
jid_897263,92940.0,168.0,1,96,24019,24019,24116,JobState.COMPLETED,0,176.53061224489792,176.53061224489795,16946.9387755102
jid_897262,334.0,145.0,8,23552,565,565,24118,JobState.COMPLETED,0,176.5306122449065,176.53061224489795,33261191.836736303
jid_896587,92940.0,168.0,1,1140,20367,22979,24120,JobState.COMPLETED,0,176.53061224489784,176.53061224489795,201244.89795918352
jid_897270,92940.0,168.0,1,58,24073,24073,24132,JobState.COMPLETED,0,176.53061224489795,176.53061224489795,10238.775510204081
jid_896118,92940.0,168.0,1,1235,15306,22900,24136,JobState.COMPLETED,0,176.53061224489772,176.53061224489795,218015.3061224487
jid_896711,92940.0,168.0,1,1147,21281,22990,24138,JobState.COMPLETED,0,176.53061224489784,176.53061224489795,202480.6122448978
jid_897272,38528.0,145.0,8,23572,567,567,24140,JobState.COMPLETED,0,176.5306122449065,176.53061224489795,33289436.73469549
jid_897278,92940.0,168.0,1,126,24015,24015,24142,JobState.COMPLETED,0,176.5306122448979,176.53061224489795,22242.857142857134
jid_897277,65135.0,145.0,8,23568,576,576,24145,JobState.COMPLETED,0,176.5306122449065,176.53061224489795,33283787.75510365
jid_897280,92940.0,168.0,1,65,24081,24081,24147,JobState.COMPLETED,0,176.53061224489798,176.53061224489795,11474.489795918369
jid_897284,92940.0,168.0,1,60,24096,24096,24157,JobState.COMPLETED,0,176.53061224489798,176.53061224489795,10591.83673469388
jid_897289,65124.0,145.0,8,23591,575,575,24167,JobState.COMPLETED,0,176.5306122449065,176.53061224489795,33316269.387756716
jid_896168,92940.0,168.0,1,1238,16029,22929,24168,JobState.COMPLETED,0,176.53061224489772,176.53061224489795,218544.89795918338
jid_896277,92940.0,168.0,1,1221,17816,22949,24171,JobState.COMPLETED,0,176.53061224489775,176.53061224489795,215543.87755102015
jid_896348,92940.0,168.0,1,1216,18810,22954,24171,JobState.COMPLETED,0,176.53061224489775,176.53061224489795,214661.22448979566
jid_897291,92940.0,168.0,1,62,24110,24110,24173,JobState.COMPLETED,0,176.53061224489798,176.53061224489795,10944.897959183674
jid_896365,92940.0,168.0,1,1221,19055,22958,24180,JobState.COMPLETED,0,176.53061224489775,176.53061224489795,215543.87755102015
jid_897009,92940.0,168.0,1,1169,22447,23010,24180,JobState.COMPLETED,0,176.5306122448978,176.53061224489795,206364.28571428554
jid_896259,92940.0,168.0,1,1238,17554,22947,24186,JobState.COMPLETED,0,176.53061224489772,176.53061224489795,218544.89795918338
jid_896211,92940.0,168.0,1,1244,16614,22942,24187,JobState.COMPLETED,0,176.53061224489772,176.53061224489795,219604.08163265276
jid_896215,92940.0,168.0,1,1245,16667,22942,24188,JobState.COMPLETED,0,176.53061224489772,176.53061224489795,219780.61224489767
jid_897297,92940.0,168.0,1,101,24091,24091,24193,JobState.COMPLETED,0,176.53061224489792,176.53061224489795,17829.59183673469
jid_897298,92940.0,168.0,1,65,24129,24129,24195,JobState.COMPLETED,0,176.53061224489798,176.53061224489795,11474.489795918369
jid_896339,92940.0,168.0,1,1244,18588,22952,24197,JobState.COMPLETED,0,176.53061224489772,176.53061224489795,219604.08163265276
jid_897299,92940.0,168.0,1,83,24115,24115,24199,JobState.COMPLETED,0,176.53061224489795,176.53061224489795,14652.04081632653
jid_897305,92940.0,168.0,1,67,24145,24145,24213,JobState.COMPLETED,0,176.53061224489798,176.53061224489795,11827.551020408164
jid_896382,92940.0,168.0,1,1252,19264,22961,24214,JobState.COMPLETED,0,176.53061224489772,176.53061224489795,221016.32653061196
jid_896720,92940.0,168.0,1,1225,21269,22990,24216,JobState.COMPLETED,0,176.53061224489775,176.53061224489795,216249.99999999974
jid_896379,92940.0,168.0,1,1260,19239,22961,24222,JobState.COMPLETED,0,176.5306122448977,176.53061224489795,222428.5714285711
jid_897309,92940.0,168.0,1,66,24157,24157,24224,JobState.COMPLETED,0,176.53061224489798,176.53061224489795,11651.020408163267
jid_897307,38526.0,145.0,8,23657,567,567,24225,JobState.COMPLETED,0,176.53061224490654,176.53061224489795,33409477.55102203
jid_896242,92940.0,168.0,1,1278,17293,22946,24225,JobState.COMPLETED,0,176.5306122448977,176.53061224489795,225606.12244897927
jid_896565,92940.0,168.0,1,1252,20045,22972,24225,JobState.COMPLETED,0,176.53061224489772,176.53061224489795,221016.32653061196
jid_896597,92940.0,168.0,1,1249,20293,22978,24228,JobState.COMPLETED,0,176.53061224489772,176.53061224489795,220486.73469387725
jid_897317,92940.0,168.0,1,61,24168,24168,24230,JobState.COMPLETED,0,176.53061224489798,176.53061224489795,10768.367346938778
jid_897314,65125.0,145.0,8,23659,575,575,24235,JobState.COMPLETED,0,176.53061224490654,176.53061224489795,33412302.04081795
jid_897319,92940.0,168.0,1,103,24135,24135,24239,JobState.COMPLETED,0,176.53061224489792,176.53061224489795,18182.653061224486
jid_897321,92940.0,168.0,1,63,24175,24175,24239,JobState.COMPLETED,0,176.53061224489798,176.53061224489795,11121.428571428572
jid_897326,92940.0,168.0,1,203,24036,24036,24240,JobState.COMPLETED,0,176.5306122448979,176.53061224489795,35835.714285714275
jid_896290,92940.0,168.0,1,1290,17932,22950,24241,JobState.COMPLETED,0,176.53061224489767,176.53061224489795,227724.489795918
jid_897331,92940.0,168.0,1,77,24168,24168,24246,JobState.COMPLETED,0,176.53061224489795,176.53061224489795,13592.857142857143
jid_896293,92940.0,168.0,1,1298,17876,22950,24249,JobState.COMPLETED,0,176.53061224489767,176.53061224489795,229136.73469387717
jid_897335,92940.0,168.0,1,62,24193,24193,24256,JobState.COMPLETED,0,176.53061224489798,176.53061224489795,10944.897959183674
jid_897341,65121.0,145.0,8,23718,574,574,24293,JobState.COMPLETED,0,176.53061224490654,176.53061224489795,33495624.489797547
jid_897343,65152.0,145.0,8,23723,571,571,24295,JobState.COMPLETED,0,176.53061224490654,176.53061224489795,33502685.71428734
jid_897346,92940.0,168.0,1,87,24211,24211,24299,JobState.COMPLETED,0,176.53061224489795,176.53061224489795,15358.163265306122
jid_897345,92940.0,168.0,1,63,24235,24235,24299,JobState.COMPLETED,0,176.53061224489798,176.53061224489795,11121.428571428572
jid_897348,65158.0,145.0,8,23733,571,571,24305,JobState.COMPLETED,0,176.53061224490654,176.53061224489795,33516808.163266934
jid_897351,92940.0,168.0,1,62,24244,24244,24307,JobState.COMPLETED,0,176.53061224489798,176.53061224489795,10944.897959183674
jid_897360,92940.0,168.0,1,56,24254,24254,24311,JobState.COMPLETED,0,176.53061224489795,176.53061224489795,9885.714285714286
jid_897358,92940.0,168.0,1,77,24238,24238,24316,JobState.COMPLETED,0,176.53061224489795,176.53061224489795,13592.857142857143
jid_897359,92940.0,168.0,1,62,24254,24254,24317,JobState.COMPLETED,0,176.53061224489798,176.53061224489795,10944.897959183674
jid_897356,65128.0,145.0,8,23742,575,575,24318,JobState.COMPLETED,0,176.53061224490654,176.53061224489795,33529518.367348567
jid_897369,92940.0,168.0,1,55,24275,24275,24331,JobState.COMPLETED,0,176.53061224489795,176.53061224489795,9709.183673469388
jid_897366,92940.0,168.0,1,56,24275,24275,24332,JobState.COMPLETED,0,176.53061224489795,176.53061224489795,9885.714285714286
jid_897367,92940.0,168.0,1,56,24275,24275,24332,JobState.COMPLETED,0,176.53061224489795,176.53061224489795,9885.714285714286
jid_897374,92940.0,168.0,1,80,24254,24254,24335,JobState.COMPLETED,0,176.53061224489795,176.53061224489795,14122.448979591836
jid_897380,65167.0,145.0,8,23799,571,571,24371,JobState.COMPLETED,0,176.53061224490656,176.53061224489795,33610016.32653225
jid_897381,92940.0,168.0,1,54,24317,24317,24372,JobState.COMPLETED,0,176.53061224489795,176.53061224489795,9532.65306122449
jid_897387,92940.0,168.0,1,58,24327,24327,24386,JobState.COMPLETED,0,176.53061224489795,176.53061224489795,10238.775510204081
jid_897390,92940.0,168.0,1,51,24334,24334,24386,JobState.COMPLETED,0,176.53061224489795,176.53061224489795,9003.061224489795
jid_897392,92940.0,168.0,1,56,24334,24334,24391,JobState.COMPLETED,0,176.53061224489795,176.53061224489795,9885.714285714286
jid_897394,65169.0,145.0,8,23820,573,573,24394,JobState.COMPLETED,0,176.53061224490656,176.53061224489795,33639673.469389394
jid_897396,92940.0,168.0,1,182,24213,24213,24396,JobState.COMPLETED,0,176.5306122448979,176.53061224489795,32128.571428571417
jid_897397,92940.0,168.0,1,79,24316,24316,24396,JobState.COMPLETED,0,176.53061224489795,176.53061224489795,13945.918367346938
jid_897398,92940.0,168.0,1,1190,23212,23212,24403,JobState.COMPLETED,0,176.53061224489778,176.53061224489795,210071.42857142835
jid_897402,92940.0,168.0,1,50,24353,24353,24404,JobState.COMPLETED,0,176.53061224489795,176.53061224489795,8826.530612244898
jid_897405,92940.0,168.0,1,52,24353,24353,24406,JobState.COMPLETED,0,176.53061224489795,176.53061224489795,9179.591836734693
jid_897406,92940.0,168.0,1,53,24353,24353,24407,JobState.COMPLETED,0,176.53061224489795,176.53061224489795,9356.122448979591
jid_897412,92940.0,168.0,1,72,24343,24343,24416,JobState.COMPLETED,0,176.53061224489795,176.53061224489795,12710.204081632652
jid_897426,92940.0,168.0,1,82,24361,24361,24444,JobState.COMPLETED,0,176.53061224489795,176.53061224489795,14475.510204081633
jid_897433,92940.0,168.0,1,56,24395,24395,24452,JobState.COMPLETED,0,176.53061224489795,176.53061224489795,9885.714285714286
jid_897436,92940.0,168.0,1,51,24403,24403,24455,JobState.COMPLETED,0,176.53061224489795,176.53061224489795,9003.061224489795
jid_897438,65163.0,145.0,8,23884,571,571,24456,JobState.COMPLETED,0,176.53061224490656,176.53061224489795,33730057.14285879
jid_897441,92940.0,168.0,1,50,24409,24409,24460,JobState.COMPLETED,0,176.53061224489795,176.53061224489795,8826.530612244898
jid_897443,92940.0,168.0,1,201,24259,24259,24461,JobState.COMPLETED,0,176.5306122448979,176.53061224489795,35482.653061224475
jid_897445,92940.0,168.0,1,56,24409,24409,24466,JobState.COMPLETED,0,176.53061224489795,176.53061224489795,9885.714285714286
jid_897447,92940.0,168.0,1,45,24424,24424,24470,JobState.COMPLETED,0,176.53061224489795,176.53061224489795,7943.877551020408
jid_897449,92940.0,168.0,1,46,24425,24425,24472,JobState.COMPLETED,0,176.53061224489795,176.53061224489795,8120.408163265306
jid_897450,92940.0,168.0,1,45,24426,24426,24472,JobState.COMPLETED,0,176.53061224489795,176.53061224489795,7943.877551020408
jid_897457,92940.0,168.0,1,74,24416,24416,24491,JobState.COMPLETED,0,176.53061224489795,176.53061224489795,13063.265306122448
jid_897462,92940.0,168.0,1,71,24446,24446,24518,JobState.COMPLETED,0,176.53061224489795,176.53061224489795,12533.673469387755
jid_897465,92940.0,168.0,1,51,24470,24470,24522,JobState.COMPLETED,0,176.53061224489795,176.53061224489795,9003.061224489795
jid_897468,92940.0,168.0,1,56,24470,24470,24527,JobState.COMPLETED,0,176.53061224489795,176.53061224489795,9885.714285714286
jid_897472,92940.0,168.0,1,52,24482,24482,24535,JobState.COMPLETED,0,176.53061224489795,176.53061224489795,9179.591836734693
jid_897477,92940.0,168.0,1,54,24490,24490,24545,JobState.COMPLETED,0,176.53061224489795,176.53061224489795,9532.65306122449
jid_897475,92940.0,168.0,1,84,24461,24461,24546,JobState.COMPLETED,0,176.53061224489795,176.53061224489795,14828.571428571428
jid_897478,92940.0,168.0,1,59,24488,24488,24548,JobState.COMPLETED,0,176.53061224489795,176.53061224489795,10415.30612244898
jid_897481,92940.0,168.0,1,56,24496,24496,24553,JobState.COMPLETED,0,176.53061224489795,176.53061224489795,9885.714285714286
jid_897482,92940.0,168.0,1,56,24496,24496,24553,JobState.COMPLETED,0,176.53061224489795,176.53061224489795,9885.714285714286
jid_897484,65161.0,145.0,8,23990,573,573,24564,JobState.COMPLETED,0,176.5306122449066,176.53061224489795,33879755.102042474
jid_897491,36778.0,145.0,8,24013,569,569,24583,JobState.COMPLETED,0,176.5306122449066,176.53061224489795,33912236.73469554
jid_897504,92940.0,168.0,1,165,24417,24417,24583,JobState.COMPLETED,0,176.5306122448979,176.53061224489795,29127.55102040815
jid_897501,65172.0,145.0,8,24019,572,572,24592,JobState.COMPLETED,0,176.5306122449066,176.53061224489795,33920710.20408329
jid_897503,92940.0,168.0,1,922,23675,23675,24598,JobState.COMPLETED,0,176.53061224489815,176.53061224489795,162761.2244897961
jid_897502,92940.0,168.0,1,61,24540,24540,24602,JobState.COMPLETED,0,176.53061224489798,176.53061224489795,10768.367346938778
jid_897509,92940.0,168.0,1,60,24550,24550,24611,JobState.COMPLETED,0,176.53061224489798,176.53061224489795,10591.83673469388
jid_897511,92940.0,168.0,1,74,24542,24542,24617,JobState.COMPLETED,0,176.53061224489795,176.53061224489795,13063.265306122448
jid_897512,92940.0,168.0,1,61,24556,24556,24618,JobState.COMPLETED,0,176.53061224489798,176.53061224489795,10768.367346938778
jid_897513,92940.0,168.0,1,55,24565,24565,24621,JobState.COMPLETED,0,176.53061224489795,176.53061224489795,9709.183673469388
jid_897517,92940.0,168.0,1,65,24569,24569,24635,JobState.COMPLETED,0,176.53061224489798,176.53061224489795,11474.489795918369
jid_897518,92940.0,168.0,1,121,24516,24516,24638,JobState.COMPLETED,0,176.5306122448979,176.53061224489795,21360.204081632644
jid_897523,92940.0,168.0,1,62,24580,24580,24643,JobState.COMPLETED,0,176.53061224489798,176.53061224489795,10944.897959183674
jid_897524,92940.0,168.0,1,62,24580,24580,24643,JobState.COMPLETED,0,176.53061224489798,176.53061224489795,10944.897959183674
jid_897525,65119.0,145.0,8,24082,575,575,24658,JobState.COMPLETED,0,176.5306122449066,176.53061224489795,34009681.63265473
jid_897529,92940.0,168.0,1,106,24565,24565,24672,JobState.COMPLETED,0,176.53061224489792,176.53061224489795,18712.24489795918
jid_897536,92940.0,168.0,1,202,24484,24484,24687,JobState.COMPLETED,0,176.5306122448979,176.53061224489795,35659.18367346937
jid_897539,92940.0,168.0,1,62,24634,24634,24697,JobState.COMPLETED,0,176.53061224489798,176.53061224489795,10944.897959183674
jid_897540,92940.0,168.0,1,60,24637,24637,24698,JobState.COMPLETED,0,176.53061224489798,176.53061224489795,10591.83673469388
jid_897543,92940.0,168.0,1,73,24638,24638,24712,JobState.COMPLETED,0,176.53061224489795,176.53061224489795,12886.73469387755
jid_897549,92940.0,168.0,1,82,24634,24634,24717,JobState.COMPLETED,0,176.53061224489795,176.53061224489795,14475.510204081633
jid_897546,92940.0,168.0,1,84,24635,24635,24720,JobState.COMPLETED,0,176.53061224489795,176.53061224489795,14828.571428571428
jid_897544,92940.0,168.0,1,66,24653,24653,24720,JobState.COMPLETED,0,176.53061224489798,176.53061224489795,11651.020408163267
jid_897547,92940.0,168.0,1,65,24656,24656,24722,JobState.COMPLETED,0,176.53061224489798,176.53061224489795,11474.489795918369
jid_897550,92940.0,168.0,1,59,24672,24672,24732,JobState.COMPLETED,0,176.53061224489795,176.53061224489795,10415.30612244898
jid_897553,92940.0,168.0,1,60,24672,24672,24733,JobState.COMPLETED,0,176.53061224489798,176.53061224489795,10591.83673469388
jid_897556,92940.0,168.0,1,64,24689,24689,24754,JobState.COMPLETED,0,176.53061224489798,176.53061224489795,11297.95918367347
jid_897561,92940.0,168.0,1,160,24624,24624,24785,JobState.COMPLETED,0,176.5306122448979,176.53061224489795,28244.89795918366
jid_897564,92940.0,168.0,1,59,24725,24725,24785,JobState.COMPLETED,0,176.53061224489795,176.53061224489795,10415.30612244898
jid_897563,92940.0,168.0,1,60,24725,24725,24786,JobState.COMPLETED,0,176.53061224489798,176.53061224489795,10591.83673469388
jid_897584,92940.0,168.0,1,50,24741,24741,24792,JobState.COMPLETED,0,176.53061224489795,176.53061224489795,8826.530612244898
jid_897566,65316.0,145.0,8,24221,577,577,24799,JobState.COMPLETED,0,176.53061224490662,176.53061224489795,34205983.67347106
jid_897567,92940.0,168.0,1,60,24739,24739,24800,JobState.COMPLETED,0,176.53061224489798,176.53061224489795,10591.83673469388
jid_897570,92940.0,168.0,1,70,24739,24739,24810,JobState.COMPLETED,0,176.53061224489795,176.53061224489795,12357.142857142857
jid_897574,92940.0,168.0,1,55,24755,24755,24811,JobState.COMPLETED,0,176.53061224489795,176.53061224489795,9709.183673469388
jid_897575,92940.0,168.0,1,58,24755,24755,24814,JobState.COMPLETED,0,176.53061224489795,176.53061224489795,10238.775510204081
jid_897568,65281.0,145.0,8,24237,577,577,24815,JobState.COMPLETED,0,176.53061224490662,176.53061224489795,34228579.59183841
jid_897572,92940.0,168.0,1,74,24741,24741,24816,JobState.COMPLETED,0,176.53061224489795,176.53061224489795,13063.265306122448
jid_897596,92940.0,168.0,1,66,24755,24755,24822,JobState.COMPLETED,0,176.53061224489798,176.53061224489795,11651.020408163267
jid_897576,92940.0,168.0,1,56,24772,24772,24829,JobState.COMPLETED,0,176.53061224489795,176.53061224489795,9885.714285714286
jid_897582,92940.0,168.0,1,53,24809,24809,24863,JobState.COMPLETED,0,176.53061224489795,176.53061224489795,9356.122448979591
jid_897580,92940.0,168.0,1,55,24809,24809,24865,JobState.COMPLETED,0,176.53061224489795,176.53061224489795,9709.183673469388
jid_897588,92940.0,168.0,1,54,24822,24822,24877,JobState.COMPLETED,0,176.53061224489795,176.53061224489795,9532.65306122449
jid_897591,92940.0,168.0,1,50,24835,24835,24886,JobState.COMPLETED,0,176.53061224489795,176.53061224489795,8826.530612244898
jid_897592,92940.0,168.0,1,51,24837,24837,24889,JobState.COMPLETED,0,176.53061224489795,176.53061224489795,9003.061224489795
jid_897600,92940.0,168.0,1,70,24831,24831,24902,JobState.COMPLETED,0,176.53061224489795,176.53061224489795,12357.142857142857
jid_897595,92940.0,168.0,1,67,24835,24835,24903,JobState.COMPLETED,0,176.53061224489798,176.53061224489795,11827.551020408164
jid_897594,92940.0,168.0,1,56,24846,24846,24903,JobState.COMPLETED,0,176.53061224489795,176.53061224489795,9885.714285714286
jid_897602,92940.0,168.0,1,209,24705,24705,24915,JobState.COMPLETED,0,176.5306122448979,176.53061224489795,36894.89795918366
jid_897604,92940.0,168.0,1,51,24884,24884,24936,JobState.COMPLETED,0,176.53061224489795,176.53061224489795,9003.061224489795
jid_897606,92940.0,168.0,1,50,24885,24885,24936,JobState.COMPLETED,0,176.53061224489795,176.53061224489795,8826.530612244898
jid_897605,92940.0,168.0,1,49,24889,24889,24939,JobState.COMPLETED,0,176.53061224489795,176.53061224489795,8650.0
jid_897608,92940.0,168.0,1,60,24895,24895,24956,JobState.COMPLETED,0,176.53061224489798,176.53061224489795,10591.83673469388
jid_897620,92940.0,168.0,1,153,24805,24805,24959,JobState.COMPLETED,0,176.5306122448979,176.53061224489795,27009.18367346938
jid_897633,92940.0,168.0,1,42,24921,24921,24964,JobState.COMPLETED,0,176.53061224489795,176.53061224489795,7414.285714285714
jid_897617,92940.0,168.0,1,53,24913,24913,24967,JobState.COMPLETED,0,176.53061224489795,176.53061224489795,9356.122448979591
jid_897614,92940.0,168.0,1,54,24913,24913,24968,JobState.COMPLETED,0,176.53061224489795,176.53061224489795,9532.65306122449
jid_897613,92940.0,168.0,1,52,24919,24919,24972,JobState.COMPLETED,0,176.53061224489795,176.53061224489795,9179.591836734693
jid_897622,92940.0,168.0,1,70,24924,24924,24995,JobState.COMPLETED,0,176.53061224489795,176.53061224489795,12357.142857142857
jid_897625,92940.0,168.0,1,45,24955,24955,25001,JobState.COMPLETED,0,176.53061224489795,176.53061224489795,7943.877551020408
jid_897627,92940.0,168.0,1,69,24932,24932,25002,JobState.COMPLETED,0,176.53061224489798,176.53061224489795,12180.61224489796
jid_897626,92940.0,168.0,1,45,24956,24956,25002,JobState.COMPLETED,0,176.53061224489795,176.53061224489795,7943.877551020408
jid_897624,92940.0,168.0,1,47,24955,24955,25003,JobState.COMPLETED,0,176.53061224489795,176.53061224489795,8296.938775510203
jid_897631,92940.0,168.0,1,23,24991,24991,25015,JobState.COMPLETED,0,176.53061224489795,176.53061224489795,4060.204081632653
jid_897630,92940.0,168.0,1,24,24991,24991,25016,JobState.COMPLETED,0,176.53061224489795,176.53061224489795,4236.734693877551
jid_897629,92940.0,168.0,1,27,24990,24990,25018,JobState.COMPLETED,0,176.53061224489795,176.53061224489795,4766.326530612245
jid_897632,92940.0,168.0,1,55,24973,24973,25029,JobState.COMPLETED,0,176.53061224489795,176.53061224489795,9709.183673469388
jid_897713,36780.0,145.0,8,24467,568,568,25036,JobState.COMPLETED,0,176.53061224490668,176.53061224489795,34553395.918369055
jid_897637,92940.0,168.0,1,27,25020,25020,25048,JobState.COMPLETED,0,176.53061224489795,176.53061224489795,4766.326530612245
jid_897639,92940.0,168.0,1,25,25023,25023,25049,JobState.COMPLETED,0,176.53061224489795,176.53061224489795,4413.265306122449
jid_897641,92940.0,168.0,1,28,25026,25026,25055,JobState.COMPLETED,0,176.53061224489795,176.53061224489795,4942.857142857143
jid_897644,92940.0,168.0,1,42,25015,25015,25058,JobState.COMPLETED,0,176.53061224489795,176.53061224489795,7414.285714285714
jid_897640,92940.0,168.0,1,26,25035,25035,25062,JobState.COMPLETED,0,176.53061224489795,176.53061224489795,4589.7959183673465
jid_897650,92940.0,168.0,1,29,25040,25040,25070,JobState.COMPLETED,0,176.53061224489795,176.53061224489795,5119.3877551020405
jid_897652,92940.0,168.0,1,30,25040,25040,25071,JobState.COMPLETED,0,176.53061224489795,176.53061224489795,5295.918367346939
jid_897655,92940.0,168.0,1,45,25027,25027,25073,JobState.COMPLETED,0,176.53061224489795,176.53061224489795,7943.877551020408
jid_897646,92940.0,168.0,1,23,25050,25050,25074,JobState.COMPLETED,0,176.53061224489795,176.53061224489795,4060.204081632653
jid_897659,92940.0,168.0,1,83,25007,25007,25091,JobState.COMPLETED,0,176.53061224489795,176.53061224489795,14652.04081632653
jid_897658,92940.0,168.0,1,28,25063,25063,25092,JobState.COMPLETED,0,176.53061224489795,176.53061224489795,4942.857142857143
jid_897657,92940.0,168.0,1,39,25053,25053,25093,JobState.COMPLETED,0,176.53061224489795,176.53061224489795,6884.69387755102
jid_897663,92940.0,168.0,1,29,25071,25071,25101,JobState.COMPLETED,0,176.53061224489795,176.53061224489795,5119.3877551020405
jid_897687,92940.0,168.0,1,27,25078,25078,25106,JobState.COMPLETED,0,176.53061224489795,176.53061224489795,4766.326530612245
jid_897666,92940.0,168.0,1,173,24933,24933,25107,JobState.COMPLETED,0,176.5306122448979,176.53061224489795,30539.795918367337
jid_897669,92940.0,168.0,1,31,25078,25078,25110,JobState.COMPLETED,0,176.53061224489795,176.53061224489795,5472.448979591836
jid_897699,92940.0,168.0,1,26,25095,25095,25122,JobState.COMPLETED,0,176.53061224489795,176.53061224489795,4589.7959183673465
jid_897676,92940.0,168.0,1,33,25093,25093,25127,JobState.COMPLETED,0,176.53061224489795,176.53061224489795,5825.510204081633
jid_897697,92940.0,168.0,1,41,25086,25086,25128,JobState.COMPLETED,0,176.53061224489795,176.53061224489795,7237.755102040816
jid_897675,92940.0,168.0,1,29,25098,25098,25128,JobState.COMPLETED,0,176.53061224489795,176.53061224489795,5119.3877551020405
jid_897678,92940.0,168.0,1,32,25110,25110,25143,JobState.COMPLETED,0,176.53061224489795,176.53061224489795,5648.9795918367345
jid_897682,92940.0,168.0,1,44,25110,25110,25155,JobState.COMPLETED,0,176.53061224489795,176.53061224489795,7767.34693877551
jid_897724,92940.0,168.0,1,55,25119,25119,25175,JobState.COMPLETED,0,176.53061224489795,176.53061224489795,9709.183673469388
jid_897685,92940.0,168.0,1,26,25153,25153,25180,JobState.COMPLETED,0,176.53061224489795,176.53061224489795,4589.7959183673465
jid_897689,92940.0,168.0,1,25,25154,25154,25180,JobState.COMPLETED,0,176.53061224489795,176.53061224489795,4413.265306122449
jid_897688,92940.0,168.0,1,27,25162,25162,25190,JobState.COMPLETED,0,176.53061224489795,176.53061224489795,4766.326530612245
jid_897826,92940.0,168.0,1,62,25133,25133,25196,JobState.COMPLETED,0,176.53061224489798,176.53061224489795,10944.897959183674
jid_897701,92940.0,168.0,1,43,25176,25176,25220,JobState.COMPLETED,0,176.53061224489795,176.53061224489795,7590.816326530612
jid_897787,92940.0,168.0,1,122,25102,25102,25225,JobState.COMPLETED,0,176.5306122448979,176.53061224489795,21536.734693877544
jid_897704,92940.0,168.0,1,118,25111,25111,25230,JobState.COMPLETED,0,176.53061224489792,176.53061224489795,20830.612244897955
jid_897708,92940.0,168.0,1,46,25199,25199,25246,JobState.COMPLETED,0,176.53061224489795,176.53061224489795,8120.408163265306
jid_897711,92940.0,168.0,1,53,25207,25207,25261,JobState.COMPLETED,0,176.53061224489795,176.53061224489795,9356.122448979591
jid_897728,92940.0,168.0,1,67,25199,25199,25267,JobState.COMPLETED,0,176.53061224489798,176.53061224489795,11827.551020408164
jid_897823,92940.0,168.0,1,61,25207,25207,25269,JobState.COMPLETED,0,176.53061224489798,176.53061224489795,10768.367346938778
jid_897723,92940.0,168.0,1,49,25223,25223,25273,JobState.COMPLETED,0,176.53061224489795,176.53061224489795,8650.0
jid_897719,92940.0,168.0,1,159,25127,25127,25287,JobState.COMPLETED,0,176.5306122448979,176.53061224489795,28068.367346938765
jid_897721,92940.0,168.0,1,67,25222,25222,25290,JobState.COMPLETED,0,176.53061224489798,176.53061224489795,11827.551020408164
jid_897725,92940.0,168.0,1,68,25236,25236,25305,JobState.COMPLETED,0,176.53061224489798,176.53061224489795,12004.081632653062
jid_897733,92940.0,168.0,1,60,25263,25263,25324,JobState.COMPLETED,0,176.53061224489798,176.53061224489795,10591.83673469388
jid_897737,985.0,617.0,4,31,25298,25298,25330,JobState.COMPLETED,0,176.53061224489795,176.53061224489795,21889.795918367345
jid_897738,985.0,617.0,4,33,25298,25298,25332,JobState.COMPLETED,0,176.53061224489795,176.53061224489795,23302.04081632653
jid_897747,985.0,617.0,4,37,25298,25298,25336,JobState.COMPLETED,0,176.53061224489795,176.53061224489795,26126.530612244896
jid_897741,92940.0,168.0,1,60,25278,25278,25339,JobState.COMPLETED,0,176.53061224489798,176.53061224489795,10591.83673469388
jid_897745,985.0,617.0,4,41,25299,25299,25341,JobState.COMPLETED,0,176.53061224489795,176.53061224489795,28951.020408163266
jid_897746,985.0,617.0,4,41,25299,25299,25341,JobState.COMPLETED,0,176.53061224489795,176.53061224489795,28951.020408163266
jid_897743,985.0,617.0,4,41,25301,25301,25343,JobState.COMPLETED,0,176.53061224489795,176.53061224489795,28951.020408163266
jid_897749,985.0,617.0,4,43,25300,25300,25344,JobState.COMPLETED,0,176.53061224489795,176.53061224489795,30363.26530612245
jid_897754,985.0,617.0,4,48,25297,25297,25346,JobState.COMPLETED,0,176.53061224489795,176.53061224489795,33893.87755102041
jid_897758,985.0,617.0,4,43,25302,25302,25346,JobState.COMPLETED,0,176.53061224489795,176.53061224489795,30363.26530612245
jid_897750,985.0,617.0,4,42,25304,25304,25347,JobState.COMPLETED,0,176.53061224489795,176.53061224489795,29657.142857142855
jid_897752,985.0,617.0,4,30,25316,25316,25347,JobState.COMPLETED,0,176.53061224489795,176.53061224489795,21183.673469387755
jid_897762,985.0,617.0,4,46,25301,25301,25348,JobState.COMPLETED,0,176.53061224489795,176.53061224489795,32481.632653061224
jid_897756,985.0,617.0,4,44,25303,25303,25348,JobState.COMPLETED,0,176.53061224489795,176.53061224489795,31069.38775510204
jid_897757,985.0,617.0,4,44,25303,25303,25348,JobState.COMPLETED,0,176.53061224489795,176.53061224489795,31069.38775510204
jid_897761,985.0,617.0,4,43,25304,25304,25348,JobState.COMPLETED,0,176.53061224489795,176.53061224489795,30363.26530612245
jid_897759,985.0,617.0,4,43,25305,25305,25349,JobState.COMPLETED,0,176.53061224489795,176.53061224489795,30363.26530612245
jid_897765,985.0,617.0,4,49,25300,25300,25350,JobState.COMPLETED,0,176.53061224489795,176.53061224489795,34600.0
jid_897760,985.0,617.0,4,47,25302,25302,25350,JobState.COMPLETED,0,176.53061224489795,176.53061224489795,33187.755102040814
jid_897767,985.0,617.0,4,45,25304,25304,25350,JobState.COMPLETED,0,176.53061224489795,176.53061224489795,31775.51020408163
jid_897755,985.0,617.0,4,44,25305,25305,25350,JobState.COMPLETED,0,176.53061224489795,176.53061224489795,31069.38775510204
jid_897764,985.0,617.0,4,35,25315,25315,25351,JobState.COMPLETED,0,176.53061224489795,176.53061224489795,24714.285714285714
jid_897784,985.0,617.0,4,35,25315,25315,25351,JobState.COMPLETED,0,176.53061224489795,176.53061224489795,24714.285714285714
jid_897763,985.0,617.0,4,31,25319,25319,25351,JobState.COMPLETED,0,176.53061224489795,176.53061224489795,21889.795918367345
jid_897768,985.0,617.0,4,49,25302,25302,25352,JobState.COMPLETED,0,176.53061224489795,176.53061224489795,34600.0
jid_897766,985.0,617.0,4,32,25320,25320,25353,JobState.COMPLETED,0,176.53061224489795,176.53061224489795,22595.918367346938
jid_897774,985.0,617.0,4,28,25324,25324,25353,JobState.COMPLETED,0,176.53061224489795,176.53061224489795,19771.428571428572
jid_897771,985.0,617.0,4,33,25320,25320,25354,JobState.COMPLETED,0,176.53061224489795,176.53061224489795,23302.04081632653
jid_897776,985.0,617.0,4,31,25323,25323,25355,JobState.COMPLETED,0,176.53061224489795,176.53061224489795,21889.795918367345
jid_897775,985.0,617.0,4,38,25318,25318,25357,JobState.COMPLETED,0,176.53061224489795,176.53061224489795,26832.65306122449
jid_897778,985.0,617.0,4,38,25319,25319,25358,JobState.COMPLETED,0,176.53061224489795,176.53061224489795,26832.65306122449
jid_897785,985.0,617.0,4,38,25319,25319,25358,JobState.COMPLETED,0,176.53061224489795,176.53061224489795,26832.65306122449
jid_897849,985.0,617.0,4,37,25320,25320,25358,JobState.COMPLETED,0,176.53061224489795,176.53061224489795,26126.530612244896
jid_897777,985.0,617.0,4,44,25315,25315,25360,JobState.COMPLETED,0,176.53061224489795,176.53061224489795,31069.38775510204
jid_897851,985.0,617.0,4,38,25323,25323,25362,JobState.COMPLETED,0,176.53061224489795,176.53061224489795,26832.65306122449
jid_897782,985.0,617.0,4,37,25324,25324,25362,JobState.COMPLETED,0,176.53061224489795,176.53061224489795,26126.530612244896
jid_897781,985.0,617.0,4,36,25325,25325,25362,JobState.COMPLETED,0,176.53061224489795,176.53061224489795,25420.408163265303
jid_897795,92940.0,168.0,1,55,25311,25311,25367,JobState.COMPLETED,0,176.53061224489795,176.53061224489795,9709.183673469388
jid_897792,985.0,617.0,4,45,25321,25321,25367,JobState.COMPLETED,0,176.53061224489795,176.53061224489795,31775.51020408163
jid_897794,985.0,617.0,4,46,25321,25321,25368,JobState.COMPLETED,0,176.53061224489795,176.53061224489795,32481.632653061224
jid_897790,985.0,617.0,4,46,25322,25322,25369,JobState.COMPLETED,0,176.53061224489795,176.53061224489795,32481.632653061224
jid_897793,985.0,617.0,4,48,25322,25322,25371,JobState.COMPLETED,0,176.53061224489795,176.53061224489795,33893.87755102041
jid_897798,92940.0,168.0,1,53,25321,25321,25375,JobState.COMPLETED,0,176.53061224489795,176.53061224489795,9356.122448979591
jid_897799,985.0,617.0,4,34,25340,25340,25375,JobState.COMPLETED,0,176.53061224489795,176.53061224489795,24008.16326530612
jid_897801,985.0,617.0,4,30,25346,25346,25377,JobState.COMPLETED,0,176.53061224489795,176.53061224489795,21183.673469387755
jid_897810,92940.0,168.0,1,71,25310,25310,25382,JobState.COMPLETED,0,176.53061224489795,176.53061224489795,12533.673469387755
jid_897805,985.0,617.0,4,43,25340,25340,25384,JobState.COMPLETED,0,176.53061224489795,176.53061224489795,30363.26530612245
jid_897812,985.0,617.0,4,42,25341,25341,25384,JobState.COMPLETED,0,176.53061224489795,176.53061224489795,29657.142857142855
jid_897817,985.0,617.0,4,42,25341,25341,25384,JobState.COMPLETED,0,176.53061224489795,176.53061224489795,29657.142857142855
jid_897808,985.0,617.0,4,44,25340,25340,25385,JobState.COMPLETED,0,176.53061224489795,176.53061224489795,31069.38775510204
jid_897802,985.0,617.0,4,43,25341,25341,25385,JobState.COMPLETED,0,176.53061224489795,176.53061224489795,30363.26530612245
jid_897804,985.0,617.0,4,42,25342,25342,25385,JobState.COMPLETED,0,176.53061224489795,176.53061224489795,29657.142857142855
jid_897803,985.0,617.0,4,41,25343,25343,25385,JobState.COMPLETED,0,176.53061224489795,176.53061224489795,28951.020408163266
jid_897813,985.0,617.0,4,42,25343,25343,25386,JobState.COMPLETED,0,176.53061224489795,176.53061224489795,29657.142857142855
jid_897806,985.0,617.0,4,44,25342,25342,25387,JobState.COMPLETED,0,176.53061224489795,176.53061224489795,31069.38775510204
jid_897815,985.0,617.0,4,43,25344,25344,25388,JobState.COMPLETED,0,176.53061224489795,176.53061224489795,30363.26530612245
jid_897814,985.0,617.0,4,45,25343,25343,25389,JobState.COMPLETED,0,176.53061224489795,176.53061224489795,31775.51020408163
jid_897818,985.0,617.0,4,45,25344,25344,25390,JobState.COMPLETED,0,176.53061224489795,176.53061224489795,31775.51020408163
jid_897816,985.0,617.0,4,44,25345,25345,25390,JobState.COMPLETED,0,176.53061224489795,176.53061224489795,31069.38775510204
jid_897820,985.0,617.0,4,46,25345,25345,25392,JobState.COMPLETED,0,176.53061224489795,176.53061224489795,32481.632653061224
jid_897821,985.0,617.0,4,46,25345,25345,25392,JobState.COMPLETED,0,176.53061224489795,176.53061224489795,32481.632653061224
jid_897822,985.0,617.0,4,45,25346,25346,25392,JobState.COMPLETED,0,176.53061224489795,176.53061224489795,31775.51020408163
jid_897819,92940.0,168.0,1,72,25321,25321,25394,JobState.COMPLETED,0,176.53061224489795,176.53061224489795,12710.204081632652
jid_897829,985.0,617.0,4,47,25348,25348,25396,JobState.COMPLETED,0,176.53061224489795,176.53061224489795,33187.755102040814
jid_897880,92940.0,168.0,1,144,25252,25252,25397,JobState.COMPLETED,0,176.5306122448979,176.53061224489795,25420.408163265296
jid_897830,985.0,617.0,4,48,25348,25348,25397,JobState.COMPLETED,0,176.53061224489795,176.53061224489795,33893.87755102041
jid_897831,92940.0,168.0,1,61,25342,25342,25404,JobState.COMPLETED,0,176.53061224489798,176.53061224489795,10768.367346938778
jid_897835,92940.0,168.0,1,76,25329,25329,25406,JobState.COMPLETED,0,176.53061224489795,176.53061224489795,13416.326530612245
jid_897844,92940.0,168.0,1,70,25357,25357,25428,JobState.COMPLETED,0,176.53061224489795,176.53061224489795,12357.142857142857
jid_897862,92940.0,168.0,1,59,25385,25385,25445,JobState.COMPLETED,0,176.53061224489795,176.53061224489795,10415.30612244898
jid_897869,92940.0,168.0,1,59,25392,25392,25452,JobState.COMPLETED,0,176.53061224489795,176.53061224489795,10415.30612244898
jid_897866,92940.0,168.0,1,59,25393,25393,25453,JobState.COMPLETED,0,176.53061224489795,176.53061224489795,10415.30612244898
jid_897935,65164.0,145.0,8,24884,571,571,25456,JobState.COMPLETED,0,176.53061224490673,176.53061224489795,35142302.04081807
jid_897879,92940.0,168.0,1,62,25411,25411,25474,JobState.COMPLETED,0,176.53061224489798,176.53061224489795,10944.897959183674
jid_897916,92940.0,168.0,1,66,25416,25416,25483,JobState.COMPLETED,0,176.53061224489798,176.53061224489795,11651.020408163267
jid_897886,92940.0,168.0,1,64,25419,25419,25484,JobState.COMPLETED,0,176.53061224489798,176.53061224489795,11297.95918367347
jid_897889,92940.0,168.0,1,80,25406,25406,25487,JobState.COMPLETED,0,176.53061224489795,176.53061224489795,14122.448979591836
jid_897891,92940.0,168.0,1,78,25412,25412,25491,JobState.COMPLETED,0,176.53061224489795,176.53061224489795,13769.38775510204
jid_897896,92940.0,168.0,1,63,25445,25445,25509,JobState.COMPLETED,0,176.53061224489798,176.53061224489795,11121.428571428572
jid_897899,92940.0,168.0,1,83,25428,25428,25512,JobState.COMPLETED,0,176.53061224489795,176.53061224489795,14652.04081632653
jid_897911,92940.0,168.0,1,213,25306,25306,25520,JobState.COMPLETED,0,176.53061224489787,176.53061224489795,37601.02040816325
jid_897914,92940.0,168.0,1,64,25469,25469,25534,JobState.COMPLETED,0,176.53061224489798,176.53061224489795,11297.95918367347
jid_897910,92940.0,168.0,1,68,25473,25473,25542,JobState.COMPLETED,0,176.53061224489798,176.53061224489795,12004.081632653062
jid_897945,92940.0,168.0,1,67,25474,25474,25542,JobState.COMPLETED,0,176.53061224489798,176.53061224489795,11827.551020408164
jid_897918,92940.0,168.0,1,65,25493,25493,25559,JobState.COMPLETED,0,176.53061224489798,176.53061224489795,11474.489795918369
jid_897921,92940.0,168.0,1,67,25501,25501,25569,JobState.COMPLETED,0,176.53061224489798,176.53061224489795,11827.551020408164
jid_897967,92940.0,168.0,1,73,25510,25510,25584,JobState.COMPLETED,0,176.53061224489795,176.53061224489795,12886.73469387755
jid_897934,92940.0,168.0,1,67,25527,25527,25595,JobState.COMPLETED,0,176.53061224489798,176.53061224489795,11827.551020408164
jid_897937,92940.0,168.0,1,77,25528,25528,25606,JobState.COMPLETED,0,176.53061224489795,176.53061224489795,13592.857142857143
jid_897939,92940.0,168.0,1,118,25495,25495,25614,JobState.COMPLETED,0,176.53061224489792,176.53061224489795,20830.612244897955
jid_897947,92940.0,168.0,1,64,25565,25565,25630,JobState.COMPLETED,0,176.53061224489798,176.53061224489795,11297.95918367347
jid_897964,92940.0,168.0,1,53,25581,25581,25635,JobState.COMPLETED,0,176.53061224489795,176.53061224489795,9356.122448979591
jid_897949,92940.0,168.0,1,60,25579,25579,25640,JobState.COMPLETED,0,176.53061224489798,176.53061224489795,10591.83673469388
jid_897953,92940.0,168.0,1,63,25577,25577,25641,JobState.COMPLETED,0,176.53061224489798,176.53061224489795,11121.428571428572
jid_897955,92940.0,168.0,1,135,25510,25510,25646,JobState.COMPLETED,0,176.5306122448979,176.53061224489795,23831.632653061217
jid_897956,92940.0,168.0,1,61,25592,25592,25654,JobState.COMPLETED,0,176.53061224489798,176.53061224489795,10768.367346938778
jid_897962,92940.0,168.0,1,63,25612,25612,25676,JobState.COMPLETED,0,176.53061224489798,176.53061224489795,11121.428571428572
jid_897963,92940.0,168.0,1,1253,24424,24424,25678,JobState.COMPLETED,0,176.53061224489772,176.53061224489795,221192.85714285684
jid_897965,92940.0,168.0,1,70,25623,25623,25694,JobState.COMPLETED,0,176.53061224489795,176.53061224489795,12357.142857142857
jid_897966,92940.0,168.0,1,56,25638,25638,25695,JobState.COMPLETED,0,176.53061224489795,176.53061224489795,9885.714285714286
jid_897970,92940.0,168.0,1,1069,24634,24634,25704,JobState.COMPLETED,0,176.53061224489792,176.53061224489795,188711.2244897959
jid_897975,92940.0,168.0,1,58,25650,25650,25709,JobState.COMPLETED,0,176.53061224489795,176.53061224489795,10238.775510204081
jid_897981,92940.0,168.0,1,55,25661,25661,25717,JobState.COMPLETED,0,176.53061224489795,176.53061224489795,9709.183673469388
jid_897982,92940.0,168.0,1,54,25664,25664,25719,JobState.COMPLETED,0,176.53061224489795,176.53061224489795,9532.65306122449
jid_897984,92940.0,168.0,1,53,25671,25671,25725,JobState.COMPLETED,0,176.53061224489795,176.53061224489795,9356.122448979591
jid_897983,92940.0,168.0,1,55,25670,25670,25726,JobState.COMPLETED,0,176.53061224489795,176.53061224489795,9709.183673469388
jid_897999,92940.0,168.0,1,165,25564,25564,25730,JobState.COMPLETED,0,176.5306122448979,176.53061224489795,29127.55102040815
jid_897987,92940.0,168.0,1,112,25633,25633,25746,JobState.COMPLETED,0,176.53061224489792,176.53061224489795,19771.42857142857
jid_897989,92940.0,168.0,1,56,25693,25693,25750,JobState.COMPLETED,0,176.53061224489795,176.53061224489795,9885.714285714286
jid_897988,92940.0,168.0,1,53,25698,25698,25752,JobState.COMPLETED,0,176.53061224489795,176.53061224489795,9356.122448979591
jid_897992,92940.0,168.0,1,55,25712,25712,25768,JobState.COMPLETED,0,176.53061224489795,176.53061224489795,9709.183673469388
jid_897994,92940.0,168.0,1,65,25712,25712,25778,JobState.COMPLETED,0,176.53061224489798,176.53061224489795,11474.489795918369
jid_897996,92940.0,168.0,1,59,25728,25728,25788,JobState.COMPLETED,0,176.53061224489795,176.53061224489795,10415.30612244898
jid_898003,92940.0,168.0,1,75,25718,25718,25794,JobState.COMPLETED,0,176.53061224489795,176.53061224489795,13239.795918367347
jid_898006,92940.0,168.0,1,55,25738,25738,25794,JobState.COMPLETED,0,176.53061224489795,176.53061224489795,9709.183673469388
jid_898005,92940.0,168.0,1,56,25739,25739,25796,JobState.COMPLETED,0,176.53061224489795,176.53061224489795,9885.714285714286
jid_897998,92940.0,168.0,1,53,25742,25742,25796,JobState.COMPLETED,0,176.53061224489795,176.53061224489795,9356.122448979591
jid_898007,92940.0,168.0,1,53,25743,25743,25797,JobState.COMPLETED,0,176.53061224489795,176.53061224489795,9356.122448979591
jid_898009,92940.0,168.0,1,51,25769,25769,25821,JobState.COMPLETED,0,176.53061224489795,176.53061224489795,9003.061224489795
jid_898010,92940.0,168.0,1,50,25770,25770,25821,JobState.COMPLETED,0,176.53061224489795,176.53061224489795,8826.530612244898
jid_898013,92940.0,168.0,1,59,25791,25791,25851,JobState.COMPLETED,0,176.53061224489795,176.53061224489795,10415.30612244898
jid_898016,92940.0,168.0,1,58,25805,25805,25864,JobState.COMPLETED,0,176.53061224489795,176.53061224489795,10238.775510204081
jid_898018,92940.0,168.0,1,59,25813,25813,25873,JobState.COMPLETED,0,176.53061224489795,176.53061224489795,10415.30612244898
jid_898019,92940.0,168.0,1,109,25764,25764,25874,JobState.COMPLETED,0,176.53061224489792,176.53061224489795,19241.836734693872
jid_898021,92940.0,168.0,1,72,25802,25802,25875,JobState.COMPLETED,0,176.53061224489795,176.53061224489795,12710.204081632652
jid_898023,92940.0,168.0,1,56,25826,25826,25883,JobState.COMPLETED,0,176.53061224489795,176.53061224489795,9885.714285714286
jid_898024,92940.0,168.0,1,56,25826,25826,25883,JobState.COMPLETED,0,176.53061224489795,176.53061224489795,9885.714285714286
jid_898025,92940.0,168.0,1,60,25823,25823,25884,JobState.COMPLETED,0,176.53061224489798,176.53061224489795,10591.83673469388
jid_898026,92940.0,168.0,1,61,25839,25839,25901,JobState.COMPLETED,0,176.53061224489798,176.53061224489795,10768.367346938778
jid_898036,92940.0,168.0,1,77,25839,25839,25917,JobState.COMPLETED,0,176.53061224489795,176.53061224489795,13592.857142857143
jid_898039,92940.0,168.0,1,126,25819,25819,25946,JobState.COMPLETED,0,176.5306122448979,176.53061224489795,22242.857142857134
jid_898031,92940.0,168.0,1,60,25888,25888,25949,JobState.COMPLETED,0,176.53061224489798,176.53061224489795,10591.83673469388
jid_898028,92940.0,168.0,1,62,25887,25887,25950,JobState.COMPLETED,0,176.53061224489798,176.53061224489795,10944.897959183674
jid_898029,92940.0,168.0,1,82,25869,25869,25952,JobState.COMPLETED,0,176.53061224489795,176.53061224489795,14475.510204081633
jid_898030,92940.0,168.0,1,56,25896,25896,25953,JobState.COMPLETED,0,176.53061224489795,176.53061224489795,9885.714285714286
jid_898032,92940.0,168.0,1,59,25909,25909,25969,JobState.COMPLETED,0,176.53061224489795,176.53061224489795,10415.30612244898
jid_898033,92940.0,168.0,1,61,25909,25909,25971,JobState.COMPLETED,0,176.53061224489798,176.53061224489795,10768.367346938778
jid_898034,92940.0,168.0,1,60,25912,25912,25973,JobState.COMPLETED,0,176.53061224489798,176.53061224489795,10591.83673469388
jid_898035,92940.0,168.0,1,59,25923,25923,25983,JobState.COMPLETED,0,176.53061224489795,176.53061224489795,10415.30612244898
jid_898037,92940.0,168.0,1,180,25813,25813,25994,JobState.COMPLETED,0,176.5306122448979,176.53061224489795,31775.51020408162
jid_898038,92940.0,168.0,1,55,25969,25969,26025,JobState.COMPLETED,0,176.53061224489795,176.53061224489795,9709.183673469388
jid_898040,92940.0,168.0,1,57,25970,25970,26028,JobState.COMPLETED,0,176.53061224489795,176.53061224489795,10062.244897959183
jid_898041,92940.0,168.0,1,72,25969,25969,26042,JobState.COMPLETED,0,176.53061224489795,176.53061224489795,12710.204081632652
jid_898042,92940.0,168.0,1,65,25981,25981,26047,JobState.COMPLETED,0,176.53061224489798,176.53061224489795,11474.489795918369
jid_898044,92940.0,168.0,1,59,25993,25993,26053,JobState.COMPLETED,0,176.53061224489795,176.53061224489795,10415.30612244898
jid_898043,92940.0,168.0,1,60,25994,25994,26055,JobState.COMPLETED,0,176.53061224489798,176.53061224489795,10591.83673469388
jid_898045,92940.0,168.0,1,60,25997,25997,26058,JobState.COMPLETED,0,176.53061224489798,176.53061224489795,10591.83673469388
jid_898052,92940.0,168.0,1,59,26008,26008,26068,JobState.COMPLETED,0,176.53061224489795,176.53061224489795,10415.30612244898
jid_898046,92940.0,168.0,1,187,25894,25894,26082,JobState.COMPLETED,0,176.5306122448979,176.53061224489795,33011.22448979591
jid_898047,92940.0,168.0,1,82,26009,26009,26092,JobState.COMPLETED,0,176.53061224489795,176.53061224489795,14475.510204081633
jid_898048,92940.0,168.0,1,61,26043,26043,26105,JobState.COMPLETED,0,176.53061224489798,176.53061224489795,10768.367346938778
jid_898049,92940.0,168.0,1,65,26047,26047,26113,JobState.COMPLETED,0,176.53061224489798,176.53061224489795,11474.489795918369
jid_898050,92940.0,168.0,1,83,26042,26042,26126,JobState.COMPLETED,0,176.53061224489795,176.53061224489795,14652.04081632653
jid_898051,92940.0,168.0,1,67,26067,26067,26135,JobState.COMPLETED,0,176.53061224489798,176.53061224489795,11827.551020408164
jid_898053,92940.0,168.0,1,58,26078,26078,26137,JobState.COMPLETED,0,176.53061224489795,176.53061224489795,10238.775510204081
jid_898057,92940.0,168.0,1,59,26078,26078,26138,JobState.COMPLETED,0,176.53061224489795,176.53061224489795,10415.30612244898
jid_898056,92940.0,168.0,1,81,26060,26060,26142,JobState.COMPLETED,0,176.53061224489795,176.53061224489795,14298.979591836734
jid_898055,92940.0,168.0,1,59,26082,26082,26142,JobState.COMPLETED,0,176.53061224489795,176.53061224489795,10415.30612244898
jid_898058,92940.0,168.0,1,60,26100,26100,26161,JobState.COMPLETED,0,176.53061224489798,176.53061224489795,10591.83673469388
jid_898059,92940.0,168.0,1,57,26123,26123,26181,JobState.COMPLETED,0,176.53061224489795,176.53061224489795,10062.244897959183
jid_898060,92940.0,168.0,1,77,26110,26110,26188,JobState.COMPLETED,0,176.53061224489795,176.53061224489795,13592.857142857143
jid_898061,92940.0,168.0,1,188,26021,26021,26210,JobState.COMPLETED,0,176.5306122448979,176.53061224489795,33187.75510204081
jid_898074,92940.0,168.0,1,54,26158,26158,26213,JobState.COMPLETED,0,176.53061224489795,176.53061224489795,9532.65306122449
jid_898064,92940.0,168.0,1,60,26155,26155,26216,JobState.COMPLETED,0,176.53061224489798,176.53061224489795,10591.83673469388
jid_898062,92940.0,168.0,1,62,26154,26154,26217,JobState.COMPLETED,0,176.53061224489798,176.53061224489795,10944.897959183674
jid_898063,92940.0,168.0,1,76,26143,26143,26220,JobState.COMPLETED,0,176.53061224489795,176.53061224489795,13416.326530612245
jid_898066,92940.0,168.0,1,56,26169,26169,26226,JobState.COMPLETED,0,176.53061224489795,176.53061224489795,9885.714285714286
jid_898067,92940.0,168.0,1,59,26168,26168,26228,JobState.COMPLETED,0,176.53061224489795,176.53061224489795,10415.30612244898
jid_898065,92940.0,168.0,1,98,26131,26131,26230,JobState.COMPLETED,0,176.53061224489792,176.53061224489795,17299.999999999996
jid_898072,92940.0,168.0,1,53,26182,26182,26236,JobState.COMPLETED,0,176.53061224489795,176.53061224489795,9356.122448979591
jid_898068,92940.0,168.0,1,74,26168,26168,26243,JobState.COMPLETED,0,176.53061224489795,176.53061224489795,13063.265306122448
jid_898069,92940.0,168.0,1,62,26198,26198,26261,JobState.COMPLETED,0,176.53061224489798,176.53061224489795,10944.897959183674
jid_898070,92940.0,168.0,1,79,26206,26206,26286,JobState.COMPLETED,0,176.53061224489795,176.53061224489795,13945.918367346938
jid_898073,92940.0,168.0,1,58,26235,26235,26294,JobState.COMPLETED,0,176.53061224489795,176.53061224489795,10238.775510204081
jid_898071,92940.0,168.0,1,41,26252,26252,26294,JobState.COMPLETED,0,176.53061224489795,176.53061224489795,7237.755102040816
jid_898083,92940.0,168.0,1,56,26238,26238,26295,JobState.COMPLETED,0,176.53061224489795,176.53061224489795,9885.714285714286
jid_898076,92940.0,168.0,1,54,26249,26249,26304,JobState.COMPLETED,0,176.53061224489795,176.53061224489795,9532.65306122449
jid_898077,92940.0,168.0,1,53,26251,26251,26305,JobState.COMPLETED,0,176.53061224489795,176.53061224489795,9356.122448979591
jid_898075,92940.0,168.0,1,72,26236,26236,26309,JobState.COMPLETED,0,176.53061224489795,176.53061224489795,12710.204081632652
jid_898087,92940.0,168.0,1,65,26265,26265,26331,JobState.COMPLETED,0,176.53061224489798,176.53061224489795,11474.489795918369
jid_898078,92940.0,168.0,1,65,26279,26279,26345,JobState.COMPLETED,0,176.53061224489798,176.53061224489795,11474.489795918369
jid_898080,92940.0,168.0,1,127,26226,26226,26354,JobState.COMPLETED,0,176.5306122448979,176.53061224489795,22419.387755102034
jid_898081,92940.0,168.0,1,43,26312,26312,26356,JobState.COMPLETED,0,176.53061224489795,176.53061224489795,7590.816326530612
jid_898082,92940.0,168.0,1,54,26313,26313,26368,JobState.COMPLETED,0,176.53061224489795,176.53061224489795,9532.65306122449
jid_898084,92940.0,168.0,1,57,26312,26312,26370,JobState.COMPLETED,0,176.53061224489795,176.53061224489795,10062.244897959183
jid_898086,92940.0,168.0,1,60,26315,26315,26376,JobState.COMPLETED,0,176.53061224489798,176.53061224489795,10591.83673469388
jid_898085,92940.0,168.0,1,75,26304,26304,26380,JobState.COMPLETED,0,176.53061224489795,176.53061224489795,13239.795918367347
jid_898089,92940.0,168.0,1,56,26328,26328,26385,JobState.COMPLETED,0,176.53061224489795,176.53061224489795,9885.714285714286
jid_898088,92940.0,168.0,1,57,26328,26328,26386,JobState.COMPLETED,0,176.53061224489795,176.53061224489795,10062.244897959183
jid_898090,92940.0,168.0,1,74,26328,26328,26403,JobState.COMPLETED,0,176.53061224489795,176.53061224489795,13063.265306122448
jid_898091,92940.0,168.0,1,37,26377,26377,26415,JobState.COMPLETED,0,176.53061224489795,176.53061224489795,6531.632653061224
jid_898092,92940.0,168.0,1,52,26363,26363,26416,JobState.COMPLETED,0,176.53061224489795,176.53061224489795,9179.591836734693
jid_898094,92940.0,168.0,1,42,26388,26388,26431,JobState.COMPLETED,0,176.53061224489795,176.53061224489795,7414.285714285714
jid_898095,92940.0,168.0,1,40,26391,26391,26432,JobState.COMPLETED,0,176.53061224489795,176.53061224489795,7061.224489795918
jid_898096,92940.0,168.0,1,44,26391,26391,26436,JobState.COMPLETED,0,176.53061224489795,176.53061224489795,7767.34693877551
jid_898098,92940.0,168.0,1,36,26412,26412,26449,JobState.COMPLETED,0,176.53061224489795,176.53061224489795,6355.102040816326
jid_898097,92940.0,168.0,1,36,26414,26414,26451,JobState.COMPLETED,0,176.53061224489795,176.53061224489795,6355.102040816326
jid_898100,92940.0,168.0,1,52,26403,26403,26456,JobState.COMPLETED,0,176.53061224489795,176.53061224489795,9179.591836734693
jid_898099,92940.0,168.0,1,49,26420,26420,26470,JobState.COMPLETED,0,176.53061224489795,176.53061224489795,8650.0
jid_898102,92940.0,168.0,1,38,26432,26432,26471,JobState.COMPLETED,0,176.53061224489795,176.53061224489795,6708.163265306122
jid_898113,92940.0,168.0,1,64,26410,26410,26475,JobState.COMPLETED,0,176.53061224489798,176.53061224489795,11297.95918367347
jid_898103,92940.0,168.0,1,104,26372,26372,26477,JobState.COMPLETED,0,176.53061224489792,176.53061224489795,18359.183673469382
jid_898112,92940.0,168.0,1,64,26432,26432,26497,JobState.COMPLETED,0,176.53061224489798,176.53061224489795,11297.95918367347
jid_898105,92940.0,168.0,1,49,26456,26456,26506,JobState.COMPLETED,0,176.53061224489795,176.53061224489795,8650.0
jid_898104,92940.0,168.0,1,53,26453,26453,26507,JobState.COMPLETED,0,176.53061224489795,176.53061224489795,9356.122448979591
jid_898110,92940.0,168.0,1,53,26467,26467,26521,JobState.COMPLETED,0,176.53061224489795,176.53061224489795,9356.122448979591
jid_898106,92940.0,168.0,1,115,26406,26406,26522,JobState.COMPLETED,0,176.53061224489792,176.53061224489795,20301.020408163262
jid_898107,92940.0,168.0,1,46,26490,26490,26537,JobState.COMPLETED,0,176.53061224489795,176.53061224489795,8120.408163265306
jid_898108,92940.0,168.0,1,62,26476,26476,26539,JobState.COMPLETED,0,176.53061224489798,176.53061224489795,10944.897959183674
jid_898109,92940.0,168.0,1,60,26481,26481,26542,JobState.COMPLETED,0,176.53061224489798,176.53061224489795,10591.83673469388
jid_898111,92940.0,168.0,1,71,26487,26487,26559,JobState.COMPLETED,0,176.53061224489795,176.53061224489795,12533.673469387755
jid_898114,92940.0,168.0,1,76,26488,26488,26565,JobState.COMPLETED,0,176.53061224489795,176.53061224489795,13416.326530612245
jid_898115,92940.0,168.0,1,50,26524,26524,26575,JobState.COMPLETED,0,176.53061224489795,176.53061224489795,8826.530612244898
jid_898119,92940.0,168.0,1,65,26524,26524,26590,JobState.COMPLETED,0,176.53061224489798,176.53061224489795,11474.489795918369
jid_898120,92940.0,168.0,1,56,26557,26557,26614,JobState.COMPLETED,0,176.53061224489795,176.53061224489795,9885.714285714286
jid_898121,92940.0,168.0,1,121,26496,26496,26618,JobState.COMPLETED,0,176.5306122448979,176.53061224489795,21360.204081632644
jid_898122,92940.0,168.0,1,64,26557,26557,26622,JobState.COMPLETED,0,176.53061224489798,176.53061224489795,11297.95918367347
jid_898123,92940.0,168.0,1,67,26563,26563,26631,JobState.COMPLETED,0,176.53061224489798,176.53061224489795,11827.551020408164
jid_898131,92940.0,168.0,1,65,26567,26567,26633,JobState.COMPLETED,0,176.53061224489798,176.53061224489795,11474.489795918369
jid_898124,92940.0,168.0,1,65,26576,26576,26642,JobState.COMPLETED,0,176.53061224489798,176.53061224489795,11474.489795918369
jid_898125,92940.0,168.0,1,54,26590,26590,26645,JobState.COMPLETED,0,176.53061224489795,176.53061224489795,9532.65306122449
jid_898126,92940.0,168.0,1,75,26578,26578,26654,JobState.COMPLETED,0,176.53061224489795,176.53061224489795,13239.795918367347
jid_898127,92940.0,168.0,1,78,26576,26576,26655,JobState.COMPLETED,0,176.53061224489795,176.53061224489795,13769.38775510204
jid_898135,92940.0,168.0,1,75,26589,26589,26665,JobState.COMPLETED,0,176.53061224489795,176.53061224489795,13239.795918367347
jid_898128,92940.0,168.0,1,71,26608,26608,26680,JobState.COMPLETED,0,176.53061224489795,176.53061224489795,12533.673469387755
jid_898130,92940.0,168.0,1,134,26551,26551,26686,JobState.COMPLETED,0,176.5306122448979,176.53061224489795,23655.102040816317
jid_898129,92940.0,168.0,1,54,26631,26631,26686,JobState.COMPLETED,0,176.53061224489795,176.53061224489795,9532.65306122449
jid_898133,92940.0,168.0,1,64,26644,26644,26709,JobState.COMPLETED,0,176.53061224489798,176.53061224489795,11297.95918367347
jid_898132,92940.0,168.0,1,48,26662,26662,26711,JobState.COMPLETED,0,176.53061224489795,176.53061224489795,8473.469387755102
jid_898136,92940.0,168.0,1,60,26662,26662,26723,JobState.COMPLETED,0,176.53061224489798,176.53061224489795,10591.83673469388
jid_898137,1444.0,710.0,12,922,25814,25814,26737,JobState.COMPLETED,0,119.8969616399202,119.89696163992012,1326539.983584077
jid_898138,92940.0,168.0,1,81,26672,26672,26754,JobState.COMPLETED,0,176.53061224489795,176.53061224489795,14298.979591836734
jid_898141,92940.0,168.0,1,116,26638,26638,26755,JobState.COMPLETED,0,176.53061224489792,176.53061224489795,20477.55102040816
jid_898139,92940.0,168.0,1,83,26672,26672,26756,JobState.COMPLETED,0,176.53061224489795,176.53061224489795,14652.04081632653
jid_898140,92940.0,168.0,1,51,26704,26704,26756,JobState.COMPLETED,0,176.53061224489795,176.53061224489795,9003.061224489795
jid_898142,92940.0,168.0,1,69,26697,26697,26767,JobState.COMPLETED,0,176.53061224489798,176.53061224489795,12180.61224489796
jid_898143,92940.0,168.0,1,49,26725,26725,26775,JobState.COMPLETED,0,176.53061224489795,176.53061224489795,8650.0
jid_898144,92940.0,168.0,1,48,26727,26727,26776,JobState.COMPLETED,0,176.53061224489795,176.53061224489795,8473.469387755102
jid_898145,92940.0,168.0,1,53,26725,26725,26779,JobState.COMPLETED,0,176.53061224489795,176.53061224489795,9356.122448979591
jid_898146,92940.0,168.0,1,40,26742,26742,26783,JobState.COMPLETED,0,176.53061224489795,176.53061224489795,7061.224489795918
jid_898147,92940.0,168.0,1,135,26652,26652,26788,JobState.COMPLETED,0,176.5306122448979,176.53061224489795,23831.632653061217
jid_898149,92940.0,168.0,1,62,26736,26736,26799,JobState.COMPLETED,0,176.53061224489798,176.53061224489795,10944.897959183674
jid_898148,92940.0,168.0,1,26,26772,26772,26799,JobState.COMPLETED,0,176.53061224489795,176.53061224489795,4589.7959183673465
jid_898150,92940.0,168.0,1,39,26772,26772,26812,JobState.COMPLETED,0,176.53061224489795,176.53061224489795,6884.69387755102
jid_898152,92940.0,168.0,1,29,26786,26786,26816,JobState.COMPLETED,0,176.53061224489795,176.53061224489795,5119.3877551020405
jid_898151,92940.0,168.0,1,44,26772,26772,26817,JobState.COMPLETED,0,176.53061224489795,176.53061224489795,7767.34693877551
jid_898155,92940.0,168.0,1,116,26706,26706,26823,JobState.COMPLETED,0,176.53061224489792,176.53061224489795,20477.55102040816
jid_898158,92940.0,168.0,1,24,26799,26799,26824,JobState.COMPLETED,0,176.53061224489795,176.53061224489795,4236.734693877551
jid_898160,92940.0,168.0,1,28,26796,26796,26825,JobState.COMPLETED,0,176.53061224489795,176.53061224489795,4942.857142857143
jid_898159,92940.0,168.0,1,24,26801,26801,26826,JobState.COMPLETED,0,176.53061224489795,176.53061224489795,4236.734693877551
jid_898156,92940.0,168.0,1,40,26790,26790,26831,JobState.COMPLETED,0,176.53061224489795,176.53061224489795,7061.224489795918
jid_898157,92940.0,168.0,1,1106,25725,25725,26832,JobState.COMPLETED,0,176.5306122448979,176.53061224489795,195242.85714285707
jid_898161,92940.0,168.0,1,25,26814,26814,26840,JobState.COMPLETED,0,176.53061224489795,176.53061224489795,4413.265306122449
jid_898162,92940.0,168.0,1,67,26777,26777,26845,JobState.COMPLETED,0,176.53061224489798,176.53061224489795,11827.551020408164
jid_898163,92940.0,168.0,1,27,26833,26833,26861,JobState.COMPLETED,0,176.53061224489795,176.53061224489795,4766.326530612245
jid_898164,92940.0,168.0,1,47,26820,26820,26868,JobState.COMPLETED,0,176.53061224489795,176.53061224489795,8296.938775510203
jid_898166,92940.0,168.0,1,43,26831,26831,26875,JobState.COMPLETED,0,176.53061224489795,176.53061224489795,7590.816326530612
jid_898165,92940.0,168.0,1,44,26832,26832,26877,JobState.COMPLETED,0,176.53061224489795,176.53061224489795,7767.34693877551
jid_898167,92940.0,168.0,1,24,26852,26852,26877,JobState.COMPLETED,0,176.53061224489795,176.53061224489795,4236.734693877551
jid_898171,92940.0,168.0,1,27,26850,26850,26878,JobState.COMPLETED,0,176.53061224489795,176.53061224489795,4766.326530612245
jid_898170,92940.0,168.0,1,26,26856,26856,26883,JobState.COMPLETED,0,176.53061224489795,176.53061224489795,4589.7959183673465
jid_898169,92940.0,168.0,1,27,26856,26856,26884,JobState.COMPLETED,0,176.53061224489795,176.53061224489795,4766.326530612245
jid_898168,92940.0,168.0,1,39,26845,26845,26885,JobState.COMPLETED,0,176.53061224489795,176.53061224489795,6884.69387755102
jid_898172,92940.0,168.0,1,96,26812,26812,26909,JobState.COMPLETED,0,176.53061224489792,176.53061224489795,16946.9387755102
jid_898186,92940.0,168.0,1,29,26880,26880,26910,JobState.COMPLETED,0,176.53061224489795,176.53061224489795,5119.3877551020405
jid_898173,92940.0,168.0,1,25,26899,26899,26925,JobState.COMPLETED,0,176.53061224489795,176.53061224489795,4413.265306122449
jid_898182,92940.0,168.0,1,28,26899,26899,26928,JobState.COMPLETED,0,176.53061224489795,176.53061224489795,4942.857142857143
jid_898174,92940.0,168.0,1,30,26906,26906,26937,JobState.COMPLETED,0,176.53061224489795,176.53061224489795,5295.918367346939
jid_898175,92940.0,168.0,1,97,26841,26841,26939,JobState.COMPLETED,0,176.53061224489792,176.53061224489795,17123.4693877551
jid_898181,92940.0,168.0,1,28,26910,26910,26939,JobState.COMPLETED,0,176.53061224489795,176.53061224489795,4942.857142857143
jid_898176,92940.0,168.0,1,42,26899,26899,26942,JobState.COMPLETED,0,176.53061224489795,176.53061224489795,7414.285714285714
jid_898177,92940.0,168.0,1,76,26867,26867,26944,JobState.COMPLETED,0,176.53061224489795,176.53061224489795,13416.326530612245
jid_898178,92940.0,168.0,1,31,26943,26943,26975,JobState.COMPLETED,0,176.53061224489795,176.53061224489795,5472.448979591836
jid_898179,92940.0,168.0,1,83,26894,26894,26978,JobState.COMPLETED,0,176.53061224489795,176.53061224489795,14652.04081632653
jid_898183,92940.0,168.0,1,29,26953,26953,26983,JobState.COMPLETED,0,176.53061224489795,176.53061224489795,5119.3877551020405
jid_898180,92940.0,168.0,1,96,26889,26889,26986,JobState.COMPLETED,0,176.53061224489792,176.53061224489795,16946.9387755102
jid_898197,92940.0,168.0,1,93,26894,26894,26988,JobState.COMPLETED,0,176.53061224489792,176.53061224489795,16417.346938775507
jid_898185,92940.0,168.0,1,1304,25696,25696,27001,JobState.COMPLETED,0,176.53061224489767,176.53061224489795,230195.91836734654
jid_898184,92940.0,168.0,1,45,26957,26957,27003,JobState.COMPLETED,0,176.53061224489795,176.53061224489795,7943.877551020408
jid_898187,92940.0,168.0,1,80,26925,26925,27006,JobState.COMPLETED,0,176.53061224489795,176.53061224489795,14122.448979591836
jid_898188,92940.0,168.0,1,58,26956,26956,27015,JobState.COMPLETED,0,176.53061224489795,176.53061224489795,10238.775510204081
jid_898190,92940.0,168.0,1,58,26966,26966,27025,JobState.COMPLETED,0,176.53061224489795,176.53061224489795,10238.775510204081
jid_898189,92940.0,168.0,1,33,26992,26992,27026,JobState.COMPLETED,0,176.53061224489795,176.53061224489795,5825.510204081633
jid_898191,92940.0,168.0,1,29,27003,27003,27033,JobState.COMPLETED,0,176.53061224489795,176.53061224489795,5119.3877551020405
jid_898193,92940.0,168.0,1,22,27010,27010,27033,JobState.COMPLETED,0,176.53061224489795,176.53061224489795,3883.673469387755
jid_898196,92940.0,168.0,1,28,27010,27010,27039,JobState.COMPLETED,0,176.53061224489795,176.53061224489795,4942.857142857143
jid_898195,92940.0,168.0,1,26,27012,27012,27039,JobState.COMPLETED,0,176.53061224489795,176.53061224489795,4589.7959183673465
jid_898192,92940.0,168.0,1,28,27018,27018,27047,JobState.COMPLETED,0,176.53061224489795,176.53061224489795,4942.857142857143
jid_898194,92940.0,168.0,1,30,27017,27017,27048,JobState.COMPLETED,0,176.53061224489795,176.53061224489795,5295.918367346939
jid_898198,92940.0,168.0,1,37,27018,27018,27056,JobState.COMPLETED,0,176.53061224489795,176.53061224489795,6531.632653061224
jid_898199,92940.0,168.0,1,28,27043,27043,27072,JobState.COMPLETED,0,176.53061224489795,176.53061224489795,4942.857142857143
jid_898200,92940.0,168.0,1,21,27062,27062,27084,JobState.COMPLETED,0,176.53061224489795,176.53061224489795,3707.142857142857
jid_898202,92940.0,168.0,1,22,27062,27062,27085,JobState.COMPLETED,0,176.53061224489795,176.53061224489795,3883.673469387755
jid_898201,92940.0,168.0,1,28,27062,27062,27091,JobState.COMPLETED,0,176.53061224489795,176.53061224489795,4942.857142857143
jid_898203,92940.0,168.0,1,26,27065,27065,27092,JobState.COMPLETED,0,176.53061224489795,176.53061224489795,4589.7959183673465
jid_898204,92940.0,168.0,1,24,27077,27077,27102,JobState.COMPLETED,0,176.53061224489795,176.53061224489795,4236.734693877551
jid_898206,92940.0,168.0,1,25,27077,27077,27103,JobState.COMPLETED,0,176.53061224489795,176.53061224489795,4413.265306122449
jid_898205,92940.0,168.0,1,31,27077,27077,27109,JobState.COMPLETED,0,176.53061224489795,176.53061224489795,5472.448979591836
jid_898208,92940.0,168.0,1,68,27046,27046,27115,JobState.COMPLETED,0,176.53061224489798,176.53061224489795,12004.081632653062
jid_898207,92940.0,168.0,1,27,27087,27087,27115,JobState.COMPLETED,0,176.53061224489795,176.53061224489795,4766.326530612245
jid_898209,92940.0,168.0,1,84,27040,27040,27125,JobState.COMPLETED,0,176.53061224489795,176.53061224489795,14828.571428571428
jid_898210,92940.0,168.0,1,38,27087,27087,27126,JobState.COMPLETED,0,176.53061224489795,176.53061224489795,6708.163265306122
jid_898212,92940.0,168.0,1,99,27034,27034,27134,JobState.COMPLETED,0,176.53061224489792,176.53061224489795,17476.530612244893
jid_898213,92940.0,168.0,1,27,27106,27106,27134,JobState.COMPLETED,0,176.53061224489795,176.53061224489795,4766.326530612245
jid_898211,92940.0,168.0,1,29,27107,27107,27137,JobState.COMPLETED,0,176.53061224489795,176.53061224489795,5119.3877551020405
jid_898225,92940.0,168.0,1,31,27106,27106,27138,JobState.COMPLETED,0,176.53061224489795,176.53061224489795,5472.448979591836
jid_898214,92940.0,168.0,1,25,27126,27126,27152,JobState.COMPLETED,0,176.53061224489795,176.53061224489795,4413.265306122449
jid_898215,92940.0,168.0,1,30,27126,27126,27157,JobState.COMPLETED,0,176.53061224489795,176.53061224489795,5295.918367346939
jid_898217,92940.0,168.0,1,30,27126,27126,27157,JobState.COMPLETED,0,176.53061224489795,176.53061224489795,5295.918367346939
jid_898216,92940.0,168.0,1,26,27131,27131,27158,JobState.COMPLETED,0,176.53061224489795,176.53061224489795,4589.7959183673465
jid_898218,92940.0,168.0,1,29,27154,27154,27184,JobState.COMPLETED,0,176.53061224489795,176.53061224489795,5119.3877551020405
jid_898236,92940.0,168.0,1,31,27156,27156,27188,JobState.COMPLETED,0,176.53061224489795,176.53061224489795,5472.448979591836
jid_898219,92940.0,168.0,1,41,27148,27148,27190,JobState.COMPLETED,0,176.53061224489795,176.53061224489795,7237.755102040816
jid_898224,92940.0,168.0,1,176,27018,27018,27195,JobState.COMPLETED,0,176.5306122448979,176.53061224489795,31069.38775510203
jid_898220,92940.0,168.0,1,26,27173,27173,27200,JobState.COMPLETED,0,176.53061224489795,176.53061224489795,4589.7959183673465
jid_898221,92940.0,168.0,1,29,27172,27172,27202,JobState.COMPLETED,0,176.53061224489795,176.53061224489795,5119.3877551020405
jid_898222,92940.0,168.0,1,29,27172,27172,27202,JobState.COMPLETED,0,176.53061224489795,176.53061224489795,5119.3877551020405
jid_898223,92940.0,168.0,1,67,27136,27136,27204,JobState.COMPLETED,0,176.53061224489798,176.53061224489795,11827.551020408164
jid_898226,92940.0,168.0,1,60,27154,27154,27215,JobState.COMPLETED,0,176.53061224489798,176.53061224489795,10591.83673469388
jid_898249,92940.0,168.0,1,31,27185,27185,27217,JobState.COMPLETED,0,176.53061224489795,176.53061224489795,5472.448979591836
jid_898245,92940.0,168.0,1,78,27146,27146,27225,JobState.COMPLETED,0,176.53061224489795,176.53061224489795,13769.38775510204
jid_898227,92940.0,168.0,1,29,27201,27201,27231,JobState.COMPLETED,0,176.53061224489795,176.53061224489795,5119.3877551020405
jid_898228,92940.0,168.0,1,24,27217,27217,27242,JobState.COMPLETED,0,176.53061224489795,176.53061224489795,4236.734693877551
jid_898229,92940.0,168.0,1,28,27219,27219,27248,JobState.COMPLETED,0,176.53061224489795,176.53061224489795,4942.857142857143
jid_898230,92940.0,168.0,1,30,27219,27219,27250,JobState.COMPLETED,0,176.53061224489795,176.53061224489795,5295.918367346939
jid_898231,92940.0,168.0,1,46,27212,27212,27259,JobState.COMPLETED,0,176.53061224489795,176.53061224489795,8120.408163265306
jid_898247,92940.0,168.0,1,31,27237,27237,27269,JobState.COMPLETED,0,176.53061224489795,176.53061224489795,5472.448979591836
jid_898232,92940.0,168.0,1,52,27223,27223,27276,JobState.COMPLETED,0,176.53061224489795,176.53061224489795,9179.591836734693
jid_898233,92940.0,168.0,1,33,27248,27248,27282,JobState.COMPLETED,0,176.53061224489795,176.53061224489795,5825.510204081633
jid_898234,92940.0,168.0,1,32,27259,27259,27292,JobState.COMPLETED,0,176.53061224489795,176.53061224489795,5648.9795918367345
jid_898235,92940.0,168.0,1,27,27264,27264,27292,JobState.COMPLETED,0,176.53061224489795,176.53061224489795,4766.326530612245
jid_898237,92940.0,168.0,1,30,27273,27273,27304,JobState.COMPLETED,0,176.53061224489795,176.53061224489795,5295.918367346939
jid_898239,92940.0,168.0,1,43,27277,27277,27321,JobState.COMPLETED,0,176.53061224489795,176.53061224489795,7590.816326530612
jid_898240,92940.0,168.0,1,85,27237,27237,27323,JobState.COMPLETED,0,176.53061224489795,176.53061224489795,15005.102040816326
jid_898241,92940.0,168.0,1,31,27298,27298,27330,JobState.COMPLETED,0,176.53061224489795,176.53061224489795,5472.448979591836
jid_898243,92940.0,168.0,1,27,27309,27309,27337,JobState.COMPLETED,0,176.53061224489795,176.53061224489795,4766.326530612245
jid_898242,92940.0,168.0,1,28,27309,27309,27338,JobState.COMPLETED,0,176.53061224489795,176.53061224489795,4942.857142857143
jid_898244,92940.0,168.0,1,28,27309,27309,27338,JobState.COMPLETED,0,176.53061224489795,176.53061224489795,4942.857142857143
jid_898246,92940.0,168.0,1,56,27296,27296,27353,JobState.COMPLETED,0,176.53061224489795,176.53061224489795,9885.714285714286
jid_898248,92940.0,168.0,1,31,27322,27322,27354,JobState.COMPLETED,0,176.53061224489795,176.53061224489795,5472.448979591836
jid_898253,92940.0,168.0,1,26,27355,27355,27382,JobState.COMPLETED,0,176.53061224489795,176.53061224489795,4589.7959183673465
jid_898252,92940.0,168.0,1,32,27350,27350,27383,JobState.COMPLETED,0,176.53061224489795,176.53061224489795,5648.9795918367345
jid_898250,92940.0,168.0,1,30,27353,27353,27384,JobState.COMPLETED,0,176.53061224489795,176.53061224489795,5295.918367346939
jid_898251,92940.0,168.0,1,28,27355,27355,27384,JobState.COMPLETED,0,176.53061224489795,176.53061224489795,4942.857142857143
jid_898254,92940.0,168.0,1,46,27339,27339,27386,JobState.COMPLETED,0,176.53061224489795,176.53061224489795,8120.408163265306
jid_898255,92940.0,168.0,1,179,27226,27226,27406,JobState.COMPLETED,0,176.5306122448979,176.53061224489795,31598.979591836724
jid_898256,92940.0,168.0,1,77,27344,27344,27422,JobState.COMPLETED,0,176.53061224489795,176.53061224489795,13592.857142857143
jid_898257,92940.0,168.0,1,66,27357,27357,27424,JobState.COMPLETED,0,176.53061224489798,176.53061224489795,11651.020408163267
jid_898258,92940.0,168.0,1,42,27388,27388,27431,JobState.COMPLETED,0,176.53061224489795,176.53061224489795,7414.285714285714
jid_898261,92940.0,168.0,1,42,27390,27390,27433,JobState.COMPLETED,0,176.53061224489795,176.53061224489795,7414.285714285714
jid_898260,92940.0,168.0,1,66,27369,27369,27436,JobState.COMPLETED,0,176.53061224489798,176.53061224489795,11651.020408163267
jid_898259,92940.0,168.0,1,46,27390,27390,27437,JobState.COMPLETED,0,176.53061224489795,176.53061224489795,8120.408163265306
jid_898262,92940.0,168.0,1,47,27406,27406,27454,JobState.COMPLETED,0,176.53061224489795,176.53061224489795,8296.938775510203
jid_898265,92940.0,168.0,1,47,27406,27406,27454,JobState.COMPLETED,0,176.53061224489795,176.53061224489795,8296.938775510203
jid_898263,92940.0,168.0,1,48,27406,27406,27455,JobState.COMPLETED,0,176.53061224489795,176.53061224489795,8473.469387755102
jid_898264,92940.0,168.0,1,50,27406,27406,27457,JobState.COMPLETED,0,176.53061224489795,176.53061224489795,8826.530612244898
jid_898266,92940.0,168.0,1,63,27442,27442,27506,JobState.COMPLETED,0,176.53061224489798,176.53061224489795,11121.428571428572
jid_898267,92940.0,168.0,1,60,27453,27453,27514,JobState.COMPLETED,0,176.53061224489798,176.53061224489795,10591.83673469388
jid_898287,92940.0,168.0,1,57,27458,27458,27516,JobState.COMPLETED,0,176.53061224489795,176.53061224489795,10062.244897959183
jid_898268,92940.0,168.0,1,114,27406,27406,27521,JobState.COMPLETED,0,176.53061224489792,176.53061224489795,20124.48979591836
jid_898269,92940.0,168.0,1,74,27458,27458,27533,JobState.COMPLETED,0,176.53061224489795,176.53061224489795,13063.265306122448
jid_898270,92940.0,168.0,1,94,27440,27440,27535,JobState.COMPLETED,0,176.53061224489792,176.53061224489795,16593.877551020403
jid_898272,92940.0,168.0,1,58,27477,27477,27536,JobState.COMPLETED,0,176.53061224489795,176.53061224489795,10238.775510204081
jid_898271,92940.0,168.0,1,59,27477,27477,27537,JobState.COMPLETED,0,176.53061224489795,176.53061224489795,10415.30612244898
jid_898273,92940.0,168.0,1,59,27477,27477,27537,JobState.COMPLETED,0,176.53061224489795,176.53061224489795,10415.30612244898
jid_898274,92940.0,168.0,1,66,27477,27477,27544,JobState.COMPLETED,0,176.53061224489798,176.53061224489795,11651.020408163267
jid_898275,92940.0,168.0,1,111,27457,27457,27569,JobState.COMPLETED,0,176.53061224489792,176.53061224489795,19594.89795918367
jid_898276,92940.0,168.0,1,52,27539,27539,27592,JobState.COMPLETED,0,176.53061224489795,176.53061224489795,9179.591836734693
jid_898278,92940.0,168.0,1,68,27535,27535,27604,JobState.COMPLETED,0,176.53061224489798,176.53061224489795,12004.081632653062
jid_898277,92940.0,168.0,1,50,27553,27553,27604,JobState.COMPLETED,0,176.53061224489795,176.53061224489795,8826.530612244898
jid_898288,92940.0,168.0,1,59,27557,27557,27617,JobState.COMPLETED,0,176.53061224489795,176.53061224489795,10415.30612244898
jid_898279,92940.0,168.0,1,62,27557,27557,27620,JobState.COMPLETED,0,176.53061224489798,176.53061224489795,10944.897959183674
jid_898280,92940.0,168.0,1,62,27558,27558,27621,JobState.COMPLETED,0,176.53061224489798,176.53061224489795,10944.897959183674
jid_898292,92940.0,168.0,1,66,27557,27557,27624,JobState.COMPLETED,0,176.53061224489798,176.53061224489795,11651.020408163267
jid_898281,92940.0,168.0,1,101,27525,27525,27627,JobState.COMPLETED,0,176.53061224489792,176.53061224489795,17829.59183673469
jid_898282,92940.0,168.0,1,72,27566,27566,27639,JobState.COMPLETED,0,176.53061224489795,176.53061224489795,12710.204081632652
jid_898283,92940.0,168.0,1,220,27429,27429,27650,JobState.COMPLETED,0,176.53061224489787,176.53061224489795,38836.73469387753
jid_898285,92940.0,168.0,1,63,27590,27590,27654,JobState.COMPLETED,0,176.53061224489798,176.53061224489795,11121.428571428572
jid_898284,92940.0,168.0,1,44,27609,27609,27654,JobState.COMPLETED,0,176.53061224489795,176.53061224489795,7767.34693877551
jid_898286,92940.0,168.0,1,41,27624,27624,27666,JobState.COMPLETED,0,176.53061224489795,176.53061224489795,7237.755102040816
jid_898289,92940.0,168.0,1,61,27623,27623,27685,JobState.COMPLETED,0,176.53061224489798,176.53061224489795,10768.367346938778
jid_898290,92940.0,168.0,1,55,27640,27640,27696,JobState.COMPLETED,0,176.53061224489795,176.53061224489795,9709.183673469388
jid_898291,92940.0,168.0,1,59,27638,27638,27698,JobState.COMPLETED,0,176.53061224489795,176.53061224489795,10415.30612244898
jid_898293,92940.0,168.0,1,65,27645,27645,27711,JobState.COMPLETED,0,176.53061224489798,176.53061224489795,11474.489795918369
jid_898294,92940.0,168.0,1,48,27668,27668,27717,JobState.COMPLETED,0,176.53061224489795,176.53061224489795,8473.469387755102
jid_898295,92940.0,168.0,1,60,27657,27657,27718,JobState.COMPLETED,0,176.53061224489798,176.53061224489795,10591.83673469388
jid_898296,92940.0,168.0,1,59,27672,27672,27732,JobState.COMPLETED,0,176.53061224489795,176.53061224489795,10415.30612244898
jid_898302,92940.0,168.0,1,62,27686,27686,27749,JobState.COMPLETED,0,176.53061224489798,176.53061224489795,10944.897959183674
jid_898297,92940.0,168.0,1,66,27703,27703,27770,JobState.COMPLETED,0,176.53061224489798,176.53061224489795,11651.020408163267
jid_898298,92940.0,168.0,1,58,27716,27716,27775,JobState.COMPLETED,0,176.53061224489795,176.53061224489795,10238.775510204081
jid_898299,92940.0,168.0,1,65,27716,27716,27782,JobState.COMPLETED,0,176.53061224489798,176.53061224489795,11474.489795918369
jid_898300,92940.0,168.0,1,62,27733,27733,27796,JobState.COMPLETED,0,176.53061224489798,176.53061224489795,10944.897959183674
jid_898306,92940.0,168.0,1,54,27750,27750,27805,JobState.COMPLETED,0,176.53061224489795,176.53061224489795,9532.65306122449
jid_898309,92940.0,168.0,1,90,27725,27725,27816,JobState.COMPLETED,0,176.53061224489792,176.53061224489795,15887.755102040814
jid_898301,92940.0,168.0,1,99,27728,27728,27828,JobState.COMPLETED,0,176.53061224489792,176.53061224489795,17476.530612244893
jid_898303,92940.0,168.0,1,60,27787,27787,27848,JobState.COMPLETED,0,176.53061224489798,176.53061224489795,10591.83673469388
jid_898305,92940.0,168.0,1,58,27796,27796,27855,JobState.COMPLETED,0,176.53061224489795,176.53061224489795,10238.775510204081
jid_898304,92940.0,168.0,1,56,27798,27798,27855,JobState.COMPLETED,0,176.53061224489795,176.53061224489795,9885.714285714286
jid_898307,92940.0,168.0,1,197,27668,27668,27866,JobState.COMPLETED,0,176.5306122448979,176.53061224489795,34776.53061224488
jid_898308,92940.0,168.0,1,61,27813,27813,27875,JobState.COMPLETED,0,176.53061224489798,176.53061224489795,10768.367346938778
jid_898310,92940.0,168.0,1,62,27848,27848,27911,JobState.COMPLETED,0,176.53061224489798,176.53061224489795,10944.897959183674
jid_898311,92940.0,168.0,1,69,27846,27846,27916,JobState.COMPLETED,0,176.53061224489798,176.53061224489795,12180.61224489796
jid_898312,92940.0,168.0,1,1083,26847,26847,27931,JobState.COMPLETED,0,176.5306122448979,176.53061224489795,191182.6530612244
jid_898313,92940.0,168.0,1,56,27875,27875,27932,JobState.COMPLETED,0,176.53061224489795,176.53061224489795,9885.714285714286
jid_898314,92940.0,168.0,1,61,27875,27875,27937,JobState.COMPLETED,0,176.53061224489798,176.53061224489795,10768.367346938778
jid_898315,92940.0,168.0,1,65,27877,27877,27943,JobState.COMPLETED,0,176.53061224489798,176.53061224489795,11474.489795918369
jid_898316,92940.0,168.0,1,64,27891,27891,27956,JobState.COMPLETED,0,176.53061224489798,176.53061224489795,11297.95918367347
jid_898321,92940.0,168.0,1,70,27908,27908,27979,JobState.COMPLETED,0,176.53061224489795,176.53061224489795,12357.142857142857
jid_898317,92940.0,168.0,1,63,27932,27932,27996,JobState.COMPLETED,0,176.53061224489798,176.53061224489795,11121.428571428572
jid_898318,92940.0,168.0,1,65,27951,27951,28017,JobState.COMPLETED,0,176.53061224489798,176.53061224489795,11474.489795918369
jid_898319,92940.0,168.0,1,61,27965,27965,28027,JobState.COMPLETED,0,176.53061224489798,176.53061224489795,10768.367346938778
jid_898320,92940.0,168.0,1,66,27962,27962,28029,JobState.COMPLETED,0,176.53061224489798,176.53061224489795,11651.020408163267
jid_894724,63623.0,331.0,48,5007,1259,23047,28055,JobState.COMPLETED,0,176.53061224489923,176.53061224489795,42426661.2244901
jid_898322,92940.0,168.0,1,64,28000,28000,28065,JobState.COMPLETED,0,176.53061224489798,176.53061224489795,11297.95918367347
jid_898323,92940.0,168.0,1,181,27891,27891,28073,JobState.COMPLETED,0,176.5306122448979,176.53061224489795,31952.04081632652
jid_898324,92940.0,168.0,1,138,27935,27935,28074,JobState.COMPLETED,0,176.5306122448979,176.53061224489795,24361.22448979591
jid_898325,92940.0,168.0,1,61,28014,28014,28076,JobState.COMPLETED,0,176.53061224489798,176.53061224489795,10768.367346938778
jid_898326,92940.0,168.0,1,62,28037,28037,28100,JobState.COMPLETED,0,176.53061224489798,176.53061224489795,10944.897959183674
jid_898327,92940.0,168.0,1,56,28045,28045,28102,JobState.COMPLETED,0,176.53061224489795,176.53061224489795,9885.714285714286
jid_898328,92940.0,168.0,1,68,28060,28060,28129,JobState.COMPLETED,0,176.53061224489798,176.53061224489795,12004.081632653062
jid_898329,92940.0,168.0,1,1026,27107,27107,28134,JobState.COMPLETED,0,176.53061224489798,176.53061224489795,181120.40816326533
jid_898335,92940.0,168.0,1,51,28094,28094,28146,JobState.COMPLETED,0,176.53061224489795,176.53061224489795,9003.061224489795
jid_898330,92940.0,168.0,1,61,28085,28085,28147,JobState.COMPLETED,0,176.53061224489798,176.53061224489795,10768.367346938778
jid_898331,92940.0,168.0,1,201,27950,27950,28152,JobState.COMPLETED,0,176.5306122448979,176.53061224489795,35482.653061224475
jid_898334,92940.0,168.0,1,58,28100,28100,28159,JobState.COMPLETED,0,176.53061224489795,176.53061224489795,10238.775510204081
jid_898337,92940.0,168.0,1,91,28069,28069,28161,JobState.COMPLETED,0,176.53061224489792,176.53061224489795,16064.285714285712
jid_898332,92940.0,168.0,1,60,28119,28119,28180,JobState.COMPLETED,0,176.53061224489798,176.53061224489795,10591.83673469388
jid_898343,92940.0,168.0,1,53,28130,28130,28184,JobState.COMPLETED,0,176.53061224489795,176.53061224489795,9356.122448979591
jid_898333,92940.0,168.0,1,49,28147,28147,28197,JobState.COMPLETED,0,176.53061224489795,176.53061224489795,8650.0
jid_898336,92940.0,168.0,1,57,28164,28164,28222,JobState.COMPLETED,0,176.53061224489795,176.53061224489795,10062.244897959183
jid_898339,92940.0,168.0,1,59,28197,28197,28257,JobState.COMPLETED,0,176.53061224489795,176.53061224489795,10415.30612244898
jid_898338,92940.0,168.0,1,44,28213,28213,28258,JobState.COMPLETED,0,176.53061224489795,176.53061224489795,7767.34693877551
jid_898340,92940.0,168.0,1,60,28220,28220,28281,JobState.COMPLETED,0,176.53061224489798,176.53061224489795,10591.83673469388
jid_898341,92940.0,168.0,1,190,28100,28100,28291,JobState.COMPLETED,0,176.5306122448979,176.53061224489795,33540.8163265306
jid_898342,92940.0,168.0,1,56,28238,28238,28295,JobState.COMPLETED,0,176.53061224489795,176.53061224489795,9885.714285714286
jid_898344,92940.0,168.0,1,52,28245,28245,28298,JobState.COMPLETED,0,176.53061224489795,176.53061224489795,9179.591836734693
jid_898345,92940.0,168.0,1,63,28254,28254,28318,JobState.COMPLETED,0,176.53061224489798,176.53061224489795,11121.428571428572
jid_898346,92940.0,168.0,1,56,28274,28274,28331,JobState.COMPLETED,0,176.53061224489795,176.53061224489795,9885.714285714286
jid_898347,92940.0,168.0,1,57,28274,28274,28332,JobState.COMPLETED,0,176.53061224489795,176.53061224489795,10062.244897959183
jid_898348,92940.0,168.0,1,61,28299,28299,28361,JobState.COMPLETED,0,176.53061224489798,176.53061224489795,10768.367346938778
jid_898350,92940.0,168.0,1,59,28312,28312,28372,JobState.COMPLETED,0,176.53061224489795,176.53061224489795,10415.30612244898
jid_898349,92940.0,168.0,1,193,28181,28181,28375,JobState.COMPLETED,0,176.5306122448979,176.53061224489795,34070.408163265296
jid_898351,92940.0,168.0,1,61,28319,28319,28381,JobState.COMPLETED,0,176.53061224489798,176.53061224489795,10768.367346938778
jid_898356,92940.0,168.0,1,64,28319,28319,28384,JobState.COMPLETED,0,176.53061224489798,176.53061224489795,11297.95918367347
jid_898352,92940.0,168.0,1,58,28349,28349,28408,JobState.COMPLETED,0,176.53061224489795,176.53061224489795,10238.775510204081
jid_898353,92940.0,168.0,1,60,28350,28350,28411,JobState.COMPLETED,0,176.53061224489798,176.53061224489795,10591.83673469388
jid_898354,92940.0,168.0,1,63,28380,28380,28444,JobState.COMPLETED,0,176.53061224489798,176.53061224489795,11121.428571428572
jid_898355,92940.0,168.0,1,64,28391,28391,28456,JobState.COMPLETED,0,176.53061224489798,176.53061224489795,11297.95918367347
jid_898357,92940.0,168.0,1,67,28402,28402,28470,JobState.COMPLETED,0,176.53061224489798,176.53061224489795,11827.551020408164
jid_898363,92940.0,168.0,1,146,28335,28335,28482,JobState.COMPLETED,0,176.5306122448979,176.53061224489795,25773.469387755093
jid_898358,92940.0,168.0,1,65,28426,28426,28492,JobState.COMPLETED,0,176.53061224489798,176.53061224489795,11474.489795918369
jid_898359,92940.0,168.0,1,63,28429,28429,28493,JobState.COMPLETED,0,176.53061224489798,176.53061224489795,11121.428571428572
jid_898367,92940.0,168.0,1,194,28310,28310,28505,JobState.COMPLETED,0,176.5306122448979,176.53061224489795,34246.93877551019
jid_898360,92940.0,168.0,1,66,28471,28471,28538,JobState.COMPLETED,0,176.53061224489798,176.53061224489795,11651.020408163267
jid_898361,92940.0,168.0,1,67,28473,28473,28541,JobState.COMPLETED,0,176.53061224489798,176.53061224489795,11827.551020408164
jid_898362,92940.0,168.0,1,63,28482,28482,28546,JobState.COMPLETED,0,176.53061224489798,176.53061224489795,11121.428571428572
jid_898364,92940.0,168.0,1,67,28493,28493,28561,JobState.COMPLETED,0,176.53061224489798,176.53061224489795,11827.551020408164
jid_898365,92940.0,168.0,1,56,28509,28509,28566,JobState.COMPLETED,0,176.53061224489795,176.53061224489795,9885.714285714286
jid_898366,92940.0,168.0,1,55,28511,28511,28567,JobState.COMPLETED,0,176.53061224489795,176.53061224489795,9709.183673469388
jid_898368,92940.0,168.0,1,198,28392,28392,28591,JobState.COMPLETED,0,176.5306122448979,176.53061224489795,34953.061224489786
jid_898369,92940.0,168.0,1,57,28556,28556,28614,JobState.COMPLETED,0,176.53061224489795,176.53061224489795,10062.244897959183
jid_898370,92940.0,168.0,1,57,28560,28560,28618,JobState.COMPLETED,0,176.53061224489795,176.53061224489795,10062.244897959183
jid_898371,92940.0,168.0,1,55,28568,28568,28624,JobState.COMPLETED,0,176.53061224489795,176.53061224489795,9709.183673469388
jid_898372,92940.0,168.0,1,54,28574,28574,28629,JobState.COMPLETED,0,176.53061224489795,176.53061224489795,9532.65306122449
jid_898373,92940.0,168.0,1,57,28578,28578,28636,JobState.COMPLETED,0,176.53061224489795,176.53061224489795,10062.244897959183
jid_898374,92940.0,168.0,1,57,28582,28582,28640,JobState.COMPLETED,0,176.53061224489795,176.53061224489795,10062.244897959183
jid_898375,92940.0,168.0,1,56,28584,28584,28641,JobState.COMPLETED,0,176.53061224489795,176.53061224489795,9885.714285714286
jid_898376,92940.0,168.0,1,954,27693,27693,28648,JobState.COMPLETED,0,176.5306122448981,176.53061224489795,168410.20408163278
jid_898377,92940.0,168.0,1,62,28630,28630,28693,JobState.COMPLETED,0,176.53061224489798,176.53061224489795,10944.897959183674
jid_898378,92940.0,168.0,1,61,28637,28637,28699,JobState.COMPLETED,0,176.53061224489798,176.53061224489795,10768.367346938778
jid_898379,92940.0,168.0,1,54,28647,28647,28702,JobState.COMPLETED,0,176.53061224489795,176.53061224489795,9532.65306122449
jid_898380,92940.0,168.0,1,63,28643,28643,28707,JobState.COMPLETED,0,176.53061224489798,176.53061224489795,11121.428571428572
jid_898382,92940.0,168.0,1,56,28656,28656,28713,JobState.COMPLETED,0,176.53061224489795,176.53061224489795,9885.714285714286
jid_898381,92940.0,168.0,1,58,28656,28656,28715,JobState.COMPLETED,0,176.53061224489795,176.53061224489795,10238.775510204081
jid_898383,92940.0,168.0,1,130,28594,28594,28725,JobState.COMPLETED,0,176.5306122448979,176.53061224489795,22948.979591836727
jid_898384,92940.0,168.0,1,1045,27686,27686,28732,JobState.COMPLETED,0,176.53061224489795,176.53061224489795,184474.48979591837
jid_898385,92940.0,168.0,1,60,28711,28711,28772,JobState.COMPLETED,0,176.53061224489798,176.53061224489795,10591.83673469388
jid_898386,92940.0,168.0,1,55,28720,28720,28776,JobState.COMPLETED,0,176.53061224489795,176.53061224489795,9709.183673469388
jid_898395,92940.0,168.0,1,54,28721,28721,28776,JobState.COMPLETED,0,176.53061224489795,176.53061224489795,9532.65306122449
jid_898389,92940.0,168.0,1,53,28730,28730,28784,JobState.COMPLETED,0,176.53061224489795,176.53061224489795,9356.122448979591
jid_898387,92940.0,168.0,1,54,28730,28730,28785,JobState.COMPLETED,0,176.53061224489795,176.53061224489795,9532.65306122449
jid_898388,92940.0,168.0,1,1052,27734,27734,28787,JobState.COMPLETED,0,176.53061224489795,176.53061224489795,185710.20408163263
jid_898390,92940.0,168.0,1,178,28608,28608,28787,JobState.COMPLETED,0,176.5306122448979,176.53061224489795,31422.448979591827
jid_898391,92940.0,168.0,1,54,28732,28732,28787,JobState.COMPLETED,0,176.53061224489795,176.53061224489795,9532.65306122449
jid_898392,92940.0,168.0,1,951,27867,27867,28819,JobState.COMPLETED,0,176.5306122448981,176.53061224489795,167880.61224489808
jid_898393,92940.0,168.0,1,46,28802,28802,28849,JobState.COMPLETED,0,176.53061224489795,176.53061224489795,8120.408163265306
jid_898394,92940.0,168.0,1,61,28788,28788,28850,JobState.COMPLETED,0,176.53061224489798,176.53061224489795,10768.367346938778
jid_898398,92940.0,168.0,1,54,28799,28799,28854,JobState.COMPLETED,0,176.53061224489795,176.53061224489795,9532.65306122449
jid_898396,92940.0,168.0,1,56,28801,28801,28858,JobState.COMPLETED,0,176.53061224489795,176.53061224489795,9885.714285714286
jid_898397,92940.0,168.0,1,120,28742,28742,28863,JobState.COMPLETED,0,176.5306122448979,176.53061224489795,21183.673469387748
jid_898399,92940.0,168.0,1,56,28814,28814,28871,JobState.COMPLETED,0,176.53061224489795,176.53061224489795,9885.714285714286
jid_898400,92940.0,168.0,1,53,28866,28866,28920,JobState.COMPLETED,0,176.53061224489795,176.53061224489795,9356.122448979591
jid_898401,92940.0,168.0,1,65,28866,28866,28932,JobState.COMPLETED,0,176.53061224489798,176.53061224489795,11474.489795918369
jid_898402,92940.0,168.0,1,62,28876,28876,28939,JobState.COMPLETED,0,176.53061224489798,176.53061224489795,10944.897959183674
jid_898403,92940.0,168.0,1,61,28878,28878,28940,JobState.COMPLETED,0,176.53061224489798,176.53061224489795,10768.367346938778
jid_898404,92940.0,168.0,1,63,28878,28878,28942,JobState.COMPLETED,0,176.53061224489798,176.53061224489795,11121.428571428572
jid_898405,92940.0,168.0,1,66,28882,28882,28949,JobState.COMPLETED,0,176.53061224489798,176.53061224489795,11651.020408163267
jid_898406,92940.0,168.0,1,67,28889,28889,28957,JobState.COMPLETED,0,176.53061224489798,176.53061224489795,11827.551020408164
jid_898407,92940.0,168.0,1,166,28808,28808,28975,JobState.COMPLETED,0,176.5306122448979,176.53061224489795,29304.08163265305
jid_898410,92940.0,168.0,1,40,28953,28953,28994,JobState.COMPLETED,0,176.53061224489795,176.53061224489795,7061.224489795918
jid_898408,92940.0,168.0,1,31,28962,28962,28994,JobState.COMPLETED,0,176.53061224489795,176.53061224489795,5472.448979591836
jid_898409,92940.0,168.0,1,34,28960,28960,28995,JobState.COMPLETED,0,176.53061224489795,176.53061224489795,6002.04081632653
jid_898411,92940.0,168.0,1,35,28962,28962,28998,JobState.COMPLETED,0,176.53061224489795,176.53061224489795,6178.571428571428
jid_898413,92940.0,168.0,1,29,28969,28969,28999,JobState.COMPLETED,0,176.53061224489795,176.53061224489795,5119.3877551020405
jid_898412,92940.0,168.0,1,26,28973,28973,29000,JobState.COMPLETED,0,176.53061224489795,176.53061224489795,4589.7959183673465
jid_898414,92940.0,168.0,1,28,29013,29013,29042,JobState.COMPLETED,0,176.53061224489795,176.53061224489795,4942.857142857143
jid_898416,92940.0,168.0,1,25,29017,29017,29043,JobState.COMPLETED,0,176.53061224489795,176.53061224489795,4413.265306122449
jid_898417,92940.0,168.0,1,30,29013,29013,29044,JobState.COMPLETED,0,176.53061224489795,176.53061224489795,5295.918367346939
jid_898415,92940.0,168.0,1,25,29020,29020,29046,JobState.COMPLETED,0,176.53061224489795,176.53061224489795,4413.265306122449
jid_898423,92940.0,168.0,1,33,29019,29019,29053,JobState.COMPLETED,0,176.53061224489795,176.53061224489795,5825.510204081633
jid_898418,92940.0,168.0,1,30,29023,29023,29054,JobState.COMPLETED,0,176.53061224489795,176.53061224489795,5295.918367346939
jid_898419,92940.0,168.0,1,29,29063,29063,29093,JobState.COMPLETED,0,176.53061224489795,176.53061224489795,5119.3877551020405
jid_898420,92940.0,168.0,1,29,29063,29063,29093,JobState.COMPLETED,0,176.53061224489795,176.53061224489795,5119.3877551020405
jid_898421,92940.0,168.0,1,28,29065,29065,29094,JobState.COMPLETED,0,176.53061224489795,176.53061224489795,4942.857142857143
jid_898422,92940.0,168.0,1,29,29074,29074,29104,JobState.COMPLETED,0,176.53061224489795,176.53061224489795,5119.3877551020405
jid_898424,92940.0,168.0,1,26,29112,29112,29139,JobState.COMPLETED,0,176.53061224489795,176.53061224489795,4589.7959183673465
jid_898430,92940.0,168.0,1,141,28998,28998,29140,JobState.COMPLETED,0,176.5306122448979,176.53061224489795,24890.816326530603
jid_898425,92940.0,168.0,1,29,29112,29112,29142,JobState.COMPLETED,0,176.53061224489795,176.53061224489795,5119.3877551020405
jid_898431,92940.0,168.0,1,31,29113,29113,29145,JobState.COMPLETED,0,176.53061224489795,176.53061224489795,5472.448979591836
jid_898426,92940.0,168.0,1,29,29122,29122,29152,JobState.COMPLETED,0,176.53061224489795,176.53061224489795,5119.3877551020405
jid_898427,92940.0,168.0,1,32,29146,29146,29179,JobState.COMPLETED,0,176.53061224489795,176.53061224489795,5648.9795918367345
jid_898428,92940.0,168.0,1,29,29158,29158,29188,JobState.COMPLETED,0,176.53061224489795,176.53061224489795,5119.3877551020405
jid_898429,92940.0,168.0,1,29,29168,29168,29198,JobState.COMPLETED,0,176.53061224489795,176.53061224489795,5119.3877551020405
jid_898432,92940.0,168.0,1,26,29203,29203,29230,JobState.COMPLETED,0,176.53061224489795,176.53061224489795,4589.7959183673465
jid_898433,92940.0,168.0,1,32,29200,29200,29233,JobState.COMPLETED,0,176.53061224489795,176.53061224489795,5648.9795918367345
jid_898434,92940.0,168.0,1,33,29214,29214,29248,JobState.COMPLETED,0,176.53061224489795,176.53061224489795,5825.510204081633
jid_898436,92940.0,168.0,1,107,29157,29157,29265,JobState.COMPLETED,0,176.53061224489792,176.53061224489795,18888.77551020408
jid_898437,92940.0,168.0,1,49,29237,29237,29287,JobState.COMPLETED,0,176.53061224489795,176.53061224489795,8650.0
jid_898438,92940.0,168.0,1,48,29247,29247,29296,JobState.COMPLETED,0,176.53061224489795,176.53061224489795,8473.469387755102
jid_898439,92940.0,168.0,1,55,29251,29251,29307,JobState.COMPLETED,0,176.53061224489795,176.53061224489795,9709.183673469388
jid_898440,92940.0,168.0,1,53,29264,29264,29318,JobState.COMPLETED,0,176.53061224489795,176.53061224489795,9356.122448979591
jid_898441,92940.0,168.0,1,104,29234,29234,29339,JobState.COMPLETED,0,176.53061224489792,176.53061224489795,18359.183673469382
jid_898444,92940.0,168.0,1,70,29307,29307,29378,JobState.COMPLETED,0,176.53061224489795,176.53061224489795,12357.142857142857
jid_898448,92940.0,168.0,1,70,29313,29313,29384,JobState.COMPLETED,0,176.53061224489795,176.53061224489795,12357.142857142857
jid_898445,92940.0,168.0,1,77,29327,29327,29405,JobState.COMPLETED,0,176.53061224489795,176.53061224489795,13592.857142857143
jid_898449,92940.0,168.0,1,71,29336,29336,29408,JobState.COMPLETED,0,176.53061224489795,176.53061224489795,12533.673469387755
jid_898446,92940.0,168.0,1,136,29281,29281,29418,JobState.COMPLETED,0,176.5306122448979,176.53061224489795,24008.163265306113
jid_898447,92940.0,168.0,1,1275,28153,28153,29429,JobState.COMPLETED,0,176.5306122448977,176.53061224489795,225076.53061224456
jid_898452,92940.0,168.0,1,58,29398,29398,29457,JobState.COMPLETED,0,176.53061224489795,176.53061224489795,10238.775510204081
jid_898450,92940.0,168.0,1,130,29359,29359,29490,JobState.COMPLETED,0,176.5306122448979,176.53061224489795,22948.979591836727
jid_898451,92940.0,168.0,1,72,29425,29425,29498,JobState.COMPLETED,0,176.53061224489795,176.53061224489795,12710.204081632652
jid_898453,92940.0,168.0,1,55,29475,29475,29531,JobState.COMPLETED,0,176.53061224489795,176.53061224489795,9709.183673469388
jid_898454,92940.0,168.0,1,55,29497,29497,29553,JobState.COMPLETED,0,176.53061224489795,176.53061224489795,9709.183673469388
jid_898455,92940.0,168.0,1,124,29436,29436,29561,JobState.COMPLETED,0,176.5306122448979,176.53061224489795,21889.795918367337
jid_898456,92940.0,168.0,1,56,29508,29508,29565,JobState.COMPLETED,0,176.53061224489795,176.53061224489795,9885.714285714286
jid_898457,92940.0,168.0,1,54,29517,29517,29572,JobState.COMPLETED,0,176.53061224489795,176.53061224489795,9532.65306122449
jid_898458,92940.0,168.0,1,52,29548,29548,29601,JobState.COMPLETED,0,176.53061224489795,176.53061224489795,9179.591836734693
jid_898459,92940.0,168.0,1,60,29571,29571,29632,JobState.COMPLETED,0,176.53061224489798,176.53061224489795,10591.83673469388
jid_898460,92940.0,168.0,1,60,29582,29582,29643,JobState.COMPLETED,0,176.53061224489798,176.53061224489795,10591.83673469388
jid_898461,92940.0,168.0,1,63,29590,29590,29654,JobState.COMPLETED,0,176.53061224489798,176.53061224489795,11121.428571428572
jid_898462,92940.0,168.0,1,62,29618,29618,29681,JobState.COMPLETED,0,176.53061224489798,176.53061224489795,10944.897959183674
jid_898463,92940.0,168.0,1,59,29650,29650,29710,JobState.COMPLETED,0,176.53061224489795,176.53061224489795,10415.30612244898
jid_898464,92940.0,168.0,1,132,29579,29579,29712,JobState.COMPLETED,0,176.5306122448979,176.53061224489795,23302.040816326524
jid_898465,92940.0,168.0,1,1061,28658,28658,29720,JobState.COMPLETED,0,176.53061224489792,176.53061224489795,187298.9795918367
jid_898466,92940.0,168.0,1,61,29659,29659,29721,JobState.COMPLETED,0,176.53061224489798,176.53061224489795,10768.367346938778
jid_898467,92940.0,168.0,1,74,29671,29671,29746,JobState.COMPLETED,0,176.53061224489795,176.53061224489795,13063.265306122448
jid_898468,92940.0,168.0,1,53,29698,29698,29752,JobState.COMPLETED,0,176.53061224489795,176.53061224489795,9356.122448979591
jid_898469,92940.0,168.0,1,1105,28667,28667,29773,JobState.COMPLETED,0,176.5306122448979,176.53061224489795,195066.32653061216
jid_898470,92940.0,168.0,1,53,29727,29727,29781,JobState.COMPLETED,0,176.53061224489795,176.53061224489795,9356.122448979591
jid_898471,92940.0,168.0,1,61,29737,29737,29799,JobState.COMPLETED,0,176.53061224489798,176.53061224489795,10768.367346938778
jid_898472,92940.0,168.0,1,56,29763,29763,29820,JobState.COMPLETED,0,176.53061224489795,176.53061224489795,9885.714285714286
jid_898473,92940.0,168.0,1,93,29728,29728,29822,JobState.COMPLETED,0,176.53061224489792,176.53061224489795,16417.346938775507
jid_898474,92940.0,168.0,1,54,29770,29770,29825,JobState.COMPLETED,0,176.53061224489795,176.53061224489795,9532.65306122449
jid_898475,92940.0,168.0,1,68,29816,29816,29885,JobState.COMPLETED,0,176.53061224489798,176.53061224489795,12004.081632653062
jid_898476,92940.0,168.0,1,947,28940,28940,29888,JobState.COMPLETED,0,176.53061224489812,176.53061224489795,167174.48979591852
jid_898477,92940.0,168.0,1,57,29840,29840,29898,JobState.COMPLETED,0,176.53061224489795,176.53061224489795,10062.244897959183
jid_898478,92940.0,168.0,1,58,29840,29840,29899,JobState.COMPLETED,0,176.53061224489795,176.53061224489795,10238.775510204081
jid_898480,92940.0,168.0,1,1116,28841,28841,29958,JobState.COMPLETED,0,176.53061224489787,176.53061224489795,197008.163265306
jid_898481,92940.0,168.0,1,122,29840,29840,29963,JobState.COMPLETED,0,176.5306122448979,176.53061224489795,21536.734693877544
jid_898482,92940.0,168.0,1,62,29905,29905,29968,JobState.COMPLETED,0,176.53061224489798,176.53061224489795,10944.897959183674
jid_898483,92940.0,168.0,1,179,29798,29798,29978,JobState.COMPLETED,0,176.5306122448979,176.53061224489795,31598.979591836724
jid_898484,92940.0,168.0,1,62,29920,29920,29983,JobState.COMPLETED,0,176.53061224489798,176.53061224489795,10944.897959183674
jid_898485,92940.0,168.0,1,62,29921,29921,29984,JobState.COMPLETED,0,176.53061224489798,176.53061224489795,10944.897959183674
jid_898486,92940.0,168.0,1,1241,28750,28750,29992,JobState.COMPLETED,0,176.53061224489772,176.53061224489795,219074.48979591808
jid_898488,92940.0,168.0,1,1239,28802,28802,30042,JobState.COMPLETED,0,176.53061224489772,176.53061224489795,218721.4285714283
jid_898487,92940.0,168.0,1,61,29986,29986,30048,JobState.COMPLETED,0,176.53061224489798,176.53061224489795,10768.367346938778
jid_898490,92940.0,168.0,1,56,30004,30004,30061,JobState.COMPLETED,0,176.53061224489795,176.53061224489795,9885.714285714286
jid_898491,92940.0,168.0,1,56,30004,30004,30061,JobState.COMPLETED,0,176.53061224489795,176.53061224489795,9885.714285714286
jid_898493,92940.0,168.0,1,105,29978,29978,30084,JobState.COMPLETED,0,176.53061224489792,176.53061224489795,18535.714285714283
jid_898494,92940.0,168.0,1,1033,29065,29065,30099,JobState.COMPLETED,0,176.53061224489798,176.53061224489795,182356.12244897962
jid_895642,92975.0,322.0,192,6837,6569,23265,30103,JobState.COMPLETED,0,176.53061224489718,176.53061224489795,231732440.8163255
jid_898495,92940.0,168.0,1,61,30067,30067,30129,JobState.COMPLETED,0,176.53061224489798,176.53061224489795,10768.367346938778
jid_898497,92940.0,168.0,1,59,30082,30082,30142,JobState.COMPLETED,0,176.53061224489795,176.53061224489795,10415.30612244898
jid_898496,92940.0,168.0,1,59,30083,30083,30143,JobState.COMPLETED,0,176.53061224489795,176.53061224489795,10415.30612244898
jid_898498,92940.0,168.0,1,167,29995,29995,30163,JobState.COMPLETED,0,176.5306122448979,176.53061224489795,29480.612244897948
jid_898499,92940.0,168.0,1,100,30101,30101,30202,JobState.COMPLETED,0,176.53061224489792,176.53061224489795,17653.061224489793
jid_898500,92940.0,168.0,1,55,30164,30164,30220,JobState.COMPLETED,0,176.53061224489795,176.53061224489795,9709.183673469388
jid_898501,92940.0,168.0,1,60,30162,30162,30223,JobState.COMPLETED,0,176.53061224489798,176.53061224489795,10591.83673469388
jid_898502,92940.0,168.0,1,60,30163,30163,30224,JobState.COMPLETED,0,176.53061224489798,176.53061224489795,10591.83673469388
jid_898503,92940.0,168.0,1,68,30219,30219,30288,JobState.COMPLETED,0,176.53061224489798,176.53061224489795,12004.081632653062
jid_898504,92940.0,168.0,1,58,30241,30241,30300,JobState.COMPLETED,0,176.53061224489795,176.53061224489795,10238.775510204081
jid_898505,92940.0,168.0,1,61,30241,30241,30303,JobState.COMPLETED,0,176.53061224489798,176.53061224489795,10768.367346938778
jid_898506,92940.0,168.0,1,146,30179,30179,30326,JobState.COMPLETED,0,176.5306122448979,176.53061224489795,25773.469387755093
jid_898507,92940.0,168.0,1,58,30320,30320,30379,JobState.COMPLETED,0,176.53061224489795,176.53061224489795,10238.775510204081
jid_898508,92940.0,168.0,1,71,30320,30320,30392,JobState.COMPLETED,0,176.53061224489795,176.53061224489795,12533.673469387755
jid_898509,92940.0,168.0,1,102,30305,30305,30408,JobState.COMPLETED,0,176.53061224489792,176.53061224489795,18006.12244897959
jid_898510,92940.0,168.0,1,182,30248,30248,30431,JobState.COMPLETED,0,176.5306122448979,176.53061224489795,32128.571428571417
jid_898511,92940.0,168.0,1,64,30398,30398,30463,JobState.COMPLETED,0,176.53061224489798,176.53061224489795,11297.95918367347
jid_898513,92940.0,168.0,1,60,30413,30413,30474,JobState.COMPLETED,0,176.53061224489798,176.53061224489795,10591.83673469388
jid_898519,92940.0,168.0,1,69,30426,30426,30496,JobState.COMPLETED,0,176.53061224489798,176.53061224489795,12180.61224489796
jid_898515,92940.0,168.0,1,171,30344,30344,30516,JobState.COMPLETED,0,176.5306122448979,176.53061224489795,30186.73469387754
jid_898516,92940.0,168.0,1,62,30483,30483,30546,JobState.COMPLETED,0,176.53061224489798,176.53061224489795,10944.897959183674
jid_898517,92940.0,168.0,1,55,30494,30494,30550,JobState.COMPLETED,0,176.53061224489795,176.53061224489795,9709.183673469388
jid_898518,92940.0,168.0,1,1013,29547,29547,30561,JobState.COMPLETED,0,176.530612244898,176.53061224489795,178825.5102040817
jid_898520,92940.0,168.0,1,170,30449,30449,30620,JobState.COMPLETED,0,176.5306122448979,176.53061224489795,30010.20408163264
jid_898521,92940.0,168.0,1,55,30567,30567,30623,JobState.COMPLETED,0,176.53061224489795,176.53061224489795,9709.183673469388
jid_898522,92940.0,168.0,1,62,30564,30564,30627,JobState.COMPLETED,0,176.53061224489798,176.53061224489795,10944.897959183674
jid_898523,92940.0,168.0,1,118,30532,30532,30651,JobState.COMPLETED,0,176.53061224489792,176.53061224489795,20830.612244897955
jid_898524,92940.0,168.0,1,96,30587,30587,30684,JobState.COMPLETED,0,176.53061224489792,176.53061224489795,16946.9387755102
jid_898526,92940.0,168.0,1,54,30642,30642,30697,JobState.COMPLETED,0,176.53061224489795,176.53061224489795,9532.65306122449
jid_898525,92940.0,168.0,1,53,30644,30644,30698,JobState.COMPLETED,0,176.53061224489795,176.53061224489795,9356.122448979591
jid_898528,92940.0,168.0,1,64,30701,30701,30766,JobState.COMPLETED,0,176.53061224489798,176.53061224489795,11297.95918367347
jid_898530,92940.0,168.0,1,54,30716,30716,30771,JobState.COMPLETED,0,176.53061224489795,176.53061224489795,9532.65306122449
jid_898529,92940.0,168.0,1,55,30716,30716,30772,JobState.COMPLETED,0,176.53061224489795,176.53061224489795,9709.183673469388
jid_898531,92940.0,168.0,1,1325,29451,29451,30777,JobState.COMPLETED,0,176.53061224489764,176.53061224489795,233903.0612244894
jid_898532,92940.0,168.0,1,145,30639,30639,30785,JobState.COMPLETED,0,176.5306122448979,176.53061224489795,25596.938775510196
jid_898533,92940.0,168.0,1,149,30667,30667,30817,JobState.COMPLETED,0,176.5306122448979,176.53061224489795,26303.061224489786
jid_898535,92940.0,168.0,1,43,30790,30790,30834,JobState.COMPLETED,0,176.53061224489795,176.53061224489795,7590.816326530612
jid_898534,92940.0,168.0,1,44,30790,30790,30835,JobState.COMPLETED,0,176.53061224489795,176.53061224489795,7767.34693877551
jid_898536,92940.0,168.0,1,30,30851,30851,30882,JobState.COMPLETED,0,176.53061224489795,176.53061224489795,5295.918367346939
jid_898537,92940.0,168.0,1,30,30851,30851,30882,JobState.COMPLETED,0,176.53061224489795,176.53061224489795,5295.918367346939
jid_898543,92940.0,168.0,1,107,30784,30784,30892,JobState.COMPLETED,0,176.53061224489792,176.53061224489795,18888.77551020408
jid_898538,92940.0,168.0,1,24,30899,30899,30924,JobState.COMPLETED,0,176.53061224489795,176.53061224489795,4236.734693877551
jid_898539,92940.0,168.0,1,24,30900,30900,30925,JobState.COMPLETED,0,176.53061224489795,176.53061224489795,4236.734693877551
jid_898540,92940.0,168.0,1,99,30834,30834,30934,JobState.COMPLETED,0,176.53061224489792,176.53061224489795,17476.530612244893
jid_898541,92940.0,168.0,1,134,30804,30804,30939,JobState.COMPLETED,0,176.5306122448979,176.53061224489795,23655.102040816317
jid_898542,92940.0,168.0,1,1152,29792,29792,30945,JobState.COMPLETED,0,176.5306122448978,176.53061224489795,203363.26530612228
jid_898545,92940.0,168.0,1,30,30942,30942,30973,JobState.COMPLETED,0,176.53061224489795,176.53061224489795,5295.918367346939
jid_898544,92940.0,168.0,1,31,30942,30942,30974,JobState.COMPLETED,0,176.53061224489795,176.53061224489795,5472.448979591836
jid_898546,92940.0,168.0,1,1267,29736,29736,31004,JobState.COMPLETED,0,176.5306122448977,176.53061224489795,223664.2857142854
jid_898547,92940.0,168.0,1,26,30983,30983,31010,JobState.COMPLETED,0,176.53061224489795,176.53061224489795,4589.7959183673465
jid_898555,92940.0,168.0,1,26,30990,30990,31017,JobState.COMPLETED,0,176.53061224489795,176.53061224489795,4589.7959183673465
jid_898548,92940.0,168.0,1,30,30990,30990,31021,JobState.COMPLETED,0,176.53061224489795,176.53061224489795,5295.918367346939
jid_898549,92940.0,168.0,1,77,30950,30950,31028,JobState.COMPLETED,0,176.53061224489795,176.53061224489795,13592.857142857143
jid_898550,92940.0,168.0,1,83,30956,30956,31040,JobState.COMPLETED,0,176.53061224489795,176.53061224489795,14652.04081632653
jid_898551,92940.0,168.0,1,1146,29905,29905,31052,JobState.COMPLETED,0,176.53061224489784,176.53061224489795,202304.08163265293
jid_898552,92940.0,168.0,1,26,31027,31027,31054,JobState.COMPLETED,0,176.53061224489795,176.53061224489795,4589.7959183673465
jid_898553,92940.0,168.0,1,28,31039,31039,31068,JobState.COMPLETED,0,176.53061224489795,176.53061224489795,4942.857142857143
jid_898557,92940.0,168.0,1,25,31070,31070,31096,JobState.COMPLETED,0,176.53061224489795,176.53061224489795,4413.265306122449
jid_898558,92940.0,168.0,1,29,31085,31085,31115,JobState.COMPLETED,0,176.53061224489795,176.53061224489795,5119.3877551020405
jid_898559,92940.0,168.0,1,72,31044,31044,31117,JobState.COMPLETED,0,176.53061224489795,176.53061224489795,12710.204081632652
jid_898560,92940.0,168.0,1,1142,29976,29976,31119,JobState.COMPLETED,0,176.53061224489784,176.53061224489795,201597.95918367335
jid_898562,92940.0,168.0,1,24,31109,31109,31134,JobState.COMPLETED,0,176.53061224489795,176.53061224489795,4236.734693877551
jid_898563,92940.0,168.0,1,23,31112,31112,31136,JobState.COMPLETED,0,176.53061224489795,176.53061224489795,4060.204081632653
jid_898564,92940.0,168.0,1,18,31132,31132,31151,JobState.COMPLETED,0,176.53061224489795,176.53061224489795,3177.551020408163
jid_898565,92940.0,168.0,1,106,31058,31058,31165,JobState.COMPLETED,0,176.53061224489792,176.53061224489795,18712.24489795918
jid_898566,92940.0,168.0,1,18,31151,31151,31170,JobState.COMPLETED,0,176.53061224489795,176.53061224489795,3177.551020408163
jid_898567,92940.0,168.0,1,19,31152,31152,31172,JobState.COMPLETED,0,176.53061224489795,176.53061224489795,3354.081632653061
jid_898570,92940.0,168.0,1,17,31167,31167,31185,JobState.COMPLETED,0,176.53061224489795,176.53061224489795,3001.020408163265
jid_898568,92940.0,168.0,1,65,31132,31132,31198,JobState.COMPLETED,0,176.53061224489798,176.53061224489795,11474.489795918369
jid_898572,92940.0,168.0,1,18,31187,31187,31206,JobState.COMPLETED,0,176.53061224489795,176.53061224489795,3177.551020408163
jid_898569,92940.0,168.0,1,19,31188,31188,31208,JobState.COMPLETED,0,176.53061224489795,176.53061224489795,3354.081632653061
jid_898575,92940.0,168.0,1,19,31225,31225,31245,JobState.COMPLETED,0,176.53061224489795,176.53061224489795,3354.081632653061
jid_898571,92940.0,168.0,1,1251,30010,30010,31262,JobState.COMPLETED,0,176.53061224489772,176.53061224489795,220839.79591836705
jid_898578,92940.0,168.0,1,86,31181,31181,31268,JobState.COMPLETED,0,176.53061224489795,176.53061224489795,15181.632653061224
jid_898573,92940.0,168.0,1,35,31276,31276,31312,JobState.COMPLETED,0,176.53061224489795,176.53061224489795,6178.571428571428
jid_898574,92940.0,168.0,1,17,31296,31296,31314,JobState.COMPLETED,0,176.53061224489795,176.53061224489795,3001.020408163265
jid_898576,92940.0,168.0,1,120,31213,31213,31334,JobState.COMPLETED,0,176.5306122448979,176.53061224489795,21183.673469387748
jid_898577,92940.0,168.0,1,1272,30068,30068,31341,JobState.COMPLETED,0,176.5306122448977,176.53061224489795,224546.93877550986
jid_898579,92940.0,168.0,1,17,31330,31330,31348,JobState.COMPLETED,0,176.53061224489795,176.53061224489795,3001.020408163265
jid_898580,92940.0,168.0,1,19,31335,31335,31355,JobState.COMPLETED,0,176.53061224489795,176.53061224489795,3354.081632653061
jid_898581,92940.0,168.0,1,1240,30121,30121,31362,JobState.COMPLETED,0,176.53061224489772,176.53061224489795,218897.95918367317
jid_898582,92940.0,168.0,1,35,31328,31328,31364,JobState.COMPLETED,0,176.53061224489795,176.53061224489795,6178.571428571428
jid_898583,92940.0,168.0,1,18,31349,31349,31368,JobState.COMPLETED,0,176.53061224489795,176.53061224489795,3177.551020408163
jid_898584,92940.0,168.0,1,17,31363,31363,31381,JobState.COMPLETED,0,176.53061224489795,176.53061224489795,3001.020408163265
jid_898586,92940.0,168.0,1,18,31372,31372,31391,JobState.COMPLETED,0,176.53061224489795,176.53061224489795,3177.551020408163
jid_898587,92940.0,168.0,1,17,31383,31383,31401,JobState.COMPLETED,0,176.53061224489795,176.53061224489795,3001.020408163265
jid_898589,92940.0,168.0,1,32,31380,31380,31413,JobState.COMPLETED,0,176.53061224489795,176.53061224489795,5648.9795918367345
jid_898590,92940.0,168.0,1,18,31397,31397,31416,JobState.COMPLETED,0,176.53061224489795,176.53061224489795,3177.551020408163
jid_898591,92940.0,168.0,1,63,31357,31357,31421,JobState.COMPLETED,0,176.53061224489798,176.53061224489795,11121.428571428572
jid_898593,92940.0,168.0,1,20,31410,31410,31431,JobState.COMPLETED,0,176.53061224489795,176.53061224489795,3530.612244897959
jid_898594,92940.0,168.0,1,20,31417,31417,31438,JobState.COMPLETED,0,176.53061224489795,176.53061224489795,3530.612244897959
jid_898595,92940.0,168.0,1,18,31431,31431,31450,JobState.COMPLETED,0,176.53061224489795,176.53061224489795,3177.551020408163
jid_898596,92940.0,168.0,1,33,31429,31429,31463,JobState.COMPLETED,0,176.53061224489795,176.53061224489795,5825.510204081633
jid_898597,92940.0,168.0,1,19,31447,31447,31467,JobState.COMPLETED,0,176.53061224489795,176.53061224489795,3354.081632653061
jid_898598,92940.0,168.0,1,20,31453,31453,31474,JobState.COMPLETED,0,176.53061224489795,176.53061224489795,3530.612244897959
jid_898599,92940.0,168.0,1,17,31465,31465,31483,JobState.COMPLETED,0,176.53061224489795,176.53061224489795,3001.020408163265
jid_898600,92940.0,168.0,1,65,31436,31436,31502,JobState.COMPLETED,0,176.53061224489798,176.53061224489795,11474.489795918369
jid_898601,92940.0,168.0,1,19,31483,31483,31503,JobState.COMPLETED,0,176.53061224489795,176.53061224489795,3354.081632653061
jid_898603,92940.0,168.0,1,20,31488,31488,31509,JobState.COMPLETED,0,176.53061224489795,176.53061224489795,3530.612244897959
jid_898604,92940.0,168.0,1,30,31479,31479,31510,JobState.COMPLETED,0,176.53061224489795,176.53061224489795,5295.918367346939
jid_898605,92940.0,168.0,1,18,31499,31499,31518,JobState.COMPLETED,0,176.53061224489795,176.53061224489795,3177.551020408163
jid_898606,92940.0,168.0,1,19,31518,31518,31538,JobState.COMPLETED,0,176.53061224489795,176.53061224489795,3354.081632653061
jid_898607,92940.0,168.0,1,20,31523,31523,31544,JobState.COMPLETED,0,176.53061224489795,176.53061224489795,3530.612244897959
jid_898608,92940.0,168.0,1,17,31535,31535,31553,JobState.COMPLETED,0,176.53061224489795,176.53061224489795,3001.020408163265
jid_898609,92940.0,168.0,1,29,31526,31526,31556,JobState.COMPLETED,0,176.53061224489795,176.53061224489795,5119.3877551020405
jid_898610,92940.0,168.0,1,19,31553,31553,31573,JobState.COMPLETED,0,176.53061224489795,176.53061224489795,3354.081632653061
jid_898611,92940.0,168.0,1,19,31559,31559,31579,JobState.COMPLETED,0,176.53061224489795,176.53061224489795,3354.081632653061
jid_898612,92940.0,168.0,1,63,31518,31518,31582,JobState.COMPLETED,0,176.53061224489798,176.53061224489795,11121.428571428572
jid_898613,92940.0,168.0,1,17,31569,31569,31587,JobState.COMPLETED,0,176.53061224489795,176.53061224489795,3001.020408163265
jid_898614,92940.0,168.0,1,30,31572,31572,31603,JobState.COMPLETED,0,176.53061224489795,176.53061224489795,5295.918367346939
jid_898619,92940.0,168.0,1,18,31588,31588,31607,JobState.COMPLETED,0,176.53061224489795,176.53061224489795,3177.551020408163
jid_898615,92940.0,168.0,1,20,31594,31594,31615,JobState.COMPLETED,0,176.53061224489795,176.53061224489795,3530.612244897959
jid_898616,92940.0,168.0,1,31,31603,31603,31635,JobState.COMPLETED,0,176.53061224489795,176.53061224489795,5472.448979591836
jid_898617,92940.0,168.0,1,20,31630,31630,31651,JobState.COMPLETED,0,176.53061224489795,176.53061224489795,3530.612244897959
jid_898618,92940.0,168.0,1,34,31619,31619,31654,JobState.COMPLETED,0,176.53061224489795,176.53061224489795,6002.04081632653
jid_898620,92940.0,168.0,1,32,31651,31651,31684,JobState.COMPLETED,0,176.53061224489795,176.53061224489795,5648.9795918367345
jid_898621,92940.0,168.0,1,19,31666,31666,31686,JobState.COMPLETED,0,176.53061224489795,176.53061224489795,3354.081632653061
jid_898622,92940.0,168.0,1,34,31670,31670,31705,JobState.COMPLETED,0,176.53061224489795,176.53061224489795,6002.04081632653
jid_898623,92940.0,168.0,1,18,31694,31694,31713,JobState.COMPLETED,0,176.53061224489795,176.53061224489795,3177.551020408163
jid_898624,92940.0,168.0,1,1140,30578,30578,31719,JobState.COMPLETED,0,176.53061224489784,176.53061224489795,201244.89795918352
jid_898625,92940.0,168.0,1,121,31598,31598,31720,JobState.COMPLETED,0,176.5306122448979,176.53061224489795,21360.204081632644
jid_898626,92940.0,168.0,1,20,31701,31701,31722,JobState.COMPLETED,0,176.53061224489795,176.53061224489795,3530.612244897959
jid_898627,92940.0,168.0,1,30,31699,31699,31730,JobState.COMPLETED,0,176.53061224489795,176.53061224489795,5295.918367346939
jid_898628,92940.0,168.0,1,18,31730,31730,31749,JobState.COMPLETED,0,176.53061224489795,176.53061224489795,3177.551020408163
jid_898629,92940.0,168.0,1,17,31735,31735,31753,JobState.COMPLETED,0,176.53061224489795,176.53061224489795,3001.020408163265
jid_898630,92940.0,168.0,1,35,31720,31720,31756,JobState.COMPLETED,0,176.53061224489795,176.53061224489795,6178.571428571428
jid_898631,92940.0,168.0,1,19,31738,31738,31758,JobState.COMPLETED,0,176.53061224489795,176.53061224489795,3354.081632653061
jid_898632,92940.0,168.0,1,30,31748,31748,31779,JobState.COMPLETED,0,176.53061224489795,176.53061224489795,5295.918367346939
jid_898633,92940.0,168.0,1,17,31768,31768,31786,JobState.COMPLETED,0,176.53061224489795,176.53061224489795,3001.020408163265
jid_898634,92940.0,168.0,1,20,31766,31766,31787,JobState.COMPLETED,0,176.53061224489795,176.53061224489795,3530.612244897959
jid_898637,92940.0,168.0,1,17,31775,31775,31793,JobState.COMPLETED,0,176.53061224489795,176.53061224489795,3001.020408163265
jid_898651,92940.0,168.0,1,20,31801,31801,31822,JobState.COMPLETED,0,176.53061224489795,176.53061224489795,3530.612244897959
jid_898652,92940.0,168.0,1,19,31802,31802,31822,JobState.COMPLETED,0,176.53061224489795,176.53061224489795,3354.081632653061
jid_898653,92940.0,168.0,1,28,31796,31796,31825,JobState.COMPLETED,0,176.53061224489795,176.53061224489795,4942.857142857143
jid_898654,92940.0,168.0,1,19,31808,31808,31828,JobState.COMPLETED,0,176.53061224489795,176.53061224489795,3354.081632653061
jid_898656,92940.0,168.0,1,76,31773,31773,31850,JobState.COMPLETED,0,176.53061224489795,176.53061224489795,13416.326530612245
jid_898657,92940.0,168.0,1,18,31837,31837,31856,JobState.COMPLETED,0,176.53061224489795,176.53061224489795,3177.551020408163
jid_898658,92940.0,168.0,1,20,31837,31837,31858,JobState.COMPLETED,0,176.53061224489795,176.53061224489795,3530.612244897959
jid_898659,92940.0,168.0,1,19,31843,31843,31863,JobState.COMPLETED,0,176.53061224489795,176.53061224489795,3354.081632653061
jid_898660,92940.0,168.0,1,27,31841,31841,31869,JobState.COMPLETED,0,176.53061224489795,176.53061224489795,4766.326530612245
jid_898661,92940.0,168.0,1,17,31866,31866,31884,JobState.COMPLETED,0,176.53061224489795,176.53061224489795,3001.020408163265
jid_898662,92940.0,168.0,1,19,31871,31871,31891,JobState.COMPLETED,0,176.53061224489795,176.53061224489795,3354.081632653061
jid_898663,92940.0,168.0,1,20,31873,31873,31894,JobState.COMPLETED,0,176.53061224489795,176.53061224489795,3530.612244897959
jid_898664,92940.0,168.0,1,18,31878,31878,31897,JobState.COMPLETED,0,176.53061224489795,176.53061224489795,3177.551020408163
jid_898665,92940.0,168.0,1,28,31884,31884,31913,JobState.COMPLETED,0,176.53061224489795,176.53061224489795,4942.857142857143
jid_898666,92940.0,168.0,1,17,31900,31900,31918,JobState.COMPLETED,0,176.53061224489795,176.53061224489795,3001.020408163265
jid_898674,92940.0,168.0,1,19,31905,31905,31925,JobState.COMPLETED,0,176.53061224489795,176.53061224489795,3354.081632653061
jid_898667,92940.0,168.0,1,19,31910,31910,31930,JobState.COMPLETED,0,176.53061224489795,176.53061224489795,3354.081632653061
jid_898668,92940.0,168.0,1,19,31912,31912,31932,JobState.COMPLETED,0,176.53061224489795,176.53061224489795,3354.081632653061
jid_898670,92940.0,168.0,1,19,31936,31936,31956,JobState.COMPLETED,0,176.53061224489795,176.53061224489795,3354.081632653061
jid_898671,92940.0,168.0,1,31,31930,31930,31962,JobState.COMPLETED,0,176.53061224489795,176.53061224489795,5472.448979591836
jid_898672,92940.0,168.0,1,20,31946,31946,31967,JobState.COMPLETED,0,176.53061224489795,176.53061224489795,3530.612244897959
jid_898673,92940.0,168.0,1,20,31948,31948,31969,JobState.COMPLETED,0,176.53061224489795,176.53061224489795,3530.612244897959
jid_898675,92940.0,168.0,1,19,31974,31974,31994,JobState.COMPLETED,0,176.53061224489795,176.53061224489795,3354.081632653061
jid_898676,92940.0,168.0,1,20,31982,31982,32003,JobState.COMPLETED,0,176.53061224489795,176.53061224489795,3530.612244897959
jid_898677,92940.0,168.0,1,20,31984,31984,32005,JobState.COMPLETED,0,176.53061224489795,176.53061224489795,3530.612244897959
jid_898686,92940.0,168.0,1,31,31977,31977,32009,JobState.COMPLETED,0,176.53061224489795,176.53061224489795,5472.448979591836
jid_898678,92940.0,168.0,1,19,32013,32013,32033,JobState.COMPLETED,0,176.53061224489795,176.53061224489795,3354.081632653061
jid_898679,92940.0,168.0,1,19,32019,32019,32039,JobState.COMPLETED,0,176.53061224489795,176.53061224489795,3354.081632653061
jid_898680,92940.0,168.0,1,20,32019,32019,32040,JobState.COMPLETED,0,176.53061224489795,176.53061224489795,3530.612244897959
jid_898681,92940.0,168.0,1,1252,30794,30794,32047,JobState.COMPLETED,0,176.53061224489772,176.53061224489795,221016.32653061196
jid_898682,92940.0,168.0,1,1083,30965,30965,32049,JobState.COMPLETED,0,176.5306122448979,176.53061224489795,191182.6530612244
jid_898683,92940.0,168.0,1,19,32048,32048,32068,JobState.COMPLETED,0,176.53061224489795,176.53061224489795,3354.081632653061
jid_898684,92940.0,168.0,1,19,32055,32055,32075,JobState.COMPLETED,0,176.53061224489795,176.53061224489795,3354.081632653061
jid_898685,92940.0,168.0,1,20,32055,32055,32076,JobState.COMPLETED,0,176.53061224489795,176.53061224489795,3530.612244897959
jid_898687,92940.0,168.0,1,21,32087,32087,32109,JobState.COMPLETED,0,176.53061224489795,176.53061224489795,3707.142857142857
jid_898688,92940.0,168.0,1,20,32093,32093,32114,JobState.COMPLETED,0,176.53061224489795,176.53061224489795,3530.612244897959
jid_898689,92940.0,168.0,1,32,32102,32102,32135,JobState.COMPLETED,0,176.53061224489795,176.53061224489795,5648.9795918367345
jid_898690,92940.0,168.0,1,132,32012,32012,32145,JobState.COMPLETED,0,176.5306122448979,176.53061224489795,23302.040816326524
jid_898691,92940.0,168.0,1,19,32126,32126,32146,JobState.COMPLETED,0,176.53061224489795,176.53061224489795,3354.081632653061
jid_898692,92940.0,168.0,1,1083,31067,31067,32151,JobState.COMPLETED,0,176.5306122448979,176.53061224489795,191182.6530612244
jid_898693,92940.0,168.0,1,20,32130,32130,32151,JobState.COMPLETED,0,176.53061224489795,176.53061224489795,3530.612244897959
jid_898694,92940.0,168.0,1,19,32162,32162,32182,JobState.COMPLETED,0,176.53061224489795,176.53061224489795,3354.081632653061
jid_898695,92940.0,168.0,1,20,32166,32166,32187,JobState.COMPLETED,0,176.53061224489795,176.53061224489795,3530.612244897959
jid_898696,92940.0,168.0,1,1068,31134,31134,32203,JobState.COMPLETED,0,176.53061224489792,176.53061224489795,188534.69387755098
jid_898697,92940.0,168.0,1,150,32064,32064,32215,JobState.COMPLETED,0,176.5306122448979,176.53061224489795,26479.591836734686
jid_898698,92940.0,168.0,1,19,32198,32198,32218,JobState.COMPLETED,0,176.53061224489795,176.53061224489795,3354.081632653061
jid_898699,92940.0,168.0,1,68,32151,32151,32220,JobState.COMPLETED,0,176.53061224489798,176.53061224489795,12004.081632653062
jid_898700,92940.0,168.0,1,1199,31021,31021,32221,JobState.COMPLETED,0,176.53061224489778,176.53061224489795,211660.20408163243
jid_898701,92940.0,168.0,1,20,32202,32202,32223,JobState.COMPLETED,0,176.53061224489795,176.53061224489795,3530.612244897959
jid_898724,92940.0,168.0,1,170,32064,32064,32235,JobState.COMPLETED,0,176.5306122448979,176.53061224489795,30010.20408163264
jid_898767,92940.0,168.0,1,18,32234,32234,32253,JobState.COMPLETED,0,176.53061224489795,176.53061224489795,3177.551020408163
jid_898769,92940.0,168.0,1,17,32236,32236,32254,JobState.COMPLETED,0,176.53061224489795,176.53061224489795,3001.020408163265
jid_898784,92940.0,168.0,1,19,32239,32239,32259,JobState.COMPLETED,0,176.53061224489795,176.53061224489795,3354.081632653061
jid_898836,92940.0,168.0,1,122,32161,32161,32284,JobState.COMPLETED,0,176.5306122448979,176.53061224489795,21536.734693877544
jid_898842,92940.0,168.0,1,17,32269,32269,32287,JobState.COMPLETED,0,176.53061224489795,176.53061224489795,3001.020408163265
jid_898844,92940.0,168.0,1,19,32269,32269,32289,JobState.COMPLETED,0,176.53061224489795,176.53061224489795,3354.081632653061
jid_898845,92940.0,168.0,1,19,32274,32274,32294,JobState.COMPLETED,0,176.53061224489795,176.53061224489795,3354.081632653061
jid_898851,92940.0,168.0,1,99,32219,32219,32319,JobState.COMPLETED,0,176.53061224489792,176.53061224489795,17476.530612244893
jid_898852,92940.0,168.0,1,19,32303,32303,32323,JobState.COMPLETED,0,176.53061224489795,176.53061224489795,3354.081632653061
jid_898853,92940.0,168.0,1,20,32304,32304,32325,JobState.COMPLETED,0,176.53061224489795,176.53061224489795,3530.612244897959
jid_898855,92940.0,168.0,1,19,32309,32309,32329,JobState.COMPLETED,0,176.53061224489795,176.53061224489795,3354.081632653061
jid_898858,92940.0,168.0,1,19,32340,32340,32360,JobState.COMPLETED,0,176.53061224489795,176.53061224489795,3354.081632653061
jid_898859,92940.0,168.0,1,19,32340,32340,32360,JobState.COMPLETED,0,176.53061224489795,176.53061224489795,3354.081632653061
jid_898860,92940.0,168.0,1,21,32344,32344,32366,JobState.COMPLETED,0,176.53061224489795,176.53061224489795,3707.142857142857
jid_898861,92940.0,168.0,1,149,32231,32231,32381,JobState.COMPLETED,0,176.5306122448979,176.53061224489795,26303.061224489786
jid_898862,92940.0,168.0,1,19,32376,32376,32396,JobState.COMPLETED,0,176.53061224489795,176.53061224489795,3354.081632653061
jid_898863,92940.0,168.0,1,19,32377,32377,32397,JobState.COMPLETED,0,176.53061224489795,176.53061224489795,3354.081632653061
jid_898865,92940.0,168.0,1,102,32300,32300,32403,JobState.COMPLETED,0,176.53061224489792,176.53061224489795,18006.12244897959
jid_898864,92940.0,168.0,1,20,32383,32383,32404,JobState.COMPLETED,0,176.53061224489795,176.53061224489795,3530.612244897959
jid_898866,92940.0,168.0,1,167,32250,32250,32418,JobState.COMPLETED,0,176.5306122448979,176.53061224489795,29480.612244897948
jid_898867,92940.0,168.0,1,19,32411,32411,32431,JobState.COMPLETED,0,176.53061224489795,176.53061224489795,3354.081632653061
jid_898868,92940.0,168.0,1,20,32414,32414,32435,JobState.COMPLETED,0,176.53061224489795,176.53061224489795,3530.612244897959
jid_898869,92940.0,168.0,1,19,32420,32420,32440,JobState.COMPLETED,0,176.53061224489795,176.53061224489795,3354.081632653061
jid_898870,92940.0,168.0,1,19,32446,32446,32466,JobState.COMPLETED,0,176.53061224489795,176.53061224489795,3354.081632653061
jid_898871,92940.0,168.0,1,19,32451,32451,32471,JobState.COMPLETED,0,176.53061224489795,176.53061224489795,3354.081632653061
jid_898872,92940.0,168.0,1,20,32457,32457,32478,JobState.COMPLETED,0,176.53061224489795,176.53061224489795,3530.612244897959
jid_898873,92940.0,168.0,1,149,32334,32334,32484,JobState.COMPLETED,0,176.5306122448979,176.53061224489795,26303.061224489786
jid_898880,92940.0,168.0,1,20,32482,32482,32503,JobState.COMPLETED,0,176.53061224489795,176.53061224489795,3530.612244897959
jid_898874,92940.0,168.0,1,1226,31279,31279,32506,JobState.COMPLETED,0,176.53061224489775,176.53061224489795,216426.53061224465
jid_898875,92940.0,168.0,1,19,32488,32488,32508,JobState.COMPLETED,0,176.53061224489795,176.53061224489795,3354.081632653061
jid_898876,92940.0,168.0,1,119,32420,32420,32540,JobState.COMPLETED,0,176.53061224489792,176.53061224489795,21007.14285714285
jid_898877,92940.0,168.0,1,20,32524,32524,32545,JobState.COMPLETED,0,176.53061224489795,176.53061224489795,3530.612244897959
jid_898878,92940.0,168.0,1,150,32396,32396,32547,JobState.COMPLETED,0,176.5306122448979,176.53061224489795,26479.591836734686
jid_898879,92940.0,168.0,1,1186,31377,31377,32564,JobState.COMPLETED,0,176.53061224489778,176.53061224489795,209365.30612244876
jid_898881,92940.0,168.0,1,1223,31357,31357,32581,JobState.COMPLETED,0,176.53061224489775,176.53061224489795,215896.93877550995
jid_898882,92940.0,168.0,1,20,32560,32560,32581,JobState.COMPLETED,0,176.53061224489795,176.53061224489795,3530.612244897959
jid_898883,92940.0,168.0,1,167,32434,32434,32602,JobState.COMPLETED,0,176.5306122448979,176.53061224489795,29480.612244897948
jid_898888,92940.0,168.0,1,19,32590,32590,32610,JobState.COMPLETED,0,176.53061224489795,176.53061224489795,3354.081632653061
jid_898884,92940.0,168.0,1,20,32596,32596,32617,JobState.COMPLETED,0,176.53061224489795,176.53061224489795,3530.612244897959
jid_898885,92940.0,168.0,1,74,32557,32557,32632,JobState.COMPLETED,0,176.53061224489795,176.53061224489795,13063.265306122448
jid_898886,92940.0,168.0,1,150,32500,32500,32651,JobState.COMPLETED,0,176.5306122448979,176.53061224489795,26479.591836734686
jid_898887,92940.0,168.0,1,20,32633,32633,32654,JobState.COMPLETED,0,176.53061224489795,176.53061224489795,3530.612244897959
jid_898889,92940.0,168.0,1,19,32669,32669,32689,JobState.COMPLETED,0,176.53061224489795,176.53061224489795,3354.081632653061
jid_898890,92940.0,168.0,1,168,32523,32523,32692,JobState.COMPLETED,0,176.5306122448979,176.53061224489795,29657.142857142848
jid_898891,92940.0,168.0,1,133,32563,32563,32697,JobState.COMPLETED,0,176.5306122448979,176.53061224489795,23478.57142857142
jid_898892,92940.0,168.0,1,19,32698,32698,32718,JobState.COMPLETED,0,176.53061224489795,176.53061224489795,3354.081632653061
jid_898893,92940.0,168.0,1,19,32705,32705,32725,JobState.COMPLETED,0,176.53061224489795,176.53061224489795,3354.081632653061
jid_898894,92940.0,168.0,1,17,32733,32733,32751,JobState.COMPLETED,0,176.53061224489795,176.53061224489795,3001.020408163265
jid_898895,92940.0,168.0,1,104,32649,32649,32754,JobState.COMPLETED,0,176.53061224489792,176.53061224489795,18359.183673469382
jid_898896,92940.0,168.0,1,169,32596,32596,32766,JobState.COMPLETED,0,176.5306122448979,176.53061224489795,29833.673469387744
jid_898897,92940.0,168.0,1,150,32617,32617,32768,JobState.COMPLETED,0,176.5306122448979,176.53061224489795,26479.591836734686
jid_898898,92940.0,168.0,1,19,32766,32766,32786,JobState.COMPLETED,0,176.53061224489795,176.53061224489795,3354.081632653061
jid_898899,92940.0,168.0,1,151,32666,32666,32818,JobState.COMPLETED,0,176.5306122448979,176.53061224489795,26656.122448979582
jid_898900,92940.0,168.0,1,19,32802,32802,32822,JobState.COMPLETED,0,176.53061224489795,176.53061224489795,3354.081632653061
jid_898901,92940.0,168.0,1,117,32713,32713,32831,JobState.COMPLETED,0,176.53061224489792,176.53061224489795,20654.08163265306
jid_898902,92940.0,168.0,1,1111,31733,31733,32845,JobState.COMPLETED,0,176.53061224489787,176.53061224489795,196125.51020408154
jid_898903,92940.0,168.0,1,19,32838,32838,32858,JobState.COMPLETED,0,176.53061224489795,176.53061224489795,3354.081632653061
jid_898904,92940.0,168.0,1,89,32770,32770,32860,JobState.COMPLETED,0,176.53061224489795,176.53061224489795,15711.224489795917
jid_898905,92940.0,168.0,1,167,32710,32710,32878,JobState.COMPLETED,0,176.5306122448979,176.53061224489795,29480.612244897948
jid_898906,92940.0,168.0,1,19,32873,32873,32893,JobState.COMPLETED,0,176.53061224489795,176.53061224489795,3354.081632653061
jid_898907,92940.0,168.0,1,817,32091,32091,32909,JobState.COMPLETED,0,176.53061224489815,176.53061224489795,144225.5102040818
jid_898908,92940.0,168.0,1,133,32783,32783,32917,JobState.COMPLETED,0,176.5306122448979,176.53061224489795,23478.57142857142
jid_898909,92940.0,168.0,1,20,32909,32909,32930,JobState.COMPLETED,0,176.53061224489795,176.53061224489795,3530.612244897959
jid_898910,92940.0,168.0,1,66,32877,32877,32944,JobState.COMPLETED,0,176.53061224489798,176.53061224489795,11651.020408163267
jid_898911,92940.0,168.0,1,167,32781,32781,32949,JobState.COMPLETED,0,176.5306122448979,176.53061224489795,29480.612244897948
jid_898912,92940.0,168.0,1,19,32946,32946,32966,JobState.COMPLETED,0,176.53061224489795,176.53061224489795,3354.081632653061
jid_898913,92940.0,168.0,1,127,32847,32847,32975,JobState.COMPLETED,0,176.5306122448979,176.53061224489795,22419.387755102034
jid_898914,92940.0,168.0,1,147,32833,32833,32981,JobState.COMPLETED,0,176.5306122448979,176.53061224489795,25949.99999999999
jid_898915,92940.0,168.0,1,19,32981,32981,33001,JobState.COMPLETED,0,176.53061224489795,176.53061224489795,3354.081632653061
jid_898916,92940.0,168.0,1,71,32960,32960,33032,JobState.COMPLETED,0,176.53061224489795,176.53061224489795,12533.673469387755
jid_898917,92940.0,168.0,1,19,33016,33016,33036,JobState.COMPLETED,0,176.53061224489795,176.53061224489795,3354.081632653061
jid_898918,92940.0,168.0,1,166,32895,32895,33062,JobState.COMPLETED,0,176.5306122448979,176.53061224489795,29304.08163265305
jid_898919,92940.0,168.0,1,18,33051,33051,33070,JobState.COMPLETED,0,176.53061224489795,176.53061224489795,3177.551020408163
jid_898920,92940.0,168.0,1,141,32933,32933,33075,JobState.COMPLETED,0,176.5306122448979,176.53061224489795,24890.816326530603
jid_898921,92940.0,168.0,1,19,33085,33085,33105,JobState.COMPLETED,0,176.53061224489795,176.53061224489795,3354.081632653061
jid_898922,92940.0,168.0,1,69,33048,33048,33118,JobState.COMPLETED,0,176.53061224489798,176.53061224489795,12180.61224489796
jid_898923,92940.0,168.0,1,129,32990,32990,33120,JobState.COMPLETED,0,176.5306122448979,176.53061224489795,22772.448979591827
jid_898924,92940.0,168.0,1,166,32964,32964,33131,JobState.COMPLETED,0,176.5306122448979,176.53061224489795,29304.08163265305
jid_898925,92940.0,168.0,1,20,33122,33122,33143,JobState.COMPLETED,0,176.53061224489795,176.53061224489795,3530.612244897959
jid_898926,92940.0,168.0,1,147,32996,32996,33144,JobState.COMPLETED,0,176.5306122448979,176.53061224489795,25949.99999999999
jid_898927,92940.0,168.0,1,19,33159,33159,33179,JobState.COMPLETED,0,176.53061224489795,176.53061224489795,3354.081632653061
jid_898928,92940.0,168.0,1,76,33137,33137,33214,JobState.COMPLETED,0,176.53061224489795,176.53061224489795,13416.326530612245
jid_898929,92940.0,168.0,1,19,33195,33195,33215,JobState.COMPLETED,0,176.53061224489795,176.53061224489795,3354.081632653061
jid_898930,92940.0,168.0,1,151,33080,33080,33232,JobState.COMPLETED,0,176.5306122448979,176.53061224489795,26656.122448979582
jid_898931,92940.0,168.0,1,149,33090,33090,33240,JobState.COMPLETED,0,176.5306122448979,176.53061224489795,26303.061224489786
jid_898932,92940.0,168.0,1,127,33133,33133,33261,JobState.COMPLETED,0,176.5306122448979,176.53061224489795,22419.387755102034
jid_898933,92940.0,168.0,1,1102,32165,32165,33268,JobState.COMPLETED,0,176.5306122448979,176.53061224489795,194536.7346938775
jid_898934,92940.0,168.0,1,132,33160,33160,33293,JobState.COMPLETED,0,176.5306122448979,176.53061224489795,23302.040816326524
jid_898935,92940.0,168.0,1,17,33278,33278,33296,JobState.COMPLETED,0,176.53061224489795,176.53061224489795,3001.020408163265
jid_898936,92940.0,168.0,1,151,33146,33146,33298,JobState.COMPLETED,0,176.5306122448979,176.53061224489795,26656.122448979582
jid_898967,92940.0,168.0,1,80,33231,33231,33312,JobState.COMPLETED,0,176.53061224489795,176.53061224489795,14122.448979591836
jid_898982,92940.0,168.0,1,820,32493,32493,33314,JobState.COMPLETED,0,176.53061224489815,176.53061224489795,144755.10204081648
jid_899650,92940.0,168.0,1,18,33312,33312,33331,JobState.COMPLETED,0,176.53061224489795,176.53061224489795,3177.551020408163
jid_899257,92940.0,168.0,1,87,33256,33256,33344,JobState.COMPLETED,0,176.53061224489795,176.53061224489795,15358.163265306122
jid_899291,92940.0,168.0,1,23,33328,33328,33352,JobState.COMPLETED,0,176.53061224489795,176.53061224489795,4060.204081632653
jid_899516,92940.0,168.0,1,135,33249,33249,33385,JobState.COMPLETED,0,176.5306122448979,176.53061224489795,23831.632653061217
jid_899553,92940.0,168.0,1,21,33367,33367,33389,JobState.COMPLETED,0,176.53061224489795,176.53061224489795,3707.142857142857
jid_899866,92940.0,168.0,1,21,33406,33406,33428,JobState.COMPLETED,0,176.53061224489795,176.53061224489795,3707.142857142857
jid_899932,92940.0,168.0,1,155,33282,33282,33438,JobState.COMPLETED,0,176.5306122448979,176.53061224489795,27362.244897959175
jid_899966,92940.0,168.0,1,20,33418,33418,33439,JobState.COMPLETED,0,176.53061224489795,176.53061224489795,3530.612244897959
jid_900016,92940.0,168.0,1,133,33313,33313,33447,JobState.COMPLETED,0,176.5306122448979,176.53061224489795,23478.57142857142
jid_900015,92940.0,168.0,1,139,33308,33308,33448,JobState.COMPLETED,0,176.5306122448979,176.53061224489795,24537.755102040806
jid_900036,92940.0,168.0,1,88,33361,33361,33450,JobState.COMPLETED,0,176.53061224489795,176.53061224489795,15534.69387755102
jid_900154,92940.0,168.0,1,1226,32236,32236,33463,JobState.COMPLETED,0,176.53061224489775,176.53061224489795,216426.53061224465
jid_900181,92940.0,168.0,1,21,33444,33444,33466,JobState.COMPLETED,0,176.53061224489795,176.53061224489795,3707.142857142857
jid_900293,92940.0,168.0,1,20,33455,33455,33476,JobState.COMPLETED,0,176.53061224489795,176.53061224489795,3530.612244897959
jid_900387,92940.0,168.0,1,22,33467,33467,33490,JobState.COMPLETED,0,176.53061224489795,176.53061224489795,3883.673469387755
jid_900392,92940.0,168.0,1,20,33483,33483,33504,JobState.COMPLETED,0,176.53061224489795,176.53061224489795,3530.612244897959
jid_900393,92940.0,168.0,1,20,33493,33493,33514,JobState.COMPLETED,0,176.53061224489795,176.53061224489795,3530.612244897959
jid_900394,92940.0,168.0,1,22,33505,33505,33528,JobState.COMPLETED,0,176.53061224489795,176.53061224489795,3883.673469387755
jid_900400,92940.0,168.0,1,22,33520,33520,33543,JobState.COMPLETED,0,176.53061224489795,176.53061224489795,3883.673469387755
jid_900398,92940.0,168.0,1,142,33402,33402,33545,JobState.COMPLETED,0,176.5306122448979,176.53061224489795,25067.3469387755
jid_900399,92940.0,168.0,1,22,33530,33530,33553,JobState.COMPLETED,0,176.53061224489795,176.53061224489795,3883.673469387755
jid_900401,92940.0,168.0,1,24,33544,33544,33569,JobState.COMPLETED,0,176.53061224489795,176.53061224489795,4236.734693877551
jid_900402,92940.0,168.0,1,23,33569,33569,33593,JobState.COMPLETED,0,176.53061224489795,176.53061224489795,4060.204081632653
jid_900403,92940.0,168.0,1,31,33574,33574,33606,JobState.COMPLETED,0,176.53061224489795,176.53061224489795,5472.448979591836
jid_900407,92940.0,168.0,1,143,33463,33463,33607,JobState.COMPLETED,0,176.5306122448979,176.53061224489795,25243.8775510204
jid_900404,92940.0,168.0,1,155,33452,33452,33608,JobState.COMPLETED,0,176.5306122448979,176.53061224489795,27362.244897959175
jid_900405,92940.0,168.0,1,151,33463,33463,33615,JobState.COMPLETED,0,176.5306122448979,176.53061224489795,26656.122448979582
jid_900406,92940.0,168.0,1,36,33585,33585,33622,JobState.COMPLETED,0,176.53061224489795,176.53061224489795,6355.102040816326
jid_900408,92940.0,168.0,1,22,33610,33610,33633,JobState.COMPLETED,0,176.53061224489795,176.53061224489795,3883.673469387755
jid_900409,92940.0,168.0,1,21,33622,33622,33644,JobState.COMPLETED,0,176.53061224489795,176.53061224489795,3707.142857142857
jid_900410,92940.0,168.0,1,173,33479,33479,33653,JobState.COMPLETED,0,176.5306122448979,176.53061224489795,30539.795918367337
jid_900411,92940.0,168.0,1,22,33637,33637,33660,JobState.COMPLETED,0,176.53061224489795,176.53061224489795,3883.673469387755
jid_900419,92940.0,168.0,1,20,33649,33649,33670,JobState.COMPLETED,0,176.53061224489795,176.53061224489795,3530.612244897959
jid_900413,92940.0,168.0,1,943,32742,32742,33686,JobState.COMPLETED,0,176.53061224489812,176.53061224489795,166468.36734693893
jid_900415,92940.0,168.0,1,42,33660,33660,33703,JobState.COMPLETED,0,176.53061224489795,176.53061224489795,7414.285714285714
jid_900414,92940.0,168.0,1,27,33675,33675,33703,JobState.COMPLETED,0,176.53061224489795,176.53061224489795,4766.326530612245
jid_900416,92940.0,168.0,1,153,33563,33563,33717,JobState.COMPLETED,0,176.5306122448979,176.53061224489795,27009.18367346938
jid_900417,92940.0,168.0,1,21,33719,33719,33741,JobState.COMPLETED,0,176.53061224489795,176.53061224489795,3707.142857142857
jid_900418,92940.0,168.0,1,21,33719,33719,33741,JobState.COMPLETED,0,176.53061224489795,176.53061224489795,3707.142857142857
jid_900420,92940.0,168.0,1,120,33633,33633,33754,JobState.COMPLETED,0,176.5306122448979,176.53061224489795,21183.673469387748
jid_900421,92940.0,168.0,1,155,33622,33622,33778,JobState.COMPLETED,0,176.5306122448979,176.53061224489795,27362.244897959175
jid_900429,92940.0,168.0,1,21,33756,33756,33778,JobState.COMPLETED,0,176.53061224489795,176.53061224489795,3707.142857142857
jid_900422,92940.0,168.0,1,20,33761,33761,33782,JobState.COMPLETED,0,176.53061224489795,176.53061224489795,3530.612244897959
jid_900423,92940.0,168.0,1,33,33757,33757,33791,JobState.COMPLETED,0,176.53061224489795,176.53061224489795,5825.510204081633
jid_900424,92940.0,168.0,1,159,33646,33646,33806,JobState.COMPLETED,0,176.5306122448979,176.53061224489795,28068.367346938765
jid_900425,92940.0,168.0,1,1234,32581,32581,33816,JobState.COMPLETED,0,176.53061224489772,176.53061224489795,217838.7755102038
jid_900426,92940.0,168.0,1,20,33797,33797,33818,JobState.COMPLETED,0,176.53061224489795,176.53061224489795,3530.612244897959
jid_900427,92940.0,168.0,1,86,33734,33734,33821,JobState.COMPLETED,0,176.53061224489795,176.53061224489795,15181.632653061224
jid_900428,92940.0,168.0,1,18,33805,33805,33824,JobState.COMPLETED,0,176.53061224489795,176.53061224489795,3177.551020408163
jid_900439,92940.0,168.0,1,169,33674,33674,33844,JobState.COMPLETED,0,176.5306122448979,176.53061224489795,29833.673469387744
jid_900430,92940.0,168.0,1,20,33833,33833,33854,JobState.COMPLETED,0,176.53061224489795,176.53061224489795,3530.612244897959
jid_900431,92940.0,168.0,1,18,33840,33840,33859,JobState.COMPLETED,0,176.53061224489795,176.53061224489795,3177.551020408163
jid_900432,92940.0,168.0,1,33,33852,33852,33886,JobState.COMPLETED,0,176.53061224489795,176.53061224489795,5825.510204081633
jid_900433,92940.0,168.0,1,21,33864,33864,33886,JobState.COMPLETED,0,176.53061224489795,176.53061224489795,3707.142857142857
jid_900434,92940.0,168.0,1,20,33869,33869,33890,JobState.COMPLETED,0,176.53061224489795,176.53061224489795,3530.612244897959
jid_900435,92940.0,168.0,1,18,33875,33875,33894,JobState.COMPLETED,0,176.53061224489795,176.53061224489795,3177.551020408163
jid_900436,92940.0,168.0,1,980,32924,32924,33905,JobState.COMPLETED,0,176.53061224489807,176.53061224489795,173000.00000000012
jid_900437,92940.0,168.0,1,125,33779,33779,33905,JobState.COMPLETED,0,176.5306122448979,176.53061224489795,22066.326530612238
jid_900438,92940.0,168.0,1,86,33822,33822,33909,JobState.COMPLETED,0,176.53061224489795,176.53061224489795,15181.632653061224
jid_900443,92940.0,168.0,1,20,33901,33901,33922,JobState.COMPLETED,0,176.53061224489795,176.53061224489795,3530.612244897959
jid_900440,92940.0,168.0,1,85,33837,33837,33923,JobState.COMPLETED,0,176.53061224489795,176.53061224489795,15005.102040816326
jid_900445,92940.0,168.0,1,22,33901,33901,33924,JobState.COMPLETED,0,176.53061224489795,176.53061224489795,3883.673469387755
jid_900444,92940.0,168.0,1,20,33908,33908,33929,JobState.COMPLETED,0,176.53061224489795,176.53061224489795,3530.612244897959
jid_900442,92940.0,168.0,1,17,33911,33911,33929,JobState.COMPLETED,0,176.53061224489795,176.53061224489795,3001.020408163265
jid_900441,92940.0,168.0,1,137,33792,33792,33930,JobState.COMPLETED,0,176.5306122448979,176.53061224489795,24184.693877551013
jid_900446,92940.0,168.0,1,22,33940,33940,33963,JobState.COMPLETED,0,176.53061224489795,176.53061224489795,3883.673469387755
jid_900447,92940.0,168.0,1,17,33971,33971,33989,JobState.COMPLETED,0,176.53061224489795,176.53061224489795,3001.020408163265
jid_900454,92940.0,168.0,1,169,33832,33832,34002,JobState.COMPLETED,0,176.5306122448979,176.53061224489795,29833.673469387744
jid_900448,92940.0,168.0,1,22,33979,33979,34002,JobState.COMPLETED,0,176.53061224489795,176.53061224489795,3883.673469387755
jid_900449,92940.0,168.0,1,34,33972,33972,34007,JobState.COMPLETED,0,176.53061224489795,176.53061224489795,6002.04081632653
jid_900522,92940.0,168.0,1,85,33924,33924,34010,JobState.COMPLETED,0,176.53061224489795,176.53061224489795,15005.102040816326
jid_900450,92940.0,168.0,1,1149,32863,32863,34013,JobState.COMPLETED,0,176.53061224489784,176.53061224489795,202833.6734693876
jid_900455,92940.0,168.0,1,18,34006,34006,34025,JobState.COMPLETED,0,176.53061224489795,176.53061224489795,3177.551020408163
jid_900457,92940.0,168.0,1,21,34016,34016,34038,JobState.COMPLETED,0,176.53061224489795,176.53061224489795,3707.142857142857
jid_900456,92940.0,168.0,1,21,34023,34023,34045,JobState.COMPLETED,0,176.53061224489795,176.53061224489795,3707.142857142857
jid_900452,92940.0,168.0,1,128,33921,33921,34050,JobState.COMPLETED,0,176.5306122448979,176.53061224489795,22595.91836734693
jid_900451,92940.0,168.0,1,824,33231,33231,34056,JobState.COMPLETED,0,176.53061224489815,176.53061224489795,145461.22448979606
jid_900458,92940.0,168.0,1,122,33944,33944,34067,JobState.COMPLETED,0,176.5306122448979,176.53061224489795,21536.734693877544
jid_900453,92940.0,168.0,1,91,33976,33976,34068,JobState.COMPLETED,0,176.53061224489792,176.53061224489795,16064.285714285712
jid_900459,92940.0,168.0,1,108,33979,33979,34088,JobState.COMPLETED,0,176.53061224489792,176.53061224489795,19065.306122448976
jid_900526,92940.0,168.0,1,167,33933,33933,34101,JobState.COMPLETED,0,176.5306122448979,176.53061224489795,29480.612244897948
jid_900460,92940.0,168.0,1,22,34087,34087,34110,JobState.COMPLETED,0,176.53061224489795,176.53061224489795,3883.673469387755
jid_900461,92940.0,168.0,1,19,34094,34094,34114,JobState.COMPLETED,0,176.53061224489795,176.53061224489795,3354.081632653061
jid_900463,92940.0,168.0,1,25,34098,34098,34124,JobState.COMPLETED,0,176.53061224489795,176.53061224489795,4413.265306122449
jid_900462,92940.0,168.0,1,19,34105,34105,34125,JobState.COMPLETED,0,176.53061224489795,176.53061224489795,3354.081632653061
jid_900464,92940.0,168.0,1,37,34095,34095,34133,JobState.COMPLETED,0,176.53061224489795,176.53061224489795,6531.632653061224
jid_900465,92940.0,168.0,1,21,34125,34125,34147,JobState.COMPLETED,0,176.53061224489795,176.53061224489795,3707.142857142857
jid_900466,92940.0,168.0,1,18,34130,34130,34149,JobState.COMPLETED,0,176.53061224489795,176.53061224489795,3177.551020408163
jid_900467,92940.0,168.0,1,17,34140,34140,34158,JobState.COMPLETED,0,176.53061224489795,176.53061224489795,3001.020408163265
jid_900469,92940.0,168.0,1,79,34082,34082,34162,JobState.COMPLETED,0,176.53061224489795,176.53061224489795,13945.918367346938
jid_900468,92940.0,168.0,1,21,34140,34140,34162,JobState.COMPLETED,0,176.53061224489795,176.53061224489795,3707.142857142857
jid_900488,92940.0,168.0,1,20,34148,34148,34169,JobState.COMPLETED,0,176.53061224489795,176.53061224489795,3530.612244897959
jid_900471,92940.0,168.0,1,18,34165,34165,34184,JobState.COMPLETED,0,176.53061224489795,176.53061224489795,3177.551020408163
jid_900470,92940.0,168.0,1,22,34162,34162,34185,JobState.COMPLETED,0,176.53061224489795,176.53061224489795,3883.673469387755
jid_900475,92940.0,168.0,1,161,34028,34028,34190,JobState.COMPLETED,0,176.5306122448979,176.53061224489795,28421.42857142856
jid_900472,92940.0,168.0,1,19,34173,34173,34193,JobState.COMPLETED,0,176.53061224489795,176.53061224489795,3354.081632653061
jid_900473,92940.0,168.0,1,21,34179,34179,34201,JobState.COMPLETED,0,176.53061224489795,176.53061224489795,3707.142857142857
jid_900474,92940.0,168.0,1,18,34200,34200,34219,JobState.COMPLETED,0,176.53061224489795,176.53061224489795,3177.551020408163
jid_900476,92940.0,168.0,1,20,34200,34200,34221,JobState.COMPLETED,0,176.53061224489795,176.53061224489795,3530.612244897959
jid_900477,92940.0,168.0,1,18,34208,34208,34227,JobState.COMPLETED,0,176.53061224489795,176.53061224489795,3177.551020408163
jid_900478,92940.0,168.0,1,133,34102,34102,34236,JobState.COMPLETED,0,176.5306122448979,176.53061224489795,23478.57142857142
jid_900479,92940.0,168.0,1,21,34217,34217,34239,JobState.COMPLETED,0,176.53061224489795,176.53061224489795,3707.142857142857
jid_900491,92940.0,168.0,1,16,34236,34236,34253,JobState.COMPLETED,0,176.53061224489795,176.53061224489795,2824.4897959183672
jid_900480,92940.0,168.0,1,18,34235,34235,34254,JobState.COMPLETED,0,176.53061224489795,176.53061224489795,3177.551020408163
jid_900481,92940.0,168.0,1,77,34179,34179,34257,JobState.COMPLETED,0,176.53061224489795,176.53061224489795,13592.857142857143
jid_900482,92940.0,168.0,1,17,34242,34242,34260,JobState.COMPLETED,0,176.53061224489795,176.53061224489795,3001.020408163265
jid_900483,92940.0,168.0,1,172,34092,34092,34265,JobState.COMPLETED,0,176.5306122448979,176.53061224489795,30363.265306122437
jid_900484,92940.0,168.0,1,21,34255,34255,34277,JobState.COMPLETED,0,176.53061224489795,176.53061224489795,3707.142857142857
jid_900485,92940.0,168.0,1,17,34269,34269,34287,JobState.COMPLETED,0,176.53061224489795,176.53061224489795,3001.020408163265
jid_900486,92940.0,168.0,1,17,34275,34275,34293,JobState.COMPLETED,0,176.53061224489795,176.53061224489795,3001.020408163265
jid_900487,92940.0,168.0,1,980,33330,33330,34311,JobState.COMPLETED,0,176.53061224489807,176.53061224489795,173000.00000000012
jid_900489,92940.0,168.0,1,21,34294,34294,34316,JobState.COMPLETED,0,176.53061224489795,176.53061224489795,3707.142857142857
jid_900490,92940.0,168.0,1,17,34303,34303,34321,JobState.COMPLETED,0,176.53061224489795,176.53061224489795,3001.020408163265
jid_900492,92940.0,168.0,1,18,34308,34308,34327,JobState.COMPLETED,0,176.53061224489795,176.53061224489795,3177.551020408163
jid_900494,92940.0,168.0,1,22,34332,34332,34355,JobState.COMPLETED,0,176.53061224489795,176.53061224489795,3883.673469387755
jid_900493,92940.0,168.0,1,18,34336,34336,34355,JobState.COMPLETED,0,176.53061224489795,176.53061224489795,3177.551020408163
jid_900495,92940.0,168.0,1,20,34338,34338,34359,JobState.COMPLETED,0,176.53061224489795,176.53061224489795,3530.612244897959
jid_900496,92940.0,168.0,1,17,34342,34342,34360,JobState.COMPLETED,0,176.53061224489795,176.53061224489795,3001.020408163265
jid_900497,92940.0,168.0,1,88,34274,34274,34363,JobState.COMPLETED,0,176.53061224489795,176.53061224489795,15534.69387755102
jid_900499,92940.0,168.0,1,55,34329,34329,34385,JobState.COMPLETED,0,176.53061224489795,176.53061224489795,9709.183673469388
jid_900501,92940.0,168.0,1,136,34253,34253,34390,JobState.COMPLETED,0,176.5306122448979,176.53061224489795,24008.163265306113
jid_900500,92940.0,168.0,1,18,34371,34371,34390,JobState.COMPLETED,0,176.53061224489795,176.53061224489795,3177.551020408163
jid_900503,92940.0,168.0,1,158,34235,34235,34394,JobState.COMPLETED,0,176.5306122448979,176.53061224489795,27891.83673469387
jid_900502,92940.0,168.0,1,18,34376,34376,34395,JobState.COMPLETED,0,176.53061224489795,176.53061224489795,3177.551020408163
jid_900504,92940.0,168.0,1,34,34371,34371,34406,JobState.COMPLETED,0,176.53061224489795,176.53061224489795,6002.04081632653
jid_900505,92940.0,168.0,1,17,34400,34400,34418,JobState.COMPLETED,0,176.53061224489795,176.53061224489795,3001.020408163265
jid_900506,92940.0,168.0,1,17,34406,34406,34424,JobState.COMPLETED,0,176.53061224489795,176.53061224489795,3001.020408163265
jid_900507,92940.0,168.0,1,17,34410,34410,34428,JobState.COMPLETED,0,176.53061224489795,176.53061224489795,3001.020408163265
jid_900508,92940.0,168.0,1,17,34422,34422,34440,JobState.COMPLETED,0,176.53061224489795,176.53061224489795,3001.020408163265
jid_900509,92940.0,168.0,1,167,34281,34281,34449,JobState.COMPLETED,0,176.5306122448979,176.53061224489795,29480.612244897948
jid_900510,92940.0,168.0,1,17,34432,34432,34450,JobState.COMPLETED,0,176.53061224489795,176.53061224489795,3001.020408163265
jid_900511,92940.0,168.0,1,17,34441,34441,34459,JobState.COMPLETED,0,176.53061224489795,176.53061224489795,3001.020408163265
jid_900512,92940.0,168.0,1,85,34379,34379,34465,JobState.COMPLETED,0,176.53061224489795,176.53061224489795,15005.102040816326
jid_900513,92940.0,168.0,1,18,34447,34447,34466,JobState.COMPLETED,0,176.53061224489795,176.53061224489795,3177.551020408163
jid_900514,92940.0,168.0,1,18,34455,34455,34474,JobState.COMPLETED,0,176.53061224489795,176.53061224489795,3177.551020408163
jid_900515,92940.0,168.0,1,18,34465,34465,34484,JobState.COMPLETED,0,176.53061224489795,176.53061224489795,3177.551020408163
jid_900516,92940.0,168.0,1,79,34406,34406,34486,JobState.COMPLETED,0,176.53061224489795,176.53061224489795,13945.918367346938
jid_900517,92940.0,168.0,1,19,34476,34476,34496,JobState.COMPLETED,0,176.53061224489795,176.53061224489795,3354.081632653061
jid_900518,92940.0,168.0,1,19,34481,34481,34501,JobState.COMPLETED,0,176.53061224489795,176.53061224489795,3354.081632653061
jid_900519,92940.0,168.0,1,19,34490,34490,34510,JobState.COMPLETED,0,176.53061224489795,176.53061224489795,3354.081632653061
jid_900520,92940.0,168.0,1,18,34499,34499,34518,JobState.COMPLETED,0,176.53061224489795,176.53061224489795,3177.551020408163
jid_900521,92940.0,168.0,1,19,34512,34512,34532,JobState.COMPLETED,0,176.53061224489795,176.53061224489795,3354.081632653061
jid_900523,92940.0,168.0,1,20,34517,34517,34538,JobState.COMPLETED,0,176.53061224489795,176.53061224489795,3530.612244897959
jid_900524,92940.0,168.0,1,19,34526,34526,34546,JobState.COMPLETED,0,176.53061224489795,176.53061224489795,3354.081632653061
jid_900525,92940.0,168.0,1,18,34532,34532,34551,JobState.COMPLETED,0,176.53061224489795,176.53061224489795,3177.551020408163
jid_900527,92940.0,168.0,1,74,34481,34481,34556,JobState.COMPLETED,0,176.53061224489795,176.53061224489795,13063.265306122448
jid_900528,92940.0,168.0,1,19,34549,34549,34569,JobState.COMPLETED,0,176.53061224489795,176.53061224489795,3354.081632653061
jid_900530,92940.0,168.0,1,159,34411,34411,34571,JobState.COMPLETED,0,176.5306122448979,176.53061224489795,28068.367346938765
jid_900529,92940.0,168.0,1,23,34549,34549,34573,JobState.COMPLETED,0,176.53061224489795,176.53061224489795,4060.204081632653
jid_900531,92940.0,168.0,1,20,34554,34554,34575,JobState.COMPLETED,0,176.53061224489795,176.53061224489795,3530.612244897959
jid_900532,92940.0,168.0,1,18,34562,34562,34581,JobState.COMPLETED,0,176.53061224489795,176.53061224489795,3177.551020408163
jid_900533,92940.0,168.0,1,79,34502,34502,34582,JobState.COMPLETED,0,176.53061224489795,176.53061224489795,13945.918367346938
jid_900534,92940.0,168.0,1,17,34565,34565,34583,JobState.COMPLETED,0,176.53061224489795,176.53061224489795,3001.020408163265
jid_900536,92940.0,168.0,1,17,34585,34585,34603,JobState.COMPLETED,0,176.53061224489795,176.53061224489795,3001.020408163265
jid_900538,92940.0,168.0,1,18,34591,34591,34610,JobState.COMPLETED,0,176.53061224489795,176.53061224489795,3177.551020408163
jid_900537,92940.0,168.0,1,22,34588,34588,34611,JobState.COMPLETED,0,176.53061224489795,176.53061224489795,3883.673469387755
jid_900540,92940.0,168.0,1,151,34463,34463,34615,JobState.COMPLETED,0,176.5306122448979,176.53061224489795,26656.122448979582
jid_900539,92940.0,168.0,1,18,34596,34596,34615,JobState.COMPLETED,0,176.53061224489795,176.53061224489795,3177.551020408163
jid_900541,92940.0,168.0,1,18,34599,34599,34618,JobState.COMPLETED,0,176.53061224489795,176.53061224489795,3177.551020408163
jid_900542,92940.0,168.0,1,22,34598,34598,34621,JobState.COMPLETED,0,176.53061224489795,176.53061224489795,3883.673469387755
jid_900543,92940.0,168.0,1,18,34619,34619,34638,JobState.COMPLETED,0,176.53061224489795,176.53061224489795,3177.551020408163
jid_900544,92940.0,168.0,1,20,34627,34627,34648,JobState.COMPLETED,0,176.53061224489795,176.53061224489795,3530.612244897959
jid_900547,92940.0,168.0,1,19,34631,34631,34651,JobState.COMPLETED,0,176.53061224489795,176.53061224489795,3354.081632653061
jid_900546,92940.0,168.0,1,25,34626,34626,34652,JobState.COMPLETED,0,176.53061224489795,176.53061224489795,4413.265306122449
jid_900545,92940.0,168.0,1,18,34633,34633,34652,JobState.COMPLETED,0,176.53061224489795,176.53061224489795,3177.551020408163
jid_900548,92940.0,168.0,1,81,34572,34572,34654,JobState.COMPLETED,0,176.53061224489795,176.53061224489795,14298.979591836734
jid_900549,92940.0,168.0,1,23,34636,34636,34660,JobState.COMPLETED,0,176.53061224489795,176.53061224489795,4060.204081632653
jid_900550,92940.0,168.0,1,17,34664,34664,34682,JobState.COMPLETED,0,176.53061224489795,176.53061224489795,3001.020408163265
jid_900551,92940.0,168.0,1,17,34666,34666,34684,JobState.COMPLETED,0,176.53061224489795,176.53061224489795,3001.020408163265
jid_900553,92940.0,168.0,1,32,34653,34653,34686,JobState.COMPLETED,0,176.53061224489795,176.53061224489795,5648.9795918367345
jid_900552,92940.0,168.0,1,18,34667,34667,34686,JobState.COMPLETED,0,176.53061224489795,176.53061224489795,3177.551020408163
jid_900554,92940.0,168.0,1,21,34666,34666,34688,JobState.COMPLETED,0,176.53061224489795,176.53061224489795,3707.142857142857
jid_900555,92940.0,168.0,1,21,34676,34676,34698,JobState.COMPLETED,0,176.53061224489795,176.53061224489795,3707.142857142857
jid_900556,93535.0,322.0,2,3179,31526,31526,34706,JobState.COMPLETED,0,176.530612244897,176.53061224489795,1122381.632653055
jid_900557,92940.0,168.0,1,150,34565,34565,34716,JobState.COMPLETED,0,176.5306122448979,176.53061224489795,26479.591836734686
jid_900560,92940.0,168.0,1,17,34699,34699,34717,JobState.COMPLETED,0,176.53061224489795,176.53061224489795,3001.020408163265
jid_900558,92940.0,168.0,1,17,34701,34701,34719,JobState.COMPLETED,0,176.53061224489795,176.53061224489795,3001.020408163265
jid_900559,92940.0,168.0,1,17,34701,34701,34719,JobState.COMPLETED,0,176.53061224489795,176.53061224489795,3001.020408163265
jid_900561,92940.0,168.0,1,52,34671,34671,34724,JobState.COMPLETED,0,176.53061224489795,176.53061224489795,9179.591836734693
jid_900562,92940.0,168.0,1,21,34704,34704,34726,JobState.COMPLETED,0,176.53061224489795,176.53061224489795,3707.142857142857
jid_900563,92940.0,168.0,1,141,34589,34589,34731,JobState.COMPLETED,0,176.5306122448979,176.53061224489795,24890.816326530603
jid_900564,92940.0,168.0,1,31,34701,34701,34733,JobState.COMPLETED,0,176.53061224489795,176.53061224489795,5472.448979591836
jid_900565,92940.0,168.0,1,21,34715,34715,34737,JobState.COMPLETED,0,176.53061224489795,176.53061224489795,3707.142857142857
jid_900566,92940.0,168.0,1,18,34734,34734,34753,JobState.COMPLETED,0,176.53061224489795,176.53061224489795,3177.551020408163
jid_900575,92940.0,168.0,1,18,34734,34734,34753,JobState.COMPLETED,0,176.53061224489795,176.53061224489795,3177.551020408163
jid_900578,92940.0,168.0,1,18,34736,34736,34755,JobState.COMPLETED,0,176.53061224489795,176.53061224489795,3177.551020408163
jid_900567,92940.0,168.0,1,20,34742,34742,34763,JobState.COMPLETED,0,176.53061224489795,176.53061224489795,3530.612244897959
jid_900568,92940.0,168.0,1,135,34631,34631,34767,JobState.COMPLETED,0,176.5306122448979,176.53061224489795,23831.632653061217
jid_900569,92940.0,168.0,1,26,34752,34752,34779,JobState.COMPLETED,0,176.53061224489795,176.53061224489795,4589.7959183673465
jid_900570,92940.0,168.0,1,38,34749,34749,34788,JobState.COMPLETED,0,176.53061224489795,176.53061224489795,6708.163265306122
jid_900571,92940.0,168.0,1,21,34775,34775,34797,JobState.COMPLETED,0,176.53061224489795,176.53061224489795,3707.142857142857
jid_900572,92940.0,168.0,1,21,34780,34780,34802,JobState.COMPLETED,0,176.53061224489795,176.53061224489795,3707.142857142857
jid_900573,92940.0,168.0,1,72,34739,34739,34812,JobState.COMPLETED,0,176.53061224489795,176.53061224489795,12710.204081632652
jid_900574,92940.0,168.0,1,20,34796,34796,34817,JobState.COMPLETED,0,176.53061224489795,176.53061224489795,3530.612244897959
jid_900576,92940.0,168.0,1,1123,33703,33703,34827,JobState.COMPLETED,0,176.53061224489787,176.53061224489795,198243.8775510203
jid_900577,92940.0,168.0,1,31,34802,34802,34834,JobState.COMPLETED,0,176.53061224489795,176.53061224489795,5472.448979591836
jid_900579,92940.0,168.0,1,18,34815,34815,34834,JobState.COMPLETED,0,176.53061224489795,176.53061224489795,3177.551020408163
jid_900580,92940.0,168.0,1,22,34818,34818,34841,JobState.COMPLETED,0,176.53061224489795,176.53061224489795,3883.673469387755
jid_900581,92940.0,168.0,1,22,34840,34840,34863,JobState.COMPLETED,0,176.53061224489795,176.53061224489795,3883.673469387755
jid_900582,92940.0,168.0,1,134,34730,34730,34865,JobState.COMPLETED,0,176.5306122448979,176.53061224489795,23655.102040816317
jid_900585,92940.0,168.0,1,19,34850,34850,34870,JobState.COMPLETED,0,176.53061224489795,176.53061224489795,3354.081632653061
jid_900584,92940.0,168.0,1,127,34746,34746,34874,JobState.COMPLETED,0,176.5306122448979,176.53061224489795,22419.387755102034
jid_900586,92940.0,168.0,1,29,34849,34849,34879,JobState.COMPLETED,0,176.53061224489795,176.53061224489795,5119.3877551020405
jid_900587,92940.0,168.0,1,22,34879,34879,34902,JobState.COMPLETED,0,176.53061224489795,176.53061224489795,3883.673469387755
jid_900588,92940.0,168.0,1,74,34828,34828,34903,JobState.COMPLETED,0,176.53061224489795,176.53061224489795,13063.265306122448
jid_900589,92940.0,168.0,1,28,34893,34893,34922,JobState.COMPLETED,0,176.53061224489795,176.53061224489795,4942.857142857143
jid_900590,92940.0,168.0,1,141,34781,34781,34923,JobState.COMPLETED,0,176.5306122448979,176.53061224489795,24890.816326530603
jid_900591,92940.0,168.0,1,1002,33921,33921,34924,JobState.COMPLETED,0,176.530612244898,176.53061224489795,176883.6734693878
jid_900592,92940.0,168.0,1,20,34919,34919,34940,JobState.COMPLETED,0,176.53061224489795,176.53061224489795,3530.612244897959
jid_900594,92940.0,168.0,1,51,34920,34920,34972,JobState.COMPLETED,0,176.53061224489795,176.53061224489795,9003.061224489795
jid_900593,92940.0,168.0,1,32,34939,34939,34972,JobState.COMPLETED,0,176.53061224489795,176.53061224489795,5648.9795918367345
jid_900595,92940.0,168.0,1,17,34958,34958,34976,JobState.COMPLETED,0,176.53061224489795,176.53061224489795,3001.020408163265
jid_900596,92940.0,168.0,1,21,34992,34992,35014,JobState.COMPLETED,0,176.53061224489795,176.53061224489795,3707.142857142857
jid_900597,92940.0,168.0,1,27,34991,34991,35019,JobState.COMPLETED,0,176.53061224489795,176.53061224489795,4766.326530612245
jid_900598,92940.0,168.0,1,134,34888,34888,35023,JobState.COMPLETED,0,176.5306122448979,176.53061224489795,23655.102040816317
jid_900599,92940.0,168.0,1,144,34883,34883,35028,JobState.COMPLETED,0,176.5306122448979,176.53061224489795,25420.408163265296
jid_900600,92940.0,168.0,1,975,34071,34071,35047,JobState.COMPLETED,0,176.53061224489807,176.53061224489795,172117.34693877562
jid_900615,92940.0,168.0,1,35,35011,35011,35047,JobState.COMPLETED,0,176.53061224489795,176.53061224489795,6178.571428571428
jid_900602,92940.0,168.0,1,35,35012,35012,35048,JobState.COMPLETED,0,176.53061224489795,176.53061224489795,6178.571428571428
jid_900601,92940.0,168.0,1,18,35030,35030,35049,JobState.COMPLETED,0,176.53061224489795,176.53061224489795,3177.551020408163
jid_900603,92940.0,168.0,1,35,35021,35021,35057,JobState.COMPLETED,0,176.53061224489795,176.53061224489795,6178.571428571428
jid_900604,92940.0,168.0,1,34,35034,35034,35069,JobState.COMPLETED,0,176.53061224489795,176.53061224489795,6002.04081632653
jid_900605,92940.0,168.0,1,33,35041,35041,35075,JobState.COMPLETED,0,176.53061224489795,176.53061224489795,5825.510204081633
jid_900606,92940.0,168.0,1,19,35063,35063,35083,JobState.COMPLETED,0,176.53061224489795,176.53061224489795,3354.081632653061
jid_900607,92940.0,168.0,1,51,35034,35034,35086,JobState.COMPLETED,0,176.53061224489795,176.53061224489795,9003.061224489795
jid_900608,92940.0,168.0,1,149,34939,34939,35089,JobState.COMPLETED,0,176.5306122448979,176.53061224489795,26303.061224489786
jid_900609,92940.0,168.0,1,33,35064,35064,35098,JobState.COMPLETED,0,176.53061224489795,176.53061224489795,5825.510204081633
jid_900610,92940.0,168.0,1,35,35073,35073,35109,JobState.COMPLETED,0,176.53061224489795,176.53061224489795,6178.571428571428
jid_900612,92940.0,168.0,1,17,35097,35097,35115,JobState.COMPLETED,0,176.53061224489795,176.53061224489795,3001.020408163265
jid_900611,92940.0,168.0,1,32,35084,35084,35117,JobState.COMPLETED,0,176.53061224489795,176.53061224489795,5648.9795918367345
jid_900613,92940.0,168.0,1,31,35089,35089,35121,JobState.COMPLETED,0,176.53061224489795,176.53061224489795,5472.448979591836
jid_900614,92940.0,168.0,1,21,35100,35100,35122,JobState.COMPLETED,0,176.53061224489795,176.53061224489795,3707.142857142857
jid_900616,93536.0,322.0,100,392,34737,34737,35130,JobState.COMPLETED,0,176.53061224489812,176.53061224489795,6920000.000000006
jid_900617,92940.0,168.0,1,33,35114,35114,35148,JobState.COMPLETED,0,176.53061224489795,176.53061224489795,5825.510204081633
jid_900618,92940.0,168.0,1,18,35133,35133,35152,JobState.COMPLETED,0,176.53061224489795,176.53061224489795,3177.551020408163
jid_900619,92940.0,168.0,1,33,35123,35123,35157,JobState.COMPLETED,0,176.53061224489795,176.53061224489795,5825.510204081633
jid_900620,92940.0,168.0,1,31,35133,35133,35165,JobState.COMPLETED,0,176.53061224489795,176.53061224489795,5472.448979591836
jid_900621,92940.0,168.0,1,33,35137,35137,35171,JobState.COMPLETED,0,176.53061224489795,176.53061224489795,5825.510204081633
jid_900622,92940.0,168.0,1,34,35141,35141,35176,JobState.COMPLETED,0,176.53061224489795,176.53061224489795,6002.04081632653
jid_900623,92940.0,168.0,1,140,35039,35039,35180,JobState.COMPLETED,0,176.5306122448979,176.53061224489795,24714.285714285706
jid_900624,92940.0,168.0,1,18,35167,35167,35186,JobState.COMPLETED,0,176.53061224489795,176.53061224489795,3177.551020408163
jid_900625,92940.0,168.0,1,50,35138,35138,35189,JobState.COMPLETED,0,176.53061224489795,176.53061224489795,8826.530612244898
jid_900626,92940.0,168.0,1,86,35106,35106,35193,JobState.COMPLETED,0,176.53061224489795,176.53061224489795,15181.632653061224
jid_900662,92940.0,168.0,1,148,35046,35046,35195,JobState.COMPLETED,0,176.5306122448979,176.53061224489795,26126.53061224489
jid_900627,92940.0,168.0,1,35,35162,35162,35198,JobState.COMPLETED,0,176.53061224489795,176.53061224489795,6178.571428571428
jid_900628,92940.0,168.0,1,33,35171,35171,35205,JobState.COMPLETED,0,176.53061224489795,176.53061224489795,5825.510204081633
jid_900629,92940.0,168.0,1,31,35179,35179,35211,JobState.COMPLETED,0,176.53061224489795,176.53061224489795,5472.448979591836
jid_900630,92940.0,168.0,1,18,35202,35202,35221,JobState.COMPLETED,0,176.53061224489795,176.53061224489795,3177.551020408163
jid_900631,92940.0,168.0,1,33,35191,35191,35225,JobState.COMPLETED,0,176.53061224489795,176.53061224489795,5825.510204081633
jid_900632,92940.0,168.0,1,22,35203,35203,35226,JobState.COMPLETED,0,176.53061224489795,176.53061224489795,3883.673469387755
jid_900633,92940.0,168.0,1,31,35213,35213,35245,JobState.COMPLETED,0,176.53061224489795,176.53061224489795,5472.448979591836
jid_900635,92940.0,168.0,1,31,35220,35220,35252,JobState.COMPLETED,0,176.53061224489795,176.53061224489795,5472.448979591836
jid_900636,92940.0,168.0,1,71,35185,35185,35257,JobState.COMPLETED,0,176.53061224489795,176.53061224489795,12533.673469387755
jid_900637,92940.0,168.0,1,31,35227,35227,35259,JobState.COMPLETED,0,176.53061224489795,176.53061224489795,5472.448979591836
jid_900638,92940.0,168.0,1,39,35239,35239,35279,JobState.COMPLETED,0,176.53061224489795,176.53061224489795,6884.69387755102
jid_900639,92940.0,168.0,1,82,35198,35198,35281,JobState.COMPLETED,0,176.53061224489795,176.53061224489795,14475.510204081633
jid_900640,92940.0,168.0,1,18,35274,35274,35293,JobState.COMPLETED,0,176.53061224489795,176.53061224489795,3177.551020408163
jid_900641,92940.0,168.0,1,88,35208,35208,35297,JobState.COMPLETED,0,176.53061224489795,176.53061224489795,15534.69387755102
jid_900642,92940.0,168.0,1,40,35260,35260,35301,JobState.COMPLETED,0,176.53061224489795,176.53061224489795,7061.224489795918
jid_900643,92940.0,168.0,1,35,35267,35267,35303,JobState.COMPLETED,0,176.53061224489795,176.53061224489795,6178.571428571428
jid_900644,92940.0,168.0,1,28,35277,35277,35306,JobState.COMPLETED,0,176.53061224489795,176.53061224489795,4942.857142857143
jid_900645,92940.0,168.0,1,887,34438,34438,35326,JobState.COMPLETED,0,176.53061224489818,176.53061224489795,156582.65306122467
jid_900646,92940.0,168.0,1,93,35240,35240,35334,JobState.COMPLETED,0,176.53061224489792,176.53061224489795,16417.346938775507
jid_900647,92940.0,168.0,1,1006,34328,34328,35335,JobState.COMPLETED,0,176.530612244898,176.53061224489795,177589.7959183674
jid_900648,92940.0,168.0,1,50,35294,35294,35345,JobState.COMPLETED,0,176.53061224489795,176.53061224489795,8826.530612244898
jid_900649,92940.0,168.0,1,48,35308,35308,35357,JobState.COMPLETED,0,176.53061224489795,176.53061224489795,8473.469387755102
jid_900650,92940.0,168.0,1,47,35312,35312,35360,JobState.COMPLETED,0,176.53061224489795,176.53061224489795,8296.938775510203
jid_900651,92940.0,168.0,1,52,35316,35316,35369,JobState.COMPLETED,0,176.53061224489795,176.53061224489795,9179.591836734693
jid_900652,92940.0,168.0,1,50,35318,35318,35369,JobState.COMPLETED,0,176.53061224489795,176.53061224489795,8826.530612244898
jid_900692,92940.0,168.0,1,17,35351,35351,35369,JobState.COMPLETED,0,176.53061224489795,176.53061224489795,3001.020408163265
jid_900653,92940.0,168.0,1,42,35330,35330,35373,JobState.COMPLETED,0,176.53061224489795,176.53061224489795,7414.285714285714
jid_900654,92940.0,168.0,1,29,35362,35362,35392,JobState.COMPLETED,0,176.53061224489795,176.53061224489795,5119.3877551020405
jid_900655,92940.0,168.0,1,20,35371,35371,35392,JobState.COMPLETED,0,176.53061224489795,176.53061224489795,3530.612244897959
jid_900656,92940.0,168.0,1,22,35376,35376,35399,JobState.COMPLETED,0,176.53061224489795,176.53061224489795,3883.673469387755
jid_900657,92940.0,168.0,1,112,35298,35298,35411,JobState.COMPLETED,0,176.53061224489792,176.53061224489795,19771.42857142857
jid_900659,92940.0,168.0,1,33,35383,35383,35417,JobState.COMPLETED,0,176.53061224489795,176.53061224489795,5825.510204081633
jid_900658,92940.0,168.0,1,34,35383,35383,35418,JobState.COMPLETED,0,176.53061224489795,176.53061224489795,6002.04081632653
jid_900660,92940.0,168.0,1,32,35388,35388,35421,JobState.COMPLETED,0,176.53061224489795,176.53061224489795,5648.9795918367345
jid_900661,92940.0,168.0,1,19,35407,35407,35427,JobState.COMPLETED,0,176.53061224489795,176.53061224489795,3354.081632653061
jid_900663,92940.0,168.0,1,22,35415,35415,35438,JobState.COMPLETED,0,176.53061224489795,176.53061224489795,3883.673469387755
jid_900664,92940.0,168.0,1,31,35407,35407,35439,JobState.COMPLETED,0,176.53061224489795,176.53061224489795,5472.448979591836
jid_900671,92940.0,168.0,1,22,35428,35428,35451,JobState.COMPLETED,0,176.53061224489795,176.53061224489795,3883.673469387755
jid_900665,92940.0,168.0,1,19,35443,35443,35463,JobState.COMPLETED,0,176.53061224489795,176.53061224489795,3354.081632653061
jid_900666,92940.0,168.0,1,33,35432,35432,35466,JobState.COMPLETED,0,176.53061224489795,176.53061224489795,5825.510204081633
jid_900667,92940.0,168.0,1,34,35432,35432,35467,JobState.COMPLETED,0,176.53061224489795,176.53061224489795,6002.04081632653
jid_900691,92940.0,168.0,1,32,35436,35436,35469,JobState.COMPLETED,0,176.53061224489795,176.53061224489795,5648.9795918367345
jid_900668,92940.0,168.0,1,21,35453,35453,35475,JobState.COMPLETED,0,176.53061224489795,176.53061224489795,3707.142857142857
jid_900701,92940.0,168.0,1,33,35453,35453,35487,JobState.COMPLETED,0,176.53061224489795,176.53061224489795,5825.510204081633
jid_900698,92940.0,168.0,1,20,35479,35479,35500,JobState.COMPLETED,0,176.53061224489795,176.53061224489795,3530.612244897959
jid_900669,92940.0,168.0,1,23,35490,35490,35514,JobState.COMPLETED,0,176.53061224489795,176.53061224489795,4060.204081632653
jid_900670,92940.0,168.0,1,35,35481,35481,35517,JobState.COMPLETED,0,176.53061224489795,176.53061224489795,6178.571428571428
jid_900702,92940.0,168.0,1,35,35481,35481,35517,JobState.COMPLETED,0,176.53061224489795,176.53061224489795,6178.571428571428
jid_900672,92940.0,168.0,1,85,35452,35452,35538,JobState.COMPLETED,0,176.53061224489795,176.53061224489795,15005.102040816326
jid_900673,92940.0,168.0,1,21,35529,35529,35551,JobState.COMPLETED,0,176.53061224489795,176.53061224489795,3707.142857142857
jid_900674,92940.0,168.0,1,22,35538,35538,35561,JobState.COMPLETED,0,176.53061224489795,176.53061224489795,3883.673469387755
jid_900675,92940.0,168.0,1,20,35566,35566,35587,JobState.COMPLETED,0,176.53061224489795,176.53061224489795,3530.612244897959
jid_900676,92940.0,168.0,1,22,35575,35575,35598,JobState.COMPLETED,0,176.53061224489795,176.53061224489795,3883.673469387755
jid_900677,92940.0,168.0,1,79,35532,35532,35612,JobState.COMPLETED,0,176.53061224489795,176.53061224489795,13945.918367346938
jid_900678,92940.0,168.0,1,22,35602,35602,35625,JobState.COMPLETED,0,176.53061224489795,176.53061224489795,3883.673469387755
jid_900679,92940.0,168.0,1,21,35612,35612,35634,JobState.COMPLETED,0,176.53061224489795,176.53061224489795,3707.142857142857
jid_900680,92940.0,168.0,1,85,35554,35554,35640,JobState.COMPLETED,0,176.53061224489795,176.53061224489795,15005.102040816326
jid_900681,92940.0,168.0,1,18,35626,35626,35645,JobState.COMPLETED,0,176.53061224489795,176.53061224489795,3177.551020408163
jid_900682,92940.0,168.0,1,22,35639,35639,35662,JobState.COMPLETED,0,176.53061224489795,176.53061224489795,3883.673469387755
jid_900683,92940.0,168.0,1,21,35649,35649,35671,JobState.COMPLETED,0,176.53061224489795,176.53061224489795,3707.142857142857
jid_900684,92940.0,168.0,1,17,35660,35660,35678,JobState.COMPLETED,0,176.53061224489795,176.53061224489795,3001.020408163265
jid_900685,92940.0,168.0,1,23,35656,35656,35680,JobState.COMPLETED,0,176.53061224489795,176.53061224489795,4060.204081632653
jid_900686,92940.0,168.0,1,22,35677,35677,35700,JobState.COMPLETED,0,176.53061224489795,176.53061224489795,3883.673469387755
jid_900687,92940.0,168.0,1,20,35686,35686,35707,JobState.COMPLETED,0,176.53061224489795,176.53061224489795,3530.612244897959
jid_900688,92940.0,168.0,1,20,35692,35692,35713,JobState.COMPLETED,0,176.53061224489795,176.53061224489795,3530.612244897959
jid_900689,92940.0,168.0,1,21,35695,35695,35717,JobState.COMPLETED,0,176.53061224489795,176.53061224489795,3707.142857142857
jid_900693,92940.0,168.0,1,21,35721,35721,35743,JobState.COMPLETED,0,176.53061224489795,176.53061224489795,3707.142857142857
jid_900695,92940.0,168.0,1,20,35728,35728,35749,JobState.COMPLETED,0,176.53061224489795,176.53061224489795,3530.612244897959
jid_900694,92940.0,168.0,1,34,35715,35715,35750,JobState.COMPLETED,0,176.53061224489795,176.53061224489795,6002.04081632653
jid_900697,92940.0,168.0,1,21,35734,35734,35756,JobState.COMPLETED,0,176.53061224489795,176.53061224489795,3707.142857142857
jid_900699,92940.0,168.0,1,17,35753,35753,35771,JobState.COMPLETED,0,176.53061224489795,176.53061224489795,3001.020408163265
jid_900700,92940.0,168.0,1,17,35764,35764,35782,JobState.COMPLETED,0,176.53061224489795,176.53061224489795,3001.020408163265
jid_900704,92940.0,168.0,1,22,35761,35761,35784,JobState.COMPLETED,0,176.53061224489795,176.53061224489795,3883.673469387755
jid_900705,92940.0,168.0,1,32,35753,35753,35786,JobState.COMPLETED,0,176.53061224489795,176.53061224489795,5648.9795918367345
jid_900703,92940.0,168.0,1,20,35765,35765,35786,JobState.COMPLETED,0,176.53061224489795,176.53061224489795,3530.612244897959
jid_900706,92940.0,168.0,1,21,35773,35773,35795,JobState.COMPLETED,0,176.53061224489795,176.53061224489795,3707.142857142857
jid_900707,92940.0,168.0,1,20,35784,35784,35805,JobState.COMPLETED,0,176.53061224489795,176.53061224489795,3530.612244897959
jid_900708,92940.0,168.0,1,19,35785,35785,35805,JobState.COMPLETED,0,176.53061224489795,176.53061224489795,3354.081632653061
jid_900709,92940.0,168.0,1,17,35796,35796,35814,JobState.COMPLETED,0,176.53061224489795,176.53061224489795,3001.020408163265
jid_900710,92940.0,168.0,1,20,35801,35801,35822,JobState.COMPLETED,0,176.53061224489795,176.53061224489795,3530.612244897959
jid_900711,92940.0,168.0,1,21,35802,35802,35824,JobState.COMPLETED,0,176.53061224489795,176.53061224489795,3707.142857142857
jid_900713,92940.0,168.0,1,21,35810,35810,35832,JobState.COMPLETED,0,176.53061224489795,176.53061224489795,3707.142857142857
jid_900712,92940.0,168.0,1,34,35798,35798,35833,JobState.COMPLETED,0,176.53061224489795,176.53061224489795,6002.04081632653
jid_900714,92940.0,168.0,1,19,35820,35820,35840,JobState.COMPLETED,0,176.53061224489795,176.53061224489795,3354.081632653061
jid_900715,92940.0,168.0,1,19,35821,35821,35841,JobState.COMPLETED,0,176.53061224489795,176.53061224489795,3354.081632653061
jid_900716,92940.0,168.0,1,18,35829,35829,35848,JobState.COMPLETED,0,176.53061224489795,176.53061224489795,3177.551020408163
jid_900734,92940.0,168.0,1,21,35837,35837,35859,JobState.COMPLETED,0,176.53061224489795,176.53061224489795,3707.142857142857
jid_900718,92940.0,168.0,1,22,35842,35842,35865,JobState.COMPLETED,0,176.53061224489795,176.53061224489795,3883.673469387755
jid_900719,92940.0,168.0,1,21,35848,35848,35870,JobState.COMPLETED,0,176.53061224489795,176.53061224489795,3707.142857142857
jid_900720,92940.0,168.0,1,18,35855,35855,35874,JobState.COMPLETED,0,176.53061224489795,176.53061224489795,3177.551020408163
jid_900722,92940.0,168.0,1,72,35803,35803,35876,JobState.COMPLETED,0,176.53061224489795,176.53061224489795,12710.204081632652
jid_900721,92940.0,168.0,1,19,35856,35856,35876,JobState.COMPLETED,0,176.53061224489795,176.53061224489795,3354.081632653061
jid_900723,92940.0,168.0,1,78,35799,35799,35878,JobState.COMPLETED,0,176.53061224489795,176.53061224489795,13769.38775510204
jid_900724,92940.0,168.0,1,17,35862,35862,35880,JobState.COMPLETED,0,176.53061224489795,176.53061224489795,3001.020408163265
jid_900725,92940.0,168.0,1,34,35847,35847,35882,JobState.COMPLETED,0,176.53061224489795,176.53061224489795,6002.04081632653
jid_900727,92940.0,168.0,1,20,35886,35886,35907,JobState.COMPLETED,0,176.53061224489795,176.53061224489795,3530.612244897959
jid_900728,92940.0,168.0,1,19,35889,35889,35909,JobState.COMPLETED,0,176.53061224489795,176.53061224489795,3354.081632653061
jid_900730,92940.0,168.0,1,17,35892,35892,35910,JobState.COMPLETED,0,176.53061224489795,176.53061224489795,3001.020408163265
jid_900729,92940.0,168.0,1,19,35891,35891,35911,JobState.COMPLETED,0,176.53061224489795,176.53061224489795,3354.081632653061
jid_900731,92940.0,168.0,1,18,35893,35893,35912,JobState.COMPLETED,0,176.53061224489795,176.53061224489795,3177.551020408163
jid_900732,92940.0,168.0,1,18,35894,35894,35913,JobState.COMPLETED,0,176.53061224489795,176.53061224489795,3177.551020408163
jid_900733,92940.0,168.0,1,32,35882,35882,35915,JobState.COMPLETED,0,176.53061224489795,176.53061224489795,5648.9795918367345
jid_900735,92940.0,168.0,1,17,35924,35924,35942,JobState.COMPLETED,0,176.53061224489795,176.53061224489795,3001.020408163265
jid_900737,92940.0,168.0,1,17,35926,35926,35944,JobState.COMPLETED,0,176.53061224489795,176.53061224489795,3001.020408163265
jid_900736,92940.0,168.0,1,17,35927,35927,35945,JobState.COMPLETED,0,176.53061224489795,176.53061224489795,3001.020408163265
jid_900738,92940.0,168.0,1,22,35923,35923,35946,JobState.COMPLETED,0,176.53061224489795,176.53061224489795,3883.673469387755
jid_900739,92940.0,168.0,1,19,35926,35926,35946,JobState.COMPLETED,0,176.53061224489795,176.53061224489795,3354.081632653061
jid_900740,92940.0,168.0,1,18,35928,35928,35947,JobState.COMPLETED,0,176.53061224489795,176.53061224489795,3177.551020408163
jid_900741,92940.0,168.0,1,17,35933,35933,35951,JobState.COMPLETED,0,176.53061224489795,176.53061224489795,3001.020408163265
jid_900742,92940.0,168.0,1,21,35946,35946,35968,JobState.COMPLETED,0,176.53061224489795,176.53061224489795,3707.142857142857
jid_900743,92940.0,168.0,1,78,35896,35896,35975,JobState.COMPLETED,0,176.53061224489795,176.53061224489795,13769.38775510204
jid_900744,92940.0,168.0,1,19,35957,35957,35977,JobState.COMPLETED,0,176.53061224489795,176.53061224489795,3354.081632653061
jid_900745,92940.0,168.0,1,20,35960,35960,35981,JobState.COMPLETED,0,176.53061224489795,176.53061224489795,3530.612244897959
jid_900747,92940.0,168.0,1,20,35960,35960,35981,JobState.COMPLETED,0,176.53061224489795,176.53061224489795,3530.612244897959
jid_900748,92940.0,168.0,1,19,35961,35961,35981,JobState.COMPLETED,0,176.53061224489795,176.53061224489795,3354.081632653061
jid_900746,92940.0,168.0,1,18,35963,35963,35982,JobState.COMPLETED,0,176.53061224489795,176.53061224489795,3177.551020408163
jid_900749,92940.0,168.0,1,22,35961,35961,35984,JobState.COMPLETED,0,176.53061224489795,176.53061224489795,3883.673469387755
jid_900752,92940.0,168.0,1,1151,34844,34844,35996,JobState.COMPLETED,0,176.5306122448978,176.53061224489795,203186.73469387737
jid_900751,92940.0,168.0,1,1039,34956,34956,35996,JobState.COMPLETED,0,176.53061224489798,176.53061224489795,183415.306122449
jid_900767,92940.0,168.0,1,1005,35062,35062,36068,JobState.COMPLETED,0,176.530612244898,176.53061224489795,177413.26530612248
jid_900847,92940.0,168.0,1,1083,35351,35351,36435,JobState.COMPLETED,0,176.5306122448979,176.53061224489795,191182.6530612244
jid_900815,92940.0,168.0,1,1089,35351,35351,36441,JobState.COMPLETED,0,176.5306122448979,176.53061224489795,192241.83673469382
jid_901043,1444.0,710.0,12,680,37141,37141,37822,JobState.COMPLETED,0,124.79851053936603,124.79851053936596,1018355.8460012268
jid_901311,93352.0,200.0,2560,39269,295,295,39565,JobState.COMPLETED,0,157.63330885104136,157.63330885103255,15846662157.495152
jid_893830,87498.0,393.0,1999,128,1111,39565,39694,JobState.COMPLETED,0,176.5306122448979,176.53061224489795,45169240.816326514
jid_893887,87498.0,393.0,1999,276,1354,39694,39971,JobState.COMPLETED,0,176.53061224489792,176.53061224489795,97396175.51020406
jid_901349,5007.0,150.0,1,28,40020,40020,40049,JobState.COMPLETED,0,176.53061224489795,176.53061224489795,4942.857142857143
jid_893939,87498.0,393.0,1999,108,1844,39971,40080,JobState.COMPLETED,0,176.53061224489792,176.53061224489795,38111546.9387755
jid_894038,87498.0,393.0,1999,46,2445,40080,40127,JobState.COMPLETED,0,176.53061224489795,176.53061224489795,16232695.918367347
jid_894054,87498.0,393.0,1999,5,2549,40127,40133,JobState.COMPLETED,0,176.53061224489795,176.53061224489795,1764423.469387755
jid_901363,5007.0,150.0,1,24,40155,40155,40180,JobState.COMPLETED,0,176.53061224489795,176.53061224489795,4236.734693877551
jid_894354,93474.0,393.0,1999,103,4095,40133,40237,JobState.COMPLETED,0,176.53061224489792,176.53061224489795,36347123.46938775
jid_901375,5007.0,150.0,1,10,40256,40256,40267,JobState.COMPLETED,0,176.53061224489795,176.53061224489795,1765.3061224489795
jid_894423,87498.0,393.0,1999,62,4481,40237,40300,JobState.COMPLETED,0,176.53061224489798,176.53061224489795,21878851.020408165
jid_894436,93476.0,393.0,1999,21,4595,40300,40322,JobState.COMPLETED,0,176.53061224489795,176.53061224489795,7410578.571428571
jid_901380,5007.0,150.0,1,9,40315,40315,40325,JobState.COMPLETED,0,176.53061224489795,176.53061224489795,1588.7755102040815
jid_894452,93476.0,393.0,1999,11,4730,40322,40334,JobState.COMPLETED,0,176.53061224489795,176.53061224489795,3881731.6326530613
jid_901388,5007.0,150.0,1,9,40392,40392,40402,JobState.COMPLETED,0,176.53061224489795,176.53061224489795,1588.7755102040815
jid_901405,5007.0,150.0,1,8,40517,40517,40526,JobState.COMPLETED,0,176.53061224489795,176.53061224489795,1412.2448979591836
jid_901415,5007.0,150.0,1,9,40610,40610,40620,JobState.COMPLETED,0,176.53061224489795,176.53061224489795,1588.7755102040815
jid_901419,5007.0,150.0,1,7,40653,40653,40661,JobState.COMPLETED,0,176.53061224489795,176.53061224489795,1235.7142857142858
jid_894624,87498.0,393.0,1999,432,5091,40334,40767,JobState.COMPLETED,0,176.53061224489807,176.53061224489795,152446187.75510213
jid_894761,87498.0,393.0,1999,53,6602,40767,40821,JobState.COMPLETED,0,176.53061224489795,176.53061224489795,18702888.775510203
jid_894791,87498.0,393.0,1999,233,6731,40821,41055,JobState.COMPLETED,0,176.53061224489787,176.53061224489795,82222133.67346935
jid_901448,63858.0,175.0,48,299,40751,40821,41121,JobState.COMPLETED,0,176.53061224489784,176.53061224489795,2533567.346938774
jid_901522,108.0,251.0,1,12,41922,41922,41935,JobState.COMPLETED,0,148.62200164166956,148.62200164166956,1783.4640197000347
jid_894722,14997.0,393.0,2002,1371,4946,41055,42427,JobState.COMPLETED,0,128.06161837356427,128.06161837356407,351496102.5378936
jid_901300,15160.0,393.0,1000,61,39390,42427,42489,JobState.COMPLETED,0,119.67516406060382,119.6751640606038,7300185.007696833
jid_901300,15160.0,393.0,1000,61,39390,42489,42551,JobState.COMPLETED,0,119.70218207783354,119.70218207783353,7301833.106747846
jid_901300,15160.0,393.0,1000,60,39390,42551,42612,JobState.COMPLETED,0,119.63298451302826,119.63298451302825,7177979.070781696
jid_901300,15160.0,393.0,1000,61,39390,42612,42674,JobState.COMPLETED,0,119.62918900596338,119.62918900596338,7297380.529363766
jid_901300,15160.0,393.0,1000,61,39390,42674,42736,JobState.COMPLETED,0,119.64205338641416,119.64205338641413,7298165.256571264
jid_901300,15160.0,393.0,1000,60,39390,42736,42797,JobState.COMPLETED,0,119.68412787255971,119.68412787255971,7181047.672353583
jid_901300,15160.0,393.0,1000,62,39390,42797,42860,JobState.COMPLETED,0,119.66220037335063,119.66220037335063,7419056.423147739
jid_901300,15160.0,393.0,1000,62,39390,42860,42923,JobState.COMPLETED,0,119.69063585252069,119.69063585252069,7420819.422856282
jid_901300,15160.0,393.0,1000,62,39390,42923,42986,JobState.COMPLETED,0,119.59819735950732,119.59819735950732,7415088.236289455
jid_901300,15160.0,393.0,1000,62,39390,42986,43049,JobState.COMPLETED,0,119.54250426981194,119.54250426981196,7411635.26472834
jid_901639,108.0,251.0,1,12,43037,43037,43050,JobState.COMPLETED,0,151.36901766930274,151.36901766930274,1816.428212031633
jid_901300,15160.0,393.0,1000,63,39390,43049,43113,JobState.COMPLETED,0,119.52122617606612,119.52122617606614,7529837.249092165
jid_901300,15160.0,393.0,1000,63,39390,43113,43177,JobState.COMPLETED,0,119.51189870068802,119.51189870068801,7529249.618143345
jid_901300,15160.0,393.0,1000,63,39390,43177,43241,JobState.COMPLETED,0,119.5207851853026,119.5207851853026,7529809.466674063
jid_901300,15160.0,393.0,1000,61,39390,43241,43303,JobState.COMPLETED,0,119.73148323756168,119.73148323756169,7303620.477491262
jid_901300,15160.0,393.0,1000,65,39390,43303,43369,JobState.COMPLETED,0,119.52939446030373,119.52939446030375,7769410.639919743
jid_894917,14997.0,393.0,2002,967,7082,42427,43395,JobState.COMPLETED,0,130.0855307982966,130.08553079829665,251837001.9804695
jid_901300,15160.0,393.0,1000,62,39390,43369,43432,JobState.COMPLETED,0,119.68772259717437,119.68772259717439,7420638.801024811
jid_901300,15160.0,393.0,1000,63,39390,43395,43459,JobState.COMPLETED,0,119.6345511403084,119.63455114030843,7536976.721839429
jid_901300,15160.0,393.0,1000,64,39390,43395,43460,JobState.COMPLETED,0,119.45794173200065,119.45794173200063,7645308.270848041
jid_901300,15160.0,393.0,1000,63,39390,43432,43496,JobState.COMPLETED,0,119.55696192256127,119.55696192256126,7532088.6011213595
jid_901300,15160.0,393.0,1000,63,39390,43459,43523,JobState.COMPLETED,0,119.52016836054587,119.52016836054585,7529770.60671439
jid_901300,15160.0,393.0,1000,63,39390,43460,43524,JobState.COMPLETED,0,119.49725654000427,119.49725654000427,7528327.16202027
jid_901300,15160.0,393.0,1000,67,39390,43496,43564,JobState.COMPLETED,0,119.66663668285703,119.666636682857,8017664.657751421
jid_901300,15160.0,393.0,1000,67,39390,43523,43591,JobState.COMPLETED,0,119.65929191960258,119.6592919196026,8017172.558613373
jid_901300,15160.0,393.0,1000,66,39390,43524,43591,JobState.COMPLETED,0,119.63913795264017,119.63913795264017,7896183.104874251
jid_901300,15160.0,393.0,1000,68,39390,43564,43633,JobState.COMPLETED,0,119.69066795125788,119.69066795125788,8138965.420685535
jid_901726,93565.0,526.0,1,358,43295,43295,43654,JobState.COMPLETED,0,176.530612244898,176.53061224489795,63197.95918367349
jid_901300,15160.0,393.0,1000,66,39390,43591,43658,JobState.COMPLETED,0,119.60290487474822,119.60290487474823,7893791.721733383
jid_901300,15160.0,393.0,1000,67,39390,43591,43659,JobState.COMPLETED,0,119.65932100632553,119.65932100632551,8017174.507423811
jid_901300,15160.0,393.0,1000,67,39390,43633,43701,JobState.COMPLETED,0,119.62922658218503,119.62922658218504,8015158.181006397
jid_901300,15160.0,393.0,1000,63,39390,43658,43722,JobState.COMPLETED,0,119.62847890360634,119.62847890360636,7536594.1709272
jid_901300,15160.0,393.0,1000,63,39390,43659,43723,JobState.COMPLETED,0,119.67007134641453,119.67007134641457,7539214.494824116
jid_901300,15160.0,393.0,1000,64,39390,43701,43766,JobState.COMPLETED,0,119.65625648059988,119.65625648059988,7658000.414758393
jid_901300,15160.0,393.0,1000,63,39390,43723,43787,JobState.COMPLETED,0,119.61612950987461,119.6161295098746,7535816.1591221
jid_901300,15160.0,393.0,1000,67,39390,43722,43790,JobState.COMPLETED,0,119.65683335106797,119.656833351068,8017007.834521554
jid_901300,15160.0,393.0,1000,67,39390,43766,43834,JobState.COMPLETED,0,119.61280778692013,119.61280778692014,8014058.121723648
jid_901300,15160.0,393.0,1000,65,39390,43787,43853,JobState.COMPLETED,0,119.51739623729526,119.51739623729527,7768630.755424192
jid_901300,15160.0,393.0,1000,65,39390,43790,43856,JobState.COMPLETED,0,119.5766462658127,119.5766462658127,7772482.007277826
jid_901300,15160.0,393.0,1000,68,39390,43834,43903,JobState.COMPLETED,0,119.69360632564363,119.69360632564364,8139165.230143767
jid_901870,108.0,251.0,1,163,43749,43749,43913,JobState.COMPLETED,0,127.82781543255982,127.8278154325598,20835.93391550725
jid_901300,15160.0,393.0,1000,69,39390,43853,43923,JobState.COMPLETED,0,119.6168762636046,119.61687626360458,8253564.462188717
jid_901300,15160.0,393.0,1000,69,39390,43856,43926,JobState.COMPLETED,0,119.61832574516043,119.6183257451604,8253664.47641607
jid_901300,15160.0,393.0,1000,69,39390,43903,43973,JobState.COMPLETED,0,119.57788167111552,119.57788167111552,8250873.835306971
jid_901300,15160.0,393.0,1000,69,39390,43923,43993,JobState.COMPLETED,0,119.64833562962453,119.64833562962451,8255735.158444093
jid_901300,15160.0,393.0,1000,70,39390,43926,43997,JobState.COMPLETED,0,119.63346582561067,119.63346582561067,8374342.607792747
jid_901300,15160.0,393.0,1000,70,39390,43973,44044,JobState.COMPLETED,0,119.59352982878579,119.59352982878578,8371547.088015006
jid_901300,15160.0,393.0,1000,71,39390,43993,44065,JobState.COMPLETED,0,119.59092919665623,119.59092919665625,8490955.972962592
jid_901300,15160.0,393.0,1000,69,39390,43997,44067,JobState.COMPLETED,0,119.57571193541631,119.57571193541631,8250724.123543725
jid_901300,15160.0,393.0,1000,72,39390,44044,44117,JobState.COMPLETED,0,119.54529440691066,119.54529440691066,8607261.197297566
jid_901300,15160.0,393.0,1000,71,39390,44065,44137,JobState.COMPLETED,0,119.56416675012639,119.56416675012639,8489055.839258974
jid_901300,15160.0,393.0,1000,73,39390,44067,44141,JobState.COMPLETED,0,119.66987413203253,119.66987413203255,8735900.811638376
jid_901300,15160.0,393.0,1000,72,39390,44117,44190,JobState.COMPLETED,0,119.58307441493248,119.58307441493247,8609981.357875139
jid_901300,15160.0,393.0,1000,72,39390,44137,44210,JobState.COMPLETED,0,119.66551925457375,119.66551925457377,8615917.38632931
jid_901300,15160.0,393.0,1000,73,39390,44141,44215,JobState.COMPLETED,0,119.6324638745646,119.63246387456459,8733169.862843217
jid_901300,15160.0,393.0,1000,73,39390,44190,44264,JobState.COMPLETED,0,119.58183462075178,119.58183462075178,8729473.92731488
jid_901300,15160.0,393.0,1000,73,39390,44210,44284,JobState.COMPLETED,0,119.60486327642963,119.60486327642964,8731155.019179363
jid_901300,15160.0,393.0,1000,75,39390,44215,44291,JobState.COMPLETED,0,119.52623021723691,119.52623021723691,8964467.266292768
jid_901300,15160.0,393.0,1000,74,39390,44264,44339,JobState.COMPLETED,0,119.5379724762327,119.5379724762327,8845809.96324122
jid_901300,15160.0,393.0,1000,75,39390,44284,44360,JobState.COMPLETED,0,119.660518770701,119.660518770701,8974538.907802574
jid_901300,15160.0,393.0,1000,75,39390,44291,44367,JobState.COMPLETED,0,119.61387282880207,119.61387282880206,8971040.462160155
jid_901300,15160.0,393.0,1000,75,39390,44339,44415,JobState.COMPLETED,0,119.62345144583074,119.62345144583072,8971758.858437305
jid_901300,15160.0,393.0,1000,75,39390,44360,44436,JobState.COMPLETED,0,119.64628582124868,119.64628582124868,8973471.43659365
jid_901300,15160.0,393.0,1000,74,39390,44367,44442,JobState.COMPLETED,0,119.60388014751845,119.60388014751845,8850687.130916364
jid_901300,15160.0,393.0,1000,74,39390,44415,44490,JobState.COMPLETED,0,119.48871862336165,119.48871862336165,8842165.178128762
jid_901300,15160.0,393.0,1000,74,39390,44436,44511,JobState.COMPLETED,0,119.63395785951381,119.63395785951381,8852912.881604023
jid_901300,15160.0,393.0,1000,77,39390,44442,44520,JobState.COMPLETED,0,119.57984525607104,119.57984525607101,9207648.08471747
jid_901300,15160.0,393.0,1000,58,39390,44490,44549,JobState.COMPLETED,0,119.52420327111066,119.52420327111066,6932403.789724419
jid_901300,15160.0,393.0,1000,63,39390,44511,44575,JobState.COMPLETED,0,119.51467527208894,119.51467527208892,7529424.542141602
jid_901300,15160.0,393.0,1000,63,39390,44520,44584,JobState.COMPLETED,0,119.54333758262547,119.54333758262548,7531230.267705405
jid_901300,15160.0,393.0,1000,62,39390,44549,44612,JobState.COMPLETED,0,119.48389757597123,119.48389757597127,7408001.649710216
jid_901300,15160.0,393.0,1000,63,39390,44575,44639,JobState.COMPLETED,0,119.37927552086111,119.3792755208611,7520894.35781425
jid_901300,15160.0,393.0,1000,62,39390,44584,44647,JobState.COMPLETED,0,119.5030026912661,119.50300269126606,7409186.166858499
jid_901300,15160.0,393.0,1000,65,39390,44612,44678,JobState.COMPLETED,0,119.37186425271936,119.37186425271938,7759171.176426758
jid_901300,15160.0,393.0,1000,65,39390,44639,44705,JobState.COMPLETED,0,119.3549171403971,119.3549171403971,7758069.614125812
jid_901300,15160.0,393.0,1000,65,39390,44647,44713,JobState.COMPLETED,0,119.51187430401646,119.51187430401644,7768271.82976107
jid_901300,15160.0,393.0,1000,65,39390,44678,44744,JobState.COMPLETED,0,119.23978059595089,119.23978059595089,7750585.738736807
jid_901300,15160.0,393.0,1000,66,39390,44705,44772,JobState.COMPLETED,0,119.53066599668145,119.53066599668145,7889023.9557809755
jid_901300,15160.0,393.0,1000,64,39390,44713,44778,JobState.COMPLETED,0,119.44941116038478,119.4494111603848,7644762.314264626
jid_901300,15160.0,393.0,1000,65,39390,44744,44810,JobState.COMPLETED,0,119.2957698801623,119.29576988016228,7754225.042210549
jid_901300,15160.0,393.0,1000,66,39390,44772,44839,JobState.COMPLETED,0,119.30129040917558,119.30129040917558,7873885.167005588
jid_901300,15160.0,393.0,1000,62,39390,44778,44841,JobState.COMPLETED,0,119.55035342396064,119.55035342396064,7412121.91228556
jid_901300,15160.0,393.0,1000,68,39390,44810,44879,JobState.COMPLETED,0,119.37467736258057,119.37467736258057,8117478.060655478
jid_901300,15160.0,393.0,1000,69,39390,44839,44909,JobState.COMPLETED,0,119.14267965513116,119.14267965513113,8220844.89620405
jid_901300,15160.0,393.0,1000,70,39390,44841,44912,JobState.COMPLETED,0,119.29525158858267,119.29525158858269,8350667.611200786
jid_901300,15160.0,393.0,1000,67,39390,44879,44947,JobState.COMPLETED,0,119.15202651924724,119.15202651924726,7983185.776789566
jid_901300,15160.0,393.0,1000,75,39390,44909,44985,JobState.COMPLETED,0,119.02613081226262,119.02613081226261,8926959.810919696
jid_901300,15160.0,393.0,1000,74,39390,44912,44987,JobState.COMPLETED,0,118.93402438724051,118.9340243872405,8801117.804655798
jid_901300,15160.0,393.0,1000,79,39390,44947,45027,JobState.COMPLETED,0,118.95687915488077,118.95687915488077,9397593.45323558
jid_901300,15160.0,393.0,1000,79,39390,44985,45065,JobState.COMPLETED,0,118.90766485020079,118.9076648502008,9393705.523165861
jid_901300,15160.0,393.0,1000,79,39390,44987,45067,JobState.COMPLETED,0,118.96516840366657,118.96516840366657,9398248.303889658
jid_901300,15160.0,393.0,1000,81,39390,45027,45109,JobState.COMPLETED,0,118.85492223753526,118.85492223753526,9627248.701240357
jid_901300,15160.0,393.0,1000,82,39390,45065,45148,JobState.COMPLETED,0,118.8370383919923,118.8370383919923,9744637.14814337
jid_901300,15160.0,393.0,1000,83,39390,45067,45151,JobState.COMPLETED,0,118.7301611197349,118.73016111973492,9854603.372937996
jid_901300,15160.0,393.0,1000,83,39390,45109,45193,JobState.COMPLETED,0,118.71410300085208,118.7141030008521,9853270.549070723
jid_901300,15160.0,393.0,1000,84,39390,45148,45233,JobState.COMPLETED,0,118.6767129282816,118.67671292828157,9968843.885975655
jid_901300,15160.0,393.0,1000,84,39390,45151,45236,JobState.COMPLETED,0,118.65848363426953,118.65848363426953,9967312.62527864
jid_901300,15160.0,393.0,1000,84,39390,45193,45278,JobState.COMPLETED,0,118.65306477171445,118.65306477171445,9966857.440824015
jid_901300,15160.0,393.0,1000,80,39390,45233,45314,JobState.COMPLETED,0,118.67359443675078,118.67359443675076,9493887.554940062
jid_901300,15160.0,393.0,1000,84,39390,45236,45321,JobState.COMPLETED,0,118.68527703735991,118.68527703735991,9969563.271138234
jid_901300,15160.0,393.0,1000,83,39390,45278,45362,JobState.COMPLETED,0,118.60982837985854,118.60982837985854,9844615.755528258
jid_901300,15160.0,393.0,1000,83,39390,45314,45398,JobState.COMPLETED,0,118.64440372003452,118.64440372003452,9847485.508762866
jid_901300,15160.0,393.0,1000,84,39390,45321,45406,JobState.COMPLETED,0,118.63796179982883,118.63796179982886,9965588.791185623
jid_901300,15160.0,393.0,1000,77,39390,45362,45440,JobState.COMPLETED,0,118.66793184832753,118.66793184832754,9137430.75232122
jid_901300,15160.0,393.0,1000,77,39390,45398,45476,JobState.COMPLETED,0,118.72330950492496,118.72330950492497,9141694.831879223
jid_901300,15160.0,393.0,1000,78,39390,45406,45485,JobState.COMPLETED,0,118.6372026662179,118.63720266621787,9253701.807964997
jid_901300,15160.0,393.0,1000,78,39390,45440,45519,JobState.COMPLETED,0,118.63715209519773,118.63715209519775,9253697.863425422
jid_901300,15160.0,393.0,1000,83,39390,45476,45560,JobState.COMPLETED,0,118.64316784729806,118.64316784729805,9847382.93132574
jid_901300,15160.0,393.0,1000,84,39390,45485,45570,JobState.COMPLETED,0,118.65960081111284,118.65960081111284,9967406.46813348
jid_901300,15160.0,393.0,1000,82,39390,45519,45602,JobState.COMPLETED,0,118.73269852353249,118.73269852353248,9736081.278929666
jid_901300,15160.0,393.0,1000,77,39390,45560,45638,JobState.COMPLETED,0,118.68634237841877,118.68634237841877,9138848.363138245
jid_901300,15160.0,393.0,1000,77,39390,45570,45648,JobState.COMPLETED,0,118.65700261829642,118.65700261829642,9136589.201608824
jid_901300,15160.0,393.0,1000,67,39390,45602,45670,JobState.COMPLETED,0,119.06527202226056,119.06527202226054,7977373.225491458
jid_901300,15160.0,393.0,1000,68,39390,45638,45707,JobState.COMPLETED,0,119.04997865508103,119.04997865508106,8095398.5485455105
jid_901300,15160.0,393.0,1000,67,39390,45648,45716,JobState.COMPLETED,0,119.14086582875274,119.14086582875274,7982438.010526434
jid_901300,15160.0,393.0,1000,68,39390,45670,45739,JobState.COMPLETED,0,119.00244804832678,119.00244804832678,8092166.467286222
jid_901300,15160.0,393.0,1000,68,39390,45707,45776,JobState.COMPLETED,0,119.06672256059933,119.06672256059933,8096537.134120755
jid_901300,15160.0,393.0,1000,66,39390,45716,45783,JobState.COMPLETED,0,119.0475964433063,119.0475964433063,7857141.365258216
jid_901300,15160.0,393.0,1000,68,39390,45739,45808,JobState.COMPLETED,0,119.00454097614586,119.00454097614585,8092308.786377918
jid_901300,15160.0,393.0,1000,68,39390,45776,45845,JobState.COMPLETED,0,119.01206351868136,119.01206351868139,8092820.319270332
jid_901300,15160.0,393.0,1000,69,39390,45783,45853,JobState.COMPLETED,0,119.02388222079027,119.02388222079028,8212647.873234529
jid_901300,15160.0,393.0,1000,67,39390,45808,45876,JobState.COMPLETED,0,119.19869951546038,119.19869951546036,7986312.867535844
jid_901300,15160.0,393.0,1000,68,39390,45845,45914,JobState.COMPLETED,0,119.1357296408198,119.13572964081979,8101229.615575747
jid_901300,15160.0,393.0,1000,65,39390,45853,45919,JobState.COMPLETED,0,119.43152890735566,119.43152890735567,7763049.378978117
jid_901300,15160.0,393.0,1000,66,39390,45876,45943,JobState.COMPLETED,0,119.47978607258757,119.47978607258754,7885665.880790779
jid_901300,15160.0,393.0,1000,65,39390,45914,45980,JobState.COMPLETED,0,119.46004496026251,119.46004496026251,7764902.922417062
jid_901300,15160.0,393.0,1000,65,39390,45919,45985,JobState.COMPLETED,0,119.14657417769419,119.1465741776942,7744527.3215501215
jid_901300,15160.0,393.0,1000,64,39390,45943,46008,JobState.COMPLETED,0,119.40177325908593,119.40177325908591,7641713.488581499
jid_901300,15160.0,393.0,1000,66,39390,45980,46047,JobState.COMPLETED,0,119.46425053686625,119.46425053686622,7884640.535433172
jid_901300,15160.0,393.0,1000,67,39390,45985,46053,JobState.COMPLETED,0,119.43963089134171,119.43963089134171,8002455.269719894
jid_901300,15160.0,393.0,1000,65,39390,46008,46074,JobState.COMPLETED,0,119.38302103360896,119.38302103360897,7759896.367184582
jid_901300,15160.0,393.0,1000,63,39390,46047,46111,JobState.COMPLETED,0,119.49188418747498,119.491884187475,7527988.703810924
jid_901300,15160.0,393.0,1000,66,39390,46053,46120,JobState.COMPLETED,0,119.44972626912666,119.44972626912666,7883681.933762359
jid_901300,15160.0,393.0,1000,65,39390,46074,46140,JobState.COMPLETED,0,119.38043249893256,119.38043249893256,7759728.112430616
jid_901300,15160.0,393.0,1000,69,39390,46111,46181,JobState.COMPLETED,0,119.3964549276837,119.3964549276837,8238355.390010176
jid_901300,15160.0,393.0,1000,68,39390,46120,46189,JobState.COMPLETED,0,119.4129230130757,119.41292301307566,8120078.764889147
jid_901300,15160.0,393.0,1000,62,39390,46140,46203,JobState.COMPLETED,0,119.58728824157615,119.58728824157612,7414411.870977721
jid_901300,15160.0,393.0,1000,64,39390,46181,46246,JobState.COMPLETED,0,119.04632353256176,119.04632353256176,7618964.706083952
jid_901300,15160.0,393.0,1000,63,39390,46189,46253,JobState.COMPLETED,0,119.58363858550999,119.58363858551003,7533769.230887129
jid_901300,15160.0,393.0,1000,64,39390,46203,46268,JobState.COMPLETED,0,119.32319502447129,119.32319502447132,7636684.481566163
jid_901300,15160.0,393.0,1000,66,39390,46246,46313,JobState.COMPLETED,0,119.23178062167426,119.23178062167426,7869297.521030501
jid_901300,15160.0,393.0,1000,66,39390,46253,46320,JobState.COMPLETED,0,119.24364566739047,119.2436456673905,7870080.61404777
jid_901300,15160.0,393.0,1000,66,39390,46268,46335,JobState.COMPLETED,0,119.24777160579302,119.247771605793,7870352.925982339
jid_901300,15160.0,393.0,1000,64,39390,46313,46378,JobState.COMPLETED,0,119.61251145868562,119.61251145868562,7655200.73335588
jid_901300,15160.0,393.0,1000,67,39390,46320,46388,JobState.COMPLETED,0,119.52720894766067,119.5272089476607,8008322.999493265
jid_901300,15160.0,393.0,1000,66,39390,46335,46402,JobState.COMPLETED,0,119.27799953368479,119.27799953368478,7872347.969223196
jid_901300,15160.0,393.0,1000,67,39390,46378,46446,JobState.COMPLETED,0,119.23521280964358,119.23521280964358,7988759.25824612
jid_901300,15160.0,393.0,1000,66,39390,46388,46455,JobState.COMPLETED,0,119.21744175267592,119.21744175267592,7868351.155676611
jid_901300,15160.0,393.0,1000,67,39390,46402,46470,JobState.COMPLETED,0,119.64129832463296,119.64129832463298,8015966.987750408
jid_901300,15160.0,393.0,1000,67,39390,46446,46514,JobState.COMPLETED,0,119.1557781393828,119.15577813938279,7983437.135338647
jid_901300,15160.0,393.0,1000,67,39390,46455,46523,JobState.COMPLETED,0,119.27120016393647,119.27120016393647,7991170.410983744
jid_901300,15160.0,393.0,1000,65,39390,46470,46536,JobState.COMPLETED,0,119.28810724563033,119.2881072456303,7753726.970965971
jid_901300,15160.0,393.0,1000,67,39390,46514,46582,JobState.COMPLETED,0,119.22162949627426,119.22162949627423,7987849.176250376
jid_901300,15160.0,393.0,1000,69,39390,46523,46593,JobState.COMPLETED,0,119.19341635619755,119.19341635619755,8224345.7285776315
jid_901300,15160.0,393.0,1000,68,39390,46536,46605,JobState.COMPLETED,0,119.1975129024321,119.19751290243208,8105430.877365383
jid_901300,15160.0,393.0,1000,67,39390,46582,46650,JobState.COMPLETED,0,119.18331983718495,119.18331983718494,7985282.429091392
jid_901300,15160.0,393.0,1000,68,39390,46593,46662,JobState.COMPLETED,0,119.13953603414527,119.13953603414525,8101488.450321878
jid_901300,15160.0,393.0,1000,68,39390,46605,46674,JobState.COMPLETED,0,119.18500561704543,119.18500561704543,8104580.381959089
jid_901300,15160.0,393.0,1000,70,39390,46650,46721,JobState.COMPLETED,0,119.2416613965449,119.2416613965449,8346916.297758143
jid_901300,15160.0,393.0,1000,68,39390,46662,46731,JobState.COMPLETED,0,119.30777440036285,119.30777440036283,8112928.659224673
jid_901300,15160.0,393.0,1000,69,39390,46674,46744,JobState.COMPLETED,0,119.39473485509234,119.39473485509231,8238236.705001371
jid_901300,15160.0,393.0,1000,69,39390,46721,46791,JobState.COMPLETED,0,119.45170979634392,119.45170979634392,8242167.97594773
jid_901300,15160.0,393.0,1000,69,39390,46731,46801,JobState.COMPLETED,0,119.18479296338904,119.18479296338903,8223750.7144738445
jid_901300,15160.0,393.0,1000,68,39390,46744,46813,JobState.COMPLETED,0,119.1596519065254,119.15965190652541,8102856.329643727
jid_901300,15160.0,393.0,1000,68,39390,46791,46860,JobState.COMPLETED,0,119.23111696691228,119.23111696691228,8107715.953750036
jid_901300,15160.0,393.0,1000,70,39390,46801,46872,JobState.COMPLETED,0,119.55389355129293,119.55389355129293,8368772.548590505
jid_901300,15160.0,393.0,1000,70,39390,46813,46884,JobState.COMPLETED,0,119.48216562288626,119.48216562288626,8363751.593602037
jid_901300,15160.0,393.0,1000,69,39390,46860,46930,JobState.COMPLETED,0,119.44388791350406,119.44388791350407,8241628.266031779
jid_901300,15160.0,393.0,1000,70,39390,46872,46943,JobState.COMPLETED,0,119.41939620029495,119.41939620029495,8359357.734020647
jid_901300,15160.0,393.0,1000,71,39390,46884,46956,JobState.COMPLETED,0,119.58358599788775,119.58358599788775,8490434.60585003
jid_901300,15160.0,393.0,1000,70,39390,46930,47001,JobState.COMPLETED,0,119.6199878811523,119.61998788115228,8373399.15168066
jid_901300,15160.0,393.0,1000,72,39390,46943,47016,JobState.COMPLETED,0,119.5402570399495,119.54025703994947,8606898.506876362
jid_901300,15160.0,393.0,1000,71,39390,46956,47028,JobState.COMPLETED,0,119.56900937718291,119.5690093771829,8489399.665779987
jid_901300,15160.0,393.0,1000,72,39390,47001,47074,JobState.COMPLETED,0,119.56848056967209,119.5684805696721,8608930.601016391
jid_901300,15160.0,393.0,1000,71,39390,47016,47088,JobState.COMPLETED,0,119.52500018967604,119.52500018967602,8486275.013466999
jid_901300,15160.0,393.0,1000,72,39390,47028,47101,JobState.COMPLETED,0,119.41547916710235,119.41547916710232,8597914.500031369
jid_901300,15160.0,393.0,1000,69,39390,47074,47144,JobState.COMPLETED,0,119.39478531664462,119.39478531664463,8238240.186848477
jid_901300,15160.0,393.0,1000,62,39390,47088,47151,JobState.COMPLETED,0,119.68670501058072,119.68670501058072,7420575.710656005
jid_901300,15160.0,393.0,1000,63,39390,47101,47165,JobState.COMPLETED,0,119.59090775907939,119.5909077590794,7534227.188822001
jid_901300,15160.0,393.0,1000,62,39390,47144,47207,JobState.COMPLETED,0,119.59582320707713,119.59582320707716,7414941.038838782
jid_901300,15160.0,393.0,1000,64,39390,47151,47216,JobState.COMPLETED,0,119.52619698581434,119.52619698581432,7649676.607092118
jid_901300,15160.0,393.0,1000,65,39390,47165,47231,JobState.COMPLETED,0,119.65500478492609,119.65500478492609,7777575.3110201955
jid_901300,15160.0,393.0,1000,64,39390,47207,47272,JobState.COMPLETED,0,119.64578255122856,119.64578255122858,7657330.083278628
jid_901300,15160.0,393.0,1000,65,39390,47216,47282,JobState.COMPLETED,0,119.63498747294527,119.63498747294528,7776274.185741442
jid_901300,15160.0,393.0,1000,66,39390,47231,47298,JobState.COMPLETED,0,119.60581815123301,119.605818151233,7893983.997981379
jid_901300,15160.0,393.0,1000,66,39390,47272,47339,JobState.COMPLETED,0,119.60295929905665,119.60295929905664,7893795.313737739
jid_901300,15160.0,393.0,1000,66,39390,47282,47349,JobState.COMPLETED,0,119.53980682092114,119.53980682092116,7889627.250180795
jid_901300,15160.0,393.0,1000,66,39390,47298,47365,JobState.COMPLETED,0,119.64340144948635,119.64340144948632,7896464.495666099
jid_901300,15160.0,393.0,1000,68,39390,47339,47408,JobState.COMPLETED,0,119.60767836725795,119.60767836725796,8133322.12897354
jid_901300,15160.0,393.0,1000,67,39390,47349,47417,JobState.COMPLETED,0,119.67325288303827,119.67325288303832,8018107.943163564
jid_901300,15160.0,393.0,1000,69,39390,47365,47435,JobState.COMPLETED,0,119.63188694911146,119.63188694911145,8254600.19948869
jid_901300,15160.0,393.0,1000,69,39390,47408,47478,JobState.COMPLETED,0,119.54052311067969,119.54052311067967,8248296.0946368985
jid_901300,15160.0,393.0,1000,70,39390,47417,47488,JobState.COMPLETED,0,119.56660127024284,119.56660127024286,8369662.088916999
jid_901300,15160.0,393.0,1000,68,39390,47435,47504,JobState.COMPLETED,0,119.6723710916727,119.67237109167272,8137721.2342337435
jid_901300,15160.0,393.0,1000,59,39390,47488,47548,JobState.COMPLETED,0,119.52067307516081,119.52067307516081,7051719.711434488
jid_901300,15160.0,393.0,1000,72,39390,47478,47551,JobState.COMPLETED,0,119.60605852729691,119.60605852729694,8611636.213965377
jid_901300,15160.0,393.0,1000,61,39390,47504,47566,JobState.COMPLETED,0,119.4884313467764,119.48843134677637,7288794.31215336
jid_901300,15160.0,393.0,1000,62,39390,47548,47611,JobState.COMPLETED,0,119.48343438428815,119.48343438428815,7407972.931825865
jid_901300,15160.0,393.0,1000,64,39390,47551,47616,JobState.COMPLETED,0,119.56614542194686,119.56614542194683,7652233.307004599
jid_901300,15160.0,393.0,1000,62,39390,47566,47629,JobState.COMPLETED,0,119.58314269924094,119.58314269924094,7414154.847352939
jid_901300,15160.0,393.0,1000,62,39390,47611,47674,JobState.COMPLETED,0,119.62371667140934,119.62371667140937,7416670.433627379
jid_901300,15160.0,393.0,1000,58,39390,47616,47675,JobState.COMPLETED,0,119.66587067482516,119.66587067482516,6940620.499139859
jid_901300,15160.0,393.0,1000,61,39390,47629,47691,JobState.COMPLETED,0,119.73645671945673,119.73645671945674,7303923.8598868605
jid_901300,15160.0,393.0,1000,61,39390,47674,47736,JobState.COMPLETED,0,119.72057178438492,119.72057178438492,7302954.87884748
jid_901300,15160.0,393.0,1000,60,39390,47675,47736,JobState.COMPLETED,0,119.72285300604686,119.72285300604688,7183371.180362812
jid_901300,15160.0,393.0,1000,62,39390,47691,47754,JobState.COMPLETED,0,119.76869799282974,119.76869799282974,7425659.275555444
jid_901300,15160.0,393.0,1000,62,39390,47736,47799,JobState.COMPLETED,0,119.76555127188644,119.76555127188644,7425464.178856959
jid_901300,15160.0,393.0,1000,62,39390,47736,47799,JobState.COMPLETED,0,119.74547877424958,119.74547877424959,7424219.684003474
jid_901300,15160.0,393.0,1000,62,39390,47799,47862,JobState.COMPLETED,0,119.73380175928006,119.73380175928008,7423495.709075363
jid_902425,87498.0,393.0,1999,80,47745,47799,47880,JobState.COMPLETED,0,176.53061224489795,176.53061224489795,28230775.51020408
jid_902297,108.0,251.0,1,10,47877,47877,47888,JobState.COMPLETED,0,152.04398381927942,152.04398381927942,1520.4398381927942
jid_901300,15160.0,393.0,1000,62,39390,47862,47925,JobState.COMPLETED,0,119.73714398274313,119.73714398274313,7423702.926930075
jid_901300,15160.0,393.0,1000,62,39390,47880,47943,JobState.COMPLETED,0,119.77383523101129,119.77383523101133,7425977.7843227
jid_901300,15160.0,393.0,1000,62,39390,47880,47943,JobState.COMPLETED,0,119.75710083233982,119.75710083233979,7424940.251605068
jid_902310,108.0,251.0,1,10,47969,47969,47980,JobState.COMPLETED,0,148.85955947050633,148.85955947050633,1488.5955947050634
jid_901300,15160.0,393.0,1000,64,39390,47925,47990,JobState.COMPLETED,0,119.68192768176223,119.6819276817622,7659643.371632783
jid_901300,15160.0,393.0,1000,64,39390,47943,48008,JobState.COMPLETED,0,119.64576981618917,119.64576981618917,7657329.268236107
jid_901300,15160.0,393.0,1000,65,39390,47943,48009,JobState.COMPLETED,0,119.65130995595491,119.65130995595493,7777335.14713707
jid_901300,15160.0,393.0,1000,65,39390,47990,48056,JobState.COMPLETED,0,119.57784762822988,119.57784762822988,7772560.095834943
jid_901300,15160.0,393.0,1000,63,39390,48008,48072,JobState.COMPLETED,0,119.71452030621356,119.71452030621359,7542014.779291454
jid_901300,15160.0,393.0,1000,64,39390,48009,48074,JobState.COMPLETED,0,119.72450812990134,119.72450812990132,7662368.520313686
jid_901300,15160.0,393.0,1000,66,39390,48056,48123,JobState.COMPLETED,0,119.72534357750453,119.72534357750455,7901872.6761153
jid_901300,15160.0,393.0,1000,64,39390,48072,48137,JobState.COMPLETED,0,119.6020299396961,119.6020299396961,7654529.91614055
jid_901300,15160.0,393.0,1000,66,39390,48074,48141,JobState.COMPLETED,0,119.76403064341216,119.76403064341216,7904426.022465203
jid_901300,15160.0,393.0,1000,67,39390,48123,48191,JobState.COMPLETED,0,119.72982034402922,119.72982034402922,8021897.9630499575
jid_901300,15160.0,393.0,1000,67,39390,48137,48205,JobState.COMPLETED,0,119.75086404716862,119.7508640471686,8023307.891160298
jid_901300,15160.0,393.0,1000,67,39390,48141,48209,JobState.COMPLETED,0,119.74506944735218,119.74506944735217,8022919.652972596
jid_901300,15160.0,393.0,1000,65,39390,48191,48257,JobState.COMPLETED,0,119.66829371025634,119.66829371025634,7778439.091166661
jid_901300,15160.0,393.0,1000,67,39390,48205,48273,JobState.COMPLETED,0,119.7481201748054,119.7481201748054,8023124.051711962
jid_901300,15160.0,393.0,1000,68,39390,48209,48278,JobState.COMPLETED,0,119.74084161205589,119.74084161205587,8142377.2296198
jid_901300,15160.0,393.0,1000,69,39390,48257,48327,JobState.COMPLETED,0,119.67993779623325,119.67993779623328,8257915.707940094
jid_901300,15160.0,393.0,1000,71,39390,48273,48345,JobState.COMPLETED,0,119.76623298309426,119.76623298309424,8503402.541799692
jid_901300,15160.0,393.0,1000,69,39390,48278,48348,JobState.COMPLETED,0,119.72429337262592,119.7242933726259,8260976.242711189
jid_901300,15160.0,393.0,1000,69,39390,48327,48397,JobState.COMPLETED,0,119.74852623640282,119.74852623640287,8262648.310311795
jid_901300,15160.0,393.0,1000,72,39390,48345,48418,JobState.COMPLETED,0,119.72570702818551,119.72570702818554,8620250.906029357
jid_901300,15160.0,393.0,1000,72,39390,48348,48421,JobState.COMPLETED,0,119.65646020294574,119.65646020294572,8615265.134612093
jid_901300,15160.0,393.0,1000,70,39390,48397,48468,JobState.COMPLETED,0,119.75398879263318,119.75398879263318,8382779.215484323
jid_901300,15160.0,393.0,1000,72,39390,48418,48491,JobState.COMPLETED,0,119.69307638539813,119.6930763853981,8617901.499748664
jid_901300,15160.0,393.0,1000,70,39390,48421,48492,JobState.COMPLETED,0,119.69106467687224,119.69106467687229,8378374.527381056
jid_901300,15160.0,393.0,1000,71,39390,48468,48540,JobState.COMPLETED,0,119.690259752942,119.690259752942,8498008.442458883
jid_901300,15160.0,393.0,1000,68,39390,48491,48560,JobState.COMPLETED,0,119.67053448825587,119.67053448825587,8137596.345201399
jid_901300,15160.0,393.0,1000,71,39390,48492,48564,JobState.COMPLETED,0,119.68988383759896,119.68988383759896,8497981.752469527
jid_901300,15160.0,393.0,1000,70,39390,48540,48611,JobState.COMPLETED,0,119.72708034219526,119.72708034219528,8380895.623953669
jid_901300,15160.0,393.0,1000,68,39390,48560,48629,JobState.COMPLETED,0,119.5887410712187,119.58874107121869,8132034.392842872
jid_901300,15160.0,393.0,1000,68,39390,48564,48633,JobState.COMPLETED,0,119.68901607527341,119.68901607527343,8138853.093118592
jid_901300,15160.0,393.0,1000,60,39390,48611,48672,JobState.COMPLETED,0,119.72865074710597,119.728650747106,7183719.044826359
jid_901300,15160.0,393.0,1000,61,39390,48629,48691,JobState.COMPLETED,0,119.71226669102555,119.71226669102552,7302448.268152559
jid_901300,15160.0,393.0,1000,59,39390,48633,48693,JobState.COMPLETED,0,119.71527369557116,119.71527369557117,7063201.148038698
jid_901300,15160.0,393.0,1000,60,39390,48672,48733,JobState.COMPLETED,0,119.7018237096766,119.70182370967659,7182109.422580596
jid_901300,15160.0,393.0,1000,61,39390,48691,48753,JobState.COMPLETED,0,119.66566485661609,119.6656648566161,7299605.556253581
jid_901300,15160.0,393.0,1000,62,39390,48693,48756,JobState.COMPLETED,0,119.6889237751333,119.68892377513329,7420713.274058265
jid_901300,15160.0,393.0,1000,61,39390,48733,48795,JobState.COMPLETED,0,119.65616639781221,119.65616639781221,7299026.150266545
jid_902375,108.0,251.0,1,12,48784,48784,48797,JobState.COMPLETED,0,144.66420444006445,144.66420444006445,1735.9704532807734
jid_901300,15160.0,393.0,1000,61,39390,48753,48815,JobState.COMPLETED,0,119.64180539633004,119.64180539633001,7298150.129176132
jid_901300,15160.0,393.0,1000,61,39390,48756,48818,JobState.COMPLETED,0,119.68420092462361,119.6842009246236,7300736.256402041
jid_901300,15160.0,393.0,1000,61,39390,48795,48857,JobState.COMPLETED,0,119.68423260903813,119.68423260903815,7300738.189151326
jid_901300,15160.0,393.0,1000,62,39390,48815,48878,JobState.COMPLETED,0,119.6628367112139,119.66283671121388,7419095.876095261
jid_901300,15160.0,393.0,1000,62,39390,48818,48881,JobState.COMPLETED,0,119.67679903937983,119.67679903937983,7419961.540441549
jid_901300,15160.0,393.0,1000,62,39390,48857,48920,JobState.COMPLETED,0,119.67368801607913,119.67368801607913,7419768.656996906
jid_901300,15160.0,393.0,1000,60,39390,48878,48939,JobState.COMPLETED,0,119.6814907384119,119.6814907384119,7180889.444304714
jid_901300,15160.0,393.0,1000,61,39390,48881,48943,JobState.COMPLETED,0,119.61487015830774,119.61487015830775,7296507.079656772
jid_901300,15160.0,393.0,1000,62,39390,48920,48983,JobState.COMPLETED,0,119.67954896303559,119.67954896303559,7420132.035708206
jid_901300,15160.0,393.0,1000,62,39390,48939,49002,JobState.COMPLETED,0,119.632210865173,119.63221086517296,7417197.073640726
jid_901300,15160.0,393.0,1000,64,39390,48943,49008,JobState.COMPLETED,0,119.5716313466539,119.57163134665389,7652584.40618585
jid_901300,15160.0,393.0,1000,59,39390,48983,49043,JobState.COMPLETED,0,119.65133889425067,119.65133889425067,7059428.99476079
jid_901300,15160.0,393.0,1000,62,39390,49002,49065,JobState.COMPLETED,0,119.67278047681451,119.67278047681452,7419712.3895625
jid_901300,15160.0,393.0,1000,61,39390,49008,49070,JobState.COMPLETED,0,119.6713535564945,119.67135355649451,7299952.566946165
jid_901300,15160.0,393.0,1000,64,39390,49043,49108,JobState.COMPLETED,0,119.70299482963189,119.70299482963189,7660991.669096441
jid_901300,15160.0,393.0,1000,61,39390,49065,49127,JobState.COMPLETED,0,119.72486098270981,119.72486098270983,7303216.519945298
jid_901300,15160.0,393.0,1000,60,39390,49070,49131,JobState.COMPLETED,0,119.70881693328683,119.70881693328683,7182529.01599721
jid_901300,15160.0,393.0,1000,61,39390,49108,49170,JobState.COMPLETED,0,119.73106168220427,119.73106168220427,7303594.762614461
jid_901300,15160.0,393.0,1000,62,39390,49127,49190,JobState.COMPLETED,0,119.6793842266168,119.67938422661679,7420121.822050242
jid_901300,15160.0,393.0,1000,63,39390,49131,49195,JobState.COMPLETED,0,118.89730334413518,118.8973033441352,7490530.110680517
jid_901300,15160.0,393.0,1000,61,39390,49170,49232,JobState.COMPLETED,0,119.71232433386824,119.71232433386825,7302451.784365962
jid_902409,93570.0,393.0,2,0,49252,49252,49253,JobState.COMPLETED,0,176.53061224489795,176.53061224489795,0.0
jid_901300,15160.0,393.0,1000,66,39390,49190,49257,JobState.COMPLETED,0,118.86070703513407,118.86070703513407,7844806.664318848
jid_901300,15160.0,393.0,1000,66,39390,49195,49262,JobState.COMPLETED,0,118.9252538599608,118.92525385996079,7849066.754757413
jid_901300,15160.0,393.0,1000,65,39390,49232,49298,JobState.COMPLETED,0,118.8991174953462,118.89911749534619,7728442.637197503
jid_901300,15160.0,393.0,1000,67,39390,49257,49325,JobState.COMPLETED,0,119.05502426585902,119.05502426585899,7976686.625812554
jid_901300,15160.0,393.0,1000,66,39390,49262,49329,JobState.COMPLETED,0,118.86912708682067,118.86912708682067,7845362.387730164
jid_901300,15160.0,393.0,1000,65,39390,49298,49364,JobState.COMPLETED,0,119.25081961977875,119.25081961977872,7751303.275285618
jid_901300,15160.0,393.0,1000,66,39390,49325,49392,JobState.COMPLETED,0,118.91809061592785,118.91809061592787,7848593.980651238
jid_901300,15160.0,393.0,1000,65,39390,49329,49395,JobState.COMPLETED,0,118.90137556210627,118.90137556210627,7728589.411536908
jid_901300,15160.0,393.0,1000,67,39390,49364,49432,JobState.COMPLETED,0,118.9101530542311,118.91015305423113,7966980.254633484
jid_901300,15160.0,393.0,1000,55,39390,49395,49451,JobState.COMPLETED,0,119.68814990788535,119.68814990788535,6582848.244933695
jid_901300,15160.0,393.0,1000,65,39390,49392,49458,JobState.COMPLETED,0,119.05413215013387,119.05413215013388,7738518.589758702
jid_901300,15160.0,393.0,1000,61,39390,49432,49494,JobState.COMPLETED,0,119.62376356346812,119.62376356346812,7297049.577371554
jid_901300,15160.0,393.0,1000,61,39390,49451,49513,JobState.COMPLETED,0,119.67186635687959,119.67186635687959,7299983.847769655
jid_901300,15160.0,393.0,1000,62,39390,49458,49521,JobState.COMPLETED,0,119.65883494771272,119.65883494771272,7418847.766758189
jid_901300,15160.0,393.0,1000,61,39390,49494,49556,JobState.COMPLETED,0,119.62486440579443,119.62486440579445,7297116.72875346
jid_901300,15160.0,393.0,1000,65,39390,49513,49579,JobState.COMPLETED,0,119.73564747577228,119.73564747577225,7782817.085925199
jid_901300,15160.0,393.0,1000,61,39390,49521,49583,JobState.COMPLETED,0,119.6437546124167,119.64375461241667,7298269.031357419
jid_902444,108.0,251.0,1,12,49605,49605,49618,JobState.COMPLETED,0,147.24668069331324,147.24668069331324,1766.9601683197588
jid_901300,15160.0,393.0,1000,67,39390,49556,49624,JobState.COMPLETED,0,119.68219046148484,119.68219046148484,8018706.760919483
jid_901300,15160.0,393.0,1000,66,39390,49579,49646,JobState.COMPLETED,0,119.74992134070875,119.74992134070877,7903494.808486777
jid_901300,15160.0,393.0,1000,67,39390,49583,49651,JobState.COMPLETED,0,119.62326635375955,119.62326635375953,8014758.84570189
jid_902450,5007.0,150.0,1,28,49626,49626,49655,JobState.COMPLETED,0,176.53061224489795,176.53061224489795,4942.857142857143
jid_901300,15160.0,393.0,1000,69,39390,49624,49694,JobState.COMPLETED,0,119.7623509045873,119.76235090458728,8263602.212416523
jid_901300,15160.0,393.0,1000,71,39390,49646,49718,JobState.COMPLETED,0,119.66977287821912,119.66977287821912,8496553.874353558
jid_901300,15160.0,393.0,1000,71,39390,49651,49723,JobState.COMPLETED,0,119.6765904251981,119.67659042519811,8497037.920189064
jid_902464,5007.0,150.0,2,29,49695,49695,49725,JobState.COMPLETED,0,176.53061224489795,176.53061224489795,10238.775510204081
jid_901300,15160.0,393.0,1000,70,39390,49694,49765,JobState.COMPLETED,0,119.71856961559897,119.71856961559895,8380299.873091928
jid_901300,15160.0,393.0,1000,72,39390,49718,49791,JobState.COMPLETED,0,119.66696179018508,119.6669617901851,8616021.248893326
jid_901300,15160.0,393.0,1000,72,39390,49723,49796,JobState.COMPLETED,0,119.6377562591118,119.6377562591118,8613918.450656049
jid_901300,15160.0,393.0,1000,72,39390,49765,49838,JobState.COMPLETED,0,119.75172090125051,119.75172090125051,8622123.904890036
jid_901300,15160.0,393.0,1000,73,39390,49791,49865,JobState.COMPLETED,0,119.57572104157055,119.57572104157055,8729027.63603465
jid_901300,15160.0,393.0,1000,73,39390,49796,49870,JobState.COMPLETED,0,119.62684817412986,119.62684817412986,8732759.916711481
jid_901300,15160.0,393.0,1000,73,39390,49838,49912,JobState.COMPLETED,0,119.62380818425595,119.62380818425594,8732537.997450685
jid_902494,5007.0,150.0,2,27,49884,49884,49912,JobState.COMPLETED,0,176.53061224489795,176.53061224489795,9532.65306122449
jid_902712,87498.0,393.0,1999,113,49846,49870,49984,JobState.COMPLETED,0,176.53061224489792,176.53061224489795,39875970.40816326
jid_901300,15160.0,393.0,1000,72,39390,49912,49985,JobState.COMPLETED,0,119.5809318285207,119.58093182852068,8609827.09165349
jid_901300,15160.0,393.0,1000,73,39390,49984,50058,JobState.COMPLETED,0,119.58898523570353,119.58898523570353,8729995.922206357
jid_901300,15160.0,393.0,1000,73,39390,49984,50058,JobState.COMPLETED,0,119.55140107819952,119.55140107819953,8727252.278708566
jid_901300,15160.0,393.0,1000,72,39390,49985,50058,JobState.COMPLETED,0,119.63644832575366,119.63644832575365,8613824.279454265
jid_901300,15160.0,393.0,1000,72,39390,50058,50131,JobState.COMPLETED,0,119.54539476007855,119.54539476007857,8607268.422725655
jid_901300,15160.0,393.0,1000,74,39390,50058,50133,JobState.COMPLETED,0,119.5018139106878,119.5018139106878,8843134.229390897
jid_901300,15160.0,393.0,1000,74,39390,50058,50133,JobState.COMPLETED,0,119.513835406885,119.51383540688497,8844023.820109488
jid_901300,15160.0,393.0,1000,73,39390,50131,50205,JobState.COMPLETED,0,119.49957694514495,119.49957694514498,8723469.116995582
jid_901300,15160.0,393.0,1000,74,39390,50133,50208,JobState.COMPLETED,0,119.52200339448454,119.52200339448459,8844628.251191856
jid_901300,15160.0,393.0,1000,74,39390,50133,50208,JobState.COMPLETED,0,119.48430552152531,119.4843055215253,8841838.608592873
jid_902536,108.0,251.0,1,164,50057,50057,50222,JobState.COMPLETED,0,131.231698198081,131.23169819808103,21521.998504485284
jid_901300,15160.0,393.0,1000,73,39390,50205,50279,JobState.COMPLETED,0,119.45021377861316,119.45021377861318,8719865.60583876
jid_901300,15160.0,393.0,1000,71,39390,50208,50280,JobState.COMPLETED,0,119.59163114315795,119.59163114315795,8491005.811164215
jid_901300,15160.0,393.0,1000,73,39390,50208,50282,JobState.COMPLETED,0,119.40983660803919,119.40983660803917,8716918.07238686
jid_901300,15160.0,393.0,1000,60,39390,50280,50341,JobState.COMPLETED,0,119.64299015369619,119.64299015369622,7178579.409221771
jid_901300,15160.0,393.0,1000,62,39390,50282,50345,JobState.COMPLETED,0,119.58489851956428,119.58489851956426,7414263.708212985
jid_901300,15160.0,393.0,1000,72,39390,50279,50352,JobState.COMPLETED,0,119.52453124074478,119.5245312407448,8605766.249333624
jid_901300,15160.0,393.0,1000,62,39390,50341,50404,JobState.COMPLETED,0,119.64473326666956,119.64473326666956,7417973.462533513
jid_901300,15160.0,393.0,1000,63,39390,50345,50409,JobState.COMPLETED,0,119.58369324116815,119.58369324116813,7533772.674193593
jid_901300,15160.0,393.0,1000,63,39390,50352,50416,JobState.COMPLETED,0,119.66448170537195,119.66448170537194,7538862.347438433
jid_901300,15160.0,393.0,1000,62,39390,50404,50467,JobState.COMPLETED,0,119.69590596539912,119.69590596539912,7421146.169854745
jid_901300,15160.0,393.0,1000,61,39390,50409,50471,JobState.COMPLETED,0,119.5951966573459,119.59519665734592,7295306.996098099
jid_901300,15160.0,393.0,1000,62,39390,50416,50479,JobState.COMPLETED,0,119.6409692647067,119.6409692647067,7417740.0944118155
jid_901300,15160.0,393.0,1000,63,39390,50467,50531,JobState.COMPLETED,0,119.69430213917607,119.69430213917609,7540741.034768092
jid_901300,15160.0,393.0,1000,63,39390,50479,50543,JobState.COMPLETED,0,119.69437807869575,119.69437807869575,7540745.818957832
jid_901300,15160.0,393.0,1000,73,39390,50471,50545,JobState.COMPLETED,0,119.62347776342907,119.62347776342908,8732513.876730321
jid_901300,15160.0,393.0,1000,56,39390,50531,50588,JobState.COMPLETED,0,119.61192143511079,119.6119214351108,6698267.600366204
jid_901300,15160.0,393.0,1000,58,39390,50543,50602,JobState.COMPLETED,0,119.75717115478508,119.75717115478508,6945915.926977535
jid_901300,15160.0,393.0,1000,58,39390,50545,50604,JobState.COMPLETED,0,119.71284517495138,119.71284517495138,6943345.02014718
jid_901300,15160.0,393.0,1000,59,39390,50588,50648,JobState.COMPLETED,0,119.74303771534308,119.74303771534308,7064839.225205242
jid_901300,15160.0,393.0,1000,60,39390,50602,50663,JobState.COMPLETED,0,119.6870525805056,119.68705258050558,7181223.154830336
jid_901300,15160.0,393.0,1000,61,39390,50604,50666,JobState.COMPLETED,0,119.49172526694332,119.4917252669433,7288995.2412835425
jid_901300,15160.0,393.0,1000,60,39390,50648,50709,JobState.COMPLETED,0,119.69431719855717,119.69431719855716,7181659.03191343
jid_901300,15160.0,393.0,1000,58,39390,50663,50722,JobState.COMPLETED,0,119.74020869870601,119.74020869870601,6944932.104524949
jid_901300,15160.0,393.0,1000,59,39390,50666,50726,JobState.COMPLETED,0,119.715088396335,119.71508839633499,7063190.215383765
jid_901300,15160.0,393.0,1000,61,39390,50709,50771,JobState.COMPLETED,0,119.70955412857873,119.70955412857872,7302282.801843303
jid_901300,15160.0,393.0,1000,61,39390,50722,50784,JobState.COMPLETED,0,119.79467113590204,119.79467113590204,7307474.939290024
jid_901300,15160.0,393.0,1000,60,39390,50726,50787,JobState.COMPLETED,0,119.77093837990799,119.77093837990799,7186256.30279448
jid_901300,15160.0,393.0,1000,62,39390,50771,50834,JobState.COMPLETED,0,119.75821132917176,119.75821132917174,7425009.1024086485
jid_901300,15160.0,393.0,1000,59,39390,50784,50844,JobState.COMPLETED,0,119.78480106513727,119.78480106513727,7067303.262843099
jid_901300,15160.0,393.0,1000,57,39390,50787,50845,JobState.COMPLETED,0,119.70131267695969,119.7013126769597,6822974.822586702
jid_901300,15160.0,393.0,1000,62,39390,50834,50897,JobState.COMPLETED,0,119.7723394578168,119.7723394578168,7425885.046384641
jid_901300,15160.0,393.0,1000,60,39390,50844,50905,JobState.COMPLETED,0,119.59725664461988,119.59725664461988,7175835.398677193
jid_901300,15160.0,393.0,1000,59,39390,50845,50905,JobState.COMPLETED,0,119.7097180520516,119.70971805205158,7062873.365071044
jid_901300,15160.0,393.0,1000,61,39390,50897,50959,JobState.COMPLETED,0,119.73795471453192,119.73795471453194,7304015.237586447
jid_901300,15160.0,393.0,1000,60,39390,50905,50966,JobState.COMPLETED,0,119.56271968568021,119.56271968568018,7173763.181140813
jid_901300,15160.0,393.0,1000,60,39390,50905,50966,JobState.COMPLETED,0,119.57082911063834,119.57082911063833,7174249.7466383
jid_901300,15160.0,393.0,1000,60,39390,50959,51020,JobState.COMPLETED,0,119.64379274595763,119.64379274595763,7178627.564757458
jid_902720,108.0,251.0,1,13,51011,51011,51025,JobState.COMPLETED,0,141.1740336542321,141.1740336542321,1835.2624375050173
jid_901300,15160.0,393.0,1000,60,39390,50966,51027,JobState.COMPLETED,0,119.58202786376452,119.58202786376451,7174921.671825871
jid_901300,15160.0,393.0,1000,61,39390,50966,51028,JobState.COMPLETED,0,119.60966226612766,119.60966226612767,7296189.398233787
jid_901300,15160.0,393.0,1000,62,39390,51020,51083,JobState.COMPLETED,0,119.79947343990942,119.79947343990943,7427567.353274384
jid_901300,15160.0,393.0,1000,61,39390,51027,51089,JobState.COMPLETED,0,119.69019031977184,119.69019031977182,7301101.609506082
jid_901300,15160.0,393.0,1000,61,39390,51028,51090,JobState.COMPLETED,0,119.5917219332877,119.5917219332877,7295095.037930549
jid_901300,15160.0,393.0,1000,61,39390,51083,51145,JobState.COMPLETED,0,119.49457343988193,119.49457343988195,7289168.979832798
jid_901300,15160.0,393.0,1000,61,39390,51089,51151,JobState.COMPLETED,0,119.68880645586134,119.68880645586135,7301017.193807541
jid_901300,15160.0,393.0,1000,62,39390,51090,51153,JobState.COMPLETED,0,119.48698227513941,119.48698227513941,7408192.901058644
jid_901300,15160.0,393.0,1000,62,39390,51145,51208,JobState.COMPLETED,0,119.67172561954855,119.67172561954854,7419646.9884120105
jid_901300,15160.0,393.0,1000,61,39390,51151,51213,JobState.COMPLETED,0,119.64814732300515,119.64814732300516,7298536.986703314
jid_901300,15160.0,393.0,1000,60,39390,51153,51214,JobState.COMPLETED,0,119.69970157609971,119.6997015760997,7181982.094565983
jid_901300,15160.0,393.0,1000,62,39390,51208,51271,JobState.COMPLETED,0,119.7223875613648,119.7223875613648,7422788.028804617
jid_901300,15160.0,393.0,1000,59,39390,51213,51273,JobState.COMPLETED,0,119.7367135862029,119.7367135862029,7064466.101585971
jid_901300,15160.0,393.0,1000,59,39390,51214,51274,JobState.COMPLETED,0,119.67917202679092,119.67917202679092,7061071.149580665
jid_901300,15160.0,393.0,1000,60,39390,51271,51332,JobState.COMPLETED,0,119.70717993197844,119.70717993197843,7182430.795918706
jid_901300,15160.0,393.0,1000,60,39390,51273,51334,JobState.COMPLETED,0,119.65885050871283,119.65885050871285,7179531.030522769
jid_901300,15160.0,393.0,1000,60,39390,51274,51335,JobState.COMPLETED,0,119.70982134861637,119.70982134861637,7182589.280916982
jid_901300,15160.0,393.0,1000,61,39390,51332,51394,JobState.COMPLETED,0,119.63973719050325,119.63973719050324,7298023.968620699
jid_901300,15160.0,393.0,1000,61,39390,51334,51396,JobState.COMPLETED,0,119.74598928187774,119.74598928187774,7304505.346194542
jid_901300,15160.0,393.0,1000,61,39390,51335,51397,JobState.COMPLETED,0,119.68850071022523,119.68850071022526,7300998.5433237385
jid_901300,15160.0,393.0,1000,62,39390,51394,51457,JobState.COMPLETED,0,119.6735065001361,119.67350650013609,7419757.403008438
jid_901300,15160.0,393.0,1000,62,39390,51396,51459,JobState.COMPLETED,0,119.71033566913674,119.71033566913675,7422040.811486478
jid_901300,15160.0,393.0,1000,63,39390,51397,51461,JobState.COMPLETED,0,119.68867537868107,119.68867537868108,7540386.5488569075
jid_901300,15160.0,393.0,1000,61,39390,51457,51519,JobState.COMPLETED,0,119.67854421603577,119.67854421603579,7300391.197178183
jid_901300,15160.0,393.0,1000,64,39390,51459,51524,JobState.COMPLETED,0,119.60649318449481,119.60649318449482,7654815.563807668
jid_901300,15160.0,393.0,1000,64,39390,51461,51526,JobState.COMPLETED,0,119.66298308464428,119.66298308464427,7658430.917417234
jid_901300,15160.0,393.0,1000,66,39390,51519,51586,JobState.COMPLETED,0,119.63266906571621,119.63266906571621,7895756.15833727
jid_901300,15160.0,393.0,1000,65,39390,51524,51590,JobState.COMPLETED,0,119.53338123651258,119.5333812365126,7769669.780373318
jid_901300,15160.0,393.0,1000,67,39390,51526,51594,JobState.COMPLETED,0,119.38268548508394,119.38268548508394,7998639.927500624
jid_901300,15160.0,393.0,1000,64,39390,51586,51651,JobState.COMPLETED,0,119.66471898294424,119.66471898294422,7658542.014908431
jid_901300,15160.0,393.0,1000,65,39390,51590,51656,JobState.COMPLETED,0,119.6325460338638,119.6325460338638,7776115.492201148
jid_901300,15160.0,393.0,1000,64,39390,51594,51659,JobState.COMPLETED,0,119.58036603133004,119.58036603133003,7653143.426005123
jid_901300,15160.0,393.0,1000,66,39390,51651,51718,JobState.COMPLETED,0,119.5792907113334,119.5792907113334,7892233.186948004
jid_901300,15160.0,393.0,1000,67,39390,51656,51724,JobState.COMPLETED,0,119.45385844586484,119.45385844586482,8003408.515872944
jid_901300,15160.0,393.0,1000,65,39390,51659,51725,JobState.COMPLETED,0,119.65083602938606,119.65083602938607,7777304.341910094
jid_901300,15160.0,393.0,1000,64,39390,51718,51783,JobState.COMPLETED,0,119.64108403016046,119.64108403016047,7657029.37793027
jid_901300,15160.0,393.0,1000,63,39390,51724,51788,JobState.COMPLETED,0,119.64396043532979,119.64396043532977,7537569.507425777
jid_901300,15160.0,393.0,1000,67,39390,51725,51793,JobState.COMPLETED,0,119.51185592752428,119.51185592752428,8007294.347144127
jid_901300,15160.0,393.0,1000,65,39390,51783,51849,JobState.COMPLETED,0,119.50791327580231,119.50791327580234,7768014.36292715
jid_901300,15160.0,393.0,1000,65,39390,51788,51854,JobState.COMPLETED,0,119.58703770456253,119.58703770456253,7773157.450796564
jid_901300,15160.0,393.0,1000,67,39390,51793,51861,JobState.COMPLETED,0,119.46702453322581,119.46702453322581,8004290.643726129
jid_902799,108.0,251.0,1,14,51874,51874,51889,JobState.COMPLETED,0,143.1791320926799,143.1791320926799,2004.5078492975188
jid_901300,15160.0,393.0,1000,65,39390,51849,51915,JobState.COMPLETED,0,119.5827413749162,119.58274137491622,7772878.189369553
jid_901300,15160.0,393.0,1000,57,39390,51861,51919,JobState.COMPLETED,0,119.38727352675879,119.3872735267588,6805074.591025251
jid_901300,15160.0,393.0,1000,65,39390,51854,51920,JobState.COMPLETED,0,119.58241094034807,119.58241094034808,7772856.711122625
jid_901300,15160.0,393.0,1000,60,39390,51915,51976,JobState.COMPLETED,0,119.6342912494987,119.63429124949867,7178057.474969922
jid_901300,15160.0,393.0,1000,60,39390,51919,51980,JobState.COMPLETED,0,119.60589499731141,119.60589499731141,7176353.699838685
jid_901300,15160.0,393.0,1000,62,39390,51920,51983,JobState.COMPLETED,0,119.39591661267262,119.39591661267262,7402546.829985703
jid_901300,15160.0,393.0,1000,58,39390,51976,52035,JobState.COMPLETED,0,119.554674104593,119.55467410459302,6934171.098066394
jid_901300,15160.0,393.0,1000,60,39390,51980,52041,JobState.COMPLETED,0,119.5748091374916,119.57480913749158,7174488.548249495
jid_901300,15160.0,393.0,1000,61,39390,51983,52045,JobState.COMPLETED,0,119.58669545803637,119.58669545803637,7294788.422940219
jid_901300,15160.0,393.0,1000,62,39390,52035,52098,JobState.COMPLETED,0,119.58509710323068,119.58509710323071,7414276.0204003025
jid_901300,15160.0,393.0,1000,61,39390,52041,52103,JobState.COMPLETED,0,119.5682989189245,119.56829891892447,7293666.234054394
jid_901300,15160.0,393.0,1000,61,39390,52045,52107,JobState.COMPLETED,0,119.59073926447475,119.59073926447478,7295035.09513296
jid_901300,15160.0,393.0,1000,60,39390,52098,52159,JobState.COMPLETED,0,119.58291450718508,119.58291450718507,7174974.870431105
jid_901300,15160.0,393.0,1000,63,39390,52103,52167,JobState.COMPLETED,0,119.5643966341009,119.56439663410089,7532556.987948356
jid_901300,15160.0,393.0,1000,63,39390,52107,52171,JobState.COMPLETED,0,119.27849471247175,119.27849471247177,7514545.166885721
jid_901300,15160.0,393.0,1000,63,39390,52159,52223,JobState.COMPLETED,0,119.66044024492426,119.66044024492425,7538607.7354302285
jid_901300,15160.0,393.0,1000,64,39390,52167,52232,JobState.COMPLETED,0,119.47051368434225,119.47051368434225,7646112.875797904
jid_901300,15160.0,393.0,1000,64,39390,52171,52236,JobState.COMPLETED,0,119.49478938580747,119.49478938580747,7647666.520691678
jid_901300,15160.0,393.0,1000,63,39390,52223,52287,JobState.COMPLETED,0,119.62339795803597,119.62339795803598,7536274.071356266
jid_901300,15160.0,393.0,1000,62,39390,52232,52295,JobState.COMPLETED,0,119.67161952354853,119.67161952354856,7419640.410460008
jid_901300,15160.0,393.0,1000,61,39390,52236,52298,JobState.COMPLETED,0,119.61588638154532,119.61588638154532,7296569.069274264
jid_901300,15160.0,393.0,1000,63,39390,52287,52351,JobState.COMPLETED,0,119.69663330836386,119.69663330836386,7540887.898426923
jid_901300,15160.0,393.0,1000,60,39390,52295,52356,JobState.COMPLETED,0,119.61585850180676,119.61585850180676,7176951.510108406
jid_902854,63858.0,175.0,48,0,52358,52358,52359,JobState.COMPLETED,0,176.53061224489795,176.53061224489795,0.0
jid_901300,15160.0,393.0,1000,61,39390,52298,52360,JobState.COMPLETED,0,119.56516141064581,119.56516141064581,7293474.846049394
jid_901300,15160.0,393.0,1000,61,39390,52351,52413,JobState.COMPLETED,0,119.50441657033096,119.50441657033096,7289769.410790189
jid_901300,15160.0,393.0,1000,63,39390,52356,52420,JobState.COMPLETED,0,119.40241388027893,119.40241388027891,7522352.074457573
jid_901300,15160.0,393.0,1000,63,39390,52360,52424,JobState.COMPLETED,0,119.50052409407625,119.50052409407627,7528533.017926804
jid_901300,15160.0,393.0,1000,60,39390,52413,52474,JobState.COMPLETED,0,119.543677345818,119.54367734581798,7172620.64074908
jid_901300,15160.0,393.0,1000,62,39390,52420,52483,JobState.COMPLETED,0,119.54184262647306,119.54184262647306,7411594.242841329
jid_901300,15160.0,393.0,1000,60,39390,52424,52485,JobState.COMPLETED,0,119.6423818887728,119.64238188877277,7178542.913326368
jid_901300,15160.0,393.0,1000,61,39390,52474,52536,JobState.COMPLETED,0,119.61704003538085,119.61704003538085,7296639.4421582315
jid_901300,15160.0,393.0,1000,61,39390,52483,52545,JobState.COMPLETED,0,119.59754380444846,119.59754380444846,7295450.172071356
jid_901300,15160.0,393.0,1000,61,39390,52485,52547,JobState.COMPLETED,0,119.59523399963334,119.59523399963334,7295309.273977634
jid_901300,15160.0,393.0,1000,62,39390,52536,52599,JobState.COMPLETED,0,119.57780470242378,119.57780470242379,7413823.891550275
jid_901300,15160.0,393.0,1000,60,39390,52545,52606,JobState.COMPLETED,0,119.60528123917567,119.60528123917564,7176316.87435054
jid_901300,15160.0,393.0,1000,60,39390,52547,52608,JobState.COMPLETED,0,119.52090595411053,119.52090595411052,7171254.357246632
jid_901300,15160.0,393.0,1000,63,39390,52599,52663,JobState.COMPLETED,0,119.54935811778498,119.54935811778499,7531609.561420454
jid_901300,15160.0,393.0,1000,61,39390,52606,52668,JobState.COMPLETED,0,119.59972851062842,119.5997285106284,7295583.439148334
jid_901300,15160.0,393.0,1000,61,39390,52608,52670,JobState.COMPLETED,0,119.49577190165347,119.49577190165346,7289242.086000862
jid_901300,15160.0,393.0,1000,60,39390,52663,52724,JobState.COMPLETED,0,119.63423100419169,119.6342310041917,7178053.860251501
jid_901300,15160.0,393.0,1000,60,39390,52668,52729,JobState.COMPLETED,0,119.58278540811978,119.58278540811978,7174967.124487186
jid_901300,15160.0,393.0,1000,61,39390,52670,52732,JobState.COMPLETED,0,119.60952257113821,119.60952257113821,7296180.876839431
jid_901300,15160.0,393.0,1000,61,39390,52724,52786,JobState.COMPLETED,0,119.59056421113854,119.59056421113856,7295024.416879451
jid_901300,15160.0,393.0,1000,61,39390,52729,52791,JobState.COMPLETED,0,119.39932800472828,119.39932800472826,7283359.008288424
jid_901300,15160.0,393.0,1000,63,39390,52732,52796,JobState.COMPLETED,0,119.27512761549406,119.27512761549404,7514333.039776126
jid_901300,15160.0,393.0,1000,62,39390,52786,52849,JobState.COMPLETED,0,119.29404305556847,119.29404305556847,7396230.669445245
jid_901300,15160.0,393.0,1000,63,39390,52791,52855,JobState.COMPLETED,0,119.23990379934128,119.23990379934126,7512113.939358501
jid_901300,15160.0,393.0,1000,63,39390,52796,52860,JobState.COMPLETED,0,119.33455773563506,119.33455773563504,7518077.137345009
jid_901300,15160.0,393.0,1000,62,39390,52849,52912,JobState.COMPLETED,0,119.2752741740127,119.27527417401268,7395066.998788787
jid_901300,15160.0,393.0,1000,60,39390,52855,52916,JobState.COMPLETED,0,119.57689589583941,119.57689589583937,7174613.753750364
jid_902898,108.0,251.0,1,15,52904,52904,52920,JobState.COMPLETED,0,135.72642778551935,135.72642778551935,2035.8964167827903
jid_901300,15160.0,393.0,1000,61,39390,52860,52922,JobState.COMPLETED,0,119.62824287258069,119.62824287258071,7297322.815227421
jid_901300,15160.0,393.0,1000,60,39390,52912,52973,JobState.COMPLETED,0,119.56701853995853,119.56701853995854,7174021.1123975115
jid_901300,15160.0,393.0,1000,62,39390,52916,52979,JobState.COMPLETED,0,119.52605576277954,119.52605576277954,7410615.457292331
jid_901300,15160.0,393.0,1000,61,39390,52922,52984,JobState.COMPLETED,0,119.57682342503205,119.57682342503203,7294186.228926955
jid_901300,15160.0,393.0,1000,62,39390,52973,53036,JobState.COMPLETED,0,119.656150801689,119.656150801689,7418681.349704718
jid_901300,15160.0,393.0,1000,63,39390,52979,53043,JobState.COMPLETED,0,119.43045692099028,119.43045692099031,7524118.786022388
jid_901300,15160.0,393.0,1000,64,39390,52984,53049,JobState.COMPLETED,0,119.49352873535348,119.49352873535346,7647585.839062623
jid_901300,15160.0,393.0,1000,64,39390,53036,53101,JobState.COMPLETED,0,119.54029374331303,119.54029374331301,7650578.799572034
jid_901300,15160.0,393.0,1000,64,39390,53043,53108,JobState.COMPLETED,0,119.56097639630059,119.56097639630059,7651902.489363237
jid_901300,15160.0,393.0,1000,63,39390,53049,53113,JobState.COMPLETED,0,119.5029057428173,119.5029057428173,7528683.06179749
jid_901300,15160.0,393.0,1000,63,39390,53101,53165,JobState.COMPLETED,0,119.42998202343095,119.42998202343092,7524088.86747615
jid_901300,15160.0,393.0,1000,66,39390,53108,53175,JobState.COMPLETED,0,119.49434508429285,119.49434508429286,7886626.775563328
jid_901300,15160.0,393.0,1000,64,39390,53113,53178,JobState.COMPLETED,0,119.58344225282853,119.58344225282855,7653340.304181026
jid_901300,15160.0,393.0,1000,66,39390,53165,53232,JobState.COMPLETED,0,119.54103002421071,119.54103002421074,7889707.981597907
jid_901300,15160.0,393.0,1000,65,39390,53175,53241,JobState.COMPLETED,0,119.52511145272105,119.52511145272103,7769132.244426868
jid_901300,15160.0,393.0,1000,65,39390,53178,53244,JobState.COMPLETED,0,119.48127446014551,119.48127446014551,7766282.8399094585
jid_901300,15160.0,393.0,1000,65,39390,53232,53298,JobState.COMPLETED,0,119.53011525821336,119.53011525821336,7769457.4917838685
jid_901300,15160.0,393.0,1000,57,39390,53241,53299,JobState.COMPLETED,0,119.43284252093495,119.43284252093495,6807672.023693292
jid_901300,15160.0,393.0,1000,62,39390,53244,53307,JobState.COMPLETED,0,119.55571295275799,119.55571295275801,7412454.203070995
jid_901300,15160.0,393.0,1000,60,39390,53298,53359,JobState.COMPLETED,0,119.61798251120364,119.61798251120364,7177078.950672219
jid_901300,15160.0,393.0,1000,62,39390,53299,53362,JobState.COMPLETED,0,119.40540489593029,119.40540489593026,7403135.103547678
jid_901300,15160.0,393.0,1000,56,39390,53307,53364,JobState.COMPLETED,0,119.63528035924494,119.63528035924496,6699575.7001177175
jid_901300,15160.0,393.0,1000,59,39390,53359,53419,JobState.COMPLETED,0,119.69979432303876,119.69979432303874,7062287.865059286
jid_901300,15160.0,393.0,1000,60,39390,53362,53423,JobState.COMPLETED,0,119.71547252202456,119.71547252202458,7182928.351321473
jid_901300,15160.0,393.0,1000,60,39390,53364,53425,JobState.COMPLETED,0,119.69117945154102,119.69117945154099,7181470.767092461
jid_901300,15160.0,393.0,1000,61,39390,53419,53481,JobState.COMPLETED,0,119.70493187926706,119.70493187926705,7302000.844635291
jid_901300,15160.0,393.0,1000,61,39390,53423,53485,JobState.COMPLETED,0,119.56394875096504,119.56394875096501,7293400.873808868
jid_901300,15160.0,393.0,1000,60,39390,53425,53486,JobState.COMPLETED,0,119.7294538375676,119.7294538375676,7183767.230254056
jid_901300,15160.0,393.0,1000,61,39390,53481,53543,JobState.COMPLETED,0,119.53242013865055,119.53242013865052,7291477.628457684
jid_901300,15160.0,393.0,1000,62,39390,53485,53548,JobState.COMPLETED,0,119.60402941204991,119.60402941204991,7415449.823547095
jid_901300,15160.0,393.0,1000,64,39390,53486,53551,JobState.COMPLETED,0,119.73950199653093,119.73950199653095,7663328.12777798
jid_901300,15160.0,393.0,1000,61,39390,53543,53605,JobState.COMPLETED,0,119.68146547630695,119.68146547630694,7300569.394054725
jid_901300,15160.0,393.0,1000,61,39390,53548,53610,JobState.COMPLETED,0,119.7348229332032,119.73482293320322,7303824.1989253955
jid_901300,15160.0,393.0,1000,62,39390,53551,53614,JobState.COMPLETED,0,119.69123587262165,119.69123587262165,7420856.624102542
jid_901300,15160.0,393.0,1000,62,39390,53605,53668,JobState.COMPLETED,0,119.73249700783983,119.73249700783978,7423414.81448607
jid_901300,15160.0,393.0,1000,60,39390,53610,53671,JobState.COMPLETED,0,119.70614777992584,119.70614777992584,7182368.86679555
jid_901300,15160.0,393.0,1000,59,39390,53614,53674,JobState.COMPLETED,0,119.72405321748528,119.72405321748528,7063719.139831631
jid_901300,15160.0,393.0,1000,62,39390,53668,53731,JobState.COMPLETED,0,119.71448275332513,119.71448275332513,7422297.930706157
jid_901300,15160.0,393.0,1000,59,39390,53671,53731,JobState.COMPLETED,0,119.67735716355392,119.67735716355392,7060964.072649681
jid_901300,15160.0,393.0,1000,59,39390,53674,53734,JobState.COMPLETED,0,119.64049079478741,119.64049079478741,7058788.956892458
jid_901300,15160.0,393.0,1000,58,39390,53731,53790,JobState.COMPLETED,0,119.64967231803509,119.64967231803509,6939680.994446035
jid_901300,15160.0,393.0,1000,62,39390,53731,53794,JobState.COMPLETED,0,119.65578787193857,119.65578787193859,7418658.848060192
jid_901300,15160.0,393.0,1000,63,39390,53734,53798,JobState.COMPLETED,0,119.64337417517547,119.64337417517548,7537532.573036054
jid_901300,15160.0,393.0,1000,63,39390,53790,53854,JobState.COMPLETED,0,119.70464158711206,119.70464158711205,7541392.41998806
jid_901300,15160.0,393.0,1000,61,39390,53794,53856,JobState.COMPLETED,0,119.38170184814746,119.38170184814746,7282283.8127369955
jid_901300,15160.0,393.0,1000,58,39390,53798,53857,JobState.COMPLETED,0,119.71553551291773,119.71553551291774,6943501.059749228
jid_901300,15160.0,393.0,1000,60,39390,53854,53915,JobState.COMPLETED,0,119.66104943085938,119.66104943085936,7179662.965851563
jid_901300,15160.0,393.0,1000,61,39390,53856,53918,JobState.COMPLETED,0,119.63965383407658,119.63965383407657,7298018.883878672
jid_901300,15160.0,393.0,1000,60,39390,53857,53918,JobState.COMPLETED,0,119.70135170543637,119.70135170543637,7182081.102326183
jid_901300,15160.0,393.0,1000,60,39390,53915,53976,JobState.COMPLETED,0,119.62611760272485,119.62611760272488,7177567.056163491
jid_901300,15160.0,393.0,1000,60,39390,53918,53979,JobState.COMPLETED,0,119.7117864578948,119.71178645789479,7182707.187473688
jid_901300,15160.0,393.0,1000,60,39390,53918,53979,JobState.COMPLETED,0,119.64451985973635,119.64451985973638,7178671.191584181
jid_901300,15160.0,393.0,1000,62,39390,53976,54039,JobState.COMPLETED,0,119.66301680421677,119.66301680421675,7419107.04186144
jid_901300,15160.0,393.0,1000,59,39390,53979,54039,JobState.COMPLETED,0,119.68213647560212,119.6821364756021,7061246.052060526
jid_901300,15160.0,393.0,1000,59,39390,53979,54039,JobState.COMPLETED,0,119.66744818076825,119.66744818076825,7060379.442665326
jid_901300,15160.0,393.0,1000,59,39390,54039,54099,JobState.COMPLETED,0,119.7030883493313,119.7030883493313,7062482.2126105465
jid_901300,15160.0,393.0,1000,60,39390,54039,54100,JobState.COMPLETED,0,119.67815333327675,119.67815333327675,7180689.1999966055
jid_901300,15160.0,393.0,1000,61,39390,54039,54101,JobState.COMPLETED,0,119.70853905399875,119.70853905399873,7302220.882293924
jid_902969,93578.0,537.0,12,1,54105,54105,54107,JobState.COMPLETED,0,176.53061224489795,176.53061224489795,2118.3673469387754
jid_901300,15160.0,393.0,1000,55,39390,54101,54157,JobState.COMPLETED,0,119.64437206206294,119.64437206206294,6580440.463413462
jid_901300,15160.0,393.0,1000,60,39390,54099,54160,JobState.COMPLETED,0,119.71451265870706,119.71451265870705,7182870.759522424
jid_901300,15160.0,393.0,1000,60,39390,54100,54161,JobState.COMPLETED,0,119.66268731440088,119.66268731440086,7179761.238864053
jid_901300,15160.0,393.0,1000,60,39390,54157,54218,JobState.COMPLETED,0,119.68986937102129,119.68986937102129,7181392.162261277
jid_901300,15160.0,393.0,1000,60,39390,54160,54221,JobState.COMPLETED,0,119.67766809627251,119.67766809627251,7180660.08577635
jid_901300,15160.0,393.0,1000,61,39390,54161,54223,JobState.COMPLETED,0,119.66253892931705,119.66253892931707,7299414.87468834
jid_901300,15160.0,393.0,1000,61,39390,54218,54280,JobState.COMPLETED,0,119.69828361285488,119.69828361285487,7301595.300384148
jid_901300,15160.0,393.0,1000,61,39390,54221,54283,JobState.COMPLETED,0,119.72934569330943,119.72934569330941,7303490.087291875
jid_901300,15160.0,393.0,1000,60,39390,54223,54284,JobState.COMPLETED,0,119.70765003595243,119.7076500359524,7182459.002157146
jid_901300,15160.0,393.0,1000,60,39390,54280,54341,JobState.COMPLETED,0,119.63021074050455,119.63021074050455,7177812.644430273
jid_901300,15160.0,393.0,1000,61,39390,54283,54345,JobState.COMPLETED,0,119.59708415025311,119.59708415025312,7295422.13316544
jid_901300,15160.0,393.0,1000,61,39390,54284,54346,JobState.COMPLETED,0,119.57345482703532,119.57345482703532,7293980.7444491545
jid_902998,63858.0,175.0,48,901,53456,53456,54358,JobState.COMPLETED,0,176.53061224489815,176.53061224489795,7634595.918367354
jid_901300,15160.0,393.0,1000,62,39390,54341,54404,JobState.COMPLETED,0,119.6039793790139,119.60397937901391,7415446.721498862
jid_901300,15160.0,393.0,1000,62,39390,54345,54408,JobState.COMPLETED,0,119.64267281568483,119.64267281568483,7417845.714572459
jid_901300,15160.0,393.0,1000,62,39390,54346,54409,JobState.COMPLETED,0,119.48708958124101,119.48708958124101,7408199.554036942
jid_901300,15160.0,393.0,1000,61,39390,54404,54466,JobState.COMPLETED,0,119.6285052997924,119.6285052997924,7297338.823287336
jid_901300,15160.0,393.0,1000,60,39390,54408,54469,JobState.COMPLETED,0,119.711207235737,119.711207235737,7182672.43414422
jid_901300,15160.0,393.0,1000,63,39390,54409,54473,JobState.COMPLETED,0,119.63505631609543,119.63505631609546,7537008.547914011
jid_901300,15160.0,393.0,1000,62,39390,54466,54529,JobState.COMPLETED,0,119.6718893257816,119.6718893257816,7419657.1381984595
jid_901300,15160.0,393.0,1000,60,39390,54469,54530,JobState.COMPLETED,0,119.69428315827776,119.69428315827777,7181656.989496665
jid_901300,15160.0,393.0,1000,61,39390,54473,54535,JobState.COMPLETED,0,119.54710038113306,119.54710038113308,7292373.123249117
jid_901300,15160.0,393.0,1000,60,39390,54529,54590,JobState.COMPLETED,0,119.70652138164101,119.706521381641,7182391.2828984605
jid_901300,15160.0,393.0,1000,59,39390,54530,54590,JobState.COMPLETED,0,119.6801326147994,119.68013261479939,7061127.824273165
jid_901300,15160.0,393.0,1000,60,39390,54535,54596,JobState.COMPLETED,0,119.72173901785864,119.72173901785864,7183304.341071518
jid_901300,15160.0,393.0,1000,59,39390,54590,54650,JobState.COMPLETED,0,119.64584182983123,119.64584182983123,7059104.667960042
jid_901300,15160.0,393.0,1000,62,39390,54590,54653,JobState.COMPLETED,0,119.6875139423389,119.6875139423389,7420625.864425012
jid_901300,15160.0,393.0,1000,60,39390,54596,54657,JobState.COMPLETED,0,119.64228472899657,119.64228472899657,7178537.083739794
jid_903033,108.0,251.0,1,17,54663,54663,54681,JobState.COMPLETED,0,126.23849211074499,126.23849211074499,2146.0543658826646
jid_901300,15160.0,393.0,1000,55,39390,54653,54709,JobState.COMPLETED,0,119.67292519067139,119.6729251906714,6582010.885486927
jid_901300,15160.0,393.0,1000,59,39390,54650,54710,JobState.COMPLETED,0,119.73977877734612,119.7397787773461,7064646.9478634205
jid_901300,15160.0,393.0,1000,60,39390,54657,54718,JobState.COMPLETED,0,119.70164052796501,119.701640527965,7182098.4316779
jid_901300,15160.0,393.0,1000,59,39390,54709,54769,JobState.COMPLETED,0,119.7227428139152,119.72274281391519,7063641.826020997
jid_901300,15160.0,393.0,1000,59,39390,54710,54770,JobState.COMPLETED,0,119.71681877497399,119.71681877497399,7063292.307723465
jid_901300,15160.0,393.0,1000,61,39390,54718,54780,JobState.COMPLETED,0,119.66330375465422,119.6633037546542,7299461.529033908
jid_901300,15160.0,393.0,1000,61,39390,54769,54831,JobState.COMPLETED,0,119.66944905090054,119.66944905090055,7299836.392104933
jid_901300,15160.0,393.0,1000,60,39390,54770,54831,JobState.COMPLETED,0,119.70953047795174,119.70953047795174,7182571.828677105
jid_901300,15160.0,393.0,1000,60,39390,54780,54841,JobState.COMPLETED,0,119.64975445234539,119.64975445234536,7178985.267140724
jid_901300,15160.0,393.0,1000,60,39390,54831,54892,JobState.COMPLETED,0,119.52359572601227,119.5235957260123,7171415.743560737
jid_901300,15160.0,393.0,1000,61,39390,54831,54893,JobState.COMPLETED,0,119.75343247829018,119.7534324782902,7304959.3811757015
jid_901300,15160.0,393.0,1000,60,39390,54841,54902,JobState.COMPLETED,0,119.62707570824203,119.62707570824205,7177624.5424945215
jid_901300,15160.0,393.0,1000,60,39390,54892,54953,JobState.COMPLETED,0,119.61699949808556,119.61699949808555,7177019.969885134
jid_901300,15160.0,393.0,1000,60,39390,54893,54954,JobState.COMPLETED,0,119.6402144129011,119.64021441290112,7178412.864774066
jid_901300,15160.0,393.0,1000,62,39390,54902,54965,JobState.COMPLETED,0,119.76460958394314,119.76460958394314,7425405.794204474
jid_901300,15160.0,393.0,1000,62,39390,54953,55016,JobState.COMPLETED,0,119.7298543568477,119.7298543568477,7423250.970124558
jid_901300,15160.0,393.0,1000,62,39390,54954,55017,JobState.COMPLETED,0,119.7310173399948,119.73101733999482,7423323.075079679
jid_901300,15160.0,393.0,1000,61,39390,54965,55027,JobState.COMPLETED,0,119.73748669154988,119.73748669154988,7303986.688184543
jid_901300,15160.0,393.0,1000,58,39390,55016,55075,JobState.COMPLETED,0,119.74132532195641,119.7413253219564,6944996.868673472
jid_901300,15160.0,393.0,1000,59,39390,55017,55077,JobState.COMPLETED,0,119.6860448013185,119.6860448013185,7061476.643277791
jid_901300,15160.0,393.0,1000,61,39390,55027,55089,JobState.COMPLETED,0,119.56851033767101,119.56851033767101,7293679.130597932
jid_901300,15160.0,393.0,1000,59,39390,55075,55135,JobState.COMPLETED,0,119.63960283192482,119.63960283192483,7058736.567083565
jid_901300,15160.0,393.0,1000,59,39390,55077,55137,JobState.COMPLETED,0,119.68250853830575,119.68250853830575,7061268.00376004
jid_901300,15160.0,393.0,1000,57,39390,55089,55147,JobState.COMPLETED,0,119.59129662011019,119.59129662011019,6816703.90734628
jid_901300,15160.0,393.0,1000,60,39390,55135,55196,JobState.COMPLETED,0,119.68899979056548,119.68899979056548,7181339.987433928
jid_901300,15160.0,393.0,1000,60,39390,55137,55198,JobState.COMPLETED,0,119.70809530682908,119.70809530682908,7182485.718409744
jid_901300,15160.0,393.0,1000,60,39390,55147,55208,JobState.COMPLETED,0,119.67380314373622,119.67380314373624,7180428.188624173
jid_901300,15160.0,393.0,1000,61,39390,55196,55258,JobState.COMPLETED,0,119.68468041990664,119.68468041990666,7300765.505614305
jid_901300,15160.0,393.0,1000,61,39390,55198,55260,JobState.COMPLETED,0,119.57896063023412,119.57896063023414,7294316.598444281
jid_901300,15160.0,393.0,1000,60,39390,55208,55269,JobState.COMPLETED,0,119.70235763700087,119.70235763700089,7182141.4582200525
jid_901300,15160.0,393.0,1000,61,39390,55258,55320,JobState.COMPLETED,0,119.5952533385606,119.5952533385606,7295310.453652196
jid_901300,15160.0,393.0,1000,60,39390,55260,55321,JobState.COMPLETED,0,119.68596482326606,119.68596482326608,7181157.889395964
jid_901300,15160.0,393.0,1000,60,39390,55269,55330,JobState.COMPLETED,0,119.62262576397949,119.62262576397944,7177357.5458387695
jid_901300,15160.0,393.0,1000,58,39390,55321,55380,JobState.COMPLETED,0,119.70654949998571,119.7065494999857,6942979.870999171
jid_901300,15160.0,393.0,1000,60,39390,55320,55381,JobState.COMPLETED,0,119.56504926627305,119.56504926627305,7173902.955976383
jid_901300,15160.0,393.0,1000,61,39390,55330,55392,JobState.COMPLETED,0,119.51646339574133,119.51646339574135,7290504.267140221
jid_901300,15160.0,393.0,1000,60,39390,55380,55441,JobState.COMPLETED,0,119.74041097355286,119.74041097355286,7184424.658413172
jid_901300,15160.0,393.0,1000,60,39390,55381,55442,JobState.COMPLETED,0,119.70302744948307,119.70302744948309,7182181.646968985
jid_901300,15160.0,393.0,1000,61,39390,55392,55454,JobState.COMPLETED,0,119.69898456306952,119.6989845630695,7301638.05834724
jid_901300,15160.0,393.0,1000,61,39390,55441,55503,JobState.COMPLETED,0,119.71796621049768,119.71796621049768,7302795.9388403585
jid_901300,15160.0,393.0,1000,61,39390,55442,55504,JobState.COMPLETED,0,119.60059679367345,119.60059679367345,7295636.40441408
jid_901300,15160.0,393.0,1000,64,39390,55454,55519,JobState.COMPLETED,0,119.62292362141669,119.6229236214167,7655867.111770668
jid_901300,15160.0,393.0,1000,59,39390,55503,55563,JobState.COMPLETED,0,119.55006133795627,119.55006133795627,7053453.618939419
jid_901300,15160.0,393.0,1000,61,39390,55504,55566,JobState.COMPLETED,0,119.6819271347311,119.6819271347311,7300597.555218597
jid_901300,15160.0,393.0,1000,61,39390,55519,55581,JobState.COMPLETED,0,119.74932368859483,119.7493236885948,7304708.745004284
jid_901300,15160.0,393.0,1000,59,39390,55563,55623,JobState.COMPLETED,0,119.6865287759632,119.68652877596318,7061505.197781828
jid_901300,15160.0,393.0,1000,62,39390,55566,55629,JobState.COMPLETED,0,119.72135606025964,119.72135606025964,7422724.075736098
jid_901300,15160.0,393.0,1000,59,39390,55581,55641,JobState.COMPLETED,0,119.67039953355976,119.67039953355976,7060553.572480026
jid_901300,15160.0,393.0,1000,60,39390,55623,55684,JobState.COMPLETED,0,119.63023487822515,119.63023487822515,7177814.0926935095
jid_901300,15160.0,393.0,1000,59,39390,55629,55689,JobState.COMPLETED,0,119.69279276420207,119.69279276420207,7061874.7730879225
jid_901300,15160.0,393.0,1000,59,39390,55641,55701,JobState.COMPLETED,0,119.64679580666262,119.64679580666261,7059160.952593095
jid_901300,15160.0,393.0,1000,60,39390,55684,55745,JobState.COMPLETED,0,119.72023215849602,119.72023215849599,7183213.929509762
jid_901300,15160.0,393.0,1000,61,39390,55689,55751,JobState.COMPLETED,0,119.59663740544391,119.59663740544389,7295394.881732079
jid_901300,15160.0,393.0,1000,59,39390,55701,55761,JobState.COMPLETED,0,119.739670888482,119.73967088848198,7064640.582420438
jid_901300,15160.0,393.0,1000,60,39390,55745,55806,JobState.COMPLETED,0,119.70718484328339,119.70718484328339,7182431.090597004
jid_901300,15160.0,393.0,1000,60,39390,55751,55812,JobState.COMPLETED,0,119.71378417161874,119.71378417161874,7182827.050297124
jid_901300,15160.0,393.0,1000,60,39390,55761,55822,JobState.COMPLETED,0,119.72819550332441,119.72819550332443,7183691.730199465
jid_901300,15160.0,393.0,1000,59,39390,55806,55866,JobState.COMPLETED,0,119.78840750415019,119.78840750415021,7067516.042744861
jid_901300,15160.0,393.0,1000,60,39390,55812,55873,JobState.COMPLETED,0,119.73783707444709,119.7378370744471,7184270.224466825
jid_901300,15160.0,393.0,1000,62,39390,55822,55885,JobState.COMPLETED,0,119.72810457554333,119.72810457554334,7423142.483683686
jid_903191,108.0,251.0,1,14,55893,55893,55908,JobState.COMPLETED,0,137.95137325460604,137.95137325460604,1931.3192255644844
jid_901300,15160.0,393.0,1000,61,39390,55866,55928,JobState.COMPLETED,0,119.54054487944975,119.54054487944974,7291973.237646435
jid_901300,15160.0,393.0,1000,59,39390,55873,55933,JobState.COMPLETED,0,119.6871213149137,119.6871213149137,7061540.157579908
jid_901300,15160.0,393.0,1000,61,39390,55885,55947,JobState.COMPLETED,0,119.6534887544308,119.65348875443081,7298862.814020278
jid_901300,15160.0,393.0,1000,57,39390,55928,55986,JobState.COMPLETED,0,119.73541551792998,119.73541551793,6824918.684522009
jid_901300,15160.0,393.0,1000,59,39390,55933,55993,JobState.COMPLETED,0,119.70728522924306,119.70728522924304,7062729.82852534
jid_901300,15160.0,393.0,1000,57,39390,55947,56005,JobState.COMPLETED,0,119.67803299473061,119.67803299473061,6821647.880699645
jid_901300,15160.0,393.0,1000,60,39390,55986,56047,JobState.COMPLETED,0,119.62533283734581,119.62533283734584,7177519.9702407485
jid_901300,15160.0,393.0,1000,60,39390,55993,56054,JobState.COMPLETED,0,119.6891132107591,119.68911321075907,7181346.792645546
jid_901300,15160.0,393.0,1000,59,39390,56005,56065,JobState.COMPLETED,0,119.6869630715693,119.68696307156928,7061530.821222588
jid_901300,15160.0,393.0,1000,60,39390,56047,56108,JobState.COMPLETED,0,119.71812919148839,119.7181291914884,7183087.751489304
jid_901300,15160.0,393.0,1000,60,39390,56054,56115,JobState.COMPLETED,0,119.68204034123964,119.68204034123964,7180922.420474378
jid_901300,15160.0,393.0,1000,59,39390,56065,56125,JobState.COMPLETED,0,119.67913391971734,119.67913391971734,7061068.901263323
jid_901300,15160.0,393.0,1000,60,39390,56108,56169,JobState.COMPLETED,0,119.6597611961698,119.65976119616981,7179585.671770188
jid_901300,15160.0,393.0,1000,62,39390,56115,56178,JobState.COMPLETED,0,119.78700321920832,119.78700321920832,7426794.199590916
jid_901300,15160.0,393.0,1000,60,39390,56125,56186,JobState.COMPLETED,0,119.70587813034653,119.70587813034653,7182352.687820792
jid_901300,15160.0,393.0,1000,60,39390,56169,56230,JobState.COMPLETED,0,119.68320854046057,119.68320854046058,7180992.512427635
jid_901300,15160.0,393.0,1000,63,39390,56178,56242,JobState.COMPLETED,0,119.73400914965568,119.73400914965565,7543242.576428308
jid_901300,15160.0,393.0,1000,61,39390,56186,56248,JobState.COMPLETED,0,119.72970193683005,119.72970193683004,7303511.818146633
jid_901300,15160.0,393.0,1000,60,39390,56230,56291,JobState.COMPLETED,0,119.68352541867733,119.68352541867732,7181011.52512064
jid_901300,15160.0,393.0,1000,65,39390,56242,56308,JobState.COMPLETED,0,119.41695421591561,119.41695421591558,7762102.024034514
jid_901300,15160.0,393.0,1000,59,39390,56248,56308,JobState.COMPLETED,0,119.64417487599883,119.64417487599883,7059006.317683931
jid_901300,15160.0,393.0,1000,60,39390,56291,56352,JobState.COMPLETED,0,119.69543445475479,119.69543445475479,7181726.067285287
jid_901300,15160.0,393.0,1000,56,39390,56308,56365,JobState.COMPLETED,0,119.58436873518558,119.58436873518556,6696724.649170393
jid_901300,15160.0,393.0,1000,60,39390,56308,56369,JobState.COMPLETED,0,119.71360391479524,119.71360391479527,7182816.2348877145
jid_901300,15160.0,393.0,1000,60,39390,56352,56413,JobState.COMPLETED,0,119.66129568781584,119.66129568781581,7179677.74126895
jid_901300,15160.0,393.0,1000,60,39390,56365,56426,JobState.COMPLETED,0,119.6811351399516,119.6811351399516,7180868.108397097
jid_901300,15160.0,393.0,1000,60,39390,56369,56430,JobState.COMPLETED,0,119.69431027383312,119.69431027383312,7181658.616429988
jid_903259,108.0,251.0,1,158,56292,56292,56451,JobState.COMPLETED,0,129.15025145478484,129.1502514547848,20405.739729856003
jid_901300,15160.0,393.0,1000,61,39390,56413,56475,JobState.COMPLETED,0,119.61063210183093,119.61063210183094,7296248.558211687
jid_901300,15160.0,393.0,1000,62,39390,56426,56489,JobState.COMPLETED,0,119.68473865523598,119.68473865523598,7420453.796624631
jid_901300,15160.0,393.0,1000,59,39390,56430,56490,JobState.COMPLETED,0,119.5547523172794,119.5547523172794,7053730.386719484
jid_901300,15160.0,393.0,1000,58,39390,56475,56534,JobState.COMPLETED,0,119.7916124430059,119.7916124430059,6947913.521694343
jid_901300,15160.0,393.0,1000,59,39390,56489,56549,JobState.COMPLETED,0,119.68200540113061,119.68200540113061,7061238.318666706
jid_901300,15160.0,393.0,1000,60,39390,56490,56551,JobState.COMPLETED,0,119.69903768636833,119.69903768636833,7181942.2611821005
jid_901300,15160.0,393.0,1000,59,39390,56534,56594,JobState.COMPLETED,0,119.7412525731859,119.7412525731859,7064733.901817968
jid_901300,15160.0,393.0,1000,59,39390,56549,56609,JobState.COMPLETED,0,119.75126962101187,119.75126962101187,7065324.907639701
jid_901300,15160.0,393.0,1000,60,39390,56551,56612,JobState.COMPLETED,0,119.65178534792902,119.65178534792905,7179107.120875741
jid_901300,15160.0,393.0,1000,59,39390,56594,56654,JobState.COMPLETED,0,119.70385521681574,119.70385521681575,7062527.457792128
jid_901300,15160.0,393.0,1000,61,39390,56609,56671,JobState.COMPLETED,0,119.70758765611684,119.70758765611687,7302162.847023128
jid_901300,15160.0,393.0,1000,60,39390,56612,56673,JobState.COMPLETED,0,119.71389810195679,119.71389810195676,7182833.886117407
jid_901300,15160.0,393.0,1000,60,39390,56654,56715,JobState.COMPLETED,0,119.71207489628439,119.71207489628439,7182724.493777064
jid_901300,15160.0,393.0,1000,59,39390,56671,56731,JobState.COMPLETED,0,119.69473421282188,119.69473421282188,7061989.318556491
jid_901300,15160.0,393.0,1000,64,39390,56673,56738,JobState.COMPLETED,0,119.12411026978495,119.12411026978496,7623943.057266237
jid_901300,15160.0,393.0,1000,59,39390,56715,56775,JobState.COMPLETED,0,119.76829939499753,119.76829939499753,7066329.664304854
jid_901300,15160.0,393.0,1000,60,39390,56731,56792,JobState.COMPLETED,0,119.7126688396126,119.71266883961258,7182760.130376756
jid_901300,15160.0,393.0,1000,61,39390,56738,56800,JobState.COMPLETED,0,119.61772661880555,119.61772661880555,7296681.3237471385
jid_901300,15160.0,393.0,1000,60,39390,56775,56836,JobState.COMPLETED,0,119.71207094688339,119.71207094688337,7182724.256813003
jid_901300,15160.0,393.0,1000,60,39390,56792,56853,JobState.COMPLETED,0,119.65440211745864,119.65440211745864,7179264.127047519
jid_901300,15160.0,393.0,1000,60,39390,56800,56861,JobState.COMPLETED,0,119.68878463022938,119.68878463022939,7181327.077813763
jid_901300,15160.0,393.0,1000,62,39390,56836,56899,JobState.COMPLETED,0,119.74131792884306,119.74131792884305,7423961.711588269
jid_901300,15160.0,393.0,1000,61,39390,56853,56915,JobState.COMPLETED,0,119.65801323540279,119.65801323540282,7299138.80735957
jid_901300,15160.0,393.0,1000,61,39390,56861,56923,JobState.COMPLETED,0,119.6971363300743,119.6971363300743,7301525.316134533
jid_901300,15160.0,393.0,1000,60,39390,56899,56960,JobState.COMPLETED,0,119.6960492999231,119.6960492999231,7181762.957995387
jid_901300,15160.0,393.0,1000,60,39390,56915,56976,JobState.COMPLETED,0,119.723849680919,119.72384968091902,7183430.98085514
jid_901300,15160.0,393.0,1000,61,39390,56923,56985,JobState.COMPLETED,0,119.68409528756989,119.68409528756987,7300729.812541763
jid_901300,15160.0,393.0,1000,60,39390,56960,57021,JobState.COMPLETED,0,119.73721388599441,119.73721388599441,7184232.833159665
jid_901300,15160.0,393.0,1000,59,39390,56976,57036,JobState.COMPLETED,0,119.70582204282753,119.70582204282755,7062643.500526825
jid_901300,15160.0,393.0,1000,60,39390,56985,57046,JobState.COMPLETED,0,119.69309413257243,119.69309413257243,7181585.647954346
jid_901300,15160.0,393.0,1000,61,39390,57021,57083,JobState.COMPLETED,0,119.69892603541432,119.69892603541432,7301634.488160274
jid_901300,15160.0,393.0,1000,60,39390,57036,57097,JobState.COMPLETED,0,119.64936177924857,119.64936177924855,7178961.7067549145
jid_901300,15160.0,393.0,1000,61,39390,57046,57108,JobState.COMPLETED,0,119.62692445518685,119.62692445518687,7297242.391766398
jid_901300,15160.0,393.0,1000,61,39390,57083,57145,JobState.COMPLETED,0,119.56172886720788,119.56172886720786,7293265.46089968
jid_901300,15160.0,393.0,1000,61,39390,57097,57159,JobState.COMPLETED,0,119.69144084613266,119.69144084613265,7301177.8916140925
jid_901300,15160.0,393.0,1000,60,39390,57108,57169,JobState.COMPLETED,0,119.6801618703959,119.68016187039592,7180809.712223754
jid_901300,15160.0,393.0,1000,60,39390,57145,57206,JobState.COMPLETED,0,119.65311200997735,119.65311200997736,7179186.720598641
jid_901300,15160.0,393.0,1000,60,39390,57159,57220,JobState.COMPLETED,0,119.64734286769304,119.64734286769303,7178840.5720615825
jid_901300,15160.0,393.0,1000,60,39390,57169,57230,JobState.COMPLETED,0,119.61099288583479,119.61099288583479,7176659.573150087
jid_901300,15160.0,393.0,1000,61,39390,57206,57268,JobState.COMPLETED,0,119.6449241048584,119.64492410485839,7298340.370396363
jid_901300,15160.0,393.0,1000,60,39390,57220,57281,JobState.COMPLETED,0,119.59867016308415,119.59867016308415,7175920.20978505
jid_901300,15160.0,393.0,1000,65,39390,57230,57296,JobState.COMPLETED,0,119.20931756269096,119.20931756269097,7748605.641574912
jid_901300,15160.0,393.0,1000,60,39390,57268,57329,JobState.COMPLETED,0,119.58885208731658,119.58885208731658,7175331.125238995
jid_901300,15160.0,393.0,1000,59,39390,57281,57341,JobState.COMPLETED,0,119.61292836943643,119.61292836943643,7057162.773796749
jid_901300,15160.0,393.0,1000,58,39390,57296,57355,JobState.COMPLETED,0,119.38962348566136,119.38962348566137,6924598.162168358
jid_901300,15160.0,393.0,1000,60,39390,57329,57390,JobState.COMPLETED,0,119.57494567399249,119.57494567399249,7174496.740439549
jid_901300,15160.0,393.0,1000,62,39390,57341,57404,JobState.COMPLETED,0,119.55093155317093,119.55093155317094,7412157.756296597
jid_901300,15160.0,393.0,1000,61,39390,57355,57417,JobState.COMPLETED,0,119.50139446501831,119.50139446501831,7289585.062366117
jid_901300,15160.0,393.0,1000,62,39390,57390,57453,JobState.COMPLETED,0,119.50521093381418,119.50521093381418,7409323.077896479
jid_901300,15160.0,393.0,1000,61,39390,57404,57466,JobState.COMPLETED,0,119.56818652384042,119.56818652384042,7293659.377954265
jid_901300,15160.0,393.0,1000,62,39390,57417,57480,JobState.COMPLETED,0,119.52694827671714,119.52694827671715,7410670.793156463
jid_901300,15160.0,393.0,1000,60,39390,57453,57514,JobState.COMPLETED,0,119.6308872503894,119.63088725038939,7177853.235023364
jid_901300,15160.0,393.0,1000,63,39390,57466,57530,JobState.COMPLETED,0,119.55455409637639,119.55455409637638,7531936.908071713
jid_901300,15160.0,393.0,1000,60,39390,57480,57541,JobState.COMPLETED,0,119.64709844602122,119.64709844602123,7178825.906761274
jid_901300,15160.0,393.0,1000,63,39390,57514,57578,JobState.COMPLETED,0,119.54340174832708,119.5434017483271,7531234.310144607
jid_901300,15160.0,393.0,1000,62,39390,57530,57593,JobState.COMPLETED,0,119.47598865674146,119.47598865674148,7407511.296717972
jid_901300,15160.0,393.0,1000,61,39390,57541,57603,JobState.COMPLETED,0,119.56707156878736,119.56707156878737,7293591.365696028
jid_901300,15160.0,393.0,1000,63,39390,57578,57642,JobState.COMPLETED,0,119.54718858260718,119.54718858260718,7531472.880704252
jid_901300,15160.0,393.0,1000,57,39390,57593,57651,JobState.COMPLETED,0,119.4589479900893,119.4589479900893,6809160.035435091
jid_901300,15160.0,393.0,1000,61,39390,57603,57665,JobState.COMPLETED,0,119.4361333446589,119.4361333446589,7285604.134024193
jid_901300,15160.0,393.0,1000,60,39390,57642,57703,JobState.COMPLETED,0,119.5648791749906,119.5648791749906,7173892.750499436
jid_901300,15160.0,393.0,1000,60,39390,57651,57712,JobState.COMPLETED,0,119.56777934164482,119.56777934164482,7174066.7604986895
jid_901300,15160.0,393.0,1000,61,39390,57665,57727,JobState.COMPLETED,0,119.31594900664653,119.31594900664655,7278272.889405439
jid_901300,15160.0,393.0,1000,60,39390,57703,57764,JobState.COMPLETED,0,119.52069058722736,119.52069058722738,7171241.435233641
jid_901300,15160.0,393.0,1000,60,39390,57712,57773,JobState.COMPLETED,0,119.50605704408231,119.50605704408231,7170363.422644938
jid_901300,15160.0,393.0,1000,60,39390,57727,57788,JobState.COMPLETED,0,119.57549279190587,119.57549279190586,7174529.5675143525
jid_901300,15160.0,393.0,1000,62,39390,57764,57827,JobState.COMPLETED,0,119.5710270728036,119.5710270728036,7413403.678513823
jid_901300,15160.0,393.0,1000,60,39390,57773,57834,JobState.COMPLETED,0,119.60403027304987,119.60403027304989,7176241.816382992
jid_901300,15160.0,393.0,1000,61,39390,57788,57850,JobState.COMPLETED,0,119.64977838484896,119.64977838484896,7298636.481475786
jid_901300,15160.0,393.0,1000,61,39390,57827,57889,JobState.COMPLETED,0,119.62783780086866,119.62783780086865,7297298.105852989
jid_901300,15160.0,393.0,1000,61,39390,57834,57896,JobState.COMPLETED,0,119.56023072127022,119.56023072127023,7293174.073997483
jid_901300,15160.0,393.0,1000,61,39390,57850,57912,JobState.COMPLETED,0,119.52440623895613,119.52440623895613,7290988.780576324
jid_901300,15160.0,393.0,1000,62,39390,57889,57952,JobState.COMPLETED,0,119.540116792929,119.54011679292898,7411487.241161598
jid_901300,15160.0,393.0,1000,61,39390,57896,57958,JobState.COMPLETED,0,119.54350188824863,119.54350188824866,7292153.615183166
jid_901300,15160.0,393.0,1000,60,39390,57912,57973,JobState.COMPLETED,0,119.58505840969681,119.58505840969683,7175103.504581809
jid_901300,15160.0,393.0,1000,64,39390,57952,58017,JobState.COMPLETED,0,119.60086466965711,119.60086466965714,7654455.338858055
jid_901300,15160.0,393.0,1000,61,39390,57958,58020,JobState.COMPLETED,0,119.65185402595856,119.65185402595854,7298763.095583472
jid_901300,15160.0,393.0,1000,60,39390,57973,58034,JobState.COMPLETED,0,119.6170752778514,119.61707527785137,7177024.516671084
jid_901300,15160.0,393.0,1000,61,39390,58017,58079,JobState.COMPLETED,0,119.53833419644008,119.53833419644008,7291838.385982845
jid_901300,15160.0,393.0,1000,62,39390,58020,58083,JobState.COMPLETED,0,119.57122603966857,119.5712260396686,7413416.014459452
jid_901300,15160.0,393.0,1000,62,39390,58034,58097,JobState.COMPLETED,0,119.5410403373825,119.54104033738251,7411544.500917715
jid_901300,15160.0,393.0,1000,63,39390,58079,58143,JobState.COMPLETED,0,119.3714648737542,119.3714648737542,7520402.287046515
jid_901300,15160.0,393.0,1000,62,39390,58083,58146,JobState.COMPLETED,0,119.5656066006061,119.5656066006061,7413067.609237578
jid_901300,15160.0,393.0,1000,61,39390,58097,58159,JobState.COMPLETED,0,119.54994084077408,119.54994084077407,7292546.391287219
jid_901300,15160.0,393.0,1000,63,39390,58143,58207,JobState.COMPLETED,0,119.45617501839601,119.45617501839601,7525739.026158949
jid_901300,15160.0,393.0,1000,62,39390,58146,58209,JobState.COMPLETED,0,119.59146539565732,119.59146539565731,7414670.854530754
jid_901300,15160.0,393.0,1000,64,39390,58159,58224,JobState.COMPLETED,0,119.4184881397828,119.4184881397828,7642783.240946099
jid_903404,14997.0,393.0,204,86,58146,58146,58233,JobState.COMPLETED,0,120.67821792615436,120.67821792615436,2117178.655296452
jid_901300,15160.0,393.0,1000,62,39390,58207,58270,JobState.COMPLETED,0,119.57783356175374,119.57783356175374,7413825.6808287315
jid_901300,15160.0,393.0,1000,61,39390,58209,58271,JobState.COMPLETED,0,119.53945754774973,119.53945754774972,7291906.910412733
jid_901300,15160.0,393.0,1000,62,39390,58224,58287,JobState.COMPLETED,0,119.60723546031853,119.60723546031855,7415648.598539749
jid_901300,15160.0,393.0,1000,61,39390,58270,58332,JobState.COMPLETED,0,119.5211778164917,119.5211778164917,7290791.8468059935
jid_901300,15160.0,393.0,1000,62,39390,58271,58334,JobState.COMPLETED,0,119.52839581687388,119.52839581687388,7410760.5406461805
jid_901300,15160.0,393.0,1000,62,39390,58287,58350,JobState.COMPLETED,0,119.48605564943296,119.48605564943296,7408135.450264843
jid_901300,15160.0,393.0,1000,60,39390,58332,58393,JobState.COMPLETED,0,119.58855085441783,119.58855085441783,7175313.051265069
jid_901300,15160.0,393.0,1000,63,39390,58334,58398,JobState.COMPLETED,0,119.55386271683497,119.55386271683497,7531893.351160603
jid_901300,15160.0,393.0,1000,60,39390,58350,58411,JobState.COMPLETED,0,119.54584933541055,119.54584933541057,7172750.960124633
jid_901300,15160.0,393.0,1000,62,39390,58393,58456,JobState.COMPLETED,0,119.54099734379818,119.54099734379818,7411541.835315487
jid_901300,15160.0,393.0,1000,63,39390,58398,58462,JobState.COMPLETED,0,119.52485305403683,119.52485305403681,7530065.74240432
jid_901300,15160.0,393.0,1000,61,39390,58411,58473,JobState.COMPLETED,0,119.4866097615955,119.4866097615955,7288683.195457325
jid_901300,15160.0,393.0,1000,63,39390,58456,58520,JobState.COMPLETED,0,119.23648572398696,119.23648572398693,7511898.600611178
jid_901300,15160.0,393.0,1000,63,39390,58462,58526,JobState.COMPLETED,0,119.52479492102421,119.52479492102418,7530062.0800245255
jid_901300,15160.0,393.0,1000,60,39390,58473,58534,JobState.COMPLETED,0,119.58910704718532,119.58910704718532,7175346.42283112
jid_901300,15160.0,393.0,1000,62,39390,58520,58583,JobState.COMPLETED,0,119.30465980986904,119.30465980986905,7396888.90821188
jid_901300,15160.0,393.0,1000,59,39390,58526,58586,JobState.COMPLETED,0,119.6360823772802,119.63608237728019,7058528.860259532
jid_901300,15160.0,393.0,1000,61,39390,58534,58596,JobState.COMPLETED,0,119.40416864881591,119.4041686488159,7283654.287577771
jid_901300,15160.0,393.0,1000,59,39390,58586,58646,JobState.COMPLETED,0,119.73134243316315,119.73134243316315,7064149.203556626
jid_901300,15160.0,393.0,1000,63,39390,58583,58647,JobState.COMPLETED,0,119.58628132323452,119.58628132323449,7533935.723363775
jid_901300,15160.0,393.0,1000,61,39390,58596,58658,JobState.COMPLETED,0,119.60566005420094,119.60566005420095,7295945.263306257
jid_901300,15160.0,393.0,1000,56,39390,58646,58703,JobState.COMPLETED,0,119.56078511633574,119.56078511633575,6695403.966514802
jid_901300,15160.0,393.0,1000,60,39390,58647,58708,JobState.COMPLETED,0,119.5733265646858,119.57332656468581,7174399.593881148
jid_901300,15160.0,393.0,1000,61,39390,58658,58720,JobState.COMPLETED,0,119.60560836928894,119.60560836928894,7295942.110526626
jid_903443,14997.0,393.0,204,68,58653,58653,58722,JobState.COMPLETED,0,121.71933496721822,121.7193349672182,1688490.614665251
jid_901300,15160.0,393.0,1000,60,39390,58703,58764,JobState.COMPLETED,0,119.63398771796699,119.63398771796696,7178039.263078019
jid_901300,15160.0,393.0,1000,59,39390,58708,58768,JobState.COMPLETED,0,119.71712099938841,119.71712099938843,7063310.138963916
jid_901300,15160.0,393.0,1000,59,39390,58720,58780,JobState.COMPLETED,0,119.72924428038667,119.72924428038667,7064025.412542813
jid_901300,15160.0,393.0,1000,60,39390,58764,58825,JobState.COMPLETED,0,119.65131433478471,119.6513143347847,7179078.860087083
jid_901300,15160.0,393.0,1000,63,39390,58768,58832,JobState.COMPLETED,0,119.39533955427582,119.3953395542758,7521906.391919377
jid_901300,15160.0,393.0,1000,60,39390,58780,58841,JobState.COMPLETED,0,119.71946509489102,119.71946509489102,7183167.905693461
jid_901300,15160.0,393.0,1000,62,39390,58825,58888,JobState.COMPLETED,0,119.69070845297398,119.69070845297398,7420823.924084387
jid_901300,15160.0,393.0,1000,60,39390,58832,58893,JobState.COMPLETED,0,119.64600258641235,119.64600258641235,7178760.155184741
jid_901300,15160.0,393.0,1000,56,39390,58841,58898,JobState.COMPLETED,0,119.51729151345607,119.51729151345607,6692968.324753541
jid_901300,15160.0,393.0,1000,60,39390,58888,58949,JobState.COMPLETED,0,119.6542700612217,119.65427006122174,7179256.203673301
jid_901300,15160.0,393.0,1000,62,39390,58893,58956,JobState.COMPLETED,0,119.70878429347138,119.70878429347138,7421944.626195225
jid_901300,15160.0,393.0,1000,62,39390,58898,58961,JobState.COMPLETED,0,119.68689830144352,119.6868983014435,7420587.694689498
jid_901300,15160.0,393.0,1000,61,39390,58949,59011,JobState.COMPLETED,0,119.64334317250757,119.64334317250756,7298243.933522962
jid_901300,15160.0,393.0,1000,60,39390,58956,59017,JobState.COMPLETED,0,119.69866307716023,119.69866307716023,7181919.784629614
jid_901300,15160.0,393.0,1000,60,39390,58961,59022,JobState.COMPLETED,0,119.62503321668203,119.62503321668203,7177501.993000922
jid_901300,15160.0,393.0,1000,60,39390,59011,59072,JobState.COMPLETED,0,119.70649409191849,119.7064940919185,7182389.6455151085
jid_901300,15160.0,393.0,1000,60,39390,59017,59078,JobState.COMPLETED,0,119.72326303190026,119.72326303190026,7183395.781914016
jid_901300,15160.0,393.0,1000,60,39390,59022,59083,JobState.COMPLETED,0,119.6005669430853,119.60056694308531,7176034.016585117
jid_901300,15160.0,393.0,1000,60,39390,59072,59133,JobState.COMPLETED,0,119.66511886811818,119.66511886811821,7179907.132087091
jid_901300,15160.0,393.0,1000,59,39390,59078,59138,JobState.COMPLETED,0,119.66934280849142,119.66934280849142,7060491.225700994
jid_901300,15160.0,393.0,1000,60,39390,59083,59144,JobState.COMPLETED,0,119.69785667268002,119.69785667268002,7181871.400360801
jid_901300,15160.0,393.0,1000,59,39390,59133,59193,JobState.COMPLETED,0,119.70464103351965,119.70464103351965,7062573.820977659
jid_901300,15160.0,393.0,1000,58,39390,59138,59197,JobState.COMPLETED,0,119.65349800877297,119.65349800877297,6939902.884508832
jid_901300,15160.0,393.0,1000,61,39390,59144,59206,JobState.COMPLETED,0,119.58267967352177,119.58267967352175,7294543.460084828
jid_903503,108.0,251.0,1,12,59206,59206,59219,JobState.COMPLETED,0,160.64181707882338,160.64181707882338,1927.7018049458807
jid_901300,15160.0,393.0,1000,60,39390,59193,59254,JobState.COMPLETED,0,119.73404798885664,119.73404798885663,7184042.879331399
jid_901300,15160.0,393.0,1000,62,39390,59197,59260,JobState.COMPLETED,0,119.55070500983695,119.55070500983696,7412143.710609891
jid_901300,15160.0,393.0,1000,61,39390,59206,59268,JobState.COMPLETED,0,119.67394956906293,119.67394956906294,7300110.923712838
jid_901300,15160.0,393.0,1000,59,39390,59254,59314,JobState.COMPLETED,0,119.62607165713985,119.62607165713986,7057938.227771251
jid_901300,15160.0,393.0,1000,60,39390,59260,59321,JobState.COMPLETED,0,119.69721074893174,119.69721074893174,7181832.644935905
jid_901300,15160.0,393.0,1000,59,39390,59268,59328,JobState.COMPLETED,0,119.6486449232239,119.64864492322391,7059270.05047021
jid_901300,15160.0,393.0,1000,59,39390,59314,59374,JobState.COMPLETED,0,119.68570376865387,119.68570376865387,7061456.522350578
jid_901300,15160.0,393.0,1000,61,39390,59321,59383,JobState.COMPLETED,0,119.67552614702352,119.67552614702349,7300207.094968434
jid_901300,15160.0,393.0,1000,58,39390,59328,59387,JobState.COMPLETED,0,119.73099461623556,119.73099461623555,6944397.687741662
jid_901300,15160.0,393.0,1000,61,39390,59374,59436,JobState.COMPLETED,0,119.56894525803894,119.56894525803894,7293705.6607403755
jid_901300,15160.0,393.0,1000,61,39390,59383,59445,JobState.COMPLETED,0,119.545268308135,119.545268308135,7292261.366796234
jid_901300,15160.0,393.0,1000,60,39390,59387,59448,JobState.COMPLETED,0,119.70683675801611,119.70683675801608,7182410.205480967
jid_901300,15160.0,393.0,1000,61,39390,59436,59498,JobState.COMPLETED,0,119.60035448998559,119.60035448998556,7295621.623889121
jid_901300,15160.0,393.0,1000,61,39390,59445,59507,JobState.COMPLETED,0,119.67849194055773,119.67849194055775,7300388.008374021
jid_901300,15160.0,393.0,1000,59,39390,59448,59508,JobState.COMPLETED,0,119.68466706440573,119.68466706440573,7061395.356799938
jid_901300,15160.0,393.0,1000,62,39390,59498,59561,JobState.COMPLETED,0,119.60998737022749,119.6099873702275,7415819.216954105
jid_901300,15160.0,393.0,1000,61,39390,59507,59569,JobState.COMPLETED,0,119.66252109085278,119.66252109085276,7299413.78654202
jid_901300,15160.0,393.0,1000,61,39390,59508,59570,JobState.COMPLETED,0,119.6577898862307,119.65778988623069,7299125.183060073
jid_901300,15160.0,393.0,1000,60,39390,59561,59622,JobState.COMPLETED,0,119.58023461655749,119.58023461655749,7174814.07699345
jid_901300,15160.0,393.0,1000,61,39390,59569,59631,JobState.COMPLETED,0,119.65192059307033,119.65192059307033,7298767.156177291
jid_901300,15160.0,393.0,1000,60,39390,59570,59631,JobState.COMPLETED,0,119.52852154961809,119.52852154961808,7171711.292977085
jid_901300,15160.0,393.0,1000,61,39390,59622,59684,JobState.COMPLETED,0,119.7129288740292,119.7129288740292,7302488.661315781
jid_901300,15160.0,393.0,1000,59,39390,59631,59691,JobState.COMPLETED,0,119.71514600237003,119.71514600237003,7063193.614139832
jid_901300,15160.0,393.0,1000,63,39390,59631,59695,JobState.COMPLETED,0,119.7193583032067,119.71935830320668,7542319.5731020225
jid_903578,108.0,251.0,1,12,59714,59714,59727,JobState.COMPLETED,0,153.53066357869645,153.53066357869645,1842.3679629443573
jid_901300,15160.0,393.0,1000,60,39390,59684,59745,JobState.COMPLETED,0,119.68726840576016,119.68726840576015,7181236.104345609
jid_901300,15160.0,393.0,1000,59,39390,59691,59751,JobState.COMPLETED,0,119.70162662861273,119.70162662861271,7062395.9710881505
jid_901300,15160.0,393.0,1000,60,39390,59695,59756,JobState.COMPLETED,0,119.69697843066385,119.69697843066386,7181818.70583983
jid_901300,15160.0,393.0,1000,61,39390,59745,59807,JobState.COMPLETED,0,119.48558214159358,119.48558214159358,7288620.510637208
jid_901300,15160.0,393.0,1000,60,39390,59751,59812,JobState.COMPLETED,0,119.7105515605493,119.7105515605493,7182633.093632959
jid_901300,15160.0,393.0,1000,60,39390,59756,59817,JobState.COMPLETED,0,119.72096551380072,119.72096551380072,7183257.930828043
jid_901300,15160.0,393.0,1000,60,39390,59807,59868,JobState.COMPLETED,0,119.66595271791505,119.66595271791505,7179957.163074903
jid_901300,15160.0,393.0,1000,58,39390,59812,59871,JobState.COMPLETED,0,119.71501111810743,119.71501111810741,6943470.644850231
jid_901300,15160.0,393.0,1000,61,39390,59817,59879,JobState.COMPLETED,0,119.64875780730871,119.64875780730873,7298574.226245832
jid_901300,15160.0,393.0,1000,59,39390,59868,59928,JobState.COMPLETED,0,119.64428359625178,119.64428359625178,7059012.732178855
jid_901300,15160.0,393.0,1000,63,39390,59871,59935,JobState.COMPLETED,0,119.70003683275651,119.70003683275652,7541102.32046366
jid_901300,15160.0,393.0,1000,60,39390,59879,59940,JobState.COMPLETED,0,119.70894425991386,119.70894425991384,7182536.655594832
jid_903609,14997.0,393.0,204,64,59887,59887,59952,JobState.COMPLETED,0,121.70065408583714,121.70065408583716,1588923.7397446898
jid_903612,108.0,251.0,1,13,59960,59960,59974,JobState.COMPLETED,0,137.22822055123487,137.22822055123487,1783.9668671660534
jid_901300,15160.0,393.0,1000,56,39390,59928,59985,JobState.COMPLETED,0,119.69149774266985,119.69149774266984,6702723.873589512
jid_901300,15160.0,393.0,1000,60,39390,59935,59996,JobState.COMPLETED,0,119.65828954934483,119.65828954934484,7179497.37296069
jid_901300,15160.0,393.0,1000,59,39390,59940,60000,JobState.COMPLETED,0,119.59395985709217,119.59395985709217,7056043.631568438
jid_901300,15160.0,393.0,1000,59,39390,59985,60045,JobState.COMPLETED,0,119.71063881056257,119.71063881056259,7062927.689823192
jid_901300,15160.0,393.0,1000,61,39390,59996,60058,JobState.COMPLETED,0,119.67061597924443,119.67061597924442,7299907.57473391
jid_901300,15160.0,393.0,1000,59,39390,60000,60060,JobState.COMPLETED,0,119.69484101662492,119.69484101662492,7061995.619980871
jid_901300,15160.0,393.0,1000,59,39390,60045,60105,JobState.COMPLETED,0,119.71700175900048,119.7170017590005,7063303.103781029
jid_901300,15160.0,393.0,1000,54,39390,60060,60115,JobState.COMPLETED,0,119.71554879215934,119.71554879215934,6464639.634776604
jid_901300,15160.0,393.0,1000,59,39390,60058,60118,JobState.COMPLETED,0,119.7192888231041,119.71928882310408,7063438.040563142
jid_901300,15160.0,393.0,1000,60,39390,60105,60166,JobState.COMPLETED,0,119.67011183540252,119.67011183540251,7180206.710124151
jid_901300,15160.0,393.0,1000,61,39390,60115,60177,JobState.COMPLETED,0,119.66771290128095,119.66771290128094,7299730.486978138
jid_901300,15160.0,393.0,1000,60,39390,60118,60179,JobState.COMPLETED,0,119.69448530438672,119.69448530438673,7181669.118263203
jid_901300,15160.0,393.0,1000,63,39390,60166,60230,JobState.COMPLETED,0,119.73841629776311,119.7384162977631,7543520.226759076
jid_901300,15160.0,393.0,1000,58,39390,60179,60238,JobState.COMPLETED,0,119.6852456016506,119.6852456016506,6941744.244895736
jid_901300,15160.0,393.0,1000,61,39390,60177,60239,JobState.COMPLETED,0,119.75394962209461,119.75394962209458,7304990.926947772
jid_901300,15160.0,393.0,1000,60,39390,60230,60291,JobState.COMPLETED,0,119.71377577688023,119.71377577688023,7182826.546612813
jid_901300,15160.0,393.0,1000,60,39390,60238,60299,JobState.COMPLETED,0,119.71112320220296,119.71112320220296,7182667.392132177
jid_901300,15160.0,393.0,1000,61,39390,60239,60301,JobState.COMPLETED,0,119.82394770667644,119.82394770667644,7309260.810107263
jid_901300,15160.0,393.0,1000,61,39390,60291,60353,JobState.COMPLETED,0,119.70899082598675,119.70899082598677,7302248.440385192
jid_901300,15160.0,393.0,1000,61,39390,60299,60361,JobState.COMPLETED,0,119.48039473069146,119.48039473069146,7288304.078572178
jid_901300,15160.0,393.0,1000,61,39390,60301,60363,JobState.COMPLETED,0,119.40182201608035,119.40182201608033,7283511.1429809015
jid_901300,15160.0,393.0,1000,60,39390,60353,60414,JobState.COMPLETED,0,119.6970962821095,119.6970962821095,7181825.776926571
jid_901300,15160.0,393.0,1000,60,39390,60361,60422,JobState.COMPLETED,0,119.52784911520683,119.5278491152068,7171670.94691241
jid_901300,15160.0,393.0,1000,60,39390,60363,60424,JobState.COMPLETED,0,119.67055564272844,119.67055564272844,7180233.338563707
jid_901300,15160.0,393.0,1000,60,39390,60414,60475,JobState.COMPLETED,0,119.72355008509454,119.72355008509456,7183413.005105672
jid_901300,15160.0,393.0,1000,60,39390,60422,60483,JobState.COMPLETED,0,119.69401830633635,119.69401830633635,7181641.098380181
jid_901300,15160.0,393.0,1000,58,39390,60424,60483,JobState.COMPLETED,0,119.76517979943256,119.76517979943256,6946380.428367089
jid_901300,15160.0,393.0,1000,59,39390,60475,60535,JobState.COMPLETED,0,119.70563767239034,119.70563767239035,7062632.6226710295
jid_901300,15160.0,393.0,1000,61,39390,60483,60545,JobState.COMPLETED,0,119.53626321381829,119.53626321381827,7291712.056042916
jid_901300,15160.0,393.0,1000,61,39390,60483,60545,JobState.COMPLETED,0,119.66485467540868,119.66485467540868,7299556.13519993
jid_901300,15160.0,393.0,1000,61,39390,60535,60597,JobState.COMPLETED,0,119.64049413324392,119.64049413324392,7298070.142127879
jid_901300,15160.0,393.0,1000,59,39390,60545,60605,JobState.COMPLETED,0,119.56638419974428,119.56638419974428,7054416.6677849125
jid_901300,15160.0,393.0,1000,60,39390,60545,60606,JobState.COMPLETED,0,119.69701765256328,119.69701765256328,7181821.059153796
jid_903699,108.0,251.0,1,17,60600,60600,60618,JobState.COMPLETED,0,125.04742214713393,125.04742214713393,2125.8061765012767
jid_901300,15160.0,393.0,1000,60,39390,60597,60658,JobState.COMPLETED,0,119.6298162642905,119.6298162642905,7177788.97585743
jid_901300,15160.0,393.0,1000,60,39390,60605,60666,JobState.COMPLETED,0,119.58770622514781,119.5877062251478,7175262.373508869
jid_901300,15160.0,393.0,1000,61,39390,60606,60668,JobState.COMPLETED,0,119.55261740700318,119.55261740700318,7292709.6618271945
jid_901300,15160.0,393.0,1000,60,39390,60658,60719,JobState.COMPLETED,0,119.6069795106681,119.6069795106681,7176418.770640086
jid_901300,15160.0,393.0,1000,60,39390,60666,60727,JobState.COMPLETED,0,119.55969589602913,119.55969589602913,7173581.753761748
jid_901300,15160.0,393.0,1000,60,39390,60668,60729,JobState.COMPLETED,0,119.55103100409734,119.55103100409737,7173061.860245841
jid_901300,15160.0,393.0,1000,60,39390,60719,60780,JobState.COMPLETED,0,119.63206675016856,119.63206675016856,7177924.005010113
jid_901300,15160.0,393.0,1000,61,39390,60727,60789,JobState.COMPLETED,0,119.54166633991527,119.54166633991528,7292041.646734831
jid_901300,15160.0,393.0,1000,61,39390,60729,60791,JobState.COMPLETED,0,119.49074082886372,119.49074082886374,7288935.190560687
jid_901300,15160.0,393.0,1000,61,39390,60780,60842,JobState.COMPLETED,0,119.49788878751326,119.49788878751326,7289371.216038309
jid_901300,15160.0,393.0,1000,62,39390,60789,60852,JobState.COMPLETED,0,119.4842835534081,119.4842835534081,7408025.580311302
jid_901300,15160.0,393.0,1000,62,39390,60791,60854,JobState.COMPLETED,0,119.47326661098141,119.47326661098141,7407342.529880848
jid_903730,108.0,251.0,1,155,60715,60715,60871,JobState.COMPLETED,0,129.28191591788556,129.28191591788558,20038.696967272263
jid_901300,15160.0,393.0,1000,61,39390,60842,60904,JobState.COMPLETED,0,119.55535957031326,119.55535957031326,7292876.933789109
jid_901300,15160.0,393.0,1000,61,39390,60852,60914,JobState.COMPLETED,0,119.54351646359169,119.54351646359167,7292154.504279093
jid_901300,15160.0,393.0,1000,61,39390,60854,60916,JobState.COMPLETED,0,119.55733584753705,119.55733584753705,7292997.48669976
jid_901300,15160.0,393.0,1000,61,39390,60904,60966,JobState.COMPLETED,0,119.57043493960113,119.57043493960114,7293796.531315669
jid_901300,15160.0,393.0,1000,60,39390,60914,60975,JobState.COMPLETED,0,119.54570058132627,119.54570058132627,7172742.034879576
jid_901300,15160.0,393.0,1000,60,39390,60916,60977,JobState.COMPLETED,0,119.52964738723789,119.52964738723789,7171778.843234274
jid_901300,15160.0,393.0,1000,62,39390,60966,61029,JobState.COMPLETED,0,119.50701194817586,119.50701194817587,7409434.740786904
jid_901300,15160.0,393.0,1000,63,39390,60975,61039,JobState.COMPLETED,0,119.50954544313521,119.50954544313522,7529101.362917518
jid_901300,15160.0,393.0,1000,63,39390,60977,61041,JobState.COMPLETED,0,119.50951861973296,119.50951861973297,7529099.6730431765
jid_901300,15160.0,393.0,1000,63,39390,61029,61093,JobState.COMPLETED,0,119.33124060322086,119.33124060322085,7517868.158002914
jid_901300,15160.0,393.0,1000,61,39390,61039,61101,JobState.COMPLETED,0,119.51260533421915,119.51260533421913,7290268.925387368
jid_901300,15160.0,393.0,1000,62,39390,61041,61104,JobState.COMPLETED,0,119.4643878731874,119.46438787318739,7406792.048137619
jid_901300,15160.0,393.0,1000,61,39390,61093,61155,JobState.COMPLETED,0,119.65869474512691,119.65869474512692,7299180.379452742
jid_901300,15160.0,393.0,1000,59,39390,61101,61161,JobState.COMPLETED,0,119.60838975974983,119.60838975974981,7056894.995825239
jid_901300,15160.0,393.0,1000,61,39390,61104,61166,JobState.COMPLETED,0,119.50033397541338,119.50033397541341,7289520.372500217
jid_901300,15160.0,393.0,1000,60,39390,61155,61216,JobState.COMPLETED,0,119.67820604931747,119.67820604931745,7180692.362959049
jid_901300,15160.0,393.0,1000,60,39390,61161,61222,JobState.COMPLETED,0,119.69518166093202,119.69518166093202,7181710.89965592
jid_901300,15160.0,393.0,1000,63,39390,61166,61230,JobState.COMPLETED,0,119.71811684453402,119.71811684453401,7542241.361205643
jid_901300,15160.0,393.0,1000,60,39390,61216,61277,JobState.COMPLETED,0,119.72632632250871,119.72632632250868,7183579.579350523
jid_901300,15160.0,393.0,1000,61,39390,61222,61284,JobState.COMPLETED,0,119.67549582469164,119.67549582469165,7300205.24530619
jid_901300,15160.0,393.0,1000,62,39390,61230,61293,JobState.COMPLETED,0,119.72542013386098,119.72542013386096,7422976.048299381
jid_901300,15160.0,393.0,1000,57,39390,61277,61335,JobState.COMPLETED,0,119.62562714847408,119.62562714847408,6818660.747463022
jid_901300,15160.0,393.0,1000,61,39390,61284,61346,JobState.COMPLETED,0,119.72087398365551,119.72087398365552,7302973.313002986
jid_901300,15160.0,393.0,1000,61,39390,61293,61355,JobState.COMPLETED,0,119.71769876700928,119.71769876700927,7302779.624787566
jid_901300,15160.0,393.0,1000,57,39390,61335,61393,JobState.COMPLETED,0,119.61220434380799,119.61220434380797,6817895.647597055
jid_901300,15160.0,393.0,1000,63,39390,61346,61410,JobState.COMPLETED,0,119.6726583919274,119.67265839192741,7539377.478691426
jid_901300,15160.0,393.0,1000,62,39390,61355,61418,JobState.COMPLETED,0,119.58507412059626,119.58507412059623,7414274.595476968
jid_901300,15160.0,393.0,1000,62,39390,61393,61456,JobState.COMPLETED,0,119.6577112921912,119.65771129219121,7418778.100115853
jid_901300,15160.0,393.0,1000,60,39390,61410,61471,JobState.COMPLETED,0,119.66198704996988,119.6619870499699,7179719.2229981925
jid_901300,15160.0,393.0,1000,63,39390,61418,61482,JobState.COMPLETED,0,119.5635418025894,119.56354180258938,7532503.133563132
jid_901300,15160.0,393.0,1000,60,39390,61456,61517,JobState.COMPLETED,0,119.65714916238389,119.65714916238389,7179428.949743033
jid_901300,15160.0,393.0,1000,61,39390,61471,61533,JobState.COMPLETED,0,119.6241504100902,119.62415041009018,7297073.175015502
jid_901300,15160.0,393.0,1000,64,39390,61482,61547,JobState.COMPLETED,0,119.76009996218887,119.76009996218889,7664646.397580088
jid_901300,15160.0,393.0,1000,61,39390,61517,61579,JobState.COMPLETED,0,119.71464549527595,119.71464549527595,7302593.375211833
jid_901300,15160.0,393.0,1000,62,39390,61533,61596,JobState.COMPLETED,0,119.74452853635871,119.74452853635871,7424160.76925424
jid_901300,15160.0,393.0,1000,61,39390,61547,61609,JobState.COMPLETED,0,119.7048823401055,119.7048823401055,7301997.822746435
jid_901300,15160.0,393.0,1000,60,39390,61579,61640,JobState.COMPLETED,0,119.72964091008062,119.72964091008062,7183778.454604837
jid_901300,15160.0,393.0,1000,62,39390,61596,61659,JobState.COMPLETED,0,119.72501279345921,119.72501279345921,7422950.793194471
jid_901300,15160.0,393.0,1000,60,39390,61609,61670,JobState.COMPLETED,0,119.67706903689935,119.67706903689935,7180624.142213961
jid_901300,15160.0,393.0,1000,59,39390,61640,61700,JobState.COMPLETED,0,119.70849275880715,119.70849275880717,7062801.072769622
jid_901300,15160.0,393.0,1000,60,39390,61659,61720,JobState.COMPLETED,0,119.64931525678547,119.64931525678546,7178958.915407129
jid_901300,15160.0,393.0,1000,60,39390,61670,61731,JobState.COMPLETED,0,119.62246965161908,119.62246965161908,7177348.179097146
jid_901300,15160.0,393.0,1000,62,39390,61700,61763,JobState.COMPLETED,0,119.45419618970585,119.45419618970585,7406160.163761763
jid_901300,15160.0,393.0,1000,61,39390,61720,61782,JobState.COMPLETED,0,119.55755625865083,119.55755625865083,7293010.931777701
jid_901300,15160.0,393.0,1000,59,39390,61731,61791,JobState.COMPLETED,0,119.65681871260226,119.65681871260226,7059752.304043533
jid_901300,15160.0,393.0,1000,60,39390,61763,61824,JobState.COMPLETED,0,119.6371666653011,119.63716666530111,7178229.999918066
jid_901300,15160.0,393.0,1000,61,39390,61782,61844,JobState.COMPLETED,0,119.52029354241469,119.5202935424147,7290737.906087296
jid_901300,15160.0,393.0,1000,59,39390,61791,61851,JobState.COMPLETED,0,119.73784067041807,119.73784067041807,7064532.599554665
jid_901300,15160.0,393.0,1000,60,39390,61824,61885,JobState.COMPLETED,0,119.64510924991886,119.64510924991887,7178706.554995132
jid_901300,15160.0,393.0,1000,59,39390,61844,61904,JobState.COMPLETED,0,119.66415367119312,119.66415367119312,7060185.0666003935
jid_901300,15160.0,393.0,1000,61,39390,61851,61913,JobState.COMPLETED,0,119.68142566374688,119.68142566374688,7300566.96548856
jid_901300,15160.0,393.0,1000,59,39390,61885,61945,JobState.COMPLETED,0,119.71618619115958,119.71618619115958,7063254.985278415
jid_901300,15160.0,393.0,1000,60,39390,61904,61965,JobState.COMPLETED,0,119.69703983313659,119.69703983313657,7181822.389988195
jid_901300,15160.0,393.0,1000,61,39390,61913,61975,JobState.COMPLETED,0,119.64143957585087,119.64143957585087,7298127.814126903
jid_901300,15160.0,393.0,1000,59,39390,61945,62005,JobState.COMPLETED,0,119.69472673395182,119.69472673395182,7061988.877303158
jid_901300,15160.0,393.0,1000,60,39390,61965,62026,JobState.COMPLETED,0,119.67646876793142,119.67646876793141,7180588.126075885
jid_901300,15160.0,393.0,1000,59,39390,61975,62035,JobState.COMPLETED,0,119.72157203131563,119.72157203131563,7063572.749847623
jid_901300,15160.0,393.0,1000,59,39390,62005,62065,JobState.COMPLETED,0,119.70322365730688,119.70322365730688,7062490.195781106
jid_901300,15160.0,393.0,1000,60,39390,62026,62087,JobState.COMPLETED,0,119.68000524620652,119.68000524620652,7180800.314772391
jid_901300,15160.0,393.0,1000,58,39390,62035,62094,JobState.COMPLETED,0,119.712053991101,119.71205399110102,6943299.131483858
jid_901300,15160.0,393.0,1000,60,39390,62065,62126,JobState.COMPLETED,0,119.69565506188759,119.6956550618876,7181739.303713256
jid_901300,15160.0,393.0,1000,60,39390,62087,62148,JobState.COMPLETED,0,119.7355956860782,119.73559568607821,7184135.741164693
jid_901300,15160.0,393.0,1000,61,39390,62094,62156,JobState.COMPLETED,0,119.63568913969715,119.63568913969716,7297777.037521526
jid_901300,15160.0,393.0,1000,59,39390,62126,62186,JobState.COMPLETED,0,119.64975120877084,119.64975120877085,7059335.32131748
jid_901300,15160.0,393.0,1000,64,39390,62148,62213,JobState.COMPLETED,0,119.13777807504798,119.13777807504796,7624817.79680307
jid_901300,15160.0,393.0,1000,59,39390,62156,62216,JobState.COMPLETED,0,119.73631237814274,119.73631237814274,7064442.430310422
jid_901300,15160.0,393.0,1000,60,39390,62186,62247,JobState.COMPLETED,0,119.72279085221972,119.72279085221973,7183367.451133183
jid_901300,15160.0,393.0,1000,61,39390,62213,62275,JobState.COMPLETED,0,119.73098938867824,119.73098938867825,7303590.3527093725
jid_901300,15160.0,393.0,1000,62,39390,62216,62279,JobState.COMPLETED,0,119.5904722428088,119.59047224280881,7414609.279054146
jid_901300,15160.0,393.0,1000,60,39390,62247,62308,JobState.COMPLETED,0,119.68350376424401,119.68350376424401,7181010.22585464
jid_901300,15160.0,393.0,1000,61,39390,62275,62337,JobState.COMPLETED,0,119.75771318055921,119.7577131805592,7305220.504014112
jid_901300,15160.0,393.0,1000,62,39390,62279,62342,JobState.COMPLETED,0,119.62825790843645,119.62825790843645,7416951.99032306
jid_901300,15160.0,393.0,1000,60,39390,62308,62369,JobState.COMPLETED,0,119.68442756163861,119.6844275616386,7181065.653698317
jid_901300,15160.0,393.0,1000,60,39390,62337,62398,JobState.COMPLETED,0,119.70912515471005,119.70912515471007,7182547.509282603
jid_901300,15160.0,393.0,1000,60,39390,62342,62403,JobState.COMPLETED,0,119.68561564925173,119.68561564925173,7181136.938955104
jid_901300,15160.0,393.0,1000,62,39390,62369,62432,JobState.COMPLETED,0,119.56519754093655,119.56519754093658,7413042.2475380665
jid_901300,15160.0,393.0,1000,60,39390,62398,62459,JobState.COMPLETED,0,119.73311128663168,119.73311128663168,7183986.6771979015
jid_901300,15160.0,393.0,1000,60,39390,62403,62464,JobState.COMPLETED,0,119.75283477770341,119.75283477770341,7185170.086662205
jid_901300,15160.0,393.0,1000,60,39390,62432,62493,JobState.COMPLETED,0,119.67694027091143,119.67694027091143,7180616.416254685
jid_901300,15160.0,393.0,1000,62,39390,62459,62522,JobState.COMPLETED,0,119.73639322237626,119.7363932223763,7423656.379787329
jid_901300,15160.0,393.0,1000,61,39390,62464,62526,JobState.COMPLETED,0,119.63291939547214,119.63291939547213,7297608.0831238
jid_901300,15160.0,393.0,1000,57,39390,62493,62551,JobState.COMPLETED,0,119.64914064923198,119.64914064923198,6820001.017006223
jid_901300,15160.0,393.0,1000,60,39390,62522,62583,JobState.COMPLETED,0,119.68677970868748,119.68677970868751,7181206.782521249
jid_901300,15160.0,393.0,1000,59,39390,62526,62586,JobState.COMPLETED,0,119.71810530908643,119.71810530908643,7063368.213236099
jid_901300,15160.0,393.0,1000,58,39390,62551,62610,JobState.COMPLETED,0,119.76771124243737,119.76771124243737,6946527.252061367
jid_901300,15160.0,393.0,1000,60,39390,62583,62644,JobState.COMPLETED,0,119.73112175298655,119.73112175298654,7183867.305179193
jid_901300,15160.0,393.0,1000,60,39390,62586,62647,JobState.COMPLETED,0,119.70301402421991,119.70301402421988,7182180.841453195
jid_901300,15160.0,393.0,1000,55,39390,62610,62666,JobState.COMPLETED,0,119.6810699117662,119.6810699117662,6582458.845147141
jid_901300,15160.0,393.0,1000,59,39390,62647,62707,JobState.COMPLETED,0,119.70339122630931,119.7033912263093,7062500.082352249
jid_901300,15160.0,393.0,1000,63,39390,62644,62708,JobState.COMPLETED,0,119.65811578254193,119.65811578254193,7538461.294300141
jid_901300,15160.0,393.0,1000,61,39390,62666,62728,JobState.COMPLETED,0,119.66917377829212,119.6691737782921,7299819.600475819
jid_901300,15160.0,393.0,1000,61,39390,62707,62769,JobState.COMPLETED,0,119.69010378932956,119.69010378932958,7301096.331149103
jid_901300,15160.0,393.0,1000,60,39390,62708,62769,JobState.COMPLETED,0,119.66672876906723,119.66672876906726,7180003.7261440335
jid_901300,15160.0,393.0,1000,60,39390,62728,62789,JobState.COMPLETED,0,119.64235681922666,119.64235681922669,7178541.409153599
jid_901300,15160.0,393.0,1000,61,39390,62769,62831,JobState.COMPLETED,0,119.66169942314772,119.66169942314774,7299363.664812011
jid_901300,15160.0,393.0,1000,61,39390,62769,62831,JobState.COMPLETED,0,119.60348413949612,119.60348413949612,7295812.532509264
jid_901300,15160.0,393.0,1000,62,39390,62789,62852,JobState.COMPLETED,0,119.53122420376508,119.53122420376509,7410935.900633435
jid_901300,15160.0,393.0,1000,62,39390,62831,62894,JobState.COMPLETED,0,119.53471842912492,119.53471842912494,7411152.542605745
jid_901300,15160.0,393.0,1000,63,39390,62831,62895,JobState.COMPLETED,0,119.67067585755467,119.67067585755467,7539252.579025944
jid_901300,15160.0,393.0,1000,60,39390,62852,62913,JobState.COMPLETED,0,119.60750641691764,119.60750641691763,7176450.385015058
jid_901300,15160.0,393.0,1000,62,39390,62894,62957,JobState.COMPLETED,0,119.64567930741083,119.64567930741083,7418032.117059472
jid_901300,15160.0,393.0,1000,63,39390,62895,62959,JobState.COMPLETED,0,119.60865225492002,119.60865225492005,7535345.092059961
jid_901300,15160.0,393.0,1000,60,39390,62913,62974,JobState.COMPLETED,0,119.58880055456223,119.58880055456223,7175328.033273734
jid_901300,15160.0,393.0,1000,61,39390,62957,63019,JobState.COMPLETED,0,119.52088245499922,119.52088245499921,7290773.829754953
jid_901300,15160.0,393.0,1000,61,39390,62959,63021,JobState.COMPLETED,0,119.65104331540792,119.6510433154079,7298713.642239883
jid_901300,15160.0,393.0,1000,62,39390,62974,63037,JobState.COMPLETED,0,119.43396854352,119.43396854352001,7404906.04969824
jid_901300,15160.0,393.0,1000,63,39390,63019,63083,JobState.COMPLETED,0,119.5245105197488,119.5245105197488,7530044.162744174
jid_901300,15160.0,393.0,1000,64,39390,63021,63086,JobState.COMPLETED,0,119.23677632249974,119.23677632249974,7631153.684639983
jid_901300,15160.0,393.0,1000,60,39390,63037,63098,JobState.COMPLETED,0,119.53335450388198,119.53335450388198,7172001.270232919
jid_901300,15160.0,393.0,1000,61,39390,63083,63145,JobState.COMPLETED,0,119.61672672886749,119.61672672886748,7296620.330460917
jid_901300,15160.0,393.0,1000,61,39390,63086,63148,JobState.COMPLETED,0,119.48327442718843,119.48327442718843,7288479.740058495
jid_901300,15160.0,393.0,1000,62,39390,63098,63161,JobState.COMPLETED,0,119.4923673766104,119.4923673766104,7408526.7773498455
jid_901300,15160.0,393.0,1000,61,39390,63145,63207,JobState.COMPLETED,0,119.52392505994159,119.52392505994159,7290959.428656437
jid_901300,15160.0,393.0,1000,61,39390,63148,63210,JobState.COMPLETED,0,119.50701239227809,119.5070123922781,7289927.755928963
jid_901300,15160.0,393.0,1000,61,39390,63161,63223,JobState.COMPLETED,0,119.5007249028622,119.5007249028622,7289544.219074595
jid_901300,15160.0,393.0,1000,62,39390,63207,63270,JobState.COMPLETED,0,119.4423336162305,119.4423336162305,7405424.684206291
jid_901300,15160.0,393.0,1000,62,39390,63210,63273,JobState.COMPLETED,0,119.5383077064289,119.53830770642887,7411375.077798592
jid_901300,15160.0,393.0,1000,63,39390,63223,63287,JobState.COMPLETED,0,119.36453865589748,119.36453865589746,7519965.9353215415
jid_901300,15160.0,393.0,1000,64,39390,63270,63335,JobState.COMPLETED,0,119.3776123632287,119.3776123632287,7640167.191246637
jid_901300,15160.0,393.0,1000,63,39390,63273,63337,JobState.COMPLETED,0,119.38555378604835,119.38555378604836,7521289.888521046
jid_901300,15160.0,393.0,1000,63,39390,63287,63351,JobState.COMPLETED,0,119.37243502884346,119.37243502884346,7520463.406817138
jid_901300,15160.0,393.0,1000,62,39390,63335,63398,JobState.COMPLETED,0,119.39807466131958,119.39807466131955,7402680.629001814
jid_901300,15160.0,393.0,1000,61,39390,63337,63399,JobState.COMPLETED,0,119.48193788973298,119.48193788973296,7288398.211273711
jid_901300,15160.0,393.0,1000,64,39390,63351,63416,JobState.COMPLETED,0,119.4295709164147,119.42957091641469,7643492.538650541
jid_901300,15160.0,393.0,1000,62,39390,63398,63461,JobState.COMPLETED,0,119.5325728847894,119.53257288478939,7411019.518856944
jid_901300,15160.0,393.0,1000,66,39390,63399,63466,JobState.COMPLETED,0,119.258138811223,119.25813881122303,7871037.161540719
jid_901300,15160.0,393.0,1000,62,39390,63416,63479,JobState.COMPLETED,0,119.46055380869996,119.46055380869997,7406554.336139398
jid_901300,15160.0,393.0,1000,62,39390,63461,63524,JobState.COMPLETED,0,119.51954940977902,119.51954940977902,7410212.0634063
jid_901300,15160.0,393.0,1000,65,39390,63466,63532,JobState.COMPLETED,0,119.3138290190314,119.31382901903142,7755398.886237041
jid_901300,15160.0,393.0,1000,60,39390,63479,63540,JobState.COMPLETED,0,119.58218577646707,119.58218577646706,7174931.146588025
jid_901300,15160.0,393.0,1000,64,39390,63524,63589,JobState.COMPLETED,0,119.31334007583291,119.31334007583291,7636053.764853306
jid_901300,15160.0,393.0,1000,62,39390,63532,63595,JobState.COMPLETED,0,119.51188717962427,119.51188717962422,7409737.005136704
jid_901300,15160.0,393.0,1000,62,39390,63540,63603,JobState.COMPLETED,0,119.43670087612628,119.43670087612627,7405075.454319829
jid_901300,15160.0,393.0,1000,61,39390,63589,63651,JobState.COMPLETED,0,119.5441828203066,119.54418282030659,7292195.152038703
jid_901300,15160.0,393.0,1000,61,39390,63595,63657,JobState.COMPLETED,0,119.55822719153694,119.55822719153696,7293051.858683754
jid_901300,15160.0,393.0,1000,61,39390,63603,63665,JobState.COMPLETED,0,119.60152060606225,119.60152060606225,7295692.756969797
jid_901300,15160.0,393.0,1000,62,39390,63651,63714,JobState.COMPLETED,0,119.55227876044832,119.5522787604483,7412241.283147796
jid_901300,15160.0,393.0,1000,63,39390,63657,63721,JobState.COMPLETED,0,119.4516242315739,119.45162423157392,7525452.326589156
jid_901300,15160.0,393.0,1000,63,39390,63665,63729,JobState.COMPLETED,0,119.4767793390232,119.47677933902322,7527037.098358462
jid_901300,15160.0,393.0,1000,62,39390,63714,63777,JobState.COMPLETED,0,119.59635666743425,119.59635666743426,7414974.113380924
jid_901300,15160.0,393.0,1000,61,39390,63721,63783,JobState.COMPLETED,0,119.63000497955909,119.63000497955908,7297430.303753104
jid_901300,15160.0,393.0,1000,64,39390,63729,63794,JobState.COMPLETED,0,119.59476387624922,119.59476387624922,7654064.88807995
jid_901300,15160.0,393.0,1000,63,39390,63777,63841,JobState.COMPLETED,0,119.61430044124718,119.61430044124718,7535700.927798573
jid_901300,15160.0,393.0,1000,62,39390,63783,63846,JobState.COMPLETED,0,119.55366252987702,119.553662529877,7412327.076852376
jid_901300,15160.0,393.0,1000,57,39390,63794,63852,JobState.COMPLETED,0,119.5325546954854,119.53255469548542,6813355.617642668
jid_901300,15160.0,393.0,1000,63,39390,63841,63905,JobState.COMPLETED,0,119.50865159803935,119.50865159803936,7529045.050676479
jid_901300,15160.0,393.0,1000,61,39390,63846,63908,JobState.COMPLETED,0,119.53863616852884,119.53863616852885,7291856.806280259
jid_901300,15160.0,393.0,1000,62,39390,63852,63915,JobState.COMPLETED,0,119.53172528549983,119.53172528549983,7410966.96770099
jid_901300,15160.0,393.0,1000,57,39390,63908,63966,JobState.COMPLETED,0,119.5284759228241,119.5284759228241,6813123.1276009735
jid_901300,15160.0,393.0,1000,61,39390,63905,63967,JobState.COMPLETED,0,119.55769036057222,119.55769036057224,7293019.111994906
jid_901300,15160.0,393.0,1000,63,39390,63915,63979,JobState.COMPLETED,0,119.58540712933954,119.58540712933956,7533880.649148391
jid_901300,15160.0,393.0,1000,62,39390,63966,64029,JobState.COMPLETED,0,119.62882695061623,119.62882695061626,7416987.270938206
jid_901300,15160.0,393.0,1000,62,39390,63967,64030,JobState.COMPLETED,0,119.56277896405976,119.56277896405976,7412892.295771705
jid_901300,15160.0,393.0,1000,63,39390,63979,64043,JobState.COMPLETED,0,119.52834739133004,119.52834739133003,7530285.885653793
jid_901300,15160.0,393.0,1000,62,39390,64029,64092,JobState.COMPLETED,0,119.57577386131753,119.57577386131753,7413697.979401687
jid_901300,15160.0,393.0,1000,62,39390,64030,64093,JobState.COMPLETED,0,119.52646558874915,119.52646558874915,7410640.866502447
jid_901300,15160.0,393.0,1000,61,39390,64043,64105,JobState.COMPLETED,0,119.53216001544855,119.53216001544854,7291461.760942362
jid_901300,15160.0,393.0,1000,65,39390,64092,64158,JobState.COMPLETED,0,119.55506633271311,119.55506633271311,7771079.311626352
jid_901300,15160.0,393.0,1000,64,39390,64093,64158,JobState.COMPLETED,0,119.38796430771461,119.38796430771463,7640829.7156937355
jid_901300,15160.0,393.0,1000,60,39390,64105,64166,JobState.COMPLETED,0,119.55676230302662,119.5567623030266,7173405.738181598
jid_901300,15160.0,393.0,1000,60,39390,64158,64219,JobState.COMPLETED,0,119.58729216361625,119.58729216361624,7175237.529816976
jid_901300,15160.0,393.0,1000,62,39390,64158,64221,JobState.COMPLETED,0,119.57521751068603,119.57521751068606,7413663.485662534
jid_901300,15160.0,393.0,1000,60,39390,64166,64227,JobState.COMPLETED,0,119.65996406492334,119.65996406492334,7179597.843895401
jid_904010,108.0,251.0,1,155,64125,64125,64281,JobState.COMPLETED,0,129.31054743002477,129.31054743002474,20043.13485165384
jid_901300,15160.0,393.0,1000,62,39390,64219,64282,JobState.COMPLETED,0,119.42880558307402,119.42880558307404,7404585.94615059
jid_901300,15160.0,393.0,1000,61,39390,64221,64283,JobState.COMPLETED,0,119.53022565788777,119.53022565788777,7291343.765131154
jid_901300,15160.0,393.0,1000,62,39390,64227,64290,JobState.COMPLETED,0,119.66005845110645,119.66005845110647,7418923.623968599
jid_901300,15160.0,393.0,1000,62,39390,64282,64345,JobState.COMPLETED,0,119.56343737539662,119.56343737539662,7412933.117274591
jid_901300,15160.0,393.0,1000,61,39390,64283,64345,JobState.COMPLETED,0,119.5664495082805,119.5664495082805,7293553.420005111
jid_901300,15160.0,393.0,1000,62,39390,64290,64353,JobState.COMPLETED,0,119.64297358175064,119.64297358175064,7417864.3620685395
jid_901300,15160.0,393.0,1000,60,39390,64345,64406,JobState.COMPLETED,0,119.54714594881561,119.54714594881561,7172828.756928937
jid_901300,15160.0,393.0,1000,63,39390,64345,64409,JobState.COMPLETED,0,119.67625463658618,119.67625463658618,7539604.04210493
jid_901300,15160.0,393.0,1000,60,39390,64353,64414,JobState.COMPLETED,0,119.69141527213995,119.69141527213995,7181484.916328397
jid_901300,15160.0,393.0,1000,60,39390,64406,64467,JobState.COMPLETED,0,119.64073416868841,119.64073416868841,7178444.050121305
jid_901300,15160.0,393.0,1000,60,39390,64409,64470,JobState.COMPLETED,0,119.66229480412727,119.66229480412726,7179737.688247637
jid_901300,15160.0,393.0,1000,60,39390,64414,64475,JobState.COMPLETED,0,119.6307237552961,119.6307237552961,7177843.425317766
jid_901300,15160.0,393.0,1000,60,39390,64467,64528,JobState.COMPLETED,0,119.67128249883292,119.67128249883292,7180276.949929976
jid_901300,15160.0,393.0,1000,60,39390,64470,64531,JobState.COMPLETED,0,119.59666095768559,119.5966609576856,7175799.657461136
jid_901300,15160.0,393.0,1000,60,39390,64475,64536,JobState.COMPLETED,0,119.50255282932156,119.50255282932154,7170153.169759294
jid_901300,15160.0,393.0,1000,61,39390,64528,64590,JobState.COMPLETED,0,119.63284304231614,119.63284304231614,7297603.425581285
jid_892260,15160.0,393.0,1000,72,40887,64590,64663,JobState.COMPLETED,0,119.35683618496893,119.35683618496891,8593692.205317762
jid_892260,15160.0,393.0,1000,72,40887,64663,64736,JobState.COMPLETED,0,119.31865471305001,119.31865471305001,8590943.139339602
jid_892260,15160.0,393.0,1000,73,40887,64736,64810,JobState.COMPLETED,0,119.3294157583541,119.3294157583541,8711047.35035985
jid_892260,15160.0,393.0,1000,74,40887,64810,64885,JobState.COMPLETED,0,119.26260739170938,119.2626073917094,8825432.946986493
jid_892260,15160.0,393.0,1000,75,40887,64885,64961,JobState.COMPLETED,0,119.24008165162756,119.24008165162756,8943006.123872066
jid_892260,15160.0,393.0,1000,75,40887,64961,65037,JobState.COMPLETED,0,119.34737287264083,119.34737287264082,8951052.965448063
jid_901469,14997.0,393.0,2002,505,39476,64536,65042,JobState.COMPLETED,0,139.66916833280754,139.6691683328076,141206925.87615174
jid_892260,15160.0,393.0,1000,75,40887,65037,65113,JobState.COMPLETED,0,119.24630580593717,119.24630580593717,8943472.935445288
jid_892260,15160.0,393.0,1000,75,40887,65042,65118,JobState.COMPLETED,0,119.26973419905735,119.26973419905737,8945230.0649293
jid_892260,15160.0,393.0,1000,76,40887,65042,65119,JobState.COMPLETED,0,119.29920034663995,119.29920034663994,9066739.226344636
jid_892260,15160.0,393.0,1000,79,40887,65113,65193,JobState.COMPLETED,0,119.23826316851378,119.23826316851381,9419822.790312588
jid_892260,15160.0,393.0,1000,73,40887,65119,65193,JobState.COMPLETED,0,119.31002185473722,119.31002185473723,8709631.595395816
jid_892260,15160.0,393.0,1000,78,40887,65118,65197,JobState.COMPLETED,0,119.25122767883735,119.25122767883734,9301595.758949313
jid_892260,15160.0,393.0,1000,67,40887,65197,65265,JobState.COMPLETED,0,119.07806462607886,119.07806462607888,7978230.3299472835
jid_892260,15160.0,393.0,1000,77,40887,65193,65271,JobState.COMPLETED,0,119.29587286411099,119.295872864111,9185782.210536547
jid_892260,15160.0,393.0,1000,78,40887,65193,65272,JobState.COMPLETED,0,119.33654303026502,119.33654303026502,9308250.356360672
jid_892260,15160.0,393.0,1000,68,40887,65265,65334,JobState.COMPLETED,0,119.19064580211995,119.19064580211992,8104963.914544156
jid_892260,15160.0,393.0,1000,69,40887,65271,65341,JobState.COMPLETED,0,119.18914934337928,119.18914934337926,8224051.30469317
jid_892260,15160.0,393.0,1000,69,40887,65272,65342,JobState.COMPLETED,0,119.04382350646155,119.04382350646154,8214023.821945846
jid_892260,15160.0,393.0,1000,70,40887,65334,65405,JobState.COMPLETED,0,119.20246720827919,119.20246720827922,8344172.704579543
jid_892260,15160.0,393.0,1000,70,40887,65341,65412,JobState.COMPLETED,0,119.14422077856456,119.14422077856456,8340095.4544995185
jid_892260,15160.0,393.0,1000,71,40887,65342,65414,JobState.COMPLETED,0,119.1226214441542,119.12262144415422,8457706.122534947
jid_892260,15160.0,393.0,1000,70,40887,65405,65476,JobState.COMPLETED,0,119.08477107156675,119.08477107156676,8335933.975009673
jid_892260,15160.0,393.0,1000,69,40887,65412,65482,JobState.COMPLETED,0,119.23290235171184,119.23290235171183,8227070.262268117
jid_892260,15160.0,393.0,1000,72,40887,65414,65487,JobState.COMPLETED,0,119.28943438464577,119.28943438464577,8588839.275694495
jid_892260,15160.0,393.0,1000,73,40887,65476,65550,JobState.COMPLETED,0,119.14777102878105,119.14777102878102,8697787.285101017
jid_892260,15160.0,393.0,1000,73,40887,65482,65556,JobState.COMPLETED,0,118.71596229594994,118.71596229594994,8666265.247604346
jid_892260,15160.0,393.0,1000,70,40887,65487,65558,JobState.COMPLETED,0,119.17627584241414,119.17627584241414,8342339.308968991
jid_892260,15160.0,393.0,1000,74,40887,65550,65625,JobState.COMPLETED,0,119.13520731292431,119.1352073129243,8816005.341156399
jid_892260,15160.0,393.0,1000,71,40887,65556,65628,JobState.COMPLETED,0,119.18332227029514,119.18332227029515,8462015.881190956
jid_892260,15160.0,393.0,1000,72,40887,65558,65631,JobState.COMPLETED,0,119.18010487908721,119.18010487908722,8580967.55129428
jid_892260,15160.0,393.0,1000,73,40887,65625,65699,JobState.COMPLETED,0,119.14776767337588,119.14776767337588,8697787.040156439
jid_892260,15160.0,393.0,1000,72,40887,65628,65701,JobState.COMPLETED,0,119.06994684796607,119.06994684796607,8573036.173053557
jid_892260,15160.0,393.0,1000,73,40887,65631,65705,JobState.COMPLETED,0,119.131470256742,119.13147025674202,8696597.328742165
jid_892260,15160.0,393.0,1000,68,40887,65701,65770,JobState.COMPLETED,0,119.1928418057209,119.19284180572087,8105113.242789022
jid_892260,15160.0,393.0,1000,73,40887,65699,65773,JobState.COMPLETED,0,119.17475046358865,119.17475046358867,8699756.783841971
jid_892260,15160.0,393.0,1000,75,40887,65705,65781,JobState.COMPLETED,0,119.14125583499532,119.14125583499533,8935594.187624648
jid_892260,15160.0,393.0,1000,75,40887,65770,65846,JobState.COMPLETED,0,118.96258136035736,118.96258136035736,8922193.602026802
jid_892260,15160.0,393.0,1000,73,40887,65773,65847,JobState.COMPLETED,0,119.12133280003702,119.12133280003704,8695857.294402702
jid_892260,15160.0,393.0,1000,76,40887,65781,65858,JobState.COMPLETED,0,119.2779133713904,119.27791337139037,9065121.416225672
jid_892260,15160.0,393.0,1000,66,40887,65847,65914,JobState.COMPLETED,0,119.28956433680038,119.2895643368004,7873111.246228825
jid_892260,15160.0,393.0,1000,72,40887,65846,65919,JobState.COMPLETED,0,119.16488795147764,119.16488795147762,8579871.93250639
jid_892260,15160.0,393.0,1000,74,40887,65858,65933,JobState.COMPLETED,0,119.11493727217544,119.11493727217544,8814505.358140983
jid_892260,15160.0,393.0,1000,74,40887,65914,65989,JobState.COMPLETED,0,119.22383153064294,119.22383153064295,8822563.533267578
jid_892260,15160.0,393.0,1000,71,40887,65919,65991,JobState.COMPLETED,0,119.28279955467858,119.28279955467856,8469078.768382179
jid_892260,15160.0,393.0,1000,74,40887,65933,66008,JobState.COMPLETED,0,119.26999789689712,119.26999789689711,8825979.844370387
jid_892260,15160.0,393.0,1000,70,40887,65989,66060,JobState.COMPLETED,0,119.40761584248926,119.40761584248924,8358533.108974248
jid_892260,15160.0,393.0,1000,75,40887,65991,66067,JobState.COMPLETED,0,119.30435429476378,119.3043542947638,8947826.572107283
jid_892260,15160.0,393.0,1000,69,40887,66008,66078,JobState.COMPLETED,0,119.33668801138141,119.33668801138141,8234231.472785317
jid_892260,15160.0,393.0,1000,75,40887,66060,66136,JobState.COMPLETED,0,119.0585064925423,119.05850649254228,8929387.986940674
jid_892260,15160.0,393.0,1000,71,40887,66067,66139,JobState.COMPLETED,0,119.24003380826103,119.24003380826102,8466042.400386535
jid_892260,15160.0,393.0,1000,70,40887,66078,66149,JobState.COMPLETED,0,119.33922142144885,119.33922142144884,8353745.499501419
jid_892260,15160.0,393.0,1000,73,40887,66136,66210,JobState.COMPLETED,0,119.31870233500001,119.318702335,8710265.270455
jid_892260,15160.0,393.0,1000,71,40887,66139,66211,JobState.COMPLETED,0,119.36815855191324,119.36815855191325,8475139.25718584
jid_892260,15160.0,393.0,1000,74,40887,66149,66224,JobState.COMPLETED,0,119.30337551023486,119.30337551023486,8828449.78775738
jid_892260,15160.0,393.0,1000,73,40887,66210,66284,JobState.COMPLETED,0,119.31297709869335,119.31297709869334,8709847.328204615
jid_892260,15160.0,393.0,1000,75,40887,66211,66287,JobState.COMPLETED,0,119.34956923289842,119.34956923289842,8951217.692467382
jid_892260,15160.0,393.0,1000,72,40887,66224,66297,JobState.COMPLETED,0,119.35559471639667,119.35559471639668,8593602.819580559
jid_892260,15160.0,393.0,1000,73,40887,66284,66358,JobState.COMPLETED,0,119.39176767047307,119.39176767047307,8715599.039944535
jid_892260,15160.0,393.0,1000,73,40887,66287,66361,JobState.COMPLETED,0,119.31741497170626,119.31741497170628,8710171.292934556
jid_892260,15160.0,393.0,1000,73,40887,66297,66371,JobState.COMPLETED,0,119.36718195035073,119.36718195035071,8713804.282375602
jid_892260,15160.0,393.0,1000,74,40887,66358,66433,JobState.COMPLETED,0,119.29373351059448,119.29373351059449,8827736.27978399
jid_892260,15160.0,393.0,1000,75,40887,66361,66437,JobState.COMPLETED,0,119.34082433678257,119.34082433678257,8950561.825258695
jid_892260,15160.0,393.0,1000,70,40887,66371,66442,JobState.COMPLETED,0,119.39659300742092,119.39659300742095,8357761.510519464
jid_892260,15160.0,393.0,1000,75,40887,66433,66509,JobState.COMPLETED,0,119.33073380145608,119.33073380145609,8949805.035109205
jid_892260,15160.0,393.0,1000,73,40887,66437,66511,JobState.COMPLETED,0,119.3494569563606,119.34945695636057,8712510.357814325
jid_892260,15160.0,393.0,1000,75,40887,66442,66518,JobState.COMPLETED,0,119.33310750011265,119.33310750011266,8949983.062508449
jid_892260,15160.0,393.0,1000,77,40887,66509,66587,JobState.COMPLETED,0,119.3933400303826,119.39334003038259,9193287.18233946
jid_892260,15160.0,393.0,1000,79,40887,66511,66591,JobState.COMPLETED,0,119.36173864743017,119.36173864743014,9429577.353146983
jid_892260,15160.0,393.0,1000,77,40887,66518,66596,JobState.COMPLETED,0,119.37044019158868,119.37044019158867,9191523.89475233
jid_892260,15160.0,393.0,1000,75,40887,66587,66663,JobState.COMPLETED,0,119.40346153207867,119.40346153207865,8955259.6149059
jid_892260,15160.0,393.0,1000,77,40887,66591,66669,JobState.COMPLETED,0,119.31137685360014,119.31137685360014,9186976.017727211
jid_892260,15160.0,393.0,1000,77,40887,66596,66674,JobState.COMPLETED,0,119.39108131963937,119.39108131963938,9193113.261612233
jid_892260,15160.0,393.0,1000,70,40887,66663,66734,JobState.COMPLETED,0,119.36064465828098,119.36064465828096,8355245.126079668
jid_892260,15160.0,393.0,1000,71,40887,66669,66741,JobState.COMPLETED,0,119.3630816437629,119.3630816437629,8474778.796707164
jid_892260,15160.0,393.0,1000,73,40887,66674,66748,JobState.COMPLETED,0,119.34689262771748,119.34689262771748,8712323.161823377
jid_892260,15160.0,393.0,1000,64,40887,66734,66799,JobState.COMPLETED,0,119.14756340179373,119.14756340179373,7625444.0577147985
jid_892260,15160.0,393.0,1000,66,40887,66741,66808,JobState.COMPLETED,0,119.34636516539929,119.3463651653993,7876860.100916353
jid_892260,15160.0,393.0,1000,67,40887,66748,66816,JobState.COMPLETED,0,119.28610442590845,119.28610442590846,7992168.9965358665
jid_892260,15160.0,393.0,1000,68,40887,66799,66868,JobState.COMPLETED,0,119.24046899408694,119.24046899408694,8108351.891597912
jid_892260,15160.0,393.0,1000,69,40887,66808,66878,JobState.COMPLETED,0,119.28820422320543,119.28820422320541,8230886.091401175
jid_892260,15160.0,393.0,1000,68,40887,66816,66885,JobState.COMPLETED,0,119.31700815247606,119.31700815247606,8113556.554368372
jid_892260,15160.0,393.0,1000,67,40887,66868,66936,JobState.COMPLETED,0,119.2416341307132,119.24163413071321,7989189.486757784
jid_892260,15160.0,393.0,1000,69,40887,66878,66948,JobState.COMPLETED,0,119.23371189484618,119.23371189484618,8227126.120744386
jid_892260,15160.0,393.0,1000,70,40887,66885,66956,JobState.COMPLETED,0,119.21048254477604,119.21048254477604,8344733.778134323
jid_892260,15160.0,393.0,1000,71,40887,66936,67008,JobState.COMPLETED,0,119.35680895955045,119.35680895955045,8474333.436128082
jid_892260,15160.0,393.0,1000,69,40887,66948,67018,JobState.COMPLETED,0,119.28132151156107,119.28132151156109,8230411.184297714
jid_892260,15160.0,393.0,1000,69,40887,66956,67026,JobState.COMPLETED,0,119.2176883306763,119.2176883306763,8226020.494816665
jid_904447,108.0,251.0,1,13,67065,67065,67079,JobState.COMPLETED,0,139.99169730710537,139.99169730710537,1819.8920649923698
jid_892260,15160.0,393.0,1000,71,40887,67008,67080,JobState.COMPLETED,0,119.24058518994366,119.24058518994364,8466081.548486
jid_892260,15160.0,393.0,1000,71,40887,67018,67090,JobState.COMPLETED,0,119.08663788752258,119.08663788752258,8455151.290014105
jid_892260,15160.0,393.0,1000,75,40887,67026,67102,JobState.COMPLETED,0,119.38493300097598,119.38493300097596,8953869.975073198
jid_892260,15160.0,393.0,1000,68,40887,67080,67149,JobState.COMPLETED,0,119.3137474836396,119.31374748363959,8113334.828887493
jid_892260,15160.0,393.0,1000,76,40887,67090,67167,JobState.COMPLETED,0,119.36115633603987,119.36115633603987,9071447.88153903
jid_892260,15160.0,393.0,1000,77,40887,67102,67180,JobState.COMPLETED,0,119.35859479042401,119.35859479042401,9190611.79886265
jid_892260,15160.0,393.0,1000,71,40887,67149,67221,JobState.COMPLETED,0,119.27928929559941,119.2792892955994,8468829.539987558
jid_892260,15160.0,393.0,1000,80,40887,67167,67248,JobState.COMPLETED,0,119.29710699078616,119.29710699078616,9543768.559262894
jid_892260,15160.0,393.0,1000,81,40887,67180,67262,JobState.COMPLETED,0,119.34582272567077,119.34582272567079,9667011.640779331
jid_892260,15160.0,393.0,1000,81,40887,67221,67303,JobState.COMPLETED,0,119.2809678497546,119.28096784975459,9661758.395830123
jid_892260,15160.0,393.0,1000,82,40887,67248,67331,JobState.COMPLETED,0,119.2405557570041,119.24055575700413,9777725.572074337
jid_892260,15160.0,393.0,1000,81,40887,67262,67344,JobState.COMPLETED,0,119.24090449931656,119.24090449931656,9658513.26444464
jid_892260,15160.0,393.0,1000,76,40887,67303,67380,JobState.COMPLETED,0,119.22826863841232,119.2282686384123,9061348.416519336
jid_892260,15160.0,393.0,1000,84,40887,67331,67416,JobState.COMPLETED,0,119.0984107620633,119.0984107620633,10004266.504013317
jid_892260,15160.0,393.0,1000,83,40887,67344,67428,JobState.COMPLETED,0,119.12821582638666,119.12821582638666,9887641.913590092
jid_892260,15160.0,393.0,1000,76,40887,67380,67457,JobState.COMPLETED,0,119.22008422738979,119.2200842273898,9060726.401281625
jid_892260,15160.0,393.0,1000,85,40887,67416,67502,JobState.COMPLETED,0,119.06271032657837,119.06271032657835,10120330.37775916
jid_892260,15160.0,393.0,1000,76,40887,67428,67505,JobState.COMPLETED,0,119.14880836355603,119.14880836355603,9055309.435630258
jid_892260,15160.0,393.0,1000,83,40887,67457,67541,JobState.COMPLETED,0,119.13737401533788,119.13737401533788,9888402.043273045
jid_892260,15160.0,393.0,1000,84,40887,67502,67587,JobState.COMPLETED,0,119.06655302653901,119.066553026539,10001590.454229277
jid_892260,15160.0,393.0,1000,83,40887,67505,67589,JobState.COMPLETED,0,119.05200176339552,119.05200176339551,9881316.14636183
jid_904491,108.0,251.0,1,12,67578,67578,67591,JobState.COMPLETED,0,137.86879609003452,137.86879609003452,1654.4255530804144
jid_892260,15160.0,393.0,1000,81,40887,67541,67623,JobState.COMPLETED,0,119.30598906874258,119.30598906874255,9663785.11456815
jid_892260,15160.0,393.0,1000,77,40887,67587,67665,JobState.COMPLETED,0,119.09464503442308,119.09464503442307,9170287.667650577
jid_892260,15160.0,393.0,1000,77,40887,67589,67667,JobState.COMPLETED,0,119.0491398309589,119.0491398309589,9166783.766983835
jid_892260,15160.0,393.0,1000,77,40887,67623,67701,JobState.COMPLETED,0,119.08423925838947,119.08423925838947,9169486.422895988
jid_892260,15160.0,393.0,1000,83,40887,67665,67749,JobState.COMPLETED,0,119.07268902039728,119.07268902039729,9883033.188692974
jid_892260,15160.0,393.0,1000,84,40887,67667,67752,JobState.COMPLETED,0,119.00092465422522,119.00092465422522,9996077.670954917
jid_892260,15160.0,393.0,1000,78,40887,67701,67780,JobState.COMPLETED,0,119.09412273383607,119.09412273383607,9289341.573239213
jid_892260,15160.0,393.0,1000,81,40887,67749,67831,JobState.COMPLETED,0,119.08762834131488,119.08762834131488,9646097.895646507
jid_892260,15160.0,393.0,1000,83,40887,67752,67836,JobState.COMPLETED,0,119.03396420231465,119.03396420231465,9879819.028792115
jid_892260,15160.0,393.0,1000,79,40887,67780,67860,JobState.COMPLETED,0,118.95635606662933,118.95635606662934,9397552.129263718
jid_892260,15160.0,393.0,1000,77,40887,67831,67909,JobState.COMPLETED,0,119.14110765043486,119.14110765043488,9173865.289083485
jid_892260,15160.0,393.0,1000,80,40887,67836,67917,JobState.COMPLETED,0,119.31038507623228,119.31038507623228,9544830.806098582
jid_892260,15160.0,393.0,1000,79,40887,67860,67940,JobState.COMPLETED,0,119.25960135585743,119.25960135585741,9421508.507112736
jid_892260,15160.0,393.0,1000,68,40887,67917,67986,JobState.COMPLETED,0,119.29293617737993,119.29293617737994,8111919.660061835
jid_892260,15160.0,393.0,1000,79,40887,67909,67989,JobState.COMPLETED,0,119.16947434138835,119.16947434138837,9414388.472969681
jid_892260,15160.0,393.0,1000,68,40887,67940,68009,JobState.COMPLETED,0,119.3968743535071,119.39687435350712,8118987.456038483
jid_892260,15160.0,393.0,1000,67,40887,67986,68054,JobState.COMPLETED,0,119.32273825470554,119.32273825470554,7994623.463065271
jid_892260,15160.0,393.0,1000,69,40887,67989,68059,JobState.COMPLETED,0,119.30717195011572,119.30717195011572,8232194.864557985
jid_892260,15160.0,393.0,1000,66,40887,68009,68076,JobState.COMPLETED,0,119.30656446868109,119.30656446868106,7874233.254932952
jid_892260,15160.0,393.0,1000,69,40887,68054,68124,JobState.COMPLETED,0,119.3645755002403,119.36457550024029,8236155.709516581
jid_892260,15160.0,393.0,1000,68,40887,68059,68128,JobState.COMPLETED,0,119.33819597629095,119.33819597629093,8114997.326387784
jid_892260,15160.0,393.0,1000,70,40887,68076,68147,JobState.COMPLETED,0,119.34546839401862,119.34546839401864,8354182.787581303
jid_892260,15160.0,393.0,1000,71,40887,68124,68196,JobState.COMPLETED,0,119.3281236274734,119.32812362747343,8472296.777550612
jid_892260,15160.0,393.0,1000,67,40887,68128,68196,JobState.COMPLETED,0,119.35128047517279,119.35128047517279,7996535.791836577
jid_892260,15160.0,393.0,1000,69,40887,68147,68217,JobState.COMPLETED,0,119.30850196357326,119.30850196357326,8232286.635486554
jid_892260,15160.0,393.0,1000,68,40887,68196,68265,JobState.COMPLETED,0,119.29981008943261,119.29981008943258,8112387.086081417
jid_892260,15160.0,393.0,1000,69,40887,68196,68266,JobState.COMPLETED,0,119.33812677875872,119.33812677875872,8234330.747734351
jid_892260,15160.0,393.0,1000,68,40887,68217,68286,JobState.COMPLETED,0,119.38091466522393,119.38091466522393,8117902.197235227
jid_892260,15160.0,393.0,1000,71,40887,68265,68337,JobState.COMPLETED,0,119.29859903718092,119.29859903718094,8470200.531639844
jid_892260,15160.0,393.0,1000,71,40887,68266,68338,JobState.COMPLETED,0,119.36389870421704,119.36389870421702,8474836.80799941
jid_892260,15160.0,393.0,1000,71,40887,68286,68358,JobState.COMPLETED,0,119.33150959403791,119.33150959403793,8472537.18117669
jid_892260,15160.0,393.0,1000,71,40887,68337,68409,JobState.COMPLETED,0,119.35093195364765,119.35093195364765,8473916.168708984
jid_892260,15160.0,393.0,1000,73,40887,68338,68412,JobState.COMPLETED,0,119.34957244878355,119.34957244878355,8712518.788761199
jid_892260,15160.0,393.0,1000,72,40887,68358,68431,JobState.COMPLETED,0,119.2478717735768,119.24787177357679,8585846.76769753
jid_892260,15160.0,393.0,1000,73,40887,68409,68483,JobState.COMPLETED,0,119.27643305270395,119.27643305270394,8707179.61284739
jid_892260,15160.0,393.0,1000,78,40887,68412,68491,JobState.COMPLETED,0,119.36856313711827,119.36856313711829,9310747.924695224
jid_892260,15160.0,393.0,1000,78,40887,68431,68510,JobState.COMPLETED,0,119.30056789696626,119.30056789696627,9305444.29596337
jid_892260,15160.0,393.0,1000,79,40887,68483,68563,JobState.COMPLETED,0,119.26756156969952,119.26756156969951,9422137.364006262
jid_892260,15160.0,393.0,1000,79,40887,68491,68571,JobState.COMPLETED,0,119.36458478525584,119.36458478525584,9429802.198035212
jid_892260,15160.0,393.0,1000,79,40887,68510,68590,JobState.COMPLETED,0,119.39800432250767,119.39800432250772,9432442.341478107
jid_892260,15160.0,393.0,1000,80,40887,68563,68644,JobState.COMPLETED,0,119.33500030747183,119.33500030747183,9546800.024597745
jid_892260,15160.0,393.0,1000,81,40887,68571,68653,JobState.COMPLETED,0,119.17541109436716,119.17541109436716,9653208.29864374
jid_892260,15160.0,393.0,1000,79,40887,68590,68670,JobState.COMPLETED,0,119.35159454677348,119.3515945467735,9428775.969195105
jid_892260,15160.0,393.0,1000,79,40887,68644,68724,JobState.COMPLETED,0,119.35209366687586,119.35209366687586,9428815.399683194
jid_892260,15160.0,393.0,1000,83,40887,68653,68737,JobState.COMPLETED,0,119.37843922735976,119.37843922735976,9908410.455870861
jid_892260,15160.0,393.0,1000,76,40887,68670,68747,JobState.COMPLETED,0,119.2057920364237,119.2057920364237,9059640.194768202
jid_892260,15160.0,393.0,1000,83,40887,68724,68808,JobState.COMPLETED,0,119.28348287449798,119.28348287449799,9900529.078583332
jid_892260,15160.0,393.0,1000,83,40887,68737,68821,JobState.COMPLETED,0,119.33707615047784,119.33707615047786,9904977.320489662
jid_892260,15160.0,393.0,1000,83,40887,68747,68831,JobState.COMPLETED,0,119.35109153380392,119.35109153380392,9906140.597305726
jid_892260,15160.0,393.0,1000,85,40887,68808,68894,JobState.COMPLETED,0,119.24627322825344,119.24627322825344,10135933.224401543
jid_892260,15160.0,393.0,1000,79,40887,68821,68901,JobState.COMPLETED,0,119.33497996501272,119.3349799650127,9427463.417236006
jid_904629,108.0,251.0,1,152,68753,68753,68906,JobState.COMPLETED,0,128.95243370096244,128.95243370096242,19600.769922546293
jid_892260,15160.0,393.0,1000,80,40887,68831,68912,JobState.COMPLETED,0,119.25280128233643,119.25280128233642,9540224.102586916
jid_892260,15160.0,393.0,1000,81,40887,68894,68976,JobState.COMPLETED,0,119.26998334387571,119.26998334387568,9660868.650853932
jid_892260,15160.0,393.0,1000,84,40887,68901,68986,JobState.COMPLETED,0,119.23906634423359,119.2390663442336,10016081.572915621
jid_892260,15160.0,393.0,1000,85,40887,68912,68998,JobState.COMPLETED,0,119.34777078363832,119.34777078363831,10144560.516609257
jid_892260,15160.0,393.0,1000,75,40887,68976,69052,JobState.COMPLETED,0,119.15712377564643,119.15712377564643,8936784.283173481
jid_892260,15160.0,393.0,1000,84,40887,68986,69071,JobState.COMPLETED,0,119.28418015404591,119.2841801540459,10019871.132939858
jid_892260,15160.0,393.0,1000,83,40887,68998,69082,JobState.COMPLETED,0,119.29898931707571,119.29898931707572,9901816.113317283
jid_892260,15160.0,393.0,1000,81,40887,69052,69134,JobState.COMPLETED,0,119.24228688778662,119.24228688778662,9658625.237910716
jid_892260,15160.0,393.0,1000,84,40887,69071,69156,JobState.COMPLETED,0,119.2701831978589,119.2701831978589,10018695.388620147
jid_892260,15160.0,393.0,1000,80,40887,69082,69163,JobState.COMPLETED,0,119.31393901562623,119.31393901562622,9545115.121250099
jid_892260,15160.0,393.0,1000,67,40887,69134,69202,JobState.COMPLETED,0,119.38449563242033,119.38449563242034,7998761.2073721625
jid_892260,15160.0,393.0,1000,67,40887,69156,69224,JobState.COMPLETED,0,119.35277413611442,119.35277413611442,7996635.867119666
jid_892260,15160.0,393.0,1000,67,40887,69163,69231,JobState.COMPLETED,0,119.3664817613247,119.36648176132472,7997554.278008755
jid_892260,15160.0,393.0,1000,68,40887,69202,69271,JobState.COMPLETED,0,119.31432386560316,119.31432386560314,8113374.022861015
jid_892260,15160.0,393.0,1000,68,40887,69224,69293,JobState.COMPLETED,0,119.35002603972795,119.35002603972795,8115801.770701501
jid_892260,15160.0,393.0,1000,67,40887,69231,69299,JobState.COMPLETED,0,119.31222053845089,119.31222053845089,7993918.77607621
jid_892260,15160.0,393.0,1000,70,40887,69271,69342,JobState.COMPLETED,0,119.30017971872165,119.30017971872165,8351012.580310515
jid_892260,15160.0,393.0,1000,69,40887,69293,69363,JobState.COMPLETED,0,119.33384402520271,119.33384402520272,8234035.2377389865
jid_892260,15160.0,393.0,1000,71,40887,69299,69371,JobState.COMPLETED,0,119.29371249967069,119.29371249967069,8469853.587476619
jid_892260,15160.0,393.0,1000,72,40887,69342,69415,JobState.COMPLETED,0,119.17232761029108,119.17232761029108,8580407.587940957
jid_892260,15160.0,393.0,1000,67,40887,69363,69431,JobState.COMPLETED,0,119.33164990499603,119.33164990499601,7995220.543634734
jid_892260,15160.0,393.0,1000,67,40887,69371,69439,JobState.COMPLETED,0,119.30020552596672,119.30020552596672,7993113.77023977
jid_892260,15160.0,393.0,1000,66,40887,69415,69482,JobState.COMPLETED,0,119.3237075459196,119.32370754591962,7875364.698030694
jid_892260,15160.0,393.0,1000,69,40887,69431,69501,JobState.COMPLETED,0,119.30719283670767,119.30719283670766,8232196.305732829
jid_892260,15160.0,393.0,1000,74,40887,69439,69514,JobState.COMPLETED,0,119.33215639690101,119.33215639690103,8830579.573370675
jid_892260,15160.0,393.0,1000,79,40887,69482,69562,JobState.COMPLETED,0,119.37040521660705,119.37040521660705,9430262.012111958
jid_892260,15160.0,393.0,1000,79,40887,69501,69581,JobState.COMPLETED,0,119.36551718400476,119.36551718400474,9429875.857536376
jid_892260,15160.0,393.0,1000,79,40887,69514,69594,JobState.COMPLETED,0,119.35470489084555,119.35470489084554,9429021.686376799
jid_892260,15160.0,393.0,1000,80,40887,69562,69643,JobState.COMPLETED,0,119.34326617971192,119.34326617971193,9547461.294376953
jid_892260,15160.0,393.0,1000,79,40887,69581,69661,JobState.COMPLETED,0,119.33735014824147,119.33735014824146,9427650.661711076
jid_892260,15160.0,393.0,1000,80,40887,69594,69675,JobState.COMPLETED,0,119.35245066039215,119.35245066039214,9548196.052831372
jid_892260,15160.0,393.0,1000,81,40887,69643,69725,JobState.COMPLETED,0,119.30087796359079,119.30087796359078,9663371.115050854
jid_892260,15160.0,393.0,1000,81,40887,69661,69743,JobState.COMPLETED,0,119.39059061959013,119.39059061959013,9670637.8401868
jid_892260,15160.0,393.0,1000,81,40887,69675,69757,JobState.COMPLETED,0,119.31861897619997,119.31861897619999,9664808.137072198
jid_892260,15160.0,393.0,1000,80,40887,69725,69806,JobState.COMPLETED,0,119.35673454682095,119.35673454682095,9548538.763745675
jid_892260,15160.0,393.0,1000,83,40887,69743,69827,JobState.COMPLETED,0,119.31510314394265,119.31510314394265,9903153.56094724
jid_892260,15160.0,393.0,1000,82,40887,69757,69840,JobState.COMPLETED,0,119.39336801067194,119.39336801067194,9790256.176875098
jid_892260,15160.0,393.0,1000,82,40887,69806,69889,JobState.COMPLETED,0,119.34814155198588,119.34814155198588,9786547.607262842
jid_892260,15160.0,393.0,1000,82,40887,69827,69910,JobState.COMPLETED,0,119.4001567791213,119.4001567791213,9790812.855887948
jid_892260,15160.0,393.0,1000,78,40887,69840,69919,JobState.COMPLETED,0,119.32943715307562,119.32943715307563,9307696.097939897
jid_892260,15160.0,393.0,1000,81,40887,69889,69971,JobState.COMPLETED,0,119.39513358627048,119.39513358627045,9671005.820487907
jid_892260,15160.0,393.0,1000,83,40887,69910,69994,JobState.COMPLETED,0,119.31720972934997,119.31720972934998,9903328.407536048
jid_892260,15160.0,393.0,1000,84,40887,69919,70004,JobState.COMPLETED,0,119.40594728591842,119.40594728591843,10030099.572017146
jid_892260,15160.0,393.0,1000,84,40887,69971,70056,JobState.COMPLETED,0,119.35632156245967,119.35632156245966,10025931.011246612
jid_892260,15160.0,393.0,1000,84,40887,69994,70079,JobState.COMPLETED,0,119.42165820997248,119.42165820997248,10031419.289637689
jid_892260,15160.0,393.0,1000,84,40887,70004,70089,JobState.COMPLETED,0,119.39251174268566,119.39251174268563,10028970.986385595
jid_892260,15160.0,393.0,1000,85,40887,70056,70142,JobState.COMPLETED,0,119.34647875348948,119.34647875348948,10144450.694046605
jid_892260,15160.0,393.0,1000,85,40887,70079,70165,JobState.COMPLETED,0,119.38125834977787,119.38125834977787,10147406.959731119
jid_892260,15160.0,393.0,1000,87,40887,70089,70177,JobState.COMPLETED,0,119.41352793302734,119.41352793302735,10388976.930173378
jid_892260,15160.0,393.0,1000,86,40887,70142,70229,JobState.COMPLETED,0,119.40038606071748,119.40038606071748,10268433.201221704
jid_892260,15160.0,393.0,1000,87,40887,70165,70253,JobState.COMPLETED,0,119.38714530055515,119.38714530055513,10386681.641148297
jid_892260,15160.0,393.0,1000,85,40887,70177,70263,JobState.COMPLETED,0,119.39707435974574,119.39707435974577,10148751.320578389
jid_892260,15160.0,393.0,1000,87,40887,70229,70317,JobState.COMPLETED,0,119.3678986071537,119.36789860715372,10385007.178822372
jid_892260,15160.0,393.0,1000,86,40887,70253,70340,JobState.COMPLETED,0,119.36668723248737,119.36668723248737,10265535.101993913
jid_892260,15160.0,393.0,1000,88,40887,70263,70352,JobState.COMPLETED,0,119.2683290400361,119.26832904003614,10495612.955523176
jid_892260,15160.0,393.0,1000,88,40887,70317,70406,JobState.COMPLETED,0,119.38994724423878,119.38994724423878,10506315.357493013
jid_892260,15160.0,393.0,1000,87,40887,70340,70428,JobState.COMPLETED,0,119.4129904709948,119.4129904709948,10388930.170976548
jid_892260,15160.0,393.0,1000,89,40887,70352,70442,JobState.COMPLETED,0,119.37779358416985,119.37779358416986,10624623.628991118
jid_892260,15160.0,393.0,1000,90,40887,70406,70497,JobState.COMPLETED,0,119.39317577910647,119.39317577910644,10745385.820119582
jid_892260,15160.0,393.0,1000,85,40887,70428,70514,JobState.COMPLETED,0,119.3612644458726,119.36126444587264,10145707.477899171
jid_892260,15160.0,393.0,1000,90,40887,70442,70533,JobState.COMPLETED,0,119.32513326483223,119.32513326483222,10739261.993834902
jid_892260,15160.0,393.0,1000,67,40887,70497,70565,JobState.COMPLETED,0,119.42739259796136,119.42739259796136,8001635.304063411
jid_892260,15160.0,393.0,1000,91,40887,70514,70606,JobState.COMPLETED,0,119.37369701580444,119.37369701580444,10863006.428438203
jid_892260,15160.0,393.0,1000,92,40887,70533,70626,JobState.COMPLETED,0,119.32372449956435,119.32372449956432,10977782.65395992
jid_892260,15160.0,393.0,1000,91,40887,70565,70657,JobState.COMPLETED,0,119.36479372041198,119.36479372041197,10862196.22855749
jid_892260,15160.0,393.0,1000,91,40887,70606,70698,JobState.COMPLETED,0,119.35911083317917,119.35911083317914,10861679.085819306
jid_892260,15160.0,393.0,1000,93,40887,70626,70720,JobState.COMPLETED,0,119.34424396854676,119.34424396854676,11099014.68907485
jid_892260,15160.0,393.0,1000,91,40887,70657,70749,JobState.COMPLETED,0,119.39827558843831,119.39827558843831,10865243.078547886
jid_892260,15160.0,393.0,1000,93,40887,70698,70792,JobState.COMPLETED,0,119.30554166347298,119.305541663473,11095415.374702986
jid_892260,15160.0,393.0,1000,85,40887,70720,70806,JobState.COMPLETED,0,119.44741493526617,119.44741493526618,10153030.269497624
jid_892260,15160.0,393.0,1000,92,40887,70749,70842,JobState.COMPLETED,0,119.38761598718466,119.38761598718466,10983660.670820989
jid_892260,15160.0,393.0,1000,72,40887,70792,70865,JobState.COMPLETED,0,119.36506556522285,119.36506556522284,8594284.720696045
jid_892260,15160.0,393.0,1000,71,40887,70806,70878,JobState.COMPLETED,0,119.42633521549625,119.42633521549625,8479269.800300233
jid_892260,15160.0,393.0,1000,88,40887,70842,70931,JobState.COMPLETED,0,119.2800350498867,119.28003504988669,10496643.084390031
jid_892260,15160.0,393.0,1000,74,40887,70865,70940,JobState.COMPLETED,0,119.37274262230683,119.37274262230686,8833582.954050705
jid_892260,15160.0,393.0,1000,75,40887,70878,70954,JobState.COMPLETED,0,119.35730976990646,119.35730976990648,8951798.232742986
jid_892260,15160.0,393.0,1000,73,40887,70931,71005,JobState.COMPLETED,0,119.40882187822567,119.40882187822567,8716843.997110475
jid_892260,15160.0,393.0,1000,74,40887,70940,71015,JobState.COMPLETED,0,119.37005693791193,119.37005693791194,8833384.213405482
jid_892260,15160.0,393.0,1000,75,40887,70954,71030,JobState.COMPLETED,0,119.36199070570817,119.36199070570818,8952149.302928112
jid_892260,15160.0,393.0,1000,76,40887,71005,71082,JobState.COMPLETED,0,119.35107443822824,119.35107443822822,9070681.657305345
jid_892260,15160.0,393.0,1000,76,40887,71015,71092,JobState.COMPLETED,0,119.39388877938784,119.39388877938786,9073935.547233475
jid_892260,15160.0,393.0,1000,75,40887,71030,71106,JobState.COMPLETED,0,119.2690475327362,119.2690475327362,8945178.564955214
jid_892260,15160.0,393.0,1000,78,40887,71082,71161,JobState.COMPLETED,0,119.45042034328226,119.45042034328225,9317132.786776016
jid_892260,15160.0,393.0,1000,77,40887,71092,71170,JobState.COMPLETED,0,119.34103143384935,119.34103143384935,9189259.420406401
jid_892260,15160.0,393.0,1000,76,40887,71106,71183,JobState.COMPLETED,0,119.34479201436116,119.34479201436119,9070204.193091447
jid_892260,15160.0,393.0,1000,62,40887,71161,71224,JobState.COMPLETED,0,119.3601301416807,119.36013014168068,7400328.068784203
jid_892260,15160.0,393.0,1000,63,40887,71170,71234,JobState.COMPLETED,0,119.3155818221517,119.31558182215171,7516881.654795556
jid_892260,15160.0,393.0,1000,66,40887,71183,71250,JobState.COMPLETED,0,119.39755969104462,119.39755969104462,7880238.939608945
jid_892260,15160.0,393.0,1000,67,40887,71224,71292,JobState.COMPLETED,0,119.36632016699448,119.3663201669945,7997543.45118863
jid_892260,15160.0,393.0,1000,67,40887,71234,71302,JobState.COMPLETED,0,119.35873462663741,119.3587346266374,7997035.2199847065
jid_892260,15160.0,393.0,1000,68,40887,71250,71319,JobState.COMPLETED,0,119.37567179359516,119.37567179359513,8117545.68196447
jid_892260,15160.0,393.0,1000,70,40887,71292,71363,JobState.COMPLETED,0,119.19703737247828,119.19703737247828,8343792.616073479
jid_892260,15160.0,393.0,1000,69,40887,71302,71372,JobState.COMPLETED,0,119.27879204025118,119.27879204025116,8230236.650777332
jid_892260,15160.0,393.0,1000,70,40887,71319,71390,JobState.COMPLETED,0,119.34905387247362,119.3490538724736,8354433.771073152
jid_892260,15160.0,393.0,1000,70,40887,71363,71434,JobState.COMPLETED,0,119.2836659185637,119.28366591856367,8349856.614299458
jid_892260,15160.0,393.0,1000,69,40887,71372,71442,JobState.COMPLETED,0,119.2968724861891,119.29687248618907,8231484.201547048
jid_892260,15160.0,393.0,1000,70,40887,71390,71461,JobState.COMPLETED,0,119.34157086416518,119.34157086416516,8353909.960491563
jid_892260,15160.0,393.0,1000,70,40887,71434,71505,JobState.COMPLETED,0,119.35633936812998,119.35633936812998,8354943.755769098
jid_892260,15160.0,393.0,1000,70,40887,71442,71513,JobState.COMPLETED,0,119.36036656769188,119.36036656769187,8355225.659738431
jid_892260,15160.0,393.0,1000,72,40887,71461,71534,JobState.COMPLETED,0,119.3849169272495,119.3849169272495,8595714.018761965
jid_892260,15160.0,393.0,1000,72,40887,71505,71578,JobState.COMPLETED,0,119.36109563008148,119.36109563008148,8593998.885365866
jid_892260,15160.0,393.0,1000,69,40887,71513,71583,JobState.COMPLETED,0,119.2962826130842,119.29628261308422,8231443.50030281
jid_892260,15160.0,393.0,1000,73,40887,71534,71608,JobState.COMPLETED,0,119.319593511713,119.31959351171302,8710330.326355048
jid_892260,15160.0,393.0,1000,74,40887,71578,71653,JobState.COMPLETED,0,119.24379562101001,119.24379562101001,8824040.875954742
jid_892260,15160.0,393.0,1000,72,40887,71583,71656,JobState.COMPLETED,0,119.32528321496433,119.32528321496434,8591420.391477432
jid_892260,15160.0,393.0,1000,75,40887,71608,71684,JobState.COMPLETED,0,119.30748075599318,119.30748075599318,8948061.056699488
jid_892260,15160.0,393.0,1000,74,40887,71653,71728,JobState.COMPLETED,0,119.34603152548439,119.34603152548439,8831606.332885845
jid_892260,15160.0,393.0,1000,73,40887,71656,71730,JobState.COMPLETED,0,119.28851016317958,119.28851016317957,8708061.24191211
jid_892260,15160.0,393.0,1000,74,40887,71684,71759,JobState.COMPLETED,0,119.263075230152,119.263075230152,8825467.567031248
jid_892260,15160.0,393.0,1000,74,40887,71728,71803,JobState.COMPLETED,0,119.31159486222334,119.31159486222333,8829058.019804528
jid_892260,15160.0,393.0,1000,75,40887,71730,71806,JobState.COMPLETED,0,119.31902452474166,119.31902452474165,8948926.839355625
jid_892260,15160.0,393.0,1000,72,40887,71759,71832,JobState.COMPLETED,0,119.31239959486878,119.3123995948688,8590492.770830551
jid_892260,15160.0,393.0,1000,67,40887,71806,71874,JobState.COMPLETED,0,119.39447716448119,119.39447716448119,7999429.97002024
jid_892260,15160.0,393.0,1000,72,40887,71803,71876,JobState.COMPLETED,0,119.26252616965117,119.26252616965117,8586901.884214884
jid_892260,15160.0,393.0,1000,69,40887,71832,71902,JobState.COMPLETED,0,119.40787218392711,119.40787218392713,8239143.180690971
jid_892260,15160.0,393.0,1000,71,40887,71874,71946,JobState.COMPLETED,0,119.34286827908062,119.34286827908063,8473343.647814723
jid_892260,15160.0,393.0,1000,71,40887,71876,71948,JobState.COMPLETED,0,119.26075872409659,119.26075872409659,8467513.869410858
jid_892260,15160.0,393.0,1000,71,40887,71902,71974,JobState.COMPLETED,0,119.21494220167679,119.2149422016768,8464260.896319052
jid_892260,15160.0,393.0,1000,70,40887,71948,72019,JobState.COMPLETED,0,119.34712794860788,119.34712794860786,8354298.956402552
jid_892260,15160.0,393.0,1000,73,40887,71946,72020,JobState.COMPLETED,0,119.11946703171104,119.11946703171107,8695721.093314905
jid_892260,15160.0,393.0,1000,71,40887,71974,72046,JobState.COMPLETED,0,119.30331250965605,119.30331250965604,8470535.18818558
jid_892260,15160.0,393.0,1000,70,40887,72019,72090,JobState.COMPLETED,0,119.362554131687,119.36255413168699,8355378.78921809
jid_892260,15160.0,393.0,1000,72,40887,72020,72093,JobState.COMPLETED,0,119.16144551258115,119.16144551258115,8579624.076905843
jid_892260,15160.0,393.0,1000,73,40887,72046,72120,JobState.COMPLETED,0,119.16554962003765,119.16554962003765,8699085.122262748
jid_904931,55992.0,322.0,2,97,72053,72053,72151,JobState.COMPLETED,0,176.53061224489792,176.53061224489795,34246.9387755102
jid_892260,15160.0,393.0,1000,73,40887,72090,72164,JobState.COMPLETED,0,119.15795964256321,119.1579596425632,8698531.053907115
jid_892260,15160.0,393.0,1000,73,40887,72093,72167,JobState.COMPLETED,0,119.15688271790415,119.15688271790415,8698452.438407002
jid_904954,55991.0,322.0,2,118,72062,72062,72181,JobState.COMPLETED,0,176.53061224489792,176.53061224489795,41661.22448979591
jid_892260,15160.0,393.0,1000,74,40887,72120,72195,JobState.COMPLETED,0,119.17251231836167,119.17251231836167,8818765.911558762
jid_892260,15160.0,393.0,1000,72,40887,72164,72237,JobState.COMPLETED,0,119.17744994255831,119.17744994255831,8580776.3958642
jid_892260,15160.0,393.0,1000,73,40887,72167,72241,JobState.COMPLETED,0,119.15822448026042,119.15822448026043,8698550.38705901
jid_892260,15160.0,393.0,1000,73,40887,72195,72269,JobState.COMPLETED,0,119.1753805574352,119.1753805574352,8699802.78069277
jid_892260,15160.0,393.0,1000,73,40887,72237,72311,JobState.COMPLETED,0,119.13126940612638,119.13126940612639,8696582.666647226
jid_892260,15160.0,393.0,1000,73,40887,72241,72315,JobState.COMPLETED,0,119.08858610340245,119.08858610340245,8693466.785548378
jid_892260,15160.0,393.0,1000,73,40887,72269,72343,JobState.COMPLETED,0,119.13209412642279,119.13209412642279,8696642.871228863
jid_892260,15160.0,393.0,1000,72,40887,72311,72384,JobState.COMPLETED,0,119.15197082289654,119.15197082289652,8578941.899248552
jid_892260,15160.0,393.0,1000,73,40887,72315,72389,JobState.COMPLETED,0,119.19953150245992,119.19953150245993,8701565.799679574
jid_892260,15160.0,393.0,1000,72,40887,72343,72416,JobState.COMPLETED,0,119.19407586457895,119.19407586457895,8581973.462249683
jid_892260,15160.0,393.0,1000,73,40887,72384,72458,JobState.COMPLETED,0,119.13365673790744,119.13365673790744,8696756.941867243
jid_892260,15160.0,393.0,1000,74,40887,72389,72464,JobState.COMPLETED,0,119.33980633300705,119.33980633300705,8831145.66864252
jid_892260,15160.0,393.0,1000,73,40887,72416,72490,JobState.COMPLETED,0,119.12208920664118,119.12208920664118,8695912.512084806
jid_892260,15160.0,393.0,1000,74,40887,72458,72533,JobState.COMPLETED,0,119.26661438258088,119.2666143825809,8825729.464310985
jid_892260,15160.0,393.0,1000,69,40887,72464,72534,JobState.COMPLETED,0,119.31067555500336,119.31067555500336,8232436.613295231
jid_892260,15160.0,393.0,1000,74,40887,72490,72565,JobState.COMPLETED,0,119.2558328206986,119.25583282069859,8824931.628731696
jid_892260,15160.0,393.0,1000,68,40887,72533,72602,JobState.COMPLETED,0,119.356183829974,119.35618382997399,8116220.500438232
jid_892260,15160.0,393.0,1000,72,40887,72534,72607,JobState.COMPLETED,0,119.35396934999459,119.35396934999461,8593485.79319961
jid_892260,15160.0,393.0,1000,73,40887,72565,72639,JobState.COMPLETED,0,119.12397344064979,119.12397344064979,8696050.061167434
jid_892260,15160.0,393.0,1000,63,40887,72607,72671,JobState.COMPLETED,0,119.38961640936333,119.38961640936331,7521545.83378989
jid_892260,15160.0,393.0,1000,77,40887,72602,72680,JobState.COMPLETED,0,119.31202547543342,119.3120254754334,9187025.961608373
jid_892260,15160.0,393.0,1000,65,40887,72639,72705,JobState.COMPLETED,0,119.42044214539881,119.4204421453988,7762328.739450922
jid_892260,15160.0,393.0,1000,61,40887,72671,72733,JobState.COMPLETED,0,119.39255396277738,119.3925539627774,7282945.79172942
jid_892260,15160.0,393.0,1000,70,40887,72680,72751,JobState.COMPLETED,0,119.40678862260808,119.40678862260809,8358475.203582566
jid_892260,15160.0,393.0,1000,70,40887,72705,72776,JobState.COMPLETED,0,119.40425049365523,119.40425049365524,8358297.534555866
jid_892260,15160.0,393.0,1000,67,40887,72733,72801,JobState.COMPLETED,0,119.39804140164087,119.39804140164087,7999668.773909938
jid_892260,15160.0,393.0,1000,72,40887,72751,72824,JobState.COMPLETED,0,119.37167368676468,119.37167368676468,8594760.505447056
jid_892260,15160.0,393.0,1000,73,40887,72776,72850,JobState.COMPLETED,0,119.4373800422858,119.4373800422858,8718928.743086863
jid_905075,55992.0,322.0,2,149,72709,72709,72859,JobState.COMPLETED,0,176.5306122448979,176.53061224489795,52606.12244897957
jid_892260,15160.0,393.0,1000,71,40887,72801,72873,JobState.COMPLETED,0,119.43935609429562,119.43935609429562,8480194.28269499
jid_905076,55991.0,322.0,2,165,72714,72714,72880,JobState.COMPLETED,0,176.5306122448979,176.53061224489795,58255.1020408163
jid_892260,15160.0,393.0,1000,72,40887,72824,72897,JobState.COMPLETED,0,119.3414922480459,119.34149224804591,8592587.441859305
jid_892260,15160.0,393.0,1000,73,40887,72850,72924,JobState.COMPLETED,0,119.26986004919816,119.26986004919816,8706699.783591466
jid_892260,15160.0,393.0,1000,74,40887,72873,72948,JobState.COMPLETED,0,119.27941432261302,119.27941432261301,8826676.659873363
jid_892260,15160.0,393.0,1000,74,40887,72897,72972,JobState.COMPLETED,0,119.34635888033898,119.34635888033901,8831630.557145085
jid_892260,15160.0,393.0,1000,66,40887,72924,72991,JobState.COMPLETED,0,119.42266461061814,119.42266461061814,7881895.864300798
jid_892260,15160.0,393.0,1000,75,40887,72948,73024,JobState.COMPLETED,0,119.24062889656491,119.24062889656489,8943047.167242369
jid_892260,15160.0,393.0,1000,75,40887,72972,73048,JobState.COMPLETED,0,119.07615556062338,119.07615556062336,8930711.667046754
jid_892260,15160.0,393.0,1000,74,40887,72991,73066,JobState.COMPLETED,0,119.09652569538844,119.09652569538844,8813142.901458744
jid_892260,15160.0,393.0,1000,75,40887,73024,73100,JobState.COMPLETED,0,119.45996752320634,119.45996752320633,8959497.564240474
jid_892260,15160.0,393.0,1000,75,40887,73048,73124,JobState.COMPLETED,0,119.04595518332532,119.0459551833253,8928446.6387494
jid_892260,15160.0,393.0,1000,76,40887,73066,73143,JobState.COMPLETED,0,119.01982049053025,119.01982049053026,9045506.357280299
jid_892260,15160.0,393.0,1000,76,40887,73100,73177,JobState.COMPLETED,0,119.06902007710595,119.06902007710593,9049245.52586005
jid_892260,15160.0,393.0,1000,76,40887,73124,73201,JobState.COMPLETED,0,119.08922718025661,119.08922718025661,9050781.265699502
jid_892260,15160.0,393.0,1000,75,40887,73143,73219,JobState.COMPLETED,0,119.04818764733699,119.048187647337,8928614.073550275
jid_892260,15160.0,393.0,1000,77,40887,73177,73255,JobState.COMPLETED,0,119.00311412420415,119.00311412420415,9163239.78756372
jid_892260,15160.0,393.0,1000,77,40887,73201,73279,JobState.COMPLETED,0,119.04852569868622,119.0485256986862,9166736.478798838
jid_892260,15160.0,393.0,1000,77,40887,73219,73297,JobState.COMPLETED,0,118.97499251697542,118.97499251697543,9161074.423807107
jid_892260,15160.0,393.0,1000,76,40887,73255,73332,JobState.COMPLETED,0,119.0644066853502,119.06440668535018,9048894.908086615
jid_892260,15160.0,393.0,1000,77,40887,73279,73357,JobState.COMPLETED,0,119.00467546444047,119.00467546444045,9163360.010761917
jid_892260,15160.0,393.0,1000,77,40887,73297,73375,JobState.COMPLETED,0,118.98962885305892,118.98962885305892,9162201.421685537
jid_892260,15160.0,393.0,1000,78,40887,73332,73411,JobState.COMPLETED,0,119.09115871582986,119.09115871582988,9289110.379834728
jid_892260,15160.0,393.0,1000,76,40887,73357,73434,JobState.COMPLETED,0,119.04637728252226,119.04637728252226,9047524.673471691
jid_892260,15160.0,393.0,1000,77,40887,73375,73453,JobState.COMPLETED,0,119.03537045773679,119.0353704577368,9165723.525245732
jid_892260,15160.0,393.0,1000,77,40887,73411,73489,JobState.COMPLETED,0,119.04076643572199,119.04076643572198,9166139.015550595
jid_892260,15160.0,393.0,1000,77,40887,73434,73512,JobState.COMPLETED,0,119.06826388432575,119.06826388432575,9168256.319093084
jid_892260,15160.0,393.0,1000,77,40887,73453,73531,JobState.COMPLETED,0,118.98777864200578,118.98777864200581,9162058.955434443
jid_892260,15160.0,393.0,1000,77,40887,73489,73567,JobState.COMPLETED,0,119.35782404749027,119.35782404749028,9190552.451656751
jid_892260,15160.0,393.0,1000,76,40887,73512,73589,JobState.COMPLETED,0,119.04111188764664,119.04111188764666,9047124.503461143
jid_892260,15160.0,393.0,1000,79,40887,73531,73611,JobState.COMPLETED,0,118.9711407053666,118.97114070536658,9398720.115723962
jid_892260,15160.0,393.0,1000,78,40887,73567,73646,JobState.COMPLETED,0,119.03011115725421,119.03011115725421,9284348.67026583
jid_892260,15160.0,393.0,1000,70,40887,73589,73660,JobState.COMPLETED,0,119.17995781915205,119.17995781915207,8342597.047340644
jid_892260,15160.0,393.0,1000,78,40887,73611,73690,JobState.COMPLETED,0,119.00026241742087,119.00026241742088,9282020.46855883
jid_892260,15160.0,393.0,1000,77,40887,73646,73724,JobState.COMPLETED,0,119.02392371409746,119.02392371409745,9164842.125985503
jid_892260,15160.0,393.0,1000,77,40887,73660,73738,JobState.COMPLETED,0,119.23664956310208,119.23664956310209,9181222.01635886
jid_892260,15160.0,393.0,1000,77,40887,73690,73768,JobState.COMPLETED,0,119.31086830140532,119.31086830140532,9186936.85920821
jid_892260,15160.0,393.0,1000,76,40887,73724,73801,JobState.COMPLETED,0,119.37821362656194,119.37821362656196,9072744.235618707
jid_892260,15160.0,393.0,1000,78,40887,73738,73817,JobState.COMPLETED,0,119.33971183527566,119.33971183527568,9308497.523151502
jid_892260,15160.0,393.0,1000,78,40887,73768,73847,JobState.COMPLETED,0,119.40539062713643,119.4053906271364,9313620.468916642
jid_892260,15160.0,393.0,1000,77,40887,73801,73879,JobState.COMPLETED,0,119.25408844561446,119.25408844561447,9182564.810312314
jid_892260,15160.0,393.0,1000,74,40887,73817,73892,JobState.COMPLETED,0,119.38803381190623,119.38803381190621,8834714.50208106
jid_892260,15160.0,393.0,1000,78,40887,73847,73926,JobState.COMPLETED,0,119.37897457851527,119.37897457851525,9311560.01712419
jid_892260,15160.0,393.0,1000,78,40887,73879,73958,JobState.COMPLETED,0,119.35699064182766,119.35699064182765,9309845.270062558
jid_892260,15160.0,393.0,1000,77,40887,73892,73970,JobState.COMPLETED,0,119.39982773369377,119.39982773369377,9193786.735494422
jid_892260,15160.0,393.0,1000,84,40887,73926,74011,JobState.COMPLETED,0,119.42417793613879,119.42417793613879,10031630.946635658
jid_892260,15160.0,393.0,1000,78,40887,73958,74037,JobState.COMPLETED,0,119.31781596715133,119.31781596715135,9306789.645437805
jid_892260,15160.0,393.0,1000,79,40887,73970,74050,JobState.COMPLETED,0,119.32899706648836,119.32899706648834,9426990.768252581
jid_892260,15160.0,393.0,1000,78,40887,74011,74090,JobState.COMPLETED,0,119.41432356963956,119.41432356963955,9314317.238431886
jid_892260,15160.0,393.0,1000,77,40887,74037,74115,JobState.COMPLETED,0,119.38518295167157,119.38518295167158,9192659.08727871
jid_892260,15160.0,393.0,1000,76,40887,74050,74127,JobState.COMPLETED,0,119.42142700401808,119.42142700401807,9076028.452305375
jid_892260,15160.0,393.0,1000,79,40887,74090,74170,JobState.COMPLETED,0,119.3917013470344,119.39170134703438,9431944.406415718
jid_892260,15160.0,393.0,1000,79,40887,74115,74195,JobState.COMPLETED,0,119.3692289061559,119.36922890615588,9430169.083586315
jid_892260,15160.0,393.0,1000,78,40887,74127,74206,JobState.COMPLETED,0,119.35237382723423,119.35237382723422,9309485.158524271
jid_892260,15160.0,393.0,1000,78,40887,74170,74249,JobState.COMPLETED,0,119.30911494340188,119.30911494340185,9306110.965585347
jid_892260,15160.0,393.0,1000,64,40887,74195,74260,JobState.COMPLETED,0,119.34185865684438,119.34185865684441,7637878.954038041
jid_892260,15160.0,393.0,1000,64,40887,74206,74271,JobState.COMPLETED,0,119.37677894251935,119.37677894251935,7640113.852321238
jid_892260,15160.0,393.0,1000,64,40887,74249,74314,JobState.COMPLETED,0,119.3305008592139,119.33050085921391,7637152.05498969
jid_892260,15160.0,393.0,1000,65,40887,74260,74326,JobState.COMPLETED,0,119.28469265916185,119.28469265916185,7753505.022845521
jid_892260,15160.0,393.0,1000,64,40887,74271,74336,JobState.COMPLETED,0,119.35376740512508,119.35376740512508,7638641.113928005
jid_892260,15160.0,393.0,1000,63,40887,74314,74378,JobState.COMPLETED,0,119.40562627147547,119.40562627147548,7522554.455102954
jid_892260,15160.0,393.0,1000,65,40887,74326,74392,JobState.COMPLETED,0,119.39223635790663,119.39223635790664,7760495.363263931
jid_892260,15160.0,393.0,1000,68,40887,74336,74405,JobState.COMPLETED,0,119.31734974671518,119.3173497467152,8113579.782776631
jid_892260,15160.0,393.0,1000,75,40887,74378,74454,JobState.COMPLETED,0,119.38110516174613,119.38110516174612,8953582.88713096
jid_892260,15160.0,393.0,1000,76,40887,74392,74469,JobState.COMPLETED,0,119.29905493532367,119.29905493532368,9066728.1750846
jid_892260,15160.0,393.0,1000,75,40887,74405,74481,JobState.COMPLETED,0,119.29308335432525,119.29308335432523,8946981.251574393
jid_892260,15160.0,393.0,1000,74,40887,74454,74529,JobState.COMPLETED,0,119.3208390272246,119.3208390272246,8829742.08801462
jid_892260,15160.0,393.0,1000,77,40887,74469,74547,JobState.COMPLETED,0,119.23938500995385,119.23938500995385,9181432.645766446
jid_892260,15160.0,393.0,1000,68,40887,74481,74550,JobState.COMPLETED,0,119.42363669389442,119.42363669389444,8120807.295184821
jid_892260,15160.0,393.0,1000,77,40887,74529,74607,JobState.COMPLETED,0,119.23773198759699,119.237731987597,9181305.363044968
jid_892260,15160.0,393.0,1000,77,40887,74547,74625,JobState.COMPLETED,0,119.20367576136094,119.20367576136097,9178683.033624792
jid_892260,15160.0,393.0,1000,76,40887,74550,74627,JobState.COMPLETED,0,119.22829954788428,119.22829954788428,9061350.765639205
jid_892260,15160.0,393.0,1000,69,40887,74607,74677,JobState.COMPLETED,0,119.39912969230862,119.39912969230863,8238539.948769294
jid_892260,15160.0,393.0,1000,75,40887,74627,74703,JobState.COMPLETED,0,119.23019713113725,119.23019713113725,8942264.784835294
jid_892260,15160.0,393.0,1000,78,40887,74625,74704,JobState.COMPLETED,0,119.14237123195667,119.14237123195669,9293104.95609262
jid_892260,15160.0,393.0,1000,75,40887,74677,74753,JobState.COMPLETED,0,119.26230452358375,119.26230452358375,8944672.839268781
jid_892260,15160.0,393.0,1000,75,40887,74704,74780,JobState.COMPLETED,0,119.13516185457809,119.1351618545781,8935137.139093356
jid_892260,15160.0,393.0,1000,78,40887,74703,74782,JobState.COMPLETED,0,119.20977411792171,119.20977411792171,9298362.381197894
jid_892260,15160.0,393.0,1000,78,40887,74753,74832,JobState.COMPLETED,0,119.21849277962393,119.21849277962393,9299042.436810667
jid_892260,15160.0,393.0,1000,74,40887,74782,74857,JobState.COMPLETED,0,119.22609516115068,119.22609516115068,8822731.041925149
jid_892260,15160.0,393.0,1000,78,40887,74780,74859,JobState.COMPLETED,0,119.19592977269123,119.19592977269124,9297282.522269916
jid_892260,15160.0,393.0,1000,74,40887,74832,74907,JobState.COMPLETED,0,119.20630703169527,119.20630703169529,8821266.72034545
jid_892260,15160.0,393.0,1000,75,40887,74857,74933,JobState.COMPLETED,0,119.19438444844693,119.19438444844694,8939578.83363352
jid_892260,15160.0,393.0,1000,79,40887,74859,74939,JobState.COMPLETED,0,119.20095522267852,119.20095522267853,9416875.462591603
jid_892260,15160.0,393.0,1000,74,40887,74907,74982,JobState.COMPLETED,0,119.38367444700395,119.38367444700394,8834391.909078293
jid_892260,15160.0,393.0,1000,78,40887,74933,75012,JobState.COMPLETED,0,119.17205946145671,119.17205946145671,9295420.637993624
jid_892260,15160.0,393.0,1000,79,40887,74939,75019,JobState.COMPLETED,0,119.15379851303601,119.15379851303602,9413150.082529845
jid_892260,15160.0,393.0,1000,79,40887,74982,75062,JobState.COMPLETED,0,119.2203592316221,119.22035923162211,9418408.379298145
jid_892260,15160.0,393.0,1000,75,40887,75012,75088,JobState.COMPLETED,0,119.4316535997231,119.4316535997231,8957374.019979233
jid_892260,15160.0,393.0,1000,75,40887,75019,75095,JobState.COMPLETED,0,119.38879814364316,119.38879814364313,8954159.860773237
jid_892260,15160.0,393.0,1000,80,40887,75062,75143,JobState.COMPLETED,0,119.24377290741263,119.24377290741262,9539501.83259301
jid_892260,15160.0,393.0,1000,74,40887,75088,75163,JobState.COMPLETED,0,119.35947718191568,119.35947718191568,8832601.31146176
jid_892260,15160.0,393.0,1000,75,40887,75095,75171,JobState.COMPLETED,0,119.35319509522031,119.35319509522029,8951489.632141523
jid_892260,15160.0,393.0,1000,75,40887,75143,75219,JobState.COMPLETED,0,119.39919561731617,119.39919561731617,8954939.671298712
jid_892260,15160.0,393.0,1000,76,40887,75163,75240,JobState.COMPLETED,0,119.31649468292625,119.31649468292628,9068053.595902395
jid_892260,15160.0,393.0,1000,79,40887,75171,75251,JobState.COMPLETED,0,119.38809309487532,119.38809309487532,9431659.354495151
jid_892260,15160.0,393.0,1000,82,40887,75219,75302,JobState.COMPLETED,0,119.39755670776101,119.39755670776101,9790599.650036404
jid_892260,15160.0,393.0,1000,81,40887,75240,75322,JobState.COMPLETED,0,119.42288617277062,119.42288617277062,9673253.77999442
jid_892260,15160.0,393.0,1000,81,40887,75251,75333,JobState.COMPLETED,0,119.36436993953086,119.36436993953087,9668513.965102
jid_892260,15160.0,393.0,1000,82,40887,75302,75385,JobState.COMPLETED,0,119.40046068080633,119.40046068080633,9790837.775826119
jid_892260,15160.0,393.0,1000,84,40887,75322,75407,JobState.COMPLETED,0,119.41887128413768,119.41887128413768,10031185.187867565
jid_892260,15160.0,393.0,1000,83,40887,75333,75417,JobState.COMPLETED,0,119.26885155112326,119.26885155112326,9899314.67874323
jid_892260,15160.0,393.0,1000,83,40887,75385,75469,JobState.COMPLETED,0,119.29871247824664,119.29871247824663,9901793.135694472
jid_892260,15160.0,393.0,1000,83,40887,75407,75491,JobState.COMPLETED,0,119.280046292562,119.28004629256198,9900243.842282647
jid_892260,15160.0,393.0,1000,85,40887,75417,75503,JobState.COMPLETED,0,119.17761625763039,119.17761625763038,10130097.381898584
jid_892260,15160.0,393.0,1000,85,40887,75469,75555,JobState.COMPLETED,0,119.19790371096923,119.19790371096921,10131821.815432385
jid_892260,15160.0,393.0,1000,87,40887,75491,75579,JobState.COMPLETED,0,119.16126735591828,119.16126735591828,10367030.25996489
jid_892260,15160.0,393.0,1000,86,40887,75503,75590,JobState.COMPLETED,0,119.07222294901663,119.07222294901665,10240211.173615431
jid_892260,15160.0,393.0,1000,85,40887,75555,75641,JobState.COMPLETED,0,119.13905633223496,119.13905633223497,10126819.78823997
jid_892260,15160.0,393.0,1000,85,40887,75579,75665,JobState.COMPLETED,0,119.2498295606513,119.24982956065129,10136235.51265536
jid_892260,15160.0,393.0,1000,85,40887,75590,75676,JobState.COMPLETED,0,119.16577630849721,119.16577630849723,10129090.986222263
jid_892260,15160.0,393.0,1000,87,40887,75641,75729,JobState.COMPLETED,0,119.14985453923626,119.14985453923626,10366037.344913555
jid_892260,15160.0,393.0,1000,88,40887,75665,75754,JobState.COMPLETED,0,119.10584864807876,119.1058486480788,10481314.681030931
jid_892260,15160.0,393.0,1000,85,40887,75676,75762,JobState.COMPLETED,0,119.15086673862521,119.15086673862521,10127823.672783142
jid_892260,15160.0,393.0,1000,88,40887,75729,75818,JobState.COMPLETED,0,119.09527059727333,119.09527059727333,10480383.812560052
jid_892260,15160.0,393.0,1000,85,40887,75754,75840,JobState.COMPLETED,0,119.14527480294815,119.14527480294815,10127348.358250592
jid_892260,15160.0,393.0,1000,84,40887,75762,75847,JobState.COMPLETED,0,119.22281943240876,119.22281943240873,10014716.832322337
jid_892260,15160.0,393.0,1000,85,40887,75818,75904,JobState.COMPLETED,0,119.14957060364969,119.14957060364972,10127713.501310224
jid_892260,15160.0,393.0,1000,64,40887,75847,75912,JobState.COMPLETED,0,119.3939146034715,119.39391460347147,7641210.534622176
jid_892260,15160.0,393.0,1000,87,40887,75840,75928,JobState.COMPLETED,0,119.14672546796461,119.14672546796461,10365765.115712922
jid_892260,15160.0,393.0,1000,66,40887,75904,75971,JobState.COMPLETED,0,119.38234184864316,119.38234184864318,7879234.562010448
jid_892260,15160.0,393.0,1000,64,40887,75912,75977,JobState.COMPLETED,0,119.37961041522775,119.37961041522777,7640295.066574575
jid_892260,15160.0,393.0,1000,66,40887,75928,75995,JobState.COMPLETED,0,119.31744528522898,119.31744528522896,7874951.388825113
jid_892260,15160.0,393.0,1000,58,40887,75971,76030,JobState.COMPLETED,0,119.39985204634175,119.39985204634175,6925191.418687821
jid_892260,15160.0,393.0,1000,60,40887,75977,76038,JobState.COMPLETED,0,119.33209367848046,119.33209367848046,7159925.620708828
jid_892260,15160.0,393.0,1000,65,40887,75995,76061,JobState.COMPLETED,0,119.26862763023867,119.26862763023867,7752460.795965513
jid_892260,15160.0,393.0,1000,64,40887,76030,76095,JobState.COMPLETED,0,119.4178860802477,119.4178860802477,7642744.709135853
jid_892260,15160.0,393.0,1000,64,40887,76038,76103,JobState.COMPLETED,0,119.36520214603807,119.36520214603807,7639372.937346437
jid_892260,15160.0,393.0,1000,66,40887,76061,76128,JobState.COMPLETED,0,119.38217818379994,119.38217818379991,7879223.760130796
jid_892260,15160.0,393.0,1000,66,40887,76095,76162,JobState.COMPLETED,0,119.31373347419753,119.3137334741975,7874706.409297038
jid_892260,15160.0,393.0,1000,67,40887,76103,76171,JobState.COMPLETED,0,119.375001375641,119.37500137564102,7998125.092167947
jid_892260,15160.0,393.0,1000,66,40887,76128,76195,JobState.COMPLETED,0,119.36068762539853,119.36068762539853,7877805.383276302
jid_892260,15160.0,393.0,1000,67,40887,76162,76230,JobState.COMPLETED,0,119.32772527567603,119.32772527567606,7994957.593470294
jid_892260,15160.0,393.0,1000,66,40887,76171,76238,JobState.COMPLETED,0,119.37081750799473,119.37081750799473,7878473.955527652
jid_892260,15160.0,393.0,1000,68,40887,76195,76264,JobState.COMPLETED,0,119.36820772679826,119.36820772679826,8117038.125422282
jid_892260,15160.0,393.0,1000,66,40887,76230,76297,JobState.COMPLETED,0,119.37735728813716,119.37735728813715,7878905.581017053
jid_892260,15160.0,393.0,1000,67,40887,76238,76306,JobState.COMPLETED,0,119.33987975187112,119.33987975187112,7995771.943375366
jid_892260,15160.0,393.0,1000,67,40887,76264,76332,JobState.COMPLETED,0,119.32638772031419,119.32638772031419,7994867.977261051
jid_892260,15160.0,393.0,1000,67,40887,76297,76365,JobState.COMPLETED,0,119.38272353787347,119.38272353787347,7998642.477037522
jid_892260,15160.0,393.0,1000,68,40887,76306,76375,JobState.COMPLETED,0,119.31113810948027,119.31113810948027,8113157.391444658
jid_892260,15160.0,393.0,1000,69,40887,76332,76402,JobState.COMPLETED,0,119.33628772225964,119.33628772225964,8234203.852835915
jid_892260,15160.0,393.0,1000,66,40887,76365,76432,JobState.COMPLETED,0,119.30861392964631,119.30861392964631,7874368.519356657
jid_892260,15160.0,393.0,1000,69,40887,76375,76445,JobState.COMPLETED,0,119.31671016478373,119.31671016478371,8232853.001370076
jid_892260,15160.0,393.0,1000,69,40887,76402,76472,JobState.COMPLETED,0,119.30376500198992,119.30376500198993,8231959.785137304
jid_892260,15160.0,393.0,1000,71,40887,76432,76504,JobState.COMPLETED,0,119.3968919434997,119.3968919434997,8477179.32798848
jid_892260,15160.0,393.0,1000,70,40887,76445,76516,JobState.COMPLETED,0,119.31255598559291,119.31255598559292,8351878.918991504
jid_892260,15160.0,393.0,1000,68,40887,76472,76541,JobState.COMPLETED,0,119.31239839912308,119.31239839912307,8113243.09114037
jid_892260,15160.0,393.0,1000,70,40887,76504,76575,JobState.COMPLETED,0,119.31725407971427,119.31725407971426,8352207.78558
jid_892260,15160.0,393.0,1000,68,40887,76516,76585,JobState.COMPLETED,0,119.34823955196529,119.3482395519653,8115680.289533639
jid_892260,15160.0,393.0,1000,68,40887,76541,76610,JobState.COMPLETED,0,119.38711666279077,119.38711666279077,8118323.933069772
jid_892260,15160.0,393.0,1000,71,40887,76575,76647,JobState.COMPLETED,0,119.40515946366676,119.40515946366678,8477766.32192034
jid_892260,15160.0,393.0,1000,68,40887,76585,76654,JobState.COMPLETED,0,119.40715182839705,119.40715182839703,8119686.324330999
jid_892260,15160.0,393.0,1000,71,40887,76610,76682,JobState.COMPLETED,0,119.25616401312013,119.25616401312014,8467187.644931529
jid_892260,15160.0,393.0,1000,68,40887,76647,76716,JobState.COMPLETED,0,119.37449572167897,119.37449572167898,8117465.70907417
jid_892260,15160.0,393.0,1000,68,40887,76654,76723,JobState.COMPLETED,0,119.34941445321195,119.34941445321196,8115760.182818413
jid_892260,15160.0,393.0,1000,67,40887,76682,76750,JobState.COMPLETED,0,119.40794573651803,119.40794573651803,8000332.364346708
jid_892260,15160.0,393.0,1000,73,40887,76716,76790,JobState.COMPLETED,0,119.36466632430874,119.36466632430874,8713620.64167454
jid_892260,15160.0,393.0,1000,69,40887,76723,76793,JobState.COMPLETED,0,119.32434614596154,119.32434614596153,8233379.884071346
jid_905582,92906.0,761.0,3,467,76331,76331,76799,JobState.COMPLETED,0,176.5306122448978,176.53061224489795,247319.38775510184
jid_892260,15160.0,393.0,1000,77,40887,76750,76828,JobState.COMPLETED,0,119.37523861529004,119.37523861529006,9191893.373377334
jid_892260,15160.0,393.0,1000,72,40887,76790,76863,JobState.COMPLETED,0,119.33910959457084,119.33910959457084,8592415.890809102
jid_892260,15160.0,393.0,1000,75,40887,76793,76869,JobState.COMPLETED,0,119.39875008748692,119.39875008748692,8954906.256561518
jid_892260,15160.0,393.0,1000,73,40887,76828,76902,JobState.COMPLETED,0,119.38425168258577,119.38425168258574,8715050.372828761
jid_892260,15160.0,393.0,1000,74,40887,76863,76938,JobState.COMPLETED,0,119.33630033133286,119.33630033133288,8830886.224518633
jid_892260,15160.0,393.0,1000,74,40887,76869,76944,JobState.COMPLETED,0,119.33056202567755,119.33056202567758,8830461.589900138
jid_892260,15160.0,393.0,1000,75,40887,76902,76978,JobState.COMPLETED,0,119.24114606061856,119.24114606061856,8943085.954546392
jid_892260,15160.0,393.0,1000,75,40887,76938,77014,JobState.COMPLETED,0,119.2542796878284,119.2542796878284,8944070.97658713
jid_892260,15160.0,393.0,1000,73,40887,76944,77018,JobState.COMPLETED,0,119.34928624371297,119.34928624371295,8712497.895791046
jid_892260,15160.0,393.0,1000,76,40887,76978,77055,JobState.COMPLETED,0,119.25597596736326,119.25597596736328,9063454.173519608
jid_892260,15160.0,393.0,1000,74,40887,77014,77089,JobState.COMPLETED,0,119.3889783202567,119.3889783202567,8834784.395698996
jid_892260,15160.0,393.0,1000,75,40887,77018,77094,JobState.COMPLETED,0,119.24715870018957,119.24715870018957,8943536.902514217
jid_892260,15160.0,393.0,1000,74,40887,77055,77130,JobState.COMPLETED,0,119.34932462558828,119.34932462558831,8831850.022293532
jid_892260,15160.0,393.0,1000,77,40887,77089,77167,JobState.COMPLETED,0,119.19136209040744,119.19136209040747,9177734.880961372
jid_892260,15160.0,393.0,1000,76,40887,77094,77171,JobState.COMPLETED,0,119.16020442562966,119.16020442562963,9056175.536347853
jid_892260,15160.0,393.0,1000,76,40887,77130,77207,JobState.COMPLETED,0,119.16156511303818,119.16156511303818,9056278.9485909
jid_892260,15160.0,393.0,1000,74,40887,77167,77242,JobState.COMPLETED,0,119.19094522768118,119.19094522768118,8820129.946848407
jid_892260,15160.0,393.0,1000,76,40887,77171,77248,JobState.COMPLETED,0,119.1520548551936,119.1520548551936,9055556.168994714
jid_892260,15160.0,393.0,1000,77,40887,77207,77285,JobState.COMPLETED,0,119.15423122583599,119.15423122583599,9174875.80438937
jid_892260,15160.0,393.0,1000,77,40887,77242,77320,JobState.COMPLETED,0,119.1331175829681,119.1331175829681,9173250.053888543
jid_892260,15160.0,393.0,1000,75,40887,77248,77324,JobState.COMPLETED,0,119.16830856455394,119.16830856455393,8937623.142341545
jid_892260,15160.0,393.0,1000,75,40887,77285,77361,JobState.COMPLETED,0,119.19164380445147,119.1916438044515,8939373.28533386
jid_892260,15160.0,393.0,1000,76,40887,77320,77397,JobState.COMPLETED,0,119.1787080188724,119.17870801887237,9057581.809434302
jid_892260,15160.0,393.0,1000,75,40887,77324,77400,JobState.COMPLETED,0,119.18396120198359,119.18396120198358,8938797.09014877
jid_892260,15160.0,393.0,1000,76,40887,77361,77438,JobState.COMPLETED,0,119.18422060000093,119.18422060000093,9058000.76560007
jid_892260,15160.0,393.0,1000,64,40887,77397,77462,JobState.COMPLETED,0,119.37066912122896,119.37066912122896,7639722.823758653
jid_892260,15160.0,393.0,1000,63,40887,77400,77464,JobState.COMPLETED,0,119.38921967339792,119.3892196733979,7521520.839424069
jid_892260,15160.0,393.0,1000,65,40887,77438,77504,JobState.COMPLETED,0,119.31192251676137,119.3119225167614,7755274.9635894885
jid_892260,15160.0,393.0,1000,61,40887,77464,77526,JobState.COMPLETED,0,119.30054556743082,119.30054556743083,7277333.27961328
jid_892260,15160.0,393.0,1000,64,40887,77462,77527,JobState.COMPLETED,0,119.37349082452364,119.37349082452367,7639903.412769513
jid_892260,15160.0,393.0,1000,61,40887,77504,77566,JobState.COMPLETED,0,119.33112133595812,119.33112133595812,7279198.401493445
jid_892260,15160.0,393.0,1000,59,40887,77526,77586,JobState.COMPLETED,0,119.41087131990761,119.41087131990763,7045241.40787455
jid_892260,15160.0,393.0,1000,64,40887,77527,77592,JobState.COMPLETED,0,119.41965127388329,119.41965127388329,7642857.68152853
jid_892260,15160.0,393.0,1000,65,40887,77566,77632,JobState.COMPLETED,0,119.34367142539608,119.34367142539605,7757338.642650745
jid_892260,15160.0,393.0,1000,66,40887,77586,77653,JobState.COMPLETED,0,119.44156424734162,119.44156424734165,7883143.2403245475
jid_892260,15160.0,393.0,1000,68,40887,77592,77661,JobState.COMPLETED,0,119.40176834322685,119.40176834322683,8119320.247339426
jid_892260,15160.0,393.0,1000,68,40887,77632,77701,JobState.COMPLETED,0,119.37160853383949,119.3716085338395,8117269.380301085
jid_892260,15160.0,393.0,1000,67,40887,77653,77721,JobState.COMPLETED,0,119.3150770317641,119.31507703176412,7994110.161128195
jid_892260,15160.0,393.0,1000,68,40887,77661,77730,JobState.COMPLETED,0,119.36696962592706,119.36696962592706,8116953.93456304
jid_892260,15160.0,393.0,1000,69,40887,77701,77771,JobState.COMPLETED,0,119.36119079252636,119.36119079252636,8235922.164684318
jid_892260,15160.0,393.0,1000,67,40887,77721,77789,JobState.COMPLETED,0,119.43284115957884,119.43284115957883,8002000.3576917825
jid_892260,15160.0,393.0,1000,69,40887,77730,77800,JobState.COMPLETED,0,119.38520030900322,119.38520030900322,8237578.821321222
jid_892260,15160.0,393.0,1000,70,40887,77771,77842,JobState.COMPLETED,0,119.40580610937914,119.40580610937914,8358406.427656541
jid_892260,15160.0,393.0,1000,69,40887,77789,77859,JobState.COMPLETED,0,119.36406760774878,119.36406760774877,8236120.664934666
jid_892260,15160.0,393.0,1000,69,40887,77800,77870,JobState.COMPLETED,0,119.43837129919793,119.43837129919795,8241247.619644657
jid_892260,15160.0,393.0,1000,70,40887,77842,77913,JobState.COMPLETED,0,119.3760565800567,119.37605658005673,8356323.96060397
jid_892260,15160.0,393.0,1000,71,40887,77859,77931,JobState.COMPLETED,0,119.38322074239599,119.383220742396,8476208.672710115
jid_892260,15160.0,393.0,1000,72,40887,77870,77943,JobState.COMPLETED,0,119.42026952305203,119.42026952305203,8598259.405659746
jid_892260,15160.0,393.0,1000,70,40887,77913,77984,JobState.COMPLETED,0,119.35658005226948,119.35658005226946,8354960.603658863
jid_892260,15160.0,393.0,1000,73,40887,77931,78005,JobState.COMPLETED,0,119.45061647741343,119.45061647741342,8719895.00285118
jid_892260,15160.0,393.0,1000,74,40887,77943,78018,JobState.COMPLETED,0,119.28288962503147,119.28288962503146,8826933.83225233
jid_892260,15160.0,393.0,1000,74,40887,77984,78059,JobState.COMPLETED,0,119.2613198779377,119.26131987793772,8825337.67096739
jid_892260,15160.0,393.0,1000,67,40887,78005,78073,JobState.COMPLETED,0,119.38368838565447,119.38368838565444,7998707.121838849
jid_892260,15160.0,393.0,1000,74,40887,78018,78093,JobState.COMPLETED,0,119.36231323833155,119.36231323833154,8832811.179636536
jid_892260,15160.0,393.0,1000,74,40887,78059,78134,JobState.COMPLETED,0,119.27984795548859,119.27984795548858,8826708.748706156
jid_892260,15160.0,393.0,1000,73,40887,78073,78147,JobState.COMPLETED,0,119.28793328655881,119.28793328655878,8708019.129918793
jid_892260,15160.0,393.0,1000,75,40887,78093,78169,JobState.COMPLETED,0,119.25213906366952,119.25213906366953,8943910.429775214
jid_892260,15160.0,393.0,1000,67,40887,78134,78202,JobState.COMPLETED,0,119.37402832184722,119.37402832184723,7998059.897563764
jid_892260,15160.0,393.0,1000,74,40887,78147,78222,JobState.COMPLETED,0,119.2745282976907,119.27452829769071,8826315.09402911
jid_892260,15160.0,393.0,1000,74,40887,78169,78244,JobState.COMPLETED,0,119.22602712037325,119.22602712037326,8822726.00690762
jid_892260,15160.0,393.0,1000,76,40887,78202,78279,JobState.COMPLETED,0,119.34707660964564,119.34707660964564,9070377.822333068
jid_892260,15160.0,393.0,1000,75,40887,78222,78298,JobState.COMPLETED,0,119.24547024647656,119.24547024647654,8943410.268485742
jid_892260,15160.0,393.0,1000,74,40887,78244,78319,JobState.COMPLETED,0,119.24722308535755,119.24722308535752,8824294.508316457
jid_892260,15160.0,393.0,1000,76,40887,78279,78356,JobState.COMPLETED,0,119.33508931625695,119.33508931625697,9069466.788035529
jid_905720,93622.0,526.0,1,379,77983,77983,78363,JobState.COMPLETED,0,176.53061224489804,176.53061224489795,66905.10204081636
jid_892260,15160.0,393.0,1000,76,40887,78298,78375,JobState.COMPLETED,0,119.25356976263595,119.25356976263593,9063271.301960332
jid_892260,15160.0,393.0,1000,74,40887,78319,78394,JobState.COMPLETED,0,119.25890045449222,119.25890045449223,8825158.633632423
jid_892260,15160.0,393.0,1000,80,40887,78356,78437,JobState.COMPLETED,0,119.43064138720207,119.43064138720207,9554451.310976166
jid_892260,15160.0,393.0,1000,79,40887,78375,78455,JobState.COMPLETED,0,119.43111362788676,119.43111362788677,9435057.976603054
jid_892260,15160.0,393.0,1000,78,40887,78394,78473,JobState.COMPLETED,0,119.46054295678728,119.46054295678728,9317922.350629408
jid_892260,15160.0,393.0,1000,80,40887,78437,78518,JobState.COMPLETED,0,119.38684942059817,119.38684942059817,9550947.953647854
jid_892260,15160.0,393.0,1000,80,40887,78455,78536,JobState.COMPLETED,0,119.33204879462758,119.33204879462758,9546563.903570207
jid_892260,15160.0,393.0,1000,80,40887,78473,78554,JobState.COMPLETED,0,119.34915789402721,119.34915789402724,9547932.631522177
jid_892260,15160.0,393.0,1000,81,40887,78518,78600,JobState.COMPLETED,0,119.28816235658563,119.28816235658563,9662341.150883436
jid_892260,15160.0,393.0,1000,81,40887,78536,78618,JobState.COMPLETED,0,119.27641734320531,119.27641734320531,9661389.80479963
jid_892260,15160.0,393.0,1000,82,40887,78554,78637,JobState.COMPLETED,0,119.17333928366898,119.17333928366898,9772213.821260856
jid_892260,15160.0,393.0,1000,82,40887,78600,78683,JobState.COMPLETED,0,119.04948780154248,119.0494878015425,9762057.999726484
jid_892260,15160.0,393.0,1000,82,40887,78618,78701,JobState.COMPLETED,0,119.08399273193186,119.08399273193186,9764887.404018413
jid_892260,15160.0,393.0,1000,81,40887,78637,78719,JobState.COMPLETED,0,119.18987279104611,119.18987279104611,9654379.696074735
jid_892260,15160.0,393.0,1000,83,40887,78683,78767,JobState.COMPLETED,0,119.03546819918499,119.035468199185,9879943.860532355
jid_892260,15160.0,393.0,1000,82,40887,78701,78784,JobState.COMPLETED,0,119.10087807532823,119.10087807532823,9766272.002176914
jid_892260,15160.0,393.0,1000,84,40887,78719,78804,JobState.COMPLETED,0,119.01008866758495,119.01008866758494,9996847.448077137
jid_892260,15160.0,393.0,1000,82,40887,78767,78850,JobState.COMPLETED,0,119.08274089796379,119.08274089796382,9764784.75363303
jid_892260,15160.0,393.0,1000,83,40887,78784,78868,JobState.COMPLETED,0,119.04521077711009,119.04521077711009,9880752.494500136
jid_892260,15160.0,393.0,1000,81,40887,78804,78886,JobState.COMPLETED,0,119.00773325313175,119.00773325313175,9639626.393503672
jid_892260,15160.0,393.0,1000,82,40887,78850,78933,JobState.COMPLETED,0,118.95308448073452,118.9530844807345,9754152.92742023
jid_892260,15160.0,393.0,1000,82,40887,78868,78951,JobState.COMPLETED,0,119.07919300556792,119.0791930055679,9764493.82645657
jid_892260,15160.0,393.0,1000,82,40887,78886,78969,JobState.COMPLETED,0,119.16680469051927,119.16680469051927,9771677.984622579
jid_892260,15160.0,393.0,1000,83,40887,78933,79017,JobState.COMPLETED,0,119.09047595586698,119.09047595586698,9884509.504336959
jid_892260,15160.0,393.0,1000,60,40887,78969,79030,JobState.COMPLETED,0,119.39711807382037,119.39711807382037,7163827.084429222
jid_892260,15160.0,393.0,1000,84,40887,78951,79036,JobState.COMPLETED,0,118.961397960927,118.96139796092702,9992757.428717868
jid_892260,15160.0,393.0,1000,60,40887,79017,79078,JobState.COMPLETED,0,119.36167456382084,119.36167456382086,7161700.473829251
jid_892260,15160.0,393.0,1000,64,40887,79030,79095,JobState.COMPLETED,0,119.42846982001325,119.42846982001323,7643422.068480848
jid_892260,15160.0,393.0,1000,63,40887,79036,79100,JobState.COMPLETED,0,119.35496522623218,119.35496522623218,7519362.809252628
jid_892260,15160.0,393.0,1000,65,40887,79078,79144,JobState.COMPLETED,0,119.35939927461824,119.35939927461824,7758360.952850185
jid_892260,15160.0,393.0,1000,69,40887,79095,79165,JobState.COMPLETED,0,119.34319299942416,119.34319299942415,8234680.316960266
jid_892260,15160.0,393.0,1000,69,40887,79100,79170,JobState.COMPLETED,0,119.39247920944626,119.39247920944628,8238081.0654517915
jid_892260,15160.0,393.0,1000,59,40887,79144,79204,JobState.COMPLETED,0,119.37041229589524,119.37041229589524,7042854.325457819
jid_892260,15160.0,393.0,1000,61,40887,79165,79227,JobState.COMPLETED,0,119.44749946772706,119.44749946772708,7286297.46753135
jid_892260,15160.0,393.0,1000,65,40887,79170,79236,JobState.COMPLETED,0,119.40221150900001,119.40221150899998,7761143.748085001
jid_892260,15160.0,393.0,1000,64,40887,79204,79269,JobState.COMPLETED,0,119.416353961,119.416353961,7642646.653504
jid_892260,15160.0,393.0,1000,66,40887,79227,79294,JobState.COMPLETED,0,119.37385120448668,119.37385120448668,7878674.179496121
jid_892260,15160.0,393.0,1000,65,40887,79236,79302,JobState.COMPLETED,0,119.36227875007025,119.36227875007023,7758548.118754566
jid_892260,15160.0,393.0,1000,65,40887,79269,79335,JobState.COMPLETED,0,119.41422519268176,119.41422519268176,7761924.637524314
jid_892260,15160.0,393.0,1000,63,40887,79294,79358,JobState.COMPLETED,0,119.36061028605965,119.36061028605965,7519718.448021758
jid_892260,15160.0,393.0,1000,67,40887,79302,79370,JobState.COMPLETED,0,119.35547858232296,119.35547858232296,7996817.065015638
jid_892260,15160.0,393.0,1000,66,40887,79335,79402,JobState.COMPLETED,0,119.34870047584,119.34870047584,7877014.23140544
jid_892260,15160.0,393.0,1000,66,40887,79358,79425,JobState.COMPLETED,0,119.34476545202024,119.34476545202024,7876754.519833336
jid_892260,15160.0,393.0,1000,66,40887,79370,79437,JobState.COMPLETED,0,119.41477062326311,119.41477062326312,7881374.8611353645
jid_892260,15160.0,393.0,1000,66,40887,79402,79469,JobState.COMPLETED,0,119.43191285823136,119.43191285823137,7882506.24864327
jid_892260,15160.0,393.0,1000,67,40887,79425,79493,JobState.COMPLETED,0,119.34638016236316,119.34638016236315,7996207.470878332
jid_892260,15160.0,393.0,1000,66,40887,79437,79504,JobState.COMPLETED,0,119.36450644372331,119.3645064437233,7878057.425285739
jid_892260,15160.0,393.0,1000,67,40887,79469,79537,JobState.COMPLETED,0,119.49059023034513,119.49059023034513,8005869.545433124
jid_892260,15160.0,393.0,1000,68,40887,79493,79562,JobState.COMPLETED,0,119.4112818818365,119.41128188183652,8119967.167964882
jid_892260,15160.0,393.0,1000,67,40887,79504,79572,JobState.COMPLETED,0,119.4454457656897,119.44544576568968,8002844.86630121
jid_892260,15160.0,393.0,1000,67,40887,79537,79605,JobState.COMPLETED,0,119.340774549491,119.340774549491,7995831.894815897
jid_892260,15160.0,393.0,1000,68,40887,79562,79631,JobState.COMPLETED,0,119.38748485562891,119.3874848556289,8118348.970182765
jid_892260,15160.0,393.0,1000,63,40887,79572,79636,JobState.COMPLETED,0,119.3935680995778,119.3935680995778,7521794.790273401
jid_892260,15160.0,393.0,1000,69,40887,79605,79675,JobState.COMPLETED,0,119.39543977626178,119.39543977626178,8238285.344562062
jid_892260,15160.0,393.0,1000,64,40887,79636,79701,JobState.COMPLETED,0,119.40605949745151,119.40605949745151,7641987.807836897
jid_892260,15160.0,393.0,1000,72,40887,79631,79704,JobState.COMPLETED,0,119.37992277614596,119.37992277614595,8595354.43988251
jid_892260,15160.0,393.0,1000,65,40887,79675,79741,JobState.COMPLETED,0,119.3424023746102,119.3424023746102,7757256.154349663
jid_892260,15160.0,393.0,1000,65,40887,79701,79767,JobState.COMPLETED,0,119.35361868775892,119.35361868775892,7757985.21470433
jid_892260,15160.0,393.0,1000,73,40887,79704,79778,JobState.COMPLETED,0,119.33643204096981,119.3364320409698,8711559.538990796
jid_892260,15160.0,393.0,1000,75,40887,79741,79817,JobState.COMPLETED,0,119.30197303115132,119.3019730311513,8947647.977336349
jid_892260,15160.0,393.0,1000,60,40887,79767,79828,JobState.COMPLETED,0,119.31061361035901,119.31061361035901,7158636.816621541
jid_892260,15160.0,393.0,1000,58,40887,79778,79837,JobState.COMPLETED,0,119.3483660793517,119.3483660793517,6922205.232602399
jid_892260,15160.0,393.0,1000,64,40887,79817,79882,JobState.COMPLETED,0,119.40710125159131,119.4071012515913,7642054.480101844
jid_892260,15160.0,393.0,1000,65,40887,79828,79894,JobState.COMPLETED,0,119.35243100956457,119.35243100956457,7757908.015621697
jid_892260,15160.0,393.0,1000,60,40887,79837,79898,JobState.COMPLETED,0,119.37240890049574,119.37240890049574,7162344.534029745
jid_892260,15160.0,393.0,1000,66,40887,79882,79949,JobState.COMPLETED,0,119.32180152752845,119.32180152752845,7875238.900816877
jid_892260,15160.0,393.0,1000,66,40887,79894,79961,JobState.COMPLETED,0,119.37596171058564,119.37596171058564,7878813.472898653
jid_892260,15160.0,393.0,1000,66,40887,79898,79965,JobState.COMPLETED,0,119.38113593854347,119.38113593854345,7879154.971943869
jid_892260,15160.0,393.0,1000,68,40887,79949,80018,JobState.COMPLETED,0,119.20105773275459,119.20105773275458,8105671.925827312
jid_892260,15160.0,393.0,1000,67,40887,79961,80029,JobState.COMPLETED,0,119.40811770803785,119.40811770803785,8000343.886438536
jid_892260,15160.0,393.0,1000,67,40887,79965,80033,JobState.COMPLETED,0,119.26953638349775,119.26953638349775,7991058.937694349
jid_892260,15160.0,393.0,1000,66,40887,80018,80085,JobState.COMPLETED,0,119.22171468599959,119.2217146859996,7868633.169275972
jid_892260,15160.0,393.0,1000,67,40887,80029,80097,JobState.COMPLETED,0,119.28148869223857,119.28148869223857,7991859.742379984
jid_892260,15160.0,393.0,1000,66,40887,80033,80100,JobState.COMPLETED,0,119.32550261342296,119.32550261342297,7875483.172485915
jid_892260,15160.0,393.0,1000,68,40887,80085,80154,JobState.COMPLETED,0,119.37214244762305,119.37214244762303,8117305.686438367
jid_892260,15160.0,393.0,1000,67,40887,80097,80165,JobState.COMPLETED,0,119.25572873481872,119.25572873481869,7990133.825232854
jid_892260,15160.0,393.0,1000,67,40887,80100,80168,JobState.COMPLETED,0,119.29536350153855,119.29536350153857,7992789.354603083
jid_892260,15160.0,393.0,1000,69,40887,80154,80224,JobState.COMPLETED,0,119.35428288926484,119.35428288926481,8235445.519359273
jid_892260,15160.0,393.0,1000,68,40887,80165,80234,JobState.COMPLETED,0,119.29363757840385,119.29363757840386,8111967.355331462
jid_892260,15160.0,393.0,1000,70,40887,80168,80239,JobState.COMPLETED,0,119.38179986974168,119.38179986974168,8356725.990881918
jid_892260,15160.0,393.0,1000,65,40887,80224,80290,JobState.COMPLETED,0,119.34360458955247,119.34360458955246,7757334.29832091
jid_892260,15160.0,393.0,1000,64,40887,80234,80299,JobState.COMPLETED,0,119.37904461477024,119.37904461477024,7640258.855345295
jid_892260,15160.0,393.0,1000,67,40887,80239,80307,JobState.COMPLETED,0,119.38190595096744,119.38190595096742,7998587.698714819
jid_892260,15160.0,393.0,1000,65,40887,80290,80356,JobState.COMPLETED,0,119.35163211363958,119.35163211363957,7757856.087386573
jid_892260,15160.0,393.0,1000,65,40887,80299,80365,JobState.COMPLETED,0,119.36240341724057,119.36240341724056,7758556.222120637
jid_892260,15160.0,393.0,1000,65,40887,80307,80373,JobState.COMPLETED,0,119.32753849714717,119.3275384971472,7756290.002314567
jid_892260,15160.0,393.0,1000,67,40887,80356,80424,JobState.COMPLETED,0,119.33993788697735,119.33993788697735,7995775.838427483
jid_892260,15160.0,393.0,1000,65,40887,80365,80431,JobState.COMPLETED,0,119.35252501759213,119.35252501759213,7757914.126143488
jid_892260,15160.0,393.0,1000,66,40887,80373,80440,JobState.COMPLETED,0,119.31941106667978,119.31941106667979,7875081.130400865
jid_892260,15160.0,393.0,1000,67,40887,80424,80492,JobState.COMPLETED,0,119.31434735626517,119.31434735626517,7994061.272869767
jid_892260,15160.0,393.0,1000,67,40887,80431,80499,JobState.COMPLETED,0,119.27505176604495,119.27505176604498,7991428.468325011
jid_892260,15160.0,393.0,1000,66,40887,80440,80507,JobState.COMPLETED,0,119.35077201740562,119.35077201740563,7877150.953148771
jid_892260,15160.0,393.0,1000,66,40887,80492,80559,JobState.COMPLETED,0,119.29356268407123,119.29356268407123,7873375.137148702
jid_892260,15160.0,393.0,1000,66,40887,80499,80566,JobState.COMPLETED,0,119.29710407150992,119.29710407150992,7873608.868719655
jid_892260,15160.0,393.0,1000,67,40887,80507,80575,JobState.COMPLETED,0,119.16435187618355,119.16435187618355,7984011.575704298
jid_892260,15160.0,393.0,1000,66,40887,80559,80626,JobState.COMPLETED,0,119.28117888875025,119.28117888875025,7872557.806657516
jid_892260,15160.0,393.0,1000,67,40887,80566,80634,JobState.COMPLETED,0,119.28431373319985,119.28431373319985,7992049.02012439
jid_892260,15160.0,393.0,1000,59,40887,80575,80635,JobState.COMPLETED,0,119.36470280465991,119.36470280465991,7042517.465474935
jid_892260,15160.0,393.0,1000,66,40887,80626,80693,JobState.COMPLETED,0,119.41720312016363,119.41720312016363,7881535.4059308
jid_892260,15160.0,393.0,1000,60,40887,80635,80696,JobState.COMPLETED,0,119.44938036100403,119.44938036100403,7166962.821660242
jid_892260,15160.0,393.0,1000,66,40887,80634,80701,JobState.COMPLETED,0,119.43253220405626,119.43253220405624,7882547.125467713
jid_892260,15160.0,393.0,1000,67,40887,80693,80761,JobState.COMPLETED,0,119.36910013313569,119.36910013313569,7997729.708920091
jid_892260,15160.0,393.0,1000,64,40887,80696,80761,JobState.COMPLETED,0,119.34299884428853,119.34299884428854,7637951.926034466
jid_892260,15160.0,393.0,1000,66,40887,80701,80768,JobState.COMPLETED,0,119.39039188970833,119.3903918897083,7879765.86472075
jid_892260,15160.0,393.0,1000,69,40887,80761,80831,JobState.COMPLETED,0,119.36999438143172,119.36999438143172,8236529.612318789
jid_892260,15160.0,393.0,1000,71,40887,80761,80833,JobState.COMPLETED,0,119.38447790729799,119.38447790729798,8476297.931418158
jid_892260,15160.0,393.0,1000,73,40887,80768,80842,JobState.COMPLETED,0,119.32742872181979,119.3274287218198,8710902.296692844
jid_892260,15160.0,393.0,1000,72,40887,80831,80904,JobState.COMPLETED,0,119.3498764552842,119.34987645528422,8593191.104780462
jid_892260,15160.0,393.0,1000,71,40887,80833,80905,JobState.COMPLETED,0,119.34689915638927,119.34689915638924,8473629.840103637
jid_892260,15160.0,393.0,1000,72,40887,80842,80915,JobState.COMPLETED,0,119.4102488628556,119.4102488628556,8597537.918125603
jid_892260,15160.0,393.0,1000,72,40887,80904,80977,JobState.COMPLETED,0,119.2989245456924,119.2989245456924,8589522.567289852
jid_892260,15160.0,393.0,1000,71,40887,80905,80977,JobState.COMPLETED,0,119.25606368126664,119.25606368126664,8467180.521369932
jid_892260,15160.0,393.0,1000,71,40887,80915,80987,JobState.COMPLETED,0,119.38223723660202,119.38223723660205,8476138.843798744
jid_892260,15160.0,393.0,1000,70,40887,80977,81048,JobState.COMPLETED,0,119.31390195545602,119.31390195545603,8351973.136881921
jid_892260,15160.0,393.0,1000,73,40887,80977,81051,JobState.COMPLETED,0,119.27446324980342,119.27446324980342,8707035.81723565
jid_892260,15160.0,393.0,1000,71,40887,80987,81059,JobState.COMPLETED,0,119.30827283567645,119.30827283567645,8470887.37133303
jid_892260,15160.0,393.0,1000,70,40887,81048,81119,JobState.COMPLETED,0,119.35216923478525,119.35216923478525,8354651.8464349685
jid_892260,15160.0,393.0,1000,72,40887,81051,81124,JobState.COMPLETED,0,119.28138375184636,119.28138375184636,8588259.630132938
jid_892260,15160.0,393.0,1000,67,40887,81059,81127,JobState.COMPLETED,0,119.32111955685893,119.32111955685896,7994515.010309548
jid_892260,15160.0,393.0,1000,69,40887,81119,81189,JobState.COMPLETED,0,119.15078569229726,119.15078569229725,8221404.212768512
jid_892260,15160.0,393.0,1000,68,40887,81124,81193,JobState.COMPLETED,0,119.27744054635372,119.27744054635373,8110865.957152053
jid_892260,15160.0,393.0,1000,69,40887,81127,81197,JobState.COMPLETED,0,119.2817997830161,119.2817997830161,8230444.185028111
jid_892260,15160.0,393.0,1000,59,40887,81193,81253,JobState.COMPLETED,0,119.33530250811127,119.33530250811127,7040782.847978565
jid_892260,15160.0,393.0,1000,68,40887,81189,81258,JobState.COMPLETED,0,119.31562624258035,119.31562624258035,8113462.584495463
jid_892260,15160.0,393.0,1000,64,40887,81197,81262,JobState.COMPLETED,0,119.39035460712863,119.39035460712861,7640982.694856232
jid_892260,15160.0,393.0,1000,66,40887,81253,81320,JobState.COMPLETED,0,119.38202377266401,119.38202377266401,7879213.568995825
jid_892260,15160.0,393.0,1000,67,40887,81258,81326,JobState.COMPLETED,0,119.40660155995599,119.406601559956,8000242.304517051
jid_892260,15160.0,393.0,1000,63,40887,81262,81326,JobState.COMPLETED,0,119.35221671331277,119.35221671331276,7519189.652938705
jid_892260,15160.0,393.0,1000,67,40887,81320,81388,JobState.COMPLETED,0,119.4117262434689,119.41172624346888,8000585.658312417
jid_892260,15160.0,393.0,1000,64,40887,81326,81391,JobState.COMPLETED,0,119.36850112326643,119.36850112326643,7639584.071889051
jid_892260,15160.0,393.0,1000,69,40887,81326,81396,JobState.COMPLETED,0,119.36066171033659,119.3606617103366,8235885.6580132255
jid_892260,15160.0,393.0,1000,69,40887,81388,81458,JobState.COMPLETED,0,119.31899513872861,119.3189951387286,8233010.664572273
jid_892260,15160.0,393.0,1000,70,40887,81391,81462,JobState.COMPLETED,0,119.24140590466979,119.24140590466979,8346898.413326886
jid_892260,15160.0,393.0,1000,66,40887,81396,81463,JobState.COMPLETED,0,119.34172112570916,119.34172112570919,7876553.594296805
jid_892260,15160.0,393.0,1000,70,40887,81458,81529,JobState.COMPLETED,0,119.32415283569563,119.32415283569561,8352690.698498694
jid_892260,15160.0,393.0,1000,66,40887,81463,81530,JobState.COMPLETED,0,119.32561192361337,119.32561192361337,7875490.386958483
jid_892260,15160.0,393.0,1000,69,40887,81462,81532,JobState.COMPLETED,0,119.21696743386727,119.21696743386727,8225970.752936841
jid_892260,15160.0,393.0,1000,66,40887,81530,81597,JobState.COMPLETED,0,119.42759843626818,119.42759843626818,7882221.496793699
jid_892260,15160.0,393.0,1000,65,40887,81532,81598,JobState.COMPLETED,0,119.36110700249007,119.36110700249007,7758471.955161855
jid_892260,15160.0,393.0,1000,70,40887,81529,81600,JobState.COMPLETED,0,119.28886870022097,119.288868700221,8350220.809015467
jid_892260,15160.0,393.0,1000,64,40887,81597,81662,JobState.COMPLETED,0,119.38986418243812,119.38986418243812,7640951.30767604
jid_892260,15160.0,393.0,1000,67,40887,81598,81666,JobState.COMPLETED,0,119.34863656912245,119.34863656912245,7996358.650131204
jid_892260,15160.0,393.0,1000,67,40887,81600,81668,JobState.COMPLETED,0,119.29331096573465,119.29331096573465,7992651.834704221
jid_892260,15160.0,393.0,1000,67,40887,81662,81730,JobState.COMPLETED,0,119.37825903524495,119.37825903524497,7998343.355361411
jid_892260,15160.0,393.0,1000,66,40887,81666,81733,JobState.COMPLETED,0,119.36412553783079,119.3641255378308,7878032.285496832
jid_892260,15160.0,393.0,1000,66,40887,81668,81735,JobState.COMPLETED,0,119.34427645099628,119.34427645099628,7876722.245765754
jid_892260,15160.0,393.0,1000,63,40887,81733,81797,JobState.COMPLETED,0,119.26978579650299,119.269785796503,7513996.505179688
jid_892260,15160.0,393.0,1000,67,40887,81730,81798,JobState.COMPLETED,0,119.30479983318247,119.30479983318247,7993421.588823225
jid_892260,15160.0,393.0,1000,68,40887,81735,81804,JobState.COMPLETED,0,119.32652228294896,119.32652228294896,8114203.515240529
jid_892260,15160.0,393.0,1000,68,40887,81798,81867,JobState.COMPLETED,0,119.35382342650871,119.35382342650871,8116059.993002593
jid_892260,15160.0,393.0,1000,70,40887,81797,81868,JobState.COMPLETED,0,119.36434472858706,119.36434472858704,8355504.131001094
jid_892260,15160.0,393.0,1000,69,40887,81804,81874,JobState.COMPLETED,0,119.32166751207619,119.32166751207617,8233195.058333256
jid_892260,15160.0,393.0,1000,68,40887,81868,81937,JobState.COMPLETED,0,119.30972836785028,119.30972836785028,8113061.529013819
jid_892260,15160.0,393.0,1000,70,40887,81867,81938,JobState.COMPLETED,0,119.31888252669525,119.31888252669523,8352321.776868668
jid_892260,15160.0,393.0,1000,68,40887,81874,81943,JobState.COMPLETED,0,119.36563303396456,119.36563303396456,8116863.046309589
jid_892260,15160.0,393.0,1000,69,40887,81938,82008,JobState.COMPLETED,0,119.3030287406114,119.3030287406114,8231908.983102187
jid_892260,15160.0,393.0,1000,71,40887,81937,82009,JobState.COMPLETED,0,119.2609368472368,119.2609368472368,8467526.516153814
jid_892260,15160.0,393.0,1000,69,40887,81943,82013,JobState.COMPLETED,0,119.29259593431242,119.2925959343124,8231189.119467557
jid_892260,15160.0,393.0,1000,66,40887,82008,82075,JobState.COMPLETED,0,119.35008476376345,119.35008476376342,7877105.594408387
jid_892260,15160.0,393.0,1000,66,40887,82009,82076,JobState.COMPLETED,0,119.26386595835376,119.26386595835379,7871415.153251348
jid_892260,15160.0,393.0,1000,66,40887,82013,82080,JobState.COMPLETED,0,119.31660234795966,119.31660234795967,7874895.754965338
jid_892260,15160.0,393.0,1000,67,40887,82076,82144,JobState.COMPLETED,0,119.17660452046337,119.17660452046336,7984832.502871046
jid_892260,15160.0,393.0,1000,70,40887,82075,82146,JobState.COMPLETED,0,119.14871712155399,119.148717121554,8340410.198508779
jid_892260,15160.0,393.0,1000,68,40887,82080,82149,JobState.COMPLETED,0,119.30461294117347,119.30461294117346,8112713.679999796
jid_892260,15160.0,393.0,1000,66,40887,82144,82211,JobState.COMPLETED,0,119.27796532802064,119.27796532802066,7872345.711649363
jid_892260,15160.0,393.0,1000,64,40887,82146,82211,JobState.COMPLETED,0,119.37374795443088,119.37374795443088,7639919.869083577
jid_892260,15160.0,393.0,1000,66,40887,82149,82216,JobState.COMPLETED,0,119.37488453561159,119.37488453561154,7878742.379350365
jid_892260,15160.0,393.0,1000,66,40887,82211,82278,JobState.COMPLETED,0,119.36124951128114,119.36124951128114,7877842.467744555
jid_892260,15160.0,393.0,1000,66,40887,82211,82278,JobState.COMPLETED,0,119.4082012455219,119.4082012455219,7880941.282204445
jid_892260,15160.0,393.0,1000,64,40887,82216,82281,JobState.COMPLETED,0,119.3769685630944,119.3769685630944,7640125.988038042
jid_892260,15160.0,393.0,1000,60,40887,82281,82342,JobState.COMPLETED,0,119.39201732822356,119.39201732822356,7163521.039693413
jid_892260,15160.0,393.0,1000,67,40887,82278,82346,JobState.COMPLETED,0,119.3241050678247,119.3241050678247,7994715.039544255
jid_892260,15160.0,393.0,1000,68,40887,82278,82347,JobState.COMPLETED,0,119.41791181526749,119.41791181526746,8120418.003438189
jid_892260,15160.0,393.0,1000,70,40887,82342,82413,JobState.COMPLETED,0,119.37986896140363,119.37986896140364,8356590.827298254
jid_892260,15160.0,393.0,1000,70,40887,82346,82417,JobState.COMPLETED,0,119.37593064774015,119.37593064774018,8356315.145341811
jid_892260,15160.0,393.0,1000,71,40887,82347,82419,JobState.COMPLETED,0,119.37654276548673,119.37654276548673,8475734.53634956
jid_892260,15160.0,393.0,1000,69,40887,82413,82483,JobState.COMPLETED,0,119.39872603669356,119.39872603669357,8238512.096531857
jid_892260,15160.0,393.0,1000,66,40887,82419,82486,JobState.COMPLETED,0,119.45254137823427,119.45254137823426,7883867.730963462
jid_892260,15160.0,393.0,1000,71,40887,82417,82489,JobState.COMPLETED,0,119.39851678198612,119.39851678198612,8477294.691521015
jid_906266,93622.0,526.0,1,0,82491,82491,82492,JobState.COMPLETED,0,176.53061224489795,176.53061224489795,0.0
jid_892260,15160.0,393.0,1000,64,40887,82483,82548,JobState.COMPLETED,0,119.35065007261639,119.35065007261639,7638441.604647449
jid_892260,15160.0,393.0,1000,72,40887,82486,82559,JobState.COMPLETED,0,119.37272259196685,119.37272259196683,8594836.026621614
jid_892260,15160.0,393.0,1000,70,40887,82489,82560,JobState.COMPLETED,0,119.3852093228963,119.3852093228963,8356964.652602741
jid_892260,15160.0,393.0,1000,69,40887,82548,82618,JobState.COMPLETED,0,119.31947094841921,119.31947094841922,8233043.495440925
jid_892260,15160.0,393.0,1000,68,40887,82559,82628,JobState.COMPLETED,0,119.25874258032258,119.2587425803226,8109594.495461935
jid_892260,15160.0,393.0,1000,69,40887,82560,82630,JobState.COMPLETED,0,119.09248334984875,119.09248334984873,8217381.351139564
jid_892260,15160.0,393.0,1000,70,40887,82618,82689,JobState.COMPLETED,0,119.10142272896043,119.10142272896046,8337099.59102723
jid_892260,15160.0,393.0,1000,68,40887,82628,82697,JobState.COMPLETED,0,119.33697027253244,119.33697027253244,8114913.978532206
jid_892260,15160.0,393.0,1000,68,40887,82630,82699,JobState.COMPLETED,0,119.33558326609854,119.33558326609855,8114819.662094701
jid_892260,15160.0,393.0,1000,68,40887,82689,82758,JobState.COMPLETED,0,119.28701157147836,119.28701157147837,8111516.786860528
jid_892260,15160.0,393.0,1000,64,40887,82699,82764,JobState.COMPLETED,0,119.37976561108054,119.37976561108053,7640304.999109155
jid_892260,15160.0,393.0,1000,67,40887,82697,82765,JobState.COMPLETED,0,119.40011380086895,119.40011380086894,7999807.6246582195
jid_892260,15160.0,393.0,1000,58,40887,82764,82823,JobState.COMPLETED,0,119.41075769981659,119.41075769981657,6925823.946589362
jid_892260,15160.0,393.0,1000,65,40887,82758,82824,JobState.COMPLETED,0,119.38390539252711,119.38390539252711,7759953.850514262
jid_892260,15160.0,393.0,1000,59,40887,82765,82825,JobState.COMPLETED,0,119.32754682764272,119.32754682764275,7040325.2628309205
jid_892260,15160.0,393.0,1000,67,40887,82823,82891,JobState.COMPLETED,0,119.30075073428789,119.30075073428787,7993150.299197288
jid_892260,15160.0,393.0,1000,67,40887,82824,82892,JobState.COMPLETED,0,119.37716118974356,119.37716118974356,7998269.799712819
jid_892260,15160.0,393.0,1000,66,40887,82825,82892,JobState.COMPLETED,0,119.35860299044054,119.35860299044054,7877667.797369076
jid_906359,93622.0,526.0,1,384,82517,82517,82902,JobState.COMPLETED,0,176.53061224489804,176.53061224489795,67787.75510204084
jid_892260,15160.0,393.0,1000,60,40887,82892,82953,JobState.COMPLETED,0,119.28431474523441,119.2843147452344,7157058.884714064
jid_892260,15160.0,393.0,1000,66,40887,82891,82958,JobState.COMPLETED,0,119.37950073390103,119.37950073390098,7879047.048437467
jid_892260,15160.0,393.0,1000,67,40887,82892,82960,JobState.COMPLETED,0,119.31358504125649,119.31358504125647,7994010.197764184
jid_892260,15160.0,393.0,1000,63,40887,82953,83017,JobState.COMPLETED,0,119.35154699113998,119.35154699113998,7519147.460441819
jid_892260,15160.0,393.0,1000,65,40887,82958,83024,JobState.COMPLETED,0,119.31329228349878,119.31329228349877,7755363.998427421
jid_892260,15160.0,393.0,1000,66,40887,82960,83027,JobState.COMPLETED,0,119.41944515345992,119.41944515345992,7881683.380128355
jid_892260,15160.0,393.0,1000,66,40887,83017,83084,JobState.COMPLETED,0,119.33164051204083,119.33164051204083,7875888.273794695
jid_892260,15160.0,393.0,1000,65,40887,83024,83090,JobState.COMPLETED,0,119.37299171124826,119.37299171124825,7759244.461231138
jid_892260,15160.0,393.0,1000,67,40887,83027,83095,JobState.COMPLETED,0,119.35928724099566,119.35928724099564,7997072.2451467095
jid_892260,15160.0,393.0,1000,60,40887,83084,83145,JobState.COMPLETED,0,119.41367891300062,119.41367891300062,7164820.734780037
jid_892260,15160.0,393.0,1000,63,40887,83090,83154,JobState.COMPLETED,0,119.39925804984479,119.39925804984482,7522153.257140221
jid_892260,15160.0,393.0,1000,63,40887,83095,83159,JobState.COMPLETED,0,119.3719234231848,119.3719234231848,7520431.175660642
jid_892260,15160.0,393.0,1000,64,40887,83145,83210,JobState.COMPLETED,0,119.33847066244704,119.33847066244704,7637662.122396611
jid_892260,15160.0,393.0,1000,65,40887,83154,83220,JobState.COMPLETED,0,119.3756216601558,119.37562166015579,7759415.407910127
jid_892260,15160.0,393.0,1000,65,40887,83159,83225,JobState.COMPLETED,0,119.37062317270784,119.37062317270782,7759090.50622601
jid_892260,15160.0,393.0,1000,65,40887,83210,83276,JobState.COMPLETED,0,119.41259034399923,119.41259034399923,7761818.372359949
jid_892260,15160.0,393.0,1000,66,40887,83220,83287,JobState.COMPLETED,0,119.37153107088083,119.37153107088085,7878521.050678135
jid_892260,15160.0,393.0,1000,65,40887,83225,83291,JobState.COMPLETED,0,119.36029965845923,119.36029965845921,7758419.47779985
jid_892260,15160.0,393.0,1000,65,40887,83276,83342,JobState.COMPLETED,0,119.4107815776408,119.4107815776408,7761700.802546652
jid_892260,15160.0,393.0,1000,64,40887,83287,83352,JobState.COMPLETED,0,119.34805462492561,119.34805462492561,7638275.495995239
jid_892260,15160.0,393.0,1000,65,40887,83291,83357,JobState.COMPLETED,0,119.34684104855008,119.34684104855008,7757544.668155755
jid_892260,15160.0,393.0,1000,66,40887,83342,83409,JobState.COMPLETED,0,119.26227410895194,119.26227410895196,7871310.091190828
jid_892260,15160.0,393.0,1000,66,40887,83352,83419,JobState.COMPLETED,0,119.31733664623837,119.3173366462384,7874944.218651732
jid_906467,93622.0,526.0,1,296,83125,83125,83422,JobState.COMPLETED,0,176.53061224489795,176.53061224489795,52253.06122448979
jid_892260,15160.0,393.0,1000,67,40887,83357,83425,JobState.COMPLETED,0,119.34830183454314,119.34830183454314,7996336.22291439
jid_892260,15160.0,393.0,1000,66,40887,83409,83476,JobState.COMPLETED,0,119.36883755184499,119.36883755184498,7878343.278421769
jid_892260,15160.0,393.0,1000,67,40887,83419,83487,JobState.COMPLETED,0,119.32322355986074,119.32322355986075,7994655.978510669
jid_892260,15160.0,393.0,1000,67,40887,83425,83493,JobState.COMPLETED,0,119.25339735155202,119.25339735155201,7989977.622553986
jid_892260,15160.0,393.0,1000,68,40887,83476,83545,JobState.COMPLETED,0,119.26959188515248,119.26959188515247,8110332.2481903685
jid_892260,15160.0,393.0,1000,66,40887,83487,83554,JobState.COMPLETED,0,119.29557567772673,119.29557567772672,7873507.994729965
jid_892260,15160.0,393.0,1000,68,40887,83493,83562,JobState.COMPLETED,0,119.23633013610647,119.23633013610649,8108070.44925524
jid_892260,15160.0,393.0,1000,68,40887,83545,83614,JobState.COMPLETED,0,119.25108790493836,119.25108790493836,8109073.977535808
jid_892260,15160.0,393.0,1000,68,40887,83554,83623,JobState.COMPLETED,0,119.20923985426386,119.20923985426386,8106228.310089942
jid_892260,15160.0,393.0,1000,64,40887,83562,83627,JobState.COMPLETED,0,119.30888889329948,119.30888889329948,7635768.889171167
jid_892260,15160.0,393.0,1000,67,40887,83614,83682,JobState.COMPLETED,0,119.33465178145018,119.33465178145019,7995421.669357162
jid_892260,15160.0,393.0,1000,64,40887,83627,83692,JobState.COMPLETED,0,119.38273411484735,119.38273411484732,7640494.98335023
jid_892260,15160.0,393.0,1000,69,40887,83623,83693,JobState.COMPLETED,0,119.24960303973559,119.24960303973559,8228222.609741755
jid_892260,15160.0,393.0,1000,63,40887,83682,83746,JobState.COMPLETED,0,119.47562566802266,119.47562566802266,7526964.417085427
jid_892260,15160.0,393.0,1000,61,40887,83692,83754,JobState.COMPLETED,0,119.36424727454255,119.36424727454254,7281219.083747095
jid_892260,15160.0,393.0,1000,63,40887,83693,83757,JobState.COMPLETED,0,119.36364645767397,119.36364645767397,7519909.72683346
jid_892260,15160.0,393.0,1000,65,40887,83746,83812,JobState.COMPLETED,0,119.31930251612528,119.31930251612528,7755754.663548143
jid_892260,15160.0,393.0,1000,66,40887,83754,83821,JobState.COMPLETED,0,119.17978939379638,119.1797893937964,7865866.099990562
jid_892260,15160.0,393.0,1000,66,40887,83757,83824,JobState.COMPLETED,0,119.20990130776956,119.20990130776953,7867853.486312791
jid_907926,93625.0,526.0,1,325,83501,83501,83827,JobState.COMPLETED,0,176.53061224489798,176.53061224489795,57372.44897959184
jid_892260,15160.0,393.0,1000,66,40887,83812,83879,JobState.COMPLETED,0,119.1688449014529,119.16884490145291,7865143.763495891
jid_892260,15160.0,393.0,1000,58,40887,83824,83883,JobState.COMPLETED,0,119.442854245101,119.442854245101,6927685.546215858
jid_892260,15160.0,393.0,1000,66,40887,83821,83888,JobState.COMPLETED,0,119.42963171271167,119.42963171271168,7882355.69303897
jid_892260,15160.0,393.0,1000,68,40887,83879,83948,JobState.COMPLETED,0,119.24919648091392,119.24919648091394,8108945.360702147
jid_892260,15160.0,393.0,1000,70,40887,83883,83954,JobState.COMPLETED,0,119.09712963389849,119.09712963389846,8336799.074372895
jid_892260,15160.0,393.0,1000,66,40887,83888,83955,JobState.COMPLETED,0,119.28450699772199,119.284506997722,7872777.461849651
jid_892260,15160.0,393.0,1000,69,40887,83948,84018,JobState.COMPLETED,0,119.11222455583561,119.11222455583561,8218743.494352656
jid_892260,15160.0,393.0,1000,68,40887,83954,84023,JobState.COMPLETED,0,119.21196631607054,119.21196631607054,8106413.709492797
jid_892260,15160.0,393.0,1000,69,40887,83955,84025,JobState.COMPLETED,0,119.20336528069342,119.20336528069342,8225032.204367846
jid_892260,15160.0,393.0,1000,70,40887,84018,84089,JobState.COMPLETED,0,119.24447621224532,119.24447621224532,8347113.334857173
jid_892260,15160.0,393.0,1000,66,40887,84023,84090,JobState.COMPLETED,0,119.34842439999488,119.34842439999488,7876996.010399662
jid_892260,15160.0,393.0,1000,66,40887,84025,84092,JobState.COMPLETED,0,119.37634270877156,119.37634270877153,7878838.618778923
jid_892260,15160.0,393.0,1000,68,40887,84089,84158,JobState.COMPLETED,0,119.34014556050546,119.34014556050546,8115129.898114372
jid_892260,15160.0,393.0,1000,68,40887,84090,84159,JobState.COMPLETED,0,119.34217725166422,119.34217725166422,8115268.053113167
jid_892260,15160.0,393.0,1000,67,40887,84092,84160,JobState.COMPLETED,0,119.40308063047483,119.40308063047482,8000006.402241814
jid_892260,15160.0,393.0,1000,67,40887,84158,84226,JobState.COMPLETED,0,119.37913002353604,119.37913002353604,7998401.711576914
jid_892260,15160.0,393.0,1000,66,40887,84159,84226,JobState.COMPLETED,0,119.40382323787848,119.40382323787848,7880652.33369998
jid_892260,15160.0,393.0,1000,66,40887,84160,84227,JobState.COMPLETED,0,119.47301396122481,119.47301396122481,7885218.921440837
jid_892260,15160.0,393.0,1000,58,40887,84226,84285,JobState.COMPLETED,0,119.36618561362377,119.36618561362377,6923238.765590179
jid_892260,15160.0,393.0,1000,60,40887,84226,84287,JobState.COMPLETED,0,119.26639792637384,119.26639792637383,7155983.8755824305
jid_892260,15160.0,393.0,1000,65,40887,84227,84293,JobState.COMPLETED,0,119.3932525733643,119.3932525733643,7760561.4172686795
jid_892260,15160.0,393.0,1000,67,40887,84285,84353,JobState.COMPLETED,0,119.22676414548816,119.22676414548816,7988193.197747707
jid_892260,15160.0,393.0,1000,67,40887,84287,84355,JobState.COMPLETED,0,119.33933688414746,119.33933688414743,7995735.57123788
jid_892260,15160.0,393.0,1000,67,40887,84293,84361,JobState.COMPLETED,0,119.32868978288481,119.32868978288481,7995022.215453282
jid_892260,15160.0,393.0,1000,68,40887,84353,84422,JobState.COMPLETED,0,119.3208483520581,119.32084835205812,8113817.687939951
jid_892260,15160.0,393.0,1000,68,40887,84355,84424,JobState.COMPLETED,0,119.24773789781119,119.24773789781116,8108846.177051161
jid_892260,15160.0,393.0,1000,68,40887,84361,84430,JobState.COMPLETED,0,119.38696123099213,119.38696123099214,8118313.363707464
jid_892260,15160.0,393.0,1000,60,40887,84424,84485,JobState.COMPLETED,0,119.21930166957227,119.2193016695723,7153158.100174336
jid_892260,15160.0,393.0,1000,70,40887,84422,84493,JobState.COMPLETED,0,119.32069487238725,119.32069487238728,8352448.641067107
jid_892260,15160.0,393.0,1000,64,40887,84430,84495,JobState.COMPLETED,0,119.38214143066843,119.38214143066844,7640457.05156278
jid_892260,15160.0,393.0,1000,65,40887,84485,84551,JobState.COMPLETED,0,119.3547187425286,119.35471874252862,7758056.718264359
jid_892260,15160.0,393.0,1000,69,40887,84493,84563,JobState.COMPLETED,0,119.44225831566774,119.44225831566774,8241515.823781074
jid_892260,15160.0,393.0,1000,67,40887,84495,84563,JobState.COMPLETED,0,119.20946323110469,119.20946323110472,7987034.036484014
jid_892260,15160.0,393.0,1000,70,40887,84551,84622,JobState.COMPLETED,0,119.39377510417613,119.39377510417611,8357564.257292329
jid_892260,15160.0,393.0,1000,63,40887,84563,84627,JobState.COMPLETED,0,119.13586738962182,119.13586738962184,7505559.645546175
jid_892260,15160.0,393.0,1000,65,40887,84563,84629,JobState.COMPLETED,0,119.36882485032301,119.36882485032301,7758973.615270996
jid_892260,15160.0,393.0,1000,66,40887,84622,84689,JobState.COMPLETED,0,119.20068184657113,119.20068184657111,7867245.001873694
jid_892260,15160.0,393.0,1000,67,40887,84627,84695,JobState.COMPLETED,0,119.18772984384434,119.18772984384435,7985577.899537571
jid_892260,15160.0,393.0,1000,67,40887,84629,84697,JobState.COMPLETED,0,119.20210340714712,119.20210340714712,7986540.928278857
jid_892260,15160.0,393.0,1000,66,40887,84689,84756,JobState.COMPLETED,0,119.23569366748855,119.23569366748856,7869555.782054245
jid_892260,15160.0,393.0,1000,67,40887,84695,84763,JobState.COMPLETED,0,119.18967023478136,119.18967023478136,7985707.905730351
jid_892260,15160.0,393.0,1000,66,40887,84697,84764,JobState.COMPLETED,0,119.23106474563853,119.23106474563855,7869250.273212143
jid_892260,15160.0,393.0,1000,69,40887,84756,84826,JobState.COMPLETED,0,119.28311089884865,119.28311089884866,8230534.652020557
jid_892260,15160.0,393.0,1000,69,40887,84763,84833,JobState.COMPLETED,0,119.20270602750338,119.2027060275034,8224986.715897734
jid_892260,15160.0,393.0,1000,68,40887,84764,84833,JobState.COMPLETED,0,119.16077075270329,119.16077075270329,8102932.411183823
jid_892260,15160.0,393.0,1000,69,40887,84826,84896,JobState.COMPLETED,0,119.24028520232052,119.2402852023205,8227579.678960116
jid_892260,15160.0,393.0,1000,65,40887,84833,84899,JobState.COMPLETED,0,119.35270558681185,119.35270558681184,7757925.86314277
jid_892260,15160.0,393.0,1000,69,40887,84833,84903,JobState.COMPLETED,0,119.19864886707744,119.19864886707744,8224706.771828343
jid_892260,15160.0,393.0,1000,71,40887,84896,84968,JobState.COMPLETED,0,119.34240439587951,119.34240439587954,8473310.712107444
jid_892260,15160.0,393.0,1000,71,40887,84899,84971,JobState.COMPLETED,0,119.31348684059878,119.31348684059881,8471257.565682514
jid_892260,15160.0,393.0,1000,72,40887,84903,84976,JobState.COMPLETED,0,119.32179947620773,119.32179947620776,8591169.562286956
jid_892260,15160.0,393.0,1000,73,40887,84968,85042,JobState.COMPLETED,0,119.09347426780954,119.09347426780954,8693823.621550096
jid_892260,15160.0,393.0,1000,73,40887,84971,85045,JobState.COMPLETED,0,119.3157711945437,119.3157711945437,8710051.29720169
jid_892260,15160.0,393.0,1000,70,40887,84976,85047,JobState.COMPLETED,0,119.36903357844558,119.3690335784456,8355832.350491191
jid_892260,15160.0,393.0,1000,73,40887,85042,85116,JobState.COMPLETED,0,119.36466360176425,119.36466360176425,8713620.44292879
jid_892260,15160.0,393.0,1000,68,40887,85047,85116,JobState.COMPLETED,0,119.26756854827374,119.26756854827374,8110194.661282614
jid_892260,15160.0,393.0,1000,74,40887,85045,85120,JobState.COMPLETED,0,119.33009594566572,119.3300959456657,8830427.099979263
jid_892260,15160.0,393.0,1000,70,40887,85116,85187,JobState.COMPLETED,0,119.32394088037582,119.32394088037583,8352675.861626307
jid_892260,15160.0,393.0,1000,68,40887,85120,85189,JobState.COMPLETED,0,119.32043651295665,119.32043651295665,8113789.682881052
jid_892260,15160.0,393.0,1000,74,40887,85116,85191,JobState.COMPLETED,0,119.3336588229855,119.33365882298551,8830690.752900928
jid_892260,15160.0,393.0,1000,62,40887,85189,85252,JobState.COMPLETED,0,119.27224819724411,119.2722481972441,7394879.3882291345
jid_892260,15160.0,393.0,1000,64,40887,85191,85256,JobState.COMPLETED,0,119.21563384328553,119.21563384328554,7629800.565970274
jid_892260,15160.0,393.0,1000,74,40887,85187,85262,JobState.COMPLETED,0,119.34197157689755,119.34197157689755,8831305.896690419
jid_892260,15160.0,393.0,1000,67,40887,85252,85320,JobState.COMPLETED,0,119.36390858394086,119.36390858394087,7997381.875124037
jid_892260,15160.0,393.0,1000,66,40887,85256,85323,JobState.COMPLETED,0,119.35899879388545,119.35899879388543,7877693.92039644
jid_892260,15160.0,393.0,1000,67,40887,85262,85330,JobState.COMPLETED,0,119.29450451905747,119.29450451905747,7992731.802776851
jid_892260,15160.0,393.0,1000,66,40887,85320,85387,JobState.COMPLETED,0,119.33759017184212,119.33759017184211,7876280.951341581
jid_892260,15160.0,393.0,1000,68,40887,85323,85392,JobState.COMPLETED,0,119.23162167812059,119.23162167812059,8107750.274112199
jid_892260,15160.0,393.0,1000,67,40887,85330,85398,JobState.COMPLETED,0,119.305693530609,119.305693530609,7993481.466550804
jid_892260,15160.0,393.0,1000,68,40887,85387,85456,JobState.COMPLETED,0,119.17333040693708,119.1733304069371,8103786.467671722
jid_892260,15160.0,393.0,1000,68,40887,85392,85461,JobState.COMPLETED,0,119.29133733231832,119.29133733231832,8111810.938597646
jid_892260,15160.0,393.0,1000,67,40887,85398,85466,JobState.COMPLETED,0,119.26963210632348,119.26963210632348,7991065.351123673
jid_892260,15160.0,393.0,1000,68,40887,85456,85525,JobState.COMPLETED,0,119.30329099917435,119.30329099917435,8112623.787943856
jid_892260,15160.0,393.0,1000,69,40887,85461,85531,JobState.COMPLETED,0,119.30090752942105,119.30090752942107,8231762.619530053
jid_892260,15160.0,393.0,1000,69,40887,85466,85536,JobState.COMPLETED,0,119.17570480128893,119.17570480128896,8223123.631288936
jid_892260,15160.0,393.0,1000,70,40887,85525,85596,JobState.COMPLETED,0,119.33846415095208,119.33846415095208,8353692.490566646
jid_892260,15160.0,393.0,1000,70,40887,85531,85602,JobState.COMPLETED,0,119.22655750188125,119.22655750188125,8345859.0251316875
jid_892260,15160.0,393.0,1000,71,40887,85536,85608,JobState.COMPLETED,0,119.30729607839369,119.30729607839368,8470818.021565951
jid_892260,15160.0,393.0,1000,69,40887,85596,85666,JobState.COMPLETED,0,119.23102275153526,119.23102275153524,8226940.569855933
jid_892260,15160.0,393.0,1000,70,40887,85602,85673,JobState.COMPLETED,0,119.41142547295361,119.41142547295362,8358799.783106754
jid_892260,15160.0,393.0,1000,66,40887,85608,85675,JobState.COMPLETED,0,119.34299755072556,119.34299755072554,7876637.838347887
jid_892260,15160.0,393.0,1000,67,40887,85666,85734,JobState.COMPLETED,0,119.3564426961088,119.35644269610879,7996881.660639289
jid_892260,15160.0,393.0,1000,66,40887,85673,85740,JobState.COMPLETED,0,119.36083896085727,119.36083896085728,7877815.371416579
jid_892260,15160.0,393.0,1000,66,40887,85675,85742,JobState.COMPLETED,0,119.28263540003236,119.28263540003235,7872653.9364021355
jid_892260,15160.0,393.0,1000,62,40887,85740,85803,JobState.COMPLETED,0,119.1572838712967,119.1572838712967,7387751.600020395
jid_892260,15160.0,393.0,1000,62,40887,85742,85805,JobState.COMPLETED,0,119.11888625621168,119.1188862562117,7385370.947885124
jid_892260,15160.0,393.0,1000,73,40887,85734,85808,JobState.COMPLETED,0,119.27197957477267,119.27197957477269,8706854.508958407
jid_892260,15160.0,393.0,1000,63,40887,85803,85867,JobState.COMPLETED,0,119.09837691574367,119.09837691574367,7503197.745691851
jid_892260,15160.0,393.0,1000,65,40887,85805,85871,JobState.COMPLETED,0,119.30079187618058,119.3007918761806,7754551.471951738
jid_892260,15160.0,393.0,1000,65,40887,85808,85874,JobState.COMPLETED,0,119.30646442246551,119.3064644224655,7754920.187460258
jid_892260,15160.0,393.0,1000,67,40887,85867,85935,JobState.COMPLETED,0,119.42150449772309,119.42150449772309,8001240.801347447
jid_892260,15160.0,393.0,1000,67,40887,85871,85939,JobState.COMPLETED,0,119.36783977910902,119.36783977910903,7997645.265200305
jid_892260,15160.0,393.0,1000,69,40887,85874,85944,JobState.COMPLETED,0,119.33251518048895,119.33251518048897,8233943.547453739
jid_892260,15160.0,393.0,1000,68,40887,85935,86004,JobState.COMPLETED,0,119.35582181555824,119.35582181555824,8116195.883457961
jid_892260,15160.0,393.0,1000,67,40887,85939,86007,JobState.COMPLETED,0,119.33712601563079,119.33712601563079,7995587.443047263
jid_892260,15160.0,393.0,1000,68,40887,85944,86013,JobState.COMPLETED,0,119.41458686563055,119.41458686563054,8120191.906862877
jid_892260,15160.0,393.0,1000,65,40887,86004,86070,JobState.COMPLETED,0,119.40524643446409,119.40524643446408,7761341.018240166
jid_892260,15160.0,393.0,1000,65,40887,86007,86073,JobState.COMPLETED,0,119.38921666514038,119.38921666514041,7760299.083234125
jid_892260,15160.0,393.0,1000,67,40887,86013,86081,JobState.COMPLETED,0,119.43294018535052,119.43294018535053,8002006.992418485
jid_892260,15160.0,393.0,1000,68,40887,86070,86139,JobState.COMPLETED,0,119.43997370246579,119.4399737024658,8121918.2117676735
jid_892260,15160.0,393.0,1000,66,40887,86073,86140,JobState.COMPLETED,0,119.38860616898143,119.38860616898144,7879648.007152774
jid_892260,15160.0,393.0,1000,61,40887,86081,86143,JobState.COMPLETED,0,119.3016072218431,119.3016072218431,7277398.040532429
jid_892260,15160.0,393.0,1000,68,40887,86139,86208,JobState.COMPLETED,0,119.34057970986781,119.3405797098678,8115159.420271011
jid_892260,15160.0,393.0,1000,68,40887,86140,86209,JobState.COMPLETED,0,119.32384742125274,119.32384742125274,8114021.624645187
jid_892260,15160.0,393.0,1000,69,40887,86143,86213,JobState.COMPLETED,0,119.22362497391309,119.22362497391309,8226430.123200003
jid_892260,15160.0,393.0,1000,67,40887,86208,86276,JobState.COMPLETED,0,119.30585834241697,119.30585834241698,7993492.508941936
jid_892260,15160.0,393.0,1000,68,40887,86209,86278,JobState.COMPLETED,0,119.26952987426068,119.2695298742607,8110328.031449726
jid_892260,15160.0,393.0,1000,69,40887,86213,86283,JobState.COMPLETED,0,119.24961283614034,119.24961283614034,8228223.285693685
jid_892260,15160.0,393.0,1000,70,40887,86276,86347,JobState.COMPLETED,0,119.13446167285667,119.13446167285666,8339412.317099966
jid_892260,15160.0,393.0,1000,70,40887,86278,86349,JobState.COMPLETED,0,119.14576901453697,119.14576901453697,8340203.831017588
jid_892260,15160.0,393.0,1000,70,40887,86283,86354,JobState.COMPLETED,0,119.18683119823494,119.18683119823494,8343078.1838764455
jid_892260,15160.0,393.0,1000,71,40887,86347,86419,JobState.COMPLETED,0,119.24574502109525,119.24574502109523,8466447.896497762
jid_892260,15160.0,393.0,1000,70,40887,86349,86420,JobState.COMPLETED,0,119.1662582122864,119.1662582122864,8341638.074860048
jid_892260,15160.0,393.0,1000,69,40887,86354,86424,JobState.COMPLETED,0,119.19602363611942,119.19602363611942,8224525.6308922395
jid_892260,15160.0,393.0,1000,70,40887,86419,86490,JobState.COMPLETED,0,119.1938627400504,119.19386274005039,8343570.391803529
jid_892260,15160.0,393.0,1000,69,40887,86420,86490,JobState.COMPLETED,0,119.26595838806722,119.26595838806723,8229351.128776638
jid_892260,15160.0,393.0,1000,67,40887,86424,86492,JobState.COMPLETED,0,119.30968064545493,119.30968064545496,7993748.603245481
jid_892260,15160.0,393.0,1000,61,40887,86492,86554,JobState.COMPLETED,0,119.30692914998693,119.30692914998693,7277722.678149203
jid_892260,15160.0,393.0,1000,66,40887,86490,86557,JobState.COMPLETED,0,119.35337463988634,119.35337463988635,7877322.726232498
jid_892260,15160.0,393.0,1000,69,40887,86490,86560,JobState.COMPLETED,0,119.15065834672262,119.15065834672262,8221395.425923862
jid_892260,15160.0,393.0,1000,60,40887,86554,86615,JobState.COMPLETED,0,119.43129963004623,119.43129963004621,7165877.977802774
jid_892260,15160.0,393.0,1000,63,40887,86557,86621,JobState.COMPLETED,0,119.45367452089393,119.4536745208939,7525581.494816317
jid_892260,15160.0,393.0,1000,64,40887,86560,86625,JobState.COMPLETED,0,119.40566855061378,119.40566855061378,7641962.787239282
jid_892260,15160.0,393.0,1000,63,40887,86615,86679,JobState.COMPLETED,0,119.40567741866315,119.40567741866315,7522557.677375779
jid_892260,15160.0,393.0,1000,64,40887,86621,86686,JobState.COMPLETED,0,119.44281430512737,119.44281430512737,7644340.115528151
jid_892260,15160.0,393.0,1000,64,40887,86625,86690,JobState.COMPLETED,0,119.3503439289373,119.35034392893729,7638422.011451988
jid_892260,15160.0,393.0,1000,64,40887,86679,86744,JobState.COMPLETED,0,119.41468327285864,119.41468327285865,7642539.729462953
jid_892260,15160.0,393.0,1000,64,40887,86686,86751,JobState.COMPLETED,0,119.31974151108388,119.31974151108385,7636463.456709368
jid_892260,15160.0,393.0,1000,64,40887,86690,86755,JobState.COMPLETED,0,119.37915648330817,119.37915648330815,7640266.014931723
jid_892260,15160.0,393.0,1000,65,40887,86744,86810,JobState.COMPLETED,0,119.40816045427115,119.40816045427117,7761530.4295276245
jid_892260,15160.0,393.0,1000,66,40887,86751,86818,JobState.COMPLETED,0,119.41880800704703,119.41880800704702,7881641.328465104
jid_892260,15160.0,393.0,1000,65,40887,86755,86821,JobState.COMPLETED,0,119.43412858374373,119.43412858374374,7763218.357943342
jid_892260,15160.0,393.0,1000,66,40887,86810,86877,JobState.COMPLETED,0,119.34384745085657,119.34384745085657,7876693.931756534
jid_892260,15160.0,393.0,1000,67,40887,86818,86886,JobState.COMPLETED,0,119.34843665923594,119.34843665923592,7996345.256168808
jid_892260,15160.0,393.0,1000,67,40887,86821,86889,JobState.COMPLETED,0,119.43176335998858,119.43176335998858,8001928.145119235
jid_892260,15160.0,393.0,1000,67,40887,86877,86945,JobState.COMPLETED,0,119.46308110340578,119.46308110340578,8004026.433928188
jid_892260,15160.0,393.0,1000,68,40887,86886,86955,JobState.COMPLETED,0,119.31421617362925,119.31421617362923,8113366.699806789
jid_892260,15160.0,393.0,1000,69,40887,86889,86959,JobState.COMPLETED,0,119.17170192115674,119.17170192115675,8222847.432559814
jid_892260,15160.0,393.0,1000,69,40887,86945,87015,JobState.COMPLETED,0,119.39897432574632,119.39897432574634,8238529.228476496
jid_892260,15160.0,393.0,1000,67,40887,86955,87023,JobState.COMPLETED,0,119.36360993918042,119.3636099391804,7997361.865925088
jid_892260,15160.0,393.0,1000,69,40887,86959,87029,JobState.COMPLETED,0,119.39762376773449,119.39762376773447,8238436.03997368
jid_892260,15160.0,393.0,1000,66,40887,87015,87082,JobState.COMPLETED,0,119.45844987735724,119.45844987735724,7884257.691905579
jid_892260,15160.0,393.0,1000,70,40887,87023,87094,JobState.COMPLETED,0,119.38338766898528,119.38338766898528,8356837.13682897
jid_892260,15160.0,393.0,1000,67,40887,87029,87097,JobState.COMPLETED,0,119.36333916329828,119.3633391632983,7997343.723940985
jid_892260,15160.0,393.0,1000,68,40887,87082,87151,JobState.COMPLETED,0,119.41373866675262,119.41373866675264,8120134.229339178
jid_892260,15160.0,393.0,1000,68,40887,87094,87163,JobState.COMPLETED,0,119.38501493807809,119.38501493807806,8118181.0157893095
jid_892260,15160.0,393.0,1000,68,40887,87097,87166,JobState.COMPLETED,0,119.40049014989447,119.40049014989445,8119233.330192824
jid_892260,15160.0,393.0,1000,70,40887,87151,87222,JobState.COMPLETED,0,119.38132708976578,119.38132708976576,8356692.896283604
jid_892260,15160.0,393.0,1000,59,40887,87163,87223,JobState.COMPLETED,0,119.30335145611357,119.30335145611357,7038897.735910702
jid_892260,15160.0,393.0,1000,58,40887,87166,87225,JobState.COMPLETED,0,119.35517703596796,119.35517703596797,6922600.268086141
jid_892260,15160.0,393.0,1000,58,40887,87222,87281,JobState.COMPLETED,0,119.33478360210567,119.33478360210567,6921417.448922128
jid_892260,15160.0,393.0,1000,63,40887,87223,87287,JobState.COMPLETED,0,119.4132569414731,119.41325694147308,7523035.187312805
jid_892260,15160.0,393.0,1000,64,40887,87225,87290,JobState.COMPLETED,0,119.37031989965854,119.37031989965854,7639700.473578147
jid_892260,15160.0,393.0,1000,63,40887,87281,87345,JobState.COMPLETED,0,119.41435617021101,119.41435617021101,7523104.438723293
jid_892260,15160.0,393.0,1000,63,40887,87287,87351,JobState.COMPLETED,0,119.33722542164055,119.33722542164055,7518245.2015633555
jid_892260,15160.0,393.0,1000,65,40887,87290,87356,JobState.COMPLETED,0,119.28900489579874,119.28900489579874,7753785.318226919
jid_892260,15160.0,393.0,1000,66,40887,87345,87412,JobState.COMPLETED,0,119.39769608182056,119.39769608182057,7880247.941400156
jid_892260,15160.0,393.0,1000,65,40887,87351,87417,JobState.COMPLETED,0,119.3028535257095,119.3028535257095,7754685.479171118
jid_892260,15160.0,393.0,1000,67,40887,87356,87424,JobState.COMPLETED,0,119.25013983468746,119.25013983468746,7989759.368924059
jid_892260,15160.0,393.0,1000,64,40887,87412,87477,JobState.COMPLETED,0,119.40929683132677,119.40929683132676,7642194.997204914
jid_892260,15160.0,393.0,1000,64,40887,87417,87482,JobState.COMPLETED,0,119.3595451804466,119.3595451804466,7639010.891548582
jid_892260,15160.0,393.0,1000,63,40887,87424,87488,JobState.COMPLETED,0,119.45902275443481,119.4590227544348,7525918.433529393
jid_892260,15160.0,393.0,1000,66,40887,87477,87544,JobState.COMPLETED,0,119.36934785894121,119.36934785894124,7878376.95869012
jid_892260,15160.0,393.0,1000,64,40887,87482,87547,JobState.COMPLETED,0,119.40956839788056,119.40956839788059,7642212.377464356
jid_892260,15160.0,393.0,1000,64,40887,87488,87553,JobState.COMPLETED,0,119.35568390224046,119.35568390224046,7638763.769743389
jid_892260,15160.0,393.0,1000,65,40887,87544,87610,JobState.COMPLETED,0,119.37806499711994,119.37806499711992,7759574.224812795
jid_892260,15160.0,393.0,1000,65,40887,87547,87613,JobState.COMPLETED,0,119.40441128509535,119.40441128509534,7761286.7335311975
jid_892260,15160.0,393.0,1000,66,40887,87553,87620,JobState.COMPLETED,0,119.30142182481391,119.3014218248139,7873893.840437719
jid_892260,15160.0,393.0,1000,67,40887,87610,87678,JobState.COMPLETED,0,119.32932773640069,119.3293277364007,7995064.9583388455
jid_892260,15160.0,393.0,1000,66,40887,87613,87680,JobState.COMPLETED,0,119.39876040808461,119.39876040808461,7880318.186933584
jid_892260,15160.0,393.0,1000,63,40887,87620,87684,JobState.COMPLETED,0,119.30433028548944,119.30433028548944,7516172.807985835
jid_892260,15160.0,393.0,1000,64,40887,87678,87743,JobState.COMPLETED,0,119.29593438136368,119.29593438136368,7634939.800407276
jid_892260,15160.0,393.0,1000,67,40887,87680,87748,JobState.COMPLETED,0,119.28814937616478,119.2881493761648,7992306.008203041
jid_892260,15160.0,393.0,1000,65,40887,87684,87750,JobState.COMPLETED,0,119.29554139528865,119.29554139528865,7754210.190693762
jid_892260,15160.0,393.0,1000,67,40887,87743,87811,JobState.COMPLETED,0,119.28440222134408,119.2844022213441,7992054.948830053
jid_892260,15160.0,393.0,1000,62,40887,87750,87813,JobState.COMPLETED,0,119.19267408893015,119.19267408893015,7389945.793513669
jid_892260,15160.0,393.0,1000,66,40887,87748,87815,JobState.COMPLETED,0,119.30515394308277,119.30515394308277,7874140.160243463
jid_892260,15160.0,393.0,1000,59,40887,87815,87875,JobState.COMPLETED,0,119.33067665780386,119.33067665780386,7040509.922810428
jid_892260,15160.0,393.0,1000,65,40887,87811,87877,JobState.COMPLETED,0,119.4213467241882,119.42134672418821,7762387.537072233
jid_892260,15160.0,393.0,1000,65,40887,87813,87879,JobState.COMPLETED,0,119.37599399974928,119.37599399974926,7759439.609983703
jid_892260,15160.0,393.0,1000,59,40887,87875,87935,JobState.COMPLETED,0,119.36374741615099,119.36374741615099,7042461.097552909
jid_892260,15160.0,393.0,1000,63,40887,87877,87941,JobState.COMPLETED,0,119.40565738903885,119.40565738903886,7522556.415509448
jid_892260,15160.0,393.0,1000,64,40887,87879,87944,JobState.COMPLETED,0,119.42827134396163,119.42827134396165,7643409.366013544
jid_892260,15160.0,393.0,1000,64,40887,87935,88000,JobState.COMPLETED,0,119.33910800885214,119.33910800885215,7637702.912566537
jid_892260,15160.0,393.0,1000,65,40887,87941,88007,JobState.COMPLETED,0,119.32363225606913,119.32363225606915,7756036.096644493
jid_892260,15160.0,393.0,1000,66,40887,87944,88011,JobState.COMPLETED,0,119.38059260187092,119.38059260187093,7879119.11172348
jid_892260,15160.0,393.0,1000,65,40887,88000,88066,JobState.COMPLETED,0,119.34964411513381,119.34964411513383,7757726.867483698
jid_892260,15160.0,393.0,1000,66,40887,88007,88074,JobState.COMPLETED,0,119.33963434460749,119.33963434460749,7876415.8667440945
jid_892260,15160.0,393.0,1000,66,40887,88011,88078,JobState.COMPLETED,0,119.27464638169788,119.2746463816979,7872126.66119206
jid_892260,15160.0,393.0,1000,66,40887,88066,88133,JobState.COMPLETED,0,119.38422975179007,119.38422975179009,7879359.163618145
jid_892260,15160.0,393.0,1000,66,40887,88074,88141,JobState.COMPLETED,0,119.39420319278457,119.39420319278457,7880017.410723782
jid_892260,15160.0,393.0,1000,67,40887,88078,88146,JobState.COMPLETED,0,119.33682841168125,119.33682841168127,7995567.503582644
jid_892260,15160.0,393.0,1000,67,40887,88133,88201,JobState.COMPLETED,0,119.327840229733,119.32784022973298,7994965.295392111
jid_892260,15160.0,393.0,1000,67,40887,88141,88209,JobState.COMPLETED,0,119.2459902157687,119.2459902157687,7989481.344456502
jid_892260,15160.0,393.0,1000,64,40887,88146,88211,JobState.COMPLETED,0,119.3776371286899,119.37763712868988,7640168.776236153
jid_892260,15160.0,393.0,1000,67,40887,88201,88269,JobState.COMPLETED,0,119.2835271220115,119.28352712201149,7991996.317174771
jid_892260,15160.0,393.0,1000,66,40887,88209,88276,JobState.COMPLETED,0,119.3368890609443,119.3368890609443,7876234.678022324
jid_892260,15160.0,393.0,1000,68,40887,88211,88280,JobState.COMPLETED,0,119.3257437377727,119.3257437377727,8114150.574168543
jid_892260,15160.0,393.0,1000,69,40887,88269,88339,JobState.COMPLETED,0,119.30213877191072,119.30213877191073,8231847.57526184
jid_892260,15160.0,393.0,1000,69,40887,88276,88346,JobState.COMPLETED,0,119.3198058906158,119.3198058906158,8233066.60645249
jid_892260,15160.0,393.0,1000,67,40887,88280,88348,JobState.COMPLETED,0,119.38943338387503,119.38943338387502,7999092.036719627
jid_892260,15160.0,393.0,1000,65,40887,88339,88405,JobState.COMPLETED,0,119.37739885843416,119.37739885843416,7759530.925798221
jid_892260,15160.0,393.0,1000,64,40887,88346,88411,JobState.COMPLETED,0,119.3710433527434,119.3710433527434,7639746.774575577
jid_892260,15160.0,393.0,1000,65,40887,88348,88414,JobState.COMPLETED,0,119.3436797483498,119.34367974834977,7757339.183642738
jid_892260,15160.0,393.0,1000,65,40887,88405,88471,JobState.COMPLETED,0,119.33033581962458,119.33033581962457,7756471.828275598
jid_892260,15160.0,393.0,1000,64,40887,88411,88476,JobState.COMPLETED,0,119.36412901980172,119.36412901980172,7639304.25726731
jid_892260,15160.0,393.0,1000,66,40887,88414,88481,JobState.COMPLETED,0,119.30698261791872,119.3069826179187,7874260.852782636
jid_892260,15160.0,393.0,1000,64,40887,88471,88536,JobState.COMPLETED,0,119.3233088876647,119.3233088876647,7636691.76881054
jid_892260,15160.0,393.0,1000,65,40887,88476,88542,JobState.COMPLETED,0,119.318198489078,119.31819848907801,7755682.90179007
jid_892260,15160.0,393.0,1000,65,40887,88481,88547,JobState.COMPLETED,0,119.34105546209334,119.34105546209335,7757168.605036067
jid_892260,15160.0,393.0,1000,65,40887,88536,88602,JobState.COMPLETED,0,119.38348634358736,119.38348634358735,7759926.612333179
jid_892260,15160.0,393.0,1000,67,40887,88542,88610,JobState.COMPLETED,0,119.31649093540464,119.31649093540463,7994204.892672111
jid_892260,15160.0,393.0,1000,64,40887,88547,88612,JobState.COMPLETED,0,119.28876915318807,119.28876915318806,7634481.2258040365
jid_892260,15160.0,393.0,1000,67,40887,88602,88670,JobState.COMPLETED,0,119.34947445134797,119.34947445134797,7996414.788240314
jid_892260,15160.0,393.0,1000,65,40887,88610,88676,JobState.COMPLETED,0,119.31947536531298,119.31947536531297,7755765.898745344
jid_892260,15160.0,393.0,1000,64,40887,88612,88677,JobState.COMPLETED,0,119.36796782288512,119.3679678228851,7639549.940664648
jid_892260,15160.0,393.0,1000,65,40887,88670,88736,JobState.COMPLETED,0,119.32807832175723,119.3280783217572,7756325.09091422
jid_892260,15160.0,393.0,1000,64,40887,88676,88741,JobState.COMPLETED,0,119.35974947668122,119.35974947668122,7639023.966507598
jid_892260,15160.0,393.0,1000,65,40887,88677,88743,JobState.COMPLETED,0,119.32606201317115,119.32606201317115,7756194.030856125
jid_892260,15160.0,393.0,1000,65,40887,88736,88802,JobState.COMPLETED,0,119.34689791822399,119.34689791822399,7757548.364684559
jid_892260,15160.0,393.0,1000,65,40887,88741,88807,JobState.COMPLETED,0,119.40381881550492,119.40381881550493,7761248.22300782
jid_892260,15160.0,393.0,1000,67,40887,88743,88811,JobState.COMPLETED,0,119.29022661920938,119.29022661920938,7992445.183487028
jid_892260,15160.0,393.0,1000,66,40887,88802,88869,JobState.COMPLETED,0,119.35815964034994,119.35815964034997,7877638.536263096
jid_892260,15160.0,393.0,1000,64,40887,88807,88872,JobState.COMPLETED,0,119.36427819819502,119.36427819819502,7639313.804684482
jid_892260,15160.0,393.0,1000,65,40887,88811,88877,JobState.COMPLETED,0,119.34720341782644,119.34720341782644,7757568.222158719
jid_892260,15160.0,393.0,1000,63,40887,88869,88933,JobState.COMPLETED,0,119.39602577645067,119.39602577645068,7521949.623916392
jid_892260,15160.0,393.0,1000,64,40887,88872,88937,JobState.COMPLETED,0,119.41791630441674,119.41791630441675,7642746.643482671
jid_892260,15160.0,393.0,1000,66,40887,88877,88944,JobState.COMPLETED,0,119.39908932990765,119.39908932990765,7880339.895773905
jid_901587,15160.0,393.0,1000,61,41366,88933,88995,JobState.COMPLETED,0,119.64818347123789,119.64818347123789,7298539.191745511
jid_901587,15160.0,393.0,1000,62,41366,88937,89000,JobState.COMPLETED,0,119.70997591580321,119.7099759158032,7422018.506779799
jid_901587,15160.0,393.0,1000,60,41366,88944,89005,JobState.COMPLETED,0,119.63818474142536,119.63818474142538,7178291.084485522
jid_901587,15160.0,393.0,1000,62,41366,88995,89058,JobState.COMPLETED,0,119.66295015424818,119.6629501542482,7419102.909563387
jid_901587,15160.0,393.0,1000,59,41366,89000,89060,JobState.COMPLETED,0,119.62199677075334,119.62199677075334,7057697.809474447
jid_901587,15160.0,393.0,1000,55,41366,89005,89061,JobState.COMPLETED,0,119.61673940327857,119.61673940327857,6578920.667180321
jid_901587,15160.0,393.0,1000,61,41366,89058,89120,JobState.COMPLETED,0,119.61639658038133,119.61639658038135,7296600.191403261
jid_901587,15160.0,393.0,1000,60,41366,89060,89121,JobState.COMPLETED,0,119.66727487200232,119.66727487200234,7180036.49232014
jid_901587,15160.0,393.0,1000,60,41366,89061,89122,JobState.COMPLETED,0,119.578084996051,119.57808499605099,7174685.09976306
jid_901587,15160.0,393.0,1000,57,41366,89122,89180,JobState.COMPLETED,0,119.53299007806704,119.53299007806703,6813380.434449821
jid_901587,15160.0,393.0,1000,61,41366,89120,89182,JobState.COMPLETED,0,119.44553091051449,119.44553091051448,7286177.385541384
jid_901587,15160.0,393.0,1000,63,41366,89121,89185,JobState.COMPLETED,0,119.4850188019853,119.4850188019853,7527556.184525074
jid_901587,15160.0,393.0,1000,61,41366,89180,89242,JobState.COMPLETED,0,119.46527268645262,119.46527268645262,7287381.63387361
jid_901587,15160.0,393.0,1000,58,41366,89185,89244,JobState.COMPLETED,0,119.48568659578265,119.48568659578265,6930169.822555394
jid_901587,15160.0,393.0,1000,62,41366,89182,89245,JobState.COMPLETED,0,119.47127389738874,119.47127389738876,7407218.981638103
jid_901587,15160.0,393.0,1000,59,41366,89242,89302,JobState.COMPLETED,0,119.67084868052015,119.67084868052014,7060580.07215069
jid_901587,15160.0,393.0,1000,60,41366,89244,89305,JobState.COMPLETED,0,119.56892481842254,119.56892481842256,7174135.489105352
jid_901587,15160.0,393.0,1000,61,41366,89245,89307,JobState.COMPLETED,0,119.56030461665557,119.56030461665557,7293178.58161599
jid_901587,15160.0,393.0,1000,62,41366,89302,89365,JobState.COMPLETED,0,119.57708761377606,119.57708761377604,7413779.432054115
jid_901587,15160.0,393.0,1000,60,41366,89305,89366,JobState.COMPLETED,0,119.5908964728445,119.59089647284449,7175453.788370671
jid_901587,15160.0,393.0,1000,60,41366,89307,89368,JobState.COMPLETED,0,119.60727638845289,119.60727638845292,7176436.583307173
jid_901587,15160.0,393.0,1000,60,41366,89365,89426,JobState.COMPLETED,0,119.58959622431078,119.58959622431075,7175375.773458647
jid_901587,15160.0,393.0,1000,62,41366,89366,89429,JobState.COMPLETED,0,119.67371814344466,119.67371814344467,7419770.524893569
jid_901587,15160.0,393.0,1000,62,41366,89368,89431,JobState.COMPLETED,0,119.66804109552248,119.6680410955225,7419418.547922394
jid_901587,15160.0,393.0,1000,62,41366,89426,89489,JobState.COMPLETED,0,119.59534274308045,119.59534274308045,7414911.250070988
jid_901587,15160.0,393.0,1000,63,41366,89429,89493,JobState.COMPLETED,0,119.61702370365722,119.61702370365724,7535872.493330405
jid_901587,15160.0,393.0,1000,63,41366,89431,89495,JobState.COMPLETED,0,119.630696683237,119.63069668323702,7536733.891043931
jid_901587,15160.0,393.0,1000,62,41366,89489,89552,JobState.COMPLETED,0,119.67414021722809,119.67414021722809,7419796.693468141
jid_901587,15160.0,393.0,1000,63,41366,89493,89557,JobState.COMPLETED,0,119.62863052222048,119.62863052222046,7536603.7228998905
jid_901587,15160.0,393.0,1000,63,41366,89495,89559,JobState.COMPLETED,0,119.4065591499524,119.40655914995241,7522613.226447002
jid_901587,15160.0,393.0,1000,63,41366,89552,89616,JobState.COMPLETED,0,119.6389392262432,119.63893922624321,7537253.171253321
jid_901587,15160.0,393.0,1000,64,41366,89557,89622,JobState.COMPLETED,0,119.59338007677734,119.59338007677735,7653976.3249137495
jid_901587,15160.0,393.0,1000,63,41366,89559,89623,JobState.COMPLETED,0,119.6019749071101,119.6019749071101,7534924.419147937
jid_901587,15160.0,393.0,1000,63,41366,89616,89680,JobState.COMPLETED,0,119.61871386307382,119.61871386307381,7535978.973373651
jid_901587,15160.0,393.0,1000,62,41366,89622,89685,JobState.COMPLETED,0,119.64118870769985,119.64118870769984,7417753.699877392
jid_901587,15160.0,393.0,1000,64,41366,89623,89688,JobState.COMPLETED,0,119.41730436795112,119.41730436795112,7642707.4795488715
jid_901587,15160.0,393.0,1000,63,41366,89680,89744,JobState.COMPLETED,0,119.69601468140203,119.69601468140203,7540848.924928328
jid_901587,15160.0,393.0,1000,63,41366,89685,89749,JobState.COMPLETED,0,119.48886257336602,119.488862573366,7527798.342122059
jid_901587,15160.0,393.0,1000,61,41366,89688,89750,JobState.COMPLETED,0,119.70549269604697,119.70549269604699,7302035.054458866
jid_901587,15160.0,393.0,1000,60,41366,89744,89805,JobState.COMPLETED,0,119.66750152266235,119.66750152266235,7180050.091359741
jid_901587,15160.0,393.0,1000,60,41366,89749,89810,JobState.COMPLETED,0,119.6743763874547,119.67437638745471,7180462.583247282
jid_901587,15160.0,393.0,1000,62,41366,89750,89813,JobState.COMPLETED,0,119.6486242393575,119.64862423935749,7418214.702840165
jid_901587,15160.0,393.0,1000,61,41366,89805,89867,JobState.COMPLETED,0,119.68015275369513,119.68015275369513,7300489.317975403
jid_901587,15160.0,393.0,1000,60,41366,89810,89871,JobState.COMPLETED,0,119.67917420646768,119.67917420646768,7180750.45238806
jid_901587,15160.0,393.0,1000,62,41366,89813,89876,JobState.COMPLETED,0,119.65852662168295,119.65852662168297,7418828.650544343
jid_901587,15160.0,393.0,1000,61,41366,89867,89929,JobState.COMPLETED,0,119.63907106507897,119.63907106507897,7297983.334969817
jid_901587,15160.0,393.0,1000,62,41366,89871,89934,JobState.COMPLETED,0,119.68095094000003,119.68095094000005,7420218.958280002
jid_901587,15160.0,393.0,1000,63,41366,89876,89940,JobState.COMPLETED,0,119.56762266367102,119.567622663671,7532760.227811274
jid_901587,15160.0,393.0,1000,62,41366,89929,89992,JobState.COMPLETED,0,119.58958200317333,119.58958200317335,7414554.084196746
jid_901587,15160.0,393.0,1000,61,41366,89934,89996,JobState.COMPLETED,0,119.62408828338437,119.62408828338438,7297069.385286446
jid_901587,15160.0,393.0,1000,64,41366,89940,90005,JobState.COMPLETED,0,119.57954059334416,119.57954059334418,7653090.597974027
jid_901587,15160.0,393.0,1000,61,41366,89992,90054,JobState.COMPLETED,0,119.69573835181005,119.69573835181006,7301440.039460412
jid_901587,15160.0,393.0,1000,64,41366,89996,90061,JobState.COMPLETED,0,119.56082879257993,119.56082879257993,7651893.042725115
jid_901587,15160.0,393.0,1000,62,41366,90005,90068,JobState.COMPLETED,0,119.63815424062346,119.63815424062346,7417565.562918655
jid_901587,15160.0,393.0,1000,62,41366,90054,90117,JobState.COMPLETED,0,119.69939405228568,119.69939405228567,7421362.4312417125
jid_901587,15160.0,393.0,1000,59,41366,90061,90121,JobState.COMPLETED,0,119.70702531053008,119.70702531053007,7062714.493321274
jid_901587,15160.0,393.0,1000,61,41366,90068,90130,JobState.COMPLETED,0,119.71886987656191,119.7188698765619,7302851.062470277
jid_901587,15160.0,393.0,1000,62,41366,90117,90180,JobState.COMPLETED,0,119.67936378118293,119.67936378118294,7420120.554433341
jid_901587,15160.0,393.0,1000,60,41366,90121,90182,JobState.COMPLETED,0,119.64077878358782,119.6407787835878,7178446.727015269
jid_901587,15160.0,393.0,1000,59,41366,90130,90190,JobState.COMPLETED,0,119.71863091506764,119.71863091506765,7063399.22398899
jid_901587,15160.0,393.0,1000,59,41366,90180,90240,JobState.COMPLETED,0,119.69993424576013,119.69993424576013,7062296.120499848
jid_901587,15160.0,393.0,1000,60,41366,90182,90243,JobState.COMPLETED,0,119.69931532567043,119.69931532567044,7181958.9195402255
jid_901587,15160.0,393.0,1000,60,41366,90190,90251,JobState.COMPLETED,0,119.69693910164224,119.69693910164224,7181816.346098534
jid_901587,15160.0,393.0,1000,60,41366,90240,90301,JobState.COMPLETED,0,119.69980042521077,119.69980042521078,7181988.025512646
jid_901587,15160.0,393.0,1000,60,41366,90243,90304,JobState.COMPLETED,0,119.68798561431699,119.68798561431699,7181279.136859018
jid_901587,15160.0,393.0,1000,63,41366,90251,90315,JobState.COMPLETED,0,119.70275787106566,119.70275787106567,7541273.7458771365
jid_901587,15160.0,393.0,1000,63,41366,90301,90365,JobState.COMPLETED,0,119.72514478659572,119.72514478659572,7542684.1215555305
jid_901587,15160.0,393.0,1000,62,41366,90304,90367,JobState.COMPLETED,0,119.6700708506666,119.6700708506666,7419544.39274133
jid_901587,15160.0,393.0,1000,60,41366,90315,90376,JobState.COMPLETED,0,119.65232963394004,119.65232963394006,7179139.778036403
jid_901587,15160.0,393.0,1000,57,41366,90365,90423,JobState.COMPLETED,0,119.59965041999939,119.5996504199994,6817180.073939965
jid_901587,15160.0,393.0,1000,57,41366,90367,90425,JobState.COMPLETED,0,119.56609335695211,119.56609335695211,6815267.32134627
jid_901587,15160.0,393.0,1000,59,41366,90376,90436,JobState.COMPLETED,0,119.69730127307014,119.69730127307012,7062140.775111138
jid_901587,15160.0,393.0,1000,60,41366,90423,90484,JobState.COMPLETED,0,119.70221581419182,119.7022158141918,7182132.948851509
jid_901587,15160.0,393.0,1000,61,41366,90425,90487,JobState.COMPLETED,0,119.59399658541287,119.59399658541287,7295233.791710185
jid_901587,15160.0,393.0,1000,61,41366,90436,90498,JobState.COMPLETED,0,119.7013468877883,119.70134688778832,7301782.160155087
jid_901587,15160.0,393.0,1000,62,41366,90484,90547,JobState.COMPLETED,0,119.64022994034298,119.64022994034299,7417694.256301264
jid_901587,15160.0,393.0,1000,61,41366,90487,90549,JobState.COMPLETED,0,119.63373914557113,119.63373914557113,7297658.087879838
jid_901587,15160.0,393.0,1000,61,41366,90498,90560,JobState.COMPLETED,0,119.6333420718054,119.6333420718054,7297633.86638013
jid_901587,15160.0,393.0,1000,61,41366,90547,90609,JobState.COMPLETED,0,119.62540413911864,119.62540413911866,7297149.652486237
jid_901587,15160.0,393.0,1000,62,41366,90549,90612,JobState.COMPLETED,0,119.57566708505178,119.57566708505178,7413691.35927321
jid_911807,319.0,607.0,1,0,120367,120367,120367,JobState.COMPLETED,0,176.53061224489795,176.53061224489795,0.0
jid_912148,34.0,241.0,3,0,122721,122721,122722,JobState.COMPLETED,0,176.53061224489795,176.53061224489795,0.0
jid_912290,93695.0,519.0,12,0,124155,124155,124155,JobState.COMPLETED,0,176.53061224489795,176.53061224489795,0.0
jid_912319,93695.0,519.0,12,0,124334,124334,124334,JobState.COMPLETED,0,176.53061224489795,176.53061224489795,0.0
jid_912321,93697.0,519.0,12,0,124334,124334,124334,JobState.COMPLETED,0,176.53061224489795,176.53061224489795,0.0
jid_912323,93695.0,519.0,12,0,124346,124346,124347,JobState.COMPLETED,0,176.53061224489795,176.53061224489795,0.0
jid_912324,93697.0,519.0,12,0,124346,124346,124346,JobState.COMPLETED,0,176.53061224489795,176.53061224489795,0.0
jid_912326,93698.0,519.0,12,0,124346,124346,124347,JobState.COMPLETED,0,176.53061224489795,176.53061224489795,0.0
jid_912521,93703.0,590.0,12,0,126544,126544,126545,JobState.COMPLETED,0,176.53061224489795,176.53061224489795,0.0
jid_912592,14997.0,118.0,204,14,126965,126965,126980,JobState.COMPLETED,0,127.3946676053435,127.3946676053435,363839.170680861
jid_912636,14997.0,118.0,204,198,127315,127315,127514,JobState.COMPLETED,0,122.9411235722164,122.94112357221638,4965837.863328965
jid_914264,43072.0,241.0,3,8,129352,129352,129361,JobState.COMPLETED,0,176.53061224489795,176.53061224489795,4236.734693877551
jid_914576,93695.0,519.0,12,0,131658,131658,131658,JobState.COMPLETED,0,176.53061224489795,176.53061224489795,0.0
jid_914577,93697.0,519.0,12,0,131658,131658,131658,JobState.COMPLETED,0,176.53061224489795,176.53061224489795,0.0
jid_914579,93698.0,519.0,12,0,131658,131658,131658,JobState.COMPLETED,0,176.53061224489795,176.53061224489795,0.0
jid_914590,93695.0,519.0,12,0,131709,131709,131709,JobState.COMPLETED,0,176.53061224489795,176.53061224489795,0.0
jid_914591,93697.0,519.0,12,0,131722,131722,131723,JobState.COMPLETED,0,176.53061224489795,176.53061224489795,0.0
jid_914592,93698.0,519.0,12,0,131722,131722,131722,JobState.COMPLETED,0,176.53061224489795,176.53061224489795,0.0
jid_914985,93729.0,32.0,12,0,135238,135238,135239,JobState.COMPLETED,0,176.53061224489795,176.53061224489795,0.0
jid_915381,16577.0,241.0,3,58,137951,137951,138010,JobState.COMPLETED,0,176.53061224489795,176.53061224489795,30716.32653061224
jid_915673,92314.0,740.0,1,5,140390,140390,140396,JobState.COMPLETED,0,176.53061224489795,176.53061224489795,882.6530612244898
jid_915928,68122.0,677.0,12,0,143136,143136,143136,JobState.COMPLETED,0,176.53061224489795,176.53061224489795,0.0
jid_915983,34.0,108.0,3,6,143536,143536,143543,JobState.COMPLETED,0,176.53061224489795,176.53061224489795,3177.551020408163
jid_916194,40673.0,530.0,100,171,144884,144884,145056,JobState.COMPLETED,0,176.530612244898,176.53061224489795,3018673.4693877557
jid_916239,40673.0,530.0,100,130,145432,145432,145563,JobState.COMPLETED,0,176.53061224489795,176.53061224489795,2294897.9591836734
jid_916272,40673.0,530.0,100,143,145944,145944,146088,JobState.COMPLETED,0,176.53061224489795,176.53061224489795,2524387.7551020407
jid_916280,59234.0,108.0,3,41,146131,146131,146173,JobState.COMPLETED,0,176.53061224489795,176.53061224489795,21713.26530612245
jid_916296,40673.0,530.0,100,67,146202,146202,146270,JobState.COMPLETED,0,176.53061224489795,176.53061224489795,1182755.102040816
jid_916320,40673.0,530.0,100,70,146322,146322,146393,JobState.COMPLETED,0,176.53061224489795,176.53061224489795,1235714.2857142857
jid_916349,40673.0,530.0,100,65,146520,146520,146586,JobState.COMPLETED,0,176.53061224489795,176.53061224489795,1147448.9795918367
jid_916374,40673.0,530.0,100,56,146687,146687,146744,JobState.COMPLETED,0,176.53061224489795,176.53061224489795,988571.4285714286
jid_916390,40673.0,530.0,100,53,146846,146846,146900,JobState.COMPLETED,0,176.53061224489795,176.53061224489795,935612.2448979592
jid_916403,40673.0,530.0,100,56,146958,146958,147015,JobState.COMPLETED,0,176.53061224489795,176.53061224489795,988571.4285714286
jid_916420,40673.0,530.0,100,69,147082,147082,147152,JobState.COMPLETED,0,176.53061224489795,176.53061224489795,1218061.224489796
jid_916454,40673.0,530.0,100,67,147294,147294,147362,JobState.COMPLETED,0,176.53061224489795,176.53061224489795,1182755.102040816
jid_916576,40295.0,334.0,3,0,149357,149357,149358,JobState.COMPLETED,0,176.53061224489795,176.53061224489795,0.0
jid_916583,40295.0,334.0,3,0,149598,149598,149598,JobState.COMPLETED,0,176.53061224489795,176.53061224489795,0.0
jid_916589,93810.0,32.0,1,2,149639,149639,149642,JobState.COMPLETED,0,176.53061224489795,176.53061224489795,353.0612244897959
jid_916592,71038.0,736.0,1,3,149675,149675,149679,JobState.COMPLETED,0,176.53061224489795,176.53061224489795,529.5918367346939
jid_916611,93810.0,32.0,1,1,149788,149788,149790,JobState.COMPLETED,0,176.53061224489795,176.53061224489795,176.53061224489795
jid_916594,40295.0,334.0,3,0,149792,149792,149792,JobState.COMPLETED,0,176.53061224489795,176.53061224489795,0.0
jid_916599,301.0,335.0,5,0,149831,149831,149832,JobState.COMPLETED,0,176.53061224489795,176.53061224489795,0.0
jid_916612,71038.0,736.0,2,7,149877,149877,149885,JobState.COMPLETED,0,176.53061224489795,176.53061224489795,2471.4285714285716
jid_916617,40295.0,334.0,3,1,150158,150158,150160,JobState.COMPLETED,0,176.53061224489795,176.53061224489795,529.5918367346939
jid_916619,301.0,335.0,5,0,150161,150161,150162,JobState.COMPLETED,0,176.53061224489795,176.53061224489795,0.0
jid_916622,40295.0,334.0,3,1,150338,150338,150340,JobState.COMPLETED,0,176.53061224489795,176.53061224489795,529.5918367346939
jid_916626,301.0,335.0,5,5,150368,150368,150374,JobState.COMPLETED,0,176.53061224489795,176.53061224489795,4413.265306122449
jid_916643,301.0,335.0,5,3,150798,150798,150802,JobState.COMPLETED,0,176.53061224489795,176.53061224489795,2647.9591836734694
jid_916652,40295.0,334.0,3,1,151227,151227,151229,JobState.COMPLETED,0,176.53061224489795,176.53061224489795,529.5918367346939
jid_918180,93860.0,32.0,40,10,170456,170456,170467,JobState.COMPLETED,0,141.39797433033627,141.39797433033627,56559.18973213451
jid_918182,93860.0,32.0,40,16,170571,170571,170588,JobState.COMPLETED,0,135.1723090931867,135.1723090931867,86510.27781963948
jid_918196,93860.0,32.0,40,11,170916,170916,170928,JobState.COMPLETED,0,141.49812353619814,141.49812353619814,62259.17435592718
