{
    "num_samples": 8640,
    "average power": "0.34 MW",
    "min loss": "0.16 MW",
    "average loss": "0.16 MW",
    "max loss": "0.16 MW",
    "system power efficiency": "53.19%",
    "total energy consumed": "8.08 MW-hr",
    "carbon emissions": "5.87 metric tons CO2",
    "total cost": "$759.33"
}{
    "jobs completed": 226,
    "throughput": "9.42 jobs/hour",
    "jobs still running": [],
    "jobs still in queue": [
        "jid_264161",
        "jid_265055",
        "jid_267722",
        "jid_267696",
        "jid_270303",
        "jid_269907",
        "jid_270208",
        "jid_269800",
        "jid_269924",
        "jid_269916",
        "jid_270040",
        "jid_270218",
        "jid_267716",
        "jid_270052",
        "jid_267715",
        "jid_265072",
        "jid_269818",
        "jid_269822",
        "jid_264320",
        "jid_270227",
        "jid_270322",
        "jid_270043",
        "jid_267703",
        "jid_270159",
        "jid_265088",
        "jid_270240",
        "jid_270332",
        "jid_265106",
        "jid_267714",
        "jid_270147",
        "jid_267708",
        "jid_267721",
        "jid_270245",
        "jid_264311",
        "jid_264321",
        "jid_270234",
        "jid_270278",
        "jid_269935",
        "jid_269934",
        "jid_270249",
        "jid_264278",
        "jid_264278",
        "jid_264278",
        "jid_264278",
        "jid_264278",
        "jid_264278",
        "jid_264278",
        "jid_264278",
        "jid_264278",
        "jid_264278",
        "jid_264278",
        "jid_264278",
        "jid_264278",
        "jid_264278",
        "jid_264278",
        "jid_264278",
        "jid_264278",
        "jid_264278",
        "jid_264278",
        "jid_264278",
        "jid_264278",
        "jid_270001",
        "jid_264084",
        "jid_264291",
        "jid_264291",
        "jid_264291",
        "jid_264291",
        "jid_264291",
        "jid_264291",
        "jid_264291",
        "jid_264291",
        "jid_264291",
        "jid_264291",
        "jid_264291",
        "jid_264291",
        "jid_264291",
        "jid_264291",
        "jid_264291",
        "jid_264291",
        "jid_264291",
        "jid_264291",
        "jid_264291",
        "jid_264291",
        "jid_264291",
        "jid_264291",
        "jid_264202",
        "jid_264202",
        "jid_264202",
        "jid_264202",
        "jid_264202",
        "jid_264202",
        "jid_264202",
        "jid_264202",
        "jid_264202",
        "jid_264202",
        "jid_264202",
        "jid_264202",
        "jid_264202",
        "jid_264202",
        "jid_264202",
        "jid_264202",
        "jid_264202",
        "jid_264202",
        "jid_264202",
        "jid_264202",
        "jid_264202",
        "jid_264202",
        "jid_264202",
        "jid_264202",
        "jid_264203",
        "jid_264203",
        "jid_264203",
        "jid_264203",
        "jid_264203",
        "jid_264203",
        "jid_264203",
        "jid_264203",
        "jid_264203",
        "jid_264203",
        "jid_264203",
        "jid_264203",
        "jid_264203",
        "jid_264203",
        "jid_264203",
        "jid_264203",
        "jid_264203",
        "jid_264203",
        "jid_264203",
        "jid_264203",
        "jid_264322",
        "jid_270246",
        "jid_270157",
        "jid_270257",
        "jid_270256",
        "jid_270340",
        "jid_270066",
        "jid_264380",
        "jid_264370",
        "jid_270283",
        "jid_264378",
        "jid_264312",
        "jid_264312",
        "jid_264312",
        "jid_264312",
        "jid_264312",
        "jid_264312",
        "jid_264312",
        "jid_264312",
        "jid_264312",
        "jid_264312",
        "jid_264312",
        "jid_264312",
        "jid_264312",
        "jid_264312",
        "jid_264312",
        "jid_264312",
        "jid_264312",
        "jid_264312",
        "jid_264312",
        "jid_264312",
        "jid_264312",
        "jid_264312",
        "jid_264312",
        "jid_265101",
        "jid_264377",
        "jid_264357",
        "jid_264589",
        "jid_264379",
        "jid_264455",
        "jid_264450",
        "jid_264402",
        "jid_264430",
        "jid_264613",
        "jid_264442",
        "jid_264433",
        "jid_264497",
        "jid_264631",
        "jid_264640",
        "jid_264602",
        "jid_264706",
        "jid_264569",
        "jid_264685",
        "jid_264531",
        "jid_264552",
        "jid_264653",
        "jid_264610",
        "jid_264560",
        "jid_264658",
        "jid_264748",
        "jid_264673",
        "jid_264534",
        "jid_264772",
        "jid_264622",
        "jid_264627",
        "jid_264826",
        "jid_264590",
        "jid_264795",
        "jid_264337",
        "jid_264337",
        "jid_264337",
        "jid_264337",
        "jid_264337",
        "jid_264337",
        "jid_264337",
        "jid_264337",
        "jid_264337",
        "jid_264337",
        "jid_264337",
        "jid_264337",
        "jid_264337",
        "jid_264337",
        "jid_264337",
        "jid_264337",
        "jid_264337",
        "jid_264337",
        "jid_264337",
        "jid_264337",
        "jid_264337",
        "jid_264337",
        "jid_264337",
        "jid_264337",
        "jid_264337",
        "jid_264337",
        "jid_269777",
        "jid_267670",
        "jid_266379",
        "jid_264270",
        "jid_270300",
        "jid_264709",
        "jid_264716",
        "jid_264763",
        "jid_264677",
        "jid_264812",
        "jid_264588",
        "jid_264734",
        "jid_264724",
        "jid_264659",
        "jid_264704",
        "jid_264774",
        "jid_264657",
        "jid_264737",
        "jid_264680",
        "jid_264666",
        "jid_264699",
        "jid_264804",
        "jid_264838",
        "jid_264394",
        "jid_264863",
        "jid_264859",
        "jid_264858",
        "jid_264864",
        "jid_264721",
        "jid_264860",
        "jid_264747",
        "jid_264861",
        "jid_264764",
        "jid_264703",
        "jid_264754",
        "jid_264776",
        "jid_264816",
        "jid_264866",
        "jid_264897",
        "jid_270175",
        "jid_264814",
        "jid_264920",
        "jid_264381",
        "jid_264542",
        "jid_264574",
        "jid_264385",
        "jid_264389",
        "jid_264801",
        "jid_264572",
        "jid_264579",
        "jid_264942",
        "jid_270393",
        "jid_264473",
        "jid_264918",
        "jid_267510",
        "jid_268554",
        "jid_265329",
        "jid_267607",
        "jid_267749",
        "jid_267497",
        "jid_264950",
        "jid_265009",
        "jid_264951",
        "jid_264947",
        "jid_264946",
        "jid_264994",
        "jid_264938",
        "jid_264901",
        "jid_270419",
        "jid_265002",
        "jid_264932",
        "jid_270406",
        "jid_264940",
        "jid_264966",
        "jid_270499",
        "jid_265013",
        "jid_270459",
        "jid_270418",
        "jid_270458",
        "jid_265128",
        "jid_265119",
        "jid_270446",
        "jid_265905",
        "jid_265905",
        "jid_265905",
        "jid_265905",
        "jid_265905",
        "jid_265905",
        "jid_265905",
        "jid_265905",
        "jid_265905",
        "jid_265905",
        "jid_265905",
        "jid_265905",
        "jid_265905",
        "jid_265905",
        "jid_265905",
        "jid_265905",
        "jid_265905",
        "jid_265905",
        "jid_265905",
        "jid_265143",
        "jid_265146",
        "jid_265156",
        "jid_265117",
        "jid_270474",
        "jid_270434",
        "jid_265110",
        "jid_265121",
        "jid_270452",
        "jid_270511",
        "jid_265157",
        "jid_270477",
        "jid_270464",
        "jid_265132",
        "jid_270456",
        "jid_265131",
        "jid_270506",
        "jid_265139",
        "jid_270534",
        "jid_265165",
        "jid_270468",
        "jid_267391",
        "jid_267085",
        "jid_264874",
        "jid_264874",
        "jid_264874",
        "jid_264874",
        "jid_264874",
        "jid_264874",
        "jid_264874",
        "jid_264874",
        "jid_264874",
        "jid_264874",
        "jid_264874",
        "jid_264874",
        "jid_264874",
        "jid_264874",
        "jid_264874",
        "jid_264874",
        "jid_264874",
        "jid_264874",
        "jid_264874",
        "jid_264874",
        "jid_264874",
        "jid_264874",
        "jid_264874",
        "jid_264874",
        "jid_265190",
        "jid_270518",
        "jid_265189",
        "jid_270525",
        "jid_270532",
        "jid_265243",
        "jid_265230",
        "jid_265181",
        "jid_265236",
        "jid_265250",
        "jid_265199",
        "jid_265201",
        "jid_265202",
        "jid_265237",
        "jid_265224",
        "jid_265218",
        "jid_265255",
        "jid_265260",
        "jid_265273",
        "jid_265308",
        "jid_265298",
        "jid_265301",
        "jid_265278",
        "jid_265296",
        "jid_265303",
        "jid_265248",
        "jid_265213",
        "jid_265252",
        "jid_265311",
        "jid_270413",
        "jid_265334",
        "jid_265459",
        "jid_265333",
        "jid_265147",
        "jid_265147",
        "jid_265147",
        "jid_265147",
        "jid_265147",
        "jid_265147",
        "jid_265147",
        "jid_265147",
        "jid_265147",
        "jid_265147",
        "jid_265147",
        "jid_265147",
        "jid_265147",
        "jid_265147",
        "jid_265147",
        "jid_265147",
        "jid_265147",
        "jid_265147",
        "jid_265147",
        "jid_265147",
        "jid_265147",
        "jid_265147",
        "jid_265147",
        "jid_265147",
        "jid_265147",
        "jid_265147",
        "jid_265147",
        "jid_265147",
        "jid_265147",
        "jid_265147",
        "jid_266974",
        "jid_265175",
        "jid_265175",
        "jid_265175",
        "jid_265175",
        "jid_265175",
        "jid_265175",
        "jid_265175",
        "jid_265175",
        "jid_265175",
        "jid_265175",
        "jid_265175",
        "jid_265175",
        "jid_265175",
        "jid_265175",
        "jid_265175",
        "jid_265175",
        "jid_265175",
        "jid_265175",
        "jid_265175",
        "jid_265175",
        "jid_265175",
        "jid_265175",
        "jid_265175",
        "jid_265371",
        "jid_265391",
        "jid_265372",
        "jid_265425",
        "jid_265451",
        "jid_265342",
        "jid_265359",
        "jid_265464",
        "jid_265400",
        "jid_265421",
        "jid_265532",
        "jid_265422",
        "jid_265423",
        "jid_265355",
        "jid_265508",
        "jid_265427",
        "jid_265553",
        "jid_265530",
        "jid_265375",
        "jid_265417",
        "jid_265402",
        "jid_265382",
        "jid_265385",
        "jid_265240",
        "jid_265240",
        "jid_265240",
        "jid_265240",
        "jid_265240",
        "jid_265240",
        "jid_265240",
        "jid_265240",
        "jid_265240",
        "jid_265240",
        "jid_265240",
        "jid_265240",
        "jid_265240",
        "jid_265240",
        "jid_265240",
        "jid_265240",
        "jid_265240",
        "jid_265240",
        "jid_265240",
        "jid_265240",
        "jid_265240",
        "jid_265240",
        "jid_265240",
        "jid_265240",
        "jid_265240",
        "jid_265479",
        "jid_265418",
        "jid_265504",
        "jid_265434",
        "jid_265411",
        "jid_265384",
        "jid_265242",
        "jid_265242",
        "jid_265242",
        "jid_265242",
        "jid_265242",
        "jid_265242",
        "jid_265242",
        "jid_265242",
        "jid_265242",
        "jid_265242",
        "jid_265242",
        "jid_265242",
        "jid_265242",
        "jid_265242",
        "jid_265242",
        "jid_265242",
        "jid_265242",
        "jid_265242",
        "jid_265242",
        "jid_265521",
        "jid_265448",
        "jid_265484",
        "jid_265443",
        "jid_265415",
        "jid_265433",
        "jid_265376",
        "jid_265337",
        "jid_265463",
        "jid_265610",
        "jid_265424",
        "jid_265275",
        "jid_265275",
        "jid_265275",
        "jid_265275",
        "jid_265275",
        "jid_265275",
        "jid_265275",
        "jid_265275",
        "jid_265275",
        "jid_265275",
        "jid_265275",
        "jid_265275",
        "jid_265275",
        "jid_265275",
        "jid_265275",
        "jid_265275",
        "jid_265275",
        "jid_265275",
        "jid_265275",
        "jid_265275",
        "jid_265275",
        "jid_265275",
        "jid_265275",
        "jid_265275",
        "jid_265554",
        "jid_265309",
        "jid_265309",
        "jid_265309",
        "jid_265309",
        "jid_265309",
        "jid_265309",
        "jid_265309",
        "jid_265309",
        "jid_265309",
        "jid_265309",
        "jid_265309",
        "jid_265309",
        "jid_265309",
        "jid_265309",
        "jid_265309",
        "jid_265309",
        "jid_265309",
        "jid_265309",
        "jid_265309",
        "jid_265309",
        "jid_265309",
        "jid_265309",
        "jid_265309",
        "jid_265309",
        "jid_265309",
        "jid_265309",
        "jid_265309",
        "jid_265309",
        "jid_265309",
        "jid_265309",
        "jid_265309",
        "jid_265531",
        "jid_265583",
        "jid_265691",
        "jid_265630",
        "jid_265546",
        "jid_265611",
        "jid_265635",
        "jid_265581",
        "jid_265590",
        "jid_265494",
        "jid_265629",
        "jid_265688",
        "jid_265609",
        "jid_265619",
        "jid_265625",
        "jid_265673",
        "jid_265596",
        "jid_265347",
        "jid_265347",
        "jid_265347",
        "jid_265347",
        "jid_265347",
        "jid_265347",
        "jid_265347",
        "jid_265347",
        "jid_265347",
        "jid_265347",
        "jid_265347",
        "jid_265347",
        "jid_265347",
        "jid_265347",
        "jid_265347",
        "jid_265347",
        "jid_265347",
        "jid_265347",
        "jid_265347",
        "jid_265347",
        "jid_268608",
        "jid_267366",
        "jid_265585",
        "jid_265695",
        "jid_265754",
        "jid_265701",
        "jid_267292",
        "jid_265737",
        "jid_265621",
        "jid_265719",
        "jid_265783",
        "jid_265685",
        "jid_265792",
        "jid_265698",
        "jid_265768",
        "jid_265693",
        "jid_265686",
        "jid_265747",
        "jid_265756",
        "jid_265789",
        "jid_265730",
        "jid_265780",
        "jid_265813",
        "jid_265763",
        "jid_265680",
        "jid_265795",
        "jid_265826",
        "jid_265843",
        "jid_265936",
        "jid_265889",
        "jid_265874",
        "jid_265872",
        "jid_265922",
        "jid_265997",
        "jid_265846",
        "jid_265921",
        "jid_265951",
        "jid_265928",
        "jid_265923",
        "jid_265897",
        "jid_265938",
        "jid_265975",
        "jid_265909",
        "jid_266003",
        "jid_265981",
        "jid_265809",
        "jid_265640",
        "jid_265880",
        "jid_265904",
        "jid_265617",
        "jid_265822",
        "jid_265885",
        "jid_265819",
        "jid_265991",
        "jid_265864",
        "jid_266000",
        "jid_265980",
        "jid_265972",
        "jid_265998",
        "jid_266009",
        "jid_265990",
        "jid_265943",
        "jid_265893",
        "jid_266116",
        "jid_266010",
        "jid_265967",
        "jid_265927",
        "jid_266071",
        "jid_266065",
        "jid_265925",
        "jid_265871",
        "jid_265667",
        "jid_265667",
        "jid_265667",
        "jid_265667",
        "jid_265667",
        "jid_265667",
        "jid_265667",
        "jid_265667",
        "jid_265667",
        "jid_265667",
        "jid_265667",
        "jid_265667",
        "jid_265667",
        "jid_265667",
        "jid_265667",
        "jid_265667",
        "jid_265667",
        "jid_265667",
        "jid_265667",
        "jid_265667",
        "jid_265667",
        "jid_265667",
        "jid_265667",
        "jid_265667",
        "jid_265667",
        "jid_266075",
        "jid_266064",
        "jid_265727",
        "jid_266081",
        "jid_266137",
        "jid_266014",
        "jid_266012",
        "jid_266030",
        "jid_266072",
        "jid_266015",
        "jid_266177",
        "jid_266101",
        "jid_266180",
        "jid_266048",
        "jid_266188",
        "jid_266174",
        "jid_266105",
        "jid_266216",
        "jid_266314",
        "jid_266161",
        "jid_266054",
        "jid_266155",
        "jid_266197",
        "jid_266058",
        "jid_266086",
        "jid_266099",
        "jid_266279",
        "jid_266300",
        "jid_265839",
        "jid_265839",
        "jid_265839",
        "jid_265839",
        "jid_265839",
        "jid_265839",
        "jid_265839",
        "jid_265839",
        "jid_265839",
        "jid_265839",
        "jid_265839",
        "jid_265839",
        "jid_265839",
        "jid_265839",
        "jid_265839",
        "jid_265839",
        "jid_265839",
        "jid_265839",
        "jid_265839",
        "jid_265839",
        "jid_266345",
        "jid_266127",
        "jid_266361",
        "jid_266228",
        "jid_266266",
        "jid_266110",
        "jid_266149",
        "jid_266372",
        "jid_266215",
        "jid_266270",
        "jid_266243",
        "jid_266256",
        "jid_266248",
        "jid_266114",
        "jid_266390",
        "jid_266329",
        "jid_266173",
        "jid_266380",
        "jid_266416",
        "jid_266392",
        "jid_266334",
        "jid_266214",
        "jid_266373",
        "jid_266260",
        "jid_266261",
        "jid_266285",
        "jid_266308",
        "jid_266125",
        "jid_266328",
        "jid_265977",
        "jid_266362",
        "jid_265984",
        "jid_265984",
        "jid_265984",
        "jid_265984",
        "jid_265984",
        "jid_265984",
        "jid_265984",
        "jid_265984",
        "jid_265984",
        "jid_265984",
        "jid_265984",
        "jid_265984",
        "jid_265984",
        "jid_265984",
        "jid_265984",
        "jid_265984",
        "jid_265984",
        "jid_265984",
        "jid_265984",
        "jid_265984",
        "jid_265984",
        "jid_265984",
        "jid_265984",
        "jid_265984",
        "jid_265984",
        "jid_265984",
        "jid_265984",
        "jid_265984",
        "jid_265984",
        "jid_265984",
        "jid_265984",
        "jid_265984",
        "jid_265984",
        "jid_265984",
        "jid_266311",
        "jid_266409",
        "jid_266367",
        "jid_266445",
        "jid_266209",
        "jid_266293",
        "jid_266353",
        "jid_266011",
        "jid_266011",
        "jid_266011",
        "jid_266011",
        "jid_266011",
        "jid_266011",
        "jid_266011",
        "jid_266011",
        "jid_266011",
        "jid_266011",
        "jid_266011",
        "jid_266011",
        "jid_266011",
        "jid_266011",
        "jid_266011",
        "jid_266011",
        "jid_266011",
        "jid_266011",
        "jid_266011",
        "jid_266011",
        "jid_266011",
        "jid_266011",
        "jid_266011",
        "jid_266011",
        "jid_266011",
        "jid_266011",
        "jid_266011",
        "jid_266316",
        "jid_266223",
        "jid_266360",
        "jid_266452",
        "jid_266286",
        "jid_266033",
        "jid_266032",
        "jid_266033",
        "jid_266033",
        "jid_266033",
        "jid_266033",
        "jid_266033",
        "jid_266032",
        "jid_266032",
        "jid_266032",
        "jid_266033",
        "jid_266032",
        "jid_266033",
        "jid_266033",
        "jid_266032",
        "jid_266033",
        "jid_266032",
        "jid_266033",
        "jid_266032",
        "jid_266033",
        "jid_266033",
        "jid_266032",
        "jid_266032",
        "jid_266033",
        "jid_266033",
        "jid_266033",
        "jid_266032",
        "jid_266032",
        "jid_266033",
        "jid_266033",
        "jid_266033",
        "jid_266033",
        "jid_266032",
        "jid_266033",
        "jid_266033",
        "jid_266032",
        "jid_266033",
        "jid_266033",
        "jid_266341",
        "jid_266411",
        "jid_266393",
        "jid_266252",
        "jid_266192",
        "jid_266439",
        "jid_266454",
        "jid_266425",
        "jid_266066",
        "jid_266066",
        "jid_266066",
        "jid_266066",
        "jid_266066",
        "jid_266066",
        "jid_266066",
        "jid_266066",
        "jid_266066",
        "jid_266066",
        "jid_266066",
        "jid_266066",
        "jid_266066",
        "jid_266066",
        "jid_266066",
        "jid_266066",
        "jid_266066",
        "jid_266066",
        "jid_266066",
        "jid_266066",
        "jid_266066",
        "jid_266066",
        "jid_266066",
        "jid_266066",
        "jid_266280",
        "jid_266079",
        "jid_266079",
        "jid_266079",
        "jid_266079",
        "jid_266079",
        "jid_266079",
        "jid_266079",
        "jid_266079",
        "jid_266079",
        "jid_266079",
        "jid_266079",
        "jid_266079",
        "jid_266079",
        "jid_266079",
        "jid_266079",
        "jid_266148",
        "jid_266148",
        "jid_266148",
        "jid_266148",
        "jid_266148",
        "jid_266148",
        "jid_266148",
        "jid_266148",
        "jid_266148",
        "jid_266148",
        "jid_266148",
        "jid_266148",
        "jid_266148",
        "jid_266148",
        "jid_266148",
        "jid_266148",
        "jid_266148",
        "jid_266148",
        "jid_266148",
        "jid_266148",
        "jid_266148",
        "jid_266148",
        "jid_266148",
        "jid_266148",
        "jid_267822",
        "jid_266444",
        "jid_266350",
        "jid_266448",
        "jid_268756",
        "jid_266230",
        "jid_266436",
        "jid_266486",
        "jid_266457",
        "jid_266475",
        "jid_266453",
        "jid_266488",
        "jid_266403",
        "jid_266418",
        "jid_266418",
        "jid_266418",
        "jid_266418",
        "jid_266418",
        "jid_266418",
        "jid_266418",
        "jid_266418",
        "jid_266418",
        "jid_266418",
        "jid_266418",
        "jid_266418",
        "jid_266418",
        "jid_266418",
        "jid_266418",
        "jid_266418",
        "jid_266418",
        "jid_266418",
        "jid_266418",
        "jid_266418",
        "jid_266418",
        "jid_266418",
        "jid_266492",
        "jid_266490",
        "jid_266491",
        "jid_266495",
        "jid_266493",
        "jid_266498",
        "jid_266496",
        "jid_266497",
        "jid_266501",
        "jid_266517",
        "jid_266519",
        "jid_266521",
        "jid_266528",
        "jid_266525",
        "jid_266520",
        "jid_266534",
        "jid_266532",
        "jid_266552",
        "jid_266546",
        "jid_266554",
        "jid_266572",
        "jid_266569",
        "jid_266566",
        "jid_266589",
        "jid_266588",
        "jid_266594",
        "jid_266614",
        "jid_266621",
        "jid_266625",
        "jid_266549",
        "jid_266563",
        "jid_266604",
        "jid_266631",
        "jid_266642",
        "jid_266654",
        "jid_266653",
        "jid_266648",
        "jid_266641",
        "jid_266693",
        "jid_266645",
        "jid_266650",
        "jid_266646",
        "jid_266685",
        "jid_266678",
        "jid_266656",
        "jid_266698",
        "jid_266684",
        "jid_266673",
        "jid_266705",
        "jid_266635",
        "jid_266640",
        "jid_266680",
        "jid_267951",
        "jid_266676",
        "jid_266636",
        "jid_266707",
        "jid_266708",
        "jid_266713",
        "jid_266713",
        "jid_266713",
        "jid_266713",
        "jid_266713",
        "jid_266713",
        "jid_266713",
        "jid_266713",
        "jid_266713",
        "jid_266713",
        "jid_266713",
        "jid_266713",
        "jid_266713",
        "jid_266713",
        "jid_266713",
        "jid_266713",
        "jid_266713",
        "jid_266713",
        "jid_266713",
        "jid_266713",
        "jid_266713",
        "jid_266713",
        "jid_266717",
        "jid_266717",
        "jid_266717",
        "jid_266717",
        "jid_266717",
        "jid_266717",
        "jid_266717",
        "jid_266717",
        "jid_266717",
        "jid_266717",
        "jid_266717",
        "jid_266717",
        "jid_266717",
        "jid_266717",
        "jid_266717",
        "jid_266717",
        "jid_266717",
        "jid_266717",
        "jid_266717",
        "jid_266717",
        "jid_266717",
        "jid_266717",
        "jid_266717",
        "jid_266717",
        "jid_266722",
        "jid_266722",
        "jid_266722",
        "jid_266722",
        "jid_266722",
        "jid_266722",
        "jid_266722",
        "jid_266722",
        "jid_266722",
        "jid_266722",
        "jid_266722",
        "jid_266722",
        "jid_266722",
        "jid_266722",
        "jid_266722",
        "jid_266722",
        "jid_266722",
        "jid_266722",
        "jid_266722",
        "jid_266722",
        "jid_266722",
        "jid_266722",
        "jid_266722",
        "jid_266722",
        "jid_266722",
        "jid_266788",
        "jid_266788",
        "jid_266788",
        "jid_266788",
        "jid_266788",
        "jid_266788",
        "jid_266788",
        "jid_266788",
        "jid_266788",
        "jid_266788",
        "jid_266788",
        "jid_266792",
        "jid_266788",
        "jid_266788",
        "jid_266788",
        "jid_266788",
        "jid_266788",
        "jid_266788",
        "jid_266788",
        "jid_266788",
        "jid_266788",
        "jid_266788",
        "jid_266788",
        "jid_266788",
        "jid_266788",
        "jid_266788",
        "jid_266791",
        "jid_266765",
        "jid_266840",
        "jid_266789",
        "jid_266776",
        "jid_266766",
        "jid_266759",
        "jid_266728",
        "jid_266819",
        "jid_266785",
        "jid_266818",
        "jid_266814",
        "jid_266726",
        "jid_266822",
        "jid_266800",
        "jid_266767",
        "jid_266725",
        "jid_266828",
        "jid_266834",
        "jid_268191",
        "jid_266853",
        "jid_266853",
        "jid_266853",
        "jid_266853",
        "jid_266853",
        "jid_266853",
        "jid_266853",
        "jid_266853",
        "jid_266853",
        "jid_266853",
        "jid_266853",
        "jid_266853",
        "jid_266853",
        "jid_266853",
        "jid_266853",
        "jid_266853",
        "jid_266853",
        "jid_266853",
        "jid_266853",
        "jid_266853",
        "jid_266853",
        "jid_266853",
        "jid_266853",
        "jid_266853",
        "jid_266853",
        "jid_266853",
        "jid_266853",
        "jid_266852",
        "jid_266929",
        "jid_266954",
        "jid_266884",
        "jid_266862",
        "jid_266941",
        "jid_266906",
        "jid_266931",
        "jid_266935",
        "jid_266858",
        "jid_266926",
        "jid_266875",
        "jid_266943",
        "jid_266909",
        "jid_266934",
        "jid_266921",
        "jid_266966",
        "jid_266902",
        "jid_266949",
        "jid_266863",
        "jid_266857",
        "jid_266860",
        "jid_266870",
        "jid_266947",
        "jid_266883",
        "jid_266907",
        "jid_266946",
        "jid_266861",
        "jid_266961",
        "jid_266976",
        "jid_266976",
        "jid_266976",
        "jid_266976",
        "jid_266976",
        "jid_266976",
        "jid_266976",
        "jid_266976",
        "jid_266976",
        "jid_266976",
        "jid_266976",
        "jid_266976",
        "jid_266976",
        "jid_266976",
        "jid_266976",
        "jid_266976",
        "jid_266976",
        "jid_266976",
        "jid_266976",
        "jid_266976",
        "jid_266976",
        "jid_266976",
        "jid_266976",
        "jid_266971",
        "jid_267056",
        "jid_267077",
        "jid_267028",
        "jid_267071",
        "jid_267062",
        "jid_267014",
        "jid_266998",
        "jid_267001",
        "jid_267012",
        "jid_267024",
        "jid_267037",
        "jid_267005",
        "jid_267008",
        "jid_267034",
        "jid_266983",
        "jid_267023",
        "jid_267063",
        "jid_267057",
        "jid_266996",
        "jid_266977",
        "jid_266977",
        "jid_266977",
        "jid_266977",
        "jid_266977",
        "jid_266977",
        "jid_266977",
        "jid_266977",
        "jid_266977",
        "jid_266977",
        "jid_266977",
        "jid_266977",
        "jid_266977",
        "jid_266977",
        "jid_266977",
        "jid_266977",
        "jid_266977",
        "jid_266977",
        "jid_266977",
        "jid_266977",
        "jid_267083",
        "jid_267083",
        "jid_267083",
        "jid_267083",
        "jid_267083",
        "jid_267083",
        "jid_267083",
        "jid_267083",
        "jid_267083",
        "jid_267083",
        "jid_267083",
        "jid_267083",
        "jid_267083",
        "jid_267083",
        "jid_267083",
        "jid_267083",
        "jid_267083",
        "jid_267083",
        "jid_267083",
        "jid_267083",
        "jid_267083",
        "jid_267083",
        "jid_267083",
        "jid_267083",
        "jid_267083",
        "jid_267087",
        "jid_267093",
        "jid_267093",
        "jid_267093",
        "jid_267093",
        "jid_267093",
        "jid_267093",
        "jid_267093",
        "jid_267093",
        "jid_267093",
        "jid_267093",
        "jid_267093",
        "jid_267093",
        "jid_267093",
        "jid_267093",
        "jid_267093",
        "jid_267093",
        "jid_267094",
        "jid_267128",
        "jid_267141",
        "jid_267126",
        "jid_267163",
        "jid_267154",
        "jid_267124",
        "jid_267166",
        "jid_267174",
        "jid_267103",
        "jid_267122",
        "jid_267137",
        "jid_267121",
        "jid_267139",
        "jid_267182",
        "jid_267134",
        "jid_267142",
        "jid_267189",
        "jid_267191",
        "jid_268313",
        "jid_267197",
        "jid_267247",
        "jid_267231",
        "jid_267265",
        "jid_267238",
        "jid_267233",
        "jid_267281",
        "jid_267211",
        "jid_267218",
        "jid_267241",
        "jid_267285",
        "jid_267291",
        "jid_267289",
        "jid_267289",
        "jid_267289",
        "jid_267289",
        "jid_267289",
        "jid_267289",
        "jid_267289",
        "jid_267289",
        "jid_267289",
        "jid_267289",
        "jid_267289",
        "jid_267289",
        "jid_267289",
        "jid_267289",
        "jid_267289",
        "jid_267289",
        "jid_267289",
        "jid_267289",
        "jid_267289",
        "jid_267289",
        "jid_267289",
        "jid_267289",
        "jid_267289",
        "jid_267289",
        "jid_267299",
        "jid_267299",
        "jid_267299",
        "jid_267299",
        "jid_267299",
        "jid_267299",
        "jid_267299",
        "jid_267299",
        "jid_267299",
        "jid_267299",
        "jid_267299",
        "jid_267299",
        "jid_267299",
        "jid_267299",
        "jid_267299",
        "jid_267299",
        "jid_267299",
        "jid_267299",
        "jid_267299",
        "jid_267299",
        "jid_267299",
        "jid_267299",
        "jid_267299",
        "jid_267299",
        "jid_267299",
        "jid_267299",
        "jid_267299",
        "jid_267299",
        "jid_267299",
        "jid_267299",
        "jid_267299",
        "jid_267299",
        "jid_267378",
        "jid_267378",
        "jid_267378",
        "jid_267378",
        "jid_267378",
        "jid_267378",
        "jid_267378",
        "jid_267378",
        "jid_267378",
        "jid_267378",
        "jid_267378",
        "jid_267378",
        "jid_267378",
        "jid_267378",
        "jid_267378",
        "jid_267378",
        "jid_267301",
        "jid_267303",
        "jid_267309",
        "jid_267394",
        "jid_267321",
        "jid_267342",
        "jid_267338",
        "jid_267377",
        "jid_267357",
        "jid_267323",
        "jid_267336",
        "jid_267376",
        "jid_267385",
        "jid_267385",
        "jid_267385",
        "jid_267385",
        "jid_267385",
        "jid_267385",
        "jid_267385",
        "jid_267385",
        "jid_267385",
        "jid_267385",
        "jid_267385",
        "jid_267385",
        "jid_267385",
        "jid_267385",
        "jid_267385",
        "jid_267385",
        "jid_267385",
        "jid_267385",
        "jid_267385",
        "jid_267385",
        "jid_267384",
        "jid_267401",
        "jid_267401",
        "jid_267401",
        "jid_267401",
        "jid_267401",
        "jid_267401",
        "jid_267401",
        "jid_267401",
        "jid_267401",
        "jid_267401",
        "jid_267401",
        "jid_267401",
        "jid_267401",
        "jid_267401",
        "jid_267401",
        "jid_267401",
        "jid_267401",
        "jid_267401",
        "jid_267401",
        "jid_267400",
        "jid_267400",
        "jid_267400",
        "jid_267400",
        "jid_267400",
        "jid_267400",
        "jid_267400",
        "jid_267400",
        "jid_267400",
        "jid_267400",
        "jid_267400",
        "jid_267400",
        "jid_267400",
        "jid_267400",
        "jid_267400",
        "jid_267400",
        "jid_267400",
        "jid_267400",
        "jid_267400",
        "jid_267400",
        "jid_267405",
        "jid_267411",
        "jid_267412",
        "jid_267434",
        "jid_267474",
        "jid_267473",
        "jid_267464",
        "jid_267463",
        "jid_267449",
        "jid_267455",
        "jid_267459",
        "jid_267442",
        "jid_267475",
        "jid_267472",
        "jid_267420",
        "jid_267456",
        "jid_267448",
        "jid_268411",
        "jid_267507",
        "jid_267528",
        "jid_267568",
        "jid_267520",
        "jid_267574",
        "jid_267517",
        "jid_267562",
        "jid_267572",
        "jid_267552",
        "jid_267524",
        "jid_267532",
        "jid_267556",
        "jid_267536",
        "jid_267535",
        "jid_267599",
        "jid_267612",
        "jid_267610",
        "jid_267614",
        "jid_267614",
        "jid_267614",
        "jid_267614",
        "jid_267614",
        "jid_267614",
        "jid_267614",
        "jid_267614",
        "jid_267614",
        "jid_267614",
        "jid_267614",
        "jid_267614",
        "jid_267614",
        "jid_267614",
        "jid_267614",
        "jid_267614",
        "jid_267614",
        "jid_267614",
        "jid_267614",
        "jid_267614",
        "jid_267614",
        "jid_267614",
        "jid_267614",
        "jid_267614",
        "jid_267614",
        "jid_267614",
        "jid_267614",
        "jid_267609",
        "jid_267608",
        "jid_267608",
        "jid_267608",
        "jid_267608",
        "jid_267608",
        "jid_267608",
        "jid_267608",
        "jid_267608",
        "jid_267608",
        "jid_267608",
        "jid_267608",
        "jid_267608",
        "jid_267608",
        "jid_267608",
        "jid_267608",
        "jid_267608",
        "jid_267608",
        "jid_267608",
        "jid_267608",
        "jid_267608",
        "jid_267608",
        "jid_267608",
        "jid_267608",
        "jid_267608",
        "jid_267608",
        "jid_267608",
        "jid_267608",
        "jid_267618",
        "jid_267619",
        "jid_270591",
        "jid_270586",
        "jid_267631",
        "jid_267733",
        "jid_270557",
        "jid_267632",
        "jid_270562",
        "jid_270580",
        "jid_267630",
        "jid_270582",
        "jid_270548",
        "jid_270579",
        "jid_270567",
        "jid_267728",
        "jid_267738",
        "jid_267738",
        "jid_267738",
        "jid_267738",
        "jid_267738",
        "jid_267738",
        "jid_267738",
        "jid_267738",
        "jid_267738",
        "jid_267738",
        "jid_267738",
        "jid_267738",
        "jid_267738",
        "jid_267738",
        "jid_267738",
        "jid_267738",
        "jid_267738",
        "jid_267738",
        "jid_267738",
        "jid_267738",
        "jid_267738",
        "jid_267738",
        "jid_267738",
        "jid_267738",
        "jid_267738",
        "jid_267738",
        "jid_267738",
        "jid_267738",
        "jid_267738",
        "jid_267737",
        "jid_267746",
        "jid_270601",
        "jid_270606",
        "jid_270617",
        "jid_267751",
        "jid_270615",
        "jid_267755",
        "jid_267802",
        "jid_267799",
        "jid_267800",
        "jid_267801",
        "jid_267788",
        "jid_267803",
        "jid_267805",
        "jid_267790",
        "jid_267809",
        "jid_267781",
        "jid_267798",
        "jid_267787",
        "jid_267775",
        "jid_267816",
        "jid_267816",
        "jid_267816",
        "jid_267816",
        "jid_267816",
        "jid_267816",
        "jid_267816",
        "jid_267816",
        "jid_267816",
        "jid_267816",
        "jid_267816",
        "jid_267816",
        "jid_267816",
        "jid_267816",
        "jid_267816",
        "jid_267816",
        "jid_267816",
        "jid_267816",
        "jid_267816",
        "jid_267816",
        "jid_267816",
        "jid_267816",
        "jid_267816",
        "jid_267816",
        "jid_267816",
        "jid_267816",
        "jid_267816",
        "jid_267817",
        "jid_267817",
        "jid_267817",
        "jid_267817",
        "jid_267817",
        "jid_267817",
        "jid_267817",
        "jid_267817",
        "jid_267817",
        "jid_267817",
        "jid_267817",
        "jid_267817",
        "jid_267817",
        "jid_267817",
        "jid_267817",
        "jid_267817",
        "jid_267817",
        "jid_267817",
        "jid_267817",
        "jid_267817",
        "jid_267817",
        "jid_267817",
        "jid_267817",
        "jid_267817",
        "jid_267817",
        "jid_267817",
        "jid_267817",
        "jid_267817",
        "jid_267817",
        "jid_267817",
        "jid_267817",
        "jid_267817",
        "jid_267817",
        "jid_267817",
        "jid_267817",
        "jid_267817",
        "jid_267819",
        "jid_267820",
        "jid_267820",
        "jid_267820",
        "jid_267820",
        "jid_267820",
        "jid_267820",
        "jid_267820",
        "jid_267820",
        "jid_267820",
        "jid_267820",
        "jid_267820",
        "jid_267820",
        "jid_267820",
        "jid_267820",
        "jid_267820",
        "jid_267820",
        "jid_267820",
        "jid_267820",
        "jid_267820",
        "jid_267820",
        "jid_267820",
        "jid_267820",
        "jid_267820",
        "jid_267820",
        "jid_267820",
        "jid_267820",
        "jid_267820",
        "jid_267820",
        "jid_267820",
        "jid_267820",
        "jid_267848",
        "jid_267838",
        "jid_267827",
        "jid_267832",
        "jid_267855",
        "jid_267858",
        "jid_267858",
        "jid_267858",
        "jid_267858",
        "jid_267858",
        "jid_267858",
        "jid_267858",
        "jid_267858",
        "jid_267858",
        "jid_267858",
        "jid_267858",
        "jid_267858",
        "jid_267858",
        "jid_267858",
        "jid_267858",
        "jid_267858",
        "jid_267858",
        "jid_267858",
        "jid_267858",
        "jid_267858",
        "jid_267858",
        "jid_267858",
        "jid_267858",
        "jid_267899",
        "jid_267899",
        "jid_267899",
        "jid_267899",
        "jid_267899",
        "jid_267899",
        "jid_267899",
        "jid_267899",
        "jid_267899",
        "jid_267899",
        "jid_267899",
        "jid_267899",
        "jid_267899",
        "jid_267899",
        "jid_267899",
        "jid_267899",
        "jid_267899",
        "jid_267899",
        "jid_267899",
        "jid_267899",
        "jid_267899",
        "jid_267899",
        "jid_267899",
        "jid_267899",
        "jid_267899",
        "jid_267899",
        "jid_267899",
        "jid_267899",
        "jid_267870",
        "jid_267881",
        "jid_267901",
        "jid_267896",
        "jid_267878",
        "jid_267902",
        "jid_267873",
        "jid_267906",
        "jid_267906",
        "jid_267906",
        "jid_267906",
        "jid_267906",
        "jid_267906",
        "jid_267906",
        "jid_267906",
        "jid_267906",
        "jid_267906",
        "jid_267906",
        "jid_267906",
        "jid_267906",
        "jid_267906",
        "jid_267906",
        "jid_267906",
        "jid_267906",
        "jid_267906",
        "jid_267906",
        "jid_267906",
        "jid_267906",
        "jid_267906",
        "jid_267906",
        "jid_267906",
        "jid_267906",
        "jid_267906",
        "jid_267906",
        "jid_267906",
        "jid_267906",
        "jid_267906",
        "jid_267906",
        "jid_267906",
        "jid_267929",
        "jid_267940",
        "jid_267927",
        "jid_267946",
        "jid_267939",
        "jid_267942",
        "jid_267918",
        "jid_267907",
        "jid_267966",
        "jid_267964",
        "jid_267979",
        "jid_267976",
        "jid_267977",
        "jid_267960",
        "jid_267962",
        "jid_267982",
        "jid_267961",
        "jid_267975",
        "jid_267967",
        "jid_267981",
        "jid_267953",
        "jid_267992",
        "jid_267992",
        "jid_267992",
        "jid_267992",
        "jid_267992",
        "jid_267992",
        "jid_267992",
        "jid_267992",
        "jid_267992",
        "jid_267992",
        "jid_267992",
        "jid_267992",
        "jid_267992",
        "jid_267992",
        "jid_267992",
        "jid_267992",
        "jid_267992",
        "jid_267992",
        "jid_267992",
        "jid_267992",
        "jid_267992",
        "jid_268777",
        "jid_267995",
        "jid_267995",
        "jid_267995",
        "jid_267995",
        "jid_267995",
        "jid_267995",
        "jid_267995",
        "jid_267995",
        "jid_267995",
        "jid_267995",
        "jid_267995",
        "jid_267995",
        "jid_267995",
        "jid_267995",
        "jid_267995",
        "jid_267995",
        "jid_267995",
        "jid_267995",
        "jid_267995",
        "jid_268249",
        "jid_268015",
        "jid_268025",
        "jid_268007",
        "jid_268030",
        "jid_268022",
        "jid_268003",
        "jid_268003",
        "jid_268003",
        "jid_268003",
        "jid_268003",
        "jid_268003",
        "jid_268003",
        "jid_268003",
        "jid_268003",
        "jid_268003",
        "jid_268003",
        "jid_268003",
        "jid_268003",
        "jid_268003",
        "jid_268003",
        "jid_268003",
        "jid_268003",
        "jid_268003",
        "jid_268003",
        "jid_268003",
        "jid_268002",
        "jid_268002",
        "jid_268002",
        "jid_268002",
        "jid_268002",
        "jid_268002",
        "jid_268002",
        "jid_268002",
        "jid_268002",
        "jid_268002",
        "jid_268002",
        "jid_268002",
        "jid_268002",
        "jid_268002",
        "jid_268002",
        "jid_268002",
        "jid_268002",
        "jid_268002",
        "jid_268002",
        "jid_268002",
        "jid_268002",
        "jid_268002",
        "jid_268002",
        "jid_268035",
        "jid_268035",
        "jid_268035",
        "jid_268035",
        "jid_268035",
        "jid_268035",
        "jid_268035",
        "jid_268035",
        "jid_268035",
        "jid_268035",
        "jid_268035",
        "jid_268035",
        "jid_268035",
        "jid_268035",
        "jid_268035",
        "jid_268035",
        "jid_268035",
        "jid_268035",
        "jid_268035",
        "jid_268035",
        "jid_268035",
        "jid_268035",
        "jid_268035",
        "jid_268035",
        "jid_268035",
        "jid_268035",
        "jid_268035",
        "jid_268035",
        "jid_268035",
        "jid_268035",
        "jid_268035",
        "jid_268035",
        "jid_268035",
        "jid_268712",
        "jid_268072",
        "jid_268071",
        "jid_268084",
        "jid_268046",
        "jid_268051",
        "jid_268051",
        "jid_268051",
        "jid_268051",
        "jid_268051",
        "jid_268051",
        "jid_268051",
        "jid_268051",
        "jid_268051",
        "jid_268051",
        "jid_268051",
        "jid_268051",
        "jid_268051",
        "jid_268051",
        "jid_268051",
        "jid_268051",
        "jid_268051",
        "jid_268051",
        "jid_268051",
        "jid_268051",
        "jid_268051",
        "jid_268051",
        "jid_268051",
        "jid_268051",
        "jid_268051",
        "jid_268051",
        "jid_268051",
        "jid_268707",
        "jid_268052",
        "jid_268052",
        "jid_268052",
        "jid_268052",
        "jid_268052",
        "jid_268052",
        "jid_268052",
        "jid_268052",
        "jid_268052",
        "jid_268052",
        "jid_268052",
        "jid_268052",
        "jid_268052",
        "jid_268052",
        "jid_268052",
        "jid_276031",
        "jid_268083",
        "jid_268133",
        "jid_268139",
        "jid_268127",
        "jid_268137",
        "jid_268132",
        "jid_268121",
        "jid_268117",
        "jid_268088",
        "jid_268103",
        "jid_268103",
        "jid_268103",
        "jid_268103",
        "jid_268103",
        "jid_268103",
        "jid_268103",
        "jid_268103",
        "jid_268103",
        "jid_268103",
        "jid_268103",
        "jid_268103",
        "jid_268103",
        "jid_268103",
        "jid_268103",
        "jid_268103",
        "jid_268103",
        "jid_268103",
        "jid_268103",
        "jid_268103",
        "jid_268103",
        "jid_268103",
        "jid_268103",
        "jid_268103",
        "jid_268108",
        "jid_268108",
        "jid_268108",
        "jid_268108",
        "jid_268108",
        "jid_268108",
        "jid_268108",
        "jid_268108",
        "jid_268108",
        "jid_268108",
        "jid_268108",
        "jid_268108",
        "jid_268108",
        "jid_268108",
        "jid_268108",
        "jid_268108",
        "jid_268108",
        "jid_268108",
        "jid_268108",
        "jid_268108",
        "jid_268108",
        "jid_268108",
        "jid_268108",
        "jid_268108",
        "jid_268108",
        "jid_268108",
        "jid_268108",
        "jid_268108",
        "jid_268108",
        "jid_268108",
        "jid_268108",
        "jid_268108",
        "jid_268108",
        "jid_268112",
        "jid_268112",
        "jid_268111",
        "jid_268111",
        "jid_268112",
        "jid_268111",
        "jid_268112",
        "jid_268112",
        "jid_268112",
        "jid_268112",
        "jid_268112",
        "jid_268112",
        "jid_268112",
        "jid_268112",
        "jid_268111",
        "jid_268111",
        "jid_268111",
        "jid_268111",
        "jid_268111",
        "jid_268112",
        "jid_268112",
        "jid_268112",
        "jid_268112",
        "jid_268111",
        "jid_268112",
        "jid_268111",
        "jid_268111",
        "jid_268112",
        "jid_268111",
        "jid_268112",
        "jid_268112",
        "jid_268112",
        "jid_268112",
        "jid_268111",
        "jid_268111",
        "jid_268112",
        "jid_268111",
        "jid_268111",
        "jid_268111",
        "jid_268112",
        "jid_268112",
        "jid_268111",
        "jid_268111",
        "jid_268112",
        "jid_268112",
        "jid_268111",
        "jid_268111",
        "jid_268111",
        "jid_268111",
        "jid_268111",
        "jid_268111",
        "jid_268112",
        "jid_268112",
        "jid_268122",
        "jid_268122",
        "jid_268122",
        "jid_268122",
        "jid_268122",
        "jid_268122",
        "jid_268122",
        "jid_268122",
        "jid_268122",
        "jid_268122",
        "jid_268122",
        "jid_268122",
        "jid_268122",
        "jid_268122",
        "jid_268122",
        "jid_268122",
        "jid_268122",
        "jid_268122",
        "jid_268122",
        "jid_268122",
        "jid_268122",
        "jid_268134",
        "jid_268134",
        "jid_268134",
        "jid_268134",
        "jid_268134",
        "jid_268134",
        "jid_268134",
        "jid_268134",
        "jid_268134",
        "jid_268134",
        "jid_268134",
        "jid_268134",
        "jid_268134",
        "jid_268134",
        "jid_268134",
        "jid_268134",
        "jid_268134",
        "jid_268134",
        "jid_268134",
        "jid_268134",
        "jid_268134",
        "jid_268134",
        "jid_268134",
        "jid_268134",
        "jid_268134",
        "jid_268134",
        "jid_268143",
        "jid_268146",
        "jid_268146",
        "jid_268146",
        "jid_268146",
        "jid_268146",
        "jid_268146",
        "jid_268146",
        "jid_268146",
        "jid_268146",
        "jid_268146",
        "jid_268146",
        "jid_268146",
        "jid_268146",
        "jid_268146",
        "jid_268146",
        "jid_268146",
        "jid_268146",
        "jid_268146",
        "jid_268146",
        "jid_268146",
        "jid_268146",
        "jid_268146",
        "jid_268146",
        "jid_268146",
        "jid_268146",
        "jid_268146",
        "jid_268146",
        "jid_268146",
        "jid_268146",
        "jid_268146",
        "jid_268146",
        "jid_268146",
        "jid_268146",
        "jid_268146",
        "jid_268146",
        "jid_268163",
        "jid_268157",
        "jid_268177",
        "jid_268170",
        "jid_268180",
        "jid_268180",
        "jid_268180",
        "jid_268180",
        "jid_268180",
        "jid_268180",
        "jid_268180",
        "jid_268180",
        "jid_268180",
        "jid_268180",
        "jid_268180",
        "jid_268180",
        "jid_268180",
        "jid_268180",
        "jid_268180",
        "jid_268180",
        "jid_268180",
        "jid_268180",
        "jid_268180",
        "jid_268180",
        "jid_268180",
        "jid_268180",
        "jid_268180",
        "jid_268180",
        "jid_268180",
        "jid_268180",
        "jid_268180",
        "jid_268180",
        "jid_268180",
        "jid_268216",
        "jid_268216",
        "jid_268216",
        "jid_268216",
        "jid_268216",
        "jid_268216",
        "jid_268216",
        "jid_268216",
        "jid_268216",
        "jid_268216",
        "jid_268216",
        "jid_268216",
        "jid_268216",
        "jid_268216",
        "jid_268216",
        "jid_268216",
        "jid_268216",
        "jid_268216",
        "jid_268216",
        "jid_268216",
        "jid_268216",
        "jid_268216",
        "jid_268216",
        "jid_268216",
        "jid_268227",
        "jid_268229",
        "jid_268232",
        "jid_268230",
        "jid_268246",
        "jid_268237",
        "jid_268235",
        "jid_268222",
        "jid_268222",
        "jid_268222",
        "jid_268222",
        "jid_268222",
        "jid_268222",
        "jid_268222",
        "jid_268222",
        "jid_268222",
        "jid_268222",
        "jid_268222",
        "jid_268222",
        "jid_268222",
        "jid_268222",
        "jid_268222",
        "jid_268222",
        "jid_268222",
        "jid_268222",
        "jid_268222",
        "jid_268222",
        "jid_268222",
        "jid_268222",
        "jid_268222",
        "jid_268222",
        "jid_268222",
        "jid_268222",
        "jid_268222",
        "jid_268222",
        "jid_268222",
        "jid_268222",
        "jid_268222",
        "jid_268222",
        "jid_268222",
        "jid_268222",
        "jid_268222",
        "jid_268222",
        "jid_268222",
        "jid_268222",
        "jid_268260",
        "jid_268333",
        "jid_270894",
        "jid_268305",
        "jid_268295",
        "jid_268292",
        "jid_268291",
        "jid_268306",
        "jid_268316",
        "jid_268316",
        "jid_268316",
        "jid_268316",
        "jid_268316",
        "jid_268316",
        "jid_268316",
        "jid_268316",
        "jid_268316",
        "jid_268316",
        "jid_268316",
        "jid_268316",
        "jid_268316",
        "jid_268316",
        "jid_268316",
        "jid_268316",
        "jid_268316",
        "jid_268316",
        "jid_268316",
        "jid_268316",
        "jid_268316",
        "jid_268316",
        "jid_268316",
        "jid_268316",
        "jid_268316",
        "jid_268316",
        "jid_268316",
        "jid_268316",
        "jid_268316",
        "jid_17227",
        "jid_17227",
        "jid_268286",
        "jid_268331",
        "jid_268331",
        "jid_268331",
        "jid_268331",
        "jid_268331",
        "jid_268331",
        "jid_268331",
        "jid_268331",
        "jid_268331",
        "jid_268331",
        "jid_268331",
        "jid_268331",
        "jid_268331",
        "jid_268331",
        "jid_268331",
        "jid_268331",
        "jid_268331",
        "jid_268331",
        "jid_268331",
        "jid_268331",
        "jid_268331",
        "jid_268331",
        "jid_268331",
        "jid_268331",
        "jid_268331",
        "jid_268331",
        "jid_268331",
        "jid_268331",
        "jid_268330",
        "jid_268330",
        "jid_268330",
        "jid_268330",
        "jid_268330",
        "jid_268330",
        "jid_268330",
        "jid_268330",
        "jid_268330",
        "jid_268330",
        "jid_268330",
        "jid_268330",
        "jid_268330",
        "jid_268330",
        "jid_268330",
        "jid_268330",
        "jid_268330",
        "jid_268330",
        "jid_268330",
        "jid_268330",
        "jid_268330",
        "jid_268330",
        "jid_268330",
        "jid_268330",
        "jid_268330",
        "jid_268330",
        "jid_268402",
        "jid_268402",
        "jid_268402",
        "jid_268402",
        "jid_268402",
        "jid_268402",
        "jid_268402",
        "jid_268402",
        "jid_268402",
        "jid_268402",
        "jid_268402",
        "jid_268402",
        "jid_268402",
        "jid_268402",
        "jid_268402",
        "jid_268349",
        "jid_268351",
        "jid_268367",
        "jid_268370",
        "jid_268366",
        "jid_268369",
        "jid_268375",
        "jid_268711",
        "jid_268344",
        "jid_268381",
        "jid_268852",
        "jid_278948",
        "jid_77966",
        "jid_77966",
        "jid_268386",
        "jid_268398",
        "jid_268398",
        "jid_268398",
        "jid_268398",
        "jid_268398",
        "jid_268398",
        "jid_268398",
        "jid_268398",
        "jid_268398",
        "jid_268398",
        "jid_268398",
        "jid_268398",
        "jid_268398",
        "jid_268398",
        "jid_268398",
        "jid_268398",
        "jid_268398",
        "jid_268395",
        "jid_268395",
        "jid_268395",
        "jid_268395",
        "jid_268395",
        "jid_268395",
        "jid_268395",
        "jid_268395",
        "jid_268395",
        "jid_268395",
        "jid_268395",
        "jid_268395",
        "jid_268395",
        "jid_268395",
        "jid_268395",
        "jid_268395",
        "jid_268395",
        "jid_268395",
        "jid_268395",
        "jid_268395",
        "jid_268395",
        "jid_268395",
        "jid_268395",
        "jid_268395",
        "jid_268395",
        "jid_268395",
        "jid_268395",
        "jid_268395",
        "jid_268395",
        "jid_268395",
        "jid_277249",
        "jid_268392",
        "jid_268415",
        "jid_268429",
        "jid_268424",
        "jid_268434",
        "jid_268434",
        "jid_268434",
        "jid_268434",
        "jid_268434",
        "jid_268434",
        "jid_268434",
        "jid_268434",
        "jid_268434",
        "jid_268434",
        "jid_268434",
        "jid_268434",
        "jid_268434",
        "jid_268434",
        "jid_268434",
        "jid_268434",
        "jid_268434",
        "jid_282035",
        "jid_268404",
        "jid_268438",
        "jid_52883",
        "jid_52883",
        "jid_271791",
        "jid_271791",
        "jid_271791",
        "jid_271791",
        "jid_269080",
        "jid_269162",
        "jid_268445",
        "jid_268445",
        "jid_268445",
        "jid_268445",
        "jid_268445",
        "jid_268445",
        "jid_268445",
        "jid_268445",
        "jid_268445",
        "jid_268445",
        "jid_268445",
        "jid_268445",
        "jid_268445",
        "jid_268445",
        "jid_268445",
        "jid_268445",
        "jid_268445",
        "jid_268445",
        "jid_268445",
        "jid_268445",
        "jid_268445",
        "jid_268445",
        "jid_268445",
        "jid_268445",
        "jid_268445",
        "jid_268445",
        "jid_268445",
        "jid_268445",
        "jid_268445",
        "jid_268445",
        "jid_269162",
        "jid_269162",
        "jid_268433",
        "jid_268477",
        "jid_268843",
        "jid_268485",
        "jid_268446",
        "jid_270811",
        "jid_270811",
        "jid_268469",
        "jid_268461",
        "jid_268492",
        "jid_268481",
        "jid_268497",
        "jid_268486",
        "jid_268523",
        "jid_268478",
        "jid_268563",
        "jid_268496",
        "jid_268532",
        "jid_268466",
        "jid_266107",
        "jid_266107",
        "jid_266107",
        "jid_266107",
        "jid_266107",
        "jid_266107",
        "jid_266107",
        "jid_266107",
        "jid_266107",
        "jid_266107",
        "jid_266107",
        "jid_266107",
        "jid_266107",
        "jid_266107",
        "jid_266107",
        "jid_266107",
        "jid_266107",
        "jid_266107",
        "jid_266107",
        "jid_266107",
        "jid_266107",
        "jid_266107",
        "jid_266107",
        "jid_266107",
        "jid_266107",
        "jid_266107",
        "jid_266107",
        "jid_266107",
        "jid_266107",
        "jid_266107",
        "jid_266107",
        "jid_266107",
        "jid_266107",
        "jid_266107",
        "jid_266107",
        "jid_266107",
        "jid_266107",
        "jid_266107",
        "jid_266107",
        "jid_266107",
        "jid_266107",
        "jid_266107",
        "jid_266107",
        "jid_266107",
        "jid_266107",
        "jid_266107",
        "jid_266107",
        "jid_266107",
        "jid_266107",
        "jid_266107",
        "jid_266107",
        "jid_266107",
        "jid_266107",
        "jid_266107",
        "jid_266107",
        "jid_266107",
        "jid_266107",
        "jid_266107",
        "jid_266107",
        "jid_266107",
        "jid_266107",
        "jid_266107",
        "jid_266107",
        "jid_266107",
        "jid_266107",
        "jid_266107",
        "jid_266107",
        "jid_266107",
        "jid_266107",
        "jid_266107",
        "jid_266107",
        "jid_266107",
        "jid_266107",
        "jid_266107",
        "jid_266107",
        "jid_266107",
        "jid_266107",
        "jid_266107",
        "jid_266107",
        "jid_266107",
        "jid_266107",
        "jid_266107",
        "jid_266107",
        "jid_266107",
        "jid_266107",
        "jid_266107",
        "jid_266107",
        "jid_266107",
        "jid_266107",
        "jid_266107",
        "jid_266107",
        "jid_266107",
        "jid_266107",
        "jid_266107",
        "jid_268506",
        "jid_268704",
        "jid_268744",
        "jid_268744",
        "jid_268744",
        "jid_268744",
        "jid_268744",
        "jid_268744",
        "jid_268744",
        "jid_268744",
        "jid_268744",
        "jid_268744",
        "jid_268744",
        "jid_268744",
        "jid_268744",
        "jid_268744",
        "jid_268744",
        "jid_268744",
        "jid_268744",
        "jid_268744",
        "jid_268744",
        "jid_268744",
        "jid_268744",
        "jid_268744",
        "jid_268744",
        "jid_268744",
        "jid_268744",
        "jid_268744",
        "jid_268744",
        "jid_268744",
        "jid_268744",
        "jid_268744",
        "jid_268744",
        "jid_268744",
        "jid_268744",
        "jid_268744",
        "jid_268744",
        "jid_268744",
        "jid_268744",
        "jid_268744",
        "jid_268744",
        "jid_268744",
        "jid_268744",
        "jid_268744",
        "jid_268744",
        "jid_268744",
        "jid_268744",
        "jid_268744",
        "jid_268744",
        "jid_268744",
        "jid_268744",
        "jid_268744",
        "jid_268744",
        "jid_268744",
        "jid_268744",
        "jid_268744",
        "jid_268744",
        "jid_268744",
        "jid_268744",
        "jid_268744",
        "jid_268744",
        "jid_268744",
        "jid_268744",
        "jid_268744",
        "jid_268744",
        "jid_268744",
        "jid_268744",
        "jid_268744",
        "jid_268744",
        "jid_268744",
        "jid_268744",
        "jid_268744",
        "jid_268744",
        "jid_268744",
        "jid_268744",
        "jid_268744",
        "jid_75444",
        "jid_75444",
        "jid_271403",
        "jid_271403",
        "jid_268542",
        "jid_268542",
        "jid_268542",
        "jid_268542",
        "jid_268542",
        "jid_268542",
        "jid_268542",
        "jid_268542",
        "jid_268542",
        "jid_268542",
        "jid_268542",
        "jid_268542",
        "jid_268542",
        "jid_268542",
        "jid_268542",
        "jid_268542",
        "jid_268542",
        "jid_268542",
        "jid_268542",
        "jid_268542",
        "jid_268542",
        "jid_268542",
        "jid_268542",
        "jid_268542",
        "jid_271546",
        "jid_271546",
        "jid_271546",
        "jid_269574",
        "jid_269625",
        "jid_269575",
        "jid_269601",
        "jid_269596",
        "jid_269675",
        "jid_269588",
        "jid_269580",
        "jid_269619",
        "jid_269602",
        "jid_269591",
        "jid_269599",
        "jid_269644",
        "jid_272154",
        "jid_269620",
        "jid_272154",
        "jid_269394",
        "jid_272187",
        "jid_271723",
        "jid_270829",
        "jid_269739",
        "jid_269535",
        "jid_269537",
        "jid_269535",
        "jid_269537",
        "jid_269537",
        "jid_269517",
        "jid_269400",
        "jid_269400",
        "jid_269409",
        "jid_271141",
        "jid_269729",
        "jid_268536",
        "jid_268625",
        "jid_269502",
        "jid_269502",
        "jid_269502",
        "jid_269645",
        "jid_269564",
        "jid_269658",
        "jid_269658",
        "jid_269658",
        "jid_269033",
        "jid_269598",
        "jid_269598",
        "jid_268550",
        "jid_268548",
        "jid_268551",
        "jid_268581",
        "jid_268572",
        "jid_269065",
        "jid_268566",
        "jid_268788",
        "jid_268788",
        "jid_268788",
        "jid_268788",
        "jid_268788",
        "jid_268788",
        "jid_268788",
        "jid_268788",
        "jid_268788",
        "jid_268788",
        "jid_268788",
        "jid_268788",
        "jid_268788",
        "jid_268788",
        "jid_268788",
        "jid_268788",
        "jid_268788",
        "jid_268788",
        "jid_268788",
        "jid_268788",
        "jid_268788",
        "jid_268788",
        "jid_268788",
        "jid_268788",
        "jid_268788",
        "jid_268622",
        "jid_268848",
        "jid_268848",
        "jid_268848",
        "jid_268848",
        "jid_268848",
        "jid_268848",
        "jid_268848",
        "jid_268848",
        "jid_268848",
        "jid_268848",
        "jid_268848",
        "jid_268848",
        "jid_268848",
        "jid_268848",
        "jid_268848",
        "jid_268848",
        "jid_268848",
        "jid_268848",
        "jid_268848",
        "jid_268848",
        "jid_268848",
        "jid_268848",
        "jid_268848",
        "jid_268848",
        "jid_268848",
        "jid_268848",
        "jid_268627",
        "jid_268875",
        "jid_268875",
        "jid_268875",
        "jid_268875",
        "jid_268875",
        "jid_268875",
        "jid_268875",
        "jid_268875",
        "jid_268875",
        "jid_268875",
        "jid_268875",
        "jid_268875",
        "jid_268875",
        "jid_268875",
        "jid_268875",
        "jid_268875",
        "jid_268875",
        "jid_268875",
        "jid_268875",
        "jid_268875",
        "jid_268875",
        "jid_268875",
        "jid_268875",
        "jid_268875",
        "jid_268875",
        "jid_268875",
        "jid_268875",
        "jid_268875",
        "jid_268875",
        "jid_268875",
        "jid_77838",
        "jid_268609",
        "jid_268618",
        "jid_268893",
        "jid_268902",
        "jid_268912",
        "jid_268914",
        "jid_268920",
        "jid_268901",
        "jid_268922",
        "jid_268975",
        "jid_268931",
        "jid_268926",
        "jid_268947",
        "jid_268946",
        "jid_268971",
        "jid_268960",
        "jid_268932",
        "jid_268956",
        "jid_268961",
        "jid_268930",
        "jid_268993",
        "jid_268644",
        "jid_269709",
        "jid_269017",
        "jid_269017",
        "jid_269017",
        "jid_269017",
        "jid_269017",
        "jid_269017",
        "jid_269017",
        "jid_269017",
        "jid_269017",
        "jid_269017",
        "jid_269017",
        "jid_269017",
        "jid_269017",
        "jid_269017",
        "jid_269017",
        "jid_269017",
        "jid_269017",
        "jid_269017",
        "jid_269017",
        "jid_269017",
        "jid_269017",
        "jid_269017",
        "jid_269017",
        "jid_269017",
        "jid_269017",
        "jid_269008",
        "jid_269008",
        "jid_269008",
        "jid_269008",
        "jid_269008",
        "jid_269008",
        "jid_269008",
        "jid_269008",
        "jid_269008",
        "jid_269008",
        "jid_269008",
        "jid_269008",
        "jid_269008",
        "jid_269008",
        "jid_269008",
        "jid_269008",
        "jid_269008",
        "jid_269008",
        "jid_269008",
        "jid_269008",
        "jid_269008",
        "jid_269008",
        "jid_269008",
        "jid_269008",
        "jid_269008",
        "jid_269008",
        "jid_269008",
        "jid_269008",
        "jid_269021",
        "jid_269021",
        "jid_269021",
        "jid_269021",
        "jid_269021",
        "jid_269021",
        "jid_269021",
        "jid_269021",
        "jid_269021",
        "jid_269021",
        "jid_269021",
        "jid_269021",
        "jid_269021",
        "jid_269021",
        "jid_269021",
        "jid_269021",
        "jid_269021",
        "jid_269021",
        "jid_269021",
        "jid_269021",
        "jid_269021",
        "jid_269021",
        "jid_269021",
        "jid_268799",
        "jid_269024",
        "jid_269024",
        "jid_269024",
        "jid_269024",
        "jid_269024",
        "jid_269024",
        "jid_269024",
        "jid_269024",
        "jid_269024",
        "jid_269024",
        "jid_269024",
        "jid_269024",
        "jid_269024",
        "jid_269024",
        "jid_269024",
        "jid_269024",
        "jid_269024",
        "jid_269024",
        "jid_269024",
        "jid_269024",
        "jid_269024",
        "jid_269024",
        "jid_269024",
        "jid_269024",
        "jid_269024",
        "jid_269024",
        "jid_269024",
        "jid_269024",
        "jid_269024",
        "jid_269024",
        "jid_268667",
        "jid_275462",
        "jid_275462",
        "jid_275462",
        "jid_269330",
        "jid_268669",
        "jid_268838",
        "jid_269028",
        "jid_269028",
        "jid_269028",
        "jid_269028",
        "jid_269028",
        "jid_269028",
        "jid_269028",
        "jid_269028",
        "jid_269028",
        "jid_269028",
        "jid_269028",
        "jid_269028",
        "jid_269028",
        "jid_269028",
        "jid_269028",
        "jid_269028",
        "jid_269028",
        "jid_269028",
        "jid_269028",
        "jid_269028",
        "jid_269028",
        "jid_269028",
        "jid_269028",
        "jid_269028",
        "jid_269028",
        "jid_269036",
        "jid_269036",
        "jid_269036",
        "jid_269036",
        "jid_269036",
        "jid_269036",
        "jid_269036",
        "jid_269036",
        "jid_269036",
        "jid_269036",
        "jid_269036",
        "jid_269036",
        "jid_269036",
        "jid_269036",
        "jid_269036",
        "jid_269036",
        "jid_269036",
        "jid_269036",
        "jid_269036",
        "jid_269036",
        "jid_269036",
        "jid_269036",
        "jid_269036",
        "jid_269036",
        "jid_269036",
        "jid_72644",
        "jid_72644",
        "jid_269038",
        "jid_269038",
        "jid_269038",
        "jid_269038",
        "jid_269038",
        "jid_269038",
        "jid_269038",
        "jid_269038",
        "jid_269038",
        "jid_269038",
        "jid_269038",
        "jid_269038",
        "jid_269038",
        "jid_269038",
        "jid_269038",
        "jid_269038",
        "jid_269038",
        "jid_269038",
        "jid_269038",
        "jid_269038",
        "jid_269038",
        "jid_269038",
        "jid_269038",
        "jid_269038",
        "jid_269038",
        "jid_269038",
        "jid_269038",
        "jid_72819",
        "jid_72819",
        "jid_72641",
        "jid_72642",
        "jid_72642",
        "jid_269042",
        "jid_269042",
        "jid_269042",
        "jid_269042",
        "jid_269042",
        "jid_269042",
        "jid_269042",
        "jid_269042",
        "jid_269042",
        "jid_269042",
        "jid_269042",
        "jid_269042",
        "jid_269042",
        "jid_269042",
        "jid_269042",
        "jid_269042",
        "jid_269042",
        "jid_269042",
        "jid_269042",
        "jid_269042",
        "jid_269042",
        "jid_269042",
        "jid_269042",
        "jid_269042",
        "jid_269044",
        "jid_269044",
        "jid_269044",
        "jid_269044",
        "jid_269044",
        "jid_269044",
        "jid_269044",
        "jid_269044",
        "jid_269044",
        "jid_269044",
        "jid_269044",
        "jid_269044",
        "jid_269044",
        "jid_269044",
        "jid_269044",
        "jid_269044",
        "jid_269044",
        "jid_269044",
        "jid_269044",
        "jid_269044",
        "jid_269044",
        "jid_269039",
        "jid_269039",
        "jid_269039",
        "jid_269039",
        "jid_269039",
        "jid_269039",
        "jid_269039",
        "jid_269039",
        "jid_269039",
        "jid_269039",
        "jid_269039",
        "jid_269039",
        "jid_269039",
        "jid_269039",
        "jid_269039",
        "jid_269039",
        "jid_269039",
        "jid_269039",
        "jid_269039",
        "jid_72814",
        "jid_72814",
        "jid_72818",
        "jid_72816",
        "jid_72816",
        "jid_72816",
        "jid_72821",
        "jid_72821",
        "jid_269267",
        "jid_269043",
        "jid_269043",
        "jid_269043",
        "jid_269043",
        "jid_269043",
        "jid_269043",
        "jid_269043",
        "jid_269043",
        "jid_269043",
        "jid_269043",
        "jid_269043",
        "jid_269043",
        "jid_269043",
        "jid_269043",
        "jid_269043",
        "jid_269043",
        "jid_269043",
        "jid_269043",
        "jid_269043",
        "jid_269043",
        "jid_269043",
        "jid_269043",
        "jid_269043",
        "jid_269043",
        "jid_269043",
        "jid_269043",
        "jid_269043",
        "jid_269043",
        "jid_269043",
        "jid_269043",
        "jid_269043",
        "jid_269062",
        "jid_269062",
        "jid_269062",
        "jid_269062",
        "jid_269062",
        "jid_269062",
        "jid_269062",
        "jid_269062",
        "jid_269062",
        "jid_269062",
        "jid_269062",
        "jid_269062",
        "jid_269062",
        "jid_269062",
        "jid_269062",
        "jid_269062",
        "jid_269062",
        "jid_269062",
        "jid_269062",
        "jid_269062",
        "jid_269062",
        "jid_269062",
        "jid_269062",
        "jid_269062",
        "jid_269062",
        "jid_269062",
        "jid_269062",
        "jid_275169",
        "jid_268817",
        "jid_269061",
        "jid_269061",
        "jid_269061",
        "jid_269061",
        "jid_269061",
        "jid_269061",
        "jid_269061",
        "jid_269061",
        "jid_269061",
        "jid_269061",
        "jid_269061",
        "jid_269061",
        "jid_269061",
        "jid_269061",
        "jid_269061",
        "jid_269061",
        "jid_269061",
        "jid_269061",
        "jid_269061",
        "jid_269061",
        "jid_269061",
        "jid_269061",
        "jid_268842",
        "jid_269066",
        "jid_269066",
        "jid_269066",
        "jid_269066",
        "jid_269066",
        "jid_269066",
        "jid_269066",
        "jid_269066",
        "jid_269066",
        "jid_269066",
        "jid_269066",
        "jid_269066",
        "jid_269066",
        "jid_269066",
        "jid_269066",
        "jid_269066",
        "jid_269066",
        "jid_269066",
        "jid_269066",
        "jid_269066",
        "jid_269066",
        "jid_269066",
        "jid_269066",
        "jid_269066",
        "jid_269066",
        "jid_269066",
        "jid_269066",
        "jid_269066",
        "jid_269066",
        "jid_269066",
        "jid_269066",
        "jid_269066",
        "jid_269066",
        "jid_269066",
        "jid_269066",
        "jid_269066",
        "jid_269066",
        "jid_269066",
        "jid_269066",
        "jid_269066",
        "jid_269066",
        "jid_269066",
        "jid_275277",
        "jid_269056",
        "jid_269056",
        "jid_269056",
        "jid_269056",
        "jid_269056",
        "jid_269056",
        "jid_269056",
        "jid_269056",
        "jid_269056",
        "jid_269056",
        "jid_269056",
        "jid_269056",
        "jid_269056",
        "jid_269056",
        "jid_269056",
        "jid_269056",
        "jid_269056",
        "jid_269056",
        "jid_269087",
        "jid_269087",
        "jid_269087",
        "jid_269087",
        "jid_269087",
        "jid_269087",
        "jid_269087",
        "jid_269087",
        "jid_269087",
        "jid_269087",
        "jid_269087",
        "jid_269087",
        "jid_269087",
        "jid_269087",
        "jid_269087",
        "jid_269087",
        "jid_269087",
        "jid_269087",
        "jid_269087",
        "jid_269087",
        "jid_269088",
        "jid_269088",
        "jid_269088",
        "jid_269088",
        "jid_269088",
        "jid_269088",
        "jid_269088",
        "jid_269088",
        "jid_269088",
        "jid_269088",
        "jid_269088",
        "jid_269088",
        "jid_269088",
        "jid_269088",
        "jid_269088",
        "jid_269088",
        "jid_269088",
        "jid_269088",
        "jid_269088",
        "jid_269088",
        "jid_269088",
        "jid_269088",
        "jid_269088",
        "jid_269088",
        "jid_269088",
        "jid_269088",
        "jid_269088",
        "jid_269115",
        "jid_269115",
        "jid_269115",
        "jid_269115",
        "jid_269115",
        "jid_269115",
        "jid_269115",
        "jid_269115",
        "jid_269115",
        "jid_269115",
        "jid_269115",
        "jid_269115",
        "jid_269115",
        "jid_269115",
        "jid_269115",
        "jid_269115",
        "jid_269115",
        "jid_269115",
        "jid_269115",
        "jid_269115",
        "jid_269115",
        "jid_269115",
        "jid_269115",
        "jid_268774",
        "jid_268767",
        "jid_275306",
        "jid_275324",
        "jid_275313",
        "jid_275315",
        "jid_275318",
        "jid_269117",
        "jid_269117",
        "jid_269117",
        "jid_269117",
        "jid_269117",
        "jid_269117",
        "jid_269117",
        "jid_269117",
        "jid_269117",
        "jid_269117",
        "jid_269117",
        "jid_269117",
        "jid_269117",
        "jid_269117",
        "jid_269117",
        "jid_269117",
        "jid_269117",
        "jid_269117",
        "jid_269117",
        "jid_269117",
        "jid_269117",
        "jid_269117",
        "jid_269117",
        "jid_269117",
        "jid_269117",
        "jid_269117",
        "jid_269117",
        "jid_269117",
        "jid_269117",
        "jid_269117",
        "jid_269117",
        "jid_269117",
        "jid_269117",
        "jid_269133",
        "jid_269133",
        "jid_269133",
        "jid_269133",
        "jid_269133",
        "jid_269133",
        "jid_269133",
        "jid_269133",
        "jid_269133",
        "jid_269133",
        "jid_269133",
        "jid_269133",
        "jid_269133",
        "jid_269133",
        "jid_269133",
        "jid_269133",
        "jid_269133",
        "jid_269133",
        "jid_269133",
        "jid_269133",
        "jid_269133",
        "jid_269133",
        "jid_269133",
        "jid_269133",
        "jid_269133",
        "jid_269133",
        "jid_269133",
        "jid_269133",
        "jid_272159",
        "jid_272159",
        "jid_268816",
        "jid_269026",
        "jid_269060",
        "jid_78224",
        "jid_78224",
        "jid_78224",
        "jid_268845",
        "jid_271793",
        "jid_273915",
        "jid_269151",
        "jid_269151",
        "jid_269151",
        "jid_269151",
        "jid_269151",
        "jid_269151",
        "jid_269151",
        "jid_269151",
        "jid_269151",
        "jid_269151",
        "jid_269151",
        "jid_269151",
        "jid_269151",
        "jid_269151",
        "jid_269151",
        "jid_269151",
        "jid_269151",
        "jid_269151",
        "jid_269151",
        "jid_269151",
        "jid_269079",
        "jid_268867",
        "jid_268871",
        "jid_268881",
        "jid_269185",
        "jid_269185",
        "jid_269185",
        "jid_269185",
        "jid_269185",
        "jid_269185",
        "jid_269185",
        "jid_269185",
        "jid_269185",
        "jid_269185",
        "jid_269185",
        "jid_269185",
        "jid_269185",
        "jid_269185",
        "jid_269185",
        "jid_269185",
        "jid_269185",
        "jid_269185",
        "jid_269185",
        "jid_269185",
        "jid_269185",
        "jid_269185",
        "jid_269185",
        "jid_269185",
        "jid_269185",
        "jid_269185",
        "jid_269185",
        "jid_269185",
        "jid_268943",
        "jid_268886",
        "jid_269240",
        "jid_265924",
        "jid_265924",
        "jid_265924",
        "jid_265924",
        "jid_265924",
        "jid_265924",
        "jid_265924",
        "jid_265924",
        "jid_265924",
        "jid_265924",
        "jid_265924",
        "jid_265924",
        "jid_265924",
        "jid_265924",
        "jid_265924",
        "jid_265924",
        "jid_265924",
        "jid_265924",
        "jid_265924",
        "jid_265924",
        "jid_265924",
        "jid_265924",
        "jid_265924",
        "jid_265924",
        "jid_265924",
        "jid_269011",
        "jid_269011",
        "jid_269011",
        "jid_269011",
        "jid_269011",
        "jid_269179",
        "jid_269025",
        "jid_269023",
        "jid_269023",
        "jid_269023",
        "jid_269023",
        "jid_269023",
        "jid_269023",
        "jid_269023",
        "jid_269023",
        "jid_269023",
        "jid_269023",
        "jid_269023",
        "jid_269023",
        "jid_269023",
        "jid_269023",
        "jid_269023",
        "jid_269023",
        "jid_269023",
        "jid_269023",
        "jid_269023",
        "jid_269023",
        "jid_269023",
        "jid_269023",
        "jid_269023",
        "jid_269023",
        "jid_269023",
        "jid_269290",
        "jid_269116",
        "jid_269069",
        "jid_269047",
        "jid_269176",
        "jid_269176",
        "jid_269176",
        "jid_269176",
        "jid_269176",
        "jid_269176",
        "jid_269176",
        "jid_269176",
        "jid_269176",
        "jid_269176",
        "jid_269176",
        "jid_269176",
        "jid_269176",
        "jid_269176",
        "jid_269176",
        "jid_269176",
        "jid_269176",
        "jid_269176",
        "jid_269176",
        "jid_269176",
        "jid_269176",
        "jid_269176",
        "jid_269176",
        "jid_269176",
        "jid_269100",
        "jid_269128",
        "jid_269214",
        "jid_269208",
        "jid_273702",
        "jid_269333",
        "jid_269158",
        "jid_269348",
        "jid_269160",
        "jid_269168",
        "jid_269202",
        "jid_269173",
        "jid_269182",
        "jid_269174",
        "jid_269245",
        "jid_269258",
        "jid_270700",
        "jid_269178",
        "jid_269187",
        "jid_269237",
        "jid_275146",
        "jid_269195",
        "jid_269199",
        "jid_269200",
        "jid_269384",
        "jid_269205",
        "jid_269218",
        "jid_269218",
        "jid_269218",
        "jid_269218",
        "jid_269218",
        "jid_269218",
        "jid_269218",
        "jid_269218",
        "jid_269218",
        "jid_269218",
        "jid_269218",
        "jid_269218",
        "jid_269218",
        "jid_269218",
        "jid_269218",
        "jid_269218",
        "jid_269218",
        "jid_269218",
        "jid_269218",
        "jid_269218",
        "jid_269218",
        "jid_269218",
        "jid_269218",
        "jid_269218",
        "jid_269218",
        "jid_269223",
        "jid_269222",
        "jid_269241",
        "jid_269242",
        "jid_269244",
        "jid_271615",
        "jid_271651",
        "jid_271721",
        "jid_271648",
        "jid_275694",
        "jid_275734",
        "jid_275802",
        "jid_275839",
        "jid_275855",
        "jid_275821",
        "jid_275892",
        "jid_275983",
        "jid_276900",
        "jid_277263",
        "jid_277320",
        "jid_278053",
        "jid_269268",
        "jid_269257",
        "jid_269265",
        "jid_269289",
        "jid_269276",
        "jid_269281",
        "jid_269286",
        "jid_269423",
        "jid_269479",
        "jid_269483",
        "jid_269315",
        "jid_269327",
        "jid_269340",
        "jid_269413",
        "jid_269374",
        "jid_269369",
        "jid_269357",
        "jid_271436",
        "jid_271516",
        "jid_278968",
        "jid_269378",
        "jid_269379",
        "jid_269385",
        "jid_269392",
        "jid_269418",
        "jid_269420",
        "jid_271642",
        "jid_269404",
        "jid_269568",
        "jid_269470",
        "jid_269473",
        "jid_271397",
        "jid_271409",
        "jid_270921",
        "jid_271003",
        "jid_270887",
        "jid_270941",
        "jid_270908",
        "jid_271006",
        "jid_271501",
        "jid_271374",
        "jid_271544",
        "jid_271683",
        "jid_271714",
        "jid_269484",
        "jid_271646",
        "jid_271905",
        "jid_269494",
        "jid_269639",
        "jid_269657",
        "jid_269544",
        "jid_269661",
        "jid_269569",
        "jid_269695",
        "jid_269577",
        "jid_269577",
        "jid_269577",
        "jid_269577",
        "jid_269577",
        "jid_269577",
        "jid_269577",
        "jid_269577",
        "jid_269577",
        "jid_269577",
        "jid_269577",
        "jid_269577",
        "jid_269577",
        "jid_269577",
        "jid_269577",
        "jid_269577",
        "jid_269577",
        "jid_269577",
        "jid_269577",
        "jid_269577",
        "jid_269577",
        "jid_269577",
        "jid_269577",
        "jid_270659",
        "jid_269605",
        "jid_271960",
        "jid_269652",
        "jid_271356",
        "jid_269672",
        "jid_269671",
        "jid_269671",
        "jid_269671",
        "jid_269671",
        "jid_269671",
        "jid_269671",
        "jid_269671",
        "jid_269671",
        "jid_269671",
        "jid_269671",
        "jid_269671",
        "jid_269671",
        "jid_269671",
        "jid_269671",
        "jid_269671",
        "jid_269671",
        "jid_269671",
        "jid_269671",
        "jid_269671",
        "jid_269671",
        "jid_269671",
        "jid_269671",
        "jid_269671",
        "jid_269664",
        "jid_269692",
        "jid_269680",
        "jid_269680",
        "jid_269680",
        "jid_269680",
        "jid_269680",
        "jid_269680",
        "jid_269680",
        "jid_269680",
        "jid_269680",
        "jid_269680",
        "jid_269680",
        "jid_269680",
        "jid_269680",
        "jid_269680",
        "jid_269680",
        "jid_269680",
        "jid_269680",
        "jid_269680",
        "jid_269680",
        "jid_269680",
        "jid_269680",
        "jid_269680",
        "jid_269707",
        "jid_270835",
        "jid_269719",
        "jid_270798",
        "jid_271341",
        "jid_269728",
        "jid_269728",
        "jid_269728",
        "jid_269728",
        "jid_269728",
        "jid_269728",
        "jid_269728",
        "jid_269728",
        "jid_269728",
        "jid_269728",
        "jid_269728",
        "jid_269728",
        "jid_269728",
        "jid_269728",
        "jid_269728",
        "jid_269728",
        "jid_269728",
        "jid_269728",
        "jid_269728",
        "jid_269728",
        "jid_269728",
        "jid_269728",
        "jid_271377",
        "jid_269735",
        "jid_270858",
        "jid_278974",
        "jid_270866",
        "jid_278984",
        "jid_278988",
        "jid_270876",
        "jid_278978",
        "jid_270911",
        "jid_270873",
        "jid_270882",
        "jid_270912",
        "jid_270918",
        "jid_271505",
        "jid_270903",
        "jid_270939",
        "jid_270932",
        "jid_270958",
        "jid_271527",
        "jid_270957",
        "jid_271524",
        "jid_271008",
        "jid_271002",
        "jid_271001",
        "jid_270985",
        "jid_271556",
        "jid_271031",
        "jid_271555",
        "jid_271022",
        "jid_271061",
        "jid_271083",
        "jid_271079",
        "jid_271084",
        "jid_271072",
        "jid_271077",
        "jid_271573",
        "jid_271574",
        "jid_271063",
        "jid_271122",
        "jid_271076",
        "jid_271126",
        "jid_271087",
        "jid_271095",
        "jid_271116",
        "jid_271110",
        "jid_271051",
        "jid_271590",
        "jid_271168",
        "jid_271154",
        "jid_271138",
        "jid_271175",
        "jid_271098",
        "jid_271176",
        "jid_271609",
        "jid_271180",
        "jid_271183",
        "jid_271209",
        "jid_271144",
        "jid_271118",
        "jid_271215",
        "jid_271197",
        "jid_271212",
        "jid_271635",
        "jid_271243",
        "jid_271157",
        "jid_271203",
        "jid_271680",
        "jid_271294",
        "jid_271287",
        "jid_271250",
        "jid_271204",
        "jid_270977",
        "jid_270872",
        "jid_271013",
        "jid_270660",
        "jid_270669",
        "jid_270747",
        "jid_271709",
        "jid_270780",
        "jid_270753",
        "jid_272001",
        "jid_270806",
        "jid_278926",
        "jid_270810",
        "jid_275569",
        "jid_275332",
        "jid_278970",
        "jid_270825",
        "jid_270851",
        "jid_270826",
        "jid_270840",
        "jid_271838",
        "jid_270842",
        "jid_74423",
        "jid_74423",
        "jid_270846",
        "jid_272008",
        "jid_270852",
        "jid_270950",
        "jid_75885",
        "jid_271859",
        "jid_270935",
        "jid_271047",
        "jid_271046",
        "jid_271053",
        "jid_271308",
        "jid_271333",
        "jid_76001",
        "jid_77817",
        "jid_77817",
        "jid_77817",
        "jid_77793",
        "jid_77793",
        "jid_77793",
        "jid_77793",
        "jid_77679",
        "jid_77679",
        "jid_77797",
        "jid_77797",
        "jid_77753",
        "jid_76446",
        "jid_76446",
        "jid_77069",
        "jid_77069",
        "jid_77069",
        "jid_77069",
        "jid_271090",
        "jid_271093",
        "jid_271100",
        "jid_271769",
        "jid_271365",
        "jid_271365",
        "jid_271365",
        "jid_271365",
        "jid_271365",
        "jid_271365",
        "jid_271365",
        "jid_271365",
        "jid_271365",
        "jid_271365",
        "jid_271365",
        "jid_271365",
        "jid_271365",
        "jid_271365",
        "jid_271365",
        "jid_271365",
        "jid_271365",
        "jid_271365",
        "jid_271365",
        "jid_271365",
        "jid_271365",
        "jid_271365",
        "jid_271365",
        "jid_271365",
        "jid_271365",
        "jid_271365",
        "jid_271365",
        "jid_271365",
        "jid_271365",
        "jid_271365",
        "jid_271365",
        "jid_271365",
        "jid_271365",
        "jid_271365",
        "jid_271365",
        "jid_271365",
        "jid_271365",
        "jid_271365",
        "jid_271365",
        "jid_271365",
        "jid_271365",
        "jid_271365",
        "jid_271365",
        "jid_271365",
        "jid_271365",
        "jid_271365",
        "jid_271365",
        "jid_271365",
        "jid_271365",
        "jid_271365",
        "jid_271365",
        "jid_271365",
        "jid_271365",
        "jid_271365",
        "jid_271365",
        "jid_271365",
        "jid_271365",
        "jid_271365",
        "jid_271365",
        "jid_271365",
        "jid_271365",
        "jid_271365",
        "jid_271365",
        "jid_271365",
        "jid_271365",
        "jid_271365",
        "jid_271365",
        "jid_271365",
        "jid_271365",
        "jid_271365",
        "jid_271365",
        "jid_271365",
        "jid_271365",
        "jid_271365",
        "jid_271365",
        "jid_271140",
        "jid_275908",
        "jid_275908",
        "jid_275908",
        "jid_275480",
        "jid_271495",
        "jid_275351",
        "jid_271450",
        "jid_271336",
        "jid_271575",
        "jid_271643",
        "jid_271830",
        "jid_271692",
        "jid_271767",
        "jid_271757",
        "jid_271778",
        "jid_76865",
        "jid_76865",
        "jid_271344",
        "jid_271340",
        "jid_275754",
        "jid_276048",
        "jid_275554",
        "jid_275475",
        "jid_272188",
        "jid_272016",
        "jid_271443",
        "jid_271444",
        "jid_271442",
        "jid_271444",
        "jid_271446",
        "jid_271446",
        "jid_271447",
        "jid_271453",
        "jid_271447",
        "jid_271447",
        "jid_271452",
        "jid_271453",
        "jid_271454",
        "jid_271452",
        "jid_271452",
        "jid_271454",
        "jid_271455",
        "jid_271455",
        "jid_271455",
        "jid_271455",
        "jid_271460",
        "jid_271463",
        "jid_271463",
        "jid_271460",
        "jid_271460",
        "jid_271466",
        "jid_271464",
        "jid_271464",
        "jid_271464",
        "jid_271461",
        "jid_271466",
        "jid_271461",
        "jid_271461",
        "jid_271468",
        "jid_271461",
        "jid_271461",
        "jid_271457",
        "jid_271459",
        "jid_271462",
        "jid_271459",
        "jid_271467",
        "jid_271467",
        "jid_271465",
        "jid_271456",
        "jid_271456",
        "jid_271470",
        "jid_271470",
        "jid_271470",
        "jid_271628",
        "jid_271761",
        "jid_271850",
        "jid_271507",
        "jid_271514",
        "jid_271510",
        "jid_271727",
        "jid_271727",
        "jid_271727",
        "jid_271727",
        "jid_271727",
        "jid_271727",
        "jid_271727",
        "jid_271727",
        "jid_271727",
        "jid_271727",
        "jid_271727",
        "jid_271727",
        "jid_271727",
        "jid_271727",
        "jid_271727",
        "jid_271727",
        "jid_271727",
        "jid_271727",
        "jid_271727",
        "jid_271727",
        "jid_271727",
        "jid_271727",
        "jid_271727",
        "jid_271727",
        "jid_271727",
        "jid_271727",
        "jid_271727",
        "jid_271727",
        "jid_271727",
        "jid_271727",
        "jid_271727",
        "jid_271727",
        "jid_271727",
        "jid_271727",
        "jid_271727",
        "jid_271727",
        "jid_271727",
        "jid_271727",
        "jid_271727",
        "jid_271727",
        "jid_271727",
        "jid_271727",
        "jid_271727",
        "jid_271727",
        "jid_271727",
        "jid_271727",
        "jid_271727",
        "jid_271727",
        "jid_271727",
        "jid_271727",
        "jid_271727",
        "jid_271727",
        "jid_271727",
        "jid_271727",
        "jid_271727",
        "jid_271727",
        "jid_271727",
        "jid_271727",
        "jid_271727",
        "jid_271727",
        "jid_271727",
        "jid_271727",
        "jid_271727",
        "jid_271727",
        "jid_271727",
        "jid_271727",
        "jid_271727",
        "jid_271727",
        "jid_271727",
        "jid_271727",
        "jid_271727",
        "jid_271727",
        "jid_271727",
        "jid_271727",
        "jid_271727",
        "jid_271727",
        "jid_271727",
        "jid_271727",
        "jid_271727",
        "jid_271727",
        "jid_271727",
        "jid_271727",
        "jid_271727",
        "jid_271727",
        "jid_271727",
        "jid_271727",
        "jid_271531",
        "jid_271566",
        "jid_275531",
        "jid_275531",
        "jid_275456",
        "jid_275456",
        "jid_275418",
        "jid_275418",
        "jid_275450",
        "jid_275325",
        "jid_275513",
        "jid_275513",
        "jid_275552",
        "jid_275415",
        "jid_275409",
        "jid_275409",
        "jid_275433",
        "jid_275433",
        "jid_275748",
        "jid_275748",
        "jid_275748",
        "jid_275538",
        "jid_271579",
        "jid_271579",
        "jid_271579",
        "jid_271579",
        "jid_271579",
        "jid_271579",
        "jid_271579",
        "jid_271579",
        "jid_271579",
        "jid_271579",
        "jid_271579",
        "jid_271579",
        "jid_271579",
        "jid_271579",
        "jid_271579",
        "jid_271579",
        "jid_271579",
        "jid_271579",
        "jid_271579",
        "jid_271579",
        "jid_271579",
        "jid_275931",
        "jid_275918",
        "jid_277370",
        "jid_275920",
        "jid_271715",
        "jid_271883",
        "jid_271431",
        "jid_271431",
        "jid_271431",
        "jid_271431",
        "jid_271431",
        "jid_271431",
        "jid_271431",
        "jid_271431",
        "jid_271431",
        "jid_271431",
        "jid_271431",
        "jid_271431",
        "jid_271431",
        "jid_271431",
        "jid_271431",
        "jid_271431",
        "jid_271431",
        "jid_271431",
        "jid_271431",
        "jid_271431",
        "jid_271431",
        "jid_271431",
        "jid_271431",
        "jid_271431",
        "jid_271431",
        "jid_271431",
        "jid_271649",
        "jid_275528",
        "jid_275888",
        "jid_275507",
        "jid_275420",
        "jid_271737",
        "jid_271725",
        "jid_271732",
        "jid_271732",
        "jid_271732",
        "jid_271730",
        "jid_271731",
        "jid_271731",
        "jid_271730",
        "jid_271736",
        "jid_271733",
        "jid_271726",
        "jid_271726",
        "jid_271726",
        "jid_271726",
        "jid_271728",
        "jid_271729",
        "jid_271734",
        "jid_271734",
        "jid_271735",
        "jid_271735",
        "jid_271739",
        "jid_271739",
        "jid_271739",
        "jid_271739",
        "jid_271738",
        "jid_271742",
        "jid_271742",
        "jid_271738",
        "jid_271760",
        "jid_271760",
        "jid_271760",
        "jid_271752",
        "jid_271748",
        "jid_271748",
        "jid_271755",
        "jid_271744",
        "jid_271755",
        "jid_271755",
        "jid_271747",
        "jid_271747",
        "jid_271745",
        "jid_271745",
        "jid_271844",
        "jid_271880",
        "jid_271788",
        "jid_271861",
        "jid_275132",
        "jid_275132",
        "jid_275132",
        "jid_275133",
        "jid_271814",
        "jid_271808",
        "jid_271903",
        "jid_271874",
        "jid_275562",
        "jid_275713",
        "jid_275501",
        "jid_276197",
        "jid_271839",
        "jid_275613",
        "jid_276193",
        "jid_275459",
        "jid_275362",
        "jid_74917",
        "jid_74917",
        "jid_75743",
        "jid_75743",
        "jid_75743",
        "jid_275148",
        "jid_75743",
        "jid_75675",
        "jid_275074",
        "jid_275107",
        "jid_74968",
        "jid_275074",
        "jid_74968",
        "jid_74968",
        "jid_75059",
        "jid_75059",
        "jid_75059",
        "jid_275049",
        "jid_275127",
        "jid_275127",
        "jid_275127",
        "jid_275127",
        "jid_74908",
        "jid_74908",
        "jid_275058",
        "jid_275058",
        "jid_71555",
        "jid_275058",
        "jid_275058",
        "jid_275058",
        "jid_81653",
        "jid_275176",
        "jid_275176",
        "jid_74316",
        "jid_271894",
        "jid_274901",
        "jid_275939",
        "jid_275761",
        "jid_275624",
        "jid_276185",
        "jid_272098",
        "jid_279584",
        "jid_272133",
        "jid_271915",
        "jid_271978",
        "jid_271919",
        "jid_271928",
        "jid_271944",
        "jid_271940",
        "jid_271947",
        "jid_275077",
        "jid_271945",
        "jid_274108",
        "jid_271946",
        "jid_271950",
        "jid_271959",
        "jid_271969",
        "jid_271969",
        "jid_271969",
        "jid_271969",
        "jid_271969",
        "jid_271969",
        "jid_271969",
        "jid_271969",
        "jid_271969",
        "jid_271969",
        "jid_271969",
        "jid_271969",
        "jid_271969",
        "jid_271969",
        "jid_271969",
        "jid_271969",
        "jid_271967",
        "jid_276204",
        "jid_77881",
        "jid_276561",
        "jid_272035",
        "jid_272086",
        "jid_275117",
        "jid_275091",
        "jid_272040",
        "jid_276928",
        "jid_71246",
        "jid_78875",
        "jid_277086",
        "jid_272037",
        "jid_272037",
        "jid_272037",
        "jid_272037",
        "jid_272037",
        "jid_272037",
        "jid_272037",
        "jid_272037",
        "jid_272037",
        "jid_272037",
        "jid_272037",
        "jid_272037",
        "jid_272037",
        "jid_272037",
        "jid_272037",
        "jid_272037",
        "jid_272037",
        "jid_272037",
        "jid_272037",
        "jid_272037",
        "jid_272037",
        "jid_272037",
        "jid_272037",
        "jid_272037",
        "jid_272568",
        "jid_272726",
        "jid_77838",
        "jid_77838",
        "jid_272066",
        "jid_272064",
        "jid_272065",
        "jid_272196",
        "jid_272190",
        "jid_272069",
        "jid_272072",
        "jid_272094",
        "jid_272087",
        "jid_272087",
        "jid_272087",
        "jid_272087",
        "jid_272087",
        "jid_272087",
        "jid_272087",
        "jid_272087",
        "jid_272087",
        "jid_272087",
        "jid_272087",
        "jid_272087",
        "jid_272087",
        "jid_272087",
        "jid_272087",
        "jid_272087",
        "jid_272087",
        "jid_272303",
        "jid_272273",
        "jid_272100",
        "jid_272100",
        "jid_272100",
        "jid_272100",
        "jid_272100",
        "jid_272100",
        "jid_272100",
        "jid_272100",
        "jid_272100",
        "jid_272100",
        "jid_272100",
        "jid_272100",
        "jid_272100",
        "jid_272100",
        "jid_272100",
        "jid_272100",
        "jid_272103",
        "jid_272103",
        "jid_272103",
        "jid_272103",
        "jid_272103",
        "jid_272103",
        "jid_272103",
        "jid_272103",
        "jid_272103",
        "jid_272103",
        "jid_272103",
        "jid_272103",
        "jid_272103",
        "jid_272103",
        "jid_272103",
        "jid_272103",
        "jid_272103",
        "jid_272105",
        "jid_272105",
        "jid_272105",
        "jid_272105",
        "jid_272105",
        "jid_272105",
        "jid_272105",
        "jid_272105",
        "jid_272105",
        "jid_272105",
        "jid_272105",
        "jid_272105",
        "jid_272105",
        "jid_272105",
        "jid_272105",
        "jid_272105",
        "jid_272105",
        "jid_272111",
        "jid_272111",
        "jid_272111",
        "jid_272111",
        "jid_272111",
        "jid_272111",
        "jid_272111",
        "jid_272111",
        "jid_272111",
        "jid_272111",
        "jid_272111",
        "jid_272111",
        "jid_272111",
        "jid_272111",
        "jid_272111",
        "jid_272111",
        "jid_272111",
        "jid_272111",
        "jid_272111",
        "jid_272111",
        "jid_272118",
        "jid_272112",
        "jid_272112",
        "jid_272112",
        "jid_272112",
        "jid_272112",
        "jid_272112",
        "jid_272112",
        "jid_272112",
        "jid_272112",
        "jid_272112",
        "jid_272112",
        "jid_272112",
        "jid_272112",
        "jid_272112",
        "jid_272112",
        "jid_272112",
        "jid_272112",
        "jid_272112",
        "jid_272112",
        "jid_272112",
        "jid_272112",
        "jid_272115",
        "jid_272115",
        "jid_272115",
        "jid_272115",
        "jid_272115",
        "jid_272115",
        "jid_272115",
        "jid_272115",
        "jid_272115",
        "jid_272115",
        "jid_272115",
        "jid_272115",
        "jid_272115",
        "jid_272115",
        "jid_272115",
        "jid_272115",
        "jid_272115",
        "jid_272115",
        "jid_272115",
        "jid_272115",
        "jid_272115",
        "jid_272121",
        "jid_272131",
        "jid_272126",
        "jid_272126",
        "jid_272126",
        "jid_272126",
        "jid_272126",
        "jid_272126",
        "jid_272126",
        "jid_272126",
        "jid_272126",
        "jid_272126",
        "jid_272126",
        "jid_272126",
        "jid_272126",
        "jid_272126",
        "jid_272126",
        "jid_272126",
        "jid_272129",
        "jid_272135",
        "jid_272135",
        "jid_272135",
        "jid_272135",
        "jid_272135",
        "jid_272135",
        "jid_272135",
        "jid_272135",
        "jid_272135",
        "jid_272135",
        "jid_272135",
        "jid_272135",
        "jid_272135",
        "jid_272135",
        "jid_272135",
        "jid_272135",
        "jid_272135",
        "jid_272135",
        "jid_272135",
        "jid_272135",
        "jid_272136",
        "jid_272140",
        "jid_272140",
        "jid_272140",
        "jid_272140",
        "jid_272140",
        "jid_272140",
        "jid_272140",
        "jid_272140",
        "jid_272140",
        "jid_272140",
        "jid_272140",
        "jid_272140",
        "jid_272140",
        "jid_272140",
        "jid_272140",
        "jid_272140",
        "jid_272140",
        "jid_272140",
        "jid_272140",
        "jid_272140",
        "jid_272140",
        "jid_272140",
        "jid_272140",
        "jid_272140",
        "jid_272140",
        "jid_272140",
        "jid_275283",
        "jid_272143",
        "jid_272143",
        "jid_272143",
        "jid_272143",
        "jid_272143",
        "jid_272143",
        "jid_272143",
        "jid_272143",
        "jid_272143",
        "jid_272143",
        "jid_272143",
        "jid_272143",
        "jid_272143",
        "jid_272143",
        "jid_272143",
        "jid_272143",
        "jid_272143",
        "jid_272143",
        "jid_272143",
        "jid_272168",
        "jid_272155",
        "jid_272155",
        "jid_272155",
        "jid_272155",
        "jid_272155",
        "jid_272155",
        "jid_272155",
        "jid_272155",
        "jid_272155",
        "jid_272155",
        "jid_272155",
        "jid_272155",
        "jid_272155",
        "jid_272155",
        "jid_272155",
        "jid_272155",
        "jid_272155",
        "jid_272160",
        "jid_272160",
        "jid_272160",
        "jid_272160",
        "jid_272160",
        "jid_272160",
        "jid_272160",
        "jid_272160",
        "jid_272160",
        "jid_272160",
        "jid_272160",
        "jid_272160",
        "jid_272160",
        "jid_272160",
        "jid_272160",
        "jid_272160",
        "jid_272160",
        "jid_272160",
        "jid_272160",
        "jid_272160",
        "jid_272160",
        "jid_272160",
        "jid_272160",
        "jid_272164",
        "jid_272302",
        "jid_272265",
        "jid_272172",
        "jid_272172",
        "jid_272172",
        "jid_272172",
        "jid_272172",
        "jid_272172",
        "jid_272172",
        "jid_272172",
        "jid_272172",
        "jid_272172",
        "jid_272172",
        "jid_272172",
        "jid_272172",
        "jid_272172",
        "jid_272172",
        "jid_272172",
        "jid_272172",
        "jid_272172",
        "jid_272350",
        "jid_272175",
        "jid_272175",
        "jid_272175",
        "jid_272175",
        "jid_272175",
        "jid_272175",
        "jid_272175",
        "jid_272175",
        "jid_272175",
        "jid_272175",
        "jid_272175",
        "jid_272175",
        "jid_272175",
        "jid_272175",
        "jid_272175",
        "jid_272175",
        "jid_272175",
        "jid_272175",
        "jid_272175",
        "jid_275642",
        "jid_275642",
        "jid_275642",
        "jid_275642",
        "jid_272181",
        "jid_272184",
        "jid_272184",
        "jid_272184",
        "jid_272184",
        "jid_272184",
        "jid_272184",
        "jid_272184",
        "jid_272184",
        "jid_272184",
        "jid_272184",
        "jid_272184",
        "jid_272184",
        "jid_272184",
        "jid_272184",
        "jid_272184",
        "jid_272184",
        "jid_272184",
        "jid_272184",
        "jid_272184",
        "jid_272184",
        "jid_272186",
        "jid_272186",
        "jid_272186",
        "jid_272186",
        "jid_272186",
        "jid_272186",
        "jid_272186",
        "jid_272186",
        "jid_272186",
        "jid_272186",
        "jid_272186",
        "jid_272186",
        "jid_272186",
        "jid_272186",
        "jid_272186",
        "jid_272186",
        "jid_272186",
        "jid_272186",
        "jid_272432",
        "jid_272189",
        "jid_272189",
        "jid_272189",
        "jid_272189",
        "jid_272189",
        "jid_272189",
        "jid_272189",
        "jid_272189",
        "jid_272189",
        "jid_272189",
        "jid_272189",
        "jid_272189",
        "jid_272189",
        "jid_272189",
        "jid_272189",
        "jid_272189",
        "jid_272189",
        "jid_272189",
        "jid_272191",
        "jid_272191",
        "jid_272191",
        "jid_272191",
        "jid_272191",
        "jid_272191",
        "jid_272191",
        "jid_272191",
        "jid_272191",
        "jid_272191",
        "jid_272191",
        "jid_272191",
        "jid_272191",
        "jid_272191",
        "jid_272191",
        "jid_272191",
        "jid_272191",
        "jid_275567",
        "jid_272191",
        "jid_272191",
        "jid_272191",
        "jid_272191"
    ],
    "Jobs <= 5 nodes": 196,
    "Jobs <= 50 nodes": 30,
    "Jobs <= 250 nodes": 0,
    "Jobs > 250 nodes": 0,
    "min job size": 1,
    "max job size": 24,
    "average job size": 4.053097345132743,
    "min runtime": 68,
    "max runtime": 38636,
    "average runtime": 1458.8141592920354,
    "min energy": 11827.551020408164,
    "max energy": 163686244.89795426,
    "avg energy": 1706158.9940400545,
    "min edp": 804273.4693877551,
    "max edp": 6324181757877.36,
    "avg edp": 46399307786.20958,
    "min edp^2": 54690595.91836735,
    "max edp^2": 2.443410863973497e+17,
    "avg edp^2": 1634826508624482.5,
    "min_aggregate_node_hours": 68,
    "max_aggregate_node_hours": 927264,
    "avg_aggregate_node_hours": 9669.0,
    "min_wait_time": 209,
    "max_wait_time": 1271,
    "average_wait_time": 717.1238938053098,
    "min_turnaround_time": 412,
    "max_turnaround_time": 39851,
    "average_turnaround_time": 2175.9380530973453,
    "min_area_weighted_response_time": 28016,
    "max_area_weighted_response_time": 36952397664,
    "area_weighted_avg_response_time": 28301.404839570307,
    "priority_weighted_specific_response_time": 27833.31853118246
}