id,name,account,num_nodes,run_time,submit_time,start_time,end_time,state,avg_cpu_usage,avg_gpu_usage,avg_ntx_usage,avg_nrx_usage,avg_node_power,max_node_power,energy
jid_700236,55929.0,136.0,2,4503,3624292,3624297,3628801,JobState.COMPLETED,1.0,0,0,0,0.0,0.0,0.0
jid_700097,1246.0000000000073,114.0,160,10,3613358,3628800,3628811,JobState.COMPLETED,0.6764821458230329,0,0,0,136.91618112118772,136.91618112118772,219065.88979390037
jid_700097,1246.0000000000073,114.0,160,11,3613359,3628800,3628812,JobState.COMPLETED,0.6594595296364554,0,0,0,134.83177913915782,134.83177913915782,237303.93128491775
jid_700097,1246.0000000000073,114.0,160,13,3613357,3628800,3628814,JobState.COMPLETED,0.5919371698309448,0,0,0,126.56373508134018,126.56373508134018,263252.5689691876
jid_700345,55929.0,136.0,2,17,3628608,3628800,3628818,JobState.COMPLETED,1.0,0,0,0,176.53061224489795,176.53061224489795,6002.04081632653
jid_700337,55929.0,136.0,2,18,3628480,3628800,3628819,JobState.COMPLETED,1.0,0,0,0,176.53061224489795,176.53061224489795,6355.102040816326
jid_670284,35586.0,13.0,6,19,2811879,3628800,3628820,JobState.COMPLETED,1.0,0,0,0,176.53061224489795,176.53061224489795,20124.489795918365
jid_670284,35586.0,13.0,6,19,2811879,3628800,3628820,JobState.COMPLETED,1.0,0,0,0,176.53061224489795,176.53061224489795,20124.489795918365
jid_669654,774.9999999999927,13.0,6,19,2813104,3628800,3628820,JobState.COMPLETED,1.0,0,0,0,176.53061224489795,176.53061224489795,20124.489795918365
jid_669654,774.9999999999927,13.0,6,19,2813104,3628800,3628820,JobState.COMPLETED,1.0,0,0,0,176.53061224489795,176.53061224489795,20124.489795918365
jid_669654,774.9999999999927,13.0,6,19,2813104,3628800,3628820,JobState.COMPLETED,1.0,0,0,0,176.53061224489795,176.53061224489795,20124.489795918365
jid_669654,774.9999999999927,13.0,6,19,2813105,3628800,3628820,JobState.COMPLETED,1.0,0,0,0,176.53061224489795,176.53061224489795,20124.489795918365
jid_669654,774.9999999999927,13.0,6,20,2813104,3628800,3628821,JobState.COMPLETED,1.0,0,0,0,176.53061224489795,176.53061224489795,21183.673469387755
jid_700237,55929.0,136.0,2,4534,3624282,3624287,3628822,JobState.COMPLETED,1.0,0,0,0,176.53061224489795,176.53061224489795,1600779.5918367347
jid_700207,36061.0,194.0,216,24,3603144,3628800,3628825,JobState.COMPLETED,1.0,0,0,0,176.53061224489795,176.53061224489795,915134.693877551
jid_700207,639.0,194.0,216,24,3603144,3628800,3628825,JobState.COMPLETED,1.0,0,0,0,176.53061224489795,176.53061224489795,915134.693877551
jid_700208,11389.0,194.0,216,55,3602856,3628800,3628856,JobState.COMPLETED,1.0,0,0,0,176.53061224489795,176.53061224489795,2097183.673469388
jid_700239,55929.0,136.0,2,4478,3624497,3624502,3628981,JobState.COMPLETED,1.0,0,0,0,176.5306122448979,176.53061224489795,1581008.1632653056
jid_700573,63306.0,360.0,40,61,3628919,3628919,3628981,JobState.COMPLETED,0.5122158896209855,0,0,0,116.8019456678758,116.8019456678758,284996.747429617
jid_700391,55929.0,136.0,2,17,3629098,3629098,3629116,JobState.COMPLETED,1.0,0,0,0,176.53061224489795,176.53061224489795,6002.04081632653
jid_700401,55929.0,136.0,2,17,3629099,3629099,3629117,JobState.COMPLETED,1.0,0,0,0,176.53061224489795,176.53061224489795,6002.04081632653
jid_700652,63306.0,360.0,40,63,3629066,3629066,3629130,JobState.COMPLETED,0.5130584664240223,0,0,0,116.9051183376354,116.9051183376354,294600.89821084123
jid_700655,15066.0,289.0,255,13,3629205,3629205,3629219,JobState.COMPLETED,1.0,0,0,0,176.53061224489795,176.53061224489795,585198.9795918367
jid_700246,55929.0,136.0,2,4944,3624320,3624326,3629271,JobState.COMPLETED,1.0,0,0,0,176.53061224489807,176.53061224489795,1745534.6938775522
jid_700247,55929.0,136.0,2,4959,3624311,3624316,3629276,JobState.COMPLETED,1.0,0,0,0,176.53061224489807,176.53061224489795,1750830.612244899
jid_700414,55929.0,136.0,2,16,3629348,3629348,3629365,JobState.COMPLETED,1.0,0,0,0,176.53061224489795,176.53061224489795,5648.9795918367345
jid_700438,55929.0,136.0,2,18,3629480,3629480,3629499,JobState.COMPLETED,1.0,0,0,0,176.53061224489795,176.53061224489795,6355.102040816326
jid_700456,55929.0,136.0,2,20,3629617,3629617,3629638,JobState.COMPLETED,1.0,0,0,0,176.53061224489795,176.53061224489795,7061.224489795918
jid_700276,55929.0,136.0,2,5344,3624309,3624314,3629659,JobState.COMPLETED,1.0,0,0,0,176.53061224489818,176.53061224489795,1886759.1836734717
jid_700280,55929.0,136.0,2,5207,3624486,3624491,3629699,JobState.COMPLETED,1.0,0,0,0,176.53061224489818,176.53061224489795,1838389.7959183697
jid_700281,55929.0,136.0,2,5420,3624278,3624283,3629704,JobState.COMPLETED,1.0,0,0,0,176.53061224489818,176.53061224489795,1913591.8367346963
jid_700283,55929.0,136.0,2,5590,3624124,3624129,3629720,JobState.COMPLETED,1.0,0,0,0,176.53061224489818,176.53061224489795,1973612.2448979616
jid_700287,55929.0,136.0,2,5433,3624291,3624296,3629730,JobState.COMPLETED,1.0,0,0,0,176.53061224489815,176.53061224489795,1918181.6326530634
jid_700475,55929.0,136.0,2,18,3629743,3629743,3629762,JobState.COMPLETED,1.0,0,0,0,176.53061224489795,176.53061224489795,6355.102040816326
jid_700488,55929.0,136.0,2,18,3629751,3629751,3629770,JobState.COMPLETED,1.0,0,0,0,176.53061224489795,176.53061224489795,6355.102040816326
jid_700291,55929.0,136.0,2,5657,3624137,3624141,3629799,JobState.COMPLETED,1.0,0,0,0,176.53061224489804,176.53061224489795,1997267.3469387763
jid_700494,55929.0,136.0,2,19,3629876,3629876,3629896,JobState.COMPLETED,1.0,0,0,0,176.53061224489795,176.53061224489795,6708.163265306122
jid_700496,55929.0,136.0,2,16,3630001,3630001,3630018,JobState.COMPLETED,1.0,0,0,0,176.53061224489795,176.53061224489795,5648.9795918367345
jid_700497,55929.0,136.0,2,15,3630003,3630003,3630019,JobState.COMPLETED,1.0,0,0,0,176.53061224489795,176.53061224489795,5295.918367346939
jid_692612,62737.0,262.0,4,1888,3439511,3628200,3630089,JobState.COMPLETED,0.680350463843775,0,0,0,137.38985271556393,137.38985271556427,1037568.1677079388
jid_700306,62972.0,512.0,160,17221,3612900,3612907,3630129,JobState.COMPLETED,0.7738075339254403,0,0,0,148.8335755827072,148.83357558270697,410090080.81756806
jid_700308,62971.0,512.0,160,17203,3612862,3612939,3630143,JobState.COMPLETED,0.7744577203993693,0,0,0,148.91319025298378,148.91319025298398,409880577.9075328
jid_696759,63320.0,262.0,4,1523,3506291,3628800,3630324,JobState.COMPLETED,0.7356856871983798,0,0,0,144.16559435082206,144.16559435082203,878256.800785208
jid_696759,63524.0,262.0,4,1524,3506294,3628800,3630325,JobState.COMPLETED,0.7356691540675016,0,0,0,144.16356988581643,144.16356988581651,878821.122023937
jid_696759,63344.0,262.0,4,1538,3506292,3628800,3630339,JobState.COMPLETED,0.733221366250671,0,0,0,143.8638407653886,143.8638407653883,885050.3483886707
jid_696760,63344.0,262.0,4,1538,3506303,3628800,3630339,JobState.COMPLETED,0.73461954440634,0,0,0,144.0350462538373,144.03504625383755,886103.6045536071
jid_696759,63504.0,262.0,4,1547,3506293,3628800,3630348,JobState.COMPLETED,0.7305324647785554,0,0,0,143.53458752390463,143.53458752390475,888192.0275979219
jid_700507,55929.0,136.0,2,22,3630373,3630373,3630396,JobState.COMPLETED,1.0,0,0,0,176.53061224489795,176.53061224489795,7767.34693877551
jid_700317,34.0,632.0,1,0,3630555,3630555,3630556,JobState.COMPLETED,1.0,0,0,0,176.53061224489795,176.53061224489795,0.0
jid_696760,63334.0,262.0,4,1834,3506303,3628800,3630635,JobState.COMPLETED,0.6870505103678316,0,0,0,138.21026657565292,138.21026657565287,1013910.5155989898
jid_696759,63309.0,262.0,4,1849,3506291,3628800,3630650,JobState.COMPLETED,0.6776958100368671,0,0,0,137.06479306573937,137.06479306573883,1013731.2095142084
jid_696787,63324.0,262.0,4,1879,3506236,3628800,3630680,JobState.COMPLETED,0.6863597747623686,0,0,0,138.12568670559628,138.12568670559617,1038152.6612792617
jid_692612,62741.0,262.0,4,1881,3439512,3628800,3630682,JobState.COMPLETED,0.6818496168441758,0,0,0,137.57342247071568,137.57342247071543,1035102.4306696648
jid_696760,63287.0,262.0,4,1886,3506301,3628800,3630687,JobState.COMPLETED,0.6711111852596098,0,0,0,136.258512480769,136.25851248076853,1027934.2181549214
jid_696760,63494.0,262.0,4,1890,3506304,3628800,3630691,JobState.COMPLETED,0.6850237458457322,0,0,0,137.96209132804873,137.96209132804884,1042993.4104400484
jid_696760,63339.0,262.0,4,1899,3506303,3628800,3630700,JobState.COMPLETED,0.6836570707927254,0,0,0,137.79474336237422,137.79474336237453,1046688.8705805945
jid_696784,63301.0,262.0,4,1902,3506279,3628800,3630703,JobState.COMPLETED,0.6782456119457007,0,0,0,137.13211574845286,137.13211574845315,1043301.1366142294
jid_696784,63317.0,262.0,4,1905,3506280,3628800,3630706,JobState.COMPLETED,0.6796802389879438,0,0,0,137.307784365871,137.30778436587067,1046285.3168679369
jid_696787,63297.0,262.0,4,1906,3506235,3628800,3630707,JobState.COMPLETED,0.6838689976599541,0,0,0,137.8206935910141,137.8206935910148,1050744.9679378916
jid_696784,63484.0,262.0,4,1908,3506282,3628800,3630709,JobState.COMPLETED,0.6779761988881013,0,0,0,137.09912639446088,137.0991263944614,1046340.5326425255
jid_696784,63269.0,262.0,4,1909,3506278,3628800,3630710,JobState.COMPLETED,0.6691959931598406,0,0,0,136.02399916242942,136.02399916242945,1038679.257604311
jid_696759,63350.0,262.0,4,1910,3506292,3628800,3630711,JobState.COMPLETED,0.6802836356895102,0,0,0,137.38166967626626,137.38166967626654,1049595.9563266742
jid_696783,63350.0,262.0,4,1914,3506248,3628800,3630715,JobState.COMPLETED,0.6838019210521131,0,0,0,137.81248012882972,137.8124801288302,1055092.3478663203
jid_696786,63510.0,262.0,4,1918,3506227,3628800,3630719,JobState.COMPLETED,0.6786917924027582,0,0,0,137.1867500901342,137.18675009013364,1052496.7466915096
jid_696785,63309.0,262.0,4,1919,3506257,3628800,3630720,JobState.COMPLETED,0.6824597411890324,0,0,0,137.6481315741668,137.64813157416722,1056587.0579633042
jid_696784,63284.0,262.0,4,1920,3506279,3628800,3630721,JobState.COMPLETED,0.6766725741249096,0,0,0,136.93949887243795,136.9394988724379,1051695.3513403235
jid_696785,63356.0,262.0,4,1922,3506259,3628800,3630723,JobState.COMPLETED,0.6820943962331821,0,0,0,137.60339545712463,137.60339545712432,1057894.9042743742
jid_696783,63272.0,262.0,4,1925,3506245,3628800,3630726,JobState.COMPLETED,0.67141158545165,0,0,0,136.2952961777528,136.29529617775307,1049473.7805686966
jid_696786,63437.0,262.0,4,1927,3506227,3628800,3630728,JobState.COMPLETED,0.6776982972375448,0,0,0,137.0650976209243,137.06509762092384,1056497.7724620844
jid_696787,63301.0,262.0,4,1927,3506235,3628800,3630728,JobState.COMPLETED,0.6824958822083637,0,0,0,137.65255700510542,137.65255700510576,1061025.9093953527
jid_696785,63331.0,262.0,4,1927,3506258,3628800,3630728,JobState.COMPLETED,0.6811231870683763,0,0,0,137.4844718859239,137.48447188592363,1059730.3092967016
jid_696760,63328.0,262.0,4,1929,3506302,3628800,3630730,JobState.COMPLETED,0.6798365255945253,0,0,0,137.32692150137066,137.32692150137046,1059614.526304576
jid_696787,63310.0,262.0,4,1932,3506236,3628800,3630733,JobState.COMPLETED,0.6808291451009773,0,0,0,137.448466747058,137.44846674705843,1062201.7510212644
jid_696786,63484.0,262.0,4,1935,3506227,3628800,3630736,JobState.COMPLETED,0.676785351748803,0,0,0,136.9533083774041,136.95330837740445,1060018.6068411078
jid_696787,63309.0,262.0,4,1936,3506236,3628800,3630737,JobState.COMPLETED,0.681562723111023,0,0,0,137.53829262583918,137.53829262583955,1065096.5380944987
jid_696760,63282.0,262.0,4,1937,3506301,3628800,3630738,JobState.COMPLETED,0.6795255761039813,0,0,0,137.2888460535494,137.28884605354875,1063713.9792229007
jid_696784,63494.0,262.0,4,1938,3506282,3628800,3630739,JobState.COMPLETED,0.6791425751966025,0,0,0,137.24194798325706,137.24194798325743,1063899.5807662087
jid_696760,63297.0,262.0,4,1938,3506301,3628800,3630739,JobState.COMPLETED,0.6798480387263599,0,0,0,137.32833127261594,137.32833127261551,1064569.2240253189
jid_696786,63284.0,262.0,4,1942,3506224,3628800,3630743,JobState.COMPLETED,0.6780794790526808,0,0,0,137.11177294522685,137.11177294522622,1065084.252238522
jid_696787,63494.0,262.0,4,1943,3506238,3628800,3630744,JobState.COMPLETED,0.6812073139345883,0,0,0,137.49477313484752,137.49477313484755,1068609.376804035
jid_696760,63431.0,262.0,4,1946,3506304,3628800,3630747,JobState.COMPLETED,0.6784117090012608,0,0,0,137.15245416341992,137.1524541634197,1067594.7032080607
jid_696760,63294.0,262.0,4,1947,3506301,3628800,3630748,JobState.COMPLETED,0.6694942333726411,0,0,0,136.06051837216003,136.06051837216015,1059639.3170823823
jid_696783,63320.0,262.0,4,1948,3506247,3628800,3630749,JobState.COMPLETED,0.677620289479018,0,0,0,137.05554565049175,137.05554565049198,1067936.8117086317
jid_696759,63356.0,262.0,4,1951,3506292,3628800,3630752,JobState.COMPLETED,0.6753965597509625,0,0,0,136.78325221440426,136.78325221440357,1067456.5002812108
jid_696787,63287.0,262.0,4,1952,3506235,3628800,3630753,JobState.COMPLETED,0.6789598978464495,0,0,0,137.21957932813635,137.21957932813666,1071410.4753940885
jid_696784,63328.0,262.0,4,1956,3506280,3628800,3630757,JobState.COMPLETED,0.6639366387798542,0,0,0,135.37999658528852,135.37999658528827,1059213.0932832975
jid_696784,63490.0,262.0,4,1957,3506282,3628800,3630758,JobState.COMPLETED,0.6735789564918102,0,0,0,136.56068855001735,136.56068855001757,1068997.0699695358
jid_696784,63477.0,262.0,4,1958,3506282,3628800,3630759,JobState.COMPLETED,0.672509277852077,0,0,0,136.42970749209076,136.42970749209107,1068517.469078055
jid_696785,63339.0,262.0,4,1960,3506259,3628800,3630761,JobState.COMPLETED,0.6792653015505052,0,0,0,137.25697570006122,137.25697570006187,1076094.6894884799
jid_696784,63510.0,262.0,4,1961,3506282,3628800,3630762,JobState.COMPLETED,0.6785194505498726,0,0,0,137.1656470061064,137.16564700610687,1075927.3351158986
jid_696787,63317.0,262.0,4,1962,3506236,3628800,3630763,JobState.COMPLETED,0.6628447974443917,0,0,0,135.2463017278851,135.2463017278847,1061412.9759604423
jid_696786,63282.0,262.0,4,1964,3506224,3628800,3630765,JobState.COMPLETED,0.6754083857738629,0,0,0,136.78470029884085,136.78470029884033,1074580.6055476938
jid_696783,63524.0,262.0,4,1968,3506250,3628800,3630769,JobState.COMPLETED,0.6774012575866889,0,0,0,137.02872541877855,137.02872541877824,1078690.1264966247
jid_696787,63477.0,262.0,4,1969,3506238,3628800,3630770,JobState.COMPLETED,0.6784585804388802,0,0,0,137.1581935231287,137.15819352312818,1080257.9321881616
jid_696786,63504.0,262.0,4,1972,3506227,3628800,3630773,JobState.COMPLETED,0.6749517216406059,0,0,0,136.7287822417065,136.72878224170685,1078516.6343225809
jid_696760,63477.0,262.0,4,1976,3506304,3628800,3630777,JobState.COMPLETED,0.6612426939471789,0,0,0,135.05012578945028,135.05012578945048,1067436.194239815
jid_696787,63282.0,262.0,4,1977,3506235,3628800,3630778,JobState.COMPLETED,0.6768380748765828,0,0,0,136.9597642706022,136.959764270602,1083077.8158519221
jid_696784,63320.0,262.0,4,1979,3506280,3628800,3630780,JobState.COMPLETED,0.6781083574589155,0,0,0,137.11530907660196,137.1153090766019,1085404.786650381
jid_696785,63278.0,262.0,4,1982,3506257,3628800,3630783,JobState.COMPLETED,0.6606336075423727,0,0,0,134.97554378069896,134.9755437806987,1070086.1110933814
jid_696783,63402.0,262.0,4,1987,3506248,3628800,3630788,JobState.COMPLETED,0.6725467570612755,0,0,0,136.43429678301283,136.43429678301334,1084379.7908313859
jid_696787,63115.0,262.0,4,1991,3506238,3628800,3630792,JobState.COMPLETED,0.6758052230260201,0,0,0,136.83329261543156,136.83329261543102,1089740.342389297
jid_696787,63431.0,262.0,4,2001,3506237,3628800,3630802,JobState.COMPLETED,0.6737690022194146,0,0,0,136.58395945543825,136.58395945543853,1093218.0114813277
jid_696787,63278.0,262.0,4,2008,3506235,3628800,3630809,JobState.COMPLETED,0.6736709695190773,0,0,0,136.57195545131594,136.5719554513156,1096945.9461849697
jid_696784,63504.0,262.0,4,2023,3506282,3628800,3630824,JobState.COMPLETED,0.657964723185147,0,0,0,134.64874161450746,134.6487416145078,1089577.6171445944
jid_696785,63322.0,262.0,4,2034,3506258,3628800,3630835,JobState.COMPLETED,0.6701027666236273,0,0,0,136.13503264779132,136.13503264779112,1107594.6256224301
jid_696784,63522.0,262.0,4,2037,3506283,3628800,3630838,JobState.COMPLETED,0.6567104321493245,0,0,0,134.49515495706058,134.49515495706015,1095866.5225901296
jid_696786,63344.0,262.0,4,2040,3506226,3628800,3630841,JobState.COMPLETED,0.665260539027979,0,0,0,135.54210681975295,135.54210681975255,1106023.591649184
jid_696783,63269.0,262.0,4,2061,3506245,3628795,3630857,JobState.COMPLETED,0.6659112507592596,0,0,0,135.621785807256,135.6217858072563,1118066.0021950186
jid_696784,63356.0,262.0,4,2061,3506281,3628800,3630862,JobState.COMPLETED,0.6672585310959536,0,0,0,135.78675890970797,135.7867589097086,1119426.0404516326
jid_700344,34.0,632.0,1,458,3631269,3631269,3631728,JobState.COMPLETED,1.0,0,0,0,176.53061224489807,176.53061224489795,80851.02040816331
jid_687935,14747.0,197.0,27,28872,3314008,3604290,3633163,JobState.COMPLETED,1.0,0,0,0,176.5306122448986,176.53061224489795,137613379.59183723
jid_699121,63232.0,584.0,15,17425,3584406,3616205,3633631,JobState.COMPLETED,1.0,0,0,0,176.53061224489767,176.53061224489795,46140688.77551013
jid_700518,55929.0,136.0,2,18,3635669,3635669,3635688,JobState.COMPLETED,1.0,0,0,0,176.53061224489795,176.53061224489795,6355.102040816326
jid_700519,55929.0,136.0,2,17,3636037,3636037,3636055,JobState.COMPLETED,1.0,0,0,0,176.53061224489795,176.53061224489795,6002.04081632653
jid_700527,55929.0,136.0,2,20,3636284,3636284,3636305,JobState.COMPLETED,1.0,0,0,0,176.53061224489795,176.53061224489795,7061.224489795918
jid_700329,376.0,159.0,30,9138,3627684,3627704,3636843,JobState.COMPLETED,1.0,0,0,0,176.53061224489525,176.53061224489795,48394102.040815584
jid_700739,51.0,39.0,48,4712,3633078,3633078,3637791,JobState.COMPLETED,1.0,0,0,0,176.5306122448993,176.53061224489795,39926987.755102344
jid_685348,62759.0,140.0,128,9076,3404847,3628800,3637877,JobState.COMPLETED,1.0,0,0,0,176.5306122448993,176.53061224489795,205080555.10204235
jid_700350,62780.0,616.0,52,121708,3516099,3516244,3637953,JobState.COMPLETED,1.0,0,0,0,176.53061224489767,176.53061224489795,1117229763.2653043
jid_700583,55929.0,136.0,2,20,3638632,3638632,3638653,JobState.COMPLETED,1.0,0,0,0,176.53061224489795,176.53061224489795,7061.224489795918
jid_700577,55929.0,136.0,2,21,3638636,3638636,3638658,JobState.COMPLETED,1.0,0,0,0,176.53061224489795,176.53061224489795,7414.285714285714
jid_700329,376.0,159.0,30,11088,3627684,3627710,3638799,JobState.COMPLETED,1.0,0,0,0,176.53061224489454,176.53061224489795,58721142.85714172
jid_700597,55929.0,136.0,2,21,3638798,3638798,3638820,JobState.COMPLETED,1.0,0,0,0,176.53061224489795,176.53061224489795,7414.285714285714
jid_700594,55929.0,136.0,2,21,3638803,3638803,3638825,JobState.COMPLETED,1.0,0,0,0,176.53061224489795,176.53061224489795,7414.285714285714
jid_700599,55929.0,136.0,2,21,3638806,3638806,3638828,JobState.COMPLETED,1.0,0,0,0,176.53061224489795,176.53061224489795,7414.285714285714
jid_700598,55929.0,136.0,2,20,3638808,3638808,3638829,JobState.COMPLETED,1.0,0,0,0,176.53061224489795,176.53061224489795,7061.224489795918
jid_700601,55929.0,136.0,2,22,3638810,3638810,3638833,JobState.COMPLETED,1.0,0,0,0,176.53061224489795,176.53061224489795,7767.34693877551
jid_700604,55929.0,136.0,2,22,3638812,3638812,3638835,JobState.COMPLETED,1.0,0,0,0,176.53061224489795,176.53061224489795,7767.34693877551
jid_700609,55929.0,136.0,2,18,3638821,3638821,3638840,JobState.COMPLETED,1.0,0,0,0,176.53061224489795,176.53061224489795,6355.102040816326
jid_700611,55929.0,136.0,2,17,3638825,3638825,3638843,JobState.COMPLETED,1.0,0,0,0,176.53061224489795,176.53061224489795,6002.04081632653
jid_700533,63283.0,591.0,384,15489,3623356,3623364,3638854,JobState.COMPLETED,1.0,0,0,0,176.53061224489545,176.53061224489795,1049964538.7754953
jid_700618,55929.0,136.0,2,20,3638992,3638992,3639013,JobState.COMPLETED,1.0,0,0,0,176.53061224489795,176.53061224489795,7061.224489795918
jid_700630,55929.0,136.0,2,18,3639005,3639005,3639024,JobState.COMPLETED,1.0,0,0,0,176.53061224489795,176.53061224489795,6355.102040816326
jid_700643,55929.0,136.0,2,19,3639022,3639022,3639042,JobState.COMPLETED,1.0,0,0,0,176.53061224489795,176.53061224489795,6708.163265306122
jid_700329,376.0,159.0,30,11420,3627684,3627702,3639123,JobState.COMPLETED,1.0,0,0,0,176.53061224489446,176.53061224489795,60479387.75510084
jid_700329,376.0,159.0,30,11461,3627684,3627802,3639264,JobState.COMPLETED,1.0,0,0,0,176.5306122448944,176.53061224489795,60696520.40816204
jid_700329,376.0,159.0,30,11814,3627684,3627759,3639574,JobState.COMPLETED,1.0,0,0,0,176.53061224489431,176.53061224489795,62565979.59183545
jid_685376,62788.0,140.0,128,11163,3404792,3628800,3639964,JobState.COMPLETED,1.0,0,0,0,176.53061224490148,176.53061224489795,252238236.7346989
jid_700097,1246.0000000000073,114.0,160,11340,3613354,3628800,3640141,JobState.COMPLETED,0.7862327130480035,0,0,0,150.35502608751275,150.35502608751062,272804159.3331831
jid_700329,376.0,159.0,30,12553,3627684,3627702,3640256,JobState.COMPLETED,1.0,0,0,0,176.53061224489417,176.53061224489795,66479663.2653047
jid_700097,1246.0000000000073,114.0,160,11628,3613356,3628800,3640429,JobState.COMPLETED,0.7833607329597045,0,0,0,150.00335505628692,150.00335505629036,279078242.0151207
jid_700329,376.0,159.0,30,11699,3627684,3628800,3640500,JobState.COMPLETED,1.0,0,0,0,176.53061224489412,176.53061224489795,61956948.97959049
jid_700329,376.0,159.0,30,12848,3627684,3627708,3640557,JobState.COMPLETED,1.0,0,0,0,176.53061224489412,176.53061224489795,68041959.18367198
jid_685355,63436.0,140.0,128,11921,3404716,3628800,3640722,JobState.COMPLETED,1.0,0,0,0,176.5306122449021,176.53061224489795,269365942.8571492
jid_700097,1246.0000000000073,114.0,160,11991,3613355,3628800,3640792,JobState.COMPLETED,0.7702888284877154,0,0,0,148.40271369237442,148.4027136923733,284719510.38164186
jid_700329,376.0,159.0,30,13499,3627684,3627701,3641201,JobState.COMPLETED,1.0,0,0,0,176.530612244894,176.53061224489795,71489602.04081473
jid_700329,376.0,159.0,30,13951,3627684,3627730,3641682,JobState.COMPLETED,1.0,0,0,0,176.5306122448939,176.53061224489795,73883357.14285544
jid_700329,376.0,159.0,30,13959,3627684,3627731,3641691,JobState.COMPLETED,1.0,0,0,0,176.5306122448939,176.53061224489795,73925724.48979421
jid_700329,376.0,159.0,30,14240,3627684,3627699,3641940,JobState.COMPLETED,1.0,0,0,0,176.53061224489383,176.53061224489795,75413877.55101864
jid_700329,376.0,159.0,30,13256,3627684,3628800,3642057,JobState.COMPLETED,1.0,0,0,0,176.53061224489383,176.53061224489795,70202693.87754938
jid_700329,376.0,159.0,30,14421,3627684,3627732,3642154,JobState.COMPLETED,1.0,0,0,0,176.5306122448938,176.53061224489795,76372438.7755084
jid_700329,376.0,159.0,30,14464,3627684,3627714,3642179,JobState.COMPLETED,1.0,0,0,0,176.5306122448938,176.53061224489795,76600163.26530431
jid_700329,376.0,159.0,30,14353,3627684,3627857,3642211,JobState.COMPLETED,1.0,0,0,0,176.5306122448938,176.53061224489795,76012316.32652882
jid_700329,376.0,159.0,30,14529,3627684,3627705,3642235,JobState.COMPLETED,1.0,0,0,0,176.5306122448938,176.53061224489795,76944397.95918186
jid_700329,376.0,159.0,30,13482,3627684,3628800,3642283,JobState.COMPLETED,1.0,0,0,0,176.53061224489377,176.53061224489795,71399571.42856973
jid_700329,376.0,159.0,30,13526,3627684,3628800,3642327,JobState.COMPLETED,1.0,0,0,0,176.53061224489377,176.53061224489795,71632591.836733
jid_700329,376.0,159.0,30,13552,3627684,3628800,3642353,JobState.COMPLETED,1.0,0,0,0,176.53061224489377,176.53061224489795,71770285.71428402
jid_700329,376.0,159.0,30,14663,3627684,3627711,3642375,JobState.COMPLETED,1.0,0,0,0,176.53061224489377,176.53061224489795,77654051.02040632
jid_700667,34.0,632.0,1,5758,3636924,3636924,3642683,JobState.COMPLETED,1.0,0,0,0,176.53061224489676,176.53061224489795,1016463.2653061155
jid_700329,376.0,159.0,30,15187,3627684,3627697,3642885,JobState.COMPLETED,1.0,0,0,0,176.5306122448937,176.53061224489795,80429112.24489602
jid_700329,376.0,159.0,30,15219,3627684,3627706,3642926,JobState.COMPLETED,1.0,0,0,0,176.5306122448937,176.53061224489795,80598581.6326511
jid_700329,376.0,159.0,30,15233,3627684,3627911,3643145,JobState.COMPLETED,1.0,0,0,0,176.53061224489366,176.53061224489795,80672724.48979396
jid_700329,376.0,159.0,30,15599,3627684,3627702,3643302,JobState.COMPLETED,1.0,0,0,0,176.53061224489363,176.53061224489795,82611030.61224288
jid_700329,376.0,159.0,30,15975,3627684,3627701,3643677,JobState.COMPLETED,1.0,0,0,0,176.5306122448936,176.53061224489795,84602295.91836525
jid_700329,376.0,159.0,30,14892,3627684,3628800,3643693,JobState.COMPLETED,1.0,0,0,0,176.5306122448936,176.53061224489795,78866816.32652867
jid_700677,1267.0,537.0,234,30678,3613052,3613057,3643736,JobState.COMPLETED,1.0,0,0,0,176.53061224489218,176.53061224489798,1267251832.6530197
jid_700329,376.0,159.0,30,16168,3627684,3627728,3643897,JobState.COMPLETED,1.0,0,0,0,176.53061224489358,176.53061224489795,85624408.16326317
jid_700329,376.0,159.0,30,16207,3627684,3627712,3643920,JobState.COMPLETED,1.0,0,0,0,176.53061224489358,176.53061224489795,85830948.9795897
jid_700329,376.0,159.0,30,16222,3627684,3627705,3643928,JobState.COMPLETED,1.0,0,0,0,176.53061224489358,176.53061224489795,85910387.75509991
jid_700679,63276.0,591.0,384,24795,3619270,3619275,3644071,JobState.COMPLETED,1.0,0,0,0,176.53061224489412,176.53061224489795,1680797387.7550654
jid_700329,376.0,159.0,30,16383,3627684,3627698,3644082,JobState.COMPLETED,1.0,0,0,0,176.53061224489355,176.53061224489795,86763030.61224273
jid_700329,376.0,159.0,30,16417,3627684,3627703,3644121,JobState.COMPLETED,1.0,0,0,0,176.53061224489355,176.53061224489795,86943091.83673252
jid_700329,376.0,159.0,30,16433,3627684,3627702,3644136,JobState.COMPLETED,1.0,0,0,0,176.53061224489355,176.53061224489795,87027826.53061007
jid_700682,63315.0,591.0,384,16844,3627281,3627296,3644141,JobState.COMPLETED,1.0,0,0,0,176.53061224489412,176.53061224489795,1141816946.9387507
jid_700329,376.0,159.0,30,16505,3627684,3627711,3644217,JobState.COMPLETED,1.0,0,0,0,176.5306122448935,176.53061224489795,87409132.65305902
jid_700329,376.0,159.0,30,16568,3627684,3627698,3644267,JobState.COMPLETED,1.0,0,0,0,176.5306122448935,176.53061224489795,87742775.51020186
jid_700329,376.0,159.0,30,16587,3627684,3627705,3644293,JobState.COMPLETED,1.0,0,0,0,176.5306122448935,176.53061224489795,87843397.95918144
jid_700329,376.0,159.0,30,16571,3627684,3627733,3644305,JobState.COMPLETED,1.0,0,0,0,176.5306122448935,176.53061224489795,87758663.2653039
jid_700329,376.0,159.0,30,16659,3627684,3627704,3644364,JobState.COMPLETED,1.0,0,0,0,176.5306122448935,176.53061224489795,88224704.08163042
jid_700329,376.0,159.0,30,16826,3627684,3627702,3644529,JobState.COMPLETED,1.0,0,0,0,176.53061224489346,176.53061224489795,89109122.44897732
jid_700689,63319.0,517.0,479,166,3644440,3644440,3644607,JobState.COMPLETED,1.0,0,0,0,176.53061224489795,176.53061224489795,14036655.102040814
jid_700329,376.0,159.0,30,16923,3627684,3627703,3644627,JobState.COMPLETED,1.0,0,0,0,176.53061224489346,176.53061224489795,89622826.53060997
jid_700329,376.0,159.0,30,16904,3627684,3627767,3644672,JobState.COMPLETED,1.0,0,0,0,176.53061224489346,176.53061224489795,89522204.08163036
jid_700329,376.0,159.0,30,17106,3627684,3627705,3644812,JobState.COMPLETED,1.0,0,0,0,176.53061224489343,176.53061224489795,90591979.59183441
jid_700329,376.0,159.0,30,17465,3627684,3627716,3645182,JobState.COMPLETED,1.0,0,0,0,176.5306122448934,176.53061224489795,92493214.2857119
jid_700329,376.0,159.0,30,17522,3627684,3627704,3645227,JobState.COMPLETED,1.0,0,0,0,176.5306122448934,176.53061224489795,92795081.63265067
jid_700329,376.0,159.0,30,16744,3627684,3628591,3645336,JobState.COMPLETED,1.0,0,0,0,176.53061224489338,176.53061224489795,88674857.14285484
jid_700329,376.0,159.0,30,16566,3627684,3628800,3645367,JobState.COMPLETED,1.0,0,0,0,176.53061224489338,176.53061224489795,87732183.6734671
jid_700712,55929.0,136.0,2,7042,3638351,3638351,3645394,JobState.COMPLETED,1.0,0,0,0,176.5306122448967,176.53061224489795,2486257.142857125
jid_700329,376.0,159.0,30,17772,3627684,3627704,3645477,JobState.COMPLETED,1.0,0,0,0,176.53061224489338,176.53061224489795,94119061.22448735
jid_700329,376.0,159.0,30,17834,3627684,3627691,3645526,JobState.COMPLETED,1.0,0,0,0,176.53061224489338,176.53061224489795,94447408.16326286
jid_700329,376.0,159.0,30,18062,3627684,3627695,3645758,JobState.COMPLETED,1.0,0,0,0,176.53061224489335,176.53061224489795,95654877.55101791
jid_699121,63632.0,584.0,15,16960,3584407,3628800,3645761,JobState.COMPLETED,1.0,0,0,0,176.53061224489335,176.53061224489795,44909387.75510087
jid_700721,55929.0,136.0,2,7086,3638790,3638790,3645877,JobState.COMPLETED,1.0,0,0,0,176.5306122448967,176.53061224489795,2501791.8367346763
jid_700708,55929.0,136.0,2,17,3646019,3646019,3646037,JobState.COMPLETED,1.0,0,0,0,176.53061224489795,176.53061224489795,6002.04081632653
jid_700748,55929.0,136.0,2,7498,3638621,3638621,3646120,JobState.COMPLETED,1.0,0,0,0,176.53061224489682,176.53061224489795,2647253.0612244727
jid_700710,63321.0,39.0,48,25228,3620918,3620923,3646152,JobState.COMPLETED,1.0,0,0,0,176.53061224489383,176.53061224489795,213768685.7142807
jid_700329,376.0,159.0,30,18625,3627684,3627699,3646325,JobState.COMPLETED,1.0,0,0,0,176.5306122448933,176.53061224489795,98636479.59183413
jid_700780,55929.0,136.0,2,7894,3638478,3638478,3646373,JobState.COMPLETED,1.0,0,0,0,176.53061224489755,176.53061224489795,2787065.3061224427
jid_700787,55929.0,136.0,2,7949,3638479,3638479,3646429,JobState.COMPLETED,1.0,0,0,0,176.53061224489764,176.53061224489795,2806483.673469383
jid_700762,55929.0,136.0,2,7681,3638769,3638769,3646451,JobState.COMPLETED,1.0,0,0,0,176.53061224489718,176.53061224489795,2711863.2653061105
jid_700782,55929.0,136.0,2,7831,3638627,3638627,3646459,JobState.COMPLETED,1.0,0,0,0,176.53061224489744,176.53061224489795,2764822.4489795836
jid_700759,55929.0,136.0,2,7521,3638982,3638982,3646504,JobState.COMPLETED,1.0,0,0,0,176.53061224489687,176.53061224489795,2655373.469387739
jid_700329,376.0,159.0,30,18809,3627684,3627711,3646521,JobState.COMPLETED,1.0,0,0,0,176.53061224489326,176.53061224489795,99610928.57142593
jid_700736,55929.0,136.0,2,16,3646506,3646506,3646523,JobState.COMPLETED,1.0,0,0,0,176.53061224489795,176.53061224489795,5648.9795918367345
jid_700792,55929.0,136.0,2,7943,3638619,3638619,3646563,JobState.COMPLETED,1.0,0,0,0,176.53061224489764,176.53061224489795,2804365.306122444
jid_700823,55929.0,136.0,2,8119,3638490,3638490,3646610,JobState.COMPLETED,1.0,0,0,0,176.5306122448979,176.53061224489795,2866504.081632652
jid_700803,55929.0,136.0,2,7896,3638780,3638780,3646677,JobState.COMPLETED,1.0,0,0,0,176.53061224489755,176.53061224489795,2787771.428571422
jid_700329,376.0,159.0,30,19013,3627684,3627699,3646713,JobState.COMPLETED,1.0,0,0,0,176.53061224489326,176.53061224489795,100691295.91836467
jid_700807,55929.0,136.0,2,7865,3638965,3638965,3646831,JobState.COMPLETED,1.0,0,0,0,176.5306122448975,176.53061224489795,2776826.5306122378
jid_700827,55929.0,136.0,2,8161,3638764,3638764,3646926,JobState.COMPLETED,1.0,0,0,0,176.53061224489798,176.53061224489795,2881332.6530612246
jid_700329,376.0,159.0,30,19267,3627684,3627706,3646974,JobState.COMPLETED,1.0,0,0,0,176.53061224489323,176.53061224489795,102036459.18367074
jid_700853,55929.0,136.0,2,8770,3638221,3638221,3646992,JobState.COMPLETED,1.0,0,0,0,176.5306122448989,176.53061224489795,3096346.9387755264
jid_700776,55929.0,136.0,2,16,3647010,3647010,3647027,JobState.COMPLETED,1.0,0,0,0,176.53061224489795,176.53061224489795,5648.9795918367345
jid_700779,63314.0,39.0,96,1201,3645843,3645843,3647045,JobState.COMPLETED,1.0,0,0,0,176.53061224489832,176.53061224489795,20353273.4693878
jid_700838,55929.0,136.0,2,7956,3639148,3639148,3647105,JobState.COMPLETED,1.0,0,0,0,176.53061224489764,176.53061224489795,2808955.1020408114
jid_700798,55929.0,136.0,2,15,3647135,3647135,3647151,JobState.COMPLETED,1.0,0,0,0,176.53061224489795,176.53061224489795,5295.918367346939
jid_700799,55929.0,136.0,2,15,3647137,3647137,3647153,JobState.COMPLETED,1.0,0,0,0,176.53061224489795,176.53061224489795,5295.918367346939
jid_700329,376.0,159.0,30,19467,3627684,3627694,3647162,JobState.COMPLETED,1.0,0,0,0,176.5306122448932,176.53061224489795,103095642.85714008
jid_700329,376.0,159.0,30,19522,3627684,3627702,3647225,JobState.COMPLETED,1.0,0,0,0,176.5306122448932,176.53061224489795,103386918.36734416
jid_700851,55929.0,136.0,2,8113,3639144,3639144,3647258,JobState.COMPLETED,1.0,0,0,0,176.5306122448979,176.53061224489795,2864385.714285713
jid_700829,55929.0,136.0,2,16,3647394,3647394,3647411,JobState.COMPLETED,1.0,0,0,0,176.53061224489795,176.53061224489795,5648.9795918367345
jid_700329,376.0,159.0,30,19719,3627684,3627713,3647433,JobState.COMPLETED,1.0,0,0,0,176.5306122448932,176.53061224489795,104430214.28571147
jid_700842,55929.0,136.0,2,15,3647521,3647521,3647537,JobState.COMPLETED,1.0,0,0,0,176.53061224489795,176.53061224489795,5295.918367346939
jid_700846,55929.0,136.0,2,16,3647524,3647524,3647541,JobState.COMPLETED,1.0,0,0,0,176.53061224489795,176.53061224489795,5648.9795918367345
jid_700903,55929.0,136.0,2,8796,3638784,3638784,3647581,JobState.COMPLETED,1.0,0,0,0,176.53061224489892,176.53061224489795,3105526.530612262
jid_700893,55929.0,136.0,2,8628,3638954,3638954,3647583,JobState.COMPLETED,1.0,0,0,0,176.5306122448987,176.53061224489795,3046212.244897972
jid_700329,376.0,159.0,30,20085,3627684,3627700,3647786,JobState.COMPLETED,1.0,0,0,0,176.53061224489318,176.53061224489795,106368520.40816039
jid_700872,55929.0,136.0,2,16,3647777,3647777,3647794,JobState.COMPLETED,1.0,0,0,0,176.53061224489795,176.53061224489795,5648.9795918367345
jid_700923,55929.0,136.0,2,9215,3638614,3638614,3647830,JobState.COMPLETED,1.0,0,0,0,176.5306122448995,176.53061224489795,3253459.1836734978
jid_700915,55929.0,136.0,2,8846,3638988,3638988,3647835,JobState.COMPLETED,1.0,0,0,0,176.530612244899,176.53061224489795,3123179.5918367533
jid_700928,55929.0,136.0,2,9382,3638477,3638477,3647860,JobState.COMPLETED,1.0,0,0,0,176.5306122448997,176.53061224489795,3312420.408163298
jid_700920,55929.0,136.0,2,8811,3639146,3639146,3647958,JobState.COMPLETED,1.0,0,0,0,176.53061224489895,176.53061224489795,3110822.448979609
jid_700909,55929.0,136.0,2,16,3648040,3648040,3648057,JobState.COMPLETED,1.0,0,0,0,176.53061224489795,176.53061224489795,5648.9795918367345
jid_700912,55929.0,136.0,2,15,3648166,3648166,3648182,JobState.COMPLETED,1.0,0,0,0,176.53061224489795,176.53061224489795,5295.918367346939
jid_700931,55929.0,136.0,2,9214,3638974,3638974,3648189,JobState.COMPLETED,1.0,0,0,0,176.5306122448995,176.53061224489795,3253106.122449008
jid_700937,55929.0,136.0,2,9460,3638782,3638782,3648243,JobState.COMPLETED,1.0,0,0,0,176.53061224489977,176.53061224489795,3339959.183673504
jid_700922,63323.0,517.0,479,3391,3644922,3644922,3648314,JobState.COMPLETED,1.0,0,0,0,176.5306122448986,176.53061224489795,286736731.63265413
jid_700926,55929.0,136.0,2,16,3648410,3648410,3648427,JobState.COMPLETED,1.0,0,0,0,176.53061224489795,176.53061224489795,5648.9795918367345
jid_700938,108.0,174.0,48,27992,3620757,3620762,3648755,JobState.COMPLETED,1.0,0,0,0,176.53061224489355,176.53061224489795,237189355.10203487
jid_700329,376.0,159.0,30,21211,3627684,3627706,3648918,JobState.COMPLETED,1.0,0,0,0,176.5306122448931,176.53061224489795,112331724.48979282
jid_700329,376.0,159.0,30,21279,3627684,3627690,3648970,JobState.COMPLETED,1.0,0,0,0,176.5306122448931,176.53061224489795,112691846.9387724
jid_700329,376.0,159.0,30,21352,3627684,3627702,3649055,JobState.COMPLETED,1.0,0,0,0,176.5306122448931,176.53061224489795,113078448.97958872
jid_700947,55929.0,136.0,2,10293,3638771,3638771,3649065,JobState.COMPLETED,1.0,0,0,0,176.53061224490068,176.53061224489795,3634059.183673525
jid_700329,376.0,159.0,30,21514,3627684,3627698,3649213,JobState.COMPLETED,1.0,0,0,0,176.53061224489304,176.53061224489795,113936387.75509886
jid_700944,63089.0,528.0,18,9,3649259,3649259,3649269,JobState.COMPLETED,1.0,0,0,0,176.53061224489795,176.53061224489795,28597.959183673465
jid_700329,376.0,159.0,30,20514,3627684,3628800,3649315,JobState.COMPLETED,1.0,0,0,0,176.53061224489304,176.53061224489795,108640469.38775207
jid_700329,376.0,159.0,30,21772,3627684,3627692,3649465,JobState.COMPLETED,1.0,0,0,0,176.53061224489304,176.53061224489795,115302734.69387433
jid_700329,376.0,159.0,30,21856,3627684,3627706,3649563,JobState.COMPLETED,1.0,0,0,0,176.530612244893,176.53061224489795,115747591.83673145
jid_700951,55929.0,136.0,2,16,3649624,3649624,3649641,JobState.COMPLETED,1.0,0,0,0,176.53061224489795,176.53061224489795,5648.9795918367345
jid_700959,55929.0,136.0,2,10788,3638981,3638981,3649770,JobState.COMPLETED,1.0,0,0,0,176.53061224490116,176.53061224489795,3808824.4897959875
jid_700329,376.0,159.0,30,22153,3627684,3627702,3649856,JobState.COMPLETED,1.0,0,0,0,176.530612244893,176.53061224489795,117320479.59183344
jid_700329,376.0,159.0,30,22243,3627684,3627699,3649943,JobState.COMPLETED,1.0,0,0,0,176.530612244893,176.53061224489795,117797112.24489465
jid_699121,63585.0,584.0,15,21189,3584407,3628800,3649990,JobState.COMPLETED,1.0,0,0,0,176.53061224489298,176.53061224489795,56107607.14285556
jid_700329,376.0,159.0,30,21537,3627684,3628800,3650338,JobState.COMPLETED,1.0,0,0,0,176.53061224489298,176.53061224489795,114058193.8775478
jid_696889,63431.0,262.0,4,1491,3648875,3648875,3650367,JobState.COMPLETED,0.7382721993027523,0,0,0,144.48231011870413,144.48231011870436,861692.4975479514
jid_700966,55929.0,136.0,2,18,3650348,3650348,3650367,JobState.COMPLETED,1.0,0,0,0,176.53061224489795,176.53061224489795,6355.102040816326
jid_700971,63510.0,262.0,4,1486,3648887,3648887,3650374,JobState.COMPLETED,0.5509220945604827,0,0,0,121.54148096658939,121.54148096658972,722442.5628654073
jid_696889,63054.0,262.0,4,1521,3648864,3648864,3650386,JobState.COMPLETED,0.7317423433416941,0,0,0,143.68273591939112,143.68273591939112,874165.7653335755
jid_696889,63339.0,262.0,4,1513,3648874,3648874,3650388,JobState.COMPLETED,0.7335933131071586,0,0,0,143.90938527842783,143.90938527842758,870939.5997050452
jid_696889,63017.0,262.0,4,1524,3648864,3648864,3650389,JobState.COMPLETED,0.7311563377596453,0,0,0,143.6109801338342,143.61098013383412,875452.5348958533
jid_696889,63114.0,262.0,4,1533,3648865,3648865,3650399,JobState.COMPLETED,0.7308752366431166,0,0,0,143.5765595889533,143.57655958895305,880411.4633994617
jid_696889,63268.0,262.0,4,1528,3648871,3648871,3650400,JobState.COMPLETED,0.7319870307135421,0,0,0,143.71269763839283,143.71269763839294,878372.0079658569
jid_700329,376.0,159.0,30,22689,3627684,3627711,3650401,JobState.COMPLETED,1.0,0,0,0,176.53061224489298,176.53061224489795,120159091.8367313
jid_696889,62912.0,262.0,4,1537,3648867,3648867,3650405,JobState.COMPLETED,0.7297970425276692,0,0,0,143.44453581971504,143.44453581971462,881897.0062196081
jid_700329,376.0,159.0,30,22707,3627684,3627702,3650410,JobState.COMPLETED,1.0,0,0,0,176.53061224489298,176.53061224489795,120254418.36734354
jid_700964,63284.0,262.0,4,1519,3648895,3648895,3650415,JobState.COMPLETED,0.7333101437371256,0,0,0,143.8747114780159,143.87471147801537,874182.7469404247
jid_700964,63268.0,262.0,4,1526,3648894,3648894,3650421,JobState.COMPLETED,0.7303681361799633,0,0,0,143.5144656546896,143.5144656546894,876012.2983562252
jid_700964,63490.0,262.0,4,1530,3648898,3648898,3650429,JobState.COMPLETED,0.7305974804750979,0,0,0,143.54254862960414,143.54254862960383,878480.3976131773
jid_700964,63519.0,262.0,4,1539,3648899,3648899,3650439,JobState.COMPLETED,0.7297710444212954,0,0,0,143.44135237811827,143.44135237811778,883024.9652396961
jid_696889,63356.0,262.0,4,1568,3648874,3648874,3650443,JobState.COMPLETED,0.7203504398904459,0,0,0,142.28780896617667,142.28780896617704,892429.13783586
jid_696889,63021.0,262.0,4,1589,3648864,3648864,3650454,JobState.COMPLETED,0.7223701498863782,0,0,0,142.53512039425064,142.5351203942504,905953.2252258571
jid_696889,63260.0,262.0,4,1589,3648871,3648871,3650461,JobState.COMPLETED,0.7222968990165254,0,0,0,142.52615089998287,142.5261508999827,905896.2151202911
jid_700329,376.0,159.0,30,22762,3627684,3627705,3650468,JobState.COMPLETED,1.0,0,0,0,176.53061224489295,176.53061224489795,120545693.87754759
jid_700964,63212.0,262.0,4,1579,3648891,3648891,3650471,JobState.COMPLETED,0.7176540626562421,0,0,0,141.95764032525406,141.95764032525415,896604.4562943047
jid_696889,63212.0,262.0,4,1608,3648868,3648868,3650477,JobState.COMPLETED,0.7189708699789673,0,0,0,142.1188820382412,142.11888203824088,914108.6492699673
jid_696889,63249.0,262.0,4,1607,3648870,3648870,3650478,JobState.COMPLETED,0.7138197869361759,0,0,0,141.48813717585782,141.48813717585827,909485.745766414
jid_696889,63027.0,262.0,4,1613,3648867,3648867,3650481,JobState.COMPLETED,0.7181270310560002,0,0,0,142.01555482318386,142.0155548231837,916284.3597191822
jid_700964,63309.0,262.0,4,1584,3648896,3648896,3650481,JobState.COMPLETED,0.7167173420437757,0,0,0,141.8429398420955,141.842939842095,898716.866839517
jid_696889,63177.0,262.0,4,1621,3648867,3648867,3650489,JobState.COMPLETED,0.7170191478026103,0,0,0,141.8798956492987,141.87989564929921,919949.2433900528
jid_700964,63105.0,262.0,4,1599,3648889,3648889,3650489,JobState.COMPLETED,0.7202000987489772,0,0,0,142.2693998468133,142.26939984681354,909955.0814202178
jid_700964,63218.0,262.0,4,1600,3648892,3648892,3650493,JobState.COMPLETED,0.7160689400079681,0,0,0,141.76354367444551,141.76354367444506,907286.6795164513
jid_700964,63129.0,262.0,4,1605,3648890,3648890,3650496,JobState.COMPLETED,0.7134261305075178,0,0,0,141.43993434785912,141.43993434785932,908044.3785132555
jid_700964,63215.0,262.0,4,1604,3648892,3648892,3650497,JobState.COMPLETED,0.7129184614542466,0,0,0,141.37777079031608,141.37777079031594,907079.7773906679
jid_696889,63028.0,262.0,4,1636,3648864,3648864,3650501,JobState.COMPLETED,0.7118130995542286,0,0,0,141.2424203535787,141.242420353579,924290.398793819
jid_696889,63324.0,262.0,4,1628,3648873,3648873,3650502,JobState.COMPLETED,0.7153653522488783,0,0,0,141.67739007129083,141.67739007129123,922603.1641442459
jid_700964,63194.0,262.0,4,1610,3648891,3648891,3650502,JobState.COMPLETED,0.7174724896606325,0,0,0,141.9354068972206,141.93540689722033,914064.0204181006
jid_700964,63331.0,262.0,4,1606,3648897,3648897,3650504,JobState.COMPLETED,0.7131099415829366,0,0,0,141.40121733668633,141.4012173366861,908361.4201708729
jid_696889,63484.0,262.0,4,1630,3648875,3648875,3650506,JobState.COMPLETED,0.7150050623948576,0,0,0,141.6332729463092,141.6332729463091,923448.939609936
jid_700964,63221.0,262.0,4,1613,3648892,3648892,3650506,JobState.COMPLETED,0.6921427551049391,0,0,0,138.83380674754386,138.83380674754355,895755.721135153
jid_700964,63103.0,262.0,4,1631,3648889,3648889,3650521,JobState.COMPLETED,0.7140278800500326,0,0,0,141.51361796531006,141.51361796531012,923234.8436056828
jid_700964,62912.0,262.0,4,1632,3648890,3648890,3650523,JobState.COMPLETED,0.7137687446697065,0,0,0,141.48188710241328,141.48188710241305,923593.7590045539
jid_700329,376.0,159.0,30,22934,3627684,3627704,3650639,JobState.COMPLETED,1.0,0,0,0,176.53061224489295,176.53061224489795,121456591.83673126
jid_700977,63132.0,262.0,4,1860,3648843,3648843,3650704,JobState.COMPLETED,0.6795008400858927,0,0,0,137.28581715337438,137.28581715337464,1021406.4796211054
jid_700977,63114.0,262.0,4,1862,3648842,3648842,3650705,JobState.COMPLETED,0.6814076549399792,0,0,0,137.51930468652793,137.51930468652807,1024243.78130526
jid_700976,63310.0,262.0,4,1888,3648826,3648826,3650715,JobState.COMPLETED,0.6788985341400068,0,0,0,137.21206540489922,137.2120654048988,1036225.5179377989
jid_700976,63215.0,262.0,4,1896,3648822,3648822,3650719,JobState.COMPLETED,0.6789728176611052,0,0,0,137.2211613462577,137.2211613462578,1040685.2876500185
jid_694596,63220.0,262.0,4,1885,3648833,3648833,3650719,JobState.COMPLETED,0.6662146646578719,0,0,0,135.65893852953488,135.65893852953533,1022868.396512693
jid_700976,63267.0,262.0,4,1897,3648824,3648824,3650722,JobState.COMPLETED,0.6783230851431645,0,0,0,137.1416022624287,137.1416022624283,1040630.4779673091
jid_700970,63114.0,262.0,4,1870,3648853,3648853,3650724,JobState.COMPLETED,0.6825481720463574,0,0,0,137.65895984241078,137.65895984241112,1029689.0196212326
jid_694596,63224.0,262.0,4,1891,3648834,3648834,3650726,JobState.COMPLETED,0.6810652520607173,0,0,0,137.47737780335257,137.47737780335314,1039878.8857045588
jid_694596,63322.0,262.0,4,1887,3648838,3648838,3650726,JobState.COMPLETED,0.6775601586980411,0,0,0,137.0481826977193,137.0481826977193,1034439.6830023853
jid_694596,63275.0,262.0,4,1891,3648836,3648836,3650728,JobState.COMPLETED,0.6772551027653091,0,0,0,137.0108289100381,137.01082891003787,1036349.9098755282
jid_700970,63504.0,262.0,4,1866,3648863,3648863,3650730,JobState.COMPLETED,0.6801146795034138,0,0,0,137.3609811636827,137.36098116368333,1025262.3634057278
jid_700977,63284.0,262.0,4,1882,3648848,3648848,3650731,JobState.COMPLETED,0.6791887330352079,0,0,0,137.24759996349508,137.24759996349482,1033199.932525191
jid_700976,63177.0,262.0,4,1913,3648820,3648820,3650734,JobState.COMPLETED,0.6765960993284573,0,0,0,136.93013461164804,136.93013461164782,1047789.3900483309
jid_700329,376.0,159.0,30,23018,3627684,3627716,3650735,JobState.COMPLETED,1.0,0,0,0,176.53061224489295,176.53061224489795,121901448.97958837
jid_700976,63522.0,262.0,4,1907,3648829,3648829,3650737,JobState.COMPLETED,0.6789825935741273,0,0,0,137.22235839683236,137.2223583968319,1046732.1498510373
jid_700977,63294.0,262.0,4,1890,3648848,3648848,3650739,JobState.COMPLETED,0.6785316588356748,0,0,0,137.1671418982453,137.1671418982459,1036983.5927507344
jid_700976,63402.0,262.0,4,1911,3648828,3648828,3650740,JobState.COMPLETED,0.6734271583916471,0,0,0,136.54210102754922,136.54210102754863,1043727.8202545863
jid_700970,63328.0,262.0,4,1878,3648861,3648861,3650740,JobState.COMPLETED,0.6674163147245721,0,0,0,135.80607935402898,135.80607935402924,1020175.2681074657
jid_700976,63132.0,262.0,4,1920,3648820,3648820,3650741,JobState.COMPLETED,0.6760891436378739,0,0,0,136.8680584046378,136.8680584046376,1051146.6885476182
jid_696889,63524.0,262.0,4,1864,3648876,3648876,3650741,JobState.COMPLETED,0.6813406805841216,0,0,0,137.51110374499424,137.51110374499447,1025282.7895226771
jid_700970,63042.0,262.0,4,1888,3648853,3648853,3650742,JobState.COMPLETED,0.6805741672351114,0,0,0,137.41724496756441,137.41724496756467,1037775.0339950465
jid_700970,63334.0,262.0,4,1881,3648861,3648861,3650743,JobState.COMPLETED,0.6810574495396003,0,0,0,137.47642239260398,137.47642239260412,1034372.6020819524
jid_700977,63263.0,262.0,4,1896,3648847,3648847,3650744,JobState.COMPLETED,0.6778193731714023,0,0,0,137.0799232454775,137.07992324547783,1039614.1378937013
jid_700970,63115.0,262.0,4,1881,3648863,3648863,3650745,JobState.COMPLETED,0.6777093095537384,0,0,0,137.06644606780512,137.0664460678047,1031287.9402141657
jid_694596,63320.0,262.0,4,1907,3648838,3648838,3650746,JobState.COMPLETED,0.6755264377502836,0,0,0,136.79915564289223,136.79915564289186,1043503.959243982
jid_700976,63105.0,262.0,4,1931,3648819,3648819,3650751,JobState.COMPLETED,0.6733461143114444,0,0,0,136.53217726262636,136.53217726262585,1054574.537176526
jid_700964,63115.0,262.0,4,1852,3648898,3648898,3650751,JobState.COMPLETED,0.6832368152100178,0,0,0,137.74328349510412,137.7432834951042,1020402.2441317313
jid_700976,63320.0,262.0,4,1926,3648826,3648826,3650753,JobState.COMPLETED,0.6753524786825811,0,0,0,136.77785453256087,136.77785453256095,1053736.591318849
jid_700970,63217.0,262.0,4,1897,3648856,3648856,3650754,JobState.COMPLETED,0.6797127692403147,0,0,0,137.3117676620789,137.31176766207935,1041921.6930198546
jid_700976,63079.0,262.0,4,1937,3648819,3648819,3650757,JobState.COMPLETED,0.6745716408071611,0,0,0,136.68224173148957,136.6822417314891,1059014.0089355812
jid_700976,63115.0,262.0,4,1927,3648829,3648829,3650757,JobState.COMPLETED,0.6751934048159463,0,0,0,136.7583760999115,136.7583760999118,1054133.5629781177
jid_700976,62912.0,262.0,4,1937,3648820,3648820,3650758,JobState.COMPLETED,0.6752617613495144,0,0,0,136.76674628769592,136.76674628769564,1059668.750237068
jid_696889,63252.0,262.0,4,1888,3648870,3648870,3650759,JobState.COMPLETED,0.6780097227729861,0,0,0,137.10323135995722,137.10323135995748,1035403.603230397
jid_700977,63477.0,262.0,4,1908,3648851,3648851,3650760,JobState.COMPLETED,0.6768470856722926,0,0,0,136.96086763334182,136.96086763334193,1045285.3417776647
jid_700977,63208.0,262.0,4,1916,3648844,3648844,3650761,JobState.COMPLETED,0.6752088280351054,0,0,0,136.76026465736032,136.76026465735984,1048130.6683340095
jid_700970,63353.0,262.0,4,1899,3648861,3648861,3650761,JobState.COMPLETED,0.6760668741763309,0,0,0,136.8653315317959,136.86533153179562,1039629.0583155217
jid_696889,63284.0,262.0,4,1888,3648872,3648872,3650761,JobState.COMPLETED,0.6788172416095909,0,0,0,137.2021112175014,137.2021112175009,1036150.3439145705
jid_700977,63248.0,262.0,4,1916,3648846,3648846,3650763,JobState.COMPLETED,0.6723209889844695,0,0,0,136.40665171238376,136.40665171238402,1045420.5787237092
jid_696889,63504.0,262.0,4,1886,3648876,3648876,3650763,JobState.COMPLETED,0.6789187956562726,0,0,0,137.2145464068901,137.21454640689052,1035146.5380935789
jid_700970,63252.0,262.0,4,1906,3648857,3648857,3650764,JobState.COMPLETED,0.6787402655731617,0,0,0,137.19268558038684,137.19268558038715,1045957.0348648692
jid_700971,63211.0,262.0,4,1886,3648880,3648880,3650767,JobState.COMPLETED,0.6771997035376054,0,0,0,137.00404533113505,137.00404533113536,1033558.5179780828
jid_694596,63252.0,262.0,4,1932,3648835,3648835,3650768,JobState.COMPLETED,0.6728405599706009,0,0,0,136.47027264946152,136.47027264946132,1054642.2670350387
jid_700977,63510.0,262.0,4,1918,3648851,3648851,3650770,JobState.COMPLETED,0.6760261579595934,0,0,0,136.860345872603,136.86034587260326,1049992.5735346102
jid_700970,63191.0,262.0,4,1915,3648854,3648854,3650770,JobState.COMPLETED,0.6785792810625997,0,0,0,137.17297319133908,137.17297319133874,1050744.9746456575
jid_700970,63218.0,262.0,4,1913,3648856,3648856,3650770,JobState.COMPLETED,0.6606323465377409,0,0,0,134.97538937196808,134.97538937196828,1032831.6794742998
jid_699121,63601.0,584.0,15,21970,3584407,3628800,3650771,JobState.COMPLETED,1.0,0,0,0,176.53061224489295,176.53061224489795,58175663.265304476
jid_700976,63208.0,262.0,4,1949,3648821,3648821,3650771,JobState.COMPLETED,0.6719877168298852,0,0,0,136.36584287712938,136.3658428771288,1063108.1110701007
jid_696889,63494.0,262.0,4,1895,3648875,3648875,3650771,JobState.COMPLETED,0.67887453820107,0,0,0,137.20912712666174,137.20912712666163,1040045.183620096
jid_700976,63114.0,262.0,4,1952,3648820,3648820,3650773,JobState.COMPLETED,0.6730695872671415,0,0,0,136.49831680822166,136.4983168082214,1065778.8576385947
jid_700970,63510.0,262.0,4,1910,3648863,3648863,3650774,JobState.COMPLETED,0.6780560093783617,0,0,0,137.10889910755486,137.10889910755452,1047511.9891817191
jid_700977,63027.0,262.0,4,1931,3648843,3648843,3650775,JobState.COMPLETED,0.670456242047425,0,0,0,136.17831535274644,136.17831535274593,1051841.3077846135
jid_700977,63079.0,262.0,4,1934,3648842,3648842,3650777,JobState.COMPLETED,0.6737523784645325,0,0,0,136.58192389361645,136.58192389361625,1056597.7632410168
jid_693609,63194.0,262.0,4,1874,3648902,3648902,3650777,JobState.COMPLETED,0.6825874948639724,0,0,0,137.6637748813021,137.66377488130274,1031927.6565102405
jid_696889,63297.0,262.0,4,1906,3648872,3648872,3650779,JobState.COMPLETED,0.6760423775054819,0,0,0,136.8623319394465,136.86233193944676,1043438.4187063401
jid_700970,63103.0,262.0,4,1927,3648853,3648853,3650781,JobState.COMPLETED,0.6726612586681043,0,0,0,136.4483173879308,136.44831738793113,1051743.6304261708
jid_700971,63212.0,262.0,4,1900,3648880,3648880,3650781,JobState.COMPLETED,0.6789528397862283,0,0,0,137.21871507586522,137.2187150758647,1042862.2345765757
jid_700976,63301.0,262.0,4,1956,3648826,3648826,3650783,JobState.COMPLETED,0.671931185170129,0,0,0,136.35892063307648,136.35892063307702,1066872.1950331903
jid_693609,63028.0,262.0,4,1884,3648900,3648900,3650785,JobState.COMPLETED,0.6807326361700695,0,0,0,137.43664932694782,137.4366493269473,1035722.5893278788
jid_700964,63431.0,262.0,4,1887,3648898,3648898,3650786,JobState.COMPLETED,0.677647895189421,0,0,0,137.05892594156128,137.05892594156177,1034520.7730069045
jid_700971,63236.0,262.0,4,1905,3648881,3648881,3650787,JobState.COMPLETED,0.67835711838678,0,0,0,137.14576959838095,137.1457695983812,1045050.7643396629
jid_700971,63177.0,262.0,4,1908,3648879,3648879,3650788,JobState.COMPLETED,0.6784207724215068,0,0,0,137.15356396997987,137.1535639699804,1046756.0002188864
jid_700970,63231.0,262.0,4,1931,3648857,3648857,3650789,JobState.COMPLETED,0.6760330938816571,0,0,0,136.8611951691821,136.8611951691825,1057115.8714867625
jid_694596,63097.0,262.0,4,1959,3648830,3648830,3650790,JobState.COMPLETED,0.6743955268764666,0,0,0,136.66067676038412,136.66067676038367,1070873.06309437
jid_700971,63221.0,262.0,4,1909,3648881,3648881,3650791,JobState.COMPLETED,0.6783018006991036,0,0,0,137.13899600397144,137.13899600397187,1047193.373486326
jid_700971,63344.0,262.0,4,1904,3648886,3648886,3650791,JobState.COMPLETED,0.6789410875194727,0,0,0,137.21727602279225,137.2172760227926,1045046.7741895858
jid_700329,376.0,159.0,30,23088,3627684,3627703,3650792,JobState.COMPLETED,1.0,0,0,0,176.53061224489295,176.53061224489795,122272163.26530266
jid_700977,63239.0,262.0,4,1946,3648846,3648846,3650793,JobState.COMPLETED,0.6725573191521493,0,0,0,136.43559010026357,136.4355901002632,1062014.6333404516
jid_700970,63181.0,262.0,4,1938,3648854,3648854,3650793,JobState.COMPLETED,0.675512647862405,0,0,0,136.79746708519195,136.79746708519244,1060453.964844408
jid_693609,63177.0,262.0,4,1893,3648901,3648901,3650795,JobState.COMPLETED,0.6795486601493016,0,0,0,137.29167267134358,137.29167267134304,1039572.5454674136
jid_694596,63402.0,262.0,4,1956,3648839,3648839,3650796,JobState.COMPLETED,0.6702088094783548,0,0,0,136.14801748714584,136.1480174871455,1065222.088819429
jid_700977,63181.0,262.0,4,1952,3648843,3648843,3650796,JobState.COMPLETED,0.6593387338228288,0,0,0,134.81698781504022,134.81698781504025,1052651.040859834
jid_700971,63331.0,262.0,4,1911,3648885,3648885,3650797,JobState.COMPLETED,0.6779338166582555,0,0,0,137.09393673366415,137.09393673366395,1047946.0523921287
jid_700977,63217.0,262.0,4,1952,3648845,3648845,3650798,JobState.COMPLETED,0.6722328660432075,0,0,0,136.39586114814753,136.39586114814787,1064978.883844736
jid_696889,63277.0,262.0,4,1928,3648872,3648872,3650801,JobState.COMPLETED,0.6737291710792043,0,0,0,136.57908217296404,136.57908217296378,1053297.8817178987
jid_693609,63218.0,262.0,4,1898,3648903,3648903,3650802,JobState.COMPLETED,0.67988870784831,0,0,0,137.33331116509976,137.3333111650992,1042634.4983654374
jid_700971,63504.0,262.0,4,1918,3648887,3648887,3650806,JobState.COMPLETED,0.6776508976323917,0,0,0,137.05929358764024,137.05929358763981,1051518.900404376
jid_693609,63256.0,262.0,4,1901,3648905,3648905,3650807,JobState.COMPLETED,0.6779532728719009,0,0,0,137.09631912717197,137.09631912717154,1042480.4106430156
jid_693609,63327.0,262.0,4,1898,3648908,3648908,3650807,JobState.COMPLETED,0.6794023705803433,0,0,0,137.27375966289873,137.27375966289918,1042182.3833607271
jid_700971,63027.0,262.0,4,1931,3648879,3648879,3650811,JobState.COMPLETED,0.6756002586987386,0,0,0,136.80819494270304,136.80819494270267,1056706.4977374382
jid_700971,63356.0,262.0,4,1924,3648886,3648886,3650811,JobState.COMPLETED,0.6764994997360881,0,0,0,136.91830609013385,136.91830609013326,1053723.28366967
jid_700970,63350.0,262.0,4,1951,3648861,3648861,3650813,JobState.COMPLETED,0.6739164759913148,0,0,0,136.6020174683245,136.60201746832425,1066042.1443228044
jid_693609,63266.0,262.0,4,1906,3648906,3648906,3650813,JobState.COMPLETED,0.6790476081604089,0,0,0,137.23031936658026,137.2303193665807,1046243.9548508079
jid_700970,63484.0,262.0,4,1952,3648862,3648862,3650815,JobState.COMPLETED,0.6741634476971935,0,0,0,136.63225890169662,136.63225890169716,1066824.6775044473
jid_700976,63257.0,262.0,4,1991,3648824,3648824,3650816,JobState.COMPLETED,0.6684971200404574,0,0,0,135.93842286209735,135.93842286209681,1082613.5996737434
jid_700971,63310.0,262.0,4,1934,3648884,3648884,3650819,JobState.COMPLETED,0.6754293482519549,0,0,0,136.78726713289228,136.78726713289242,1058186.2985400546
jid_693609,63301.0,262.0,4,1911,3648907,3648907,3650819,JobState.COMPLETED,0.677796639445111,0,0,0,137.07713952389145,137.07713952389116,1047817.6545206262
jid_696889,63522.0,262.0,4,1944,3648876,3648876,3650821,JobState.COMPLETED,0.6552680587558102,0,0,0,134.3185378068338,134.3185378068339,1044460.9499859397
jid_700976,63017.0,262.0,4,2005,3648818,3648818,3650824,JobState.COMPLETED,0.6665860261275419,0,0,0,135.70441136255616,135.70441136255616,1088349.3791277003
jid_700971,63239.0,262.0,4,1942,3648881,3648881,3650824,JobState.COMPLETED,0.6742085012556627,0,0,0,136.63777566395922,136.6377756639587,1061402.2413576352
jid_693609,63054.0,262.0,4,1926,3648900,3648900,3650827,JobState.COMPLETED,0.6753160342137111,0,0,0,136.7733919445356,136.77339194453606,1053702.2115407023
jid_693609,63297.0,262.0,4,1919,3648907,3648907,3650827,JobState.COMPLETED,0.6765310714235983,0,0,0,136.9221720110534,136.92217201105285,1051014.5923568457
jid_700976,63042.0,262.0,4,2012,3648819,3648819,3650832,JobState.COMPLETED,0.6664941857004018,0,0,0,135.69316559596723,135.69316559596754,1092058.5967163444
jid_700971,63255.0,262.0,4,1949,3648882,3648882,3650832,JobState.COMPLETED,0.6737586076412744,0,0,0,136.58268664995197,136.58268664995197,1064798.6251230256
jid_700971,63301.0,262.0,4,1948,3648884,3648884,3650833,JobState.COMPLETED,0.6739330653960209,0,0,0,136.604048824003,136.60404882400258,1064418.7484366314
jid_700971,63494.0,262.0,4,1949,3648887,3648887,3650837,JobState.COMPLETED,0.6733550810097813,0,0,0,136.5332752256873,136.5332752256875,1064413.4136594583
jid_693609,63267.0,262.0,4,1933,3648906,3648906,3650840,JobState.COMPLETED,0.6745938787756061,0,0,0,136.68496474803374,136.6849647480334,1056848.1474317969
jid_693609,63488.0,262.0,4,1929,3648910,3648910,3650840,JobState.COMPLETED,0.6750383133789235,0,0,0,136.73938531170535,136.73938531170492,1055081.0970651184
jid_693609,63309.0,262.0,4,1935,3648907,3648907,3650843,JobState.COMPLETED,0.6754983460379353,0,0,0,136.79571584138012,136.79571584137986,1058798.840612282
jid_693609,63322.0,262.0,4,1936,3648908,3648908,3650845,JobState.COMPLETED,0.6602720946245128,0,0,0,134.93127689279686,134.93127689279748,1044907.8082578189
jid_693609,63236.0,262.0,4,1943,3648904,3648904,3650848,JobState.COMPLETED,0.6736232446410413,0,0,0,136.56611158869867,136.56611158869893,1061391.819267366
jid_700976,63181.0,262.0,4,2028,3648820,3648820,3650849,JobState.COMPLETED,0.6642963560409348,0,0,0,135.42404359684943,135.42404359684917,1098559.8416576425
jid_700971,63207.0,262.0,4,1970,3648879,3648879,3650850,JobState.COMPLETED,0.6704568070083867,0,0,0,136.1783845316388,136.17838453163918,1073085.670109314
jid_693609,63257.0,262.0,4,1947,3648905,3648905,3650853,JobState.COMPLETED,0.6592671977464817,0,0,0,134.80822829548814,134.80822829548757,1049886.4819652615
jid_693609,63265.0,262.0,4,1950,3648905,3648905,3650856,JobState.COMPLETED,0.67299134687899,0,0,0,136.48873635252957,136.4887363525294,1064612.1435497308
jid_700971,63524.0,262.0,4,1973,3648888,3648888,3650862,JobState.COMPLETED,0.6750808053884526,0,0,0,136.7445884149128,136.74458841491256,1079188.291770492
jid_694596,63297.0,262.0,4,2041,3648837,3648837,3650879,JobState.COMPLETED,0.665334818008408,0,0,0,135.55120220511157,135.5512022051112,1106640.0148025309
jid_693609,63278.0,262.0,4,1976,3648907,3648907,3650884,JobState.COMPLETED,0.6706283471889979,0,0,0,136.1993894517143,136.19938945171404,1076519.9742263497
jid_693609,63522.0,262.0,4,1973,3648910,3648910,3650884,JobState.COMPLETED,0.6705342316385252,0,0,0,136.18786509859532,136.1878650985949,1074794.6313581143
jid_700976,63263.0,262.0,4,2076,3648824,3648824,3650901,JobState.COMPLETED,0.6624909164471231,0,0,0,135.20296936087192,135.20296936087223,1122725.4575726804
jid_700971,63284.0,262.0,4,2043,3648884,3648884,3650928,JobState.COMPLETED,0.6646146665621153,0,0,0,135.46302039536047,135.46302039536107,1107003.8026708858
jid_693609,63115.0,262.0,4,2023,3648910,3648910,3650934,JobState.COMPLETED,0.6665222601768235,0,0,0,135.69660328695767,135.69660328695798,1098056.9137980614
jid_700971,63294.0,262.0,4,2063,3648884,3648884,3650948,JobState.COMPLETED,0.6631998034142578,0,0,0,135.28977184664447,135.28977184664382,1116411.19727851
jid_693609,63139.0,262.0,4,2058,3648901,3648901,3650960,JobState.COMPLETED,0.6631810628457238,0,0,0,135.28747708315032,135.28747708314987,1113686.5113484934
jid_700329,376.0,159.0,30,22161,3627684,3628800,3650962,JobState.COMPLETED,1.0,0,0,0,176.53061224489292,176.53061224489795,117362846.93877217
jid_700983,55929.0,136.0,2,11982,3638986,3638986,3650969,JobState.COMPLETED,1.0,0,0,0,176.53061224490213,176.53061224489795,4230379.591836834
jid_698676,56413.0,533.0,80,22409,3619712,3628800,3651210,JobState.COMPLETED,1.0,0,0,0,176.53061224488837,176.53061224489795,316469959.1836563
jid_700329,376.0,159.0,30,23440,3627684,3627788,3651229,JobState.COMPLETED,1.0,0,0,0,176.53061224489292,176.53061224489795,124136326.53060871
jid_694596,63519.0,262.0,4,2398,3648840,3648840,3651239,JobState.COMPLETED,0.6656804228780906,0,0,0,135.59352116874632,135.59352116874578,1300613.0550506148
jid_700329,376.0,159.0,30,23583,3627684,3627694,3651278,JobState.COMPLETED,1.0,0,0,0,176.53061224489292,176.53061224489795,124893642.85713929
jid_700329,376.0,159.0,30,23839,3627684,3627702,3651542,JobState.COMPLETED,1.0,0,0,0,176.5306122448929,176.53061224489795,126249397.95918004
jid_700985,301.0,549.0,399,3695,3648032,3648032,3651728,JobState.COMPLETED,1.0,0,0,0,176.53061224489682,176.53061224489798,260259964.28571257
jid_700329,376.0,159.0,30,24143,3627684,3627703,3651847,JobState.COMPLETED,1.0,0,0,0,176.5306122448929,176.53061224489795,127859357.14285347
jid_700210,35872.0,194.0,216,23149,3603202,3628800,3651950,JobState.COMPLETED,1.0,0,0,0,176.53061224490122,176.53061224489795,882685542.8571591
jid_700329,376.0,159.0,30,24247,3627684,3627703,3651951,JobState.COMPLETED,1.0,0,0,0,176.5306122448929,176.53061224489795,128410132.65305755
jid_700329,376.0,159.0,30,23259,3627684,3628800,3652060,JobState.COMPLETED,1.0,0,0,0,176.53061224489286,176.53061224489795,123177765.30611889
jid_700210,1295.0,194.0,216,23344,3603201,3628800,3652145,JobState.COMPLETED,1.0,0,0,0,176.53061224490145,176.53061224489795,890121012.2449156
jid_700212,40252.0,194.0,216,23927,3603027,3628800,3652728,JobState.COMPLETED,1.0,0,0,0,176.53061224490204,176.53061224489795,912351159.1836946
jid_700329,376.0,159.0,30,25243,3627684,3627706,3652950,JobState.COMPLETED,1.0,0,0,0,176.53061224489284,176.53061224489795,133684867.34693491
jid_700996,63329.0,39.0,48,300,3652852,3652852,3653153,JobState.COMPLETED,1.0,0,0,0,176.53061224489784,176.53061224489795,2542040.816326529
jid_700998,63330.0,517.0,960,393,3652995,3652995,3653389,JobState.COMPLETED,1.0,0,0,0,176.53061224489812,176.53061224489795,66601469.38775517
jid_700329,376.0,159.0,30,26007,3627684,3627701,3653709,JobState.COMPLETED,1.0,0,0,0,176.5306122448928,176.53061224489795,137730948.97958782
jid_700329,376.0,159.0,30,25266,3627684,3628800,3654067,JobState.COMPLETED,1.0,0,0,0,176.53061224489278,176.53061224489795,133806673.46938382
jid_701006,63333.0,39.0,48,1360,3652863,3652863,3654224,JobState.COMPLETED,1.0,0,0,0,176.53061224489815,176.53061224489795,11523918.36734695
jid_700329,376.0,159.0,30,27059,3627684,3627711,3654771,JobState.COMPLETED,1.0,0,0,0,176.53061224489275,176.53061224489795,143302255.1020366
jid_698676,56413.0,533.0,80,26272,3619705,3628800,3655073,JobState.COMPLETED,1.0,0,0,0,176.53061224489107,176.53061224489795,371024979.59182227
jid_700329,376.0,159.0,30,26354,3627684,3628800,3655155,JobState.COMPLETED,1.0,0,0,0,176.53061224489275,176.53061224489795,139568632.6530571
jid_686921,1038.0,211.0,24,86058,3230643,3569993,3656052,JobState.COMPLETED,0.607803635392431,0,0,0,128.50656759906704,128.50656759907318,265416436.66657227
jid_700329,376.0,159.0,30,27522,3627684,3628800,3656323,JobState.COMPLETED,1.0,0,0,0,176.5306122448927,176.53061224489795,145754265.3061181
jid_700329,376.0,159.0,30,28859,3627684,3627698,3656558,JobState.COMPLETED,1.0,0,0,0,176.5306122448927,176.53061224489795,152834908.16326076
jid_701033,105.0,62.0,1,2,3657011,3657011,3657014,JobState.COMPLETED,1.0,0,0,0,176.53061224489795,176.53061224489795,353.0612244897959
jid_698499,221.0,119.0,32,28725,3628067,3628800,3657526,JobState.COMPLETED,1.0,0,0,0,176.53061224490733,176.53061224489795,162266938.7755188
jid_701038,301.0,549.0,385,9357,3648232,3648232,3657590,JobState.COMPLETED,1.0,0,0,0,176.53061224489633,176.53061224489795,635941821.4285655
jid_701043,59135.0,278.0,1,49,3658545,3658545,3658595,JobState.COMPLETED,1.0,0,0,0,176.53061224489795,176.53061224489795,8650.0
jid_701048,63343.0,39.0,48,1207,3657625,3657625,3658833,JobState.COMPLETED,1.0,0,0,0,176.53061224489832,176.53061224489795,10227477.551020429
jid_701053,59135.0,278.0,1,28,3660138,3660138,3660167,JobState.COMPLETED,1.0,0,0,0,176.53061224489795,176.53061224489795,4942.857142857143
jid_701055,59135.0,278.0,1,34,3660193,3660193,3660228,JobState.COMPLETED,1.0,0,0,0,176.53061224489795,176.53061224489795,6002.04081632653
jid_701057,59135.0,278.0,1,33,3660245,3660245,3660279,JobState.COMPLETED,1.0,0,0,0,176.53061224489795,176.53061224489795,5825.510204081633
jid_701058,59135.0,278.0,1,38,3660272,3660272,3660311,JobState.COMPLETED,1.0,0,0,0,176.53061224489795,176.53061224489795,6708.163265306122
jid_701062,301.0,549.0,399,3904,3656462,3656462,3660367,JobState.COMPLETED,1.0,0,0,0,176.53061224489664,176.53061224489798,274981028.5714265
jid_701065,71.0,49.0,2744,3414,3657007,3657007,3660422,JobState.COMPLETED,1.0,0,0,0,176.53061224489795,176.53061224489795,1653741600.0
jid_701071,59135.0,278.0,1,34,3660536,3660536,3660571,JobState.COMPLETED,1.0,0,0,0,176.53061224489795,176.53061224489795,6002.04081632653
jid_669630,63594.0,60.0,32,31819,3522406,3628800,3660620,JobState.COMPLETED,0.6430430191720737,0,0,0,132.82159418432718,132.82159418433557,135240009.7712354
jid_669630,63292.0,60.0,32,32021,3170091,3628800,3660822,JobState.COMPLETED,0.6470649093750145,0,0,0,133.3140705357107,133.31407053571607,136603195.28396776
jid_701080,41102.0,54.0,8191,103,3661173,3661173,3661277,JobState.COMPLETED,0.5289538476478978,0,0,0,118.85149154872221,118.85149154872218,100271794.42938511
jid_669630,63349.0,60.0,32,32664,3522405,3628800,3661465,JobState.COMPLETED,0.647176407201388,0,0,0,133.32772333077634,133.32772333078222,139360536.1560473
jid_701085,59135.0,278.0,1,29,3661761,3661761,3661791,JobState.COMPLETED,1.0,0,0,0,176.53061224489795,176.53061224489795,5119.3877551020405
jid_701090,59135.0,278.0,1,31,3661760,3661760,3661792,JobState.COMPLETED,1.0,0,0,0,176.53061224489795,176.53061224489795,5472.448979591836
jid_701094,59135.0,278.0,1,35,3661759,3661759,3661795,JobState.COMPLETED,1.0,0,0,0,176.53061224489795,176.53061224489795,6178.571428571428
jid_701096,59135.0,278.0,1,36,3661760,3661760,3661797,JobState.COMPLETED,1.0,0,0,0,176.53061224489795,176.53061224489795,6355.102040816326
jid_701097,59135.0,278.0,1,37,3661761,3661761,3661799,JobState.COMPLETED,1.0,0,0,0,176.53061224489795,176.53061224489795,6531.632653061224
jid_701118,59135.0,278.0,1,9,3662071,3662071,3662081,JobState.COMPLETED,1.0,0,0,0,176.53061224489795,176.53061224489795,1588.7755102040815
jid_701115,59135.0,278.0,1,8,3662072,3662072,3662081,JobState.COMPLETED,1.0,0,0,0,176.53061224489795,176.53061224489795,1412.2448979591836
jid_701109,59135.0,278.0,1,8,3662072,3662072,3662081,JobState.COMPLETED,1.0,0,0,0,176.53061224489795,176.53061224489795,1412.2448979591836
jid_701111,59135.0,278.0,1,10,3662071,3662071,3662082,JobState.COMPLETED,1.0,0,0,0,176.53061224489795,176.53061224489795,1765.3061224489795
jid_701117,59135.0,278.0,1,9,3662072,3662072,3662082,JobState.COMPLETED,1.0,0,0,0,176.53061224489795,176.53061224489795,1588.7755102040815
jid_701112,59135.0,278.0,1,9,3662072,3662072,3662082,JobState.COMPLETED,1.0,0,0,0,176.53061224489795,176.53061224489795,1588.7755102040815
jid_701113,59135.0,278.0,1,11,3662072,3662072,3662084,JobState.COMPLETED,1.0,0,0,0,176.53061224489795,176.53061224489795,1941.8367346938776
jid_701119,59135.0,278.0,1,13,3662071,3662071,3662085,JobState.COMPLETED,1.0,0,0,0,176.53061224489795,176.53061224489795,2294.8979591836733
jid_701123,59135.0,278.0,1,12,3662072,3662072,3662085,JobState.COMPLETED,1.0,0,0,0,176.53061224489795,176.53061224489795,2118.3673469387754
jid_686409,60347.0,197.0,64,61426,3227918,3600674,3662101,JobState.COMPLETED,1.0,0,0,0,176.5306122449015,176.53061224489795,693988440.8163404
jid_686073,60345.0,197.0,64,41144,3227919,3622029,3663174,JobState.COMPLETED,1.0,0,0,0,176.5306122449,176.53061224489795,464843232.6530666
jid_669630,63869.0,60.0,32,34862,3522406,3628800,3663663,JobState.COMPLETED,0.6353800746618747,0,0,0,131.883274448395,131.88327444839283,147126870.8422383
jid_701144,40527.0,230.0,704,299,3664036,3664036,3664336,JobState.COMPLETED,0.5079307789829941,0,0,0,116.27723824281564,116.27723824281561,24475893.54115972
jid_698620,701.0,119.0,32,36574,3535304,3628800,3665375,JobState.COMPLETED,1.0,0,0,0,176.53061224489716,176.53061224489795,206605779.5918358
jid_701159,63357.0,633.0,1,17,3665734,3665734,3665752,JobState.COMPLETED,1.0,0,0,0,176.53061224489795,176.53061224489795,3001.020408163265
jid_701228,41102.0,54.0,8191,5428,3661456,3661456,3666885,JobState.COMPLETED,0.6256136409082017,0,0,0,130.68738460100457,130.6873846010043,5810458873.524344
jid_701228,41102.0,54.0,8191,5399,3661591,3661591,3666991,JobState.COMPLETED,0.6260601498866456,0,0,0,130.7420591697941,130.74205916979335,5781833407.75617
jid_701160,63358.0,178.0,32,61,3665721,3666991,3667053,JobState.COMPLETED,0.5279113496659695,0,0,0,118.72383873460852,118.72383873460852,231748.93320995584
jid_701162,63358.0,178.0,32,61,3665858,3666991,3667053,JobState.COMPLETED,0.5291294366139389,0,0,0,118.8729922384415,118.8729922384415,232040.0808494378
jid_701322,108.0,174.0,12,164614,3504321,3504327,3668942,JobState.COMPLETED,1.0,0,0,0,176.5306122448926,176.53061224489795,348712922.448969
jid_701327,105.0,62.0,768,13178,3656021,3656021,3669200,JobState.COMPLETED,1.0,0,0,0,176.53061224489454,176.53061224489795,1786614073.4693532
jid_701337,63433.0,112.0,12,1,3669441,3669441,3669443,JobState.COMPLETED,1.0,0,0,0,176.53061224489795,176.53061224489795,2118.3673469387754
jid_694133,1244.0,119.0,32,41273,3535636,3628800,3670074,JobState.COMPLETED,1.0,0,0,0,176.5306122448921,176.53061224489795,233150334.6938698
jid_701351,7035.999999999993,46.0,2999,10221,3659853,3659853,3670075,JobState.COMPLETED,1.0,0,0,0,176.5306122448939,176.53061224489795,5411153843.877426
jid_701485,1246.0000000000073,114.0,160,10,3663527,3670075,3670086,JobState.COMPLETED,0.666120933669303,0,0,0,135.64746126562892,135.64746126562892,217035.93802500627
jid_701485,1246.0000000000073,114.0,160,10,3663528,3670075,3670086,JobState.COMPLETED,0.6572995593415893,0,0,0,134.5672929806028,134.5672929806028,215307.66876896448
jid_701485,1246.0000000000073,114.0,160,11,3663526,3670075,3670087,JobState.COMPLETED,0.6417601861287964,0,0,0,132.66451258719954,132.66451258719954,233489.5421534712
jid_701485,1246.0000000000073,114.0,160,11,3663527,3670075,3670087,JobState.COMPLETED,0.6716459992220628,0,0,0,136.32399990474238,136.32399990474238,239930.2398323466
jid_701485,1246.0000000000073,114.0,160,11,3663527,3670075,3670087,JobState.COMPLETED,0.6644036431253009,0,0,0,135.43718079085318,135.43718079085318,238369.43819190157
jid_701485,1246.0000000000073,114.0,160,11,3663528,3670075,3670087,JobState.COMPLETED,0.6722583993861252,0,0,0,136.3989876799337,136.3989876799337,240062.2183166833
jid_701485,1246.0000000000073,114.0,160,11,3663529,3670075,3670087,JobState.COMPLETED,0.6424454998265374,0,0,0,132.74842855018827,132.74842855018827,233637.23424833134
jid_701485,1246.0000000000073,114.0,160,12,3663527,3670075,3670088,JobState.COMPLETED,0.655271906224894,0,0,0,134.31900892549723,134.31900892549723,257892.49713695468
jid_701485,1246.0000000000073,114.0,160,248,3663526,3670075,3670324,JobState.COMPLETED,0.5216731526923835,0,0,0,117.95997788070008,117.95997788070004,4680651.922306179
jid_701352,63354.0,570.0,1,0,3670102,3670324,3670325,JobState.COMPLETED,1.0,0,0,0,176.53061224489795,176.53061224489795,0.0
jid_686409,60347.0,197.0,64,42508,3227918,3628800,3671309,JobState.COMPLETED,1.0,0,0,0,176.53061224489096,176.53061224489795,480253648.9795728
jid_694133,1244.0,119.0,32,42701,3628398,3628800,3671502,JobState.COMPLETED,1.0,0,0,0,176.5306122448908,176.53061224489795,241217077.5510106
jid_701373,108.0,63.0,4,5,3671172,3671502,3671508,JobState.COMPLETED,1.0,0,0,0,176.53061224489795,176.53061224489795,3530.612244897959
jid_701228,41102.0,54.0,8191,6434,3661599,3666885,3673320,JobState.COMPLETED,0.6063515202317313,0,0,0,128.328757579396,128.32875757939567,6763040250.343446
jid_701377,63441.0,217.0,1,0,3671308,3673320,3673320,JobState.COMPLETED,1.0,0,0,0,176.53061224489795,176.53061224489795,0.0
jid_701232,63219.0,375.0,1,5,3667115,3673320,3673326,JobState.COMPLETED,0.7430763397818766,0,0,0,145.07057221818897,145.07057221818897,725.3528610909449
jid_701280,63219.0,375.0,24,6,3667608,3673320,3673327,JobState.COMPLETED,0.711393677218159,0,0,0,141.19106251650928,141.19106251650928,20331.513002377334
jid_701142,63219.0,375.0,24,8,3664301,3673320,3673329,JobState.COMPLETED,0.6286395668092843,0,0,0,131.05790613991238,131.05790613991238,25163.117978863178
jid_701176,63219.0,375.0,1,8,3666675,3673320,3673329,JobState.COMPLETED,0.6237665983720851,0,0,0,130.46121612719412,130.46121612719412,1043.689729017553
jid_701527,1246.0000000000073,114.0,160,9,3664753,3673320,3673330,JobState.COMPLETED,0.6768043278021697,0,0,0,136.9556319757759,136.9556319757759,197216.11004511733
jid_701527,1246.0000000000073,114.0,160,10,3664753,3673320,3673331,JobState.COMPLETED,0.6554487143340164,0,0,0,134.34065889804282,134.34065889804282,214945.0542368685
jid_701527,1246.0000000000073,114.0,160,10,3664754,3673320,3673331,JobState.COMPLETED,0.6871808878101537,0,0,0,138.22623116042698,138.22623116042698,221161.96985668316
jid_701527,1246.0000000000073,114.0,160,10,3664755,3673320,3673331,JobState.COMPLETED,0.6593493498750925,0,0,0,134.81828773980726,134.81828773980726,215709.2603836916
jid_701150,63219.0,375.0,24,12,3664509,3673320,3673333,JobState.COMPLETED,0.5760965816818643,0,0,0,124.62407122635072,124.62407122635072,35891.73251318901
jid_701452,63482.0,634.0,15,15,3673252,3673320,3673336,JobState.COMPLETED,0.6313017384009191,0,0,0,131.38388633480642,131.38388633480642,29561.374425331443
jid_701141,63219.0,375.0,24,34,3664225,3673320,3673355,JobState.COMPLETED,0.5382182678432897,0,0,0,119.98591034815793,119.98591034815793,97908.50284409686
jid_701325,63219.0,375.0,24,38,3669037,3673320,3673359,JobState.COMPLETED,0.5377132304842361,0,0,0,119.92406903888606,119.92406903888606,109370.75096346409
jid_701435,62899.0,585.0,10,48,3672492,3673320,3673369,JobState.COMPLETED,1.0,0,0,0,176.53061224489798,176.53061224489795,84734.69387755104
jid_701527,1246.0000000000073,114.0,160,53,3664755,3673320,3673374,JobState.COMPLETED,0.5303733025451128,0,0,0,119.02530235246279,119.02530235246279,1009334.5639488845
jid_701288,374.0,635.0,1,61,3667851,3673320,3673382,JobState.COMPLETED,1.0,0,0,0,176.53061224489798,176.53061224489795,10768.367346938778
jid_701440,108.0,63.0,15,63,3672549,3673320,3673384,JobState.COMPLETED,1.0,0,0,0,176.53061224489795,176.53061224489795,166821.42857142855
jid_701342,42565.0,54.0,8191,6393,3663321,3666991,3673385,JobState.COMPLETED,0.61824609767348,0,0,0,129.78523644981266,129.78523644981388,6796212083.164336
jid_701376,40527.0,230.0,704,74,3671181,3673320,3673395,JobState.COMPLETED,0.5632312147142428,0,0,0,123.04872016909097,123.04872016909097,6410346.125928963
jid_701421,40527.0,230.0,704,327,3671478,3673320,3673648,JobState.COMPLETED,0.5110544433370352,0,0,0,116.65972775555541,116.65972775555534,26856002.607150897
jid_701465,36590.0,394.0,255,53,3674015,3674015,3674069,JobState.COMPLETED,1.0,0,0,0,176.53061224489798,176.53061224489795,2385811.2244897964
jid_701470,38194.0,530.0,1,22,3674311,3674311,3674334,JobState.COMPLETED,1.0,0,0,0,176.53061224489795,176.53061224489795,3883.673469387755
jid_701473,319.9999999999927,112.0,1,38,3674360,3674360,3674399,JobState.COMPLETED,1.0,0,0,0,176.53061224489795,176.53061224489795,6708.163265306122
jid_701461,108.0,63.0,64,1257,3672549,3673320,3674578,JobState.COMPLETED,1.0,0,0,0,176.53061224489772,176.53061224489795,14201534.693877533
jid_701161,301.0,549.0,385,1472,3664422,3673320,3674793,JobState.COMPLETED,1.0,0,0,0,176.53061224489764,176.53061224489795,100043428.57142839
jid_701030,63338.0,432.0,8,1567,3670001,3673320,3674888,JobState.COMPLETED,1.0,0,0,0,176.53061224489747,176.53061224489795,2212987.7551020347
jid_701387,63445.0,432.0,8,1572,3669994,3673320,3674893,JobState.COMPLETED,1.0,0,0,0,176.53061224489747,176.53061224489795,2220048.9795918306
jid_701072,63345.0,432.0,8,1573,3669993,3673320,3674894,JobState.COMPLETED,1.0,0,0,0,176.53061224489747,176.53061224489795,2221461.22448979
jid_701389,63447.0,432.0,8,1581,3669989,3673320,3674902,JobState.COMPLETED,1.0,0,0,0,176.53061224489747,176.53061224489795,2232759.1836734633
jid_701403,63461.0,432.0,8,1596,3669987,3673320,3674917,JobState.COMPLETED,1.0,0,0,0,176.53061224489744,176.53061224489795,2253942.8571428503
jid_701404,63462.0,432.0,8,1602,3669982,3673320,3674923,JobState.COMPLETED,1.0,0,0,0,176.53061224489744,176.53061224489795,2262416.3265306056
jid_701406,63464.0,432.0,8,1603,3669981,3673320,3674924,JobState.COMPLETED,1.0,0,0,0,176.53061224489744,176.53061224489795,2263828.571428565
jid_701412,63470.0,432.0,8,1609,3669978,3673320,3674930,JobState.COMPLETED,1.0,0,0,0,176.53061224489744,176.53061224489795,2272302.0408163196
jid_701411,63469.0,432.0,8,1614,3669974,3673320,3674935,JobState.COMPLETED,1.0,0,0,0,176.53061224489744,176.53061224489795,2279363.2653061156
jid_701414,63472.0,432.0,8,1617,3669976,3673320,3674938,JobState.COMPLETED,1.0,0,0,0,176.53061224489744,176.53061224489795,2283599.9999999935
jid_701402,63460.0,432.0,8,1620,3669962,3673320,3674941,JobState.COMPLETED,1.0,0,0,0,176.53061224489744,176.53061224489795,2287836.734693871
jid_701309,62895.0,217.0,1,1796,3666788,3673320,3675117,JobState.COMPLETED,1.0,0,0,0,176.53061224489736,176.53061224489795,317048.97959183564
jid_698683,63222.0,432.0,8,2107,3670002,3673320,3675428,JobState.COMPLETED,1.0,0,0,0,176.53061224489724,176.53061224489795,2975599.999999988
jid_700683,63316.0,432.0,8,2162,3670000,3673320,3675483,JobState.COMPLETED,1.0,0,0,0,176.5306122448972,176.53061224489795,3053273.469387742
jid_701074,63346.0,432.0,8,2182,3669998,3673320,3675503,JobState.COMPLETED,1.0,0,0,0,176.5306122448972,176.53061224489795,3081518.3673469257
jid_701393,63451.0,432.0,8,2217,3669988,3673320,3675538,JobState.COMPLETED,1.0,0,0,0,176.53061224489718,176.53061224489795,3130946.9387754966
jid_701392,63450.0,432.0,8,2227,3669969,3673320,3675548,JobState.COMPLETED,1.0,0,0,0,176.53061224489718,176.53061224489795,3145069.387755088
jid_701401,63459.0,432.0,8,2241,3669966,3673320,3675562,JobState.COMPLETED,1.0,0,0,0,176.53061224489718,176.53061224489795,3164840.8163265167
jid_701413,63471.0,432.0,8,2262,3669980,3673320,3675583,JobState.COMPLETED,1.0,0,0,0,176.53061224489718,176.53061224489795,3194497.9591836594
jid_701428,62977.0,140.0,128,2365,3664151,3673320,3675686,JobState.COMPLETED,1.0,0,0,0,176.53061224489716,176.53061224489795,53439346.938775264
jid_694213,62938.0,432.0,1,1534,3674173,3674173,3675708,JobState.COMPLETED,1.0,0,0,0,176.5306122448975,176.53061224489795,270797.95918367273
jid_701507,63419.0,432.0,1,1608,3674187,3674187,3675796,JobState.COMPLETED,1.0,0,0,0,176.53061224489744,176.53061224489795,283861.2244897951
jid_696710,62990.0,432.0,1,1604,3674192,3674192,3675797,JobState.COMPLETED,1.0,0,0,0,176.53061224489744,176.53061224489795,283155.1020408155
jid_701509,63421.0,432.0,1,1613,3674189,3674189,3675803,JobState.COMPLETED,1.0,0,0,0,176.53061224489744,176.53061224489795,284743.8775510196
jid_701396,63454.0,432.0,8,2492,3669963,3673320,3675813,JobState.COMPLETED,1.0,0,0,0,176.53061224489713,176.53061224489795,3519314.285714269
jid_701511,63416.0,432.0,1,1642,3674181,3674181,3675824,JobState.COMPLETED,1.0,0,0,0,176.5306122448974,176.53061224489795,289863.26530612155
jid_694573,62950.0,432.0,1,1697,3674156,3674156,3675854,JobState.COMPLETED,1.0,0,0,0,176.53061224489738,176.53061224489795,299572.44897959084
jid_701441,63434.0,263.0,15,2578,3670096,3673320,3675899,JobState.COMPLETED,1.0,0,0,0,176.53061224489878,176.53061224489795,6826438.775510236
jid_701030,63338.0,432.0,8,2636,3670001,3673320,3675957,JobState.COMPLETED,1.0,0,0,0,176.53061224489707,176.53061224489795,3722677.5510203894
jid_701409,63467.0,432.0,8,2639,3669975,3673320,3675960,JobState.COMPLETED,1.0,0,0,0,176.53061224489707,176.53061224489795,3726914.285714267
jid_701394,63452.0,432.0,8,2667,3669985,3673320,3675988,JobState.COMPLETED,1.0,0,0,0,176.53061224489707,176.53061224489795,3766457.142857124
jid_701413,63471.0,432.0,8,2674,3669980,3673320,3675995,JobState.COMPLETED,1.0,0,0,0,176.53061224489707,176.53061224489795,3776342.857142838
jid_701388,63446.0,432.0,8,2683,3669991,3673320,3676004,JobState.COMPLETED,1.0,0,0,0,176.53061224489707,176.53061224489795,3789053.061224471
jid_701412,63470.0,432.0,8,2741,3669979,3673320,3676062,JobState.COMPLETED,1.0,0,0,0,176.53061224489704,176.53061224489795,3870963.2653061026
jid_701397,63455.0,432.0,8,2771,3669973,3673320,3676092,JobState.COMPLETED,1.0,0,0,0,176.53061224489704,176.53061224489795,3913330.6122448775
jid_701399,63457.0,432.0,8,2821,3669986,3673320,3676142,JobState.COMPLETED,1.0,0,0,0,176.53061224489704,176.53061224489795,3983942.8571428363
jid_701385,63443.0,432.0,8,2822,3670006,3673320,3676143,JobState.COMPLETED,1.0,0,0,0,176.53061224489704,176.53061224489795,3985355.1020407956
jid_701140,63355.0,432.0,8,2828,3670007,3673320,3676149,JobState.COMPLETED,1.0,0,0,0,176.53061224489704,176.53061224489795,3993828.571428551
jid_701072,63345.0,432.0,8,2843,3669993,3673320,3676164,JobState.COMPLETED,1.0,0,0,0,176.53061224489704,176.53061224489795,4015012.2448979383
jid_700683,63316.0,432.0,8,2848,3670000,3673320,3676169,JobState.COMPLETED,1.0,0,0,0,176.53061224489704,176.53061224489795,4022073.4693877343
jid_701389,63447.0,432.0,8,2854,3669990,3673320,3676175,JobState.COMPLETED,1.0,0,0,0,176.53061224489704,176.53061224489795,4030546.938775489
jid_701140,63355.0,432.0,8,2859,3670007,3673320,3676180,JobState.COMPLETED,1.0,0,0,0,176.53061224489704,176.53061224489795,4037608.163265285
jid_701407,63465.0,432.0,8,2861,3669984,3673320,3676182,JobState.COMPLETED,1.0,0,0,0,176.53061224489704,176.53061224489795,4040432.6530612037
jid_701388,63446.0,432.0,8,2867,3669991,3673320,3676188,JobState.COMPLETED,1.0,0,0,0,176.53061224489704,176.53061224489795,4048906.1224489585
jid_701388,63446.0,432.0,8,2878,3669991,3673320,3676199,JobState.COMPLETED,1.0,0,0,0,176.53061224489704,176.53061224489795,4064440.8163265097
jid_701404,63462.0,432.0,8,2881,3669982,3673320,3676202,JobState.COMPLETED,1.0,0,0,0,176.53061224489701,176.53061224489795,4068677.551020386
jid_700683,63316.0,432.0,8,2900,3670000,3673320,3676221,JobState.COMPLETED,1.0,0,0,0,176.53061224489701,176.53061224489795,4095510.204081611
jid_698683,63222.0,432.0,8,2900,3670003,3673320,3676221,JobState.COMPLETED,1.0,0,0,0,176.53061224489701,176.53061224489795,4095510.204081611
jid_701390,63448.0,432.0,8,2903,3669992,3673320,3676224,JobState.COMPLETED,1.0,0,0,0,176.53061224489701,176.53061224489795,4099746.938775488
jid_701399,63457.0,432.0,8,2905,3669987,3673320,3676226,JobState.COMPLETED,1.0,0,0,0,176.53061224489701,176.53061224489795,4102571.4285714068
jid_701386,63444.0,432.0,8,2913,3669996,3673320,3676234,JobState.COMPLETED,1.0,0,0,0,176.53061224489701,176.53061224489795,4113869.38775508
jid_701406,63464.0,432.0,8,2914,3669981,3673320,3676235,JobState.COMPLETED,1.0,0,0,0,176.53061224489701,176.53061224489795,4115281.6326530394
jid_701387,63445.0,432.0,8,2916,3669995,3673320,3676237,JobState.COMPLETED,1.0,0,0,0,176.53061224489701,176.53061224489795,4118106.1224489575
jid_701399,63457.0,432.0,8,2923,3669986,3673320,3676244,JobState.COMPLETED,1.0,0,0,0,176.53061224489701,176.53061224489795,4127991.8367346716
jid_701403,63461.0,432.0,8,2934,3669988,3673320,3676255,JobState.COMPLETED,1.0,0,0,0,176.53061224489701,176.53061224489795,4143526.530612223
jid_701386,63444.0,432.0,8,2939,3669996,3673320,3676260,JobState.COMPLETED,1.0,0,0,0,176.53061224489701,176.53061224489795,4150587.755102019
jid_701393,63451.0,432.0,8,2968,3669989,3673320,3676289,JobState.COMPLETED,1.0,0,0,0,176.53061224489701,176.53061224489795,4191542.857142835
jid_701393,63451.0,432.0,8,2971,3669989,3673320,3676292,JobState.COMPLETED,1.0,0,0,0,176.53061224489701,176.53061224489795,4195779.591836712
jid_701534,63474.0,637.0,12,3,3676290,3676290,3676294,JobState.COMPLETED,1.0,0,0,0,176.53061224489795,176.53061224489795,6355.102040816326
jid_701403,63461.0,432.0,8,2977,3669988,3673320,3676298,JobState.COMPLETED,1.0,0,0,0,176.53061224489701,176.53061224489795,4204253.061224467
jid_701404,63462.0,432.0,8,3004,3669983,3673320,3676325,JobState.COMPLETED,1.0,0,0,0,176.53061224489701,176.53061224489795,4242383.673469365
jid_701404,63462.0,432.0,8,3008,3669983,3673320,3676329,JobState.COMPLETED,1.0,0,0,0,176.53061224489701,176.53061224489795,4248032.653061202
jid_701394,63452.0,432.0,8,3015,3669985,3673320,3676336,JobState.COMPLETED,1.0,0,0,0,176.53061224489701,176.53061224489795,4257918.367346916
jid_701407,63465.0,432.0,8,3022,3669984,3673320,3676343,JobState.COMPLETED,1.0,0,0,0,176.53061224489701,176.53061224489795,4267804.08163263
jid_701385,63443.0,432.0,8,3027,3670006,3673320,3676348,JobState.COMPLETED,1.0,0,0,0,176.53061224489701,176.53061224489795,4274865.306122426
jid_701398,63456.0,432.0,8,3029,3669966,3673320,3676350,JobState.COMPLETED,1.0,0,0,0,176.53061224489701,176.53061224489795,4277689.7959183445
jid_701413,63471.0,432.0,8,3031,3669980,3673320,3676352,JobState.COMPLETED,1.0,0,0,0,176.53061224489701,176.53061224489795,4280514.285714263
jid_691224,62759.0,140.0,128,3033,3664393,3673320,3676354,JobState.COMPLETED,1.0,0,0,0,176.53061224489701,176.53061224489795,68533420.40816289
jid_699155,63259.0,432.0,8,3059,3670004,3673320,3676380,JobState.COMPLETED,1.0,0,0,0,176.530612244897,176.53061224489795,4320057.142857119
jid_701414,63472.0,432.0,8,3068,3669977,3673320,3676389,JobState.COMPLETED,1.0,0,0,0,176.530612244897,176.53061224489795,4332767.346938752
jid_701385,63443.0,432.0,8,3083,3670007,3673320,3676404,JobState.COMPLETED,1.0,0,0,0,176.530612244897,176.53061224489795,4353951.02040814
jid_701415,63473.0,432.0,8,3093,3669959,3673320,3676414,JobState.COMPLETED,1.0,0,0,0,176.530612244897,176.53061224489795,4368073.469387731
jid_701414,63472.0,432.0,8,3113,3669977,3673320,3676434,JobState.COMPLETED,1.0,0,0,0,176.530612244897,176.53061224489795,4396318.3673469145
jid_701405,63463.0,432.0,8,3137,3669972,3673320,3676458,JobState.COMPLETED,1.0,0,0,0,176.530612244897,176.53061224489795,4430212.244897935
jid_701405,63463.0,432.0,8,3142,3669972,3673320,3676463,JobState.COMPLETED,1.0,0,0,0,176.530612244897,176.53061224489795,4437273.469387731
jid_701409,63467.0,432.0,8,3156,3669975,3673320,3676477,JobState.COMPLETED,1.0,0,0,0,176.530612244897,176.53061224489795,4457044.897959159
jid_701411,63469.0,432.0,8,3159,3669974,3673320,3676480,JobState.COMPLETED,1.0,0,0,0,176.530612244897,176.53061224489795,4461281.632653037
jid_701401,63459.0,432.0,8,3172,3669967,3673320,3676493,JobState.COMPLETED,1.0,0,0,0,176.530612244897,176.53061224489795,4479640.8163265055
jid_701411,63469.0,432.0,8,3205,3669974,3673320,3676526,JobState.COMPLETED,1.0,0,0,0,176.530612244897,176.53061224489795,4526244.897959159
jid_701397,63455.0,432.0,8,3224,3669973,3673320,3676545,JobState.COMPLETED,1.0,0,0,0,176.53061224489696,176.53061224489795,4553077.551020382
jid_694598,62952.0,432.0,8,3246,3669964,3673320,3676567,JobState.COMPLETED,1.0,0,0,0,176.53061224489696,176.53061224489795,4584146.938775484
jid_701397,63455.0,432.0,8,3259,3669973,3673320,3676580,JobState.COMPLETED,1.0,0,0,0,176.53061224489696,176.53061224489795,4602506.122448954
jid_701391,63449.0,432.0,8,3273,3669971,3673320,3676594,JobState.COMPLETED,1.0,0,0,0,176.53061224489696,176.53061224489795,4622277.551020382
jid_701392,63450.0,432.0,8,3289,3669969,3673320,3676610,JobState.COMPLETED,1.0,0,0,0,176.53061224489696,176.53061224489795,4644873.469387729
jid_696839,63010.0,432.0,1,2413,3674200,3674200,3676614,JobState.COMPLETED,1.0,0,0,0,176.53061224489713,176.53061224489795,425968.3673469368
jid_701391,63449.0,432.0,8,3297,3669971,3673320,3676618,JobState.COMPLETED,1.0,0,0,0,176.53061224489696,176.53061224489795,4656171.428571402
jid_701517,63403.0,432.0,1,2468,3674155,3674155,3676624,JobState.COMPLETED,1.0,0,0,0,176.53061224489713,176.53061224489795,435677.5510204061
jid_701500,63428.0,432.0,1,2435,3674201,3674201,3676637,JobState.COMPLETED,1.0,0,0,0,176.53061224489713,176.53061224489795,429852.04081632453
jid_701395,63453.0,432.0,8,3320,3669968,3673320,3676641,JobState.COMPLETED,1.0,0,0,0,176.53061224489696,176.53061224489795,4688653.061224463
jid_694573,62950.0,432.0,1,2494,3674157,3674157,3676652,JobState.COMPLETED,1.0,0,0,0,176.53061224489713,176.53061224489795,440267.34693877347
jid_701395,63453.0,432.0,8,3340,3669968,3673320,3676661,JobState.COMPLETED,1.0,0,0,0,176.53061224489696,176.53061224489795,4716897.959183646
jid_701548,63486.0,475.0,1,7,3676660,3676660,3676668,JobState.COMPLETED,1.0,0,0,0,176.53061224489795,176.53061224489795,1235.7142857142858
jid_701522,63405.0,432.0,1,2518,3674160,3674160,3676679,JobState.COMPLETED,1.0,0,0,0,176.5306122448971,176.53061224489795,444504.0816326509
jid_700649,63308.0,432.0,1,2546,3674163,3674163,3676710,JobState.COMPLETED,1.0,0,0,0,176.5306122448971,176.53061224489795,449446.938775508
jid_701525,63407.0,432.0,1,2551,3674165,3674165,3676717,JobState.COMPLETED,1.0,0,0,0,176.5306122448971,176.53061224489795,450329.5918367325
jid_694221,62939.0,432.0,1,2565,3674164,3674164,3676730,JobState.COMPLETED,1.0,0,0,0,176.5306122448971,176.53061224489795,452801.02040816104
jid_701401,63459.0,432.0,8,3424,3669967,3673320,3676745,JobState.COMPLETED,1.0,0,0,0,176.53061224489693,176.53061224489795,4835526.530612216
jid_701395,63453.0,432.0,8,3445,3669969,3673320,3676766,JobState.COMPLETED,1.0,0,0,0,176.53061224489693,176.53061224489795,4865183.673469359
jid_701515,63415.0,432.0,1,2588,3674178,3674178,3676767,JobState.COMPLETED,1.0,0,0,0,176.5306122448971,176.53061224489795,456861.2244897937
jid_701514,63413.0,432.0,1,2591,3674176,3674176,3676768,JobState.COMPLETED,1.0,0,0,0,176.5306122448971,176.53061224489795,457390.8163265284
jid_701506,63423.0,432.0,1,2594,3674193,3674193,3676788,JobState.COMPLETED,1.0,0,0,0,176.5306122448971,176.53061224489795,457920.40816326306
jid_696733,62993.0,432.0,1,2624,3674175,3674175,3676800,JobState.COMPLETED,1.0,0,0,0,176.53061224489707,176.53061224489795,463216.3265306099
jid_694844,62961.0,432.0,1,2647,3674155,3674155,3676803,JobState.COMPLETED,1.0,0,0,0,176.53061224489707,176.53061224489795,467276.5306122425
jid_701410,63468.0,432.0,8,3516,3669961,3673320,3676837,JobState.COMPLETED,1.0,0,0,0,176.53061224489693,176.53061224489795,4965453.061224461
jid_694844,62961.0,432.0,1,2718,3674154,3674154,3676873,JobState.COMPLETED,1.0,0,0,0,176.53061224489707,176.53061224489795,479810.2040816302
jid_696710,62990.0,432.0,1,2684,3674192,3674192,3676877,JobState.COMPLETED,1.0,0,0,0,176.53061224489707,176.53061224489795,473808.16326530377
jid_701516,63411.0,432.0,1,2709,3674171,3674171,3676881,JobState.COMPLETED,1.0,0,0,0,176.53061224489707,176.53061224489795,478221.4285714262
jid_701396,63454.0,432.0,8,3572,3669963,3673320,3676893,JobState.COMPLETED,1.0,0,0,0,176.53061224489693,176.53061224489795,5044538.775510174
jid_701523,63406.0,432.0,1,2738,3674166,3674166,3676905,JobState.COMPLETED,1.0,0,0,0,176.53061224489707,176.53061224489795,483340.8163265282
jid_701401,63459.0,432.0,8,3593,3669967,3673320,3676914,JobState.COMPLETED,1.0,0,0,0,176.53061224489693,176.53061224489795,5074195.918367317
jid_701402,63460.0,432.0,8,3600,3669962,3673320,3676921,JobState.COMPLETED,1.0,0,0,0,176.53061224489693,176.53061224489795,5084081.6326530315
jid_696733,62993.0,432.0,1,2805,3674175,3674175,3676981,JobState.COMPLETED,1.0,0,0,0,176.53061224489704,176.53061224489795,495168.3673469362
jid_701558,63474.0,637.0,12,3,3676984,3676984,3676988,JobState.COMPLETED,1.0,0,0,0,176.53061224489795,176.53061224489795,6355.102040816326
jid_701525,63407.0,432.0,1,2842,3674165,3674165,3677008,JobState.COMPLETED,1.0,0,0,0,176.53061224489704,176.53061224489795,501699.9999999974
jid_701560,63474.0,637.0,12,2,3677006,3677006,3677009,JobState.COMPLETED,1.0,0,0,0,176.53061224489795,176.53061224489795,4236.734693877551
jid_701398,63456.0,432.0,8,3718,3669966,3673320,3677039,JobState.COMPLETED,1.0,0,0,0,176.5306122448969,176.53061224489795,5250726.530612214
jid_694573,62950.0,432.0,1,2911,3674157,3674157,3677069,JobState.COMPLETED,1.0,0,0,0,176.53061224489701,176.53061224489795,513880.6122448952
jid_701342,42565.0,54.0,8191,7046,3663482,3670075,3677122,JobState.COMPLETED,0.6077293451381469,0,0,0,128.49747083324203,128.4974708332425,7416075533.210973
jid_694562,62949.0,432.0,1,2987,3674153,3674153,3677141,JobState.COMPLETED,1.0,0,0,0,176.53061224489701,176.53061224489795,527296.9387755074
jid_694221,62939.0,432.0,1,2993,3674164,3674164,3677158,JobState.COMPLETED,1.0,0,0,0,176.53061224489701,176.53061224489795,528356.1224489767
jid_701563,63474.0,637.0,12,3,3677157,3677157,3677161,JobState.COMPLETED,1.0,0,0,0,176.53061224489795,176.53061224489795,6355.102040816326
jid_701520,63410.0,432.0,1,3007,3674167,3674167,3677175,JobState.COMPLETED,1.0,0,0,0,176.53061224489701,176.53061224489795,530827.5510204054
jid_701402,63460.0,432.0,8,3912,3669963,3673320,3677233,JobState.COMPLETED,1.0,0,0,0,176.53061224489687,176.53061224489795,5524702.040816292
jid_694844,62961.0,432.0,1,3098,3674154,3674154,3677253,JobState.COMPLETED,1.0,0,0,0,176.530612244897,176.53061224489795,546891.8367346908
jid_694221,62939.0,432.0,1,3093,3674164,3674164,3677258,JobState.COMPLETED,1.0,0,0,0,176.530612244897,176.53061224489795,546009.1836734663
jid_697069,63096.0,432.0,1,3078,3674187,3674187,3677266,JobState.COMPLETED,1.0,0,0,0,176.530612244897,176.53061224489795,543361.224489793
jid_701503,63426.0,432.0,1,3074,3674196,3674196,3677271,JobState.COMPLETED,1.0,0,0,0,176.530612244897,176.53061224489795,542655.1020408133
jid_694562,62949.0,432.0,1,3121,3674154,3674154,3677276,JobState.COMPLETED,1.0,0,0,0,176.530612244897,176.53061224489795,550952.0408163235
jid_700193,63291.0,432.0,1,3123,3674158,3674158,3677282,JobState.COMPLETED,1.0,0,0,0,176.530612244897,176.53061224489795,551305.1020408133
jid_694562,62949.0,432.0,1,3135,3674154,3674154,3677290,JobState.COMPLETED,1.0,0,0,0,176.530612244897,176.53061224489795,553423.469387752
jid_696821,62997.0,432.0,1,3130,3674159,3674159,3677290,JobState.COMPLETED,1.0,0,0,0,176.530612244897,176.53061224489795,552540.8163265276
jid_694213,62938.0,432.0,1,3124,3674174,3674174,3677299,JobState.COMPLETED,1.0,0,0,0,176.530612244897,176.53061224489795,551481.6326530582
jid_701525,63407.0,432.0,1,3137,3674165,3674165,3677303,JobState.COMPLETED,1.0,0,0,0,176.530612244897,176.53061224489795,553776.5306122418
jid_694573,62950.0,432.0,1,3153,3674157,3674157,3677311,JobState.COMPLETED,1.0,0,0,0,176.530612244897,176.53061224489795,556601.0204081602
jid_701396,63454.0,432.0,8,3999,3669963,3673320,3677320,JobState.COMPLETED,1.0,0,0,0,176.53061224489687,176.53061224489795,5647567.34693874
jid_696821,62997.0,432.0,1,3190,3674159,3674159,3677350,JobState.COMPLETED,1.0,0,0,0,176.530612244897,176.53061224489795,563132.6530612214
jid_701505,63422.0,432.0,1,3161,3674191,3674191,3677353,JobState.COMPLETED,1.0,0,0,0,176.530612244897,176.53061224489795,558013.2653061193
jid_700193,63291.0,432.0,1,3231,3674159,3674159,3677391,JobState.COMPLETED,1.0,0,0,0,176.53061224489696,176.53061224489795,570370.4081632621
jid_701402,63460.0,432.0,8,4078,3669962,3673320,3677399,JobState.COMPLETED,1.0,0,0,0,176.53061224489687,176.53061224489795,5759134.693877515
jid_694562,62949.0,432.0,1,3251,3674154,3674154,3677406,JobState.COMPLETED,1.0,0,0,0,176.53061224489696,176.53061224489795,573901.02040816
jid_701519,63412.0,432.0,1,3235,3674172,3674172,3677408,JobState.COMPLETED,1.0,0,0,0,176.53061224489696,176.53061224489795,571076.5306122417
jid_701522,63405.0,432.0,1,3268,3674161,3674161,3677430,JobState.COMPLETED,1.0,0,0,0,176.53061224489696,176.53061224489795,576902.0408163232
jid_701507,63419.0,432.0,1,3249,3674188,3674188,3677438,JobState.COMPLETED,1.0,0,0,0,176.53061224489696,176.53061224489795,573547.9591836702
jid_701511,63416.0,432.0,1,3262,3674181,3674181,3677444,JobState.COMPLETED,1.0,0,0,0,176.53061224489696,176.53061224489795,575842.8571428539
jid_700649,63308.0,432.0,1,3299,3674163,3674163,3677463,JobState.COMPLETED,1.0,0,0,0,176.53061224489696,176.53061224489795,582374.4897959151
jid_701522,63405.0,432.0,1,3310,3674161,3674161,3677472,JobState.COMPLETED,1.0,0,0,0,176.53061224489696,176.53061224489795,584316.3265306089
jid_701523,63406.0,432.0,1,3312,3674166,3674166,3677479,JobState.COMPLETED,1.0,0,0,0,176.53061224489696,176.53061224489795,584669.3877550988
jid_701513,63414.0,432.0,1,3299,3674180,3674180,3677480,JobState.COMPLETED,1.0,0,0,0,176.53061224489696,176.53061224489795,582374.4897959151
jid_701522,63405.0,432.0,1,3357,3674161,3674161,3677519,JobState.COMPLETED,1.0,0,0,0,176.53061224489696,176.53061224489795,592613.2653061191
jid_701511,63416.0,432.0,1,3345,3674181,3674181,3677527,JobState.COMPLETED,1.0,0,0,0,176.53061224489696,176.53061224489795,590494.8979591803
jid_701502,63425.0,432.0,1,3330,3674197,3674197,3677528,JobState.COMPLETED,1.0,0,0,0,176.53061224489696,176.53061224489795,587846.9387755069
jid_696821,62997.0,432.0,1,3376,3674159,3674159,3677536,JobState.COMPLETED,1.0,0,0,0,176.53061224489696,176.53061224489795,595967.3469387721
jid_701510,63418.0,432.0,1,3379,3674186,3674186,3677566,JobState.COMPLETED,1.0,0,0,0,176.53061224489696,176.53061224489795,596496.9387755068
jid_701501,63427.0,432.0,1,3397,3674199,3674199,3677597,JobState.COMPLETED,1.0,0,0,0,176.53061224489696,176.53061224489795,599674.489795915
jid_701505,63422.0,432.0,1,3440,3674191,3674191,3677632,JobState.COMPLETED,1.0,0,0,0,176.53061224489693,176.53061224489795,607265.3061224454
jid_697069,63096.0,432.0,1,3449,3674187,3674187,3677637,JobState.COMPLETED,1.0,0,0,0,176.53061224489693,176.53061224489795,608854.0816326495
jid_701520,63410.0,432.0,1,3471,3674168,3674168,3677640,JobState.COMPLETED,1.0,0,0,0,176.53061224489693,176.53061224489795,612737.7551020372
jid_694844,62961.0,432.0,1,3492,3674155,3674155,3677648,JobState.COMPLETED,1.0,0,0,0,176.53061224489693,176.53061224489795,616444.8979591801
jid_701524,63409.0,432.0,1,3531,3674170,3674170,3677702,JobState.COMPLETED,1.0,0,0,0,176.53061224489693,176.53061224489795,623329.5918367311
jid_701519,63412.0,432.0,1,3553,3674173,3674173,3677727,JobState.COMPLETED,1.0,0,0,0,176.53061224489693,176.53061224489795,627213.2653061188
jid_701523,63406.0,432.0,1,3568,3674167,3674167,3677736,JobState.COMPLETED,1.0,0,0,0,176.53061224489693,176.53061224489795,629861.2244897923
jid_701524,63409.0,432.0,1,3570,3674170,3674170,3677741,JobState.COMPLETED,1.0,0,0,0,176.53061224489693,176.53061224489795,630214.2857142821
jid_701515,63415.0,432.0,1,3598,3674178,3674178,3677777,JobState.COMPLETED,1.0,0,0,0,176.53061224489693,176.53061224489795,635157.1428571391
jid_696839,63010.0,432.0,1,3625,3674200,3674200,3677826,JobState.COMPLETED,1.0,0,0,0,176.53061224489693,176.53061224489795,639923.4693877514
jid_696733,62993.0,432.0,1,3655,3674175,3674175,3677831,JobState.COMPLETED,1.0,0,0,0,176.5306122448969,176.53061224489795,645219.3877550982
jid_701509,63421.0,432.0,1,3649,3674189,3674189,3677839,JobState.COMPLETED,1.0,0,0,0,176.5306122448969,176.53061224489795,644160.2040816288
jid_696839,63010.0,432.0,1,3643,3674200,3674200,3677844,JobState.COMPLETED,1.0,0,0,0,176.5306122448969,176.53061224489795,643101.0204081594
jid_701501,63427.0,432.0,1,3655,3674199,3674199,3677855,JobState.COMPLETED,1.0,0,0,0,176.5306122448969,176.53061224489795,645219.3877550982
jid_701507,63419.0,432.0,1,3670,3674188,3674188,3677859,JobState.COMPLETED,1.0,0,0,0,176.5306122448969,176.53061224489795,647867.3469387717
jid_701500,63428.0,432.0,1,3662,3674201,3674201,3677864,JobState.COMPLETED,1.0,0,0,0,176.5306122448969,176.53061224489795,646455.1020408125
jid_701511,63416.0,432.0,1,3709,3674182,3674182,3677892,JobState.COMPLETED,1.0,0,0,0,176.5306122448969,176.53061224489795,654752.0408163226
jid_701506,63423.0,432.0,1,3698,3674194,3674194,3677893,JobState.COMPLETED,1.0,0,0,0,176.5306122448969,176.53061224489795,652810.2040816287
jid_701518,63404.0,432.0,1,3750,3674162,3674162,3677913,JobState.COMPLETED,1.0,0,0,0,176.5306122448969,176.53061224489795,661989.7959183634
jid_701584,63492.0,178.0,64,118,3677814,3677814,3677933,JobState.COMPLETED,0.6025687906368399,0,0,0,127.86556620042938,127.86556620042938,965640.7559456427
jid_701504,63424.0,432.0,1,3739,3674195,3674195,3677935,JobState.COMPLETED,1.0,0,0,0,176.5306122448969,176.53061224489795,660047.9591836695
jid_696839,63010.0,432.0,1,3746,3674200,3674200,3677947,JobState.COMPLETED,1.0,0,0,0,176.5306122448969,176.53061224489795,661283.6734693837
jid_694213,62938.0,432.0,1,3780,3674174,3674174,3677955,JobState.COMPLETED,1.0,0,0,0,176.5306122448969,176.53061224489795,667285.7142857102
jid_701587,62791.0,513.0,1,3,3677963,3677963,3677967,JobState.COMPLETED,1.0,0,0,0,176.53061224489795,176.53061224489795,529.5918367346939
jid_701509,63421.0,432.0,1,3782,3674189,3674189,3677972,JobState.COMPLETED,1.0,0,0,0,176.5306122448969,176.53061224489795,667638.7755102001
jid_696733,62993.0,432.0,1,3800,3674175,3674175,3677976,JobState.COMPLETED,1.0,0,0,0,176.5306122448969,176.53061224489795,670816.3265306082
jid_694213,62938.0,432.0,1,3805,3674174,3674174,3677980,JobState.COMPLETED,1.0,0,0,0,176.5306122448969,176.53061224489795,671698.9795918327
jid_699159,63262.0,432.0,1,3804,3674183,3674183,3677988,JobState.COMPLETED,1.0,0,0,0,176.5306122448969,176.53061224489795,671522.4489795878
jid_701500,63428.0,432.0,1,3789,3674201,3674201,3677991,JobState.COMPLETED,1.0,0,0,0,176.5306122448969,176.53061224489795,668874.4897959144
jid_701510,63418.0,432.0,1,3805,3674186,3674186,3677992,JobState.COMPLETED,1.0,0,0,0,176.5306122448969,176.53061224489795,671698.9795918327
jid_696710,62990.0,432.0,1,3808,3674193,3674193,3678002,JobState.COMPLETED,1.0,0,0,0,176.5306122448969,176.53061224489795,672228.5714285674
jid_701523,63406.0,432.0,1,3852,3674167,3674167,3678020,JobState.COMPLETED,1.0,0,0,0,176.5306122448969,176.53061224489795,679995.9183673429
jid_701503,63426.0,432.0,1,3822,3674197,3674197,3678020,JobState.COMPLETED,1.0,0,0,0,176.5306122448969,176.53061224489795,674699.9999999959
jid_701508,63420.0,432.0,1,3839,3674191,3674191,3678031,JobState.COMPLETED,1.0,0,0,0,176.5306122448969,176.53061224489795,677701.0204081592
jid_701514,63413.0,432.0,1,3857,3674176,3674176,3678034,JobState.COMPLETED,1.0,0,0,0,176.5306122448969,176.53061224489795,680878.5714285673
jid_701519,63412.0,432.0,1,3895,3674173,3674173,3678069,JobState.COMPLETED,1.0,0,0,0,176.53061224489687,176.53061224489795,687586.7346938733
jid_685355,63740.0,140.0,128,7987,3664052,3670087,3678075,JobState.COMPLETED,1.0,0,0,0,176.5306122448977,176.53061224489795,180473599.99999973
jid_701428,62819.0,140.0,128,7989,3664150,3670088,3678078,JobState.COMPLETED,1.0,0,0,0,176.5306122448977,176.53061224489795,180518791.8367344
jid_701591,34.0,485.0,579,144,3677936,3677936,3678081,JobState.COMPLETED,1.0,0,0,0,176.530612244898,176.53061224489795,14718416.326530617
jid_701592,62858.0,54.0,528,85,3677996,3677996,3678082,JobState.COMPLETED,1.0,0,0,0,176.53061224489798,176.53061224489795,7922693.877551021
jid_685355,63818.0,140.0,128,8047,3664053,3670087,3678135,JobState.COMPLETED,1.0,0,0,0,176.53061224489778,176.53061224489795,181829355.10204062
jid_700648,63045.0,140.0,128,8063,3663934,3670075,3678139,JobState.COMPLETED,1.0,0,0,0,176.53061224489784,176.53061224489795,182190889.79591826
jid_701428,62861.0,140.0,128,8057,3664150,3670088,3678146,JobState.COMPLETED,1.0,0,0,0,176.5306122448978,176.53061224489795,182055314.28571412
jid_701519,63412.0,432.0,1,3973,3674173,3674173,3678147,JobState.COMPLETED,1.0,0,0,0,176.53061224489687,176.53061224489795,701356.1224489752
jid_700648,63175.0,140.0,128,8078,3663934,3670086,3678165,JobState.COMPLETED,1.0,0,0,0,176.53061224489784,176.53061224489795,182529828.57142845
jid_701425,301.0,549.0,399,8163,3663937,3670087,3678251,JobState.COMPLETED,1.0,0,0,0,176.53061224489915,176.53061224489798,574966735.7142895
jid_701602,62791.0,513.0,1,3,3678291,3678291,3678295,JobState.COMPLETED,1.0,0,0,0,176.53061224489795,176.53061224489795,529.5918367346939
jid_701599,43474.0,526.0,1,566,3677745,3677745,3678312,JobState.COMPLETED,1.0,0,0,0,176.5306122448981,176.53061224489795,99916.32653061232
jid_701341,301.0,549.0,385,5029,3664634,3673320,3678350,JobState.COMPLETED,1.0,0,0,0,176.53061224489966,176.53061224489795,341792392.85714614
jid_701428,62834.0,140.0,128,8033,3664150,3670324,3678358,JobState.COMPLETED,1.0,0,0,0,176.53061224489778,176.53061224489795,181513012.24489778
jid_701426,63192.0,140.0,128,8492,3663819,3670075,3678568,JobState.COMPLETED,1.0,0,0,0,176.5306122448985,176.53061224489795,191884538.7755108
jid_701609,63475.0,637.0,12,3,3678611,3678611,3678615,JobState.COMPLETED,1.0,0,0,0,176.53061224489795,176.53061224489795,6355.102040816326
jid_701611,34.0,485.0,579,241,3678481,3678481,3678723,JobState.COMPLETED,1.0,0,0,0,176.53061224489804,176.53061224489795,24632905.102040827
jid_701544,63430.0,299.0,336,5497,3671110,3673320,3678818,JobState.COMPLETED,0.5747836012100905,0,0,0,124.46329810735712,124.46329810735803,229882715.89790374
jid_685355,63757.0,140.0,128,8982,3664052,3670087,3679070,JobState.COMPLETED,1.0,0,0,0,176.53061224489917,176.53061224489795,202956538.7755116
jid_701426,63101.0,140.0,128,9053,3663819,3670075,3679129,JobState.COMPLETED,1.0,0,0,0,176.53061224489926,176.53061224489795,204560848.97959334
jid_701619,60918.0,530.0,50,49,3679204,3679204,3679254,JobState.COMPLETED,1.0,0,0,0,176.53061224489795,176.53061224489795,432500.0
jid_701621,301.0,549.0,385,3286,3675985,3675985,3679272,JobState.COMPLETED,1.0,0,0,0,176.53061224489866,176.53061224489795,223330642.85714376
jid_701631,63486.0,475.0,64,12,3679570,3679570,3679583,JobState.COMPLETED,1.0,0,0,0,176.53061224489795,176.53061224489795,135575.51020408163
jid_701428,62903.0,140.0,128,8136,3664151,3671502,3679639,JobState.COMPLETED,1.0,0,0,0,176.53061224489795,176.53061224489795,183840391.83673468
jid_685355,63565.0,140.0,128,9750,3664037,3670087,3679838,JobState.COMPLETED,1.0,0,0,0,176.5306122449001,176.53061224489795,220310204.08163533
jid_701652,63351.0,54.0,1024,6392,3674073,3674073,3680466,JobState.COMPLETED,0.6374867070676066,0,0,0,132.1412294368493,132.14122943684978,864918260.2857889
jid_701668,59239.0,92.0,48,1432,3679606,3679606,3681039,JobState.COMPLETED,1.0,0,0,0,176.53061224489807,176.53061224489795,12134008.163265314
jid_701426,63254.0,140.0,128,11082,3663820,3670075,3681158,JobState.COMPLETED,1.0,0,0,0,176.53061224490142,176.53061224489795,250407967.34694368
jid_701426,63270.0,140.0,128,11082,3663820,3670075,3681158,JobState.COMPLETED,1.0,0,0,0,176.53061224490142,176.53061224489795,250407967.34694368
jid_701426,63240.0,140.0,128,11203,3663820,3670075,3681279,JobState.COMPLETED,1.0,0,0,0,176.53061224490153,176.53061224489795,253142073.46939287
jid_701428,62964.0,140.0,128,8054,3664151,3673320,3681375,JobState.COMPLETED,1.0,0,0,0,176.5306122448978,176.53061224489795,181987526.53061208
jid_701428,62966.0,140.0,128,8069,3664151,3673320,3681390,JobState.COMPLETED,1.0,0,0,0,176.53061224489784,176.53061224489795,182326465.30612233
jid_701426,63229.0,140.0,128,11323,3663820,3670075,3681399,JobState.COMPLETED,1.0,0,0,0,176.53061224490162,176.53061224489795,255853583.6734747
jid_701485,1246.0000000000073,114.0,160,11376,3663524,3670075,3681452,JobState.COMPLETED,0.7966312617161794,0,0,0,151.62831776116508,151.62831776116485,275987798.85616225
jid_685348,62966.0,140.0,128,8356,3664235,3673320,3681677,JobState.COMPLETED,1.0,0,0,0,176.5306122448983,176.53061224489795,188811493.87755138
jid_691224,62683.0,140.0,128,9129,3664393,3673320,3682450,JobState.COMPLETED,1.0,0,0,0,176.53061224489937,176.53061224489795,206278138.77551186
jid_701704,60458.0,327.0,32,11,3682450,3682450,3682462,JobState.COMPLETED,1.0,0,0,0,176.53061224489795,176.53061224489795,62138.77551020408
jid_701711,16778.0,341.0,255,948,3681706,3681706,3682655,JobState.COMPLETED,1.0,0,0,0,176.53061224489758,176.53061224489795,42674510.20408154
jid_701637,55988.0,140.0,128,9388,3670400,3673320,3682709,JobState.COMPLETED,1.0,0,0,0,176.5306122448997,176.53061224489795,212130481.63265514
jid_701638,56413.0,140.0,128,9458,3670361,3673320,3682779,JobState.COMPLETED,1.0,0,0,0,176.53061224489977,176.53061224489795,213712195.91836953
jid_701720,60457.0,327.0,32,8,3682807,3682807,3682816,JobState.COMPLETED,1.0,0,0,0,176.53061224489795,176.53061224489795,45191.836734693876
jid_701753,59270.0,92.0,24,1189,3682486,3682486,3683676,JobState.COMPLETED,1.0,0,0,0,176.5306122448983,176.53061224489795,5037477.551020417
jid_701426,63210.0,140.0,128,13620,3663819,3670075,3683696,JobState.COMPLETED,1.0,0,0,0,176.5306122449032,176.53061224489795,307756408.16327447
jid_701759,41687.0,341.0,255,3184,3680701,3680701,3683886,JobState.COMPLETED,1.0,0,0,0,176.53061224489701,176.53061224489795,143328734.6938768
jid_701762,41378.0,341.0,255,3213,3680711,3680711,3683925,JobState.COMPLETED,1.0,0,0,0,176.530612244897,176.53061224489795,144634178.57142776
jid_701767,59107.0,471.0,4,38,3683987,3683987,3684026,JobState.COMPLETED,1.0,0,0,0,176.53061224489795,176.53061224489795,26832.65306122449
jid_701638,60393.0,140.0,128,10793,3670361,3673320,3684114,JobState.COMPLETED,1.0,0,0,0,176.53061224490116,176.53061224489795,243877746.93877995
jid_701527,1246.0000000000073,114.0,160,11068,3664750,3673320,3684389,JobState.COMPLETED,0.7925010004847104,0,0,0,151.12257148792713,151.12257148792375,267619939.3965404
jid_701783,60445.0,327.0,32,2006,3682449,3682449,3684456,JobState.COMPLETED,0.8667027250849726,0,0,0,160.20849694918064,160.20849694918033,10284103.836161803
jid_701790,60454.0,327.0,32,2004,3682451,3682451,3684456,JobState.COMPLETED,0.8716747345852424,0,0,0,160.81731443900932,160.81731443900927,10312892.74034479
jid_701782,60457.0,327.0,32,2005,3682451,3682451,3684457,JobState.COMPLETED,0.8721579109532093,0,0,0,160.8764788922301,160.8764788922297,10321834.885725483
jid_701794,60459.0,327.0,32,2008,3682451,3682451,3684460,JobState.COMPLETED,0.8824602313861468,0,0,0,162.13798751667125,162.13798751667105,10418338.525871228
jid_701795,59107.0,471.0,4,236,3684234,3684234,3684471,JobState.COMPLETED,1.0,0,0,0,176.53061224489787,176.53061224489795,166644.89795918358
jid_701527,1246.0000000000073,114.0,160,11353,3664750,3673320,3684674,JobState.COMPLETED,0.7955105467009728,0,0,0,151.49108735113583,151.49108735113953,275180530.3515912
jid_701809,41425.0,327.0,32,2002,3682781,3682781,3684784,JobState.COMPLETED,0.8797385989047031,0,0,0,161.80472639649446,161.80472639649426,10365857.99186502
jid_701810,60453.0,327.0,32,1998,3682807,3682807,3684806,JobState.COMPLETED,0.8856701521128632,0,0,0,162.53103903422766,162.53103903422814,10391584.51169238
jid_701818,60450.0,327.0,32,2006,3682806,3682806,3684813,JobState.COMPLETED,0.8833428640118927,0,0,0,162.24606498104845,162.24606498104808,10414899.403263463
jid_701821,60451.0,327.0,32,2005,3682807,3682807,3684813,JobState.COMPLETED,0.8842462245882596,0,0,0,162.35668056182817,162.35668056182772,10416804.624846896
jid_701819,60459.0,327.0,32,2005,3682808,3682808,3684814,JobState.COMPLETED,0.8682640996211163,0,0,0,160.39968566789233,160.3996856678918,10291243.832451971
jid_691224,62604.0,140.0,128,11514,3664392,3673320,3684835,JobState.COMPLETED,1.0,0,0,0,176.5306122449018,176.53061224489795,260169404.0816383
jid_701830,60450.0,327.0,32,1998,3682962,3682962,3684961,JobState.COMPLETED,0.8855814244849115,0,0,0,162.5201744267244,162.52017442672388,10390889.872147052
jid_701834,60443.0,327.0,32,2002,3682963,3682963,3684966,JobState.COMPLETED,0.8848082147865699,0,0,0,162.42549568815207,162.42549568815141,10405626.955765774
jid_701836,60451.0,327.0,32,2005,3682963,3682963,3684969,JobState.COMPLETED,0.8839292306569406,0,0,0,162.31786497840147,162.3178649784009,10414314.217014238
jid_701842,60456.0,327.0,32,2010,3682963,3682963,3684974,JobState.COMPLETED,0.8836162148590898,0,0,0,162.2795365133577,162.27953651335795,10437819.788539167
jid_701847,60459.0,327.0,32,2028,3682964,3682964,3684993,JobState.COMPLETED,0.876642353105214,0,0,0,161.4255942577809,161.4255942577813,10475875.364952948
jid_701867,60918.0,530.0,50,123,3685150,3685150,3685274,JobState.COMPLETED,1.0,0,0,0,176.53061224489795,176.53061224489795,1085663.2653061224
jid_701879,63508.0,615.0,1,15,3685839,3685839,3685855,JobState.COMPLETED,1.0,0,0,0,176.53061224489795,176.53061224489795,2647.9591836734694
jid_701887,41282.0,474.0,1024,38,3686262,3686262,3686301,JobState.COMPLETED,1.0,0,0,0,176.53061224489795,176.53061224489795,6869159.183673469
jid_701905,62948.0,591.0,384,1516,3685373,3685373,3686890,JobState.COMPLETED,1.0,0,0,0,176.53061224489798,176.53061224489795,102766236.73469388
jid_701911,36590.0,394.0,255,58,3687033,3687033,3687092,JobState.COMPLETED,1.0,0,0,0,176.53061224489798,176.53061224489795,2610887.755102041
jid_694194,62937.0,39.0,192,374,3686972,3686972,3687347,JobState.COMPLETED,1.0,0,0,0,176.5306122448978,176.53061224489795,12676310.204081621
jid_698504,36590.0,394.0,255,60,3687668,3687668,3687729,JobState.COMPLETED,1.0,0,0,0,176.53061224489798,176.53061224489795,2700918.367346939
jid_699158,63261.0,43.0,1,2350,3685468,3685468,3687819,JobState.COMPLETED,1.0,0,0,0,176.53061224489716,176.53061224489795,414846.9387755083
jid_700994,301.0,568.0,1,2334,3685626,3685626,3687961,JobState.COMPLETED,1.0,0,0,0,176.53061224489716,176.53061224489795,412022.44897959
jid_701037,62777.0,581.0,12,5,3688031,3688031,3688037,JobState.COMPLETED,1.0,0,0,0,176.53061224489795,176.53061224489795,10591.836734693878
jid_701124,60384.0,590.0,1,12,3688034,3688034,3688047,JobState.COMPLETED,1.0,0,0,0,176.53061224489795,176.53061224489795,2118.3673469387754
jid_701922,63506.0,556.0,24,13,3688075,3688075,3688089,JobState.COMPLETED,1.0,0,0,0,176.53061224489795,176.53061224489795,55077.55102040816
jid_701930,62802.0,360.0,640,33,3688374,3688374,3688408,JobState.COMPLETED,0.9981768966493991,0,0,0,176.30737509992642,176.30737509992642,3723611.762110446
jid_701955,60457.0,327.0,32,2003,3686993,3686993,3688997,JobState.COMPLETED,0.8840386527521034,0,0,0,162.33126360229926,162.33126360229838,10404784.671852974
jid_701959,1267.0,537.0,234,138,3688880,3688880,3689019,JobState.COMPLETED,1.0,0,0,0,176.53061224489804,176.53061224489798,5700526.530612247
jid_701960,63528.0,638.0,12,3,3689023,3689023,3689027,JobState.COMPLETED,1.0,0,0,0,176.53061224489795,176.53061224489795,6355.102040816326
jid_701962,63529.0,638.0,12,2,3689041,3689041,3689044,JobState.COMPLETED,1.0,0,0,0,176.53061224489795,176.53061224489795,4236.734693877551
jid_701963,1267.0,537.0,234,141,3688953,3688953,3689095,JobState.COMPLETED,1.0,0,0,0,176.53061224489804,176.53061224489798,5824451.020408167
jid_701972,60445.0,327.0,32,2006,3687096,3687096,3689103,JobState.COMPLETED,0.8656921565883662,0,0,0,160.0847538679629,160.0847538679632,10276160.520292275
jid_701969,36590.0,394.0,255,48,3689081,3689081,3689130,JobState.COMPLETED,1.0,0,0,0,176.53061224489795,176.53061224489795,2160734.693877551
jid_701973,63534.0,638.0,12,3,3689183,3689183,3689187,JobState.COMPLETED,1.0,0,0,0,176.53061224489795,176.53061224489795,6355.102040816326
jid_702000,207.0,512.0,160,768,3689274,3689274,3690043,JobState.COMPLETED,0.5222854819200663,0,0,0,118.03495696980394,118.03495696980403,14504135.512449509
jid_702003,207.0,512.0,160,764,3689317,3689317,3690082,JobState.COMPLETED,0.5223126210850731,0,0,0,118.03828013286598,118.0382801328661,14428999.363441538
jid_702006,1267.0,640.0,2,30,3690073,3690073,3690104,JobState.COMPLETED,1.0,0,0,0,176.53061224489795,176.53061224489795,10591.836734693878
jid_702012,63545.0,628.0,128,5381,3684885,3684885,3690267,JobState.COMPLETED,1.0,0,0,0,176.53061224489676,176.53061224489795,121588636.73469305
jid_702014,36590.0,394.0,255,47,3690320,3690320,3690368,JobState.COMPLETED,1.0,0,0,0,176.53061224489795,176.53061224489795,2115719.387755102
jid_702037,63506.0,556.0,24,13,3691038,3691038,3691052,JobState.COMPLETED,1.0,0,0,0,176.53061224489795,176.53061224489795,55077.55102040816
jid_702075,62773.0,608.0,5832,529,3691094,3691094,3691624,JobState.COMPLETED,1.0,0,0,0,176.53061224489798,176.53061224489795,544619534.6938777
jid_702079,301.0,549.0,399,2280,3689463,3689463,3691744,JobState.COMPLETED,1.0,0,0,0,176.53061224489838,176.53061224489798,160593428.57142895
jid_702089,985.0,593.0,4,3882,3688210,3688210,3692093,JobState.COMPLETED,1.0,0,0,0,176.53061224489687,176.53061224489795,2741167.3469387586
jid_702091,14997.0,393.0,15,92,3692075,3692075,3692168,JobState.COMPLETED,0.56618861805571,0,0,0,123.4108511904951,123.4108511904951,170306.97464288323
jid_702111,63486.0,475.0,32,8247,3683941,3683941,3692189,JobState.COMPLETED,1.0,0,0,0,176.53061224489812,176.53061224489795,46587134.69387759
jid_702138,60452.0,327.0,32,10,3692246,3692246,3692257,JobState.COMPLETED,0.5643333136549857,0,0,0,123.18367105979418,123.18367105979418,39418.77473913414
jid_702108,60461.0,327.0,32,12,3692245,3692245,3692258,JobState.COMPLETED,0.5657244062459719,0,0,0,123.35400892807817,123.35400892807817,47367.939428382015
jid_702097,60448.0,327.0,32,11,3692246,3692246,3692258,JobState.COMPLETED,0.5642985417891682,0,0,0,123.17941328030632,123.17941328030632,43359.15347466782
jid_702093,60450.0,327.0,32,11,3692246,3692246,3692258,JobState.COMPLETED,0.564557766258993,0,0,0,123.2111550521216,123.2111550521216,43370.3265783468
jid_702101,60447.0,327.0,32,12,3692247,3692247,3692260,JobState.COMPLETED,0.5656623707002935,0,0,0,123.34641273881145,123.34641273881145,47365.022491703596
jid_702099,60451.0,327.0,32,12,3692247,3692247,3692260,JobState.COMPLETED,0.5650593567482992,0,0,0,123.27257429571011,123.27257429571011,47336.668529552684
jid_702110,60444.0,327.0,32,14,3692246,3692246,3692261,JobState.COMPLETED,0.5572516327357161,0,0,0,122.31652645743463,122.31652645743463,54797.803852930716
jid_702113,41425.0,327.0,32,10,3692255,3692255,3692266,JobState.COMPLETED,0.5653878176030676,0,0,0,123.31279399221236,123.31279399221236,39460.09407750796
jid_702134,60443.0,327.0,32,13,3692282,3692282,3692296,JobState.COMPLETED,0.5646814429240552,0,0,0,123.22629913355779,123.22629913355779,51262.14043956004
jid_702130,60442.0,327.0,32,14,3692283,3692283,3692298,JobState.COMPLETED,0.5645762487125369,0,0,0,123.2134182096984,123.2134182096984,55199.61135794489
jid_702145,60456.0,327.0,32,8,3692482,3692482,3692491,JobState.COMPLETED,1.0,0,0,0,176.53061224489795,176.53061224489795,45191.836734693876
jid_702172,662.0,108.0,5462,2493,3690117,3690117,3692611,JobState.COMPLETED,1.0,0,0,0,176.53061224489767,176.53061224489795,2403776038.7755065
jid_702170,36786.0,191.0,8,29,3692588,3692588,3692618,JobState.COMPLETED,1.0,0,0,0,176.53061224489795,176.53061224489795,40955.102040816324
jid_702213,60458.0,327.0,32,8,3693127,3693127,3693136,JobState.COMPLETED,1.0,0,0,0,176.53061224489795,176.53061224489795,45191.836734693876
jid_702211,60456.0,327.0,32,9,3693127,3693127,3693137,JobState.COMPLETED,1.0,0,0,0,176.53061224489795,176.53061224489795,50840.81632653061
jid_702215,14997.0,393.0,15,62,3693118,3693118,3693181,JobState.COMPLETED,0.5656063827186338,0,0,0,123.33955706758785,123.33955706758782,114705.7880728567
jid_702223,63302.0,124.0,1,29,3693339,3693339,3693369,JobState.COMPLETED,1.0,0,0,0,176.53061224489795,176.53061224489795,5119.3877551020405
jid_702232,60384.0,590.0,1,16,3693624,3693624,3693641,JobState.COMPLETED,1.0,0,0,0,176.53061224489795,176.53061224489795,2824.4897959183672
jid_702235,63514.0,263.0,15,8514,3685247,3685247,3693762,JobState.COMPLETED,1.0,0,0,0,176.53061224489505,176.53061224489795,22544724.489795547
jid_702238,60384.0,590.0,1,14,3693890,3693890,3693905,JobState.COMPLETED,1.0,0,0,0,176.53061224489795,176.53061224489795,2471.4285714285716
jid_687386,1161.0,119.0,15,65555,3535688,3628800,3694356,JobState.COMPLETED,1.0,0,0,0,176.53061224492416,176.53061224489795,173586964.28574005
jid_702261,41425.0,327.0,32,1992,3693090,3693090,3695083,JobState.COMPLETED,0.8715450501363018,0,0,0,160.80143471056732,160.80143471056758,10250126.654190402
jid_702262,41425.0,327.0,32,1993,3693095,3693095,3695089,JobState.COMPLETED,0.8731939993653648,0,0,0,161.0033468610645,161.00334686106507,10268149.449411249
jid_702263,63302.0,124.0,1,29,3695070,3695070,3695100,JobState.COMPLETED,1.0,0,0,0,176.53061224489795,176.53061224489795,5119.3877551020405
jid_702317,60460.0,327.0,32,1998,3693126,3693126,3695125,JobState.COMPLETED,0.8879294277114059,0,0,0,162.80768502588688,162.80768502588643,10409272.149815103
jid_702286,60452.0,327.0,32,1998,3693194,3693194,3695193,JobState.COMPLETED,0.8876537410459853,0,0,0,162.7739274750193,162.7739274750186,10407113.827042833
jid_702289,60446.0,327.0,32,1997,3693196,3693196,3695194,JobState.COMPLETED,0.8724091813140487,0,0,0,160.9072466915166,160.90724669151615,10282616.692574678
jid_702291,60451.0,327.0,32,2000,3693195,3693195,3695196,JobState.COMPLETED,0.8870384213224731,0,0,0,162.6985822027525,162.69858220275182,10412709.26097616
jid_702299,60458.0,327.0,32,1991,3693234,3693234,3695226,JobState.COMPLETED,0.8706548782732986,0,0,0,160.69243407428098,160.69243407428146,10238036.35974059
jid_702301,60454.0,327.0,32,1993,3693235,3693235,3695229,JobState.COMPLETED,0.8749561959785027,0,0,0,161.21912603818416,161.219126038184,10281910.982211232
jid_702308,60443.0,327.0,32,1996,3693234,3693234,3695231,JobState.COMPLETED,0.8733004024236879,0,0,0,161.01637580698275,161.01637580698218,10284437.955543602
jid_702315,60450.0,327.0,32,2006,3693233,3693233,3695240,JobState.COMPLETED,0.8696604443732528,0,0,0,160.57066665794974,160.57066665794935,10307352.23410711
jid_702319,63302.0,124.0,1,37,3695355,3695355,3695393,JobState.COMPLETED,1.0,0,0,0,176.53061224489795,176.53061224489795,6531.632653061224
jid_702324,55938.0,148.0,512,605,3695007,3695007,3695613,JobState.COMPLETED,1.0,0,0,0,176.53061224489812,176.53061224489795,54682122.448979646
jid_697072,628.0,191.0,15,23398,3664164,3673320,3696719,JobState.COMPLETED,1.0,0,0,0,176.53061224489286,176.53061224489795,61956948.97959005
jid_683763,1299.0,119.0,32,68173,3628355,3628800,3696974,JobState.COMPLETED,1.0,0,0,0,176.5306122448916,176.53061224489795,385107885.71427184
jid_702350,63482.0,634.0,15,18,3697027,3697027,3697046,JobState.COMPLETED,0.5579752049341428,0,0,0,122.40512713479299,122.40512713479299,33049.38432639411
jid_687386,1161.0,119.0,15,68451,3535687,3628800,3697252,JobState.COMPLETED,1.0,0,0,0,176.53061224492544,176.53061224489795,181255454.08166087
jid_702360,60452.0,327.0,32,1993,3695282,3695282,3697276,JobState.COMPLETED,0.8886151593663577,0,0,0,162.8916521673091,162.8916521673091,10388578.008622305
jid_702365,14997.0,393.0,408,166,3697136,3697136,3697303,JobState.COMPLETED,0.5390747404187288,0,0,0,120.09078454106881,120.09078454106883,8133508.655397508
jid_702369,60454.0,327.0,32,1998,3695397,3695397,3697396,JobState.COMPLETED,0.8875013903902476,0,0,0,162.75527229268397,162.75527229268337,10405921.089305041
jid_702389,55975.0,462.0,40,8,3698114,3698114,3698123,JobState.COMPLETED,1.0,0,0,0,176.53061224489795,176.53061224489795,56489.795918367345
jid_702395,63561.0,413.0,2,63,3698448,3698448,3698512,JobState.COMPLETED,1.0,0,0,0,176.53061224489798,176.53061224489795,22242.857142857145
jid_702400,63562.0,413.0,1,76,3698897,3698897,3698974,JobState.COMPLETED,1.0,0,0,0,176.53061224489795,176.53061224489795,13416.326530612245
jid_702407,63564.0,95.0,6,2,3699463,3699463,3699466,JobState.COMPLETED,1.0,0,0,0,176.53061224489795,176.53061224489795,2118.3673469387754
jid_686594,60348.0,197.0,64,71054,3227916,3628800,3699855,JobState.COMPLETED,1.0,0,0,0,176.53061224489477,176.53061224489795,802765191.8367202
jid_702428,36151.0,65.0,499,408,3701693,3701693,3702102,JobState.COMPLETED,1.0,0,0,0,176.53061224489787,176.53061224489795,35940220.40816325
jid_702450,61545.0,557.0,8,234,3702543,3702543,3702778,JobState.COMPLETED,1.0,0,0,0,176.53061224489787,176.53061224489795,330465.3061224488
jid_702451,61545.0,557.0,8,242,3702543,3702543,3702786,JobState.COMPLETED,1.0,0,0,0,176.5306122448979,176.53061224489795,341763.2653061223
jid_702460,61545.0,557.0,8,261,3702619,3702619,3702881,JobState.COMPLETED,1.0,0,0,0,176.53061224489792,176.53061224489795,368595.91836734687
jid_702456,1469.0,159.0,30,1227,3701661,3701661,3702889,JobState.COMPLETED,1.0,0,0,0,176.53061224489812,176.53061224489795,6498091.8367347
jid_702456,1469.0,159.0,30,1237,3701661,3701661,3702899,JobState.COMPLETED,1.0,0,0,0,176.53061224489815,176.53061224489795,6551051.02040817
jid_702463,61545.0,557.0,8,283,3702619,3702619,3702903,JobState.COMPLETED,1.0,0,0,0,176.53061224489795,176.53061224489795,399665.30612244894
jid_702464,61545.0,557.0,8,285,3702619,3702619,3702905,JobState.COMPLETED,1.0,0,0,0,176.53061224489795,176.53061224489795,402489.79591836734
jid_702456,1469.0,159.0,30,1259,3701661,3701661,3702921,JobState.COMPLETED,1.0,0,0,0,176.53061224489815,176.53061224489795,6667561.224489803
jid_702456,1469.0,159.0,30,1314,3701661,3701661,3702976,JobState.COMPLETED,1.0,0,0,0,176.5306122448982,176.53061224489795,6958836.734693887
jid_702456,1469.0,159.0,30,1438,3701661,3701661,3703100,JobState.COMPLETED,1.0,0,0,0,176.5306122448983,176.53061224489795,7615530.612244912
jid_702456,1469.0,159.0,30,1472,3701661,3701661,3703134,JobState.COMPLETED,1.0,0,0,0,176.53061224489832,176.53061224489795,7795591.836734709
jid_702456,1469.0,159.0,30,1495,3701661,3701661,3703157,JobState.COMPLETED,1.0,0,0,0,176.53061224489835,176.53061224489795,7917397.95918369
jid_702456,1469.0,159.0,30,1532,3701661,3701661,3703194,JobState.COMPLETED,1.0,0,0,0,176.53061224489838,176.53061224489795,8113346.938775529
jid_702456,1469.0,159.0,30,1532,3701661,3701661,3703194,JobState.COMPLETED,1.0,0,0,0,176.53061224489838,176.53061224489795,8113346.938775529
jid_702456,1469.0,159.0,30,1554,3701661,3701661,3703216,JobState.COMPLETED,1.0,0,0,0,176.53061224489838,176.53061224489795,8229857.142857162
jid_702456,1469.0,159.0,30,1561,3701661,3701661,3703223,JobState.COMPLETED,1.0,0,0,0,176.53061224489838,176.53061224489795,8266928.571428591
jid_702456,1469.0,159.0,30,1563,3701661,3701661,3703225,JobState.COMPLETED,1.0,0,0,0,176.53061224489838,176.53061224489795,8277520.408163284
jid_702456,1469.0,159.0,30,1563,3701661,3701661,3703225,JobState.COMPLETED,1.0,0,0,0,176.53061224489838,176.53061224489795,8277520.408163284
jid_702456,1469.0,159.0,30,1565,3701661,3701661,3703227,JobState.COMPLETED,1.0,0,0,0,176.53061224489838,176.53061224489795,8288112.244897979
jid_696738,397.0,119.0,32,74432,3628327,3628800,3703233,JobState.COMPLETED,1.0,0,0,0,176.53061224489815,176.53061224489795,420464848.9795923
jid_702456,1469.0,159.0,30,1583,3701661,3701661,3703245,JobState.COMPLETED,1.0,0,0,0,176.5306122448984,176.53061224489795,8383438.775510225
jid_702456,1469.0,159.0,30,1591,3701661,3701661,3703253,JobState.COMPLETED,1.0,0,0,0,176.5306122448984,176.53061224489795,8425806.122449001
jid_702456,1469.0,159.0,30,1596,3701661,3701661,3703258,JobState.COMPLETED,1.0,0,0,0,176.5306122448984,176.53061224489795,8452285.714285735
jid_702468,36151.0,65.0,499,395,3702931,3702931,3703327,JobState.COMPLETED,1.0,0,0,0,176.53061224489787,176.53061224489795,34795066.3265306
jid_702456,1469.0,159.0,30,1737,3701661,3701661,3703399,JobState.COMPLETED,1.0,0,0,0,176.5306122448985,176.53061224489795,9199010.20408166
jid_702456,1469.0,159.0,30,1773,3701661,3701661,3703435,JobState.COMPLETED,1.0,0,0,0,176.5306122448985,176.53061224489795,9389663.26530615
jid_702469,154.0,48.0,1,4,3703557,3703557,3703562,JobState.COMPLETED,1.0,0,0,0,176.53061224489795,176.53061224489795,706.1224489795918
jid_702436,62565.0,557.0,15,1680,3702383,3702383,3704064,JobState.COMPLETED,1.0,0,0,0,176.53061224489846,176.53061224489795,4448571.428571441
jid_702442,62565.0,557.0,15,1733,3702382,3702382,3704116,JobState.COMPLETED,1.0,0,0,0,176.5306122448985,176.53061224489795,4588913.265306137
jid_702473,154.0,48.0,1,37,3704131,3704131,3704169,JobState.COMPLETED,1.0,0,0,0,176.53061224489795,176.53061224489795,6531.632653061224
jid_702436,62501.0,557.0,15,1909,3702383,3702383,3704293,JobState.COMPLETED,1.0,0,0,0,176.53061224489858,176.53061224489795,5054954.081632671
jid_702456,1469.0,159.0,30,2732,3701661,3701661,3704394,JobState.COMPLETED,1.0,0,0,0,176.5306122448988,176.53061224489795,14468448.979591906
jid_702441,62565.0,557.0,15,2050,3702382,3702382,3704433,JobState.COMPLETED,1.0,0,0,0,176.53061224489863,176.53061224489795,5428316.3265306335
jid_702439,62501.0,557.0,15,2396,3702382,3702382,3704779,JobState.COMPLETED,1.0,0,0,0,176.53061224489875,176.53061224489795,6344510.204081661
jid_702434,62501.0,557.0,15,2490,3702383,3702383,3704874,JobState.COMPLETED,1.0,0,0,0,176.53061224489878,176.53061224489795,6593418.367346969
jid_702483,17098.0,414.0,64,110,3704805,3704805,3704916,JobState.COMPLETED,1.0,0,0,0,176.53061224489792,176.53061224489795,1242775.5102040814
jid_702492,36151.0,65.0,499,37,3705946,3705946,3705984,JobState.COMPLETED,1.0,0,0,0,176.53061224489795,176.53061224489795,3259284.693877551
jid_702462,62565.0,557.0,4,3591,3702620,3702620,3706212,JobState.COMPLETED,1.0,0,0,0,176.53061224489693,176.53061224489795,2535685.7142856997
jid_702452,62501.0,557.0,4,3703,3702545,3702545,3706249,JobState.COMPLETED,1.0,0,0,0,176.5306122448969,176.53061224489795,2614771.428571413
jid_702451,62565.0,557.0,4,3731,3702545,3702545,3706277,JobState.COMPLETED,1.0,0,0,0,176.5306122448969,176.53061224489795,2634542.8571428414
jid_702450,62565.0,557.0,4,3736,3702545,3702545,3706282,JobState.COMPLETED,1.0,0,0,0,176.5306122448969,176.53061224489795,2638073.4693877394
jid_702456,1469.0,159.0,30,4667,3701661,3701661,3706329,JobState.COMPLETED,1.0,0,0,0,176.53061224489787,176.53061224489795,24716051.02040815
jid_702465,62501.0,557.0,4,3992,3702621,3702621,3706614,JobState.COMPLETED,1.0,0,0,0,176.53061224489687,176.53061224489795,2818840.8163265134
jid_702464,62501.0,557.0,4,4109,3702621,3702621,3706731,JobState.COMPLETED,1.0,0,0,0,176.53061224489687,176.53061224489795,2901457.142857125
jid_702509,14997.0,393.0,4008,320,3707019,3707019,3707340,JobState.COMPLETED,0.5487731193128683,0,0,0,121.27834114035127,121.27834114035123,155546749.21296892
jid_702511,62867.0,623.0,15,16196,3691327,3691327,3707524,JobState.COMPLETED,1.0,0,0,0,176.5306122448934,176.53061224489795,42886346.93877441
jid_702456,1469.0,159.0,30,6331,3701661,3701661,3707993,JobState.COMPLETED,1.0,0,0,0,176.53061224489622,176.53061224489795,33528459.183673143
jid_702531,14997.0,393.0,1608,208,3708395,3708395,3708604,JobState.COMPLETED,0.5461300689979752,0,0,0,120.95470232628273,120.95470232628269,40454993.55885783
jid_702540,62501.0,557.0,4,3657,3705505,3705505,3709163,JobState.COMPLETED,1.0,0,0,0,176.5306122448969,176.53061224489795,2582289.795918352
jid_702548,14997.0,393.0,808,179,3709892,3709892,3710072,JobState.COMPLETED,0.5430771022279883,0,0,0,120.58086966056995,120.58086966057,17439852.34074755
jid_702524,63485.0,7.0,479,11481,3698782,3698782,3710264,JobState.COMPLETED,0.5915428873110036,0,0,0,126.51545558910277,126.51545558910247,695758969.9512562
jid_702551,63525.0,591.0,384,18798,3691487,3691487,3710286,JobState.COMPLETED,1.0,0,0,0,176.53061224489366,176.53061224489795,1274274220.408132
jid_702553,1906.0,194.0,216,23264,3687102,3687102,3710367,JobState.COMPLETED,1.0,0,0,0,176.53061224490136,176.53061224489795,887070563.2653232
jid_702553,17217.999999999996,194.0,216,23615,3687102,3687102,3710718,JobState.COMPLETED,1.0,0,0,0,176.53061224490173,176.53061224489795,900454408.1632845
jid_702554,62923.0,557.0,2,46,3710703,3710703,3710750,JobState.COMPLETED,1.0,0,0,0,176.53061224489795,176.53061224489795,16240.816326530612
jid_684127,34344.0,60.0,32,31497,3679610,3679610,3711108,JobState.COMPLETED,0.6427067762143357,0,0,0,132.78042157727324,132.7804215772656,133829918.02942002
jid_702553,17220.0,194.0,216,24096,3687103,3687103,3711200,JobState.COMPLETED,1.0,0,0,0,176.5306122449022,176.53061224489795,918795232.6530832
jid_702574,63514.0,263.0,15,9405,3702279,3702279,3711685,JobState.COMPLETED,1.0,0,0,0,176.5306122448947,176.53061224489795,24904056.122448523
jid_702577,63579.0,628.0,128,3630,3708327,3708327,3711958,JobState.COMPLETED,1.0,0,0,0,176.5306122448969,176.53061224489795,82023183.6734689
jid_702584,60384.0,590.0,25,25,3712335,3712335,3712361,JobState.COMPLETED,1.0,0,0,0,176.53061224489795,176.53061224489795,110331.63265306123
jid_702456,1469.0,159.0,30,11232,3701661,3701661,3712894,JobState.COMPLETED,1.0,0,0,0,176.53061224489423,176.53061224489795,59483755.10203956
jid_702599,14997.0,393.0,808,162,3713067,3713067,3713230,JobState.COMPLETED,0.5391756815369168,0,0,0,120.10314467798982,120.10314467798979,15721021.225770155
jid_702600,63302.0,124.0,1,29,3713324,3713324,3713354,JobState.COMPLETED,1.0,0,0,0,176.53061224489795,176.53061224489795,5119.3877551020405
jid_702603,63549.0,26.0,399,2659,3710805,3710805,3713465,JobState.COMPLETED,1.0,0,0,0,176.53061224489792,176.53061224489798,187288564.28571424
jid_684127,35974.0,60.0,32,34103,3679611,3679611,3713715,JobState.COMPLETED,0.634618527138719,0,0,0,131.79002373128364,131.7900237312717,143821925.7378549
jid_702607,108.0,174.0,48,20164,3693674,3693674,3713839,JobState.COMPLETED,1.0,0,0,0,176.53061224489355,176.53061224489795,170859036.73468962
jid_682556,63665.0,60.0,32,34721,3679497,3679497,3714219,JobState.COMPLETED,0.6354273109040078,0,0,0,131.8890584780469,131.8890584780418,146538239.98132053
jid_702613,301.0,549.0,399,22132,3692157,3692157,3714290,JobState.COMPLETED,1.0,0,0,0,176.53061224489656,176.53061224489798,1558883228.5714161
jid_702614,63306.0,360.0,640,3415,3710902,3710902,3714318,JobState.COMPLETED,0.5173133660913324,0,0,0,117.42612646016246,117.42612646016316,256646541.9913311
jid_696738,397.0,119.0,32,85873,3628310,3628800,3714674,JobState.COMPLETED,1.0,0,0,0,176.53061224490762,176.53061224489795,485094824.48982245
jid_684127,35625.0,60.0,32,35154,3679610,3679610,3714765,JobState.COMPLETED,0.6294253520394408,0,0,0,131.1541247395217,131.15412473952338,147538947.23498067
jid_702618,57868.0,593.0,12,362,3714709,3714709,3715072,JobState.COMPLETED,1.0,0,0,0,176.5306122448978,176.53061224489795,766848.979591836
jid_702456,1469.0,159.0,30,15294,3701661,3701661,3716956,JobState.COMPLETED,1.0,0,0,0,176.53061224489355,176.53061224489795,80995775.51020205
jid_702651,108.0,161.0,32,733,3718528,3718528,3719262,JobState.COMPLETED,1.0,0,0,0,176.53061224489815,176.53061224489795,4140702.040816331
jid_702456,1469.0,159.0,30,18089,3701661,3701661,3719751,JobState.COMPLETED,1.0,0,0,0,176.53061224489323,176.53061224489795,95797867.34693621
jid_702656,40618.0,184.0,8,4,3719862,3719862,3719867,JobState.COMPLETED,1.0,0,0,0,176.53061224489795,176.53061224489795,5648.9795918367345
jid_702660,35715.0,194.0,216,23215,3696743,3696743,3719959,JobState.COMPLETED,1.0,0,0,0,176.53061224490133,176.53061224489795,885202163.265323
jid_702664,40618.0,184.0,8,493,3720459,3720459,3720953,JobState.COMPLETED,1.0,0,0,0,176.53061224489807,176.53061224489795,696236.734693878
jid_702668,111.0,65.0,499,5325,3716029,3716029,3721355,JobState.COMPLETED,1.0,0,0,0,176.53061224489912,176.53061224489795,469072729.59183985
jid_702680,63589.0,39.0,96,71,3723116,3723116,3723188,JobState.COMPLETED,1.0,0,0,0,176.53061224489795,176.53061224489795,1203232.6530612246
jid_702685,63589.0,39.0,96,20,3724123,3724123,3724144,JobState.COMPLETED,1.0,0,0,0,176.53061224489795,176.53061224489795,338938.7755102041
jid_702687,63340.0,39.0,96,60,3724536,3724536,3724597,JobState.COMPLETED,1.0,0,0,0,176.53061224489795,176.53061224489795,1016816.3265306123
jid_702660,36073.0,194.0,216,28520,3696743,3696743,3725264,JobState.COMPLETED,1.0,0,0,0,176.53061224490594,176.53061224489795,1087485061.224539
jid_702723,63589.0,39.0,96,5298,3725457,3725457,3730756,JobState.COMPLETED,1.0,0,0,0,176.53061224489883,176.53061224489795,89784881.6326535
jid_702727,60384.0,590.0,25,17,3731835,3731835,3731853,JobState.COMPLETED,1.0,0,0,0,176.53061224489795,176.53061224489795,75025.51020408163
jid_702728,41282.0,474.0,1024,11204,3722763,3722763,3733968,JobState.COMPLETED,1.0,0,0,0,176.53061224490153,176.53061224489795,2025317355.1020818
jid_702730,60384.0,590.0,25,17,3735725,3735725,3735743,JobState.COMPLETED,1.0,0,0,0,176.53061224489795,176.53061224489795,75025.51020408163
jid_702731,60384.0,590.0,25,18,3735735,3735735,3735754,JobState.COMPLETED,1.0,0,0,0,176.53061224489795,176.53061224489795,79438.77551020407
jid_702733,1807.0,222.0,8640,35044,3700775,3700775,3735820,JobState.COMPLETED,1.0,0,0,0,176.530612244882,176.53061224489795,53449967020.403336
jid_702738,36786.0,191.0,8,43365,3693820,3693820,3737186,JobState.COMPLETED,1.0,0,0,0,176.53061224489022,176.53061224489795,61241999.99999732
jid_702740,36786.0,191.0,8,43494,3693819,3693819,3737314,JobState.COMPLETED,1.0,0,0,0,176.5306122448901,176.53061224489795,61424179.591834
jid_702743,36786.0,191.0,8,43552,3693820,3693820,3737373,JobState.COMPLETED,1.0,0,0,0,176.53061224489005,176.53061224489795,61506089.79591561
jid_702750,36786.0,191.0,8,43733,3693755,3693755,3737489,JobState.COMPLETED,1.0,0,0,0,176.53061224488988,176.53061224489795,61761706.12244615
jid_702755,36786.0,191.0,8,44072,3693754,3693754,3737827,JobState.COMPLETED,1.0,0,0,0,176.5306122448896,176.53061224489795,62240457.14285419
jid_702767,60384.0,590.0,25,17,3739635,3739635,3739653,JobState.COMPLETED,1.0,0,0,0,176.53061224489795,176.53061224489795,75025.51020408163
jid_702761,1038.0,211.0,24,69297,3669621,3673320,3742618,JobState.COMPLETED,0.674113027121452,0,0,0,136.6260849536554,136.6260849536472,227226667.416803
jid_702783,51.0,39.0,48,8,3743787,3743787,3743796,JobState.COMPLETED,1.0,0,0,0,176.53061224489795,176.53061224489795,67787.75510204081
jid_702789,51.0,39.0,48,10,3743997,3743997,3744008,JobState.COMPLETED,1.0,0,0,0,176.53061224489795,176.53061224489795,84734.69387755102
jid_702792,51.0,39.0,48,8,3744039,3744039,3744048,JobState.COMPLETED,1.0,0,0,0,176.53061224489795,176.53061224489795,67787.75510204081
jid_702810,34.0,179.0,6,2,3746715,3746715,3746718,JobState.COMPLETED,1.0,0,0,0,176.53061224489795,176.53061224489795,2118.3673469387754
jid_702819,51.0,39.0,48,3354,3744131,3744131,3747486,JobState.COMPLETED,1.0,0,0,0,176.53061224489844,176.53061224489795,28420016.326530688
jid_702826,51.0,39.0,48,3410,3744118,3744118,3747529,JobState.COMPLETED,1.0,0,0,0,176.5306122448985,176.53061224489795,28894530.612244986
jid_702828,59264.0,541.0,128,1024,3746711,3746711,3747736,JobState.COMPLETED,1.0,0,0,0,176.53061224489798,176.53061224489795,23138220.408163268
jid_702835,63578.0,46.0,255,1419,3746897,3746897,3748317,JobState.COMPLETED,1.0,0,0,0,176.530612244898,176.53061224489795,63876719.38775512
jid_702834,1469.0,159.0,30,1523,3747016,3747016,3748540,JobState.COMPLETED,1.0,0,0,0,176.53061224489838,176.53061224489795,8065683.673469407
jid_702834,1469.0,159.0,30,1605,3747016,3747016,3748622,JobState.COMPLETED,1.0,0,0,0,176.5306122448984,176.53061224489795,8499948.979591858
jid_702861,63606.0,29.0,3,103,3749285,3749285,3749389,JobState.COMPLETED,1.0,0,0,0,176.53061224489795,176.53061224489795,54547.95918367347
jid_702877,9.000000000007276,8.0,648,44,3750828,3750828,3750873,JobState.COMPLETED,1.0,0,0,0,176.53061224489795,176.53061224489795,5033240.816326531
jid_702834,1469.0,159.0,30,3892,3747016,3747016,3750909,JobState.COMPLETED,1.0,0,0,0,176.530612244899,176.53061224489795,20611714.285714407
jid_702899,207.0,376.0,160,403,3751715,3751715,3752119,JobState.COMPLETED,0.5241880933523811,0,0,0,118.26792979825089,118.26792979825078,7625916.113391217
jid_702905,36590.0,394.0,255,50,3752126,3752126,3752177,JobState.COMPLETED,1.0,0,0,0,176.53061224489798,176.53061224489795,2250765.306122449
jid_702913,55989.0,219.0,108,38294,3714183,3714183,3752478,JobState.COMPLETED,1.0,0,0,0,176.53061224491105,176.53061224489795,730086832.6531154
jid_702917,319.0,607.0,12,0,3752553,3752553,3752553,JobState.COMPLETED,1.0,0,0,0,176.53061224489795,176.53061224489795,0.0
jid_702923,41191.0,471.0,64,44,3752682,3752682,3752727,JobState.COMPLETED,1.0,0,0,0,176.53061224489795,176.53061224489795,497110.20408163266
jid_702927,63615.0,642.0,12,3,3752815,3752815,3752819,JobState.COMPLETED,1.0,0,0,0,176.53061224489795,176.53061224489795,6355.102040816326
jid_702936,62762.0,147.0,1,101,3753157,3753157,3753259,JobState.COMPLETED,0.5528937579313117,0,0,0,121.78290913444631,121.78290913444633,12300.073822579077
jid_702947,59107.0,471.0,4,384,3753635,3753635,3754020,JobState.COMPLETED,1.0,0,0,0,176.53061224489804,176.53061224489795,271151.0204081634
jid_702950,63619.0,637.0,12,0,3754292,3754292,3754293,JobState.COMPLETED,1.0,0,0,0,176.53061224489795,176.53061224489795,0.0
jid_702958,55875.0,110.0,24,0,3754631,3754631,3754632,JobState.COMPLETED,1.0,0,0,0,176.53061224489795,176.53061224489795,0.0
jid_702968,41294.0,476.0,512,617,3754416,3754416,3755034,JobState.COMPLETED,0.56799186755781,0,0,0,123.63165725197656,123.63165725197673,39055735.0525284
jid_702972,36590.0,394.0,255,43,3755224,3755224,3755268,JobState.COMPLETED,1.0,0,0,0,176.53061224489795,176.53061224489795,1935658.163265306
jid_702979,63482.0,634.0,15,429,3754997,3754997,3755427,JobState.COMPLETED,0.6104685706111722,0,0,0,128.8328861972864,128.8328861972864,829039.622679538
jid_702991,301.0,549.0,385,2812,3753255,3753255,3756068,JobState.COMPLETED,1.0,0,0,0,176.5306122448981,176.53061224489795,191115571.42857158
jid_702910,1038.0,211.0,24,82892,3669397,3673320,3756213,JobState.COMPLETED,0.6681310350373458,0,0,0,135.89359612701082,135.89359612702194,270347807.28384435
jid_703007,38222.0,526.0,1,694,3755549,3755549,3756244,JobState.COMPLETED,1.0,0,0,0,176.53061224489815,176.53061224489795,122512.24489795932
jid_703011,41294.0,476.0,512,721,3755986,3755986,3756708,JobState.COMPLETED,0.5977222722528714,0,0,0,127.27211496973922,127.27211496973938,46982755.78530917
jid_703013,41294.0,476.0,512,707,3756012,3756012,3756720,JobState.COMPLETED,0.5761879339874579,0,0,0,124.63525722295411,124.63525722295404,45115968.95059382
jid_703014,63623.0,331.0,22,6,3756760,3756760,3756767,JobState.COMPLETED,1.0,0,0,0,176.53061224489795,176.53061224489795,23302.04081632653
jid_703018,63580.0,184.0,8,788,3756245,3756245,3757034,JobState.COMPLETED,1.0,0,0,0,176.53061224489815,176.53061224489795,1112848.9795918379
jid_703019,63623.0,331.0,11,5,3757102,3757102,3757108,JobState.COMPLETED,1.0,0,0,0,176.53061224489795,176.53061224489795,9709.183673469388
jid_703028,63475.0,637.0,12,78816,3678742,3678742,3757559,JobState.COMPLETED,1.0,0,0,0,176.53061224489213,176.53061224489795,166961240.81632102
jid_703049,40295.0,620.0,253,104,3758004,3758004,3758109,JobState.COMPLETED,1.0,0,0,0,176.53061224489795,176.53061224489795,4644873.469387755
jid_703050,17.0,171.0,1,7,3758144,3758144,3758152,JobState.COMPLETED,1.0,0,0,0,176.53061224489795,176.53061224489795,1235.7142857142858
jid_703054,63618.0,263.0,15,614,3757667,3757667,3758282,JobState.COMPLETED,1.0,0,0,0,176.53061224489804,176.53061224489795,1625846.938775511
jid_703055,301.0,549.0,385,4738,3753549,3753549,3758288,JobState.COMPLETED,1.0,0,0,0,176.53061224489971,176.53061224489795,322014785.71428895
jid_703073,60497.0,158.0,10,206,3758950,3758950,3759157,JobState.COMPLETED,0.5298682942335792,0,0,0,118.96346460003008,118.96346460003011,245064.73707606198
jid_702761,1038.0,211.0,24,86054,3669709,3673320,3759375,JobState.COMPLETED,0.6247486279407304,0,0,0,130.58146464579949,130.58146464580372,269689376.6071111
jid_703082,36590.0,394.0,255,1551,3758106,3758106,3759658,JobState.COMPLETED,1.0,0,0,0,176.5306122448981,176.53061224489795,69818739.79591842
jid_703086,10019.0,278.0,48,875,3758922,3758922,3759798,JobState.COMPLETED,0.7119154479406826,0,0,0,141.25495280906298,141.25495280906318,5932708.017980645
jid_703096,63506.0,556.0,24,37,3760067,3760067,3760105,JobState.COMPLETED,1.0,0,0,0,176.53061224489795,176.53061224489795,156759.18367346938
jid_703103,63625.0,263.0,15,2472,3757847,3757847,3760320,JobState.COMPLETED,1.0,0,0,0,176.53061224489875,176.53061224489795,6545755.102040846
jid_704172,63316.0,432.0,8,30,3761591,3761591,3761622,JobState.COMPLETED,1.0,0,0,0,176.53061224489795,176.53061224489795,42367.34693877551
jid_703140,41282.0,474.0,1024,40686,3721679,3721679,3762366,JobState.COMPLETED,1.0,0,0,0,176.53061224489267,176.53061224489795,7354700277.5508
jid_703174,173.0,23.0,1,34,3762929,3762929,3762964,JobState.COMPLETED,1.0,0,0,0,176.53061224489795,176.53061224489795,6002.04081632653
jid_703181,59135.0,278.0,1,3140,3760002,3760002,3763143,JobState.COMPLETED,1.0,0,0,0,176.530612244897,176.53061224489795,554306.1224489765
jid_703182,38194.0,530.0,1,34,3763273,3763273,3763308,JobState.COMPLETED,1.0,0,0,0,176.53061224489795,176.53061224489795,6002.04081632653
jid_703186,60384.0,590.0,1,16,3763495,3763495,3763512,JobState.COMPLETED,1.0,0,0,0,176.53061224489795,176.53061224489795,2824.4897959183672
jid_703192,63523.0,590.0,50,7374,3756282,3756282,3763657,JobState.COMPLETED,1.0,0,0,0,176.53061224489923,176.53061224489795,65086836.73469435
jid_703194,41191.0,471.0,64,39,3763715,3763715,3763755,JobState.COMPLETED,1.0,0,0,0,176.53061224489795,176.53061224489795,440620.40816326527
jid_703199,2.0,581.0,12,0,3763875,3763875,3763876,JobState.COMPLETED,1.0,0,0,0,176.53061224489795,176.53061224489795,0.0
jid_703201,62923.0,557.0,4,133,3763780,3763780,3763914,JobState.COMPLETED,1.0,0,0,0,176.5306122448979,176.53061224489795,93914.28571428568
jid_703207,10019.0,278.0,48,1056,3762927,3762927,3763984,JobState.COMPLETED,0.7116193274378788,0,0,0,141.21869315565883,141.21869315565863,7158093.118674034
jid_703216,10019.0,278.0,48,1118,3762927,3762927,3764046,JobState.COMPLETED,0.7098332861652356,0,0,0,140.99999422431492,140.99999422431458,7566623.690053635
jid_703227,40596.0,178.0,128,9,3764207,3764207,3764217,JobState.COMPLETED,1.0,0,0,0,176.53061224489795,176.53061224489795,203363.26530612243
jid_703235,59135.0,278.0,1,4386,3759945,3759945,3764332,JobState.COMPLETED,1.0,0,0,0,176.53061224489684,176.53061224489795,774263.2653061176
jid_703243,63302.0,124.0,1,28,3764487,3764487,3764516,JobState.COMPLETED,1.0,0,0,0,176.53061224489795,176.53061224489795,4942.857142857143
jid_703248,59107.0,471.0,4,387,3764296,3764296,3764684,JobState.COMPLETED,1.0,0,0,0,176.53061224489804,176.53061224489795,273269.3877551022
jid_703250,59107.0,471.0,4,386,3764345,3764345,3764732,JobState.COMPLETED,1.0,0,0,0,176.53061224489804,176.53061224489795,272563.26530612254
jid_703251,16777.0,341.0,255,28,3764755,3764755,3764784,JobState.COMPLETED,1.0,0,0,0,176.53061224489792,176.53061224489795,1260428.5714285714
jid_703257,63605.0,29.0,3,2622,3762230,3762230,3764853,JobState.COMPLETED,1.0,0,0,0,176.53061224489764,176.53061224489795,1388589.7959183648
jid_703279,16777.0,341.0,255,1066,3764595,3764595,3765662,JobState.COMPLETED,1.0,0,0,0,176.53061224489772,176.53061224489795,47986316.32653055
jid_703283,62923.0,557.0,4,314,3765460,3765460,3765775,JobState.COMPLETED,1.0,0,0,0,176.53061224489798,176.53061224489795,221722.44897959186
jid_703284,62923.0,557.0,4,315,3765460,3765460,3765776,JobState.COMPLETED,1.0,0,0,0,176.53061224489798,176.53061224489795,222428.57142857145
jid_703289,41294.0,476.0,512,195,3765713,3765713,3765909,JobState.COMPLETED,0.5683309004891031,0,0,0,123.67317148846159,123.6731714884616,12347529.441408005
jid_703297,60444.0,327.0,32,2001,3764088,3764088,3766090,JobState.COMPLETED,0.8834393185317136,0,0,0,162.25787573857747,162.25787573857716,10389696.299292592
jid_703301,60448.0,327.0,32,2001,3764089,3764089,3766091,JobState.COMPLETED,0.8844064813670063,0,0,0,162.3763038408579,162.37630384085793,10397279.487537812
jid_703322,60460.0,327.0,32,1995,3764195,3764195,3766191,JobState.COMPLETED,0.8704917502617244,0,0,0,160.67245921572177,160.67245921572137,10257329.796331678
jid_703321,60450.0,327.0,32,1995,3764195,3764195,3766191,JobState.COMPLETED,0.8686484536280286,0,0,0,160.4467494238408,160.44674942384023,10242920.483217997
jid_703329,60446.0,327.0,32,2003,3764197,3764197,3766201,JobState.COMPLETED,0.868660477894847,0,0,0,160.44822178304182,160.44822178304247,10284089.22340585
jid_703333,60451.0,327.0,32,2020,3764196,3764196,3766217,JobState.COMPLETED,0.8646403779747123,0,0,0,159.95596464996538,159.95596464996476,10339553.554973762
jid_703345,60458.0,327.0,32,2003,3764249,3764249,3766253,JobState.COMPLETED,0.8746522289695721,0,0,0,161.1819055881104,161.18190558811088,10331115.420575524
jid_703354,60445.0,327.0,32,2011,3764248,3764248,3766260,JobState.COMPLETED,0.8737957917589267,0,0,0,161.07703572558256,161.07703572558287,10365629.40301269
jid_703392,63121.0,185.0,60,171100,3595451,3595456,3766557,JobState.COMPLETED,1.0,0,0,0,176.53061224491975,176.53061224489795,1812263265.3063462
jid_703402,40351.0,360.0,640,3883,3762875,3762875,3766759,JobState.COMPLETED,0.7541503150208332,0,0,0,146.42656918622498,146.4265691862245,363887595.61607146
jid_703403,63507.0,43.0,1,833,3766009,3766009,3766843,JobState.COMPLETED,1.0,0,0,0,176.53061224489815,176.53061224489795,147050.00000000015
jid_703405,62567.0,557.0,15,9,3766845,3766845,3766855,JobState.COMPLETED,1.0,0,0,0,176.53061224489795,176.53061224489795,23831.63265306122
jid_703410,60384.0,590.0,25,19,3766926,3766926,3766946,JobState.COMPLETED,1.0,0,0,0,176.53061224489795,176.53061224489795,83852.04081632652
jid_703413,62567.0,557.0,15,15,3767079,3767079,3767095,JobState.COMPLETED,1.0,0,0,0,176.53061224489795,176.53061224489795,39719.38775510204
jid_703419,62567.0,557.0,15,24,3767072,3767072,3767097,JobState.COMPLETED,1.0,0,0,0,176.53061224489795,176.53061224489795,63551.02040816326
jid_703425,62567.0,557.0,8,10,3767325,3767325,3767336,JobState.COMPLETED,1.0,0,0,0,176.53061224489795,176.53061224489795,14122.448979591836
jid_703429,17.0,258.0,4,399,3766985,3766985,3767385,JobState.COMPLETED,1.0,0,0,0,176.53061224489804,176.53061224489795,281742.8571428573
jid_703434,208.0,433.0,1,945,3766559,3766559,3767505,JobState.COMPLETED,1.0,0,0,0,176.53061224489812,176.53061224489795,166821.42857142873
jid_703445,208.0,433.0,1,1052,3766560,3766560,3767613,JobState.COMPLETED,1.0,0,0,0,176.53061224489795,176.53061224489795,185710.20408163263
jid_703449,60451.0,327.0,32,3569,3764090,3764090,3767660,JobState.COMPLETED,0.8938291223130516,0,0,0,163.53009660976224,163.53009660976142,18676445.273607727
jid_703455,208.0,433.0,1,1139,3766561,3766561,3767701,JobState.COMPLETED,1.0,0,0,0,176.53061224489784,176.53061224489795,201068.36734693864
jid_703458,208.0,433.0,1,1199,3766561,3766561,3767761,JobState.COMPLETED,1.0,0,0,0,176.53061224489778,176.53061224489795,211660.20408163243
jid_703463,63647.0,526.0,1,5,3767883,3767883,3767889,JobState.COMPLETED,1.0,0,0,0,176.53061224489795,176.53061224489795,882.6530612244898
jid_703468,63642.0,178.0,128,120,3767804,3767804,3767925,JobState.COMPLETED,0.6020633887392807,0,0,0,127.80368025378948,127.80368025378948,1963064.5286982064
jid_703463,63646.0,526.0,1,118,3767883,3767883,3768002,JobState.COMPLETED,1.0,0,0,0,176.53061224489792,176.53061224489795,20830.612244897955
jid_703496,63646.0,526.0,1,152,3768690,3768690,3768843,JobState.COMPLETED,1.0,0,0,0,176.5306122448979,176.53061224489795,26832.65306122448
jid_703505,63649.0,263.0,15,202,3768745,3768745,3768948,JobState.COMPLETED,1.0,0,0,0,176.53061224489795,176.53061224489795,534887.7551020408
jid_703511,36590.0,394.0,255,42,3769116,3769116,3769159,JobState.COMPLETED,1.0,0,0,0,176.53061224489795,176.53061224489795,1890642.857142857
jid_703519,63614.0,92.0,24,106,3769415,3769415,3769522,JobState.COMPLETED,1.0,0,0,0,176.53061224489795,176.53061224489795,449093.87755102036
jid_703530,60452.0,327.0,32,2002,3767872,3767872,3769875,JobState.COMPLETED,0.8686647573549512,0,0,0,160.44874579856608,160.44874579856545,10278988.450839337
jid_703531,60454.0,327.0,32,2001,3767875,3767875,3769877,JobState.COMPLETED,0.8864829974183948,0,0,0,162.63057111245593,162.63057111245652,10413560.729472777
jid_703539,60455.0,327.0,32,2005,3767979,3767979,3769985,JobState.COMPLETED,0.8858556763683062,0,0,0,162.5537562899961,162.55375628999667,10429449.00356615
jid_703551,108.0,537.0,1,4,3770330,3770330,3770335,JobState.COMPLETED,1.0,0,0,0,176.53061224489795,176.53061224489795,706.1224489795918
jid_703553,63652.0,590.0,17,1165,3769220,3769220,3770386,JobState.COMPLETED,1.0,0,0,0,176.5306122448976,176.53061224489795,3496188.775510197
jid_703557,173.0,23.0,1,70,3770509,3770509,3770580,JobState.COMPLETED,1.0,0,0,0,176.53061224489795,176.53061224489795,12357.142857142857
jid_703568,63656.0,110.0,12,1229,3769561,3769561,3770791,JobState.COMPLETED,1.0,0,0,0,176.53061224489832,176.53061224489795,2603473.4693877604
jid_703569,63657.0,637.0,12,14640,3756168,3756168,3770809,JobState.COMPLETED,1.0,0,0,0,176.53061224489423,176.53061224489795,31012897.95918302
jid_703580,108.0,537.0,1,6,3771193,3771193,3771200,JobState.COMPLETED,1.0,0,0,0,176.53061224489795,176.53061224489795,1059.1836734693877
jid_703597,63661.0,178.0,128,124,3771632,3771632,3771757,JobState.COMPLETED,0.6045030451768052,0,0,0,128.10241369511897,128.102413695119,2033241.5101689282
jid_703602,108.0,537.0,1,7,3771918,3771918,3771926,JobState.COMPLETED,1.0,0,0,0,176.53061224489795,176.53061224489795,1235.7142857142858
jid_703612,41282.0,474.0,1024,4192,3767935,3767935,3772128,JobState.COMPLETED,1.0,0,0,0,176.53061224489684,176.53061224489795,757776718.3673421
jid_703613,63633.0,110.0,6,805,3771334,3771334,3772140,JobState.COMPLETED,1.0,0,0,0,176.53061224489804,176.53061224489795,852642.8571428575
jid_703628,34809.0,72.0,259,16341,3756087,3756087,3772429,JobState.COMPLETED,1.0,0,0,0,176.53061224489474,176.53061224489795,747133864.2857006
jid_703626,63664.0,178.0,2,6,3772426,3772426,3772433,JobState.COMPLETED,0.6845472094572805,0,0,0,137.90373993354456,137.90373993354456,1654.8448792025347
jid_703636,14997.0,393.0,244,71,3772554,3772554,3772626,JobState.COMPLETED,0.5670673817641464,0,0,0,123.5184549098955,123.51845490989548,2139833.71285903
jid_703407,628.0,191.0,15,102732,3664140,3670087,3772820,JobState.COMPLETED,1.0,0,0,0,176.53061224493484,176.53061224489795,272030142.8571997
jid_703641,10019.0,278.0,48,1028,3771798,3771798,3772827,JobState.COMPLETED,0.7123588283727079,0,0,0,141.3092442905353,141.30924429053564,6972763.350272173
jid_703652,10019.0,278.0,48,1273,3771799,3771799,3773073,JobState.COMPLETED,0.7111911025234526,0,0,0,141.16625745185112,141.16625745185135,8625822.995337911
jid_703653,10019.0,278.0,48,1394,3771798,3771798,3773193,JobState.COMPLETED,0.7130913854156342,0,0,0,141.3989451529347,141.3989451529348,9461286.218073167
jid_703520,63288.0,616.0,52,106366,3663200,3666885,3773252,JobState.COMPLETED,1.0,0,0,0,176.53061224491395,176.53061224489795,976396465.306211
jid_703659,15160.0,147.0,26,52,3773301,3773301,3773354,JobState.COMPLETED,1.0,0,0,0,176.5306122448979,176.53061224489795,238669.38775510198
jid_703659,15160.0,147.0,26,54,3773301,3773301,3773356,JobState.COMPLETED,1.0,0,0,0,176.5306122448979,176.53061224489795,247848.97959183663
jid_703659,15160.0,147.0,26,54,3773301,3773301,3773356,JobState.COMPLETED,1.0,0,0,0,176.5306122448979,176.53061224489795,247848.97959183663
jid_703659,15160.0,147.0,26,54,3773301,3773301,3773356,JobState.COMPLETED,1.0,0,0,0,176.5306122448979,176.53061224489795,247848.97959183663
jid_703659,15160.0,147.0,26,56,3773301,3773301,3773358,JobState.COMPLETED,1.0,0,0,0,176.5306122448979,176.53061224489795,257028.57142857136
jid_703659,15160.0,147.0,26,56,3773301,3773301,3773358,JobState.COMPLETED,1.0,0,0,0,176.5306122448979,176.53061224489795,257028.57142857136
jid_703659,15160.0,147.0,26,57,3773301,3773301,3773359,JobState.COMPLETED,1.0,0,0,0,176.5306122448979,176.53061224489795,261618.3673469387
jid_703659,15160.0,147.0,26,57,3773301,3773301,3773359,JobState.COMPLETED,1.0,0,0,0,176.5306122448979,176.53061224489795,261618.3673469387
jid_703659,15160.0,147.0,26,59,3773301,3773301,3773361,JobState.COMPLETED,1.0,0,0,0,176.5306122448979,176.53061224489795,270797.9591836734
jid_703659,15160.0,147.0,26,59,3773301,3773301,3773361,JobState.COMPLETED,1.0,0,0,0,176.5306122448979,176.53061224489795,270797.9591836734
jid_703659,15160.0,147.0,26,61,3773301,3773301,3773363,JobState.COMPLETED,1.0,0,0,0,176.5306122448979,176.53061224489795,279977.55102040805
jid_703659,15160.0,147.0,26,61,3773301,3773301,3773363,JobState.COMPLETED,1.0,0,0,0,176.5306122448979,176.53061224489795,279977.55102040805
jid_703659,15160.0,147.0,26,62,3773301,3773301,3773364,JobState.COMPLETED,1.0,0,0,0,176.5306122448979,176.53061224489795,284567.3469387754
jid_703659,15160.0,147.0,26,64,3773301,3773301,3773366,JobState.COMPLETED,1.0,0,0,0,176.5306122448979,176.53061224489795,293746.9387755101
jid_703659,15160.0,147.0,26,64,3773301,3773301,3773366,JobState.COMPLETED,1.0,0,0,0,176.5306122448979,176.53061224489795,293746.9387755101
jid_703659,15160.0,147.0,26,74,3773301,3773301,3773376,JobState.COMPLETED,1.0,0,0,0,176.5306122448979,176.53061224489795,339644.89795918355
jid_703659,15160.0,147.0,26,77,3773301,3773301,3773379,JobState.COMPLETED,1.0,0,0,0,176.5306122448979,176.53061224489795,353414.28571428556
jid_703659,15160.0,147.0,26,77,3773301,3773301,3773379,JobState.COMPLETED,1.0,0,0,0,176.5306122448979,176.53061224489795,353414.28571428556
jid_703659,15160.0,147.0,26,81,3773301,3773301,3773383,JobState.COMPLETED,1.0,0,0,0,176.5306122448979,176.53061224489795,371773.469387755
jid_703659,15160.0,147.0,26,82,3773301,3773301,3773384,JobState.COMPLETED,1.0,0,0,0,176.5306122448979,176.53061224489795,376363.2653061223
jid_703659,15160.0,147.0,26,82,3773301,3773301,3773384,JobState.COMPLETED,1.0,0,0,0,176.5306122448979,176.53061224489795,376363.2653061223
jid_703659,15160.0,147.0,26,83,3773301,3773301,3773385,JobState.COMPLETED,1.0,0,0,0,176.5306122448979,176.53061224489795,380953.06122448965
jid_703659,15160.0,147.0,26,85,3773301,3773301,3773387,JobState.COMPLETED,1.0,0,0,0,176.5306122448979,176.53061224489795,390132.6530612243
jid_703665,60410.0,445.0,64,79,3773557,3773557,3773637,JobState.COMPLETED,1.0,0,0,0,176.53061224489795,176.53061224489795,892538.775510204
jid_703664,15160.0,147.0,26,54,3773582,3773582,3773637,JobState.COMPLETED,1.0,0,0,0,176.5306122448979,176.53061224489795,247848.97959183663
jid_703664,15160.0,147.0,26,55,3773582,3773582,3773638,JobState.COMPLETED,1.0,0,0,0,176.5306122448979,176.53061224489795,252438.775510204
jid_703664,15160.0,147.0,26,55,3773582,3773582,3773638,JobState.COMPLETED,1.0,0,0,0,176.5306122448979,176.53061224489795,252438.775510204
jid_703664,15160.0,147.0,26,55,3773582,3773582,3773638,JobState.COMPLETED,1.0,0,0,0,176.5306122448979,176.53061224489795,252438.775510204
jid_703664,15160.0,147.0,26,56,3773582,3773582,3773639,JobState.COMPLETED,0.5866314016877662,0,0,0,125.91404918625709,125.91404918625709,183330.85561519032
jid_703664,15160.0,147.0,26,56,3773582,3773582,3773639,JobState.COMPLETED,1.0,0,0,0,176.5306122448979,176.53061224489795,257028.57142857136
jid_703664,15160.0,147.0,26,56,3773582,3773582,3773639,JobState.COMPLETED,1.0,0,0,0,176.5306122448979,176.53061224489795,257028.57142857136
jid_703664,15160.0,147.0,26,56,3773582,3773582,3773639,JobState.COMPLETED,1.0,0,0,0,176.5306122448979,176.53061224489795,257028.57142857136
jid_703664,15160.0,147.0,26,58,3773582,3773582,3773641,JobState.COMPLETED,1.0,0,0,0,176.5306122448979,176.53061224489795,266208.16326530604
jid_703664,15160.0,147.0,26,58,3773582,3773582,3773641,JobState.COMPLETED,1.0,0,0,0,176.5306122448979,176.53061224489795,266208.16326530604
jid_703664,15160.0,147.0,26,58,3773582,3773582,3773641,JobState.COMPLETED,1.0,0,0,0,176.5306122448979,176.53061224489795,266208.16326530604
jid_703664,15160.0,147.0,26,58,3773582,3773582,3773641,JobState.COMPLETED,1.0,0,0,0,176.5306122448979,176.53061224489795,266208.16326530604
jid_703664,15160.0,147.0,26,58,3773582,3773582,3773641,JobState.COMPLETED,1.0,0,0,0,176.5306122448979,176.53061224489795,266208.16326530604
jid_703664,15160.0,147.0,26,59,3773582,3773582,3773642,JobState.COMPLETED,1.0,0,0,0,176.5306122448979,176.53061224489795,270797.9591836734
jid_703664,15160.0,147.0,26,60,3773582,3773582,3773643,JobState.COMPLETED,1.0,0,0,0,176.5306122448979,176.53061224489795,275387.7551020407
jid_703664,15160.0,147.0,26,61,3773582,3773582,3773644,JobState.COMPLETED,1.0,0,0,0,176.5306122448979,176.53061224489795,279977.55102040805
jid_703664,15160.0,147.0,26,84,3773582,3773582,3773667,JobState.COMPLETED,1.0,0,0,0,176.5306122448979,176.53061224489795,385542.85714285704
jid_703664,15160.0,147.0,26,85,3773582,3773582,3773668,JobState.COMPLETED,1.0,0,0,0,176.5306122448979,176.53061224489795,390132.6530612243
jid_703664,15160.0,147.0,26,88,3773582,3773582,3773671,JobState.COMPLETED,1.0,0,0,0,176.5306122448979,176.53061224489795,403902.0408163264
jid_703664,15160.0,147.0,26,88,3773582,3773582,3773671,JobState.COMPLETED,1.0,0,0,0,176.5306122448979,176.53061224489795,403902.0408163264
jid_703664,15160.0,147.0,26,89,3773582,3773582,3773672,JobState.COMPLETED,1.0,0,0,0,176.5306122448979,176.53061224489795,408491.83673469373
jid_703664,15160.0,147.0,26,90,3773582,3773582,3773673,JobState.COMPLETED,1.0,0,0,0,176.5306122448979,176.53061224489795,413081.63265306107
jid_703664,15160.0,147.0,26,90,3773582,3773582,3773673,JobState.COMPLETED,1.0,0,0,0,176.5306122448979,176.53061224489795,413081.63265306107
jid_703664,15160.0,147.0,26,92,3773582,3773582,3773675,JobState.COMPLETED,1.0,0,0,0,176.5306122448979,176.53061224489795,422261.22448979574
jid_703668,10019.0,278.0,48,1950,3771799,3771799,3773750,JobState.COMPLETED,0.7113970454707894,0,0,0,141.19147495560665,141.19147495560688,13215522.055844782
jid_703669,173.0,23.0,1,2015,3771741,3771741,3773757,JobState.COMPLETED,1.0,0,0,0,176.53061224489727,176.53061224489795,355709.183673468
jid_703690,207.0,114.0,3,421,3773920,3773920,3774342,JobState.COMPLETED,0.515618775456139,0,0,0,117.21862556605795,117.21862556605782,148047.1240899312
jid_703687,10019.0,278.0,48,2577,3771799,3771799,3774377,JobState.COMPLETED,0.7125618341309212,0,0,0,141.33410213847952,141.33410213848018,17482463.09812136
jid_703722,55874.0,110.0,24,932,3773976,3773976,3774909,JobState.COMPLETED,1.0,0,0,0,176.53061224489815,176.53061224489795,3948636.734693882
jid_703704,63670.0,592.0,12,326,3774586,3774586,3774913,JobState.COMPLETED,1.0,0,0,0,176.53061224489784,176.53061224489795,690587.7551020404
jid_703709,62762.0,147.0,1,98,3774901,3774901,3775000,JobState.COMPLETED,0.691494216559848,0,0,0,138.7543938644712,138.75439386447118,13597.930598718178
jid_703724,29.0,23.0,2560,999,3774984,3774984,3775984,JobState.COMPLETED,0.5812941827645832,0,0,0,125.26051217525526,125.2605121752551,320346244.2574848
jid_703728,62567.0,557.0,8,4801,3771248,3771248,3776050,JobState.COMPLETED,1.0,0,0,0,176.53061224489682,176.53061224489795,6780187.7551019965
jid_703735,63664.0,178.0,2,48,3776372,3776372,3776421,JobState.COMPLETED,0.5837779614529668,0,0,0,125.5646483411796,125.5646483411796,12054.206240753243
jid_703736,10019.0,278.0,48,934,3775496,3775496,3776431,JobState.COMPLETED,0.708585909810885,0,0,0,140.8472542625573,140.84725426255736,6314464.103098968
jid_703743,15948.999999999996,260.0,1,22,3776519,3776519,3776542,JobState.COMPLETED,1.0,0,0,0,176.53061224489795,176.53061224489795,3883.673469387755
jid_703755,15948.999999999996,260.0,1,22,3776943,3776943,3776966,JobState.COMPLETED,1.0,0,0,0,176.53061224489795,176.53061224489795,3883.673469387755
jid_703757,108.0,147.0,1,60,3777028,3777028,3777089,JobState.COMPLETED,1.0,0,0,0,176.53061224489798,176.53061224489795,10591.83673469388
jid_703763,14997.0,393.0,244,67,3777137,3777137,3777205,JobState.COMPLETED,0.58964723834299,0,0,0,126.28333530730491,126.28333530730491,2064479.9656038205
jid_703765,63515.0,43.0,1,1142,3776125,3776125,3777268,JobState.COMPLETED,1.0,0,0,0,176.53061224489784,176.53061224489795,201597.95918367335
jid_703774,10019.0,278.0,48,723,3776820,3776820,3777544,JobState.COMPLETED,0.7093930768076185,0,0,0,140.9460910376678,140.9460910376676,4891393.1433712235
jid_703779,40618.0,184.0,1,0,3777704,3777704,3777705,JobState.COMPLETED,1.0,0,0,0,176.53061224489795,176.53061224489795,0.0
jid_703794,324.0,145.0,8,67,3778013,3778013,3778081,JobState.COMPLETED,1.0,0,0,0,176.53061224489798,176.53061224489795,94620.40816326531
jid_703806,63677.0,637.0,12,15911,3762320,3762320,3778232,JobState.COMPLETED,1.0,0,0,0,176.53061224489406,176.53061224489795,33705342.85714211
jid_703808,63678.0,178.0,4,28,3778221,3778221,3778250,JobState.COMPLETED,0.6943986255616098,0,0,0,139.11003578305426,139.11003578305426,15580.324007702076
jid_703816,324.0,145.0,8,32,3778289,3778289,3778322,JobState.COMPLETED,1.0,0,0,0,176.53061224489795,176.53061224489795,45191.836734693876
jid_703815,331.0000000000073,145.0,8,31,3778290,3778290,3778322,JobState.COMPLETED,1.0,0,0,0,176.53061224489795,176.53061224489795,43779.59183673469
jid_703811,334.0,145.0,8,33,3778289,3778289,3778323,JobState.COMPLETED,1.0,0,0,0,176.53061224489795,176.53061224489795,46604.08163265306
jid_703812,325.9999999999927,145.0,8,33,3778290,3778290,3778324,JobState.COMPLETED,1.0,0,0,0,176.53061224489795,176.53061224489795,46604.08163265306
jid_703824,60337.0,178.0,15,20,3778464,3778464,3778485,JobState.COMPLETED,0.624969196802017,0,0,0,130.608473077798,130.608473077798,39182.5419233394
jid_703827,34.0,339.0,1,0,3778507,3778507,3778508,JobState.COMPLETED,1.0,0,0,0,176.53061224489795,176.53061224489795,0.0
jid_703841,322.0,145.0,8,25,3778813,3778813,3778839,JobState.COMPLETED,1.0,0,0,0,176.53061224489795,176.53061224489795,35306.12244897959
jid_703855,1444.0,23.0,160,71,3778862,3778862,3778934,JobState.COMPLETED,0.5349715491900053,0,0,0,119.58835296204145,119.58835296204147,1358523.689648791
jid_703867,63680.0,178.0,15,335,3778865,3778865,3779201,JobState.COMPLETED,0.701147918510818,0,0,0,139.9364798176511,139.9364798176512,703180.8110836968
jid_703871,17.0,163.0,1,4225,3774980,3774980,3779206,JobState.COMPLETED,1.0,0,0,0,176.53061224489684,176.53061224489795,745841.8367346892
jid_703878,63662.0,63.0,32,158,3779287,3779287,3779446,JobState.COMPLETED,1.0,0,0,0,176.5306122448979,176.53061224489795,892538.7755102038
jid_703880,40580.0,178.0,64,167,3779370,3779370,3779538,JobState.COMPLETED,0.6265468244665311,0,0,0,130.8016519754936,130.80165197549363,1398008.0563140756
jid_704095,1202.0,119.0,32,17249,3762533,3762533,3779783,JobState.COMPLETED,1.0,0,0,0,176.53061224490486,176.53061224489795,97439248.97959565
jid_703895,40735.0,178.0,255,121,3779956,3779956,3780078,JobState.COMPLETED,0.5623851974760687,0,0,0,122.94512622155946,122.94512622155945,3793471.8695662175
jid_703908,63692.0,178.0,1024,205,3780169,3780169,3780375,JobState.COMPLETED,0.5257343722655157,0,0,0,118.45727007332839,118.45727007332846,24866550.133793097
jid_703913,63435.0,480.0,1,755,3779865,3779865,3780621,JobState.COMPLETED,1.0,0,0,0,176.53061224489815,176.53061224489795,133280.6122448981
jid_704095,1202.0,119.0,32,18183,3762527,3762527,3780711,JobState.COMPLETED,1.0,0,0,0,176.53061224490517,176.53061224489795,102715395.91837154
jid_703915,16515.0,178.0,512,135,3780668,3780668,3780804,JobState.COMPLETED,0.5378964846490211,0,0,0,119.94650832436993,119.94650832436993,8290702.655380449
jid_703922,63692.0,178.0,1024,188,3780682,3780682,3780871,JobState.COMPLETED,0.5236227743283967,0,0,0,118.19870706062007,118.19870706062,22754669.49365409
jid_703931,63683.0,178.0,64,58,3780819,3780819,3780878,JobState.COMPLETED,0.5311516355192683,0,0,0,119.1206084309308,119.1206084309308,442175.69849561516
jid_703924,40576.0,178.0,1024,212,3780678,3780678,3780891,JobState.COMPLETED,0.5224072100698286,0,0,0,118.04986245753008,118.04986245753004,25627208.54118029
jid_703975,108.0,537.0,1,622,3781559,3781559,3782182,JobState.COMPLETED,1.0,0,0,0,176.53061224489812,176.53061224489795,109802.04081632663
jid_703978,63699.0,637.0,12,76349,3705933,3705933,3782283,JobState.COMPLETED,1.0,0,0,0,176.53061224489213,176.53061224489795,161735228.57142323
jid_703984,985.0,122.00000000000003,1,47,3782834,3782834,3782882,JobState.COMPLETED,1.0,0,0,0,176.53061224489795,176.53061224489795,8296.938775510203
jid_703990,62863.0,178.0,4,55,3783262,3783262,3783318,JobState.COMPLETED,0.7049768640451234,0,0,0,140.4053302912396,140.4053302912396,30889.172664072714
jid_704001,62862.0,178.0,8,15,3783433,3783433,3783449,JobState.COMPLETED,0.6616361873876787,0,0,0,135.09830865971577,135.09830865971577,16211.797039165893
jid_704004,63664.0,178.0,2,299,3783175,3783175,3783475,JobState.COMPLETED,0.7875683703038859,0,0,0,150.51857595557792,150.5185759555779,90010.1084214356
jid_704019,63687.0,178.0,32,146,3783546,3783546,3783693,JobState.COMPLETED,0.6558872379613998,0,0,0,134.39435566874278,134.39435566874283,627890.4296843662
jid_704033,40576.0,178.0,1024,201,3783584,3783584,3783786,JobState.COMPLETED,1.0,0,0,0,176.5306122448979,176.53061224489795,36334236.73469386
jid_704032,63664.0,178.0,2,179,3783619,3783619,3783799,JobState.COMPLETED,0.7923634307147802,0,0,0,151.10572620997306,151.10572620997308,54095.84998317035
jid_704045,16515.0,178.0,512,120,3784105,3784105,3784226,JobState.COMPLETED,0.5306635539158571,0,0,0,119.06084333663556,119.06084333663556,7315098.214602889
jid_704052,17.0,258.0,14,2929,3781497,3781497,3784427,JobState.COMPLETED,1.0,0,0,0,176.53061224489724,176.53061224489798,7238814.285714256
jid_704058,63675.0,26.0,399,682,3784277,3784277,3784960,JobState.COMPLETED,1.0,0,0,0,176.53061224489787,176.53061224489798,48037157.14285712
jid_704061,108.0,174.0,48,13311,3772082,3772082,3785394,JobState.COMPLETED,1.0,0,0,0,176.5306122448945,176.53061224489795,112790351.02040598
jid_704071,51.0,39.0,48,3807,3782181,3782181,3785989,JobState.COMPLETED,1.0,0,0,0,176.53061224489878,176.53061224489795,32258497.959183823
jid_704073,51.0,39.0,48,3842,3782198,3782198,3786041,JobState.COMPLETED,1.0,0,0,0,176.53061224489883,176.53061224489795,32555069.387755267
jid_704077,15948.999999999996,150.0,392,309,3785782,3785782,3786092,JobState.COMPLETED,1.0,0,0,0,176.53061224489795,176.53061224489795,21382800.0
jid_704082,324.0,145.0,8,7522,3778812,3778812,3786335,JobState.COMPLETED,1.0,0,0,0,176.53061224489687,176.53061224489795,10622906.122448914
jid_704094,41282.0,474.0,2048,62,3787080,3787080,3787143,JobState.COMPLETED,1.0,0,0,0,176.53061224489798,176.53061224489795,22415151.020408165
jid_704106,63708.0,178.0,1,32,3788128,3788128,3788161,JobState.COMPLETED,0.798048728553094,0,0,0,151.80188512895026,151.80188512895026,4857.660324126408
jid_704108,29.0,23.0,2560,1845,3786399,3786399,3788245,JobState.COMPLETED,0.5802208718838432,0,0,0,125.12908635312347,125.12908635312365,591009700.6630728
jid_704117,63708.0,178.0,1,127,3788532,3788532,3788660,JobState.COMPLETED,0.844062860488831,0,0,0,157.43626863128543,157.43626863128543,19994.40611617325
jid_704137,63711.0,263.0,15,37,3789453,3789453,3789491,JobState.COMPLETED,1.0,0,0,0,176.53061224489795,176.53061224489795,97974.48979591836
jid_704230,63403.0,432.0,1,28108,3761430,3761430,3789539,JobState.COMPLETED,1.0,0,0,0,176.53061224490725,176.53061224489795,4961922.448979853
jid_704141,63712.0,581.0,12,23074,3766613,3766613,3789688,JobState.COMPLETED,1.0,0,0,0,176.5306122448933,176.53061224489795,48879208.163264014
jid_704145,63482.0,634.0,1,147,3789764,3789764,3789912,JobState.COMPLETED,1.0,0,0,0,176.5306122448979,176.53061224489795,25949.99999999999
jid_704150,63680.0,178.0,15,14,3789947,3789947,3789962,JobState.COMPLETED,0.6413614361688789,0,0,0,132.61568606149538,132.61568606149538,27849.294072914032
jid_704187,63451.0,432.0,8,28417,3761581,3761581,3789999,JobState.COMPLETED,1.0,0,0,0,176.53061224490727,176.53061224489795,40131763.26530824
jid_704153,63715.0,581.0,12,23441,3766568,3766568,3790010,JobState.COMPLETED,1.0,0,0,0,176.5306122448933,176.53061224489795,49656648.97959053
jid_704155,60337.0,178.0,15,16,3790010,3790010,3790027,JobState.COMPLETED,0.623202561890406,0,0,0,130.39215043555993,130.39215043555993,31294.116104534383
jid_704157,63482.0,634.0,32,49,3790021,3790021,3790071,JobState.COMPLETED,0.5813193797777345,0,0,0,125.26359752380422,125.26359752380422,196413.320917325
jid_704158,60337.0,178.0,15,28,3790129,3790129,3790158,JobState.COMPLETED,0.6342073247436557,0,0,0,131.7396724175905,131.7396724175905,55330.662415388004
jid_704160,63259.0,432.0,8,28595,3761594,3761594,3790190,JobState.COMPLETED,1.0,0,0,0,176.5306122449073,176.53061224489795,40383142.857145
jid_704168,63443.0,432.0,8,28609,3761596,3761596,3790206,JobState.COMPLETED,1.0,0,0,0,176.5306122449073,176.53061224489795,40402914.28571642
jid_704168,63443.0,432.0,8,28641,3761597,3761597,3790239,JobState.COMPLETED,1.0,0,0,0,176.5306122449073,176.53061224489795,40448106.12245112
jid_704170,63355.0,432.0,8,28730,3761598,3761598,3790329,JobState.COMPLETED,1.0,0,0,0,176.53061224490733,176.53061224489795,40573795.9183695
jid_704167,62961.0,432.0,1,28946,3761428,3761428,3790375,JobState.COMPLETED,1.0,0,0,0,176.53061224490736,176.53061224489795,5109855.102041088
jid_704199,63464.0,432.0,8,28822,3761573,3761573,3790396,JobState.COMPLETED,1.0,0,0,0,176.53061224490733,176.53061224489795,40703722.448981754
jid_704169,63222.0,432.0,8,28807,3761593,3761593,3790401,JobState.COMPLETED,1.0,0,0,0,176.53061224490733,176.53061224489795,40682538.77551237
jid_704160,63259.0,432.0,8,28821,3761594,3761594,3790416,JobState.COMPLETED,1.0,0,0,0,176.53061224490733,176.53061224489795,40702310.20408379
jid_704166,63346.0,432.0,8,28917,3761589,3761589,3790507,JobState.COMPLETED,1.0,0,0,0,176.53061224490733,176.53061224489795,40837885.714287885
jid_704171,63338.0,432.0,8,28922,3761592,3761592,3790515,JobState.COMPLETED,1.0,0,0,0,176.53061224490733,176.53061224489795,40844946.93877768
jid_704175,63289.0,432.0,8,28964,3761589,3761589,3790554,JobState.COMPLETED,1.0,0,0,0,176.53061224490736,176.53061224489795,40904261.224491976
jid_704174,111.0,65.0,499,7527,3783042,3783042,3790570,JobState.COMPLETED,1.0,0,0,0,176.53061224490037,176.53061224489795,663044213.2653152
jid_704166,63346.0,432.0,8,29039,3761589,3761589,3790629,JobState.COMPLETED,1.0,0,0,0,176.53061224490736,176.53061224489795,41010179.59183892
jid_704175,63289.0,432.0,8,29048,3761589,3761589,3790638,JobState.COMPLETED,1.0,0,0,0,176.53061224490736,176.53061224489795,41022889.79592055
jid_704181,63345.0,432.0,8,29056,3761585,3761585,3790642,JobState.COMPLETED,1.0,0,0,0,176.53061224490736,176.53061224489795,41034187.75510423
jid_704176,63444.0,432.0,8,29059,3761587,3761587,3790647,JobState.COMPLETED,1.0,0,0,0,176.53061224490736,176.53061224489795,41038424.489798106
jid_704181,63345.0,432.0,8,29131,3761585,3761585,3790717,JobState.COMPLETED,1.0,0,0,0,176.53061224490736,176.53061224489795,41140106.12245117
jid_704176,63444.0,432.0,8,29132,3761587,3761587,3790720,JobState.COMPLETED,1.0,0,0,0,176.53061224490736,176.53061224489795,41141518.36734913
jid_704175,63289.0,432.0,8,29173,3761588,3761588,3790762,JobState.COMPLETED,1.0,0,0,0,176.5306122449074,176.53061224489795,41199420.40816546
jid_704180,63447.0,432.0,8,29204,3761582,3761582,3790787,JobState.COMPLETED,1.0,0,0,0,176.5306122449074,176.53061224489795,41243200.000002205
jid_704176,63444.0,432.0,8,29267,3761587,3761587,3790855,JobState.COMPLETED,1.0,0,0,0,176.5306122449074,176.53061224489795,41332171.42857364
jid_704178,63446.0,432.0,8,29300,3761582,3761582,3790883,JobState.COMPLETED,1.0,0,0,0,176.5306122449074,176.53061224489795,41378775.51020629
jid_704180,63447.0,432.0,8,29334,3761581,3761581,3790916,JobState.COMPLETED,1.0,0,0,0,176.5306122449074,176.53061224489795,41426791.83673691
jid_704176,63444.0,432.0,8,29360,3761587,3761587,3790948,JobState.COMPLETED,1.0,0,0,0,176.5306122449074,176.53061224489795,41463510.204083845
jid_704187,63451.0,432.0,8,29475,3761580,3761580,3791056,JobState.COMPLETED,1.0,0,0,0,176.53061224490742,176.53061224489795,41625918.36734917
jid_704189,63457.0,432.0,8,29734,3761578,3761578,3791313,JobState.COMPLETED,1.0,0,0,0,176.53061224490736,176.53061224489795,41991689.7959206
jid_704189,63457.0,432.0,8,29740,3761578,3761578,3791319,JobState.COMPLETED,1.0,0,0,0,176.53061224490733,176.53061224489795,42000163.26530835
jid_704167,62961.0,432.0,1,29952,3761429,3761429,3791382,JobState.COMPLETED,1.0,0,0,0,176.53061224490693,176.53061224489795,5287444.897959452
jid_704191,63291.0,432.0,1,29950,3761432,3761432,3791383,JobState.COMPLETED,1.0,0,0,0,176.53061224490693,176.53061224489795,5287091.836734963
jid_704193,63452.0,432.0,8,29943,3761577,3761577,3791521,JobState.COMPLETED,1.0,0,0,0,176.53061224490696,176.53061224489795,42286848.97959399
jid_704167,62961.0,432.0,1,30152,3761429,3761429,3791582,JobState.COMPLETED,1.0,0,0,0,176.5306122449066,176.53061224489795,5322751.020408424
jid_704177,63445.0,432.0,8,30126,3761586,3761586,3791713,JobState.COMPLETED,1.0,0,0,0,176.53061224490665,176.53061224489795,42545289.79592046
jid_704230,63403.0,432.0,1,30285,3761430,3761430,3791716,JobState.COMPLETED,1.0,0,0,0,176.53061224490637,176.53061224489795,5346229.591836989
jid_704199,63464.0,432.0,8,30269,3761573,3761573,3791843,JobState.COMPLETED,1.0,0,0,0,176.5306122449064,176.53061224489795,42747240.81632857
jid_704692,63406.0,432.0,1,30445,3761441,3761441,3791887,JobState.COMPLETED,1.0,0,0,0,176.53061224490608,176.53061224489795,5374474.489796165
jid_704168,63443.0,432.0,8,30416,3761596,3761596,3792013,JobState.COMPLETED,1.0,0,0,0,176.53061224490614,176.53061224489795,42954840.81632852
jid_704230,63403.0,432.0,1,30622,3761430,3761430,3792053,JobState.COMPLETED,1.0,0,0,0,176.53061224490577,176.53061224489795,5405720.408163505
jid_704211,63466.0,432.0,8,30531,3761570,3761570,3792102,JobState.COMPLETED,1.0,0,0,0,176.5306122449059,176.53061224489795,43117248.979593776
jid_704211,63466.0,432.0,8,30608,3761570,3761570,3792179,JobState.COMPLETED,1.0,0,0,0,176.5306122449058,176.53061224489795,43225991.83673661
jid_704211,63466.0,432.0,8,30645,3761570,3761570,3792216,JobState.COMPLETED,1.0,0,0,0,176.53061224490574,176.53061224489795,43278244.89796109
jid_704211,63466.0,432.0,8,30695,3761570,3761570,3792266,JobState.COMPLETED,1.0,0,0,0,176.53061224490565,176.53061224489795,43348857.142859034
jid_704214,62949.0,432.0,1,30883,3761427,3761427,3792311,JobState.COMPLETED,1.0,0,0,0,176.5306122449053,176.53061224489795,5451794.897959411
jid_704208,63405.0,432.0,1,30935,3761434,3761434,3792370,JobState.COMPLETED,1.0,0,0,0,176.53061224490523,176.53061224489795,5460974.489796143
jid_704182,62950.0,432.0,1,30940,3761431,3761431,3792372,JobState.COMPLETED,1.0,0,0,0,176.53061224490523,176.53061224489795,5461857.142857368
jid_704210,373.0,521.0,128,13535,3778975,3778975,3792511,JobState.COMPLETED,1.0,0,0,0,176.53061224490315,176.53061224489795,305835755.1020498
jid_704211,63466.0,432.0,8,30969,3761569,3761569,3792539,JobState.COMPLETED,1.0,0,0,0,176.53061224490517,176.53061224489795,43735812.24489974
jid_704215,63467.0,432.0,8,31103,3761567,3761567,3792671,JobState.COMPLETED,1.0,0,0,0,176.53061224490494,176.53061224489795,43925053.06122623
jid_704215,63467.0,432.0,8,31151,3761567,3761567,3792719,JobState.COMPLETED,1.0,0,0,0,176.53061224490486,176.53061224489795,43992840.81632825
jid_704215,63467.0,432.0,8,31358,3761567,3761567,3792926,JobState.COMPLETED,1.0,0,0,0,176.53061224490452,176.53061224489795,44285175.51020572
jid_704215,63467.0,432.0,8,31400,3761568,3761568,3792969,JobState.COMPLETED,1.0,0,0,0,176.53061224490446,176.53061224489795,44344489.79592
jid_704235,62997.0,432.0,1,31565,3761434,3761434,3793000,JobState.COMPLETED,1.0,0,0,0,176.53061224490418,176.53061224489795,5572188.7755104005
jid_704235,62997.0,432.0,1,31734,3761434,3761434,3793169,JobState.COMPLETED,1.0,0,0,0,176.53061224490392,176.53061224489795,5602022.448979781
jid_704189,63457.0,432.0,8,31660,3761578,3761578,3793239,JobState.COMPLETED,1.0,0,0,0,176.53061224490403,176.53061224489795,44711673.4693893
jid_704220,63469.0,432.0,8,31830,3761567,3761567,3793398,JobState.COMPLETED,1.0,0,0,0,176.53061224490375,176.53061224489795,44951755.10204229
jid_704211,63466.0,432.0,8,31844,3761570,3761570,3793415,JobState.COMPLETED,1.0,0,0,0,176.53061224490372,176.53061224489795,44971526.53061371
jid_704230,63403.0,432.0,1,32120,3761430,3761430,3793551,JobState.COMPLETED,1.0,0,0,0,176.5306122449033,176.53061224489795,5670163.265306294
jid_704235,62997.0,432.0,1,32225,3761434,3761434,3793660,JobState.COMPLETED,1.0,0,0,0,176.53061224490312,176.53061224489795,5688698.979592003
jid_704232,63473.0,432.0,8,32122,3761551,3761551,3793674,JobState.COMPLETED,1.0,0,0,0,176.5306122449033,176.53061224489795,45364130.61224627
jid_704182,62950.0,432.0,1,32423,3761432,3761432,3793856,JobState.COMPLETED,1.0,0,0,0,176.5306122449028,176.53061224489795,5723652.040816484
jid_704208,63405.0,432.0,1,32433,3761435,3761435,3793869,JobState.COMPLETED,1.0,0,0,0,176.5306122449028,176.53061224489795,5725417.346938933
jid_704239,63463.0,432.0,8,32393,3761564,3761564,3793958,JobState.COMPLETED,1.0,0,0,0,176.53061224490287,176.53061224489795,45746848.979593106
jid_704239,63463.0,432.0,8,32437,3761564,3761564,3794002,JobState.COMPLETED,1.0,0,0,0,176.5306122449028,176.53061224489795,45808987.7551033
jid_704205,63470.0,432.0,8,32436,3761571,3761571,3794008,JobState.COMPLETED,1.0,0,0,0,176.5306122449028,176.53061224489795,45807575.51020534
jid_704692,63406.0,432.0,1,32580,3761441,3761441,3794022,JobState.COMPLETED,1.0,0,0,0,176.53061224490258,176.53061224489795,5751367.346938926
jid_704239,63463.0,432.0,8,32564,3761564,3761564,3794129,JobState.COMPLETED,1.0,0,0,0,176.5306122449026,176.53061224489795,45988342.85714407
jid_704212,63472.0,432.0,8,32685,3761569,3761569,3794255,JobState.COMPLETED,1.0,0,0,0,176.53061224490241,176.53061224489795,46159224.489797086
jid_704239,63463.0,432.0,8,32772,3761564,3761564,3794337,JobState.COMPLETED,1.0,0,0,0,176.5306122449023,176.53061224489795,46282089.79591951
jid_704240,43097.0,136.0,2,209,3794182,3794182,3794392,JobState.COMPLETED,1.0,0,0,0,176.5306122448979,176.53061224489795,73789.79591836732
jid_704176,63444.0,432.0,8,32904,3761587,3761587,3794492,JobState.COMPLETED,1.0,0,0,0,176.5306122449021,176.53061224489795,46468506.12245007
jid_704249,63449.0,432.0,8,33011,3761562,3761562,3794574,JobState.COMPLETED,1.0,0,0,0,176.53061224490193,176.53061224489795,46619616.32653166
jid_704248,63719.0,322.0,384,23,3794602,3794602,3794626,JobState.COMPLETED,1.0,0,0,0,176.53061224489795,176.53061224489795,1559118.3673469387
jid_704257,43097.0,136.0,2,108,3794669,3794669,3794778,JobState.COMPLETED,1.0,0,0,0,176.53061224489792,176.53061224489795,38130.61224489795
jid_704258,43097.0,136.0,2,901,3793898,3793898,3794800,JobState.COMPLETED,1.0,0,0,0,176.53061224489818,176.53061224489795,318108.1632653065
jid_704625,63404.0,432.0,1,33368,3761436,3761436,3794805,JobState.COMPLETED,1.0,0,0,0,176.53061224490142,176.53061224489795,5890473.46938787
jid_704199,63464.0,432.0,8,33289,3761574,3761574,3794864,JobState.COMPLETED,1.0,0,0,0,176.53061224490153,176.53061224489795,47012220.40816422
jid_704657,63468.0,432.0,8,33342,3761554,3761554,3794897,JobState.COMPLETED,1.0,0,0,0,176.53061224490145,176.53061224489795,47087069.387756035
jid_704175,63289.0,432.0,8,33323,3761589,3761589,3794913,JobState.COMPLETED,1.0,0,0,0,176.53061224490148,176.53061224489795,47060236.734694816
jid_704268,43097.0,136.0,2,599,3794345,3794345,3794945,JobState.COMPLETED,1.0,0,0,0,176.53061224489812,176.53061224489795,211483.67346938796
jid_704269,43097.0,136.0,2,726,3794227,3794227,3794954,JobState.COMPLETED,1.0,0,0,0,176.53061224489815,176.53061224489795,256322.44897959213
jid_704271,43097.0,136.0,2,184,3794796,3794796,3794981,JobState.COMPLETED,1.0,0,0,0,176.5306122448979,176.53061224489795,64963.26530612243
jid_704290,43097.0,136.0,2,184,3794924,3794924,3795109,JobState.COMPLETED,1.0,0,0,0,176.5306122448979,176.53061224489795,64963.26530612243
jid_704297,63450.0,432.0,8,33598,3761562,3761562,3795161,JobState.COMPLETED,1.0,0,0,0,176.53061224490108,176.53061224489795,47448604.08163349
jid_704293,43097.0,136.0,2,1285,3793905,3793905,3795191,JobState.COMPLETED,1.0,0,0,0,176.5306122448977,176.53061224489795,453683.67346938705
jid_704297,63450.0,432.0,8,33649,3761562,3761562,3795212,JobState.COMPLETED,1.0,0,0,0,176.53061224490102,176.53061224489795,47520628.571429394
jid_704305,43097.0,136.0,2,191,3795048,3795048,3795240,JobState.COMPLETED,1.0,0,0,0,176.5306122448979,176.53061224489795,67434.69387755099
jid_704307,43097.0,136.0,2,197,3795046,3795046,3795244,JobState.COMPLETED,1.0,0,0,0,176.5306122448979,176.53061224489795,69553.06122448976
jid_704310,43097.0,136.0,2,202,3795054,3795054,3795257,JobState.COMPLETED,1.0,0,0,0,176.5306122448979,176.53061224489795,71318.36734693874
jid_704325,43097.0,136.0,2,211,3795050,3795050,3795262,JobState.COMPLETED,1.0,0,0,0,176.53061224489787,176.53061224489795,74495.9183673469
jid_704316,43097.0,136.0,2,224,3795053,3795053,3795278,JobState.COMPLETED,1.0,0,0,0,176.53061224489787,176.53061224489795,79085.71428571425
jid_704319,43097.0,136.0,2,1255,3794042,3794042,3795298,JobState.COMPLETED,1.0,0,0,0,176.53061224489772,176.53061224489795,443091.83673469326
jid_704189,63457.0,432.0,8,33736,3761578,3761578,3795315,JobState.COMPLETED,1.0,0,0,0,176.53061224490088,176.53061224489795,47643493.87755181
jid_704338,43097.0,136.0,2,185,3795188,3795188,3795374,JobState.COMPLETED,1.0,0,0,0,176.5306122448979,176.53061224489795,65316.32653061222
jid_704199,63464.0,432.0,8,33803,3761573,3761573,3795377,JobState.COMPLETED,1.0,0,0,0,176.5306122449008,176.53061224489795,47738114.28571505
jid_704334,43097.0,136.0,2,194,3795190,3795190,3795385,JobState.COMPLETED,1.0,0,0,0,176.5306122448979,176.53061224489795,68493.87755102038
jid_704333,43097.0,136.0,2,1463,3793924,3793924,3795388,JobState.COMPLETED,1.0,0,0,0,176.53061224489753,176.53061224489795,516528.57142857014
jid_704336,43097.0,136.0,2,236,3795187,3795187,3795424,JobState.COMPLETED,1.0,0,0,0,176.53061224489787,176.53061224489795,83322.44897959179
jid_704343,43097.0,136.0,2,1254,3794223,3794223,3795478,JobState.COMPLETED,1.0,0,0,0,176.53061224489772,176.53061224489795,442738.7755102035
jid_704211,63466.0,432.0,8,33930,3761570,3761570,3795501,JobState.COMPLETED,1.0,0,0,0,176.5306122449006,176.53061224489795,47917469.38775582
jid_704346,43097.0,136.0,2,1252,3794249,3794249,3795502,JobState.COMPLETED,1.0,0,0,0,176.53061224489772,176.53061224489795,442032.6530612239
jid_704374,43097.0,136.0,2,186,3795316,3795316,3795503,JobState.COMPLETED,1.0,0,0,0,176.5306122448979,176.53061224489795,65669.38775510201
jid_704362,43097.0,136.0,2,218,3795328,3795328,3795547,JobState.COMPLETED,1.0,0,0,0,176.53061224489787,176.53061224489795,76967.34693877547
jid_704363,43097.0,136.0,2,207,3795341,3795341,3795549,JobState.COMPLETED,1.0,0,0,0,176.5306122448979,176.53061224489795,73083.67346938772
jid_704364,43097.0,136.0,2,207,3795342,3795342,3795550,JobState.COMPLETED,1.0,0,0,0,176.5306122448979,176.53061224489795,73083.67346938772
jid_704370,43097.0,136.0,2,241,3795333,3795333,3795575,JobState.COMPLETED,1.0,0,0,0,176.5306122448979,176.53061224489795,85087.75510204078
jid_704376,62802.0,37.0,1,42,3795555,3795555,3795598,JobState.COMPLETED,0.6271106732752687,0,0,0,130.8706946867676,130.8706946867676,5496.569176844239
jid_704377,43097.0,136.0,2,268,3795336,3795336,3795605,JobState.COMPLETED,1.0,0,0,0,176.53061224489792,176.53061224489795,94620.40816326528
jid_704397,43097.0,136.0,2,126,3795483,3795483,3795610,JobState.COMPLETED,1.0,0,0,0,176.5306122448979,176.53061224489795,44485.71428571427
jid_704384,43097.0,136.0,2,181,3795468,3795468,3795650,JobState.COMPLETED,1.0,0,0,0,176.5306122448979,176.53061224489795,63904.08163265304
jid_704385,43097.0,136.0,2,1778,3793879,3793879,3795658,JobState.COMPLETED,1.0,0,0,0,176.53061224489736,176.53061224489795,627742.857142855
jid_704386,62802.0,37.0,1,45,3795625,3795625,3795671,JobState.COMPLETED,0.5930086445748064,0,0,0,126.69493607038446,126.69493607038446,5701.2721231673
jid_704398,43097.0,136.0,2,1685,3794004,3794004,3795690,JobState.COMPLETED,1.0,0,0,0,176.5306122448974,176.53061224489795,594908.1632653043
jid_704402,43097.0,136.0,2,224,3795476,3795476,3795701,JobState.COMPLETED,1.0,0,0,0,176.53061224489787,176.53061224489795,79085.71428571425
jid_704406,63426.0,432.0,1,34264,3761469,3761469,3795734,JobState.COMPLETED,1.0,0,0,0,176.53061224490014,176.53061224489795,6048644.897959258
jid_704411,43097.0,136.0,2,1537,3794219,3794219,3795757,JobState.COMPLETED,1.0,0,0,0,176.5306122448975,176.53061224489795,542655.1020408149
jid_704415,43097.0,136.0,2,174,3795615,3795615,3795790,JobState.COMPLETED,1.0,0,0,0,176.5306122448979,176.53061224489795,61432.65306122447
jid_704462,43097.0,136.0,2,179,3795616,3795616,3795796,JobState.COMPLETED,1.0,0,0,0,176.5306122448979,176.53061224489795,63197.95918367345
jid_704424,43097.0,136.0,2,1665,3794144,3794144,3795810,JobState.COMPLETED,1.0,0,0,0,176.5306122448974,176.53061224489795,587846.9387755084
jid_704425,62802.0,37.0,1,41,3795769,3795769,3795811,JobState.COMPLETED,0.6223701047165205,0,0,0,130.29021690406373,130.29021690406373,5341.898893066613
jid_704426,43097.0,136.0,2,187,3795625,3795625,3795813,JobState.COMPLETED,1.0,0,0,0,176.5306122448979,176.53061224489795,66022.44897959182
jid_704427,43097.0,136.0,2,203,3795612,3795612,3795816,JobState.COMPLETED,1.0,0,0,0,176.5306122448979,176.53061224489795,71671.42857142855
jid_704432,43097.0,136.0,2,207,3795621,3795621,3795829,JobState.COMPLETED,1.0,0,0,0,176.5306122448979,176.53061224489795,73083.67346938772
jid_704460,63453.0,432.0,8,34274,3761560,3761560,3795835,JobState.COMPLETED,1.0,0,0,0,176.5306122449001,176.53061224489795,48403281.63265365
jid_704443,43097.0,136.0,2,211,3795645,3795645,3795857,JobState.COMPLETED,1.0,0,0,0,176.53061224489787,176.53061224489795,74495.9183673469
jid_704625,63404.0,432.0,1,34425,3761436,3761436,3795862,JobState.COMPLETED,1.0,0,0,0,176.5306122448999,176.53061224489795,6077066.326530679
jid_704451,43097.0,136.0,2,250,3795611,3795611,3795862,JobState.COMPLETED,1.0,0,0,0,176.5306122448979,176.53061224489795,88265.30612244895
jid_704448,43097.0,136.0,2,234,3795628,3795628,3795863,JobState.COMPLETED,1.0,0,0,0,176.53061224489787,176.53061224489795,82616.3265306122
jid_704460,63453.0,432.0,8,34303,3761561,3761561,3795865,JobState.COMPLETED,1.0,0,0,0,176.53061224490008,176.53061224489795,48444236.73469446
jid_704452,43097.0,136.0,2,1517,3794348,3794348,3795866,JobState.COMPLETED,1.0,0,0,0,176.5306122448975,176.53061224489795,535593.877551019
jid_704456,43097.0,136.0,2,1615,3794268,3794268,3795884,JobState.COMPLETED,1.0,0,0,0,176.53061224489744,176.53061224489795,570193.8775510187
jid_704230,63403.0,432.0,1,34475,3761430,3761430,3795906,JobState.COMPLETED,1.0,0,0,0,176.53061224489986,176.53061224489795,6085892.8571429225
jid_704467,43097.0,136.0,2,190,3795789,3795789,3795980,JobState.COMPLETED,1.0,0,0,0,176.5306122448979,176.53061224489795,67081.6326530612
jid_704468,43097.0,136.0,2,191,3795790,3795790,3795982,JobState.COMPLETED,1.0,0,0,0,176.5306122448979,176.53061224489795,67434.69387755099
jid_704471,62802.0,37.0,1,45,3795949,3795949,3795995,JobState.COMPLETED,0.614840500768634,0,0,0,129.36822458391435,129.36822458391435,5821.570106276146
jid_704477,43097.0,136.0,2,212,3795787,3795787,3796000,JobState.COMPLETED,1.0,0,0,0,176.53061224489787,176.53061224489795,74848.9795918367
jid_704490,43097.0,136.0,2,235,3795788,3795788,3796024,JobState.COMPLETED,1.0,0,0,0,176.53061224489787,176.53061224489795,82969.387755102
jid_704495,43097.0,136.0,2,236,3795798,3795798,3796035,JobState.COMPLETED,1.0,0,0,0,176.53061224489787,176.53061224489795,83322.44897959179
jid_704497,43097.0,136.0,2,2022,3794032,3794032,3796055,JobState.COMPLETED,1.0,0,0,0,176.53061224489727,176.53061224489795,713889.7959183645
jid_704512,43097.0,136.0,2,195,3795934,3795934,3796130,JobState.COMPLETED,1.0,0,0,0,176.5306122448979,176.53061224489795,68846.93877551018
jid_704515,43097.0,136.0,2,210,3795925,3795925,3796136,JobState.COMPLETED,1.0,0,0,0,176.53061224489787,176.53061224489795,74142.8571428571
jid_704523,43097.0,136.0,2,177,3795973,3795973,3796151,JobState.COMPLETED,1.0,0,0,0,176.5306122448979,176.53061224489795,62491.836734693854
jid_704526,43097.0,136.0,2,223,3795931,3795931,3796155,JobState.COMPLETED,1.0,0,0,0,176.53061224489787,176.53061224489795,78732.65306122445
jid_704537,43097.0,136.0,2,217,3795964,3795964,3796182,JobState.COMPLETED,1.0,0,0,0,176.53061224489787,176.53061224489795,76614.28571428568
jid_704542,43097.0,136.0,2,220,3795967,3795967,3796188,JobState.COMPLETED,1.0,0,0,0,176.53061224489787,176.53061224489795,77673.46938775506
jid_704544,43097.0,136.0,2,222,3795970,3795970,3796193,JobState.COMPLETED,1.0,0,0,0,176.53061224489787,176.53061224489795,78379.59183673465
jid_704246,62939.0,432.0,1,34790,3761439,3761439,3796230,JobState.COMPLETED,1.0,0,0,0,176.53061224489943,176.53061224489795,6141500.000000051
jid_704551,43097.0,136.0,2,296,3795937,3795937,3796234,JobState.COMPLETED,1.0,0,0,0,176.53061224489795,176.53061224489795,104506.12244897959
jid_704657,63468.0,432.0,8,34703,3761554,3761554,3796258,JobState.COMPLETED,1.0,0,0,0,176.53061224489954,176.53061224489795,49009134.69387799
jid_704555,43097.0,136.0,2,163,3796122,3796122,3796286,JobState.COMPLETED,1.0,0,0,0,176.5306122448979,176.53061224489795,57548.979591836716
jid_704556,43097.0,136.0,2,189,3796103,3796103,3796293,JobState.COMPLETED,1.0,0,0,0,176.5306122448979,176.53061224489795,66728.5714285714
jid_704557,43097.0,136.0,2,189,3796107,3796107,3796297,JobState.COMPLETED,1.0,0,0,0,176.5306122448979,176.53061224489795,66728.5714285714
jid_704559,43097.0,136.0,2,185,3796113,3796113,3796299,JobState.COMPLETED,1.0,0,0,0,176.5306122448979,176.53061224489795,65316.32653061222
jid_704558,43097.0,136.0,2,179,3796121,3796121,3796301,JobState.COMPLETED,1.0,0,0,0,176.5306122448979,176.53061224489795,63197.95918367345
jid_704564,43097.0,136.0,2,191,3796136,3796136,3796328,JobState.COMPLETED,1.0,0,0,0,176.5306122448979,176.53061224489795,67434.69387755099
jid_704565,43097.0,136.0,2,201,3796127,3796127,3796329,JobState.COMPLETED,1.0,0,0,0,176.5306122448979,176.53061224489795,70965.30612244895
jid_704567,43097.0,136.0,2,193,3796135,3796135,3796329,JobState.COMPLETED,1.0,0,0,0,176.5306122448979,176.53061224489795,68140.81632653059
jid_704562,43097.0,136.0,2,183,3796145,3796145,3796329,JobState.COMPLETED,1.0,0,0,0,176.5306122448979,176.53061224489795,64610.204081632626
jid_704208,63405.0,432.0,1,34926,3761435,3761435,3796362,JobState.COMPLETED,1.0,0,0,0,176.53061224489923,176.53061224489795,6165508.16326535
jid_704582,43097.0,136.0,2,248,3796117,3796117,3796366,JobState.COMPLETED,1.0,0,0,0,176.5306122448979,176.53061224489795,87559.18367346935
jid_704583,43097.0,136.0,2,2270,3794096,3794096,3796367,JobState.COMPLETED,1.0,0,0,0,176.53061224489718,176.53061224489795,801448.9795918332
jid_704601,43097.0,136.0,2,236,3796131,3796131,3796368,JobState.COMPLETED,1.0,0,0,0,176.53061224489787,176.53061224489795,83322.44897959179
jid_704589,43097.0,136.0,2,279,3796102,3796102,3796382,JobState.COMPLETED,1.0,0,0,0,176.53061224489792,176.53061224489795,98504.08163265305
jid_704595,43097.0,136.0,2,291,3796106,3796106,3796398,JobState.COMPLETED,1.0,0,0,0,176.53061224489795,176.53061224489795,102740.8163265306
jid_704609,43097.0,136.0,2,176,3796299,3796299,3796476,JobState.COMPLETED,1.0,0,0,0,176.5306122448979,176.53061224489795,62138.77551020406
jid_704613,43097.0,136.0,2,200,3796284,3796284,3796485,JobState.COMPLETED,1.0,0,0,0,176.5306122448979,176.53061224489795,70612.24489795916
jid_704618,43097.0,136.0,2,218,3796272,3796272,3796491,JobState.COMPLETED,1.0,0,0,0,176.53061224489787,176.53061224489795,76967.34693877547
jid_704616,62802.0,37.0,1,46,3796446,3796446,3796493,JobState.COMPLETED,0.6158492690605964,0,0,0,129.49174723190976,129.49174723190976,5956.620372667849
jid_704627,43097.0,136.0,2,215,3796292,3796292,3796508,JobState.COMPLETED,1.0,0,0,0,176.53061224489787,176.53061224489795,75908.16326530608
jid_704629,43097.0,136.0,2,195,3796316,3796316,3796512,JobState.COMPLETED,1.0,0,0,0,176.5306122448979,176.53061224489795,68846.93877551018
jid_704642,43097.0,136.0,2,235,3796309,3796309,3796545,JobState.COMPLETED,1.0,0,0,0,176.53061224489787,176.53061224489795,82969.387755102
jid_704646,43097.0,136.0,2,256,3796293,3796293,3796550,JobState.COMPLETED,1.0,0,0,0,176.5306122448979,176.53061224489795,90383.67346938772
jid_704648,43097.0,136.0,2,245,3796312,3796312,3796558,JobState.COMPLETED,1.0,0,0,0,176.5306122448979,176.53061224489795,86499.99999999997
jid_704649,43097.0,136.0,2,254,3796320,3796320,3796575,JobState.COMPLETED,1.0,0,0,0,176.5306122448979,176.53061224489795,89677.55102040814
jid_704238,63455.0,432.0,8,35037,3761565,3761565,3796603,JobState.COMPLETED,1.0,0,0,0,176.5306122448991,176.53061224489795,49480824.489796236
jid_704663,43097.0,136.0,2,194,3796460,3796460,3796655,JobState.COMPLETED,1.0,0,0,0,176.5306122448979,176.53061224489795,68493.87755102038
jid_704664,43097.0,136.0,2,171,3796485,3796485,3796657,JobState.COMPLETED,1.0,0,0,0,176.5306122448979,176.53061224489795,60373.46938775508
jid_704665,43097.0,136.0,2,2492,3794166,3794166,3796659,JobState.COMPLETED,1.0,0,0,0,176.53061224489713,176.53061224489795,879828.5714285673
jid_704668,43097.0,136.0,2,184,3796475,3796475,3796660,JobState.COMPLETED,1.0,0,0,0,176.5306122448979,176.53061224489795,64963.26530612243
jid_704675,43097.0,136.0,2,186,3796503,3796503,3796690,JobState.COMPLETED,1.0,0,0,0,176.5306122448979,176.53061224489795,65669.38775510201
jid_704682,43097.0,136.0,2,224,3796473,3796473,3796698,JobState.COMPLETED,1.0,0,0,0,176.53061224489787,176.53061224489795,79085.71428571425
jid_704707,43097.0,136.0,2,211,3796493,3796493,3796705,JobState.COMPLETED,1.0,0,0,0,176.53061224489787,176.53061224489795,74495.9183673469
jid_704692,63406.0,432.0,1,35266,3761441,3761441,3796708,JobState.COMPLETED,1.0,0,0,0,176.5306122448988,176.53061224489795,6225528.571428602
jid_704687,43097.0,136.0,2,2406,3794315,3794315,3796722,JobState.COMPLETED,1.0,0,0,0,176.53061224489713,176.53061224489795,849465.306122445
jid_704689,43097.0,136.0,2,235,3796488,3796488,3796724,JobState.COMPLETED,1.0,0,0,0,176.53061224489787,176.53061224489795,82969.387755102
jid_704692,63406.0,432.0,1,35295,3761440,3761440,3796736,JobState.COMPLETED,1.0,0,0,0,176.53061224489875,176.53061224489795,6230647.959183701
jid_704696,43097.0,136.0,2,257,3796482,3796482,3796740,JobState.COMPLETED,1.0,0,0,0,176.5306122448979,176.53061224489795,90736.73469387752
jid_704711,43097.0,136.0,2,180,3796639,3796639,3796820,JobState.COMPLETED,1.0,0,0,0,176.5306122448979,176.53061224489795,63551.02040816324
jid_704721,43097.0,136.0,2,179,3796663,3796663,3796843,JobState.COMPLETED,1.0,0,0,0,176.5306122448979,176.53061224489795,63197.95918367345
jid_704724,43097.0,136.0,2,178,3796668,3796668,3796847,JobState.COMPLETED,1.0,0,0,0,176.5306122448979,176.53061224489795,62844.897959183654
jid_704725,43097.0,136.0,2,194,3796659,3796659,3796854,JobState.COMPLETED,1.0,0,0,0,176.5306122448979,176.53061224489795,68493.87755102038
jid_705235,63421.0,432.0,1,35398,3761463,3761463,3796862,JobState.COMPLETED,1.0,0,0,0,176.53061224489863,176.53061224489795,6248830.612244922
jid_704734,43097.0,136.0,2,193,3796676,3796676,3796870,JobState.COMPLETED,1.0,0,0,0,176.5306122448979,176.53061224489795,68140.81632653059
jid_704735,43097.0,136.0,2,231,3796640,3796640,3796872,JobState.COMPLETED,1.0,0,0,0,176.53061224489787,176.53061224489795,81557.14285714281
jid_704737,43097.0,136.0,2,191,3796682,3796682,3796874,JobState.COMPLETED,1.0,0,0,0,176.5306122448979,176.53061224489795,67434.69387755099
jid_704738,43097.0,136.0,2,238,3796637,3796637,3796876,JobState.COMPLETED,1.0,0,0,0,176.53061224489787,176.53061224489795,84028.57142857139
jid_704739,43097.0,136.0,2,243,3796633,3796633,3796877,JobState.COMPLETED,1.0,0,0,0,176.5306122448979,176.53061224489795,85793.87755102037
jid_704740,43097.0,136.0,2,212,3796665,3796665,3796878,JobState.COMPLETED,1.0,0,0,0,176.53061224489787,176.53061224489795,74848.9795918367
jid_704747,43097.0,136.0,2,224,3796675,3796675,3796900,JobState.COMPLETED,1.0,0,0,0,176.53061224489787,176.53061224489795,79085.71428571425
jid_704751,43097.0,136.0,2,226,3796678,3796678,3796905,JobState.COMPLETED,1.0,0,0,0,176.53061224489787,176.53061224489795,79791.83673469383
jid_704761,63459.0,432.0,8,35408,3761559,3761559,3796968,JobState.COMPLETED,1.0,0,0,0,176.5306122448986,176.53061224489795,50004767.34693896
jid_704761,63459.0,432.0,8,35428,3761559,3761559,3796988,JobState.COMPLETED,1.0,0,0,0,176.53061224489858,176.53061224489795,50033012.24489813
jid_704775,43097.0,136.0,2,204,3796833,3796833,3797038,JobState.COMPLETED,1.0,0,0,0,176.5306122448979,176.53061224489795,72024.48979591834
jid_704778,43097.0,136.0,2,193,3796847,3796847,3797041,JobState.COMPLETED,1.0,0,0,0,176.5306122448979,176.53061224489795,68140.81632653059
jid_704780,43097.0,136.0,2,230,3796814,3796814,3797045,JobState.COMPLETED,1.0,0,0,0,176.53061224489787,176.53061224489795,81204.08163265302
jid_704788,43097.0,136.0,2,206,3796855,3796855,3797062,JobState.COMPLETED,1.0,0,0,0,176.5306122448979,176.53061224489795,72730.61224489793
jid_704790,43097.0,136.0,2,221,3796848,3796848,3797070,JobState.COMPLETED,1.0,0,0,0,176.53061224489787,176.53061224489795,78026.53061224485
jid_704797,43097.0,136.0,2,228,3796857,3796857,3797086,JobState.COMPLETED,1.0,0,0,0,176.53061224489787,176.53061224489795,80497.95918367343
jid_704844,43097.0,136.0,2,250,3796844,3796844,3797095,JobState.COMPLETED,1.0,0,0,0,176.5306122448979,176.53061224489795,88265.30612244895
jid_704818,43097.0,136.0,2,271,3796849,3796849,3797121,JobState.COMPLETED,1.0,0,0,0,176.53061224489792,176.53061224489795,95679.59183673467
jid_704811,43097.0,136.0,2,178,3796994,3796994,3797173,JobState.COMPLETED,1.0,0,0,0,176.5306122448979,176.53061224489795,62844.897959183654
jid_704819,43097.0,136.0,2,182,3797014,3797014,3797197,JobState.COMPLETED,1.0,0,0,0,176.5306122448979,176.53061224489795,64257.14285714283
jid_704824,43097.0,136.0,2,199,3797002,3797002,3797202,JobState.COMPLETED,1.0,0,0,0,176.5306122448979,176.53061224489795,70259.18367346936
jid_704859,43097.0,136.0,2,216,3796989,3796989,3797206,JobState.COMPLETED,1.0,0,0,0,176.53061224489787,176.53061224489795,76261.22448979587
jid_704830,43097.0,136.0,2,191,3797017,3797017,3797209,JobState.COMPLETED,1.0,0,0,0,176.5306122448979,176.53061224489795,67434.69387755099
jid_704838,43097.0,136.0,2,210,3797022,3797022,3797233,JobState.COMPLETED,1.0,0,0,0,176.53061224489787,176.53061224489795,74142.8571428571
jid_704852,43097.0,136.0,2,249,3797010,3797010,3797260,JobState.COMPLETED,1.0,0,0,0,176.5306122448979,176.53061224489795,87912.24489795916
jid_704856,43097.0,136.0,2,263,3797003,3797003,3797267,JobState.COMPLETED,1.0,0,0,0,176.53061224489792,176.53061224489795,92855.1020408163
jid_704860,43097.0,136.0,2,246,3797036,3797036,3797283,JobState.COMPLETED,1.0,0,0,0,176.5306122448979,176.53061224489795,86853.06122448976
jid_705159,63407.0,432.0,1,35879,3761439,3761439,3797319,JobState.COMPLETED,1.0,0,0,0,176.530612244898,176.53061224489795,6333741.836734695
jid_704866,43097.0,136.0,2,190,3797170,3797170,3797361,JobState.COMPLETED,1.0,0,0,0,176.5306122448979,176.53061224489795,67081.6326530612
jid_704876,43097.0,136.0,2,205,3797187,3797187,3797393,JobState.COMPLETED,1.0,0,0,0,176.5306122448979,176.53061224489795,72377.55102040814
jid_704878,43097.0,136.0,2,204,3797188,3797188,3797393,JobState.COMPLETED,1.0,0,0,0,176.5306122448979,176.53061224489795,72024.48979591834
jid_704883,43097.0,136.0,2,214,3797206,3797206,3797421,JobState.COMPLETED,1.0,0,0,0,176.53061224489787,176.53061224489795,75555.10204081629
jid_704890,43097.0,136.0,2,233,3797203,3797203,3797437,JobState.COMPLETED,1.0,0,0,0,176.53061224489787,176.53061224489795,82263.26530612241
jid_704896,43097.0,136.0,2,250,3797208,3797208,3797459,JobState.COMPLETED,1.0,0,0,0,176.5306122448979,176.53061224489795,88265.30612244895
jid_704899,63508.0,615.0,1,18,3797460,3797460,3797479,JobState.COMPLETED,1.0,0,0,0,176.53061224489795,176.53061224489795,3177.551020408163
jid_704902,43097.0,136.0,2,340,3797162,3797162,3797503,JobState.COMPLETED,1.0,0,0,0,176.530612244898,176.53061224489795,120040.81632653065
jid_704944,43097.0,136.0,2,169,3797353,3797353,3797523,JobState.COMPLETED,1.0,0,0,0,176.5306122448979,176.53061224489795,59667.34693877549
jid_704906,43097.0,136.0,2,144,3797383,3797383,3797528,JobState.COMPLETED,1.0,0,0,0,176.5306122448979,176.53061224489795,50840.81632653059
jid_704941,43097.0,136.0,2,187,3797341,3797341,3797529,JobState.COMPLETED,1.0,0,0,0,176.5306122448979,176.53061224489795,66022.44897959182
jid_704910,43097.0,136.0,2,192,3797342,3797342,3797535,JobState.COMPLETED,1.0,0,0,0,176.5306122448979,176.53061224489795,67787.7551020408
jid_704923,43097.0,136.0,2,200,3797362,3797362,3797563,JobState.COMPLETED,1.0,0,0,0,176.5306122448979,176.53061224489795,70612.24489795916
jid_704929,43097.0,136.0,2,192,3797376,3797376,3797569,JobState.COMPLETED,1.0,0,0,0,176.5306122448979,176.53061224489795,67787.7551020408
jid_704935,43097.0,136.0,2,232,3797351,3797351,3797584,JobState.COMPLETED,1.0,0,0,0,176.53061224489787,176.53061224489795,81910.2040816326
jid_704936,43097.0,136.0,2,212,3797375,3797375,3797588,JobState.COMPLETED,1.0,0,0,0,176.53061224489787,176.53061224489795,74848.9795918367
jid_704946,43097.0,136.0,2,272,3797336,3797336,3797609,JobState.COMPLETED,1.0,0,0,0,176.53061224489792,176.53061224489795,96032.65306122447
jid_704950,43097.0,136.0,2,232,3797380,3797380,3797613,JobState.COMPLETED,1.0,0,0,0,176.53061224489787,176.53061224489795,81910.2040816326
jid_704953,43097.0,136.0,2,287,3797343,3797343,3797631,JobState.COMPLETED,1.0,0,0,0,176.53061224489795,176.53061224489795,101328.57142857142
jid_704954,43097.0,136.0,2,151,3797506,3797506,3797658,JobState.COMPLETED,1.0,0,0,0,176.5306122448979,176.53061224489795,53312.244897959165
jid_704957,43097.0,136.0,2,180,3797512,3797512,3797693,JobState.COMPLETED,1.0,0,0,0,176.5306122448979,176.53061224489795,63551.02040816324
jid_704962,43097.0,136.0,2,180,3797527,3797527,3797708,JobState.COMPLETED,1.0,0,0,0,176.5306122448979,176.53061224489795,63551.02040816324
jid_704991,43097.0,136.0,2,186,3797532,3797532,3797719,JobState.COMPLETED,1.0,0,0,0,176.5306122448979,176.53061224489795,65669.38775510201
jid_704967,43097.0,136.0,2,191,3797530,3797530,3797722,JobState.COMPLETED,1.0,0,0,0,176.5306122448979,176.53061224489795,67434.69387755099
jid_704972,43097.0,136.0,2,209,3797529,3797529,3797739,JobState.COMPLETED,1.0,0,0,0,176.5306122448979,176.53061224489795,73789.79591836732
jid_704976,43097.0,136.0,2,203,3797540,3797540,3797744,JobState.COMPLETED,1.0,0,0,0,176.5306122448979,176.53061224489795,71671.42857142855
jid_704988,62802.0,37.0,1,762,3797030,3797030,3797793,JobState.COMPLETED,0.5278797084505306,0,0,0,118.71996430006503,118.71996430006497,90464.61279664956
jid_705040,63410.0,432.0,1,36397,3761441,3761441,3797839,JobState.COMPLETED,1.0,0,0,0,176.53061224489738,176.53061224489795,6425184.69387753
jid_704994,43097.0,136.0,2,165,3797702,3797702,3797868,JobState.COMPLETED,1.0,0,0,0,176.5306122448979,176.53061224489795,58255.1020408163
jid_704999,43097.0,136.0,2,213,3797666,3797666,3797880,JobState.COMPLETED,1.0,0,0,0,176.53061224489787,176.53061224489795,75202.0408163265
jid_704997,63648.0,263.0,15,29406,3768477,3768477,3797884,JobState.COMPLETED,1.0,0,0,0,176.53061224489264,176.53061224489795,77865887.7550997
jid_705025,43097.0,136.0,2,180,3797706,3797706,3797887,JobState.COMPLETED,1.0,0,0,0,176.5306122448979,176.53061224489795,63551.02040816324
jid_705007,43097.0,136.0,2,205,3797690,3797690,3797896,JobState.COMPLETED,1.0,0,0,0,176.5306122448979,176.53061224489795,72377.55102040814
jid_705030,43097.0,136.0,2,192,3797715,3797715,3797908,JobState.COMPLETED,1.0,0,0,0,176.5306122448979,176.53061224489795,67787.7551020408
jid_705011,43097.0,136.0,2,211,3797704,3797704,3797916,JobState.COMPLETED,1.0,0,0,0,176.53061224489787,176.53061224489795,74495.9183673469
jid_705015,43097.0,136.0,2,257,3797673,3797673,3797931,JobState.COMPLETED,1.0,0,0,0,176.5306122448979,176.53061224489795,90736.73469387752
jid_705043,43097.0,136.0,2,238,3797713,3797713,3797952,JobState.COMPLETED,1.0,0,0,0,176.53061224489787,176.53061224489795,84028.57142857139
jid_705024,43097.0,136.0,2,276,3797682,3797682,3797959,JobState.COMPLETED,1.0,0,0,0,176.53061224489792,176.53061224489795,97444.89795918365
jid_705045,43097.0,136.0,2,177,3797858,3797858,3798036,JobState.COMPLETED,1.0,0,0,0,176.5306122448979,176.53061224489795,62491.836734693854
jid_705085,43097.0,136.0,2,182,3797857,3797857,3798040,JobState.COMPLETED,1.0,0,0,0,176.5306122448979,176.53061224489795,64257.14285714283
jid_705072,43097.0,136.0,2,193,3797855,3797855,3798049,JobState.COMPLETED,1.0,0,0,0,176.5306122448979,176.53061224489795,68140.81632653059
jid_705048,43097.0,136.0,2,179,3797870,3797870,3798050,JobState.COMPLETED,1.0,0,0,0,176.5306122448979,176.53061224489795,63197.95918367345
jid_705053,43097.0,136.0,2,226,3797840,3797840,3798067,JobState.COMPLETED,1.0,0,0,0,176.53061224489787,176.53061224489795,79791.83673469383
jid_705061,43097.0,136.0,2,244,3797845,3797845,3798090,JobState.COMPLETED,1.0,0,0,0,176.5306122448979,176.53061224489795,86146.93877551018
jid_705062,43097.0,136.0,2,227,3797868,3797868,3798096,JobState.COMPLETED,1.0,0,0,0,176.53061224489787,176.53061224489795,80144.89795918363
jid_705063,43097.0,136.0,2,240,3797856,3797856,3798097,JobState.COMPLETED,1.0,0,0,0,176.5306122448979,176.53061224489795,84734.69387755099
jid_705064,43097.0,136.0,2,256,3797842,3797842,3798099,JobState.COMPLETED,1.0,0,0,0,176.5306122448979,176.53061224489795,90383.67346938772
jid_705073,43097.0,136.0,2,133,3797995,3797995,3798129,JobState.COMPLETED,1.0,0,0,0,176.5306122448979,176.53061224489795,46957.14285714284
jid_705089,43097.0,136.0,2,172,3798015,3798015,3798188,JobState.COMPLETED,1.0,0,0,0,176.5306122448979,176.53061224489795,60726.530612244875
jid_705103,43097.0,136.0,2,237,3798007,3798007,3798245,JobState.COMPLETED,1.0,0,0,0,176.53061224489787,176.53061224489795,83675.51020408158
jid_705105,43097.0,136.0,2,235,3798014,3798014,3798250,JobState.COMPLETED,1.0,0,0,0,176.53061224489787,176.53061224489795,82969.387755102
jid_705008,63456.0,432.0,8,36696,3761559,3761559,3798256,JobState.COMPLETED,1.0,0,0,0,176.53061224489701,176.53061224489795,51823738.77550992
jid_704297,63450.0,432.0,8,36757,3761562,3761562,3798320,JobState.COMPLETED,1.0,0,0,0,176.53061224489693,176.53061224489795,51909885.71428541
jid_705113,43097.0,136.0,2,170,3798157,3798157,3798328,JobState.COMPLETED,1.0,0,0,0,176.5306122448979,176.53061224489795,60020.40816326528
jid_704220,63469.0,432.0,8,36768,3761566,3761566,3798335,JobState.COMPLETED,1.0,0,0,0,176.53061224489693,176.53061224489795,51925420.40816296
jid_705116,43097.0,136.0,2,172,3798166,3798166,3798339,JobState.COMPLETED,1.0,0,0,0,176.5306122448979,176.53061224489795,60726.530612244875
jid_705135,43097.0,136.0,2,194,3798170,3798170,3798365,JobState.COMPLETED,1.0,0,0,0,176.5306122448979,176.53061224489795,68493.87755102038
jid_705127,43097.0,136.0,2,245,3798146,3798146,3798392,JobState.COMPLETED,1.0,0,0,0,176.5306122448979,176.53061224489795,86499.99999999997
jid_704222,63308.0,432.0,1,36982,3761437,3761437,3798420,JobState.COMPLETED,1.0,0,0,0,176.53061224489667,176.53061224489795,6528455.102040769
jid_705133,43097.0,136.0,2,277,3798145,3798145,3798423,JobState.COMPLETED,1.0,0,0,0,176.53061224489792,176.53061224489795,97797.95918367345
jid_705139,43097.0,136.0,2,147,3798308,3798308,3798456,JobState.COMPLETED,1.0,0,0,0,176.5306122448979,176.53061224489795,51899.99999999998
jid_705145,43097.0,136.0,2,4618,3793866,3793866,3798485,JobState.COMPLETED,1.0,0,0,0,176.53061224489682,176.53061224489795,1630436.734693867
jid_705195,63420.0,432.0,1,37028,3761464,3761464,3798493,JobState.COMPLETED,1.0,0,0,0,176.53061224489662,176.53061224489795,6536575.510204032
jid_705181,63427.0,432.0,1,37114,3761473,3761473,3798588,JobState.COMPLETED,1.0,0,0,0,176.5306122448965,176.53061224489795,6551757.142857089
jid_705166,43097.0,136.0,2,178,3798442,3798442,3798621,JobState.COMPLETED,1.0,0,0,0,176.5306122448979,176.53061224489795,62844.897959183654
jid_705168,43097.0,136.0,2,205,3798432,3798432,3798638,JobState.COMPLETED,1.0,0,0,0,176.5306122448979,176.53061224489795,72377.55102040814
jid_705040,63410.0,432.0,1,37200,3761442,3761442,3798643,JobState.COMPLETED,1.0,0,0,0,176.5306122448964,176.53061224489795,6566938.775510145
jid_705174,43097.0,136.0,2,258,3798431,3798431,3798690,JobState.COMPLETED,1.0,0,0,0,176.5306122448979,176.53061224489795,91089.79591836731
jid_705175,43097.0,136.0,2,132,3798567,3798567,3798700,JobState.COMPLETED,1.0,0,0,0,176.5306122448979,176.53061224489795,46604.08163265305
jid_705176,43097.0,136.0,2,126,3798574,3798574,3798701,JobState.COMPLETED,1.0,0,0,0,176.5306122448979,176.53061224489795,44485.71428571427
jid_705141,63428.0,432.0,1,37236,3761474,3761474,3798711,JobState.COMPLETED,1.0,0,0,0,176.53061224489636,176.53061224489795,6573293.8775509605
jid_704459,63425.0,432.0,1,37259,3761471,3761471,3798731,JobState.COMPLETED,1.0,0,0,0,176.53061224489633,176.53061224489795,6577354.081632593
jid_705182,43097.0,136.0,2,173,3798571,3798571,3798745,JobState.COMPLETED,1.0,0,0,0,176.5306122448979,176.53061224489795,61079.591836734675
jid_705159,63407.0,432.0,1,37347,3761439,3761439,3798787,JobState.COMPLETED,1.0,0,0,0,176.53061224489625,176.53061224489795,6592888.77551014
jid_705219,63423.0,432.0,1,37340,3761468,3761468,3798809,JobState.COMPLETED,1.0,0,0,0,176.53061224489625,176.53061224489795,6591653.061224426
jid_705191,62867.0,623.0,15,46476,3752355,3752355,3798832,JobState.COMPLETED,1.0,0,0,0,176.53061224491202,176.53061224489795,123066551.02041797
jid_705247,63417.0,432.0,1,37381,3761456,3761456,3798838,JobState.COMPLETED,1.0,0,0,0,176.5306122448962,176.53061224489795,6598890.8163264645
jid_704260,63458.0,432.0,8,37284,3761553,3761553,3798838,JobState.COMPLETED,1.0,0,0,0,176.5306122448963,176.53061224489795,52654138.77550971
jid_704406,63426.0,432.0,1,37374,3761470,3761470,3798845,JobState.COMPLETED,1.0,0,0,0,176.5306122448962,176.53061224489795,6597655.10204075
jid_705198,43097.0,136.0,2,281,3798568,3798568,3798850,JobState.COMPLETED,1.0,0,0,0,176.53061224489795,176.53061224489795,99210.20408163265
jid_705181,63427.0,432.0,1,37385,3761473,3761473,3798859,JobState.COMPLETED,1.0,0,0,0,176.5306122448962,176.53061224489795,6599596.938775444
jid_705193,43097.0,136.0,2,161,3798706,3798706,3798868,JobState.COMPLETED,1.0,0,0,0,176.5306122448979,176.53061224489795,56842.85714285712
jid_705195,63420.0,432.0,1,37424,3761464,3761464,3798889,JobState.COMPLETED,1.0,0,0,0,176.53061224489613,176.53061224489795,6606481.632652993
jid_705203,43097.0,136.0,2,188,3798710,3798710,3798899,JobState.COMPLETED,1.0,0,0,0,176.5306122448979,176.53061224489795,66375.51020408161
jid_705141,63428.0,432.0,1,37429,3761475,3761475,3798905,JobState.COMPLETED,1.0,0,0,0,176.53061224489613,176.53061224489795,6607364.285714217
jid_705197,38222.0,526.0,1,977,3797937,3797937,3798915,JobState.COMPLETED,1.0,0,0,0,176.53061224489807,176.53061224489795,172470.4081632654
jid_704655,63408.0,432.0,1,37491,3761443,3761443,3798935,JobState.COMPLETED,1.0,0,0,0,176.53061224489608,176.53061224489795,6618309.183673399
jid_705254,63414.0,432.0,1,37510,3761453,3761453,3798964,JobState.COMPLETED,1.0,0,0,0,176.53061224489605,176.53061224489795,6621663.265306051
jid_705204,43097.0,136.0,2,258,3798712,3798712,3798971,JobState.COMPLETED,1.0,0,0,0,176.5306122448979,176.53061224489795,91089.79591836731
jid_705229,63262.0,432.0,1,37515,3761457,3761457,3798973,JobState.COMPLETED,1.0,0,0,0,176.53061224489605,176.53061224489795,6622545.918367275
jid_705210,63722.0,122.99999999999997,160,509,3798513,3798513,3799023,JobState.COMPLETED,0.7570597062201951,0,0,0,146.78282116981995,146.7828211698198,11953992.956070136
jid_705212,38222.0,526.0,1,760,3798280,3798280,3799041,JobState.COMPLETED,1.0,0,0,0,176.53061224489815,176.53061224489795,134163.2653061226
jid_705243,62983.0,432.0,1,37723,3761458,3761458,3799182,JobState.COMPLETED,1.0,0,0,0,176.5306122448958,176.53061224489795,6659264.285714204
jid_705228,43097.0,136.0,2,235,3798965,3798965,3799201,JobState.COMPLETED,1.0,0,0,0,176.53061224489787,176.53061224489795,82969.387755102
jid_705277,63418.0,432.0,1,37745,3761460,3761460,3799206,JobState.COMPLETED,1.0,0,0,0,176.53061224489576,176.53061224489795,6663147.9591835905
jid_705221,63096.0,432.0,1,37764,3761461,3761461,3799226,JobState.COMPLETED,1.0,0,0,0,176.53061224489576,176.53061224489795,6666502.040816244
jid_705311,63412.0,432.0,1,37920,3761447,3761447,3799368,JobState.COMPLETED,1.0,0,0,0,176.53061224489556,176.53061224489795,6694040.816326439
jid_705219,63423.0,432.0,1,37913,3761468,3761468,3799382,JobState.COMPLETED,1.0,0,0,0,176.5306122448956,176.53061224489795,6692805.102040727
jid_705290,62951.0,432.0,1,37974,3761452,3761452,3799427,JobState.COMPLETED,1.0,0,0,0,176.5306122448955,176.53061224489795,6703573.469387662
jid_705278,63416.0,432.0,1,38041,3761454,3761454,3799496,JobState.COMPLETED,1.0,0,0,0,176.53061224489545,176.53061224489795,6715401.020408068
jid_705255,43097.0,136.0,2,175,3799341,3799341,3799517,JobState.COMPLETED,1.0,0,0,0,176.5306122448979,176.53061224489795,61785.71428571426
jid_705257,63413.0,432.0,1,38080,3761450,3761450,3799531,JobState.COMPLETED,1.0,0,0,0,176.5306122448954,176.53061224489795,6722285.714285617
jid_705260,62990.0,432.0,1,38089,3761466,3761466,3799556,JobState.COMPLETED,1.0,0,0,0,176.5306122448954,176.53061224489795,6723874.489795821
jid_705221,63096.0,432.0,1,38147,3761461,3761461,3799609,JobState.COMPLETED,1.0,0,0,0,176.53061224489534,176.53061224489795,6734113.265306022
jid_705277,63418.0,432.0,1,38169,3761460,3761460,3799630,JobState.COMPLETED,1.0,0,0,0,176.5306122448953,176.53061224489795,6737996.938775409
jid_705290,62951.0,432.0,1,38236,3761451,3761451,3799688,JobState.COMPLETED,1.0,0,0,0,176.53061224489522,176.53061224489795,6749824.489795813
jid_705271,43097.0,136.0,2,141,3799596,3799596,3799738,JobState.COMPLETED,1.0,0,0,0,176.5306122448979,176.53061224489795,49781.632653061206
jid_705229,63262.0,432.0,1,38281,3761458,3761458,3799740,JobState.COMPLETED,1.0,0,0,0,176.53061224489517,176.53061224489795,6757768.367346832
jid_705247,63417.0,432.0,1,38288,3761456,3761456,3799745,JobState.COMPLETED,1.0,0,0,0,176.53061224489517,176.53061224489795,6759004.081632546
jid_705272,63419.0,432.0,1,38295,3761461,3761461,3799757,JobState.COMPLETED,1.0,0,0,0,176.53061224489517,176.53061224489795,6760239.795918261
jid_705257,63413.0,432.0,1,38325,3761450,3761450,3799776,JobState.COMPLETED,1.0,0,0,0,176.53061224489514,176.53061224489795,6765535.7142856065
jid_705254,63414.0,432.0,1,38321,3761454,3761454,3799776,JobState.COMPLETED,1.0,0,0,0,176.53061224489514,176.53061224489795,6764829.591836627
jid_705273,63658.0,590.0,17,28064,3771722,3771722,3799787,JobState.COMPLETED,1.0,0,0,0,176.53061224488678,176.53061224489795,84220636.73468854
jid_705274,43097.0,136.0,2,100,3799722,3799722,3799823,JobState.COMPLETED,1.0,0,0,0,176.53061224489792,176.53061224489795,35306.122448979586
jid_705153,62952.0,432.0,8,38345,3761558,3761558,3799904,JobState.COMPLETED,1.0,0,0,0,176.5306122448951,176.53061224489795,54152530.612244025
jid_705277,63418.0,432.0,1,38452,3761459,3761459,3799912,JobState.COMPLETED,1.0,0,0,0,176.530612244895,176.53061224489795,6787955.1020407025
jid_705280,43097.0,136.0,2,89,3799845,3799845,3799935,JobState.COMPLETED,1.0,0,0,0,176.53061224489795,176.53061224489795,31422.448979591834
jid_705289,43097.0,136.0,2,6070,3794070,3794070,3800141,JobState.COMPLETED,1.0,0,0,0,176.53061224489673,176.53061224489795,2143081.6326530464
jid_705292,43097.0,136.0,2,5835,3794328,3794328,3800164,JobState.COMPLETED,1.0,0,0,0,176.53061224489676,176.53061224489795,2060112.244897945
jid_704655,63408.0,432.0,1,38744,3761443,3761443,3800188,JobState.COMPLETED,1.0,0,0,0,176.53061224489466,176.53061224489795,6839502.040816198
jid_704212,63472.0,432.0,8,38720,3761569,3761569,3800290,JobState.COMPLETED,1.0,0,0,0,176.53061224489468,176.53061224489795,54682122.44897858
jid_705008,63456.0,432.0,8,38925,3761559,3761559,3800485,JobState.COMPLETED,1.0,0,0,0,176.53061224489448,176.53061224489795,54971632.653060146
jid_705304,43097.0,136.0,2,77,3800467,3800467,3800545,JobState.COMPLETED,1.0,0,0,0,176.53061224489795,176.53061224489795,27185.714285714286
jid_705306,43097.0,136.0,2,81,3800465,3800465,3800547,JobState.COMPLETED,1.0,0,0,0,176.53061224489795,176.53061224489795,28597.95918367347
jid_705311,63412.0,432.0,1,39137,3761446,3761446,3800584,JobState.COMPLETED,1.0,0,0,0,176.53061224489426,176.53061224489795,6908878.571428427
jid_705309,43097.0,136.0,2,79,3800592,3800592,3800672,JobState.COMPLETED,1.0,0,0,0,176.53061224489795,176.53061224489795,27891.836734693876
jid_705359,207.0,122.99999999999997,10,37,3800893,3800893,3800931,JobState.COMPLETED,1.0,0,0,0,176.53061224489795,176.53061224489795,65316.32653061224
jid_705277,63418.0,432.0,1,39525,3761459,3761459,3800985,JobState.COMPLETED,1.0,0,0,0,176.53061224489383,176.53061224489795,6977372.448979429
jid_705260,62990.0,432.0,1,39545,3761466,3761466,3801012,JobState.COMPLETED,1.0,0,0,0,176.53061224489383,176.53061224489795,6980903.0612243265
jid_705257,63413.0,432.0,1,39596,3761450,3761450,3801047,JobState.COMPLETED,1.0,0,0,0,176.53061224489377,176.53061224489795,6989906.122448814
jid_705348,43097.0,136.0,2,72,3800991,3800991,3801064,JobState.COMPLETED,1.0,0,0,0,176.53061224489795,176.53061224489795,25420.408163265303
jid_704249,63449.0,432.0,8,39737,3761563,3761563,3801301,JobState.COMPLETED,1.0,0,0,0,176.53061224489363,176.53061224489795,56118375.510202706
jid_704260,63458.0,432.0,8,39852,3761552,3761552,3801405,JobState.COMPLETED,1.0,0,0,0,176.5306122448935,176.53061224489795,56280783.673467964
jid_705040,63410.0,432.0,1,40215,3761442,3761442,3801658,JobState.COMPLETED,1.0,0,0,0,176.53061224489315,176.53061224489795,7099178.571428378
jid_705724,43097.0,136.0,2,134,3801618,3801618,3801753,JobState.COMPLETED,1.0,0,0,0,176.5306122448979,176.53061224489795,47310.20408163263
jid_705222,63409.0,432.0,1,40341,3761445,3761445,3801787,JobState.COMPLETED,1.0,0,0,0,176.530612244893,176.53061224489795,7121421.428571229
jid_705219,63423.0,432.0,1,40328,3761468,3761468,3801797,JobState.COMPLETED,1.0,0,0,0,176.53061224489304,176.53061224489795,7119126.530612046
jid_705730,43097.0,136.0,2,74,3801919,3801919,3801994,JobState.COMPLETED,1.0,0,0,0,176.53061224489795,176.53061224489795,26126.530612244896
jid_705111,63454.0,432.0,8,40502,3761556,3761556,3802059,JobState.COMPLETED,1.0,0,0,0,176.53061224489284,176.53061224489795,57198742.8571412
jid_705737,62815.0,26.0,399,18604,3783584,3783584,3802189,JobState.COMPLETED,1.0,0,0,0,176.53061224490148,176.53061224489798,1310386028.5714548
jid_704406,63426.0,432.0,1,40799,3761470,3761470,3802270,JobState.COMPLETED,1.0,0,0,0,176.53061224489255,176.53061224489795,7202272.448979371
jid_705195,63420.0,432.0,1,40834,3761464,3761464,3802299,JobState.COMPLETED,1.0,0,0,0,176.53061224489252,176.53061224489795,7208451.020407941
jid_705153,62952.0,432.0,8,41022,3761557,3761557,3802580,JobState.COMPLETED,1.0,0,0,0,176.53061224489235,176.53061224489795,57933110.20407979
jid_705753,43097.0,136.0,2,88,3802541,3802541,3802630,JobState.COMPLETED,1.0,0,0,0,176.53061224489795,176.53061224489795,31069.38775510204
jid_705111,63454.0,432.0,8,41163,3761556,3761556,3802720,JobState.COMPLETED,1.0,0,0,0,176.5306122448922,176.53061224489795,58132236.734691985
jid_704260,63458.0,432.0,8,41172,3761552,3761552,3802725,JobState.COMPLETED,1.0,0,0,0,176.5306122448922,176.53061224489795,58144946.93877362
jid_705764,63724.0,637.0,12,14829,3788272,3788272,3803102,JobState.COMPLETED,1.0,0,0,0,176.5306122448942,176.53061224489795,31413269.387754433
jid_705770,34787.0,46.0,1032,99,3803850,3803850,3803950,JobState.COMPLETED,1.0,0,0,0,176.53061224489795,176.53061224489795,18035779.591836732
jid_705756,63460.0,432.0,8,42517,3761555,3761555,3804073,JobState.COMPLETED,1.0,0,0,0,176.53061224489096,176.53061224489795,60044416.32652823
jid_705773,15770.0,124.0,1,39,3804299,3804299,3804339,JobState.COMPLETED,1.0,0,0,0,176.53061224489795,176.53061224489795,6884.69387755102
jid_705774,15770.0,124.0,1,39,3804339,3804339,3804379,JobState.COMPLETED,1.0,0,0,0,176.53061224489795,176.53061224489795,6884.69387755102
jid_705111,63454.0,432.0,8,43201,3761556,3761556,3804758,JobState.COMPLETED,1.0,0,0,0,176.53061224489034,176.53061224489795,61010391.83673206
jid_705784,62567.0,557.0,15,52,3805480,3805480,3805533,JobState.COMPLETED,1.0,0,0,0,176.53061224489795,176.53061224489795,137693.87755102038
jid_705756,63460.0,432.0,8,44252,3761555,3761555,3805808,JobState.COMPLETED,1.0,0,0,0,176.53061224488945,176.53061224489795,62494661.22448678
jid_705791,59091.0,376.0,1,38,3805969,3805969,3806008,JobState.COMPLETED,1.0,0,0,0,176.53061224489795,176.53061224489795,6708.163265306122
jid_705795,34787.0,46.0,1032,37,3806136,3806136,3806174,JobState.COMPLETED,1.0,0,0,0,176.53061224489795,176.53061224489795,6740644.897959183
jid_705805,59091.0,376.0,1,38,3806541,3806541,3806580,JobState.COMPLETED,1.0,0,0,0,176.53061224489795,176.53061224489795,6708.163265306122
jid_705809,59091.0,376.0,1,56,3806590,3806590,3806647,JobState.COMPLETED,1.0,0,0,0,176.53061224489795,176.53061224489795,9885.714285714286
jid_705815,59091.0,376.0,1,38,3806769,3806769,3806808,JobState.COMPLETED,1.0,0,0,0,176.53061224489795,176.53061224489795,6708.163265306122
jid_705819,34787.0,46.0,1032,52,3806894,3806894,3806947,JobState.COMPLETED,1.0,0,0,0,176.53061224489795,176.53061224489795,9473338.775510203
jid_705827,6851.0,651.0,2,0,3807447,3807447,3807448,JobState.COMPLETED,1.0,0,0,0,176.53061224489795,176.53061224489795,0.0
jid_705837,15770.0,124.0,1,212,3807680,3807680,3807893,JobState.COMPLETED,1.0,0,0,0,176.53061224489787,176.53061224489795,37424.48979591835
jid_705836,59091.0,376.0,1,435,3807546,3807546,3807982,JobState.COMPLETED,1.0,0,0,0,176.53061224489807,176.53061224489795,76790.81632653066
jid_705897,43097.0,136.0,2,78,3808356,3808356,3808435,JobState.COMPLETED,1.0,0,0,0,176.53061224489795,176.53061224489795,27538.77551020408
jid_704185,63448.0,432.0,8,47144,3761584,3761584,3808729,JobState.COMPLETED,1.0,0,0,0,176.5306122448872,176.53061224489795,66578873.4693837
jid_706154,62802.0,37.0,1,4207,3804758,3804758,3808966,JobState.COMPLETED,0.5286686022411397,0,0,0,118.81656353973098,118.81656353973138,499861.2828116482
jid_706262,43097.0,136.0,2,77,3809867,3809867,3809945,JobState.COMPLETED,1.0,0,0,0,176.53061224489795,176.53061224489795,27185.714285714286
jid_706270,62567.0,557.0,8,4803,3806631,3806631,3811435,JobState.COMPLETED,1.0,0,0,0,176.53061224489682,176.53061224489795,6783012.244897915
jid_706282,36786.0,191.0,8,52436,3761448,3761448,3813885,JobState.COMPLETED,1.0,0,0,0,176.53061224488374,176.53061224489795,74052473.4693818
jid_706284,36786.0,191.0,8,52522,3761376,3761376,3813899,JobState.COMPLETED,1.0,0,0,0,176.53061224488368,176.53061224489795,74173926.53060624
jid_706290,36786.0,191.0,8,52492,3761438,3761438,3813931,JobState.COMPLETED,1.0,0,0,0,176.5306122448837,176.53061224489795,74131559.18366748
jid_706301,36786.0,191.0,8,52582,3761440,3761440,3814023,JobState.COMPLETED,1.0,0,0,0,176.53061224488366,176.53061224489795,74258661.22448377
jid_706313,36786.0,191.0,8,52636,3761453,3761453,3814090,JobState.COMPLETED,1.0,0,0,0,176.53061224488363,176.53061224489795,74334922.44897355
jid_706317,36786.0,191.0,8,52732,3761394,3761394,3814127,JobState.COMPLETED,1.0,0,0,0,176.53061224488357,176.53061224489795,74470497.9591776
jid_706318,36786.0,191.0,8,52669,3761472,3761472,3814142,JobState.COMPLETED,1.0,0,0,0,176.5306122448836,176.53061224489795,74381526.5306062
jid_706332,36786.0,191.0,8,52821,3761433,3761433,3814255,JobState.COMPLETED,1.0,0,0,0,176.5306122448835,176.53061224489795,74596187.75509594
jid_706358,36786.0,191.0,8,53028,3761383,3761383,3814412,JobState.COMPLETED,1.0,0,0,0,176.5306122448834,176.53061224489795,74888522.44897342
jid_706345,36786.0,191.0,8,53041,3761386,3761386,3814428,JobState.COMPLETED,1.0,0,0,0,176.5306122448834,176.53061224489795,74906881.63264689
jid_706352,36786.0,191.0,8,53093,3761373,3761373,3814467,JobState.COMPLETED,1.0,0,0,0,176.53061224488337,176.53061224489795,74980318.36734074
jid_706356,36786.0,191.0,8,53082,3761400,3761400,3814483,JobState.COMPLETED,1.0,0,0,0,176.53061224488337,176.53061224489795,74964783.6734632
jid_706355,36786.0,191.0,8,53096,3761387,3761387,3814484,JobState.COMPLETED,1.0,0,0,0,176.53061224488337,176.53061224489795,74984555.10203461
jid_706357,36786.0,191.0,8,53113,3761372,3761372,3814486,JobState.COMPLETED,1.0,0,0,0,176.53061224488334,176.53061224489795,75008563.26529992
jid_706369,36786.0,191.0,8,53298,3761459,3761459,3814758,JobState.COMPLETED,1.0,0,0,0,176.53061224488323,176.53061224489795,75269828.5714223
jid_706371,15510.0,44.0,162,45640,3769201,3769201,3814842,JobState.COMPLETED,1.0,0,0,0,176.530612244908,176.53061224489795,1305210857.1429315
jid_706374,36786.0,191.0,8,53427,3761457,3761457,3814885,JobState.COMPLETED,1.0,0,0,0,176.53061224488317,176.53061224489795,75452008.16325898
jid_706375,36786.0,191.0,8,52465,3762433,3762433,3814899,JobState.COMPLETED,1.0,0,0,0,176.5306122448837,176.53061224489795,74093428.57142259
jid_706382,36786.0,191.0,8,52557,3762423,3762423,3814981,JobState.COMPLETED,1.0,0,0,0,176.53061224488368,176.53061224489795,74223355.1020348
jid_706383,36786.0,191.0,8,52567,3762415,3762415,3814983,JobState.COMPLETED,1.0,0,0,0,176.53061224488366,176.53061224489795,74237477.5510144
jid_706388,36786.0,191.0,8,53540,3761468,3761468,3815009,JobState.COMPLETED,1.0,0,0,0,176.5306122448831,176.53061224489795,75611591.83672832
jid_706389,36786.0,191.0,8,52603,3762408,3762408,3815012,JobState.COMPLETED,1.0,0,0,0,176.53061224488366,176.53061224489795,74288318.36734092
jid_706390,36786.0,191.0,8,52601,3762414,3762414,3815016,JobState.COMPLETED,1.0,0,0,0,176.53061224488366,176.53061224489795,74285493.877545
jid_706392,36786.0,191.0,8,52632,3762410,3762410,3815043,JobState.COMPLETED,1.0,0,0,0,176.53061224488363,176.53061224489795,74329273.46938172
jid_706394,36786.0,191.0,8,52585,3762457,3762457,3815043,JobState.COMPLETED,1.0,0,0,0,176.53061224488366,176.53061224489795,74262897.95917766
jid_706399,36786.0,191.0,8,52634,3762452,3762452,3815087,JobState.COMPLETED,1.0,0,0,0,176.53061224488363,176.53061224489795,74332097.95917764
jid_706401,36786.0,191.0,8,52636,3762453,3762453,3815090,JobState.COMPLETED,1.0,0,0,0,176.53061224488363,176.53061224489795,74334922.44897355
jid_706406,36786.0,191.0,8,52696,3762420,3762420,3815117,JobState.COMPLETED,1.0,0,0,0,176.5306122448836,176.53061224489795,74419657.14285108
jid_706408,36786.0,191.0,8,52702,3762424,3762424,3815127,JobState.COMPLETED,1.0,0,0,0,176.53061224488357,176.53061224489795,74428130.61223882
jid_706410,36786.0,191.0,8,52688,3762448,3762448,3815137,JobState.COMPLETED,1.0,0,0,0,176.5306122448836,176.53061224489795,74408359.18366742
jid_706419,36786.0,191.0,8,53712,3761462,3761462,3815175,JobState.COMPLETED,1.0,0,0,0,176.530612244883,176.53061224489795,75854497.95917724
jid_706422,36786.0,191.0,8,52770,3762428,3762428,3815199,JobState.COMPLETED,1.0,0,0,0,176.53061224488354,176.53061224489795,74524163.26530004
jid_706425,36786.0,191.0,8,52782,3762431,3762431,3815214,JobState.COMPLETED,1.0,0,0,0,176.53061224488354,176.53061224489795,74541110.20407555
jid_706437,36786.0,191.0,8,53009,3762401,3762401,3815411,JobState.COMPLETED,1.0,0,0,0,176.5306122448834,176.53061224489795,74861689.79591219
jid_706441,36786.0,191.0,8,53008,3762403,3762403,3815412,JobState.COMPLETED,1.0,0,0,0,176.5306122448834,176.53061224489795,74860277.55101423
jid_706469,36786.0,191.0,8,53043,3762467,3762467,3815511,JobState.COMPLETED,1.0,0,0,0,176.5306122448834,176.53061224489795,74909706.1224428
jid_706471,36786.0,191.0,8,53051,3762477,3762477,3815529,JobState.COMPLETED,1.0,0,0,0,176.53061224488337,176.53061224489795,74921004.08162646
jid_706499,36786.0,191.0,8,53110,3762469,3762469,3815580,JobState.COMPLETED,1.0,0,0,0,176.53061224488334,176.53061224489795,75004326.53060603
jid_706509,36786.0,191.0,8,53119,3762487,3762487,3815607,JobState.COMPLETED,1.0,0,0,0,176.53061224488334,176.53061224489795,75017036.73468767
jid_706511,36786.0,191.0,8,53230,3762386,3762386,3815617,JobState.COMPLETED,1.0,0,0,0,176.5306122448833,176.53061224489795,75173795.9183611
jid_706512,36786.0,191.0,8,53127,3762491,3762491,3815619,JobState.COMPLETED,1.0,0,0,0,176.53061224488334,176.53061224489795,75028334.69387133
jid_706513,36786.0,191.0,8,53232,3762388,3762388,3815621,JobState.COMPLETED,1.0,0,0,0,176.5306122448833,176.53061224489795,75176620.40815702
jid_706515,36786.0,191.0,8,53152,3762474,3762474,3815627,JobState.COMPLETED,1.0,0,0,0,176.53061224488332,176.53061224489795,75063640.8163203
jid_706516,36786.0,191.0,8,53139,3762488,3762488,3815628,JobState.COMPLETED,1.0,0,0,0,176.53061224488334,176.53061224489795,75045281.63264684
jid_706542,36786.0,191.0,8,53190,3762472,3762472,3815663,JobState.COMPLETED,1.0,0,0,0,176.53061224488332,176.53061224489795,75117306.12244275
jid_706706,41282.0,474.0,1024,48089,3768068,3768068,3816158,JobState.COMPLETED,1.0,0,0,0,176.53061224488653,176.53061224489795,8692920946.938213
jid_706891,34.0,529.0,15,43107,3774015,3774015,3817123,JobState.COMPLETED,1.0,0,0,0,176.53061224490878,176.53061224489795,114145576.53061923
jid_706897,63739.0,637.0,12,35614,3783207,3783207,3818822,JobState.COMPLETED,1.0,0,0,0,176.53061224489272,176.53061224489795,75443534.69387531
jid_706909,43097.0,136.0,2,28,3821161,3821161,3821190,JobState.COMPLETED,1.0,0,0,0,176.53061224489795,176.53061224489795,9885.714285714286
jid_706917,43097.0,136.0,2,29,3821283,3821283,3821313,JobState.COMPLETED,1.0,0,0,0,176.53061224489795,176.53061224489795,10238.775510204081
jid_706921,43097.0,136.0,2,27,3821287,3821287,3821315,JobState.COMPLETED,1.0,0,0,0,176.53061224489795,176.53061224489795,9532.65306122449
jid_706931,43097.0,136.0,2,5697,3815697,3815697,3821395,JobState.COMPLETED,1.0,0,0,0,176.53061224489676,176.53061224489795,2011389.7959183536
jid_706933,43097.0,136.0,2,5394,3816024,3816024,3821419,JobState.COMPLETED,1.0,0,0,0,176.53061224489676,176.53061224489795,1904412.2448979462
jid_706938,43097.0,136.0,2,27,3821416,3821416,3821444,JobState.COMPLETED,1.0,0,0,0,176.53061224489795,176.53061224489795,9532.65306122449
jid_706936,43097.0,136.0,2,30,3821414,3821414,3821445,JobState.COMPLETED,1.0,0,0,0,176.53061224489795,176.53061224489795,10591.836734693878
jid_706941,43097.0,136.0,2,28,3821420,3821420,3821449,JobState.COMPLETED,1.0,0,0,0,176.53061224489795,176.53061224489795,9885.714285714286
jid_706944,43097.0,136.0,2,27,3821423,3821423,3821451,JobState.COMPLETED,1.0,0,0,0,176.53061224489795,176.53061224489795,9532.65306122449
jid_706951,43097.0,136.0,2,5795,3815695,3815695,3821491,JobState.COMPLETED,1.0,0,0,0,176.53061224489676,176.53061224489795,2045989.7959183534
jid_706952,43097.0,136.0,2,5952,3815550,3815550,3821503,JobState.COMPLETED,1.0,0,0,0,176.53061224489673,176.53061224489795,2101420.408163251
jid_706989,43097.0,136.0,2,5357,3816206,3816206,3821564,JobState.COMPLETED,1.0,0,0,0,176.5306122448968,176.53061224489795,1891348.979591824
jid_706962,43097.0,136.0,2,28,3821556,3821556,3821585,JobState.COMPLETED,1.0,0,0,0,176.53061224489795,176.53061224489795,9885.714285714286
jid_706980,43097.0,136.0,2,32,3821557,3821557,3821590,JobState.COMPLETED,1.0,0,0,0,176.53061224489795,176.53061224489795,11297.959183673469
jid_706986,43097.0,136.0,2,27,3821566,3821566,3821594,JobState.COMPLETED,1.0,0,0,0,176.53061224489795,176.53061224489795,9532.65306122449
jid_706984,43097.0,136.0,2,5764,3815833,3815833,3821598,JobState.COMPLETED,1.0,0,0,0,176.53061224489676,176.53061224489795,2035044.89795917
jid_706971,43097.0,136.0,2,28,3821572,3821572,3821601,JobState.COMPLETED,1.0,0,0,0,176.53061224489795,176.53061224489795,9885.714285714286
jid_706988,43097.0,136.0,2,5672,3816008,3816008,3821681,JobState.COMPLETED,1.0,0,0,0,176.53061224489676,176.53061224489795,2002563.2653061089
jid_706992,43097.0,136.0,2,28,3821699,3821699,3821728,JobState.COMPLETED,1.0,0,0,0,176.53061224489795,176.53061224489795,9885.714285714286
jid_707031,43097.0,136.0,2,27,3821712,3821712,3821740,JobState.COMPLETED,1.0,0,0,0,176.53061224489795,176.53061224489795,9532.65306122449
jid_707009,43097.0,136.0,2,25,3821729,3821729,3821755,JobState.COMPLETED,1.0,0,0,0,176.53061224489795,176.53061224489795,8826.530612244898
jid_707035,43097.0,136.0,2,48,3821719,3821719,3821768,JobState.COMPLETED,1.0,0,0,0,176.53061224489795,176.53061224489795,16946.938775510203
jid_707015,43097.0,136.0,2,46,3821723,3821723,3821770,JobState.COMPLETED,1.0,0,0,0,176.53061224489795,176.53061224489795,16240.816326530612
jid_707023,43097.0,136.0,2,5575,3816216,3816216,3821792,JobState.COMPLETED,1.0,0,0,0,176.53061224489676,176.53061224489795,1968316.3265305988
jid_707022,43097.0,136.0,2,5569,3816223,3816223,3821793,JobState.COMPLETED,1.0,0,0,0,176.53061224489676,176.53061224489795,1966197.95918366
jid_707032,43097.0,136.0,2,5614,3816209,3816209,3821824,JobState.COMPLETED,1.0,0,0,0,176.53061224489676,176.53061224489795,1982085.7142857008
jid_707034,43097.0,136.0,2,5839,3815987,3815987,3821827,JobState.COMPLETED,1.0,0,0,0,176.53061224489676,176.53061224489795,2061524.4897959044
jid_707045,43097.0,136.0,2,27,3821860,3821860,3821888,JobState.COMPLETED,1.0,0,0,0,176.53061224489795,176.53061224489795,9532.65306122449
jid_707050,43097.0,136.0,2,28,3821865,3821865,3821894,JobState.COMPLETED,1.0,0,0,0,176.53061224489795,176.53061224489795,9885.714285714286
jid_707054,43097.0,136.0,2,27,3821873,3821873,3821901,JobState.COMPLETED,1.0,0,0,0,176.53061224489795,176.53061224489795,9532.65306122449
jid_707093,43097.0,136.0,2,26,3821874,3821874,3821901,JobState.COMPLETED,1.0,0,0,0,176.53061224489795,176.53061224489795,9179.591836734693
jid_707058,43097.0,136.0,2,51,3821854,3821854,3821906,JobState.COMPLETED,1.0,0,0,0,176.53061224489795,176.53061224489795,18006.12244897959
jid_707064,43097.0,136.0,2,28,3821883,3821883,3821912,JobState.COMPLETED,1.0,0,0,0,176.53061224489795,176.53061224489795,9885.714285714286
jid_707065,43097.0,136.0,2,28,3821885,3821885,3821914,JobState.COMPLETED,1.0,0,0,0,176.53061224489795,176.53061224489795,9885.714285714286
jid_707067,43097.0,136.0,2,27,3821886,3821886,3821914,JobState.COMPLETED,1.0,0,0,0,176.53061224489795,176.53061224489795,9532.65306122449
jid_707096,43097.0,136.0,2,25,3821894,3821894,3821920,JobState.COMPLETED,1.0,0,0,0,176.53061224489795,176.53061224489795,8826.530612244898
jid_707078,43097.0,136.0,2,48,3821892,3821892,3821941,JobState.COMPLETED,1.0,0,0,0,176.53061224489795,176.53061224489795,16946.938775510203
jid_707080,43097.0,136.0,2,51,3821891,3821891,3821943,JobState.COMPLETED,1.0,0,0,0,176.53061224489795,176.53061224489795,18006.12244897959
jid_707135,63332.0,39.0,96,5270,3816674,3816674,3821945,JobState.COMPLETED,1.0,0,0,0,176.53061224489886,176.53061224489795,89310367.34693924
jid_707082,43097.0,136.0,2,5542,3816409,3816409,3821952,JobState.COMPLETED,1.0,0,0,0,176.53061224489676,176.53061224489795,1956665.3061224357
jid_707083,43097.0,136.0,2,59,3821893,3821893,3821953,JobState.COMPLETED,1.0,0,0,0,176.53061224489795,176.53061224489795,20830.61224489796
jid_707101,43097.0,136.0,2,5784,3816241,3816241,3822026,JobState.COMPLETED,1.0,0,0,0,176.53061224489676,176.53061224489795,2042106.1224489657
jid_707107,43097.0,136.0,2,27,3822028,3822028,3822056,JobState.COMPLETED,1.0,0,0,0,176.53061224489795,176.53061224489795,9532.65306122449
jid_707110,43097.0,136.0,2,27,3822032,3822032,3822060,JobState.COMPLETED,1.0,0,0,0,176.53061224489795,176.53061224489795,9532.65306122449
jid_707112,43097.0,136.0,2,27,3822033,3822033,3822061,JobState.COMPLETED,1.0,0,0,0,176.53061224489795,176.53061224489795,9532.65306122449
jid_707120,43097.0,136.0,2,27,3822042,3822042,3822070,JobState.COMPLETED,1.0,0,0,0,176.53061224489795,176.53061224489795,9532.65306122449
jid_707124,43097.0,136.0,2,27,3822045,3822045,3822073,JobState.COMPLETED,1.0,0,0,0,176.53061224489795,176.53061224489795,9532.65306122449
jid_707130,43097.0,136.0,2,27,3822054,3822054,3822082,JobState.COMPLETED,1.0,0,0,0,176.53061224489795,176.53061224489795,9532.65306122449
jid_707136,43097.0,136.0,2,5671,3816419,3816419,3822091,JobState.COMPLETED,1.0,0,0,0,176.53061224489676,176.53061224489795,2002210.204081619
jid_707147,43097.0,136.0,2,27,3822077,3822077,3822105,JobState.COMPLETED,1.0,0,0,0,176.53061224489795,176.53061224489795,9532.65306122449
jid_707150,43097.0,136.0,2,46,3822062,3822062,3822109,JobState.COMPLETED,1.0,0,0,0,176.53061224489795,176.53061224489795,16240.816326530612
jid_707152,43097.0,136.0,2,47,3822064,3822064,3822112,JobState.COMPLETED,1.0,0,0,0,176.53061224489795,176.53061224489795,16593.877551020407
jid_707158,43097.0,136.0,2,63,3822059,3822059,3822123,JobState.COMPLETED,1.0,0,0,0,176.53061224489798,176.53061224489795,22242.857142857145
jid_707169,43097.0,136.0,2,5604,3816587,3816587,3822192,JobState.COMPLETED,1.0,0,0,0,176.53061224489676,176.53061224489795,1978555.1020408028
jid_707202,43097.0,136.0,2,5590,3816608,3816608,3822199,JobState.COMPLETED,1.0,0,0,0,176.53061224489676,176.53061224489795,1973612.2448979458
jid_707173,43097.0,136.0,2,5622,3816586,3816586,3822209,JobState.COMPLETED,1.0,0,0,0,176.53061224489676,176.53061224489795,1984910.2040816192
jid_707251,43097.0,136.0,2,27,3822206,3822206,3822234,JobState.COMPLETED,1.0,0,0,0,176.53061224489795,176.53061224489795,9532.65306122449
jid_707236,43097.0,136.0,2,27,3822211,3822211,3822239,JobState.COMPLETED,1.0,0,0,0,176.53061224489795,176.53061224489795,9532.65306122449
jid_707185,43097.0,136.0,2,27,3822215,3822215,3822243,JobState.COMPLETED,1.0,0,0,0,176.53061224489795,176.53061224489795,9532.65306122449
jid_707189,43097.0,136.0,2,26,3822223,3822223,3822250,JobState.COMPLETED,1.0,0,0,0,176.53061224489795,176.53061224489795,9179.591836734693
jid_707191,43097.0,136.0,2,27,3822224,3822224,3822252,JobState.COMPLETED,1.0,0,0,0,176.53061224489795,176.53061224489795,9532.65306122449
jid_707192,43097.0,136.0,2,27,3822226,3822226,3822254,JobState.COMPLETED,1.0,0,0,0,176.53061224489795,176.53061224489795,9532.65306122449
jid_707190,43097.0,136.0,2,51,3822203,3822203,3822255,JobState.COMPLETED,1.0,0,0,0,176.53061224489795,176.53061224489795,18006.12244897959
jid_707197,43097.0,136.0,2,27,3822232,3822232,3822260,JobState.COMPLETED,1.0,0,0,0,176.53061224489795,176.53061224489795,9532.65306122449
jid_707196,43097.0,136.0,2,28,3822233,3822233,3822262,JobState.COMPLETED,1.0,0,0,0,176.53061224489795,176.53061224489795,9885.714285714286
jid_707198,43097.0,136.0,2,27,3822235,3822235,3822263,JobState.COMPLETED,1.0,0,0,0,176.53061224489795,176.53061224489795,9532.65306122449
jid_707201,43097.0,136.0,2,27,3822238,3822238,3822266,JobState.COMPLETED,1.0,0,0,0,176.53061224489795,176.53061224489795,9532.65306122449
jid_707212,43097.0,136.0,2,27,3822257,3822257,3822285,JobState.COMPLETED,1.0,0,0,0,176.53061224489795,176.53061224489795,9532.65306122449
jid_707214,43097.0,136.0,2,25,3822264,3822264,3822290,JobState.COMPLETED,1.0,0,0,0,176.53061224489795,176.53061224489795,8826.530612244898
jid_707223,43097.0,136.0,2,5710,3816590,3816590,3822301,JobState.COMPLETED,1.0,0,0,0,176.53061224489676,176.53061224489795,2015979.591836721
jid_707232,43097.0,136.0,2,64,3822239,3822239,3822304,JobState.COMPLETED,1.0,0,0,0,176.53061224489798,176.53061224489795,22595.91836734694
jid_707227,43097.0,136.0,2,5499,3816807,3816807,3822307,JobState.COMPLETED,1.0,0,0,0,176.53061224489676,176.53061224489795,1941483.6734693747
jid_707230,43097.0,136.0,2,5733,3816576,3816576,3822310,JobState.COMPLETED,1.0,0,0,0,176.53061224489676,176.53061224489795,2024099.9999999863
jid_707258,43097.0,136.0,2,5759,3816668,3816668,3822428,JobState.COMPLETED,1.0,0,0,0,176.53061224489676,176.53061224489795,2033279.591836721
jid_707259,43097.0,136.0,2,5757,3816673,3816673,3822431,JobState.COMPLETED,1.0,0,0,0,176.53061224489676,176.53061224489795,2032573.4693877413
jid_707322,43097.0,136.0,2,28,3822413,3822413,3822442,JobState.COMPLETED,1.0,0,0,0,176.53061224489795,176.53061224489795,9885.714285714286
jid_707277,43097.0,136.0,2,26,3822426,3822426,3822453,JobState.COMPLETED,1.0,0,0,0,176.53061224489795,176.53061224489795,9179.591836734693
jid_707286,43097.0,136.0,2,5820,3816648,3816648,3822469,JobState.COMPLETED,1.0,0,0,0,176.53061224489676,176.53061224489795,2054816.3265305983
jid_707292,43097.0,136.0,2,50,3822431,3822431,3822482,JobState.COMPLETED,1.0,0,0,0,176.53061224489795,176.53061224489795,17653.061224489797
jid_707332,43097.0,136.0,2,28,3822453,3822453,3822482,JobState.COMPLETED,1.0,0,0,0,176.53061224489795,176.53061224489795,9885.714285714286
jid_707290,43097.0,136.0,2,28,3822454,3822454,3822483,JobState.COMPLETED,1.0,0,0,0,176.53061224489795,176.53061224489795,9885.714285714286
jid_707308,43097.0,136.0,2,50,3822447,3822447,3822498,JobState.COMPLETED,1.0,0,0,0,176.53061224489795,176.53061224489795,17653.061224489797
jid_707312,43097.0,136.0,2,26,3822471,3822471,3822498,JobState.COMPLETED,1.0,0,0,0,176.53061224489795,176.53061224489795,9179.591836734693
jid_707338,43097.0,136.0,2,26,3822475,3822475,3822502,JobState.COMPLETED,1.0,0,0,0,176.53061224489795,176.53061224489795,9179.591836734693
jid_707323,43097.0,136.0,2,51,3822476,3822476,3822528,JobState.COMPLETED,1.0,0,0,0,176.53061224489795,176.53061224489795,18006.12244897959
jid_707349,43097.0,136.0,2,27,3822614,3822614,3822642,JobState.COMPLETED,1.0,0,0,0,176.53061224489795,176.53061224489795,9532.65306122449
jid_707350,43097.0,136.0,2,27,3822615,3822615,3822643,JobState.COMPLETED,1.0,0,0,0,176.53061224489795,176.53061224489795,9532.65306122449
jid_707400,43097.0,136.0,2,27,3822621,3822621,3822649,JobState.COMPLETED,1.0,0,0,0,176.53061224489795,176.53061224489795,9532.65306122449
jid_707358,43097.0,136.0,2,26,3822626,3822626,3822653,JobState.COMPLETED,1.0,0,0,0,176.53061224489795,176.53061224489795,9179.591836734693
jid_707360,43097.0,136.0,2,26,3822627,3822627,3822654,JobState.COMPLETED,1.0,0,0,0,176.53061224489795,176.53061224489795,9179.591836734693
jid_707361,43097.0,136.0,2,27,3822628,3822628,3822656,JobState.COMPLETED,1.0,0,0,0,176.53061224489795,176.53061224489795,9532.65306122449
jid_707362,43097.0,136.0,2,27,3822631,3822631,3822659,JobState.COMPLETED,1.0,0,0,0,176.53061224489795,176.53061224489795,9532.65306122449
jid_707365,43097.0,136.0,2,28,3822636,3822636,3822665,JobState.COMPLETED,1.0,0,0,0,176.53061224489795,176.53061224489795,9885.714285714286
jid_707366,43097.0,136.0,2,27,3822639,3822639,3822667,JobState.COMPLETED,1.0,0,0,0,176.53061224489795,176.53061224489795,9532.65306122449
jid_707367,43097.0,136.0,2,26,3822641,3822641,3822668,JobState.COMPLETED,1.0,0,0,0,176.53061224489795,176.53061224489795,9179.591836734693
jid_707369,43097.0,136.0,2,26,3822642,3822642,3822669,JobState.COMPLETED,1.0,0,0,0,176.53061224489795,176.53061224489795,9179.591836734693
jid_707370,43097.0,136.0,2,26,3822650,3822650,3822677,JobState.COMPLETED,1.0,0,0,0,176.53061224489795,176.53061224489795,9179.591836734693
jid_707378,43097.0,136.0,2,28,3822659,3822659,3822688,JobState.COMPLETED,1.0,0,0,0,176.53061224489795,176.53061224489795,9885.714285714286
jid_707429,43097.0,136.0,2,26,3822661,3822661,3822688,JobState.COMPLETED,1.0,0,0,0,176.53061224489795,176.53061224489795,9179.591836734693
jid_707384,43097.0,136.0,2,46,3822646,3822646,3822693,JobState.COMPLETED,1.0,0,0,0,176.53061224489795,176.53061224489795,16240.816326530612
jid_707382,43097.0,136.0,2,27,3822665,3822665,3822693,JobState.COMPLETED,1.0,0,0,0,176.53061224489795,176.53061224489795,9532.65306122449
jid_707420,43097.0,136.0,2,50,3822643,3822643,3822694,JobState.COMPLETED,1.0,0,0,0,176.53061224489795,176.53061224489795,17653.061224489797
jid_707395,43097.0,136.0,2,27,3822676,3822676,3822704,JobState.COMPLETED,1.0,0,0,0,176.53061224489795,176.53061224489795,9532.65306122449
jid_707422,43097.0,136.0,2,25,3822682,3822682,3822708,JobState.COMPLETED,1.0,0,0,0,176.53061224489795,176.53061224489795,8826.530612244898
jid_707489,43097.0,136.0,2,26,3822836,3822836,3822863,JobState.COMPLETED,1.0,0,0,0,176.53061224489795,176.53061224489795,9179.591836734693
jid_707440,43097.0,136.0,2,27,3822837,3822837,3822865,JobState.COMPLETED,1.0,0,0,0,176.53061224489795,176.53061224489795,9532.65306122449
jid_707445,43097.0,136.0,2,27,3822842,3822842,3822870,JobState.COMPLETED,1.0,0,0,0,176.53061224489795,176.53061224489795,9532.65306122449
jid_707449,43097.0,136.0,2,27,3822848,3822848,3822876,JobState.COMPLETED,1.0,0,0,0,176.53061224489795,176.53061224489795,9532.65306122449
jid_707467,43097.0,136.0,2,48,3822850,3822850,3822899,JobState.COMPLETED,1.0,0,0,0,176.53061224489795,176.53061224489795,16946.938775510203
jid_707470,43097.0,136.0,2,28,3822875,3822875,3822904,JobState.COMPLETED,1.0,0,0,0,176.53061224489795,176.53061224489795,9885.714285714286
jid_707476,43097.0,136.0,2,28,3822880,3822880,3822909,JobState.COMPLETED,1.0,0,0,0,176.53061224489795,176.53061224489795,9885.714285714286
jid_707475,43097.0,136.0,2,27,3822882,3822882,3822910,JobState.COMPLETED,1.0,0,0,0,176.53061224489795,176.53061224489795,9532.65306122449
jid_707483,43097.0,136.0,2,65,3822861,3822861,3822927,JobState.COMPLETED,1.0,0,0,0,176.53061224489798,176.53061224489795,22948.979591836738
jid_707540,43097.0,136.0,2,28,3823026,3823026,3823055,JobState.COMPLETED,1.0,0,0,0,176.53061224489795,176.53061224489795,9885.714285714286
jid_707510,43097.0,136.0,2,27,3823032,3823032,3823060,JobState.COMPLETED,1.0,0,0,0,176.53061224489795,176.53061224489795,9532.65306122449
jid_707511,43097.0,136.0,2,27,3823033,3823033,3823061,JobState.COMPLETED,1.0,0,0,0,176.53061224489795,176.53061224489795,9532.65306122449
jid_707509,43097.0,136.0,2,27,3823034,3823034,3823062,JobState.COMPLETED,1.0,0,0,0,176.53061224489795,176.53061224489795,9532.65306122449
jid_707516,43097.0,136.0,2,27,3823042,3823042,3823070,JobState.COMPLETED,1.0,0,0,0,176.53061224489795,176.53061224489795,9532.65306122449
jid_707551,43097.0,136.0,2,27,3823072,3823072,3823100,JobState.COMPLETED,1.0,0,0,0,176.53061224489795,176.53061224489795,9532.65306122449
jid_707585,43097.0,136.0,2,28,3823216,3823216,3823245,JobState.COMPLETED,1.0,0,0,0,176.53061224489795,176.53061224489795,9885.714285714286
jid_707588,43097.0,136.0,2,27,3823218,3823218,3823246,JobState.COMPLETED,1.0,0,0,0,176.53061224489795,176.53061224489795,9532.65306122449
jid_707590,43097.0,136.0,2,26,3823224,3823224,3823251,JobState.COMPLETED,1.0,0,0,0,176.53061224489795,176.53061224489795,9179.591836734693
jid_707591,43097.0,136.0,2,27,3823227,3823227,3823255,JobState.COMPLETED,1.0,0,0,0,176.53061224489795,176.53061224489795,9532.65306122449
jid_707592,43097.0,136.0,2,28,3823228,3823228,3823257,JobState.COMPLETED,1.0,0,0,0,176.53061224489795,176.53061224489795,9885.714285714286
jid_707593,43097.0,136.0,2,27,3823229,3823229,3823257,JobState.COMPLETED,1.0,0,0,0,176.53061224489795,176.53061224489795,9532.65306122449
jid_707597,43097.0,136.0,2,47,3823226,3823226,3823274,JobState.COMPLETED,1.0,0,0,0,176.53061224489795,176.53061224489795,16593.877551020407
jid_707637,43097.0,136.0,2,26,3823390,3823390,3823417,JobState.COMPLETED,1.0,0,0,0,176.53061224489795,176.53061224489795,9179.591836734693
jid_707641,43097.0,136.0,2,27,3823392,3823392,3823420,JobState.COMPLETED,1.0,0,0,0,176.53061224489795,176.53061224489795,9532.65306122449
jid_707684,43097.0,136.0,2,26,3823579,3823579,3823606,JobState.COMPLETED,1.0,0,0,0,176.53061224489795,176.53061224489795,9179.591836734693
jid_707805,43097.0,136.0,2,1341,3823517,3823517,3824859,JobState.COMPLETED,1.0,0,0,0,176.53061224489764,176.53061224489795,473455.10204081546
jid_707811,1246.0000000000073,376.0,160,15567,3809604,3809604,3825172,JobState.COMPLETED,0.7886147041465537,0,0,0,150.64669846692226,150.64669846692493,375218744.80553263
jid_707825,43097.0,136.0,2,28,3826034,3826034,3826063,JobState.COMPLETED,1.0,0,0,0,176.53061224489795,176.53061224489795,9885.714285714286
jid_707827,43097.0,136.0,2,3080,3823013,3823013,3826094,JobState.COMPLETED,1.0,0,0,0,176.530612244897,176.53061224489795,1087428.5714285655
jid_707831,43097.0,136.0,2,3197,3823011,3823011,3826209,JobState.COMPLETED,1.0,0,0,0,176.530612244897,176.53061224489795,1128736.7346938713
jid_707848,43097.0,136.0,2,27,3826410,3826410,3826438,JobState.COMPLETED,1.0,0,0,0,176.53061224489795,176.53061224489795,9532.65306122449
jid_707849,43097.0,136.0,2,27,3826412,3826412,3826440,JobState.COMPLETED,1.0,0,0,0,176.53061224489795,176.53061224489795,9532.65306122449
jid_707855,43097.0,136.0,2,27,3826536,3826536,3826564,JobState.COMPLETED,1.0,0,0,0,176.53061224489795,176.53061224489795,9532.65306122449
jid_707858,43097.0,136.0,2,27,3826543,3826543,3826571,JobState.COMPLETED,1.0,0,0,0,176.53061224489795,176.53061224489795,9532.65306122449
jid_707861,43097.0,136.0,2,46,3826544,3826544,3826591,JobState.COMPLETED,1.0,0,0,0,176.53061224489795,176.53061224489795,16240.816326530612
jid_707867,43097.0,136.0,2,3161,3823532,3823532,3826694,JobState.COMPLETED,1.0,0,0,0,176.530612244897,176.53061224489795,1116026.5306122387
jid_707869,43097.0,136.0,2,28,3826670,3826670,3826699,JobState.COMPLETED,1.0,0,0,0,176.53061224489795,176.53061224489795,9885.714285714286
jid_707895,43097.0,136.0,2,3204,3823558,3823558,3826763,JobState.COMPLETED,1.0,0,0,0,176.530612244897,176.53061224489795,1131208.1632653
jid_707906,43097.0,136.0,2,3110,3823715,3823715,3826826,JobState.COMPLETED,1.0,0,0,0,176.530612244897,176.53061224489795,1098020.4081632593
jid_707886,43097.0,136.0,2,27,3826801,3826801,3826829,JobState.COMPLETED,1.0,0,0,0,176.53061224489795,176.53061224489795,9532.65306122449
jid_707912,43097.0,136.0,2,26,3826806,3826806,3826833,JobState.COMPLETED,1.0,0,0,0,176.53061224489795,176.53061224489795,9179.591836734693
jid_707892,43097.0,136.0,2,53,3826796,3826796,3826850,JobState.COMPLETED,1.0,0,0,0,176.53061224489795,176.53061224489795,18712.244897959183
jid_707894,43097.0,136.0,2,3143,3823753,3823753,3826897,JobState.COMPLETED,1.0,0,0,0,176.530612244897,176.53061224489795,1109671.4285714224
jid_707901,43097.0,136.0,2,27,3826932,3826932,3826960,JobState.COMPLETED,1.0,0,0,0,176.53061224489795,176.53061224489795,9532.65306122449
jid_707903,43097.0,136.0,2,27,3826934,3826934,3826962,JobState.COMPLETED,1.0,0,0,0,176.53061224489795,176.53061224489795,9532.65306122449
jid_707904,43097.0,136.0,2,27,3826936,3826936,3826964,JobState.COMPLETED,1.0,0,0,0,176.53061224489795,176.53061224489795,9532.65306122449
jid_707914,43097.0,136.0,2,3650,3823354,3823354,3827005,JobState.COMPLETED,1.0,0,0,0,176.5306122448969,176.53061224489795,1288673.4693877473
jid_707920,43097.0,136.0,2,27,3827070,3827070,3827098,JobState.COMPLETED,1.0,0,0,0,176.53061224489795,176.53061224489795,9532.65306122449
jid_707926,43097.0,136.0,2,26,3827077,3827077,3827104,JobState.COMPLETED,1.0,0,0,0,176.53061224489795,176.53061224489795,9179.591836734693
jid_707935,43097.0,136.0,2,26,3827081,3827081,3827108,JobState.COMPLETED,1.0,0,0,0,176.53061224489795,176.53061224489795,9179.591836734693
jid_707932,43097.0,136.0,2,27,3827085,3827085,3827113,JobState.COMPLETED,1.0,0,0,0,176.53061224489795,176.53061224489795,9532.65306122449
jid_707938,43097.0,136.0,2,43,3827075,3827075,3827119,JobState.COMPLETED,1.0,0,0,0,176.53061224489795,176.53061224489795,15181.632653061224
jid_707943,43097.0,136.0,2,51,3827088,3827088,3827140,JobState.COMPLETED,1.0,0,0,0,176.53061224489795,176.53061224489795,18006.12244897959
jid_707944,43097.0,136.0,2,51,3827089,3827089,3827141,JobState.COMPLETED,1.0,0,0,0,176.53061224489795,176.53061224489795,18006.12244897959
jid_707970,43097.0,136.0,2,3343,3823891,3823891,3827235,JobState.COMPLETED,1.0,0,0,0,176.53061224489696,176.53061224489795,1180283.673469381
jid_707947,43097.0,136.0,2,28,3827214,3827214,3827243,JobState.COMPLETED,1.0,0,0,0,176.53061224489795,176.53061224489795,9885.714285714286
jid_707953,43097.0,136.0,2,27,3827218,3827218,3827246,JobState.COMPLETED,1.0,0,0,0,176.53061224489795,176.53061224489795,9532.65306122449
jid_707957,43097.0,136.0,2,27,3827224,3827224,3827252,JobState.COMPLETED,1.0,0,0,0,176.53061224489795,176.53061224489795,9532.65306122449
jid_707961,43097.0,136.0,2,26,3827227,3827227,3827254,JobState.COMPLETED,1.0,0,0,0,176.53061224489795,176.53061224489795,9179.591836734693
jid_707959,43097.0,136.0,2,26,3827231,3827231,3827258,JobState.COMPLETED,1.0,0,0,0,176.53061224489795,176.53061224489795,9179.591836734693
jid_707968,43097.0,136.0,2,46,3827229,3827229,3827276,JobState.COMPLETED,1.0,0,0,0,176.53061224489795,176.53061224489795,16240.816326530612
jid_707974,43097.0,136.0,2,3447,3823925,3823925,3827373,JobState.COMPLETED,1.0,0,0,0,176.53061224489693,176.53061224489795,1217002.0408163194
jid_707976,43097.0,136.0,2,27,3827356,3827356,3827384,JobState.COMPLETED,1.0,0,0,0,176.53061224489795,176.53061224489795,9532.65306122449
jid_707989,43097.0,136.0,2,47,3827355,3827355,3827403,JobState.COMPLETED,1.0,0,0,0,176.53061224489795,176.53061224489795,16593.877551020407
jid_708000,43097.0,136.0,2,3419,3824064,3824064,3827484,JobState.COMPLETED,1.0,0,0,0,176.53061224489693,176.53061224489795,1207116.326530605
jid_708005,43097.0,136.0,2,26,3827500,3827500,3827527,JobState.COMPLETED,1.0,0,0,0,176.53061224489795,176.53061224489795,9179.591836734693
jid_708016,43097.0,136.0,2,52,3827512,3827512,3827565,JobState.COMPLETED,1.0,0,0,0,176.53061224489795,176.53061224489795,18359.183673469386
jid_708026,43097.0,136.0,2,27,3827641,3827641,3827669,JobState.COMPLETED,1.0,0,0,0,176.53061224489795,176.53061224489795,9532.65306122449
jid_708032,43097.0,136.0,2,26,3827650,3827650,3827677,JobState.COMPLETED,1.0,0,0,0,176.53061224489795,176.53061224489795,9179.591836734693
jid_708035,43097.0,136.0,2,26,3827652,3827652,3827679,JobState.COMPLETED,1.0,0,0,0,176.53061224489795,176.53061224489795,9179.591836734693
jid_708034,43097.0,136.0,2,46,3827636,3827636,3827683,JobState.COMPLETED,1.0,0,0,0,176.53061224489795,176.53061224489795,16240.816326530612
jid_708043,43097.0,136.0,2,28,3827786,3827786,3827815,JobState.COMPLETED,1.0,0,0,0,176.53061224489795,176.53061224489795,9885.714285714286
jid_708051,43097.0,136.0,2,47,3827779,3827779,3827827,JobState.COMPLETED,1.0,0,0,0,176.53061224489795,176.53061224489795,16593.877551020407
jid_708058,43097.0,136.0,2,50,3827910,3827910,3827961,JobState.COMPLETED,1.0,0,0,0,176.53061224489795,176.53061224489795,17653.061224489797
jid_708053,43097.0,136.0,2,52,3827912,3827912,3827965,JobState.COMPLETED,1.0,0,0,0,176.53061224489795,176.53061224489795,18359.183673469386
jid_708109,43097.0,136.0,2,74,3830478,3830478,3830553,JobState.COMPLETED,1.0,0,0,0,176.53061224489795,176.53061224489795,26126.530612244896
jid_708285,63748.0,541.0,8,1377,3830060,3830060,3831438,JobState.COMPLETED,1.0,0,0,0,176.5306122448976,176.53061224489795,1944661.224489792
jid_708296,43097.0,136.0,2,36,3832249,3832249,3832286,JobState.COMPLETED,1.0,0,0,0,176.53061224489795,176.53061224489795,12710.204081632652
jid_708301,9.000000000007276,8.0,648,82013,3751092,3751092,3833106,JobState.COMPLETED,1.0,0,0,0,176.53061224487672,176.53061224489795,9381617706.12132
jid_708304,63748.0,541.0,8,1772,3831473,3831473,3833246,JobState.COMPLETED,1.0,0,0,0,176.53061224489736,176.53061224489795,2502497.959183665
jid_708311,63718.0,562.0,1,402,3833541,3833541,3833944,JobState.COMPLETED,1.0,0,0,0,176.53061224489804,176.53061224489795,70965.30612244901
jid_708313,43097.0,136.0,2,3710,3830345,3830345,3834056,JobState.COMPLETED,1.0,0,0,0,176.5306122448969,176.53061224489795,1309857.142857135
jid_708315,63743.0,375.0,8,19,3834100,3834100,3834120,JobState.COMPLETED,0.6285906049429087,0,0,0,131.05191080933577,131.05191080933577,19919.890443019038
jid_708317,43097.0,136.0,2,38,3834178,3834178,3834217,JobState.COMPLETED,1.0,0,0,0,176.53061224489795,176.53061224489795,13416.326530612245
jid_708326,43097.0,136.0,2,35,3834301,3834301,3834337,JobState.COMPLETED,1.0,0,0,0,176.53061224489795,176.53061224489795,12357.142857142857
jid_708332,43097.0,136.0,2,3834,3830614,3830614,3834449,JobState.COMPLETED,1.0,0,0,0,176.5306122448969,176.53061224489795,1353636.7346938695
jid_708338,43097.0,136.0,2,4186,3830337,3830337,3834524,JobState.COMPLETED,1.0,0,0,0,176.53061224489684,176.53061224489795,1477914.2857142764
jid_708344,16692.0,648.0,48,6892,3827696,3827696,3834589,JobState.COMPLETED,1.0,0,0,0,176.53061224489716,176.53061224489795,58399151.02040789
jid_708346,43097.0,136.0,2,35,3834568,3834568,3834604,JobState.COMPLETED,1.0,0,0,0,176.53061224489795,176.53061224489795,12357.142857142857
jid_708354,43097.0,136.0,2,3720,3830907,3830907,3834628,JobState.COMPLETED,1.0,0,0,0,176.5306122448969,176.53061224489795,1313387.755102033
jid_708353,43097.0,136.0,2,58,3834571,3834571,3834630,JobState.COMPLETED,1.0,0,0,0,176.53061224489795,176.53061224489795,20477.551020408162
jid_708361,43097.0,136.0,2,37,3834705,3834705,3834743,JobState.COMPLETED,1.0,0,0,0,176.53061224489795,176.53061224489795,13063.265306122448
jid_708366,43097.0,136.0,2,30,3834718,3834718,3834749,JobState.COMPLETED,1.0,0,0,0,176.53061224489795,176.53061224489795,10591.836734693878
jid_708378,43097.0,136.0,2,37,3834720,3834720,3834758,JobState.COMPLETED,1.0,0,0,0,176.53061224489795,176.53061224489795,13063.265306122448
jid_708374,43097.0,136.0,2,47,3834731,3834731,3834779,JobState.COMPLETED,1.0,0,0,0,176.53061224489795,176.53061224489795,16593.877551020407
jid_708375,63743.0,375.0,64,8,3834803,3834803,3834812,JobState.COMPLETED,0.6384160292220485,0,0,0,132.2550239863733,132.2550239863733,67714.57228102312
jid_708377,63752.0,39.0,48,4392,3830433,3830433,3834826,JobState.COMPLETED,1.0,0,0,0,176.53061224489912,176.53061224489795,37215477.55102065
jid_708382,63743.0,375.0,64,9,3834866,3834866,3834876,JobState.COMPLETED,0.6076079966844,0,0,0,128.4826118389061,128.4826118389061,74005.98441920991
jid_708383,43097.0,136.0,2,4670,3830212,3830212,3834883,JobState.COMPLETED,1.0,0,0,0,176.53061224489682,176.53061224489795,1648795.9183673363
jid_708394,43097.0,136.0,2,50,3834865,3834865,3834916,JobState.COMPLETED,1.0,0,0,0,176.53061224489795,176.53061224489795,17653.061224489797
jid_708391,43097.0,136.0,2,4307,3830611,3830611,3834919,JobState.COMPLETED,1.0,0,0,0,176.53061224489684,176.53061224489795,1520634.6938775415
jid_708395,63743.0,375.0,64,8,3834963,3834963,3834972,JobState.COMPLETED,0.637027391093765,0,0,0,132.08498666454267,132.08498666454267,67627.51317224585
jid_708412,43097.0,136.0,2,124,3834868,3834868,3834993,JobState.COMPLETED,1.0,0,0,0,176.5306122448979,176.53061224489795,43779.591836734675
jid_708398,43097.0,136.0,2,4580,3830473,3830473,3835054,JobState.COMPLETED,1.0,0,0,0,176.53061224489682,176.53061224489795,1617020.4081632548
jid_708399,43097.0,136.0,2,4434,3830624,3830624,3835059,JobState.COMPLETED,1.0,0,0,0,176.53061224489684,176.53061224489795,1565473.4693877453
jid_708400,43097.0,136.0,2,4289,3830774,3830774,3835064,JobState.COMPLETED,1.0,0,0,0,176.53061224489684,176.53061224489795,1514279.5918367251
jid_708402,43097.0,136.0,2,3862,3831241,3831241,3835104,JobState.COMPLETED,1.0,0,0,0,176.5306122448969,176.53061224489795,1363522.4489795836
jid_708407,43097.0,136.0,2,4057,3831082,3831082,3835140,JobState.COMPLETED,1.0,0,0,0,176.53061224489687,176.53061224489795,1432369.3877550932
jid_708416,43097.0,136.0,2,85,3835069,3835069,3835155,JobState.COMPLETED,1.0,0,0,0,176.53061224489795,176.53061224489795,30010.20408163265
jid_708424,43097.0,136.0,2,39,3835202,3835202,3835242,JobState.COMPLETED,1.0,0,0,0,176.53061224489795,176.53061224489795,13769.38775510204
jid_708431,43097.0,136.0,2,37,3835213,3835213,3835251,JobState.COMPLETED,1.0,0,0,0,176.53061224489795,176.53061224489795,13063.265306122448
jid_708467,43097.0,136.0,2,37,3835215,3835215,3835253,JobState.COMPLETED,1.0,0,0,0,176.53061224489795,176.53061224489795,13063.265306122448
jid_708435,43097.0,136.0,2,4496,3830766,3830766,3835263,JobState.COMPLETED,1.0,0,0,0,176.53061224489684,176.53061224489795,1587363.2653061124
jid_708438,43097.0,136.0,2,62,3835211,3835211,3835274,JobState.COMPLETED,1.0,0,0,0,176.53061224489798,176.53061224489795,21889.79591836735
jid_708473,43097.0,136.0,2,33,3835343,3835343,3835377,JobState.COMPLETED,1.0,0,0,0,176.53061224489795,176.53061224489795,11651.020408163266
jid_708472,301.0,568.0,1,5,3835431,3835431,3835437,JobState.COMPLETED,1.0,0,0,0,176.53061224489795,176.53061224489795,882.6530612244898
jid_708474,43097.0,136.0,2,4377,3831083,3831083,3835461,JobState.COMPLETED,1.0,0,0,0,176.53061224489684,176.53061224489795,1545348.979591827
jid_708478,43097.0,136.0,2,39,3835480,3835480,3835520,JobState.COMPLETED,1.0,0,0,0,176.53061224489795,176.53061224489795,13769.38775510204
jid_708489,43097.0,136.0,2,4206,3831397,3831397,3835604,JobState.COMPLETED,1.0,0,0,0,176.53061224489684,176.53061224489795,1484975.5102040723
jid_708490,43097.0,136.0,2,4255,3831384,3831384,3835640,JobState.COMPLETED,1.0,0,0,0,176.53061224489684,176.53061224489795,1502275.510204072
jid_708493,43097.0,136.0,2,39,3835612,3835612,3835652,JobState.COMPLETED,1.0,0,0,0,176.53061224489795,176.53061224489795,13769.38775510204
jid_708503,43097.0,136.0,2,63,3835738,3835738,3835802,JobState.COMPLETED,1.0,0,0,0,176.53061224489798,176.53061224489795,22242.857142857145
jid_708510,43097.0,136.0,2,39,3835869,3835869,3835909,JobState.COMPLETED,1.0,0,0,0,176.53061224489795,176.53061224489795,13769.38775510204
jid_708522,43097.0,136.0,2,45,3836000,3836000,3836046,JobState.COMPLETED,1.0,0,0,0,176.53061224489795,176.53061224489795,15887.755102040815
jid_708528,1444.0,32.0,160,3077,3833115,3833115,3836193,JobState.COMPLETED,0.5302802931649016,0,0,0,119.01391344876406,119.01391344876347,58592929.86909553
jid_708535,55989.0,219.0,108,37250,3799375,3799375,3836626,JobState.COMPLETED,1.0,0,0,0,176.53061224491063,176.53061224489795,710182653.0612754
jid_708570,34.0,93.0,227,3214,3834676,3834676,3837891,JobState.COMPLETED,1.0,0,0,0,176.5306122448984,176.53061224489795,128792851.0204085
jid_708578,1246.0000000000073,114.0,3,2397,3835618,3835618,3838016,JobState.COMPLETED,0.6221676331485191,0,0,0,130.2654244671659,130.26542446716562,936738.6673433899
jid_708619,40800.0,158.0,2560,8969,3829104,3829104,3838074,JobState.COMPLETED,0.6050562166773638,0,0,0,128.17014898089946,128.1701489809017,2942868649.496799
jid_708598,63288.0,616.0,52,51947,3786129,3786129,3838077,JobState.COMPLETED,1.0,0,0,0,176.53061224491236,176.53061224489795,476852257.1428961
jid_708603,62936.0,26.0,399,53064,3785015,3785015,3838080,JobState.COMPLETED,1.0,0,0,0,176.53061224489974,176.53061224489798,3737600742.8571806
jid_708616,17.0,163.0,1,2071,3836024,3836024,3838096,JobState.COMPLETED,1.0,0,0,0,176.53061224489724,176.53061224489795,365594.8979591822
jid_708624,63578.0,46.0,255,30676,3807445,3807445,3838122,JobState.COMPLETED,1.0,0,0,0,176.53061224490648,176.53061224489795,1380889530.6123116
jid_708617,1038.0,211.0,24,85537,3752586,3752586,3838124,JobState.COMPLETED,0.6179939862362583,0,0,0,129.75436566160073,129.75436566158265,266371180.2143122
jid_708728,1246.0000000000073,114.0,3,4,3838858,3838858,3838863,JobState.COMPLETED,0.7499640526063793,0,0,0,145.91396562527095,145.91396562527095,1750.9675875032513
jid_708728,1246.0000000000073,114.0,3,4,3838859,3838859,3838864,JobState.COMPLETED,0.73486430869221,0,0,0,144.06501739088287,144.06501739088287,1728.7802086905945
jid_708751,43097.0,136.0,2,77,3839910,3839910,3839988,JobState.COMPLETED,1.0,0,0,0,176.53061224489795,176.53061224489795,27185.714285714286
jid_708771,43097.0,136.0,2,947,3839911,3839911,3840859,JobState.COMPLETED,1.0,0,0,0,176.53061224489812,176.53061224489795,334348.97959183704
jid_708772,214.0,543.0,2,1,3840919,3840919,3840921,JobState.COMPLETED,1.0,0,0,0,176.53061224489795,176.53061224489795,353.0612244897959
jid_708773,36151.0,65.0,499,1376,3839548,3839548,3840925,JobState.COMPLETED,1.0,0,0,0,176.53061224489844,176.53061224489795,121210155.10204114
jid_708776,43097.0,136.0,2,37,3840896,3840896,3840934,JobState.COMPLETED,1.0,0,0,0,176.53061224489795,176.53061224489795,13063.265306122448
jid_708790,36590.0,394.0,255,1851,3839279,3839279,3841131,JobState.COMPLETED,1.0,0,0,0,176.53061224489824,176.53061224489795,83323331.63265319
jid_708786,43097.0,136.0,2,57,3841143,3841143,3841201,JobState.COMPLETED,1.0,0,0,0,176.53061224489795,176.53061224489795,20124.489795918365
jid_708787,43097.0,136.0,2,1474,3839741,3839741,3841216,JobState.COMPLETED,1.0,0,0,0,176.53061224489753,176.53061224489795,520412.2448979579
jid_708797,43097.0,136.0,2,33,3841388,3841388,3841422,JobState.COMPLETED,1.0,0,0,0,176.53061224489795,176.53061224489795,11651.020408163266
jid_709234,1246.0000000000073,114.0,160,8,3841479,3841479,3841488,JobState.COMPLETED,0.7223885255774356,0,0,0,142.53737047886966,142.53737047886966,182447.83421295317
jid_709234,1246.0000000000073,114.0,160,9,3841479,3841479,3841489,JobState.COMPLETED,0.7103457009463067,0,0,0,141.0627388913845,141.0627388913845,203130.34400359367
jid_709234,1246.0000000000073,114.0,160,9,3841479,3841479,3841489,JobState.COMPLETED,0.690908415503688,0,0,0,138.68266312290058,138.68266312290058,199703.03489697684
jid_709234,1246.0000000000073,114.0,160,8,3841480,3841480,3841489,JobState.COMPLETED,0.6993072972133585,0,0,0,139.71109761796225,139.71109761796225,178830.20495099167
jid_709234,1246.0000000000073,114.0,160,8,3841480,3841480,3841489,JobState.COMPLETED,0.7151097615901697,0,0,0,141.64609325593915,141.64609325593915,181306.9993676021
jid_709234,1246.0000000000073,114.0,160,9,3841480,3841480,3841490,JobState.COMPLETED,0.69074888781375,0,0,0,138.66312912005102,138.66312912005102,199674.9059328735
jid_709234,1246.0000000000073,114.0,160,8,3841481,3841481,3841490,JobState.COMPLETED,0.7176781098024808,0,0,0,141.96058487377317,141.96058487377317,181709.54863842967
jid_709234,1246.0000000000073,114.0,160,9,3841482,3841482,3841492,JobState.COMPLETED,0.7170846760722801,0,0,0,141.8879195190547,141.8879195190547,204318.60410743876
jid_709234,1246.0000000000073,114.0,160,16,3841485,3841485,3841502,JobState.COMPLETED,0.7074698976229459,0,0,0,140.71059970893214,140.71059970893214,360219.13525486627
jid_709234,1246.0000000000073,114.0,160,18,3841485,3841485,3841504,JobState.COMPLETED,0.7176573533024898,0,0,0,141.95804326152935,141.95804326152935,408839.16459320456
jid_709234,1246.0000000000073,114.0,160,20,3841484,3841484,3841505,JobState.COMPLETED,0.6927332175763197,0,0,0,138.90610827465142,138.9061082746514,444499.5464788845
jid_708802,63759.0,110.0,24,7,3841497,3841497,3841505,JobState.COMPLETED,1.0,0,0,0,176.53061224489795,176.53061224489795,29657.14285714286
jid_709234,1246.0000000000073,114.0,160,22,3841484,3841484,3841507,JobState.COMPLETED,0.7077407214809334,0,0,0,140.74376181399185,140.74376181399185,495418.04158525134
jid_708807,319.0,607.0,4,0,3841582,3841582,3841583,JobState.COMPLETED,1.0,0,0,0,176.53061224489795,176.53061224489795,0.0
jid_708809,43097.0,136.0,2,35,3841631,3841631,3841667,JobState.COMPLETED,1.0,0,0,0,176.53061224489795,176.53061224489795,12357.142857142857
jid_709234,1246.0000000000073,114.0,160,281,3841479,3841479,3841761,JobState.COMPLETED,0.5275621082562614,0,0,0,118.68107448035853,118.68107448035855,5335901.10863692
jid_708811,207.0,376.0,160,495,3841316,3841316,3841812,JobState.COMPLETED,0.5233480702998046,0,0,0,118.16506983262897,118.16506983262914,9358673.530744214
jid_708813,207.0,376.0,160,488,3841330,3841330,3841819,JobState.COMPLETED,0.5234158638788429,0,0,0,118.17337108720528,118.17337108720525,9226976.814488988
jid_708846,60455.0,327.0,32,2023,3840206,3840206,3842230,JobState.COMPLETED,0.8644463063553764,0,0,0,159.93220077821002,159.93220077820936,10353370.949578203
jid_708852,60458.0,327.0,32,2026,3840205,3840205,3842232,JobState.COMPLETED,0.877253016203172,0,0,0,161.50036933099994,161.50036933100066,10470391.944467388
jid_708860,60448.0,327.0,32,1997,3840269,3840269,3842267,JobState.COMPLETED,0.8729117057686251,0,0,0,160.96878029819982,160.96878029819902,10286548.93617616
jid_708871,60460.0,327.0,32,2004,3840268,3840268,3842273,JobState.COMPLETED,0.8678141023825215,0,0,0,160.34458396520586,160.3445839652067,10282577.480520722
jid_708878,1444.0,23.0,160,110,3842304,3842304,3842415,JobState.COMPLETED,0.5301140054882257,0,0,0,118.99355169243579,118.99355169243582,2094286.5097868699
jid_708893,58.0,42.0,48,8,3842708,3842708,3842717,JobState.COMPLETED,1.0,0,0,0,176.53061224489795,176.53061224489795,67787.75510204081
jid_708898,63508.0,615.0,1,64,3843032,3843032,3843097,JobState.COMPLETED,1.0,0,0,0,176.53061224489798,176.53061224489795,11297.95918367347
jid_708902,301.0,568.0,1,757,3842383,3842383,3843141,JobState.COMPLETED,1.0,0,0,0,176.53061224489815,176.53061224489795,133633.6734693879
jid_708910,43097.0,136.0,2,37,3843450,3843450,3843488,JobState.COMPLETED,1.0,0,0,0,176.53061224489795,176.53061224489795,13063.265306122448
jid_708921,63743.0,375.0,64,172,3843851,3843851,3844024,JobState.COMPLETED,0.6473939163360054,0,0,0,133.35435710236794,133.354357102368,1467964.7629828663
jid_708926,63743.0,375.0,64,108,3844138,3844138,3844247,JobState.COMPLETED,0.6198849525313858,0,0,0,129.98591255486355,129.98591255486357,898462.6275792168
jid_709114,1246.0000000000073,114.0,3,5072,3839401,3839401,3844474,JobState.COMPLETED,0.5198134578951502,0,0,0,117.73226015042725,117.73226015042655,1791414.070448901
jid_708936,60455.0,327.0,32,2026,3842728,3842728,3844755,JobState.COMPLETED,0.867822840788423,0,0,0,160.34565397409187,160.3456539740926,10395529.438448325
jid_708955,59091.0,376.0,1,449,3845471,3845471,3845921,JobState.COMPLETED,1.0,0,0,0,176.53061224489807,176.53061224489795,79262.24489795923
jid_708969,62762.0,147.0,1,112,3846650,3846650,3846763,JobState.COMPLETED,0.5671446356296946,0,0,0,123.52791456690142,123.5279145669014,13835.126431492958
jid_708974,43097.0,136.0,2,55,3846825,3846825,3846881,JobState.COMPLETED,1.0,0,0,0,176.53061224489795,176.53061224489795,19418.367346938776
jid_708985,63766.0,537.0,1,3092,3843794,3843794,3846887,JobState.COMPLETED,1.0,0,0,0,176.530612244897,176.53061224489795,545832.6530612215
jid_708983,43097.0,136.0,2,56,3846843,3846843,3846900,JobState.COMPLETED,1.0,0,0,0,176.53061224489795,176.53061224489795,19771.428571428572
jid_709084,62654.0,599.0,2048,17748,3829422,3829422,3847171,JobState.COMPLETED,0.5935742584605793,0,0,0,126.7641949135366,126.76419491354032,4607612787.354517
jid_709095,62762.0,147.0,1,110,3847288,3847288,3847399,JobState.COMPLETED,0.5617839055530237,0,0,0,122.87149863914577,122.87149863914577,13515.864850306034
jid_709096,62762.0,147.0,1,110,3847570,3847570,3847681,JobState.COMPLETED,0.5605207817308641,0,0,0,122.71683041602417,122.71683041602418,13498.851345762658
jid_709099,62766.0,54.0,2816,102,3847613,3847613,3847716,JobState.COMPLETED,1.0,0,0,0,176.53061224489792,176.53061224489795,50705240.81632652
jid_709100,319.0,607.0,4,3,3847818,3847818,3847822,JobState.COMPLETED,1.0,0,0,0,176.53061224489795,176.53061224489795,2118.3673469387754
jid_709114,1246.0000000000073,114.0,3,8427,3839401,3839401,3847829,JobState.COMPLETED,0.7738743277893044,0,0,0,148.84175442318147,148.84175442318016,3762868.393572451
jid_709105,62762.0,147.0,1,115,3847849,3847849,3847965,JobState.COMPLETED,0.5387847411086422,0,0,0,120.05527442146642,120.05527442146638,13806.356558468638
jid_709104,58.0,42.0,48,28,3848074,3848074,3848103,JobState.COMPLETED,1.0,0,0,0,176.53061224489795,176.53061224489795,237257.14285714287
jid_709114,1246.0000000000073,114.0,3,8850,3839400,3839400,3848251,JobState.COMPLETED,0.7886035003951921,0,0,0,150.64532657900415,150.64532657900313,3999633.42067256
jid_709114,1246.0000000000073,114.0,3,9301,3839393,3839393,3848695,JobState.COMPLETED,0.7670847883570703,0,0,0,148.01038224780265,148.01038224780453,4129933.695860437
jid_709134,319.0,607.0,4,10,3849839,3849839,3849850,JobState.COMPLETED,1.0,0,0,0,176.53061224489795,176.53061224489795,7061.224489795918
jid_709141,15160.0,147.0,26,147,3850028,3850028,3850176,JobState.COMPLETED,0.5103113121730857,0,0,0,116.56873210282684,116.56873210282683,445525.69409700425
jid_709141,15160.0,147.0,26,152,3850028,3850028,3850181,JobState.COMPLETED,0.5101484800313394,0,0,0,116.54879347322526,116.54879347322523,460600.8318061862
jid_709141,15160.0,147.0,26,154,3850028,3850028,3850183,JobState.COMPLETED,0.5086724431759428,0,0,0,116.36805426644199,116.36805426644199,465937.6892828337
jid_709141,15160.0,147.0,26,157,3850028,3850028,3850186,JobState.COMPLETED,0.5095451821548691,0,0,0,116.4749202638615,116.47492026386152,475450.62451708264
jid_709141,15160.0,147.0,26,159,3850028,3850028,3850188,JobState.COMPLETED,0.5095576387990034,0,0,0,116.47644556722493,116.4764455672249,481513.62597490783
jid_709141,15160.0,147.0,26,160,3850028,3850028,3850189,JobState.COMPLETED,0.5093882637296113,0,0,0,116.4557057628095,116.45570576280953,484455.7359732875
jid_709141,15160.0,147.0,26,162,3850028,3850028,3850191,JobState.COMPLETED,0.5093556683927455,0,0,0,116.45171449707087,116.45171449707088,490494.62146166246
jid_709141,15160.0,147.0,26,165,3850028,3850028,3850194,JobState.COMPLETED,0.508796134345206,0,0,0,116.38320012390278,116.38320012390278,499283.92853154294
jid_709141,15160.0,147.0,26,165,3850028,3850028,3850194,JobState.COMPLETED,0.5079727969994481,0,0,0,116.2823833060549,116.28238330605487,498851.4243829755
jid_709141,15160.0,147.0,26,171,3850028,3850028,3850200,JobState.COMPLETED,0.509575718585194,0,0,0,116.47865941859514,116.47865941859519,517864.11977507395
jid_709141,15160.0,147.0,26,171,3850028,3850028,3850200,JobState.COMPLETED,0.5083345691947545,0,0,0,116.32668194221479,116.32668194221483,517188.42791508697
jid_709141,15160.0,147.0,26,177,3850028,3850028,3850206,JobState.COMPLETED,0.5096438878806792,0,0,0,116.48700667926684,116.48700667926684,536073.204737986
jid_709141,15160.0,147.0,26,179,3850028,3850028,3850208,JobState.COMPLETED,0.5094563138571186,0,0,0,116.46403843148389,116.46403843148393,542023.634860126
jid_709141,15160.0,147.0,26,181,3850028,3850028,3850210,JobState.COMPLETED,0.5093682309113821,0,0,0,116.45325276465906,116.45325276465903,548029.0075104855
jid_709144,63774.0,642.0,12,214,3850026,3850026,3850241,JobState.COMPLETED,1.0,0,0,0,176.53061224489787,176.53061224489795,453330.61224489775
jid_709151,16692.0,648.0,48,6706,3843667,3843667,3850374,JobState.COMPLETED,1.0,0,0,0,176.5306122448973,176.53061224489795,56823085.7142855
jid_709162,43097.0,136.0,2,3486,3846994,3846994,3850481,JobState.COMPLETED,1.0,0,0,0,176.53061224489693,176.53061224489795,1230771.4285714214
jid_709160,63780.0,522.0,12,41194,3809335,3809335,3850530,JobState.COMPLETED,1.0,0,0,0,176.53061224489258,176.53061224489795,87264024.48979326
jid_709164,319.0,607.0,4,9,3850696,3850696,3850706,JobState.COMPLETED,1.0,0,0,0,176.53061224489795,176.53061224489795,6355.102040816326
jid_709178,40597.0,526.0,1,0,3851243,3851243,3851243,JobState.COMPLETED,1.0,0,0,0,176.53061224489795,176.53061224489795,0.0
jid_709183,43097.0,136.0,2,4279,3847211,3847211,3851491,JobState.COMPLETED,1.0,0,0,0,176.53061224489684,176.53061224489795,1510748.9795918271
jid_709186,62923.0,557.0,4,395,3851387,3851387,3851783,JobState.COMPLETED,1.0,0,0,0,176.53061224489804,176.53061224489795,278918.3673469389
jid_709192,62923.0,557.0,4,412,3851387,3851387,3851800,JobState.COMPLETED,1.0,0,0,0,176.53061224489807,176.53061224489795,290922.448979592
jid_709194,111.0,65.0,499,7000,3844974,3844974,3851975,JobState.COMPLETED,1.0,0,0,0,176.53061224490017,176.53061224489795,616621428.5714363
jid_709202,63784.0,607.0,1,176,3851998,3851998,3852175,JobState.COMPLETED,1.0,0,0,0,176.5306122448979,176.53061224489795,31069.38775510203
jid_709547,33.0,13.0,6,20,3852723,3852723,3852744,JobState.COMPLETED,1.0,0,0,0,176.53061224489795,176.53061224489795,21183.673469387755
jid_709215,15160.0,147.0,26,132,3852647,3852647,3852780,JobState.COMPLETED,0.51344241202715,0,0,0,116.95213208495713,116.95213208495716,401379.7173155729
jid_709215,15160.0,147.0,26,134,3852647,3852647,3852782,JobState.COMPLETED,0.5113364611998432,0,0,0,116.69426055508285,116.69426055508285,406562.80377390864
jid_709215,15160.0,147.0,26,134,3852647,3852647,3852782,JobState.COMPLETED,0.511335383226472,0,0,0,116.69412855834354,116.69412855834351,406562.3438972689
jid_709215,15160.0,147.0,26,137,3852647,3852647,3852785,JobState.COMPLETED,0.5122964564082194,0,0,0,116.81181098876156,116.81181098876155,416083.67074196873
jid_709215,15160.0,147.0,26,137,3852647,3852647,3852785,JobState.COMPLETED,0.5107958119013496,0,0,0,116.62805860016528,116.62805860016526,415429.14473378874
jid_709215,15160.0,147.0,26,137,3852647,3852647,3852785,JobState.COMPLETED,0.5107730416200593,0,0,0,116.62527040245625,116.62527040245625,415419.21317354916
jid_709215,15160.0,147.0,26,137,3852647,3852647,3852785,JobState.COMPLETED,0.5107095158594686,0,0,0,116.6174917378941,116.61749173789411,415391.5055703788
jid_709215,15160.0,147.0,26,139,3852647,3852647,3852787,JobState.COMPLETED,0.5106004886290431,0,0,0,116.60414146478078,116.60414146478078,421407.3672537178
jid_709215,15160.0,147.0,26,141,3852647,3852647,3852789,JobState.COMPLETED,0.5109019793716868,0,0,0,116.64105869857389,116.64105869857391,427606.12118897185
jid_709215,15160.0,147.0,26,141,3852647,3852647,3852789,JobState.COMPLETED,0.5104672569314664,0,0,0,116.58782737936325,116.58782737936323,427410.97517274565
jid_709215,15160.0,147.0,26,143,3852647,3852647,3852791,JobState.COMPLETED,0.5101523790448238,0,0,0,116.54927090344783,116.54927090344782,433330.189219019
jid_709215,15160.0,147.0,26,144,3852647,3852647,3852792,JobState.COMPLETED,0.5107687107169621,0,0,0,116.62474008779128,116.62474008779128,436643.02688869054
jid_709215,15160.0,147.0,26,145,3852647,3852647,3852793,JobState.COMPLETED,0.5102627290763225,0,0,0,116.56278315220278,116.56278315220278,439441.6924838045
jid_709215,15160.0,147.0,26,145,3852647,3852647,3852793,JobState.COMPLETED,0.51084826268526,0,0,0,116.63448114513389,116.63448114513386,439711.99391715473
jid_709215,15160.0,147.0,26,147,3852647,3852647,3852795,JobState.COMPLETED,0.5112456837637928,0,0,0,116.68314495066853,116.6831449506685,445962.9800014552
jid_709215,15160.0,147.0,26,148,3852647,3852647,3852796,JobState.COMPLETED,0.5096001303019414,0,0,0,116.48164860840103,116.48164860840099,448221.38384512713
jid_709215,15160.0,147.0,26,149,3852647,3852647,3852797,JobState.COMPLETED,0.5100065965030167,0,0,0,116.53141997996127,116.53141997996123,451442.72100237
jid_709215,15160.0,147.0,26,155,3852647,3852647,3852803,JobState.COMPLETED,0.5108926844546465,0,0,0,116.6399205454669,116.63992054546692,470058.87979823153
jid_709215,15160.0,147.0,26,166,3852647,3852647,3852814,JobState.COMPLETED,0.5083629141638741,0,0,0,116.33015275476006,116.33015275476009,502080.9392895444
jid_709225,40673.0,530.0,499,8,3852911,3852911,3852920,JobState.COMPLETED,1.0,0,0,0,176.53061224489795,176.53061224489795,704710.2040816327
jid_709226,63748.0,541.0,8,2038,3850901,3850901,3852940,JobState.COMPLETED,1.0,0,0,0,176.53061224489727,176.53061224489795,2878155.102040805
jid_709228,40673.0,530.0,499,48,3852974,3852974,3853023,JobState.COMPLETED,1.0,0,0,0,176.53061224489795,176.53061224489795,4228261.224489796
jid_709238,319.0,607.0,4,14,3853173,3853173,3853188,JobState.COMPLETED,0.7414757540036884,0,0,0,144.87458212290062,144.87458212290062,8112.976598882435
jid_709242,36590.0,394.0,255,1374,3851948,3851948,3853323,JobState.COMPLETED,1.0,0,0,0,176.530612244898,176.53061224489795,61851030.61224491
jid_709253,62923.0,557.0,2,346,3853276,3853276,3853623,JobState.COMPLETED,1.0,0,0,0,176.530612244898,176.53061224489795,122159.18367346942
jid_709254,62923.0,557.0,2,349,3853276,3853276,3853626,JobState.COMPLETED,1.0,0,0,0,176.530612244898,176.53061224489795,123218.36734693882
jid_709255,207.0,122.99999999999997,10,57,3853570,3853570,3853628,JobState.COMPLETED,0.5442467327608039,0,0,0,120.72408972581272,120.72408972581272,68812.73114371324
jid_709256,63785.0,480.0,25,28,3853634,3853634,3853663,JobState.COMPLETED,1.0,0,0,0,176.53061224489795,176.53061224489795,123571.42857142858
jid_709264,62762.0,147.0,1,111,3853715,3853715,3853827,JobState.COMPLETED,0.5508851000637,0,0,0,121.53695102820818,121.53695102820815,13490.601564131108
jid_709270,1246.0000000000073,114.0,160,11821,3842189,3842189,3854011,JobState.COMPLETED,0.7786317078488483,0,0,0,149.42429075699903,149.42429075700184,282615126.5661577
jid_709272,63771.0,620.0,300,528,3853552,3853552,3854081,JobState.COMPLETED,1.0,0,0,0,176.53061224489787,176.53061224489795,27962448.979591824
jid_709313,301.0,334.0,8,1,3854130,3854130,3854132,JobState.COMPLETED,1.0,0,0,0,176.53061224489795,176.53061224489795,1412.2448979591836
jid_709315,62762.0,147.0,1,91,3854234,3854234,3854326,JobState.COMPLETED,0.5830623940543476,0,0,0,125.4770278433895,125.4770278433895,11418.409533748443
jid_709316,60513.0,599.0,128,10956,3843370,3843370,3854327,JobState.COMPLETED,0.5817406055667246,0,0,0,125.31517619184292,125.31517619184383,175737993.00580236
jid_709319,63748.0,541.0,8,254,3854105,3854105,3854360,JobState.COMPLETED,1.0,0,0,0,176.5306122448979,176.53061224489795,358710.20408163255
jid_709343,63788.0,655.0,12,0,3854518,3854518,3854518,JobState.COMPLETED,1.0,0,0,0,176.53061224489795,176.53061224489795,0.0
jid_709348,63789.0,562.0,1,32,3854541,3854541,3854574,JobState.COMPLETED,1.0,0,0,0,176.53061224489795,176.53061224489795,5648.9795918367345
jid_709352,63788.0,655.0,12,0,3854792,3854792,3854793,JobState.COMPLETED,1.0,0,0,0,176.53061224489795,176.53061224489795,0.0
jid_709355,63246.0,179.0,384,26373,3828531,3828531,3854905,JobState.COMPLETED,1.0,0,0,0,176.5306122448931,176.53061224489795,1787766465.3060732
jid_709363,40673.0,530.0,499,34,3855393,3855393,3855428,JobState.COMPLETED,1.0,0,0,0,176.53061224489795,176.53061224489795,2995018.3673469387
jid_709380,40673.0,530.0,499,35,3855820,3855820,3855856,JobState.COMPLETED,1.0,0,0,0,176.53061224489795,176.53061224489795,3083107.1428571427
jid_709385,63787.0,620.0,384,95,3856053,3856053,3856149,JobState.COMPLETED,1.0,0,0,0,176.53061224489795,176.53061224489795,6439836.734693877
jid_709392,1444.0,23.0,160,83,3856461,3856461,3856545,JobState.COMPLETED,0.5350009049092023,0,0,0,119.59194753990232,119.59194753990232,1588181.063329903
jid_709399,17.0,163.0,4,0,3856774,3856774,3856775,JobState.COMPLETED,1.0,0,0,0,176.53061224489795,176.53061224489795,0.0
jid_709403,63785.0,480.0,25,40,3856915,3856915,3856956,JobState.COMPLETED,1.0,0,0,0,176.53061224489795,176.53061224489795,176530.61224489796
jid_709418,63794.0,524.0,64,6,3857367,3857367,3857374,JobState.COMPLETED,1.0,0,0,0,176.53061224489795,176.53061224489795,67787.75510204081
jid_709422,63340.0,39.0,96,32006,3825535,3825535,3857542,JobState.COMPLETED,1.0,0,0,0,176.53061224489284,176.53061224489795,542403722.4489639
jid_709424,40856.0,48.0,1,0,3857575,3857575,3857576,JobState.COMPLETED,1.0,0,0,0,176.53061224489795,176.53061224489795,0.0
jid_709429,63093.0,562.0,1,3002,3854676,3854676,3857679,JobState.COMPLETED,1.0,0,0,0,176.53061224489701,176.53061224489795,529944.8979591809
jid_709435,36786.0,191.0,8,154,3857573,3857573,3857728,JobState.COMPLETED,1.0,0,0,0,176.5306122448979,176.53061224489795,217485.7142857142
jid_709438,60513.0,599.0,128,6412,3851389,3851389,3857802,JobState.COMPLETED,0.6083002264869856,0,0,0,128.56737467187662,128.5673746718758,105519872.81869733
jid_709440,40856.0,48.0,1,0,3857824,3857824,3857825,JobState.COMPLETED,1.0,0,0,0,176.53061224489795,176.53061224489795,0.0
jid_709453,15160.0,147.0,26,42,3858358,3858358,3858401,JobState.COMPLETED,1.0,0,0,0,176.53061224489795,176.53061224489795,192771.42857142855
jid_709453,15160.0,147.0,26,43,3858358,3858358,3858402,JobState.COMPLETED,1.0,0,0,0,176.53061224489795,176.53061224489795,197361.22448979592
jid_709453,15160.0,147.0,26,43,3858358,3858358,3858402,JobState.COMPLETED,1.0,0,0,0,176.53061224489795,176.53061224489795,197361.22448979592
jid_709453,15160.0,147.0,26,43,3858358,3858358,3858402,JobState.COMPLETED,1.0,0,0,0,176.53061224489795,176.53061224489795,197361.22448979592
jid_709453,15160.0,147.0,26,44,3858358,3858358,3858403,JobState.COMPLETED,1.0,0,0,0,176.53061224489795,176.53061224489795,201951.02040816325
jid_709453,15160.0,147.0,26,44,3858358,3858358,3858403,JobState.COMPLETED,1.0,0,0,0,176.53061224489795,176.53061224489795,201951.02040816325
jid_709453,15160.0,147.0,26,44,3858358,3858358,3858403,JobState.COMPLETED,1.0,0,0,0,176.53061224489795,176.53061224489795,201951.02040816325
jid_709453,15160.0,147.0,26,44,3858358,3858358,3858403,JobState.COMPLETED,1.0,0,0,0,176.53061224489795,176.53061224489795,201951.02040816325
jid_709453,15160.0,147.0,26,45,3858358,3858358,3858404,JobState.COMPLETED,1.0,0,0,0,176.53061224489795,176.53061224489795,206540.8163265306
jid_709453,15160.0,147.0,26,45,3858358,3858358,3858404,JobState.COMPLETED,1.0,0,0,0,176.53061224489795,176.53061224489795,206540.8163265306
jid_709453,15160.0,147.0,26,45,3858358,3858358,3858404,JobState.COMPLETED,1.0,0,0,0,176.53061224489795,176.53061224489795,206540.8163265306
jid_709453,15160.0,147.0,26,45,3858358,3858358,3858404,JobState.COMPLETED,1.0,0,0,0,176.53061224489795,176.53061224489795,206540.8163265306
jid_709453,15160.0,147.0,26,47,3858358,3858358,3858406,JobState.COMPLETED,1.0,0,0,0,176.53061224489795,176.53061224489795,215720.4081632653
jid_709453,15160.0,147.0,26,47,3858358,3858358,3858406,JobState.COMPLETED,1.0,0,0,0,176.53061224489795,176.53061224489795,215720.4081632653
jid_709453,15160.0,147.0,26,48,3858358,3858358,3858407,JobState.COMPLETED,1.0,0,0,0,176.53061224489795,176.53061224489795,220310.20408163263
jid_709453,15160.0,147.0,26,49,3858358,3858358,3858408,JobState.COMPLETED,1.0,0,0,0,176.53061224489795,176.53061224489795,224900.0
jid_709453,15160.0,147.0,26,53,3858358,3858358,3858412,JobState.COMPLETED,1.0,0,0,0,176.5306122448979,176.53061224489795,243259.1836734693
jid_709453,15160.0,147.0,26,73,3858358,3858358,3858432,JobState.COMPLETED,1.0,0,0,0,176.5306122448979,176.53061224489795,335055.1020408162
jid_709453,15160.0,147.0,26,73,3858358,3858358,3858432,JobState.COMPLETED,1.0,0,0,0,176.5306122448979,176.53061224489795,335055.1020408162
jid_709453,15160.0,147.0,26,74,3858358,3858358,3858433,JobState.COMPLETED,1.0,0,0,0,176.5306122448979,176.53061224489795,339644.89795918355
jid_709453,15160.0,147.0,26,74,3858358,3858358,3858433,JobState.COMPLETED,1.0,0,0,0,176.5306122448979,176.53061224489795,339644.89795918355
jid_709453,15160.0,147.0,26,75,3858358,3858358,3858434,JobState.COMPLETED,1.0,0,0,0,176.5306122448979,176.53061224489795,344234.6938775509
jid_709453,15160.0,147.0,26,76,3858358,3858358,3858435,JobState.COMPLETED,1.0,0,0,0,176.5306122448979,176.53061224489795,348824.4897959182
jid_709453,15160.0,147.0,26,77,3858358,3858358,3858436,JobState.COMPLETED,1.0,0,0,0,176.5306122448979,176.53061224489795,353414.28571428556
jid_709453,15160.0,147.0,26,77,3858358,3858358,3858436,JobState.COMPLETED,1.0,0,0,0,176.5306122448979,176.53061224489795,353414.28571428556
jid_709453,15160.0,147.0,26,78,3858358,3858358,3858437,JobState.COMPLETED,1.0,0,0,0,176.5306122448979,176.53061224489795,358004.08163265296
jid_709453,15160.0,147.0,26,79,3858358,3858358,3858438,JobState.COMPLETED,1.0,0,0,0,176.5306122448979,176.53061224489795,362593.8775510203
jid_709453,15160.0,147.0,26,79,3858358,3858358,3858438,JobState.COMPLETED,1.0,0,0,0,176.5306122448979,176.53061224489795,362593.8775510203
jid_709453,15160.0,147.0,26,80,3858358,3858358,3858439,JobState.COMPLETED,1.0,0,0,0,176.5306122448979,176.53061224489795,367183.6734693876
jid_709471,63800.0,654.0,12,0,3858829,3858829,3858830,JobState.COMPLETED,1.0,0,0,0,176.53061224489795,176.53061224489795,0.0
jid_709472,55949.0,653.0,12,3,3858850,3858850,3858854,JobState.COMPLETED,1.0,0,0,0,176.53061224489795,176.53061224489795,6355.102040816326
jid_709477,16692.0,648.0,48,5506,3853381,3853381,3858888,JobState.COMPLETED,1.0,0,0,0,176.53061224489855,176.53061224489795,46654922.44897975
jid_709474,60513.0,599.0,128,28179,3830720,3830720,3858900,JobState.COMPLETED,0.5913936755907021,0,0,0,126.49718476620758,126.49718476620842,456264213.6994513
jid_709483,63748.0,541.0,8,1258,3858005,3858005,3859264,JobState.COMPLETED,1.0,0,0,0,176.53061224489772,176.53061224489795,1776604.0816326507
jid_709488,15160.0,147.0,26,111,3859316,3859316,3859428,JobState.COMPLETED,0.5144625651261607,0,0,0,117.07704879095846,117.07704879095846,337884.3628107061
jid_709488,15160.0,147.0,26,111,3859316,3859316,3859428,JobState.COMPLETED,0.5151172034229016,0,0,0,117.15720858239615,117.15720858239612,338115.7039687953
jid_709488,15160.0,147.0,26,113,3859316,3859316,3859430,JobState.COMPLETED,0.5163061632807091,0,0,0,117.30279550376031,117.30279550376031,344635.6131900478
jid_709488,15160.0,147.0,26,113,3859316,3859316,3859430,JobState.COMPLETED,0.5160870391466433,0,0,0,117.27596397714001,117.27596397714001,344556.78216483735
jid_709488,15160.0,147.0,26,114,3859316,3859316,3859431,JobState.COMPLETED,0.5157074919531677,0,0,0,117.22948881059197,117.22948881059197,347468.20483459457
jid_709488,15160.0,147.0,26,115,3859316,3859316,3859432,JobState.COMPLETED,0.5157814269071782,0,0,0,117.23854207026672,117.23854207026672,350543.2407900975
jid_709488,15160.0,147.0,26,115,3859316,3859316,3859432,JobState.COMPLETED,0.5155952274474549,0,0,0,117.21574213642307,117.21574213642306,350475.068987905
jid_709488,15160.0,147.0,26,115,3859316,3859316,3859432,JobState.COMPLETED,0.5156853577845522,0,0,0,117.2267785042309,117.22677850423088,350508.06772765034
jid_709488,15160.0,147.0,26,115,3859316,3859316,3859432,JobState.COMPLETED,0.5154092609799038,0,0,0,117.19297073223314,117.19297073223314,350406.9824893771
jid_709488,15160.0,147.0,26,116,3859316,3859316,3859433,JobState.COMPLETED,0.5154571080389376,0,0,0,117.19882955578828,117.19882955578828,353471.66994025744
jid_709488,15160.0,147.0,26,116,3859316,3859316,3859433,JobState.COMPLETED,0.5155633106061663,0,0,0,117.2118339517755,117.21183395177549,353510.89119855495
jid_709488,15160.0,147.0,26,116,3859316,3859316,3859433,JobState.COMPLETED,0.5157155413806157,0,0,0,117.23047445476928,117.23047445476928,353567.11095558415
jid_709488,15160.0,147.0,26,117,3859316,3859316,3859434,JobState.COMPLETED,0.5154113005399931,0,0,0,117.19322047428487,117.19322047428487,356501.7766827746
jid_709488,15160.0,147.0,26,117,3859316,3859316,3859434,JobState.COMPLETED,0.5151574163777339,0,0,0,117.16213261768169,117.16213261768169,356407.20742298773
jid_709488,15160.0,147.0,26,117,3859316,3859316,3859434,JobState.COMPLETED,0.5153376474614282,0,0,0,117.18420172997081,117.18420172997081,356474.34166257124
jid_709488,15160.0,147.0,26,120,3859316,3859316,3859437,JobState.COMPLETED,0.515188669550332,0,0,0,117.16595953677536,117.16595953677536,365557.79375473916
jid_709488,15160.0,147.0,26,120,3859316,3859316,3859437,JobState.COMPLETED,0.5149113287553712,0,0,0,117.1319994394332,117.1319994394332,365451.8382510316
jid_709488,15160.0,147.0,26,123,3859316,3859316,3859440,JobState.COMPLETED,0.5154382240957235,0,0,0,117.19651723621108,117.19651723621106,374794.462121403
jid_709488,15160.0,147.0,26,123,3859316,3859316,3859440,JobState.COMPLETED,0.5144428556095532,0,0,0,117.07463538076162,117.07463538076162,374404.6839476757
jid_709488,15160.0,147.0,26,125,3859316,3859316,3859442,JobState.COMPLETED,0.5142333748733501,0,0,0,117.04898467836941,117.0489846783694,380409.2002047006
jid_709488,15160.0,147.0,26,125,3859316,3859316,3859442,JobState.COMPLETED,0.5144486896782667,0,0,0,117.07534975652243,117.07534975652246,380494.8867086979
jid_709488,15160.0,147.0,26,135,3859316,3859316,3859452,JobState.COMPLETED,0.5145434317333882,0,0,0,117.08695082449654,117.08695082449653,410975.19739398285
jid_709488,15160.0,147.0,26,135,3859316,3859316,3859452,JobState.COMPLETED,0.514984469168672,0,0,0,117.14095540840881,117.14095540840881,411164.75348351494
jid_709488,15160.0,147.0,26,140,3859316,3859316,3859457,JobState.COMPLETED,0.5144599205571819,0,0,0,117.07672496618557,117.07672496618555,426159.27887691546
jid_709488,15160.0,147.0,26,143,3859316,3859316,3859460,JobState.COMPLETED,0.5147957455414842,0,0,0,117.11784639283479,117.1178463928348,435444.15288855974
jid_709488,15160.0,147.0,26,145,3859316,3859316,3859462,JobState.COMPLETED,0.5148588851809036,0,0,0,117.12557777725353,117.1255777772535,441563.4282202458
jid_709488,15160.0,147.0,26,148,3859316,3859316,3859465,JobState.COMPLETED,0.5145312416439375,0,0,0,117.08545816048215,117.08545816048215,450544.8430015353
jid_709488,15160.0,147.0,26,148,3859316,3859316,3859465,JobState.COMPLETED,0.5147425847237543,0,0,0,117.11133690494952,117.11133690494951,450644.4244102458
jid_709488,15160.0,147.0,26,149,3859316,3859316,3859466,JobState.COMPLETED,0.5139737717417304,0,0,0,117.01719653980373,117.01719653980373,453324.6193951997
jid_709488,15160.0,147.0,26,152,3859316,3859316,3859469,JobState.COMPLETED,0.515134976809475,0,0,0,117.15938491544594,117.15938491544593,463013.8891858423
jid_709488,15160.0,147.0,26,155,3859316,3859316,3859472,JobState.COMPLETED,0.5147300982427085,0,0,0,117.1098079480868,117.10980794808675,471952.5260307898
jid_709488,15160.0,147.0,26,156,3859316,3859316,3859473,JobState.COMPLETED,0.5143090176046133,0,0,0,117.05824705362609,117.05824705362612,474788.2500495075
jid_709492,40856.0,48.0,1,0,3859499,3859499,3859499,JobState.COMPLETED,1.0,0,0,0,176.53061224489795,176.53061224489795,0.0
jid_709493,108.0,147.0,1,22,3859489,3859489,3859512,JobState.COMPLETED,1.0,0,0,0,176.53061224489795,176.53061224489795,3883.673469387755
jid_709495,40856.0,48.0,1,0,3859672,3859672,3859672,JobState.COMPLETED,1.0,0,0,0,176.53061224489795,176.53061224489795,0.0
jid_709511,63306.0,37.0,40,39,3860178,3860178,3860218,JobState.COMPLETED,0.5582559662246169,0,0,0,122.43950606832045,122.43950606832045,191005.62946657994
jid_709517,63802.0,5.0,1,2,3860345,3860345,3860348,JobState.COMPLETED,1.0,0,0,0,176.53061224489795,176.53061224489795,353.0612244897959
jid_709524,301.0,644.0,1,33,3860464,3860464,3860498,JobState.COMPLETED,1.0,0,0,0,176.53061224489795,176.53061224489795,5825.510204081633
jid_709537,15160.0,147.0,26,109,3860814,3860814,3860924,JobState.COMPLETED,0.514148722722229,0,0,0,117.03861910884439,117.03861910884437,331687.446554465
jid_709537,15160.0,147.0,26,117,3860814,3860814,3860932,JobState.COMPLETED,0.5134124761813518,0,0,0,116.94846647118592,116.94846647118592,355757.2350053476
jid_709537,15160.0,147.0,26,119,3860814,3860814,3860934,JobState.COMPLETED,0.5147979098782228,0,0,0,117.11811141365993,117.11811141365993,362363.4367138638
jid_709537,15160.0,147.0,26,120,3860814,3860814,3860935,JobState.COMPLETED,0.5145788966623048,0,0,0,117.09129346885365,117.09129346885365,365324.8356228234
jid_709537,15160.0,147.0,26,120,3860814,3860814,3860935,JobState.COMPLETED,0.5145396373127649,0,0,0,117.08648620156303,117.08648620156305,365309.8369488767
jid_709537,15160.0,147.0,26,121,3860814,3860814,3860936,JobState.COMPLETED,0.5144788901272843,0,0,0,117.0790477706879,117.07904777068788,368330.6842865841
jid_709537,15160.0,147.0,26,122,3860814,3860814,3860937,JobState.COMPLETED,0.5142939711872222,0,0,0,117.05640463517008,117.05640463517008,371302.9155027595
jid_709537,15160.0,147.0,26,122,3860814,3860814,3860937,JobState.COMPLETED,0.5146180007731267,0,0,0,117.09608172732166,117.09608172732166,371428.7712390643
jid_709537,15160.0,147.0,26,122,3860814,3860814,3860937,JobState.COMPLETED,0.5145231300664739,0,0,0,117.08446490609889,117.08446490609884,371391.92268214567
jid_709537,15160.0,147.0,26,123,3860814,3860814,3860938,JobState.COMPLETED,0.5144385423003984,0,0,0,117.07410722045695,117.07410722045695,374402.99489102134
jid_709537,15160.0,147.0,26,127,3860814,3860814,3860942,JobState.COMPLETED,0.5143284566623876,0,0,0,117.0606273464148,117.0606273464148,386534.1914978617
jid_709537,15160.0,147.0,26,133,3860814,3860814,3860948,JobState.COMPLETED,0.5146248239578973,0,0,0,117.09691721933437,117.09691721933437,404921.13974445825
jid_709537,15160.0,147.0,26,135,3860814,3860814,3860950,JobState.COMPLETED,0.5146282823450838,0,0,0,117.0973406953164,117.0973406953164,411011.66584056057
jid_709537,15160.0,147.0,26,138,3860814,3860814,3860953,JobState.COMPLETED,0.514419917030418,0,0,0,117.07182657515321,117.07182657515321,420053.7137516497
jid_709537,15160.0,147.0,26,143,3860814,3860814,3860958,JobState.COMPLETED,0.5143299215905833,0,0,0,117.06080672537756,117.06080672537755,435232.07940495375
jid_709537,15160.0,147.0,26,144,3860814,3860814,3860959,JobState.COMPLETED,0.5128892643549223,0,0,0,116.88439971692927,116.88439971692927,437615.19254018314
jid_709537,15160.0,147.0,26,147,3860814,3860814,3860962,JobState.COMPLETED,0.5147038337125932,0,0,0,117.10659188317472,117.10659188317469,447581.39417749376
jid_709537,15160.0,147.0,26,147,3860814,3860814,3860962,JobState.COMPLETED,0.5145590786690473,0,0,0,117.0888667758017,117.08886677580173,447513.64881711407
jid_709537,15160.0,147.0,26,148,3860814,3860814,3860963,JobState.COMPLETED,0.5146346511725229,0,0,0,117.0981205517375,117.09812055173751,450593.56788308587
jid_709537,15160.0,147.0,26,158,3860814,3860814,3860973,JobState.COMPLETED,0.5142050444323929,0,0,0,117.0455156447828,117.04551564478281,480822.9782687677
jid_709537,15160.0,147.0,26,160,3860814,3860814,3860975,JobState.COMPLETED,0.5142254249983362,0,0,0,117.04801122428603,117.04801122428606,486919.72669302986
jid_709539,62567.0,557.0,15,7837,3853189,3853189,3861027,JobState.COMPLETED,1.0,0,0,0,176.53061224489537,176.53061224489795,20752056.122448675
jid_709542,62567.0,557.0,15,7856,3853189,3853189,3861046,JobState.COMPLETED,1.0,0,0,0,176.5306122448953,176.53061224489795,20802367.346938465
jid_709545,16692.0,648.0,48,24836,3836296,3836296,3861133,JobState.COMPLETED,1.0,0,0,0,176.53061224489318,176.53061224489795,210447085.71428
jid_709557,15160.0,147.0,26,126,3861250,3861250,3861377,JobState.COMPLETED,0.5139136355748796,0,0,0,117.00983292753628,117.00983292753628,383324.2126706089
jid_709556,63703.0,331.0,55,1812,3859567,3859567,3861380,JobState.COMPLETED,1.0,0,0,0,176.53061224489753,176.53061224489795,17593040.816326488
jid_709557,15160.0,147.0,26,135,3861250,3861250,3861386,JobState.COMPLETED,0.5119596220646179,0,0,0,116.77056596709606,116.77056596709608,409864.68654450716
jid_709557,15160.0,147.0,26,136,3861250,3861250,3861387,JobState.COMPLETED,0.5122112678813974,0,0,0,116.8013797405793,116.80137974057926,413009.6787626884
jid_709557,15160.0,147.0,26,136,3861250,3861250,3861387,JobState.COMPLETED,0.5121801037411896,0,0,0,116.79756372341102,116.79756372341097,412996.18532598135
jid_709557,15160.0,147.0,26,136,3861250,3861250,3861387,JobState.COMPLETED,0.5121606715304409,0,0,0,116.79518426903357,116.79518426903357,412987.7715753027
jid_709557,15160.0,147.0,26,137,3861250,3861250,3861388,JobState.COMPLETED,0.5120378976314968,0,0,0,116.78015073038733,116.78015073038736,415970.8969016397
jid_709557,15160.0,147.0,26,139,3861250,3861250,3861390,JobState.COMPLETED,0.5117697403584582,0,0,0,116.74731514593367,116.74731514593367,421924.7969374043
jid_709557,15160.0,147.0,26,140,3861250,3861250,3861391,JobState.COMPLETED,0.5116022989554357,0,0,0,116.72681211699212,116.72681211699214,424885.59610585135
jid_709557,15160.0,147.0,26,140,3861250,3861250,3861391,JobState.COMPLETED,0.5114680518239805,0,0,0,116.71037369273229,116.7103736927323,424825.76024154556
jid_709557,15160.0,147.0,26,142,3861250,3861250,3861393,JobState.COMPLETED,0.5112699512969145,0,0,0,116.6861164853365,116.68611648533648,430805.14206386235
jid_709557,15160.0,147.0,26,146,3861250,3861250,3861397,JobState.COMPLETED,0.512279065198133,0,0,0,116.8096814528326,116.80968145283262,443409.5507949526
jid_709557,15160.0,147.0,26,147,3861250,3861250,3861398,JobState.COMPLETED,0.5115379721885933,0,0,0,116.71893537003189,116.71893537003186,446099.7709842619
jid_709557,15160.0,147.0,26,148,3861250,3861250,3861399,JobState.COMPLETED,0.5134117654977226,0,0,0,116.94837944870068,116.94837944870072,450017.3641186002
jid_709557,15160.0,147.0,26,148,3861250,3861250,3861399,JobState.COMPLETED,0.5120531618475752,0,0,0,116.78201981807044,116.78201981807044,449377.2122599351
jid_709557,15160.0,147.0,26,149,3861250,3861250,3861400,JobState.COMPLETED,0.5119198506046506,0,0,0,116.7656959924062,116.76569599240621,452350.3062745815
jid_709557,15160.0,147.0,26,149,3861250,3861250,3861400,JobState.COMPLETED,0.5134267141915775,0,0,0,116.95020990100946,116.95020990100949,453065.11315651063
jid_709557,15160.0,147.0,26,153,3861250,3861250,3861404,JobState.COMPLETED,0.5135911668671261,0,0,0,116.97034696332159,116.97034696332159,465308.04022009333
jid_709557,15160.0,147.0,26,154,3861250,3861250,3861405,JobState.COMPLETED,0.5126799081195985,0,0,0,116.85876425954264,116.85876425954267,467902.4920952087
jid_709557,15160.0,147.0,26,158,3861250,3861250,3861409,JobState.COMPLETED,0.5134833262124657,0,0,0,116.95714198519991,116.9571419851999,480459.9392752012
jid_709557,15160.0,147.0,26,164,3861250,3861250,3861415,JobState.COMPLETED,0.5134987209302654,0,0,0,116.95902705268553,116.95902705268556,498713.2913526511
jid_709564,60513.0,599.0,128,30906,3830676,3830676,3861583,JobState.COMPLETED,0.5864154114328928,0,0,0,125.88760139995041,125.88760139994606,498007322.734959
jid_709565,15160.0,147.0,26,109,3861572,3861572,3861682,JobState.COMPLETED,0.5143507309475871,0,0,0,117.06335480990865,117.06335480990863,331757.5475312811
jid_709565,15160.0,147.0,26,111,3861572,3861572,3861684,JobState.COMPLETED,0.5140905414422876,0,0,0,117.03149487048417,117.0314948704842,337752.8941962173
jid_709565,15160.0,147.0,26,113,3861572,3861572,3861686,JobState.COMPLETED,0.5154216015371184,0,0,0,117.19448182087163,117.19448182087163,344317.38758972083
jid_709565,15160.0,147.0,26,113,3861572,3861572,3861686,JobState.COMPLETED,0.5159987206575318,0,0,0,117.2651494682692,117.2651494682692,344525.0091377749
jid_709565,15160.0,147.0,26,114,3861572,3861572,3861687,JobState.COMPLETED,0.515548972090972,0,0,0,117.21007821522106,117.21007821522106,347410.6718299152
jid_709565,15160.0,147.0,26,115,3861572,3861572,3861688,JobState.COMPLETED,0.5154621819505198,0,0,0,117.19945085108407,117.19945085108407,350426.3580447413
jid_709565,15160.0,147.0,26,115,3861572,3861572,3861688,JobState.COMPLETED,0.5154919554833161,0,0,0,117.20309658979384,117.2030965897938,350437.25880348356
jid_709565,15160.0,147.0,26,115,3861572,3861572,3861688,JobState.COMPLETED,0.5156605924594502,0,0,0,117.22374601544287,117.22374601544287,350499.0005861742
jid_709565,15160.0,147.0,26,115,3861572,3861572,3861688,JobState.COMPLETED,0.5154303192561438,0,0,0,117.19554929667068,117.19554929667068,350414.6923970453
jid_709565,15160.0,147.0,26,116,3861572,3861572,3861689,JobState.COMPLETED,0.5150055308792605,0,0,0,117.14353439337886,117.14353439337881,353304.8997304306
jid_709565,15160.0,147.0,26,117,3861572,3861572,3861690,JobState.COMPLETED,0.5150839017808224,0,0,0,117.15313083030478,117.15313083030479,356379.8239857871
jid_709565,15160.0,147.0,26,117,3861572,3861572,3861690,JobState.COMPLETED,0.5150676571061292,0,0,0,117.1511416864648,117.1511416864648,356373.7730102259
jid_709565,15160.0,147.0,26,117,3861572,3861572,3861690,JobState.COMPLETED,0.5149888164451395,0,0,0,117.14148772797627,117.14148772797627,356344.40566850384
jid_709565,15160.0,147.0,26,121,3861572,3861572,3861694,JobState.COMPLETED,0.515163247057179,0,0,0,117.16284657843008,117.16284657843009,368594.31533574103
jid_709565,15160.0,147.0,26,122,3861572,3861572,3861695,JobState.COMPLETED,0.5155553582078753,0,0,0,117.2108601887194,117.21086018871944,371792.8485186179
jid_709565,15160.0,147.0,26,123,3861572,3861572,3861696,JobState.COMPLETED,0.5154966574408794,0,0,0,117.20367233969954,117.20367233969952,374817.3441423591
jid_709565,15160.0,147.0,26,124,3861572,3861572,3861697,JobState.COMPLETED,0.5152479546946024,0,0,0,117.1732189421962,117.1732189421962,377766.45786964055
jid_709565,15160.0,147.0,26,129,3861572,3861572,3861702,JobState.COMPLETED,0.5152616767556435,0,0,0,117.1748991945686,117.1748991945686,393004.61189858307
jid_709565,15160.0,147.0,26,135,3861572,3861572,3861708,JobState.COMPLETED,0.515109046551023,0,0,0,117.15620978175791,117.15620978175791,411218.29633397027
jid_709565,15160.0,147.0,26,139,3861572,3861572,3861712,JobState.COMPLETED,0.5149905505622575,0,0,0,117.14170006884787,117.14170006884787,423350.1040488162
jid_709565,15160.0,147.0,26,140,3861572,3861572,3861713,JobState.COMPLETED,0.5154577612443146,0,0,0,117.19890954012013,117.19890954012016,426604.0307260373
jid_709565,15160.0,147.0,26,149,3861572,3861572,3861722,JobState.COMPLETED,0.5151247404695568,0,0,0,117.15813148606821,117.15813148606819,453870.6013770283
jid_709565,15160.0,147.0,26,156,3861572,3861572,3861729,JobState.COMPLETED,0.5148710537060265,0,0,0,117.12706780073796,117.12706780073793,475067.3869997932
jid_709565,15160.0,147.0,26,157,3861572,3861572,3861730,JobState.COMPLETED,0.5147180885528639,0,0,0,117.10833737382005,117.10833737382008,478036.2331599335
jid_709570,574.0,380.0,1,2,3861811,3861811,3861814,JobState.COMPLETED,1.0,0,0,0,176.53061224489795,176.53061224489795,353.0612244897959
jid_709578,38416.0,656.0,1,142,3861972,3861972,3862115,JobState.COMPLETED,1.0,0,0,0,176.5306122448979,176.53061224489795,25067.3469387755
jid_709579,15160.0,147.0,26,117,3862005,3862005,3862123,JobState.COMPLETED,0.5124667181474215,0,0,0,116.8326593649904,116.8326593649904,355404.94978830084
jid_709579,15160.0,147.0,26,126,3862005,3862005,3862132,JobState.COMPLETED,0.5135681738786171,0,0,0,116.96753149534086,116.96753149534086,383185.63317873667
jid_709579,15160.0,147.0,26,127,3862005,3862005,3862133,JobState.COMPLETED,0.5131394285708665,0,0,0,116.91503206990203,116.91503206990203,386053.4358948165
jid_709579,15160.0,147.0,26,127,3862005,3862005,3862133,JobState.COMPLETED,0.5132758921085027,0,0,0,116.93174189083706,116.93174189083706,386108.61172354396
jid_709579,15160.0,147.0,26,128,3862005,3862005,3862134,JobState.COMPLETED,0.5130117381507883,0,0,0,116.89939650825983,116.8993965082598,389041.1915794887
jid_709579,15160.0,147.0,26,129,3862005,3862005,3862135,JobState.COMPLETED,0.5140781064225431,0,0,0,117.02997221500529,117.02997221500529,392518.5268091277
jid_709579,15160.0,147.0,26,130,3862005,3862005,3862136,JobState.COMPLETED,0.5127238126669447,0,0,0,116.86414032656465,116.86414032656465,395000.7943037885
jid_709579,15160.0,147.0,26,130,3862005,3862005,3862136,JobState.COMPLETED,0.5130276091402741,0,0,0,116.90133989472747,116.90133989472746,395126.5288441788
jid_709579,15160.0,147.0,26,130,3862005,3862005,3862136,JobState.COMPLETED,0.5124069923996352,0,0,0,116.8253460081186,116.8253460081186,394869.6695074409
jid_709579,15160.0,147.0,26,130,3862005,3862005,3862136,JobState.COMPLETED,0.5128388299509967,0,0,0,116.87822407563225,116.87822407563225,395048.39737563697
jid_709579,15160.0,147.0,26,132,3862005,3862005,3862138,JobState.COMPLETED,0.513006454372787,0,0,0,116.89874951503515,116.89874951503515,401196.5083356006
jid_709579,15160.0,147.0,26,133,3862005,3862005,3862139,JobState.COMPLETED,0.5129097956809898,0,0,0,116.88691375685588,116.88691375685588,404194.9477712076
jid_709579,15160.0,147.0,26,133,3862005,3862005,3862139,JobState.COMPLETED,0.5123551615107114,0,0,0,116.81899936865852,116.81899936865854,403960.09981682117
jid_709579,15160.0,147.0,26,133,3862005,3862005,3862139,JobState.COMPLETED,0.5133120198902446,0,0,0,116.93616570084626,116.93616570084626,404365.2609935264
jid_709579,15160.0,147.0,26,134,3862005,3862005,3862140,JobState.COMPLETED,0.5128062672963791,0,0,0,116.8742368118015,116.87423681180152,407189.8410523164
jid_709579,15160.0,147.0,26,134,3862005,3862005,3862140,JobState.COMPLETED,0.5128798945415269,0,0,0,116.88325239284003,116.88325239284003,407221.2513366547
jid_709579,15160.0,147.0,26,137,3862005,3862005,3862143,JobState.COMPLETED,0.5118798074083967,0,0,0,116.76079274388532,116.7607927438853,415901.9437537195
jid_709579,15160.0,147.0,26,137,3862005,3862005,3862143,JobState.COMPLETED,0.5113705261593187,0,0,0,116.69843177461046,116.69843177461046,415679.81398116244
jid_709579,15160.0,147.0,26,138,3862005,3862005,3862144,JobState.COMPLETED,0.512734153060424,0,0,0,116.86540649719473,116.86540649719475,419313.07851193467
jid_709579,15160.0,147.0,26,138,3862005,3862005,3862144,JobState.COMPLETED,0.5121196675271996,0,0,0,116.79016337067749,116.7901633706775,419043.1061739908
jid_709579,15160.0,147.0,26,140,3862005,3862005,3862146,JobState.COMPLETED,0.5131260544907474,0,0,0,116.91339442743849,116.91339442743846,425564.7557158761
jid_709579,15160.0,147.0,26,140,3862005,3862005,3862146,JobState.COMPLETED,0.5129571283890664,0,0,0,116.89270959866114,116.89270959866118,425489.46293912653
jid_709579,15160.0,147.0,26,150,3862005,3862005,3862156,JobState.COMPLETED,0.5116681499851501,0,0,0,116.73487550838568,116.73487550838573,455266.0144827042
jid_709579,15160.0,147.0,26,153,3862005,3862005,3862159,JobState.COMPLETED,0.5117179671922923,0,0,0,116.74097557456646,116.74097557456642,464395.6008356254
jid_709586,2.0,657.0,2,10,3862276,3862276,3862287,JobState.COMPLETED,1.0,0,0,0,176.53061224489795,176.53061224489795,3530.612244897959
jid_709588,63187.0,631.0,4,2,3862412,3862412,3862415,JobState.COMPLETED,1.0,0,0,0,176.53061224489795,176.53061224489795,1412.2448979591836
jid_709590,15160.0,147.0,26,150,3862375,3862375,3862526,JobState.COMPLETED,0.5130634479389685,0,0,0,116.90572831905735,116.90572831905737,455932.34044432366
jid_709590,15160.0,147.0,26,152,3862375,3862375,3862528,JobState.COMPLETED,0.512874786528588,0,0,0,116.88262692186787,116.88262692186791,461920.1415952218
jid_709590,15160.0,147.0,26,156,3862375,3862375,3862532,JobState.COMPLETED,0.5126120095646503,0,0,0,116.85045015077353,116.8504501507735,473945.42581153737
jid_709590,15160.0,147.0,26,156,3862375,3862375,3862532,JobState.COMPLETED,0.5126941835285415,0,0,0,116.86051226880105,116.860512268801,473986.2377622571
jid_709590,15160.0,147.0,26,157,3862375,3862375,3862533,JobState.COMPLETED,0.5126755602474009,0,0,0,116.85823186702866,116.85823186702868,477015.30248121097
jid_709590,15160.0,147.0,26,158,3862375,3862375,3862534,JobState.COMPLETED,0.5121509069885747,0,0,0,116.79398861084587,116.79398861084587,479789.7052133549
jid_709590,15160.0,147.0,26,160,3862375,3862375,3862536,JobState.COMPLETED,0.5124452105380712,0,0,0,116.83002578017198,116.83002578017198,486012.9072455155
jid_709590,15160.0,147.0,26,170,3862375,3862375,3862546,JobState.COMPLETED,0.5125641137356469,0,0,0,116.8445853553853,116.84458535538535,516453.06727080303
jid_709590,15160.0,147.0,26,172,3862375,3862375,3862548,JobState.COMPLETED,0.5122660826963682,0,0,0,116.80809175873894,116.80809175873898,522365.78634508053
jid_709590,15160.0,147.0,26,175,3862375,3862375,3862551,JobState.COMPLETED,0.512325627881129,0,0,0,116.81538300585255,116.81538300585254,531509.9926766291
jid_709590,15160.0,147.0,26,179,3862375,3862375,3862555,JobState.COMPLETED,0.5117204485875954,0,0,0,116.7412794188892,116.74127941888922,543313.9144155104
jid_709590,15160.0,147.0,26,182,3862375,3862375,3862558,JobState.COMPLETED,0.5123580518388471,0,0,0,116.81935328638939,116.81935328638944,552789.1797511945
jid_709590,15160.0,147.0,26,188,3862375,3862375,3862564,JobState.COMPLETED,0.5118125366934653,0,0,0,116.75255551348553,116.75255551348553,570686.4913499173
jid_709590,15160.0,147.0,26,190,3862375,3862375,3862566,JobState.COMPLETED,0.5120695348418073,0,0,0,116.784024674507,116.78402467450702,576913.0818920645
jid_709590,15160.0,147.0,26,197,3862375,3862375,3862573,JobState.COMPLETED,0.5124710714953394,0,0,0,116.83319242800079,116.83319242800076,598419.6116162201
jid_709597,108.0,536.0,79,22,3862795,3862795,3862818,JobState.COMPLETED,1.0,0,0,0,176.53061224489795,176.53061224489795,306810.20408163266
jid_709606,105.0,62.0,1,2365,3860549,3860549,3862915,JobState.COMPLETED,1.0,0,0,0,176.53061224489716,176.53061224489795,417494.89795918175
jid_709601,15160.0,147.0,26,126,3862813,3862813,3862940,JobState.COMPLETED,0.5142530712366746,0,0,0,117.05139647796021,117.05139647796017,383460.37486179767
jid_709601,15160.0,147.0,26,133,3862813,3862813,3862947,JobState.COMPLETED,0.5134506548418524,0,0,0,116.95314140920641,116.95314140920641,404423.96299303573
jid_709601,15160.0,147.0,26,136,3862813,3862813,3862950,JobState.COMPLETED,0.5146676243166382,0,0,0,117.10215807958835,117.10215807958835,414073.2309694244
jid_709601,15160.0,147.0,26,136,3862813,3862813,3862950,JobState.COMPLETED,0.5147007926748167,0,0,0,117.10621951120207,117.10621951120204,414087.5921916105
jid_709601,15160.0,147.0,26,138,3862813,3862813,3862952,JobState.COMPLETED,0.5149409498435795,0,0,0,117.13562651145868,117.1356265114587,420282.62792311376
jid_709601,15160.0,147.0,26,140,3862813,3862813,3862954,JobState.COMPLETED,0.5141212116509676,0,0,0,117.03525040624095,117.03525040624092,426008.311478717
jid_709601,15160.0,147.0,26,140,3862813,3862813,3862954,JobState.COMPLETED,0.5146735170406735,0,0,0,117.10287963763349,117.10287963763349,426254.4818809859
jid_709601,15160.0,147.0,26,143,3862813,3862813,3862957,JobState.COMPLETED,0.5139420374591195,0,0,0,117.01331070927989,117.01331070927993,435055.48921710264
jid_709601,15160.0,147.0,26,143,3862813,3862813,3862957,JobState.COMPLETED,0.5151720612846288,0,0,0,117.16392587158717,117.1639258715872,435615.4763905611
jid_709601,15160.0,147.0,26,144,3862813,3862813,3862958,JobState.COMPLETED,0.514788997886859,0,0,0,117.11702014941132,117.1170201494113,438486.123439396
jid_709601,15160.0,147.0,26,145,3862813,3862813,3862959,JobState.COMPLETED,0.5141558926505495,0,0,0,117.03949705925099,117.03949705925096,441238.90391337627
jid_709601,15160.0,147.0,26,146,3862813,3862813,3862960,JobState.COMPLETED,0.5145025672103639,0,0,0,117.0819470053507,117.08194700535068,444443.0708323113
jid_709601,15160.0,147.0,26,150,3862813,3862813,3862964,JobState.COMPLETED,0.5136078707748402,0,0,0,116.97239233977633,116.97239233977635,456192.33012512774
jid_709601,15160.0,147.0,26,151,3862813,3862813,3862965,JobState.COMPLETED,0.5134575803023951,0,0,0,116.95398942478307,116.95398942478307,459161.36248169834
jid_709601,15160.0,147.0,26,152,3862813,3862813,3862966,JobState.COMPLETED,0.5138937863633485,0,0,0,117.00740241183861,117.00740241183858,462413.2543315862
jid_709601,15160.0,147.0,26,153,3862813,3862813,3862967,JobState.COMPLETED,0.5143966530906238,0,0,0,117.06897792946415,117.06897792946414,465700.3942034084
jid_709601,15160.0,147.0,26,153,3862813,3862813,3862967,JobState.COMPLETED,0.5149400189475104,0,0,0,117.13551252418499,117.13551252418496,465965.06882120785
jid_709601,15160.0,147.0,26,155,3862813,3862813,3862969,JobState.COMPLETED,0.514439991836065,0,0,0,117.07428471462025,117.0742847146202,471809.36739991966
jid_709601,15160.0,147.0,26,156,3862813,3862813,3862970,JobState.COMPLETED,0.5143192563564515,0,0,0,117.05950077834102,117.059500778341,474793.33515695116
jid_709601,15160.0,147.0,26,158,3862813,3862813,3862972,JobState.COMPLETED,0.5137156241470792,0,0,0,116.98558663025462,116.9855866302546,480576.78987708595
jid_709601,15160.0,147.0,26,160,3862813,3862813,3862974,JobState.COMPLETED,0.5136937048036264,0,0,0,116.9829026290155,116.98290262901547,486648.8749367045
jid_709601,15160.0,147.0,26,164,3862813,3862813,3862978,JobState.COMPLETED,0.5146302810122625,0,0,0,117.09758543007297,117.09758543007295,499304.1042738312
jid_709601,15160.0,147.0,26,173,3862813,3862813,3862987,JobState.COMPLETED,0.5151553596960105,0,0,0,117.16188077910331,117.16188077910331,526994.1397444067
jid_709605,62923.0,557.0,4,237,3862751,3862751,3862989,JobState.COMPLETED,1.0,0,0,0,176.53061224489787,176.53061224489795,167351.02040816317
jid_709601,15160.0,147.0,26,177,3862813,3862813,3862991,JobState.COMPLETED,0.5143162694008174,0,0,0,117.05913502867153,117.05913502867153,538706.1394019464
jid_709601,15160.0,147.0,26,180,3862813,3862813,3862994,JobState.COMPLETED,0.5137064023090397,0,0,0,116.98445742559676,116.9844574255967,547487.2607517928
jid_709615,15160.0,147.0,26,167,3863181,3863181,3863349,JobState.COMPLETED,0.5151334530235494,0,0,0,117.15919832941427,117.15919832941424,508705.2391463168
jid_709615,15160.0,147.0,26,176,3863181,3863181,3863358,JobState.COMPLETED,0.5159851364799245,0,0,0,117.26348609958258,117.2634860995826,536597.7123916899
jid_709615,15160.0,147.0,26,176,3863181,3863181,3863358,JobState.COMPLETED,0.5157257410131952,0,0,0,117.23172338937084,117.23172338937084,536452.3662297609
jid_709615,15160.0,147.0,26,177,3863181,3863181,3863359,JobState.COMPLETED,0.5159813973897281,0,0,0,117.26302825180343,117.26302825180345,539644.4560147993
jid_709615,15160.0,147.0,26,178,3863181,3863181,3863360,JobState.COMPLETED,0.5157691276630486,0,0,0,117.23703604037327,117.2370360403733,542573.0027948475
jid_709615,15160.0,147.0,26,181,3863181,3863181,3863363,JobState.COMPLETED,0.5154417178970365,0,0,0,117.19694504861674,117.19694504861671,551528.8233987903
jid_709615,15160.0,147.0,26,187,3863181,3863181,3863369,JobState.COMPLETED,0.5165676296974206,0,0,0,117.33481179968413,117.33481179968416,570481.8549700642
jid_709615,15160.0,147.0,26,201,3863181,3863181,3863383,JobState.COMPLETED,0.5160870634632717,0,0,0,117.27596695468638,117.27596695468634,612884.203305191
jid_709615,15160.0,147.0,26,203,3863181,3863181,3863385,JobState.COMPLETED,0.5160850075454934,0,0,0,117.27571520965226,117.27571520965225,618981.2248765446
jid_709615,15160.0,147.0,26,204,3863181,3863181,3863386,JobState.COMPLETED,0.5149140308294169,0,0,0,117.1323303056429,117.1323303056429,621269.8799411299
jid_709615,15160.0,147.0,26,206,3863181,3863181,3863388,JobState.COMPLETED,0.5164338676509358,0,0,0,117.31843277358401,117.31843277358396,628357.525935316
jid_709631,15160.0,147.0,26,146,3863787,3863787,3863934,JobState.COMPLETED,0.5153352743965074,0,0,0,117.18391115059278,117.18391115059275,444830.1267276502
jid_709631,15160.0,147.0,26,160,3863787,3863787,3863948,JobState.COMPLETED,0.5159523855969663,0,0,0,117.25947578738366,117.25947578738364,487799.41927551606
jid_709631,15160.0,147.0,26,161,3863787,3863787,3863949,JobState.COMPLETED,0.5161665417384157,0,0,0,117.28569898837745,117.28569898837743,490957.935965348
jid_709631,15160.0,147.0,26,161,3863787,3863787,3863949,JobState.COMPLETED,0.5163373762650542,0,0,0,117.30661750184335,117.30661750184336,491045.5008627163
jid_709631,15160.0,147.0,26,161,3863787,3863787,3863949,JobState.COMPLETED,0.5159749699239288,0,0,0,117.26224121517497,117.26224121517495,490859.7417267224
jid_709631,15160.0,147.0,26,162,3863787,3863787,3863950,JobState.COMPLETED,0.5161082492348537,0,0,0,117.27856113079844,117.27856113079841,493977.299482923
jid_709631,15160.0,147.0,26,163,3863787,3863787,3863951,JobState.COMPLETED,0.5157573511781857,0,0,0,117.23559402181863,117.23559402181864,496844.4474644674
jid_709631,15160.0,147.0,26,164,3863787,3863787,3863952,JobState.COMPLETED,0.5155303486249124,0,0,0,117.20779779080561,117.20779779080561,499774.0497799951
jid_709631,15160.0,147.0,26,167,3863787,3863787,3863955,JobState.COMPLETED,0.5151867003433311,0,0,0,117.16571840938754,117.1657184093875,508733.54933356063
jid_709631,15160.0,147.0,26,172,3863787,3863787,3863960,JobState.COMPLETED,0.5150572334970487,0,0,0,117.14986532616919,117.14986532616923,523894.1977386286
jid_709631,15160.0,147.0,26,176,3863787,3863787,3863964,JobState.COMPLETED,0.5157421351782756,0,0,0,117.23373083815616,117.2337308381562,536461.5523154025
jid_709631,15160.0,147.0,26,178,3863787,3863787,3863966,JobState.COMPLETED,0.5147961085233291,0,0,0,117.11789083959138,117.11789083959133,542021.598805629
jid_709631,15160.0,147.0,26,182,3863787,3863787,3863970,JobState.COMPLETED,0.5154172818724376,0,0,0,117.19395288233926,117.1939528823393,554561.7850392293
jid_709631,15160.0,147.0,26,190,3863787,3863787,3863978,JobState.COMPLETED,0.5145582220306388,0,0,0,117.08876188130274,117.0887618813027,578418.4836936356
jid_709631,15160.0,147.0,26,190,3863787,3863787,3863978,JobState.COMPLETED,0.5156718436768969,0,0,0,117.22512371553836,117.2251237155384,579092.1111547595
jid_709631,15160.0,147.0,26,193,3863787,3863787,3863981,JobState.COMPLETED,0.5158868409099758,0,0,0,117.25144990734401,117.25144990734398,588367.7756350522
jid_709631,15160.0,147.0,26,206,3863787,3863787,3863994,JobState.COMPLETED,0.5159312128546522,0,0,0,117.25688320669214,117.2568832066921,628027.8664550431
jid_709648,108.0,530.0,1,23,3864027,3864027,3864051,JobState.COMPLETED,1.0,0,0,0,176.53061224489795,176.53061224489795,4060.204081632653
jid_709639,62923.0,557.0,2,154,3863992,3863992,3864147,JobState.COMPLETED,1.0,0,0,0,176.5306122448979,176.53061224489795,54371.42857142855
jid_709644,62923.0,557.0,2,168,3863993,3863993,3864162,JobState.COMPLETED,1.0,0,0,0,176.5306122448979,176.53061224489795,59314.285714285696
jid_709668,62567.0,557.0,8,11382,3853287,3853287,3864670,JobState.COMPLETED,1.0,0,0,0,176.53061224490168,176.53061224489795,16074171.428571766
jid_709679,59091.0,376.0,1,36,3864641,3864641,3864678,JobState.COMPLETED,1.0,0,0,0,176.53061224489795,176.53061224489795,6355.102040816326
jid_709670,62567.0,557.0,8,11398,3853287,3853287,3864686,JobState.COMPLETED,1.0,0,0,0,176.53061224490168,176.53061224489795,16096767.346939115
jid_709675,63306.0,37.0,40,77,3864633,3864633,3864711,JobState.COMPLETED,0.5210322834410439,0,0,0,117.88150409482171,117.88150409482171,363075.0326120509
jid_709678,62567.0,557.0,8,11389,3853356,3853356,3864746,JobState.COMPLETED,1.0,0,0,0,176.53061224490168,176.53061224489795,16084057.14285748
jid_709683,40673.0,530.0,499,33,3864876,3864876,3864910,JobState.COMPLETED,1.0,0,0,0,176.53061224489795,176.53061224489795,2906929.5918367347
jid_709690,40673.0,530.0,499,34,3865010,3865010,3865045,JobState.COMPLETED,1.0,0,0,0,176.53061224489795,176.53061224489795,2995018.3673469387
jid_709694,62751.0,607.0,4,0,3865253,3865253,3865253,JobState.COMPLETED,1.0,0,0,0,176.53061224489795,176.53061224489795,0.0
jid_709699,62923.0,557.0,1,60,3865476,3865476,3865537,JobState.COMPLETED,1.0,0,0,0,176.53061224489798,176.53061224489795,10591.83673469388
jid_709728,62923.0,557.0,2,435,3866548,3866548,3866984,JobState.COMPLETED,1.0,0,0,0,176.53061224489807,176.53061224489795,153581.63265306133
jid_709738,62923.0,557.0,2,436,3866548,3866548,3866985,JobState.COMPLETED,1.0,0,0,0,176.53061224489807,176.53061224489795,153934.69387755112
jid_709746,63813.0,652.0,1,30,3867525,3867525,3867556,JobState.COMPLETED,1.0,0,0,0,176.53061224489795,176.53061224489795,5295.918367346939
jid_709752,63616.0,627.0,12,16726,3850917,3850917,3867644,JobState.COMPLETED,1.0,0,0,0,176.53061224489394,176.53061224489795,35431812.24489716
jid_709758,108.0,659.0,4,47,3867846,3867846,3867894,JobState.COMPLETED,0.5427387702017629,0,0,0,120.53944124919545,120.53944124919545,22661.414954848744
jid_709760,108.0,174.0,48,26925,3841099,3841099,3868025,JobState.COMPLETED,1.0,0,0,0,176.53061224489306,176.53061224489795,228148163.2652998
jid_709769,108.0,659.0,4,230,3868173,3868173,3868404,JobState.COMPLETED,0.6238051221834513,0,0,0,130.46593332858586,130.46593332858586,120028.658662299
jid_709775,62802.0,37.0,1,134,3868782,3868782,3868917,JobState.COMPLETED,0.5307024463784928,0,0,0,119.06560567899915,119.06560567899912,15954.791160985886
jid_709777,207.0,512.0,160,134,3868814,3868814,3868949,JobState.COMPLETED,0.5155977486044995,0,0,0,117.21605084953057,117.21605084953055,2513112.1302139354
jid_709776,63703.0,331.0,55,1811,3867205,3867205,3869017,JobState.COMPLETED,1.0,0,0,0,176.53061224489753,176.53061224489795,17583331.632653017
jid_709790,301.0,549.0,399,14060,3856233,3856233,3870294,JobState.COMPLETED,1.0,0,0,0,176.53061224490088,176.53061224489798,990326142.8571593
jid_709796,63813.0,652.0,1,28,3870987,3870987,3871016,JobState.COMPLETED,1.0,0,0,0,176.53061224489795,176.53061224489795,4942.857142857143
jid_709800,63813.0,652.0,1,28,3871253,3871253,3871282,JobState.COMPLETED,1.0,0,0,0,176.53061224489795,176.53061224489795,4942.857142857143
jid_709806,62567.0,557.0,4,7435,3864004,3864004,3871440,JobState.COMPLETED,1.0,0,0,0,176.5306122448967,176.53061224489795,5250020.408163228
jid_709808,62567.0,557.0,4,7440,3864004,3864004,3871445,JobState.COMPLETED,1.0,0,0,0,176.53061224489673,176.53061224489795,5253551.0204081265
jid_709820,34.0,339.0,1,109,3871613,3871613,3871723,JobState.COMPLETED,1.0,0,0,0,176.53061224489792,176.53061224489795,19241.836734693872
jid_709828,111.0,65.0,399,2050,3870286,3870286,3872337,JobState.COMPLETED,1.0,0,0,0,176.53061224489838,176.53061224489798,144393214.28571463
jid_709845,6851.0,651.0,2,1,3873715,3873715,3873717,JobState.COMPLETED,1.0,0,0,0,176.53061224489795,176.53061224489795,353.0612244897959
jid_709849,63325.0,140.0,128,7738,3866006,3866006,3873745,JobState.COMPLETED,1.0,0,0,0,176.53061224489727,176.53061224489795,174847216.32652992
jid_685355,63823.0,140.0,128,8092,3865834,3865834,3873927,JobState.COMPLETED,1.0,0,0,0,176.53061224489787,176.53061224489795,182846171.42857134
jid_709871,63710.0,140.0,128,8040,3866076,3866076,3874117,JobState.COMPLETED,1.0,0,0,0,176.53061224489778,176.53061224489795,181671183.67346922
jid_709849,63175.0,140.0,128,8145,3865977,3865977,3874123,JobState.COMPLETED,1.0,0,0,0,176.53061224489795,176.53061224489795,184043755.1020408
jid_709871,63684.0,140.0,128,8066,3866076,3866076,3874143,JobState.COMPLETED,1.0,0,0,0,176.53061224489784,176.53061224489795,182258677.5510203
jid_709871,63436.0,140.0,128,8136,3866075,3866075,3874212,JobState.COMPLETED,1.0,0,0,0,176.53061224489795,176.53061224489795,183840391.83673468
jid_709874,63503.0,140.0,128,8359,3866127,3866127,3874487,JobState.COMPLETED,1.0,0,0,0,176.5306122448983,176.53061224489795,188879281.63265342
jid_709856,62766.0,54.0,2816,32,3874456,3874456,3874489,JobState.COMPLETED,1.0,0,0,0,176.53061224489795,176.53061224489795,15907526.530612245
jid_709858,985.0,617.0,1,28,3874545,3874545,3874574,JobState.COMPLETED,1.0,0,0,0,176.53061224489795,176.53061224489795,4942.857142857143
jid_710300,62766.0,54.0,2816,23,3874564,3874564,3874588,JobState.COMPLETED,1.0,0,0,0,176.53061224489795,176.53061224489795,11433534.693877552
jid_710300,62766.0,54.0,2816,21,3874567,3874567,3874589,JobState.COMPLETED,1.0,0,0,0,176.53061224489795,176.53061224489795,10439314.285714285
jid_709849,63254.0,140.0,128,8659,3866006,3866006,3874666,JobState.COMPLETED,1.0,0,0,0,176.53061224489872,176.53061224489795,195658057.142858
jid_709871,63565.0,140.0,128,8612,3866075,3866075,3874688,JobState.COMPLETED,1.0,0,0,0,176.53061224489866,176.53061224489795,194596048.97959262
jid_709874,63286.0,140.0,128,8701,3866126,3866126,3874828,JobState.COMPLETED,1.0,0,0,0,176.5306122448988,176.53061224489795,196607085.71428666
jid_709874,63710.0,140.0,128,8795,3866128,3866128,3874924,JobState.COMPLETED,1.0,0,0,0,176.53061224489892,176.53061224489795,198731102.0408174
jid_685355,64888.0,140.0,128,9137,3865835,3865835,3874973,JobState.COMPLETED,1.0,0,0,0,176.53061224489937,176.53061224489795,206458906.12245062
jid_709871,63503.0,140.0,128,8969,3866075,3866075,3875045,JobState.COMPLETED,1.0,0,0,0,176.53061224489915,176.53061224489795,202662791.83673605
jid_709869,63748.0,541.0,15,140,3875050,3875050,3875191,JobState.COMPLETED,1.0,0,0,0,176.53061224489795,176.53061224489795,370714.2857142857
jid_709849,63210.0,140.0,128,9668,3865984,3865984,3875653,JobState.COMPLETED,1.0,0,0,0,176.5306122449,176.53061224489795,218457338.77551273
jid_709874,63684.0,140.0,128,9537,3866128,3866128,3875666,JobState.COMPLETED,1.0,0,0,0,176.53061224489986,176.53061224489795,215497273.46939006
jid_709878,62977.0,140.0,128,9926,3865884,3865884,3875811,JobState.COMPLETED,1.0,0,0,0,176.5306122449003,176.53061224489795,224287085.7142887
jid_709880,63697.0,480.0,1,35984,3839986,3839986,3875971,JobState.COMPLETED,1.0,0,0,0,176.53061224489787,176.53061224489795,6352277.551020405
jid_709883,63748.0,541.0,15,63,3876161,3876161,3876225,JobState.COMPLETED,1.0,0,0,0,176.53061224489795,176.53061224489795,166821.42857142855
jid_709884,63820.0,660.0,12,18414,3857928,3857928,3876343,JobState.COMPLETED,1.0,0,0,0,176.53061224489372,176.53061224489795,39007616.326529674
jid_709874,63636.0,140.0,128,10389,3866127,3866127,3876517,JobState.COMPLETED,1.0,0,0,0,176.53061224490077,176.53061224489795,234748995.91837108
jid_709886,373.0,639.0,128,31749,3844896,3844896,3876646,JobState.COMPLETED,1.0,0,0,0,176.5306122449039,176.53061224489795,717397812.244922
jid_709887,17.0,542.0,1,1199,3875496,3875496,3876696,JobState.COMPLETED,1.0,0,0,0,176.53061224489778,176.53061224489795,211660.20408163243
jid_709891,62766.0,54.0,2816,886,3876297,3876297,3877184,JobState.COMPLETED,1.0,0,0,0,176.5306122448978,176.53061224489795,440439640.8163262
jid_709895,6851.0,651.0,2,262,3877137,3877137,3877400,JobState.COMPLETED,1.0,0,0,0,176.53061224489792,176.53061224489795,92502.04081632651
jid_709897,108.0,519.0,4,11367,3866166,3866166,3877534,JobState.COMPLETED,1.0,0,0,0,176.53061224490165,176.53061224489795,8026493.877551188
jid_709899,62867.0,623.0,15,18191,3859487,3859487,3877679,JobState.COMPLETED,1.0,0,0,0,176.53061224489323,176.53061224489795,48169025.510202795
jid_709901,985.0,617.0,1,16,3877934,3877934,3877951,JobState.COMPLETED,1.0,0,0,0,176.53061224489795,176.53061224489795,2824.4897959183672
jid_685355,63894.0,140.0,128,12570,3865835,3865835,3878406,JobState.COMPLETED,1.0,0,0,0,176.53061224490256,176.53061224489795,284030693.8775584
jid_698620,701.0,119.0,32,37589,3843138,3843138,3880728,JobState.COMPLETED,1.0,0,0,0,176.53061224489596,176.53061224489795,212339493.8775486
jid_709940,62867.0,623.0,15,21496,3859486,3859486,3880983,JobState.COMPLETED,1.0,0,0,0,176.53061224489298,176.53061224489795,56920530.612243295
jid_709959,62867.0,623.0,15,22346,3859487,3859487,3881834,JobState.COMPLETED,1.0,0,0,0,176.53061224489292,176.53061224489795,59171295.91836566
jid_709963,62867.0,623.0,15,23176,3859487,3859487,3882664,JobState.COMPLETED,1.0,0,0,0,176.5306122448929,176.53061224489795,61369102.04081457
jid_710340,207.0,512.0,160,1071,3882062,3882062,3883134,JobState.COMPLETED,0.5219052347115501,0,0,0,117.98839608712876,117.9883960871286,20218491.553490385
jid_709977,1246.0000000000073,114.0,3,44784,3838627,3838627,3883412,JobState.COMPLETED,0.6831143813204653,0,0,0,137.72829159025028,137.72829159026105,18504071.431733306
jid_710172,63826.0,528.0,710,23,3884385,3884385,3884409,JobState.COMPLETED,1.0,0,0,0,176.53061224489798,176.53061224489795,2882744.897959184
jid_710179,62867.0,623.0,15,25102,3859486,3859486,3884589,JobState.COMPLETED,1.0,0,0,0,176.53061224489278,176.53061224489795,66469071.42856948
jid_710202,111.0,65.0,399,1732,3884568,3884568,3886301,JobState.COMPLETED,1.0,0,0,0,176.5306122448983,176.53061224489798,121994657.14285737
jid_710210,62867.0,623.0,15,27526,3859487,3859487,3887014,JobState.COMPLETED,1.0,0,0,0,176.5306122448927,176.53061224489795,72887724.48979375
jid_710213,62802.0,37.0,1,89,3887026,3887026,3887116,JobState.COMPLETED,0.5375520856267696,0,0,0,119.90433701552281,119.90433701552281,10671.48599438153
jid_710393,108.0,519.0,2,2121,3885404,3885404,3887526,JobState.COMPLETED,1.0,0,0,0,176.5306122448972,176.53061224489795,748842.857142854
jid_710222,376.0,159.0,30,9277,3879481,3879481,3888759,JobState.COMPLETED,1.0,0,0,0,176.53061224489477,176.53061224489795,49130234.69387666
jid_710242,62802.0,37.0,1,84,3888909,3888909,3888994,JobState.COMPLETED,0.5283843709187037,0,0,0,118.78175970433105,118.78175970433107,9977.667815163808
jid_710222,376.0,159.0,30,9538,3879481,3879481,3889020,JobState.COMPLETED,1.0,0,0,0,176.53061224489468,176.53061224489795,50512469.387754165
jid_710222,376.0,159.0,30,9778,3879481,3879481,3889260,JobState.COMPLETED,1.0,0,0,0,176.5306122448946,176.53061224489795,51783489.795917384
jid_710222,376.0,159.0,30,9842,3879481,3879481,3889324,JobState.COMPLETED,1.0,0,0,0,176.5306122448946,176.53061224489795,52122428.571427576
jid_710222,376.0,159.0,30,10047,3879481,3879481,3889529,JobState.COMPLETED,1.0,0,0,0,176.53061224489454,176.53061224489795,53208091.83673366
jid_710222,376.0,159.0,30,10481,3879481,3879481,3889963,JobState.COMPLETED,1.0,0,0,0,176.5306122448944,176.53061224489795,55506520.40816215
jid_710222,376.0,159.0,30,10908,3879481,3879481,3890390,JobState.COMPLETED,1.0,0,0,0,176.5306122448943,176.53061224489795,57767877.55101921
jid_710222,376.0,159.0,30,11048,3879481,3879481,3890530,JobState.COMPLETED,1.0,0,0,0,176.53061224489426,176.53061224489795,58509306.12244775
jid_710222,376.0,159.0,30,11057,3879481,3879481,3890539,JobState.COMPLETED,1.0,0,0,0,176.53061224489426,176.53061224489795,58556969.387753874
jid_710222,376.0,159.0,30,11111,3879481,3879481,3890593,JobState.COMPLETED,1.0,0,0,0,176.53061224489426,176.53061224489795,58842948.9795906
jid_710259,60513.0,599.0,512,25390,3865262,3865262,3890653,JobState.COMPLETED,0.5792605096592113,0,0,0,125.01149097868401,125.01149097867894,1625109379.045779
jid_710262,63306.0,37.0,40,26029,3864777,3864777,3890807,JobState.COMPLETED,0.5172870001475138,0,0,0,117.42289797724307,117.42289797724659,122256024.45798638
jid_710222,376.0,159.0,30,11446,3879481,3879481,3890928,JobState.COMPLETED,1.0,0,0,0,176.53061224489417,176.53061224489795,60617081.63265176
jid_710222,376.0,159.0,30,11458,3879481,3879481,3890940,JobState.COMPLETED,1.0,0,0,0,176.53061224489417,176.53061224489795,60680632.65305992
jid_710222,376.0,159.0,30,11468,3879481,3879481,3890950,JobState.COMPLETED,1.0,0,0,0,176.53061224489417,176.53061224489795,60733591.83673339
jid_710222,376.0,159.0,30,11516,3879481,3879481,3890998,JobState.COMPLETED,1.0,0,0,0,176.53061224489417,176.53061224489795,60987795.91836604
jid_710200,56413.0,533.0,80,26718,3864391,3864391,3891110,JobState.COMPLETED,1.0,0,0,0,176.53061224489159,176.53061224489795,377323591.83672106
jid_710222,376.0,159.0,30,11748,3879481,3879481,3891230,JobState.COMPLETED,1.0,0,0,0,176.53061224489412,176.53061224489795,62216448.97959048
jid_710266,60513.0,599.0,512,25929,3865327,3865327,3891257,JobState.COMPLETED,0.5778727084562654,0,0,0,124.84155613750364,124.84155613750188,1657352555.0537379
jid_710222,376.0,159.0,30,11779,3879481,3879481,3891261,JobState.COMPLETED,1.0,0,0,0,176.53061224489412,176.53061224489795,62380622.44897824
jid_710273,60513.0,599.0,512,26095,3865270,3865270,3891366,JobState.COMPLETED,0.577254496570005,0,0,0,124.76585672285744,124.76585672285776,1666951695.965678
jid_710604,1246.0000000000073,114.0,160,11463,3879904,3879904,3891368,JobState.COMPLETED,0.7902940198083467,0,0,0,150.85232895612583,150.85232895612407,276675239.4918513
jid_710222,376.0,159.0,30,12068,3879481,3879481,3891550,JobState.COMPLETED,1.0,0,0,0,176.53061224489406,176.53061224489795,63911142.85714145
jid_710275,60513.0,599.0,512,26338,3865238,3865238,3891577,JobState.COMPLETED,0.5773831544573735,0,0,0,124.78161074988923,124.78161074988249,1682687008.732458
jid_710222,376.0,159.0,30,12110,3879481,3879481,3891592,JobState.COMPLETED,1.0,0,0,0,176.53061224489403,176.53061224489795,64133571.428569995
jid_710276,108.0,525.0,640,80,3891576,3891576,3891657,JobState.COMPLETED,0.9930538162042774,0,0,0,175.68005912705445,175.6800591270544,8994819.027305188
jid_710222,376.0,159.0,30,12387,3879481,3879481,3891869,JobState.COMPLETED,1.0,0,0,0,176.530612244894,176.53061224489795,65600540.81632505
jid_710222,376.0,159.0,30,12604,3879481,3879481,3892086,JobState.COMPLETED,1.0,0,0,0,176.53061224489392,176.53061224489795,66749755.102039285
jid_710222,376.0,159.0,30,12658,3879481,3879481,3892140,JobState.COMPLETED,1.0,0,0,0,176.53061224489392,176.53061224489795,67035734.69387602
jid_710222,376.0,159.0,30,12762,3879481,3879481,3892244,JobState.COMPLETED,1.0,0,0,0,176.5306122448939,176.53061224489795,67586510.20408008
jid_710222,376.0,159.0,30,12893,3879481,3879481,3892375,JobState.COMPLETED,1.0,0,0,0,176.5306122448939,176.53061224489795,68280275.5102025
jid_710222,376.0,159.0,30,13056,3879481,3879481,3892538,JobState.COMPLETED,1.0,0,0,0,176.53061224489386,176.53061224489795,69143510.20408003
jid_710494,63843.0,39.0,48,3380,3889221,3889221,3892602,JobState.COMPLETED,1.0,0,0,0,176.53061224489844,176.53061224489795,28640326.53061232
jid_710222,376.0,159.0,30,13230,3879481,3879481,3892712,JobState.COMPLETED,1.0,0,0,0,176.53061224489383,176.53061224489795,70064999.99999836
jid_710222,376.0,159.0,30,13237,3879481,3879481,3892719,JobState.COMPLETED,1.0,0,0,0,176.53061224489383,176.53061224489795,70102071.4285698
jid_710222,376.0,159.0,30,13421,3879481,3879481,3892903,JobState.COMPLETED,1.0,0,0,0,176.5306122448938,176.53061224489795,71076520.40816158
jid_710222,376.0,159.0,30,13439,3879481,3879481,3892921,JobState.COMPLETED,1.0,0,0,0,176.5306122448938,176.53061224489795,71171846.93877384
jid_710222,376.0,159.0,30,13496,3879481,3879481,3892978,JobState.COMPLETED,1.0,0,0,0,176.53061224489377,176.53061224489795,71473714.28571258
jid_710222,376.0,159.0,30,13691,3879481,3879481,3893173,JobState.COMPLETED,1.0,0,0,0,176.53061224489375,176.53061224489795,72506418.36734521
jid_710300,62766.0,54.0,2816,19418,3873791,3873791,3893210,JobState.COMPLETED,1.0,0,0,0,176.53061224490332,176.53061224489795,9652885942.857437
jid_710222,376.0,159.0,30,13794,3879481,3879481,3893276,JobState.COMPLETED,1.0,0,0,0,176.53061224489375,176.53061224489795,73051897.95918193
jid_710222,376.0,159.0,30,13885,3879481,3879481,3893367,JobState.COMPLETED,1.0,0,0,0,176.53061224489372,176.53061224489795,73533826.53061049
jid_710222,376.0,159.0,30,13993,3879481,3879481,3893475,JobState.COMPLETED,1.0,0,0,0,176.53061224489372,176.53061224489795,74105785.71428393
jid_710222,376.0,159.0,30,14333,3879481,3879481,3893815,JobState.COMPLETED,1.0,0,0,0,176.53061224489366,176.53061224489795,75906397.95918182
jid_710222,376.0,159.0,30,14369,3879481,3879481,3893851,JobState.COMPLETED,1.0,0,0,0,176.53061224489366,176.53061224489795,76097051.02040632
jid_710222,376.0,159.0,30,14478,3879481,3879481,3893960,JobState.COMPLETED,1.0,0,0,0,176.53061224489363,176.53061224489795,76674306.12244709
jid_710222,376.0,159.0,30,14497,3879481,3879481,3893979,JobState.COMPLETED,1.0,0,0,0,176.53061224489363,176.53061224489795,76774928.57142669
jid_710222,376.0,159.0,30,14634,3879481,3879481,3894116,JobState.COMPLETED,1.0,0,0,0,176.53061224489363,176.53061224489795,77500469.3877532
jid_710222,376.0,159.0,30,14680,3879481,3879481,3894162,JobState.COMPLETED,1.0,0,0,0,176.53061224489363,176.53061224489795,77744081.63265117
jid_710222,376.0,159.0,30,14742,3879481,3879481,3894224,JobState.COMPLETED,1.0,0,0,0,176.5306122448936,176.53061224489795,78072428.57142664
jid_710222,376.0,159.0,30,14865,3879481,3879481,3894347,JobState.COMPLETED,1.0,0,0,0,176.5306122448936,176.53061224489795,78723826.5306103
jid_710222,376.0,159.0,30,15125,3879481,3879481,3894607,JobState.COMPLETED,1.0,0,0,0,176.53061224489358,176.53061224489795,80100765.30612046
jid_710222,376.0,159.0,30,15233,3879481,3879481,3894715,JobState.COMPLETED,1.0,0,0,0,176.53061224489355,176.53061224489795,80672724.48979391
jid_710222,376.0,159.0,30,15331,3879481,3879481,3894813,JobState.COMPLETED,1.0,0,0,0,176.53061224489355,176.53061224489795,81191724.4897939
jid_710222,376.0,159.0,30,15405,3879481,3879481,3894887,JobState.COMPLETED,1.0,0,0,0,176.5306122448935,176.53061224489795,81583622.44897753
jid_710222,376.0,159.0,30,15427,3879481,3879481,3894909,JobState.COMPLETED,1.0,0,0,0,176.5306122448935,176.53061224489795,81700132.65305915
jid_710222,376.0,159.0,30,15429,3879481,3879481,3894911,JobState.COMPLETED,1.0,0,0,0,176.5306122448935,176.53061224489795,81710724.48979385
jid_710222,376.0,159.0,30,15454,3879481,3879481,3894936,JobState.COMPLETED,1.0,0,0,0,176.5306122448935,176.53061224489795,81843122.44897752
jid_710222,376.0,159.0,30,15718,3879481,3879481,3895200,JobState.COMPLETED,1.0,0,0,0,176.53061224489346,176.53061224489795,83241244.89795706
jid_710322,985.0,617.0,4,40,3895238,3895238,3895279,JobState.COMPLETED,1.0,0,0,0,176.53061224489795,176.53061224489795,28244.897959183672
jid_710222,376.0,159.0,30,15852,3879481,3879481,3895334,JobState.COMPLETED,1.0,0,0,0,176.53061224489346,176.53061224489795,83950897.95918155
jid_710222,376.0,159.0,30,15892,3879481,3879481,3895374,JobState.COMPLETED,1.0,0,0,0,176.53061224489346,176.53061224489795,84162734.6938754
jid_710222,376.0,159.0,30,15944,3879481,3879481,3895426,JobState.COMPLETED,1.0,0,0,0,176.53061224489343,176.53061224489795,84438122.44897743
jid_710222,376.0,159.0,30,16072,3879481,3879481,3895554,JobState.COMPLETED,1.0,0,0,0,176.53061224489343,176.53061224489795,85115999.99999782
jid_710222,376.0,159.0,30,16087,3879481,3879481,3895569,JobState.COMPLETED,1.0,0,0,0,176.53061224489343,176.53061224489795,85195438.77550802
jid_710222,376.0,159.0,30,16088,3879481,3879481,3895570,JobState.COMPLETED,1.0,0,0,0,176.53061224489343,176.53061224489795,85200734.69387536
jid_710222,376.0,159.0,30,16307,3879481,3879481,3895789,JobState.COMPLETED,1.0,0,0,0,176.5306122448934,176.53061224489795,86360540.81632431
jid_710222,376.0,159.0,30,16324,3879481,3879481,3895806,JobState.COMPLETED,1.0,0,0,0,176.5306122448934,176.53061224489795,86450571.4285692
jid_710222,376.0,159.0,30,16508,3879481,3879481,3895990,JobState.COMPLETED,1.0,0,0,0,176.53061224489338,176.53061224489795,87425020.408161
jid_710222,376.0,159.0,30,16537,3879481,3879481,3896019,JobState.COMPLETED,1.0,0,0,0,176.53061224489338,176.53061224489795,87578602.04081406
jid_710222,376.0,159.0,30,16625,3879481,3879481,3896107,JobState.COMPLETED,1.0,0,0,0,176.53061224489338,176.53061224489795,88044642.85714057
jid_710222,376.0,159.0,30,16708,3879481,3879481,3896190,JobState.COMPLETED,1.0,0,0,0,176.53061224489338,176.53061224489795,88484204.08163035
jid_710200,55988.0,533.0,80,31905,3864400,3864400,3896306,JobState.COMPLETED,1.0,0,0,0,176.53061224489664,176.53061224489795,450576734.6938742
jid_710222,376.0,159.0,30,17075,3879481,3879481,3896557,JobState.COMPLETED,1.0,0,0,0,176.53061224489332,176.53061224489795,90427806.12244661
jid_710328,63837.0,663.0,4096,1079,3895605,3895605,3896685,JobState.COMPLETED,1.0,0,0,0,176.53061224489792,176.53061224489795,780191869.3877549
jid_710222,376.0,159.0,30,17454,3879481,3879481,3896936,JobState.COMPLETED,1.0,0,0,0,176.5306122448933,176.53061224489795,92434959.18367101
jid_710222,376.0,159.0,30,17458,3879481,3879481,3896940,JobState.COMPLETED,1.0,0,0,0,176.5306122448933,176.53061224489795,92456142.85714042
jid_710329,6851.0,651.0,2,27,3896958,3896958,3896986,JobState.COMPLETED,1.0,0,0,0,176.53061224489795,176.53061224489795,9532.65306122449
jid_710330,105.0,62.0,1536,14066,3883051,3883051,3897118,JobState.COMPLETED,1.0,0,0,0,176.53061224489434,176.53061224489795,3814010253.0611467
jid_710222,376.0,159.0,30,17638,3879481,3879481,3897120,JobState.COMPLETED,1.0,0,0,0,176.5306122448933,176.53061224489795,93409408.16326283
jid_710222,376.0,159.0,30,17878,3879481,3879481,3897360,JobState.COMPLETED,1.0,0,0,0,176.53061224489326,176.53061224489795,94680428.57142605
jid_710332,60384.0,590.0,25,18,3897455,3897455,3897474,JobState.COMPLETED,1.0,0,0,0,176.53061224489795,176.53061224489795,79438.77551020407
jid_710222,376.0,159.0,30,18033,3879481,3879481,3897515,JobState.COMPLETED,1.0,0,0,0,176.53061224489323,176.53061224489795,95501295.9183648
jid_710344,985.0,617.0,4,2539,3895237,3895237,3897777,JobState.COMPLETED,1.0,0,0,0,176.5306122448971,176.53061224489795,1792844.897959175
jid_710222,376.0,159.0,30,18391,3879481,3879481,3897873,JobState.COMPLETED,1.0,0,0,0,176.5306122448932,176.53061224489795,97397234.69387493
jid_710222,376.0,159.0,30,18458,3879481,3879481,3897940,JobState.COMPLETED,1.0,0,0,0,176.5306122448932,176.53061224489795,97752061.22448716
jid_710222,376.0,159.0,30,18978,3879481,3879481,3898460,JobState.COMPLETED,1.0,0,0,0,176.53061224489318,176.53061224489795,100505938.77550748
jid_710342,63188.0,512.0,160,37967,3860578,3860578,3898546,JobState.COMPLETED,0.7801679625924521,0,0,0,149.61240358275376,149.61240358274924,908853460.292226
jid_710350,301.0,549.0,399,60,3898727,3898727,3898788,JobState.COMPLETED,1.0,0,0,0,176.530612244898,176.53061224489798,4226142.857142858
jid_710222,376.0,159.0,30,19778,3879481,3879481,3899260,JobState.COMPLETED,1.0,0,0,0,176.53061224489312,176.53061224489795,104742673.46938488
jid_710222,376.0,159.0,30,19835,3879481,3879481,3899317,JobState.COMPLETED,1.0,0,0,0,176.53061224489312,176.53061224489795,105044540.81632364
jid_710222,376.0,159.0,30,19957,3879481,3879481,3899439,JobState.COMPLETED,1.0,0,0,0,176.5306122448931,176.53061224489795,105690642.85713995
jid_710222,376.0,159.0,30,20119,3879481,3879481,3899601,JobState.COMPLETED,1.0,0,0,0,176.5306122448931,176.53061224489795,106548581.63265012
jid_710222,376.0,159.0,30,20226,3879481,3879481,3899708,JobState.COMPLETED,1.0,0,0,0,176.5306122448931,176.53061224489795,107115244.89795624
jid_710222,376.0,159.0,30,20234,3879481,3879481,3899716,JobState.COMPLETED,1.0,0,0,0,176.5306122448931,176.53061224489795,107157612.244895
jid_710222,376.0,159.0,30,20564,3879481,3879481,3900046,JobState.COMPLETED,1.0,0,0,0,176.53061224489304,176.53061224489795,108905265.30611941
jid_710222,376.0,159.0,30,21129,3879481,3879481,3900611,JobState.COMPLETED,1.0,0,0,0,176.530612244893,176.53061224489795,111897459.18367033
jid_710222,376.0,159.0,30,21343,3879481,3879481,3900825,JobState.COMPLETED,1.0,0,0,0,176.53061224489298,176.53061224489795,113030785.71428251
jid_710394,301.0,549.0,399,156,3900905,3900905,3901062,JobState.COMPLETED,1.0,0,0,0,176.530612244898,176.53061224489798,10987971.428571433
jid_710222,376.0,159.0,30,21980,3879481,3879481,3901462,JobState.COMPLETED,1.0,0,0,0,176.53061224489295,176.53061224489795,116404285.71428241
jid_710398,301.0,549.0,399,419,3901208,3901208,3901628,JobState.COMPLETED,1.0,0,0,0,176.53061224489787,176.53061224489798,29512564.28571427
jid_710742,63332.0,39.0,96,10494,3891276,3891276,3901771,JobState.COMPLETED,1.0,0,0,0,176.5306122448953,176.53061224489795,177841175.5102014
jid_710222,376.0,159.0,30,22321,3879481,3879481,3901803,JobState.COMPLETED,1.0,0,0,0,176.53061224489292,176.53061224489795,118210193.87754765
jid_710222,376.0,159.0,30,22990,3879481,3879481,3902472,JobState.COMPLETED,1.0,0,0,0,176.5306122448929,176.53061224489795,121753163.26530263
jid_710222,376.0,159.0,30,23157,3879481,3879481,3902639,JobState.COMPLETED,1.0,0,0,0,176.5306122448929,176.53061224489795,122637581.63264954
jid_710222,376.0,159.0,30,23752,3879481,3879481,3903234,JobState.COMPLETED,1.0,0,0,0,176.53061224489286,176.53061224489795,125788653.06122087
jid_710222,376.0,159.0,30,24309,3879481,3879481,3903791,JobState.COMPLETED,1.0,0,0,0,176.53061224489284,176.53061224489795,128738479.59183301
jid_710485,63648.0,263.0,15,24625,3879278,3879278,3903904,JobState.COMPLETED,1.0,0,0,0,176.5306122448928,176.53061224489795,65205994.89795728
jid_710976,108.0,174.0,48,16287,3887914,3887914,3904202,JobState.COMPLETED,1.0,0,0,0,176.53061224489397,176.53061224489795,138007395.91836423
jid_710222,376.0,159.0,30,24767,3879481,3879481,3904249,JobState.COMPLETED,1.0,0,0,0,176.5306122448928,176.53061224489795,131164010.20407781
jid_710842,63296.0,512.0,160,11185,3893499,3893499,3904685,JobState.COMPLETED,0.7718454831217243,0,0,0,148.59332446388436,148.5933244638846,265922613.46056744
jid_712076,1202.0,119.0,32,22322,3882369,3882369,3904692,JobState.COMPLETED,1.0,0,0,0,176.53061224490625,176.53061224489795,126096522.44898552
jid_712076,1202.0,119.0,32,22981,3882366,3882366,3905348,JobState.COMPLETED,1.0,0,0,0,176.5306122449064,176.53061224489795,129819200.0000062
jid_710222,376.0,159.0,30,26878,3879481,3879481,3906360,JobState.COMPLETED,1.0,0,0,0,176.53061224489272,176.53061224489795,142343693.8775468
jid_711581,221.0,119.0,32,25977,3882438,3882438,3908416,JobState.COMPLETED,1.0,0,0,0,176.53061224490693,176.53061224489795,146743542.85715032
jid_710612,301.0,549.0,399,61,3908711,3908711,3908773,JobState.COMPLETED,1.0,0,0,0,176.530612244898,176.53061224489798,4296578.571428573
jid_710736,301.0,549.0,399,44,3911639,3911639,3911684,JobState.COMPLETED,1.0,0,0,0,176.53061224489798,176.53061224489798,3099171.428571429
jid_710737,301.0,549.0,399,7075,3904615,3904615,3911691,JobState.COMPLETED,1.0,0,0,0,176.5306122448985,176.53061224489798,498332678.57143
jid_710834,301.0,549.0,399,4663,3908787,3908787,3913451,JobState.COMPLETED,1.0,0,0,0,176.53061224489622,176.53061224489798,328441735.71428245
jid_710854,43097.0,136.0,2,28,3914673,3914673,3914702,JobState.COMPLETED,1.0,0,0,0,176.53061224489795,176.53061224489795,9885.714285714286
jid_710860,43097.0,136.0,2,27,3914918,3914918,3914946,JobState.COMPLETED,1.0,0,0,0,176.53061224489795,176.53061224489795,9532.65306122449
jid_710863,43097.0,136.0,2,29,3915041,3915041,3915071,JobState.COMPLETED,1.0,0,0,0,176.53061224489795,176.53061224489795,10238.775510204081
jid_710867,108.0,525.0,640,82,3915190,3915190,3915273,JobState.COMPLETED,0.5572300993907399,0,0,0,122.31388972131508,122.31388972131508,6419032.932574615
jid_710871,301.0,549.0,399,3566,3911795,3911795,3915362,JobState.COMPLETED,1.0,0,0,0,176.5306122448969,176.53061224489798,251173757.1428556
jid_710874,43097.0,136.0,2,4728,3910685,3910685,3915414,JobState.COMPLETED,1.0,0,0,0,176.53061224489682,176.53061224489795,1669273.4693877443
jid_710875,43097.0,136.0,2,4751,3910667,3910667,3915419,JobState.COMPLETED,1.0,0,0,0,176.53061224489682,176.53061224489795,1677393.8775510096
jid_710877,43097.0,136.0,2,27,3915409,3915409,3915437,JobState.COMPLETED,1.0,0,0,0,176.53061224489795,176.53061224489795,9532.65306122449
jid_710883,43097.0,136.0,2,4771,3910691,3910691,3915463,JobState.COMPLETED,1.0,0,0,0,176.53061224489682,176.53061224489795,1684455.1020408054
jid_710896,43097.0,136.0,2,31,3915533,3915533,3915565,JobState.COMPLETED,1.0,0,0,0,176.53061224489795,176.53061224489795,10944.897959183672
jid_710897,43097.0,136.0,2,30,3915663,3915663,3915694,JobState.COMPLETED,1.0,0,0,0,176.53061224489795,176.53061224489795,10591.836734693878
jid_710903,43097.0,136.0,2,33,3915668,3915668,3915702,JobState.COMPLETED,1.0,0,0,0,176.53061224489795,176.53061224489795,11651.020408163266
jid_710904,43097.0,136.0,2,31,3915670,3915670,3915702,JobState.COMPLETED,1.0,0,0,0,176.53061224489795,176.53061224489795,10944.897959183672
jid_710906,43097.0,136.0,2,29,3915674,3915674,3915704,JobState.COMPLETED,1.0,0,0,0,176.53061224489795,176.53061224489795,10238.775510204081
jid_710914,43097.0,136.0,2,28,3915797,3915797,3915826,JobState.COMPLETED,1.0,0,0,0,176.53061224489795,176.53061224489795,9885.714285714286
jid_710917,43097.0,136.0,2,27,3915800,3915800,3915828,JobState.COMPLETED,1.0,0,0,0,176.53061224489795,176.53061224489795,9532.65306122449
jid_710922,43097.0,136.0,2,27,3915806,3915806,3915834,JobState.COMPLETED,1.0,0,0,0,176.53061224489795,176.53061224489795,9532.65306122449
jid_710923,43097.0,136.0,2,27,3915807,3915807,3915835,JobState.COMPLETED,1.0,0,0,0,176.53061224489795,176.53061224489795,9532.65306122449
jid_710930,43097.0,136.0,2,5021,3910824,3910824,3915846,JobState.COMPLETED,1.0,0,0,0,176.5306122448968,176.53061224489795,1772720.4081632535
jid_710943,43097.0,136.0,2,50,3915809,3915809,3915860,JobState.COMPLETED,1.0,0,0,0,176.53061224489795,176.53061224489795,17653.061224489797
jid_710934,43097.0,136.0,2,27,3915939,3915939,3915967,JobState.COMPLETED,1.0,0,0,0,176.53061224489795,176.53061224489795,9532.65306122449
jid_710936,43097.0,136.0,2,27,3915941,3915941,3915969,JobState.COMPLETED,1.0,0,0,0,176.53061224489795,176.53061224489795,9532.65306122449
jid_710938,43097.0,136.0,2,28,3915943,3915943,3915972,JobState.COMPLETED,1.0,0,0,0,176.53061224489795,176.53061224489795,9885.714285714286
jid_710940,43097.0,136.0,2,30,3915947,3915947,3915978,JobState.COMPLETED,1.0,0,0,0,176.53061224489795,176.53061224489795,10591.836734693878
jid_710953,43097.0,136.0,2,27,3916077,3916077,3916105,JobState.COMPLETED,1.0,0,0,0,176.53061224489795,176.53061224489795,9532.65306122449
jid_710959,43097.0,136.0,2,49,3916076,3916076,3916126,JobState.COMPLETED,1.0,0,0,0,176.53061224489795,176.53061224489795,17300.0
jid_710969,43097.0,136.0,2,28,3916207,3916207,3916236,JobState.COMPLETED,1.0,0,0,0,176.53061224489795,176.53061224489795,9885.714285714286
jid_710963,43097.0,136.0,2,27,3916209,3916209,3916237,JobState.COMPLETED,1.0,0,0,0,176.53061224489795,176.53061224489795,9532.65306122449
jid_710982,43097.0,136.0,2,27,3916331,3916331,3916359,JobState.COMPLETED,1.0,0,0,0,176.53061224489795,176.53061224489795,9532.65306122449
jid_710977,43097.0,136.0,2,31,3916336,3916336,3916368,JobState.COMPLETED,1.0,0,0,0,176.53061224489795,176.53061224489795,10944.897959183672
jid_710990,43097.0,136.0,2,28,3916588,3916588,3916617,JobState.COMPLETED,1.0,0,0,0,176.53061224489795,176.53061224489795,9885.714285714286
jid_710991,63851.0,586.0,12,0,3916709,3916709,3916710,JobState.COMPLETED,1.0,0,0,0,176.53061224489795,176.53061224489795,0.0
jid_710998,43097.0,136.0,2,46,3916955,3916955,3917002,JobState.COMPLETED,1.0,0,0,0,176.53061224489795,176.53061224489795,16240.816326530612
jid_710999,108.0,525.0,640,78,3917037,3917037,3917116,JobState.COMPLETED,0.6186037841653841,0,0,0,129.82903479576132,129.82903479576132,6481065.417004405
jid_711009,63854.0,612.0,1,228,3917269,3917269,3917498,JobState.COMPLETED,1.0,0,0,0,176.53061224489787,176.53061224489795,40248.979591836716
jid_711010,63748.0,541.0,4,235,3917274,3917274,3917510,JobState.COMPLETED,1.0,0,0,0,176.53061224489787,176.53061224489795,165938.775510204
jid_711015,43097.0,136.0,2,53,3917562,3917562,3917616,JobState.COMPLETED,1.0,0,0,0,176.53061224489795,176.53061224489795,18712.244897959183
jid_711035,43097.0,136.0,2,4638,3913165,3913165,3917804,JobState.COMPLETED,1.0,0,0,0,176.53061224489682,176.53061224489795,1637497.959183663
jid_711096,43097.0,136.0,2,4809,3913160,3913160,3917970,JobState.COMPLETED,1.0,0,0,0,176.53061224489682,176.53061224489795,1697871.4285714175
jid_711116,43097.0,136.0,2,27,3918006,3918006,3918034,JobState.COMPLETED,1.0,0,0,0,176.53061224489795,176.53061224489795,9532.65306122449
jid_711115,43097.0,136.0,2,27,3918009,3918009,3918037,JobState.COMPLETED,1.0,0,0,0,176.53061224489795,176.53061224489795,9532.65306122449
jid_711129,43097.0,136.0,2,27,3918157,3918157,3918185,JobState.COMPLETED,1.0,0,0,0,176.53061224489795,176.53061224489795,9532.65306122449
jid_711131,43097.0,136.0,2,28,3918161,3918161,3918190,JobState.COMPLETED,1.0,0,0,0,176.53061224489795,176.53061224489795,9885.714285714286
jid_711137,43097.0,136.0,2,4304,3913946,3913946,3918251,JobState.COMPLETED,1.0,0,0,0,176.53061224489684,176.53061224489795,1519575.510204072
jid_711144,43097.0,136.0,2,27,3918290,3918290,3918318,JobState.COMPLETED,1.0,0,0,0,176.53061224489795,176.53061224489795,9532.65306122449
jid_711146,43097.0,136.0,2,27,3918295,3918295,3918323,JobState.COMPLETED,1.0,0,0,0,176.53061224489795,176.53061224489795,9532.65306122449
jid_711148,43097.0,136.0,2,27,3918296,3918296,3918324,JobState.COMPLETED,1.0,0,0,0,176.53061224489795,176.53061224489795,9532.65306122449
jid_711149,43097.0,136.0,2,28,3918297,3918297,3918326,JobState.COMPLETED,1.0,0,0,0,176.53061224489795,176.53061224489795,9885.714285714286
jid_711155,43097.0,136.0,2,5134,3913204,3913204,3918339,JobState.COMPLETED,1.0,0,0,0,176.5306122448968,176.53061224489795,1812616.3265306002
jid_711158,43097.0,136.0,2,47,3918299,3918299,3918347,JobState.COMPLETED,1.0,0,0,0,176.53061224489795,176.53061224489795,16593.877551020407
jid_711165,43097.0,136.0,2,27,3918428,3918428,3918456,JobState.COMPLETED,1.0,0,0,0,176.53061224489795,176.53061224489795,9532.65306122449
jid_711182,15948.999999999996,260.0,1,28,3918442,3918442,3918471,JobState.COMPLETED,1.0,0,0,0,176.53061224489795,176.53061224489795,4942.857142857143
jid_711199,43097.0,136.0,2,28,3918571,3918571,3918600,JobState.COMPLETED,1.0,0,0,0,176.53061224489795,176.53061224489795,9885.714285714286
jid_711204,43097.0,136.0,2,46,3918703,3918703,3918750,JobState.COMPLETED,1.0,0,0,0,176.53061224489795,176.53061224489795,16240.816326530612
jid_711211,43097.0,136.0,2,5649,3913193,3913193,3918843,JobState.COMPLETED,1.0,0,0,0,176.53061224489676,176.53061224489795,1994442.8571428435
jid_711214,43097.0,136.0,2,48,3918830,3918830,3918879,JobState.COMPLETED,1.0,0,0,0,176.53061224489795,176.53061224489795,16946.938775510203
jid_711224,36786.0,191.0,8,61207,3857989,3857989,3919197,JobState.COMPLETED,1.0,0,0,0,176.53061224488278,176.53061224489795,86439273.46938032
jid_711226,36786.0,191.0,8,61224,3857987,3857987,3919212,JobState.COMPLETED,1.0,0,0,0,176.5306122448828,176.53061224489795,86463281.63264564
jid_711236,43097.0,136.0,2,45,3919317,3919317,3919363,JobState.COMPLETED,1.0,0,0,0,176.53061224489795,176.53061224489795,15887.755102040815
jid_711248,36786.0,191.0,8,61539,3857966,3857966,3919506,JobState.COMPLETED,1.0,0,0,0,176.53061224488323,176.53061224489795,86908138.77550295
jid_711254,36786.0,191.0,8,61540,3857986,3857986,3919527,JobState.COMPLETED,1.0,0,0,0,176.53061224488326,176.53061224489795,86909551.02040093
jid_711266,36786.0,191.0,8,61648,3857946,3857946,3919595,JobState.COMPLETED,1.0,0,0,0,176.5306122448834,176.53061224489795,87062073.46938057
jid_711267,36786.0,191.0,8,61629,3857995,3857995,3919625,JobState.COMPLETED,1.0,0,0,0,176.53061224488337,176.53061224489795,87035240.81631933
jid_711271,36786.0,191.0,8,61711,3857958,3857958,3919670,JobState.COMPLETED,1.0,0,0,0,176.53061224488349,176.53061224489795,87151044.89795204
jid_709159,9.000000000007276,8.0,648,69374,3850496,3850496,3919871,JobState.COMPLETED,1.0,0,0,0,176.53061224488445,176.53061224489795,7935819281.632047
jid_711287,36786.0,191.0,8,61894,3857979,3857979,3919874,JobState.COMPLETED,1.0,0,0,0,176.53061224488374,176.53061224489795,87409485.71427867
jid_711288,36786.0,191.0,8,61984,3857939,3857939,3919924,JobState.COMPLETED,1.0,0,0,0,176.53061224488386,176.53061224489795,87536587.75509505
jid_711317,36786.0,191.0,8,62019,3857928,3857928,3919948,JobState.COMPLETED,1.0,0,0,0,176.5306122448839,176.53061224489795,87586016.32652365
jid_711290,36786.0,191.0,8,62018,3857933,3857933,3919952,JobState.COMPLETED,1.0,0,0,0,176.5306122448839,176.53061224489795,87584604.08162569
jid_711291,36786.0,191.0,8,61218,3858738,3858738,3919957,JobState.COMPLETED,1.0,0,0,0,176.53061224488278,176.53061224489795,86454808.16325787
jid_711297,63748.0,541.0,4,1927,3918077,3918077,3920005,JobState.COMPLETED,1.0,0,0,0,176.5306122448973,176.53061224489795,1360697.9591836685
jid_711305,36786.0,191.0,8,62069,3857978,3857978,3920048,JobState.COMPLETED,1.0,0,0,0,176.53061224488397,176.53061224489795,87656628.57142162
jid_711306,36786.0,191.0,8,62079,3857975,3857975,3920055,JobState.COMPLETED,1.0,0,0,0,176.530612244884,176.53061224489795,87670751.02040122
jid_711308,36786.0,191.0,8,62123,3857934,3857934,3920058,JobState.COMPLETED,1.0,0,0,0,176.53061224488405,176.53061224489795,87732889.79591146
jid_711310,36786.0,191.0,8,62038,3858021,3858021,3920060,JobState.COMPLETED,1.0,0,0,0,176.53061224488394,176.53061224489795,87612848.97958487
jid_711322,36786.0,191.0,8,62110,3858020,3858020,3920131,JobState.COMPLETED,1.0,0,0,0,176.53061224488405,176.53061224489795,87714530.61223799
jid_711325,36786.0,191.0,8,62214,3857940,3857940,3920155,JobState.COMPLETED,1.0,0,0,0,176.53061224488417,176.53061224489795,87861404.08162579
jid_711332,36786.0,191.0,8,61436,3858737,3858737,3920174,JobState.COMPLETED,1.0,0,0,0,176.5306122448831,176.53061224489795,86762677.5510131
jid_711341,36786.0,191.0,8,62291,3857925,3857925,3920217,JobState.COMPLETED,1.0,0,0,0,176.53061224488428,176.53061224489795,87970146.9387687
jid_711345,36786.0,191.0,8,61488,3858762,3858762,3920251,JobState.COMPLETED,1.0,0,0,0,176.53061224488317,176.53061224489795,86836114.28570701
jid_711349,36786.0,191.0,8,61540,3858757,3858757,3920298,JobState.COMPLETED,1.0,0,0,0,176.53061224488326,176.53061224489795,86909551.02040093
jid_711357,36786.0,191.0,8,62416,3857931,3857931,3920348,JobState.COMPLETED,1.0,0,0,0,176.53061224488445,176.53061224489795,88146677.55101366
jid_711399,43097.0,136.0,2,27,3920447,3920447,3920475,JobState.COMPLETED,1.0,0,0,0,176.53061224489795,176.53061224489795,9532.65306122449
jid_711418,36786.0,191.0,8,61828,3858792,3858792,3920621,JobState.COMPLETED,1.0,0,0,0,176.53061224488363,176.53061224489795,87316277.55101332
jid_711419,43097.0,136.0,2,28,3920596,3920596,3920625,JobState.COMPLETED,1.0,0,0,0,176.53061224489795,176.53061224489795,9885.714285714286
jid_711426,36786.0,191.0,8,61810,3858831,3858831,3920642,JobState.COMPLETED,1.0,0,0,0,176.53061224488363,176.53061224489795,87290857.14285006
jid_711433,36786.0,191.0,8,61887,3858794,3858794,3920682,JobState.COMPLETED,1.0,0,0,0,176.5306122448837,176.53061224489795,87399599.99999295
jid_711455,36786.0,191.0,8,62045,3858748,3858748,3920794,JobState.COMPLETED,1.0,0,0,0,176.53061224488394,176.53061224489795,87622734.69387059
jid_711464,36786.0,191.0,8,61991,3858828,3858828,3920820,JobState.COMPLETED,1.0,0,0,0,176.53061224488388,176.53061224489795,87546473.46938078
jid_711470,43097.0,136.0,2,3903,3916954,3916954,3920858,JobState.COMPLETED,1.0,0,0,0,176.53061224489687,176.53061224489795,1377997.959183665
jid_711472,36786.0,191.0,8,62038,3858835,3858835,3920874,JobState.COMPLETED,1.0,0,0,0,176.53061224488394,176.53061224489795,87612848.97958487
jid_711476,36786.0,191.0,8,62145,3858749,3858749,3920895,JobState.COMPLETED,1.0,0,0,0,176.53061224488408,176.53061224489795,87763959.18366657
jid_711327,1038.0,211.0,24,86058,3835017,3835017,3921076,JobState.COMPLETED,0.6297578268814578,0,0,0,131.19483594468326,131.1948359446683,270968764.6014613
jid_711493,36786.0,191.0,8,62342,3858740,3858740,3921083,JobState.COMPLETED,1.0,0,0,0,176.53061224488437,176.53061224489795,88042171.42856465
jid_711504,43097.0,136.0,2,29,3921569,3921569,3921599,JobState.COMPLETED,1.0,0,0,0,176.53061224489795,176.53061224489795,10238.775510204081
jid_711511,43097.0,136.0,2,49,3921814,3921814,3921864,JobState.COMPLETED,1.0,0,0,0,176.53061224489795,176.53061224489795,17300.0
jid_711513,108.0,525.0,640,72,3921842,3921842,3921915,JobState.COMPLETED,0.5738563569718623,0,0,0,124.34975799655459,124.34975799655459,5730036.848481236
jid_711514,43097.0,136.0,2,28,3921935,3921935,3921964,JobState.COMPLETED,1.0,0,0,0,176.53061224489795,176.53061224489795,9885.714285714286
jid_711517,43097.0,136.0,2,4094,3917992,3917992,3922087,JobState.COMPLETED,1.0,0,0,0,176.53061224489687,176.53061224489795,1445432.6530612155
jid_711518,43097.0,136.0,2,4202,3917953,3917953,3922156,JobState.COMPLETED,1.0,0,0,0,176.53061224489684,176.53061224489795,1483563.265306113
jid_711520,43097.0,136.0,2,29,3922178,3922178,3922208,JobState.COMPLETED,1.0,0,0,0,176.53061224489795,176.53061224489795,10238.775510204081
jid_711526,43097.0,136.0,2,4197,3918138,3918138,3922336,JobState.COMPLETED,1.0,0,0,0,176.53061224489684,176.53061224489795,1481797.959183664
jid_711527,108.0,525.0,640,87,3922286,3922286,3922374,JobState.COMPLETED,0.5720295240667693,0,0,0,124.12606417144113,124.12606417144113,6911339.253065842
jid_711530,63858.0,175.0,48,198,3922229,3922229,3922428,JobState.COMPLETED,1.0,0,0,0,176.53061224489792,176.53061224489795,1677746.9387755096
jid_713804,40255.0,194.0,216,26,3922589,3922589,3922616,JobState.COMPLETED,1.0,0,0,0,176.53061224489795,176.53061224489795,991395.9183673469
jid_711547,43097.0,136.0,2,29,3922676,3922676,3922706,JobState.COMPLETED,1.0,0,0,0,176.53061224489795,176.53061224489795,10238.775510204081
jid_711549,43097.0,136.0,2,28,3922801,3922801,3922830,JobState.COMPLETED,1.0,0,0,0,176.53061224489795,176.53061224489795,9885.714285714286
jid_711541,1469.0,159.0,30,1530,3921410,3921410,3922941,JobState.COMPLETED,1.0,0,0,0,176.53061224489838,176.53061224489795,8102755.102040837
jid_711541,1469.0,159.0,30,1549,3921410,3921410,3922960,JobState.COMPLETED,1.0,0,0,0,176.53061224489838,176.53061224489795,8203377.551020427
jid_711541,1469.0,159.0,30,1573,3921410,3921410,3922984,JobState.COMPLETED,1.0,0,0,0,176.5306122448984,176.53061224489795,8330479.591836756
jid_711541,1469.0,159.0,30,1581,3921410,3921410,3922992,JobState.COMPLETED,1.0,0,0,0,176.5306122448984,176.53061224489795,8372846.938775531
jid_711541,1469.0,159.0,30,1596,3921410,3921410,3923007,JobState.COMPLETED,1.0,0,0,0,176.5306122448984,176.53061224489795,8452285.714285735
jid_711541,1469.0,159.0,30,1601,3921410,3921410,3923012,JobState.COMPLETED,1.0,0,0,0,176.5306122448984,176.53061224489795,8478765.30612247
jid_711541,1469.0,159.0,30,1609,3921410,3921410,3923020,JobState.COMPLETED,1.0,0,0,0,176.5306122448984,176.53061224489795,8521132.653061246
jid_711541,1469.0,159.0,30,1631,3921410,3921410,3923042,JobState.COMPLETED,1.0,0,0,0,176.53061224489844,176.53061224489795,8637642.85714288
jid_711541,1469.0,159.0,30,1669,3921410,3921410,3923080,JobState.COMPLETED,1.0,0,0,0,176.53061224489844,176.53061224489795,8838887.755102064
jid_711554,108.0,525.0,640,106,3923034,3923034,3923141,JobState.COMPLETED,0.5751975073943184,0,0,0,124.51398049726345,124.51398049726347,8447028.436934352
jid_711563,43097.0,136.0,2,28,3923406,3923406,3923435,JobState.COMPLETED,1.0,0,0,0,176.53061224489795,176.53061224489795,9885.714285714286
jid_711562,43097.0,136.0,2,30,3923405,3923405,3923436,JobState.COMPLETED,1.0,0,0,0,176.53061224489795,176.53061224489795,10591.836734693878
jid_711568,43097.0,136.0,2,5590,3917949,3917949,3923540,JobState.COMPLETED,1.0,0,0,0,176.53061224489676,176.53061224489795,1973612.2448979458
jid_711569,43097.0,136.0,2,29,3923528,3923528,3923558,JobState.COMPLETED,1.0,0,0,0,176.53061224489795,176.53061224489795,10238.775510204081
jid_711573,43097.0,136.0,2,28,3923652,3923652,3923681,JobState.COMPLETED,1.0,0,0,0,176.53061224489795,176.53061224489795,9885.714285714286
jid_711541,1469.0,159.0,30,2336,3921410,3921410,3923747,JobState.COMPLETED,1.0,0,0,0,176.53061224489872,176.53061224489795,12371265.306122502
jid_711585,41093.0,666.0,1,7,3923791,3923791,3923799,JobState.COMPLETED,1.0,0,0,0,176.53061224489795,176.53061224489795,1235.7142857142858
jid_711591,41093.0,666.0,1,7,3923792,3923792,3923800,JobState.COMPLETED,1.0,0,0,0,176.53061224489795,176.53061224489795,1235.7142857142858
jid_711597,41093.0,666.0,1,11,3923796,3923796,3923808,JobState.COMPLETED,1.0,0,0,0,176.53061224489795,176.53061224489795,1941.8367346938776
jid_711598,41093.0,666.0,1,13,3923799,3923799,3923813,JobState.COMPLETED,1.0,0,0,0,176.53061224489795,176.53061224489795,2294.8979591836733
jid_711701,41093.0,666.0,1,25,3923791,3923791,3923817,JobState.COMPLETED,1.0,0,0,0,176.53061224489795,176.53061224489795,4413.265306122449
jid_711600,41093.0,666.0,1,32,3923790,3923790,3923823,JobState.COMPLETED,1.0,0,0,0,176.53061224489795,176.53061224489795,5648.9795918367345
jid_711612,41093.0,666.0,1,25,3923797,3923797,3923823,JobState.COMPLETED,1.0,0,0,0,176.53061224489795,176.53061224489795,4413.265306122449
jid_711608,41093.0,666.0,1,33,3923794,3923794,3923828,JobState.COMPLETED,1.0,0,0,0,176.53061224489795,176.53061224489795,5825.510204081633
jid_711620,41093.0,666.0,1,52,3923786,3923786,3923839,JobState.COMPLETED,1.0,0,0,0,176.53061224489795,176.53061224489795,9179.591836734693
jid_711627,41093.0,666.0,1,60,3923791,3923791,3923852,JobState.COMPLETED,1.0,0,0,0,176.53061224489798,176.53061224489795,10591.83673469388
jid_711631,41093.0,666.0,1,61,3923794,3923794,3923856,JobState.COMPLETED,1.0,0,0,0,176.53061224489798,176.53061224489795,10768.367346938778
jid_711642,41093.0,666.0,1,68,3923798,3923798,3923867,JobState.COMPLETED,1.0,0,0,0,176.53061224489798,176.53061224489795,12004.081632653062
jid_711653,41093.0,666.0,1,93,3923790,3923790,3923884,JobState.COMPLETED,1.0,0,0,0,176.53061224489792,176.53061224489795,16417.346938775507
jid_711670,41093.0,666.0,1,92,3923795,3923795,3923888,JobState.COMPLETED,1.0,0,0,0,176.53061224489792,176.53061224489795,16240.816326530608
jid_711694,41093.0,666.0,1,99,3923790,3923790,3923890,JobState.COMPLETED,1.0,0,0,0,176.53061224489792,176.53061224489795,17476.530612244893
jid_711671,41093.0,666.0,1,100,3923798,3923798,3923899,JobState.COMPLETED,1.0,0,0,0,176.53061224489792,176.53061224489795,17653.061224489793
jid_711669,41093.0,666.0,1,112,3923789,3923789,3923902,JobState.COMPLETED,1.0,0,0,0,176.53061224489792,176.53061224489795,19771.42857142857
jid_711723,41093.0,666.0,1,105,3923800,3923800,3923906,JobState.COMPLETED,1.0,0,0,0,176.53061224489792,176.53061224489795,18535.714285714283
jid_711682,41093.0,666.0,1,123,3923800,3923800,3923924,JobState.COMPLETED,1.0,0,0,0,176.5306122448979,176.53061224489795,21713.26530612244
jid_711684,41093.0,666.0,1,133,3923796,3923796,3923930,JobState.COMPLETED,1.0,0,0,0,176.5306122448979,176.53061224489795,23478.57142857142
jid_711687,41093.0,666.0,1,136,3923798,3923798,3923935,JobState.COMPLETED,1.0,0,0,0,176.5306122448979,176.53061224489795,24008.163265306113
jid_711693,41093.0,666.0,1,138,3923800,3923800,3923939,JobState.COMPLETED,1.0,0,0,0,176.5306122448979,176.53061224489795,24361.22448979591
jid_711695,41093.0,666.0,1,175,3923786,3923786,3923962,JobState.COMPLETED,1.0,0,0,0,176.5306122448979,176.53061224489795,30892.85714285713
jid_711700,41093.0,666.0,1,179,3923790,3923790,3923970,JobState.COMPLETED,1.0,0,0,0,176.5306122448979,176.53061224489795,31598.979591836724
jid_711711,41093.0,666.0,1,202,3923795,3923795,3923998,JobState.COMPLETED,1.0,0,0,0,176.5306122448979,176.53061224489795,35659.18367346937
jid_711722,43097.0,136.0,2,30,3924025,3924025,3924056,JobState.COMPLETED,1.0,0,0,0,176.53061224489795,176.53061224489795,10591.836734693878
jid_711750,43097.0,136.0,2,4243,3920580,3920580,3924824,JobState.COMPLETED,1.0,0,0,0,176.53061224489684,176.53061224489795,1498038.7755101947
jid_711541,1469.0,159.0,30,3421,3921410,3921410,3924832,JobState.COMPLETED,1.0,0,0,0,176.53061224489892,176.53061224489795,18117336.734693978
jid_711762,43097.0,136.0,2,4419,3920432,3920432,3924852,JobState.COMPLETED,1.0,0,0,0,176.53061224489684,176.53061224489795,1560177.5510203983
jid_711541,1469.0,159.0,30,3491,3921410,3921410,3924902,JobState.COMPLETED,1.0,0,0,0,176.53061224489892,176.53061224489795,18488051.02040826
jid_711766,41093.0,666.0,1,8,3924927,3924927,3924936,JobState.COMPLETED,1.0,0,0,0,176.53061224489795,176.53061224489795,1412.2448979591836
jid_711768,41093.0,666.0,1,7,3924930,3924930,3924938,JobState.COMPLETED,1.0,0,0,0,176.53061224489795,176.53061224489795,1235.7142857142858
jid_711771,41093.0,666.0,1,7,3924931,3924931,3924939,JobState.COMPLETED,1.0,0,0,0,176.53061224489795,176.53061224489795,1235.7142857142858
jid_711767,41093.0,666.0,1,4,3924936,3924936,3924941,JobState.COMPLETED,1.0,0,0,0,176.53061224489795,176.53061224489795,706.1224489795918
jid_711802,41093.0,666.0,1,7,3924935,3924935,3924943,JobState.COMPLETED,1.0,0,0,0,176.53061224489795,176.53061224489795,1235.7142857142858
jid_711778,41093.0,666.0,1,13,3924938,3924938,3924952,JobState.COMPLETED,1.0,0,0,0,176.53061224489795,176.53061224489795,2294.8979591836733
jid_711780,41093.0,666.0,1,43,3924926,3924926,3924970,JobState.COMPLETED,1.0,0,0,0,176.53061224489795,176.53061224489795,7590.816326530612
jid_711846,41093.0,666.0,1,32,3924938,3924938,3924971,JobState.COMPLETED,1.0,0,0,0,176.53061224489795,176.53061224489795,5648.9795918367345
jid_711784,41093.0,666.0,1,49,3924936,3924936,3924986,JobState.COMPLETED,1.0,0,0,0,176.53061224489795,176.53061224489795,8650.0
jid_711787,41093.0,666.0,1,69,3924925,3924925,3924995,JobState.COMPLETED,1.0,0,0,0,176.53061224489798,176.53061224489795,12180.61224489796
jid_711826,41093.0,666.0,1,97,3924926,3924926,3925024,JobState.COMPLETED,1.0,0,0,0,176.53061224489792,176.53061224489795,17123.4693877551
jid_711844,41093.0,666.0,1,114,3924931,3924931,3925046,JobState.COMPLETED,1.0,0,0,0,176.53061224489792,176.53061224489795,20124.48979591836
jid_711812,41093.0,666.0,1,114,3924938,3924938,3925053,JobState.COMPLETED,1.0,0,0,0,176.53061224489792,176.53061224489795,20124.48979591836
jid_711813,41093.0,666.0,1,119,3924936,3924936,3925056,JobState.COMPLETED,1.0,0,0,0,176.53061224489792,176.53061224489795,21007.14285714285
jid_711903,41093.0,666.0,1,161,3924926,3924926,3925088,JobState.COMPLETED,1.0,0,0,0,176.5306122448979,176.53061224489795,28421.42857142856
jid_712009,63300.0,616.0,52,47229,3877868,3877868,3925098,JobState.COMPLETED,1.0,0,0,0,176.53061224491205,176.53061224489795,433542942.8571775
jid_711841,41093.0,666.0,1,192,3924925,3924925,3925118,JobState.COMPLETED,1.0,0,0,0,176.5306122448979,176.53061224489795,33893.8775510204
jid_711901,41093.0,666.0,1,221,3924937,3924937,3925159,JobState.COMPLETED,1.0,0,0,0,176.53061224489787,176.53061224489795,39013.26530612243
jid_711863,41093.0,666.0,1,230,3924934,3924934,3925165,JobState.COMPLETED,1.0,0,0,0,176.53061224489787,176.53061224489795,40602.04081632651
jid_711889,41093.0,666.0,1,257,3924939,3924939,3925197,JobState.COMPLETED,1.0,0,0,0,176.5306122448979,176.53061224489795,45368.36734693876
jid_711893,41093.0,666.0,1,273,3924925,3924925,3925199,JobState.COMPLETED,1.0,0,0,0,176.53061224489792,176.53061224489795,48192.85714285713
jid_711913,41093.0,666.0,1,343,3924938,3924938,3925282,JobState.COMPLETED,1.0,0,0,0,176.530612244898,176.53061224489795,60550.000000000015
jid_711921,41093.0,666.0,1,390,3924927,3924927,3925318,JobState.COMPLETED,1.0,0,0,0,176.53061224489804,176.53061224489795,68846.93877551024
jid_711955,41093.0,666.0,1,443,3924929,3924929,3925373,JobState.COMPLETED,1.0,0,0,0,176.53061224489807,176.53061224489795,78203.06122448984
jid_711943,41093.0,666.0,1,457,3924926,3924926,3925384,JobState.COMPLETED,1.0,0,0,0,176.53061224489807,176.53061224489795,80674.48979591842
jid_711944,41093.0,666.0,1,450,3924933,3924933,3925384,JobState.COMPLETED,1.0,0,0,0,176.53061224489807,176.53061224489795,79438.77551020413
jid_711952,41093.0,666.0,1,465,3924933,3924933,3925399,JobState.COMPLETED,1.0,0,0,0,176.53061224489807,176.53061224489795,82086.7346938776
jid_711948,41093.0,666.0,1,466,3924934,3924934,3925401,JobState.COMPLETED,1.0,0,0,0,176.53061224489807,176.53061224489795,82263.2653061225
jid_713207,15020.0,219.0,108,45852,3883854,3883854,3929707,JobState.COMPLETED,1.0,0,0,0,176.53061224491356,176.53061224489795,874182416.3266078
jid_711541,1469.0,159.0,30,8509,3921410,3921410,3929920,JobState.COMPLETED,1.0,0,0,0,176.53061224489505,176.53061224489795,45062969.38775436
jid_712029,63295.0,616.0,52,51974,3877950,3877950,3929925,JobState.COMPLETED,1.0,0,0,0,176.53061224491236,176.53061224489795,477100106.1224879
jid_712030,63862.0,327.0,32,57,3930766,3930766,3930824,JobState.COMPLETED,0.6918792187392294,0,0,0,138.80153698847707,138.80153698847707,253174.00346698216
jid_712040,40809.0,158.0,640,75473,3855709,3855709,3931183,JobState.COMPLETED,0.6119649188263385,0,0,0,129.01611250936486,129.01611250934758,6231829158.028349
jid_711541,1469.0,159.0,30,9779,3921410,3921410,3931190,JobState.COMPLETED,1.0,0,0,0,176.5306122448946,176.53061224489795,51788785.714284725
jid_712052,43097.0,136.0,2,6141,3925089,3925089,3931231,JobState.COMPLETED,1.0,0,0,0,176.53061224489673,176.53061224489795,2168148.979591822
jid_711541,1469.0,159.0,30,9829,3921410,3921410,3931240,JobState.COMPLETED,1.0,0,0,0,176.5306122448946,176.53061224489795,52053581.63265207
jid_712057,43097.0,136.0,2,6356,3924908,3924908,3931265,JobState.COMPLETED,1.0,0,0,0,176.53061224489673,176.53061224489795,2244057.1428571274
jid_712058,43097.0,136.0,2,6256,3925029,3925029,3931286,JobState.COMPLETED,1.0,0,0,0,176.53061224489673,176.53061224489795,2208751.020408148
jid_712062,63782.0,654.0,12,3,3931515,3931515,3931519,JobState.COMPLETED,1.0,0,0,0,176.53061224489795,176.53061224489795,6355.102040816326
jid_712066,43097.0,136.0,2,55,3931654,3931654,3931710,JobState.COMPLETED,1.0,0,0,0,176.53061224489795,176.53061224489795,19418.367346938776
jid_712075,43097.0,136.0,2,462,3931687,3931687,3932150,JobState.COMPLETED,1.0,0,0,0,176.53061224489807,176.53061224489795,163114.28571428583
jid_712081,43097.0,136.0,2,666,3931693,3931693,3932360,JobState.COMPLETED,1.0,0,0,0,176.53061224489812,176.53061224489795,235138.7755102043
jid_712099,60410.0,445.0,64,123,3932767,3932767,3932891,JobState.COMPLETED,1.0,0,0,0,176.5306122448979,176.53061224489795,1389648.9795918362
jid_712113,985.0,617.0,4,42,3933154,3933154,3933197,JobState.COMPLETED,1.0,0,0,0,176.53061224489795,176.53061224489795,29657.142857142855
jid_712117,985.0,617.0,4,58,3933140,3933140,3933199,JobState.COMPLETED,1.0,0,0,0,176.53061224489795,176.53061224489795,40955.102040816324
jid_712116,985.0,617.0,4,47,3933154,3933154,3933202,JobState.COMPLETED,1.0,0,0,0,176.53061224489795,176.53061224489795,33187.755102040814
jid_712125,40809.0,158.0,640,161,3933417,3933417,3933579,JobState.COMPLETED,1.0,0,0,0,176.53061224489795,176.53061224489795,18189714.285714284
jid_712124,43097.0,136.0,2,1895,3931688,3931688,3933584,JobState.COMPLETED,1.0,0,0,0,176.53061224489733,176.53061224489795,669051.0204081609
jid_712127,60410.0,445.0,64,130,3933546,3933546,3933677,JobState.COMPLETED,1.0,0,0,0,176.5306122448979,176.53061224489795,1468734.6938775505
jid_711541,1469.0,159.0,30,12839,3921410,3921410,3934250,JobState.COMPLETED,1.0,0,0,0,176.5306122448939,176.53061224489795,67994295.91836578
jid_712165,62860.0,562.0,1,37,3934622,3934622,3934660,JobState.COMPLETED,1.0,0,0,0,176.53061224489795,176.53061224489795,6531.632653061224
jid_712168,62923.0,557.0,4,316,3934382,3934382,3934699,JobState.COMPLETED,1.0,0,0,0,176.53061224489798,176.53061224489795,223134.69387755104
jid_712174,63870.0,327.0,32,5,3934966,3934966,3934972,JobState.COMPLETED,1.0,0,0,0,176.53061224489795,176.53061224489795,28244.897959183672
jid_712179,63872.0,327.0,32,13,3935163,3935163,3935177,JobState.COMPLETED,1.0,0,0,0,176.53061224489795,176.53061224489795,73436.73469387754
jid_712188,62923.0,557.0,4,307,3934957,3934957,3935265,JobState.COMPLETED,1.0,0,0,0,176.53061224489798,176.53061224489795,216779.59183673473
jid_712200,43097.0,136.0,2,3989,3931615,3931615,3935605,JobState.COMPLETED,1.0,0,0,0,176.53061224489687,176.53061224489795,1408361.2244897874
jid_712212,43097.0,136.0,2,4054,3931637,3931637,3935692,JobState.COMPLETED,1.0,0,0,0,176.53061224489687,176.53061224489795,1431310.2040816238
jid_712220,43097.0,136.0,2,4157,3931642,3931642,3935800,JobState.COMPLETED,1.0,0,0,0,176.53061224489687,176.53061224489795,1467675.5102040726
jid_712237,62923.0,557.0,4,141,3935902,3935902,3936044,JobState.COMPLETED,1.0,0,0,0,176.5306122448979,176.53061224489795,99563.26530612241
jid_712244,43097.0,136.0,2,4542,3931621,3931621,3936164,JobState.COMPLETED,1.0,0,0,0,176.53061224489682,176.53061224489795,1603604.0816326428
jid_712246,43097.0,136.0,2,4660,3931616,3931616,3936277,JobState.COMPLETED,1.0,0,0,0,176.53061224489682,176.53061224489795,1645265.3061224383
jid_712253,985.0,617.0,4,3385,3933138,3933138,3936524,JobState.COMPLETED,1.0,0,0,0,176.53061224489696,176.53061224489795,2390224.4897959046
jid_712259,17.0,542.0,1,20,3936678,3936678,3936699,JobState.COMPLETED,1.0,0,0,0,176.53061224489795,176.53061224489795,3530.612244897959
jid_712270,63879.0,48.0,1,8,3936921,3936921,3936930,JobState.COMPLETED,0.6000410265875111,0,0,0,127.55604407194014,127.55604407194014,1020.4483525755211
jid_712271,63880.0,327.0,32,1988,3934966,3934966,3936955,JobState.COMPLETED,0.8741184771776827,0,0,0,161.11654822583935,161.11654822583867,10249590.331934996
jid_712273,63882.0,327.0,32,1994,3934966,3934966,3936961,JobState.COMPLETED,0.8732509374134074,0,0,0,161.01031886694835,161.01031886694787,10273746.42626224
jid_712284,63890.0,327.0,32,2009,3934966,3934966,3936976,JobState.COMPLETED,0.881228421192219,0,0,0,161.98715361537342,161.98715361537376,10413830.131625127
jid_712289,63893.0,327.0,32,2100,3934966,3934966,3937067,JobState.COMPLETED,0.8446510950210906,0,0,0,157.5082973495219,157.5082973495213,10584557.581887873
jid_712299,63889.0,327.0,32,1998,3935132,3935132,3937131,JobState.COMPLETED,0.872095083140105,0,0,0,160.86878569062532,160.86878569062512,10285306.68191582
jid_712313,63891.0,327.0,32,2025,3935130,3935130,3937156,JobState.COMPLETED,0.8806594312822216,0,0,0,161.91748138149688,161.91748138149651,10492252.793520998
jid_712317,63880.0,327.0,32,1996,3935164,3935164,3937161,JobState.COMPLETED,0.8777385578476855,0,0,0,161.55982340992,161.55982340992068,10319149.040838411
jid_712321,63887.0,327.0,32,1998,3935165,3935165,3937164,JobState.COMPLETED,0.8876539917474986,0,0,0,162.77395817316278,162.7739581731631,10407115.789759336
jid_712320,63888.0,327.0,32,2000,3935165,3935165,3937166,JobState.COMPLETED,0.8880790572274821,0,0,0,162.82600700744663,162.8260070074468,10420864.448476585
jid_712328,63890.0,327.0,32,2022,3935164,3935164,3937187,JobState.COMPLETED,0.8687635391272772,0,0,0,160.46084152578965,160.46084152578905,10382458.290084694
jid_712329,63876.0,327.0,32,2023,3935164,3935164,3937188,JobState.COMPLETED,0.8814383654215875,0,0,0,162.0128610720312,162.01286107203114,10488064.57435901
jid_712333,63886.0,327.0,32,1996,3935203,3935203,3937200,JobState.COMPLETED,0.8847960065820247,0,0,0,162.42400080596144,162.42400080596224,10374345.77947837
jid_712343,63887.0,327.0,32,2001,3935205,3935205,3937207,JobState.COMPLETED,0.8656253668087043,0,0,0,160.07657552759684,160.07657552759648,10250023.284183081
jid_712348,63874.0,327.0,32,2004,3935203,3935203,3937208,JobState.COMPLETED,0.8840453957756459,0,0,0,162.33208927865053,162.33208927865053,10410032.2212613
jid_712360,63882.0,327.0,32,2001,3935247,3935247,3937249,JobState.COMPLETED,0.876049273065369,0,0,0,161.3529722120866,161.352972212086,10331753.51668433
jid_712364,63887.0,327.0,32,2007,3935249,3935249,3937257,JobState.COMPLETED,0.8851391674826583,0,0,0,162.46602050808013,162.4660205080806,10434217.701110939
jid_712366,63890.0,327.0,32,2009,3935248,3935248,3937258,JobState.COMPLETED,0.8823585849163095,0,0,0,162.12554101016121,162.12554101016036,10422726.780461244
jid_712365,63881.0,327.0,32,2009,3935249,3935249,3937259,JobState.COMPLETED,0.8850601174069844,0,0,0,162.45634090697783,162.4563409069777,10443993.244227791
jid_712373,17.0,542.0,1,618,3936919,3936919,3937538,JobState.COMPLETED,1.0,0,0,0,176.53061224489812,176.53061224489795,109095.91836734704
jid_712382,41282.0,474.0,8191,136,3937622,3937622,3937759,JobState.COMPLETED,1.0,0,0,0,176.53061224489798,176.53061224489795,196650865.30612245
jid_712381,17.0,542.0,1,674,3937104,3937104,3937779,JobState.COMPLETED,1.0,0,0,0,176.53061224489812,176.53061224489795,118981.63265306133
jid_712383,55949.0,653.0,12,3,3937793,3937793,3937797,JobState.COMPLETED,1.0,0,0,0,176.53061224489795,176.53061224489795,6355.102040816326
jid_712392,43097.0,136.0,2,6870,3931215,3931215,3938086,JobState.COMPLETED,1.0,0,0,0,176.5306122448967,176.53061224489795,2425530.6122448808
jid_712393,17.0,542.0,1,1136,3936953,3936953,3938090,JobState.COMPLETED,1.0,0,0,0,176.53061224489784,176.53061224489795,200538.77551020394
jid_712400,55949.0,653.0,12,3,3938175,3938175,3938179,JobState.COMPLETED,1.0,0,0,0,176.53061224489795,176.53061224489795,6355.102040816326
jid_711541,1469.0,159.0,30,16989,3921410,3921410,3938400,JobState.COMPLETED,1.0,0,0,0,176.53061224489335,176.53061224489795,89972357.1428548
jid_712429,63871.0,108.0,2,108,3938496,3938496,3938605,JobState.COMPLETED,1.0,0,0,0,176.53061224489792,176.53061224489795,38130.61224489795
jid_712431,60410.0,445.0,64,289,3938409,3938409,3938699,JobState.COMPLETED,1.0,0,0,0,176.53061224489795,176.53061224489795,3265110.2040816327
jid_712485,16778.0,341.0,255,17,3938725,3938725,3938743,JobState.COMPLETED,1.0,0,0,0,176.53061224489795,176.53061224489795,765260.2040816325
jid_712491,16781.0,341.0,255,21,3938725,3938725,3938747,JobState.COMPLETED,1.0,0,0,0,176.53061224489792,176.53061224489795,945321.4285714284
jid_712461,16781.0,341.0,255,34,3938722,3938722,3938757,JobState.COMPLETED,1.0,0,0,0,176.53061224489795,176.53061224489795,1530520.408163265
jid_712458,16777.0,341.0,255,38,3938723,3938723,3938762,JobState.COMPLETED,1.0,0,0,0,176.53061224489795,176.53061224489795,1710581.6326530613
jid_712528,16778.0,341.0,255,37,3938727,3938727,3938765,JobState.COMPLETED,1.0,0,0,0,176.53061224489795,176.53061224489795,1665566.326530612
jid_712457,16778.0,341.0,255,43,3938722,3938722,3938766,JobState.COMPLETED,1.0,0,0,0,176.53061224489795,176.53061224489795,1935658.163265306
jid_712464,16781.0,341.0,255,43,3938723,3938723,3938767,JobState.COMPLETED,1.0,0,0,0,176.53061224489795,176.53061224489795,1935658.163265306
jid_712540,16781.0,341.0,255,11,3938807,3938807,3938819,JobState.COMPLETED,1.0,0,0,0,176.53061224489795,176.53061224489795,495168.36734693876
jid_712544,16777.0,341.0,255,15,3938808,3938808,3938824,JobState.COMPLETED,1.0,0,0,0,176.53061224489795,176.53061224489795,675229.5918367347
jid_712549,16778.0,341.0,255,18,3938808,3938808,3938827,JobState.COMPLETED,1.0,0,0,0,176.53061224489795,176.53061224489795,810275.5102040815
jid_712578,16778.0,341.0,255,21,3938810,3938810,3938832,JobState.COMPLETED,1.0,0,0,0,176.53061224489792,176.53061224489795,945321.4285714284
jid_712553,16777.0,341.0,255,26,3938808,3938808,3938835,JobState.COMPLETED,1.0,0,0,0,176.53061224489792,176.53061224489795,1170397.9591836731
jid_712569,16778.0,341.0,255,25,3938809,3938809,3938835,JobState.COMPLETED,1.0,0,0,0,176.53061224489792,176.53061224489795,1125382.6530612244
jid_712601,16777.0,341.0,255,24,3938811,3938811,3938836,JobState.COMPLETED,1.0,0,0,0,176.53061224489792,176.53061224489795,1080367.3469387752
jid_712597,16777.0,341.0,255,29,3938812,3938812,3938842,JobState.COMPLETED,1.0,0,0,0,176.53061224489792,176.53061224489795,1305443.8775510201
jid_712599,16781.0,341.0,255,37,3938811,3938811,3938849,JobState.COMPLETED,1.0,0,0,0,176.53061224489795,176.53061224489795,1665566.326530612
jid_712616,16778.0,341.0,255,40,3938811,3938811,3938852,JobState.COMPLETED,1.0,0,0,0,176.53061224489795,176.53061224489795,1800612.244897959
jid_712586,301.0,193.0,12,17,3938886,3938886,3938904,JobState.COMPLETED,1.0,0,0,0,176.53061224489795,176.53061224489795,36012.24489795918
jid_712629,63873.0,327.0,32,2015,3937048,3937048,3939064,JobState.COMPLETED,0.8821224327307893,0,0,0,162.09662441601535,162.09662441601503,10451990.34234467
jid_712632,63871.0,108.0,2,25,3939038,3939038,3939064,JobState.COMPLETED,1.0,0,0,0,176.53061224489795,176.53061224489795,8826.530612244898
jid_712634,63893.0,327.0,32,1993,3937152,3937152,3939146,JobState.COMPLETED,0.8799740171173237,0,0,0,161.83355311640756,161.83355311640702,10321096.683552008
jid_712639,63895.0,60.0,32,62,3939137,3939137,3939200,JobState.COMPLETED,0.6053113011560095,0,0,0,128.2013838150216,128.2013838150216,254351.54548900283
jid_712668,43097.0,136.0,2,28,3939974,3939974,3940003,JobState.COMPLETED,1.0,0,0,0,176.53061224489795,176.53061224489795,9885.714285714286
jid_712678,43097.0,136.0,2,63,3939972,3939972,3940036,JobState.COMPLETED,1.0,0,0,0,176.53061224489798,176.53061224489795,22242.857142857145
jid_712706,43097.0,136.0,2,28,3940025,3940025,3940054,JobState.COMPLETED,1.0,0,0,0,176.53061224489795,176.53061224489795,9885.714285714286
jid_712688,43097.0,136.0,2,54,3940011,3940011,3940066,JobState.COMPLETED,1.0,0,0,0,176.53061224489795,176.53061224489795,19065.30612244898
jid_712697,43097.0,136.0,2,27,3940058,3940058,3940086,JobState.COMPLETED,1.0,0,0,0,176.53061224489795,176.53061224489795,9532.65306122449
jid_712702,43097.0,136.0,2,51,3940052,3940052,3940104,JobState.COMPLETED,1.0,0,0,0,176.53061224489795,176.53061224489795,18006.12244897959
jid_712711,43097.0,136.0,2,47,3940065,3940065,3940113,JobState.COMPLETED,1.0,0,0,0,176.53061224489795,176.53061224489795,16593.877551020407
jid_712710,43097.0,136.0,2,54,3940099,3940099,3940154,JobState.COMPLETED,1.0,0,0,0,176.53061224489795,176.53061224489795,19065.30612244898
jid_712751,43097.0,136.0,2,27,3940228,3940228,3940256,JobState.COMPLETED,1.0,0,0,0,176.53061224489795,176.53061224489795,9532.65306122449
jid_712729,43097.0,136.0,2,47,3940227,3940227,3940275,JobState.COMPLETED,1.0,0,0,0,176.53061224489795,176.53061224489795,16593.877551020407
jid_712756,43097.0,136.0,2,27,3940253,3940253,3940281,JobState.COMPLETED,1.0,0,0,0,176.53061224489795,176.53061224489795,9532.65306122449
jid_712747,43097.0,136.0,2,53,3940240,3940240,3940294,JobState.COMPLETED,1.0,0,0,0,176.53061224489795,176.53061224489795,18712.244897959183
jid_712758,43097.0,136.0,2,23,3940389,3940389,3940413,JobState.COMPLETED,1.0,0,0,0,176.53061224489795,176.53061224489795,8120.408163265306
jid_712760,43097.0,136.0,2,47,3940388,3940388,3940436,JobState.COMPLETED,1.0,0,0,0,176.53061224489795,176.53061224489795,16593.877551020407
jid_712765,62567.0,557.0,8,5036,3935511,3935511,3940548,JobState.COMPLETED,1.0,0,0,0,176.5306122448968,176.53061224489795,7112065.306122402
jid_712770,63895.0,60.0,32,6,3940691,3940691,3940698,JobState.COMPLETED,1.0,0,0,0,176.53061224489795,176.53061224489795,33893.87755102041
jid_712871,41093.0,666.0,1,7,3940941,3940941,3940949,JobState.COMPLETED,1.0,0,0,0,176.53061224489795,176.53061224489795,1235.7142857142858
jid_712891,41093.0,666.0,1,7,3940942,3940942,3940950,JobState.COMPLETED,1.0,0,0,0,176.53061224489795,176.53061224489795,1235.7142857142858
jid_712949,41093.0,666.0,1,6,3940944,3940944,3940951,JobState.COMPLETED,1.0,0,0,0,176.53061224489795,176.53061224489795,1059.1836734693877
jid_712983,41093.0,666.0,1,14,3940949,3940949,3940964,JobState.COMPLETED,1.0,0,0,0,176.53061224489795,176.53061224489795,2471.4285714285716
jid_712981,60443.0,327.0,32,10,3940960,3940960,3940971,JobState.COMPLETED,1.0,0,0,0,176.53061224489795,176.53061224489795,56489.795918367345
jid_712782,301.0,549.0,399,1492,3939494,3939494,3940987,JobState.COMPLETED,1.0,0,0,0,176.53061224489826,176.53061224489798,105090085.7142859
jid_713021,60449.0,327.0,32,6,3940999,3940999,3941006,JobState.COMPLETED,1.0,0,0,0,176.53061224489795,176.53061224489795,33893.87755102041
jid_712877,41093.0,666.0,1,81,3940941,3940941,3941023,JobState.COMPLETED,1.0,0,0,0,176.53061224489795,176.53061224489795,14298.979591836734
jid_712989,41093.0,666.0,1,103,3940949,3940949,3941053,JobState.COMPLETED,1.0,0,0,0,176.53061224489792,176.53061224489795,18182.653061224486
jid_712886,41093.0,666.0,1,144,3940941,3940941,3941086,JobState.COMPLETED,1.0,0,0,0,176.5306122448979,176.53061224489795,25420.408163265296
jid_712804,41093.0,666.0,1,152,3940935,3940935,3941088,JobState.COMPLETED,1.0,0,0,0,176.5306122448979,176.53061224489795,26832.65306122448
jid_712908,41093.0,666.0,1,304,3940941,3940941,3941246,JobState.COMPLETED,1.0,0,0,0,176.53061224489798,176.53061224489795,53665.30612244899
jid_713060,41093.0,666.0,1,394,3940946,3940946,3941341,JobState.COMPLETED,1.0,0,0,0,176.53061224489804,176.53061224489795,69553.06122448982
jid_712796,43474.0,526.0,1,341,3941125,3941125,3941467,JobState.COMPLETED,1.0,0,0,0,176.530612244898,176.53061224489795,60196.93877551022
jid_712801,40597.0,526.0,1,232,3941389,3941389,3941622,JobState.COMPLETED,1.0,0,0,0,176.53061224489787,176.53061224489795,40955.1020408163
jid_713091,41093.0,666.0,1,766,3940943,3940943,3941710,JobState.COMPLETED,1.0,0,0,0,176.53061224489815,176.53061224489795,135222.44897959198
jid_713124,41093.0,666.0,1,765,3940944,3940944,3941710,JobState.COMPLETED,1.0,0,0,0,176.53061224489815,176.53061224489795,135045.9183673471
jid_712833,16781.0,341.0,255,971,3940850,3940850,3941822,JobState.COMPLETED,1.0,0,0,0,176.5306122448976,176.53061224489795,43709862.24489787
jid_712835,16777.0,341.0,255,980,3940850,3940850,3941831,JobState.COMPLETED,1.0,0,0,0,176.53061224489764,176.53061224489795,44114999.99999992
jid_713183,41093.0,666.0,1,900,3940946,3940946,3941847,JobState.COMPLETED,1.0,0,0,0,176.53061224489818,176.53061224489795,158877.55102040837
jid_712850,16778.0,341.0,255,1024,3940848,3940848,3941873,JobState.COMPLETED,1.0,0,0,0,176.5306122448977,176.53061224489795,46095673.46938769
jid_712828,16781.0,341.0,255,1043,3940848,3940848,3941892,JobState.COMPLETED,1.0,0,0,0,176.5306122448977,176.53061224489795,46950964.28571422
jid_712968,16781.0,341.0,255,1120,3940853,3940853,3941974,JobState.COMPLETED,1.0,0,0,0,176.53061224489778,176.53061224489795,50417142.857142806
jid_713035,16781.0,341.0,255,1130,3940855,3940855,3941986,JobState.COMPLETED,1.0,0,0,0,176.5306122448978,176.53061224489795,50867295.918367304
jid_713113,16781.0,341.0,255,1142,3940855,3940855,3941998,JobState.COMPLETED,1.0,0,0,0,176.5306122448978,176.53061224489795,51407479.59183669
jid_713168,16781.0,341.0,255,1252,3940856,3940856,3942109,JobState.COMPLETED,1.0,0,0,0,176.5306122448979,176.53061224489795,56359163.2653061
jid_713119,16777.0,341.0,255,1308,3940855,3940855,3942164,JobState.COMPLETED,1.0,0,0,0,176.53061224489795,176.53061224489795,58880020.40816326
jid_713211,41093.0,666.0,1,1231,3940948,3940948,3942180,JobState.COMPLETED,1.0,0,0,0,176.53061224489772,176.53061224489795,217309.1836734691
jid_713162,16777.0,341.0,255,1346,3940856,3940856,3942203,JobState.COMPLETED,1.0,0,0,0,176.53061224489798,176.53061224489795,60590602.04081634
jid_712879,16777.0,341.0,255,1366,3940851,3940851,3942218,JobState.COMPLETED,1.0,0,0,0,176.53061224489798,176.53061224489795,61490908.16326532
jid_713243,41093.0,666.0,1,1267,3940951,3940951,3942219,JobState.COMPLETED,1.0,0,0,0,176.5306122448977,176.53061224489795,223664.2857142854
jid_712880,16781.0,341.0,255,1367,3940852,3940852,3942220,JobState.COMPLETED,1.0,0,0,0,176.53061224489798,176.53061224489795,61535923.46938776
jid_713114,108.0,174.0,48,196,3942041,3942041,3942238,JobState.COMPLETED,1.0,0,0,0,176.53061224489792,176.53061224489795,1660799.9999999995
jid_713180,41093.0,666.0,1,1311,3940943,3940943,3942255,JobState.COMPLETED,1.0,0,0,0,176.53061224489767,176.53061224489795,231431.63265306083
jid_712917,16778.0,341.0,255,1405,3940852,3940852,3942258,JobState.COMPLETED,1.0,0,0,0,176.530612244898,176.53061224489795,63246505.102040835
jid_713225,41093.0,666.0,1,1313,3940947,3940947,3942261,JobState.COMPLETED,1.0,0,0,0,176.53061224489767,176.53061224489795,231784.69387755063
jid_713200,41093.0,666.0,1,1368,3940945,3940945,3942314,JobState.COMPLETED,1.0,0,0,0,176.5306122448976,176.53061224489795,241493.87755101992
jid_712892,108.0,480.0,2350,5340,3937037,3937037,3942378,JobState.COMPLETED,0.6571334684313386,0,0,0,134.54695531812217,134.54695531812308,1688429742.2871153
jid_712893,16778.0,341.0,255,1543,3940848,3940848,3942392,JobState.COMPLETED,1.0,0,0,0,176.5306122448981,176.53061224489795,69458617.34693882
jid_712894,16781.0,341.0,255,1547,3940850,3940850,3942398,JobState.COMPLETED,1.0,0,0,0,176.5306122448981,176.53061224489795,69638678.57142863
jid_712900,43097.0,136.0,2,2494,3939976,3939976,3942471,JobState.COMPLETED,1.0,0,0,0,176.53061224489713,176.53061224489795,880534.6938775469
jid_712901,43097.0,136.0,2,2402,3940078,3940078,3942481,JobState.COMPLETED,1.0,0,0,0,176.53061224489713,176.53061224489795,848053.0612244857
jid_713051,325.0,145.0,8,23,3942496,3942496,3942520,JobState.COMPLETED,1.0,0,0,0,176.53061224489795,176.53061224489795,32481.632653061224
jid_713046,335.0,145.0,8,27,3942493,3942493,3942521,JobState.COMPLETED,1.0,0,0,0,176.53061224489795,176.53061224489795,38130.61224489796
jid_713295,41093.0,666.0,1,1688,3940947,3940947,3942636,JobState.COMPLETED,1.0,0,0,0,176.5306122448974,176.53061224489795,297983.6734693868
jid_712915,62567.0,557.0,12,8084,3934558,3934558,3942643,JobState.COMPLETED,1.0,0,0,0,176.53061224489636,176.53061224489795,17124881.63265291
jid_712918,63902.0,200.0,2560,28,3942617,3942617,3942646,JobState.COMPLETED,1.0,0,0,0,176.53061224489795,176.53061224489795,12653714.285714287
jid_713067,43097.0,136.0,2,102,3942557,3942557,3942660,JobState.COMPLETED,1.0,0,0,0,176.53061224489792,176.53061224489795,36012.24489795918
jid_712923,36786.0,191.0,8,77420,3865273,3865273,3942694,JobState.COMPLETED,1.0,0,0,0,176.53061224490088,176.53061224489795,109336000.0000018
jid_712928,43097.0,136.0,2,2763,3939969,3939969,3942733,JobState.COMPLETED,1.0,0,0,0,176.53061224489704,176.53061224489795,975508.163265301
jid_712934,301.0,549.0,399,24,3942729,3942729,3942754,JobState.COMPLETED,1.0,0,0,0,176.53061224489798,176.53061224489798,1690457.1428571432
jid_712935,36786.0,191.0,8,77026,3865736,3865736,3942763,JobState.COMPLETED,1.0,0,0,0,176.53061224490054,176.53061224489795,108779575.51020567
jid_712945,43097.0,136.0,2,2778,3940082,3940082,3942861,JobState.COMPLETED,1.0,0,0,0,176.53061224489704,176.53061224489795,980804.081632648
jid_713089,63895.0,60.0,32,59,3942806,3942806,3942866,JobState.COMPLETED,0.6119131559922817,0,0,0,129.00977420313654,129.00977420313654,243570.4536955218
jid_713083,43097.0,136.0,2,88,3942801,3942801,3942890,JobState.COMPLETED,1.0,0,0,0,176.53061224489795,176.53061224489795,31069.38775510204
jid_712954,43097.0,136.0,2,2871,3940074,3940074,3942946,JobState.COMPLETED,1.0,0,0,0,176.53061224489704,176.53061224489795,1013638.7755101988
jid_713104,43097.0,136.0,2,27,3942926,3942926,3942954,JobState.COMPLETED,1.0,0,0,0,176.53061224489795,176.53061224489795,9532.65306122449
jid_712956,63902.0,200.0,2560,41,3942922,3942922,3942964,JobState.COMPLETED,0.7796192036193142,0,0,0,149.54520860644666,149.54520860644666,15696265.095332641
jid_713311,41093.0,666.0,1,2027,3940950,3940950,3942978,JobState.COMPLETED,1.0,0,0,0,176.53061224489727,176.53061224489795,357827.55102040677
jid_713313,41093.0,666.0,1,2037,3940950,3940950,3942988,JobState.COMPLETED,1.0,0,0,0,176.53061224489727,176.53061224489795,359592.85714285576
jid_713323,41093.0,666.0,1,2052,3940948,3940948,3943001,JobState.COMPLETED,1.0,0,0,0,176.53061224489724,176.53061224489795,362240.81632652914
jid_713332,41093.0,666.0,1,2073,3940949,3940949,3943023,JobState.COMPLETED,1.0,0,0,0,176.53061224489724,176.53061224489795,365947.959183672
jid_713031,985.0,617.0,1,21,3943002,3943002,3943024,JobState.COMPLETED,1.0,0,0,0,176.53061224489795,176.53061224489795,3707.142857142857
jid_712966,36786.0,191.0,8,77779,3865261,3865261,3943041,JobState.COMPLETED,1.0,0,0,0,176.5306122449012,176.53061224489795,109842995.91836935
jid_712969,36786.0,191.0,8,77363,3865707,3865707,3943071,JobState.COMPLETED,1.0,0,0,0,176.53061224490082,176.53061224489795,109255502.0408181
jid_713075,43097.0,136.0,2,28,3943047,3943047,3943076,JobState.COMPLETED,1.0,0,0,0,176.53061224489795,176.53061224489795,9885.714285714286
jid_712976,36786.0,191.0,8,77380,3865712,3865712,3943093,JobState.COMPLETED,1.0,0,0,0,176.53061224490085,176.53061224489795,109279510.20408343
jid_712987,36786.0,191.0,8,77444,3865722,3865722,3943167,JobState.COMPLETED,1.0,0,0,0,176.5306122449009,176.53061224489795,109369893.87755285
jid_713015,16777.0,341.0,255,2370,3940851,3940851,3943222,JobState.COMPLETED,1.0,0,0,0,176.5306122448976,176.53061224489795,106686275.51020387
jid_712995,36786.0,191.0,8,77979,3865251,3865251,3943231,JobState.COMPLETED,1.0,0,0,0,176.53061224490136,176.53061224489795,110125444.8979613
jid_713002,36786.0,191.0,8,77991,3865279,3865279,3943271,JobState.COMPLETED,1.0,0,0,0,176.5306122449014,176.53061224489795,110142391.83673683
jid_713333,41093.0,666.0,1,2331,3940944,3940944,3943276,JobState.COMPLETED,1.0,0,0,0,176.53061224489716,176.53061224489795,411492.8571428553
jid_713033,36786.0,191.0,8,78105,3865198,3865198,3943304,JobState.COMPLETED,1.0,0,0,0,176.53061224490148,176.53061224489795,110303387.75510424
jid_713037,36786.0,191.0,8,77693,3865709,3865709,3943403,JobState.COMPLETED,1.0,0,0,0,176.53061224490114,176.53061224489795,109721542.85714483
jid_713040,62567.0,557.0,4,7496,3935913,3935913,3943410,JobState.COMPLETED,1.0,0,0,0,176.53061224489682,176.53061224489795,5293093.877550986
jid_713044,301.0,549.0,399,3527,3939894,3939894,3943422,JobState.COMPLETED,1.0,0,0,0,176.53061224489696,176.53061224489798,248426764.28571287
jid_713043,36786.0,191.0,8,78131,3865293,3865293,3943425,JobState.COMPLETED,1.0,0,0,0,176.5306122449015,176.53061224489795,110340106.1224512
jid_713088,43097.0,136.0,2,3437,3940089,3940089,3943527,JobState.COMPLETED,1.0,0,0,0,176.53061224489693,176.53061224489795,1213471.4285714214
jid_713095,59191.0,526.0,1,5,3943546,3943546,3943552,JobState.COMPLETED,1.0,0,0,0,176.53061224489795,176.53061224489795,882.6530612244898
jid_713102,43097.0,136.0,2,28,3943539,3943539,3943568,JobState.COMPLETED,1.0,0,0,0,176.53061224489795,176.53061224489795,9885.714285714286
jid_713106,43097.0,136.0,2,3481,3940093,3940093,3943575,JobState.COMPLETED,1.0,0,0,0,176.53061224489693,176.53061224489795,1229006.1224489724
jid_713122,43097.0,136.0,2,3657,3939989,3939989,3943647,JobState.COMPLETED,1.0,0,0,0,176.5306122448969,176.53061224489795,1291144.897959176
jid_713270,16781.0,341.0,255,2804,3940852,3940852,3943657,JobState.COMPLETED,1.0,0,0,0,176.53061224489724,176.53061224489795,126222918.36734642
jid_713273,16777.0,341.0,255,2809,3940852,3940852,3943662,JobState.COMPLETED,1.0,0,0,0,176.53061224489724,176.53061224489795,126447994.89795867
jid_713140,62567.0,557.0,12,9683,3934040,3934040,3943724,JobState.COMPLETED,1.0,0,0,0,176.53061224489556,176.53061224489795,20512151.020407885
jid_713159,43097.0,136.0,2,47,3943792,3943792,3943840,JobState.COMPLETED,1.0,0,0,0,176.53061224489795,176.53061224489795,16593.877551020407
jid_713172,791.0,299.0,132,25,3943950,3943950,3943976,JobState.COMPLETED,0.5424750465755808,0,0,0,120.5071485602752,120.5071485602752,397673.59024890815
jid_713174,43097.0,136.0,2,4017,3939992,3939992,3944010,JobState.COMPLETED,1.0,0,0,0,176.53061224489687,176.53061224489795,1418246.9387755014
jid_713175,207.0,512.0,160,3352,3940669,3940669,3944022,JobState.COMPLETED,0.5225829738633837,0,0,0,118.0713845546998,118.07138455470003,63324044.9643766
jid_713196,63895.0,60.0,32,57,3944201,3944201,3944259,JobState.COMPLETED,0.6108727934337913,0,0,0,128.88238286944383,128.88238286944383,235081.46635386554
jid_713203,36786.0,191.0,8,78619,3865673,3865673,3944293,JobState.COMPLETED,1.0,0,0,0,176.53061224490193,176.53061224489795,111029281.63265556
jid_713210,36786.0,191.0,8,78618,3865714,3865714,3944333,JobState.COMPLETED,1.0,0,0,0,176.53061224490193,176.53061224489795,111027869.3877576
jid_713213,36786.0,191.0,8,78635,3865717,3865717,3944353,JobState.COMPLETED,1.0,0,0,0,176.53061224490193,176.53061224489795,111051877.5510229
jid_713230,36786.0,191.0,8,79177,3865242,3865242,3944420,JobState.COMPLETED,1.0,0,0,0,176.5306122449024,176.53061224489795,111817314.28571709
jid_713250,43097.0,136.0,2,4375,3940051,3940051,3944427,JobState.COMPLETED,1.0,0,0,0,176.53061224489684,176.53061224489795,1544642.8571428475
jid_713235,1246.0000000000073,114.0,3,5,3944444,3944444,3944450,JobState.COMPLETED,0.7437319034107132,0,0,0,145.15084531559754,145.15084531559754,2177.262679733963
jid_713301,108.0,174.0,1,1677,3942777,3942777,3944455,JobState.COMPLETED,1.0,0,0,0,176.5306122448974,176.53061224489795,296041.836734693
jid_713237,36786.0,191.0,8,79248,3865209,3865209,3944458,JobState.COMPLETED,1.0,0,0,0,176.53061224490244,176.53061224489795,111917583.67347223
jid_713246,36786.0,191.0,8,79278,3865193,3865193,3944472,JobState.COMPLETED,1.0,0,0,0,176.53061224490247,176.53061224489795,111959951.02041103
jid_713253,36786.0,191.0,8,78840,3865676,3865676,3944517,JobState.COMPLETED,1.0,0,0,0,176.53061224490213,176.53061224489795,111341387.75510468
jid_713258,36786.0,191.0,8,79314,3865245,3865245,3944560,JobState.COMPLETED,1.0,0,0,0,176.5306122449025,176.53061224489795,112010791.83673757
jid_713263,63666.0,63.0,64,49,3944579,3944579,3944629,JobState.COMPLETED,1.0,0,0,0,176.53061224489795,176.53061224489795,553600.0
jid_713268,36786.0,191.0,8,79414,3865243,3865243,3944658,JobState.COMPLETED,1.0,0,0,0,176.53061224490258,176.53061224489795,112152016.32653356
jid_713267,36786.0,191.0,8,79424,3865235,3865235,3944660,JobState.COMPLETED,1.0,0,0,0,176.5306122449026,176.53061224489795,112166138.77551316
jid_713300,63879.0,48.0,1,4,3944918,3944918,3944923,JobState.COMPLETED,1.0,0,0,0,176.53061224489795,176.53061224489795,706.1224489795918
jid_713304,43097.0,136.0,2,5007,3940024,3940024,3945032,JobState.COMPLETED,1.0,0,0,0,176.5306122448968,176.53061224489795,1767777.5510203964
jid_713310,36786.0,191.0,8,79401,3865727,3865727,3945129,JobState.COMPLETED,1.0,0,0,0,176.53061224490258,176.53061224489795,112133657.14286008
jid_713343,63858.0,175.0,48,0,3945423,3945423,3945423,JobState.COMPLETED,1.0,0,0,0,176.53061224489795,176.53061224489795,0.0
jid_713354,63879.0,48.0,1,5,3945806,3945806,3945812,JobState.COMPLETED,1.0,0,0,0,176.53061224489795,176.53061224489795,882.6530612244898
jid_713804,635.0,194.0,216,23245,3922588,3922588,3945834,JobState.COMPLETED,1.0,0,0,0,176.53061224490133,176.53061224489795,886346081.63267
jid_713357,43097.0,136.0,2,28,3945854,3945854,3945883,JobState.COMPLETED,1.0,0,0,0,176.53061224489795,176.53061224489795,9885.714285714286
jid_713381,36786.0,191.0,8,80550,3865652,3865652,3946203,JobState.COMPLETED,1.0,0,0,0,176.53061224490355,176.53061224489795,113756326.53061585
jid_713386,43097.0,136.0,2,28,3946219,3946219,3946248,JobState.COMPLETED,1.0,0,0,0,176.53061224489795,176.53061224489795,9885.714285714286
jid_713391,43097.0,136.0,2,30,3946222,3946222,3946253,JobState.COMPLETED,1.0,0,0,0,176.53061224489795,176.53061224489795,10591.836734693878
jid_713393,43097.0,136.0,2,6313,3940027,3940027,3946341,JobState.COMPLETED,1.0,0,0,0,176.53061224489673,176.53061224489795,2228875.510204066
jid_713397,36786.0,191.0,8,80781,3865659,3865659,3946441,JobState.COMPLETED,1.0,0,0,0,176.53061224490372,176.53061224489795,114082555.10204454
jid_713404,63785.0,480.0,25,84,3946522,3946522,3946607,JobState.COMPLETED,1.0,0,0,0,176.53061224489795,176.53061224489795,370714.2857142857
jid_713412,60368.0,158.0,640,8749,3937906,3937906,3946656,JobState.COMPLETED,0.6031063804777409,0,0,0,127.9313935278889,127.93139352788664,716333927.66432
jid_713418,376.0,587.0,1,0,3946730,3946730,3946730,JobState.COMPLETED,1.0,0,0,0,176.53061224489795,176.53061224489795,0.0
jid_713424,985.0,617.0,1,55,3946763,3946763,3946819,JobState.COMPLETED,1.0,0,0,0,176.53061224489795,176.53061224489795,9709.183673469388
jid_714066,1246.0000000000073,114.0,160,9,3946972,3946972,3946982,JobState.COMPLETED,0.707661168498801,0,0,0,140.73402063250623,140.73402063250623,202656.98971080896
jid_713804,36007.0,194.0,216,24518,3922588,3922588,3947107,JobState.COMPLETED,1.0,0,0,0,176.53061224490264,176.53061224489795,934886351.0204328
jid_713434,338.0,147.0,9,495,3946661,3946661,3947157,JobState.COMPLETED,0.5842619389895076,0,0,0,125.62391089667432,125.62391089667442,559654.5230446841
jid_713463,63898.0,548.0,12,7760,3939626,3939626,3947387,JobState.COMPLETED,1.0,0,0,0,176.53061224489656,176.53061224489795,16438530.612244768
jid_713474,40620.0,526.0,18,0,3947436,3947436,3947437,JobState.COMPLETED,1.0,0,0,0,176.53061224489795,176.53061224489795,0.0
jid_713464,108.0,174.0,1,1654,3945836,3945836,3947491,JobState.COMPLETED,1.0,0,0,0,176.5306122448974,176.53061224489795,291981.6326530603
jid_713481,1469.0,159.0,30,1595,3946202,3946202,3947798,JobState.COMPLETED,1.0,0,0,0,176.5306122448984,176.53061224489795,8446989.795918388
jid_713481,1469.0,159.0,30,1627,3946202,3946202,3947830,JobState.COMPLETED,1.0,0,0,0,176.53061224489844,176.53061224489795,8616459.183673492
jid_713489,62923.0,557.0,2,429,3947419,3947419,3947849,JobState.COMPLETED,1.0,0,0,0,176.53061224489807,176.53061224489795,151463.26530612254
jid_713486,62923.0,557.0,2,431,3947419,3947419,3947851,JobState.COMPLETED,1.0,0,0,0,176.53061224489807,176.53061224489795,152169.38775510213
jid_713481,1469.0,159.0,30,1658,3946202,3946202,3947861,JobState.COMPLETED,1.0,0,0,0,176.53061224489844,176.53061224489795,8780632.653061248
jid_713601,62923.0,557.0,2,393,3947605,3947605,3947999,JobState.COMPLETED,1.0,0,0,0,176.53061224489804,176.53061224489795,138753.06122448985
jid_713599,62923.0,557.0,2,392,3947606,3947606,3947999,JobState.COMPLETED,1.0,0,0,0,176.53061224489804,176.53061224489795,138400.00000000006
jid_713607,62923.0,557.0,4,312,3947714,3947714,3948027,JobState.COMPLETED,1.0,0,0,0,176.53061224489798,176.53061224489795,220310.2040816327
jid_713612,62923.0,557.0,2,425,3947606,3947606,3948032,JobState.COMPLETED,1.0,0,0,0,176.53061224489807,176.53061224489795,150051.02040816334
jid_713617,62923.0,557.0,4,307,3947748,3947748,3948056,JobState.COMPLETED,1.0,0,0,0,176.53061224489798,176.53061224489795,216779.59183673473
jid_713618,62923.0,557.0,4,309,3947748,3947748,3948058,JobState.COMPLETED,1.0,0,0,0,176.53061224489798,176.53061224489795,218191.8367346939
jid_713622,63909.0,634.0,15,335,3947726,3947726,3948062,JobState.COMPLETED,0.628438830373981,0,0,0,131.03332616824252,131.03332616824258,658442.4639954186
jid_713634,62923.0,557.0,4,311,3947791,3947791,3948103,JobState.COMPLETED,1.0,0,0,0,176.53061224489798,176.53061224489795,219604.08163265308
jid_713635,62923.0,557.0,4,313,3947791,3947791,3948105,JobState.COMPLETED,1.0,0,0,0,176.53061224489798,176.53061224489795,221016.32653061228
jid_713631,62923.0,557.0,4,171,3947935,3947935,3948107,JobState.COMPLETED,1.0,0,0,0,176.5306122448979,176.53061224489795,120746.93877551016
jid_713645,62923.0,557.0,4,307,3947826,3947826,3948134,JobState.COMPLETED,1.0,0,0,0,176.53061224489798,176.53061224489795,216779.59183673473
jid_713642,62923.0,557.0,4,307,3947827,3947827,3948135,JobState.COMPLETED,1.0,0,0,0,176.53061224489798,176.53061224489795,216779.59183673473
jid_713647,62923.0,557.0,4,309,3947826,3947826,3948136,JobState.COMPLETED,1.0,0,0,0,176.53061224489798,176.53061224489795,218191.8367346939
jid_713651,62923.0,557.0,4,167,3947988,3947988,3948156,JobState.COMPLETED,1.0,0,0,0,176.5306122448979,176.53061224489795,117922.44897959179
jid_713660,62923.0,557.0,4,167,3947989,3947989,3948157,JobState.COMPLETED,1.0,0,0,0,176.5306122448979,176.53061224489795,117922.44897959179
jid_713653,62923.0,557.0,4,168,3947989,3947989,3948158,JobState.COMPLETED,1.0,0,0,0,176.5306122448979,176.53061224489795,118628.57142857139
jid_713657,108.0,519.0,3,23831,3924340,3924340,3948172,JobState.COMPLETED,1.0,0,0,0,176.53061224489326,176.53061224489795,12620703.061224153
jid_713706,62923.0,557.0,4,162,3948025,3948025,3948188,JobState.COMPLETED,1.0,0,0,0,176.5306122448979,176.53061224489795,114391.83673469383
jid_713670,62923.0,557.0,4,304,3947886,3947886,3948191,JobState.COMPLETED,1.0,0,0,0,176.53061224489798,176.53061224489795,214661.22448979595
jid_713669,62923.0,557.0,4,168,3948024,3948024,3948193,JobState.COMPLETED,1.0,0,0,0,176.5306122448979,176.53061224489795,118628.57142857139
jid_713679,62923.0,557.0,4,153,3948073,3948073,3948227,JobState.COMPLETED,1.0,0,0,0,176.5306122448979,176.53061224489795,108036.73469387752
jid_713686,791.0,299.0,132,1429,3946804,3946804,3948234,JobState.COMPLETED,0.8658791823942558,0,0,0,160.1076549870515,160.10765498705172,30200786.744897548
jid_713699,62923.0,557.0,4,158,3948122,3948122,3948281,JobState.COMPLETED,1.0,0,0,0,176.5306122448979,176.53061224489795,111567.34693877547
jid_713708,62923.0,557.0,4,162,3948167,3948167,3948330,JobState.COMPLETED,1.0,0,0,0,176.5306122448979,176.53061224489795,114391.83673469383
jid_713709,62923.0,557.0,4,167,3948167,3948167,3948335,JobState.COMPLETED,1.0,0,0,0,176.5306122448979,176.53061224489795,117922.44897959179
jid_713723,63913.0,179.0,768,1080,3947790,3947790,3948871,JobState.COMPLETED,1.0,0,0,0,176.53061224489826,176.53061224489795,146421551.0204084
jid_713724,36786.0,191.0,8,13,3948876,3948876,3948890,JobState.COMPLETED,1.0,0,0,0,176.53061224489795,176.53061224489795,18359.183673469386
jid_713481,1469.0,159.0,30,2691,3946202,3946202,3948894,JobState.COMPLETED,1.0,0,0,0,176.5306122448988,176.53061224489795,14251316.32653068
jid_713733,36786.0,191.0,8,14,3948931,3948931,3948946,JobState.COMPLETED,1.0,0,0,0,176.53061224489795,176.53061224489795,19771.428571428572
jid_713738,36786.0,191.0,8,13,3948976,3948976,3948990,JobState.COMPLETED,1.0,0,0,0,176.53061224489795,176.53061224489795,18359.183673469386
jid_713718,17217.0,194.0,216,26758,3922450,3922450,3949209,JobState.COMPLETED,1.0,0,0,0,176.5306122449046,176.53061224489795,1020298922.4490181
jid_713750,62860.0,562.0,1,40,3949423,3949423,3949464,JobState.COMPLETED,1.0,0,0,0,176.53061224489795,176.53061224489795,7061.224489795918
jid_713757,43097.0,136.0,2,2276,3947314,3947314,3949591,JobState.COMPLETED,1.0,0,0,0,176.53061224489718,176.53061224489795,803567.346938772
jid_713761,43097.0,136.0,2,2230,3947452,3947452,3949683,JobState.COMPLETED,1.0,0,0,0,176.53061224489718,176.53061224489795,787326.5306122415
jid_713768,15948.999999999996,260.0,1,28,3949914,3949914,3949943,JobState.COMPLETED,1.0,0,0,0,176.53061224489795,176.53061224489795,4942.857142857143
jid_713769,108.0,519.0,4,25188,3924770,3924770,3949959,JobState.COMPLETED,1.0,0,0,0,176.5306122449068,176.53061224489795,17785812.24489885
jid_713771,43097.0,136.0,2,2881,3947450,3947450,3950332,JobState.COMPLETED,1.0,0,0,0,176.53061224489701,176.53061224489795,1017169.3877550965
jid_713773,63917.0,29.0,48,412,3950080,3950080,3950493,JobState.COMPLETED,1.0,0,0,0,176.5306122448978,176.53061224489795,3491069.387755099
jid_713775,108.0,519.0,2,26729,3923794,3923794,3950524,JobState.COMPLETED,1.0,0,0,0,176.53061224490705,176.53061224489795,9436973.469388241
jid_713790,301.0,549.0,399,5133,3946030,3946030,3951164,JobState.COMPLETED,1.0,0,0,0,176.5306122448967,176.53061224489798,361546521.42856884
jid_713481,1469.0,159.0,30,5038,3946202,3946202,3951241,JobState.COMPLETED,1.0,0,0,0,176.5306122448974,176.53061224489795,26680836.734693795
jid_713809,17.0,542.0,1,681,3951047,3951047,3951729,JobState.COMPLETED,1.0,0,0,0,176.53061224489812,176.53061224489795,120217.34693877562
jid_713814,43097.0,136.0,2,4560,3947316,3947316,3951877,JobState.COMPLETED,1.0,0,0,0,176.53061224489682,176.53061224489795,1609959.1836734589
jid_713816,63917.0,29.0,48,507,3951465,3951465,3951973,JobState.COMPLETED,1.0,0,0,0,176.5306122448978,176.53061224489795,4296048.979591833
jid_713826,17.0,542.0,1,1205,3951047,3951047,3952253,JobState.COMPLETED,1.0,0,0,0,176.53061224489775,176.53061224489795,212719.38775510178
jid_713836,63703.0,331.0,55,1518,3951202,3951202,3952721,JobState.COMPLETED,1.0,0,0,0,176.53061224489755,176.53061224489795,14738540.816326497
jid_713850,62567.0,557.0,8,4971,3948036,3948036,3953008,JobState.COMPLETED,1.0,0,0,0,176.5306122448968,176.53061224489795,7020269.387755055
jid_713857,62567.0,557.0,8,5123,3947947,3947947,3953071,JobState.COMPLETED,1.0,0,0,0,176.5306122448968,176.53061224489795,7234930.61224485
jid_713866,62567.0,557.0,8,5175,3947946,3947946,3953122,JobState.COMPLETED,1.0,0,0,0,176.5306122448968,176.53061224489795,7308367.346938727
jid_713871,62567.0,557.0,8,5132,3947999,3947999,3953132,JobState.COMPLETED,1.0,0,0,0,176.5306122448968,176.53061224489795,7247640.816326482
jid_713873,62567.0,557.0,8,5186,3947947,3947947,3953134,JobState.COMPLETED,1.0,0,0,0,176.5306122448968,176.53061224489795,7323902.040816278
jid_713874,62860.0,562.0,1,2082,3951075,3951075,3953158,JobState.COMPLETED,1.0,0,0,0,176.53061224489724,176.53061224489795,367536.73469387606
jid_713883,63858.0,175.0,48,480,3953087,3953087,3953568,JobState.COMPLETED,1.0,0,0,0,176.5306122448978,176.53061224489795,4067265.3061224455
jid_713886,63927.0,26.0,24,1229,3952435,3952435,3953665,JobState.COMPLETED,1.0,0,0,0,176.53061224489832,176.53061224489795,5206946.938775521
jid_713887,105.0,62.0,10,485,3953188,3953188,3953674,JobState.COMPLETED,1.0,0,0,0,176.53061224489795,176.53061224489795,856173.469387755
jid_713896,791.0,299.0,132,315,3953775,3953775,3954091,JobState.COMPLETED,0.8369074086002678,0,0,0,156.56009084901234,156.5600908490124,6509768.577501932
jid_713898,985.0,617.0,1,17,3954286,3954286,3954304,JobState.COMPLETED,1.0,0,0,0,176.53061224489795,176.53061224489795,3001.020408163265
jid_713899,105.0,62.0,10,283,3954025,3954025,3954309,JobState.COMPLETED,1.0,0,0,0,176.53061224489795,176.53061224489795,499581.6326530612
jid_713909,1246.0000000000073,114.0,3,9380,3945290,3945290,3954671,JobState.COMPLETED,0.7716604073536387,0,0,0,148.5706621249361,148.57066212493535,4180778.4321957016
jid_713917,63929.0,652.0,1,12,3954849,3954849,3954862,JobState.COMPLETED,1.0,0,0,0,176.53061224489795,176.53061224489795,2118.3673469387754
jid_713921,63929.0,652.0,1,12,3954999,3954999,3955012,JobState.COMPLETED,1.0,0,0,0,176.53061224489795,176.53061224489795,2118.3673469387754
jid_713935,15948.999999999996,260.0,1,93,3955472,3955472,3955566,JobState.COMPLETED,1.0,0,0,0,176.53061224489792,176.53061224489795,16417.346938775507
jid_713942,62567.0,557.0,4,7494,3948178,3948178,3955673,JobState.COMPLETED,1.0,0,0,0,176.53061224489682,176.53061224489795,5291681.632653027
jid_713955,62567.0,557.0,4,7684,3948134,3948134,3955819,JobState.COMPLETED,1.0,0,0,0,176.53061224489718,176.53061224489795,5425844.89795916
jid_713980,62567.0,557.0,12,8066,3947759,3947759,3955826,JobState.COMPLETED,1.0,0,0,0,176.53061224489636,176.53061224489795,17086751.02040801
jid_713959,62567.0,557.0,12,8069,3947759,3947759,3955829,JobState.COMPLETED,1.0,0,0,0,176.53061224489636,176.53061224489795,17093106.122448824
jid_713992,62567.0,557.0,4,7750,3948084,3948084,3955835,JobState.COMPLETED,1.0,0,0,0,176.5306122448973,176.53061224489795,5472448.979591817
jid_713965,62567.0,557.0,4,7754,3948084,3948084,3955839,JobState.COMPLETED,1.0,0,0,0,176.5306122448973,176.53061224489795,5475273.469387734
jid_713966,62567.0,557.0,4,7758,3948083,3948083,3955842,JobState.COMPLETED,1.0,0,0,0,176.5306122448973,176.53061224489795,5478097.959183653
jid_713967,62567.0,557.0,4,7764,3948084,3948084,3955849,JobState.COMPLETED,1.0,0,0,0,176.53061224489733,176.53061224489795,5482334.693877531
jid_713974,62567.0,557.0,12,8141,3947725,3947725,3955867,JobState.COMPLETED,1.0,0,0,0,176.53061224489633,176.53061224489795,17245628.57142841
jid_669628,65765.0,60.0,32,30163,3925833,3925833,3955997,JobState.COMPLETED,0.6517105329043815,0,0,0,133.88292239645702,133.8829223964549,129225938.82381865
jid_713993,15948.999999999996,260.0,1,94,3955907,3955907,3956002,JobState.COMPLETED,1.0,0,0,0,176.53061224489792,176.53061224489795,16593.877551020403
jid_713994,15510.0,44.0,1,4654,3951353,3951353,3956008,JobState.COMPLETED,1.0,0,0,0,176.53061224489682,176.53061224489795,821573.4693877498
jid_714009,62768.0,37.0,1,4508,3951735,3951735,3956244,JobState.COMPLETED,0.5287655928717847,0,0,0,118.82843994348468,118.82843994348384,535678.607265229
jid_714016,63898.0,548.0,12,8310,3948211,3948211,3956522,JobState.COMPLETED,1.0,0,0,0,176.53061224489622,176.53061224489795,17603632.65306105
jid_714018,63898.0,548.0,12,8318,3948228,3948228,3956547,JobState.COMPLETED,1.0,0,0,0,176.53061224489622,176.53061224489795,17620579.59183656
jid_714040,62567.0,557.0,12,9612,3947616,3947616,3957229,JobState.COMPLETED,1.0,0,0,0,176.5306122448956,176.53061224489795,20361746.938775238
jid_714033,62567.0,557.0,12,9623,3947617,3947617,3957241,JobState.COMPLETED,1.0,0,0,0,176.5306122448956,176.53061224489795,20385048.979591563
jid_714035,62567.0,557.0,12,9813,3947430,3947430,3957244,JobState.COMPLETED,1.0,0,0,0,176.53061224489554,176.53061224489795,20787538.77550992
jid_714037,62567.0,557.0,12,9830,3947430,3947430,3957261,JobState.COMPLETED,1.0,0,0,0,176.53061224489554,176.53061224489795,20823551.020407878
jid_714063,1246.0000000000073,114.0,160,11101,3946209,3946209,3957311,JobState.COMPLETED,0.7916462977026247,0,0,0,151.01791400440706,151.01791400440302,268231978.13806766
jid_714049,41282.0,474.0,8191,8140,3949276,3949276,3957417,JobState.COMPLETED,1.0,0,0,0,176.53061224489696,176.53061224489795,11770132673.46932
jid_713983,43097.0,136.0,2,22,3955879,3957417,3957440,JobState.COMPLETED,1.0,0,0,0,176.53061224489795,176.53061224489795,7767.34693877551
jid_714001,34.0,339.0,1,35,3956116,3957417,3957453,JobState.COMPLETED,1.0,0,0,0,176.53061224489795,176.53061224489795,6178.571428571428
jid_714005,43097.0,136.0,2,56,3956127,3957417,3957474,JobState.COMPLETED,1.0,0,0,0,176.53061224489795,176.53061224489795,19771.428571428572
jid_669628,64955.0,60.0,32,31661,3925831,3925831,3957493,JobState.COMPLETED,0.6462241217594237,0,0,0,133.2111169501404,133.2111169501335,134963109.56026864
jid_714025,15948.999999999996,260.0,1,93,3956987,3957417,3957511,JobState.COMPLETED,1.0,0,0,0,176.53061224489792,176.53061224489795,16417.346938775507
jid_714063,1246.0000000000073,114.0,160,11409,3946204,3946204,3957614,JobState.COMPLETED,0.7822751218666485,0,0,0,149.8704230857096,149.87042308571208,273579465.11757773
jid_714094,1246.0000000000073,114.0,160,11108,3946507,3946507,3957616,JobState.COMPLETED,0.7911459075470935,0,0,0,150.95664174046252,150.9566417404604,268292220.23248923
jid_713936,377.0000000000073,558.0,18,208,3955365,3957417,3957626,JobState.COMPLETED,1.0,0,0,0,176.53061224489795,176.53061224489795,660930.6122448979
jid_714054,15165.0,135.0,3456,21947,3935707,3935707,3957655,JobState.COMPLETED,1.0,0,0,0,176.53061224489988,176.53061224489795,13389640751.020554
jid_714063,1246.0000000000073,114.0,160,11511,3946213,3946213,3957725,JobState.COMPLETED,0.7894437466410004,0,0,0,150.7482138744089,150.7482138744082,277642030.38533133
jid_714094,1246.0000000000073,114.0,160,11215,3946509,3946509,3957725,JobState.COMPLETED,0.7956483426699406,0,0,0,151.50796032692887,151.5079603269315,271865884.01064116
jid_714063,1246.0000000000073,114.0,160,11543,3946210,3946210,3957754,JobState.COMPLETED,0.7853407345314463,0,0,0,150.2458042283376,150.24580422834038,277485970.9132321
jid_714055,62831.0,37.0,1,4401,3953400,3953400,3957802,JobState.COMPLETED,0.528589503994706,0,0,0,118.8068780401669,118.80687804016807,522869.0702547745
jid_714094,1246.0000000000073,114.0,160,11306,3946505,3946505,3957812,JobState.COMPLETED,0.7865643219171908,0,0,0,150.39563125516426,150.39563125516622,272059681.1153419
jid_714094,1246.0000000000073,114.0,160,11348,3946507,3946507,3957856,JobState.COMPLETED,0.7928382681641433,0,0,0,151.16386957112132,151.1638695711196,274465214.70289356
jid_714057,62827.0,37.0,1,4510,3953400,3953400,3957911,JobState.COMPLETED,0.5282565337582918,0,0,0,118.76610617448543,118.76610617448472,535635.1388469293
jid_714063,1246.0000000000073,114.0,160,11754,3946212,3946212,3957967,JobState.COMPLETED,0.7791445757226919,0,0,0,149.48709090482276,149.48709090481944,281131402.63924587
jid_714094,1246.0000000000073,114.0,160,11521,3946506,3946506,3958028,JobState.COMPLETED,0.7887138154476101,0,0,0,150.6588345446089,150.6588345446053,277718469.2461503
jid_714094,1246.0000000000073,114.0,160,11544,3946509,3946509,3958054,JobState.COMPLETED,0.7855668526649117,0,0,0,150.27349216304853,150.2734921630504,277561150.96483713
jid_714066,1246.0000000000073,114.0,160,11089,3946969,3946969,3958059,JobState.COMPLETED,0.7952539506919658,0,0,0,151.4596674316724,151.4596674316693,268725800.3439704
jid_714094,1246.0000000000073,114.0,160,11639,3946509,3946509,3958149,JobState.COMPLETED,0.7858717830230663,0,0,0,150.31083057425116,150.310830574253,279914841.12859344
jid_714066,1246.0000000000073,114.0,160,11278,3946968,3946968,3958247,JobState.COMPLETED,0.787974082581617,0,0,0,150.56825500999156,150.56825500999392,271697404.8004296
jid_714094,1246.0000000000073,114.0,160,11876,3946509,3946509,3958386,JobState.COMPLETED,0.7787359600286237,0,0,0,149.43705633003307,149.43705633003555,283954316.95607567
jid_714066,1246.0000000000073,114.0,160,11460,3946970,3946970,3958431,JobState.COMPLETED,0.7887414842620555,0,0,0,150.66222256270171,150.6622225627007,276254251.29096985
jid_714064,574.0,380.0,32,3538,3954911,3954911,3958450,JobState.COMPLETED,1.0,0,0,0,176.53061224489693,176.53061224489795,19986089.795918252
jid_714066,1246.0000000000073,114.0,160,11576,3946959,3946959,3958536,JobState.COMPLETED,0.7749017559400009,0,0,0,148.9675619518381,148.96756195183684,275911759.5447164
jid_714066,1246.0000000000073,114.0,160,11597,3946970,3946970,3958568,JobState.COMPLETED,0.7834588683664907,0,0,0,150.015371636715,150.01537163671316,278356522.3793574
jid_714072,43097.0,136.0,2,31,3958676,3958676,3958708,JobState.COMPLETED,1.0,0,0,0,176.53061224489795,176.53061224489795,10944.897959183672
jid_714094,1246.0000000000073,114.0,160,12258,3946506,3946506,3958765,JobState.COMPLETED,0.7623004413085118,0,0,0,147.4245438336924,147.4245438336953,289140809.3301443
jid_714075,63929.0,652.0,1,11,3958776,3958776,3958788,JobState.COMPLETED,1.0,0,0,0,176.53061224489795,176.53061224489795,1941.8367346938776
jid_714081,985.0,617.0,4,33,3958821,3958821,3958855,JobState.COMPLETED,1.0,0,0,0,176.53061224489795,176.53061224489795,23302.04081632653
jid_714088,43097.0,136.0,2,27,3958918,3958918,3958946,JobState.COMPLETED,1.0,0,0,0,176.53061224489795,176.53061224489795,9532.65306122449
jid_714066,1246.0000000000073,114.0,160,12062,3946970,3946970,3959033,JobState.COMPLETED,0.7684620339645033,0,0,0,148.17902456708248,148.17902456708202,285973663.0925038
jid_714107,62567.0,557.0,8,11548,3947898,3947898,3959447,JobState.COMPLETED,1.0,0,0,0,176.53061224490182,176.53061224489795,16308604.081633009
jid_714122,62567.0,557.0,8,11732,3947802,3947802,3959535,JobState.COMPLETED,1.0,0,0,0,176.53061224490196,176.53061224489795,16568457.142857518
jid_714125,62567.0,557.0,8,11812,3947802,3947802,3959615,JobState.COMPLETED,1.0,0,0,0,176.53061224490202,176.53061224489795,16681436.734694261
jid_714129,43097.0,136.0,2,26,3959883,3959883,3959910,JobState.COMPLETED,1.0,0,0,0,176.53061224489795,176.53061224489795,9179.591836734693
jid_714071,43097.0,136.0,2,2771,3955872,3957417,3960189,JobState.COMPLETED,1.0,0,0,0,176.53061224489704,176.53061224489795,978332.6530612194
jid_714128,43097.0,136.0,2,3491,3956257,3957417,3960909,JobState.COMPLETED,1.0,0,0,0,176.53061224489693,176.53061224489795,1232536.7346938704
jid_714162,62799.0,375.0,1,35,3961424,3961424,3961460,JobState.COMPLETED,0.6755457553382203,0,0,0,136.80152106182288,136.80152106182288,4788.053237163801
jid_714163,2.0,558.0,12,0,3961463,3961463,3961463,JobState.COMPLETED,1.0,0,0,0,176.53061224489795,176.53061224489795,0.0
jid_714168,985.0,617.0,4,2643,3958830,3958830,3961474,JobState.COMPLETED,1.0,0,0,0,176.53061224489707,176.53061224489795,1866281.6326530518
jid_714177,985.0,617.0,4,3109,3958831,3958831,3961941,JobState.COMPLETED,1.0,0,0,0,176.530612244897,176.53061224489795,2195334.693877539
jid_714180,985.0,617.0,4,3196,3958820,3958820,3962017,JobState.COMPLETED,1.0,0,0,0,176.530612244897,176.53061224489795,2256767.3469387633
jid_714184,985.0,617.0,4,3363,3958820,3958820,3962184,JobState.COMPLETED,1.0,0,0,0,176.53061224489696,176.53061224489795,2374689.795918354
jid_669628,65326.0,60.0,32,36412,3925832,3925832,3962245,JobState.COMPLETED,0.6285851659726257,0,0,0,131.05124481297133,131.05124481297457,152698813.63615718
jid_669628,65356.0,60.0,32,36498,3925832,3925832,3962331,JobState.COMPLETED,0.6287341365479943,0,0,0,131.06948610791304,131.06948610791767,153080771.3269315
jid_714189,105.0,62.0,1536,14171,3948161,3948161,3962333,JobState.COMPLETED,1.0,0,0,0,176.53061224489431,176.53061224489795,3842481110.2040024
jid_714195,62799.0,375.0,1,69,3962821,3962821,3962891,JobState.COMPLETED,0.6583506998239245,0,0,0,134.69600406007237,134.69600406007237,9294.024280144993
jid_669630,65526.0,60.0,32,36918,3926013,3926013,3962932,JobState.COMPLETED,0.6240676237715619,0,0,0,130.4980763801849,130.49807638019124,154167295.48171732
jid_714197,63942.0,346.0,48,6,3963067,3963067,3963074,JobState.COMPLETED,1.0,0,0,0,176.53061224489795,176.53061224489795,50840.81632653061
jid_714257,59250.0,327.0,32,22226,3940943,3940943,3963170,JobState.COMPLETED,0.5686395984865381,0,0,0,123.71097124324605,123.71097124324957,87987201.49927637
jid_714283,60447.0,327.0,32,22218,3940984,3940984,3963203,JobState.COMPLETED,0.5687746284696547,0,0,0,123.72750552689193,123.7275055268965,87967286.96948752
jid_714290,60446.0,327.0,32,22225,3940984,3940984,3963210,JobState.COMPLETED,0.5686306227996111,0,0,0,123.70987217954695,123.7098721795442,87982461.09409378
jid_714304,60457.0,327.0,32,22220,3940999,3940999,3963220,JobState.COMPLETED,0.5686286806511235,0,0,0,123.70963436544912,123.70963436544369,87962498.41920894
jid_714280,60460.0,327.0,32,22240,3940982,3940982,3963223,JobState.COMPLETED,0.5684351294277008,0,0,0,123.68593421563705,123.68593421563683,88024805.66258457
jid_714313,60452.0,327.0,32,22231,3940998,3940998,3963230,JobState.COMPLETED,0.5699722132052722,0,0,0,123.87414855574546,123.87414855574762,88123078.28936888
jid_714310,60454.0,327.0,32,22242,3940992,3940992,3963235,JobState.COMPLETED,0.5699361242615169,0,0,0,123.8697295014069,123.86972950141023,88163536.75424935
jid_714200,108.0,525.0,10,48,3963188,3963188,3963237,JobState.COMPLETED,0.5920635161803944,0,0,0,126.57920606290546,126.57920606290546,60758.01891019462
jid_714316,60456.0,327.0,32,22257,3940983,3940983,3963241,JobState.COMPLETED,0.5698864949536062,0,0,0,123.86365244330248,123.86365244329872,88218665.99777867
jid_714326,60449.0,327.0,32,22255,3940992,3940992,3963248,JobState.COMPLETED,0.5699128266935631,0,0,0,123.86687673799219,123.86687673798733,88213034.93772851
jid_714330,60442.0,327.0,32,22255,3941000,3941000,3963256,JobState.COMPLETED,0.5699012060750449,0,0,0,123.86545380510684,123.86545380510755,88212021.58184488
jid_714331,60455.0,327.0,32,22256,3941000,3941000,3963257,JobState.COMPLETED,0.5698983882855585,0,0,0,123.86510876965687,123.86510876966022,88215739.54487947
jid_714237,60444.0,327.0,32,22346,3940942,3940942,3963289,JobState.COMPLETED,0.5696921381948115,0,0,0,123.83985365650888,123.83985365650753,88554411.83386712
jid_714335,59250.0,327.0,32,22302,3940999,3940999,3963302,JobState.COMPLETED,0.5697901226652912,0,0,0,123.85185175493687,123.85185175493362,88388607.93083526
jid_714282,60446.0,327.0,32,22341,3940962,3940962,3963304,JobState.COMPLETED,0.5696814440723946,0,0,0,123.8385441721249,123.83854417212996,88533661.29118216
jid_714221,62867.0,623.0,15,14652,3949282,3949282,3963935,JobState.COMPLETED,1.0,0,0,0,176.53061224489363,176.53061224489795,38797897.959182724
jid_714226,34809.0,72.0,259,32972,3931386,3931386,3964359,JobState.COMPLETED,1.0,0,0,0,176.53061224490463,176.53061224489795,1507526942.8572
jid_714244,40974.0,158.0,2560,20376,3944821,3944821,3965198,JobState.COMPLETED,0.5229014414412745,0,0,0,118.11038058464942,118.11038058464587,6160939813.869611
jid_714363,62768.0,37.0,1,35,3965852,3965852,3965888,JobState.COMPLETED,0.6178264132593393,0,0,0,129.73384652155175,129.73384652155175,4540.684628254311
jid_714350,62853.0,37.0,1,38,3965850,3965850,3965889,JobState.COMPLETED,0.6170258071116969,0,0,0,129.63581311571798,129.63581311571798,4926.160898397283
jid_714349,62827.0,37.0,1,38,3965850,3965850,3965889,JobState.COMPLETED,0.6178837419275702,0,0,0,129.74086635847797,129.74086635847797,4930.152921622163
jid_714364,62830.0,37.0,1,38,3965851,3965851,3965890,JobState.COMPLETED,0.616509873558879,0,0,0,129.57263757863825,129.57263757863825,4923.760227988254
jid_714369,62826.0,37.0,1,35,3965854,3965854,3965890,JobState.COMPLETED,0.6179561594958434,0,0,0,129.74973381581756,129.74973381581756,4541.240683553615
jid_714378,62830.0,37.0,1,38,3965853,3965853,3965892,JobState.COMPLETED,0.6179796884278432,0,0,0,129.75261490953184,129.75261490953184,4930.59936656221
jid_714373,63953.0,556.0,24,16,3965876,3965876,3965893,JobState.COMPLETED,1.0,0,0,0,176.53061224489795,176.53061224489795,67787.75510204081
jid_714386,62768.0,37.0,1,38,3966224,3966224,3966263,JobState.COMPLETED,0.6164206820859066,0,0,0,129.5617161737845,129.5617161737845,4923.345214603811
jid_714388,62867.0,623.0,15,16837,3949520,3949520,3966358,JobState.COMPLETED,1.0,0,0,0,176.53061224489335,176.53061224489795,44583688.775509045
jid_714389,63955.0,634.0,15,3867,3962573,3962573,3966441,JobState.COMPLETED,0.6183072141204048,0,0,0,129.79272009637714,129.7927200963761,7528626.729190356
jid_714393,63958.0,634.0,15,4276,3962220,3962220,3966497,JobState.COMPLETED,0.6050876957375578,0,0,0,128.17400355970037,128.17400355970096,8221080.588319181
jid_669628,65188.0,60.0,32,40810,3925832,3925832,3966643,JobState.COMPLETED,0.6228344947481405,0,0,0,130.3470809895672,130.3470809895682,170222860.00589558
jid_714400,62799.0,375.0,8,41,3966627,3966627,3966669,JobState.COMPLETED,0.74292461405409,0,0,0,145.0519935576437,145.0519935576437,47577.05388690713
jid_714413,63966.0,634.0,15,4609,3962415,3962415,3967025,JobState.COMPLETED,0.5990240421881382,0,0,0,127.43151536997567,127.43151536997611,8809977.815103268
jid_714426,63972.0,522.0,12,1,3967264,3967264,3967266,JobState.COMPLETED,1.0,0,0,0,176.53061224489795,176.53061224489795,2118.3673469387754
jid_714429,62867.0,623.0,15,18071,3949280,3949280,3967352,JobState.COMPLETED,1.0,0,0,0,176.53061224489323,176.53061224489795,47851270.40816198
jid_714453,63983.0,634.0,15,3877,3964077,3964077,3967955,JobState.COMPLETED,0.615566875190451,0,0,0,129.45716839066662,129.45716839066748,7528581.627759217
jid_714464,62830.0,37.0,1,1944,3966223,3966223,3968168,JobState.COMPLETED,0.5280164288173469,0,0,0,118.73670556947066,118.73670556947106,230824.15562705096
jid_714473,63987.0,634.0,15,4050,3964140,3964140,3968191,JobState.COMPLETED,0.613180070946347,0,0,0,129.16490664649038,129.16490664649146,7846768.07877429
jid_714470,60460.0,327.0,32,22221,3945987,3945987,3968209,JobState.COMPLETED,0.5686430417777729,0,0,0,123.7113928707532,123.71139287074772,87967707.55139223
jid_714471,63986.0,634.0,15,3849,3964360,3964360,3968210,JobState.COMPLETED,0.6156384695733848,0,0,0,129.46593504980308,129.46593504980223,7474715.7601003805
jid_714472,60442.0,327.0,32,22225,3946029,3946029,3968255,JobState.COMPLETED,0.5686320966072399,0,0,0,123.71005264578744,123.71005264578447,87982589.44168402
jid_714484,60456.0,327.0,32,22509,3945918,3945918,3968428,JobState.COMPLETED,0.5693036956496601,0,0,0,123.7922892632209,123.7922892632237,89166100.44882685
jid_714487,60451.0,327.0,32,22286,3946179,3946179,3968466,JobState.COMPLETED,0.5683435982557185,0,0,0,123.67472631702701,123.67472631702674,88198878.42244044
jid_714491,62827.0,37.0,1,2322,3966225,3966225,3968548,JobState.COMPLETED,0.528064318337511,0,0,0,118.74256959234843,118.74256959234829,275720.2465934331
jid_714498,62826.0,37.0,1,2399,3966223,3966223,3968623,JobState.COMPLETED,0.5280580591433653,0,0,0,118.7418031604128,118.74180316041209,284861.5857818303
jid_714499,62831.0,37.0,1,2429,3966224,3966224,3968654,JobState.COMPLETED,0.5276039756804126,0,0,0,118.68620110372368,118.686201103724,288288.7824809448
jid_714529,63906.0,507.0,144,23464,3945715,3945715,3969180,JobState.COMPLETED,0.6313935356160251,0,0,0,131.39512681012656,131.39512681012553,443959956.78808457
jid_714517,62826.0,37.0,1,2986,3966221,3966221,3969208,JobState.COMPLETED,0.5282577846617004,0,0,0,118.76625934633125,118.76625934633067,354636.0504081451
jid_714518,108.0,174.0,48,23609,3945599,3945599,3969209,JobState.COMPLETED,1.0,0,0,0,176.53061224489326,176.53061224489795,200050138.7755049
jid_714546,108.0,525.0,10,89,3970194,3970194,3970284,JobState.COMPLETED,0.5855327363211509,0,0,0,125.77951873320214,125.77951873320214,111943.7716725499
jid_714552,62830.0,37.0,1,4171,3966221,3966221,3970393,JobState.COMPLETED,0.5289987603095361,0,0,0,118.85699105831014,118.85699105831054,495752.5097042116
jid_714554,62827.0,37.0,1,4174,3966221,3966221,3970396,JobState.COMPLETED,0.5290001717378875,0,0,0,118.857163886271,118.85716388627193,496109.80206129514
jid_714558,36786.0,191.0,8,22236,3948292,3948292,3970529,JobState.COMPLETED,1.0,0,0,0,176.53061224490622,176.53061224489795,31402677.551021878
jid_714562,36786.0,191.0,8,22206,3948334,3948334,3970541,JobState.COMPLETED,1.0,0,0,0,176.53061224490622,176.53061224489795,31360310.2040831
jid_714567,36786.0,191.0,8,22244,3948335,3948335,3970580,JobState.COMPLETED,1.0,0,0,0,176.53061224490625,176.53061224489795,31413975.510205556
jid_714570,36786.0,191.0,8,22288,3948316,3948316,3970605,JobState.COMPLETED,1.0,0,0,0,176.53061224490625,176.53061224489795,31476114.285715763
jid_714580,36786.0,191.0,8,22464,3948222,3948222,3970687,JobState.COMPLETED,1.0,0,0,0,176.53061224490628,176.53061224489795,31724669.387756597
jid_714585,36786.0,191.0,8,22455,3948251,3948251,3970707,JobState.COMPLETED,1.0,0,0,0,176.53061224490628,176.53061224489795,31711959.183674965
jid_714592,36786.0,191.0,8,22415,3948303,3948303,3970719,JobState.COMPLETED,1.0,0,0,0,176.53061224490628,176.53061224489795,31655469.387756594
jid_714593,36786.0,191.0,8,22440,3948280,3948280,3970721,JobState.COMPLETED,1.0,0,0,0,176.53061224490628,176.53061224489795,31690775.510205574
jid_714596,36786.0,191.0,8,22516,3948221,3948221,3970738,JobState.COMPLETED,1.0,0,0,0,176.5306122449063,176.53061224489795,31798106.122450482
jid_714605,36786.0,191.0,8,22449,3948319,3948319,3970769,JobState.COMPLETED,1.0,0,0,0,176.53061224490628,176.53061224489795,31703485.71428721
jid_714608,36786.0,191.0,8,22474,3948299,3948299,3970774,JobState.COMPLETED,1.0,0,0,0,176.53061224490628,176.53061224489795,31738791.83673619
jid_714612,36786.0,191.0,8,22564,3948234,3948234,3970799,JobState.COMPLETED,1.0,0,0,0,176.5306122449063,176.53061224489795,31865893.877552528
jid_714615,36786.0,191.0,8,22546,3948274,3948274,3970821,JobState.COMPLETED,1.0,0,0,0,176.5306122449063,176.53061224489795,31840473.46938926
jid_714614,36786.0,191.0,8,22562,3948259,3948259,3970822,JobState.COMPLETED,1.0,0,0,0,176.5306122449063,176.53061224489795,31863069.38775661
jid_714616,36786.0,191.0,8,22599,3948226,3948226,3970826,JobState.COMPLETED,1.0,0,0,0,176.5306122449063,176.53061224489795,31915322.448981103
jid_714630,36786.0,191.0,8,22665,3948219,3948219,3970885,JobState.COMPLETED,1.0,0,0,0,176.53061224490634,176.53061224489795,32008530.612246417
jid_714634,36786.0,191.0,8,22637,3948257,3948257,3970895,JobState.COMPLETED,1.0,0,0,0,176.5306122449063,176.53061224489795,31968987.755103555
jid_714641,36786.0,191.0,8,22660,3948252,3948252,3970913,JobState.COMPLETED,1.0,0,0,0,176.53061224490634,176.53061224489795,32001469.38775662
jid_714647,36786.0,191.0,8,22651,3948264,3948264,3970916,JobState.COMPLETED,1.0,0,0,0,176.53061224490634,176.53061224489795,31988759.183674987
jid_714648,36786.0,191.0,8,22654,3948285,3948285,3970940,JobState.COMPLETED,1.0,0,0,0,176.53061224490634,176.53061224489795,31992995.918368865
jid_714651,36786.0,191.0,8,22677,3948283,3948283,3970961,JobState.COMPLETED,1.0,0,0,0,176.53061224490634,176.53061224489795,32025477.551021926
jid_714653,36786.0,191.0,8,22747,3948227,3948227,3970975,JobState.COMPLETED,1.0,0,0,0,176.53061224490634,176.53061224489795,32124334.693879075
jid_714657,36786.0,191.0,8,22727,3948277,3948277,3971005,JobState.COMPLETED,1.0,0,0,0,176.53061224490634,176.53061224489795,32096089.79591989
jid_714661,36786.0,191.0,8,22783,3948246,3948246,3971030,JobState.COMPLETED,1.0,0,0,0,176.53061224490637,176.53061224489795,32175175.510205615
jid_714664,36786.0,191.0,8,22724,3948309,3948309,3971034,JobState.COMPLETED,1.0,0,0,0,176.53061224490634,176.53061224489795,32091853.061226014
jid_714674,36786.0,191.0,8,22957,3948262,3948262,3971220,JobState.COMPLETED,1.0,0,0,0,176.5306122449064,176.53061224489795,32420906.122450527
jid_714678,36786.0,191.0,8,22359,3948892,3948892,3971252,JobState.COMPLETED,1.0,0,0,0,176.53061224490625,176.53061224489795,31576383.67347087
jid_714694,36786.0,191.0,8,22483,3948924,3948924,3971408,JobState.COMPLETED,1.0,0,0,0,176.53061224490628,176.53061224489795,31751502.040817823
jid_714699,36786.0,191.0,8,22489,3948943,3948943,3971433,JobState.COMPLETED,1.0,0,0,0,176.53061224490628,176.53061224489795,31759975.510205578
jid_714702,36786.0,191.0,8,22459,3948982,3948982,3971442,JobState.COMPLETED,1.0,0,0,0,176.53061224490628,176.53061224489795,31717608.1632668
jid_714708,36786.0,191.0,8,22491,3948972,3948972,3971464,JobState.COMPLETED,1.0,0,0,0,176.53061224490628,176.53061224489795,31762800.000001498
jid_714709,36786.0,191.0,8,22549,3948917,3948917,3971467,JobState.COMPLETED,1.0,0,0,0,176.5306122449063,176.53061224489795,31844710.204083137
jid_714715,36786.0,191.0,8,22567,3948934,3948934,3971502,JobState.COMPLETED,1.0,0,0,0,176.5306122449063,176.53061224489795,31870130.612246405
jid_714726,105.0,62.0,6911,131,3971393,3971393,3971525,JobState.COMPLETED,1.0,0,0,0,176.53061224489798,176.53061224489795,159820401.02040818
jid_714722,36786.0,191.0,8,22564,3948971,3948971,3971536,JobState.COMPLETED,1.0,0,0,0,176.5306122449063,176.53061224489795,31865893.877552528
jid_714729,36786.0,191.0,8,22607,3948949,3948949,3971557,JobState.COMPLETED,1.0,0,0,0,176.5306122449063,176.53061224489795,31926620.408164777
jid_714732,36786.0,191.0,8,22626,3948941,3948941,3971568,JobState.COMPLETED,1.0,0,0,0,176.5306122449063,176.53061224489795,31953453.061226003
jid_714735,36786.0,191.0,8,22638,3948938,3948938,3971577,JobState.COMPLETED,1.0,0,0,0,176.5306122449063,176.53061224489795,31970400.000001512
jid_714740,36786.0,191.0,8,22651,3948950,3948950,3971602,JobState.COMPLETED,1.0,0,0,0,176.53061224490634,176.53061224489795,31988759.183674987
jid_714741,36786.0,191.0,8,22650,3948953,3948953,3971604,JobState.COMPLETED,1.0,0,0,0,176.53061224490634,176.53061224489795,31987346.93877703
jid_714748,36786.0,191.0,8,22738,3948909,3948909,3971648,JobState.COMPLETED,1.0,0,0,0,176.53061224490634,176.53061224489795,32111624.489797443
jid_714754,36786.0,191.0,8,22757,3948930,3948930,3971688,JobState.COMPLETED,1.0,0,0,0,176.53061224490634,176.53061224489795,32138457.14285867
jid_714759,36786.0,191.0,8,22775,3948969,3948969,3971745,JobState.COMPLETED,1.0,0,0,0,176.53061224490634,176.53061224489795,32163877.551021934
jid_714770,108.0,525.0,10,58,3972520,3972520,3972579,JobState.COMPLETED,0.5525810740998557,0,0,0,121.74462131834969,121.74462131834969,70611.88036464283
jid_714792,108.0,525.0,10,51,3972579,3972579,3972631,JobState.COMPLETED,0.6050331317601225,0,0,0,128.16732225634152,128.16732225634155,65365.33435073418
jid_714801,108.0,525.0,10,54,3972578,3972578,3972633,JobState.COMPLETED,0.5865129536115751,0,0,0,125.89954534019287,125.89954534019287,67985.75448370415
jid_714778,108.0,525.0,10,52,3972580,3972580,3972633,JobState.COMPLETED,0.603309809555517,0,0,0,127.95630321087965,127.95630321087965,66537.27766965743
jid_714833,108.0,525.0,10,52,3972580,3972580,3972633,JobState.COMPLETED,0.6314750779089336,0,0,0,131.40511158068577,131.40511158068577,68330.6580219566
jid_714773,108.0,525.0,10,51,3972581,3972581,3972633,JobState.COMPLETED,0.5820417484147288,0,0,0,125.3520508262933,125.35205082629332,63929.54592140958
jid_714775,108.0,525.0,10,52,3972581,3972581,3972634,JobState.COMPLETED,0.5796504503931689,0,0,0,125.05923882365332,125.05923882365332,65030.80418829973
jid_714785,108.0,525.0,10,52,3972581,3972581,3972634,JobState.COMPLETED,0.5861079601806953,0,0,0,125.84995430784022,125.84995430784025,65441.97624007691
jid_714777,108.0,525.0,10,53,3972581,3972581,3972635,JobState.COMPLETED,0.5861884570864073,0,0,0,125.85981107180498,125.85981107180498,66705.69986805665
jid_714790,108.0,525.0,10,53,3972581,3972581,3972635,JobState.COMPLETED,0.5974258088205079,0,0,0,127.23581332496015,127.23581332496015,67434.98106222888
jid_714787,108.0,525.0,10,52,3972584,3972584,3972637,JobState.COMPLETED,0.6027057339263661,0,0,0,127.88233476649381,127.88233476649381,66498.81407857678
jid_714798,108.0,525.0,10,52,3972584,3972584,3972637,JobState.COMPLETED,0.5885369991985206,0,0,0,126.14738765696168,126.1473876569617,65596.64158162008
jid_714803,108.0,525.0,10,57,3972580,3972580,3972638,JobState.COMPLETED,0.5551810054753357,0,0,0,122.06298026228599,122.062980262286,69575.89874950302
jid_714815,108.0,525.0,10,65,3972578,3972578,3972644,JobState.COMPLETED,0.5808622895283858,0,0,0,125.20762728919014,125.20762728919013,81384.95773797359
jid_714808,108.0,525.0,10,60,3972583,3972583,3972644,JobState.COMPLETED,0.5518355370988849,0,0,0,121.65333107333284,121.65333107333285,72991.9986439997
jid_714824,108.0,525.0,10,68,3972581,3972581,3972650,JobState.COMPLETED,0.5528759017427357,0,0,0,121.7807226623758,121.78072266237582,82810.89141041553
jid_714813,108.0,525.0,10,64,3972585,3972585,3972650,JobState.COMPLETED,0.5596455308693965,0,0,0,122.60965684115061,122.60965684115061,78470.18037833639
jid_714818,108.0,525.0,10,68,3972582,3972582,3972651,JobState.COMPLETED,0.5407487221046623,0,0,0,120.29576189036682,120.29576189036679,81801.11808544943
jid_714819,108.0,525.0,10,66,3972585,3972585,3972652,JobState.COMPLETED,0.5438964569415429,0,0,0,120.68119880916854,120.68119880916852,79649.59121405124
jid_714827,108.0,525.0,10,66,3972585,3972585,3972652,JobState.COMPLETED,0.5518241518810614,0,0,0,121.65193696502793,121.65193696502793,80290.27839691842
jid_714865,64010.0,37.0,1,49,3973323,3973323,3973373,JobState.COMPLETED,0.6140764376933228,0,0,0,129.2746658399987,129.2746658399987,6334.458626159936
jid_714849,9227.0,194.0,216,24084,3949383,3949383,3973468,JobState.COMPLETED,1.0,0,0,0,176.5306122449022,176.53061224489795,918337665.3061444
jid_714879,108.0,525.0,10,66,3974094,3974094,3974161,JobState.COMPLETED,0.5382046701121298,0,0,0,119.98424531985263,119.98424531985263,79189.60191110274
jid_714895,64016.0,63.0,1,6,3975139,3975139,3975146,JobState.COMPLETED,1.0,0,0,0,176.53061224489795,176.53061224489795,1059.1836734693877
jid_715275,64394.0,63.0,1,12,3975134,3975134,3975147,JobState.COMPLETED,1.0,0,0,0,176.53061224489795,176.53061224489795,2118.3673469387754
jid_714897,64018.0,63.0,1,7,3975140,3975140,3975148,JobState.COMPLETED,1.0,0,0,0,176.53061224489795,176.53061224489795,1235.7142857142858
jid_715251,64370.0,63.0,1,6,3975141,3975141,3975148,JobState.COMPLETED,1.0,0,0,0,176.53061224489795,176.53061224489795,1059.1836734693877
jid_714908,64029.0,63.0,1,9,3975140,3975140,3975150,JobState.COMPLETED,1.0,0,0,0,176.53061224489795,176.53061224489795,1588.7755102040815
jid_715311,64429.0,63.0,1,7,3975142,3975142,3975150,JobState.COMPLETED,1.0,0,0,0,176.53061224489795,176.53061224489795,1235.7142857142858
jid_714920,64041.0,63.0,1,9,3975143,3975143,3975153,JobState.COMPLETED,1.0,0,0,0,176.53061224489795,176.53061224489795,1588.7755102040815
jid_714917,64038.0,63.0,1,16,3975137,3975137,3975154,JobState.COMPLETED,1.0,0,0,0,176.53061224489795,176.53061224489795,2824.4897959183672
jid_714927,64047.0,63.0,1,10,3975143,3975143,3975154,JobState.COMPLETED,1.0,0,0,0,176.53061224489795,176.53061224489795,1765.3061224489795
jid_715293,64411.0,63.0,1,6,3975148,3975148,3975155,JobState.COMPLETED,1.0,0,0,0,176.53061224489795,176.53061224489795,1059.1836734693877
jid_714943,64062.0,63.0,1,19,3975136,3975136,3975156,JobState.COMPLETED,1.0,0,0,0,176.53061224489795,176.53061224489795,3354.081632653061
jid_714928,64048.0,63.0,1,10,3975146,3975146,3975157,JobState.COMPLETED,1.0,0,0,0,176.53061224489795,176.53061224489795,1765.3061224489795
jid_714955,64074.0,63.0,1,6,3975151,3975151,3975158,JobState.COMPLETED,1.0,0,0,0,176.53061224489795,176.53061224489795,1059.1836734693877
jid_714951,64070.0,63.0,1,7,3975152,3975152,3975160,JobState.COMPLETED,1.0,0,0,0,176.53061224489795,176.53061224489795,1235.7142857142858
jid_714966,64085.0,63.0,1,12,3975149,3975149,3975162,JobState.COMPLETED,1.0,0,0,0,176.53061224489795,176.53061224489795,2118.3673469387754
jid_714997,64116.0,63.0,1,12,3975150,3975150,3975163,JobState.COMPLETED,1.0,0,0,0,176.53061224489795,176.53061224489795,2118.3673469387754
jid_714967,64086.0,63.0,1,12,3975150,3975150,3975163,JobState.COMPLETED,1.0,0,0,0,176.53061224489795,176.53061224489795,2118.3673469387754
jid_714978,64097.0,63.0,1,14,3975149,3975149,3975164,JobState.COMPLETED,1.0,0,0,0,176.53061224489795,176.53061224489795,2471.4285714285716
jid_714998,64117.0,63.0,1,11,3975152,3975152,3975164,JobState.COMPLETED,1.0,0,0,0,176.53061224489795,176.53061224489795,1941.8367346938776
jid_714982,64101.0,63.0,1,24,3975140,3975140,3975165,JobState.COMPLETED,1.0,0,0,0,176.53061224489795,176.53061224489795,4236.734693877551
jid_714986,64105.0,63.0,1,10,3975155,3975155,3975166,JobState.COMPLETED,1.0,0,0,0,176.53061224489795,176.53061224489795,1765.3061224489795
jid_715000,64119.0,63.0,1,7,3975158,3975158,3975166,JobState.COMPLETED,1.0,0,0,0,176.53061224489795,176.53061224489795,1235.7142857142858
jid_714987,64106.0,63.0,1,16,3975150,3975150,3975167,JobState.COMPLETED,1.0,0,0,0,176.53061224489795,176.53061224489795,2824.4897959183672
jid_714984,64103.0,63.0,1,13,3975154,3975154,3975168,JobState.COMPLETED,1.0,0,0,0,176.53061224489795,176.53061224489795,2294.8979591836733
jid_715018,64137.0,63.0,1,15,3975153,3975153,3975169,JobState.COMPLETED,1.0,0,0,0,176.53061224489795,176.53061224489795,2647.9591836734694
jid_715040,64159.0,63.0,1,12,3975156,3975156,3975169,JobState.COMPLETED,1.0,0,0,0,176.53061224489795,176.53061224489795,2118.3673469387754
jid_715007,64126.0,63.0,1,9,3975159,3975159,3975169,JobState.COMPLETED,1.0,0,0,0,176.53061224489795,176.53061224489795,1588.7755102040815
jid_715014,64133.0,63.0,1,9,3975159,3975159,3975169,JobState.COMPLETED,1.0,0,0,0,176.53061224489795,176.53061224489795,1588.7755102040815
jid_715019,64138.0,63.0,1,6,3975162,3975162,3975169,JobState.COMPLETED,1.0,0,0,0,176.53061224489795,176.53061224489795,1059.1836734693877
jid_715006,64125.0,63.0,1,17,3975152,3975152,3975170,JobState.COMPLETED,1.0,0,0,0,176.53061224489795,176.53061224489795,3001.020408163265
jid_715045,64164.0,63.0,1,10,3975160,3975160,3975171,JobState.COMPLETED,1.0,0,0,0,176.53061224489795,176.53061224489795,1765.3061224489795
jid_715065,64184.0,63.0,1,8,3975162,3975162,3975171,JobState.COMPLETED,1.0,0,0,0,176.53061224489795,176.53061224489795,1412.2448979591836
jid_715024,64143.0,63.0,1,7,3975163,3975163,3975171,JobState.COMPLETED,1.0,0,0,0,176.53061224489795,176.53061224489795,1235.7142857142858
jid_715035,64154.0,63.0,1,24,3975148,3975148,3975173,JobState.COMPLETED,1.0,0,0,0,176.53061224489795,176.53061224489795,4236.734693877551
jid_715011,64130.0,63.0,1,12,3975160,3975160,3975173,JobState.COMPLETED,1.0,0,0,0,176.53061224489795,176.53061224489795,2118.3673469387754
jid_715031,64150.0,63.0,1,9,3975166,3975166,3975176,JobState.COMPLETED,1.0,0,0,0,176.53061224489795,176.53061224489795,1588.7755102040815
jid_715055,64174.0,63.0,1,9,3975167,3975167,3975177,JobState.COMPLETED,1.0,0,0,0,176.53061224489795,176.53061224489795,1588.7755102040815
jid_715485,64603.0,63.0,1,12,3975165,3975165,3975178,JobState.COMPLETED,1.0,0,0,0,176.53061224489795,176.53061224489795,2118.3673469387754
jid_715052,64171.0,63.0,1,6,3975171,3975171,3975178,JobState.COMPLETED,1.0,0,0,0,176.53061224489795,176.53061224489795,1059.1836734693877
jid_715069,64188.0,63.0,1,26,3975153,3975153,3975180,JobState.COMPLETED,1.0,0,0,0,176.53061224489795,176.53061224489795,4589.7959183673465
jid_715092,64211.0,63.0,1,16,3975163,3975163,3975180,JobState.COMPLETED,1.0,0,0,0,176.53061224489795,176.53061224489795,2824.4897959183672
jid_715487,64605.0,63.0,1,12,3975167,3975167,3975180,JobState.COMPLETED,1.0,0,0,0,176.53061224489795,176.53061224489795,2118.3673469387754
jid_715082,64201.0,63.0,1,8,3975172,3975172,3975181,JobState.COMPLETED,1.0,0,0,0,176.53061224489795,176.53061224489795,1412.2448979591836
jid_715153,64272.0,63.0,1,25,3975156,3975156,3975182,JobState.COMPLETED,1.0,0,0,0,176.53061224489795,176.53061224489795,4413.265306122449
jid_715072,64191.0,63.0,1,12,3975169,3975169,3975182,JobState.COMPLETED,1.0,0,0,0,176.53061224489795,176.53061224489795,2118.3673469387754
jid_715080,64199.0,63.0,1,7,3975174,3975174,3975182,JobState.COMPLETED,1.0,0,0,0,176.53061224489795,176.53061224489795,1235.7142857142858
jid_715087,64206.0,63.0,1,20,3975164,3975164,3975185,JobState.COMPLETED,1.0,0,0,0,176.53061224489795,176.53061224489795,3530.612244897959
jid_715492,64610.0,63.0,1,7,3975181,3975181,3975189,JobState.COMPLETED,1.0,0,0,0,176.53061224489795,176.53061224489795,1235.7142857142858
jid_715132,64251.0,63.0,1,11,3975180,3975180,3975192,JobState.COMPLETED,1.0,0,0,0,176.53061224489795,176.53061224489795,1941.8367346938776
jid_715494,64612.0,63.0,1,14,3975178,3975178,3975193,JobState.COMPLETED,1.0,0,0,0,176.53061224489795,176.53061224489795,2471.4285714285716
jid_715473,64591.0,63.0,1,5,3975187,3975187,3975193,JobState.COMPLETED,1.0,0,0,0,176.53061224489795,176.53061224489795,882.6530612244898
jid_715146,64265.0,63.0,1,16,3975178,3975178,3975195,JobState.COMPLETED,1.0,0,0,0,176.53061224489795,176.53061224489795,2824.4897959183672
jid_715154,64273.0,63.0,1,6,3975190,3975190,3975197,JobState.COMPLETED,1.0,0,0,0,176.53061224489795,176.53061224489795,1059.1836734693877
jid_715163,64282.0,63.0,1,7,3975191,3975191,3975199,JobState.COMPLETED,1.0,0,0,0,176.53061224489795,176.53061224489795,1235.7142857142858
jid_715453,64571.0,63.0,1,6,3975192,3975192,3975199,JobState.COMPLETED,1.0,0,0,0,176.53061224489795,176.53061224489795,1059.1836734693877
jid_715168,64287.0,63.0,1,24,3975175,3975175,3975200,JobState.COMPLETED,1.0,0,0,0,176.53061224489795,176.53061224489795,4236.734693877551
jid_715164,64283.0,63.0,1,12,3975189,3975189,3975202,JobState.COMPLETED,1.0,0,0,0,176.53061224489795,176.53061224489795,2118.3673469387754
jid_715190,64309.0,63.0,1,10,3975192,3975192,3975203,JobState.COMPLETED,1.0,0,0,0,176.53061224489795,176.53061224489795,1765.3061224489795
jid_715193,64312.0,63.0,1,22,3975183,3975183,3975206,JobState.COMPLETED,1.0,0,0,0,176.53061224489795,176.53061224489795,3883.673469387755
jid_715200,64319.0,63.0,1,5,3975201,3975201,3975207,JobState.COMPLETED,1.0,0,0,0,176.53061224489795,176.53061224489795,882.6530612244898
jid_715198,64317.0,63.0,1,13,3975194,3975194,3975208,JobState.COMPLETED,1.0,0,0,0,176.53061224489795,176.53061224489795,2294.8979591836733
jid_715195,64314.0,63.0,1,9,3975199,3975199,3975209,JobState.COMPLETED,1.0,0,0,0,176.53061224489795,176.53061224489795,1588.7755102040815
jid_715216,64335.0,63.0,1,7,3975202,3975202,3975210,JobState.COMPLETED,1.0,0,0,0,176.53061224489795,176.53061224489795,1235.7142857142858
jid_715212,64331.0,63.0,1,8,3975202,3975202,3975211,JobState.COMPLETED,1.0,0,0,0,176.53061224489795,176.53061224489795,1412.2448979591836
jid_715261,64380.0,63.0,1,8,3975203,3975203,3975212,JobState.COMPLETED,1.0,0,0,0,176.53061224489795,176.53061224489795,1412.2448979591836
jid_715210,64329.0,63.0,1,6,3975205,3975205,3975212,JobState.COMPLETED,1.0,0,0,0,176.53061224489795,176.53061224489795,1059.1836734693877
jid_715231,64350.0,63.0,1,13,3975200,3975200,3975214,JobState.COMPLETED,1.0,0,0,0,176.53061224489795,176.53061224489795,2294.8979591836733
jid_715213,64332.0,63.0,1,14,3975200,3975200,3975215,JobState.COMPLETED,1.0,0,0,0,176.53061224489795,176.53061224489795,2471.4285714285716
jid_715233,64352.0,63.0,1,10,3975204,3975204,3975215,JobState.COMPLETED,1.0,0,0,0,176.53061224489795,176.53061224489795,1765.3061224489795
jid_715230,64349.0,63.0,1,15,3975200,3975200,3975216,JobState.COMPLETED,1.0,0,0,0,176.53061224489795,176.53061224489795,2647.9591836734694
jid_715239,64358.0,63.0,1,10,3975206,3975206,3975217,JobState.COMPLETED,1.0,0,0,0,176.53061224489795,176.53061224489795,1765.3061224489795
jid_715442,64560.0,63.0,1,6,3975210,3975210,3975217,JobState.COMPLETED,1.0,0,0,0,176.53061224489795,176.53061224489795,1059.1836734693877
jid_715227,64346.0,63.0,1,21,3975196,3975196,3975218,JobState.COMPLETED,1.0,0,0,0,176.53061224489795,176.53061224489795,3707.142857142857
jid_715240,64359.0,63.0,1,10,3975207,3975207,3975218,JobState.COMPLETED,1.0,0,0,0,176.53061224489795,176.53061224489795,1765.3061224489795
jid_715244,64363.0,63.0,1,6,3975211,3975211,3975218,JobState.COMPLETED,1.0,0,0,0,176.53061224489795,176.53061224489795,1059.1836734693877
jid_715483,64601.0,63.0,1,12,3975209,3975209,3975222,JobState.COMPLETED,1.0,0,0,0,176.53061224489795,176.53061224489795,2118.3673469387754
jid_715263,64382.0,63.0,1,12,3975210,3975210,3975223,JobState.COMPLETED,1.0,0,0,0,176.53061224489795,176.53061224489795,2118.3673469387754
jid_715265,64384.0,63.0,1,17,3975209,3975209,3975227,JobState.COMPLETED,1.0,0,0,0,176.53061224489795,176.53061224489795,3001.020408163265
jid_715467,64585.0,63.0,1,13,3975213,3975213,3975227,JobState.COMPLETED,1.0,0,0,0,176.53061224489795,176.53061224489795,2294.8979591836733
jid_715267,64386.0,63.0,1,11,3975215,3975215,3975227,JobState.COMPLETED,1.0,0,0,0,176.53061224489795,176.53061224489795,1941.8367346938776
jid_715279,64397.0,63.0,1,17,3975210,3975210,3975228,JobState.COMPLETED,1.0,0,0,0,176.53061224489795,176.53061224489795,3001.020408163265
jid_715272,64391.0,63.0,1,9,3975218,3975218,3975228,JobState.COMPLETED,1.0,0,0,0,176.53061224489795,176.53061224489795,1588.7755102040815
jid_715284,64402.0,63.0,1,9,3975219,3975219,3975229,JobState.COMPLETED,1.0,0,0,0,176.53061224489795,176.53061224489795,1588.7755102040815
jid_715283,64401.0,63.0,1,6,3975223,3975223,3975230,JobState.COMPLETED,1.0,0,0,0,176.53061224489795,176.53061224489795,1059.1836734693877
jid_715305,64423.0,63.0,1,18,3975214,3975214,3975233,JobState.COMPLETED,1.0,0,0,0,176.53061224489795,176.53061224489795,3177.551020408163
jid_715288,64406.0,63.0,1,15,3975217,3975217,3975233,JobState.COMPLETED,1.0,0,0,0,176.53061224489795,176.53061224489795,2647.9591836734694
jid_715307,64425.0,63.0,1,6,3975227,3975227,3975234,JobState.COMPLETED,1.0,0,0,0,176.53061224489795,176.53061224489795,1059.1836734693877
jid_715490,64608.0,63.0,1,10,3975225,3975225,3975236,JobState.COMPLETED,1.0,0,0,0,176.53061224489795,176.53061224489795,1765.3061224489795
jid_715318,64436.0,63.0,1,10,3975226,3975226,3975237,JobState.COMPLETED,1.0,0,0,0,176.53061224489795,176.53061224489795,1765.3061224489795
jid_715325,64443.0,63.0,1,6,3975230,3975230,3975237,JobState.COMPLETED,1.0,0,0,0,176.53061224489795,176.53061224489795,1059.1836734693877
jid_715342,64460.0,63.0,1,6,3975230,3975230,3975237,JobState.COMPLETED,1.0,0,0,0,176.53061224489795,176.53061224489795,1059.1836734693877
jid_715334,64452.0,63.0,1,14,3975224,3975224,3975239,JobState.COMPLETED,1.0,0,0,0,176.53061224489795,176.53061224489795,2471.4285714285716
jid_715321,64439.0,63.0,1,6,3975232,3975232,3975239,JobState.COMPLETED,1.0,0,0,0,176.53061224489795,176.53061224489795,1059.1836734693877
jid_715426,64544.0,63.0,1,13,3975226,3975226,3975240,JobState.COMPLETED,1.0,0,0,0,176.53061224489795,176.53061224489795,2294.8979591836733
jid_715443,64561.0,63.0,1,14,3975226,3975226,3975241,JobState.COMPLETED,1.0,0,0,0,176.53061224489795,176.53061224489795,2471.4285714285716
jid_715333,64451.0,63.0,1,8,3975233,3975233,3975242,JobState.COMPLETED,1.0,0,0,0,176.53061224489795,176.53061224489795,1412.2448979591836
jid_715360,64478.0,63.0,1,16,3975227,3975227,3975244,JobState.COMPLETED,1.0,0,0,0,176.53061224489795,176.53061224489795,2824.4897959183672
jid_715343,64461.0,63.0,1,8,3975235,3975235,3975244,JobState.COMPLETED,1.0,0,0,0,176.53061224489795,176.53061224489795,1412.2448979591836
jid_715355,64473.0,63.0,1,6,3975237,3975237,3975244,JobState.COMPLETED,1.0,0,0,0,176.53061224489795,176.53061224489795,1059.1836734693877
jid_715352,64470.0,63.0,1,22,3975222,3975222,3975245,JobState.COMPLETED,1.0,0,0,0,176.53061224489795,176.53061224489795,3883.673469387755
jid_715366,64484.0,63.0,1,6,3975240,3975240,3975247,JobState.COMPLETED,1.0,0,0,0,176.53061224489795,176.53061224489795,1059.1836734693877
jid_715361,64479.0,63.0,1,6,3975240,3975240,3975247,JobState.COMPLETED,1.0,0,0,0,176.53061224489795,176.53061224489795,1059.1836734693877
jid_715373,64491.0,63.0,1,5,3975241,3975241,3975247,JobState.COMPLETED,1.0,0,0,0,176.53061224489795,176.53061224489795,882.6530612244898
jid_715372,64490.0,63.0,1,7,3975240,3975240,3975248,JobState.COMPLETED,1.0,0,0,0,176.53061224489795,176.53061224489795,1235.7142857142858
jid_715375,64493.0,63.0,1,6,3975243,3975243,3975250,JobState.COMPLETED,1.0,0,0,0,176.53061224489795,176.53061224489795,1059.1836734693877
jid_715503,64621.0,63.0,1,6,3975243,3975243,3975250,JobState.COMPLETED,1.0,0,0,0,176.53061224489795,176.53061224489795,1059.1836734693877
jid_715397,64515.0,63.0,1,17,3975237,3975237,3975255,JobState.COMPLETED,1.0,0,0,0,176.53061224489795,176.53061224489795,3001.020408163265
jid_715413,64531.0,63.0,1,6,3975249,3975249,3975256,JobState.COMPLETED,1.0,0,0,0,176.53061224489795,176.53061224489795,1059.1836734693877
jid_715421,64539.0,63.0,1,12,3975244,3975244,3975257,JobState.COMPLETED,1.0,0,0,0,176.53061224489795,176.53061224489795,2118.3673469387754
jid_715410,64528.0,63.0,1,16,3975241,3975241,3975258,JobState.COMPLETED,1.0,0,0,0,176.53061224489795,176.53061224489795,2824.4897959183672
jid_715449,64567.0,63.0,1,21,3975239,3975239,3975261,JobState.COMPLETED,1.0,0,0,0,176.53061224489795,176.53061224489795,3707.142857142857
jid_715437,64555.0,63.0,1,6,3975255,3975255,3975262,JobState.COMPLETED,1.0,0,0,0,176.53061224489795,176.53061224489795,1059.1836734693877
jid_715436,64554.0,63.0,1,5,3975257,3975257,3975263,JobState.COMPLETED,1.0,0,0,0,176.53061224489795,176.53061224489795,882.6530612244898
jid_715481,64599.0,63.0,1,6,3975258,3975258,3975265,JobState.COMPLETED,1.0,0,0,0,176.53061224489795,176.53061224489795,1059.1836734693877
jid_715468,64586.0,63.0,1,12,3975258,3975258,3975271,JobState.COMPLETED,1.0,0,0,0,176.53061224489795,176.53061224489795,2118.3673469387754
jid_715472,64590.0,63.0,1,24,3975247,3975247,3975272,JobState.COMPLETED,1.0,0,0,0,176.53061224489795,176.53061224489795,4236.734693877551
jid_715471,64589.0,63.0,1,22,3975252,3975252,3975275,JobState.COMPLETED,1.0,0,0,0,176.53061224489795,176.53061224489795,3883.673469387755
jid_715514,64631.0,63.0,1,23,3975252,3975252,3975276,JobState.COMPLETED,1.0,0,0,0,176.53061224489795,176.53061224489795,4060.204081632653
jid_715480,64598.0,63.0,1,29,3975254,3975254,3975284,JobState.COMPLETED,1.0,0,0,0,176.53061224489795,176.53061224489795,5119.3877551020405
jid_715523,64065.0,63.0,1,7,3975562,3975562,3975570,JobState.COMPLETED,1.0,0,0,0,176.53061224489795,176.53061224489795,1235.7142857142858
jid_715525,64046.0,63.0,1,10,3975569,3975569,3975580,JobState.COMPLETED,1.0,0,0,0,176.53061224489795,176.53061224489795,1765.3061224489795
jid_715838,64388.0,63.0,1,15,3975590,3975590,3975606,JobState.COMPLETED,1.0,0,0,0,176.53061224489795,176.53061224489795,2647.9591836734694
jid_715530,64104.0,63.0,1,14,3975600,3975600,3975615,JobState.COMPLETED,1.0,0,0,0,176.53061224489795,176.53061224489795,2471.4285714285716
jid_715546,64030.0,63.0,1,50,3975589,3975589,3975640,JobState.COMPLETED,1.0,0,0,0,176.53061224489795,176.53061224489795,8826.530612244898
jid_715547,64083.0,63.0,1,7,3975633,3975633,3975641,JobState.COMPLETED,1.0,0,0,0,176.53061224489795,176.53061224489795,1235.7142857142858
jid_715550,64146.0,63.0,1,7,3975634,3975634,3975642,JobState.COMPLETED,1.0,0,0,0,176.53061224489795,176.53061224489795,1235.7142857142858
jid_715548,64092.0,63.0,1,7,3975634,3975634,3975642,JobState.COMPLETED,1.0,0,0,0,176.53061224489795,176.53061224489795,1235.7142857142858
jid_715561,64098.0,63.0,1,29,3975625,3975625,3975655,JobState.COMPLETED,1.0,0,0,0,176.53061224489795,176.53061224489795,5119.3877551020405
jid_716102,64161.0,63.0,1,7,3975648,3975648,3975656,JobState.COMPLETED,1.0,0,0,0,176.53061224489795,176.53061224489795,1235.7142857142858
jid_715562,64131.0,63.0,1,9,3975648,3975648,3975658,JobState.COMPLETED,1.0,0,0,0,176.53061224489795,176.53061224489795,1588.7755102040815
jid_715564,64054.0,63.0,1,97,3975562,3975562,3975660,JobState.COMPLETED,1.0,0,0,0,176.53061224489792,176.53061224489795,17123.4693877551
jid_715572,64112.0,63.0,1,8,3975654,3975654,3975663,JobState.COMPLETED,1.0,0,0,0,176.53061224489795,176.53061224489795,1412.2448979591836
jid_715576,64242.0,63.0,1,8,3975655,3975655,3975664,JobState.COMPLETED,1.0,0,0,0,176.53061224489795,176.53061224489795,1412.2448979591836
jid_715592,64195.0,63.0,1,12,3975654,3975654,3975667,JobState.COMPLETED,1.0,0,0,0,176.53061224489795,176.53061224489795,2118.3673469387754
jid_715584,64095.0,63.0,1,19,3975648,3975648,3975668,JobState.COMPLETED,1.0,0,0,0,176.53061224489795,176.53061224489795,3354.081632653061
jid_715586,64202.0,63.0,1,7,3975661,3975661,3975669,JobState.COMPLETED,1.0,0,0,0,176.53061224489795,176.53061224489795,1235.7142857142858
jid_715601,64157.0,63.0,1,11,3975659,3975659,3975671,JobState.COMPLETED,1.0,0,0,0,176.53061224489795,176.53061224489795,1941.8367346938776
jid_715605,64189.0,63.0,1,10,3975662,3975662,3975673,JobState.COMPLETED,1.0,0,0,0,176.53061224489795,176.53061224489795,1765.3061224489795
jid_715808,64111.0,63.0,1,19,3975654,3975654,3975674,JobState.COMPLETED,1.0,0,0,0,176.53061224489795,176.53061224489795,3354.081632653061
jid_715811,64174.0,63.0,1,8,3975666,3975666,3975675,JobState.COMPLETED,1.0,0,0,0,176.53061224489795,176.53061224489795,1412.2448979591836
jid_715658,64156.0,63.0,1,23,3975653,3975653,3975677,JobState.COMPLETED,1.0,0,0,0,176.53061224489795,176.53061224489795,4060.204081632653
jid_715615,64158.0,63.0,1,53,3975624,3975624,3975678,JobState.COMPLETED,1.0,0,0,0,176.53061224489795,176.53061224489795,9356.122448979591
jid_715814,64118.0,63.0,1,26,3975652,3975652,3975679,JobState.COMPLETED,1.0,0,0,0,176.53061224489795,176.53061224489795,4589.7959183673465
jid_715636,64234.0,63.0,1,8,3975670,3975670,3975679,JobState.COMPLETED,1.0,0,0,0,176.53061224489795,176.53061224489795,1412.2448979591836
jid_715637,64106.0,63.0,1,32,3975648,3975648,3975681,JobState.COMPLETED,1.0,0,0,0,176.53061224489795,176.53061224489795,5648.9795918367345
jid_715638,64204.0,63.0,1,18,3975662,3975662,3975681,JobState.COMPLETED,1.0,0,0,0,176.53061224489795,176.53061224489795,3177.551020408163
jid_715668,64206.0,63.0,1,18,3975663,3975663,3975682,JobState.COMPLETED,1.0,0,0,0,176.53061224489795,176.53061224489795,3177.551020408163
jid_715689,64196.0,63.0,1,25,3975657,3975657,3975683,JobState.COMPLETED,1.0,0,0,0,176.53061224489795,176.53061224489795,4413.265306122449
jid_715656,64231.0,63.0,1,13,3975669,3975669,3975683,JobState.COMPLETED,1.0,0,0,0,176.53061224489795,176.53061224489795,2294.8979591836733
jid_715664,64215.0,63.0,1,21,3975662,3975662,3975684,JobState.COMPLETED,1.0,0,0,0,176.53061224489795,176.53061224489795,3707.142857142857
jid_715665,64212.0,63.0,1,11,3975672,3975672,3975684,JobState.COMPLETED,1.0,0,0,0,176.53061224489795,176.53061224489795,1941.8367346938776
jid_715710,64198.0,63.0,1,31,3975660,3975660,3975692,JobState.COMPLETED,1.0,0,0,0,176.53061224489795,176.53061224489795,5472.448979591836
jid_715701,64235.0,63.0,1,27,3975666,3975666,3975694,JobState.COMPLETED,1.0,0,0,0,176.53061224489795,176.53061224489795,4766.326530612245
jid_715704,64169.0,63.0,1,38,3975656,3975656,3975695,JobState.COMPLETED,1.0,0,0,0,176.53061224489795,176.53061224489795,6708.163265306122
jid_715847,64243.0,63.0,1,24,3975670,3975670,3975695,JobState.COMPLETED,1.0,0,0,0,176.53061224489795,176.53061224489795,4236.734693877551
jid_715706,64144.0,63.0,1,42,3975653,3975653,3975696,JobState.COMPLETED,1.0,0,0,0,176.53061224489795,176.53061224489795,7414.285714285714
jid_715739,64595.0,63.0,1,31,3975672,3975672,3975704,JobState.COMPLETED,1.0,0,0,0,176.53061224489795,176.53061224489795,5472.448979591836
jid_715774,64154.0,63.0,1,92,3975633,3975633,3975726,JobState.COMPLETED,1.0,0,0,0,176.53061224489792,176.53061224489795,16240.816326530608
jid_715792,64077.0,63.0,1,123,3975610,3975610,3975734,JobState.COMPLETED,1.0,0,0,0,176.5306122448979,176.53061224489795,21713.26530612244
jid_715799,64153.0,63.0,1,82,3975653,3975653,3975736,JobState.COMPLETED,1.0,0,0,0,176.53061224489795,176.53061224489795,14475.510204081633
jid_715837,64115.0,63.0,1,183,3975577,3975577,3975761,JobState.COMPLETED,1.0,0,0,0,176.5306122448979,176.53061224489795,32305.102040816313
jid_716331,301.0,549.0,399,1283,3974697,3974697,3975981,JobState.COMPLETED,1.0,0,0,0,176.53061224489818,176.53061224489798,90369021.42857155
jid_712027,1122.0,119.0,32,24920,3951591,3951591,3976512,JobState.COMPLETED,1.0,0,0,0,176.53061224490676,176.53061224489795,140772571.42857844
jid_716360,1246.0000000000073,114.0,3,8873,3968015,3968015,3976889,JobState.COMPLETED,0.7718612184389683,0,0,0,148.5952512374254,148.5952512374247,3955456.992689027
jid_716365,364.0,393.0,4,0,3978569,3978569,3978570,JobState.COMPLETED,1.0,0,0,0,176.53061224489795,176.53061224489795,0.0
jid_698620,701.0,119.0,32,28196,3951557,3951557,3979754,JobState.COMPLETED,1.0,0,0,0,176.53061224490725,176.53061224489795,159278628.57143694
jid_716392,64890.0,667.0,64,19,3980733,3980733,3980753,JobState.COMPLETED,1.0,0,0,0,176.53061224489795,176.53061224489795,214661.22448979592
jid_716462,628.0,191.0,4,38717,3942147,3942147,3980865,JobState.COMPLETED,1.0,0,0,0,176.5306122448947,176.53061224489795,27338942.857142355
jid_716398,108.0,525.0,10,7265,3974097,3974097,3981363,JobState.COMPLETED,0.6948855988752848,0,0,0,139.169665168401,139.16966516840225,10110676.174484331
jid_716400,108.0,525.0,10,7273,3974097,3974097,3981371,JobState.COMPLETED,0.6947164702016888,0,0,0,139.1489555348997,139.14895553490067,10120303.536053255
jid_716401,108.0,525.0,10,7280,3974095,3974095,3981376,JobState.COMPLETED,0.6943475172197866,0,0,0,139.10377761875048,139.10377761874938,10126755.010645036
jid_716403,108.0,525.0,10,7297,3974100,3974100,3981398,JobState.COMPLETED,0.693791489245437,0,0,0,139.03569256066396,139.03569256066575,10145434.48615165
jid_716407,301.0,549.0,399,1038,3980378,3980378,3981417,JobState.COMPLETED,1.0,0,0,0,176.53061224489812,176.53061224489798,73112271.42857149
jid_716412,108.0,525.0,10,7336,3974096,3974096,3981433,JobState.COMPLETED,0.6925986335381039,0,0,0,138.88962859650138,138.88962859650255,10188943.153839342
jid_716421,108.0,525.0,10,7366,3974096,3974096,3981463,JobState.COMPLETED,0.6916648262509209,0,0,0,138.77528484704953,138.77528484705152,10222187.481833668
jid_716422,108.0,525.0,10,7367,3974099,3974099,3981467,JobState.COMPLETED,0.6756240837648093,0,0,0,136.81111229773316,136.81111229773177,10078874.642974002
jid_716426,108.0,525.0,10,7383,3974100,3974100,3981484,JobState.COMPLETED,0.6911869896603973,0,0,0,138.71677424412937,138.71677424413028,10241459.442444071
jid_716436,108.0,525.0,10,7410,3974101,3974101,3981512,JobState.COMPLETED,0.6916454276090542,0,0,0,138.77290950315054,138.77290950314952,10283072.594183456
jid_716441,108.0,525.0,10,7426,3974097,3974097,3981524,JobState.COMPLETED,0.6899532836155867,0,0,0,138.56570819782775,138.56570819782692,10289889.490770688
jid_716443,108.0,525.0,10,7438,3974097,3974097,3981536,JobState.COMPLETED,0.6895326142528374,0,0,0,138.51419766361346,138.51419766361275,10302686.022219568
jid_716464,64896.0,475.0,1,8,3982220,3982220,3982229,JobState.COMPLETED,1.0,0,0,0,176.53061224489795,176.53061224489795,1412.2448979591836
jid_716482,63911.0,511.0,512,34351,3948830,3948830,3983182,JobState.COMPLETED,1.0,0,0,0,176.53061224490003,176.53061224489795,3104769567.3469753
jid_716486,64890.0,667.0,64,18,3983790,3983790,3983809,JobState.COMPLETED,1.0,0,0,0,176.53061224489795,176.53061224489795,203363.26530612243
jid_716506,64890.0,667.0,64,20,3984912,3984912,3984933,JobState.COMPLETED,1.0,0,0,0,176.53061224489795,176.53061224489795,225959.18367346938
jid_716523,64890.0,667.0,64,5,3987421,3987421,3987427,JobState.COMPLETED,1.0,0,0,0,176.53061224489795,176.53061224489795,56489.795918367345
jid_716530,56412.0,524.0,27,205441,3782811,3782811,3988253,JobState.COMPLETED,1.0,0,0,0,176.53061224483645,176.53061224489795,979198888.7751691
jid_716532,301.0,549.0,479,17048,3971964,3971964,3989013,JobState.COMPLETED,1.0,0,0,0,176.53061224489488,176.53061224489795,1441547567.3469136
jid_716551,118.99999999999272,30.0,12,9,3990621,3990621,3990631,JobState.COMPLETED,1.0,0,0,0,176.53061224489795,176.53061224489795,19065.30612244898
jid_716559,108.0,519.0,2,67897,3923902,3923902,3991800,JobState.COMPLETED,1.0,0,0,0,176.5306122448913,176.53061224489795,23971797.95918277
jid_716572,1807.0,222.0,8640,37653,3955206,3957417,3995071,JobState.COMPLETED,1.0,0,0,0,176.53061224488124,176.53061224489795,57429277714.28027
jid_716582,628.0,191.0,4,47912,3947292,3947292,3995205,JobState.COMPLETED,1.0,0,0,0,176.53061224488667,176.53061224489795,33831738.77550804
jid_683763,1299.0,119.0,32,47522,3951908,3951908,3999431,JobState.COMPLETED,1.0,0,0,0,176.53061224488692,176.53061224489795,268450808.16324854
jid_716651,34809.0,72.0,259,35176,3965367,3965367,4000544,JobState.COMPLETED,1.0,0,0,0,176.53061224490523,176.53061224489795,1608296971.4286377
jid_716663,628.0,191.0,4,55075,3947392,3947392,4002468,JobState.COMPLETED,1.0,0,0,0,176.53061224488226,176.53061224489795,38889693.87754756
jid_716666,628.0,191.0,4,55457,3947393,3947393,4002851,JobState.COMPLETED,1.0,0,0,0,176.53061224488206,176.53061224489795,39159432.6530577
jid_716667,15020.0,219.0,108,42516,3960508,3960508,4003025,JobState.COMPLETED,1.0,0,0,0,176.53061224491253,176.53061224489795,810580555.1021078
jid_716679,628.0,191.0,4,57185,3947153,3947153,4004339,JobState.COMPLETED,1.0,0,0,0,176.53061224488118,176.53061224489795,40379612.244894125
jid_716690,628.0,191.0,4,57700,3947158,3947158,4004859,JobState.COMPLETED,1.0,0,0,0,176.53061224488093,176.53061224489795,40743265.30611852
jid_716821,15948.999999999996,260.0,1,94,4006627,4006627,4006722,JobState.COMPLETED,1.0,0,0,0,176.53061224489792,176.53061224489795,16593.877551020403
jid_716824,628.0,191.0,4,53224,3953948,3953948,4007173,JobState.COMPLETED,1.0,0,0,0,176.5306122448833,176.53061224489795,37582661.22448667
jid_716845,628.0,191.0,4,54117,3953952,3953952,4008070,JobState.COMPLETED,1.0,0,0,0,176.53061224488278,176.53061224489795,38213228.57142528
jid_716851,628.0,191.0,4,54619,3953954,3953954,4008574,JobState.COMPLETED,1.0,0,0,0,176.53061224488252,176.53061224489795,38567702.040812954
jid_716863,628.0,191.0,4,55119,3953955,3953955,4009075,JobState.COMPLETED,1.0,0,0,0,176.53061224488224,176.53061224489795,38920763.26530266
jid_716914,64926.0,512.0,1,0,4011683,4011683,4011683,JobState.COMPLETED,1.0,0,0,0,176.53061224489795,176.53061224489795,0.0
jid_716926,224.0,60.0,1,15,4012115,4012115,4012131,JobState.COMPLETED,1.0,0,0,0,176.53061224489795,176.53061224489795,2647.9591836734694
jid_716939,62762.0,147.0,1,107,4012639,4012639,4012747,JobState.COMPLETED,0.5845605183910649,0,0,0,125.66047163972226,125.66047163972223,13445.670465450281
jid_716828,62664.0,119.0,15,69305,3943561,3943561,4012867,JobState.COMPLETED,1.0,0,0,0,176.53061224492575,176.53061224489795,183516811.2245187
jid_716958,224.0,60.0,1,15,4013211,4013211,4013227,JobState.COMPLETED,1.0,0,0,0,176.53061224489795,176.53061224489795,2647.9591836734694
jid_716963,224.0,60.0,1,14,4013321,4013321,4013336,JobState.COMPLETED,1.0,0,0,0,176.53061224489795,176.53061224489795,2471.4285714285716
jid_717420,41282.0,474.0,1024,80988,3937883,3937883,4018872,JobState.COMPLETED,1.0,0,0,0,176.5306122449039,176.53061224489795,14639985893.878042
jid_714845,108.0,519.0,6,6,3972884,4018872,4018879,JobState.COMPLETED,1.0,0,0,0,176.53061224489795,176.53061224489795,6355.102040816326
jid_714829,64005.0,522.0,12,7,3972661,4018872,4018880,JobState.COMPLETED,1.0,0,0,0,176.53061224489795,176.53061224489795,14828.57142857143
jid_714222,63946.0,346.0,26215,89,3963863,4018872,4018962,JobState.COMPLETED,1.0,0,0,0,176.53061224489795,176.53061224489795,411869749.99999994
jid_717636,64953.0,92.0,96,1,4013691,4018962,4018964,JobState.COMPLETED,1.0,0,0,0,176.53061224489795,176.53061224489795,16946.938775510203
jid_717082,64933.0,178.0,512,3,4015668,4018962,4018966,JobState.COMPLETED,1.0,0,0,0,176.53061224489795,176.53061224489795,271151.02040816325
jid_715671,64299.0,63.0,1,7,3975681,4018962,4018970,JobState.COMPLETED,1.0,0,0,0,176.53061224489795,176.53061224489795,1235.7142857142858
jid_715686,64280.0,63.0,1,7,3975686,4018962,4018970,JobState.COMPLETED,1.0,0,0,0,176.53061224489795,176.53061224489795,1235.7142857142858
jid_715859,64306.0,63.0,1,7,3975694,4018962,4018970,JobState.COMPLETED,1.0,0,0,0,176.53061224489795,176.53061224489795,1235.7142857142858
jid_716132,64480.0,63.0,1,7,3975819,4018962,4018970,JobState.COMPLETED,1.0,0,0,0,176.53061224489795,176.53061224489795,1235.7142857142858
jid_716346,64880.0,63.0,1,7,3975855,4018962,4018970,JobState.COMPLETED,1.0,0,0,0,176.53061224489795,176.53061224489795,1235.7142857142858
jid_716133,64694.0,63.0,1,7,3975891,4018962,4018970,JobState.COMPLETED,1.0,0,0,0,176.53061224489795,176.53061224489795,1235.7142857142858
jid_716354,64886.0,63.0,1,7,3975914,4018962,4018970,JobState.COMPLETED,1.0,0,0,0,176.53061224489795,176.53061224489795,1235.7142857142858
jid_716351,64884.0,63.0,1,7,3975918,4018962,4018970,JobState.COMPLETED,1.0,0,0,0,176.53061224489795,176.53061224489795,1235.7142857142858
jid_716547,118.99999999999272,30.0,12,7,3990397,4018962,4018970,JobState.COMPLETED,1.0,0,0,0,176.53061224489795,176.53061224489795,14828.57142857143
jid_715707,64297.0,63.0,1,8,3975691,4018962,4018971,JobState.COMPLETED,1.0,0,0,0,176.53061224489795,176.53061224489795,1412.2448979591836
jid_715769,64594.0,63.0,1,8,3975712,4018962,4018971,JobState.COMPLETED,1.0,0,0,0,176.53061224489795,176.53061224489795,1412.2448979591836
jid_716117,64352.0,63.0,1,8,3975728,4018962,4018971,JobState.COMPLETED,1.0,0,0,0,176.53061224489795,176.53061224489795,1412.2448979591836
jid_715887,64375.0,63.0,1,8,3975801,4018962,4018971,JobState.COMPLETED,1.0,0,0,0,176.53061224489795,176.53061224489795,1412.2448979591836
jid_715908,64439.0,63.0,1,8,3975813,4018962,4018971,JobState.COMPLETED,1.0,0,0,0,176.53061224489795,176.53061224489795,1412.2448979591836
jid_715980,64534.0,63.0,1,8,3975825,4018962,4018971,JobState.COMPLETED,1.0,0,0,0,176.53061224489795,176.53061224489795,1412.2448979591836
jid_716059,64645.0,63.0,1,8,3975853,4018962,4018971,JobState.COMPLETED,1.0,0,0,0,176.53061224489795,176.53061224489795,1412.2448979591836
jid_716172,64722.0,63.0,1,8,3975906,4018962,4018971,JobState.COMPLETED,1.0,0,0,0,176.53061224489795,176.53061224489795,1412.2448979591836
jid_716313,64849.0,63.0,1,8,3975909,4018962,4018971,JobState.COMPLETED,1.0,0,0,0,176.53061224489795,176.53061224489795,1412.2448979591836
jid_716156,64273.0,63.0,1,9,3975681,4018962,4018972,JobState.COMPLETED,1.0,0,0,0,176.53061224489795,176.53061224489795,1588.7755102040815
jid_715876,64392.0,63.0,1,9,3975790,4018962,4018972,JobState.COMPLETED,1.0,0,0,0,176.53061224489795,176.53061224489795,1588.7755102040815
jid_715976,64526.0,63.0,1,9,3975826,4018962,4018972,JobState.COMPLETED,1.0,0,0,0,176.53061224489795,176.53061224489795,1588.7755102040815
jid_716087,64665.0,63.0,1,9,3975862,4018962,4018972,JobState.COMPLETED,1.0,0,0,0,176.53061224489795,176.53061224489795,1588.7755102040815
jid_716147,64702.0,63.0,1,9,3975894,4018962,4018972,JobState.COMPLETED,1.0,0,0,0,176.53061224489795,176.53061224489795,1588.7755102040815
jid_716167,64718.0,63.0,1,9,3975902,4018962,4018972,JobState.COMPLETED,1.0,0,0,0,176.53061224489795,176.53061224489795,1588.7755102040815
jid_715823,64389.0,63.0,1,10,3975746,4018962,4018973,JobState.COMPLETED,1.0,0,0,0,176.53061224489795,176.53061224489795,1765.3061224489795
jid_715898,64399.0,63.0,1,10,3975803,4018962,4018973,JobState.COMPLETED,1.0,0,0,0,176.53061224489795,176.53061224489795,1765.3061224489795
jid_716072,64654.0,63.0,1,10,3975859,4018962,4018973,JobState.COMPLETED,1.0,0,0,0,176.53061224489795,176.53061224489795,1765.3061224489795
jid_716800,55975.0,544.0,30,10,4005108,4018962,4018973,JobState.COMPLETED,1.0,0,0,0,176.53061224489795,176.53061224489795,52959.183673469386
jid_715660,64269.0,63.0,1,11,3975677,4018962,4018974,JobState.COMPLETED,1.0,0,0,0,176.53061224489795,176.53061224489795,1941.8367346938776
jid_715842,64591.0,63.0,1,11,3975680,4018962,4018974,JobState.COMPLETED,1.0,0,0,0,176.53061224489795,176.53061224489795,1941.8367346938776
jid_715907,64425.0,63.0,1,11,3975809,4018962,4018974,JobState.COMPLETED,1.0,0,0,0,176.53061224489795,176.53061224489795,1941.8367346938776
jid_716062,64648.0,63.0,1,11,3975853,4018962,4018974,JobState.COMPLETED,1.0,0,0,0,176.53061224489795,176.53061224489795,1941.8367346938776
jid_716084,64663.0,63.0,1,11,3975857,4018962,4018974,JobState.COMPLETED,1.0,0,0,0,176.53061224489795,176.53061224489795,1941.8367346938776
jid_715836,64329.0,63.0,1,12,3975745,4018962,4018975,JobState.COMPLETED,1.0,0,0,0,176.53061224489795,176.53061224489795,2118.3673469387754
jid_716178,64727.0,63.0,1,12,3975902,4018962,4018975,JobState.COMPLETED,1.0,0,0,0,176.53061224489795,176.53061224489795,2118.3673469387754
jid_716211,64759.0,63.0,1,12,3975914,4018962,4018975,JobState.COMPLETED,1.0,0,0,0,176.53061224489795,176.53061224489795,2118.3673469387754
jid_715712,64606.0,63.0,1,13,3975673,4018962,4018976,JobState.COMPLETED,1.0,0,0,0,176.53061224489795,176.53061224489795,2294.8979591836733
jid_715713,64293.0,63.0,1,13,3975686,4018962,4018976,JobState.COMPLETED,1.0,0,0,0,176.53061224489795,176.53061224489795,2294.8979591836733
jid_716157,64393.0,63.0,1,13,3975706,4018962,4018976,JobState.COMPLETED,1.0,0,0,0,176.53061224489795,176.53061224489795,2294.8979591836733
jid_716241,64588.0,63.0,1,13,3975847,4018962,4018976,JobState.COMPLETED,1.0,0,0,0,176.53061224489795,176.53061224489795,2294.8979591836733
jid_715897,64333.0,63.0,1,14,3975709,4018962,4018977,JobState.COMPLETED,1.0,0,0,0,176.53061224489795,176.53061224489795,2471.4285714285716
jid_715812,64366.0,63.0,1,14,3975732,4018962,4018977,JobState.COMPLETED,1.0,0,0,0,176.53061224489795,176.53061224489795,2471.4285714285716
jid_715843,64361.0,63.0,1,14,3975751,4018962,4018977,JobState.COMPLETED,1.0,0,0,0,176.53061224489795,176.53061224489795,2471.4285714285716
jid_715852,64397.0,63.0,1,14,3975757,4018962,4018977,JobState.COMPLETED,1.0,0,0,0,176.53061224489795,176.53061224489795,2471.4285714285716
jid_715965,64493.0,63.0,1,14,3975822,4018962,4018977,JobState.COMPLETED,1.0,0,0,0,176.53061224489795,176.53061224489795,2471.4285714285716
jid_716009,64540.0,63.0,1,14,3975827,4018962,4018977,JobState.COMPLETED,1.0,0,0,0,176.53061224489795,176.53061224489795,2471.4285714285716
jid_716091,64669.0,63.0,1,14,3975859,4018962,4018977,JobState.COMPLETED,1.0,0,0,0,176.53061224489795,176.53061224489795,2471.4285714285716
jid_716109,64683.0,63.0,1,14,3975862,4018962,4018977,JobState.COMPLETED,1.0,0,0,0,176.53061224489795,176.53061224489795,2471.4285714285716
jid_716094,64671.0,63.0,1,14,3975863,4018962,4018977,JobState.COMPLETED,1.0,0,0,0,176.53061224489795,176.53061224489795,2471.4285714285716
jid_716097,64673.0,63.0,1,14,3975863,4018962,4018977,JobState.COMPLETED,1.0,0,0,0,176.53061224489795,176.53061224489795,2471.4285714285716
jid_715705,64227.0,63.0,1,15,3975674,4018962,4018978,JobState.COMPLETED,1.0,0,0,0,176.53061224489795,176.53061224489795,2647.9591836734694
jid_715959,64473.0,63.0,1,15,3975817,4018962,4018978,JobState.COMPLETED,1.0,0,0,0,176.53061224489795,176.53061224489795,2647.9591836734694
jid_715937,64458.0,63.0,1,15,3975817,4018962,4018978,JobState.COMPLETED,1.0,0,0,0,176.53061224489795,176.53061224489795,2647.9591836734694
jid_716068,64651.0,63.0,1,15,3975854,4018962,4018978,JobState.COMPLETED,1.0,0,0,0,176.53061224489795,176.53061224489795,2647.9591836734694
jid_716145,64701.0,63.0,1,15,3975886,4018962,4018978,JobState.COMPLETED,1.0,0,0,0,176.53061224489795,176.53061224489795,2647.9591836734694
jid_716196,64745.0,63.0,1,15,3975907,4018962,4018978,JobState.COMPLETED,1.0,0,0,0,176.53061224489795,176.53061224489795,2647.9591836734694
jid_716212,64760.0,63.0,1,15,3975908,4018962,4018978,JobState.COMPLETED,1.0,0,0,0,176.53061224489795,176.53061224489795,2647.9591836734694
jid_715914,64438.0,63.0,1,16,3975807,4018962,4018979,JobState.COMPLETED,1.0,0,0,0,176.53061224489795,176.53061224489795,2824.4897959183672
jid_715938,64469.0,63.0,1,16,3975815,4018962,4018979,JobState.COMPLETED,1.0,0,0,0,176.53061224489795,176.53061224489795,2824.4897959183672
jid_716175,64725.0,63.0,1,16,3975899,4018962,4018979,JobState.COMPLETED,1.0,0,0,0,176.53061224489795,176.53061224489795,2824.4897959183672
jid_715715,64305.0,63.0,1,17,3975681,4018962,4018980,JobState.COMPLETED,1.0,0,0,0,176.53061224489795,176.53061224489795,3001.020408163265
jid_716209,64757.0,63.0,1,17,3975902,4018962,4018980,JobState.COMPLETED,1.0,0,0,0,176.53061224489795,176.53061224489795,3001.020408163265
jid_716199,64748.0,63.0,1,17,3975903,4018962,4018980,JobState.COMPLETED,1.0,0,0,0,176.53061224489795,176.53061224489795,3001.020408163265
jid_716229,64776.0,63.0,1,17,3975907,4018962,4018980,JobState.COMPLETED,1.0,0,0,0,176.53061224489795,176.53061224489795,3001.020408163265
jid_716237,64784.0,63.0,1,17,3975910,4018962,4018980,JobState.COMPLETED,1.0,0,0,0,176.53061224489795,176.53061224489795,3001.020408163265
jid_716244,64787.0,63.0,1,17,3975911,4018962,4018980,JobState.COMPLETED,1.0,0,0,0,176.53061224489795,176.53061224489795,3001.020408163265
jid_716252,64793.0,63.0,1,17,3975913,4018962,4018980,JobState.COMPLETED,1.0,0,0,0,176.53061224489795,176.53061224489795,3001.020408163265
jid_716285,64823.0,63.0,1,17,3975917,4018962,4018980,JobState.COMPLETED,1.0,0,0,0,176.53061224489795,176.53061224489795,3001.020408163265
jid_716006,64552.0,63.0,1,18,3975829,4018962,4018981,JobState.COMPLETED,1.0,0,0,0,176.53061224489795,176.53061224489795,3177.551020408163
jid_716149,64704.0,63.0,1,18,3975865,4018962,4018981,JobState.COMPLETED,1.0,0,0,0,176.53061224489795,176.53061224489795,3177.551020408163
jid_716325,64861.0,63.0,1,18,3975887,4018962,4018981,JobState.COMPLETED,1.0,0,0,0,176.53061224489795,176.53061224489795,3177.551020408163
jid_715888,64419.0,63.0,1,19,3975789,4018962,4018982,JobState.COMPLETED,1.0,0,0,0,176.53061224489795,176.53061224489795,3354.081632653061
jid_715923,64507.0,63.0,1,19,3975807,4018962,4018982,JobState.COMPLETED,1.0,0,0,0,176.53061224489795,176.53061224489795,3354.081632653061
jid_715987,64511.0,63.0,1,19,3975823,4018962,4018982,JobState.COMPLETED,1.0,0,0,0,176.53061224489795,176.53061224489795,3354.081632653061
jid_716256,64536.0,63.0,1,19,3975825,4018962,4018982,JobState.COMPLETED,1.0,0,0,0,176.53061224489795,176.53061224489795,3354.081632653061
jid_716265,64550.0,63.0,1,19,3975826,4018962,4018982,JobState.COMPLETED,1.0,0,0,0,176.53061224489795,176.53061224489795,3354.081632653061
jid_716225,64772.0,63.0,1,19,3975908,4018962,4018982,JobState.COMPLETED,1.0,0,0,0,176.53061224489795,176.53061224489795,3354.081632653061
jid_715960,64515.0,63.0,1,20,3975817,4018962,4018983,JobState.COMPLETED,1.0,0,0,0,176.53061224489795,176.53061224489795,3530.612244897959
jid_716224,64771.0,63.0,1,20,3975905,4018962,4018983,JobState.COMPLETED,1.0,0,0,0,176.53061224489795,176.53061224489795,3530.612244897959
jid_716343,64877.0,63.0,1,20,3975912,4018962,4018983,JobState.COMPLETED,1.0,0,0,0,176.53061224489795,176.53061224489795,3530.612244897959
jid_716098,64674.0,63.0,1,21,3975856,4018962,4018984,JobState.COMPLETED,1.0,0,0,0,176.53061224489795,176.53061224489795,3707.142857142857
jid_716227,64774.0,63.0,1,21,3975904,4018962,4018984,JobState.COMPLETED,1.0,0,0,0,176.53061224489795,176.53061224489795,3707.142857142857
jid_716259,64798.0,63.0,1,21,3975915,4018962,4018984,JobState.COMPLETED,1.0,0,0,0,176.53061224489795,176.53061224489795,3707.142857142857
jid_716248,64446.0,63.0,1,22,3975806,4018962,4018985,JobState.COMPLETED,1.0,0,0,0,176.53061224489795,176.53061224489795,3883.673469387755
jid_716067,64586.0,63.0,1,22,3975848,4018962,4018985,JobState.COMPLETED,1.0,0,0,0,176.53061224489795,176.53061224489795,3883.673469387755
jid_716160,64713.0,63.0,1,22,3975887,4018962,4018985,JobState.COMPLETED,1.0,0,0,0,176.53061224489795,176.53061224489795,3883.673469387755
jid_716037,64548.0,63.0,1,23,3975823,4018962,4018986,JobState.COMPLETED,1.0,0,0,0,176.53061224489795,176.53061224489795,4060.204081632653
jid_716258,64797.0,63.0,1,23,3975911,4018962,4018986,JobState.COMPLETED,1.0,0,0,0,176.53061224489795,176.53061224489795,4060.204081632653
jid_716270,64808.0,63.0,1,23,3975913,4018962,4018986,JobState.COMPLETED,1.0,0,0,0,176.53061224489795,176.53061224489795,4060.204081632653
jid_715920,64378.0,63.0,1,24,3975804,4018962,4018987,JobState.COMPLETED,1.0,0,0,0,176.53061224489795,176.53061224489795,4236.734693877551
jid_715996,64624.0,63.0,1,24,3975822,4018962,4018987,JobState.COMPLETED,1.0,0,0,0,176.53061224489795,176.53061224489795,4236.734693877551
jid_716254,64795.0,63.0,1,24,3975908,4018962,4018987,JobState.COMPLETED,1.0,0,0,0,176.53061224489795,176.53061224489795,4236.734693877551
jid_716219,64766.0,63.0,1,25,3975895,4018962,4018988,JobState.COMPLETED,1.0,0,0,0,176.53061224489795,176.53061224489795,4413.265306122449
jid_715925,64406.0,63.0,1,26,3975803,4018962,4018989,JobState.COMPLETED,1.0,0,0,0,176.53061224489795,176.53061224489795,4589.7959183673465
jid_715971,64428.0,63.0,1,26,3975811,4018962,4018989,JobState.COMPLETED,1.0,0,0,0,176.53061224489795,176.53061224489795,4589.7959183673465
jid_716039,64559.0,63.0,1,26,3975823,4018962,4018989,JobState.COMPLETED,1.0,0,0,0,176.53061224489795,176.53061224489795,4589.7959183673465
jid_716047,64563.0,63.0,1,26,3975829,4018962,4018989,JobState.COMPLETED,1.0,0,0,0,176.53061224489795,176.53061224489795,4589.7959183673465
jid_716352,64885.0,63.0,1,27,3975857,4018962,4018990,JobState.COMPLETED,1.0,0,0,0,176.53061224489795,176.53061224489795,4766.326530612245
jid_716294,64832.0,63.0,1,27,3975919,4018962,4018990,JobState.COMPLETED,1.0,0,0,0,176.53061224489795,176.53061224489795,4766.326530612245
jid_715943,64611.0,63.0,1,28,3975806,4018962,4018991,JobState.COMPLETED,1.0,0,0,0,176.53061224489795,176.53061224489795,4942.857142857143
jid_715975,64448.0,63.0,1,28,3975811,4018962,4018991,JobState.COMPLETED,1.0,0,0,0,176.53061224489795,176.53061224489795,4942.857142857143
jid_716022,64569.0,63.0,1,29,3975820,4018962,4018992,JobState.COMPLETED,1.0,0,0,0,176.53061224489795,176.53061224489795,5119.3877551020405
jid_715869,64365.0,63.0,1,30,3975763,4018962,4018993,JobState.COMPLETED,1.0,0,0,0,176.53061224489795,176.53061224489795,5295.918367346939
jid_716130,64692.0,63.0,1,30,3975864,4018962,4018993,JobState.COMPLETED,1.0,0,0,0,176.53061224489795,176.53061224489795,5295.918367346939
jid_716235,64782.0,63.0,1,30,3975899,4018962,4018993,JobState.COMPLETED,1.0,0,0,0,176.53061224489795,176.53061224489795,5295.918367346939
jid_715744,64251.0,63.0,1,31,3975674,4018962,4018994,JobState.COMPLETED,1.0,0,0,0,176.53061224489795,176.53061224489795,5472.448979591836
jid_715874,64374.0,63.0,1,31,3975766,4018962,4018994,JobState.COMPLETED,1.0,0,0,0,176.53061224489795,176.53061224489795,5472.448979591836
jid_716341,64875.0,63.0,1,33,3975887,4018962,4018996,JobState.COMPLETED,1.0,0,0,0,176.53061224489795,176.53061224489795,5825.510204081633
jid_715904,64371.0,63.0,1,36,3975783,4018962,4018999,JobState.COMPLETED,1.0,0,0,0,176.53061224489795,176.53061224489795,6355.102040816326
jid_715762,64302.0,63.0,1,37,3975679,4018962,4019000,JobState.COMPLETED,1.0,0,0,0,176.53061224489795,176.53061224489795,6531.632653061224
jid_716154,64709.0,63.0,1,42,3975864,4018962,4019005,JobState.COMPLETED,1.0,0,0,0,176.53061224489795,176.53061224489795,7414.285714285714
jid_715825,64332.0,63.0,1,44,3975708,4018962,4019007,JobState.COMPLETED,1.0,0,0,0,176.53061224489795,176.53061224489795,7767.34693877551
jid_716292,64830.0,63.0,1,48,3975896,4018962,4019011,JobState.COMPLETED,1.0,0,0,0,176.53061224489795,176.53061224489795,8473.469387755102
jid_716246,64789.0,63.0,1,49,3975865,4018962,4019012,JobState.COMPLETED,1.0,0,0,0,176.53061224489795,176.53061224489795,8650.0
jid_716606,108.0,525.0,10,49,3997774,4018962,4019012,JobState.COMPLETED,0.6004478219951096,0,0,0,127.60585575450322,127.60585575450322,62526.86931970659
jid_716296,64466.0,63.0,1,50,3975757,4018962,4019013,JobState.COMPLETED,1.0,0,0,0,176.53061224489795,176.53061224489795,8826.530612244898
jid_716280,64818.0,63.0,1,50,3975890,4018962,4019013,JobState.COMPLETED,1.0,0,0,0,176.53061224489795,176.53061224489795,8826.530612244898
jid_716046,64436.0,63.0,1,51,3975809,4018962,4019014,JobState.COMPLETED,1.0,0,0,0,176.53061224489795,176.53061224489795,9003.061224489795
jid_716637,108.0,525.0,10,52,3997768,4018962,4019015,JobState.COMPLETED,0.5853924729481571,0,0,0,125.76234362630495,125.76234362630495,65396.418685678575
jid_716612,108.0,525.0,10,52,3997769,4018962,4019015,JobState.COMPLETED,0.58219042376421,0,0,0,125.37025597112776,125.37025597112776,65192.53310498643
jid_715878,64267.0,63.0,1,53,3975678,4018962,4019016,JobState.COMPLETED,1.0,0,0,0,176.53061224489795,176.53061224489795,9356.122448979591
jid_715796,64275.0,63.0,1,54,3975679,4018962,4019017,JobState.COMPLETED,1.0,0,0,0,176.53061224489795,176.53061224489795,9532.65306122449
jid_716316,64852.0,63.0,1,54,3975852,4018962,4019017,JobState.COMPLETED,1.0,0,0,0,176.53061224489795,176.53061224489795,9532.65306122449
jid_716311,64847.0,63.0,1,55,3975912,4018962,4019018,JobState.COMPLETED,1.0,0,0,0,176.53061224489795,176.53061224489795,9709.183673469388
jid_716534,108.0,30.0,12,56,3989565,4018962,4019019,JobState.COMPLETED,1.0,0,0,0,176.53061224489795,176.53061224489795,118628.57142857143
jid_717344,64938.0,634.0,656,53,4017013,4018966,4019020,JobState.COMPLETED,1.0,0,0,0,176.53061224489795,176.53061224489795,6137616.326530612
jid_715841,64288.0,63.0,1,74,3975689,4018962,4019037,JobState.COMPLETED,1.0,0,0,0,176.53061224489795,176.53061224489795,13063.265306122448
jid_716344,64878.0,63.0,1,86,3975918,4018962,4019049,JobState.COMPLETED,1.0,0,0,0,176.53061224489795,176.53061224489795,15181.632653061224
jid_717344,64938.0,634.0,656,40,4017013,4019020,4019061,JobState.COMPLETED,1.0,0,0,0,176.53061224489795,176.53061224489795,4632163.265306123
jid_717344,64938.0,634.0,656,48,4017013,4019061,4019110,JobState.COMPLETED,1.0,0,0,0,176.53061224489795,176.53061224489795,5558595.918367347
jid_717344,64938.0,634.0,656,56,4017013,4019110,4019167,JobState.COMPLETED,1.0,0,0,0,176.53061224489795,176.53061224489795,6485028.571428572
jid_717291,63824.0,200.0,1,212,4016537,4018962,4019175,JobState.COMPLETED,1.0,0,0,0,176.53061224489787,176.53061224489795,37424.48979591835
jid_717344,64938.0,634.0,656,48,4017013,4019167,4019216,JobState.COMPLETED,1.0,0,0,0,176.53061224489795,176.53061224489795,5558595.918367347
jid_717344,64938.0,634.0,656,55,4017013,4019216,4019272,JobState.COMPLETED,1.0,0,0,0,176.53061224489795,176.53061224489795,6369224.489795919
jid_717344,64938.0,634.0,656,52,4017013,4019272,4019325,JobState.COMPLETED,1.0,0,0,0,176.53061224489795,176.53061224489795,6021812.244897959
jid_717344,64938.0,634.0,656,53,4017013,4019325,4019379,JobState.COMPLETED,1.0,0,0,0,176.53061224489795,176.53061224489795,6137616.326530612
jid_717457,63623.0,331.0,11,71,4017982,4019325,4019397,JobState.COMPLETED,1.0,0,0,0,176.53061224489795,176.53061224489795,137870.4081632653
jid_716953,64929.0,346.0,8191,457,4012526,4018962,4019420,JobState.COMPLETED,1.0,0,0,0,176.5306122448981,176.53061224489795,660804745.9183679
jid_717438,62762.0,147.0,2,96,4019262,4019325,4019422,JobState.COMPLETED,0.5801504781272893,0,0,0,125.120466709464,125.120466709464,24023.12960821709
jid_717573,63994.0,634.0,15,501,4011192,4018962,4019464,JobState.COMPLETED,0.5442253072024273,0,0,0,120.72146618805226,120.72146618805235,907221.8184032127
jid_717527,301.0,191.0,128,223,4019156,4019325,4019549,JobState.COMPLETED,1.0,0,0,0,176.53061224489787,176.53061224489795,5038889.795918365
jid_714428,63974.0,642.0,12,774,3966501,4018872,4019647,JobState.COMPLETED,1.0,0,0,0,176.53061224489798,176.53061224489795,1639616.3265306125
jid_716891,64922.0,327.0,32,1002,4008947,4018962,4019965,JobState.COMPLETED,0.8875346026624927,0,0,0,162.75933910152935,162.75933910152972,5218715.448951437
jid_716896,41294.0,476.0,512,1388,4008769,4018962,4020351,JobState.COMPLETED,0.6009026941471293,0,0,0,127.66155438536259,127.66155438536278,90723449.59328423
jid_716805,17456.0,135.0,1,1950,4003234,4018962,4020913,JobState.COMPLETED,1.0,0,0,0,176.5306122448973,176.53061224489795,344234.6938775497
jid_717467,63824.0,200.0,1,527,4021260,4021260,4021788,JobState.COMPLETED,1.0,0,0,0,176.5306122448981,176.53061224489795,93031.6326530613
jid_717000,43487.0,526.0,1,2930,4012270,4018962,4021893,JobState.COMPLETED,1.0,0,0,0,176.53061224489701,176.53061224489795,517234.69387754827
jid_717427,60513.0,599.0,512,2940,4016004,4018962,4021903,JobState.COMPLETED,0.5836542833201089,0,0,0,125.54950408001343,125.54950408001335,188987157.50156263
jid_717430,60513.0,599.0,512,2974,4015992,4018962,4021937,JobState.COMPLETED,0.5826777346612447,0,0,0,125.42992669321389,125.42992669321364,190990644.21663648
jid_717468,64941.0,519.0,1,60,4021886,4021886,4021947,JobState.COMPLETED,1.0,0,0,0,176.53061224489798,176.53061224489795,10591.83673469388
jid_717436,43487.0,526.0,1,3193,4014128,4018962,4022156,JobState.COMPLETED,1.0,0,0,0,176.530612244897,176.53061224489795,563662.244897956
jid_717470,64938.0,634.0,656,79,4022190,4022190,4022270,JobState.COMPLETED,1.0,0,0,0,176.53061224489795,176.53061224489795,9148522.448979592
jid_717470,64938.0,634.0,656,79,4022190,4022190,4022270,JobState.COMPLETED,1.0,0,0,0,176.53061224489795,176.53061224489795,9148522.448979592
jid_717470,64938.0,634.0,656,82,4022190,4022190,4022273,JobState.COMPLETED,1.0,0,0,0,176.53061224489795,176.53061224489795,9495934.693877552
jid_717470,64938.0,634.0,656,82,4022190,4022190,4022273,JobState.COMPLETED,1.0,0,0,0,176.53061224489795,176.53061224489795,9495934.693877552
jid_717470,64938.0,634.0,656,90,4022190,4022190,4022281,JobState.COMPLETED,1.0,0,0,0,176.53061224489795,176.53061224489795,10422367.346938776
jid_717470,64938.0,634.0,656,90,4022190,4022190,4022281,JobState.COMPLETED,1.0,0,0,0,176.53061224489795,176.53061224489795,10422367.346938776
jid_717470,64938.0,634.0,656,95,4022190,4022190,4022286,JobState.COMPLETED,1.0,0,0,0,176.53061224489795,176.53061224489795,11001387.755102042
jid_717470,64938.0,634.0,656,110,4022190,4022190,4022301,JobState.COMPLETED,1.0,0,0,0,176.53061224489792,176.53061224489795,12738448.979591835
jid_717470,64938.0,634.0,656,110,4022190,4022190,4022301,JobState.COMPLETED,1.0,0,0,0,176.53061224489792,176.53061224489795,12738448.979591835
jid_717473,38222.0,526.0,1,578,4021775,4021775,4022354,JobState.COMPLETED,1.0,0,0,0,176.5306122448981,176.53061224489795,102034.6938775511
jid_717477,16752.0,185.0,399,85594,3936992,3936992,4022587,JobState.COMPLETED,1.0,0,0,0,176.5306122449153,176.53061224489798,6028874528.572021
jid_716829,17456.0,135.0,1,3636,4003695,4018962,4022599,JobState.COMPLETED,1.0,0,0,0,176.5306122448969,176.53061224489795,641865.3061224452
jid_716917,64892.0,179.0,512,4006,4007820,4018962,4022969,JobState.COMPLETED,1.0,0,0,0,176.53061224489687,176.53061224489795,362076995.9183651
jid_717536,60384.0,590.0,25,19,4022949,4022949,4022969,JobState.COMPLETED,1.0,0,0,0,176.53061224489795,176.53061224489795,83852.04081632652
jid_717484,64938.0,634.0,656,84,4022911,4022911,4022996,JobState.COMPLETED,1.0,0,0,0,176.53061224489795,176.53061224489795,9727542.857142856
jid_717484,64938.0,634.0,656,89,4022911,4022911,4023001,JobState.COMPLETED,1.0,0,0,0,176.53061224489795,176.53061224489795,10306563.265306123
jid_717484,64938.0,634.0,656,94,4022911,4022911,4023006,JobState.COMPLETED,1.0,0,0,0,176.53061224489795,176.53061224489795,10885583.673469387
jid_717484,64938.0,634.0,656,106,4022911,4022911,4023018,JobState.COMPLETED,1.0,0,0,0,176.53061224489792,176.53061224489795,12275232.653061222
jid_717484,64938.0,634.0,656,148,4022911,4022911,4023060,JobState.COMPLETED,1.0,0,0,0,176.53061224489792,176.53061224489795,17139004.08163265
jid_717484,64938.0,634.0,656,150,4022911,4022911,4023062,JobState.COMPLETED,1.0,0,0,0,176.53061224489792,176.53061224489795,17370612.244897958
jid_717484,64938.0,634.0,656,156,4022911,4022911,4023068,JobState.COMPLETED,1.0,0,0,0,176.53061224489792,176.53061224489795,18065436.734693874
jid_717488,62762.0,147.0,2,106,4023143,4023143,4023250,JobState.COMPLETED,0.5878660164442877,0,0,0,126.0652265033822,126.06522650338218,26725.828018717028
jid_717508,63895.0,60.0,32,7,4023454,4023454,4023462,JobState.COMPLETED,0.9172059517787705,0,0,0,166.39256552393107,166.39256552393107,37271.93467736056
jid_717768,64970.0,625.0,12,4,4023567,4023567,4023572,JobState.COMPLETED,1.0,0,0,0,176.53061224489795,176.53061224489795,8473.469387755102
jid_717493,62762.0,147.0,2,106,4023537,4023537,4023644,JobState.COMPLETED,0.5845785343918262,0,0,0,125.66267768063177,125.66267768063179,26640.487668293936
jid_717493,62762.0,147.0,2,107,4023537,4023537,4023645,JobState.COMPLETED,0.5867047426336808,0,0,0,125.92302971024665,125.92302971024664,26947.528357992782
jid_717538,60384.0,590.0,25,19,4023872,4023872,4023892,JobState.COMPLETED,1.0,0,0,0,176.53061224489795,176.53061224489795,83852.04081632652
jid_717513,63895.0,60.0,32,7,4024083,4024083,4024091,JobState.COMPLETED,0.9177929211548982,0,0,0,166.46443932508956,166.46443932508956,37288.03440882006
jid_717237,301.0,549.0,399,5258,4011366,4018962,4024221,JobState.COMPLETED,1.0,0,0,0,176.53061224489684,176.53061224489798,370350985.71428335
jid_717774,64974.0,625.0,12,3,4024467,4024467,4024471,JobState.COMPLETED,1.0,0,0,0,176.53061224489795,176.53061224489795,6355.102040816326
jid_716873,611.0,135.0,1,5949,4003478,4018962,4024912,JobState.COMPLETED,1.0,0,0,0,176.53061224489673,176.53061224489795,1050180.6122448905
jid_716874,611.0,135.0,1,5964,4003466,4018962,4024927,JobState.COMPLETED,1.0,0,0,0,176.53061224489673,176.53061224489795,1052828.5714285641
jid_716880,611.0,135.0,1,5989,4003501,4018962,4024952,JobState.COMPLETED,1.0,0,0,0,176.53061224489673,176.53061224489795,1057241.8367346865
jid_717556,34.0,668.0,1,2,4025291,4025291,4025294,JobState.COMPLETED,1.0,0,0,0,176.53061224489795,176.53061224489795,353.0612244897959
jid_717557,319.0,607.0,1,3,4025317,4025317,4025321,JobState.COMPLETED,1.0,0,0,0,176.53061224489795,176.53061224489795,529.5918367346939
jid_717560,64948.0,519.0,1,258,4025112,4025112,4025371,JobState.COMPLETED,1.0,0,0,0,176.5306122448979,176.53061224489795,45544.897959183654
jid_717584,63895.0,60.0,32,58,4025330,4025330,4025389,JobState.COMPLETED,0.6121477674951157,0,0,0,129.03850214225906,129.03850214225906,239495.4599760328
jid_717567,319.0,607.0,1,9,4025556,4025556,4025566,JobState.COMPLETED,1.0,0,0,0,176.53061224489795,176.53061224489795,1588.7755102040815
jid_717586,63895.0,60.0,32,60,4025507,4025507,4025568,JobState.COMPLETED,0.6092088994284995,0,0,0,128.67864074634687,128.67864074634687,247062.990232986
jid_717605,207.0,114.0,3,193,4025497,4025497,4025691,JobState.COMPLETED,0.5157290268953917,0,0,0,117.23212574229281,117.23212574229287,67877.40080478754
jid_717589,63895.0,60.0,32,58,4025637,4025637,4025696,JobState.COMPLETED,0.6123664816928874,0,0,0,129.06528347259845,129.06528347259845,239545.1661251427
jid_717570,64938.0,634.0,656,1804,4023950,4023950,4025755,JobState.COMPLETED,0.5993964187634663,0,0,0,127.47711250164934,127.47711250164893,150859474.38515186
jid_717570,64938.0,634.0,656,1804,4023950,4023950,4025755,JobState.COMPLETED,0.5991691423359601,0,0,0,127.44928273501547,127.44928273501553,150826539.97140297
jid_717570,64938.0,634.0,656,1814,4023950,4023950,4025765,JobState.COMPLETED,0.5975128618193999,0,0,0,127.2464728758453,127.2464728758449,151421266.7786899
jid_717570,64938.0,634.0,656,1819,4023950,4023950,4025770,JobState.COMPLETED,0.5999581285270271,0,0,0,127.54589328902385,127.54589328902372,152195922.80963376
jid_717570,64938.0,634.0,656,1821,4023950,4023950,4025772,JobState.COMPLETED,0.5999663920815369,0,0,0,127.546905152841,127.54690515284125,152364471.7698602
jid_717570,64938.0,634.0,656,1824,4023950,4023950,4025775,JobState.COMPLETED,0.5973296153184646,0,0,0,127.2240345287911,127.2240345287916,152229155.1712178
jid_717570,64938.0,634.0,656,1852,4023950,4023950,4025803,JobState.COMPLETED,0.6003079066476449,0,0,0,127.58872326297657,127.58872326297693,155009070.9568694
jid_717592,63895.0,60.0,32,59,4025765,4025765,4025825,JobState.COMPLETED,0.6082991296460128,0,0,0,128.56724036481793,128.5672403648179,242734.94980877626
jid_716790,108.0,525.0,10,7157,3997785,4018962,4026120,JobState.COMPLETED,0.6812246761657338,0,0,0,137.49689912233657,137.49689912233478,9840653.070185628
jid_716689,108.0,525.0,10,7159,3997767,4018962,4026122,JobState.COMPLETED,0.680819988090562,0,0,0,137.44734548047495,137.44734548047697,9839855.462947201
jid_716695,108.0,525.0,10,7168,3997782,4018962,4026131,JobState.COMPLETED,0.697437947648754,0,0,0,139.48219767127807,139.482197671276,9998083.929077212
jid_716696,108.0,525.0,10,7171,3997783,4018962,4026134,JobState.COMPLETED,0.6973706081765408,0,0,0,139.47395202161564,139.47395202161727,10001677.099470058
jid_716701,108.0,525.0,10,7179,3997780,4018962,4026142,JobState.COMPLETED,0.6976501709638961,0,0,0,139.5081841996615,139.50818419966077,10015292.5436937
jid_716706,108.0,525.0,10,7189,3997776,4018962,4026152,JobState.COMPLETED,0.6818474679078934,0,0,0,137.57315933565906,137.57315933566042,9890134.424640529
jid_716718,108.0,525.0,10,7197,3997773,4018962,4026160,JobState.COMPLETED,0.6801701039579093,0,0,0,137.3677678315791,137.36776783158075,9886358.250838747
jid_716748,108.0,525.0,10,7198,3997784,4018962,4026161,JobState.COMPLETED,0.6970512682730001,0,0,0,139.4348491762874,139.43484917628572,10036520.443709167
jid_716712,108.0,525.0,10,7199,3997770,4018962,4026162,JobState.COMPLETED,0.6816216213739821,0,0,0,137.54550465804,137.54550465803862,9901900.880332299
jid_716745,108.0,525.0,10,7199,3997783,4018962,4026162,JobState.COMPLETED,0.6969966655052273,0,0,0,139.42816312308713,139.42816312308906,10037433.463231042
jid_716768,108.0,525.0,10,7205,3997784,4018962,4026168,JobState.COMPLETED,0.6968926713595284,0,0,0,139.41542914606413,139.41542914606472,10044881.669973921
jid_716744,108.0,525.0,10,7208,3997771,4018962,4026171,JobState.COMPLETED,0.6967579751417915,0,0,0,139.3989357316493,139.39893573164795,10047875.28753728
jid_716740,108.0,525.0,10,7210,3997769,4018962,4026173,JobState.COMPLETED,0.6967198861875984,0,0,0,139.39427177807156,139.39427177807326,10050326.99519896
jid_716751,108.0,525.0,10,7217,3997768,4018962,4026180,JobState.COMPLETED,0.6964863971182979,0,0,0,139.36568127979055,139.36568127979157,10058021.217962483
jid_716773,108.0,525.0,10,7221,3997774,4018962,4026184,JobState.COMPLETED,0.6979800667453773,0,0,0,139.54857960147555,139.54857960147478,10076802.93302255
jid_717692,985.0,617.0,4,37,4026224,4026224,4026262,JobState.COMPLETED,1.0,0,0,0,176.53061224489795,176.53061224489795,26126.530612244896
jid_717823,985.0,617.0,4,33,4026263,4026263,4026297,JobState.COMPLETED,1.0,0,0,0,176.53061224489795,176.53061224489795,23302.04081632653
jid_717826,985.0,617.0,4,34,4026265,4026265,4026300,JobState.COMPLETED,1.0,0,0,0,176.53061224489795,176.53061224489795,24008.16326530612
jid_717840,985.0,617.0,4,33,4026284,4026284,4026318,JobState.COMPLETED,1.0,0,0,0,176.53061224489795,176.53061224489795,23302.04081632653
jid_717853,985.0,617.0,4,33,4026286,4026286,4026320,JobState.COMPLETED,1.0,0,0,0,176.53061224489795,176.53061224489795,23302.04081632653
jid_717761,38525.0,145.0,8,7482,4009787,4018962,4026445,JobState.COMPLETED,1.0,0,0,0,176.53061224489682,176.53061224489795,10566416.326530544
jid_717240,38533.0,145.0,8,7492,4009147,4018962,4026455,JobState.COMPLETED,1.0,0,0,0,176.53061224489682,176.53061224489795,10580538.775510136
jid_717782,38533.0,145.0,8,7492,4009787,4018962,4026455,JobState.COMPLETED,1.0,0,0,0,176.53061224489682,176.53061224489795,10580538.775510136
jid_717764,327.0,145.0,8,7493,4009787,4018962,4026456,JobState.COMPLETED,1.0,0,0,0,176.53061224489682,176.53061224489795,10581951.020408094
jid_717755,323.0,145.0,8,7502,4009785,4018962,4026465,JobState.COMPLETED,1.0,0,0,0,176.53061224489684,176.53061224489795,10594661.22448973
jid_717278,38531.0,145.0,8,7503,4009147,4018962,4026466,JobState.COMPLETED,1.0,0,0,0,176.53061224489684,176.53061224489795,10596073.469387688
jid_717248,38535.0,145.0,8,7513,4009147,4018962,4026476,JobState.COMPLETED,1.0,0,0,0,176.53061224489687,176.53061224489795,10610195.918367282
jid_717783,38526.0,145.0,8,7519,4009787,4018962,4026482,JobState.COMPLETED,1.0,0,0,0,176.53061224489687,176.53061224489795,10618669.387755036
jid_717793,64936.0,145.0,8,7525,4009788,4018962,4026488,JobState.COMPLETED,1.0,0,0,0,176.53061224489687,176.53061224489795,10627142.857142791
jid_717765,330.0,145.0,8,7536,4009786,4018962,4026499,JobState.COMPLETED,1.0,0,0,0,176.5306122448969,176.53061224489795,10642677.551020345
jid_717259,36768.0,145.0,8,7538,4009148,4018962,4026501,JobState.COMPLETED,1.0,0,0,0,176.5306122448969,176.53061224489795,10645502.040816262
jid_717262,329.0,145.0,8,7545,4009146,4018962,4026508,JobState.COMPLETED,1.0,0,0,0,176.53061224489693,176.53061224489795,10655387.755101979
jid_717264,38525.0,145.0,8,7549,4009147,4018962,4026512,JobState.COMPLETED,1.0,0,0,0,176.53061224489693,176.53061224489795,10661036.734693816
jid_717752,321.0,145.0,8,7550,4009785,4018962,4026513,JobState.COMPLETED,1.0,0,0,0,176.53061224489693,176.53061224489795,10662448.979591774
jid_717695,64946.0,669.0,10,29,4026504,4026504,4026534,JobState.COMPLETED,1.0,0,0,0,176.53061224489795,176.53061224489795,51193.87755102041
jid_717623,60334.0,526.0,1,409,4026142,4026142,4026552,JobState.COMPLETED,1.0,0,0,0,176.53061224489804,176.53061224489795,72201.0204081633
jid_716956,60513.0,599.0,128,7660,4005557,4018962,4026623,JobState.COMPLETED,0.6008516782974959,0,0,0,127.6553075466326,127.65530754663214,125163475.94332233
jid_717787,332.0,145.0,8,7673,4009786,4018962,4026636,JobState.COMPLETED,1.0,0,0,0,176.53061224489716,176.53061224489795,10836155.102040768
jid_717644,301.0,670.0,128,8,4027122,4027122,4027131,JobState.COMPLETED,1.0,0,0,0,176.53061224489795,176.53061224489795,180767.3469387755
jid_718172,64988.0,322.0,192,7246,4020149,4020149,4027396,JobState.COMPLETED,1.0,0,0,0,176.5306122448969,176.53061224489795,245595036.7346924
jid_717870,64934.0,60.0,32,20,4027557,4027557,4027578,JobState.COMPLETED,0.5568885214232067,0,0,0,122.2720638477396,122.27206384773959,78254.12086255335
jid_717415,376.0,159.0,30,8788,4009605,4018962,4027751,JobState.COMPLETED,1.0,0,0,0,176.53061224489497,176.53061224489795,46540530.61224411
jid_717873,63896.0,60.0,32,23,4027729,4027729,4027753,JobState.COMPLETED,0.5610464887027206,0,0,0,122.78120269829232,122.78120269829232,90366.96518594315
jid_717881,36590.0,504.0,192,0,4027874,4027874,4027874,JobState.COMPLETED,1.0,0,0,0,176.53061224489795,176.53061224489795,0.0
jid_717875,108.0,532.0,20,4,4027912,4027912,4027917,JobState.COMPLETED,1.0,0,0,0,176.53061224489795,176.53061224489795,14122.448979591836
jid_717876,63896.0,60.0,32,22,4027969,4027969,4027992,JobState.COMPLETED,0.5553001030274367,0,0,0,122.07756363601266,122.07756363601266,85942.60479975291
jid_717415,376.0,159.0,30,9310,4009605,4018962,4028273,JobState.COMPLETED,1.0,0,0,0,176.53061224489474,176.53061224489795,49304999.9999991
jid_717889,63896.0,60.0,32,21,4028323,4028323,4028345,JobState.COMPLETED,0.5566260646800169,0,0,0,122.23992628734898,122.239926287349,82145.23046509852
jid_717415,376.0,159.0,30,9494,4009605,4018962,4028457,JobState.COMPLETED,1.0,0,0,0,176.53061224489468,176.53061224489795,50279448.9795909
jid_717415,376.0,159.0,30,9518,4009605,4018962,4028481,JobState.COMPLETED,1.0,0,0,0,176.53061224489468,176.53061224489795,50406551.02040722
jid_717934,334.0,145.0,8,9664,4009785,4018962,4028627,JobState.COMPLETED,1.0,0,0,0,176.5306122449,176.53061224489795,13647934.693877708
jid_717690,16473.0,200.0,1,16,4028617,4028617,4028634,JobState.COMPLETED,1.0,0,0,0,176.53061224489795,176.53061224489795,2824.4897959183672
jid_717913,63896.0,60.0,32,22,4028631,4028631,4028654,JobState.COMPLETED,0.5551628744620225,0,0,0,122.06076013820683,122.06076013820683,85930.7751372976
jid_717696,63897.0,200.0,15,27,4028635,4028635,4028663,JobState.COMPLETED,1.0,0,0,0,176.53061224489795,176.53061224489795,71494.89795918367
jid_717923,63896.0,60.0,32,22,4028782,4028782,4028805,JobState.COMPLETED,0.5606880409631243,0,0,0,122.73731113834175,122.73731113834175,86407.0670413926
jid_717415,376.0,159.0,30,9889,4009605,4018962,4028852,JobState.COMPLETED,1.0,0,0,0,176.53061224489457,176.53061224489795,52371336.73469287
jid_716978,17456.0,135.0,1,9979,4003664,4018962,4028942,JobState.COMPLETED,1.0,0,0,0,176.53061224490034,176.53061224489795,1761598.9795918604
jid_716981,17456.0,135.0,1,9997,4003676,4018962,4028960,JobState.COMPLETED,1.0,0,0,0,176.53061224490037,176.53061224489795,1764776.530612269
jid_717415,376.0,159.0,30,10008,4009605,4018962,4028971,JobState.COMPLETED,1.0,0,0,0,176.53061224489454,176.53061224489795,53001551.02040713
jid_716983,17456.0,135.0,1,10043,4003656,4018962,4029006,JobState.COMPLETED,1.0,0,0,0,176.53061224490042,176.53061224489795,1772896.938775535
jid_717415,376.0,159.0,30,10051,4009605,4018962,4029014,JobState.COMPLETED,1.0,0,0,0,176.53061224489454,176.53061224489795,53229275.510203056
jid_718123,985.0,617.0,4,3030,4026226,4026226,4029257,JobState.COMPLETED,1.0,0,0,0,176.53061224489701,176.53061224489795,2139551.0204081517
jid_718131,985.0,617.0,4,3172,4026226,4026226,4029399,JobState.COMPLETED,1.0,0,0,0,176.530612244897,176.53061224489795,2239820.4081632528
jid_717147,59135.0,278.0,2,10541,4005259,4018962,4029504,JobState.COMPLETED,0.7538164328878657,0,0,0,146.38568565974066,146.38568565973867,3086103.0250786524
jid_717415,376.0,159.0,30,10572,4009605,4018962,4029535,JobState.COMPLETED,1.0,0,0,0,176.53061224489437,176.53061224489795,55988448.9795907
jid_718133,985.0,617.0,4,3319,4026263,4026263,4029583,JobState.COMPLETED,1.0,0,0,0,176.53061224489696,176.53061224489795,2343620.408163252
jid_717415,376.0,159.0,30,10674,4009605,4018962,4029637,JobState.COMPLETED,1.0,0,0,0,176.53061224489434,176.53061224489795,56528632.65306007
jid_717415,376.0,159.0,30,10751,4009605,4018962,4029714,JobState.COMPLETED,1.0,0,0,0,176.53061224489431,176.53061224489795,56936418.367345765
jid_717415,376.0,159.0,30,10836,4009605,4018962,4029799,JobState.COMPLETED,1.0,0,0,0,176.53061224489431,176.53061224489795,57386571.42857024
jid_717415,376.0,159.0,30,11186,4009605,4018962,4030149,JobState.COMPLETED,1.0,0,0,0,176.53061224489423,176.53061224489795,59240142.85714161
jid_717415,376.0,159.0,30,11244,4009605,4018962,4030207,JobState.COMPLETED,1.0,0,0,0,176.53061224489423,176.53061224489795,59547306.12244772
jid_717415,376.0,159.0,30,11302,4009605,4018962,4030265,JobState.COMPLETED,1.0,0,0,0,176.5306122448942,176.53061224489795,59854469.38775383
jid_717415,376.0,159.0,30,11373,4009605,4018962,4030336,JobState.COMPLETED,1.0,0,0,0,176.5306122448942,176.53061224489795,60230479.591835454
jid_717415,376.0,159.0,30,11607,4009605,4018962,4030570,JobState.COMPLETED,1.0,0,0,0,176.53061224489414,176.53061224489795,61469724.48979459
jid_717724,301.0,549.0,399,2378,4028357,4028357,4030736,JobState.COMPLETED,1.0,0,0,0,176.5306122448984,176.53061224489798,167496128.57142898
jid_717415,376.0,159.0,30,11777,4009605,4018962,4030740,JobState.COMPLETED,1.0,0,0,0,176.53061224489412,176.53061224489795,62370030.61224354
jid_717415,376.0,159.0,30,11787,4009605,4018962,4030750,JobState.COMPLETED,1.0,0,0,0,176.53061224489412,176.53061224489795,62422989.795917004
jid_717415,376.0,159.0,30,12028,4009605,4018962,4030991,JobState.COMPLETED,1.0,0,0,0,176.53061224489406,176.53061224489795,63699306.122447565
jid_718183,62867.0,623.0,15,12114,4010867,4018962,4031077,JobState.COMPLETED,1.0,0,0,0,176.53061224489403,176.53061224489795,32077377.5510197
jid_717415,376.0,159.0,30,12340,4009605,4018962,4031303,JobState.COMPLETED,1.0,0,0,0,176.530612244894,176.53061224489795,65351632.65305975
jid_717739,59206.0,526.0,1,150,4031175,4031175,4031326,JobState.COMPLETED,1.0,0,0,0,176.5306122448979,176.53061224489795,26479.591836734686
jid_717744,224.0,60.0,1,110,4031237,4031237,4031348,JobState.COMPLETED,1.0,0,0,0,176.53061224489792,176.53061224489795,19418.367346938772
jid_717415,376.0,159.0,30,12428,4009605,4018962,4031391,JobState.COMPLETED,1.0,0,0,0,176.53061224489394,176.53061224489795,65817673.469386265
jid_717415,376.0,159.0,30,12442,4009605,4018962,4031405,JobState.COMPLETED,1.0,0,0,0,176.53061224489394,176.53061224489795,65891816.32652911
jid_717415,376.0,159.0,30,12457,4009605,4018962,4031420,JobState.COMPLETED,1.0,0,0,0,176.53061224489394,176.53061224489795,65971255.10203931
jid_717415,376.0,159.0,30,12566,4009605,4018962,4031529,JobState.COMPLETED,1.0,0,0,0,176.53061224489394,176.53061224489795,66548510.20408011
jid_717415,376.0,159.0,30,12567,4009605,4018962,4031530,JobState.COMPLETED,1.0,0,0,0,176.53061224489394,176.53061224489795,66553806.12244747
jid_717751,63913.0,179.0,768,620,4030911,4030911,4031532,JobState.COMPLETED,1.0,0,0,0,176.5306122448978,176.53061224489795,84056816.32653055
jid_717415,376.0,159.0,30,12629,4009605,4018962,4031592,JobState.COMPLETED,1.0,0,0,0,176.53061224489392,176.53061224489795,66882153.06122296
jid_717415,376.0,159.0,30,12643,4009605,4018962,4031606,JobState.COMPLETED,1.0,0,0,0,176.53061224489392,176.53061224489795,66956295.91836582
jid_717760,64972.0,108.0,1,21,4031624,4031624,4031646,JobState.COMPLETED,1.0,0,0,0,176.53061224489795,176.53061224489795,3707.142857142857
jid_717415,376.0,159.0,30,12730,4009605,4018962,4031693,JobState.COMPLETED,1.0,0,0,0,176.53061224489392,176.53061224489795,67417040.81632498
jid_717869,1460.0,60.0,1,131,4031620,4031620,4031752,JobState.COMPLETED,1.0,0,0,0,176.5306122448979,176.53061224489795,23125.510204081624
jid_717415,376.0,159.0,30,12813,4009605,4018962,4031776,JobState.COMPLETED,1.0,0,0,0,176.5306122448939,176.53061224489795,67856602.04081476
jid_717415,376.0,159.0,30,12817,4009605,4018962,4031780,JobState.COMPLETED,1.0,0,0,0,176.5306122448939,176.53061224489795,67877785.71428415
jid_717415,376.0,159.0,30,13026,4009605,4018962,4031989,JobState.COMPLETED,1.0,0,0,0,176.53061224489386,176.53061224489795,68984632.65305963
jid_718282,55949.0,653.0,12,9350,4022648,4022648,4031999,JobState.COMPLETED,1.0,0,0,0,176.5306122448957,176.53061224489795,19806734.6938773
jid_718283,55949.0,653.0,12,9439,4022670,4022670,4032110,JobState.COMPLETED,1.0,0,0,0,176.53061224489568,176.53061224489795,19995269.387754843
jid_717415,376.0,159.0,30,13245,4009605,4018962,4032208,JobState.COMPLETED,1.0,0,0,0,176.53061224489383,176.53061224489795,70144438.77550857
jid_717415,376.0,159.0,30,13246,4009605,4018962,4032209,JobState.COMPLETED,1.0,0,0,0,176.53061224489383,176.53061224489795,70149734.69387591
jid_717848,64972.0,108.0,1,176,4032143,4032143,4032320,JobState.COMPLETED,1.0,0,0,0,176.5306122448979,176.53061224489795,31069.38775510203
jid_717415,376.0,159.0,30,13380,4009605,4018962,4032343,JobState.COMPLETED,1.0,0,0,0,176.5306122448938,176.53061224489795,70859387.75510038
jid_717415,376.0,159.0,30,13487,4009605,4018962,4032450,JobState.COMPLETED,1.0,0,0,0,176.53061224489377,176.53061224489795,71426051.02040647
jid_717850,301.0,191.0,1,114,4032387,4032387,4032502,JobState.COMPLETED,1.0,0,0,0,176.53061224489792,176.53061224489795,20124.48979591836
jid_717415,376.0,159.0,30,13562,4009605,4018962,4032525,JobState.COMPLETED,1.0,0,0,0,176.53061224489377,176.53061224489795,71823244.89795747
jid_717857,35149.0,375.0,1032,5,4032579,4032579,4032585,JobState.COMPLETED,1.0,0,0,0,176.53061224489795,176.53061224489795,910897.9591836735
jid_717861,35149.0,375.0,1032,6,4032589,4032589,4032596,JobState.COMPLETED,1.0,0,0,0,176.53061224489795,176.53061224489795,1093077.551020408
jid_717859,35149.0,375.0,1032,4,4032593,4032593,4032598,JobState.COMPLETED,1.0,0,0,0,176.53061224489795,176.53061224489795,728718.3673469387
jid_717862,35149.0,375.0,1032,5,4032595,4032595,4032601,JobState.COMPLETED,1.0,0,0,0,176.53061224489795,176.53061224489795,910897.9591836735
jid_717863,35149.0,375.0,1032,4,4032601,4032601,4032606,JobState.COMPLETED,1.0,0,0,0,176.53061224489795,176.53061224489795,728718.3673469387
jid_717415,376.0,159.0,30,13694,4009605,4018962,4032657,JobState.COMPLETED,1.0,0,0,0,176.53061224489375,176.53061224489795,72522306.12244725
jid_717415,376.0,159.0,30,13716,4009605,4018962,4032679,JobState.COMPLETED,1.0,0,0,0,176.53061224489375,176.53061224489795,72638816.32652889
jid_717415,376.0,159.0,30,14120,4009605,4018962,4033083,JobState.COMPLETED,1.0,0,0,0,176.5306122448937,176.53061224489795,74778367.34693696
jid_717415,376.0,159.0,30,14199,4009605,4018962,4033162,JobState.COMPLETED,1.0,0,0,0,176.5306122448937,176.53061224489795,75196744.89795737
jid_717415,376.0,159.0,30,14272,4009605,4018962,4033235,JobState.COMPLETED,1.0,0,0,0,176.53061224489366,176.53061224489795,75583346.93877368
jid_717415,376.0,159.0,30,14460,4009605,4018962,4033423,JobState.COMPLETED,1.0,0,0,0,176.53061224489366,176.53061224489795,76578979.59183487
jid_717975,301.0,191.0,24,160,4033264,4033264,4033425,JobState.COMPLETED,1.0,0,0,0,176.53061224489795,176.53061224489795,677877.5510204082
jid_717921,63626.0,526.0,1,33,4033415,4033415,4033449,JobState.COMPLETED,1.0,0,0,0,176.53061224489795,176.53061224489795,5825.510204081633
jid_717924,63800.0,654.0,12,0,4033490,4033490,4033491,JobState.COMPLETED,1.0,0,0,0,176.53061224489795,176.53061224489795,0.0
jid_717415,376.0,159.0,30,14592,4009605,4018962,4033555,JobState.COMPLETED,1.0,0,0,0,176.53061224489363,176.53061224489795,77278040.81632464
jid_717415,376.0,159.0,30,14605,4009605,4018962,4033568,JobState.COMPLETED,1.0,0,0,0,176.53061224489363,176.53061224489795,77346887.75510015
jid_718406,63723.0,637.0,12,14664,4014967,4018962,4033627,JobState.COMPLETED,1.0,0,0,0,176.53061224489423,176.53061224489795,31063738.775509547
jid_717970,34.0,327.0,32,2,4033706,4033706,4033709,JobState.COMPLETED,1.0,0,0,0,176.53061224489795,176.53061224489795,11297.959183673469
jid_717415,376.0,159.0,30,14774,4009605,4018962,4033737,JobState.COMPLETED,1.0,0,0,0,176.5306122448936,176.53061224489795,78241897.95918174
jid_717415,376.0,159.0,30,14804,4009605,4018962,4033767,JobState.COMPLETED,1.0,0,0,0,176.5306122448936,176.53061224489795,78400775.51020215
jid_717948,63626.0,526.0,1,273,4033706,4033706,4033980,JobState.COMPLETED,1.0,0,0,0,176.53061224489792,176.53061224489795,48192.85714285713
jid_717958,40597.0,526.0,1,0,4033979,4033979,4033979,JobState.COMPLETED,1.0,0,0,0,176.53061224489795,176.53061224489795,0.0
jid_717952,35149.0,375.0,1032,15,4033968,4033968,4033984,JobState.COMPLETED,0.5864476310815596,0,0,0,125.89154666304813,125.89154666304813,1948801.1423439851
jid_717415,376.0,159.0,30,15069,4009605,4018962,4034032,JobState.COMPLETED,1.0,0,0,0,176.53061224489358,176.53061224489795,79804193.87754904
jid_717415,376.0,159.0,30,15181,4009605,4018962,4034144,JobState.COMPLETED,1.0,0,0,0,176.53061224489355,176.53061224489795,80397336.73469187
jid_717415,376.0,159.0,30,15360,4009605,4018962,4034323,JobState.COMPLETED,1.0,0,0,0,176.53061224489355,176.53061224489795,81345306.12244694
jid_717426,611.0,135.0,1,15370,4003573,4018962,4034333,JobState.COMPLETED,1.0,0,0,0,176.5306122449041,176.53061224489795,2713275.510204176
jid_717423,611.0,135.0,1,15372,4003555,4018962,4034335,JobState.COMPLETED,1.0,0,0,0,176.5306122449041,176.53061224489795,2713628.571428666
jid_717425,611.0,135.0,1,15387,4003547,4018962,4034350,JobState.COMPLETED,1.0,0,0,0,176.5306122449041,176.53061224489795,2716276.5306123393
jid_717415,376.0,159.0,30,15435,4009605,4018962,4034398,JobState.COMPLETED,1.0,0,0,0,176.5306122448935,176.53061224489795,81742499.99999793
jid_717415,376.0,159.0,30,15524,4009605,4018962,4034487,JobState.COMPLETED,1.0,0,0,0,176.5306122448935,176.53061224489795,82213836.7346918
jid_717415,376.0,159.0,30,15533,4009605,4018962,4034496,JobState.COMPLETED,1.0,0,0,0,176.5306122448935,176.53061224489795,82261499.99999791
jid_718024,40597.0,526.0,1,369,4034215,4034215,4034585,JobState.COMPLETED,1.0,0,0,0,176.530612244898,176.53061224489795,65139.79591836737
jid_717415,376.0,159.0,30,15629,4009605,4018962,4034592,JobState.COMPLETED,1.0,0,0,0,176.5306122448935,176.53061224489795,82769908.1632632
jid_718095,64938.0,634.0,656,12,4034676,4034676,4034689,JobState.COMPLETED,0.6282782638984153,0,0,0,131.01366496715292,131.01366496715292,1031339.5706214277
jid_718095,64938.0,634.0,656,12,4034676,4034676,4034689,JobState.COMPLETED,0.629215069644568,0,0,0,131.12837587484503,131.12837587484503,1032242.5748867802
jid_718095,64938.0,634.0,656,19,4034676,4034676,4034696,JobState.COMPLETED,0.6294222230190344,0,0,0,131.15374159416746,131.15374159416746,1634700.2352297034
jid_718095,64938.0,634.0,656,24,4034676,4034676,4034701,JobState.COMPLETED,0.6295275799826653,0,0,0,131.16664244685697,131.16664244685697,2065087.6186833163
jid_718095,64938.0,634.0,656,34,4034676,4034676,4034711,JobState.COMPLETED,0.6288968921694874,0,0,0,131.08941536769234,131.08941536769234,2923818.32036101
jid_718095,64938.0,634.0,656,35,4034676,4034676,4034712,JobState.COMPLETED,0.6297548068424699,0,0,0,131.1944661439759,131.1944661439759,3012224.9426656864
jid_718095,64938.0,634.0,656,36,4034676,4034676,4034713,JobState.COMPLETED,0.6278097967194229,0,0,0,130.95630163911304,130.95630163911304,3092664.0195092936
jid_718095,64938.0,634.0,656,46,4034676,4034676,4034723,JobState.COMPLETED,0.6298485207681908,0,0,0,131.20594131855395,131.20594131855395,3959270.485228684
jid_718118,36151.0,65.0,399,904,4034155,4034155,4035060,JobState.COMPLETED,1.0,0,0,0,176.53061224489804,176.53061224489798,63673885.714285746
jid_717558,797.9999999999927,206.00000000000003,250,16171,4009024,4018962,4035134,JobState.COMPLETED,1.0,0,0,0,176.5306122449024,176.53061224489795,713669132.6530792
jid_718128,17.0,542.0,8,323,4034990,4034990,4035314,JobState.COMPLETED,1.0,0,0,0,176.53061224489798,176.53061224489795,456155.1020408164
jid_720064,55950.0,507.0,144,76,4035336,4035336,4035413,JobState.COMPLETED,0.6404107975310396,0,0,0,132.49928133033137,132.49928133033137,1450072.1348791465
jid_720064,55950.0,507.0,144,75,4035337,4035337,4035413,JobState.COMPLETED,0.6411576695888139,0,0,0,132.5907350516915,132.5907350516915,1431979.9385582681
jid_720064,55950.0,507.0,144,83,4035350,4035350,4035434,JobState.COMPLETED,0.6497021592427531,0,0,0,133.63699909094936,133.63699909094936,1597229.4131350268
jid_717415,376.0,159.0,30,16514,4009605,4018962,4035477,JobState.COMPLETED,1.0,0,0,0,176.53061224489338,176.53061224489795,87456795.91836508
jid_718134,35149.0,375.0,1032,4,4035536,4035536,4035541,JobState.COMPLETED,1.0,0,0,0,176.53061224489795,176.53061224489795,728718.3673469387
jid_717415,376.0,159.0,30,16590,4009605,4018962,4035553,JobState.COMPLETED,1.0,0,0,0,176.53061224489338,176.53061224489795,87859285.71428342
jid_718151,60384.0,590.0,25,17,4035572,4035572,4035590,JobState.COMPLETED,1.0,0,0,0,176.53061224489795,176.53061224489795,75025.51020408163
jid_718135,64979.0,504.0,12,2,4035611,4035611,4035614,JobState.COMPLETED,1.0,0,0,0,176.53061224489795,176.53061224489795,4236.734693877551
jid_717415,376.0,159.0,30,16656,4009605,4018962,4035619,JobState.COMPLETED,1.0,0,0,0,176.53061224489338,176.53061224489795,88208816.32652833
jid_717415,376.0,159.0,30,16720,4009605,4018962,4035683,JobState.COMPLETED,1.0,0,0,0,176.53061224489338,176.53061224489795,88547755.10203852
jid_717415,376.0,159.0,30,16736,4009605,4018962,4035699,JobState.COMPLETED,1.0,0,0,0,176.53061224489338,176.53061224489795,88632489.79591607
jid_718161,60384.0,590.0,25,29,4036033,4036033,4036063,JobState.COMPLETED,1.0,0,0,0,176.53061224489795,176.53061224489795,127984.693877551
jid_717415,376.0,159.0,30,17394,4009605,4018962,4036357,JobState.COMPLETED,1.0,0,0,0,176.5306122448933,176.53061224489795,92117204.08163022
jid_717415,376.0,159.0,30,17400,4009605,4018962,4036363,JobState.COMPLETED,1.0,0,0,0,176.5306122448933,176.53061224489795,92148979.59183429
jid_718355,1246.0000000000073,114.0,3,8820,4027733,4027733,4036554,JobState.COMPLETED,0.7900423331317683,0,0,0,150.82151017939995,150.8215101794002,3990737.1593469223
jid_718171,63898.0,548.0,12,4,4036754,4036754,4036759,JobState.COMPLETED,1.0,0,0,0,176.53061224489795,176.53061224489795,8473.469387755102
jid_718174,63898.0,548.0,12,4,4036767,4036767,4036772,JobState.COMPLETED,1.0,0,0,0,176.53061224489795,176.53061224489795,8473.469387755102
jid_717415,376.0,159.0,30,18009,4009605,4018962,4036972,JobState.COMPLETED,1.0,0,0,0,176.53061224489323,176.53061224489795,95374193.87754846
jid_717415,376.0,159.0,30,18093,4009605,4018962,4037056,JobState.COMPLETED,1.0,0,0,0,176.53061224489323,176.53061224489795,95819051.0204056
jid_718181,64978.0,327.0,32,131,4037011,4037011,4037143,JobState.COMPLETED,0.8505673659608501,0,0,0,158.23273868908376,158.2327386890837,663311.6405846392
jid_718187,64978.0,327.0,32,424,4036803,4036803,4037228,JobState.COMPLETED,0.8765841366722458,0,0,0,161.41846571496896,161.41846571496887,2190125.742820699
jid_718567,1246.0000000000073,114.0,160,11286,4026011,4026011,4037298,JobState.COMPLETED,0.7882037274148131,0,0,0,150.59637478548643,150.59637478548734,271940909.73263997
jid_717415,376.0,159.0,30,18390,4009605,4018962,4037353,JobState.COMPLETED,1.0,0,0,0,176.5306122448932,176.53061224489795,97391938.77550757
jid_718567,1246.0000000000073,114.0,160,11516,4026013,4026013,4037530,JobState.COMPLETED,0.7898958713111727,0,0,0,150.80357607891796,150.80357607891912,277864637.1399711
jid_718567,1246.0000000000073,114.0,160,11519,4026011,4026011,4037531,JobState.COMPLETED,0.7896293867750128,0,0,0,150.7709453193922,150.77094531938934,277876883.0614526
jid_718567,1246.0000000000073,114.0,160,11533,4026013,4026013,4037547,JobState.COMPLETED,0.789329251913334,0,0,0,150.73419411184042,150.7341941118368,278146793.7106969
jid_718567,1246.0000000000073,114.0,160,11540,4026013,4026013,4037554,JobState.COMPLETED,0.7888456240339958,0,0,0,150.67497437151087,150.6749743715097,278206272.6795577
jid_718567,1246.0000000000073,114.0,160,11659,4026010,4026010,4037670,JobState.COMPLETED,0.7714250367581386,0,0,0,148.54184123568837,148.54184123569044,277095892.3147025
jid_717415,376.0,159.0,30,18939,4009605,4018962,4037902,JobState.COMPLETED,1.0,0,0,0,176.53061224489318,176.53061224489795,100299397.95918095
jid_718567,1246.0000000000073,114.0,160,12010,4026012,4026012,4038023,JobState.COMPLETED,0.7736627144613426,0,0,0,148.81584258710467,148.8158425871032,285964523.11538035
jid_717415,376.0,159.0,30,19088,4009605,4018962,4038051,JobState.COMPLETED,1.0,0,0,0,176.53061224489315,176.53061224489795,101088489.7959156
jid_718210,64978.0,327.0,32,486,4037644,4037644,4038131,JobState.COMPLETED,0.8751292302927187,0,0,0,161.240313913394,161.24031391339415,2507609.3619811037
jid_717415,376.0,159.0,30,19328,4009605,4018962,4038291,JobState.COMPLETED,1.0,0,0,0,176.53061224489315,176.53061224489795,102359510.20407884
jid_718635,62867.0,623.0,15,19402,4010867,4018962,4038365,JobState.COMPLETED,1.0,0,0,0,176.53061224489315,176.53061224489795,51375704.08163125
jid_718215,63858.0,175.0,48,463,4037953,4037953,4038417,JobState.COMPLETED,1.0,0,0,0,176.5306122448978,176.53061224489795,3923216.3265306093
jid_718739,63704.0,637.0,12,19471,4014380,4018962,4038434,JobState.COMPLETED,1.0,0,0,0,176.5306122448936,176.53061224489795,41246730.612243876
jid_718567,1246.0000000000073,114.0,160,12467,4026010,4026010,4038478,JobState.COMPLETED,0.7565395613762459,0,0,0,146.7191299644353,146.71912996443828,292663582.9226584
jid_718218,64926.0,512.0,1,91,4038772,4038772,4038864,JobState.COMPLETED,0.5391884197995804,0,0,0,120.10470446525476,120.10470446525476,10929.528106338183
jid_717415,376.0,159.0,30,19902,4009605,4018962,4038865,JobState.COMPLETED,1.0,0,0,0,176.5306122448931,176.53061224489795,105399367.34693587
jid_718222,301.0,549.0,399,3272,4035653,4035653,4038926,JobState.COMPLETED,1.0,0,0,0,176.53061224489716,176.53061224489798,230465657.1428561
jid_718567,1246.0000000000073,114.0,160,13003,4026010,4026010,4039014,JobState.COMPLETED,0.7429926722124974,0,0,0,145.06032720969492,145.06032720969358,301795109.5532261
jid_718228,62858.0,54.0,528,78,4038962,4039014,4039093,JobState.COMPLETED,1.0,0,0,0,176.53061224489798,176.53061224489795,7270236.734693879
jid_717415,376.0,159.0,30,20179,4009605,4018962,4039142,JobState.COMPLETED,1.0,0,0,0,176.5306122448931,176.53061224489795,106866336.73469093
jid_718243,64978.0,327.0,32,1860,4037555,4037555,4039416,JobState.COMPLETED,0.9242691621580625,0,0,0,167.25744842751755,167.25744842751786,9955163.330405844
jid_718246,301.0,549.0,399,2694,4036853,4036853,4039548,JobState.COMPLETED,1.0,0,0,0,176.53061224489787,176.53061224489798,189753814.28571418
jid_717415,376.0,159.0,30,20795,4009605,4018962,4039758,JobState.COMPLETED,1.0,0,0,0,176.530612244893,176.53061224489795,110128622.4489765
jid_717648,108.0,519.0,6,20827,4006409,4018962,4039790,JobState.COMPLETED,1.0,0,0,0,176.5306122448935,176.53061224489795,22059618.36734638
jid_718562,64978.0,327.0,32,149,4039652,4039652,4039802,JobState.COMPLETED,0.8474407007469716,0,0,0,157.849881724119,157.849881724119,752628.2360605994
jid_718262,301.0,549.0,399,443,4039607,4039607,4040051,JobState.COMPLETED,1.0,0,0,0,176.5306122448978,176.53061224489798,31203021.428571403
jid_717415,376.0,159.0,30,21235,4009605,4018962,4040198,JobState.COMPLETED,1.0,0,0,0,176.53061224489298,176.53061224489795,112458826.53060907
jid_718271,62923.0,557.0,2,0,4040286,4040286,4040287,JobState.COMPLETED,1.0,0,0,0,176.53061224489795,176.53061224489795,0.0
jid_718288,65011.0,445.0,28,30,4040343,4040343,4040374,JobState.COMPLETED,1.0,0,0,0,176.53061224489798,176.53061224489798,148285.71428571432
jid_717415,376.0,159.0,30,21430,4009605,4018962,4040393,JobState.COMPLETED,1.0,0,0,0,176.53061224489298,176.53061224489795,113491530.6122417
jid_717415,376.0,159.0,30,21526,4009605,4018962,4040489,JobState.COMPLETED,1.0,0,0,0,176.53061224489298,176.53061224489795,113999938.77550699
jid_718291,59199.0,43.0,48,2709,4037787,4037787,4040497,JobState.COMPLETED,1.0,0,0,0,176.53061224489775,176.53061224489795,22954628.571428545
jid_718745,62867.0,623.0,15,21609,4011760,4018962,4040572,JobState.COMPLETED,1.0,0,0,0,176.53061224489298,176.53061224489795,57219749.99999838
jid_717415,376.0,159.0,30,21643,4009605,4018962,4040606,JobState.COMPLETED,1.0,0,0,0,176.53061224489295,176.53061224489795,114619561.22448654
jid_717415,376.0,159.0,30,21670,4009605,4018962,4040633,JobState.COMPLETED,1.0,0,0,0,176.53061224489295,176.53061224489795,114762551.0204049
jid_717415,376.0,159.0,30,21797,4009605,4018962,4040760,JobState.COMPLETED,1.0,0,0,0,176.53061224489295,176.53061224489795,115435132.65305795
jid_718300,301.0,549.0,399,4149,4036658,4036658,4040808,JobState.COMPLETED,1.0,0,0,0,176.5306122448965,176.53061224489798,292237778.57142615
jid_717415,376.0,159.0,30,22192,4009605,4018962,4041155,JobState.COMPLETED,1.0,0,0,0,176.53061224489292,176.53061224489795,117527020.40815991
jid_718352,1460.0,60.0,1,12,4041233,4041233,4041246,JobState.COMPLETED,1.0,0,0,0,176.53061224489795,176.53061224489795,2118.3673469387754
jid_718358,65018.0,176.0,1,22,4041251,4041251,4041274,JobState.COMPLETED,1.0,0,0,0,176.53061224489795,176.53061224489795,3883.673469387755
jid_718360,64926.0,512.0,1,64,4041321,4041321,4041386,JobState.COMPLETED,0.6343030015494405,0,0,0,131.75138794482947,131.75138794482947,8432.088828469086
jid_718680,64978.0,327.0,32,1862,4039528,4039528,4041391,JobState.COMPLETED,0.9104352553069502,0,0,0,165.56350064983056,165.56350064983062,9864935.622719504
jid_717415,376.0,159.0,30,22621,4009605,4018962,4041584,JobState.COMPLETED,1.0,0,0,0,176.53061224489292,176.53061224489795,119798969.38775168
jid_718495,62923.0,557.0,4,171,4041969,4041969,4042141,JobState.COMPLETED,1.0,0,0,0,176.5306122448979,176.53061224489795,120746.93877551016
jid_717415,376.0,159.0,30,23276,4009605,4018962,4042239,JobState.COMPLETED,1.0,0,0,0,176.53061224489286,176.53061224489795,123267795.9183638
jid_717415,376.0,159.0,30,23429,4009605,4018962,4042392,JobState.COMPLETED,1.0,0,0,0,176.53061224489286,176.53061224489795,124078071.42856784
jid_718569,60384.0,590.0,25,20,4042450,4042450,4042471,JobState.COMPLETED,1.0,0,0,0,176.53061224489795,176.53061224489795,88265.30612244898
jid_716641,15165.0,135.0,3456,23516,3974621,4018962,4042479,JobState.COMPLETED,1.0,0,0,0,176.53061224490162,176.53061224489795,14346871640.816624
jid_716644,15165.0,135.0,3456,23886,3974883,4018962,4042849,JobState.COMPLETED,1.0,0,0,0,176.530612244902,176.53061224489795,14572604865.306456
jid_718302,62773.0,608.0,5832,145,4040733,4042849,4042995,JobState.COMPLETED,0.5175148204774112,0,0,0,117.45079434417279,117.45079434417279,99321089.72920626
jid_718510,16509.999999999996,670.0,128,15702,4027691,4027691,4043394,JobState.COMPLETED,0.5940342150049394,0,0,0,126.82051612305621,126.8205161230538,254890975.25302127
jid_718545,62923.0,557.0,4,311,4043145,4043145,4043457,JobState.COMPLETED,1.0,0,0,0,176.53061224489798,176.53061224489795,219604.08163265308
jid_718544,62923.0,557.0,4,313,4043144,4043144,4043458,JobState.COMPLETED,1.0,0,0,0,176.53061224489798,176.53061224489795,221016.32653061228
jid_718550,16509.999999999996,670.0,128,15625,4027903,4027903,4043529,JobState.COMPLETED,0.5943878484210817,0,0,0,126.86381817401474,126.86381817401,253727636.34802946
jid_717910,9228.0,194.0,216,24809,4008328,4018962,4043772,JobState.COMPLETED,1.0,0,0,0,176.5306122449029,176.53061224489795,945982359.1837
jid_718618,38899.0,145.0,8,7553,4036308,4036308,4043862,JobState.COMPLETED,1.0,0,0,0,176.53061224489693,176.53061224489795,10666685.714285651
jid_718606,38625.0,145.0,8,7565,4036297,4036297,4043863,JobState.COMPLETED,1.0,0,0,0,176.53061224489696,176.53061224489795,10683632.653061165
jid_718614,38975.0,145.0,8,7590,4036297,4036297,4043888,JobState.COMPLETED,1.0,0,0,0,176.53061224489701,176.53061224489795,10718938.775510147
jid_718613,38626.0,145.0,8,7617,4036296,4036296,4043914,JobState.COMPLETED,1.0,0,0,0,176.53061224489704,176.53061224489795,10757069.387755046
jid_718589,62923.0,557.0,4,311,4043825,4043825,4044137,JobState.COMPLETED,1.0,0,0,0,176.53061224489798,176.53061224489795,219604.08163265308
jid_717415,376.0,159.0,30,25194,4009605,4018962,4044157,JobState.COMPLETED,1.0,0,0,0,176.53061224489278,176.53061224489795,133425367.34693485
jid_718590,62923.0,557.0,4,286,4043871,4043871,4044158,JobState.COMPLETED,1.0,0,0,0,176.53061224489795,176.53061224489795,201951.02040816325
jid_718595,62923.0,557.0,4,310,4043872,4043872,4044183,JobState.COMPLETED,1.0,0,0,0,176.53061224489798,176.53061224489795,218897.9591836735
jid_718596,62923.0,557.0,4,311,4043872,4043872,4044184,JobState.COMPLETED,1.0,0,0,0,176.53061224489798,176.53061224489795,219604.08163265308
jid_718655,38997.0,145.0,8,7938,4036308,4036308,4044247,JobState.COMPLETED,1.0,0,0,0,176.5306122448976,176.53061224489795,11210399.999999978
jid_718604,63858.0,175.0,48,504,4043776,4043776,4044281,JobState.COMPLETED,1.0,0,0,0,176.5306122448978,176.53061224489795,4270628.571428567
jid_718650,36777.0,145.0,8,8022,4036296,4036296,4044319,JobState.COMPLETED,1.0,0,0,0,176.53061224489775,176.53061224489795,11329028.571428558
jid_719264,65074.0,512.0,160,25493,4009681,4018962,4044456,JobState.COMPLETED,0.7787210759647305,0,0,0,149.4352337915942,149.43523379159964,609528386.4078577
jid_719336,62867.0,623.0,15,25497,4011619,4018962,4044460,JobState.COMPLETED,1.0,0,0,0,176.53061224489278,176.53061224489795,67515015.30612047
jid_719356,62867.0,623.0,15,25504,4012196,4018962,4044467,JobState.COMPLETED,1.0,0,0,0,176.53061224489278,176.53061224489795,67533551.02040617
jid_718731,64982.0,140.0,128,7889,4036858,4036858,4044748,JobState.COMPLETED,1.0,0,0,0,176.53061224489753,176.53061224489795,178259199.99999955
jid_718654,65067.0,457.0,12,1,4044841,4044841,4044843,JobState.COMPLETED,1.0,0,0,0,176.53061224489795,176.53061224489795,2118.3673469387754
jid_717910,647.9999999999927,194.0,216,25913,4008340,4018962,4044876,JobState.COMPLETED,1.0,0,0,0,176.5306122449039,176.53061224489795,988078555.1020741
jid_718731,64987.0,140.0,128,8057,4036857,4036857,4044915,JobState.COMPLETED,1.0,0,0,0,176.5306122448978,176.53061224489795,182055314.28571412
jid_717415,376.0,159.0,30,25964,4009605,4018962,4044927,JobState.COMPLETED,1.0,0,0,0,176.53061224489275,176.53061224489795,137503224.48979187
jid_718675,62923.0,557.0,4,306,4044785,4044785,4045092,JobState.COMPLETED,1.0,0,0,0,176.53061224489798,176.53061224489795,216073.46938775512
jid_718665,62923.0,557.0,4,308,4044784,4044784,4045093,JobState.COMPLETED,1.0,0,0,0,176.53061224489798,176.53061224489795,217485.71428571432
jid_718663,62923.0,557.0,4,309,4044784,4044784,4045094,JobState.COMPLETED,1.0,0,0,0,176.53061224489798,176.53061224489795,218191.8367346939
jid_709849,63710.0,140.0,128,8162,4036995,4036995,4045158,JobState.COMPLETED,1.0,0,0,0,176.53061224489798,176.53061224489795,184427885.71428573
jid_709849,63636.0,140.0,128,8189,4036994,4036994,4045184,JobState.COMPLETED,1.0,0,0,0,176.530612244898,176.53061224489795,185037975.51020414
jid_709874,63773.0,140.0,128,8311,4037160,4037160,4045472,JobState.COMPLETED,1.0,0,0,0,176.53061224489824,176.53061224489795,187794677.5510207
jid_718692,62923.0,557.0,2,428,4045172,4045172,4045601,JobState.COMPLETED,1.0,0,0,0,176.53061224489807,176.53061224489795,151110.20408163275
jid_718690,62923.0,557.0,2,429,4045172,4045172,4045602,JobState.COMPLETED,1.0,0,0,0,176.53061224489807,176.53061224489795,151463.26530612254
jid_718920,63653.0,140.0,128,8552,4037065,4037065,4045618,JobState.COMPLETED,1.0,0,0,0,176.53061224489858,176.53061224489795,193240293.8775517
jid_718704,65011.0,445.0,28,867,4044935,4044935,4045803,JobState.COMPLETED,1.0,0,0,0,176.53061224489807,176.53061224489798,4285457.1428571455
jid_709849,63593.0,140.0,128,8825,4036994,4036994,4045820,JobState.COMPLETED,1.0,0,0,0,176.53061224489898,176.53061224489795,199408979.59183788
jid_718731,63933.0,140.0,128,8973,4036856,4036856,4045830,JobState.COMPLETED,1.0,0,0,0,176.53061224489917,176.53061224489795,202753175.51020548
jid_718744,63898.0,548.0,12,7781,4038134,4038134,4045916,JobState.COMPLETED,1.0,0,0,0,176.5306122448965,176.53061224489795,16483016.326530475
jid_718699,63270.0,140.0,128,9040,4036910,4036910,4045951,JobState.COMPLETED,1.0,0,0,0,176.53061224489926,176.53061224489795,204267102.04081783
jid_718807,55929.0,136.0,2,4847,4041228,4041228,4046076,JobState.COMPLETED,1.0,0,0,0,176.53061224489682,176.53061224489795,1711287.7551020298
jid_718825,55929.0,136.0,2,4901,4041230,4041230,4046132,JobState.COMPLETED,1.0,0,0,0,176.5306122448968,176.53061224489795,1730353.0612244783
jid_717415,376.0,159.0,30,27190,4009605,4018962,4046153,JobState.COMPLETED,1.0,0,0,0,176.5306122448927,176.53061224489795,143996020.40815896
jid_718801,55929.0,136.0,2,4807,4041362,4041362,4046170,JobState.COMPLETED,1.0,0,0,0,176.53061224489682,176.53061224489795,1697165.306122438
jid_718920,63636.0,140.0,128,9105,4037065,4037065,4046171,JobState.COMPLETED,1.0,0,0,0,176.53061224489934,176.53061224489795,205735836.7346955
jid_718920,63593.0,140.0,128,9131,4037065,4037065,4046197,JobState.COMPLETED,1.0,0,0,0,176.53061224489937,176.53061224489795,206323330.61224654
jid_717415,376.0,159.0,30,27252,4009605,4018962,4046215,JobState.COMPLETED,1.0,0,0,0,176.5306122448927,176.53061224489795,144324367.34693447
jid_718798,55929.0,136.0,2,4796,4041731,4041731,4046528,JobState.COMPLETED,1.0,0,0,0,176.53061224489682,176.53061224489795,1693281.6326530504
jid_718782,55929.0,136.0,2,4732,4041855,4041855,4046588,JobState.COMPLETED,1.0,0,0,0,176.53061224489682,176.53061224489795,1670685.7142857034
jid_718985,55929.0,136.0,2,5366,4041225,4041225,4046592,JobState.COMPLETED,1.0,0,0,0,176.53061224489676,176.53061224489795,1894526.530612232
jid_718743,62820.0,140.0,128,9840,4036770,4036770,4046611,JobState.COMPLETED,1.0,0,0,0,176.53061224490023,176.53061224489795,222343836.73469675
jid_718791,55929.0,136.0,2,4729,4041888,4041888,4046618,JobState.COMPLETED,1.0,0,0,0,176.53061224489682,176.53061224489795,1669626.530612234
jid_719398,62867.0,623.0,15,27680,4011760,4018962,4046643,JobState.COMPLETED,1.0,0,0,0,176.5306122448927,176.53061224489795,73295510.20407945
jid_718741,62923.0,557.0,2,421,4046223,4046223,4046645,JobState.COMPLETED,1.0,0,0,0,176.53061224489807,176.53061224489795,148638.77551020417
jid_718805,55929.0,136.0,2,4772,4042010,4042010,4046783,JobState.COMPLETED,1.0,0,0,0,176.53061224489682,176.53061224489795,1684808.163265295
jid_716682,797.9999999999927,206.00000000000003,250,27890,3976607,4018962,4046853,JobState.COMPLETED,1.0,0,0,0,176.53061224490307,176.53061224489795,1230859693.8775866
jid_718840,55929.0,136.0,2,4849,4042023,4042023,4046873,JobState.COMPLETED,1.0,0,0,0,176.53061224489682,176.53061224489795,1711993.8775510094
jid_718834,55929.0,136.0,2,4833,4042043,4042043,4046877,JobState.COMPLETED,1.0,0,0,0,176.53061224489682,176.53061224489795,1706344.8979591727
jid_718797,55929.0,136.0,2,4712,4042218,4042218,4046931,JobState.COMPLETED,1.0,0,0,0,176.53061224489682,176.53061224489795,1663624.4897959076
jid_718827,55929.0,136.0,2,4824,4042187,4042187,4047012,JobState.COMPLETED,1.0,0,0,0,176.53061224489682,176.53061224489795,1703167.3469387644
jid_719161,55929.0,136.0,2,5845,4041233,4041233,4047079,JobState.COMPLETED,1.0,0,0,0,176.53061224489676,176.53061224489795,2063642.857142843
jid_718869,55929.0,136.0,2,4933,4042175,4042175,4047109,JobState.COMPLETED,1.0,0,0,0,176.5306122448968,176.53061224489795,1741651.0204081517
jid_718866,55929.0,136.0,2,4924,4042214,4042214,4047139,JobState.COMPLETED,1.0,0,0,0,176.5306122448968,176.53061224489795,1738473.4693877436
jid_719082,55929.0,136.0,2,5656,4041485,4041485,4047142,JobState.COMPLETED,1.0,0,0,0,176.53061224489676,176.53061224489795,1996914.2857142722
jid_718881,55929.0,136.0,2,4970,4042213,4042213,4047184,JobState.COMPLETED,1.0,0,0,0,176.5306122448968,176.53061224489795,1754714.285714274
jid_717415,376.0,159.0,30,28239,4009605,4018962,4047202,JobState.COMPLETED,1.0,0,0,0,176.53061224489267,176.53061224489795,149551438.77550572
jid_719060,55929.0,136.0,2,5398,4041873,4041873,4047272,JobState.COMPLETED,1.0,0,0,0,176.53061224489676,176.53061224489795,1905824.4897959053
jid_719184,55929.0,136.0,2,5983,4041487,4041487,4047471,JobState.COMPLETED,1.0,0,0,0,176.53061224489673,176.53061224489795,2112365.3061224343
jid_719076,55929.0,136.0,2,5483,4042042,4042042,4047526,JobState.COMPLETED,1.0,0,0,0,176.53061224489676,176.53061224489795,1935834.693877538
jid_719113,55929.0,136.0,2,5676,4041866,4041866,4047543,JobState.COMPLETED,1.0,0,0,0,176.53061224489676,176.53061224489795,2003975.510204068
jid_719116,55929.0,136.0,2,5754,4041874,4041874,4047629,JobState.COMPLETED,1.0,0,0,0,176.53061224489676,176.53061224489795,2031514.285714272
jid_719127,55929.0,136.0,2,5774,4041876,4041876,4047651,JobState.COMPLETED,1.0,0,0,0,176.53061224489676,176.53061224489795,2038575.5102040677
jid_719155,55929.0,136.0,2,5876,4041860,4041860,4047737,JobState.COMPLETED,1.0,0,0,0,176.53061224489676,176.53061224489795,2074587.7551020267
jid_719147,55929.0,136.0,2,5817,4042032,4042032,4047850,JobState.COMPLETED,1.0,0,0,0,176.53061224489676,176.53061224489795,2053757.142857129
jid_718767,62923.0,557.0,4,280,4047604,4047604,4047885,JobState.COMPLETED,1.0,0,0,0,176.53061224489795,176.53061224489795,197714.2857142857
jid_718920,63600.0,140.0,128,10824,4037065,4037065,4047890,JobState.COMPLETED,1.0,0,0,0,176.5306122449012,176.53061224489795,244578220.40816775
jid_719132,55929.0,136.0,2,5734,4042173,4042173,4047908,JobState.COMPLETED,1.0,0,0,0,176.53061224489676,176.53061224489795,2024453.061224476
jid_719128,55929.0,136.0,2,5726,4042198,4042198,4047925,JobState.COMPLETED,1.0,0,0,0,176.53061224489676,176.53061224489795,2021628.5714285576
jid_719544,108.0,519.0,3,25647,4022354,4022354,4048002,JobState.COMPLETED,1.0,0,0,0,176.53061224489315,176.53061224489795,13582441.836734325
jid_719238,55929.0,136.0,2,6022,4042194,4042194,4048217,JobState.COMPLETED,1.0,0,0,0,176.53061224489673,176.53061224489795,2126134.6938775363
jid_717415,376.0,159.0,30,29286,4009605,4018962,4048249,JobState.COMPLETED,1.0,0,0,0,176.53061224489264,176.53061224489795,155096265.30611777
jid_718774,63290.0,616.0,52,112431,3935913,3935913,4048345,JobState.COMPLETED,1.0,0,0,0,176.53061224491404,176.53061224489795,1032070689.7960123
jid_718780,63482.0,634.0,15,25,4048404,4048404,4048430,JobState.COMPLETED,0.6386406949158401,0,0,0,132.28253407132738,132.28253407132738,49605.95027674777
jid_718824,55929.0,136.0,2,46,4048491,4048491,4048538,JobState.COMPLETED,1.0,0,0,0,176.53061224489795,176.53061224489795,16240.816326530612
jid_718806,55929.0,136.0,2,56,4048487,4048487,4048544,JobState.COMPLETED,1.0,0,0,0,176.53061224489795,176.53061224489795,19771.428571428572
jid_718833,55929.0,136.0,2,27,4048616,4048616,4048644,JobState.COMPLETED,1.0,0,0,0,176.53061224489795,176.53061224489795,9532.65306122449
jid_718836,55929.0,136.0,2,27,4048621,4048621,4048649,JobState.COMPLETED,1.0,0,0,0,176.53061224489795,176.53061224489795,9532.65306122449
jid_718848,55929.0,136.0,2,28,4048639,4048639,4048668,JobState.COMPLETED,1.0,0,0,0,176.53061224489795,176.53061224489795,9885.714285714286
jid_718857,55929.0,136.0,2,67,4048617,4048617,4048685,JobState.COMPLETED,1.0,0,0,0,176.53061224489798,176.53061224489795,23655.102040816328
jid_718861,55929.0,136.0,2,75,4048638,4048638,4048714,JobState.COMPLETED,1.0,0,0,0,176.53061224489795,176.53061224489795,26479.591836734693
jid_718875,55929.0,136.0,2,118,4048635,4048635,4048754,JobState.COMPLETED,1.0,0,0,0,176.53061224489792,176.53061224489795,41661.22448979591
jid_718884,55929.0,136.0,2,27,4048769,4048769,4048797,JobState.COMPLETED,1.0,0,0,0,176.53061224489795,176.53061224489795,9532.65306122449
jid_718886,55929.0,136.0,2,27,4048772,4048772,4048800,JobState.COMPLETED,1.0,0,0,0,176.53061224489795,176.53061224489795,9532.65306122449
jid_718887,55929.0,136.0,2,28,4048775,4048775,4048804,JobState.COMPLETED,1.0,0,0,0,176.53061224489795,176.53061224489795,9885.714285714286
jid_718888,55929.0,136.0,2,28,4048776,4048776,4048805,JobState.COMPLETED,1.0,0,0,0,176.53061224489795,176.53061224489795,9885.714285714286
jid_718889,55929.0,136.0,2,27,4048778,4048778,4048806,JobState.COMPLETED,1.0,0,0,0,176.53061224489795,176.53061224489795,9532.65306122449
jid_718898,55929.0,136.0,2,29,4048797,4048797,4048827,JobState.COMPLETED,1.0,0,0,0,176.53061224489795,176.53061224489795,10238.775510204081
jid_718942,55929.0,136.0,2,27,4048806,4048806,4048834,JobState.COMPLETED,1.0,0,0,0,176.53061224489795,176.53061224489795,9532.65306122449
jid_718908,55929.0,136.0,2,27,4048813,4048813,4048841,JobState.COMPLETED,1.0,0,0,0,176.53061224489795,176.53061224489795,9532.65306122449
jid_718911,55929.0,136.0,2,27,4048816,4048816,4048844,JobState.COMPLETED,1.0,0,0,0,176.53061224489795,176.53061224489795,9532.65306122449
jid_718916,55929.0,136.0,2,51,4048804,4048804,4048856,JobState.COMPLETED,1.0,0,0,0,176.53061224489795,176.53061224489795,18006.12244897959
jid_718917,55929.0,136.0,2,52,4048809,4048809,4048862,JobState.COMPLETED,1.0,0,0,0,176.53061224489795,176.53061224489795,18359.183673469386
jid_718939,55929.0,136.0,2,28,4048947,4048947,4048976,JobState.COMPLETED,1.0,0,0,0,176.53061224489795,176.53061224489795,9885.714285714286
jid_718952,55929.0,136.0,2,28,4048969,4048969,4048998,JobState.COMPLETED,1.0,0,0,0,176.53061224489795,176.53061224489795,9885.714285714286
jid_718963,55929.0,136.0,2,50,4048965,4048965,4049016,JobState.COMPLETED,1.0,0,0,0,176.53061224489795,176.53061224489795,17653.061224489797
jid_718996,55929.0,136.0,2,46,4048974,4048974,4049021,JobState.COMPLETED,1.0,0,0,0,176.53061224489795,176.53061224489795,16240.816326530612
jid_718968,55929.0,136.0,2,28,4048996,4048996,4049025,JobState.COMPLETED,1.0,0,0,0,176.53061224489795,176.53061224489795,9885.714285714286
jid_718970,55929.0,136.0,2,28,4048997,4048997,4049026,JobState.COMPLETED,1.0,0,0,0,176.53061224489795,176.53061224489795,9885.714285714286
jid_718972,55929.0,136.0,2,52,4048976,4048976,4049029,JobState.COMPLETED,1.0,0,0,0,176.53061224489795,176.53061224489795,18359.183673469386
jid_718978,55929.0,136.0,2,53,4048987,4048987,4049041,JobState.COMPLETED,1.0,0,0,0,176.53061224489795,176.53061224489795,18712.244897959183
jid_719011,55929.0,136.0,2,27,4049139,4049139,4049167,JobState.COMPLETED,1.0,0,0,0,176.53061224489795,176.53061224489795,9532.65306122449
jid_719017,55929.0,136.0,2,27,4049148,4049148,4049176,JobState.COMPLETED,1.0,0,0,0,176.53061224489795,176.53061224489795,9532.65306122449
jid_719019,55929.0,136.0,2,28,4049155,4049155,4049184,JobState.COMPLETED,1.0,0,0,0,176.53061224489795,176.53061224489795,9885.714285714286
jid_719020,55929.0,136.0,2,28,4049156,4049156,4049185,JobState.COMPLETED,1.0,0,0,0,176.53061224489795,176.53061224489795,9885.714285714286
jid_719026,55929.0,136.0,2,27,4049165,4049165,4049193,JobState.COMPLETED,1.0,0,0,0,176.53061224489795,176.53061224489795,9532.65306122449
jid_719029,55929.0,136.0,2,27,4049168,4049168,4049196,JobState.COMPLETED,1.0,0,0,0,176.53061224489795,176.53061224489795,9532.65306122449
jid_719031,55929.0,136.0,2,27,4049169,4049169,4049197,JobState.COMPLETED,1.0,0,0,0,176.53061224489795,176.53061224489795,9532.65306122449
jid_719039,62657.0,608.0,64,20,4049194,4049194,4049215,JobState.COMPLETED,1.0,0,0,0,176.53061224489795,176.53061224489795,225959.18367346938
jid_719041,55929.0,136.0,2,52,4049164,4049164,4049217,JobState.COMPLETED,1.0,0,0,0,176.53061224489795,176.53061224489795,18359.183673469386
jid_719042,55929.0,136.0,2,51,4049166,4049166,4049218,JobState.COMPLETED,1.0,0,0,0,176.53061224489795,176.53061224489795,18006.12244897959
jid_719044,63482.0,634.0,15,15,4049218,4049218,4049234,JobState.COMPLETED,0.5553524582069503,0,0,0,122.08397447432046,122.08397447432046,27468.894256722102
jid_719062,55929.0,136.0,2,28,4049297,4049297,4049326,JobState.COMPLETED,1.0,0,0,0,176.53061224489795,176.53061224489795,9885.714285714286
jid_719073,65073.0,512.0,10,60,4049289,4049289,4049350,JobState.COMPLETED,0.6521275029263487,0,0,0,133.93397995016514,133.93397995016517,80360.38797009908
jid_719078,55929.0,136.0,2,61,4049311,4049311,4049373,JobState.COMPLETED,1.0,0,0,0,176.53061224489798,176.53061224489795,21536.734693877555
jid_719093,65062.0,608.0,216,136,4049311,4049311,4049448,JobState.COMPLETED,1.0,0,0,0,176.53061224489804,176.53061224489795,5185763.265306124
jid_719102,55929.0,136.0,2,27,4049443,4049443,4049471,JobState.COMPLETED,1.0,0,0,0,176.53061224489795,176.53061224489795,9532.65306122449
jid_719105,55929.0,136.0,2,27,4049457,4049457,4049485,JobState.COMPLETED,1.0,0,0,0,176.53061224489795,176.53061224489795,9532.65306122449
jid_719109,55929.0,136.0,2,51,4049452,4049452,4049504,JobState.COMPLETED,1.0,0,0,0,176.53061224489795,176.53061224489795,18006.12244897959
jid_719118,55929.0,136.0,2,66,4049449,4049449,4049516,JobState.COMPLETED,1.0,0,0,0,176.53061224489798,176.53061224489795,23302.040816326535
jid_719125,55929.0,136.0,2,80,4049447,4049447,4049528,JobState.COMPLETED,1.0,0,0,0,176.53061224489795,176.53061224489795,28244.897959183672
jid_719150,55929.0,136.0,2,27,4049603,4049603,4049631,JobState.COMPLETED,1.0,0,0,0,176.53061224489795,176.53061224489795,9532.65306122449
jid_719156,55929.0,136.0,2,27,4049607,4049607,4049635,JobState.COMPLETED,1.0,0,0,0,176.53061224489795,176.53061224489795,9532.65306122449
jid_719163,55929.0,136.0,2,27,4049615,4049615,4049643,JobState.COMPLETED,1.0,0,0,0,176.53061224489795,176.53061224489795,9532.65306122449
jid_719182,55929.0,136.0,2,74,4049619,4049619,4049694,JobState.COMPLETED,1.0,0,0,0,176.53061224489795,176.53061224489795,26126.530612244896
jid_719185,65073.0,512.0,10,78,4049631,4049631,4049710,JobState.COMPLETED,0.7346155488017002,0,0,0,144.03455699612658,144.03455699612655,112346.95445697872
jid_719194,55929.0,136.0,2,27,4049747,4049747,4049775,JobState.COMPLETED,1.0,0,0,0,176.53061224489795,176.53061224489795,9532.65306122449
jid_719197,55929.0,136.0,2,27,4049758,4049758,4049786,JobState.COMPLETED,1.0,0,0,0,176.53061224489795,176.53061224489795,9532.65306122449
jid_719207,55929.0,136.0,2,27,4049770,4049770,4049798,JobState.COMPLETED,1.0,0,0,0,176.53061224489795,176.53061224489795,9532.65306122449
jid_719234,55929.0,136.0,2,27,4049784,4049784,4049812,JobState.COMPLETED,1.0,0,0,0,176.53061224489795,176.53061224489795,9532.65306122449
jid_719213,55929.0,136.0,2,58,4049755,4049755,4049814,JobState.COMPLETED,1.0,0,0,0,176.53061224489795,176.53061224489795,20477.551020408162
jid_719236,55929.0,136.0,2,27,4049788,4049788,4049816,JobState.COMPLETED,1.0,0,0,0,176.53061224489795,176.53061224489795,9532.65306122449
jid_719237,55929.0,136.0,2,46,4049772,4049772,4049819,JobState.COMPLETED,1.0,0,0,0,176.53061224489795,176.53061224489795,16240.816326530612
jid_719220,55929.0,136.0,2,93,4049751,4049751,4049845,JobState.COMPLETED,1.0,0,0,0,176.53061224489792,176.53061224489795,32834.69387755101
jid_719228,55929.0,136.0,2,80,4049776,4049776,4049857,JobState.COMPLETED,1.0,0,0,0,176.53061224489795,176.53061224489795,28244.897959183672
jid_719226,55929.0,136.0,2,80,4049777,4049777,4049858,JobState.COMPLETED,1.0,0,0,0,176.53061224489795,176.53061224489795,28244.897959183672
jid_719243,55929.0,136.0,2,29,4049912,4049912,4049942,JobState.COMPLETED,1.0,0,0,0,176.53061224489795,176.53061224489795,10238.775510204081
jid_719245,55929.0,136.0,2,27,4049915,4049915,4049943,JobState.COMPLETED,1.0,0,0,0,176.53061224489795,176.53061224489795,9532.65306122449
jid_719276,55929.0,136.0,2,27,4049918,4049918,4049946,JobState.COMPLETED,1.0,0,0,0,176.53061224489795,176.53061224489795,9532.65306122449
jid_719247,55929.0,136.0,2,27,4049924,4049924,4049952,JobState.COMPLETED,1.0,0,0,0,176.53061224489795,176.53061224489795,9532.65306122449
jid_719260,55929.0,136.0,2,27,4049945,4049945,4049973,JobState.COMPLETED,1.0,0,0,0,176.53061224489795,176.53061224489795,9532.65306122449
jid_719267,55929.0,136.0,2,53,4049939,4049939,4049993,JobState.COMPLETED,1.0,0,0,0,176.53061224489795,176.53061224489795,18712.244897959183
jid_719273,55929.0,136.0,2,76,4049936,4049936,4050013,JobState.COMPLETED,1.0,0,0,0,176.53061224489795,176.53061224489795,26832.65306122449
jid_719282,55929.0,136.0,2,27,4050074,4050074,4050102,JobState.COMPLETED,1.0,0,0,0,176.53061224489795,176.53061224489795,9532.65306122449
jid_719304,55929.0,136.0,2,27,4050076,4050076,4050104,JobState.COMPLETED,1.0,0,0,0,176.53061224489795,176.53061224489795,9532.65306122449
jid_719286,55929.0,136.0,2,26,4050084,4050084,4050111,JobState.COMPLETED,1.0,0,0,0,176.53061224489795,176.53061224489795,9179.591836734693
jid_719307,55929.0,136.0,2,45,4050071,4050071,4050117,JobState.COMPLETED,1.0,0,0,0,176.53061224489795,176.53061224489795,15887.755102040815
jid_719296,55929.0,136.0,2,59,4050073,4050073,4050133,JobState.COMPLETED,1.0,0,0,0,176.53061224489795,176.53061224489795,20830.61224489796
jid_719299,55929.0,136.0,2,61,4050078,4050078,4050140,JobState.COMPLETED,1.0,0,0,0,176.53061224489798,176.53061224489795,21536.734693877555
jid_719303,55929.0,136.0,2,75,4050095,4050095,4050171,JobState.COMPLETED,1.0,0,0,0,176.53061224489795,176.53061224489795,26479.591836734693
jid_719369,62567.0,557.0,12,8240,4042273,4042273,4050514,JobState.COMPLETED,1.0,0,0,0,176.53061224489625,176.53061224489795,17455346.938775342
jid_719349,60513.0,599.0,512,24859,4026209,4026209,4051069,JobState.COMPLETED,0.5854593396922548,0,0,0,125.7705313908902,125.77053139088835,1600783175.6012235
jid_717415,376.0,159.0,30,32263,4009605,4018962,4051226,JobState.COMPLETED,1.0,0,0,0,176.5306122448937,176.53061224489795,170862214.28571016
jid_719379,62567.0,557.0,12,8251,4043156,4043156,4051408,JobState.COMPLETED,1.0,0,0,0,176.53061224489625,176.53061224489795,17478648.979591668
jid_719361,15165.0,135.0,3456,25504,4025972,4025972,4051477,JobState.COMPLETED,1.0,0,0,0,176.53061224490355,176.53061224489795,15559730155.102533
jid_719363,60513.0,599.0,512,25484,4026205,4026205,4051690,JobState.COMPLETED,0.5841373246030749,0,0,0,125.60865199221902,125.60865199221325,1638917574.3332913
jid_718701,301.0,549.0,479,33188,4012662,4018962,4052151,JobState.COMPLETED,1.0,0,0,0,176.5306122449054,176.53061224489795,2806316322.4490976
jid_719478,62567.0,557.0,8,11335,4040954,4040954,4052290,JobState.COMPLETED,1.0,0,0,0,176.53061224490165,176.53061224489795,16007795.918367682
jid_719482,62567.0,557.0,8,11373,4040955,4040955,4052329,JobState.COMPLETED,1.0,0,0,0,176.53061224490168,176.53061224489795,16061461.224490134
jid_719488,62567.0,557.0,8,11396,4040955,4040955,4052352,JobState.COMPLETED,1.0,0,0,0,176.53061224490168,176.53061224489795,16093942.857143195
jid_719385,62567.0,557.0,12,8144,4044729,4044729,4052874,JobState.COMPLETED,1.0,0,0,0,176.53061224489633,176.53061224489795,17251983.67346923
jid_719457,207.0,512.0,160,13973,4038908,4038908,4052882,JobState.COMPLETED,0.5225284362023549,0,0,0,118.06470647375663,118.06470647375775,263954902.96924824
jid_719391,62567.0,557.0,12,8139,4044795,4044795,4052935,JobState.COMPLETED,1.0,0,0,0,176.53061224489633,176.53061224489795,17241391.836734537
jid_719402,325.9999999999927,145.0,8,7476,4045779,4045779,4053256,JobState.COMPLETED,1.0,0,0,0,176.5306122448968,176.53061224489795,10557942.857142787
jid_719403,38976.0,145.0,8,7476,4045783,4045783,4053260,JobState.COMPLETED,1.0,0,0,0,176.5306122448968,176.53061224489795,10557942.857142787
jid_719415,38533.0,145.0,8,7494,4045780,4045780,4053275,JobState.COMPLETED,1.0,0,0,0,176.53061224489682,176.53061224489795,10583363.265306054
jid_719414,38625.0,145.0,8,7491,4045783,4045783,4053275,JobState.COMPLETED,1.0,0,0,0,176.53061224489682,176.53061224489795,10579126.530612176
jid_719423,36778.0,145.0,8,7503,4045782,4045782,4053286,JobState.COMPLETED,1.0,0,0,0,176.53061224489684,176.53061224489795,10596073.469387688
jid_719425,330.0,145.0,8,7507,4045779,4045779,4053287,JobState.COMPLETED,1.0,0,0,0,176.53061224489684,176.53061224489795,10601722.448979525
jid_719426,38974.0,145.0,8,7506,4045783,4045783,4053290,JobState.COMPLETED,1.0,0,0,0,176.53061224489684,176.53061224489795,10600310.204081565
jid_719431,38975.0,145.0,8,7519,4045784,4045784,4053304,JobState.COMPLETED,1.0,0,0,0,176.53061224489687,176.53061224489795,10618669.387755036
jid_719430,38535.0,145.0,8,7524,4045780,4045780,4053305,JobState.COMPLETED,1.0,0,0,0,176.53061224489687,176.53061224489795,10625730.612244833
jid_719441,36777.0,145.0,8,7538,4045782,4045782,4053321,JobState.COMPLETED,1.0,0,0,0,176.5306122448969,176.53061224489795,10645502.040816262
jid_719445,38997.0,145.0,8,7542,4045783,4045783,4053326,JobState.COMPLETED,1.0,0,0,0,176.53061224489693,176.53061224489795,10651151.020408101
jid_719448,38989.0,145.0,8,7551,4045783,4045783,4053335,JobState.COMPLETED,1.0,0,0,0,176.53061224489693,176.53061224489795,10663861.224489734
jid_719750,62867.0,623.0,15,34804,4011937,4018962,4053767,JobState.COMPLETED,1.0,0,0,0,176.53061224489804,176.53061224489795,92159571.42857146
jid_719489,55929.0,136.0,2,30,4055173,4055173,4055204,JobState.COMPLETED,1.0,0,0,0,176.53061224489795,176.53061224489795,10591.836734693878
jid_719492,55929.0,136.0,2,31,4055294,4055294,4055326,JobState.COMPLETED,1.0,0,0,0,176.53061224489795,176.53061224489795,10944.897959183672
jid_719495,60384.0,590.0,25,20,4055533,4055533,4055554,JobState.COMPLETED,1.0,0,0,0,176.53061224489795,176.53061224489795,88265.30612244898
jid_719496,62567.0,557.0,12,8013,4047541,4047541,4055555,JobState.COMPLETED,1.0,0,0,0,176.5306122448964,176.53061224489795,16974477.551020257
jid_719497,62567.0,557.0,12,7992,4047615,4047615,4055608,JobState.COMPLETED,1.0,0,0,0,176.5306122448964,176.53061224489795,16929991.836734544
jid_719512,62567.0,557.0,8,11744,4043883,4043883,4055628,JobState.COMPLETED,1.0,0,0,0,176.53061224490196,176.53061224489795,16585404.08163303
jid_719501,55929.0,136.0,2,4554,4051080,4051080,4055635,JobState.COMPLETED,1.0,0,0,0,176.53061224489682,176.53061224489795,1607840.8163265202
jid_719522,62567.0,557.0,8,11811,4043883,4043883,4055695,JobState.COMPLETED,1.0,0,0,0,176.53061224490202,176.53061224489795,16680024.489796301
jid_719515,62567.0,557.0,12,9753,4045979,4045979,4055733,JobState.COMPLETED,1.0,0,0,0,176.53061224489554,176.53061224489795,20660436.734693594
jid_719514,62567.0,557.0,12,9753,4045979,4045979,4055733,JobState.COMPLETED,1.0,0,0,0,176.53061224489554,176.53061224489795,20660436.734693594
jid_719530,62567.0,557.0,12,9627,4046234,4046234,4055862,JobState.COMPLETED,1.0,0,0,0,176.5306122448956,176.53061224489795,20393522.44897932
jid_719536,62567.0,557.0,12,9694,4046233,4046233,4055928,JobState.COMPLETED,1.0,0,0,0,176.53061224489556,176.53061224489795,20535453.06122421
jid_719541,55929.0,136.0,2,30,4056140,4056140,4056171,JobState.COMPLETED,1.0,0,0,0,176.53061224489795,176.53061224489795,10591.836734693878
jid_717910,16371.0,194.0,216,37289,4008340,4018962,4056252,JobState.COMPLETED,1.0,0,0,0,176.53061224491066,176.53061224489795,1421852400.0001023
jid_719545,55929.0,136.0,2,30,4056261,4056261,4056292,JobState.COMPLETED,1.0,0,0,0,176.53061224489795,176.53061224489795,10591.836734693878
jid_719551,55929.0,136.0,2,31,4056382,4056382,4056414,JobState.COMPLETED,1.0,0,0,0,176.53061224489795,176.53061224489795,10944.897959183672
jid_719548,55929.0,136.0,2,5384,4051081,4051081,4056466,JobState.COMPLETED,1.0,0,0,0,176.53061224489676,176.53061224489795,1900881.6326530483
jid_719553,1469.0,159.0,30,1406,4055585,4055585,4056992,JobState.COMPLETED,1.0,0,0,0,176.5306122448983,176.53061224489795,7446061.22448981
jid_719553,1469.0,159.0,30,1497,4055585,4055585,4057083,JobState.COMPLETED,1.0,0,0,0,176.53061224489835,176.53061224489795,7927989.795918385
jid_719553,1469.0,159.0,30,1515,4055585,4055585,4057101,JobState.COMPLETED,1.0,0,0,0,176.53061224489835,176.53061224489795,8023316.32653063
jid_719553,1469.0,159.0,30,1515,4055585,4055585,4057101,JobState.COMPLETED,1.0,0,0,0,176.53061224489835,176.53061224489795,8023316.32653063
jid_719553,1469.0,159.0,30,1524,4055585,4055585,4057110,JobState.COMPLETED,1.0,0,0,0,176.53061224489838,176.53061224489795,8070979.591836754
jid_719553,1469.0,159.0,30,1594,4055585,4055585,4057180,JobState.COMPLETED,1.0,0,0,0,176.5306122448984,176.53061224489795,8441693.877551042
jid_719553,1469.0,159.0,30,1608,4055585,4055585,4057194,JobState.COMPLETED,1.0,0,0,0,176.5306122448984,176.53061224489795,8515836.734693898
jid_719553,1469.0,159.0,30,1684,4055585,4055585,4057270,JobState.COMPLETED,1.0,0,0,0,176.53061224489846,176.53061224489795,8918326.530612271
jid_719553,1469.0,159.0,30,1691,4055585,4055585,4057277,JobState.COMPLETED,1.0,0,0,0,176.53061224489846,176.53061224489795,8955397.959183699
jid_719553,1469.0,159.0,30,1695,4055585,4055585,4057281,JobState.COMPLETED,1.0,0,0,0,176.53061224489846,176.53061224489795,8976581.632653087
jid_719553,1469.0,159.0,30,1717,4055585,4055585,4057303,JobState.COMPLETED,1.0,0,0,0,176.53061224489846,176.53061224489795,9093091.83673472
jid_719793,55989.0,219.0,108,38852,4010848,4018962,4057815,JobState.COMPLETED,1.0,0,0,0,176.53061224491125,176.53061224489795,740725273.4694436
jid_719841,64934.0,60.0,32,39211,4016439,4018962,4058174,JobState.COMPLETED,0.6122130961701762,0,0,0,129.04650157185054,129.0465015718583,161921355.9402826
jid_719628,108.0,525.0,10,6977,4052166,4052166,4059144,JobState.COMPLETED,0.6811895462454552,0,0,0,137.49259749944324,137.49259749944352,9592858.527536154
jid_719630,108.0,525.0,10,6998,4052166,4052166,4059165,JobState.COMPLETED,0.6805925877222387,0,0,0,137.41950053741533,137.419500537417,9616616.647608325
jid_719635,108.0,525.0,10,7009,4052163,4052163,4059173,JobState.COMPLETED,0.6978618797898307,0,0,0,139.53410772936493,139.534107729367,9779945.61075119
jid_719637,108.0,525.0,10,7013,4052163,4052163,4059177,JobState.COMPLETED,0.696332965911129,0,0,0,139.34689378503492,139.3468937850362,9772397.661144499
jid_719641,108.0,525.0,10,7023,4052163,4052163,4059187,JobState.COMPLETED,0.6797730722094973,0,0,0,137.3191516991233,137.31915169912213,9643924.02382943
jid_719651,108.0,525.0,10,7033,4052165,4052165,4059199,JobState.COMPLETED,0.6956798917159529,0,0,0,139.26692551623802,139.26692551623913,9794642.87155702
jid_719652,108.0,525.0,10,7029,4052170,4052170,4059200,JobState.COMPLETED,0.6815854169912198,0,0,0,137.5410714683123,137.54107146831262,9667761.913507672
jid_719655,108.0,525.0,10,7027,4052172,4052172,4059200,JobState.COMPLETED,0.6797090127918257,0,0,0,137.3113076887934,137.31130768879498,9648865.591291511
jid_719740,108.0,525.0,10,7026,4052174,4052174,4059201,JobState.COMPLETED,0.6960661001327983,0,0,0,139.31421634279022,139.3142163427916,9788216.84024444
jid_719689,108.0,525.0,10,7045,4052164,4052164,4059210,JobState.COMPLETED,0.6967414491583104,0,0,0,139.3969121418319,139.39691214183392,9820512.460392058
jid_719660,108.0,525.0,10,7051,4052164,4052164,4059216,JobState.COMPLETED,0.6972263217543314,0,0,0,139.45628429645132,139.45628429644876,9833062.605742782
jid_719664,108.0,525.0,10,7048,4052167,4052167,4059216,JobState.COMPLETED,0.6804902198902867,0,0,0,137.40696570085132,137.40696570085143,9684442.942596002
jid_719665,108.0,525.0,10,7043,4052173,4052173,4059217,JobState.COMPLETED,0.6967589033586675,0,0,0,139.3990493908554,139.39904939085724,9817875.048597945
jid_719742,108.0,525.0,10,7041,4052175,4052175,4059217,JobState.COMPLETED,0.6954100785877648,0,0,0,139.233887174013,139.233887174012,9803457.995922256
jid_719672,108.0,525.0,10,7047,4052171,4052171,4059219,JobState.COMPLETED,0.6969378501818204,0,0,0,139.42096124675516,139.4209612467535,9824995.139058836
jid_719680,108.0,525.0,10,7056,4052164,4052164,4059221,JobState.COMPLETED,0.6972611994984115,0,0,0,139.46055504062383,139.46055504062184,9840336.763666417
jid_719679,108.0,525.0,10,7056,4052165,4052165,4059222,JobState.COMPLETED,0.6964142638368548,0,0,0,139.3568486330827,139.35684863308427,9833019.239550315
jid_719743,108.0,525.0,10,7047,4052174,4052174,4059222,JobState.COMPLETED,0.6808007294138025,0,0,0,137.44498727516023,137.4449872751595,9685748.25328054
jid_719686,108.0,525.0,10,7055,4052171,4052171,4059227,JobState.COMPLETED,0.6791631849325267,0,0,0,137.24447162438958,137.244471624391,9682597.473100685
jid_719687,108.0,525.0,10,7056,4052172,4052172,4059229,JobState.COMPLETED,0.6964377860902864,0,0,0,139.35972890901593,139.35972890901468,9833222.471820164
jid_719717,108.0,525.0,10,7070,4052167,4052167,4059238,JobState.COMPLETED,0.6956915525081641,0,0,0,139.26835336834483,139.26835336834662,9846272.58314198
jid_719697,108.0,525.0,10,7073,4052168,4052168,4059242,JobState.COMPLETED,0.6959229138236126,0,0,0,139.2966833253393,139.29668332534033,9852454.41160125
jid_719701,108.0,525.0,10,7074,4052169,4052169,4059244,JobState.COMPLETED,0.6799617268111662,0,0,0,137.34225226259096,137.34225226259176,9715590.925055685
jid_719704,108.0,525.0,10,7088,4052172,4052172,4059261,JobState.COMPLETED,0.6951515077511555,0,0,0,139.20222543891538,139.202225438917,9866653.739110323
jid_719705,108.0,525.0,10,7090,4052172,4052172,4059263,JobState.COMPLETED,0.6793638412986109,0,0,0,137.26904179166542,137.26904179166667,9732375.063029079
jid_719710,108.0,525.0,10,7101,4052169,4052169,4059271,JobState.COMPLETED,0.6794135362843994,0,0,0,137.27512689196735,137.27512689196726,9747906.760598602
jid_719719,108.0,525.0,10,7143,4052170,4052170,4059314,JobState.COMPLETED,0.6788624523747793,0,0,0,137.2076472295657,137.2076472295648,9800742.241607878
jid_719553,1469.0,159.0,30,3980,4055585,4055585,4059566,JobState.COMPLETED,1.0,0,0,0,176.53061224489892,176.53061224489795,21077755.10204093
jid_719746,58053.0,507.0,144,27887,4032456,4032456,4060344,JobState.COMPLETED,0.6209869834809035,0,0,0,130.12085512011333,130.12085512011063,522529961.28978246
jid_719746,58053.0,507.0,144,27979,4032457,4032457,4060437,JobState.COMPLETED,0.6205896660569872,0,0,0,130.0722040069786,130.072204006978,524057788.2112206
jid_719761,63609.0,616.0,52,122546,3939144,3939144,4061691,JobState.COMPLETED,1.0,0,0,0,176.53061224491418,176.53061224489795,1124922261.2245932
jid_719764,60384.0,590.0,25,20,4061950,4061950,4061971,JobState.COMPLETED,1.0,0,0,0,176.53061224489795,176.53061224489795,88265.30612244898
jid_684127,1418.0,60.0,32,30434,4031802,4031802,4062237,JobState.COMPLETED,0.6534965992976431,0,0,0,134.10162440379005,134.10162440379304,130599962.78735828
jid_719553,1469.0,159.0,30,6848,4055585,4055585,4062434,JobState.COMPLETED,1.0,0,0,0,176.5306122448959,176.53061224489795,36266448.979591414
jid_719770,63754.0,616.0,52,127081,3935403,3935403,4062485,JobState.COMPLETED,1.0,0,0,0,176.5306122449142,176.53061224489795,1166551710.2041888
jid_719778,611.0,135.0,288,0,4063047,4063047,4063047,JobState.COMPLETED,1.0,0,0,0,176.53061224489795,176.53061224489795,0.0
jid_719553,1469.0,159.0,30,7583,4055585,4055585,4063169,JobState.COMPLETED,1.0,0,0,0,176.53061224489548,176.53061224489795,40158948.97959127
jid_684127,5833.000000000007,60.0,32,31614,4031803,4031803,4063418,JobState.COMPLETED,0.6468884526081272,0,0,0,133.29246358467276,133.29246358466867,134845054.20050701
jid_684127,37955.0,60.0,32,31937,4031802,4031802,4063740,JobState.COMPLETED,0.6453350707369626,0,0,0,133.1022535596276,133.10225355962808,136028373.50188246
jid_684127,38164.0,60.0,32,32020,4031802,4031802,4063823,JobState.COMPLETED,0.6448501994319704,0,0,0,133.04288156309008,133.0428815630984,136321058.1648046
jid_719797,65091.0,26.0,399,2695,4061476,4061476,4064172,JobState.COMPLETED,1.0,0,0,0,176.53061224489787,176.53061224489798,189824249.9999999
jid_719895,63749.0,637.0,12,45345,4014910,4018962,4064308,JobState.COMPLETED,1.0,0,0,0,176.5306122448925,176.53061224489795,96057367.3469358
jid_684127,37198.0,60.0,32,32951,4031802,4031802,4064754,JobState.COMPLETED,0.637698971618381,0,0,0,132.16722101450097,132.16722101449562,139361347.18876228
jid_719806,64974.0,625.0,12,19580,4045261,4045261,4064842,JobState.COMPLETED,1.0,0,0,0,176.5306122448936,176.53061224489795,41477632.6530602
jid_719810,611.0,135.0,288,411,4064781,4064781,4065193,JobState.COMPLETED,1.0,0,0,0,176.530612244898,176.53061224489795,20895575.510204084
jid_719828,611.0,135.0,288,641,4065704,4065704,4066346,JobState.COMPLETED,1.0,0,0,0,176.53061224489804,176.53061224489795,32588963.265306138
jid_684127,38431.0,60.0,32,34728,4031802,4031802,4066531,JobState.COMPLETED,0.633359837125755,0,0,0,131.63589842355677,131.63589842356185,146286447.37450495
jid_719553,1469.0,159.0,30,11323,4055585,4055585,4066909,JobState.COMPLETED,1.0,0,0,0,176.5306122448942,176.53061224489795,59965683.67346811
jid_719843,60384.0,590.0,25,19,4067234,4067234,4067254,JobState.COMPLETED,1.0,0,0,0,176.53061224489795,176.53061224489795,83852.04081632652
jid_719913,301.0,568.0,1,42301,4025666,4025666,4067968,JobState.COMPLETED,1.0,0,0,0,176.53061224489116,176.53061224489795,7467421.428571141
jid_719851,65106.0,26.0,399,9085,4058999,4058999,4068085,JobState.COMPLETED,1.0,0,0,0,176.53061224489954,176.53061224489798,639908464.2857201
jid_719853,63896.0,60.0,32,33287,4034898,4034898,4068186,JobState.COMPLETED,0.633487157654576,0,0,0,131.65148869238763,131.65148869239707,140233059.33131224
jid_719450,611.0,135.0,1,49728,4003610,4018962,4068691,JobState.COMPLETED,1.0,0,0,0,176.53061224488542,176.53061224489795,8778514.285713661
jid_719860,63896.0,60.0,32,34329,4034579,4034579,4068909,JobState.COMPLETED,0.6263302555500961,0,0,0,130.77513333265867,130.77513333266484,143660145.66965887
jid_719865,63896.0,60.0,32,35022,4033964,4033964,4068987,JobState.COMPLETED,0.6271739673356551,0,0,0,130.87844497988303,130.87844497987615,146675996.80273482
jid_719872,63896.0,60.0,32,35399,4034236,4034236,4069636,JobState.COMPLETED,0.6236415950205818,0,0,0,130.44590959436002,130.44590959435695,147764952.11938402
jid_719873,611.0,135.0,288,1114,4068733,4068733,4069848,JobState.COMPLETED,1.0,0,0,0,176.53061224489807,176.53061224489795,56636669.38775514
jid_719876,63896.0,60.0,32,35589,4034490,4034490,4070080,JobState.COMPLETED,0.6219704245542433,0,0,0,130.2412764760217,130.2412764760298,148325017.23216438
jid_719885,64934.0,60.0,32,35758,4034430,4034430,4070189,JobState.COMPLETED,0.6203356313554457,0,0,0,130.0410977169979,130.04109771699336,148800306.30926117
jid_719889,64934.0,60.0,32,34688,4035676,4035676,4070365,JobState.COMPLETED,0.6253228958635247,0,0,0,130.65178316696446,130.65178316696222,145025569.74386123
jid_720049,34.0,93.0,164,52366,4012674,4018962,4071329,JobState.COMPLETED,1.0,0,0,0,176.5306122449028,176.53061224489795,1516049134.6939192
jid_719563,611.0,135.0,1,53622,4003599,4018962,4072585,JobState.COMPLETED,1.0,0,0,0,176.53061224488306,176.53061224489795,9465924.489795119
jid_719566,611.0,135.0,1,53737,4003606,4018962,4072700,JobState.COMPLETED,1.0,0,0,0,176.530612244883,176.53061224489795,9486225.510203278
jid_719916,65067.0,457.0,12,2,4074752,4074752,4074755,JobState.COMPLETED,1.0,0,0,0,176.53061224489795,176.53061224489795,4236.734693877551
jid_719921,60384.0,590.0,25,19,4075034,4075034,4075054,JobState.COMPLETED,1.0,0,0,0,176.53061224489795,176.53061224489795,83852.04081632652
jid_720079,62867.0,623.0,15,57691,4011937,4018962,4076654,JobState.COMPLETED,1.0,0,0,0,176.53061224492015,176.53061224489795,152763413.2653253
jid_720039,65111.0,457.0,12,2,4077391,4077391,4077394,JobState.COMPLETED,1.0,0,0,0,176.53061224489795,176.53061224489795,4236.734693877551
jid_720054,175.0,96.0,720,42023,4037480,4037531,4079555,JobState.COMPLETED,0.7295582136386678,0,0,0,143.41529146596486,143.4152914659593,4339253371.157454
jid_720055,176.00000000000728,96.0,720,42021,4037481,4038417,4080439,JobState.COMPLETED,0.7299049730042351,0,0,0,143.45775179645182,143.45775179643695,4340331495.531865
jid_720076,60384.0,590.0,25,20,4082834,4082834,4082855,JobState.COMPLETED,1.0,0,0,0,176.53061224489795,176.53061224489795,88265.30612244898
jid_720109,65140.0,145.0,8,25,4084028,4084028,4084054,JobState.COMPLETED,1.0,0,0,0,176.53061224489795,176.53061224489795,35306.12244897959
jid_720095,65126.0,145.0,8,27,4084027,4084027,4084055,JobState.COMPLETED,1.0,0,0,0,176.53061224489795,176.53061224489795,38130.61224489796
jid_720099,65130.0,145.0,8,26,4084028,4084028,4084055,JobState.COMPLETED,1.0,0,0,0,176.53061224489795,176.53061224489795,36718.36734693877
jid_720100,65131.0,145.0,8,26,4084028,4084028,4084055,JobState.COMPLETED,1.0,0,0,0,176.53061224489795,176.53061224489795,36718.36734693877
jid_720126,60384.0,590.0,25,19,4086735,4086735,4086755,JobState.COMPLETED,1.0,0,0,0,176.53061224489795,176.53061224489795,83852.04081632652
jid_720233,60384.0,590.0,25,19,4089251,4089251,4089271,JobState.COMPLETED,1.0,0,0,0,176.53061224489795,176.53061224489795,83852.04081632652
jid_720234,65147.0,672.0,255,3,4089481,4089481,4089485,JobState.COMPLETED,1.0,0,0,0,176.53061224489795,176.53061224489795,135045.91836734692
jid_720026,55975.0,544.0,30,70922,4005396,4018962,4089885,JobState.COMPLETED,1.0,0,0,0,176.5306122449264,176.53061224489795,375597122.4490401
jid_720586,628.0,191.0,4,49784,4040658,4040658,4090443,JobState.COMPLETED,1.0,0,0,0,176.5306122448854,176.53061224489795,35153599.9999975
jid_720333,65148.0,25.0,2,0,4090561,4090561,4090562,JobState.COMPLETED,1.0,0,0,0,176.53061224489795,176.53061224489795,0.0
jid_720712,63742.0,637.0,12,71742,4014328,4018962,4090705,JobState.COMPLETED,1.0,0,0,0,176.53061224489215,176.53061224489795,151975910.20407662
jid_720465,64936.0,145.0,8,7517,4084020,4084020,4091538,JobState.COMPLETED,1.0,0,0,0,176.53061224489687,176.53061224489795,10615844.897959119
jid_720471,65150.0,145.0,8,7539,4084025,4084025,4091565,JobState.COMPLETED,1.0,0,0,0,176.5306122448969,176.53061224489795,10646914.285714222
jid_720476,65152.0,145.0,8,7551,4084024,4084024,4091576,JobState.COMPLETED,1.0,0,0,0,176.53061224489693,176.53061224489795,10663861.224489734
jid_720479,65154.0,145.0,8,7564,4084024,4084024,4091589,JobState.COMPLETED,1.0,0,0,0,176.53061224489696,176.53061224489795,10682220.408163205
jid_720513,38528.0,145.0,8,7628,4084020,4084020,4091649,JobState.COMPLETED,1.0,0,0,0,176.53061224489707,176.53061224489795,10772604.0816326
jid_720517,36782.0,145.0,8,7633,4084020,4084020,4091654,JobState.COMPLETED,1.0,0,0,0,176.53061224489707,176.53061224489795,10779665.306122394
jid_720522,65166.0,145.0,8,7635,4084025,4084025,4091661,JobState.COMPLETED,1.0,0,0,0,176.53061224489707,176.53061224489795,10782489.795918314
jid_720532,325.9999999999927,145.0,8,7655,4084018,4084018,4091674,JobState.COMPLETED,1.0,0,0,0,176.53061224489713,176.53061224489795,10810734.6938775
jid_720536,321.0,145.0,8,7658,4084017,4084017,4091676,JobState.COMPLETED,1.0,0,0,0,176.53061224489713,176.53061224489795,10814971.428571377
jid_720540,65170.0,145.0,8,7660,4084025,4084025,4091686,JobState.COMPLETED,1.0,0,0,0,176.53061224489713,176.53061224489795,10817795.918367296
jid_720543,65171.0,145.0,8,7668,4084024,4084024,4091693,JobState.COMPLETED,1.0,0,0,0,176.53061224489713,176.53061224489795,10829093.877550969
jid_720548,38532.0,145.0,8,7697,4084020,4084020,4091718,JobState.COMPLETED,1.0,0,0,0,176.53061224489718,176.53061224489795,10870048.979591789
jid_720553,64892.0,179.0,512,34656,4057129,4057129,4091786,JobState.COMPLETED,1.0,0,0,0,176.5306122448996,176.53061224489795,3132336587.7551312
jid_720570,64948.0,519.0,1,247,4091939,4091939,4092187,JobState.COMPLETED,1.0,0,0,0,176.5306122448979,176.53061224489795,43603.06122448978
jid_720577,63245.0,39.0,48,9489,4083349,4083349,4092839,JobState.COMPLETED,1.0,0,0,0,176.53061224489565,176.53061224489795,80404751.02040711
jid_720044,55975.0,544.0,30,73894,4004799,4018962,4092857,JobState.COMPLETED,1.0,0,0,0,176.53061224492748,176.53061224489795,391336591.83680016
jid_720582,65148.0,25.0,2,0,4093081,4093081,4093081,JobState.COMPLETED,1.0,0,0,0,176.53061224489795,176.53061224489795,0.0
jid_719844,64891.0,528.0,2276,74343,3993122,4018962,4093306,JobState.COMPLETED,1.0,0,0,0,176.5306122449063,176.53061224489795,29869803636.736107
jid_720667,628.0,191.0,4,53513,4040701,4040701,4094215,JobState.COMPLETED,1.0,0,0,0,176.53061224488312,176.53061224489795,37786730.61224172
jid_720684,628.0,191.0,4,54069,4040707,4040707,4094777,JobState.COMPLETED,1.0,0,0,0,176.5306122448828,176.53061224489795,38179334.69387427
jid_720686,628.0,191.0,4,54086,4040741,4040741,4094828,JobState.COMPLETED,1.0,0,0,0,176.5306122448828,176.53061224489795,38191338.77550693
jid_720617,63911.0,511.0,512,34361,4060917,4060917,4095279,JobState.COMPLETED,1.0,0,0,0,176.5306122449,176.53061224489795,3105673404.0816684
jid_720701,628.0,191.0,4,54592,4040699,4040699,4095292,JobState.COMPLETED,1.0,0,0,0,176.53061224488252,176.53061224489795,38548636.7346905
jid_718286,34.0,529.0,32,76420,3964176,4018872,4095293,JobState.COMPLETED,1.0,0,0,0,176.5306122449,176.53061224489795,431695020.40816826
jid_720703,628.0,191.0,4,54683,4040668,4040668,4095352,JobState.COMPLETED,1.0,0,0,0,176.53061224488246,176.53061224489795,38612893.87754763
jid_720626,65178.0,25.0,2,3,4095537,4095537,4095541,JobState.COMPLETED,1.0,0,0,0,176.53061224489795,176.53061224489795,1059.1836734693877
jid_720069,55975.0,544.0,30,76589,4004727,4018962,4095552,JobState.COMPLETED,1.0,0,0,0,176.53061224492842,176.53061224489795,405609091.8368047
jid_720074,55975.0,544.0,30,77383,4005228,4018962,4096346,JobState.COMPLETED,1.0,0,0,0,176.53061224492868,176.53061224489795,409814051.02047944
jid_720695,59134.0,541.0,8,0,4098001,4098001,4098001,JobState.COMPLETED,1.0,0,0,0,176.53061224489795,176.53061224489795,0.0
jid_720698,59134.0,541.0,8,26,4098035,4098035,4098062,JobState.COMPLETED,1.0,0,0,0,176.53061224489795,176.53061224489795,36718.36734693877
jid_720748,628.0,191.0,4,57487,4040703,4040703,4098191,JobState.COMPLETED,1.0,0,0,0,176.530612244881,176.53061224489795,40592861.2244859
jid_720718,63482.0,634.0,15,15,4099451,4099451,4099467,JobState.COMPLETED,0.6348754219373418,0,0,0,131.82148023722553,131.82148023722553,29659.833053375743
jid_718296,221.0,119.0,15,73891,4026071,4026071,4099963,JobState.COMPLETED,1.0,0,0,0,176.53061224492748,176.53061224489795,195660352.04084903
jid_720734,41188.0,48.0,1,2,4100399,4100399,4100402,JobState.COMPLETED,1.0,0,0,0,176.53061224489795,176.53061224489795,353.0612244897959
jid_719835,65100.0,475.0,32,81782,3984756,4018962,4100745,JobState.COMPLETED,1.0,0,0,0,176.53061224490452,176.53061224489795,461984848.979609
jid_720755,694.0000000000073,158.0,40,210,4101582,4101582,4101793,JobState.COMPLETED,0.6968045968137938,0,0,0,139.4046445078115,139.4046445078115,1170999.0138656166
jid_720768,65186.0,185.0,60,218,4102837,4102837,4103056,JobState.COMPLETED,1.0,0,0,0,176.53061224489795,176.53061224489795,2309020.4081632653
jid_720769,65186.0,185.0,60,18,4103038,4103038,4103057,JobState.COMPLETED,1.0,0,0,0,176.53061224489795,176.53061224489795,190653.06122448976
jid_719882,65108.0,475.0,32,85660,3984698,4018962,4104623,JobState.COMPLETED,1.0,0,0,0,176.53061224490745,176.53061224489795,483891591.8367607
jid_720784,64938.0,634.0,656,71161,4034843,4034843,4106005,JobState.COMPLETED,0.5994532044523795,0,0,0,127.48406585131896,127.48406585131177,5951162208.189985
jid_720784,64938.0,634.0,656,71369,4034843,4034843,4106213,JobState.COMPLETED,0.598624856338011,0,0,0,127.38263546995923,127.38263546996053,5963808379.921222
jid_720784,64938.0,634.0,656,71422,4034843,4034843,4106266,JobState.COMPLETED,0.5991740415490796,0,0,0,127.44988263864758,127.4498826386628,5971387939.688272
jid_720784,64938.0,634.0,656,71544,4034843,4034843,4106388,JobState.COMPLETED,0.5984610638678447,0,0,0,127.36257924912775,127.36257924912384,5977490610.588534
jid_720784,64938.0,634.0,656,71644,4034843,4034843,4106488,JobState.COMPLETED,0.5966171786684467,0,0,0,127.13679738797072,127.13679738797308,5975234195.113836
jid_720816,108.0,525.0,10,45,4106768,4106768,4106814,JobState.COMPLETED,0.5993114189751283,0,0,0,127.46670436430142,127.46670436430142,57360.01696393564
jid_720826,108.0,525.0,10,49,4106769,4106769,4106819,JobState.COMPLETED,0.5999784430236523,0,0,0,127.54838077840641,127.54838077840641,62498.70658141914
jid_720784,64938.0,634.0,656,72301,4034843,4034843,4107145,JobState.COMPLETED,0.6009641004499192,0,0,0,127.66907352446864,127.66907352447988,6055274705.289551
jid_720935,108.0,525.0,10,48,4107580,4107580,4107629,JobState.COMPLETED,0.5747713578490661,0,0,0,124.46179892029382,124.46179892029382,59741.66348174104
jid_720943,108.0,525.0,10,52,4107580,4107580,4107633,JobState.COMPLETED,0.5822024875483564,0,0,0,125.3717331691865,125.3717331691865,65193.30124797698
jid_720784,64938.0,634.0,656,73640,4034843,4034843,4108484,JobState.COMPLETED,0.5978661797902736,0,0,0,127.2897363008697,127.28973630084982,6149092214.864606
jid_720983,108.0,525.0,10,960,4107571,4107571,4108532,JobState.COMPLETED,0.676672927000661,0,0,0,136.93954208171345,136.9395420817136,1314619.603984449
jid_721061,108.0,525.0,10,966,4107569,4107569,4108536,JobState.COMPLETED,0.6765140458941192,0,0,0,136.9200872523408,136.92008725234112,1322648.0428576123
jid_720978,108.0,525.0,10,965,4107573,4107573,4108539,JobState.COMPLETED,0.6752694976791476,0,0,0,136.76769359336475,136.76769359336498,1319808.24317597
jid_720991,108.0,525.0,10,969,4107572,4107572,4108542,JobState.COMPLETED,0.6747635183883424,0,0,0,136.7057369455113,136.7057369455113,1324678.5910020045
jid_720984,108.0,525.0,10,968,4107573,4107573,4108542,JobState.COMPLETED,0.674870914308251,0,0,0,136.71888746631626,136.71888746631646,1323438.8306739414
jid_720994,108.0,525.0,10,975,4107568,4107568,4108544,JobState.COMPLETED,0.6733650161209979,0,0,0,136.53449176991825,136.5344917699181,1331211.2947567028
jid_721037,108.0,525.0,10,972,4107574,4107574,4108547,JobState.COMPLETED,0.6740427759110941,0,0,0,136.6174827646235,136.61748276462376,1327921.9324721405
jid_721003,108.0,525.0,10,968,4107579,4107579,4108548,JobState.COMPLETED,0.6741681552631429,0,0,0,136.63283533834365,136.63283533834402,1322605.8460751665
jid_721032,108.0,525.0,10,970,4107578,4107578,4108549,JobState.COMPLETED,0.6732665944499531,0,0,0,136.52244013672896,136.52244013672893,1324267.669326271
jid_721001,108.0,525.0,10,976,4107573,4107573,4108550,JobState.COMPLETED,0.6730752117168298,0,0,0,136.49900551634644,136.4990055163465,1332230.2938395413
jid_721022,108.0,525.0,10,975,4107574,4107574,4108550,JobState.COMPLETED,0.6747726140760111,0,0,0,136.7068507031847,136.706850703185,1332891.794356051
jid_721033,108.0,525.0,10,976,4107574,4107574,4108551,JobState.COMPLETED,0.6730669200423278,0,0,0,136.4979902092645,136.49799020926463,1332220.3844424216
jid_721023,108.0,525.0,10,973,4107577,4107577,4108551,JobState.COMPLETED,0.6751791878173705,0,0,0,136.75663524294347,136.75663524294333,1330642.0609138398
jid_721021,108.0,525.0,10,971,4107579,4107579,4108551,JobState.COMPLETED,0.6739452879819655,0,0,0,136.6055454671793,136.60554546717947,1326439.846486311
jid_721036,108.0,525.0,10,982,4107569,4107569,4108552,JobState.COMPLETED,0.6718868069190481,0,0,0,136.35348656151615,136.35348656151612,1338991.2380340884
jid_721035,108.0,525.0,10,980,4107571,4107571,4108552,JobState.COMPLETED,0.671878318422169,0,0,0,136.3524471537352,136.35244715373497,1336253.982106605
jid_721049,108.0,525.0,10,976,4107575,4107575,4108552,JobState.COMPLETED,0.675067749014706,0,0,0,136.74298967526994,136.7429896752701,1334611.5792306347
jid_721042,108.0,525.0,10,971,4107580,4107580,4108552,JobState.COMPLETED,0.673884756730301,0,0,0,136.59813347717997,136.59813347717974,1326367.8760634176
jid_721046,108.0,525.0,10,977,4107578,4107578,4108556,JobState.COMPLETED,0.6743250605981365,0,0,0,136.6520482365068,136.6520482365065,1335090.5112706716
jid_721057,108.0,525.0,10,982,4107575,4107575,4108558,JobState.COMPLETED,0.6742492665168918,0,0,0,136.64276732859884,136.642767328599,1341831.9751668407
jid_721058,108.0,525.0,10,985,4107574,4107574,4108560,JobState.COMPLETED,0.6709626129278209,0,0,0,136.24031995034565,136.24031995034542,1341967.1515109045
jid_721059,108.0,525.0,10,984,4107576,4107576,4108561,JobState.COMPLETED,0.673377414664,0,0,0,136.53600995885682,136.53600995885714,1343514.337995151
jid_721068,10019.0,278.0,48,969,4108506,4108506,4109476,JobState.COMPLETED,0.7098120502966798,0,0,0,140.99739391387916,140.99739391387916,6558070.785722347
jid_721071,59134.0,541.0,64,352,4109310,4109310,4109663,JobState.COMPLETED,1.0,0,0,0,176.530612244898,176.53061224489795,3976881.632653062
jid_721077,10019.0,278.0,48,1915,4107908,4107908,4109824,JobState.COMPLETED,0.7084856755038759,0,0,0,140.834980673944,140.834980673944,12945551.423548931
jid_721081,59134.0,541.0,128,107,4109921,4109921,4110029,JobState.COMPLETED,1.0,0,0,0,176.53061224489792,176.53061224489795,2417763.265306122
jid_721090,10019.0,278.0,48,2359,4107909,4107909,4110269,JobState.COMPLETED,0.7141714356802454,0,0,0,141.53119620574458,141.53119620574435,16025860.40876887
jid_721112,301.0,549.0,399,4086,4107185,4107185,4111272,JobState.COMPLETED,1.0,0,0,0,176.53061224489656,176.53061224489798,287800328.5714263
jid_721127,59135.0,278.0,2,4605,4107789,4107789,4112395,JobState.COMPLETED,0.7527441036910064,0,0,0,146.25438004379808,146.25438004379671,1347002.8402033802
jid_721143,65073.0,512.0,10,86,4113414,4113414,4113501,JobState.COMPLETED,0.6896470190352681,0,0,0,138.52820641248184,138.52820641248184,119134.25751473437
jid_721144,41188.0,48.0,64,2867,4110644,4110644,4113512,JobState.COMPLETED,1.0,0,0,0,176.53061224489704,176.53061224489795,32391248.979591668
jid_721152,65073.0,512.0,10,86,4114540,4114540,4114627,JobState.COMPLETED,0.6840871372591966,0,0,0,137.8474045623506,137.8474045623506,118548.7679236215
jid_721166,224.0,60.0,1,46,4115762,4115762,4115809,JobState.COMPLETED,1.0,0,0,0,176.53061224489795,176.53061224489795,8120.408163265306
jid_721171,41188.0,48.0,1,4,4116058,4116058,4116063,JobState.COMPLETED,1.0,0,0,0,176.53061224489795,176.53061224489795,706.1224489795918
jid_721176,224.0,60.0,1,90,4116317,4116317,4116408,JobState.COMPLETED,1.0,0,0,0,176.53061224489792,176.53061224489795,15887.755102040814
jid_721197,224.0,60.0,1,17,4116868,4116868,4116886,JobState.COMPLETED,1.0,0,0,0,176.53061224489795,176.53061224489795,3001.020408163265
jid_721203,224.0,60.0,1,17,4117050,4117050,4117068,JobState.COMPLETED,1.0,0,0,0,176.53061224489795,176.53061224489795,3001.020408163265
jid_721251,65153.0,145.0,8,7491,4109785,4109785,4117277,JobState.COMPLETED,1.0,0,0,0,176.53061224489682,176.53061224489795,10579126.530612176
jid_721213,65113.0,145.0,8,7499,4109788,4109788,4117288,JobState.COMPLETED,1.0,0,0,0,176.53061224489682,176.53061224489795,10590424.48979585
jid_721255,65162.0,145.0,8,7520,4109787,4109787,4117308,JobState.COMPLETED,1.0,0,0,0,176.53061224489687,176.53061224489795,10620081.632652996
jid_721225,65139.0,145.0,8,7520,4109790,4109790,4117311,JobState.COMPLETED,1.0,0,0,0,176.53061224489687,176.53061224489795,10620081.632652996
jid_721226,65167.0,145.0,8,7525,4109786,4109786,4117312,JobState.COMPLETED,1.0,0,0,0,176.53061224489687,176.53061224489795,10627142.857142791
jid_721231,65118.0,145.0,8,7528,4109791,4109791,4117320,JobState.COMPLETED,1.0,0,0,0,176.53061224489687,176.53061224489795,10631379.591836669
jid_721234,65154.0,145.0,8,7533,4109787,4109787,4117321,JobState.COMPLETED,1.0,0,0,0,176.5306122448969,176.53061224489795,10638440.816326467
jid_721235,65157.0,145.0,8,7535,4109787,4109787,4117323,JobState.COMPLETED,1.0,0,0,0,176.5306122448969,176.53061224489795,10641265.306122385
jid_721241,65127.0,145.0,8,7548,4109790,4109790,4117339,JobState.COMPLETED,1.0,0,0,0,176.53061224489693,176.53061224489795,10659624.489795856
jid_721249,65115.0,145.0,8,7572,4109788,4109788,4117361,JobState.COMPLETED,1.0,0,0,0,176.530612244897,176.53061224489795,10693518.36734688
jid_721258,65121.0,145.0,8,7614,4109789,4109789,4117404,JobState.COMPLETED,1.0,0,0,0,176.53061224489704,176.53061224489795,10752832.653061168
jid_721263,111.0,65.0,399,752,4117027,4117027,4117780,JobState.COMPLETED,1.0,0,0,0,176.53061224489792,176.53061224489798,52967657.14285713
jid_721269,301.0,549.0,479,9459,4108549,4108549,4118009,JobState.COMPLETED,1.0,0,0,0,176.5306122448942,176.53061224489795,799835666.3265136
jid_721285,168.0,487.0,1,0,4119148,4119148,4119149,JobState.COMPLETED,1.0,0,0,0,176.53061224489795,176.53061224489795,0.0
jid_721286,111.0,65.0,399,639,4118520,4118520,4119160,JobState.COMPLETED,1.0,0,0,0,176.53061224489778,176.53061224489798,45008421.42857138
jid_721289,43474.0,526.0,1,510,4118717,4118717,4119228,JobState.COMPLETED,1.0,0,0,0,176.5306122448981,176.53061224489795,90030.61224489803
jid_721292,65193.0,673.0,1,4,4119493,4119493,4119498,JobState.COMPLETED,1.0,0,0,0,176.53061224489795,176.53061224489795,706.1224489795918
jid_721298,108.0,519.0,1,16149,4103712,4103712,4119862,JobState.COMPLETED,1.0,0,0,0,176.53061224490443,176.53061224489795,2850792.8571429616
jid_721313,34.0,235.0,8,27886,4092974,4092974,4120861,JobState.COMPLETED,1.0,0,0,0,176.53061224490722,176.53061224489795,39381861.224491864
jid_721323,55949.0,653.0,12,14320,4107449,4107449,4121770,JobState.COMPLETED,1.0,0,0,0,176.53061224489431,176.53061224489795,30335020.40816264
jid_721334,731.0,145.0,8,23,4122284,4122284,4122308,JobState.COMPLETED,1.0,0,0,0,176.53061224489795,176.53061224489795,32481.632653061224
jid_721333,731.0,145.0,8,21,4122287,4122287,4122309,JobState.COMPLETED,1.0,0,0,0,176.53061224489795,176.53061224489795,29657.142857142855
jid_721358,731.0,145.0,8,23,4122286,4122286,4122310,JobState.COMPLETED,1.0,0,0,0,176.53061224489795,176.53061224489795,32481.632653061224
jid_721345,731.0,145.0,8,22,4122287,4122287,4122310,JobState.COMPLETED,1.0,0,0,0,176.53061224489795,176.53061224489795,31069.38775510204
jid_721332,731.0,145.0,8,21,4122288,4122288,4122310,JobState.COMPLETED,1.0,0,0,0,176.53061224489795,176.53061224489795,29657.142857142855
jid_721361,731.0,145.0,8,27,4122285,4122285,4122313,JobState.COMPLETED,1.0,0,0,0,176.53061224489795,176.53061224489795,38130.61224489796
jid_721355,731.0,145.0,8,25,4122287,4122287,4122313,JobState.COMPLETED,1.0,0,0,0,176.53061224489795,176.53061224489795,35306.12244897959
jid_721381,108.0,519.0,1,18788,4103677,4103677,4122466,JobState.COMPLETED,1.0,0,0,0,176.53061224490537,176.53061224489795,3316657.142857282
jid_721385,108.0,519.0,2,15134,4108052,4108052,4123187,JobState.COMPLETED,1.0,0,0,0,176.53061224490398,176.53061224489795,5343228.571428753
jid_721389,63895.0,60.0,32,62,4123277,4123277,4123340,JobState.COMPLETED,0.6039528803435682,0,0,0,128.03504657268184,128.03504657268184,254021.53240020075
jid_721126,34.0,93.0,227,104786,4007164,4018962,4123749,JobState.COMPLETED,1.0,0,0,0,176.5306122449255,176.53061224489795,4199031638.7761655
jid_721402,63895.0,60.0,32,58,4124516,4124516,4124575,JobState.COMPLETED,0.6112566158472252,0,0,0,128.9293815323133,128.9293815323133,239292.9321239735
jid_721404,63895.0,60.0,32,57,4124553,4124553,4124611,JobState.COMPLETED,0.6142230833815598,0,0,0,129.29262245488488,129.29262245488488,235829.74335771002
jid_721414,63895.0,60.0,32,60,4125289,4125289,4125350,JobState.COMPLETED,0.6083175195018959,0,0,0,128.56949218390562,128.56949218390562,246853.4249930988
jid_721416,63895.0,60.0,32,61,4125359,4125359,4125421,JobState.COMPLETED,0.6063249786774746,0,0,0,128.32550759316015,128.32550759316015,250491.39082184862
jid_721417,63895.0,60.0,32,61,4125397,4125397,4125459,JobState.COMPLETED,0.6082764984769076,0,0,0,128.564469201254,128.56446920125398,250957.84388084782
jid_721422,63895.0,60.0,32,61,4125569,4125569,4125631,JobState.COMPLETED,0.6045637095709553,0,0,0,128.10984198828024,128.10984198828024,250070.41156112304
jid_721431,63895.0,60.0,32,59,4125823,4125823,4125883,JobState.COMPLETED,0.5957290163171856,0,0,0,127.02804281434923,127.02804281434925,239828.94483349135
jid_721158,34.0,93.0,227,107704,4007139,4018962,4126667,JobState.COMPLETED,1.0,0,0,0,176.53061224492762,176.53061224489795,4315963044.8986845
jid_720226,65144.0,475.0,32,108428,3978640,4018962,4127391,JobState.COMPLETED,1.0,0,0,0,176.53061224492043,176.53061224489795,612507559.1837515
jid_721445,207.0,512.0,10,980,4126562,4126562,4127543,JobState.COMPLETED,0.5221888382940937,0,0,0,118.02312305641969,118.02312305641962,1156626.605952913
jid_721448,65084.0,671.0,255,297,4127561,4127561,4127859,JobState.COMPLETED,1.0,0,0,0,176.53061224489798,176.53061224489795,13369545.918367347
jid_721453,207.0,512.0,10,781,4127259,4127259,4128041,JobState.COMPLETED,0.5223037530847082,0,0,0,118.03719425527046,118.0371942552704,921870.4871336624
jid_721456,65088.0,487.0,1,328,4128249,4128249,4128578,JobState.COMPLETED,1.0,0,0,0,176.53061224489798,176.53061224489795,57902.04081632654
jid_721465,65088.0,487.0,1,0,4129341,4129341,4129342,JobState.COMPLETED,1.0,0,0,0,176.53061224489795,176.53061224489795,0.0
jid_721469,65138.0,145.0,8,7437,4122365,4122365,4129803,JobState.COMPLETED,1.0,0,0,0,176.5306122448967,176.53061224489795,10502865.306122374
jid_721480,65129.0,145.0,8,7457,4122367,4122367,4129825,JobState.COMPLETED,1.0,0,0,0,176.53061224489676,176.53061224489795,10531110.204081561
jid_721515,65165.0,145.0,8,7466,4122365,4122365,4129832,JobState.COMPLETED,1.0,0,0,0,176.53061224489676,176.53061224489795,10543820.408163194
jid_721516,65163.0,145.0,8,7471,4122363,4122363,4129835,JobState.COMPLETED,1.0,0,0,0,176.5306122448968,176.53061224489795,10550881.63265299
jid_721488,65172.0,145.0,8,7474,4122364,4122364,4129839,JobState.COMPLETED,1.0,0,0,0,176.5306122448968,176.53061224489795,10555118.367346868
jid_721493,65128.0,145.0,8,7478,4122367,4122367,4129846,JobState.COMPLETED,1.0,0,0,0,176.5306122448968,176.53061224489795,10560767.346938705
jid_721495,65154.0,145.0,8,7484,4122364,4122364,4129849,JobState.COMPLETED,1.0,0,0,0,176.53061224489682,176.53061224489795,10569240.816326462
jid_721503,65140.0,145.0,8,7490,4122368,4122368,4129859,JobState.COMPLETED,1.0,0,0,0,176.53061224489682,176.53061224489795,10577714.285714217
jid_721505,65139.0,145.0,8,7493,4122368,4122368,4129862,JobState.COMPLETED,1.0,0,0,0,176.53061224489682,176.53061224489795,10581951.020408094
jid_721508,65136.0,145.0,8,7497,4122366,4122366,4129864,JobState.COMPLETED,1.0,0,0,0,176.53061224489682,176.53061224489795,10587599.999999931
jid_721509,65114.0,145.0,8,7499,4122366,4122366,4129866,JobState.COMPLETED,1.0,0,0,0,176.53061224489682,176.53061224489795,10590424.48979585
jid_721525,108.0,525.0,640,373,4130875,4130875,4131249,JobState.COMPLETED,0.5531832454413774,0,0,0,121.81835658465855,121.81835658465846,29080478.08388969
jid_721528,301.0,549.0,399,2559,4130462,4130462,4133022,JobState.COMPLETED,1.0,0,0,0,176.53061224489807,176.53061224489798,180244992.85714296
jid_721533,64978.0,327.0,128,36864,4096661,4096661,4133526,JobState.COMPLETED,0.7860994114926773,0,0,0,150.33870344807272,150.33870344808295,709387003.3804483
jid_721535,985.0,591.0,384,14,4134459,4134459,4134474,JobState.COMPLETED,1.0,0,0,0,176.53061224489795,176.53061224489795,949028.5714285715
jid_721751,65200.0,562.0,1,0,4137470,4137470,4137471,JobState.COMPLETED,1.0,0,0,0,176.53061224489795,176.53061224489795,0.0
jid_721760,377.0000000000073,558.0,11,192,4138333,4138333,4138526,JobState.COMPLETED,1.0,0,0,0,176.53061224489787,176.53061224489795,372832.6530612243
jid_721756,373.0,639.0,128,18039,4121282,4121282,4139322,JobState.COMPLETED,1.0,0,0,0,176.53061224490511,176.53061224489795,407607771.428588
jid_721978,34809.0,72.0,259,37816,4102782,4102782,4140599,JobState.COMPLETED,1.0,0,0,0,176.53061224490588,176.53061224489795,1729001542.8572206
jid_720231,65145.0,158.0,10,121903,3965808,4018872,4140776,JobState.COMPLETED,0.6735636035969105,0,0,0,136.5588086036971,136.5588086037033,166469284.45216486
jid_721986,377.0000000000073,558.0,11,185,4141365,4141365,4141551,JobState.COMPLETED,1.0,0,0,0,176.53061224489787,176.53061224489795,359239.79591836716
jid_721992,108.0,525.0,640,70,4141962,4141962,4142033,JobState.COMPLETED,0.5636309898508219,0,0,0,123.09767222663125,123.09767222663126,5514775.71575308
jid_722061,108.0,525.0,640,73,4142369,4142369,4142443,JobState.COMPLETED,0.557534248202351,0,0,0,122.35113243294093,122.35113243294093,5716244.9072670005
jid_722100,377.0000000000073,558.0,11,187,4142446,4142446,4142634,JobState.COMPLETED,1.0,0,0,0,176.53061224489787,176.53061224489795,363123.4693877549
jid_722177,62913.0,200.0,1,2,4142972,4142972,4142975,JobState.COMPLETED,1.0,0,0,0,176.53061224489795,176.53061224489795,353.0612244897959
jid_722243,17456.0,135.0,1,36695,4107473,4107473,4144169,JobState.COMPLETED,1.0,0,0,0,176.53061224489701,176.53061224489795,6477790.816326496
jid_722247,108.0,525.0,640,417,4144179,4144179,4144597,JobState.COMPLETED,0.5897643053936112,0,0,0,126.2976700481973,126.29767004819728,33706322.18246289
jid_722682,108.0,519.0,2,45899,4103016,4103016,4148916,JobState.COMPLETED,1.0,0,0,0,176.53061224488815,176.53061224489795,16205157.142856242
jid_722689,65170.0,145.0,8,7445,4142303,4142303,4149749,JobState.COMPLETED,1.0,0,0,0,176.53061224489673,176.53061224489795,10514163.26530605
jid_722692,65157.0,145.0,8,7472,4142303,4142303,4149776,JobState.COMPLETED,1.0,0,0,0,176.5306122448968,176.53061224489795,10552293.87755095
jid_722699,65126.0,145.0,8,7475,4142305,4142305,4149781,JobState.COMPLETED,1.0,0,0,0,176.5306122448968,176.53061224489795,10556530.612244828
jid_722701,65122.0,145.0,8,7478,4142307,4142307,4149786,JobState.COMPLETED,1.0,0,0,0,176.5306122448968,176.53061224489795,10560767.346938705
jid_722703,65172.0,145.0,8,7487,4142303,4142303,4149791,JobState.COMPLETED,1.0,0,0,0,176.53061224489682,176.53061224489795,10573477.55102034
jid_722766,65164.0,145.0,8,7493,4142302,4142302,4149796,JobState.COMPLETED,1.0,0,0,0,176.53061224489682,176.53061224489795,10581951.020408094
jid_722710,65150.0,145.0,8,7495,4142303,4142303,4149799,JobState.COMPLETED,1.0,0,0,0,176.53061224489682,176.53061224489795,10584775.510204013
jid_722716,65131.0,145.0,8,7495,4142306,4142306,4149802,JobState.COMPLETED,1.0,0,0,0,176.53061224489682,176.53061224489795,10584775.510204013
jid_722717,65161.0,145.0,8,7498,4142304,4142304,4149803,JobState.COMPLETED,1.0,0,0,0,176.53061224489682,176.53061224489795,10589012.24489789
jid_722741,65132.0,145.0,8,7477,4142345,4142345,4149823,JobState.COMPLETED,1.0,0,0,0,176.5306122448968,176.53061224489795,10559355.102040745
jid_722736,65140.0,145.0,8,7476,4142347,4142347,4149824,JobState.COMPLETED,1.0,0,0,0,176.5306122448968,176.53061224489795,10557942.857142787
jid_722739,65159.0,145.0,8,7522,4142302,4142302,4149825,JobState.COMPLETED,1.0,0,0,0,176.53061224489687,176.53061224489795,10622906.122448914
jid_722733,65130.0,145.0,8,7518,4142306,4142306,4149825,JobState.COMPLETED,1.0,0,0,0,176.53061224489687,176.53061224489795,10617257.142857077
jid_722747,65139.0,145.0,8,7488,4142347,4142347,4149836,JobState.COMPLETED,1.0,0,0,0,176.53061224489682,176.53061224489795,10574889.795918299
jid_722752,65135.0,145.0,8,7497,4142347,4142347,4149845,JobState.COMPLETED,1.0,0,0,0,176.53061224489682,176.53061224489795,10587599.999999931
jid_722758,65134.0,145.0,8,7504,4142345,4142345,4149850,JobState.COMPLETED,1.0,0,0,0,176.53061224489684,176.53061224489795,10597485.714285647
jid_722755,65118.0,145.0,8,7502,4142347,4142347,4149850,JobState.COMPLETED,1.0,0,0,0,176.53061224489684,176.53061224489795,10594661.22448973
jid_722757,65138.0,145.0,8,7507,4142344,4142344,4149852,JobState.COMPLETED,1.0,0,0,0,176.53061224489684,176.53061224489795,10601722.448979525
jid_722762,65114.0,145.0,8,7515,4142345,4142345,4149861,JobState.COMPLETED,1.0,0,0,0,176.53061224489687,176.53061224489795,10613020.4081632
jid_722765,65115.0,145.0,8,7521,4142345,4142345,4149867,JobState.COMPLETED,1.0,0,0,0,176.53061224489687,176.53061224489795,10621493.877550956
jid_722767,65161.0,145.0,8,7537,4142344,4142344,4149882,JobState.COMPLETED,1.0,0,0,0,176.5306122448969,176.53061224489795,10644089.795918303
jid_722785,14727.0,289.0,64,0,4150996,4150996,4150997,JobState.COMPLETED,1.0,0,0,0,176.53061224489795,176.53061224489795,0.0
jid_722791,14727.0,289.0,64,0,4151327,4151327,4151328,JobState.COMPLETED,1.0,0,0,0,176.53061224489795,176.53061224489795,0.0
jid_722794,14735.0,289.0,64,13,4151720,4151720,4151734,JobState.COMPLETED,1.0,0,0,0,176.53061224489795,176.53061224489795,146873.4693877551
jid_722794,14732.0,289.0,64,14,4151721,4151721,4151736,JobState.COMPLETED,1.0,0,0,0,176.53061224489795,176.53061224489795,158171.42857142858
jid_722794,14730.0,289.0,64,14,4151721,4151721,4151736,JobState.COMPLETED,1.0,0,0,0,176.53061224489795,176.53061224489795,158171.42857142858
jid_722815,64934.0,60.0,32,34390,4117546,4117546,4151937,JobState.COMPLETED,0.6291680923518413,0,0,0,131.1226235532803,131.1226235532867,144297824.7679139
jid_722800,15391.0,289.0,64,14,4152531,4152531,4152546,JobState.COMPLETED,1.0,0,0,0,176.53061224489795,176.53061224489795,158171.42857142858
jid_722800,14716.0,289.0,64,14,4152531,4152531,4152546,JobState.COMPLETED,1.0,0,0,0,176.53061224489795,176.53061224489795,158171.42857142858
jid_722800,14718.0,289.0,64,14,4152532,4152532,4152547,JobState.COMPLETED,1.0,0,0,0,176.53061224489795,176.53061224489795,158171.42857142858
jid_723001,65257.0,289.0,64,15,4152778,4152778,4152794,JobState.COMPLETED,1.0,0,0,0,176.53061224489795,176.53061224489795,169469.38775510204
jid_723001,65252.0,289.0,64,17,4152778,4152778,4152796,JobState.COMPLETED,1.0,0,0,0,176.53061224489795,176.53061224489795,192065.30612244896
jid_723001,65254.0,289.0,64,18,4152778,4152778,4152797,JobState.COMPLETED,1.0,0,0,0,176.53061224489795,176.53061224489795,203363.26530612243
jid_722998,65234.0,289.0,64,14,4152997,4152997,4153012,JobState.COMPLETED,1.0,0,0,0,176.53061224489795,176.53061224489795,158171.42857142858
jid_722998,65235.0,289.0,64,14,4152997,4152997,4153012,JobState.COMPLETED,1.0,0,0,0,176.53061224489795,176.53061224489795,158171.42857142858
jid_722998,65232.0,289.0,64,14,4152997,4152997,4153012,JobState.COMPLETED,1.0,0,0,0,176.53061224489795,176.53061224489795,158171.42857142858
jid_722998,65231.0,289.0,64,14,4152997,4152997,4153012,JobState.COMPLETED,1.0,0,0,0,176.53061224489795,176.53061224489795,158171.42857142858
jid_722998,65229.0,289.0,64,15,4152997,4152997,4153013,JobState.COMPLETED,1.0,0,0,0,176.53061224489795,176.53061224489795,169469.38775510204
jid_722998,65237.0,289.0,64,14,4152998,4152998,4153013,JobState.COMPLETED,1.0,0,0,0,176.53061224489795,176.53061224489795,158171.42857142858
jid_722998,65244.0,289.0,64,15,4152999,4152999,4153015,JobState.COMPLETED,1.0,0,0,0,176.53061224489795,176.53061224489795,169469.38775510204
jid_723005,65238.0,289.0,64,21,4153088,4153088,4153110,JobState.COMPLETED,1.0,0,0,0,176.53061224489795,176.53061224489795,237257.14285714284
jid_723005,65242.0,289.0,64,21,4153089,4153089,4153111,JobState.COMPLETED,1.0,0,0,0,176.53061224489795,176.53061224489795,237257.14285714284
jid_723005,65241.0,289.0,64,22,4153089,4153089,4153112,JobState.COMPLETED,1.0,0,0,0,176.53061224489795,176.53061224489795,248555.10204081633
jid_723005,65247.0,289.0,64,22,4153089,4153089,4153112,JobState.COMPLETED,1.0,0,0,0,176.53061224489795,176.53061224489795,248555.10204081633
jid_723005,65249.0,289.0,64,21,4153090,4153090,4153112,JobState.COMPLETED,1.0,0,0,0,176.53061224489795,176.53061224489795,237257.14285714284
jid_723005,65262.0,289.0,64,16,4153096,4153096,4153113,JobState.COMPLETED,1.0,0,0,0,176.53061224489795,176.53061224489795,180767.3469387755
jid_723005,65240.0,289.0,64,33,4153088,4153088,4153122,JobState.COMPLETED,1.0,0,0,0,176.53061224489795,176.53061224489795,372832.6530612245
jid_723000,65262.0,289.0,64,17,4153376,4153376,4153394,JobState.COMPLETED,1.0,0,0,0,176.53061224489795,176.53061224489795,192065.30612244896
jid_723000,65249.0,289.0,64,26,4153374,4153374,4153401,JobState.COMPLETED,1.0,0,0,0,176.53061224489795,176.53061224489795,293746.9387755102
jid_723000,65257.0,289.0,64,31,4153375,4153375,4153407,JobState.COMPLETED,1.0,0,0,0,176.53061224489795,176.53061224489795,350236.7346938775
jid_723003,65256.0,289.0,64,17,4153640,4153640,4153658,JobState.COMPLETED,1.0,0,0,0,176.53061224489795,176.53061224489795,192065.30612244896
jid_723003,65258.0,289.0,64,21,4153640,4153640,4153662,JobState.COMPLETED,1.0,0,0,0,176.53061224489795,176.53061224489795,237257.14285714284
jid_723003,65249.0,289.0,64,33,4153639,4153639,4153673,JobState.COMPLETED,1.0,0,0,0,176.53061224489795,176.53061224489795,372832.6530612245
jid_722830,65194.0,60.0,32,35063,4120906,4120906,4155970,JobState.COMPLETED,0.6266213617032873,0,0,0,130.81077898408512,130.810778984076,146771786.99260724
jid_722832,65194.0,60.0,32,35062,4121070,4121070,4156133,JobState.COMPLETED,0.626913654881517,0,0,0,130.84656998549735,130.84656998549187,146807757.97860825
jid_722843,65205.0,665.0,6,278,4156725,4156725,4157004,JobState.COMPLETED,1.0,0,0,0,176.53061224489784,176.53061224489795,294453.0612244896
jid_722229,55975.0,544.0,30,138080,4005294,4018962,4157043,JobState.COMPLETED,1.0,0,0,0,176.53061224491924,176.53061224489795,731260408.1633534
jid_722845,65194.0,60.0,32,35645,4121500,4121500,4157146,JobState.COMPLETED,0.6054973839506662,0,0,0,128.2241694633402,128.2241694633469,146257616.65666434
jid_722849,108.0,519.0,2,53491,4104035,4104035,4157527,JobState.COMPLETED,1.0,0,0,0,176.53061224488312,176.53061224489795,18885597.959182087
jid_722857,65272.0,145.0,8,7464,4151051,4151051,4158516,JobState.COMPLETED,1.0,0,0,0,176.53061224489676,176.53061224489795,10540995.918367276
jid_722864,65279.0,145.0,8,7481,4151056,4151056,4158538,JobState.COMPLETED,1.0,0,0,0,176.53061224489682,176.53061224489795,10565004.081632584
jid_722925,65320.0,145.0,8,7490,4151053,4151053,4158544,JobState.COMPLETED,1.0,0,0,0,176.53061224489682,176.53061224489795,10577714.285714217
jid_722876,65291.0,145.0,8,7507,4151055,4151055,4158563,JobState.COMPLETED,1.0,0,0,0,176.53061224489684,176.53061224489795,10601722.448979525
jid_722880,65295.0,145.0,8,7515,4151052,4151052,4158568,JobState.COMPLETED,1.0,0,0,0,176.53061224489687,176.53061224489795,10613020.4081632
jid_722881,65296.0,145.0,8,7517,4151051,4151051,4158569,JobState.COMPLETED,1.0,0,0,0,176.53061224489687,176.53061224489795,10615844.897959119
jid_722889,65304.0,145.0,8,7541,4151050,4151050,4158592,JobState.COMPLETED,1.0,0,0,0,176.53061224489693,176.53061224489795,10649738.775510142
jid_722894,985.0,617.0,4,22,4158570,4158570,4158593,JobState.COMPLETED,1.0,0,0,0,176.53061224489795,176.53061224489795,15534.69387755102
jid_722891,65306.0,145.0,8,7541,4151054,4151054,4158596,JobState.COMPLETED,1.0,0,0,0,176.53061224489693,176.53061224489795,10649738.775510142
jid_722902,65311.0,145.0,8,7546,4151056,4151056,4158603,JobState.COMPLETED,1.0,0,0,0,176.53061224489693,176.53061224489795,10656799.999999939
jid_722915,985.0,617.0,4,33,4158615,4158615,4158649,JobState.COMPLETED,1.0,0,0,0,176.53061224489795,176.53061224489795,23302.04081632653
jid_722914,985.0,617.0,4,34,4158617,4158617,4158652,JobState.COMPLETED,1.0,0,0,0,176.53061224489795,176.53061224489795,24008.16326530612
jid_682556,64955.0,60.0,32,31468,4127591,4127591,4159060,JobState.COMPLETED,0.6495231028926638,0,0,0,133.6150738235986,133.6150738235915,134547172.57859203
jid_722929,64934.0,60.0,32,37219,4122543,4122543,4159763,JobState.COMPLETED,0.6204612852148489,0,0,0,130.05648390385363,130.05648390385903,154898312.7813609
jid_722940,64934.0,60.0,32,33425,4126435,4126435,4159861,JobState.COMPLETED,0.6331235499173116,0,0,0,131.60696529598758,131.60696529599733,140766810.0805883
jid_722947,65194.0,60.0,32,33740,4126542,4126542,4160283,JobState.COMPLETED,0.6301447096802949,0,0,0,131.242209348599,131.24220934860756,141699588.58949536
jid_722941,64934.0,60.0,32,33835,4126505,4126505,4160341,JobState.COMPLETED,0.631352264266471,0,0,0,131.39007317548408,131.39007317548626,142258660.02856013
jid_722941,63896.0,60.0,32,34520,4126479,4126479,4161000,JobState.COMPLETED,0.62855635461601,0,0,0,131.04771689174652,131.04771689175632,144760549.98729888
jid_722939,65194.0,60.0,32,33944,4127071,4127071,4161016,JobState.COMPLETED,0.6276361913484528,0,0,0,130.9350438385777,130.93504383858607,142222692.0978138
jid_722947,63896.0,60.0,32,34701,4126525,4126525,4161227,JobState.COMPLETED,0.6280749674100929,0,0,0,130.9887715196101,130.9887715196032,145454123.5360637
jid_722955,63896.0,60.0,32,35313,4126331,4126331,4161645,JobState.COMPLETED,0.6219097926449834,0,0,0,130.23385216061564,130.2338521606102,147166336.68313023
jid_722956,175.0,96.0,720,16,4161662,4161662,4161679,JobState.COMPLETED,0.5183264419238517,0,0,0,117.55017656210428,117.55017656210428,1354178.0339954414
jid_722955,64934.0,60.0,32,35317,4126364,4126364,4161682,JobState.COMPLETED,0.622209488339751,0,0,0,130.27054959262045,130.2705495926226,147224479.99880245
jid_722957,985.0,617.0,4,3128,4158618,4158618,4161747,JobState.COMPLETED,1.0,0,0,0,176.530612244897,176.53061224489795,2208751.020408151
jid_722975,985.0,617.0,4,3579,4158618,4158618,4162198,JobState.COMPLETED,1.0,0,0,0,176.53061224489693,176.53061224489795,2527212.2448979444
jid_722977,985.0,617.0,4,3682,4158616,4158616,4162299,JobState.COMPLETED,1.0,0,0,0,176.5306122448969,176.53061224489795,2599942.8571428414
jid_722982,63896.0,60.0,32,35656,4127209,4127209,4162866,JobState.COMPLETED,0.6236632412842018,0,0,0,130.44856015725435,130.4485601572492,148840763.55094597
jid_722982,65194.0,60.0,32,35698,4127218,4127218,4162917,JobState.COMPLETED,0.6245675974245425,0,0,0,130.5592976438307,130.55929764382154,149142585.83326298
jid_722983,108.0,519.0,2,59000,4104011,4104011,4163012,JobState.COMPLETED,1.0,0,0,0,176.5306122448803,176.53061224489795,20830612.244895875
jid_722985,63896.0,60.0,32,36322,4127179,4127179,4163502,JobState.COMPLETED,0.6224557560704407,0,0,0,130.3007048249582,130.30070482495194,151449030.4208682
jid_722986,176.00000000000728,96.0,720,42019,4121701,4121701,4163721,JobState.COMPLETED,0.7256909437164596,0,0,0,142.94174821018748,142.9417482101787,4324513908.991585
jid_723004,65228.0,289.0,64,13515,4151571,4151571,4165087,JobState.COMPLETED,1.0,0,0,0,176.53061224490315,176.53061224489795,152691918.36735144
jid_723004,65239.0,289.0,64,13573,4151572,4151572,4165146,JobState.COMPLETED,1.0,0,0,0,176.53061224490318,176.53061224489795,153347200.00000453
jid_723004,65238.0,289.0,64,13586,4151572,4151572,4165159,JobState.COMPLETED,1.0,0,0,0,176.53061224490318,176.53061224489795,153494073.4693923
jid_723004,65233.0,289.0,64,13590,4151571,4151571,4165162,JobState.COMPLETED,1.0,0,0,0,176.53061224490318,176.53061224489795,153539265.30612698
jid_723004,65246.0,289.0,64,13594,4151573,4151573,4165168,JobState.COMPLETED,1.0,0,0,0,176.53061224490318,176.53061224489795,153584457.1428617
jid_722994,65225.0,289.0,64,13612,4151647,4151647,4165260,JobState.COMPLETED,1.0,0,0,0,176.5306122449032,176.53061224489795,153787820.40816784
jid_722994,14732.0,289.0,64,13622,4151646,4151646,4165269,JobState.COMPLETED,1.0,0,0,0,176.5306122449032,176.53061224489795,153900800.0000046
jid_722994,65248.0,289.0,64,13673,4151649,4151649,4165323,JobState.COMPLETED,1.0,0,0,0,176.53061224490324,176.53061224489795,154476995.91837198
jid_723004,65240.0,289.0,64,13869,4151572,4151572,4165442,JobState.COMPLETED,1.0,0,0,0,176.53061224490335,176.53061224489795,156691395.91837212
jid_722994,65230.0,289.0,64,13831,4151647,4151647,4165479,JobState.COMPLETED,1.0,0,0,0,176.53061224490332,176.53061224489795,156262073.4693925
jid_722994,65231.0,289.0,64,14009,4151647,4151647,4165657,JobState.COMPLETED,1.0,0,0,0,176.5306122449034,176.53061224489795,158273110.2040865
jid_723004,65225.0,289.0,64,14122,4151570,4151570,4165693,JobState.COMPLETED,1.0,0,0,0,176.5306122449035,176.53061224489795,159549779.59184173
jid_722996,65263.0,289.0,64,13472,4152236,4152236,4165709,JobState.COMPLETED,1.0,0,0,0,176.53061224490312,176.53061224489795,152206106.12245342
jid_722996,65229.0,289.0,64,13496,4152232,4152232,4165729,JobState.COMPLETED,1.0,0,0,0,176.53061224490312,176.53061224489795,152477257.1428616
jid_722997,1202.0,119.0,32,27897,4137893,4137893,4165791,JobState.COMPLETED,1.0,0,0,0,176.53061224490722,176.53061224489795,157589583.67347765
jid_722994,65252.0,289.0,64,14222,4151650,4151650,4165873,JobState.COMPLETED,1.0,0,0,0,176.53061224490355,176.53061224489795,160679575.51020917
jid_722996,65251.0,289.0,64,13645,4152234,4152234,4165880,JobState.COMPLETED,1.0,0,0,0,176.5306122449032,176.53061224489795,154160653.06122908
jid_722998,15225.0,289.0,64,13057,4152979,4152979,4166037,JobState.COMPLETED,1.0,0,0,0,176.53061224490287,176.53061224489795,147517453.0612286
jid_722996,65226.0,289.0,64,13811,4152231,4152231,4166043,JobState.COMPLETED,1.0,0,0,0,176.53061224490332,176.53061224489795,156036114.28571904
jid_722998,15072.0,289.0,64,13070,4152995,4152995,4166066,JobState.COMPLETED,1.0,0,0,0,176.53061224490287,176.53061224489795,147664326.53061634
jid_722998,15074.0,289.0,64,13116,4152995,4152995,4166112,JobState.COMPLETED,1.0,0,0,0,176.5306122449029,176.53061224489795,148184032.65306538
jid_722998,15388.0,289.0,64,13132,4152992,4152992,4166125,JobState.COMPLETED,1.0,0,0,0,176.53061224490293,176.53061224489795,148364800.00000417
jid_723005,65232.0,289.0,64,13054,4153088,4153088,4166143,JobState.COMPLETED,1.0,0,0,0,176.53061224490287,176.53061224489795,147483559.18367758
jid_722998,14728.0,289.0,64,13215,4152995,4152995,4166211,JobState.COMPLETED,1.0,0,0,0,176.53061224490298,176.53061224489795,149302530.61224914
jid_722998,14724.0,289.0,64,13229,4152994,4152994,4166224,JobState.COMPLETED,1.0,0,0,0,176.53061224490298,176.53061224489795,149460702.04082057
jid_723005,14731.0,289.0,64,13138,4153086,4153086,4166225,JobState.COMPLETED,1.0,0,0,0,176.53061224490293,176.53061224489795,148432587.7551062
jid_722998,14723.0,289.0,64,13235,4152994,4152994,4166230,JobState.COMPLETED,1.0,0,0,0,176.53061224490298,176.53061224489795,149528489.79592264
jid_723005,15387.0,289.0,64,13167,4153082,4153082,4166250,JobState.COMPLETED,1.0,0,0,0,176.53061224490293,176.53061224489795,148760228.57143277
jid_722998,14725.0,289.0,64,13257,4152995,4152995,4166253,JobState.COMPLETED,1.0,0,0,0,176.53061224490298,176.53061224489795,149777044.89796343
jid_722998,14734.0,289.0,64,13259,4152994,4152994,4166254,JobState.COMPLETED,1.0,0,0,0,176.53061224490298,176.53061224489795,149799640.8163308
jid_723005,15073.0,289.0,64,13169,4153086,4153086,4166256,JobState.COMPLETED,1.0,0,0,0,176.53061224490293,176.53061224489795,148782824.4898001
jid_722998,15069.0,289.0,64,13272,4152993,4152993,4166266,JobState.COMPLETED,1.0,0,0,0,176.530612244903,176.53061224489795,149946514.2857186
jid_722998,15015.0,289.0,64,13281,4152994,4152994,4166276,JobState.COMPLETED,1.0,0,0,0,176.530612244903,176.53061224489795,150048195.91837165
jid_723005,14716.0,289.0,64,13239,4153083,4153083,4166323,JobState.COMPLETED,1.0,0,0,0,176.53061224490298,176.53061224489795,149573681.63265732
jid_723005,14719.0,289.0,64,13239,4153084,4153084,4166324,JobState.COMPLETED,1.0,0,0,0,176.53061224490298,176.53061224489795,149573681.63265732
jid_722994,65232.0,289.0,64,14679,4151648,4151648,4166328,JobState.COMPLETED,1.0,0,0,0,176.53061224490378,176.53061224489795,165842742.85714832
jid_723001,14737.0,289.0,64,13554,4152774,4152774,4166329,JobState.COMPLETED,1.0,0,0,0,176.53061224490318,176.53061224489795,153132538.77551472
jid_722998,14736.0,289.0,64,13333,4152995,4152995,4166329,JobState.COMPLETED,1.0,0,0,0,176.53061224490304,176.53061224489795,150635689.7959227
jid_723001,65225.0,289.0,64,13580,4152774,4152774,4166355,JobState.COMPLETED,1.0,0,0,0,176.53061224490318,176.53061224489795,153426285.71429026
jid_723001,14722.0,289.0,64,13608,4152772,4152772,4166381,JobState.COMPLETED,1.0,0,0,0,176.5306122449032,176.53061224489795,153742628.57143316
jid_723005,14726.0,289.0,64,13315,4153085,4153085,4166401,JobState.COMPLETED,1.0,0,0,0,176.53061224490304,176.53061224489795,150432326.53061658
jid_723001,65264.0,289.0,64,13642,4152774,4152774,4166417,JobState.COMPLETED,1.0,0,0,0,176.5306122449032,176.53061224489795,154126759.18367806
jid_723000,15074.0,289.0,64,13078,4153370,4153370,4166449,JobState.COMPLETED,1.0,0,0,0,176.53061224490287,176.53061224489795,147754710.20408574
jid_723005,14721.0,289.0,64,13376,4153084,4153084,4166461,JobState.COMPLETED,1.0,0,0,0,176.53061224490307,176.53061224489795,151121502.0408207
jid_723000,65225.0,289.0,64,13104,4153371,4153371,4166476,JobState.COMPLETED,1.0,0,0,0,176.5306122449029,176.53061224489795,148048457.14286128
jid_723001,14735.0,289.0,64,13709,4152773,4152773,4166483,JobState.COMPLETED,1.0,0,0,0,176.53061224490327,176.53061224489795,154883722.44898424
jid_723004,65241.0,289.0,64,14982,4151572,4151572,4166555,JobState.COMPLETED,1.0,0,0,0,176.53061224490392,176.53061224489795,169266024.48980165
jid_722998,14717.0,289.0,64,13638,4152992,4152992,4166631,JobState.COMPLETED,1.0,0,0,0,176.5306122449032,176.53061224489795,154081567.34694335
jid_722996,65241.0,289.0,64,14432,4152233,4152233,4166666,JobState.COMPLETED,1.0,0,0,0,176.53061224490364,176.53061224489795,163052146.93878075
jid_723002,65225.0,289.0,64,13235,4153480,4153480,4166716,JobState.COMPLETED,1.0,0,0,0,176.53061224490298,176.53061224489795,149528489.79592264
jid_723002,14732.0,289.0,64,13240,4153479,4153479,4166720,JobState.COMPLETED,1.0,0,0,0,176.53061224490298,176.53061224489795,149584979.59184098
jid_723001,65236.0,289.0,64,14093,4152776,4152776,4166870,JobState.COMPLETED,1.0,0,0,0,176.53061224490347,176.53061224489795,159222138.77551517
jid_723005,14736.0,289.0,64,13929,4153085,4153085,4167015,JobState.COMPLETED,1.0,0,0,0,176.53061224490338,176.53061224489795,157369273.4693926
jid_723001,65245.0,289.0,64,14286,4152777,4152777,4167064,JobState.COMPLETED,1.0,0,0,0,176.53061224490358,176.53061224489795,161402644.89796433
jid_723001,65241.0,289.0,64,14329,4152776,4152776,4167106,JobState.COMPLETED,1.0,0,0,0,176.53061224490358,176.53061224489795,161888457.1428623
jid_723001,65247.0,289.0,64,14431,4152777,4152777,4167209,JobState.COMPLETED,1.0,0,0,0,176.53061224490364,176.53061224489795,163040848.9795971
jid_709932,613.0000000000073,60.0,32,36270,4130941,4130941,4167212,JobState.COMPLETED,0.6552762196303927,0,0,0,134.31953709759185,134.3195370975991,155896627.536949
jid_723003,65231.0,289.0,64,13678,4153637,4153637,4167316,JobState.COMPLETED,1.0,0,0,0,176.53061224490324,176.53061224489795,154533485.71429035
jid_723003,15072.0,289.0,64,13743,4153635,4153635,4167379,JobState.COMPLETED,1.0,0,0,0,176.53061224490327,176.53061224489795,155267853.06122917
jid_723003,15074.0,289.0,64,13754,4153635,4153635,4167390,JobState.COMPLETED,1.0,0,0,0,176.5306122449033,176.53061224489795,155392130.61224958
jid_723003,14736.0,289.0,64,13761,4153635,4153635,4167397,JobState.COMPLETED,1.0,0,0,0,176.5306122449033,176.53061224489795,155471216.3265353
jid_723003,14728.0,289.0,64,13782,4153635,4153635,4167418,JobState.COMPLETED,1.0,0,0,0,176.5306122449033,176.53061224489795,155708473.46939245
jid_723005,14734.0,289.0,64,14446,4153084,4153084,4167531,JobState.COMPLETED,1.0,0,0,0,176.53061224490366,176.53061224489795,163210318.36735222
jid_723002,65263.0,289.0,64,14058,4153485,4153485,4167544,JobState.COMPLETED,1.0,0,0,0,176.53061224490344,176.53061224489795,158826710.20408657
jid_723003,65242.0,289.0,64,14181,4153638,4153638,4167820,JobState.COMPLETED,1.0,0,0,0,176.53061224490352,176.53061224489795,160216359.1836785
jid_723002,65258.0,289.0,64,14481,4153484,4153484,4167966,JobState.COMPLETED,1.0,0,0,0,176.53061224490366,176.53061224489795,163605746.93878078
jid_723003,65241.0,289.0,64,14354,4153638,4153638,4167993,JobState.COMPLETED,1.0,0,0,0,176.5306122449036,176.53061224489795,162170906.12245417
jid_723001,14725.0,289.0,64,15280,4152773,4152773,4168054,JobState.COMPLETED,1.0,0,0,0,176.53061224490406,176.53061224489795,172632816.3265366
jid_723002,65228.0,289.0,64,14762,4153480,4153480,4168243,JobState.COMPLETED,1.0,0,0,0,176.5306122449038,176.53061224489795,166780473.46939328
jid_723005,14681.0,289.0,64,15266,4153084,4153084,4168351,JobState.COMPLETED,1.0,0,0,0,176.53061224490406,176.53061224489795,172474644.89796513
jid_709932,5833.000000000007,60.0,32,37458,4130941,4130941,4168400,JobState.COMPLETED,0.6499144634414089,0,0,0,133.66299552342767,133.66299552343784,160215951.5621297
jid_722996,65258.0,289.0,64,16721,4152235,4152235,4168957,JobState.COMPLETED,1.0,0,0,0,176.53061224490466,176.53061224489795,188913175.51021126
jid_723011,63332.0,39.0,96,25975,4143097,4143097,4169073,JobState.COMPLETED,1.0,0,0,0,176.5306122448931,176.53061224489795,440196734.6938654
jid_723013,63332.0,39.0,96,26013,4143170,4143170,4169184,JobState.COMPLETED,1.0,0,0,0,176.5306122448931,176.53061224489795,440840718.3673348
jid_722996,65257.0,289.0,64,17543,4152235,4152235,4169779,JobState.COMPLETED,1.0,0,0,0,176.53061224490494,176.53061224489795,198200097.9591915
jid_722994,65238.0,289.0,64,18168,4151648,4151648,4169817,JobState.COMPLETED,1.0,0,0,0,176.53061224490517,176.53061224489795,205261322.448988
jid_710176,34826.0,60.0,32,38863,4131112,4131112,4169976,JobState.COMPLETED,0.6499758004249752,0,0,0,133.67050617449047,133.67050617448675,166234780.20669514
jid_722994,65239.0,289.0,64,18543,4151648,4151648,4170192,JobState.COMPLETED,1.0,0,0,0,176.53061224490529,176.53061224489795,209498057.14286584
jid_709932,1319.0,60.0,32,39308,4130941,4130941,4170250,JobState.COMPLETED,0.6426027585694402,0,0,0,132.7676847227856,132.7676847227886,167002628.8346642
jid_723002,65245.0,289.0,64,16820,4153482,4153482,4170303,JobState.COMPLETED,1.0,0,0,0,176.5306122449047,176.53061224489795,190031673.469395
jid_722998,15390.0,289.0,64,19375,4152992,4152992,4172368,JobState.COMPLETED,1.0,0,0,0,176.53061224490554,176.53061224489795,218897959.18368286
jid_723066,65304.0,145.0,8,7468,4167015,4167015,4174484,JobState.COMPLETED,1.0,0,0,0,176.53061224489676,176.53061224489795,10546644.897959111
jid_723029,65305.0,145.0,8,7477,4167016,4167016,4174494,JobState.COMPLETED,1.0,0,0,0,176.5306122448968,176.53061224489795,10559355.102040745
jid_723033,65275.0,145.0,8,7478,4167017,4167017,4174496,JobState.COMPLETED,1.0,0,0,0,176.5306122448968,176.53061224489795,10560767.346938705
jid_723035,65313.0,145.0,8,7480,4167017,4167017,4174498,JobState.COMPLETED,1.0,0,0,0,176.53061224489682,176.53061224489795,10563591.836734625
jid_723068,65281.0,145.0,8,7488,4167015,4167015,4174504,JobState.COMPLETED,1.0,0,0,0,176.53061224489682,176.53061224489795,10574889.795918299
jid_723040,65299.0,145.0,8,7484,4167020,4167020,4174505,JobState.COMPLETED,1.0,0,0,0,176.53061224489682,176.53061224489795,10569240.816326462
jid_723072,65319.0,145.0,8,7489,4167017,4167017,4174507,JobState.COMPLETED,1.0,0,0,0,176.53061224489682,176.53061224489795,10576302.040816259
jid_723043,65289.0,145.0,8,7489,4167018,4167018,4174508,JobState.COMPLETED,1.0,0,0,0,176.53061224489682,176.53061224489795,10576302.040816259
jid_723046,65309.0,145.0,8,7496,4167017,4167017,4174514,JobState.COMPLETED,1.0,0,0,0,176.53061224489682,176.53061224489795,10586187.755101971
jid_723050,65308.0,145.0,8,7500,4167017,4167017,4174518,JobState.COMPLETED,1.0,0,0,0,176.53061224489684,176.53061224489795,10591836.73469381
jid_723051,65307.0,145.0,8,7500,4167020,4167020,4174521,JobState.COMPLETED,1.0,0,0,0,176.53061224489684,176.53061224489795,10591836.73469381
jid_723054,65312.0,145.0,8,7503,4167019,4167019,4174523,JobState.COMPLETED,1.0,0,0,0,176.53061224489684,176.53061224489795,10596073.469387688
jid_723069,65297.0,145.0,8,7563,4167020,4167020,4174584,JobState.COMPLETED,1.0,0,0,0,176.53061224489696,176.53061224489795,10680808.163265245
jid_723003,14724.0,289.0,64,21717,4153634,4153634,4175352,JobState.COMPLETED,1.0,0,0,0,176.5306122449061,176.53061224489795,245357779.59184808
jid_723003,14723.0,289.0,64,22165,4153634,4153634,4175800,JobState.COMPLETED,1.0,0,0,0,176.53061224490622,176.53061224489795,250419265.30613416
jid_723003,15015.0,289.0,64,22889,4153634,4153634,4176524,JobState.COMPLETED,1.0,0,0,0,176.53061224490637,176.53061224489795,258598987.75511435
jid_723101,65097.0,612.0,1,1581,4182366,4182366,4183948,JobState.COMPLETED,1.0,0,0,0,176.53061224489747,176.53061224489795,279094.8979591829
jid_723016,397.0,119.0,32,78942,4110879,4110879,4189822,JobState.COMPLETED,1.0,0,0,0,176.5306122449022,176.53061224489795,445941746.9387862
jid_721972,65202.0,185.0,60,171101,3969143,4018872,4189974,JobState.COMPLETED,1.0,0,0,0,176.53061224487794,176.53061224489795,1812273857.1426516
jid_721975,65204.0,185.0,60,171101,3969186,4018872,4189974,JobState.COMPLETED,1.0,0,0,0,176.53061224487794,176.53061224489795,1812273857.1426516
jid_723197,63631.0,593.0,4,3936,4188815,4188815,4192752,JobState.COMPLETED,1.0,0,0,0,176.53061224489687,176.53061224489795,2779297.959183656
jid_723288,1460.0,60.0,1,84,4200346,4200346,4200431,JobState.COMPLETED,1.0,0,0,0,176.53061224489795,176.53061224489795,14828.571428571428
jid_723289,224.0,60.0,1,91,4200451,4200451,4200543,JobState.COMPLETED,1.0,0,0,0,176.53061224489792,176.53061224489795,16064.285714285712
jid_723300,224.0,60.0,1,90,4200641,4200641,4200732,JobState.COMPLETED,1.0,0,0,0,176.53061224489792,176.53061224489795,15887.755102040814
jid_723301,1460.0,60.0,1,85,4200677,4200677,4200763,JobState.COMPLETED,1.0,0,0,0,176.53061224489795,176.53061224489795,15005.102040816326
jid_723315,154.0,48.0,1,3,4201766,4201766,4201770,JobState.COMPLETED,1.0,0,0,0,176.53061224489795,176.53061224489795,529.5918367346939
jid_723316,154.0,48.0,1,2,4201797,4201797,4201800,JobState.COMPLETED,1.0,0,0,0,176.53061224489795,176.53061224489795,353.0612244897959
jid_723076,64903.0,475.0,32,191951,3984288,4018962,4210914,JobState.COMPLETED,1.0,0,0,0,176.5306122448529,176.53061224489795,1084327281.6323762
jid_717807,35854.0,54.0,27648,4592,4027361,4210914,4215507,JobState.COMPLETED,0.5872887581164149,0,0,0,125.99454181017244,125.99454181017326,15996218646.315437
jid_718192,35854.0,54.0,27648,4599,4032859,4215507,4220107,JobState.COMPLETED,0.587139367842487,0,0,0,125.9762491235699,125.97624912356981,16018277153.19915
jid_723388,108.0,537.0,1,3,4208881,4220107,4220111,JobState.COMPLETED,1.0,0,0,0,176.53061224489795,176.53061224489795,529.5918367346939
jid_723589,65375.0,627.0,12,4,4216543,4220107,4220112,JobState.COMPLETED,1.0,0,0,0,176.53061224489795,176.53061224489795,8473.469387755102
jid_723493,65335.0,675.0,4,8,4216237,4220107,4220116,JobState.COMPLETED,1.0,0,0,0,176.53061224489795,176.53061224489795,5648.9795918367345
jid_722834,1142.9999999999927,30.0,12,10,4156152,4220107,4220118,JobState.COMPLETED,1.0,0,0,0,176.53061224489795,176.53061224489795,21183.673469387755
jid_723364,65348.0,559.0,64,56,4206408,4220107,4220164,JobState.COMPLETED,1.0,0,0,0,176.53061224489795,176.53061224489795,632685.7142857143
jid_721443,63701.0,537.0,1,63,4127223,4220107,4220171,JobState.COMPLETED,1.0,0,0,0,176.53061224489798,176.53061224489795,11121.428571428572
jid_720731,65184.0,158.0,40,78,4100246,4220107,4220186,JobState.COMPLETED,1.0,0,0,0,176.53061224489795,176.53061224489795,550775.5102040815
jid_723103,64978.0,327.0,128,104,4184188,4220107,4220212,JobState.COMPLETED,0.7969514574769717,0,0,0,151.66752540534347,151.6675254053435,2018998.0981959323
jid_723153,64978.0,327.0,1024,111,4189143,4220107,4220219,JobState.COMPLETED,0.6113200407358836,0,0,0,128.93714784521026,128.93714784521023,14655511.97267798
jid_721105,65185.0,158.0,40,245,4110605,4220107,4220353,JobState.COMPLETED,0.5716463932855694,0,0,0,124.07915019823301,124.079150198233,1215975.6719426836
jid_723545,14997.0,393.0,6,34,4220341,4220341,4220376,JobState.COMPLETED,1.0,0,0,0,176.53061224489795,176.53061224489795,36012.24489795918
jid_721421,1309.9999999999927,3.0,64,415,4125196,4220107,4220523,JobState.COMPLETED,1.0,0,0,0,176.53061224489807,176.53061224489795,4688653.061224492
jid_721457,1309.9999999999927,3.0,64,644,4128188,4220107,4220752,JobState.COMPLETED,1.0,0,0,0,176.53061224489812,176.53061224489795,7275885.714285721
jid_723125,64978.0,327.0,255,719,4185347,4220107,4220827,JobState.COMPLETED,0.8253095408566811,0,0,0,155.13994377836892,155.13994377836912,28444132.99204505
jid_723665,65358.0,559.0,64,2234,4214757,4220107,4222342,JobState.COMPLETED,1.0,0,0,0,176.53061224489718,176.53061224489795,25239640.81632642
jid_723190,10019.0,278.0,48,2523,4189520,4220107,4222631,JobState.COMPLETED,0.7121516244334092,0,0,0,141.2838723796012,141.28387237960112,17110042.080659226
jid_723192,10019.0,278.0,48,2747,4189520,4220107,4222855,JobState.COMPLETED,0.7142671042022579,0,0,0,141.5429107186442,141.54291071864384,18663282.03571755
jid_723210,65336.0,327.0,1024,3330,4192987,4220107,4223438,JobState.COMPLETED,0.7334614031697952,0,0,0,143.89323304119904,143.89323304119944,490664413.21184546
jid_721526,301.0,549.0,399,3770,4128152,4220107,4223878,JobState.COMPLETED,1.0,0,0,0,176.53061224489676,176.53061224489798,265542642.85714105
jid_723673,14997.0,393.0,6,34,4225060,4225060,4225095,JobState.COMPLETED,1.0,0,0,0,176.53061224489795,176.53061224489795,36012.24489795918
jid_723705,14997.0,393.0,6,34,4225721,4225721,4225756,JobState.COMPLETED,1.0,0,0,0,176.53061224489795,176.53061224489795,36012.24489795918
jid_723706,36247.0,393.0,15,25,4225808,4225808,4225834,JobState.COMPLETED,1.0,0,0,0,176.53061224489795,176.53061224489795,66198.97959183673
jid_721984,65199.0,591.0,384,6424,4134805,4220107,4226532,JobState.COMPLETED,1.0,0,0,0,176.53061224489758,176.53061224489795,435468538.77550924
jid_723714,14997.0,393.0,6,34,4226567,4226567,4226602,JobState.COMPLETED,1.0,0,0,0,176.53061224489795,176.53061224489795,36012.24489795918
jid_723226,65306.0,145.0,8,7436,4191358,4220107,4227544,JobState.COMPLETED,1.0,0,0,0,176.5306122448967,176.53061224489795,10501453.061224416
jid_723229,65317.0,145.0,8,7449,4191358,4220107,4227557,JobState.COMPLETED,1.0,0,0,0,176.53061224489673,176.53061224489795,10519812.244897885
jid_723230,65289.0,145.0,8,7452,4191358,4220107,4227560,JobState.COMPLETED,1.0,0,0,0,176.53061224489676,176.53061224489795,10524048.979591765
jid_723425,65308.0,145.0,8,7459,4205709,4220107,4227567,JobState.COMPLETED,1.0,0,0,0,176.53061224489676,176.53061224489795,10533934.693877479
jid_723233,65288.0,145.0,8,7460,4191357,4220107,4227568,JobState.COMPLETED,1.0,0,0,0,176.53061224489676,176.53061224489795,10535346.938775439
jid_723235,65284.0,145.0,8,7464,4191357,4220107,4227572,JobState.COMPLETED,1.0,0,0,0,176.53061224489676,176.53061224489795,10540995.918367276
jid_723427,65306.0,145.0,8,7465,4205709,4220107,4227573,JobState.COMPLETED,1.0,0,0,0,176.53061224489676,176.53061224489795,10542408.163265234
jid_723237,65310.0,145.0,8,7470,4191357,4220107,4227578,JobState.COMPLETED,1.0,0,0,0,176.5306122448968,176.53061224489795,10549469.387755033
jid_723434,65274.0,145.0,8,7471,4205712,4220107,4227579,JobState.COMPLETED,1.0,0,0,0,176.5306122448968,176.53061224489795,10550881.63265299
jid_723438,65290.0,145.0,8,7474,4205711,4220107,4227582,JobState.COMPLETED,1.0,0,0,0,176.5306122448968,176.53061224489795,10555118.367346868
jid_723245,65279.0,145.0,8,7475,4191360,4220107,4227583,JobState.COMPLETED,1.0,0,0,0,176.5306122448968,176.53061224489795,10556530.612244828
jid_723435,65309.0,145.0,8,7476,4205708,4220107,4227584,JobState.COMPLETED,1.0,0,0,0,176.5306122448968,176.53061224489795,10557942.857142787
jid_723242,65275.0,145.0,8,7478,4191356,4220107,4227586,JobState.COMPLETED,1.0,0,0,0,176.5306122448968,176.53061224489795,10560767.346938705
jid_723439,65296.0,145.0,8,7481,4205707,4220107,4227589,JobState.COMPLETED,1.0,0,0,0,176.53061224489682,176.53061224489795,10565004.081632584
jid_723247,65281.0,145.0,8,7482,4191355,4220107,4227590,JobState.COMPLETED,1.0,0,0,0,176.53061224489682,176.53061224489795,10566416.326530544
jid_723249,65315.0,145.0,8,7483,4191356,4220107,4227591,JobState.COMPLETED,1.0,0,0,0,176.53061224489682,176.53061224489795,10567828.571428504
jid_723251,65293.0,145.0,8,7483,4191357,4220107,4227591,JobState.COMPLETED,1.0,0,0,0,176.53061224489682,176.53061224489795,10567828.571428504
jid_723250,65272.0,145.0,8,7484,4191355,4220107,4227592,JobState.COMPLETED,1.0,0,0,0,176.53061224489682,176.53061224489795,10569240.816326462
jid_723449,65273.0,145.0,8,7484,4205712,4220107,4227592,JobState.COMPLETED,1.0,0,0,0,176.53061224489682,176.53061224489795,10569240.816326462
jid_723255,65292.0,145.0,8,7486,4191355,4220107,4227594,JobState.COMPLETED,1.0,0,0,0,176.53061224489682,176.53061224489795,10572065.306122381
jid_723447,65272.0,145.0,8,7489,4205707,4220107,4227597,JobState.COMPLETED,1.0,0,0,0,176.53061224489682,176.53061224489795,10576302.040816259
jid_723452,65287.0,145.0,8,7492,4205711,4220107,4227600,JobState.COMPLETED,1.0,0,0,0,176.53061224489682,176.53061224489795,10580538.775510136
jid_723460,65293.0,145.0,8,7497,4205709,4220107,4227605,JobState.COMPLETED,1.0,0,0,0,176.53061224489682,176.53061224489795,10587599.999999931
jid_723461,65294.0,145.0,8,7499,4205710,4220107,4227607,JobState.COMPLETED,1.0,0,0,0,176.53061224489682,176.53061224489795,10590424.48979585
jid_723462,65295.0,145.0,8,7506,4205708,4220107,4227614,JobState.COMPLETED,1.0,0,0,0,176.53061224489684,176.53061224489795,10600310.204081565
jid_723464,65319.0,145.0,8,7511,4205708,4220107,4227619,JobState.COMPLETED,1.0,0,0,0,176.53061224489687,176.53061224489795,10607371.428571364
jid_723466,65315.0,145.0,8,7512,4205708,4220107,4227620,JobState.COMPLETED,1.0,0,0,0,176.53061224489687,176.53061224489795,10608783.673469322
jid_723471,65292.0,145.0,8,7563,4205707,4220107,4227671,JobState.COMPLETED,1.0,0,0,0,176.53061224489696,176.53061224489795,10680808.163265245
jid_723354,41188.0,48.0,4,7935,4197724,4220107,4228043,JobState.COMPLETED,0.7196647519804001,0,0,0,142.2038471812713,142.2038471812735,4513550.109533551
jid_723727,63788.0,655.0,64,1243,4226937,4226937,4228181,JobState.COMPLETED,0.7447364205944936,0,0,0,145.2738474197338,145.27384741973393,11556825.109934663
jid_723203,55949.0,653.0,12,8146,4185219,4220107,4228254,JobState.COMPLETED,1.0,0,0,0,176.53061224489633,176.53061224489795,17256220.408163104
jid_723753,17.0,542.0,12,8165,4220573,4220573,4228739,JobState.COMPLETED,1.0,0,0,0,176.53061224489628,176.53061224489795,17296469.387754936
jid_723740,36247.0,393.0,12,40,4229305,4229305,4229346,JobState.COMPLETED,0.6819257455948744,0,0,0,137.58274435855608,137.58274435855606,66039.71729210691
jid_721818,301.0,549.0,479,9829,4129217,4220107,4229937,JobState.COMPLETED,1.0,0,0,0,176.5306122448941,176.53061224489795,831122186.7346756
jid_723408,376.0,159.0,30,9842,4207018,4220107,4229950,JobState.COMPLETED,1.0,0,0,0,176.5306122448946,176.53061224489795,52122428.571427576
jid_723408,376.0,159.0,30,9980,4207018,4220107,4230088,JobState.COMPLETED,1.0,0,0,0,176.53061224489454,176.53061224489795,52853265.306121424
jid_721749,301.0,549.0,479,9993,4127282,4220107,4230101,JobState.COMPLETED,1.0,0,0,0,176.530612244894,176.53061224489795,844989725.5101851
jid_723408,376.0,159.0,30,10439,4207018,4220107,4230547,JobState.COMPLETED,1.0,0,0,0,176.5306122448944,176.53061224489795,55284091.83673358
jid_723286,59135.0,278.0,2,10667,4189678,4220107,4230775,JobState.COMPLETED,0.751007773470971,0,0,0,146.04176818011908,146.0417681801189,3115655.0823546606
jid_723408,376.0,159.0,30,10856,4207018,4220107,4230964,JobState.COMPLETED,1.0,0,0,0,176.53061224489431,176.53061224489795,57492489.79591718
jid_723408,376.0,159.0,30,11179,4207018,4220107,4231287,JobState.COMPLETED,1.0,0,0,0,176.53061224489423,176.53061224489795,59203071.42857018
jid_723408,376.0,159.0,30,11275,4207018,4220107,4231383,JobState.COMPLETED,1.0,0,0,0,176.5306122448942,176.53061224489795,59711479.59183546
jid_723408,376.0,159.0,30,11337,4207018,4220107,4231445,JobState.COMPLETED,1.0,0,0,0,176.5306122448942,176.53061224489795,60039826.53061096
jid_723408,376.0,159.0,30,11338,4207018,4220107,4231446,JobState.COMPLETED,1.0,0,0,0,176.5306122448942,176.53061224489795,60045122.44897831
jid_723408,376.0,159.0,30,11509,4207018,4220107,4231617,JobState.COMPLETED,1.0,0,0,0,176.53061224489417,176.53061224489795,60950724.48979461
jid_723408,376.0,159.0,30,11590,4207018,4220107,4231698,JobState.COMPLETED,1.0,0,0,0,176.53061224489414,176.53061224489795,61379693.87754969
jid_723408,376.0,159.0,30,11620,4207018,4220107,4231728,JobState.COMPLETED,1.0,0,0,0,176.53061224489414,176.53061224489795,61538571.42857009
jid_723408,376.0,159.0,30,11633,4207018,4220107,4231741,JobState.COMPLETED,1.0,0,0,0,176.53061224489414,176.53061224489795,61607418.36734561
jid_723408,376.0,159.0,30,12243,4207018,4220107,4232351,JobState.COMPLETED,1.0,0,0,0,176.53061224489403,176.53061224489795,64837928.57142712
jid_723408,376.0,159.0,30,12350,4207018,4220107,4232458,JobState.COMPLETED,1.0,0,0,0,176.530612244894,176.53061224489795,65404591.83673323
jid_723408,376.0,159.0,30,12404,4207018,4220107,4232512,JobState.COMPLETED,1.0,0,0,0,176.530612244894,176.53061224489795,65690571.42856996
jid_721983,301.0,549.0,479,12557,4128617,4220107,4232665,JobState.COMPLETED,1.0,0,0,0,176.5306122448934,176.53061224489795,1061796856.1224216
jid_723408,376.0,159.0,30,12575,4207018,4220107,4232683,JobState.COMPLETED,1.0,0,0,0,176.53061224489394,176.53061224489795,66596173.469386235
jid_723408,376.0,159.0,30,12600,4207018,4220107,4232708,JobState.COMPLETED,1.0,0,0,0,176.53061224489392,176.53061224489795,66728571.4285699
jid_723408,376.0,159.0,30,12638,4207018,4220107,4232746,JobState.COMPLETED,1.0,0,0,0,176.53061224489392,176.53061224489795,66929816.32652908
jid_723221,55949.0,653.0,12,12664,4185363,4220107,4232772,JobState.COMPLETED,1.0,0,0,0,176.53061224489466,176.53061224489795,26827004.081632152
jid_723408,376.0,159.0,30,12704,4207018,4220107,4232812,JobState.COMPLETED,1.0,0,0,0,176.53061224489392,176.53061224489795,67279346.93877396
jid_723408,376.0,159.0,30,12741,4207018,4220107,4232849,JobState.COMPLETED,1.0,0,0,0,176.5306122448939,176.53061224489795,67475295.91836579
jid_723408,376.0,159.0,30,12995,4207018,4220107,4233103,JobState.COMPLETED,1.0,0,0,0,176.53061224489386,176.53061224489795,68820459.18367188
jid_723408,376.0,159.0,30,13128,4207018,4220107,4233236,JobState.COMPLETED,1.0,0,0,0,176.53061224489383,176.53061224489795,69524816.32652898
jid_723408,376.0,159.0,30,13218,4207018,4220107,4233326,JobState.COMPLETED,1.0,0,0,0,176.53061224489383,176.53061224489795,70001448.9795902
jid_723770,65383.0,145.0,8,30,4233398,4233398,4233429,JobState.COMPLETED,1.0,0,0,0,176.53061224489795,176.53061224489795,42367.34693877551
jid_723408,376.0,159.0,30,13343,4207018,4220107,4233451,JobState.COMPLETED,1.0,0,0,0,176.5306122448938,176.53061224489795,70663438.77550854
jid_723408,376.0,159.0,30,13348,4207018,4220107,4233456,JobState.COMPLETED,1.0,0,0,0,176.5306122448938,176.53061224489795,70689918.36734527
jid_723291,55949.0,653.0,12,13426,4187115,4220107,4233534,JobState.COMPLETED,1.0,0,0,0,176.53061224489446,176.53061224489795,28441199.999999434
jid_723408,376.0,159.0,30,13482,4207018,4220107,4233590,JobState.COMPLETED,1.0,0,0,0,176.53061224489377,176.53061224489795,71399571.42856973
