{
    "num_samples": 60480,
    "average power": "3.15 MW",
    "min loss": "0.51 MW",
    "average loss": "0.53 MW",
    "max loss": "0.54 MW",
    "system power efficiency": "83.28%",
    "total energy consumed": "528.59 MW-hr",
    "carbon emissions": "245.38 metric tons CO2",
    "total cost": "$49687.59"
}{
    "jobs completed": 15036,
    "throughput": "89.50 jobs/hour",
    "jobs still running": [],
    "jobs still in queue": [
        "jid_1803261",
        "jid_1653087",
        "jid_1653087",
        "jid_1653087",
        "jid_1620497",
        "jid_1365323",
        "jid_1618865",
        "jid_1656225",
        "jid_1670216",
        "jid_1670216",
        "jid_1670216",
        "jid_1656536",
        "jid_1739888",
        "jid_1758962",
        "jid_1618865",
        "jid_1795380",
        "jid_1802558",
        "jid_1882232",
        "jid_1889155",
        "jid_1807364",
        "jid_1817104",
        "jid_1818980",
        "jid_1819305",
        "jid_1822070",
        "jid_1819367",
        "jid_1824170",
        "jid_1825556",
        "jid_1666544",
        "jid_1666110",
        "jid_1674447",
        "jid_1666154",
        "jid_1670136",
        "jid_1666209",
        "jid_1666219",
        "jid_1666868",
        "jid_1666263",
        "jid_1666311",
        "jid_1712844",
        "jid_1666847",
        "jid_1670215",
        "jid_1666855",
        "jid_1666866",
        "jid_1670330",
        "jid_1675548",
        "jid_1739922",
        "jid_1739901",
        "jid_1739882",
        "jid_1739924",
        "jid_1739905",
        "jid_1739898",
        "jid_1739926",
        "jid_1739902",
        "jid_1795447",
        "jid_1795382",
        "jid_1675556",
        "jid_1675556",
        "jid_1675556",
        "jid_1675556",
        "jid_1675556",
        "jid_1675556",
        "jid_1669614",
        "jid_1669646",
        "jid_1669649",
        "jid_1669652",
        "jid_1679209",
        "jid_1670368",
        "jid_1675530",
        "jid_1801920",
        "jid_1675523",
        "jid_1801919",
        "jid_1670326",
        "jid_1801928",
        "jid_1801925",
        "jid_1801927",
        "jid_1801926",
        "jid_1801930",
        "jid_1801930",
        "jid_1700522",
        "jid_1740147",
        "jid_1764861",
        "jid_1764861",
        "jid_1669963",
        "jid_1675521",
        "jid_1675364",
        "jid_1731515",
        "jid_1801937",
        "jid_1801939",
        "jid_1801940",
        "jid_1801941",
        "jid_1670347",
        "jid_1674511",
        "jid_1670185",
        "jid_1670181",
        "jid_1670176",
        "jid_1670080",
        "jid_1670088",
        "jid_1670098",
        "jid_1670123",
        "jid_1670150",
        "jid_1670156",
        "jid_1670165",
        "jid_1670205",
        "jid_1675518",
        "jid_1537568",
        "jid_1674526",
        "jid_1670622",
        "jid_1670689",
        "jid_1674105",
        "jid_1674824",
        "jid_1670410",
        "jid_1670884",
        "jid_1671286",
        "jid_1671226",
        "jid_1671245",
        "jid_1671279",
        "jid_1671184",
        "jid_1671115",
        "jid_1671232",
        "jid_1671349",
        "jid_1671517",
        "jid_1670940",
        "jid_1671204",
        "jid_1670898",
        "jid_1670902",
        "jid_1671194",
        "jid_1671229",
        "jid_1671205",
        "jid_1671095",
        "jid_1671315",
        "jid_1671265",
        "jid_1671099",
        "jid_1670961",
        "jid_1671441",
        "jid_1671214",
        "jid_1671128",
        "jid_1671022",
        "jid_1671183",
        "jid_1671291",
        "jid_1671201",
        "jid_1671109",
        "jid_1671478",
        "jid_1671200",
        "jid_1671326",
        "jid_1671920",
        "jid_1671193",
        "jid_1670943",
        "jid_1671319",
        "jid_1671222",
        "jid_1671258",
        "jid_1671912",
        "jid_1670997",
        "jid_1671334",
        "jid_1671187",
        "jid_1671464",
        "jid_1675520",
        "jid_1675520",
        "jid_1511436",
        "jid_1713224",
        "jid_1671372",
        "jid_1671371",
        "jid_1671356",
        "jid_1713200",
        "jid_1671355",
        "jid_1671377",
        "jid_1671352",
        "jid_1671352",
        "jid_1671386",
        "jid_1713221",
        "jid_1670785",
        "jid_1670787",
        "jid_1675600",
        "jid_1675611",
        "jid_1675618",
        "jid_1675603",
        "jid_1675607",
        "jid_1674578",
        "jid_1681716",
        "jid_1680418",
        "jid_1682055",
        "jid_1695272",
        "jid_1695286",
        "jid_1697778",
        "jid_1675422",
        "jid_1675418",
        "jid_1675405",
        "jid_1675446",
        "jid_1674247",
        "jid_1712814",
        "jid_1674778",
        "jid_1674508",
        "jid_1701298",
        "jid_1739873",
        "jid_1739873",
        "jid_1674361",
        "jid_1675529",
        "jid_1674480",
        "jid_1675002",
        "jid_1675267",
        "jid_1675268",
        "jid_1674994",
        "jid_1674907",
        "jid_1675501",
        "jid_1672727",
        "jid_1675280",
        "jid_1675609",
        "jid_1675399",
        "jid_1675227",
        "jid_1675227",
        "jid_1675240",
        "jid_1675427",
        "jid_1675433",
        "jid_1675434",
        "jid_1675442",
        "jid_1675441",
        "jid_1675449",
        "jid_1675511",
        "jid_1675728",
        "jid_1675728",
        "jid_1675728",
        "jid_1675728",
        "jid_1675728",
        "jid_1675629",
        "jid_1675629",
        "jid_1687958",
        "jid_1687958",
        "jid_1687958",
        "jid_1712930",
        "jid_1687835",
        "jid_1680426",
        "jid_1835072",
        "jid_1620497",
        "jid_1675570",
        "jid_1688021",
        "jid_1713452",
        "jid_1838241",
        "jid_1759195",
        "jid_1739953",
        "jid_1739878",
        "jid_1739962",
        "jid_1739968",
        "jid_1712897",
        "jid_1713040",
        "jid_1712909",
        "jid_1712907",
        "jid_1675744",
        "jid_1675663",
        "jid_1675683",
        "jid_1687964",
        "jid_1688051",
        "jid_1688029",
        "jid_1687945",
        "jid_1687855",
        "jid_1687418",
        "jid_1687933",
        "jid_1675695",
        "jid_1675703",
        "jid_1675701",
        "jid_1687948",
        "jid_1688060",
        "jid_1688032",
        "jid_1687965",
        "jid_1688065",
        "jid_1691422",
        "jid_1687951",
        "jid_1687924",
        "jid_1675716",
        "jid_1675711",
        "jid_1675710",
        "jid_1675706",
        "jid_1687943",
        "jid_1690395",
        "jid_1692543",
        "jid_1689245",
        "jid_1686255",
        "jid_1713711",
        "jid_1688048",
        "jid_1688017",
        "jid_1687833",
        "jid_1687881",
        "jid_1685597",
        "jid_1687972",
        "jid_1687957",
        "jid_1692177",
        "jid_1691827",
        "jid_1694987",
        "jid_1693906",
        "jid_1698078",
        "jid_1758946",
        "jid_1692484",
        "jid_1695168",
        "jid_1736883",
        "jid_1692751",
        "jid_1736883",
        "jid_1736883",
        "jid_1777434",
        "jid_1674526",
        "jid_1695977",
        "jid_1694012",
        "jid_1697254",
        "jid_1696902",
        "jid_1695215",
        "jid_1693723",
        "jid_1697152",
        "jid_1713477",
        "jid_1687946",
        "jid_1738338",
        "jid_1740146",
        "jid_1759128",
        "jid_1713389",
        "jid_1700352",
        "jid_1701155",
        "jid_1700257",
        "jid_1712818",
        "jid_1700480",
        "jid_1802449",
        "jid_1728056",
        "jid_1728056",
        "jid_1700301",
        "jid_1713761",
        "jid_1713727",
        "jid_1758491",
        "jid_1712550",
        "jid_1700437",
        "jid_1758950",
        "jid_1764946",
        "jid_1712779",
        "jid_1759125",
        "jid_1759157",
        "jid_1759144",
        "jid_1759173",
        "jid_1759599",
        "jid_1759612",
        "jid_1759625",
        "jid_1759603",
        "jid_1759620",
        "jid_1759614",
        "jid_1759610",
        "jid_1759611",
        "jid_1738371",
        "jid_1738664",
        "jid_1741554",
        "jid_1742064",
        "jid_1741870",
        "jid_1741881",
        "jid_1740207",
        "jid_1740282",
        "jid_1712645",
        "jid_1712774",
        "jid_1759472",
        "jid_1712711",
        "jid_1674526",
        "jid_1712752",
        "jid_1758515",
        "jid_1802635",
        "jid_1802615",
        "jid_1802304",
        "jid_1802344",
        "jid_1802305",
        "jid_1802434",
        "jid_1802316",
        "jid_1802296",
        "jid_1802255",
        "jid_1802297",
        "jid_1773067",
        "jid_1777384",
        "jid_1777396",
        "jid_1777427",
        "jid_1777295",
        "jid_1777389",
        "jid_1777268",
        "jid_1777262",
        "jid_1777401",
        "jid_1777388",
        "jid_1777374",
        "jid_1774418",
        "jid_1777252",
        "jid_1713491",
        "jid_1713491",
        "jid_1713706",
        "jid_1713027",
        "jid_1713027",
        "jid_1713046",
        "jid_1713046",
        "jid_1713098",
        "jid_1713791",
        "jid_1713414",
        "jid_1713463",
        "jid_1740148",
        "jid_1802641",
        "jid_1802878",
        "jid_1739858",
        "jid_1750839",
        "jid_1736515",
        "jid_1713831",
        "jid_1722776",
        "jid_1722782",
        "jid_1765476",
        "jid_1726621",
        "jid_1730229",
        "jid_1795401",
        "jid_1806576",
        "jid_1740190",
        "jid_1740190",
        "jid_1740190",
        "jid_1740155",
        "jid_1759292",
        "jid_1759292",
        "jid_1759292",
        "jid_1759640",
        "jid_1759640",
        "jid_1759640",
        "jid_1739857",
        "jid_1740169",
        "jid_1739874",
        "jid_1759263",
        "jid_1759274",
        "jid_1740219",
        "jid_1740227",
        "jid_1740245",
        "jid_1740224",
        "jid_1740256",
        "jid_1740257",
        "jid_1740272",
        "jid_1740284",
        "jid_1740267",
        "jid_1740330",
        "jid_1740338",
        "jid_1740298",
        "jid_1740316",
        "jid_1740292",
        "jid_1740321",
        "jid_1740293",
        "jid_1740318",
        "jid_1740309",
        "jid_1740331",
        "jid_1740302",
        "jid_1740294",
        "jid_1740329",
        "jid_1740365",
        "jid_1740391",
        "jid_1740341",
        "jid_1740305",
        "jid_1740337",
        "jid_1740325",
        "jid_1740372",
        "jid_1740405",
        "jid_1740384",
        "jid_1740394",
        "jid_1740356",
        "jid_1740360",
        "jid_1740392",
        "jid_1740402",
        "jid_1740380",
        "jid_1740398",
        "jid_1740445",
        "jid_1740433",
        "jid_1740457",
        "jid_1740435",
        "jid_1740443",
        "jid_1740460",
        "jid_1740485",
        "jid_1740515",
        "jid_1740516",
        "jid_1740426",
        "jid_1740437",
        "jid_1740462",
        "jid_1740467",
        "jid_1740474",
        "jid_1740456",
        "jid_1740434",
        "jid_1740438",
        "jid_1740525",
        "jid_1740504",
        "jid_1740541",
        "jid_1740530",
        "jid_1740491",
        "jid_1740561",
        "jid_1740507",
        "jid_1740540",
        "jid_1740550",
        "jid_1740547",
        "jid_1740496",
        "jid_1740475",
        "jid_1740589",
        "jid_1740531",
        "jid_1740632",
        "jid_1740532",
        "jid_1740489",
        "jid_1740634",
        "jid_1740537",
        "jid_1740608",
        "jid_1740551",
        "jid_1740590",
        "jid_1740563",
        "jid_1740625",
        "jid_1740585",
        "jid_1740621",
        "jid_1740641",
        "jid_1740700",
        "jid_1740644",
        "jid_1740636",
        "jid_1740704",
        "jid_1740678",
        "jid_1740683",
        "jid_1740714",
        "jid_1740715",
        "jid_1740637",
        "jid_1740752",
        "jid_1740709",
        "jid_1740747",
        "jid_1740710",
        "jid_1740765",
        "jid_1740809",
        "jid_1740784",
        "jid_1740668",
        "jid_1740885",
        "jid_1740661",
        "jid_1740862",
        "jid_1740741",
        "jid_1740706",
        "jid_1740721",
        "jid_1740811",
        "jid_1740769",
        "jid_1740822",
        "jid_1740828",
        "jid_1740830",
        "jid_1740813",
        "jid_1740806",
        "jid_1740801",
        "jid_1740879",
        "jid_1740900",
        "jid_1740844",
        "jid_1740758",
        "jid_1740725",
        "jid_1740860",
        "jid_1740893",
        "jid_1740808",
        "jid_1740897",
        "jid_1740911",
        "jid_1740751",
        "jid_1740787",
        "jid_1740799",
        "jid_1740924",
        "jid_1740953",
        "jid_1740818",
        "jid_1740932",
        "jid_1740866",
        "jid_1740952",
        "jid_1740961",
        "jid_1740954",
        "jid_1740937",
        "jid_1740990",
        "jid_1740944",
        "jid_1741048",
        "jid_1740854",
        "jid_1741005",
        "jid_1741083",
        "jid_1740881",
        "jid_1740964",
        "jid_1741039",
        "jid_1741014",
        "jid_1740988",
        "jid_1740968",
        "jid_1741058",
        "jid_1741042",
        "jid_1741055",
        "jid_1741030",
        "jid_1740986",
        "jid_1741045",
        "jid_1741035",
        "jid_1741013",
        "jid_1741031",
        "jid_1741021",
        "jid_1741038",
        "jid_1741205",
        "jid_1741056",
        "jid_1741077",
        "jid_1741071",
        "jid_1741107",
        "jid_1741076",
        "jid_1741020",
        "jid_1741073",
        "jid_1741159",
        "jid_1741129",
        "jid_1741120",
        "jid_1741152",
        "jid_1741106",
        "jid_1741127",
        "jid_1741136",
        "jid_1741092",
        "jid_1741520",
        "jid_1741175",
        "jid_1741168",
        "jid_1741110",
        "jid_1741094",
        "jid_1741172",
        "jid_1741178",
        "jid_1741144",
        "jid_1741171",
        "jid_1741192",
        "jid_1741182",
        "jid_1741174",
        "jid_1741183",
        "jid_1741133",
        "jid_1741207",
        "jid_1741229",
        "jid_1741224",
        "jid_1741217",
        "jid_1741274",
        "jid_1741240",
        "jid_1741250",
        "jid_1741251",
        "jid_1741245",
        "jid_1741324",
        "jid_1741264",
        "jid_1741271",
        "jid_1741321",
        "jid_1741253",
        "jid_1741339",
        "jid_1741310",
        "jid_1741303",
        "jid_1741295",
        "jid_1741302",
        "jid_1741298",
        "jid_1741382",
        "jid_1741368",
        "jid_1741273",
        "jid_1741323",
        "jid_1741305",
        "jid_1741361",
        "jid_1741336",
        "jid_1741386",
        "jid_1741341",
        "jid_1741381",
        "jid_1741376",
        "jid_1741331",
        "jid_1741359",
        "jid_1741390",
        "jid_1741338",
        "jid_1741304",
        "jid_1741367",
        "jid_1741403",
        "jid_1741401",
        "jid_1741388",
        "jid_1741369",
        "jid_1741389",
        "jid_1741432",
        "jid_1741391",
        "jid_1741365",
        "jid_1741414",
        "jid_1741441",
        "jid_1741438",
        "jid_1741436",
        "jid_1741407",
        "jid_1741467",
        "jid_1741463",
        "jid_1741452",
        "jid_1741447",
        "jid_1741491",
        "jid_1741435",
        "jid_1741455",
        "jid_1741483",
        "jid_1741513",
        "jid_1741473",
        "jid_1741516",
        "jid_1741478",
        "jid_1741515",
        "jid_1741500",
        "jid_1741488",
        "jid_1741526",
        "jid_1741489",
        "jid_1741523",
        "jid_1741494",
        "jid_1741440",
        "jid_1741503",
        "jid_1741540",
        "jid_1741570",
        "jid_1741606",
        "jid_1741553",
        "jid_1741580",
        "jid_1741551",
        "jid_1741605",
        "jid_1741598",
        "jid_1741512",
        "jid_1741591",
        "jid_1741573",
        "jid_1741574",
        "jid_1741562",
        "jid_1741599",
        "jid_1741565",
        "jid_1741571",
        "jid_1741567",
        "jid_1741558",
        "jid_1741575",
        "jid_1741650",
        "jid_1741550",
        "jid_1741653",
        "jid_1741557",
        "jid_1741617",
        "jid_1741635",
        "jid_1741632",
        "jid_1741649",
        "jid_1741625",
        "jid_1741668",
        "jid_1741664",
        "jid_1741665",
        "jid_1741669",
        "jid_1741676",
        "jid_1741660",
        "jid_1741680",
        "jid_1741790",
        "jid_1741721",
        "jid_1741733",
        "jid_1741679",
        "jid_1741740",
        "jid_1741731",
        "jid_1741792",
        "jid_1741766",
        "jid_1741810",
        "jid_1741821",
        "jid_1741786",
        "jid_1741803",
        "jid_1741807",
        "jid_1741814",
        "jid_1741825",
        "jid_1741817",
        "jid_1741789",
        "jid_1741823",
        "jid_1741804",
        "jid_1741809",
        "jid_1741831",
        "jid_1741834",
        "jid_1741866",
        "jid_1741843",
        "jid_1741847",
        "jid_1741816",
        "jid_1741867",
        "jid_1741871",
        "jid_1741861",
        "jid_1741892",
        "jid_1741835",
        "jid_1741872",
        "jid_1741890",
        "jid_1741913",
        "jid_1741942",
        "jid_1741948",
        "jid_1741953",
        "jid_1741946",
        "jid_1741912",
        "jid_1741916",
        "jid_1741932",
        "jid_1741928",
        "jid_1741958",
        "jid_1741967",
        "jid_1741982",
        "jid_1741962",
        "jid_1742022",
        "jid_1741971",
        "jid_1741986",
        "jid_1742001",
        "jid_1742007",
        "jid_1742034",
        "jid_1742037",
        "jid_1742035",
        "jid_1742000",
        "jid_1741991",
        "jid_1742073",
        "jid_1742041",
        "jid_1742115",
        "jid_1742322",
        "jid_1742128",
        "jid_1742112",
        "jid_1742127",
        "jid_1742084",
        "jid_1742096",
        "jid_1742090",
        "jid_1742088",
        "jid_1742101",
        "jid_1742126",
        "jid_1742165",
        "jid_1742158",
        "jid_1742144",
        "jid_1742122",
        "jid_1742107",
        "jid_1742121",
        "jid_1742153",
        "jid_1742266",
        "jid_1742132",
        "jid_1742177",
        "jid_1742243",
        "jid_1742125",
        "jid_1742152",
        "jid_1742186",
        "jid_1742187",
        "jid_1742139",
        "jid_1742143",
        "jid_1742162",
        "jid_1742234",
        "jid_1742211",
        "jid_1742213",
        "jid_1742241",
        "jid_1742277",
        "jid_1742256",
        "jid_1742268",
        "jid_1819295",
        "jid_1742248",
        "jid_1742205",
        "jid_1742302",
        "jid_1742303",
        "jid_1742283",
        "jid_1742301",
        "jid_1742330",
        "jid_1742312",
        "jid_1742313",
        "jid_1742343",
        "jid_1742320",
        "jid_1742329",
        "jid_1742333",
        "jid_1742377",
        "jid_1742384",
        "jid_1742356",
        "jid_1742292",
        "jid_1742393",
        "jid_1742405",
        "jid_1742394",
        "jid_1742396",
        "jid_1742411",
        "jid_1742402",
        "jid_1742379",
        "jid_1742423",
        "jid_1742515",
        "jid_1742452",
        "jid_1742409",
        "jid_1742424",
        "jid_1742428",
        "jid_1742491",
        "jid_1742504",
        "jid_1742479",
        "jid_1742462",
        "jid_1742486",
        "jid_1742445",
        "jid_1742419",
        "jid_1742447",
        "jid_1742451",
        "jid_1742439",
        "jid_1742482",
        "jid_1742443",
        "jid_1742502",
        "jid_1742475",
        "jid_1742484",
        "jid_1742499",
        "jid_1742510",
        "jid_1742494",
        "jid_1742497",
        "jid_1742516",
        "jid_1742518",
        "jid_1742517",
        "jid_1742521",
        "jid_1742527",
        "jid_1742553",
        "jid_1742572",
        "jid_1742579",
        "jid_1742540",
        "jid_1742556",
        "jid_1742582",
        "jid_1742568",
        "jid_1742595",
        "jid_1742528",
        "jid_1742544",
        "jid_1742581",
        "jid_1742554",
        "jid_1742580",
        "jid_1742601",
        "jid_1742602",
        "jid_1742614",
        "jid_1759450",
        "jid_1742611",
        "jid_1742603",
        "jid_1742638",
        "jid_1742609",
        "jid_1742622",
        "jid_1742679",
        "jid_1742625",
        "jid_1742633",
        "jid_1742641",
        "jid_1742668",
        "jid_1742727",
        "jid_1742670",
        "jid_1742682",
        "jid_1742672",
        "jid_1742655",
        "jid_1742644",
        "jid_1742698",
        "jid_1742699",
        "jid_1742708",
        "jid_1742692",
        "jid_1742681",
        "jid_1742691",
        "jid_1742706",
        "jid_1742703",
        "jid_1742743",
        "jid_1742705",
        "jid_1742729",
        "jid_1742739",
        "jid_1742768",
        "jid_1742694",
        "jid_1742756",
        "jid_1742814",
        "jid_1742812",
        "jid_1742809",
        "jid_1742821",
        "jid_1742734",
        "jid_1742723",
        "jid_1742824",
        "jid_1742836",
        "jid_1742843",
        "jid_1742794",
        "jid_1742785",
        "jid_1742745",
        "jid_1742844",
        "jid_1742842",
        "jid_1742763",
        "jid_1742772",
        "jid_1742848",
        "jid_1742782",
        "jid_1742881",
        "jid_1742884",
        "jid_1742861",
        "jid_1742837",
        "jid_1742774",
        "jid_1742877",
        "jid_1742880",
        "jid_1742827",
        "jid_1742799",
        "jid_1742801",
        "jid_1742804",
        "jid_1742912",
        "jid_1742893",
        "jid_1742960",
        "jid_1742971",
        "jid_1742854",
        "jid_1742853",
        "jid_1742864",
        "jid_1742921",
        "jid_1742863",
        "jid_1742931",
        "jid_1742929",
        "jid_1742907",
        "jid_1742954",
        "jid_1742966",
        "jid_1742911",
        "jid_1742898",
        "jid_1742999",
        "jid_1742974",
        "jid_1742985",
        "jid_1742939",
        "jid_1742956",
        "jid_1743009",
        "jid_1743011",
        "jid_1742992",
        "jid_1742988",
        "jid_1742998",
        "jid_1742986",
        "jid_1742950",
        "jid_1742942",
        "jid_1742948",
        "jid_1743026",
        "jid_1743033",
        "jid_1743043",
        "jid_1743053",
        "jid_1743024",
        "jid_1743000",
        "jid_1742968",
        "jid_1742965",
        "jid_1743062",
        "jid_1743060",
        "jid_1743055",
        "jid_1743049",
        "jid_1743080",
        "jid_1743068",
        "jid_1743061",
        "jid_1743071",
        "jid_1743031",
        "jid_1743090",
        "jid_1743093",
        "jid_1743050",
        "jid_1743099",
        "jid_1743110",
        "jid_1743155",
        "jid_1743106",
        "jid_1743041",
        "jid_1743127",
        "jid_1743128",
        "jid_1743398",
        "jid_1743176",
        "jid_1743151",
        "jid_1743122",
        "jid_1743157",
        "jid_1743156",
        "jid_1743172",
        "jid_1743178",
        "jid_1743181",
        "jid_1743185",
        "jid_1743182",
        "jid_1743107",
        "jid_1743189",
        "jid_1743167",
        "jid_1743173",
        "jid_1743187",
        "jid_1743192",
        "jid_1743171",
        "jid_1743199",
        "jid_1743207",
        "jid_1743213",
        "jid_1743258",
        "jid_1743229",
        "jid_1743246",
        "jid_1743233",
        "jid_1743211",
        "jid_1743146",
        "jid_1743243",
        "jid_1743241",
        "jid_1743240",
        "jid_1743273",
        "jid_1743257",
        "jid_1743277",
        "jid_1743266",
        "jid_1743244",
        "jid_1743222",
        "jid_1743251",
        "jid_1743203",
        "jid_1743274",
        "jid_1743262",
        "jid_1743287",
        "jid_1743281",
        "jid_1743297",
        "jid_1743293",
        "jid_1743304",
        "jid_1743303",
        "jid_1743309",
        "jid_1743311",
        "jid_1743324",
        "jid_1743308",
        "jid_1743338",
        "jid_1743323",
        "jid_1743328",
        "jid_1743326",
        "jid_1743388",
        "jid_1743351",
        "jid_1743368",
        "jid_1743340",
        "jid_1743395",
        "jid_1743367",
        "jid_1743348",
        "jid_1743400",
        "jid_1743417",
        "jid_1743363",
        "jid_1743409",
        "jid_1743405",
        "jid_1743413",
        "jid_1743451",
        "jid_1743468",
        "jid_1743470",
        "jid_1743479",
        "jid_1743499",
        "jid_1743461",
        "jid_1743437",
        "jid_1743436",
        "jid_1743449",
        "jid_1743443",
        "jid_1743431",
        "jid_1743508",
        "jid_1743474",
        "jid_1743503",
        "jid_1743501",
        "jid_1743448",
        "jid_1743500",
        "jid_1743533",
        "jid_1743543",
        "jid_1743530",
        "jid_1743572",
        "jid_1743563",
        "jid_1743557",
        "jid_1743559",
        "jid_1743582",
        "jid_1743527",
        "jid_1743591",
        "jid_1743484",
        "jid_1743592",
        "jid_1743565",
        "jid_1743586",
        "jid_1743599",
        "jid_1743523",
        "jid_1743609",
        "jid_1743611",
        "jid_1743636",
        "jid_1743604",
        "jid_1743619",
        "jid_1743623",
        "jid_1743656",
        "jid_1743545",
        "jid_1743694",
        "jid_1743645",
        "jid_1743644",
        "jid_1743679",
        "jid_1743695",
        "jid_1743686",
        "jid_1743682",
        "jid_1743683",
        "jid_1743735",
        "jid_1743718",
        "jid_1743728",
        "jid_1743646",
        "jid_1743729",
        "jid_1743736",
        "jid_1743759",
        "jid_1743722",
        "jid_1743768",
        "jid_1743741",
        "jid_1743704",
        "jid_1743774",
        "jid_1743767",
        "jid_1743752",
        "jid_1743654",
        "jid_1743672",
        "jid_1743747",
        "jid_1743781",
        "jid_1743985",
        "jid_1743711",
        "jid_1743717",
        "jid_1743737",
        "jid_1743708",
        "jid_1743714",
        "jid_1743866",
        "jid_1743751",
        "jid_1743836",
        "jid_1743793",
        "jid_1743794",
        "jid_1743784",
        "jid_1743827",
        "jid_1743843",
        "jid_1743816",
        "jid_1743818",
        "jid_1743837",
        "jid_1743831",
        "jid_1743867",
        "jid_1743795",
        "jid_1743881",
        "jid_1743880",
        "jid_1743916",
        "jid_1743821",
        "jid_1743890",
        "jid_1743915",
        "jid_1743894",
        "jid_1743817",
        "jid_1743812",
        "jid_1743892",
        "jid_1743834",
        "jid_1743911",
        "jid_1743891",
        "jid_1743896",
        "jid_1743889",
        "jid_1743931",
        "jid_1743865",
        "jid_1743939",
        "jid_1743879",
        "jid_1743875",
        "jid_1743965",
        "jid_1743959",
        "jid_1743948",
        "jid_1743897",
        "jid_1743918",
        "jid_1743966",
        "jid_1743954",
        "jid_1759659",
        "jid_1743972",
        "jid_1743981",
        "jid_1743993",
        "jid_1743992",
        "jid_1743996",
        "jid_1744004",
        "jid_1744012",
        "jid_1744016",
        "jid_1744008",
        "jid_1744027",
        "jid_1744047",
        "jid_1744066",
        "jid_1744069",
        "jid_1744065",
        "jid_1744083",
        "jid_1744079",
        "jid_1744032",
        "jid_1744077",
        "jid_1744093",
        "jid_1744097",
        "jid_1744062",
        "jid_1744136",
        "jid_1744114",
        "jid_1744118",
        "jid_1744124",
        "jid_1744113",
        "jid_1744078",
        "jid_1744163",
        "jid_1744150",
        "jid_1744143",
        "jid_1744202",
        "jid_1744125",
        "jid_1744140",
        "jid_1744157",
        "jid_1744160",
        "jid_1744179",
        "jid_1744149",
        "jid_1744172",
        "jid_1744173",
        "jid_1744181",
        "jid_1744170",
        "jid_1744151",
        "jid_1744129",
        "jid_1744227",
        "jid_1744211",
        "jid_1744258",
        "jid_1744256",
        "jid_1744242",
        "jid_1744191",
        "jid_1744235",
        "jid_1744245",
        "jid_1744248",
        "jid_1744178",
        "jid_1744192",
        "jid_1744318",
        "jid_1744264",
        "jid_1744313",
        "jid_1744177",
        "jid_1744274",
        "jid_1744189",
        "jid_1744281",
        "jid_1744286",
        "jid_1744228",
        "jid_1744226",
        "jid_1744254",
        "jid_1744323",
        "jid_1744267",
        "jid_1744338",
        "jid_1744343",
        "jid_1744299",
        "jid_1744367",
        "jid_1744373",
        "jid_1744375",
        "jid_1744311",
        "jid_1744435",
        "jid_1744405",
        "jid_1744418",
        "jid_1744383",
        "jid_1744347",
        "jid_1744401",
        "jid_1744414",
        "jid_1744400",
        "jid_1744336",
        "jid_1744432",
        "jid_1744387",
        "jid_1744465",
        "jid_1744486",
        "jid_1744456",
        "jid_1744455",
        "jid_1744394",
        "jid_1744439",
        "jid_1744386",
        "jid_1744396",
        "jid_1744457",
        "jid_1744476",
        "jid_1744459",
        "jid_1744485",
        "jid_1744424",
        "jid_1744450",
        "jid_1744472",
        "jid_1744477",
        "jid_1744489",
        "jid_1744440",
        "jid_1744421",
        "jid_1744521",
        "jid_1744515",
        "jid_1744529",
        "jid_1744492",
        "jid_1744555",
        "jid_1744538",
        "jid_1744511",
        "jid_1744522",
        "jid_1744512",
        "jid_1744535",
        "jid_1744500",
        "jid_1744539",
        "jid_1744565",
        "jid_1744541",
        "jid_1744549",
        "jid_1744589",
        "jid_1744599",
        "jid_1744600",
        "jid_1744609",
        "jid_1744608",
        "jid_1744595",
        "jid_1744604",
        "jid_1744896",
        "jid_1744633",
        "jid_1744635",
        "jid_1744657",
        "jid_1744625",
        "jid_1744631",
        "jid_1744651",
        "jid_1744638",
        "jid_1744652",
        "jid_1744689",
        "jid_1744673",
        "jid_1744665",
        "jid_1744679",
        "jid_1744701",
        "jid_1744696",
        "jid_1744684",
        "jid_1744744",
        "jid_1744712",
        "jid_1744750",
        "jid_1744663",
        "jid_1744683",
        "jid_1744718",
        "jid_1744732",
        "jid_1744741",
        "jid_1744694",
        "jid_1744730",
        "jid_1744723",
        "jid_1744746",
        "jid_1744788",
        "jid_1744792",
        "jid_1744773",
        "jid_1744800",
        "jid_1744787",
        "jid_1744801",
        "jid_1744786",
        "jid_1744798",
        "jid_1744759",
        "jid_1744794",
        "jid_1744803",
        "jid_1744863",
        "jid_1744806",
        "jid_1744790",
        "jid_1744781",
        "jid_1744849",
        "jid_1744843",
        "jid_1744830",
        "jid_1744810",
        "jid_1744754",
        "jid_1744842",
        "jid_1744833",
        "jid_1744857",
        "jid_1744860",
        "jid_1744865",
        "jid_1744868",
        "jid_1744783",
        "jid_1744777",
        "jid_1744776",
        "jid_1744813",
        "jid_1744775",
        "jid_1744879",
        "jid_1744903",
        "jid_1744906",
        "jid_1744914",
        "jid_1744874",
        "jid_1744921",
        "jid_1744928",
        "jid_1744941",
        "jid_1744943",
        "jid_1744954",
        "jid_1744964",
        "jid_1744955",
        "jid_1744966",
        "jid_1744970",
        "jid_1744967",
        "jid_1744982",
        "jid_1744969",
        "jid_1744965",
        "jid_1745026",
        "jid_1744986",
        "jid_1744981",
        "jid_1745011",
        "jid_1745007",
        "jid_1745009",
        "jid_1745024",
        "jid_1745055",
        "jid_1745050",
        "jid_1745031",
        "jid_1744977",
        "jid_1745081",
        "jid_1745068",
        "jid_1745069",
        "jid_1745059",
        "jid_1745001",
        "jid_1745043",
        "jid_1745086",
        "jid_1745137",
        "jid_1745108",
        "jid_1745114",
        "jid_1745149",
        "jid_1745118",
        "jid_1745066",
        "jid_1745102",
        "jid_1745249",
        "jid_1745253",
        "jid_1745152",
        "jid_1745174",
        "jid_1745093",
        "jid_1759702",
        "jid_1759694",
        "jid_1745112",
        "jid_1745123",
        "jid_1745117",
        "jid_1745224",
        "jid_1745130",
        "jid_1745142",
        "jid_1745232",
        "jid_1745200",
        "jid_1745201",
        "jid_1745221",
        "jid_1745204",
        "jid_1745254",
        "jid_1745256",
        "jid_1745259",
        "jid_1745246",
        "jid_1745274",
        "jid_1745191",
        "jid_1745263",
        "jid_1745299",
        "jid_1745321",
        "jid_1745337",
        "jid_1745257",
        "jid_1745270",
        "jid_1745342",
        "jid_1745335",
        "jid_1745558",
        "jid_1745326",
        "jid_1745374",
        "jid_1745367",
        "jid_1745287",
        "jid_1745265",
        "jid_1745284",
        "jid_1745372",
        "jid_1745377",
        "jid_1745339",
        "jid_1745383",
        "jid_1745313",
        "jid_1745316",
        "jid_1745394",
        "jid_1745399",
        "jid_1745439",
        "jid_1745473",
        "jid_1745481",
        "jid_1745421",
        "jid_1745447",
        "jid_1745443",
        "jid_1745450",
        "jid_1745512",
        "jid_1745576",
        "jid_1745474",
        "jid_1745475",
        "jid_1745768",
        "jid_1745480",
        "jid_1745411",
        "jid_1745412",
        "jid_1745515",
        "jid_1745530",
        "jid_1745505",
        "jid_1759401",
        "jid_1759382",
        "jid_1745560",
        "jid_1745605",
        "jid_1745578",
        "jid_1745554",
        "jid_1745566",
        "jid_1745569",
        "jid_1745564",
        "jid_1745550",
        "jid_1745595",
        "jid_1745592",
        "jid_1745604",
        "jid_1745579",
        "jid_1745584",
        "jid_1745602",
        "jid_1745528",
        "jid_1745608",
        "jid_1745639",
        "jid_1745629",
        "jid_1745620",
        "jid_1745619",
        "jid_1745642",
        "jid_1745667",
        "jid_1745653",
        "jid_1745671",
        "jid_1745679",
        "jid_1745661",
        "jid_1745600",
        "jid_1745664",
        "jid_1745590",
        "jid_1745711",
        "jid_1745635",
        "jid_1745696",
        "jid_1745689",
        "jid_1745694",
        "jid_1745631",
        "jid_1745708",
        "jid_1745738",
        "jid_1745731",
        "jid_1745742",
        "jid_1745792",
        "jid_1745756",
        "jid_1745770",
        "jid_1745729",
        "jid_1745701",
        "jid_1745707",
        "jid_1745747",
        "jid_1745775",
        "jid_1745760",
        "jid_1745754",
        "jid_1745746",
        "jid_1745753",
        "jid_1745779",
        "jid_1745762",
        "jid_1745767",
        "jid_1745764",
        "jid_1745771",
        "jid_1745791",
        "jid_1745804",
        "jid_1745817",
        "jid_1745736",
        "jid_1745824",
        "jid_1745829",
        "jid_1745827",
        "jid_1745834",
        "jid_1745839",
        "jid_1745848",
        "jid_1745843",
        "jid_1745876",
        "jid_1759103",
        "jid_1745893",
        "jid_1745849",
        "jid_1745877",
        "jid_1745862",
        "jid_1745890",
        "jid_1745882",
        "jid_1745888",
        "jid_1745941",
        "jid_1745875",
        "jid_1745917",
        "jid_1745934",
        "jid_1745944",
        "jid_1745912",
        "jid_1745956",
        "jid_1745950",
        "jid_1745918",
        "jid_1745947",
        "jid_1745943",
        "jid_1745977",
        "jid_1745962",
        "jid_1745963",
        "jid_1745976",
        "jid_1758183",
        "jid_1745988",
        "jid_1745960",
        "jid_1745986",
        "jid_1745975",
        "jid_1745981",
        "jid_1745908",
        "jid_1745999",
        "jid_1745919",
        "jid_1745991",
        "jid_1746051",
        "jid_1746037",
        "jid_1745968",
        "jid_1745984",
        "jid_1745990",
        "jid_1746000",
        "jid_1746003",
        "jid_1746014",
        "jid_1746001",
        "jid_1759952",
        "jid_1746031",
        "jid_1746024",
        "jid_1746076",
        "jid_1746042",
        "jid_1746046",
        "jid_1746054",
        "jid_1746123",
        "jid_1746092",
        "jid_1746087",
        "jid_1746079",
        "jid_1746068",
        "jid_1746028",
        "jid_1746043",
        "jid_1746048",
        "jid_1746015",
        "jid_1746013",
        "jid_1746114",
        "jid_1746089",
        "jid_1746111",
        "jid_1746088",
        "jid_1746119",
        "jid_1746058",
        "jid_1746149",
        "jid_1746139",
        "jid_1746152",
        "jid_1746156",
        "jid_1746172",
        "jid_1746158",
        "jid_1746198",
        "jid_1746164",
        "jid_1746161",
        "jid_1746148",
        "jid_1746174",
        "jid_1746128",
        "jid_1746140",
        "jid_1746169",
        "jid_1746179",
        "jid_1746452",
        "jid_1746178",
        "jid_1746200",
        "jid_1746213",
        "jid_1746201",
        "jid_1746204",
        "jid_1746202",
        "jid_1746221",
        "jid_1746233",
        "jid_1746246",
        "jid_1746257",
        "jid_1746228",
        "jid_1746227",
        "jid_1746229",
        "jid_1746177",
        "jid_1746263",
        "jid_1746307",
        "jid_1746249",
        "jid_1746194",
        "jid_1746223",
        "jid_1746266",
        "jid_1746265",
        "jid_1746260",
        "jid_1746268",
        "jid_1746264",
        "jid_1746317",
        "jid_1746296",
        "jid_1746330",
        "jid_1746298",
        "jid_1746294",
        "jid_1746345",
        "jid_1746325",
        "jid_1746318",
        "jid_1746322",
        "jid_1746316",
        "jid_1746334",
        "jid_1746343",
        "jid_1746336",
        "jid_1746372",
        "jid_1746373",
        "jid_1746377",
        "jid_1746411",
        "jid_1746360",
        "jid_1746364",
        "jid_1746400",
        "jid_1746413",
        "jid_1746398",
        "jid_1746385",
        "jid_1746421",
        "jid_1746391",
        "jid_1746472",
        "jid_1746467",
        "jid_1746478",
        "jid_1746489",
        "jid_1746442",
        "jid_1746368",
        "jid_1746362",
        "jid_1746417",
        "jid_1746420",
        "jid_1746419",
        "jid_1746434",
        "jid_1746474",
        "jid_1746456",
        "jid_1746462",
        "jid_1746460",
        "jid_1746470",
        "jid_1746473",
        "jid_1746484",
        "jid_1746471",
        "jid_1746483",
        "jid_1746479",
        "jid_1746499",
        "jid_1746504",
        "jid_1746485",
        "jid_1746510",
        "jid_1746494",
        "jid_1746533",
        "jid_1746517",
        "jid_1746567",
        "jid_1746541",
        "jid_1746528",
        "jid_1746531",
        "jid_1746518",
        "jid_1746558",
        "jid_1746631",
        "jid_1746599",
        "jid_1746606",
        "jid_1746592",
        "jid_1746614",
        "jid_1746572",
        "jid_1746610",
        "jid_1746582",
        "jid_1746580",
        "jid_1746651",
        "jid_1746642",
        "jid_1746647",
        "jid_1746565",
        "jid_1746686",
        "jid_1746676",
        "jid_1746669",
        "jid_1746685",
        "jid_1746673",
        "jid_1746573",
        "jid_1746681",
        "jid_1746703",
        "jid_1746687",
        "jid_1746688",
        "jid_1746718",
        "jid_1746725",
        "jid_1746700",
        "jid_1746668",
        "jid_1746776",
        "jid_1746742",
        "jid_1746719",
        "jid_1746763",
        "jid_1746726",
        "jid_1746782",
        "jid_1746800",
        "jid_1746755",
        "jid_1746773",
        "jid_1746745",
        "jid_1746699",
        "jid_1746805",
        "jid_1746727",
        "jid_1746780",
        "jid_1746813",
        "jid_1746802",
        "jid_1746806",
        "jid_1746788",
        "jid_1746793",
        "jid_1746741",
        "jid_1746838",
        "jid_1746840",
        "jid_1746827",
        "jid_1746814",
        "jid_1746864",
        "jid_1746820",
        "jid_1746765",
        "jid_1746843",
        "jid_1746783",
        "jid_1746875",
        "jid_1746882",
        "jid_1746871",
        "jid_1746863",
        "jid_1746847",
        "jid_1746849",
        "jid_1746842",
        "jid_1746867",
        "jid_1746841",
        "jid_1746889",
        "jid_1746893",
        "jid_1746896",
        "jid_1746885",
        "jid_1746865",
        "jid_1746917",
        "jid_1746908",
        "jid_1746922",
        "jid_1746923",
        "jid_1746910",
        "jid_1746921",
        "jid_1746902",
        "jid_1746974",
        "jid_1746930",
        "jid_1746956",
        "jid_1746947",
        "jid_1746972",
        "jid_1746936",
        "jid_1747052",
        "jid_1746983",
        "jid_1746990",
        "jid_1746963",
        "jid_1746976",
        "jid_1746970",
        "jid_1747115",
        "jid_1747004",
        "jid_1746994",
        "jid_1746967",
        "jid_1747002",
        "jid_1747003",
        "jid_1747021",
        "jid_1747024",
        "jid_1747032",
        "jid_1747027",
        "jid_1747058",
        "jid_1747326",
        "jid_1747049",
        "jid_1747053",
        "jid_1747013",
        "jid_1747054",
        "jid_1747142",
        "jid_1747119",
        "jid_1747100",
        "jid_1747138",
        "jid_1747116",
        "jid_1747118",
        "jid_1747106",
        "jid_1747099",
        "jid_1747124",
        "jid_1747117",
        "jid_1747121",
        "jid_1747130",
        "jid_1747176",
        "jid_1747184",
        "jid_1747137",
        "jid_1747155",
        "jid_1747179",
        "jid_1747168",
        "jid_1747187",
        "jid_1747161",
        "jid_1747196",
        "jid_1747192",
        "jid_1747213",
        "jid_1747211",
        "jid_1747214",
        "jid_1747226",
        "jid_1747247",
        "jid_1747197",
        "jid_1747224",
        "jid_1747249",
        "jid_1747256",
        "jid_1747215",
        "jid_1747255",
        "jid_1747264",
        "jid_1747257",
        "jid_1747181",
        "jid_1747265",
        "jid_1747242",
        "jid_1747308",
        "jid_1747263",
        "jid_1747275",
        "jid_1747290",
        "jid_1747260",
        "jid_1747267",
        "jid_1747199",
        "jid_1747219",
        "jid_1747228",
        "jid_1747279",
        "jid_1747232",
        "jid_1747312",
        "jid_1747295",
        "jid_1747298",
        "jid_1747350",
        "jid_1747366",
        "jid_1747401",
        "jid_1747377",
        "jid_1747391",
        "jid_1747349",
        "jid_1747359",
        "jid_1747344",
        "jid_1747293",
        "jid_1747282",
        "jid_1747376",
        "jid_1747355",
        "jid_1747346",
        "jid_1747405",
        "jid_1747385",
        "jid_1747392",
        "jid_1747317",
        "jid_1747430",
        "jid_1747329",
        "jid_1747393",
        "jid_1747404",
        "jid_1747443",
        "jid_1747361",
        "jid_1747465",
        "jid_1747427",
        "jid_1747446",
        "jid_1747439",
        "jid_1747428",
        "jid_1747363",
        "jid_1747458",
        "jid_1747467",
        "jid_1747471",
        "jid_1747477",
        "jid_1747449",
        "jid_1747511",
        "jid_1747456",
        "jid_1747476",
        "jid_1747494",
        "jid_1747484",
        "jid_1747489",
        "jid_1747502",
        "jid_1747498",
        "jid_1747453",
        "jid_1747509",
        "jid_1747508",
        "jid_1747527",
        "jid_1747522",
        "jid_1747547",
        "jid_1747506",
        "jid_1747499",
        "jid_1747519",
        "jid_1747513",
        "jid_1747541",
        "jid_1747485",
        "jid_1747599",
        "jid_1747580",
        "jid_1747569",
        "jid_1747542",
        "jid_1747554",
        "jid_1747562",
        "jid_1747553",
        "jid_1747550",
        "jid_1747495",
        "jid_1747539",
        "jid_1747570",
        "jid_1747558",
        "jid_1747545",
        "jid_1747571",
        "jid_1747559",
        "jid_1747575",
        "jid_1747576",
        "jid_1747567",
        "jid_1747605",
        "jid_1747597",
        "jid_1747595",
        "jid_1747594",
        "jid_1747581",
        "jid_1747629",
        "jid_1747618",
        "jid_1747641",
        "jid_1747655",
        "jid_1747647",
        "jid_1747622",
        "jid_1747657",
        "jid_1747650",
        "jid_1747642",
        "jid_1747619",
        "jid_1747638",
        "jid_1747662",
        "jid_1747661",
        "jid_1747666",
        "jid_1747674",
        "jid_1747675",
        "jid_1747679",
        "jid_1747687",
        "jid_1747701",
        "jid_1747689",
        "jid_1747700",
        "jid_1747709",
        "jid_1747714",
        "jid_1747725",
        "jid_1747730",
        "jid_1747720",
        "jid_1747708",
        "jid_1747753",
        "jid_1747745",
        "jid_1747752",
        "jid_1747746",
        "jid_1747764",
        "jid_1747767",
        "jid_1747768",
        "jid_1747794",
        "jid_1747775",
        "jid_1747783",
        "jid_1747787",
        "jid_1747784",
        "jid_1747773",
        "jid_1747750",
        "jid_1747923",
        "jid_1747858",
        "jid_1747763",
        "jid_1747776",
        "jid_1747756",
        "jid_1747941",
        "jid_1747781",
        "jid_1747834",
        "jid_1747851",
        "jid_1747845",
        "jid_1747860",
        "jid_1747799",
        "jid_1747853",
        "jid_1747900",
        "jid_1747822",
        "jid_1747881",
        "jid_1747825",
        "jid_1747890",
        "jid_1747906",
        "jid_1747888",
        "jid_1747922",
        "jid_1747965",
        "jid_1747934",
        "jid_1747927",
        "jid_1747950",
        "jid_1747942",
        "jid_1747970",
        "jid_1747968",
        "jid_1747999",
        "jid_1747958",
        "jid_1747894",
        "jid_1747957",
        "jid_1748006",
        "jid_1747997",
        "jid_1747964",
        "jid_1747990",
        "jid_1747925",
        "jid_1747926",
        "jid_1747996",
        "jid_1748019",
        "jid_1748028",
        "jid_1748034",
        "jid_1748020",
        "jid_1747978",
        "jid_1748031",
        "jid_1748025",
        "jid_1748086",
        "jid_1748069",
        "jid_1748047",
        "jid_1748057",
        "jid_1748010",
        "jid_1747980",
        "jid_1748083",
        "jid_1748090",
        "jid_1748088",
        "jid_1748039",
        "jid_1748051",
        "jid_1748100",
        "jid_1748142",
        "jid_1748122",
        "jid_1748146",
        "jid_1748140",
        "jid_1748056",
        "jid_1748126",
        "jid_1748157",
        "jid_1748123",
        "jid_1748133",
        "jid_1748144",
        "jid_1748136",
        "jid_1748158",
        "jid_1748201",
        "jid_1748190",
        "jid_1748198",
        "jid_1748176",
        "jid_1748184",
        "jid_1748214",
        "jid_1748183",
        "jid_1748241",
        "jid_1748217",
        "jid_1748270",
        "jid_1748257",
        "jid_1748243",
        "jid_1748235",
        "jid_1748199",
        "jid_1748265",
        "jid_1748259",
        "jid_1748255",
        "jid_1748253",
        "jid_1748279",
        "jid_1748215",
        "jid_1748289",
        "jid_1748298",
        "jid_1748309",
        "jid_1748328",
        "jid_1748317",
        "jid_1748344",
        "jid_1748314",
        "jid_1748369",
        "jid_1748338",
        "jid_1748362",
        "jid_1748346",
        "jid_1748368",
        "jid_1748347",
        "jid_1748352",
        "jid_1748354",
        "jid_1748373",
        "jid_1748383",
        "jid_1748391",
        "jid_1748394",
        "jid_1748390",
        "jid_1748408",
        "jid_1748348",
        "jid_1748413",
        "jid_1748331",
        "jid_1748435",
        "jid_1748366",
        "jid_1748425",
        "jid_1748464",
        "jid_1748451",
        "jid_1748475",
        "jid_1748439",
        "jid_1748479",
        "jid_1748411",
        "jid_1748468",
        "jid_1748415",
        "jid_1748414",
        "jid_1748477",
        "jid_1748498",
        "jid_1748436",
        "jid_1748527",
        "jid_1748535",
        "jid_1748500",
        "jid_1748463",
        "jid_1748450",
        "jid_1748520",
        "jid_1748544",
        "jid_1748548",
        "jid_1748547",
        "jid_1748568",
        "jid_1748508",
        "jid_1748593",
        "jid_1748598",
        "jid_1748570",
        "jid_1748557",
        "jid_1748615",
        "jid_1748629",
        "jid_1748634",
        "jid_1748640",
        "jid_1748638",
        "jid_1748632",
        "jid_1748607",
        "jid_1748694",
        "jid_1748582",
        "jid_1748660",
        "jid_1748728",
        "jid_1748666",
        "jid_1748685",
        "jid_1748670",
        "jid_1748579",
        "jid_1748644",
        "jid_1748672",
        "jid_1748692",
        "jid_1748614",
        "jid_1748722",
        "jid_1748623",
        "jid_1748723",
        "jid_1748675",
        "jid_1748716",
        "jid_1748710",
        "jid_1748725",
        "jid_1748711",
        "jid_1748651",
        "jid_1748715",
        "jid_1748729",
        "jid_1748741",
        "jid_1748724",
        "jid_1748713",
        "jid_1748653",
        "jid_1748649",
        "jid_1748733",
        "jid_1748767",
        "jid_1748828",
        "jid_1748758",
        "jid_1748775",
        "jid_1748755",
        "jid_1748770",
        "jid_1748703",
        "jid_1748768",
        "jid_1748754",
        "jid_1748762",
        "jid_1748731",
        "jid_1748795",
        "jid_1748796",
        "jid_1748813",
        "jid_1748825",
        "jid_1748826",
        "jid_1748749",
        "jid_1748840",
        "jid_1748837",
        "jid_1748859",
        "jid_1748858",
        "jid_1748860",
        "jid_1748857",
        "jid_1748850",
        "jid_1748802",
        "jid_1748789",
        "jid_1748862",
        "jid_1748882",
        "jid_1748872",
        "jid_1748810",
        "jid_1748877",
        "jid_1748884",
        "jid_1748875",
        "jid_1748913",
        "jid_1748900",
        "jid_1748887",
        "jid_1748904",
        "jid_1748906",
        "jid_1748952",
        "jid_1748945",
        "jid_1748960",
        "jid_1748966",
        "jid_1748949",
        "jid_1748954",
        "jid_1748934",
        "jid_1748942",
        "jid_1748914",
        "jid_1748958",
        "jid_1749018",
        "jid_1748985",
        "jid_1748973",
        "jid_1748996",
        "jid_1748992",
        "jid_1749039",
        "jid_1748986",
        "jid_1748982",
        "jid_1749035",
        "jid_1749021",
        "jid_1749028",
        "jid_1749030",
        "jid_1749032",
        "jid_1749046",
        "jid_1749007",
        "jid_1749010",
        "jid_1749061",
        "jid_1749050",
        "jid_1749089",
        "jid_1749055",
        "jid_1748999",
        "jid_1749082",
        "jid_1749064",
        "jid_1749101",
        "jid_1749100",
        "jid_1749103",
        "jid_1749138",
        "jid_1749132",
        "jid_1749136",
        "jid_1749164",
        "jid_1749169",
        "jid_1749171",
        "jid_1749131",
        "jid_1749129",
        "jid_1749173",
        "jid_1749197",
        "jid_1749112",
        "jid_1749182",
        "jid_1749166",
        "jid_1749248",
        "jid_1749238",
        "jid_1749120",
        "jid_1749233",
        "jid_1749220",
        "jid_1749217",
        "jid_1749212",
        "jid_1749247",
        "jid_1749193",
        "jid_1749198",
        "jid_1749297",
        "jid_1749272",
        "jid_1749258",
        "jid_1749305",
        "jid_1749262",
        "jid_1749270",
        "jid_1749275",
        "jid_1749311",
        "jid_1749325",
        "jid_1749314",
        "jid_1749359",
        "jid_1749332",
        "jid_1749276",
        "jid_1749273",
        "jid_1749358",
        "jid_1749355",
        "jid_1749389",
        "jid_1749346",
        "jid_1749345",
        "jid_1749309",
        "jid_1749391",
        "jid_1749362",
        "jid_1749310",
        "jid_1749400",
        "jid_1749376",
        "jid_1749384",
        "jid_1749375",
        "jid_1749388",
        "jid_1749380",
        "jid_1749381",
        "jid_1749390",
        "jid_1749387",
        "jid_1749409",
        "jid_1749408",
        "jid_1749428",
        "jid_1749425",
        "jid_1749401",
        "jid_1749447",
        "jid_1749456",
        "jid_1749437",
        "jid_1749464",
        "jid_1749419",
        "jid_1749407",
        "jid_1749478",
        "jid_1749493",
        "jid_1749488",
        "jid_1749424",
        "jid_1749531",
        "jid_1749503",
        "jid_1749504",
        "jid_1749520",
        "jid_1749508",
        "jid_1749536",
        "jid_1749518",
        "jid_1749524",
        "jid_1749532",
        "jid_1749523",
        "jid_1749517",
        "jid_1749463",
        "jid_1749477",
        "jid_1749554",
        "jid_1749545",
        "jid_1749486",
        "jid_1749552",
        "jid_1749514",
        "jid_1749567",
        "jid_1749561",
        "jid_1749562",
        "jid_1749581",
        "jid_1749583",
        "jid_1749585",
        "jid_1749574",
        "jid_1749578",
        "jid_1749577",
        "jid_1749600",
        "jid_1749597",
        "jid_1749596",
        "jid_1749611",
        "jid_1749618",
        "jid_1749590",
        "jid_1749608",
        "jid_1749633",
        "jid_1749642",
        "jid_1749591",
        "jid_1749666",
        "jid_1749668",
        "jid_1749651",
        "jid_1749662",
        "jid_1749631",
        "jid_1749613",
        "jid_1749612",
        "jid_1749621",
        "jid_1749617",
        "jid_1749675",
        "jid_1749676",
        "jid_1749704",
        "jid_1749702",
        "jid_1749650",
        "jid_1749677",
        "jid_1749719",
        "jid_1749697",
        "jid_1749724",
        "jid_1749731",
        "jid_1749734",
        "jid_1749687",
        "jid_1749738",
        "jid_1749685",
        "jid_1749716",
        "jid_1749715",
        "jid_1749759",
        "jid_1749754",
        "jid_1749741",
        "jid_1749771",
        "jid_1749784",
        "jid_1749730",
        "jid_1749757",
        "jid_1749778",
        "jid_1750039",
        "jid_1749812",
        "jid_1749713",
        "jid_1749788",
        "jid_1749800",
        "jid_1749828",
        "jid_1749811",
        "jid_1749824",
        "jid_1749865",
        "jid_1749826",
        "jid_1749840",
        "jid_1749814",
        "jid_1749831",
        "jid_1749839",
        "jid_1749844",
        "jid_1749793",
        "jid_1749864",
        "jid_1749861",
        "jid_1749823",
        "jid_1749908",
        "jid_1749963",
        "jid_1749822",
        "jid_1749887",
        "jid_1749888",
        "jid_1749914",
        "jid_1749855",
        "jid_1749848",
        "jid_1749851",
        "jid_1749941",
        "jid_1749964",
        "jid_1749968",
        "jid_1749950",
        "jid_1749955",
        "jid_1749971",
        "jid_1749958",
        "jid_1749948",
        "jid_1749991",
        "jid_1749990",
        "jid_1749969",
        "jid_1749987",
        "jid_1749916",
        "jid_1750012",
        "jid_1749984",
        "jid_1749983",
        "jid_1749994",
        "jid_1750002",
        "jid_1749995",
        "jid_1750008",
        "jid_1749933",
        "jid_1750009",
        "jid_1750010",
        "jid_1750015",
        "jid_1750018",
        "jid_1749943",
        "jid_1750020",
        "jid_1750043",
        "jid_1750051",
        "jid_1750034",
        "jid_1750021",
        "jid_1749989",
        "jid_1750032",
        "jid_1750084",
        "jid_1750078",
        "jid_1750074",
        "jid_1750080",
        "jid_1750090",
        "jid_1750109",
        "jid_1750095",
        "jid_1750097",
        "jid_1750094",
        "jid_1750106",
        "jid_1750134",
        "jid_1750132",
        "jid_1750102",
        "jid_1750140",
        "jid_1750103",
        "jid_1750129",
        "jid_1750117",
        "jid_1750152",
        "jid_1750171",
        "jid_1750178",
        "jid_1750210",
        "jid_1750187",
        "jid_1750159",
        "jid_1750161",
        "jid_1750163",
        "jid_1750162",
        "jid_1750157",
        "jid_1750386",
        "jid_1750190",
        "jid_1750214",
        "jid_1750224",
        "jid_1750207",
        "jid_1750219",
        "jid_1750249",
        "jid_1750267",
        "jid_1750244",
        "jid_1750269",
        "jid_1750263",
        "jid_1750251",
        "jid_1750271",
        "jid_1750240",
        "jid_1750285",
        "jid_1750262",
        "jid_1750319",
        "jid_1750230",
        "jid_1750345",
        "jid_1750314",
        "jid_1750350",
        "jid_1750261",
        "jid_1750341",
        "jid_1750349",
        "jid_1750299",
        "jid_1750377",
        "jid_1750375",
        "jid_1750303",
        "jid_1750387",
        "jid_1750391",
        "jid_1750367",
        "jid_1750385",
        "jid_1750292",
        "jid_1750417",
        "jid_1750383",
        "jid_1750333",
        "jid_1750328",
        "jid_1750421",
        "jid_1750413",
        "jid_1750438",
        "jid_1750351",
        "jid_1750425",
        "jid_1750369",
        "jid_1750379",
        "jid_1750448",
        "jid_1750477",
        "jid_1750389",
        "jid_1750455",
        "jid_1750457",
        "jid_1750453",
        "jid_1750489",
        "jid_1750475",
        "jid_1750488",
        "jid_1750513",
        "jid_1750476",
        "jid_1750496",
        "jid_1750523",
        "jid_1750498",
        "jid_1750499",
        "jid_1750532",
        "jid_1750539",
        "jid_1750547",
        "jid_1750537",
        "jid_1750525",
        "jid_1750462",
        "jid_1750529",
        "jid_1750540",
        "jid_1750544",
        "jid_1750560",
        "jid_1750550",
        "jid_1750492",
        "jid_1750522",
        "jid_1750503",
        "jid_1750472",
        "jid_1750474",
        "jid_1750600",
        "jid_1750585",
        "jid_1750593",
        "jid_1750586",
        "jid_1750509",
        "jid_1750570",
        "jid_1750644",
        "jid_1750633",
        "jid_1750632",
        "jid_1750648",
        "jid_1750650",
        "jid_1750669",
        "jid_1750662",
        "jid_1750693",
        "jid_1750702",
        "jid_1750696",
        "jid_1750714",
        "jid_1750619",
        "jid_1750631",
        "jid_1750699",
        "jid_1750730",
        "jid_1750701",
        "jid_1750725",
        "jid_1750677",
        "jid_1750713",
        "jid_1750760",
        "jid_1750764",
        "jid_1750744",
        "jid_1750759",
        "jid_1750708",
        "jid_1750771",
        "jid_1750766",
        "jid_1750785",
        "jid_1750782",
        "jid_1750783",
        "jid_1750807",
        "jid_1750797",
        "jid_1750791",
        "jid_1750789",
        "jid_1750788",
        "jid_1750823",
        "jid_1750844",
        "jid_1750831",
        "jid_1750821",
        "jid_1750816",
        "jid_1750832",
        "jid_1750863",
        "jid_1750868",
        "jid_1750851",
        "jid_1750875",
        "jid_1750860",
        "jid_1750891",
        "jid_1750884",
        "jid_1750894",
        "jid_1750931",
        "jid_1750935",
        "jid_1750943",
        "jid_1750939",
        "jid_1750897",
        "jid_1750959",
        "jid_1750940",
        "jid_1750871",
        "jid_1750963",
        "jid_1750975",
        "jid_1750995",
        "jid_1750969",
        "jid_1750996",
        "jid_1751004",
        "jid_1751005",
        "jid_1750964",
        "jid_1751002",
        "jid_1750967",
        "jid_1751031",
        "jid_1751007",
        "jid_1751070",
        "jid_1751156",
        "jid_1751081",
        "jid_1751091",
        "jid_1751056",
        "jid_1750980",
        "jid_1751117",
        "jid_1751020",
        "jid_1751118",
        "jid_1751122",
        "jid_1751044",
        "jid_1751098",
        "jid_1751134",
        "jid_1751074",
        "jid_1751138",
        "jid_1751158",
        "jid_1751100",
        "jid_1751139",
        "jid_1751181",
        "jid_1751067",
        "jid_1751058",
        "jid_1751097",
        "jid_1751164",
        "jid_1751171",
        "jid_1751172",
        "jid_1751186",
        "jid_1751176",
        "jid_1751219",
        "jid_1751120",
        "jid_1751202",
        "jid_1751201",
        "jid_1751204",
        "jid_1751143",
        "jid_1751124",
        "jid_1751227",
        "jid_1751213",
        "jid_1751237",
        "jid_1751224",
        "jid_1751192",
        "jid_1751244",
        "jid_1751246",
        "jid_1751225",
        "jid_1751209",
        "jid_1751242",
        "jid_1751203",
        "jid_1751282",
        "jid_1751272",
        "jid_1751250",
        "jid_1751212",
        "jid_1751220",
        "jid_1751190",
        "jid_1751278",
        "jid_1751258",
        "jid_1751275",
        "jid_1751317",
        "jid_1751294",
        "jid_1751253",
        "jid_1751334",
        "jid_1751263",
        "jid_1751238",
        "jid_1751381",
        "jid_1751322",
        "jid_1751328",
        "jid_1751350",
        "jid_1751288",
        "jid_1751280",
        "jid_1751351",
        "jid_1751305",
        "jid_1751293",
        "jid_1751371",
        "jid_1751372",
        "jid_1751380",
        "jid_1751390",
        "jid_1751385",
        "jid_1751387",
        "jid_1751332",
        "jid_1751391",
        "jid_1751421",
        "jid_1751405",
        "jid_1751426",
        "jid_1751341",
        "jid_1751416",
        "jid_1751427",
        "jid_1751432",
        "jid_1751428",
        "jid_1751423",
        "jid_1751408",
        "jid_1751445",
        "jid_1751451",
        "jid_1751464",
        "jid_1751447",
        "jid_1751472",
        "jid_1751470",
        "jid_1751471",
        "jid_1751481",
        "jid_1759475",
        "jid_1751491",
        "jid_1751489",
        "jid_1759481",
        "jid_1751501",
        "jid_1751544",
        "jid_1751526",
        "jid_1751529",
        "jid_1751541",
        "jid_1751551",
        "jid_1751539",
        "jid_1751560",
        "jid_1751573",
        "jid_1751565",
        "jid_1751596",
        "jid_1751592",
        "jid_1751590",
        "jid_1751605",
        "jid_1751679",
        "jid_1751667",
        "jid_1751638",
        "jid_1751603",
        "jid_1751600",
        "jid_1751599",
        "jid_1751640",
        "jid_1751657",
        "jid_1751652",
        "jid_1751662",
        "jid_1751684",
        "jid_1751607",
        "jid_1751700",
        "jid_1751682",
        "jid_1751665",
        "jid_1751678",
        "jid_1751647",
        "jid_1751954",
        "jid_1751664",
        "jid_1751688",
        "jid_1751696",
        "jid_1751693",
        "jid_1751697",
        "jid_1751715",
        "jid_1751743",
        "jid_1751719",
        "jid_1751716",
        "jid_1751666",
        "jid_1751745",
        "jid_1751724",
        "jid_1751764",
        "jid_1751741",
        "jid_1751709",
        "jid_1751676",
        "jid_1751771",
        "jid_1751703",
        "jid_1751712",
        "jid_1751798",
        "jid_1751783",
        "jid_1751786",
        "jid_1751814",
        "jid_1751852",
        "jid_1751823",
        "jid_1751784",
        "jid_1751833",
        "jid_1751839",
        "jid_1751845",
        "jid_1751851",
        "jid_1751844",
        "jid_1751794",
        "jid_1751816",
        "jid_1751868",
        "jid_1751862",
        "jid_1751875",
        "jid_1751878",
        "jid_1751835",
        "jid_1751818",
        "jid_1751882",
        "jid_1751897",
        "jid_1751891",
        "jid_1751884",
        "jid_1751889",
        "jid_1751861",
        "jid_1751902",
        "jid_1751915",
        "jid_1751856",
        "jid_1751951",
        "jid_1751906",
        "jid_1751924",
        "jid_1751931",
        "jid_1751909",
        "jid_1751938",
        "jid_1751943",
        "jid_1751933",
        "jid_1751937",
        "jid_1751961",
        "jid_1751921",
        "jid_1751966",
        "jid_1751971",
        "jid_1751914",
        "jid_1751970",
        "jid_1751968",
        "jid_1751980",
        "jid_1751979",
        "jid_1752030",
        "jid_1751998",
        "jid_1752012",
        "jid_1752006",
        "jid_1752007",
        "jid_1752023",
        "jid_1752061",
        "jid_1752009",
        "jid_1752010",
        "jid_1752021",
        "jid_1752067",
        "jid_1752011",
        "jid_1752049",
        "jid_1752062",
        "jid_1752096",
        "jid_1752048",
        "jid_1752074",
        "jid_1752057",
        "jid_1752051",
        "jid_1752066",
        "jid_1752041",
        "jid_1752071",
        "jid_1752087",
        "jid_1752065",
        "jid_1752094",
        "jid_1752107",
        "jid_1752079",
        "jid_1752112",
        "jid_1752100",
        "jid_1752217",
        "jid_1752068",
        "jid_1752173",
        "jid_1752190",
        "jid_1752196",
        "jid_1752142",
        "jid_1752164",
        "jid_1752127",
        "jid_1752133",
        "jid_1752252",
        "jid_1752212",
        "jid_1752150",
        "jid_1752172",
        "jid_1752153",
        "jid_1752177",
        "jid_1752120",
        "jid_1752237",
        "jid_1752211",
        "jid_1752241",
        "jid_1752176",
        "jid_1752239",
        "jid_1752233",
        "jid_1752690",
        "jid_1752249",
        "jid_1752701",
        "jid_1752188",
        "jid_1752267",
        "jid_1752230",
        "jid_1752258",
        "jid_1752224",
        "jid_1752758",
        "jid_1752314",
        "jid_1752312",
        "jid_1752305",
        "jid_1752272",
        "jid_1752316",
        "jid_1752221",
        "jid_1752325",
        "jid_1752336",
        "jid_1752262",
        "jid_1752342",
        "jid_1752303",
        "jid_1752285",
        "jid_1752307",
        "jid_1752208",
        "jid_1752353",
        "jid_1752320",
        "jid_1752352",
        "jid_1752367",
        "jid_1752350",
        "jid_1752409",
        "jid_1752446",
        "jid_1752383",
        "jid_1752389",
        "jid_1752365",
        "jid_1752395",
        "jid_1752418",
        "jid_1752408",
        "jid_1752382",
        "jid_1752398",
        "jid_1752432",
        "jid_1752453",
        "jid_1752437",
        "jid_1752434",
        "jid_1752468",
        "jid_1752481",
        "jid_1752493",
        "jid_1752443",
        "jid_1752464",
        "jid_1752500",
        "jid_1752461",
        "jid_1752526",
        "jid_1752521",
        "jid_1752530",
        "jid_1752511",
        "jid_1752505",
        "jid_1752557",
        "jid_1752518",
        "jid_1752539",
        "jid_1752579",
        "jid_1752603",
        "jid_1752513",
        "jid_1752608",
        "jid_1752550",
        "jid_1752576",
        "jid_1752626",
        "jid_1752573",
        "jid_1752665",
        "jid_1752574",
        "jid_1752621",
        "jid_1752718",
        "jid_1752661",
        "jid_1752708",
        "jid_1752700",
        "jid_1752655",
        "jid_1752721",
        "jid_1752638",
        "jid_1752625",
        "jid_1752666",
        "jid_1752668",
        "jid_1752592",
        "jid_1752667",
        "jid_1752556",
        "jid_1752517",
        "jid_1752717",
        "jid_1752726",
        "jid_1752599",
        "jid_1752604",
        "jid_1752747",
        "jid_1752724",
        "jid_1752748",
        "jid_1752801",
        "jid_1752807",
        "jid_1752756",
        "jid_1752772",
        "jid_1752681",
        "jid_1752792",
        "jid_1752648",
        "jid_1752799",
        "jid_1752770",
        "jid_1752802",
        "jid_1752698",
        "jid_1752835",
        "jid_1752777",
        "jid_1752657",
        "jid_1752656",
        "jid_1752644",
        "jid_1752732",
        "jid_1752813",
        "jid_1752828",
        "jid_1752820",
        "jid_1752857",
        "jid_1752908",
        "jid_1752958",
        "jid_1752755",
        "jid_1752940",
        "jid_1752720",
        "jid_1752757",
        "jid_1752919",
        "jid_1752960",
        "jid_1752851",
        "jid_1752735",
        "jid_1752853",
        "jid_1752878",
        "jid_1752942",
        "jid_1752862",
        "jid_1752879",
        "jid_1752826",
        "jid_1752895",
        "jid_1752876",
        "jid_1752796",
        "jid_1752952",
        "jid_1752926",
        "jid_1752784",
        "jid_1752925",
        "jid_1752864",
        "jid_1752909",
        "jid_1752900",
        "jid_1752912",
        "jid_1752972",
        "jid_1752957",
        "jid_1752951",
        "jid_1737668",
        "jid_1752804",
        "jid_1745548",
        "jid_1752956",
        "jid_1752974",
        "jid_1752965",
        "jid_1752979",
        "jid_1752902",
        "jid_1752987",
        "jid_1740084",
        "jid_1737566",
        "jid_1740112",
        "jid_1740158",
        "jid_1752865",
        "jid_1745311",
        "jid_1740152",
        "jid_1752993",
        "jid_1752950",
        "jid_1753010",
        "jid_1752906",
        "jid_1753001",
        "jid_1753002",
        "jid_1752934",
        "jid_1753062",
        "jid_1753007",
        "jid_1753017",
        "jid_1753012",
        "jid_1752959",
        "jid_1753004",
        "jid_1753000",
        "jid_1753075",
        "jid_1740004",
        "jid_1753043",
        "jid_1753080",
        "jid_1752995",
        "jid_1753056",
        "jid_1753045",
        "jid_1753076",
        "jid_1753088",
        "jid_1753077",
        "jid_1753105",
        "jid_1753073",
        "jid_1753083",
        "jid_1753097",
        "jid_1753131",
        "jid_1753113",
        "jid_1753136",
        "jid_1753108",
        "jid_1753126",
        "jid_1753133",
        "jid_1753146",
        "jid_1753139",
        "jid_1753162",
        "jid_1753191",
        "jid_1753115",
        "jid_1753122",
        "jid_1753119",
        "jid_1753106",
        "jid_1753181",
        "jid_1753160",
        "jid_1753168",
        "jid_1753112",
        "jid_1753125",
        "jid_1753236",
        "jid_1753248",
        "jid_1753241",
        "jid_1753182",
        "jid_1753203",
        "jid_1753192",
        "jid_1753257",
        "jid_1753233",
        "jid_1753198",
        "jid_1753288",
        "jid_1753272",
        "jid_1753243",
        "jid_1753286",
        "jid_1753280",
        "jid_1753253",
        "jid_1753333",
        "jid_1753299",
        "jid_1753348",
        "jid_1753302",
        "jid_1753359",
        "jid_1753309",
        "jid_1753259",
        "jid_1753312",
        "jid_1753264",
        "jid_1753262",
        "jid_1753308",
        "jid_1753298",
        "jid_1753320",
        "jid_1753307",
        "jid_1753369",
        "jid_1753384",
        "jid_1753317",
        "jid_1753387",
        "jid_1753347",
        "jid_1753319",
        "jid_1753341",
        "jid_1753371",
        "jid_1753360",
        "jid_1753370",
        "jid_1753365",
        "jid_1753364",
        "jid_1753372",
        "jid_1753401",
        "jid_1753414",
        "jid_1753399",
        "jid_1753403",
        "jid_1753411",
        "jid_1753429",
        "jid_1753436",
        "jid_1753450",
        "jid_1753441",
        "jid_1753458",
        "jid_1753448",
        "jid_1753463",
        "jid_1753442",
        "jid_1753453",
        "jid_1753457",
        "jid_1753479",
        "jid_1753466",
        "jid_1753509",
        "jid_1753472",
        "jid_1753496",
        "jid_1753459",
        "jid_1753464",
        "jid_1753538",
        "jid_1753498",
        "jid_1753502",
        "jid_1753518",
        "jid_1753539",
        "jid_1753563",
        "jid_1753576",
        "jid_1753610",
        "jid_1753622",
        "jid_1753561",
        "jid_1753642",
        "jid_1753579",
        "jid_1753617",
        "jid_1753596",
        "jid_1753629",
        "jid_1753554",
        "jid_1753655",
        "jid_1753636",
        "jid_1753611",
        "jid_1753562",
        "jid_1753635",
        "jid_1753639",
        "jid_1753569",
        "jid_1753585",
        "jid_1753568",
        "jid_1753660",
        "jid_1753592",
        "jid_1753603",
        "jid_1753664",
        "jid_1753687",
        "jid_1753600",
        "jid_1753648",
        "jid_1753666",
        "jid_1753631",
        "jid_1753705",
        "jid_1753699",
        "jid_1753701",
        "jid_1753692",
        "jid_1753700",
        "jid_1753729",
        "jid_1753670",
        "jid_1753671",
        "jid_1753717",
        "jid_1753734",
        "jid_1753741",
        "jid_1753732",
        "jid_1753746",
        "jid_1753752",
        "jid_1753697",
        "jid_1753758",
        "jid_1753753",
        "jid_1753740",
        "jid_1753765",
        "jid_1753742",
        "jid_1753774",
        "jid_1753777",
        "jid_1753787",
        "jid_1753779",
        "jid_1753812",
        "jid_1753797",
        "jid_1753811",
        "jid_1753825",
        "jid_1753808",
        "jid_1753828",
        "jid_1753817",
        "jid_1753815",
        "jid_1753841",
        "jid_1753857",
        "jid_1753855",
        "jid_1753853",
        "jid_1753871",
        "jid_1753891",
        "jid_1753902",
        "jid_1753904",
        "jid_1753880",
        "jid_1753899",
        "jid_1753901",
        "jid_1753924",
        "jid_1753934",
        "jid_1753926",
        "jid_1753944",
        "jid_1753925",
        "jid_1753929",
        "jid_1753954",
        "jid_1753949",
        "jid_1753930",
        "jid_1753937",
        "jid_1753940",
        "jid_1753950",
        "jid_1753945",
        "jid_1753946",
        "jid_1753941",
        "jid_1753938",
        "jid_1754009",
        "jid_1753987",
        "jid_1753965",
        "jid_1753978",
        "jid_1753969",
        "jid_1753977",
        "jid_1753982",
        "jid_1753975",
        "jid_1753997",
        "jid_1754005",
        "jid_1754008",
        "jid_1754033",
        "jid_1754011",
        "jid_1754019",
        "jid_1754018",
        "jid_1754023",
        "jid_1754027",
        "jid_1754058",
        "jid_1754035",
        "jid_1754041",
        "jid_1754039",
        "jid_1754048",
        "jid_1754051",
        "jid_1754056",
        "jid_1754063",
        "jid_1754060",
        "jid_1754105",
        "jid_1754078",
        "jid_1754099",
        "jid_1754089",
        "jid_1754098",
        "jid_1754106",
        "jid_1754092",
        "jid_1754119",
        "jid_1754091",
        "jid_1754136",
        "jid_1754112",
        "jid_1754155",
        "jid_1754159",
        "jid_1754397",
        "jid_1754132",
        "jid_1754171",
        "jid_1754140",
        "jid_1754153",
        "jid_1754180",
        "jid_1754168",
        "jid_1754188",
        "jid_1754197",
        "jid_1754268",
        "jid_1754195",
        "jid_1754262",
        "jid_1754210",
        "jid_1754212",
        "jid_1754137",
        "jid_1754179",
        "jid_1754186",
        "jid_1754176",
        "jid_1754250",
        "jid_1754267",
        "jid_1754254",
        "jid_1754265",
        "jid_1754278",
        "jid_1754269",
        "jid_1754222",
        "jid_1754204",
        "jid_1754276",
        "jid_1754227",
        "jid_1754282",
        "jid_1754312",
        "jid_1754236",
        "jid_1754243",
        "jid_1754306",
        "jid_1754318",
        "jid_1754303",
        "jid_1754302",
        "jid_1754336",
        "jid_1754340",
        "jid_1754378",
        "jid_1754367",
        "jid_1754373",
        "jid_1754370",
        "jid_1754372",
        "jid_1754364",
        "jid_1754365",
        "jid_1754356",
        "jid_1754383",
        "jid_1754392",
        "jid_1754388",
        "jid_1754423",
        "jid_1754406",
        "jid_1754431",
        "jid_1754414",
        "jid_1754435",
        "jid_1754398",
        "jid_1754436",
        "jid_1754424",
        "jid_1754427",
        "jid_1754484",
        "jid_1754432",
        "jid_1754470",
        "jid_1754505",
        "jid_1754497",
        "jid_1754519",
        "jid_1754478",
        "jid_1754477",
        "jid_1754515",
        "jid_1754466",
        "jid_1754523",
        "jid_1754556",
        "jid_1754558",
        "jid_1754510",
        "jid_1754530",
        "jid_1754462",
        "jid_1754521",
        "jid_1754479",
        "jid_1754532",
        "jid_1754465",
        "jid_1754516",
        "jid_1754551",
        "jid_1754560",
        "jid_1754550",
        "jid_1754553",
        "jid_1754569",
        "jid_1754570",
        "jid_1754568",
        "jid_1754609",
        "jid_1754602",
        "jid_1754630",
        "jid_1754612",
        "jid_1754623",
        "jid_1754594",
        "jid_1754593",
        "jid_1754601",
        "jid_1754604",
        "jid_1754673",
        "jid_1754663",
        "jid_1754640",
        "jid_1754637",
        "jid_1754702",
        "jid_1754655",
        "jid_1754665",
        "jid_1754670",
        "jid_1754679",
        "jid_1754668",
        "jid_1754657",
        "jid_1754697",
        "jid_1754658",
        "jid_1754682",
        "jid_1754671",
        "jid_1754685",
        "jid_1754690",
        "jid_1754662",
        "jid_1754713",
        "jid_1754689",
        "jid_1754644",
        "jid_1754716",
        "jid_1754711",
        "jid_1754722",
        "jid_1754728",
        "jid_1754725",
        "jid_1754724",
        "jid_1754707",
        "jid_1754752",
        "jid_1754750",
        "jid_1754758",
        "jid_1754778",
        "jid_1754786",
        "jid_1754806",
        "jid_1754782",
        "jid_1754809",
        "jid_1754820",
        "jid_1754807",
        "jid_1754804",
        "jid_1754808",
        "jid_1754816",
        "jid_1754846",
        "jid_1754814",
        "jid_1754823",
        "jid_1754822",
        "jid_1754861",
        "jid_1754853",
        "jid_1754875",
        "jid_1754862",
        "jid_1754851",
        "jid_1754863",
        "jid_1754882",
        "jid_1754881",
        "jid_1754866",
        "jid_1754904",
        "jid_1754912",
        "jid_1754906",
        "jid_1754900",
        "jid_1754907",
        "jid_1754905",
        "jid_1754911",
        "jid_1754916",
        "jid_1754951",
        "jid_1754948",
        "jid_1754930",
        "jid_1754939",
        "jid_1754923",
        "jid_1754920",
        "jid_1754985",
        "jid_1754983",
        "jid_1754989",
        "jid_1754987",
        "jid_1755014",
        "jid_1755028",
        "jid_1755056",
        "jid_1755045",
        "jid_1755013",
        "jid_1755051",
        "jid_1755009",
        "jid_1755063",
        "jid_1755022",
        "jid_1755082",
        "jid_1755083",
        "jid_1755059",
        "jid_1754960",
        "jid_1754988",
        "jid_1754979",
        "jid_1755074",
        "jid_1755080",
        "jid_1755078",
        "jid_1754995",
        "jid_1755027",
        "jid_1755000",
        "jid_1755058",
        "jid_1755100",
        "jid_1755107",
        "jid_1755057",
        "jid_1755110",
        "jid_1755128",
        "jid_1755129",
        "jid_1755087",
        "jid_1755125",
        "jid_1755151",
        "jid_1755153",
        "jid_1755138",
        "jid_1755148",
        "jid_1755147",
        "jid_1755137",
        "jid_1755133",
        "jid_1755146",
        "jid_1755141",
        "jid_1755162",
        "jid_1755161",
        "jid_1755170",
        "jid_1755224",
        "jid_1755181",
        "jid_1755182",
        "jid_1755210",
        "jid_1755196",
        "jid_1755186",
        "jid_1755223",
        "jid_1755222",
        "jid_1755245",
        "jid_1755217",
        "jid_1755226",
        "jid_1755241",
        "jid_1755247",
        "jid_1755267",
        "jid_1755275",
        "jid_1755282",
        "jid_1755256",
        "jid_1755307",
        "jid_1755280",
        "jid_1755263",
        "jid_1755265",
        "jid_1755279",
        "jid_1755268",
        "jid_1755276",
        "jid_1755293",
        "jid_1755305",
        "jid_1755292",
        "jid_1755314",
        "jid_1755316",
        "jid_1755304",
        "jid_1755309",
        "jid_1755343",
        "jid_1755333",
        "jid_1755323",
        "jid_1755355",
        "jid_1755430",
        "jid_1755354",
        "jid_1755392",
        "jid_1755384",
        "jid_1755377",
        "jid_1755402",
        "jid_1755424",
        "jid_1755380",
        "jid_1755388",
        "jid_1755400",
        "jid_1755407",
        "jid_1755432",
        "jid_1755447",
        "jid_1755463",
        "jid_1755441",
        "jid_1755451",
        "jid_1755449",
        "jid_1755474",
        "jid_1755454",
        "jid_1755484",
        "jid_1755470",
        "jid_1755486",
        "jid_1755514",
        "jid_1755462",
        "jid_1755491",
        "jid_1755522",
        "jid_1755517",
        "jid_1755478",
        "jid_1755540",
        "jid_1755545",
        "jid_1755530",
        "jid_1755532",
        "jid_1755559",
        "jid_1755535",
        "jid_1755521",
        "jid_1755560",
        "jid_1755547",
        "jid_1755563",
        "jid_1755569",
        "jid_1755570",
        "jid_1755584",
        "jid_1755565",
        "jid_1755554",
        "jid_1755586",
        "jid_1755587",
        "jid_1755585",
        "jid_1755597",
        "jid_1755604",
        "jid_1755608",
        "jid_1755641",
        "jid_1755606",
        "jid_1755611",
        "jid_1755646",
        "jid_1755648",
        "jid_1755613",
        "jid_1755644",
        "jid_1755635",
        "jid_1755640",
        "jid_1755670",
        "jid_1755686",
        "jid_1755684",
        "jid_1755660",
        "jid_1755687",
        "jid_1755677",
        "jid_1755669",
        "jid_1755665",
        "jid_1755662",
        "jid_1755682",
        "jid_1755699",
        "jid_1755720",
        "jid_1755732",
        "jid_1755745",
        "jid_1755751",
        "jid_1755728",
        "jid_1755731",
        "jid_1755722",
        "jid_1755743",
        "jid_1755717",
        "jid_1755729",
        "jid_1755737",
        "jid_1755749",
        "jid_1755748",
        "jid_1755744",
        "jid_1755675",
        "jid_1755797",
        "jid_1755679",
        "jid_1755786",
        "jid_1755794",
        "jid_1755801",
        "jid_1755810",
        "jid_1755808",
        "jid_1755811",
        "jid_1755813",
        "jid_1755819",
        "jid_1755822",
        "jid_1755817",
        "jid_1755833",
        "jid_1755843",
        "jid_1755870",
        "jid_1755837",
        "jid_1755839",
        "jid_1755846",
        "jid_1755864",
        "jid_1755875",
        "jid_1755867",
        "jid_1755877",
        "jid_1755872",
        "jid_1755918",
        "jid_1755915",
        "jid_1755908",
        "jid_1755891",
        "jid_1755927",
        "jid_1755859",
        "jid_1755886",
        "jid_1755910",
        "jid_1755953",
        "jid_1755959",
        "jid_1755954",
        "jid_1755965",
        "jid_1755939",
        "jid_1755921",
        "jid_1755928",
        "jid_1756027",
        "jid_1755934",
        "jid_1755924",
        "jid_1755995",
        "jid_1755967",
        "jid_1755917",
        "jid_1755989",
        "jid_1755976",
        "jid_1755988",
        "jid_1756029",
        "jid_1755990",
        "jid_1755979",
        "jid_1756011",
        "jid_1755987",
        "jid_1755980",
        "jid_1756017",
        "jid_1756004",
        "jid_1756007",
        "jid_1755961",
        "jid_1756051",
        "jid_1756005",
        "jid_1756023",
        "jid_1756030",
        "jid_1756024",
        "jid_1756089",
        "jid_1756053",
        "jid_1756058",
        "jid_1756054",
        "jid_1756042",
        "jid_1756043",
        "jid_1756104",
        "jid_1756103",
        "jid_1756083",
        "jid_1756095",
        "jid_1756121",
        "jid_1756133",
        "jid_1756110",
        "jid_1756130",
        "jid_1756116",
        "jid_1756141",
        "jid_1756101",
        "jid_1756155",
        "jid_1756158",
        "jid_1756156",
        "jid_1756177",
        "jid_1756175",
        "jid_1756169",
        "jid_1756164",
        "jid_1756171",
        "jid_1756246",
        "jid_1756239",
        "jid_1756213",
        "jid_1756197",
        "jid_1756220",
        "jid_1756204",
        "jid_1756196",
        "jid_1756233",
        "jid_1756230",
        "jid_1756235",
        "jid_1756279",
        "jid_1756270",
        "jid_1756302",
        "jid_1756286",
        "jid_1756276",
        "jid_1756275",
        "jid_1756265",
        "jid_1756287",
        "jid_1756304",
        "jid_1756324",
        "jid_1756301",
        "jid_1756293",
        "jid_1756534",
        "jid_1756399",
        "jid_1756432",
        "jid_1756360",
        "jid_1756311",
        "jid_1756306",
        "jid_1756327",
        "jid_1756307",
        "jid_1756343",
        "jid_1756310",
        "jid_1756339",
        "jid_1756344",
        "jid_1756369",
        "jid_1756398",
        "jid_1756368",
        "jid_1756383",
        "jid_1756408",
        "jid_1756412",
        "jid_1756385",
        "jid_1756444",
        "jid_1756423",
        "jid_1756440",
        "jid_1756426",
        "jid_1756424",
        "jid_1756387",
        "jid_1756428",
        "jid_1756439",
        "jid_1756438",
        "jid_1756472",
        "jid_1756445",
        "jid_1756434",
        "jid_1756453",
        "jid_1756468",
        "jid_1756473",
        "jid_1756495",
        "jid_1756490",
        "jid_1756518",
        "jid_1756546",
        "jid_1756492",
        "jid_1756539",
        "jid_1756543",
        "jid_1756532",
        "jid_1756531",
        "jid_1756554",
        "jid_1756551",
        "jid_1756516",
        "jid_1756515",
        "jid_1756550",
        "jid_1756524",
        "jid_1756562",
        "jid_1756575",
        "jid_1756592",
        "jid_1756577",
        "jid_1756611",
        "jid_1756608",
        "jid_1756597",
        "jid_1756595",
        "jid_1756627",
        "jid_1756593",
        "jid_1756600",
        "jid_1756643",
        "jid_1756620",
        "jid_1756619",
        "jid_1756621",
        "jid_1756626",
        "jid_1756629",
        "jid_1756637",
        "jid_1756690",
        "jid_1756699",
        "jid_1756680",
        "jid_1756671",
        "jid_1756674",
        "jid_1756695",
        "jid_1756639",
        "jid_1756708",
        "jid_1756696",
        "jid_1756661",
        "jid_1756703",
        "jid_1756714",
        "jid_1756711",
        "jid_1756731",
        "jid_1756770",
        "jid_1756778",
        "jid_1756738",
        "jid_1756760",
        "jid_1756748",
        "jid_1756668",
        "jid_1756753",
        "jid_1756755",
        "jid_1756759",
        "jid_1756754",
        "jid_1756766",
        "jid_1756722",
        "jid_1756707",
        "jid_1756765",
        "jid_1756769",
        "jid_1756802",
        "jid_1756990",
        "jid_1756791",
        "jid_1756744",
        "jid_1756772",
        "jid_1756856",
        "jid_1756811",
        "jid_1756822",
        "jid_1756820",
        "jid_1756801",
        "jid_1756825",
        "jid_1756851",
        "jid_1756855",
        "jid_1756835",
        "jid_1756872",
        "jid_1756850",
        "jid_1756848",
        "jid_1756840",
        "jid_1756873",
        "jid_1756891",
        "jid_1756889",
        "jid_1756915",
        "jid_1756938",
        "jid_1756904",
        "jid_1756903",
        "jid_1756919",
        "jid_1756914",
        "jid_1756908",
        "jid_1756925",
        "jid_1756922",
        "jid_1756916",
        "jid_1756927",
        "jid_1756968",
        "jid_1756939",
        "jid_1756940",
        "jid_1756943",
        "jid_1756954",
        "jid_1756945",
        "jid_1756951",
        "jid_1756985",
        "jid_1756983",
        "jid_1756982",
        "jid_1756988",
        "jid_1756987",
        "jid_1756986",
        "jid_1756995",
        "jid_1757000",
        "jid_1757015",
        "jid_1757054",
        "jid_1757022",
        "jid_1757020",
        "jid_1757024",
        "jid_1757027",
        "jid_1757063",
        "jid_1757029",
        "jid_1757066",
        "jid_1757060",
        "jid_1757067",
        "jid_1757108",
        "jid_1758890",
        "jid_1757097",
        "jid_1757093",
        "jid_1757107",
        "jid_1757120",
        "jid_1757406",
        "jid_1757115",
        "jid_1757102",
        "jid_1757103",
        "jid_1757146",
        "jid_1757112",
        "jid_1757090",
        "jid_1757154",
        "jid_1757148",
        "jid_1757159",
        "jid_1757138",
        "jid_1757287",
        "jid_1757181",
        "jid_1757164",
        "jid_1757186",
        "jid_1757219",
        "jid_1757202",
        "jid_1757200",
        "jid_1757193",
        "jid_1757212",
        "jid_1757208",
        "jid_1757177",
        "jid_1757197",
        "jid_1758531",
        "jid_1757259",
        "jid_1757256",
        "jid_1757278",
        "jid_1757274",
        "jid_1757230",
        "jid_1757247",
        "jid_1757239",
        "jid_1758890",
        "jid_1757251",
        "jid_1757224",
        "jid_1757257",
        "jid_1757294",
        "jid_1757286",
        "jid_1757327",
        "jid_1757261",
        "jid_1757301",
        "jid_1757266",
        "jid_1757268",
        "jid_1757288",
        "jid_1757290",
        "jid_1757285",
        "jid_1757306",
        "jid_1757310",
        "jid_1757314",
        "jid_1757324",
        "jid_1757348",
        "jid_1757343",
        "jid_1757337",
        "jid_1757331",
        "jid_1757401",
        "jid_1757357",
        "jid_1757375",
        "jid_1757598",
        "jid_1757380",
        "jid_1757387",
        "jid_1758890",
        "jid_1757383",
        "jid_1757373",
        "jid_1757396",
        "jid_1757416",
        "jid_1757414",
        "jid_1757398",
        "jid_1757397",
        "jid_1757428",
        "jid_1757430",
        "jid_1757395",
        "jid_1757418",
        "jid_1757407",
        "jid_1758890",
        "jid_1757436",
        "jid_1757462",
        "jid_1757460",
        "jid_1757449",
        "jid_1757446",
        "jid_1757437",
        "jid_1757346",
        "jid_1757377",
        "jid_1757461",
        "jid_1757465",
        "jid_1757487",
        "jid_1757478",
        "jid_1757507",
        "jid_1757452",
        "jid_1757421",
        "jid_1757438",
        "jid_1757543",
        "jid_1757539",
        "jid_1757579",
        "jid_1757544",
        "jid_1757527",
        "jid_1757532",
        "jid_1757565",
        "jid_1757573",
        "jid_1757580",
        "jid_1757563",
        "jid_1757545",
        "jid_1757560",
        "jid_1757575",
        "jid_1757562",
        "jid_1757484",
        "jid_1757584",
        "jid_1757572",
        "jid_1757592",
        "jid_1757576",
        "jid_1757595",
        "jid_1757602",
        "jid_1757611",
        "jid_1757617",
        "jid_1757613",
        "jid_1757621",
        "jid_1757625",
        "jid_1757639",
        "jid_1757629",
        "jid_1757630",
        "jid_1757647",
        "jid_1757645",
        "jid_1757658",
        "jid_1757672",
        "jid_1757667",
        "jid_1757674",
        "jid_1757682",
        "jid_1757699",
        "jid_1757696",
        "jid_1757701",
        "jid_1757651",
        "jid_1757709",
        "jid_1757706",
        "jid_1757728",
        "jid_1757720",
        "jid_1757714",
        "jid_1757669",
        "jid_1757717",
        "jid_1757715",
        "jid_1757755",
        "jid_1757752",
        "jid_1757730",
        "jid_1757742",
        "jid_1757806",
        "jid_1757722",
        "jid_1757753",
        "jid_1757796",
        "jid_1758492",
        "jid_1757798",
        "jid_1757801",
        "jid_1757768",
        "jid_1757793",
        "jid_1757772",
        "jid_1757770",
        "jid_1757783",
        "jid_1757776",
        "jid_1757765",
        "jid_1757804",
        "jid_1757814",
        "jid_1757835",
        "jid_1757823",
        "jid_1757834",
        "jid_1757858",
        "jid_1757857",
        "jid_1757878",
        "jid_1757896",
        "jid_1757868",
        "jid_1757934",
        "jid_1757869",
        "jid_1757893",
        "jid_1757853",
        "jid_1757908",
        "jid_1757950",
        "jid_1757892",
        "jid_1757954",
        "jid_1757915",
        "jid_1757916",
        "jid_1757946",
        "jid_1757931",
        "jid_1757962",
        "jid_1757941",
        "jid_1757910",
        "jid_1757883",
        "jid_1757885",
        "jid_1757963",
        "jid_1757975",
        "jid_1757982",
        "jid_1757972",
        "jid_1757994",
        "jid_1757998",
        "jid_1758000",
        "jid_1757981",
        "jid_1758005",
        "jid_1758003",
        "jid_1758002",
        "jid_1758014",
        "jid_1758018",
        "jid_1757993",
        "jid_1758016",
        "jid_1758064",
        "jid_1758065",
        "jid_1758055",
        "jid_1758061",
        "jid_1758062",
        "jid_1758058",
        "jid_1758079",
        "jid_1758075",
        "jid_1758087",
        "jid_1758116",
        "jid_1758083",
        "jid_1758121",
        "jid_1758119",
        "jid_1758131",
        "jid_1758139",
        "jid_1758166",
        "jid_1758145",
        "jid_1758156",
        "jid_1758177",
        "jid_1758146",
        "jid_1758165",
        "jid_1758189",
        "jid_1758184",
        "jid_1758229",
        "jid_1758277",
        "jid_1758239",
        "jid_1758264",
        "jid_1758261",
        "jid_1758257",
        "jid_1758286",
        "jid_1758256",
        "jid_1758270",
        "jid_1758293",
        "jid_1758253",
        "jid_1758263",
        "jid_1758266",
        "jid_1758265",
        "jid_1758275",
        "jid_1758284",
        "jid_1758307",
        "jid_1758313",
        "jid_1758321",
        "jid_1758317",
        "jid_1758303",
        "jid_1758322",
        "jid_1765377",
        "jid_1759546",
        "jid_1758384",
        "jid_1758378",
        "jid_1758385",
        "jid_1758356",
        "jid_1758358",
        "jid_1758402",
        "jid_1758395",
        "jid_1758332",
        "jid_1758400",
        "jid_1759784",
        "jid_1759510",
        "jid_1758412",
        "jid_1759596",
        "jid_1759749",
        "jid_1759398",
        "jid_1758388",
        "jid_1758397",
        "jid_1758404",
        "jid_1758423",
        "jid_1760042",
        "jid_1759592",
        "jid_1758448",
        "jid_1759677",
        "jid_1758367",
        "jid_1759645",
        "jid_1758440",
        "jid_1758431",
        "jid_1758446",
        "jid_1759812",
        "jid_1760029",
        "jid_1759963",
        "jid_1758428",
        "jid_1760032",
        "jid_1758441",
        "jid_1758455",
        "jid_1758449",
        "jid_1793109",
        "jid_1758461",
        "jid_1764860",
        "jid_1758464",
        "jid_1758541",
        "jid_1758902",
        "jid_1758917",
        "jid_1758930",
        "jid_1758965",
        "jid_1758988",
        "jid_1759024",
        "jid_1765103",
        "jid_1759113",
        "jid_1759139",
        "jid_1759140",
        "jid_1771220",
        "jid_1796650",
        "jid_1759161",
        "jid_1765411",
        "jid_1787948",
        "jid_1759252",
        "jid_1777440",
        "jid_1759268",
        "jid_1777418",
        "jid_1759267",
        "jid_1796619",
        "jid_1785231",
        "jid_1796617",
        "jid_1782914",
        "jid_1759288",
        "jid_1777484",
        "jid_1759305",
        "jid_1795227",
        "jid_1759333",
        "jid_1795221",
        "jid_1796627",
        "jid_1759330",
        "jid_1759362",
        "jid_1782946",
        "jid_1795222",
        "jid_1759406",
        "jid_1795224",
        "jid_1796625",
        "jid_1759413",
        "jid_1759420",
        "jid_1759428",
        "jid_1795333",
        "jid_1759437",
        "jid_1759463",
        "jid_1759488",
        "jid_1759515",
        "jid_1759541",
        "jid_1759544",
        "jid_1759551",
        "jid_1759542",
        "jid_1759586",
        "jid_1759608",
        "jid_1759679",
        "jid_1759676",
        "jid_1759707",
        "jid_1759715",
        "jid_1759718",
        "jid_1759733",
        "jid_1759731",
        "jid_1759729",
        "jid_1759737",
        "jid_1759745",
        "jid_1759743",
        "jid_1759754",
        "jid_1759761",
        "jid_1759778",
        "jid_1759803",
        "jid_1759846",
        "jid_1759837",
        "jid_1759840",
        "jid_1759860",
        "jid_1759858",
        "jid_1759871",
        "jid_1759898",
        "jid_1759910",
        "jid_1759903",
        "jid_1759907",
        "jid_1759908",
        "jid_1759921",
        "jid_1759925",
        "jid_1759934",
        "jid_1759938",
        "jid_1759954",
        "jid_1759958",
        "jid_1759959",
        "jid_1759974",
        "jid_1759982",
        "jid_1759980",
        "jid_1759994",
        "jid_1759999",
        "jid_1760001",
        "jid_1760009",
        "jid_1760004",
        "jid_1760017",
        "jid_1760031",
        "jid_1760040",
        "jid_1760055",
        "jid_1760062",
        "jid_1760052",
        "jid_1760216",
        "jid_1760050",
        "jid_1760056",
        "jid_1760104",
        "jid_1760083",
        "jid_1760085",
        "jid_1760071",
        "jid_1760079",
        "jid_1760078",
        "jid_1760082",
        "jid_1760066",
        "jid_1760527",
        "jid_1760100",
        "jid_1760116",
        "jid_1760118",
        "jid_1760127",
        "jid_1760145",
        "jid_1760196",
        "jid_1760114",
        "jid_1760168",
        "jid_1760177",
        "jid_1760210",
        "jid_1760159",
        "jid_1760132",
        "jid_1760137",
        "jid_1760129",
        "jid_1760152",
        "jid_1760134",
        "jid_1760161",
        "jid_1760208",
        "jid_1760176",
        "jid_1760111",
        "jid_1760143",
        "jid_1760151",
        "jid_1760214",
        "jid_1760138",
        "jid_1760162",
        "jid_1760425",
        "jid_1760310",
        "jid_1760565",
        "jid_1760189",
        "jid_1760203",
        "jid_1760198",
        "jid_1760368",
        "jid_1760392",
        "jid_1760456",
        "jid_1760234",
        "jid_1760336",
        "jid_1760277",
        "jid_1760225",
        "jid_1760250",
        "jid_1760385",
        "jid_1760641",
        "jid_1760644",
        "jid_1760283",
        "jid_1760435",
        "jid_1760240",
        "jid_1760327",
        "jid_1760359",
        "jid_1760300",
        "jid_1760516",
        "jid_1760404",
        "jid_1760584",
        "jid_1760348",
        "jid_1760741",
        "jid_1760495",
        "jid_1760442",
        "jid_1760416",
        "jid_1760467",
        "jid_1760477",
        "jid_1760384",
        "jid_1760471",
        "jid_1760562",
        "jid_1760413",
        "jid_1760444",
        "jid_1760497",
        "jid_1760410",
        "jid_1760306",
        "jid_1760318",
        "jid_1760309",
        "jid_1760308",
        "jid_1760580",
        "jid_1760285",
        "jid_1760335",
        "jid_1760261",
        "jid_1760569",
        "jid_1760373",
        "jid_1760593",
        "jid_1760397",
        "jid_1760512",
        "jid_1760411",
        "jid_1760576",
        "jid_1760232",
        "jid_1760254",
        "jid_1760475",
        "jid_1760301",
        "jid_1760454",
        "jid_1760521",
        "jid_1760278",
        "jid_1760396",
        "jid_1760255",
        "jid_1760224",
        "jid_1760367",
        "jid_1760357",
        "jid_1760395",
        "jid_1760376",
        "jid_1760281",
        "jid_1760482",
        "jid_1760457",
        "jid_1760572",
        "jid_1760453",
        "jid_1760295",
        "jid_1760479",
        "jid_1760711",
        "jid_1760394",
        "jid_1760623",
        "jid_1760544",
        "jid_1760627",
        "jid_1760542",
        "jid_1760540",
        "jid_1760622",
        "jid_1760615",
        "jid_1760568",
        "jid_1760610",
        "jid_1760614",
        "jid_1760634",
        "jid_1760617",
        "jid_1760658",
        "jid_1760740",
        "jid_1760645",
        "jid_1761184",
        "jid_1760646",
        "jid_1760767",
        "jid_1760694",
        "jid_1760674",
        "jid_1760777",
        "jid_1760687",
        "jid_1761187",
        "jid_1760671",
        "jid_1760699",
        "jid_1760657",
        "jid_1760748",
        "jid_1760745",
        "jid_1760683",
        "jid_1760758",
        "jid_1760667",
        "jid_1760768",
        "jid_1760771",
        "jid_1760769",
        "jid_1760778",
        "jid_1760679",
        "jid_1760731",
        "jid_1760725",
        "jid_1760673",
        "jid_1760772",
        "jid_1760761",
        "jid_1760706",
        "jid_1761064",
        "jid_1760716",
        "jid_1761127",
        "jid_1761222",
        "jid_1760823",
        "jid_1760717",
        "jid_1760728",
        "jid_1761114",
        "jid_1760838",
        "jid_1760805",
        "jid_1760832",
        "jid_1760872",
        "jid_1760845",
        "jid_1760865",
        "jid_1760933",
        "jid_1761194",
        "jid_1761358",
        "jid_1760783",
        "jid_1760829",
        "jid_1760858",
        "jid_1760824",
        "jid_1760873",
        "jid_1760842",
        "jid_1760874",
        "jid_1761360",
        "jid_1760923",
        "jid_1760866",
        "jid_1760924",
        "jid_1760906",
        "jid_1760812",
        "jid_1760913",
        "jid_1760883",
        "jid_1760793",
        "jid_1760895",
        "jid_1761015",
        "jid_1760894",
        "jid_1760862",
        "jid_1760910",
        "jid_1760788",
        "jid_1761192",
        "jid_1761354",
        "jid_1761353",
        "jid_1760796",
        "jid_1760957",
        "jid_1760922",
        "jid_1761003",
        "jid_1760839",
        "jid_1761217",
        "jid_1760929",
        "jid_1761033",
        "jid_1760888",
        "jid_1760864",
        "jid_1761071",
        "jid_1760997",
        "jid_1760860",
        "jid_1760928",
        "jid_1761055",
        "jid_1760966",
        "jid_1761001",
        "jid_1760981",
        "jid_1761079",
        "jid_1760964",
        "jid_1760977",
        "jid_1760984",
        "jid_1760942",
        "jid_1760975",
        "jid_1761085",
        "jid_1761059",
        "jid_1761228",
        "jid_1761000",
        "jid_1761368",
        "jid_1761031",
        "jid_1761013",
        "jid_1761376",
        "jid_1761255",
        "jid_1761249",
        "jid_1761021",
        "jid_1761030",
        "jid_1761008",
        "jid_1760999",
        "jid_1761256",
        "jid_1761050",
        "jid_1761389",
        "jid_1761233",
        "jid_1761017",
        "jid_1761234",
        "jid_1761045",
        "jid_1760986",
        "jid_1761012",
        "jid_1761241",
        "jid_1761025",
        "jid_1761258",
        "jid_1761149",
        "jid_1761133",
        "jid_1761094",
        "jid_1761113",
        "jid_1761044",
        "jid_1761253",
        "jid_1761243",
        "jid_1761263",
        "jid_1760969",
        "jid_1761095",
        "jid_1761142",
        "jid_1760898",
        "jid_1761117",
        "jid_1761111",
        "jid_1761257",
        "jid_1761125",
        "jid_1761163",
        "jid_1761271",
        "jid_1761393",
        "jid_1761128",
        "jid_1761119",
        "jid_1761266",
        "jid_1761154",
        "jid_1761166",
        "jid_1761178",
        "jid_1761177",
        "jid_1761202",
        "jid_1761209",
        "jid_1761205",
        "jid_1761199",
        "jid_1761204",
        "jid_1761282",
        "jid_1761363",
        "jid_1761689",
        "jid_1761283",
        "jid_1761435",
        "jid_1761289",
        "jid_1761431",
        "jid_1761334",
        "jid_1761318",
        "jid_1761679",
        "jid_1761449",
        "jid_1761304",
        "jid_1761433",
        "jid_1761324",
        "jid_1761342",
        "jid_1761302",
        "jid_1761709",
        "jid_1761344",
        "jid_1761349",
        "jid_1761448",
        "jid_1761694",
        "jid_1761519",
        "jid_1761339",
        "jid_1761361",
        "jid_1761443",
        "jid_1762083",
        "jid_1761642",
        "jid_1761405",
        "jid_1761828",
        "jid_1761399",
        "jid_1761416",
        "jid_1761417",
        "jid_1761699",
        "jid_1761483",
        "jid_1761479",
        "jid_1761845",
        "jid_1761504",
        "jid_1761510",
        "jid_1761543",
        "jid_1761502",
        "jid_1761533",
        "jid_1761512",
        "jid_1761840",
        "jid_1761511",
        "jid_1761816",
        "jid_1761989",
        "jid_1761453",
        "jid_1761548",
        "jid_1761465",
        "jid_1761539",
        "jid_1762751",
        "jid_1761536",
        "jid_1761491",
        "jid_1761876",
        "jid_1762006",
        "jid_1761997",
        "jid_1761646",
        "jid_1761859",
        "jid_1761645",
        "jid_1761560",
        "jid_1761844",
        "jid_1761841",
        "jid_1761532",
        "jid_1761858",
        "jid_1761659",
        "jid_1761574",
        "jid_1761594",
        "jid_1761863",
        "jid_1761986",
        "jid_1761650",
        "jid_1761611",
        "jid_1761868",
        "jid_1761676",
        "jid_1761988",
        "jid_1761554",
        "jid_1761672",
        "jid_1762008",
        "jid_1761671",
        "jid_1762830",
        "jid_1761540",
        "jid_1761866",
        "jid_1761607",
        "jid_1761566",
        "jid_1761558",
        "jid_1761641",
        "jid_1761557",
        "jid_1762264",
        "jid_1761605",
        "jid_1761618",
        "jid_1761621",
        "jid_1761563",
        "jid_1761595",
        "jid_1761589",
        "jid_1761664",
        "jid_1761656",
        "jid_1761719",
        "jid_1761734",
        "jid_1761716",
        "jid_1761906",
        "jid_1761721",
        "jid_1761681",
        "jid_1761912",
        "jid_1761696",
        "jid_1761724",
        "jid_1761745",
        "jid_1761910",
        "jid_1761749",
        "jid_1762090",
        "jid_1761942",
        "jid_1761921",
        "jid_1761731",
        "jid_1761768",
        "jid_1761743",
        "jid_1762877",
        "jid_1761758",
        "jid_1761735",
        "jid_1761794",
        "jid_1761846",
        "jid_1761797",
        "jid_1761799",
        "jid_1761748",
        "jid_1761808",
        "jid_1761777",
        "jid_1761809",
        "jid_1761760",
        "jid_1761822",
        "jid_1761980",
        "jid_1761819",
        "jid_1762164",
        "jid_1761836",
        "jid_1761889",
        "jid_1761878",
        "jid_1762306",
        "jid_1762281",
        "jid_1762359",
        "jid_1762300",
        "jid_1762027",
        "jid_1761928",
        "jid_1761914",
        "jid_1762532",
        "jid_1761951",
        "jid_1762077",
        "jid_1761916",
        "jid_1761937",
        "jid_1761934",
        "jid_1761902",
        "jid_1762894",
        "jid_1762034",
        "jid_1762121",
        "jid_1761965",
        "jid_1761955",
        "jid_1761956",
        "jid_1762088",
        "jid_1762555",
        "jid_1761938",
        "jid_1761976",
        "jid_1762105",
        "jid_1762012",
        "jid_1762051",
        "jid_1763025",
        "jid_1762061",
        "jid_1762023",
        "jid_1762496",
        "jid_1762059",
        "jid_1762097",
        "jid_1762046",
        "jid_1762456",
        "jid_1762041",
        "jid_1762068",
        "jid_1762022",
        "jid_1762185",
        "jid_1762054",
        "jid_1762150",
        "jid_1762151",
        "jid_1762988",
        "jid_1762199",
        "jid_1762148",
        "jid_1762142",
        "jid_1762157",
        "jid_1762158",
        "jid_1762746",
        "jid_1762863",
        "jid_1762331",
        "jid_1762171",
        "jid_1762125",
        "jid_1762126",
        "jid_1762991",
        "jid_1762165",
        "jid_1762112",
        "jid_1762116",
        "jid_1762196",
        "jid_1762935",
        "jid_1762708",
        "jid_1762188",
        "jid_1763148",
        "jid_1763696",
        "jid_1762837",
        "jid_1762762",
        "jid_1762862",
        "jid_1762786",
        "jid_1762294",
        "jid_1762200",
        "jid_1762225",
        "jid_1762210",
        "jid_1762212",
        "jid_1762231",
        "jid_1762269",
        "jid_1762244",
        "jid_1762257",
        "jid_1762238",
        "jid_1762255",
        "jid_1762304",
        "jid_1762240",
        "jid_1762332",
        "jid_1762283",
        "jid_1762286",
        "jid_1762274",
        "jid_1762852",
        "jid_1762296",
        "jid_1763014",
        "jid_1762826",
        "jid_1762534",
        "jid_1763039",
        "jid_1762722",
        "jid_1762443",
        "jid_1762526",
        "jid_1762489",
        "jid_1762492",
        "jid_1762835",
        "jid_1762291",
        "jid_1763098",
        "jid_1762254",
        "jid_1762136",
        "jid_1762263",
        "jid_1762299",
        "jid_1762591",
        "jid_1762824",
        "jid_1762312",
        "jid_1762373",
        "jid_1762488",
        "jid_1762419",
        "jid_1763100",
        "jid_1762476",
        "jid_1762458",
        "jid_1762449",
        "jid_1762517",
        "jid_1762538",
        "jid_1762455",
        "jid_1763021",
        "jid_1762858",
        "jid_1762436",
        "jid_1762454",
        "jid_1762884",
        "jid_1762446",
        "jid_1762345",
        "jid_1762355",
        "jid_1762564",
        "jid_1762405",
        "jid_1762395",
        "jid_1762423",
        "jid_1762360",
        "jid_1762453",
        "jid_1762379",
        "jid_1762483",
        "jid_1762383",
        "jid_1762365",
        "jid_1762868",
        "jid_1762400",
        "jid_1762575",
        "jid_1762614",
        "jid_1762563",
        "jid_1763176",
        "jid_1762506",
        "jid_1763084",
        "jid_1763066",
        "jid_1762628",
        "jid_1763474",
        "jid_1762928",
        "jid_1762712",
        "jid_1762588",
        "jid_1762929",
        "jid_1762579",
        "jid_1762594",
        "jid_1762609",
        "jid_1762612",
        "jid_1762734",
        "jid_1762624",
        "jid_1762658",
        "jid_1762549",
        "jid_1763184",
        "jid_1762726",
        "jid_1762547",
        "jid_1762695",
        "jid_1762703",
        "jid_1762607",
        "jid_1762638",
        "jid_1763158",
        "jid_1762603",
        "jid_1762615",
        "jid_1762524",
        "jid_1762540",
        "jid_1762533",
        "jid_1762613",
        "jid_1762756",
        "jid_1762633",
        "jid_1762619",
        "jid_1762664",
        "jid_1762693",
        "jid_1763247",
        "jid_1763258",
        "jid_1762676",
        "jid_1762667",
        "jid_1763229",
        "jid_1762674",
        "jid_1762690",
        "jid_1762705",
        "jid_1762701",
        "jid_1762694",
        "jid_1762671",
        "jid_1762946",
        "jid_1762747",
        "jid_1762700",
        "jid_1762977",
        "jid_1762770",
        "jid_1762642",
        "jid_1762846",
        "jid_1762844",
        "jid_1762788",
        "jid_1762799",
        "jid_1763002",
        "jid_1762813",
        "jid_1762840",
        "jid_1762797",
        "jid_1764168",
        "jid_1763234",
        "jid_1763224",
        "jid_1762944",
        "jid_1763820",
        "jid_1763231",
        "jid_1763261",
        "jid_1762984",
        "jid_1762952",
        "jid_1763206",
        "jid_1762953",
        "jid_1762963",
        "jid_1763255",
        "jid_1763202",
        "jid_1762966",
        "jid_1763005",
        "jid_1762975",
        "jid_1762959",
        "jid_1762971",
        "jid_1762986",
        "jid_1762957",
        "jid_1763244",
        "jid_1763253",
        "jid_1762985",
        "jid_1763225",
        "jid_1763814",
        "jid_1762962",
        "jid_1763776",
        "jid_1762964",
        "jid_1763816",
        "jid_1763237",
        "jid_1764425",
        "jid_1763073",
        "jid_1763096",
        "jid_1763080",
        "jid_1763058",
        "jid_1763077",
        "jid_1763106",
        "jid_1763427",
        "jid_1763111",
        "jid_1763087",
        "jid_1763113",
        "jid_1763485",
        "jid_1763027",
        "jid_1763089",
        "jid_1763028",
        "jid_1763081",
        "jid_1763499",
        "jid_1763193",
        "jid_1764597",
        "jid_1763134",
        "jid_1763128",
        "jid_1763152",
        "jid_1763164",
        "jid_1763262",
        "jid_1763133",
        "jid_1763137",
        "jid_1763211",
        "jid_1763481",
        "jid_1763115",
        "jid_1764276",
        "jid_1763256",
        "jid_1763157",
        "jid_1764419",
        "jid_1763060",
        "jid_1763473",
        "jid_1763210",
        "jid_1763168",
        "jid_1764165",
        "jid_1763129",
        "jid_1763483",
        "jid_1763162",
        "jid_1763147",
        "jid_1763471",
        "jid_1763529",
        "jid_1763812",
        "jid_1763190",
        "jid_1763675",
        "jid_1763769",
        "jid_1763107",
        "jid_1763269",
        "jid_1764212",
        "jid_1763233",
        "jid_1763150",
        "jid_1763135",
        "jid_1763843",
        "jid_1764587",
        "jid_1763220",
        "jid_1763286",
        "jid_1763343",
        "jid_1764579",
        "jid_1763303",
        "jid_1763171",
        "jid_1763319",
        "jid_1763362",
        "jid_1763198",
        "jid_1764372",
        "jid_1764343",
        "jid_1764643",
        "jid_1763328",
        "jid_1763355",
        "jid_1764398",
        "jid_1764556",
        "jid_1764524",
        "jid_1763348",
        "jid_1763321",
        "jid_1763374",
        "jid_1764162",
        "jid_1763378",
        "jid_1763868",
        "jid_1763380",
        "jid_1763942",
        "jid_1763930",
        "jid_1763345",
        "jid_1763376",
        "jid_1763292",
        "jid_1763392",
        "jid_1764339",
        "jid_1764385",
        "jid_1763388",
        "jid_1763918",
        "jid_1763385",
        "jid_1763436",
        "jid_1763387",
        "jid_1763958",
        "jid_1763424",
        "jid_1764573",
        "jid_1763334",
        "jid_1763410",
        "jid_1763402",
        "jid_1763419",
        "jid_1763439",
        "jid_1764073",
        "jid_1763502",
        "jid_1763887",
        "jid_1763322",
        "jid_1763389",
        "jid_1763873",
        "jid_1763313",
        "jid_1763320",
        "jid_1763490",
        "jid_1763851",
        "jid_1763333",
        "jid_1764131",
        "jid_1763508",
        "jid_1763736",
        "jid_1763447",
        "jid_1763455",
        "jid_1764092",
        "jid_1763542",
        "jid_1763731",
        "jid_1764430",
        "jid_1763592",
        "jid_1763654",
        "jid_1763635",
        "jid_1763602",
        "jid_1763465",
        "jid_1763549",
        "jid_1763546",
        "jid_1763627",
        "jid_1764342",
        "jid_1763571",
        "jid_1763524",
        "jid_1763643",
        "jid_1763587",
        "jid_1763547",
        "jid_1763526",
        "jid_1763583",
        "jid_1763476",
        "jid_1763567",
        "jid_1764087",
        "jid_1763550",
        "jid_1763701",
        "jid_1763639",
        "jid_1763577",
        "jid_1763846",
        "jid_1764345",
        "jid_1763637",
        "jid_1763553",
        "jid_1763662",
        "jid_1763687",
        "jid_1764826",
        "jid_1763741",
        "jid_1763572",
        "jid_1763780",
        "jid_1763809",
        "jid_1763559",
        "jid_1763750",
        "jid_1763799",
        "jid_1763788",
        "jid_1763723",
        "jid_1763860",
        "jid_1763772",
        "jid_1764574",
        "jid_1763745",
        "jid_1764636",
        "jid_1763747",
        "jid_1763590",
        "jid_1763655",
        "jid_1763690",
        "jid_1763755",
        "jid_1763724",
        "jid_1763683",
        "jid_1763615",
        "jid_1763670",
        "jid_1763785",
        "jid_1764463",
        "jid_1763768",
        "jid_1763850",
        "jid_1763624",
        "jid_1763673",
        "jid_1763633",
        "jid_1763790",
        "jid_1764483",
        "jid_1764099",
        "jid_1763765",
        "jid_1763837",
        "jid_1763702",
        "jid_1763913",
        "jid_1763977",
        "jid_1763908",
        "jid_1763957",
        "jid_1764239",
        "jid_1764549",
        "jid_1764291",
        "jid_1764416",
        "jid_1763934",
        "jid_1764172",
        "jid_1764540",
        "jid_1763996",
        "jid_1763920",
        "jid_1763940",
        "jid_1764380",
        "jid_1764476",
        "jid_1763948",
        "jid_1763993",
        "jid_1764569",
        "jid_1764393",
        "jid_1764497",
        "jid_1763953",
        "jid_1763971",
        "jid_1763991",
        "jid_1763995",
        "jid_1763947",
        "jid_1763928",
        "jid_1763952",
        "jid_1764019",
        "jid_1764395",
        "jid_1763981",
        "jid_1764306",
        "jid_1764311",
        "jid_1764007",
        "jid_1763833",
        "jid_1763980",
        "jid_1763895",
        "jid_1764302",
        "jid_1764178",
        "jid_1764706",
        "jid_1764378",
        "jid_1763931",
        "jid_1764567",
        "jid_1763964",
        "jid_1764132",
        "jid_1763988",
        "jid_1763998",
        "jid_1764539",
        "jid_1763979",
        "jid_1764282",
        "jid_1764045",
        "jid_1764086",
        "jid_1764799",
        "jid_1764106",
        "jid_1764001",
        "jid_1764069",
        "jid_1764109",
        "jid_1764054",
        "jid_1764745",
        "jid_1764130",
        "jid_1764110",
        "jid_1764752",
        "jid_1764630",
        "jid_1764042",
        "jid_1764095",
        "jid_1764044",
        "jid_1764012",
        "jid_1764317",
        "jid_1764004",
        "jid_1764250",
        "jid_1764049",
        "jid_1764696",
        "jid_1764078",
        "jid_1764091",
        "jid_1764068",
        "jid_1764501",
        "jid_1764075",
        "jid_1764390",
        "jid_1764134",
        "jid_1764827",
        "jid_1764256",
        "jid_1764644",
        "jid_1764452",
        "jid_1764133",
        "jid_1764112",
        "jid_1764671",
        "jid_1764260",
        "jid_1764203",
        "jid_1764230",
        "jid_1764823",
        "jid_1764517",
        "jid_1764711",
        "jid_1764682",
        "jid_1764137",
        "jid_1764142",
        "jid_1764829",
        "jid_1764641",
        "jid_1764819",
        "jid_1764428",
        "jid_1764278",
        "jid_1764145",
        "jid_1764192",
        "jid_1764734",
        "jid_1764361",
        "jid_1764352",
        "jid_1764485",
        "jid_1764553",
        "jid_1764596",
        "jid_1764660",
        "jid_1764691",
        "jid_1764527",
        "jid_1764680",
        "jid_1764705",
        "jid_1764669",
        "jid_1764328",
        "jid_1764687",
        "jid_1764664",
        "jid_1764728",
        "jid_1764775",
        "jid_1764730",
        "jid_1764712",
        "jid_1764215",
        "jid_1764714",
        "jid_1764492",
        "jid_1764778",
        "jid_1764147",
        "jid_1764487",
        "jid_1764748",
        "jid_1764607",
        "jid_1764455",
        "jid_1764435",
        "jid_1764582",
        "jid_1764583",
        "jid_1764655",
        "jid_1764434",
        "jid_1764760",
        "jid_1764657",
        "jid_1764784",
        "jid_1764834",
        "jid_1764743",
        "jid_1764715",
        "jid_1764264",
        "jid_1764506",
        "jid_1764532",
        "jid_1764837",
        "jid_1764675",
        "jid_1764181",
        "jid_1764283",
        "jid_1764268",
        "jid_1764263",
        "jid_1764494",
        "jid_1764412",
        "jid_1764604",
        "jid_1764792",
        "jid_1764440",
        "jid_1764624",
        "jid_1764461",
        "jid_1764699",
        "jid_1764781",
        "jid_1764817",
        "jid_1764702",
        "jid_1764797",
        "jid_1764631",
        "jid_1764798",
        "jid_1764516",
        "jid_1764344",
        "jid_1764809",
        "jid_1764835",
        "jid_1764467",
        "jid_1802337",
        "jid_1758947",
        "jid_1764880",
        "jid_1765155",
        "jid_1765155",
        "jid_1765160",
        "jid_1801841",
        "jid_1802192",
        "jid_1802197",
        "jid_1800011",
        "jid_1800011",
        "jid_1802054",
        "jid_1802054",
        "jid_1802038",
        "jid_1802038",
        "jid_1802063",
        "jid_1802011",
        "jid_1802011",
        "jid_1801867",
        "jid_1801867",
        "jid_1801867",
        "jid_1801877",
        "jid_1801877",
        "jid_1801827",
        "jid_1801827",
        "jid_1801827",
        "jid_1801747",
        "jid_1801765",
        "jid_1801756",
        "jid_1801756",
        "jid_1801765",
        "jid_1801756",
        "jid_1801756",
        "jid_1801756",
        "jid_1801739",
        "jid_1801739",
        "jid_1801726",
        "jid_1801726",
        "jid_1801724",
        "jid_1801726",
        "jid_1801710",
        "jid_1801710",
        "jid_1801724",
        "jid_1801710",
        "jid_1801691",
        "jid_1801691",
        "jid_1801691",
        "jid_1796648",
        "jid_1796648",
        "jid_1797290",
        "jid_1796671",
        "jid_1796671",
        "jid_1796653",
        "jid_1796653",
        "jid_1796653",
        "jid_1796653",
        "jid_1796653",
        "jid_1796639",
        "jid_1796638",
        "jid_1796638",
        "jid_1796638",
        "jid_1796638",
        "jid_1796623",
        "jid_1795236",
        "jid_1793105",
        "jid_1793105",
        "jid_1793105",
        "jid_1793105",
        "jid_1793066",
        "jid_1793066",
        "jid_1790953",
        "jid_1788701",
        "jid_1790953",
        "jid_1790953",
        "jid_1788701",
        "jid_1788701",
        "jid_1788701",
        "jid_1765184",
        "jid_1765104",
        "jid_1765104",
        "jid_1765101",
        "jid_1765101",
        "jid_1765101",
        "jid_1765101",
        "jid_1765102",
        "jid_1765096",
        "jid_1758953",
        "jid_1802911",
        "jid_1802750",
        "jid_1802750",
        "jid_1764927",
        "jid_1795601",
        "jid_1795601",
        "jid_1795601",
        "jid_1795601",
        "jid_1795601",
        "jid_1795427",
        "jid_1795427",
        "jid_1795427",
        "jid_1796514",
        "jid_1796514",
        "jid_1795568",
        "jid_1795568",
        "jid_1796514",
        "jid_1795628",
        "jid_1795568",
        "jid_1796698",
        "jid_1796484",
        "jid_1796515",
        "jid_1796515",
        "jid_1796490",
        "jid_1796513",
        "jid_1796513",
        "jid_1795437",
        "jid_1795437",
        "jid_1795437",
        "jid_1795860",
        "jid_1795864",
        "jid_1795864",
        "jid_1795864",
        "jid_1796053",
        "jid_1796511",
        "jid_1796511",
        "jid_1795398",
        "jid_1795398",
        "jid_1795398",
        "jid_1795398",
        "jid_1795521",
        "jid_1796529",
        "jid_1796529",
        "jid_1796544",
        "jid_1795956",
        "jid_1795956",
        "jid_1795956",
        "jid_1795956",
        "jid_1795956",
        "jid_1795956",
        "jid_1796510",
        "jid_1796510",
        "jid_1796510",
        "jid_1796518",
        "jid_1796518",
        "jid_1796531",
        "jid_1796559",
        "jid_1796552",
        "jid_1796552",
        "jid_1796524",
        "jid_1796524",
        "jid_1796522",
        "jid_1796522",
        "jid_1796537",
        "jid_1796537",
        "jid_1796537",
        "jid_1796535",
        "jid_1796535",
        "jid_1796535",
        "jid_1796535",
        "jid_1796535",
        "jid_1796516",
        "jid_1796516",
        "jid_1796516",
        "jid_1796547",
        "jid_1796547",
        "jid_1796533",
        "jid_1796539",
        "jid_1796543",
        "jid_1796539",
        "jid_1796543",
        "jid_1796539",
        "jid_1796543",
        "jid_1796512",
        "jid_1796512",
        "jid_1796525",
        "jid_1795448",
        "jid_1796501",
        "jid_1796525",
        "jid_1796501",
        "jid_1796501",
        "jid_1796525",
        "jid_1795448",
        "jid_1795682",
        "jid_1795682",
        "jid_1796496",
        "jid_1795682",
        "jid_1795682",
        "jid_1796488",
        "jid_1796497",
        "jid_1796492",
        "jid_1796492",
        "jid_1796500",
        "jid_1796495",
        "jid_1796495",
        "jid_1796495",
        "jid_1796486",
        "jid_1795639",
        "jid_1795626",
        "jid_1795639",
        "jid_1795459",
        "jid_1795647",
        "jid_1795647",
        "jid_1795709",
        "jid_1795709",
        "jid_1795647",
        "jid_1795709",
        "jid_1795709",
        "jid_1795726",
        "jid_1795668",
        "jid_1796141",
        "jid_1795668",
        "jid_1795668",
        "jid_1796141",
        "jid_1796141",
        "jid_1795720",
        "jid_1795720",
        "jid_1795546",
        "jid_1795546",
        "jid_1795546",
        "jid_1795546",
        "jid_1795546",
        "jid_1795546",
        "jid_1795502",
        "jid_1795475",
        "jid_1795502",
        "jid_1795475",
        "jid_1795475",
        "jid_1795529",
        "jid_1795529",
        "jid_1795475",
        "jid_1795529",
        "jid_1795529",
        "jid_1795513",
        "jid_1795559",
        "jid_1795543",
        "jid_1795559",
        "jid_1795501",
        "jid_1795445",
        "jid_1795445",
        "jid_1795442",
        "jid_1795442",
        "jid_1795442",
        "jid_1795431",
        "jid_1795431",
        "jid_1795436",
        "jid_1795436",
        "jid_1795436",
        "jid_1795434",
        "jid_1795434",
        "jid_1795434",
        "jid_1795429",
        "jid_1795426",
        "jid_1795426",
        "jid_1795440",
        "jid_1795440",
        "jid_1795440",
        "jid_1795440",
        "jid_1795416",
        "jid_1795416",
        "jid_1795416",
        "jid_1795404",
        "jid_1795417",
        "jid_1795404",
        "jid_1795417",
        "jid_1795414",
        "jid_1795414",
        "jid_1795414",
        "jid_1795415",
        "jid_1795415",
        "jid_1795408",
        "jid_1795419",
        "jid_1795423",
        "jid_1795423",
        "jid_1795423",
        "jid_1795423",
        "jid_1795420",
        "jid_1795412",
        "jid_1795412",
        "jid_1795412",
        "jid_1795412",
        "jid_1795379",
        "jid_1795379",
        "jid_1795399",
        "jid_1795399",
        "jid_1795406",
        "jid_1795399",
        "jid_1795399",
        "jid_1795406",
        "jid_1795402",
        "jid_1795403",
        "jid_1795402",
        "jid_1795403",
        "jid_1795394",
        "jid_1795394",
        "jid_1795324",
        "jid_1795324",
        "jid_1795325",
        "jid_1795375",
        "jid_1795332",
        "jid_1795375",
        "jid_1795375",
        "jid_1795329",
        "jid_1795329",
        "jid_1795378",
        "jid_1795378",
        "jid_1795378",
        "jid_1795368",
        "jid_1795368",
        "jid_1795368",
        "jid_1795370",
        "jid_1795368",
        "jid_1795370",
        "jid_1795381",
        "jid_1795381",
        "jid_1795352",
        "jid_1795352",
        "jid_1795358",
        "jid_1795353",
        "jid_1795358",
        "jid_1795358",
        "jid_1795358",
        "jid_1795358",
        "jid_1795359",
        "jid_1795359",
        "jid_1795365",
        "jid_1795366",
        "jid_1795366",
        "jid_1795366",
        "jid_1795362",
        "jid_1795305",
        "jid_1795305",
        "jid_1795254",
        "jid_1795250",
        "jid_1795250",
        "jid_1795254",
        "jid_1795250",
        "jid_1795250",
        "jid_1795257",
        "jid_1795257",
        "jid_1795355",
        "jid_1795355",
        "jid_1795280",
        "jid_1795238",
        "jid_1795249",
        "jid_1795249",
        "jid_1795287",
        "jid_1795349",
        "jid_1795349",
        "jid_1795356",
        "jid_1795356",
        "jid_1795356",
        "jid_1795356",
        "jid_1795347",
        "jid_1795343",
        "jid_1795343",
        "jid_1795343",
        "jid_1795326",
        "jid_1795330",
        "jid_1795330",
        "jid_1795330",
        "jid_1795335",
        "jid_1795335",
        "jid_1795335",
        "jid_1795335",
        "jid_1795335",
        "jid_1795320",
        "jid_1795337",
        "jid_1795320",
        "jid_1795348",
        "jid_1795348",
        "jid_1795348",
        "jid_1795348",
        "jid_1795346",
        "jid_1795346",
        "jid_1795342",
        "jid_1795323",
        "jid_1795323",
        "jid_1795304",
        "jid_1795323",
        "jid_1795323",
        "jid_1795328",
        "jid_1795308",
        "jid_1795308",
        "jid_1795316",
        "jid_1795322",
        "jid_1795313",
        "jid_1795313",
        "jid_1795321",
        "jid_1795321",
        "jid_1795317",
        "jid_1795317",
        "jid_1795317",
        "jid_1795317",
        "jid_1795319",
        "jid_1795312",
        "jid_1795297",
        "jid_1795318",
        "jid_1795318",
        "jid_1795306",
        "jid_1795311",
        "jid_1795311",
        "jid_1795307",
        "jid_1795300",
        "jid_1795300",
        "jid_1795300",
        "jid_1795300",
        "jid_1795285",
        "jid_1795285",
        "jid_1795285",
        "jid_1795296",
        "jid_1795301",
        "jid_1795301",
        "jid_1795296",
        "jid_1795290",
        "jid_1795301",
        "jid_1795283",
        "jid_1795303",
        "jid_1795303",
        "jid_1795303",
        "jid_1795310",
        "jid_1795303",
        "jid_1795310",
        "jid_1795310",
        "jid_1795310",
        "jid_1795289",
        "jid_1795289",
        "jid_1795289",
        "jid_1795289",
        "jid_1795286",
        "jid_1795286",
        "jid_1795286",
        "jid_1795260",
        "jid_1795260",
        "jid_1795281",
        "jid_1795294",
        "jid_1795294",
        "jid_1795294",
        "jid_1795294",
        "jid_1795268",
        "jid_1795268",
        "jid_1795268",
        "jid_1795273",
        "jid_1795273",
        "jid_1795282",
        "jid_1795282",
        "jid_1795282",
        "jid_1795284",
        "jid_1795265",
        "jid_1795265",
        "jid_1795291",
        "jid_1795278",
        "jid_1795278",
        "jid_1795278",
        "jid_1795251",
        "jid_1795251",
        "jid_1795251",
        "jid_1795251",
        "jid_1764968",
        "jid_1795253",
        "jid_1764968",
        "jid_1795253",
        "jid_1795279",
        "jid_1795279",
        "jid_1795258",
        "jid_1795279",
        "jid_1795258",
        "jid_1795275",
        "jid_1795275",
        "jid_1795275",
        "jid_1795274",
        "jid_1795274",
        "jid_1795244",
        "jid_1795244",
        "jid_1795244",
        "jid_1795261",
        "jid_1795230",
        "jid_1795241",
        "jid_1795255",
        "jid_1795255",
        "jid_1795235",
        "jid_1795235",
        "jid_1795235",
        "jid_1793119",
        "jid_1793110",
        "jid_1793119",
        "jid_1793108",
        "jid_1793110",
        "jid_1793108",
        "jid_1793108",
        "jid_1793731",
        "jid_1793731",
        "jid_1794256",
        "jid_1795237",
        "jid_1795226",
        "jid_1795240",
        "jid_1795240",
        "jid_1795234",
        "jid_1793099",
        "jid_1795231",
        "jid_1795229",
        "jid_1795232",
        "jid_1795232",
        "jid_1793474",
        "jid_1793474",
        "jid_1793474",
        "jid_1795246",
        "jid_1795223",
        "jid_1795223",
        "jid_1795223",
        "jid_1795223",
        "jid_1779714",
        "jid_1796480",
        "jid_1765072",
        "jid_1795598",
        "jid_1795598",
        "jid_1795598",
        "jid_1618865",
        "jid_1765402",
        "jid_1765402",
        "jid_1765402",
        "jid_1765472",
        "jid_1765472",
        "jid_1765472",
        "jid_1765472",
        "jid_1765518",
        "jid_1765401",
        "jid_1765401",
        "jid_1765401",
        "jid_1765471",
        "jid_1765471",
        "jid_1765471",
        "jid_1818934",
        "jid_1818861",
        "jid_1818905",
        "jid_1819001",
        "jid_1819002",
        "jid_1818855",
        "jid_1819070",
        "jid_1818924",
        "jid_1818929",
        "jid_1818969",
        "jid_1818896",
        "jid_1818835",
        "jid_1818889",
        "jid_1818887",
        "jid_1759130",
        "jid_1764899",
        "jid_1782887",
        "jid_1759151",
        "jid_1759155",
        "jid_1796585",
        "jid_1796587",
        "jid_1765037",
        "jid_1764993",
        "jid_1765027",
        "jid_1765022",
        "jid_1765017",
        "jid_1764976",
        "jid_1601927",
        "jid_1802650",
        "jid_1601666",
        "jid_1824263",
        "jid_1824263",
        "jid_1622710",
        "jid_1622710",
        "jid_1622710",
        "jid_1622710",
        "jid_1622710",
        "jid_1622710",
        "jid_1622710",
        "jid_1622710",
        "jid_1622710",
        "jid_1759308",
        "jid_1617228",
        "jid_1617228",
        "jid_1617228",
        "jid_1617228",
        "jid_1674526",
        "jid_1820257",
        "jid_1820257",
        "jid_1765456",
        "jid_1767262",
        "jid_1796487",
        "jid_1795667",
        "jid_1759574",
        "jid_1759344",
        "jid_1759357",
        "jid_1765397",
        "jid_1765462",
        "jid_1772612",
        "jid_1765461",
        "jid_1759532",
        "jid_1765186",
        "jid_1765197",
        "jid_1765203",
        "jid_1765195",
        "jid_1765198",
        "jid_1765223",
        "jid_1765212",
        "jid_1765229",
        "jid_1765226",
        "jid_1765230",
        "jid_1765232",
        "jid_1765266",
        "jid_1765242",
        "jid_1765251",
        "jid_1765262",
        "jid_1765263",
        "jid_1765297",
        "jid_1765281",
        "jid_1765291",
        "jid_1765285",
        "jid_1765296",
        "jid_1765298",
        "jid_1765311",
        "jid_1765314",
        "jid_1765320",
        "jid_1765325",
        "jid_1765327",
        "jid_1765347",
        "jid_1765348",
        "jid_1765341",
        "jid_1765345",
        "jid_1765344",
        "jid_1765362",
        "jid_1765359",
        "jid_1765370",
        "jid_1765366",
        "jid_1765372",
        "jid_1777250",
        "jid_1759478",
        "jid_1759478",
        "jid_1777248",
        "jid_1777253",
        "jid_1777251",
        "jid_1759492",
        "jid_1759781",
        "jid_1759708",
        "jid_1801960",
        "jid_1802917",
        "jid_1759503",
        "jid_1759503",
        "jid_1765383",
        "jid_1765392",
        "jid_1765416",
        "jid_1765389",
        "jid_1765399",
        "jid_1765431",
        "jid_1765425",
        "jid_1765427",
        "jid_1765421",
        "jid_1765419",
        "jid_1765426",
        "jid_1765436",
        "jid_1765429",
        "jid_1759571",
        "jid_1803957",
        "jid_1795386",
        "jid_1759569",
        "jid_1801709",
        "jid_1759637",
        "jid_1777278",
        "jid_1759735",
        "jid_1675388",
        "jid_1795242",
        "jid_1759736",
        "jid_1764996",
        "jid_1759739",
        "jid_1801734",
        "jid_1801851",
        "jid_1801851",
        "jid_1801842",
        "jid_1801842",
        "jid_1801842",
        "jid_1801843",
        "jid_1801843",
        "jid_1801846",
        "jid_1777450",
        "jid_1759772",
        "jid_1802476",
        "jid_1802577",
        "jid_1802513",
        "jid_1802497",
        "jid_1802833",
        "jid_1802836",
        "jid_1802848",
        "jid_1802850",
        "jid_1802152",
        "jid_1802159",
        "jid_1802177",
        "jid_1802172",
        "jid_1802183",
        "jid_1759810",
        "jid_1759891",
        "jid_1759870",
        "jid_1759892",
        "jid_1818776",
        "jid_1765060",
        "jid_1761330",
        "jid_1765176",
        "jid_1765721",
        "jid_1765496",
        "jid_1765068",
        "jid_1801837",
        "jid_1801951",
        "jid_1801951",
        "jid_1760601",
        "jid_1760601",
        "jid_1760601",
        "jid_1760601",
        "jid_1801860",
        "jid_1801860",
        "jid_1802188",
        "jid_1802188",
        "jid_1802188",
        "jid_1802188",
        "jid_1801743",
        "jid_1801743",
        "jid_1801732",
        "jid_1802435",
        "jid_1802435",
        "jid_1801728",
        "jid_1801728",
        "jid_1801735",
        "jid_1824260",
        "jid_1712758",
        "jid_1712758",
        "jid_1712758",
        "jid_1712758",
        "jid_1764949",
        "jid_1764949",
        "jid_1764949",
        "jid_1764949",
        "jid_1764949",
        "jid_1764949",
        "jid_1764949",
        "jid_1764949",
        "jid_1764949",
        "jid_1764949",
        "jid_1764949",
        "jid_1764949",
        "jid_1764949",
        "jid_1764949",
        "jid_1764949",
        "jid_1764949",
        "jid_1764949",
        "jid_1764949",
        "jid_1764949",
        "jid_1764949",
        "jid_1764949",
        "jid_1764949",
        "jid_1764949",
        "jid_1764949",
        "jid_1764949",
        "jid_1764949",
        "jid_1712758",
        "jid_1712758",
        "jid_1712758",
        "jid_1764914",
        "jid_1712758",
        "jid_1795410",
        "jid_1762554",
        "jid_1712758",
        "jid_1712758",
        "jid_1822031",
        "jid_1806855",
        "jid_1801770",
        "jid_1764972",
        "jid_1764971",
        "jid_1765011",
        "jid_1765007",
        "jid_1765002",
        "jid_1765000",
        "jid_1765013",
        "jid_1765049",
        "jid_1765048",
        "jid_1765071",
        "jid_1765170",
        "jid_1765147",
        "jid_1765143",
        "jid_1765144",
        "jid_1765109",
        "jid_1765108",
        "jid_1764293",
        "jid_1765145",
        "jid_1765136",
        "jid_1765548",
        "jid_1777432",
        "jid_1777432",
        "jid_1777432",
        "jid_1784581",
        "jid_1777431",
        "jid_1765506",
        "jid_1765512",
        "jid_1765609",
        "jid_1765522",
        "jid_1765532",
        "jid_1765534",
        "jid_1765545",
        "jid_1765533",
        "jid_1765550",
        "jid_1765612",
        "jid_1765564",
        "jid_1765567",
        "jid_1765572",
        "jid_1765582",
        "jid_1765568",
        "jid_1765600",
        "jid_1765616",
        "jid_1765592",
        "jid_1765590",
        "jid_1765593",
        "jid_1765581",
        "jid_1765571",
        "jid_1765585",
        "jid_1765559",
        "jid_1765611",
        "jid_1765643",
        "jid_1765642",
        "jid_1765661",
        "jid_1765638",
        "jid_1765644",
        "jid_1765650",
        "jid_1765658",
        "jid_1765636",
        "jid_1765891",
        "jid_1765697",
        "jid_1765693",
        "jid_1765675",
        "jid_1765698",
        "jid_1765671",
        "jid_1765665",
        "jid_1765683",
        "jid_1765704",
        "jid_1765706",
        "jid_1766265",
        "jid_1765745",
        "jid_1765784",
        "jid_1765952",
        "jid_1765807",
        "jid_1765833",
        "jid_1765755",
        "jid_1765808",
        "jid_1765783",
        "jid_1765817",
        "jid_1765739",
        "jid_1765729",
        "jid_1765743",
        "jid_1765862",
        "jid_1765741",
        "jid_1765926",
        "jid_1765939",
        "jid_1765740",
        "jid_1765960",
        "jid_1765855",
        "jid_1765942",
        "jid_1765870",
        "jid_1765913",
        "jid_1765917",
        "jid_1765965",
        "jid_1765970",
        "jid_1765798",
        "jid_1795424",
        "jid_1765796",
        "jid_1765934",
        "jid_1765908",
        "jid_1765792",
        "jid_1765732",
        "jid_1765999",
        "jid_1765825",
        "jid_1765756",
        "jid_1765789",
        "jid_1765754",
        "jid_1765750",
        "jid_1765921",
        "jid_1765976",
        "jid_1765847",
        "jid_1765772",
        "jid_1765866",
        "jid_1765757",
        "jid_1765932",
        "jid_1765945",
        "jid_1765728",
        "jid_1765779",
        "jid_1765726",
        "jid_1765787",
        "jid_1765901",
        "jid_1765867",
        "jid_1766009",
        "jid_1765811",
        "jid_1765875",
        "jid_1765969",
        "jid_1765972",
        "jid_1765981",
        "jid_1765986",
        "jid_1766264",
        "jid_1766026",
        "jid_1766040",
        "jid_1765992",
        "jid_1766033",
        "jid_1766174",
        "jid_1766287",
        "jid_1766055",
        "jid_1766054",
        "jid_1766187",
        "jid_1766280",
        "jid_1766126",
        "jid_1766020",
        "jid_1766106",
        "jid_1766091",
        "jid_1766023",
        "jid_1766123",
        "jid_1766021",
        "jid_1766099",
        "jid_1766014",
        "jid_1766318",
        "jid_1766572",
        "jid_1766045",
        "jid_1766061",
        "jid_1777441",
        "jid_1766234",
        "jid_1766051",
        "jid_1766288",
        "jid_1766314",
        "jid_1766141",
        "jid_1766195",
        "jid_1766152",
        "jid_1766048",
        "jid_1766085",
        "jid_1766086",
        "jid_1766320",
        "jid_1766184",
        "jid_1766276",
        "jid_1766304",
        "jid_1766158",
        "jid_1766069",
        "jid_1766077",
        "jid_1766065",
        "jid_1766224",
        "jid_1766057",
        "jid_1766171",
        "jid_1766575",
        "jid_1766095",
        "jid_1766121",
        "jid_1766336",
        "jid_1766092",
        "jid_1766128",
        "jid_1766160",
        "jid_1766305",
        "jid_1766237",
        "jid_1766300",
        "jid_1766115",
        "jid_1766215",
        "jid_1766306",
        "jid_1766232",
        "jid_1766216",
        "jid_1766333",
        "jid_1766251",
        "jid_1766249",
        "jid_1766346",
        "jid_1766250",
        "jid_1766259",
        "jid_1766270",
        "jid_1766269",
        "jid_1766273",
        "jid_1766371",
        "jid_1766403",
        "jid_1767037",
        "jid_1766376",
        "jid_1766396",
        "jid_1766419",
        "jid_1766413",
        "jid_1766378",
        "jid_1767007",
        "jid_1766386",
        "jid_1766752",
        "jid_1766352",
        "jid_1766387",
        "jid_1766382",
        "jid_1766347",
        "jid_1766696",
        "jid_1766363",
        "jid_1766362",
        "jid_1766468",
        "jid_1766453",
        "jid_1766470",
        "jid_1766428",
        "jid_1766441",
        "jid_1766410",
        "jid_1766695",
        "jid_1766994",
        "jid_1766474",
        "jid_1767082",
        "jid_1767180",
        "jid_1766435",
        "jid_1766482",
        "jid_1766505",
        "jid_1766446",
        "jid_1766767",
        "jid_1766486",
        "jid_1766487",
        "jid_1766423",
        "jid_1767077",
        "jid_1766485",
        "jid_1766499",
        "jid_1766512",
        "jid_1766547",
        "jid_1766786",
        "jid_1766533",
        "jid_1766553",
        "jid_1766757",
        "jid_1766543",
        "jid_1766559",
        "jid_1766406",
        "jid_1766795",
        "jid_1766520",
        "jid_1766538",
        "jid_1766774",
        "jid_1766770",
        "jid_1766527",
        "jid_1766948",
        "jid_1766646",
        "jid_1766600",
        "jid_1766585",
        "jid_1766675",
        "jid_1766634",
        "jid_1766625",
        "jid_1766656",
        "jid_1766593",
        "jid_1766608",
        "jid_1766598",
        "jid_1766577",
        "jid_1766607",
        "jid_1766944",
        "jid_1766734",
        "jid_1766613",
        "jid_1766626",
        "jid_1766616",
        "jid_1766638",
        "jid_1766945",
        "jid_1766718",
        "jid_1766690",
        "jid_1766685",
        "jid_1766710",
        "jid_1766709",
        "jid_1766715",
        "jid_1766637",
        "jid_1766742",
        "jid_1766643",
        "jid_1766755",
        "jid_1766653",
        "jid_1766756",
        "jid_1766666",
        "jid_1766711",
        "jid_1766678",
        "jid_1767088",
        "jid_1766808",
        "jid_1767186",
        "jid_1766803",
        "jid_1766870",
        "jid_1767092",
        "jid_1766895",
        "jid_1766941",
        "jid_1766928",
        "jid_1767307",
        "jid_1766858",
        "jid_1766913",
        "jid_1766889",
        "jid_1766805",
        "jid_1766843",
        "jid_1766938",
        "jid_1766923",
        "jid_1767198",
        "jid_1766953",
        "jid_1766809",
        "jid_1766796",
        "jid_1766823",
        "jid_1766849",
        "jid_1766946",
        "jid_1766892",
        "jid_1766839",
        "jid_1766820",
        "jid_1766814",
        "jid_1766876",
        "jid_1766819",
        "jid_1766838",
        "jid_1766844",
        "jid_1766836",
        "jid_1767089",
        "jid_1766851",
        "jid_1766861",
        "jid_1766874",
        "jid_1766915",
        "jid_1766905",
        "jid_1766850",
        "jid_1766881",
        "jid_1766956",
        "jid_1766990",
        "jid_1766958",
        "jid_1766955",
        "jid_1766992",
        "jid_1766993",
        "jid_1767057",
        "jid_1767041",
        "jid_1766979",
        "jid_1766997",
        "jid_1766962",
        "jid_1766963",
        "jid_1766987",
        "jid_1767009",
        "jid_1767028",
        "jid_1767011",
        "jid_1766989",
        "jid_1767023",
        "jid_1766973",
        "jid_1767031",
        "jid_1766972",
        "jid_1767026",
        "jid_1766968",
        "jid_1767013",
        "jid_1767021",
        "jid_1767172",
        "jid_1767032",
        "jid_1766988",
        "jid_1767405",
        "jid_1766986",
        "jid_1767049",
        "jid_1767310",
        "jid_1767148",
        "jid_1767105",
        "jid_1767102",
        "jid_1767132",
        "jid_1767115",
        "jid_1767109",
        "jid_1767139",
        "jid_1767168",
        "jid_1767133",
        "jid_1767116",
        "jid_1767162",
        "jid_1767158",
        "jid_1767164",
        "jid_1767122",
        "jid_1767375",
        "jid_1767177",
        "jid_1767146",
        "jid_1767150",
        "jid_1767563",
        "jid_1767214",
        "jid_1767188",
        "jid_1767279",
        "jid_1767245",
        "jid_1767556",
        "jid_1767234",
        "jid_1767582",
        "jid_1767302",
        "jid_1767253",
        "jid_1767274",
        "jid_1767194",
        "jid_1767585",
        "jid_1767287",
        "jid_1767260",
        "jid_1767298",
        "jid_1767313",
        "jid_1767268",
        "jid_1767248",
        "jid_1767269",
        "jid_1767256",
        "jid_1767562",
        "jid_1767565",
        "jid_1767285",
        "jid_1767560",
        "jid_1767301",
        "jid_1767254",
        "jid_1767281",
        "jid_1767398",
        "jid_1767577",
        "jid_1767586",
        "jid_1767341",
        "jid_1767384",
        "jid_1767387",
        "jid_1767357",
        "jid_1767197",
        "jid_1767340",
        "jid_1767303",
        "jid_1767334",
        "jid_1767615",
        "jid_1767219",
        "jid_1767352",
        "jid_1767346",
        "jid_1767371",
        "jid_1767463",
        "jid_1767419",
        "jid_1767413",
        "jid_1767428",
        "jid_1767510",
        "jid_1767479",
        "jid_1767757",
        "jid_1767477",
        "jid_1767427",
        "jid_1767482",
        "jid_1767557",
        "jid_1767434",
        "jid_1767437",
        "jid_1767471",
        "jid_1767441",
        "jid_1767545",
        "jid_1767599",
        "jid_1767537",
        "jid_1767504",
        "jid_1767494",
        "jid_1767520",
        "jid_1767499",
        "jid_1767393",
        "jid_1767540",
        "jid_1767535",
        "jid_1767765",
        "jid_1767763",
        "jid_1767509",
        "jid_1767508",
        "jid_1767446",
        "jid_1767478",
        "jid_1767523",
        "jid_1758558",
        "jid_1767609",
        "jid_1767553",
        "jid_1767616",
        "jid_1768218",
        "jid_1767690",
        "jid_1767656",
        "jid_1767721",
        "jid_1767705",
        "jid_1767681",
        "jid_1767921",
        "jid_1767691",
        "jid_1767703",
        "jid_1767619",
        "jid_1767632",
        "jid_1767579",
        "jid_1767561",
        "jid_1767727",
        "jid_1767571",
        "jid_1767672",
        "jid_1767916",
        "jid_1767718",
        "jid_1767929",
        "jid_1758618",
        "jid_1767634",
        "jid_1767686",
        "jid_1767693",
        "jid_1758752",
        "jid_1767684",
        "jid_1767668",
        "jid_1767741",
        "jid_1767778",
        "jid_1767798",
        "jid_1767779",
        "jid_1767851",
        "jid_1767970",
        "jid_1767792",
        "jid_1767802",
        "jid_1767963",
        "jid_1767956",
        "jid_1767838",
        "jid_1767999",
        "jid_1768007",
        "jid_1767813",
        "jid_1767810",
        "jid_1767857",
        "jid_1767807",
        "jid_1767841",
        "jid_1767858",
        "jid_1767812",
        "jid_1767977",
        "jid_1767799",
        "jid_1767832",
        "jid_1768615",
        "jid_1767830",
        "jid_1767958",
        "jid_1767839",
        "jid_1767846",
        "jid_1767800",
        "jid_1767865",
        "jid_1767823",
        "jid_1767871",
        "jid_1768116",
        "jid_1767863",
        "jid_1767819",
        "jid_1767886",
        "jid_1768077",
        "jid_1767897",
        "jid_1767906",
        "jid_1767890",
        "jid_1767888",
        "jid_1767902",
        "jid_1767908",
        "jid_1768024",
        "jid_1767914",
        "jid_1768080",
        "jid_1767981",
        "jid_1768020",
        "jid_1767971",
        "jid_1767983",
        "jid_1768004",
        "jid_1768003",
        "jid_1768015",
        "jid_1768019",
        "jid_1768400",
        "jid_1768013",
        "jid_1768043",
        "jid_1768002",
        "jid_1768023",
        "jid_1768075",
        "jid_1769144",
        "jid_1768076",
        "jid_1768079",
        "jid_1768073",
        "jid_1768050",
        "jid_1768646",
        "jid_1768058",
        "jid_1768653",
        "jid_1768093",
        "jid_1768068",
        "jid_1768617",
        "jid_1768045",
        "jid_1768065",
        "jid_1768056",
        "jid_1767961",
        "jid_1768188",
        "jid_1768196",
        "jid_1768107",
        "jid_1768148",
        "jid_1768370",
        "jid_1768357",
        "jid_1768257",
        "jid_1768026",
        "jid_1768635",
        "jid_1768658",
        "jid_1767967",
        "jid_1768112",
        "jid_1768131",
        "jid_1768296",
        "jid_1768170",
        "jid_1768173",
        "jid_1768214",
        "jid_1768146",
        "jid_1768187",
        "jid_1768202",
        "jid_1768233",
        "jid_1768283",
        "jid_1768204",
        "jid_1768665",
        "jid_1768164",
        "jid_1768241",
        "jid_1768231",
        "jid_1768341",
        "jid_1768184",
        "jid_1768266",
        "jid_1768226",
        "jid_1768284",
        "jid_1768673",
        "jid_1768670",
        "jid_1768298",
        "jid_1768182",
        "jid_1768181",
        "jid_1768259",
        "jid_1768318",
        "jid_1768321",
        "jid_1768275",
        "jid_1768153",
        "jid_1768268",
        "jid_1768251",
        "jid_1768289",
        "jid_1768302",
        "jid_1768191",
        "jid_1768333",
        "jid_1768247",
        "jid_1768183",
        "jid_1768134",
        "jid_1768353",
        "jid_1768364",
        "jid_1768365",
        "jid_1768363",
        "jid_1768285",
        "jid_1768327",
        "jid_1768328",
        "jid_1768312",
        "jid_1768277",
        "jid_1768260",
        "jid_1768305",
        "jid_1768163",
        "jid_1768201",
        "jid_1768234",
        "jid_1768162",
        "jid_1768406",
        "jid_1768395",
        "jid_1768384",
        "jid_1768414",
        "jid_1768420",
        "jid_1769102",
        "jid_1768389",
        "jid_1768834",
        "jid_1768449",
        "jid_1768489",
        "jid_1769298",
        "jid_1768885",
        "jid_1769283",
        "jid_1768409",
        "jid_1768853",
        "jid_1768927",
        "jid_1768476",
        "jid_1768446",
        "jid_1768447",
        "jid_1768410",
        "jid_1768423",
        "jid_1768443",
        "jid_1768458",
        "jid_1769064",
        "jid_1768426",
        "jid_1769148",
        "jid_1768429",
        "jid_1768572",
        "jid_1768554",
        "jid_1768508",
        "jid_1768548",
        "jid_1768507",
        "jid_1768577",
        "jid_1768622",
        "jid_1768613",
        "jid_1768626",
        "jid_1768551",
        "jid_1768523",
        "jid_1768502",
        "jid_1768661",
        "jid_1768547",
        "jid_1768619",
        "jid_1768593",
        "jid_1768552",
        "jid_1768581",
        "jid_1768520",
        "jid_1768444",
        "jid_1768382",
        "jid_1768504",
        "jid_1768495",
        "jid_1768535",
        "jid_1768576",
        "jid_1768599",
        "jid_1768625",
        "jid_1768498",
        "jid_1768610",
        "jid_1768592",
        "jid_1768501",
        "jid_1768497",
        "jid_1768768",
        "jid_1768707",
        "jid_1768780",
        "jid_1768701",
        "jid_1768773",
        "jid_1768738",
        "jid_1768728",
        "jid_1768729",
        "jid_1768850",
        "jid_1768686",
        "jid_1768754",
        "jid_1768769",
        "jid_1768744",
        "jid_1768693",
        "jid_1768794",
        "jid_1769221",
        "jid_1768752",
        "jid_1769246",
        "jid_1769242",
        "jid_1768758",
        "jid_1768841",
        "jid_1769231",
        "jid_1769233",
        "jid_1768770",
        "jid_1768747",
        "jid_1768741",
        "jid_1768863",
        "jid_1769150",
        "jid_1769010",
        "jid_1768961",
        "jid_1768813",
        "jid_1769239",
        "jid_1768859",
        "jid_1768997",
        "jid_1768877",
        "jid_1769228",
        "jid_1769238",
        "jid_1769056",
        "jid_1769006",
        "jid_1768815",
        "jid_1769296",
        "jid_1768916",
        "jid_1769081",
        "jid_1768849",
        "jid_1769042",
        "jid_1768963",
        "jid_1769059",
        "jid_1768846",
        "jid_1768919",
        "jid_1769267",
        "jid_1768986",
        "jid_1768818",
        "jid_1769275",
        "jid_1769264",
        "jid_1769234",
        "jid_1768805",
        "jid_1768845",
        "jid_1768688",
        "jid_1768822",
        "jid_1769680",
        "jid_1768968",
        "jid_1768925",
        "jid_1769047",
        "jid_1768881",
        "jid_1768890",
        "jid_1768879",
        "jid_1768695",
        "jid_1769008",
        "jid_1769027",
        "jid_1768973",
        "jid_1768987",
        "jid_1768904",
        "jid_1768887",
        "jid_1768958",
        "jid_1768704",
        "jid_1769657",
        "jid_1769095",
        "jid_1769055",
        "jid_1768797",
        "jid_1769053",
        "jid_1769086",
        "jid_1768933",
        "jid_1768939",
        "jid_1769028",
        "jid_1769033",
        "jid_1769105",
        "jid_1768991",
        "jid_1768983",
        "jid_1768982",
        "jid_1768996",
        "jid_1769012",
        "jid_1769003",
        "jid_1769071",
        "jid_1769072",
        "jid_1769151",
        "jid_1769153",
        "jid_1769160",
        "jid_1769206",
        "jid_1769671",
        "jid_1769848",
        "jid_1769797",
        "jid_1769179",
        "jid_1769212",
        "jid_1769135",
        "jid_1769774",
        "jid_1769183",
        "jid_1769181",
        "jid_1769174",
        "jid_1769191",
        "jid_1769402",
        "jid_1769352",
        "jid_1769700",
        "jid_1770023",
        "jid_1769344",
        "jid_1769343",
        "jid_1769428",
        "jid_1769388",
        "jid_1769379",
        "jid_1769361",
        "jid_1769380",
        "jid_1769362",
        "jid_1769378",
        "jid_1769279",
        "jid_1769360",
        "jid_1769381",
        "jid_1769417",
        "jid_1769800",
        "jid_1769366",
        "jid_1769354",
        "jid_1769704",
        "jid_1769314",
        "jid_1769329",
        "jid_1769333",
        "jid_1769446",
        "jid_1769445",
        "jid_1769441",
        "jid_1769324",
        "jid_1769326",
        "jid_1769438",
        "jid_1769443",
        "jid_1769447",
        "jid_1769705",
        "jid_1769413",
        "jid_1769430",
        "jid_1769387",
        "jid_1769399",
        "jid_1769452",
        "jid_1769410",
        "jid_1769411",
        "jid_1769453",
        "jid_1769507",
        "jid_1769486",
        "jid_1769457",
        "jid_1769484",
        "jid_1769464",
        "jid_1769503",
        "jid_1769573",
        "jid_1769465",
        "jid_1769687",
        "jid_1770021",
        "jid_1769592",
        "jid_1769599",
        "jid_1769449",
        "jid_1769691",
        "jid_1770018",
        "jid_1769625",
        "jid_1769887",
        "jid_1769872",
        "jid_1769571",
        "jid_1769819",
        "jid_1769562",
        "jid_1769537",
        "jid_1769614",
        "jid_1769880",
        "jid_1769549",
        "jid_1769662",
        "jid_1769568",
        "jid_1769548",
        "jid_1769531",
        "jid_1769555",
        "jid_1769584",
        "jid_1769624",
        "jid_1769565",
        "jid_1769892",
        "jid_1769564",
        "jid_1769988",
        "jid_1769951",
        "jid_1769576",
        "jid_1769582",
        "jid_1769572",
        "jid_1769655",
        "jid_1769895",
        "jid_1769569",
        "jid_1769532",
        "jid_1769617",
        "jid_1769643",
        "jid_1769631",
        "jid_1769879",
        "jid_1769621",
        "jid_1769536",
        "jid_1769659",
        "jid_1770000",
        "jid_1769615",
        "jid_1770022",
        "jid_1769675",
        "jid_1770020",
        "jid_1769683",
        "jid_1769642",
        "jid_1769665",
        "jid_1769679",
        "jid_1769677",
        "jid_1769652",
        "jid_1769656",
        "jid_1769556",
        "jid_1769579",
        "jid_1769723",
        "jid_1769811",
        "jid_1769575",
        "jid_1769737",
        "jid_1769742",
        "jid_1769709",
        "jid_1769732",
        "jid_1769711",
        "jid_1770025",
        "jid_1770016",
        "jid_1769809",
        "jid_1769812",
        "jid_1769716",
        "jid_1769738",
        "jid_1769715",
        "jid_1770754",
        "jid_1769803",
        "jid_1769753",
        "jid_1770039",
        "jid_1769792",
        "jid_1769719",
        "jid_1769806",
        "jid_1769684",
        "jid_1770028",
        "jid_1769817",
        "jid_1769681",
        "jid_1769765",
        "jid_1769794",
        "jid_1769837",
        "jid_1769831",
        "jid_1769771",
        "jid_1769736",
        "jid_1769756",
        "jid_1769799",
        "jid_1769784",
        "jid_1769747",
        "jid_1769789",
        "jid_1769741",
        "jid_1769802",
        "jid_1769777",
        "jid_1769816",
        "jid_1770031",
        "jid_1770045",
        "jid_1769814",
        "jid_1769842",
        "jid_1769846",
        "jid_1769758",
        "jid_1769763",
        "jid_1770032",
        "jid_1769821",
        "jid_1769921",
        "jid_1769930",
        "jid_1769850",
        "jid_1769977",
        "jid_1769954",
        "jid_1769860",
        "jid_1769939",
        "jid_1764883",
        "jid_1769923",
        "jid_1769924",
        "jid_1769952",
        "jid_1769940",
        "jid_1770087",
        "jid_1769956",
        "jid_1769974",
        "jid_1770013",
        "jid_1769983",
        "jid_1770005",
        "jid_1770055",
        "jid_1770068",
        "jid_1770091",
        "jid_1770226",
        "jid_1770086",
        "jid_1770069",
        "jid_1770673",
        "jid_1770061",
        "jid_1770316",
        "jid_1770566",
        "jid_1770127",
        "jid_1770607",
        "jid_1770594",
        "jid_1770648",
        "jid_1770097",
        "jid_1770590",
        "jid_1770588",
        "jid_1770248",
        "jid_1770322",
        "jid_1770107",
        "jid_1770260",
        "jid_1770104",
        "jid_1770329",
        "jid_1765094",
        "jid_1770255",
        "jid_1770933",
        "jid_1770222",
        "jid_1770330",
        "jid_1771026",
        "jid_1770125",
        "jid_1770137",
        "jid_1770196",
        "jid_1770108",
        "jid_1770253",
        "jid_1770169",
        "jid_1770582",
        "jid_1770148",
        "jid_1770213",
        "jid_1770133",
        "jid_1770405",
        "jid_1770130",
        "jid_1770277",
        "jid_1770131",
        "jid_1770145",
        "jid_1770355",
        "jid_1770195",
        "jid_1770216",
        "jid_1770204",
        "jid_1770298",
        "jid_1770141",
        "jid_1770412",
        "jid_1770393",
        "jid_1770158",
        "jid_1770247",
        "jid_1770188",
        "jid_1770164",
        "jid_1770273",
        "jid_1770618",
        "jid_1770186",
        "jid_1770279",
        "jid_1770203",
        "jid_1770349",
        "jid_1770193",
        "jid_1770408",
        "jid_1770154",
        "jid_1770308",
        "jid_1770344",
        "jid_1770220",
        "jid_1770239",
        "jid_1770201",
        "jid_1770259",
        "jid_1770221",
        "jid_1770250",
        "jid_1770361",
        "jid_1770208",
        "jid_1770288",
        "jid_1770387",
        "jid_1770325",
        "jid_1770352",
        "jid_1770384",
        "jid_1770230",
        "jid_1770313",
        "jid_1770353",
        "jid_1770381",
        "jid_1770366",
        "jid_1770356",
        "jid_1770334",
        "jid_1770535",
        "jid_1770534",
        "jid_1770455",
        "jid_1770463",
        "jid_1770467",
        "jid_1770469",
        "jid_1770422",
        "jid_1770484",
        "jid_1770473",
        "jid_1770471",
        "jid_1770497",
        "jid_1770521",
        "jid_1770550",
        "jid_1770549",
        "jid_1770524",
        "jid_1770428",
        "jid_1770505",
        "jid_1770453",
        "jid_1765140",
        "jid_1770499",
        "jid_1770532",
        "jid_1770485",
        "jid_1770513",
        "jid_1770439",
        "jid_1770450",
        "jid_1770542",
        "jid_1770454",
        "jid_1770554",
        "jid_1770643",
        "jid_1771304",
        "jid_1770794",
        "jid_1770670",
        "jid_1770678",
        "jid_1770661",
        "jid_1770741",
        "jid_1770764",
        "jid_1770668",
        "jid_1770653",
        "jid_1770656",
        "jid_1770723",
        "jid_1770726",
        "jid_1770769",
        "jid_1771001",
        "jid_1770704",
        "jid_1770779",
        "jid_1770706",
        "jid_1771088",
        "jid_1770690",
        "jid_1770696",
        "jid_1770631",
        "jid_1770683",
        "jid_1770763",
        "jid_1770715",
        "jid_1770693",
        "jid_1770709",
        "jid_1770737",
        "jid_1770714",
        "jid_1770722",
        "jid_1770732",
        "jid_1770802",
        "jid_1770823",
        "jid_1770812",
        "jid_1771279",
        "jid_1770815",
        "jid_1770803",
        "jid_1770905",
        "jid_1770955",
        "jid_1770831",
        "jid_1770838",
        "jid_1770830",
        "jid_1770834",
        "jid_1770784",
        "jid_1770782",
        "jid_1771291",
        "jid_1770829",
        "jid_1770852",
        "jid_1770870",
        "jid_1770839",
        "jid_1770786",
        "jid_1770868",
        "jid_1771764",
        "jid_1770847",
        "jid_1770846",
        "jid_1770970",
        "jid_1771028",
        "jid_1770875",
        "jid_1770969",
        "jid_1771767",
        "jid_1770921",
        "jid_1770985",
        "jid_1770872",
        "jid_1770920",
        "jid_1770950",
        "jid_1770924",
        "jid_1770911",
        "jid_1771234",
        "jid_1771306",
        "jid_1771760",
        "jid_1770927",
        "jid_1770978",
        "jid_1771126",
        "jid_1770913",
        "jid_1771012",
        "jid_1770910",
        "jid_1770942",
        "jid_1770952",
        "jid_1770960",
        "jid_1770938",
        "jid_1770975",
        "jid_1771751",
        "jid_1771021",
        "jid_1771302",
        "jid_1770953",
        "jid_1770965",
        "jid_1771036",
        "jid_1771749",
        "jid_1771027",
        "jid_1770994",
        "jid_1771007",
        "jid_1771014",
        "jid_1771025",
        "jid_1771011",
        "jid_1771033",
        "jid_1770999",
        "jid_1771316",
        "jid_1771015",
        "jid_1771138",
        "jid_1771106",
        "jid_1771035",
        "jid_1771092",
        "jid_1771319",
        "jid_1772027",
        "jid_1771000",
        "jid_1771118",
        "jid_1771143",
        "jid_1771107",
        "jid_1771164",
        "jid_1771124",
        "jid_1771122",
        "jid_1771113",
        "jid_1771008",
        "jid_1771175",
        "jid_1771327",
        "jid_1771101",
        "jid_1771159",
        "jid_1771046",
        "jid_1771053",
        "jid_1770963",
        "jid_1770967",
        "jid_1771054",
        "jid_1771147",
        "jid_1771154",
        "jid_1772028",
        "jid_1771202",
        "jid_1771134",
        "jid_1771192",
        "jid_1771216",
        "jid_1771199",
        "jid_1771769",
        "jid_1771328",
        "jid_1771167",
        "jid_1771198",
        "jid_1772024",
        "jid_1771330",
        "jid_1771263",
        "jid_1771176",
        "jid_1771227",
        "jid_1771264",
        "jid_1771235",
        "jid_1771251",
        "jid_1771233",
        "jid_1771250",
        "jid_1771252",
        "jid_1771276",
        "jid_1771372",
        "jid_1771270",
        "jid_1771376",
        "jid_1771983",
        "jid_1771505",
        "jid_1771348",
        "jid_1771490",
        "jid_1771369",
        "jid_1771397",
        "jid_1771476",
        "jid_1771428",
        "jid_1771450",
        "jid_1771431",
        "jid_1771562",
        "jid_1771625",
        "jid_1771434",
        "jid_1771455",
        "jid_1771577",
        "jid_1771586",
        "jid_1772000",
        "jid_1771468",
        "jid_1771445",
        "jid_1771535",
        "jid_1771602",
        "jid_1771471",
        "jid_1771447",
        "jid_1771430",
        "jid_1771648",
        "jid_1771644",
        "jid_1771884",
        "jid_1771763",
        "jid_1771563",
        "jid_1771446",
        "jid_1771488",
        "jid_1771549",
        "jid_1771699",
        "jid_1771636",
        "jid_1771344",
        "jid_1772021",
        "jid_1771998",
        "jid_1771507",
        "jid_1771512",
        "jid_1771525",
        "jid_1772331",
        "jid_1771542",
        "jid_1771587",
        "jid_1771680",
        "jid_1771678",
        "jid_1771554",
        "jid_1771527",
        "jid_1771689",
        "jid_1771597",
        "jid_1771991",
        "jid_1771681",
        "jid_1771517",
        "jid_1771497",
        "jid_1771664",
        "jid_1771566",
        "jid_1771573",
        "jid_1771379",
        "jid_1771663",
        "jid_1771567",
        "jid_1771383",
        "jid_1771381",
        "jid_1771714",
        "jid_1771629",
        "jid_1772005",
        "jid_1771617",
        "jid_1771646",
        "jid_1771536",
        "jid_1771654",
        "jid_1771707",
        "jid_1772434",
        "jid_1771737",
        "jid_1771701",
        "jid_1771606",
        "jid_1771584",
        "jid_1771598",
        "jid_1772020",
        "jid_1771607",
        "jid_1771875",
        "jid_1771791",
        "jid_1771793",
        "jid_1771805",
        "jid_1771806",
        "jid_1771919",
        "jid_1772456",
        "jid_1771819",
        "jid_1771908",
        "jid_1772006",
        "jid_1771948",
        "jid_1771810",
        "jid_1771973",
        "jid_1771840",
        "jid_1771923",
        "jid_1771838",
        "jid_1771866",
        "jid_1771894",
        "jid_1771945",
        "jid_1772355",
        "jid_1772372",
        "jid_1772430",
        "jid_1772290",
        "jid_1771823",
        "jid_1771852",
        "jid_1772359",
        "jid_1771883",
        "jid_1771784",
        "jid_1771786",
        "jid_1771914",
        "jid_1771785",
        "jid_1771997",
        "jid_1771886",
        "jid_1771958",
        "jid_1771889",
        "jid_1771901",
        "jid_1771974",
        "jid_1771907",
        "jid_1771917",
        "jid_1771893",
        "jid_1771911",
        "jid_1772694",
        "jid_1772057",
        "jid_1772073",
        "jid_1772084",
        "jid_1772076",
        "jid_1772075",
        "jid_1772030",
        "jid_1772032",
        "jid_1772092",
        "jid_1772649",
        "jid_1772083",
        "jid_1772090",
        "jid_1772165",
        "jid_1772656",
        "jid_1772142",
        "jid_1772654",
        "jid_1772115",
        "jid_1772116",
        "jid_1772157",
        "jid_1772386",
        "jid_1772336",
        "jid_1772643",
        "jid_1772105",
        "jid_1772148",
        "jid_1772664",
        "jid_1772190",
        "jid_1772653",
        "jid_1772139",
        "jid_1772120",
        "jid_1772642",
        "jid_1772637",
        "jid_1772049",
        "jid_1772033",
        "jid_1772037",
        "jid_1773000",
        "jid_1772053",
        "jid_1772178",
        "jid_1772204",
        "jid_1772247",
        "jid_1772682",
        "jid_1772210",
        "jid_1772347",
        "jid_1772381",
        "jid_1772140",
        "jid_1772705",
        "jid_1772143",
        "jid_1772257",
        "jid_1772550",
        "jid_1772141",
        "jid_1772270",
        "jid_1772154",
        "jid_1772198",
        "jid_1772453",
        "jid_1772149",
        "jid_1772183",
        "jid_1772354",
        "jid_1772231",
        "jid_1772321",
        "jid_1772264",
        "jid_1772314",
        "jid_1773042",
        "jid_1772318",
        "jid_1772302",
        "jid_1772227",
        "jid_1772262",
        "jid_1772815",
        "jid_1772346",
        "jid_1773024",
        "jid_1772319",
        "jid_1772358",
        "jid_1772327",
        "jid_1772225",
        "jid_1772696",
        "jid_1772363",
        "jid_1772337",
        "jid_1772266",
        "jid_1772245",
        "jid_1772349",
        "jid_1772261",
        "jid_1772451",
        "jid_1772380",
        "jid_1773059",
        "jid_1772237",
        "jid_1772371",
        "jid_1772713",
        "jid_1772350",
        "jid_1772984",
        "jid_1772440",
        "jid_1772315",
        "jid_1772369",
        "jid_1772501",
        "jid_1773198",
        "jid_1772422",
        "jid_1772483",
        "jid_1772491",
        "jid_1772500",
        "jid_1772830",
        "jid_1772580",
        "jid_1772424",
        "jid_1772486",
        "jid_1772554",
        "jid_1772561",
        "jid_1772551",
        "jid_1772574",
        "jid_1772528",
        "jid_1772509",
        "jid_1772417",
        "jid_1772400",
        "jid_1772920",
        "jid_1772534",
        "jid_1772492",
        "jid_1772962",
        "jid_1772406",
        "jid_1772437",
        "jid_1772833",
        "jid_1772467",
        "jid_1772914",
        "jid_1772419",
        "jid_1772576",
        "jid_1772544",
        "jid_1772522",
        "jid_1772423",
        "jid_1772918",
        "jid_1772556",
        "jid_1772568",
        "jid_1772418",
        "jid_1772590",
        "jid_1772631",
        "jid_1772506",
        "jid_1772571",
        "jid_1772887",
        "jid_1772597",
        "jid_1772579",
        "jid_1772625",
        "jid_1772560",
        "jid_1772585",
        "jid_1772594",
        "jid_1772613",
        "jid_1772450",
        "jid_1772442",
        "jid_1772523",
        "jid_1772542",
        "jid_1772614",
        "jid_1772514",
        "jid_1772741",
        "jid_1772725",
        "jid_1772755",
        "jid_1773442",
        "jid_1773055",
        "jid_1772684",
        "jid_1773056",
        "jid_1772736",
        "jid_1772744",
        "jid_1773033",
        "jid_1772730",
        "jid_1772659",
        "jid_1772745",
        "jid_1772697",
        "jid_1772763",
        "jid_1772800",
        "jid_1772780",
        "jid_1772777",
        "jid_1772798",
        "jid_1772997",
        "jid_1773015",
        "jid_1772710",
        "jid_1772687",
        "jid_1772774",
        "jid_1772807",
        "jid_1772816",
        "jid_1772778",
        "jid_1772790",
        "jid_1773061",
        "jid_1772806",
        "jid_1772793",
        "jid_1772810",
        "jid_1774279",
        "jid_1772843",
        "jid_1772858",
        "jid_1772849",
        "jid_1772880",
        "jid_1772845",
        "jid_1772941",
        "jid_1772987",
        "jid_1772958",
        "jid_1772865",
        "jid_1772949",
        "jid_1773261",
        "jid_1772978",
        "jid_1772930",
        "jid_1772875",
        "jid_1772938",
        "jid_1772891",
        "jid_1772921",
        "jid_1772971",
        "jid_1772948",
        "jid_1772974",
        "jid_1772936",
        "jid_1772885",
        "jid_1772893",
        "jid_1772884",
        "jid_1772888",
        "jid_1773001",
        "jid_1772986",
        "jid_1773002",
        "jid_1773030",
        "jid_1772994",
        "jid_1772989",
        "jid_1773296",
        "jid_1772992",
        "jid_1773295",
        "jid_1773021",
        "jid_1773076",
        "jid_1773114",
        "jid_1773180",
        "jid_1773121",
        "jid_1773079",
        "jid_1773075",
        "jid_1773196",
        "jid_1773082",
        "jid_1773085",
        "jid_1773130",
        "jid_1773515",
        "jid_1773071",
        "jid_1773104",
        "jid_1773206",
        "jid_1773213",
        "jid_1773231",
        "jid_1773220",
        "jid_1773160",
        "jid_1773452",
        "jid_1773147",
        "jid_1773471",
        "jid_1773112",
        "jid_1773201",
        "jid_1773113",
        "jid_1773176",
        "jid_1773233",
        "jid_1773232",
        "jid_1773238",
        "jid_1773123",
        "jid_1773181",
        "jid_1773131",
        "jid_1773207",
        "jid_1773539",
        "jid_1773165",
        "jid_1773169",
        "jid_1773158",
        "jid_1773172",
        "jid_1773179",
        "jid_1773202",
        "jid_1773644",
        "jid_1773302",
        "jid_1773308",
        "jid_1773890",
        "jid_1773328",
        "jid_1773377",
        "jid_1773273",
        "jid_1773399",
        "jid_1773892",
        "jid_1773352",
        "jid_1773886",
        "jid_1773879",
        "jid_1773885",
        "jid_1773374",
        "jid_1773870",
        "jid_1773272",
        "jid_1773457",
        "jid_1773274",
        "jid_1773354",
        "jid_1773359",
        "jid_1773889",
        "jid_1773333",
        "jid_1773332",
        "jid_1773339",
        "jid_1773276",
        "jid_1773794",
        "jid_1773712",
        "jid_1773289",
        "jid_1773466",
        "jid_1773387",
        "jid_1773385",
        "jid_1773345",
        "jid_1773441",
        "jid_1773429",
        "jid_1773616",
        "jid_1773438",
        "jid_1773420",
        "jid_1773888",
        "jid_1773459",
        "jid_1773375",
        "jid_1773467",
        "jid_1773350",
        "jid_1773282",
        "jid_1773381",
        "jid_1773401",
        "jid_1773884",
        "jid_1773400",
        "jid_1773391",
        "jid_1773461",
        "jid_1773453",
        "jid_1773897",
        "jid_1773403",
        "jid_1773386",
        "jid_1774263",
        "jid_1773566",
        "jid_1773522",
        "jid_1773519",
        "jid_1773587",
        "jid_1773449",
        "jid_1773530",
        "jid_1773523",
        "jid_1773573",
        "jid_1773462",
        "jid_1773571",
        "jid_1773570",
        "jid_1773547",
        "jid_1773581",
        "jid_1773481",
        "jid_1773657",
        "jid_1773556",
        "jid_1773687",
        "jid_1773645",
        "jid_1773579",
        "jid_1773621",
        "jid_1774035",
        "jid_1773584",
        "jid_1774054",
        "jid_1773602",
        "jid_1773699",
        "jid_1773702",
        "jid_1773668",
        "jid_1773696",
        "jid_1773693",
        "jid_1773576",
        "jid_1773634",
        "jid_1773697",
        "jid_1773639",
        "jid_1773671",
        "jid_1773660",
        "jid_1773477",
        "jid_1774049",
        "jid_1773647",
        "jid_1773527",
        "jid_1773472",
        "jid_1773509",
        "jid_1773648",
        "jid_1773651",
        "jid_1773479",
        "jid_1773499",
        "jid_1773486",
        "jid_1773484",
        "jid_1773483",
        "jid_1773490",
        "jid_1773475",
        "jid_1773464",
        "jid_1773511",
        "jid_1773688",
        "jid_1773512",
        "jid_1773498",
        "jid_1773510",
        "jid_1773711",
        "jid_1773708",
        "jid_1773500",
        "jid_1773630",
        "jid_1774199",
        "jid_1774090",
        "jid_1773914",
        "jid_1773771",
        "jid_1773717",
        "jid_1773733",
        "jid_1773720",
        "jid_1773813",
        "jid_1774226",
        "jid_1774222",
        "jid_1773716",
        "jid_1773758",
        "jid_1773743",
        "jid_1773751",
        "jid_1773715",
        "jid_1773790",
        "jid_1774224",
        "jid_1773750",
        "jid_1773736",
        "jid_1773773",
        "jid_1773769",
        "jid_1773723",
        "jid_1773845",
        "jid_1773784",
        "jid_1773802",
        "jid_1773836",
        "jid_1773763",
        "jid_1773799",
        "jid_1773767",
        "jid_1773759",
        "jid_1773749",
        "jid_1773958",
        "jid_1773919",
        "jid_1773863",
        "jid_1773939",
        "jid_1773942",
        "jid_1773928",
        "jid_1773974",
        "jid_1773941",
        "jid_1774003",
        "jid_1773961",
        "jid_1773834",
        "jid_1774000",
        "jid_1774009",
        "jid_1774021",
        "jid_1773975",
        "jid_1773951",
        "jid_1773867",
        "jid_1773949",
        "jid_1773999",
        "jid_1773877",
        "jid_1773955",
        "jid_1773991",
        "jid_1773895",
        "jid_1774023",
        "jid_1774014",
        "jid_1773989",
        "jid_1774005",
        "jid_1774025",
        "jid_1773967",
        "jid_1773992",
        "jid_1774028",
        "jid_1774007",
        "jid_1774438",
        "jid_1774080",
        "jid_1774077",
        "jid_1774082",
        "jid_1774166",
        "jid_1774096",
        "jid_1774421",
        "jid_1774170",
        "jid_1774136",
        "jid_1774099",
        "jid_1774102",
        "jid_1774094",
        "jid_1774098",
        "jid_1774134",
        "jid_1774097",
        "jid_1774440",
        "jid_1774441",
        "jid_1774151",
        "jid_1774119",
        "jid_1774147",
        "jid_1774128",
        "jid_1774188",
        "jid_1774114",
        "jid_1774161",
        "jid_1774137",
        "jid_1774195",
        "jid_1774811",
        "jid_1774157",
        "jid_1774133",
        "jid_1774164",
        "jid_1774140",
        "jid_1774186",
        "jid_1774156",
        "jid_1774203",
        "jid_1774060",
        "jid_1774189",
        "jid_1774056",
        "jid_1774254",
        "jid_1774244",
        "jid_1774258",
        "jid_1774274",
        "jid_1774252",
        "jid_1774434",
        "jid_1774255",
        "jid_1774251",
        "jid_1774217",
        "jid_1774218",
        "jid_1774266",
        "jid_1774296",
        "jid_1774374",
        "jid_1774297",
        "jid_1774367",
        "jid_1774388",
        "jid_1774394",
        "jid_1774710",
        "jid_1774386",
        "jid_1774405",
        "jid_1774300",
        "jid_1774287",
        "jid_1775100",
        "jid_1774343",
        "jid_1774324",
        "jid_1774325",
        "jid_1774341",
        "jid_1774420",
        "jid_1774328",
        "jid_1774360",
        "jid_1774330",
        "jid_1774417",
        "jid_1774355",
        "jid_1774366",
        "jid_1774404",
        "jid_1774293",
        "jid_1774504",
        "jid_1774449",
        "jid_1774521",
        "jid_1774457",
        "jid_1774545",
        "jid_1774444",
        "jid_1774450",
        "jid_1774559",
        "jid_1774416",
        "jid_1774502",
        "jid_1774428",
        "jid_1774900",
        "jid_1774433",
        "jid_1774816",
        "jid_1774931",
        "jid_1774466",
        "jid_1774498",
        "jid_1774520",
        "jid_1774470",
        "jid_1774489",
        "jid_1774944",
        "jid_1774493",
        "jid_1774485",
        "jid_1774529",
        "jid_1774646",
        "jid_1774564",
        "jid_1774561",
        "jid_1774586",
        "jid_1774575",
        "jid_1774652",
        "jid_1774599",
        "jid_1774572",
        "jid_1774567",
        "jid_1774580",
        "jid_1774578",
        "jid_1774576",
        "jid_1775046",
        "jid_1775064",
        "jid_1775083",
        "jid_1774699",
        "jid_1774677",
        "jid_1774541",
        "jid_1774595",
        "jid_1774546",
        "jid_1774544",
        "jid_1775091",
        "jid_1775088",
        "jid_1774628",
        "jid_1774678",
        "jid_1774673",
        "jid_1774655",
        "jid_1774692",
        "jid_1775089",
        "jid_1774663",
        "jid_1774694",
        "jid_1774614",
        "jid_1774549",
        "jid_1774557",
        "jid_1775075",
        "jid_1775425",
        "jid_1775007",
        "jid_1775090",
        "jid_1774675",
        "jid_1774622",
        "jid_1774822",
        "jid_1774747",
        "jid_1774753",
        "jid_1774790",
        "jid_1774703",
        "jid_1774970",
        "jid_1774864",
        "jid_1774757",
        "jid_1774765",
        "jid_1774844",
        "jid_1774752",
        "jid_1774797",
        "jid_1774773",
        "jid_1774806",
        "jid_1774759",
        "jid_1774813",
        "jid_1775246",
        "jid_1774776",
        "jid_1774854",
        "jid_1774890",
        "jid_1775270",
        "jid_1774912",
        "jid_1774786",
        "jid_1774911",
        "jid_1774870",
        "jid_1774789",
        "jid_1774795",
        "jid_1774810",
        "jid_1774828",
        "jid_1774869",
        "jid_1775248",
        "jid_1774872",
        "jid_1774895",
        "jid_1775826",
        "jid_1774885",
        "jid_1774901",
        "jid_1774886",
        "jid_1774894",
        "jid_1774904",
        "jid_1775206",
        "jid_1775260",
        "jid_1774724",
        "jid_1774769",
        "jid_1774929",
        "jid_1774716",
        "jid_1775210",
        "jid_1774735",
        "jid_1774721",
        "jid_1774738",
        "jid_1775254",
        "jid_1775244",
        "jid_1774859",
        "jid_1775292",
        "jid_1774951",
        "jid_1775297",
        "jid_1774953",
        "jid_1775269",
        "jid_1775310",
        "jid_1774963",
        "jid_1776015",
        "jid_1775287",
        "jid_1774899",
        "jid_1774957",
        "jid_1775279",
        "jid_1774961",
        "jid_1775765",
        "jid_1775048",
        "jid_1774991",
        "jid_1774966",
        "jid_1775029",
        "jid_1775040",
        "jid_1775332",
        "jid_1774980",
        "jid_1774948",
        "jid_1775010",
        "jid_1775058",
        "jid_1775020",
        "jid_1775288",
        "jid_1775416",
        "jid_1775411",
        "jid_1775386",
        "jid_1776072",
        "jid_1775043",
        "jid_1775001",
        "jid_1775039",
        "jid_1775053",
        "jid_1775190",
        "jid_1775104",
        "jid_1775124",
        "jid_1775122",
        "jid_1775152",
        "jid_1775207",
        "jid_1775158",
        "jid_1775097",
        "jid_1775223",
        "jid_1775121",
        "jid_1775137",
        "jid_1775155",
        "jid_1775180",
        "jid_1775134",
        "jid_1775135",
        "jid_1775133",
        "jid_1775154",
        "jid_1775118",
        "jid_1775600",
        "jid_1775150",
        "jid_1776198",
        "jid_1775273",
        "jid_1775221",
        "jid_1775061",
        "jid_1775162",
        "jid_1775230",
        "jid_1775176",
        "jid_1775262",
        "jid_1775164",
        "jid_1775352",
        "jid_1775361",
        "jid_1775378",
        "jid_1776024",
        "jid_1775394",
        "jid_1775372",
        "jid_1776401",
        "jid_1776044",
        "jid_1775366",
        "jid_1776021",
        "jid_1775420",
        "jid_1775302",
        "jid_1775375",
        "jid_1775322",
        "jid_1775401",
        "jid_1776110",
        "jid_1775398",
        "jid_1775391",
        "jid_1775419",
        "jid_1776058",
        "jid_1775408",
        "jid_1775393",
        "jid_1776036",
        "jid_1775472",
        "jid_1775522",
        "jid_1775505",
        "jid_1775475",
        "jid_1775521",
        "jid_1775520",
        "jid_1775500",
        "jid_1776071",
        "jid_1775452",
        "jid_1775664",
        "jid_1776324",
        "jid_1775504",
        "jid_1775587",
        "jid_1775688",
        "jid_1776074",
        "jid_1775595",
        "jid_1775546",
        "jid_1776051",
        "jid_1775462",
        "jid_1776121",
        "jid_1775548",
        "jid_1775466",
        "jid_1775805",
        "jid_1775572",
        "jid_1775507",
        "jid_1775753",
        "jid_1775662",
        "jid_1775567",
        "jid_1776662",
        "jid_1776092",
        "jid_1775518",
        "jid_1775668",
        "jid_1775774",
        "jid_1775797",
        "jid_1776263",
        "jid_1775749",
        "jid_1775750",
        "jid_1775811",
        "jid_1775832",
        "jid_1775806",
        "jid_1775593",
        "jid_1775637",
        "jid_1775707",
        "jid_1775758",
        "jid_1775754",
        "jid_1775679",
        "jid_1775738",
        "jid_1775691",
        "jid_1776082",
        "jid_1775618",
        "jid_1775742",
        "jid_1775628",
        "jid_1776223",
        "jid_1775689",
        "jid_1775339",
        "jid_1775528",
        "jid_1775536",
        "jid_1775526",
        "jid_1775326",
        "jid_1776018",
        "jid_1775759",
        "jid_1775349",
        "jid_1776136",
        "jid_1775538",
        "jid_1775625",
        "jid_1775590",
        "jid_1775553",
        "jid_1775566",
        "jid_1775643",
        "jid_1775603",
        "jid_1775698",
        "jid_1775906",
        "jid_1775784",
        "jid_1775489",
        "jid_1775542",
        "jid_1775492",
        "jid_1775730",
        "jid_1776172",
        "jid_1775650",
        "jid_1775493",
        "jid_1776117",
        "jid_1775835",
        "jid_1775942",
        "jid_1775999",
        "jid_1775791",
        "jid_1775846",
        "jid_1775847",
        "jid_1775984",
        "jid_1775853",
        "jid_1775842",
        "jid_1775902",
        "jid_1775965",
        "jid_1775972",
        "jid_1775864",
        "jid_1775861",
        "jid_1775989",
        "jid_1775863",
        "jid_1775908",
        "jid_1775897",
        "jid_1775880",
        "jid_1775874",
        "jid_1775905",
        "jid_1775929",
        "jid_1775909",
        "jid_1775915",
        "jid_1775987",
        "jid_1775945",
        "jid_1775940",
        "jid_1775931",
        "jid_1775939",
        "jid_1775951",
        "jid_1775827",
        "jid_1775969",
        "jid_1775932",
        "jid_1776660",
        "jid_1776177",
        "jid_1776801",
        "jid_1776161",
        "jid_1776133",
        "jid_1777225",
        "jid_1776160",
        "jid_1776148",
        "jid_1776152",
        "jid_1776643",
        "jid_1776150",
        "jid_1776089",
        "jid_1776157",
        "jid_1776647",
        "jid_1776260",
        "jid_1776273",
        "jid_1776268",
        "jid_1776205",
        "jid_1776200",
        "jid_1776054",
        "jid_1776049",
        "jid_1776170",
        "jid_1776541",
        "jid_1776238",
        "jid_1776191",
        "jid_1776189",
        "jid_1776179",
        "jid_1776206",
        "jid_1776171",
        "jid_1776230",
        "jid_1776231",
        "jid_1776281",
        "jid_1776232",
        "jid_1776188",
        "jid_1776076",
        "jid_1776299",
        "jid_1776197",
        "jid_1776065",
        "jid_1776211",
        "jid_1776216",
        "jid_1777235",
        "jid_1776203",
        "jid_1776192",
        "jid_1776037",
        "jid_1777066",
        "jid_1776085",
        "jid_1776035",
        "jid_1776267",
        "jid_1776091",
        "jid_1776435",
        "jid_1776462",
        "jid_1776358",
        "jid_1776354",
        "jid_1776362",
        "jid_1776825",
        "jid_1776287",
        "jid_1776353",
        "jid_1776348",
        "jid_1776710",
        "jid_1776835",
        "jid_1776382",
        "jid_1776446",
        "jid_1776377",
        "jid_1776305",
        "jid_1776440",
        "jid_1776387",
        "jid_1776822",
        "jid_1776428",
        "jid_1776410",
        "jid_1776416",
        "jid_1776829",
        "jid_1776457",
        "jid_1776429",
        "jid_1776482",
        "jid_1776454",
        "jid_1776484",
        "jid_1776430",
        "jid_1776498",
        "jid_1776444",
        "jid_1776334",
        "jid_1776315",
        "jid_1777101",
        "jid_1776314",
        "jid_1776332",
        "jid_1776476",
        "jid_1776317",
        "jid_1776519",
        "jid_1776569",
        "jid_1776925",
        "jid_1776911",
        "jid_1776625",
        "jid_1776525",
        "jid_1777200",
        "jid_1776912",
        "jid_1776550",
        "jid_1776529",
        "jid_1776492",
        "jid_1776535",
        "jid_1776548",
        "jid_1776557",
        "jid_1776543",
        "jid_1776622",
        "jid_1776523",
        "jid_1776560",
        "jid_1776603",
        "jid_1776537",
        "jid_1776530",
        "jid_1776571",
        "jid_1776565",
        "jid_1776551",
        "jid_1776586",
        "jid_1776554",
        "jid_1776564",
        "jid_1776882",
        "jid_1776566",
        "jid_1776624",
        "jid_1776561",
        "jid_1776967",
        "jid_1776545",
        "jid_1776618",
        "jid_1776596",
        "jid_1776592",
        "jid_1776608",
        "jid_1776583",
        "jid_1776579",
        "jid_1776672",
        "jid_1777100",
        "jid_1776675",
        "jid_1777079",
        "jid_1776692",
        "jid_1776683",
        "jid_1776717",
        "jid_1776690",
        "jid_1776688",
        "jid_1776682",
        "jid_1776707",
        "jid_1776687",
        "jid_1776693",
        "jid_1776694",
        "jid_1776733",
        "jid_1776771",
        "jid_1776793",
        "jid_1776744",
        "jid_1777080",
        "jid_1776803",
        "jid_1776732",
        "jid_1777140",
        "jid_1777083",
        "jid_1776809",
        "jid_1777082",
        "jid_1776802",
        "jid_1776734",
        "jid_1776754",
        "jid_1777064",
        "jid_1776629",
        "jid_1776666",
        "jid_1776812",
        "jid_1776779",
        "jid_1776840",
        "jid_1776839",
        "jid_1776831",
        "jid_1776859",
        "jid_1776797",
        "jid_1776760",
        "jid_1776857",
        "jid_1776842",
        "jid_1776867",
        "jid_1776891",
        "jid_1776852",
        "jid_1776856",
        "jid_1776932",
        "jid_1776931",
        "jid_1776959",
        "jid_1776944",
        "jid_1776903",
        "jid_1777046",
        "jid_1776876",
        "jid_1776969",
        "jid_1777193",
        "jid_1776957",
        "jid_1776981",
        "jid_1776953",
        "jid_1776971",
        "jid_1777049",
        "jid_1777045",
        "jid_1777055",
        "jid_1777244",
        "jid_1777007",
        "jid_1776998",
        "jid_1777243",
        "jid_1777002",
        "jid_1777022",
        "jid_1777029",
        "jid_1776982",
        "jid_1776907",
        "jid_1777034",
        "jid_1777062",
        "jid_1777035",
        "jid_1777028",
        "jid_1777023",
        "jid_1777040",
        "jid_1776901",
        "jid_1777103",
        "jid_1776913",
        "jid_1777089",
        "jid_1777214",
        "jid_1777115",
        "jid_1777119",
        "jid_1777228",
        "jid_1777179",
        "jid_1777174",
        "jid_1777150",
        "jid_1777072",
        "jid_1777106",
        "jid_1777121",
        "jid_1777113",
        "jid_1795218",
        "jid_1765087",
        "jid_1833886",
        "jid_1765089",
        "jid_1795207",
        "jid_1796530",
        "jid_1767872",
        "jid_1765095",
        "jid_1801745",
        "jid_1801745",
        "jid_1801745",
        "jid_1765163",
        "jid_1765157",
        "jid_1765171",
        "jid_1765171",
        "jid_1765171",
        "jid_1765171",
        "jid_1765171",
        "jid_1765171",
        "jid_1765171",
        "jid_1765171",
        "jid_1765171",
        "jid_1765171",
        "jid_1765171",
        "jid_1765171",
        "jid_1765171",
        "jid_1765171",
        "jid_1765171",
        "jid_1765171",
        "jid_1765171",
        "jid_1765171",
        "jid_1765171",
        "jid_1765181",
        "jid_1765225",
        "jid_1765245",
        "jid_1778250",
        "jid_1795432",
        "jid_1801409",
        "jid_1796503",
        "jid_1765492",
        "jid_1796599",
        "jid_1796634",
        "jid_1777497",
        "jid_1818873",
        "jid_1806792",
        "jid_1810091",
        "jid_1818761",
        "jid_1806292",
        "jid_1777274",
        "jid_1770444",
        "jid_1777285",
        "jid_1777282",
        "jid_1777288",
        "jid_1777286",
        "jid_1777283",
        "jid_1777299",
        "jid_1777301",
        "jid_1777355",
        "jid_1777364",
        "jid_1777340",
        "jid_1777356",
        "jid_1777367",
        "jid_1777351",
        "jid_1777328",
        "jid_1777375",
        "jid_1777333",
        "jid_1777378",
        "jid_1777448",
        "jid_1777449",
        "jid_1777459",
        "jid_1777447",
        "jid_1777460",
        "jid_1777458",
        "jid_1777457",
        "jid_1777461",
        "jid_1777477",
        "jid_1777481",
        "jid_1777486",
        "jid_1777487",
        "jid_1777495",
        "jid_1777505",
        "jid_1777499",
        "jid_1777507",
        "jid_1777515",
        "jid_1777517",
        "jid_1777508",
        "jid_1777565",
        "jid_1777520",
        "jid_1777575",
        "jid_1777586",
        "jid_1777593",
        "jid_1777582",
        "jid_1777529",
        "jid_1777609",
        "jid_1777587",
        "jid_1777530",
        "jid_1772029",
        "jid_1777547",
        "jid_1777566",
        "jid_1777523",
        "jid_1777576",
        "jid_1777585",
        "jid_1777557",
        "jid_1777606",
        "jid_1777599",
        "jid_1777602",
        "jid_1777624",
        "jid_1777638",
        "jid_1777636",
        "jid_1777822",
        "jid_1777951",
        "jid_1777910",
        "jid_1777826",
        "jid_1777860",
        "jid_1777702",
        "jid_1777718",
        "jid_1777731",
        "jid_1777863",
        "jid_1777768",
        "jid_1777764",
        "jid_1777740",
        "jid_1777770",
        "jid_1777878",
        "jid_1777774",
        "jid_1777784",
        "jid_1777831",
        "jid_1777825",
        "jid_1777732",
        "jid_1777737",
        "jid_1777881",
        "jid_1777760",
        "jid_1777701",
        "jid_1777856",
        "jid_1778235",
        "jid_1777679",
        "jid_1777745",
        "jid_1777884",
        "jid_1777788",
        "jid_1777656",
        "jid_1777898",
        "jid_1777843",
        "jid_1777862",
        "jid_1777883",
        "jid_1777686",
        "jid_1777648",
        "jid_1777652",
        "jid_1777665",
        "jid_1777837",
        "jid_1777697",
        "jid_1777694",
        "jid_1777807",
        "jid_1777658",
        "jid_1777742",
        "jid_1777967",
        "jid_1777844",
        "jid_1777875",
        "jid_1778245",
        "jid_1777968",
        "jid_1777905",
        "jid_1777724",
        "jid_1777908",
        "jid_1777936",
        "jid_1777841",
        "jid_1778248",
        "jid_1777886",
        "jid_1777916",
        "jid_1777757",
        "jid_1777889",
        "jid_1777972",
        "jid_1777821",
        "jid_1777835",
        "jid_1777673",
        "jid_1777849",
        "jid_1777928",
        "jid_1777903",
        "jid_1777675",
        "jid_1777712",
        "jid_1778166",
        "jid_1777919",
        "jid_1777815",
        "jid_1777778",
        "jid_1777809",
        "jid_1777971",
        "jid_1777966",
        "jid_1777948",
        "jid_1777960",
        "jid_1777758",
        "jid_1777955",
        "jid_1777922",
        "jid_1777965",
        "jid_1777962",
        "jid_1777937",
        "jid_1778192",
        "jid_1778041",
        "jid_1777982",
        "jid_1778037",
        "jid_1778254",
        "jid_1778017",
        "jid_1778180",
        "jid_1778016",
        "jid_1778114",
        "jid_1778066",
        "jid_1777976",
        "jid_1778028",
        "jid_1777977",
        "jid_1778108",
        "jid_1778127",
        "jid_1778264",
        "jid_1778193",
        "jid_1778224",
        "jid_1778196",
        "jid_1778157",
        "jid_1777997",
        "jid_1778256",
        "jid_1778050",
        "jid_1778075",
        "jid_1778034",
        "jid_1778051",
        "jid_1778088",
        "jid_1778217",
        "jid_1778024",
        "jid_1778176",
        "jid_1778122",
        "jid_1778146",
        "jid_1778055",
        "jid_1778161",
        "jid_1778184",
        "jid_1778008",
        "jid_1778125",
        "jid_1778139",
        "jid_1778141",
        "jid_1778158",
        "jid_1778149",
        "jid_1778220",
        "jid_1778118",
        "jid_1778172",
        "jid_1778130",
        "jid_1778117",
        "jid_1778052",
        "jid_1778013",
        "jid_1778131",
        "jid_1778019",
        "jid_1778056",
        "jid_1778167",
        "jid_1778257",
        "jid_1778188",
        "jid_1778018",
        "jid_1778276",
        "jid_1778271",
        "jid_1778267",
        "jid_1778293",
        "jid_1778287",
        "jid_1778279",
        "jid_1778329",
        "jid_1778343",
        "jid_1778348",
        "jid_1778318",
        "jid_1779010",
        "jid_1778311",
        "jid_1778306",
        "jid_1778334",
        "jid_1778686",
        "jid_1778323",
        "jid_1778330",
        "jid_1778381",
        "jid_1778369",
        "jid_1778401",
        "jid_1778434",
        "jid_1778437",
        "jid_1778303",
        "jid_1778399",
        "jid_1778353",
        "jid_1778393",
        "jid_1778344",
        "jid_1778719",
        "jid_1778332",
        "jid_1778297",
        "jid_1778431",
        "jid_1778346",
        "jid_1778356",
        "jid_1778402",
        "jid_1778435",
        "jid_1778316",
        "jid_1778428",
        "jid_1778350",
        "jid_1778379",
        "jid_1778438",
        "jid_1778363",
        "jid_1778415",
        "jid_1778364",
        "jid_1778373",
        "jid_1778422",
        "jid_1778425",
        "jid_1778430",
        "jid_1778603",
        "jid_1778629",
        "jid_1778482",
        "jid_1778594",
        "jid_1778507",
        "jid_1778508",
        "jid_1778517",
        "jid_1778510",
        "jid_1778487",
        "jid_1778625",
        "jid_1778513",
        "jid_1778468",
        "jid_1778676",
        "jid_1778540",
        "jid_1778572",
        "jid_1778605",
        "jid_1778546",
        "jid_1778592",
        "jid_1778671",
        "jid_1778547",
        "jid_1778700",
        "jid_1778627",
        "jid_1778657",
        "jid_1778640",
        "jid_1778653",
        "jid_1778478",
        "jid_1778616",
        "jid_1778551",
        "jid_1778596",
        "jid_1778586",
        "jid_1778471",
        "jid_1778617",
        "jid_1778587",
        "jid_1778644",
        "jid_1778504",
        "jid_1778673",
        "jid_1778626",
        "jid_1778645",
        "jid_1778575",
        "jid_1778672",
        "jid_1778597",
        "jid_1778467",
        "jid_1778534",
        "jid_1778553",
        "jid_1778536",
        "jid_1778635",
        "jid_1778684",
        "jid_1778682",
        "jid_1778649",
        "jid_1778715",
        "jid_1778576",
        "jid_1778565",
        "jid_1778568",
        "jid_1778558",
        "jid_1778567",
        "jid_1778571",
        "jid_1778562",
        "jid_1778753",
        "jid_1778752",
        "jid_1778750",
        "jid_1778747",
        "jid_1778779",
        "jid_1778733",
        "jid_1778796",
        "jid_1778761",
        "jid_1778814",
        "jid_1778765",
        "jid_1778879",
        "jid_1778931",
        "jid_1778845",
        "jid_1778800",
        "jid_1778874",
        "jid_1778944",
        "jid_1778853",
        "jid_1778977",
        "jid_1778766",
        "jid_1778856",
        "jid_1778815",
        "jid_1778902",
        "jid_1778857",
        "jid_1778946",
        "jid_1778830",
        "jid_1778872",
        "jid_1778918",
        "jid_1778917",
        "jid_1778820",
        "jid_1778876",
        "jid_1778956",
        "jid_1778758",
        "jid_1778778",
        "jid_1778957",
        "jid_1777415",
        "jid_1778988",
        "jid_1779013",
        "jid_1777415",
        "jid_1777415",
        "jid_1778730",
        "jid_1778809",
        "jid_1778728",
        "jid_1777415",
        "jid_1778986",
        "jid_1778910",
        "jid_1778875",
        "jid_1778736",
        "jid_1778990",
        "jid_1778998",
        "jid_1778906",
        "jid_1778984",
        "jid_1778832",
        "jid_1779072",
        "jid_1778816",
        "jid_1778855",
        "jid_1778969",
        "jid_1778967",
        "jid_1778748",
        "jid_1778817",
        "jid_1778933",
        "jid_1778880",
        "jid_1778869",
        "jid_1779047",
        "jid_1779046",
        "jid_1779026",
        "jid_1779045",
        "jid_1779219",
        "jid_1779068",
        "jid_1779027",
        "jid_1779204",
        "jid_1779094",
        "jid_1779160",
        "jid_1779166",
        "jid_1779178",
        "jid_1779168",
        "jid_1779113",
        "jid_1779147",
        "jid_1779287",
        "jid_1779143",
        "jid_1779282",
        "jid_1779119",
        "jid_1779164",
        "jid_1779155",
        "jid_1779784",
        "jid_1779101",
        "jid_1779118",
        "jid_1779116",
        "jid_1779172",
        "jid_1779173",
        "jid_1779150",
        "jid_1779186",
        "jid_1779202",
        "jid_1779149",
        "jid_1779107",
        "jid_1779122",
        "jid_1779181",
        "jid_1779215",
        "jid_1779217",
        "jid_1779207",
        "jid_1779212",
        "jid_1779266",
        "jid_1779243",
        "jid_1779270",
        "jid_1779246",
        "jid_1779263",
        "jid_1779255",
        "jid_1779238",
        "jid_1779291",
        "jid_1779254",
        "jid_1779495",
        "jid_1779447",
        "jid_1779315",
        "jid_1779693",
        "jid_1779323",
        "jid_1779427",
        "jid_1779360",
        "jid_1779345",
        "jid_1779324",
        "jid_1779354",
        "jid_1779695",
        "jid_1779342",
        "jid_1779289",
        "jid_1779359",
        "jid_1779705",
        "jid_1779412",
        "jid_1779465",
        "jid_1779477",
        "jid_1779446",
        "jid_1779352",
        "jid_1779537",
        "jid_1779393",
        "jid_1779305",
        "jid_1779492",
        "jid_1779480",
        "jid_1779457",
        "jid_1779422",
        "jid_1779716",
        "jid_1779538",
        "jid_1779484",
        "jid_1779470",
        "jid_1779297",
        "jid_1779430",
        "jid_1779379",
        "jid_1779387",
        "jid_1779489",
        "jid_1779549",
        "jid_1779547",
        "jid_1779524",
        "jid_1779340",
        "jid_1779375",
        "jid_1779337",
        "jid_1779304",
        "jid_1779478",
        "jid_1779619",
        "jid_1779589",
        "jid_1779783",
        "jid_1779603",
        "jid_1779573",
        "jid_1779637",
        "jid_1779605",
        "jid_1779640",
        "jid_1779618",
        "jid_1779565",
        "jid_1779643",
        "jid_1779636",
        "jid_1779571",
        "jid_1779631",
        "jid_1779590",
        "jid_1779597",
        "jid_1779588",
        "jid_1779781",
        "jid_1779583",
        "jid_1779566",
        "jid_1779623",
        "jid_1779671",
        "jid_1779764",
        "jid_1779713",
        "jid_1779750",
        "jid_1779736",
        "jid_1779765",
        "jid_1779778",
        "jid_1779752",
        "jid_1779780",
        "jid_1779711",
        "jid_1779717",
        "jid_1779768",
        "jid_1779777",
        "jid_1779960",
        "jid_1779740",
        "jid_1779737",
        "jid_1779754",
        "jid_1779852",
        "jid_1779759",
        "jid_1779825",
        "jid_1779893",
        "jid_1779811",
        "jid_1779822",
        "jid_1779800",
        "jid_1779812",
        "jid_1779818",
        "jid_1780025",
        "jid_1779887",
        "jid_1779900",
        "jid_1779842",
        "jid_1779850",
        "jid_1779837",
        "jid_1780519",
        "jid_1779843",
        "jid_1779910",
        "jid_1779878",
        "jid_1779877",
        "jid_1779907",
        "jid_1779911",
        "jid_1779866",
        "jid_1780331",
        "jid_1779880",
        "jid_1779905",
        "jid_1779909",
        "jid_1779931",
        "jid_1779864",
        "jid_1779894",
        "jid_1779884",
        "jid_1780056",
        "jid_1779859",
        "jid_1779829",
        "jid_1779898",
        "jid_1779840",
        "jid_1779912",
        "jid_1779892",
        "jid_1779921",
        "jid_1780462",
        "jid_1779943",
        "jid_1779949",
        "jid_1779944",
        "jid_1779969",
        "jid_1779963",
        "jid_1780007",
        "jid_1780009",
        "jid_1780034",
        "jid_1780020",
        "jid_1780023",
        "jid_1780042",
        "jid_1780285",
        "jid_1780054",
        "jid_1779988",
        "jid_1780003",
        "jid_1780000",
        "jid_1780072",
        "jid_1780036",
        "jid_1780037",
        "jid_1780039",
        "jid_1780030",
        "jid_1779994",
        "jid_1780520",
        "jid_1780079",
        "jid_1780194",
        "jid_1780129",
        "jid_1780526",
        "jid_1780281",
        "jid_1780221",
        "jid_1780318",
        "jid_1780262",
        "jid_1780076",
        "jid_1780083",
        "jid_1780089",
        "jid_1780786",
        "jid_1780085",
        "jid_1780098",
        "jid_1780104",
        "jid_1780121",
        "jid_1780119",
        "jid_1780096",
        "jid_1780587",
        "jid_1780502",
        "jid_1780819",
        "jid_1780183",
        "jid_1780137",
        "jid_1780527",
        "jid_1780282",
        "jid_1780136",
        "jid_1780172",
        "jid_1780258",
        "jid_1780195",
        "jid_1780191",
        "jid_1780290",
        "jid_1780350",
        "jid_1780174",
        "jid_1780284",
        "jid_1780283",
        "jid_1780212",
        "jid_1780277",
        "jid_1780217",
        "jid_1780151",
        "jid_1780311",
        "jid_1780634",
        "jid_1780178",
        "jid_1780165",
        "jid_1780162",
        "jid_1780269",
        "jid_1780310",
        "jid_1780292",
        "jid_1780190",
        "jid_1780822",
        "jid_1780357",
        "jid_1780366",
        "jid_1780312",
        "jid_1780336",
        "jid_1780339",
        "jid_1780257",
        "jid_1780354",
        "jid_1780359",
        "jid_1778274",
        "jid_1778274",
        "jid_1778274",
        "jid_1778274",
        "jid_1780260",
        "jid_1780301",
        "jid_1780347",
        "jid_1780114",
        "jid_1780894",
        "jid_1780494",
        "jid_1780413",
        "jid_1780418",
        "jid_1780427",
        "jid_1780512",
        "jid_1780504",
        "jid_1780516",
        "jid_1780750",
        "jid_1780493",
        "jid_1780499",
        "jid_1780501",
        "jid_1780395",
        "jid_1780454",
        "jid_1780449",
        "jid_1780515",
        "jid_1780496",
        "jid_1780489",
        "jid_1780511",
        "jid_1780766",
        "jid_1780884",
        "jid_1780459",
        "jid_1780438",
        "jid_1780670",
        "jid_1780600",
        "jid_1780637",
        "jid_1780621",
        "jid_1780730",
        "jid_1780790",
        "jid_1780545",
        "jid_1780681",
        "jid_1780794",
        "jid_1780542",
        "jid_1780878",
        "jid_1780788",
        "jid_1780568",
        "jid_1780789",
        "jid_1780666",
        "jid_1780628",
        "jid_1780636",
        "jid_1780880",
        "jid_1780737",
        "jid_1780651",
        "jid_1780708",
        "jid_1781467",
        "jid_1780607",
        "jid_1781386",
        "jid_1780630",
        "jid_1780695",
        "jid_1780727",
        "jid_1780649",
        "jid_1780883",
        "jid_1780633",
        "jid_1780644",
        "jid_1780656",
        "jid_1780646",
        "jid_1780703",
        "jid_1780643",
        "jid_1780572",
        "jid_1780605",
        "jid_1780653",
        "jid_1780631",
        "jid_1780575",
        "jid_1780800",
        "jid_1780949",
        "jid_1780796",
        "jid_1780773",
        "jid_1780806",
        "jid_1780844",
        "jid_1780896",
        "jid_1780779",
        "jid_1780912",
        "jid_1780854",
        "jid_1780858",
        "jid_1780970",
        "jid_1780852",
        "jid_1780957",
        "jid_1780824",
        "jid_1780825",
        "jid_1780826",
        "jid_1777422",
        "jid_1777421",
        "jid_1780813",
        "jid_1780772",
        "jid_1780767",
        "jid_1780898",
        "jid_1780920",
        "jid_1780905",
        "jid_1780922",
        "jid_1780891",
        "jid_1780893",
        "jid_1780935",
        "jid_1780925",
        "jid_1780908",
        "jid_1780940",
        "jid_1780918",
        "jid_1780937",
        "jid_1780889",
        "jid_1781066",
        "jid_1781657",
        "jid_1781037",
        "jid_1781042",
        "jid_1780985",
        "jid_1781005",
        "jid_1781076",
        "jid_1781000",
        "jid_1781599",
        "jid_1781015",
        "jid_1781470",
        "jid_1780965",
        "jid_1781407",
        "jid_1780967",
        "jid_1781001",
        "jid_1781014",
        "jid_1781079",
        "jid_1781164",
        "jid_1781086",
        "jid_1781144",
        "jid_1781168",
        "jid_1781110",
        "jid_1781154",
        "jid_1781124",
        "jid_1781112",
        "jid_1781033",
        "jid_1781642",
        "jid_1781135",
        "jid_1781068",
        "jid_1781153",
        "jid_1781078",
        "jid_1781159",
        "jid_1781170",
        "jid_1781169",
        "jid_1781200",
        "jid_1781176",
        "jid_1781061",
        "jid_1781188",
        "jid_1781099",
        "jid_1781215",
        "jid_1781217",
        "jid_1781090",
        "jid_1781114",
        "jid_1781098",
        "jid_1780973",
        "jid_1781201",
        "jid_1781206",
        "jid_1780977",
        "jid_1781189",
        "jid_1781308",
        "jid_1781311",
        "jid_1781294",
        "jid_1781293",
        "jid_1781931",
        "jid_1781248",
        "jid_1781263",
        "jid_1781327",
        "jid_1781315",
        "jid_1781375",
        "jid_1781360",
        "jid_1781358",
        "jid_1781347",
        "jid_1781819",
        "jid_1781828",
        "jid_1781486",
        "jid_1781515",
        "jid_1781261",
        "jid_1781427",
        "jid_1781472",
        "jid_1781833",
        "jid_1781480",
        "jid_1781350",
        "jid_1781423",
        "jid_1781252",
        "jid_1781449",
        "jid_1781455",
        "jid_1781518",
        "jid_1781557",
        "jid_1781477",
        "jid_1781479",
        "jid_1781560",
        "jid_1781502",
        "jid_1781287",
        "jid_1781602",
        "jid_1781535",
        "jid_1781634",
        "jid_1781607",
        "jid_1781593",
        "jid_1781559",
        "jid_1781341",
        "jid_1781545",
        "jid_1781412",
        "jid_1781514",
        "jid_1781623",
        "jid_1781870",
        "jid_1781369",
        "jid_1781376",
        "jid_1781286",
        "jid_1781270",
        "jid_1781647",
        "jid_1781525",
        "jid_1781516",
        "jid_1781605",
        "jid_1781615",
        "jid_1781654",
        "jid_1781524",
        "jid_1781508",
        "jid_1781850",
        "jid_1781534",
        "jid_1781443",
        "jid_1781556",
        "jid_1781861",
        "jid_1781487",
        "jid_1781617",
        "jid_1781494",
        "jid_1781539",
        "jid_1781495",
        "jid_1781569",
        "jid_1781456",
        "jid_1781463",
        "jid_1781464",
        "jid_1781322",
        "jid_1781316",
        "jid_1781342",
        "jid_1781526",
        "jid_1781395",
        "jid_1781705",
        "jid_1781700",
        "jid_1781703",
        "jid_1781761",
        "jid_1781768",
        "jid_1782035",
        "jid_1781669",
        "jid_1781710",
        "jid_1781943",
        "jid_1781714",
        "jid_1781725",
        "jid_1781737",
        "jid_1781715",
        "jid_1781735",
        "jid_1781821",
        "jid_1781791",
        "jid_1781940",
        "jid_1781775",
        "jid_1781809",
        "jid_1781812",
        "jid_1781721",
        "jid_1781771",
        "jid_1781944",
        "jid_1781807",
        "jid_1781786",
        "jid_1781901",
        "jid_1781742",
        "jid_1781689",
        "jid_1781744",
        "jid_1781863",
        "jid_1781779",
        "jid_1781738",
        "jid_1781739",
        "jid_1781800",
        "jid_1781776",
        "jid_1781783",
        "jid_1781750",
        "jid_1781698",
        "jid_1781695",
        "jid_1781891",
        "jid_1781888",
        "jid_1781899",
        "jid_1781898",
        "jid_1781864",
        "jid_1781885",
        "jid_1781856",
        "jid_1781907",
        "jid_1781897",
        "jid_1781914",
        "jid_1781875",
        "jid_1781882",
        "jid_1781872",
        "jid_1781984",
        "jid_1781965",
        "jid_1781994",
        "jid_1781970",
        "jid_1781971",
        "jid_1781989",
        "jid_1782006",
        "jid_1782004",
        "jid_1782002",
        "jid_1781977",
        "jid_1781956",
        "jid_1782007",
        "jid_1782151",
        "jid_1782117",
        "jid_1782111",
        "jid_1782145",
        "jid_1782155",
        "jid_1782079",
        "jid_1782026",
        "jid_1782024",
        "jid_1782081",
        "jid_1782022",
        "jid_1782098",
        "jid_1782148",
        "jid_1782164",
        "jid_1782047",
        "jid_1782109",
        "jid_1782040",
        "jid_1782038",
        "jid_1782104",
        "jid_1782093",
        "jid_1782064",
        "jid_1782073",
        "jid_1782115",
        "jid_1782107",
        "jid_1782105",
        "jid_1782110",
        "jid_1782465",
        "jid_1782050",
        "jid_1782062",
        "jid_1782071",
        "jid_1782247",
        "jid_1782275",
        "jid_1782276",
        "jid_1782298",
        "jid_1782174",
        "jid_1782233",
        "jid_1782176",
        "jid_1782412",
        "jid_1782181",
        "jid_1782171",
        "jid_1782269",
        "jid_1782345",
        "jid_1782270",
        "jid_1782313",
        "jid_1782257",
        "jid_1782261",
        "jid_1782691",
        "jid_1782256",
        "jid_1782250",
        "jid_1782264",
        "jid_1782329",
        "jid_1782310",
        "jid_1782338",
        "jid_1782336",
        "jid_1782273",
        "jid_1782353",
        "jid_1782493",
        "jid_1782419",
        "jid_1782286",
        "jid_1782696",
        "jid_1782454",
        "jid_1782225",
        "jid_1782498",
        "jid_1782442",
        "jid_1782417",
        "jid_1782389",
        "jid_1782344",
        "jid_1782461",
        "jid_1782355",
        "jid_1782721",
        "jid_1782397",
        "jid_1782374",
        "jid_1782192",
        "jid_1782395",
        "jid_1782384",
        "jid_1782508",
        "jid_1782482",
        "jid_1782394",
        "jid_1782254",
        "jid_1782393",
        "jid_1782469",
        "jid_1782266",
        "jid_1782509",
        "jid_1782471",
        "jid_1782433",
        "jid_1782507",
        "jid_1782406",
        "jid_1782483",
        "jid_1782416",
        "jid_1782447",
        "jid_1782436",
        "jid_1782236",
        "jid_1782686",
        "jid_1782719",
        "jid_1782245",
        "jid_1782354",
        "jid_1782424",
        "jid_1782403",
        "jid_1782499",
        "jid_1782367",
        "jid_1782232",
        "jid_1782504",
        "jid_1782224",
        "jid_1782216",
        "jid_1782415",
        "jid_1782745",
        "jid_1782521",
        "jid_1782526",
        "jid_1782597",
        "jid_1782650",
        "jid_1782681",
        "jid_1782685",
        "jid_1782649",
        "jid_1782668",
        "jid_1782622",
        "jid_1782529",
        "jid_1782554",
        "jid_1782527",
        "jid_1782560",
        "jid_1782571",
        "jid_1782759",
        "jid_1782567",
        "jid_1782566",
        "jid_1782692",
        "jid_1782600",
        "jid_1782688",
        "jid_1782584",
        "jid_1782570",
        "jid_1782577",
        "jid_1782576",
        "jid_1782523",
        "jid_1782838",
        "jid_1782637",
        "jid_1782746",
        "jid_1782803",
        "jid_1782539",
        "jid_1782796",
        "jid_1782687",
        "jid_1782667",
        "jid_1782659",
        "jid_1782792",
        "jid_1782677",
        "jid_1782663",
        "jid_1782645",
        "jid_1782537",
        "jid_1782795",
        "jid_1782633",
        "jid_1782738",
        "jid_1782656",
        "jid_1782609",
        "jid_1782768",
        "jid_1782786",
        "jid_1782535",
        "jid_1782664",
        "jid_1782710",
        "jid_1782875",
        "jid_1782713",
        "jid_1782760",
        "jid_1782709",
        "jid_1782726",
        "jid_1782826",
        "jid_1782832",
        "jid_1782836",
        "jid_1782806",
        "jid_1782805",
        "jid_1782773",
        "jid_1782764",
        "jid_1782769",
        "jid_1782789",
        "jid_1782829",
        "jid_1782850",
        "jid_1782820",
        "jid_1782828",
        "jid_1782846",
        "jid_1782881",
        "jid_1782777",
        "jid_1782815",
        "jid_1782864",
        "jid_1782886",
        "jid_1782882",
        "jid_1782884",
        "jid_1782897",
        "jid_1782898",
        "jid_1782902",
        "jid_1782903",
        "jid_1782915",
        "jid_1782931",
        "jid_1783002",
        "jid_1783240",
        "jid_1782979",
        "jid_1782995",
        "jid_1782981",
        "jid_1783022",
        "jid_1783276",
        "jid_1782972",
        "jid_1782987",
        "jid_1782996",
        "jid_1782984",
        "jid_1783000",
        "jid_1782974",
        "jid_1783302",
        "jid_1783015",
        "jid_1783032",
        "jid_1783344",
        "jid_1782982",
        "jid_1782955",
        "jid_1782977",
        "jid_1782939",
        "jid_1782959",
        "jid_1783011",
        "jid_1783078",
        "jid_1783092",
        "jid_1783107",
        "jid_1783090",
        "jid_1783035",
        "jid_1783178",
        "jid_1783113",
        "jid_1783064",
        "jid_1783365",
        "jid_1783156",
        "jid_1783173",
        "jid_1783088",
        "jid_1783042",
        "jid_1783046",
        "jid_1783163",
        "jid_1783075",
        "jid_1783038",
        "jid_1783084",
        "jid_1783028",
        "jid_1783188",
        "jid_1783129",
        "jid_1783050",
        "jid_1783152",
        "jid_1783130",
        "jid_1783141",
        "jid_1783114",
        "jid_1783195",
        "jid_1783105",
        "jid_1783123",
        "jid_1783081",
        "jid_1783210",
        "jid_1783055",
        "jid_1783205",
        "jid_1783040",
        "jid_1783063",
        "jid_1783362",
        "jid_1783101",
        "jid_1783239",
        "jid_1783200",
        "jid_1783371",
        "jid_1783236",
        "jid_1783372",
        "jid_1783168",
        "jid_1783230",
        "jid_1783241",
        "jid_1783259",
        "jid_1783263",
        "jid_1783293",
        "jid_1783249",
        "jid_1783393",
        "jid_1783254",
        "jid_1783391",
        "jid_1783280",
        "jid_1783315",
        "jid_1783290",
        "jid_1783395",
        "jid_1783304",
        "jid_1783324",
        "jid_1783274",
        "jid_1783300",
        "jid_1783309",
        "jid_1783312",
        "jid_1783247",
        "jid_1783295",
        "jid_1783335",
        "jid_1783401",
        "jid_1783402",
        "jid_1783322",
        "jid_1783343",
        "jid_1783314",
        "jid_1783255",
        "jid_1783319",
        "jid_1783377",
        "jid_1783383",
        "jid_1783361",
        "jid_1783379",
        "jid_1783373",
        "jid_1783421",
        "jid_1783448",
        "jid_1783502",
        "jid_1783470",
        "jid_1783518",
        "jid_1783453",
        "jid_1783467",
        "jid_1783432",
        "jid_1783456",
        "jid_1783523",
        "jid_1783462",
        "jid_1783444",
        "jid_1783496",
        "jid_1783489",
        "jid_1783460",
        "jid_1783520",
        "jid_1783478",
        "jid_1783425",
        "jid_1783412",
        "jid_1783416",
        "jid_1783506",
        "jid_1783540",
        "jid_1783587",
        "jid_1783567",
        "jid_1783605",
        "jid_1783601",
        "jid_1783577",
        "jid_1783626",
        "jid_1784143",
        "jid_1783611",
        "jid_1783705",
        "jid_1783661",
        "jid_1783711",
        "jid_1783655",
        "jid_1784118",
        "jid_1783726",
        "jid_1783750",
        "jid_1783544",
        "jid_1783696",
        "jid_1783676",
        "jid_1783663",
        "jid_1783757",
        "jid_1783688",
        "jid_1783621",
        "jid_1784137",
        "jid_1783603",
        "jid_1783674",
        "jid_1784147",
        "jid_1784140",
        "jid_1783547",
        "jid_1783761",
        "jid_1784135",
        "jid_1783662",
        "jid_1783814",
        "jid_1783763",
        "jid_1783837",
        "jid_1784076",
        "jid_1783740",
        "jid_1783657",
        "jid_1783654",
        "jid_1783865",
        "jid_1783702",
        "jid_1783965",
        "jid_1783633",
        "jid_1783584",
        "jid_1783590",
        "jid_1784128",
        "jid_1783573",
        "jid_1783823",
        "jid_1783892",
        "jid_1783879",
        "jid_1783928",
        "jid_1783598",
        "jid_1783781",
        "jid_1783873",
        "jid_1783990",
        "jid_1784001",
        "jid_1777439",
        "jid_1783884",
        "jid_1783773",
        "jid_1783945",
        "jid_1783707",
        "jid_1783783",
        "jid_1783792",
        "jid_1784626",
        "jid_1783798",
        "jid_1783931",
        "jid_1783901",
        "jid_1784146",
        "jid_1783776",
        "jid_1783822",
        "jid_1783918",
        "jid_1784006",
        "jid_1783961",
        "jid_1783861",
        "jid_1783939",
        "jid_1783887",
        "jid_1783969",
        "jid_1783960",
        "jid_1783944",
        "jid_1783973",
        "jid_1783987",
        "jid_1783899",
        "jid_1783830",
        "jid_1784163",
        "jid_1783863",
        "jid_1783868",
        "jid_1783882",
        "jid_1783852",
        "jid_1784068",
        "jid_1784000",
        "jid_1783998",
        "jid_1784063",
        "jid_1784041",
        "jid_1783976",
        "jid_1784026",
        "jid_1784012",
        "jid_1784088",
        "jid_1784028",
        "jid_1784031",
        "jid_1784017",
        "jid_1784091",
        "jid_1784086",
        "jid_1784057",
        "jid_1784052",
        "jid_1783942",
        "jid_1783930",
        "jid_1784104",
        "jid_1783929",
        "jid_1784098",
        "jid_1784051",
        "jid_1784113",
        "jid_1784623",
        "jid_1784120",
        "jid_1784224",
        "jid_1784124",
        "jid_1784117",
        "jid_1784126",
        "jid_1784214",
        "jid_1784070",
        "jid_1784169",
        "jid_1784165",
        "jid_1784159",
        "jid_1784171",
        "jid_1784161",
        "jid_1784615",
        "jid_1784586",
        "jid_1784282",
        "jid_1784219",
        "jid_1784246",
        "jid_1784396",
        "jid_1784302",
        "jid_1784788",
        "jid_1784747",
        "jid_1784265",
        "jid_1784327",
        "jid_1784350",
        "jid_1784394",
        "jid_1784521",
        "jid_1784359",
        "jid_1784743",
        "jid_1784316",
        "jid_1784753",
        "jid_1784366",
        "jid_1784298",
        "jid_1784250",
        "jid_1784387",
        "jid_1784504",
        "jid_1788309",
        "jid_1784344",
        "jid_1784448",
        "jid_1784537",
        "jid_1784726",
        "jid_1784229",
        "jid_1784272",
        "jid_1784274",
        "jid_1784402",
        "jid_1784257",
        "jid_1784295",
        "jid_1784748",
        "jid_1784734",
        "jid_1784348",
        "jid_1784604",
        "jid_1784455",
        "jid_1784576",
        "jid_1784535",
        "jid_1784204",
        "jid_1784772",
        "jid_1784606",
        "jid_1784181",
        "jid_1784727",
        "jid_1785010",
        "jid_1784416",
        "jid_1784198",
        "jid_1784475",
        "jid_1784510",
        "jid_1784769",
        "jid_1784385",
        "jid_1784370",
        "jid_1784437",
        "jid_1784411",
        "jid_1784527",
        "jid_1784245",
        "jid_1784454",
        "jid_1784186",
        "jid_1784182",
        "jid_1784574",
        "jid_1784188",
        "jid_1784276",
        "jid_1784560",
        "jid_1784207",
        "jid_1784569",
        "jid_1784600",
        "jid_1784732",
        "jid_1784565",
        "jid_1784502",
        "jid_1784461",
        "jid_1784187",
        "jid_1784777",
        "jid_1784572",
        "jid_1784199",
        "jid_1784185",
        "jid_1784610",
        "jid_1784607",
        "jid_1784474",
        "jid_1784376",
        "jid_1784528",
        "jid_1784651",
        "jid_1784660",
        "jid_1784671",
        "jid_1784694",
        "jid_1784705",
        "jid_1784681",
        "jid_1784680",
        "jid_1784653",
        "jid_1784685",
        "jid_1784689",
        "jid_1784679",
        "jid_1784655",
        "jid_1784731",
        "jid_1784710",
        "jid_1784700",
        "jid_1784701",
        "jid_1784656",
        "jid_1784677",
        "jid_1784647",
        "jid_1784627",
        "jid_1784696",
        "jid_1784795",
        "jid_1784818",
        "jid_1784836",
        "jid_1784845",
        "jid_1785190",
        "jid_1784837",
        "jid_1784828",
        "jid_1784853",
        "jid_1784806",
        "jid_1784910",
        "jid_1784921",
        "jid_1784924",
        "jid_1784931",
        "jid_1784804",
        "jid_1784920",
        "jid_1784951",
        "jid_1784849",
        "jid_1784900",
        "jid_1784873",
        "jid_1784856",
        "jid_1784902",
        "jid_1784889",
        "jid_1784963",
        "jid_1784941",
        "jid_1784838",
        "jid_1784799",
        "jid_1784904",
        "jid_1784964",
        "jid_1784969",
        "jid_1784972",
        "jid_1784980",
        "jid_1784967",
        "jid_1784995",
        "jid_1784999",
        "jid_1784925",
        "jid_1784895",
        "jid_1784957",
        "jid_1784974",
        "jid_1784813",
        "jid_1784815",
        "jid_1784968",
        "jid_1784857",
        "jid_1785196",
        "jid_1784805",
        "jid_1785151",
        "jid_1785018",
        "jid_1785180",
        "jid_1785007",
        "jid_1785012",
        "jid_1785008",
        "jid_1785042",
        "jid_1785241",
        "jid_1785015",
        "jid_1785071",
        "jid_1785043",
        "jid_1785036",
        "jid_1785127",
        "jid_1785047",
        "jid_1785055",
        "jid_1785244",
        "jid_1785103",
        "jid_1785051",
        "jid_1785045",
        "jid_1785136",
        "jid_1785705",
        "jid_1785091",
        "jid_1785243",
        "jid_1785057",
        "jid_1785114",
        "jid_1785101",
        "jid_1785093",
        "jid_1785073",
        "jid_1785086",
        "jid_1785134",
        "jid_1785144",
        "jid_1785069",
        "jid_1785059",
        "jid_1785108",
        "jid_1785048",
        "jid_1785000",
        "jid_1785078",
        "jid_1785102",
        "jid_1785113",
        "jid_1785106",
        "jid_1785003",
        "jid_1785153",
        "jid_1785138",
        "jid_1785117",
        "jid_1785035",
        "jid_1785109",
        "jid_1785037",
        "jid_1785197",
        "jid_1785105",
        "jid_1785167",
        "jid_1785187",
        "jid_1785175",
        "jid_1785177",
        "jid_1785122",
        "jid_1785174",
        "jid_1785223",
        "jid_1785220",
        "jid_1785571",
        "jid_1785219",
        "jid_1785268",
        "jid_1786079",
        "jid_1785279",
        "jid_1786071",
        "jid_1785343",
        "jid_1785314",
        "jid_1785251",
        "jid_1785318",
        "jid_1785367",
        "jid_1785313",
        "jid_1785360",
        "jid_1785348",
        "jid_1785323",
        "jid_1785326",
        "jid_1785701",
        "jid_1785380",
        "jid_1785338",
        "jid_1785374",
        "jid_1785400",
        "jid_1786096",
        "jid_1785389",
        "jid_1785550",
        "jid_1785560",
        "jid_1785422",
        "jid_1785453",
        "jid_1785402",
        "jid_1785481",
        "jid_1785448",
        "jid_1785466",
        "jid_1785430",
        "jid_1786090",
        "jid_1785576",
        "jid_1785411",
        "jid_1785449",
        "jid_1785357",
        "jid_1785454",
        "jid_1785482",
        "jid_1785477",
        "jid_1785426",
        "jid_1785515",
        "jid_1785641",
        "jid_1785334",
        "jid_1785303",
        "jid_1785575",
        "jid_1785474",
        "jid_1785498",
        "jid_1785512",
        "jid_1785646",
        "jid_1785554",
        "jid_1785573",
        "jid_1785615",
        "jid_1785519",
        "jid_1785336",
        "jid_1785266",
        "jid_1785520",
        "jid_1785517",
        "jid_1785324",
        "jid_1785651",
        "jid_1785351",
        "jid_1785643",
        "jid_1785638",
        "jid_1785690",
        "jid_1796610",
        "jid_1785602",
        "jid_1785672",
        "jid_1785682",
        "jid_1785306",
        "jid_1785635",
        "jid_1785532",
        "jid_1785558",
        "jid_1785551",
        "jid_1785521",
        "jid_1785588",
        "jid_1785606",
        "jid_1785699",
        "jid_1785537",
        "jid_1786663",
        "jid_1785694",
        "jid_1785754",
        "jid_1796620",
        "jid_1785814",
        "jid_1786309",
        "jid_1785926",
        "jid_1785815",
        "jid_1785779",
        "jid_1785743",
        "jid_1786024",
        "jid_1785823",
        "jid_1785995",
        "jid_1785957",
        "jid_1785894",
        "jid_1785825",
        "jid_1785768",
        "jid_1785729",
        "jid_1785829",
        "jid_1785684",
        "jid_1785831",
        "jid_1786578",
        "jid_1785631",
        "jid_1786310",
        "jid_1785773",
        "jid_1786322",
        "jid_1786253",
        "jid_1785818",
        "jid_1785704",
        "jid_1785802",
        "jid_1785839",
        "jid_1785688",
        "jid_1785874",
        "jid_1786347",
        "jid_1785861",
        "jid_1785677",
        "jid_1785977",
        "jid_1785944",
        "jid_1786396",
        "jid_1785819",
        "jid_1785860",
        "jid_1785880",
        "jid_1785912",
        "jid_1785845",
        "jid_1785921",
        "jid_1785943",
        "jid_1785700",
        "jid_1785811",
        "jid_1785962",
        "jid_1785725",
        "jid_1785984",
        "jid_1785734",
        "jid_1785902",
        "jid_1785857",
        "jid_1786026",
        "jid_1786039",
        "jid_1785801",
        "jid_1785999",
        "jid_1785723",
        "jid_1786032",
        "jid_1786022",
        "jid_1786985",
        "jid_1785969",
        "jid_1786027",
        "jid_1785911",
        "jid_1785923",
        "jid_1785972",
        "jid_1785935",
        "jid_1786399",
        "jid_1786410",
        "jid_1786034",
        "jid_1785736",
        "jid_1785979",
        "jid_1785994",
        "jid_1785932",
        "jid_1786268",
        "jid_1785981",
        "jid_1785961",
        "jid_1785947",
        "jid_1786383",
        "jid_1785925",
        "jid_1785795",
        "jid_1785959",
        "jid_1785952",
        "jid_1786045",
        "jid_1785816",
        "jid_1785906",
        "jid_1785853",
        "jid_1786485",
        "jid_1786307",
        "jid_1786046",
        "jid_1786069",
        "jid_1786477",
        "jid_1786060",
        "jid_1786094",
        "jid_1786146",
        "jid_1786195",
        "jid_1786122",
        "jid_1786187",
        "jid_1786155",
        "jid_1786167",
        "jid_1786157",
        "jid_1786201",
        "jid_1786198",
        "jid_1786191",
        "jid_1786281",
        "jid_1786238",
        "jid_1786197",
        "jid_1786287",
        "jid_1786532",
        "jid_1786546",
        "jid_1786148",
        "jid_1786219",
        "jid_1786269",
        "jid_1786258",
        "jid_1786211",
        "jid_1786255",
        "jid_1787080",
        "jid_1786262",
        "jid_1786246",
        "jid_1786213",
        "jid_1786215",
        "jid_1786164",
        "jid_1786173",
        "jid_1786226",
        "jid_1786237",
        "jid_1786540",
        "jid_1786188",
        "jid_1786108",
        "jid_1786249",
        "jid_1786270",
        "jid_1786359",
        "jid_1786476",
        "jid_1786265",
        "jid_1786783",
        "jid_1786424",
        "jid_1786408",
        "jid_1786331",
        "jid_1786927",
        "jid_1786418",
        "jid_1786367",
        "jid_1786349",
        "jid_1786340",
        "jid_1786433",
        "jid_1786348",
        "jid_1786378",
        "jid_1786366",
        "jid_1786403",
        "jid_1786420",
        "jid_1786425",
        "jid_1786429",
        "jid_1786363",
        "jid_1786319",
        "jid_1786395",
        "jid_1786426",
        "jid_1786486",
        "jid_1786507",
        "jid_1786522",
        "jid_1786533",
        "jid_1786491",
        "jid_1786496",
        "jid_1786537",
        "jid_1786480",
        "jid_1786569",
        "jid_1786502",
        "jid_1786499",
        "jid_1786504",
        "jid_1786647",
        "jid_1786628",
        "jid_1786602",
        "jid_1786786",
        "jid_1786594",
        "jid_1786566",
        "jid_1786690",
        "jid_1786571",
        "jid_1786698",
        "jid_1786622",
        "jid_1787121",
        "jid_1786551",
        "jid_1786734",
        "jid_1786695",
        "jid_1786754",
        "jid_1786646",
        "jid_1786694",
        "jid_1786765",
        "jid_1786812",
        "jid_1786692",
        "jid_1786747",
        "jid_1786733",
        "jid_1786741",
        "jid_1786768",
        "jid_1787450",
        "jid_1786638",
        "jid_1786801",
        "jid_1786661",
        "jid_1786793",
        "jid_1786701",
        "jid_1786607",
        "jid_1786639",
        "jid_1786769",
        "jid_1786826",
        "jid_1786619",
        "jid_1786677",
        "jid_1786699",
        "jid_1786682",
        "jid_1786658",
        "jid_1786633",
        "jid_1786624",
        "jid_1786716",
        "jid_1786649",
        "jid_1786730",
        "jid_1786767",
        "jid_1786671",
        "jid_1786636",
        "jid_1786645",
        "jid_1786700",
        "jid_1786883",
        "jid_1786755",
        "jid_1786892",
        "jid_1786838",
        "jid_1786729",
        "jid_1786822",
        "jid_1786667",
        "jid_1786735",
        "jid_1786708",
        "jid_1786847",
        "jid_1786554",
        "jid_1786577",
        "jid_1786874",
        "jid_1786897",
        "jid_1786703",
        "jid_1787498",
        "jid_1786967",
        "jid_1786894",
        "jid_1786713",
        "jid_1786688",
        "jid_1786960",
        "jid_1786907",
        "jid_1786928",
        "jid_1786921",
        "jid_1786625",
        "jid_1786938",
        "jid_1786909",
        "jid_1786817",
        "jid_1786888",
        "jid_1786878",
        "jid_1786943",
        "jid_1786926",
        "jid_1786617",
        "jid_1786762",
        "jid_1786983",
        "jid_1787024",
        "jid_1787028",
        "jid_1787036",
        "jid_1787139",
        "jid_1787010",
        "jid_1787345",
        "jid_1786644",
        "jid_1786973",
        "jid_1787571",
        "jid_1786991",
        "jid_1786930",
        "jid_1786932",
        "jid_1786830",
        "jid_1786993",
        "jid_1787056",
        "jid_1787052",
        "jid_1786986",
        "jid_1787043",
        "jid_1787020",
        "jid_1786978",
        "jid_1787467",
        "jid_1787122",
        "jid_1787136",
        "jid_1787097",
        "jid_1787095",
        "jid_1787227",
        "jid_1787162",
        "jid_1787055",
        "jid_1787919",
        "jid_1787129",
        "jid_1787300",
        "jid_1787994",
        "jid_1787420",
        "jid_1787289",
        "jid_1787205",
        "jid_1787293",
        "jid_1787260",
        "jid_1787291",
        "jid_1787204",
        "jid_1787244",
        "jid_1787351",
        "jid_1787231",
        "jid_1787854",
        "jid_1787245",
        "jid_1787229",
        "jid_1787241",
        "jid_1787248",
        "jid_1787873",
        "jid_1787163",
        "jid_1787209",
        "jid_1787222",
        "jid_1787198",
        "jid_1787279",
        "jid_1787332",
        "jid_1787216",
        "jid_1788305",
        "jid_1787274",
        "jid_1787194",
        "jid_1787465",
        "jid_1787126",
        "jid_1787178",
        "jid_1787170",
        "jid_1787142",
        "jid_1787106",
        "jid_1787370",
        "jid_1787140",
        "jid_1787271",
        "jid_1787270",
        "jid_1787283",
        "jid_1787060",
        "jid_1787368",
        "jid_1787304",
        "jid_1787813",
        "jid_1787404",
        "jid_1787127",
        "jid_1787868",
        "jid_1787429",
        "jid_1787299",
        "jid_1787247",
        "jid_1787131",
        "jid_1787355",
        "jid_1787422",
        "jid_1787413",
        "jid_1787110",
        "jid_1787371",
        "jid_1787334",
        "jid_1787791",
        "jid_1787402",
        "jid_1789274",
        "jid_1787935",
        "jid_1787852",
        "jid_1787173",
        "jid_1787357",
        "jid_1787361",
        "jid_1787436",
        "jid_1787330",
        "jid_1787406",
        "jid_1787387",
        "jid_1787324",
        "jid_1787192",
        "jid_1787197",
        "jid_1787272",
        "jid_1787235",
        "jid_1787472",
        "jid_1787578",
        "jid_1787566",
        "jid_1787602",
        "jid_1787544",
        "jid_1787587",
        "jid_1787570",
        "jid_1787655",
        "jid_1787553",
        "jid_1788088",
        "jid_1787643",
        "jid_1787497",
        "jid_1787510",
        "jid_1787911",
        "jid_1787290",
        "jid_1787523",
        "jid_1787308",
        "jid_1787317",
        "jid_1787460",
        "jid_1787639",
        "jid_1787591",
        "jid_1787662",
        "jid_1787656",
        "jid_1787696",
        "jid_1787669",
        "jid_1787677",
        "jid_1787612",
        "jid_1787611",
        "jid_1787430",
        "jid_1787692",
        "jid_1787634",
        "jid_1787536",
        "jid_1787666",
        "jid_1787703",
        "jid_1787461",
        "jid_1787647",
        "jid_1787678",
        "jid_1787416",
        "jid_1787480",
        "jid_1787670",
        "jid_1787627",
        "jid_1787626",
        "jid_1787484",
        "jid_1787614",
        "jid_1787403",
        "jid_1787648",
        "jid_1787476",
        "jid_1787632",
        "jid_1787499",
        "jid_1787667",
        "jid_1787598",
        "jid_1787716",
        "jid_1787697",
        "jid_1787713",
        "jid_1787574",
        "jid_1787712",
        "jid_1787607",
        "jid_1788005",
        "jid_1787717",
        "jid_1787718",
        "jid_1787728",
        "jid_1787726",
        "jid_1787870",
        "jid_1787747",
        "jid_1787766",
        "jid_1787644",
        "jid_1787770",
        "jid_1787721",
        "jid_1787762",
        "jid_1787751",
        "jid_1787790",
        "jid_1787801",
        "jid_1787811",
        "jid_1787819",
        "jid_1787795",
        "jid_1787785",
        "jid_1787764",
        "jid_1787860",
        "jid_1787754",
        "jid_1787833",
        "jid_1787768",
        "jid_1787800",
        "jid_1787755",
        "jid_1788253",
        "jid_1787776",
        "jid_1787823",
        "jid_1787895",
        "jid_1787830",
        "jid_1787909",
        "jid_1787954",
        "jid_1787977",
        "jid_1787892",
        "jid_1787975",
        "jid_1788022",
        "jid_1788039",
        "jid_1787966",
        "jid_1787974",
        "jid_1788012",
        "jid_1788027",
        "jid_1787901",
        "jid_1788335",
        "jid_1788059",
        "jid_1788041",
        "jid_1788016",
        "jid_1788055",
        "jid_1788060",
        "jid_1787965",
        "jid_1787827",
        "jid_1788004",
        "jid_1788031",
        "jid_1788090",
        "jid_1788352",
        "jid_1788052",
        "jid_1787969",
        "jid_1788047",
        "jid_1788057",
        "jid_1787952",
        "jid_1788043",
        "jid_1788341",
        "jid_1788072",
        "jid_1788079",
        "jid_1787853",
        "jid_1787959",
        "jid_1787867",
        "jid_1788109",
        "jid_1788176",
        "jid_1788207",
        "jid_1788105",
        "jid_1788149",
        "jid_1788131",
        "jid_1788117",
        "jid_1788129",
        "jid_1788130",
        "jid_1788145",
        "jid_1788113",
        "jid_1788125",
        "jid_1788196",
        "jid_1788190",
        "jid_1788242",
        "jid_1788560",
        "jid_1788677",
        "jid_1788569",
        "jid_1788648",
        "jid_1788384",
        "jid_1788211",
        "jid_1788153",
        "jid_1788204",
        "jid_1788199",
        "jid_1788243",
        "jid_1788193",
        "jid_1788191",
        "jid_1788232",
        "jid_1788223",
        "jid_1788604",
        "jid_1788157",
        "jid_1788155",
        "jid_1788164",
        "jid_1788158",
        "jid_1788174",
        "jid_1788250",
        "jid_1788154",
        "jid_1788247",
        "jid_1788292",
        "jid_1788261",
        "jid_1788742",
        "jid_1788262",
        "jid_1788270",
        "jid_1788740",
        "jid_1788326",
        "jid_1788268",
        "jid_1788336",
        "jid_1788297",
        "jid_1788267",
        "jid_1788754",
        "jid_1788302",
        "jid_1788312",
        "jid_1788311",
        "jid_1788291",
        "jid_1788399",
        "jid_1788394",
        "jid_1788472",
        "jid_1788440",
        "jid_1789122",
        "jid_1789104",
        "jid_1788488",
        "jid_1788484",
        "jid_1788594",
        "jid_1788612",
        "jid_1788508",
        "jid_1788463",
        "jid_1788480",
        "jid_1788572",
        "jid_1788438",
        "jid_1788482",
        "jid_1788446",
        "jid_1788626",
        "jid_1788511",
        "jid_1789029",
        "jid_1789013",
        "jid_1789010",
        "jid_1789031",
        "jid_1788412",
        "jid_1788475",
        "jid_1788421",
        "jid_1788519",
        "jid_1788492",
        "jid_1788647",
        "jid_1788540",
        "jid_1788479",
        "jid_1788454",
        "jid_1788392",
        "jid_1788371",
        "jid_1788646",
        "jid_1788894",
        "jid_1788391",
        "jid_1788619",
        "jid_1789182",
        "jid_1788668",
        "jid_1788654",
        "jid_1788898",
        "jid_1788587",
        "jid_1788584",
        "jid_1788570",
        "jid_1788375",
        "jid_1788533",
        "jid_1788358",
        "jid_1788365",
        "jid_1788613",
        "jid_1788379",
        "jid_1788404",
        "jid_1788377",
        "jid_1788681",
        "jid_1789264",
        "jid_1788620",
        "jid_1789174",
        "jid_1788676",
        "jid_1788706",
        "jid_1788728",
        "jid_1789260",
        "jid_1788691",
        "jid_1788710",
        "jid_1789143",
        "jid_1788700",
        "jid_1788716",
        "jid_1788692",
        "jid_1788715",
        "jid_1788751",
        "jid_1788707",
        "jid_1788733",
        "jid_1788757",
        "jid_1788723",
        "jid_1788847",
        "jid_1788860",
        "jid_1788808",
        "jid_1788804",
        "jid_1788776",
        "jid_1789293",
        "jid_1788852",
        "jid_1788815",
        "jid_1788828",
        "jid_1788934",
        "jid_1788883",
        "jid_1788925",
        "jid_1788862",
        "jid_1788869",
        "jid_1788956",
        "jid_1788965",
        "jid_1788914",
        "jid_1788910",
        "jid_1789032",
        "jid_1789397",
        "jid_1788937",
        "jid_1788951",
        "jid_1789023",
        "jid_1788870",
        "jid_1788871",
        "jid_1788935",
        "jid_1789024",
        "jid_1788926",
        "jid_1788880",
        "jid_1788885",
        "jid_1788866",
        "jid_1788945",
        "jid_1788954",
        "jid_1788905",
        "jid_1788953",
        "jid_1789026",
        "jid_1789001",
        "jid_1788875",
        "jid_1789270",
        "jid_1788795",
        "jid_1789005",
        "jid_1788977",
        "jid_1789448",
        "jid_1788841",
        "jid_1788943",
        "jid_1788812",
        "jid_1788975",
        "jid_1788963",
        "jid_1788786",
        "jid_1789288",
        "jid_1788817",
        "jid_1788959",
        "jid_1788793",
        "jid_1788787",
        "jid_1789021",
        "jid_1789015",
        "jid_1788784",
        "jid_1788837",
        "jid_1789099",
        "jid_1788960",
        "jid_1789119",
        "jid_1788930",
        "jid_1789080",
        "jid_1788836",
        "jid_1788895",
        "jid_1788990",
        "jid_1789114",
        "jid_1789030",
        "jid_1789153",
        "jid_1789526",
        "jid_1789095",
        "jid_1789138",
        "jid_1789196",
        "jid_1789072",
        "jid_1789155",
        "jid_1789135",
        "jid_1789199",
        "jid_1789118",
        "jid_1789108",
        "jid_1789082",
        "jid_1789165",
        "jid_1789150",
        "jid_1789297",
        "jid_1790057",
        "jid_1789207",
        "jid_1789126",
        "jid_1789056",
        "jid_1789200",
        "jid_1789066",
        "jid_1789185",
        "jid_1789073",
        "jid_1789562",
        "jid_1789621",
        "jid_1789616",
        "jid_1789096",
        "jid_1789093",
        "jid_1789116",
        "jid_1789242",
        "jid_1789141",
        "jid_1789247",
        "jid_1789170",
        "jid_1789054",
        "jid_1789162",
        "jid_1789577",
        "jid_1789210",
        "jid_1789159",
        "jid_1789152",
        "jid_1789204",
        "jid_1789618",
        "jid_1789177",
        "jid_1789256",
        "jid_1789163",
        "jid_1789209",
        "jid_1789614",
        "jid_1789255",
        "jid_1789257",
        "jid_1784616",
        "jid_1777496",
        "jid_1796581",
        "jid_1778461",
        "jid_1778722",
        "jid_1779197",
        "jid_1795478",
        "jid_1784493",
        "jid_1784561",
        "jid_1784525",
        "jid_1784757",
        "jid_1784531",
        "jid_1784432",
        "jid_1784587",
        "jid_1784427",
        "jid_1784598",
        "jid_1784591",
        "jid_1784484",
        "jid_1784255",
        "jid_1784472",
        "jid_1784268",
        "jid_1784308",
        "jid_1784266",
        "jid_1784221",
        "jid_1784251",
        "jid_1786049",
        "jid_1784211",
        "jid_1784719",
        "jid_1784232",
        "jid_1784238",
        "jid_1784226",
        "jid_1784243",
        "jid_1784267",
        "jid_1789290",
        "jid_1789292",
        "jid_1789378",
        "jid_1789310",
        "jid_1789327",
        "jid_1789382",
        "jid_1789333",
        "jid_1789374",
        "jid_1789342",
        "jid_1789427",
        "jid_1789436",
        "jid_1789332",
        "jid_1789314",
        "jid_1789373",
        "jid_1782916",
        "jid_1789283",
        "jid_1789377",
        "jid_1789492",
        "jid_1789384",
        "jid_1789510",
        "jid_1789590",
        "jid_1789567",
        "jid_1789539",
        "jid_1789551",
        "jid_1789535",
        "jid_1789532",
        "jid_1789564",
        "jid_1789592",
        "jid_1789583",
        "jid_1789593",
        "jid_1789597",
        "jid_1789931",
        "jid_1789921",
        "jid_1789471",
        "jid_1789585",
        "jid_1789482",
        "jid_1789528",
        "jid_1789550",
        "jid_1789481",
        "jid_1789439",
        "jid_1789493",
        "jid_1789390",
        "jid_1789527",
        "jid_1789557",
        "jid_1789545",
        "jid_1789504",
        "jid_1789434",
        "jid_1789414",
        "jid_1789272",
        "jid_1789284",
        "jid_1789571",
        "jid_1789271",
        "jid_1789494",
        "jid_1789628",
        "jid_1789679",
        "jid_1789755",
        "jid_1789749",
        "jid_1789663",
        "jid_1789831",
        "jid_1789924",
        "jid_1789839",
        "jid_1789665",
        "jid_1789655",
        "jid_1789745",
        "jid_1789808",
        "jid_1789834",
        "jid_1789799",
        "jid_1789699",
        "jid_1789760",
        "jid_1790312",
        "jid_1789670",
        "jid_1789691",
        "jid_1789696",
        "jid_1789728",
        "jid_1789735",
        "jid_1789712",
        "jid_1789685",
        "jid_1789713",
        "jid_1790889",
        "jid_1789780",
        "jid_1789761",
        "jid_1789711",
        "jid_1789837",
        "jid_1789855",
        "jid_1789861",
        "jid_1789782",
        "jid_1789790",
        "jid_1789865",
        "jid_1789787",
        "jid_1789726",
        "jid_1789849",
        "jid_1789772",
        "jid_1789847",
        "jid_1789827",
        "jid_1789636",
        "jid_1789777",
        "jid_1789801",
        "jid_1835027",
        "jid_1789830",
        "jid_1789871",
        "jid_1789853",
        "jid_1789811",
        "jid_1789974",
        "jid_1789995",
        "jid_1790036",
        "jid_1789957",
        "jid_1789948",
        "jid_1789880",
        "jid_1790374",
        "jid_1789829",
        "jid_1790030",
        "jid_1789949",
        "jid_1789952",
        "jid_1790022",
        "jid_1790024",
        "jid_1789983",
        "jid_1789993",
        "jid_1790905",
        "jid_1789964",
        "jid_1789965",
        "jid_1789996",
        "jid_1790004",
        "jid_1790069",
        "jid_1789968",
        "jid_1790068",
        "jid_1789985",
        "jid_1790019",
        "jid_1789987",
        "jid_1789998",
        "jid_1790045",
        "jid_1790013",
        "jid_1790058",
        "jid_1790427",
        "jid_1790073",
        "jid_1789900",
        "jid_1789917",
        "jid_1789922",
        "jid_1789895",
        "jid_1789934",
        "jid_1789906",
        "jid_1789910",
        "jid_1789920",
        "jid_1789930",
        "jid_1791224",
        "jid_1790127",
        "jid_1790081",
        "jid_1790204",
        "jid_1790180",
        "jid_1790134",
        "jid_1790126",
        "jid_1790840",
        "jid_1790232",
        "jid_1790097",
        "jid_1790102",
        "jid_1790117",
        "jid_1790122",
        "jid_1790241",
        "jid_1790261",
        "jid_1790179",
        "jid_1790228",
        "jid_1790335",
        "jid_1790904",
        "jid_1790190",
        "jid_1790227",
        "jid_1790059",
        "jid_1790316",
        "jid_1790098",
        "jid_1790095",
        "jid_1790439",
        "jid_1790071",
        "jid_1790118",
        "jid_1790099",
        "jid_1790104",
        "jid_1790214",
        "jid_1790112",
        "jid_1790140",
        "jid_1790124",
        "jid_1790318",
        "jid_1790765",
        "jid_1790249",
        "jid_1790170",
        "jid_1790767",
        "jid_1790154",
        "jid_1790175",
        "jid_1790192",
        "jid_1790169",
        "jid_1790237",
        "jid_1790245",
        "jid_1790135",
        "jid_1790133",
        "jid_1790279",
        "jid_1790244",
        "jid_1790325",
        "jid_1790129",
        "jid_1790782",
        "jid_1790141",
        "jid_1790136",
        "jid_1790803",
        "jid_1790219",
        "jid_1790160",
        "jid_1790280",
        "jid_1790296",
        "jid_1790150",
        "jid_1790287",
        "jid_1790222",
        "jid_1790281",
        "jid_1790321",
        "jid_1790871",
        "jid_1790210",
        "jid_1790201",
        "jid_1790257",
        "jid_1790393",
        "jid_1790392",
        "jid_1790528",
        "jid_1790470",
        "jid_1790419",
        "jid_1790425",
        "jid_1790466",
        "jid_1790428",
        "jid_1790498",
        "jid_1790410",
        "jid_1790436",
        "jid_1790489",
        "jid_1791147",
        "jid_1790453",
        "jid_1790602",
        "jid_1790458",
        "jid_1790749",
        "jid_1790669",
        "jid_1790503",
        "jid_1790572",
        "jid_1790520",
        "jid_1790642",
        "jid_1790956",
        "jid_1791143",
        "jid_1790590",
        "jid_1790558",
        "jid_1790555",
        "jid_1790469",
        "jid_1790592",
        "jid_1790478",
        "jid_1790714",
        "jid_1790512",
        "jid_1790506",
        "jid_1790667",
        "jid_1790463",
        "jid_1790510",
        "jid_1790518",
        "jid_1790534",
        "jid_1790350",
        "jid_1791112",
        "jid_1790402",
        "jid_1791043",
        "jid_1791173",
        "jid_1790507",
        "jid_1790538",
        "jid_1790481",
        "jid_1790517",
        "jid_1790361",
        "jid_1790385",
        "jid_1790364",
        "jid_1791124",
        "jid_1790641",
        "jid_1790460",
        "jid_1790688",
        "jid_1791096",
        "jid_1790655",
        "jid_1791138",
        "jid_1790700",
        "jid_1790712",
        "jid_1790643",
        "jid_1790375",
        "jid_1790677",
        "jid_1790695",
        "jid_1790758",
        "jid_1790657",
        "jid_1790631",
        "jid_1790648",
        "jid_1790742",
        "jid_1790748",
        "jid_1790743",
        "jid_1790728",
        "jid_1790598",
        "jid_1791176",
        "jid_1790570",
        "jid_1790701",
        "jid_1790622",
        "jid_1791164",
        "jid_1790649",
        "jid_1790613",
        "jid_1790737",
        "jid_1790615",
        "jid_1790685",
        "jid_1790597",
        "jid_1790629",
        "jid_1790738",
        "jid_1790763",
        "jid_1790779",
        "jid_1790893",
        "jid_1790724",
        "jid_1790838",
        "jid_1790681",
        "jid_1790887",
        "jid_1790906",
        "jid_1790920",
        "jid_1790757",
        "jid_1791296",
        "jid_1790729",
        "jid_1790832",
        "jid_1790831",
        "jid_1790884",
        "jid_1790771",
        "jid_1790795",
        "jid_1790845",
        "jid_1791687",
        "jid_1790886",
        "jid_1790903",
        "jid_1791238",
        "jid_1790850",
        "jid_1790807",
        "jid_1790670",
        "jid_1790806",
        "jid_1790881",
        "jid_1790872",
        "jid_1790814",
        "jid_1790821",
        "jid_1790939",
        "jid_1790833",
        "jid_1790839",
        "jid_1790869",
        "jid_1790898",
        "jid_1790981",
        "jid_1791050",
        "jid_1790968",
        "jid_1791008",
        "jid_1790966",
        "jid_1791032",
        "jid_1790974",
        "jid_1791064",
        "jid_1791044",
        "jid_1791010",
        "jid_1791020",
        "jid_1791007",
        "jid_1790984",
        "jid_1791063",
        "jid_1791052",
        "jid_1791024",
        "jid_1791068",
        "jid_1790928",
        "jid_1791015",
        "jid_1790951",
        "jid_1790936",
        "jid_1790932",
        "jid_1790926",
        "jid_1790955",
        "jid_1791086",
        "jid_1791523",
        "jid_1791154",
        "jid_1791127",
        "jid_1791114",
        "jid_1791137",
        "jid_1791175",
        "jid_1791340",
        "jid_1791104",
        "jid_1791140",
        "jid_1791113",
        "jid_1791118",
        "jid_1791160",
        "jid_1791109",
        "jid_1791122",
        "jid_1791558",
        "jid_1791165",
        "jid_1791116",
        "jid_1791105",
        "jid_1791205",
        "jid_1791220",
        "jid_1791214",
        "jid_1791211",
        "jid_1791195",
        "jid_1791202",
        "jid_1791162",
        "jid_1791166",
        "jid_1791156",
        "jid_1791250",
        "jid_1791253",
        "jid_1791210",
        "jid_1791258",
        "jid_1791272",
        "jid_1791178",
        "jid_1791339",
        "jid_1791265",
        "jid_1791299",
        "jid_1791275",
        "jid_1791333",
        "jid_1791370",
        "jid_1791399",
        "jid_1791304",
        "jid_1791449",
        "jid_1792018",
        "jid_1792022",
        "jid_1791420",
        "jid_1791411",
        "jid_1791442",
        "jid_1791437",
        "jid_1791451",
        "jid_1791347",
        "jid_1791348",
        "jid_1791461",
        "jid_1791343",
        "jid_1791350",
        "jid_1791390",
        "jid_1791480",
        "jid_1791318",
        "jid_1791394",
        "jid_1791298",
        "jid_1791359",
        "jid_1791410",
        "jid_1791971",
        "jid_1791352",
        "jid_1791363",
        "jid_1791377",
        "jid_1791535",
        "jid_1791540",
        "jid_1791533",
        "jid_1791401",
        "jid_1791389",
        "jid_1791878",
        "jid_1791379",
        "jid_1791466",
        "jid_1791425",
        "jid_1791405",
        "jid_1791288",
        "jid_1791483",
        "jid_1791287",
        "jid_1791279",
        "jid_1791422",
        "jid_1791445",
        "jid_1791489",
        "jid_1791506",
        "jid_1791501",
        "jid_1791432",
        "jid_1791536",
        "jid_1791526",
        "jid_1791584",
        "jid_1791570",
        "jid_1791636",
        "jid_1791568",
        "jid_1791645",
        "jid_1792045",
        "jid_1791622",
        "jid_1791663",
        "jid_1791670",
        "jid_1791619",
        "jid_1791587",
        "jid_1791520",
        "jid_1791585",
        "jid_1791681",
        "jid_1791606",
        "jid_1791625",
        "jid_1791597",
        "jid_1791666",
        "jid_1791615",
        "jid_1791631",
        "jid_1791640",
        "jid_1791638",
        "jid_1791679",
        "jid_1791688",
        "jid_1791549",
        "jid_1791696",
        "jid_1791811",
        "jid_1791742",
        "jid_1791820",
        "jid_1791829",
        "jid_1791884",
        "jid_1791781",
        "jid_1791713",
        "jid_1792496",
        "jid_1791826",
        "jid_1791702",
        "jid_1791784",
        "jid_1791802",
        "jid_1791955",
        "jid_1791819",
        "jid_1791849",
        "jid_1791861",
        "jid_1792031",
        "jid_1791854",
        "jid_1791710",
        "jid_1791871",
        "jid_1792636",
        "jid_1791759",
        "jid_1791753",
        "jid_1791734",
        "jid_1791869",
        "jid_1791899",
        "jid_1791792",
        "jid_1791736",
        "jid_1791717",
        "jid_1791788",
        "jid_1791873",
        "jid_1791787",
        "jid_1791809",
        "jid_1791745",
        "jid_1791883",
        "jid_1791893",
        "jid_1791789",
        "jid_1791931",
        "jid_1791949",
        "jid_1791799",
        "jid_1791812",
        "jid_1791776",
        "jid_1791881",
        "jid_1791860",
        "jid_1791928",
        "jid_1791944",
        "jid_1791887",
        "jid_1791800",
        "jid_1791915",
        "jid_1791920",
        "jid_1791824",
        "jid_1791808",
        "jid_1791768",
        "jid_1791916",
        "jid_1791848",
        "jid_1791889",
        "jid_1791764",
        "jid_1792538",
        "jid_1791844",
        "jid_1791891",
        "jid_1791880",
        "jid_1791994",
        "jid_1792023",
        "jid_1792030",
        "jid_1791986",
        "jid_1791988",
        "jid_1792014",
        "jid_1791987",
        "jid_1792003",
        "jid_1792011",
        "jid_1792013",
        "jid_1791970",
        "jid_1792009",
        "jid_1791983",
        "jid_1791773",
        "jid_1791758",
        "jid_1791904",
        "jid_1791896",
        "jid_1791925",
        "jid_1791943",
        "jid_1792094",
        "jid_1792709",
        "jid_1792055",
        "jid_1792101",
        "jid_1792125",
        "jid_1792210",
        "jid_1792174",
        "jid_1792108",
        "jid_1792741",
        "jid_1792098",
        "jid_1792179",
        "jid_1792145",
        "jid_1792106",
        "jid_1792273",
        "jid_1792073",
        "jid_1792178",
        "jid_1792343",
        "jid_1792141",
        "jid_1792114",
        "jid_1792234",
        "jid_1792326",
        "jid_1792406",
        "jid_1792208",
        "jid_1792270",
        "jid_1792727",
        "jid_1792249",
        "jid_1792074",
        "jid_1792066",
        "jid_1792432",
        "jid_1792345",
        "jid_1792287",
        "jid_1792338",
        "jid_1792246",
        "jid_1792070",
        "jid_1792417",
        "jid_1792037",
        "jid_1792142",
        "jid_1792085",
        "jid_1792755",
        "jid_1792129",
        "jid_1792262",
        "jid_1792428",
        "jid_1792261",
        "jid_1792169",
        "jid_1792148",
        "jid_1792306",
        "jid_1792347",
        "jid_1792281",
        "jid_1792388",
        "jid_1792376",
        "jid_1792429",
        "jid_1792195",
        "jid_1792439",
        "jid_1792736",
        "jid_1792116",
        "jid_1792204",
        "jid_1792135",
        "jid_1792211",
        "jid_1792130",
        "jid_1792207",
        "jid_1792209",
        "jid_1792251",
        "jid_1792160",
        "jid_1792243",
        "jid_1792344",
        "jid_1792154",
        "jid_1792161",
        "jid_1792723",
        "jid_1792267",
        "jid_1792422",
        "jid_1792184",
        "jid_1792147",
        "jid_1792157",
        "jid_1792266",
        "jid_1792075",
        "jid_1792079",
        "jid_1792348",
        "jid_1792552",
        "jid_1792057",
        "jid_1792501",
        "jid_1792748",
        "jid_1792082",
        "jid_1792285",
        "jid_1792415",
        "jid_1792275",
        "jid_1792219",
        "jid_1792398",
        "jid_1792393",
        "jid_1792426",
        "jid_1792490",
        "jid_1792566",
        "jid_1792449",
        "jid_1792289",
        "jid_1792765",
        "jid_1792286",
        "jid_1792383",
        "jid_1792302",
        "jid_1792248",
        "jid_1792132",
        "jid_1792430",
        "jid_1792542",
        "jid_1792143",
        "jid_1792495",
        "jid_1792300",
        "jid_1792059",
        "jid_1792310",
        "jid_1792753",
        "jid_1792097",
        "jid_1792455",
        "jid_1792369",
        "jid_1792414",
        "jid_1792758",
        "jid_1792364",
        "jid_1792465",
        "jid_1792477",
        "jid_1792505",
        "jid_1792801",
        "jid_1792586",
        "jid_1792484",
        "jid_1792774",
        "jid_1792512",
        "jid_1792760",
        "jid_1792483",
        "jid_1792773",
        "jid_1792481",
        "jid_1792626",
        "jid_1792554",
        "jid_1792591",
        "jid_1792783",
        "jid_1792508",
        "jid_1792532",
        "jid_1792601",
        "jid_1792751",
        "jid_1792510",
        "jid_1792530",
        "jid_1792778",
        "jid_1792624",
        "jid_1792564",
        "jid_1792390",
        "jid_1792548",
        "jid_1792639",
        "jid_1792781",
        "jid_1792582",
        "jid_1792628",
        "jid_1792648",
        "jid_1792697",
        "jid_1792678",
        "jid_1792685",
        "jid_1792665",
        "jid_1792661",
        "jid_1792672",
        "jid_1792632",
        "jid_1792663",
        "jid_1792652",
        "jid_1792699",
        "jid_1792702",
        "jid_1792647",
        "jid_1792675",
        "jid_1792700",
        "jid_1792660",
        "jid_1795271",
        "jid_1795271",
        "jid_1795271",
        "jid_1795271",
        "jid_1795271",
        "jid_1795271",
        "jid_1795271",
        "jid_1795271",
        "jid_1795271",
        "jid_1795271",
        "jid_1795271",
        "jid_1795271",
        "jid_1795271",
        "jid_1795271",
        "jid_1795271",
        "jid_1795271",
        "jid_1795271",
        "jid_1795271",
        "jid_1795271",
        "jid_1795271",
        "jid_1795271",
        "jid_1795271",
        "jid_1795271",
        "jid_1795271",
        "jid_1795271",
        "jid_1795271",
        "jid_1795271",
        "jid_1795271",
        "jid_1795271",
        "jid_1795271",
        "jid_1795271",
        "jid_1795271",
        "jid_1795271",
        "jid_1795271",
        "jid_1795271",
        "jid_1795271",
        "jid_1795271",
        "jid_1795271",
        "jid_1795271",
        "jid_1795271",
        "jid_1795271",
        "jid_1795271",
        "jid_1795271",
        "jid_1795271",
        "jid_1795271",
        "jid_1795271",
        "jid_1795271",
        "jid_1795271",
        "jid_1795271",
        "jid_1795271",
        "jid_1795271",
        "jid_1795271",
        "jid_1795271",
        "jid_1795271",
        "jid_1795271",
        "jid_1795271",
        "jid_1795271",
        "jid_1795271",
        "jid_1795271",
        "jid_1795271",
        "jid_1795271",
        "jid_1795271",
        "jid_1795271",
        "jid_1795271",
        "jid_1795271",
        "jid_1795271",
        "jid_1795271",
        "jid_1795271",
        "jid_1795271",
        "jid_1795271",
        "jid_1795271",
        "jid_1795271",
        "jid_1795271",
        "jid_1792804",
        "jid_1792839",
        "jid_1792973",
        "jid_1792867",
        "jid_1792876",
        "jid_1792880",
        "jid_1792824",
        "jid_1792949",
        "jid_1792959",
        "jid_1792861",
        "jid_1793024",
        "jid_1792879",
        "jid_1792859",
        "jid_1792863",
        "jid_1792906",
        "jid_1792966",
        "jid_1792862",
        "jid_1792998",
        "jid_1792877",
        "jid_1793023",
        "jid_1792823",
        "jid_1792866",
        "jid_1793017",
        "jid_1793027",
        "jid_1793052",
        "jid_1793016",
        "jid_1793021",
        "jid_1792937",
        "jid_1792868",
        "jid_1792874",
        "jid_1792838",
        "jid_1792950",
        "jid_1793044",
        "jid_1792814",
        "jid_1792834",
        "jid_1792860",
        "jid_1792850",
        "jid_1793041",
        "jid_1792816",
        "jid_1793003",
        "jid_1792900",
        "jid_1792980",
        "jid_1793062",
        "jid_1792815",
        "jid_1793032",
        "jid_1792951",
        "jid_1792939",
        "jid_1792933",
        "jid_1792983",
        "jid_1792976",
        "jid_1795266",
        "jid_1795266",
        "jid_1795266",
        "jid_1795266",
        "jid_1795266",
        "jid_1795266",
        "jid_1795266",
        "jid_1795266",
        "jid_1795266",
        "jid_1795266",
        "jid_1795266",
        "jid_1795266",
        "jid_1795266",
        "jid_1795266",
        "jid_1795266",
        "jid_1795266",
        "jid_1795266",
        "jid_1795266",
        "jid_1795266",
        "jid_1795266",
        "jid_1795266",
        "jid_1795266",
        "jid_1795266",
        "jid_1795266",
        "jid_1795266",
        "jid_1795266",
        "jid_1795266",
        "jid_1795266",
        "jid_1795266",
        "jid_1795266",
        "jid_1795266",
        "jid_1795266",
        "jid_1795266",
        "jid_1795266",
        "jid_1795266",
        "jid_1795266",
        "jid_1795266",
        "jid_1795266",
        "jid_1795266",
        "jid_1795266",
        "jid_1795266",
        "jid_1795266",
        "jid_1795266",
        "jid_1795266",
        "jid_1795266",
        "jid_1795266",
        "jid_1795266",
        "jid_1795266",
        "jid_1795266",
        "jid_1795266",
        "jid_1795266",
        "jid_1795266",
        "jid_1795266",
        "jid_1793124",
        "jid_1795266",
        "jid_1795266",
        "jid_1795266",
        "jid_1795266",
        "jid_1795266",
        "jid_1795266",
        "jid_1795266",
        "jid_1795266",
        "jid_1795266",
        "jid_1795266",
        "jid_1795266",
        "jid_1795266",
        "jid_1793145",
        "jid_1793113",
        "jid_1793154",
        "jid_1793302",
        "jid_1793135",
        "jid_1793151",
        "jid_1793213",
        "jid_1793149",
        "jid_1793133",
        "jid_1793143",
        "jid_1793152",
        "jid_1793180",
        "jid_1793153",
        "jid_1793186",
        "jid_1793244",
        "jid_1793182",
        "jid_1793190",
        "jid_1793388",
        "jid_1793747",
        "jid_1793254",
        "jid_1793382",
        "jid_1793304",
        "jid_1793754",
        "jid_1793759",
        "jid_1793425",
        "jid_1793337",
        "jid_1793410",
        "jid_1793416",
        "jid_1793269",
        "jid_1793407",
        "jid_1793364",
        "jid_1793335",
        "jid_1793352",
        "jid_1793341",
        "jid_1793766",
        "jid_1793775",
        "jid_1793765",
        "jid_1793392",
        "jid_1793770",
        "jid_1793212",
        "jid_1793769",
        "jid_1793209",
        "jid_1793771",
        "jid_1793418",
        "jid_1793344",
        "jid_1793777",
        "jid_1793288",
        "jid_1793306",
        "jid_1793285",
        "jid_1793409",
        "jid_1793420",
        "jid_1793385",
        "jid_1793375",
        "jid_1793252",
        "jid_1793423",
        "jid_1793293",
        "jid_1793404",
        "jid_1793772",
        "jid_1793243",
        "jid_1793380",
        "jid_1793275",
        "jid_1793417",
        "jid_1793220",
        "jid_1793224",
        "jid_1793261",
        "jid_1793763",
        "jid_1793242",
        "jid_1793232",
        "jid_1793796",
        "jid_1793479",
        "jid_1793487",
        "jid_1793530",
        "jid_1793524",
        "jid_1793550",
        "jid_1793580",
        "jid_1793545",
        "jid_1793583",
        "jid_1793507",
        "jid_1793610",
        "jid_1793523",
        "jid_1793569",
        "jid_1793465",
        "jid_1793691",
        "jid_1793570",
        "jid_1793679",
        "jid_1793622",
        "jid_1793699",
        "jid_1793546",
        "jid_1793626",
        "jid_1793786",
        "jid_1793784",
        "jid_1793505",
        "jid_1793529",
        "jid_1793692",
        "jid_1793496",
        "jid_1793531",
        "jid_1793514",
        "jid_1793571",
        "jid_1793553",
        "jid_1793696",
        "jid_1793678",
        "jid_1793707",
        "jid_1793555",
        "jid_1793710",
        "jid_1793665",
        "jid_1793643",
        "jid_1793694",
        "jid_1793717",
        "jid_1793728",
        "jid_1793674",
        "jid_1793725",
        "jid_1793648",
        "jid_1793687",
        "jid_1793705",
        "jid_1793697",
        "jid_1793683",
        "jid_1793724",
        "jid_1793709",
        "jid_1793633",
        "jid_1793560",
        "jid_1793733",
        "jid_1793871",
        "jid_1793951",
        "jid_1793833",
        "jid_1794265",
        "jid_1793826",
        "jid_1793785",
        "jid_1793846",
        "jid_1793789",
        "jid_1793853",
        "jid_1793859",
        "jid_1793875",
        "jid_1793788",
        "jid_1793860",
        "jid_1793794",
        "jid_1793902",
        "jid_1793981",
        "jid_1793997",
        "jid_1793863",
        "jid_1794279",
        "jid_1793950",
        "jid_1793782",
        "jid_1793778",
        "jid_1793852",
        "jid_1793995",
        "jid_1793968",
        "jid_1794272",
        "jid_1793989",
        "jid_1794022",
        "jid_1793893",
        "jid_1793959",
        "jid_1793984",
        "jid_1793924",
        "jid_1793941",
        "jid_1794012",
        "jid_1794597",
        "jid_1794275",
        "jid_1793999",
        "jid_1793972",
        "jid_1793906",
        "jid_1793927",
        "jid_1793836",
        "jid_1793903",
        "jid_1793958",
        "jid_1793842",
        "jid_1793812",
        "jid_1793974",
        "jid_1793956",
        "jid_1793991",
        "jid_1793985",
        "jid_1794204",
        "jid_1794046",
        "jid_1794037",
        "jid_1794201",
        "jid_1793973",
        "jid_1794018",
        "jid_1794041",
        "jid_1794124",
        "jid_1793978",
        "jid_1794049",
        "jid_1794211",
        "jid_1794891",
        "jid_1794056",
        "jid_1793946",
        "jid_1793823",
        "jid_1793949",
        "jid_1793907",
        "jid_1793969",
        "jid_1794015",
        "jid_1793909",
        "jid_1793947",
        "jid_1793920",
        "jid_1793939",
        "jid_1794073",
        "jid_1794346",
        "jid_1794055",
        "jid_1794078",
        "jid_1794125",
        "jid_1794057",
        "jid_1794080",
        "jid_1794094",
        "jid_1794226",
        "jid_1794298",
        "jid_1795389",
        "jid_1794164",
        "jid_1794161",
        "jid_1794172",
        "jid_1794120",
        "jid_1794294",
        "jid_1794103",
        "jid_1794290",
        "jid_1794356",
        "jid_1794148",
        "jid_1794143",
        "jid_1794134",
        "jid_1794202",
        "jid_1794241",
        "jid_1794060",
        "jid_1794009",
        "jid_1794238",
        "jid_1794245",
        "jid_1794135",
        "jid_1794129",
        "jid_1794177",
        "jid_1794017",
        "jid_1794162",
        "jid_1794189",
        "jid_1794244",
        "jid_1794195",
        "jid_1794089",
        "jid_1794115",
        "jid_1794232",
        "jid_1794210",
        "jid_1794217",
        "jid_1794260",
        "jid_1794263",
        "jid_1794261",
        "jid_1794336",
        "jid_1794312",
        "jid_1794373",
        "jid_1794338",
        "jid_1794328",
        "jid_1794506",
        "jid_1794362",
        "jid_1794342",
        "jid_1794300",
        "jid_1794387",
        "jid_1794347",
        "jid_1794563",
        "jid_1794445",
        "jid_1794468",
        "jid_1794322",
        "jid_1794286",
        "jid_1794372",
        "jid_1794284",
        "jid_1794404",
        "jid_1794382",
        "jid_1794366",
        "jid_1794418",
        "jid_1794378",
        "jid_1794375",
        "jid_1794384",
        "jid_1794369",
        "jid_1794391",
        "jid_1794469",
        "jid_1794533",
        "jid_1794557",
        "jid_1794433",
        "jid_1794492",
        "jid_1795200",
        "jid_1794474",
        "jid_1794380",
        "jid_1794509",
        "jid_1794580",
        "jid_1794562",
        "jid_1794399",
        "jid_1794523",
        "jid_1794491",
        "jid_1794568",
        "jid_1794467",
        "jid_1794565",
        "jid_1794536",
        "jid_1794420",
        "jid_1794558",
        "jid_1795139",
        "jid_1795123",
        "jid_1794476",
        "jid_1795126",
        "jid_1795131",
        "jid_1794417",
        "jid_1794519",
        "jid_1794570",
        "jid_1794480",
        "jid_1794494",
        "jid_1794522",
        "jid_1794297",
        "jid_1794577",
        "jid_1794477",
        "jid_1795097",
        "jid_1794508",
        "jid_1795135",
        "jid_1794303",
        "jid_1794493",
        "jid_1794535",
        "jid_1794434",
        "jid_1794503",
        "jid_1794457",
        "jid_1794589",
        "jid_1794591",
        "jid_1794592",
        "jid_1794623",
        "jid_1794667",
        "jid_1794612",
        "jid_1794796",
        "jid_1794643",
        "jid_1794634",
        "jid_1794677",
        "jid_1794719",
        "jid_1794613",
        "jid_1794637",
        "jid_1794632",
        "jid_1794784",
        "jid_1794603",
        "jid_1794789",
        "jid_1794641",
        "jid_1794718",
        "jid_1794683",
        "jid_1794698",
        "jid_1794736",
        "jid_1795159",
        "jid_1795156",
        "jid_1794757",
        "jid_1794701",
        "jid_1794661",
        "jid_1794679",
        "jid_1794731",
        "jid_1794691",
        "jid_1794715",
        "jid_1794762",
        "jid_1794760",
        "jid_1794743",
        "jid_1794793",
        "jid_1794734",
        "jid_1794788",
        "jid_1794795",
        "jid_1794782",
        "jid_1794775",
        "jid_1794811",
        "jid_1795153",
        "jid_1794680",
        "jid_1794741",
        "jid_1794988",
        "jid_1795019",
        "jid_1794915",
        "jid_1794825",
        "jid_1794963",
        "jid_1794895",
        "jid_1795181",
        "jid_1794958",
        "jid_1794903",
        "jid_1794949",
        "jid_1795191",
        "jid_1794842",
        "jid_1795041",
        "jid_1794893",
        "jid_1794923",
        "jid_1794875",
        "jid_1794920",
        "jid_1794883",
        "jid_1794944",
        "jid_1794969",
        "jid_1794960",
        "jid_1795034",
        "jid_1794850",
        "jid_1795083",
        "jid_1795021",
        "jid_1794852",
        "jid_1794867",
        "jid_1795089",
        "jid_1795060",
        "jid_1795017",
        "jid_1794861",
        "jid_1794858",
        "jid_1795076",
        "jid_1795051",
        "jid_1794938",
        "jid_1794857",
        "jid_1795064",
        "jid_1795172",
        "jid_1795012",
        "jid_1794878",
        "jid_1795014",
        "jid_1794950",
        "jid_1794866",
        "jid_1795061",
        "jid_1795067",
        "jid_1794964",
        "jid_1794870",
        "jid_1794879",
        "jid_1795045",
        "jid_1795091",
        "jid_1794872",
        "jid_1794873",
        "jid_1795117",
        "jid_1795098",
        "jid_1795194",
        "jid_1794970",
        "jid_1795190",
        "jid_1795020",
        "jid_1795009",
        "jid_1794990",
        "jid_1794977",
        "jid_1795193",
        "jid_1794991",
        "jid_1795133",
        "jid_1795143",
        "jid_1795138",
        "jid_1795137",
        "jid_1795618",
        "jid_1795618",
        "jid_1795618",
        "jid_1795618",
        "jid_1795618",
        "jid_1795618",
        "jid_1795618",
        "jid_1795618",
        "jid_1795618",
        "jid_1795618",
        "jid_1795618",
        "jid_1795618",
        "jid_1795618",
        "jid_1795618",
        "jid_1795618",
        "jid_1795618",
        "jid_1795618",
        "jid_1795618",
        "jid_1795618",
        "jid_1795150",
        "jid_1795618",
        "jid_1795618",
        "jid_1795618",
        "jid_1795618",
        "jid_1795618",
        "jid_1795618",
        "jid_1795618",
        "jid_1795618",
        "jid_1795618",
        "jid_1795618",
        "jid_1795618",
        "jid_1795618",
        "jid_1795618",
        "jid_1795618",
        "jid_1795618",
        "jid_1795618",
        "jid_1795618",
        "jid_1795618",
        "jid_1795618",
        "jid_1795618",
        "jid_1795618",
        "jid_1795618",
        "jid_1795618",
        "jid_1795618",
        "jid_1795618",
        "jid_1795618",
        "jid_1795618",
        "jid_1795618",
        "jid_1795446",
        "jid_1795455",
        "jid_1795463",
        "jid_1795457",
        "jid_1795468",
        "jid_1795472",
        "jid_1795469",
        "jid_1795477",
        "jid_1795487",
        "jid_1795482",
        "jid_1795480",
        "jid_1795498",
        "jid_1795510",
        "jid_1795511",
        "jid_1795505",
        "jid_1795507",
        "jid_1795518",
        "jid_1795532",
        "jid_1795551",
        "jid_1795549",
        "jid_1795558",
        "jid_1795586",
        "jid_1795584",
        "jid_1795587",
        "jid_1795592",
        "jid_1795590",
        "jid_1795596",
        "jid_1795606",
        "jid_1795611",
        "jid_1795614",
        "jid_1795694",
        "jid_1795657",
        "jid_1795644",
        "jid_1795656",
        "jid_1795652",
        "jid_1795650",
        "jid_1795664",
        "jid_1795673",
        "jid_1795670",
        "jid_1795685",
        "jid_1795707",
        "jid_1795713",
        "jid_1795702",
        "jid_1795723",
        "jid_1795729",
        "jid_1795810",
        "jid_1795740",
        "jid_1795790",
        "jid_1795801",
        "jid_1795799",
        "jid_1795804",
        "jid_1795826",
        "jid_1795758",
        "jid_1795743",
        "jid_1795792",
        "jid_1795759",
        "jid_1795746",
        "jid_1795760",
        "jid_1795779",
        "jid_1795772",
        "jid_1795749",
        "jid_1795833",
        "jid_1795780",
        "jid_1795798",
        "jid_1795757",
        "jid_1795830",
        "jid_1795755",
        "jid_1795793",
        "jid_1795815",
        "jid_1795842",
        "jid_1795834",
        "jid_1795840",
        "jid_1795843",
        "jid_1795845",
        "jid_1795855",
        "jid_1795854",
        "jid_1795849",
        "jid_1795899",
        "jid_1795914",
        "jid_1795884",
        "jid_1795925",
        "jid_1793067",
        "jid_1795919",
        "jid_1795897",
        "jid_1795910",
        "jid_1795886",
        "jid_1795921",
        "jid_1795909",
        "jid_1795903",
        "jid_1795894",
        "jid_1795908",
        "jid_1795920",
        "jid_1795931",
        "jid_1795939",
        "jid_1795962",
        "jid_1795935",
        "jid_1795943",
        "jid_1795949",
        "jid_1796052",
        "jid_1795976",
        "jid_1795969",
        "jid_1796003",
        "jid_1796018",
        "jid_1796034",
        "jid_1796038",
        "jid_1796022",
        "jid_1796031",
        "jid_1796047",
        "jid_1796027",
        "jid_1796046",
        "jid_1796043",
        "jid_1796057",
        "jid_1796128",
        "jid_1796090",
        "jid_1796087",
        "jid_1796080",
        "jid_1796104",
        "jid_1796098",
        "jid_1796095",
        "jid_1796083",
        "jid_1796071",
        "jid_1796132",
        "jid_1796067",
        "jid_1796153",
        "jid_1796072",
        "jid_1796108",
        "jid_1796163",
        "jid_1796102",
        "jid_1796136",
        "jid_1796119",
        "jid_1796157",
        "jid_1796113",
        "jid_1796091",
        "jid_1796156",
        "jid_1796173",
        "jid_1796116",
        "jid_1796114",
        "jid_1796171",
        "jid_1796169",
        "jid_1796225",
        "jid_1796188",
        "jid_1796231",
        "jid_1796236",
        "jid_1796220",
        "jid_1796197",
        "jid_1796189",
        "jid_1796239",
        "jid_1796178",
        "jid_1796179",
        "jid_1796243",
        "jid_1796196",
        "jid_1796244",
        "jid_1796219",
        "jid_1796190",
        "jid_1796222",
        "jid_1796187",
        "jid_1796247",
        "jid_1796180",
        "jid_1796202",
        "jid_1796192",
        "jid_1796250",
        "jid_1796256",
        "jid_1796258",
        "jid_1796255",
        "jid_1796251",
        "jid_1796270",
        "jid_1796351",
        "jid_1796325",
        "jid_1796274",
        "jid_1796318",
        "jid_1796313",
        "jid_1796296",
        "jid_1796290",
        "jid_1796291",
        "jid_1796343",
        "jid_1796308",
        "jid_1796287",
        "jid_1796315",
        "jid_1796286",
        "jid_1796326",
        "jid_1796334",
        "jid_1796330",
        "jid_1796331",
        "jid_1796338",
        "jid_1796374",
        "jid_1796383",
        "jid_1796365",
        "jid_1796359",
        "jid_1796353",
        "jid_1796385",
        "jid_1796386",
        "jid_1796346",
        "jid_1796405",
        "jid_1796410",
        "jid_1796395",
        "jid_1796392",
        "jid_1796426",
        "jid_1796423",
        "jid_1796452",
        "jid_1796437",
        "jid_1796464",
        "jid_1796439",
        "jid_1796418",
        "jid_1796448",
        "jid_1796422",
        "jid_1796644",
        "jid_1796644",
        "jid_1796644",
        "jid_1796644",
        "jid_1796644",
        "jid_1796644",
        "jid_1796644",
        "jid_1796644",
        "jid_1796644",
        "jid_1796644",
        "jid_1796644",
        "jid_1796644",
        "jid_1796644",
        "jid_1796644",
        "jid_1796644",
        "jid_1796644",
        "jid_1796644",
        "jid_1796644",
        "jid_1796644",
        "jid_1796644",
        "jid_1796644",
        "jid_1796644",
        "jid_1796644",
        "jid_1796644",
        "jid_1796644",
        "jid_1796644",
        "jid_1796644",
        "jid_1796644",
        "jid_1796644",
        "jid_1796644",
        "jid_1796644",
        "jid_1796644",
        "jid_1796644",
        "jid_1796644",
        "jid_1796644",
        "jid_1796644",
        "jid_1796644",
        "jid_1796644",
        "jid_1796644",
        "jid_1796644",
        "jid_1796644",
        "jid_1796644",
        "jid_1796644",
        "jid_1796644",
        "jid_1796644",
        "jid_1796644",
        "jid_1796644",
        "jid_1796644",
        "jid_1796644",
        "jid_1796644",
        "jid_1796644",
        "jid_1796644",
        "jid_1796644",
        "jid_1796644",
        "jid_1796644",
        "jid_1796644",
        "jid_1796644",
        "jid_1796644",
        "jid_1796644",
        "jid_1796644",
        "jid_1796644",
        "jid_1796644",
        "jid_1796644",
        "jid_1796644",
        "jid_1796668",
        "jid_1796731",
        "jid_1796752",
        "jid_1796750",
        "jid_1796734",
        "jid_1796754",
        "jid_1796733",
        "jid_1796688",
        "jid_1796741",
        "jid_1796736",
        "jid_1796732",
        "jid_1796737",
        "jid_1796751",
        "jid_1796712",
        "jid_1796676",
        "jid_1796735",
        "jid_1796704",
        "jid_1796701",
        "jid_1796788",
        "jid_1796758",
        "jid_1796784",
        "jid_1796862",
        "jid_1797197",
        "jid_1796883",
        "jid_1796871",
        "jid_1796844",
        "jid_1796827",
        "jid_1796861",
        "jid_1796824",
        "jid_1796822",
        "jid_1796833",
        "jid_1796814",
        "jid_1796808",
        "jid_1796813",
        "jid_1796848",
        "jid_1796835",
        "jid_1796830",
        "jid_1796825",
        "jid_1796838",
        "jid_1796863",
        "jid_1796928",
        "jid_1797152",
        "jid_1796936",
        "jid_1796931",
        "jid_1797166",
        "jid_1796923",
        "jid_1796905",
        "jid_1797020",
        "jid_1796881",
        "jid_1796987",
        "jid_1796878",
        "jid_1796902",
        "jid_1796880",
        "jid_1796876",
        "jid_1796898",
        "jid_1796896",
        "jid_1796971",
        "jid_1796980",
        "jid_1797017",
        "jid_1797060",
        "jid_1797042",
        "jid_1797090",
        "jid_1797026",
        "jid_1797115",
        "jid_1796526",
        "jid_1797292",
        "jid_1797140",
        "jid_1797037",
        "jid_1797293",
        "jid_1797086",
        "jid_1797068",
        "jid_1797983",
        "jid_1797153",
        "jid_1797154",
        "jid_1797171",
        "jid_1797107",
        "jid_1797301",
        "jid_1796965",
        "jid_1796956",
        "jid_1797143",
        "jid_1797170",
        "jid_1797303",
        "jid_1797036",
        "jid_1796960",
        "jid_1797163",
        "jid_1796990",
        "jid_1797000",
        "jid_1797007",
        "jid_1797081",
        "jid_1796992",
        "jid_1797125",
        "jid_1797144",
        "jid_1797132",
        "jid_1797019",
        "jid_1797047",
        "jid_1797059",
        "jid_1797102",
        "jid_1797123",
        "jid_1797043",
        "jid_1797039",
        "jid_1797098",
        "jid_1796967",
        "jid_1797067",
        "jid_1797025",
        "jid_1796981",
        "jid_1796996",
        "jid_1797012",
        "jid_1797254",
        "jid_1797265",
        "jid_1797175",
        "jid_1797205",
        "jid_1797183",
        "jid_1797573",
        "jid_1797287",
        "jid_1797213",
        "jid_1797288",
        "jid_1797261",
        "jid_1797429",
        "jid_1797270",
        "jid_1797230",
        "jid_1797241",
        "jid_1797273",
        "jid_1797285",
        "jid_1797266",
        "jid_1797225",
        "jid_1797262",
        "jid_1797222",
        "jid_1797237",
        "jid_1797201",
        "jid_1797252",
        "jid_1797195",
        "jid_1797365",
        "jid_1797403",
        "jid_1797325",
        "jid_1797352",
        "jid_1797493",
        "jid_1797345",
        "jid_1797369",
        "jid_1806824",
        "jid_1797576",
        "jid_1797386",
        "jid_1797396",
        "jid_1797397",
        "jid_1797379",
        "jid_1797375",
        "jid_1797308",
        "jid_1797393",
        "jid_1797370",
        "jid_1797321",
        "jid_1797428",
        "jid_1797430",
        "jid_1797404",
        "jid_1797357",
        "jid_1797358",
        "jid_1797426",
        "jid_1797410",
        "jid_1797420",
        "jid_1797406",
        "jid_1797472",
        "jid_1797457",
        "jid_1797459",
        "jid_1797631",
        "jid_1797450",
        "jid_1797454",
        "jid_1797446",
        "jid_1797466",
        "jid_1793083",
        "jid_1797575",
        "jid_1797577",
        "jid_1797581",
        "jid_1797484",
        "jid_1797981",
        "jid_1798637",
        "jid_1797772",
        "jid_1797561",
        "jid_1797564",
        "jid_1797572",
        "jid_1797569",
        "jid_1797478",
        "jid_1797533",
        "jid_1797473",
        "jid_1797479",
        "jid_1797508",
        "jid_1797438",
        "jid_1797555",
        "jid_1797512",
        "jid_1797553",
        "jid_1797497",
        "jid_1797501",
        "jid_1797505",
        "jid_1797506",
        "jid_1797545",
        "jid_1797515",
        "jid_1797469",
        "jid_1797475",
        "jid_1797491",
        "jid_1797488",
        "jid_1797549",
        "jid_1797490",
        "jid_1797539",
        "jid_1797443",
        "jid_1797591",
        "jid_1797644",
        "jid_1797627",
        "jid_1797601",
        "jid_1797635",
        "jid_1797654",
        "jid_1797649",
        "jid_1797647",
        "jid_1797700",
        "jid_1797740",
        "jid_1797712",
        "jid_1797678",
        "jid_1797665",
        "jid_1797677",
        "jid_1797685",
        "jid_1797734",
        "jid_1797655",
        "jid_1797721",
        "jid_1797616",
        "jid_1797754",
        "jid_1797704",
        "jid_1797718",
        "jid_1797767",
        "jid_1798195",
        "jid_1799400",
        "jid_1798193",
        "jid_1798299",
        "jid_1797980",
        "jid_1797717",
        "jid_1797588",
        "jid_1797783",
        "jid_1797674",
        "jid_1797773",
        "jid_1797733",
        "jid_1797760",
        "jid_1797770",
        "jid_1797585",
        "jid_1797756",
        "jid_1797745",
        "jid_1797778",
        "jid_1797984",
        "jid_1806796",
        "jid_1797727",
        "jid_1797592",
        "jid_1798042",
        "jid_1797815",
        "jid_1795212",
        "jid_1797844",
        "jid_1797860",
        "jid_1797818",
        "jid_1797985",
        "jid_1797811",
        "jid_1797933",
        "jid_1797823",
        "jid_1797816",
        "jid_1797918",
        "jid_1797890",
        "jid_1797906",
        "jid_1797832",
        "jid_1797973",
        "jid_1797922",
        "jid_1797875",
        "jid_1797928",
        "jid_1797942",
        "jid_1797888",
        "jid_1797960",
        "jid_1797921",
        "jid_1797946",
        "jid_1797915",
        "jid_1797837",
        "jid_1797892",
        "jid_1797952",
        "jid_1797929",
        "jid_1797964",
        "jid_1797966",
        "jid_1797804",
        "jid_1795470",
        "jid_1797965",
        "jid_1797926",
        "jid_1797792",
        "jid_1797821",
        "jid_1797839",
        "jid_1797861",
        "jid_1797833",
        "jid_1797842",
        "jid_1797900",
        "jid_1797788",
        "jid_1797812",
        "jid_1797858",
        "jid_1797863",
        "jid_1798024",
        "jid_1798005",
        "jid_1793093",
        "jid_1797986",
        "jid_1798034",
        "jid_1798280",
        "jid_1798007",
        "jid_1798049",
        "jid_1798011",
        "jid_1798031",
        "jid_1798015",
        "jid_1798003",
        "jid_1798048",
        "jid_1798112",
        "jid_1798144",
        "jid_1798173",
        "jid_1798125",
        "jid_1798124",
        "jid_1798163",
        "jid_1798023",
        "jid_1797995",
        "jid_1798080",
        "jid_1798169",
        "jid_1798012",
        "jid_1798177",
        "jid_1798168",
        "jid_1798152",
        "jid_1798291",
        "jid_1798064",
        "jid_1797992",
        "jid_1798086",
        "jid_1798117",
        "jid_1798095",
        "jid_1798130",
        "jid_1798126",
        "jid_1798066",
        "jid_1798109",
        "jid_1798039",
        "jid_1798067",
        "jid_1798045",
        "jid_1798270",
        "jid_1798141",
        "jid_1798149",
        "jid_1793094",
        "jid_1798214",
        "jid_1798199",
        "jid_1798197",
        "jid_1798206",
        "jid_1798216",
        "jid_1798259",
        "jid_1798375",
        "jid_1798215",
        "jid_1798303",
        "jid_1798287",
        "jid_1798532",
        "jid_1798275",
        "jid_1798218",
        "jid_1798358",
        "jid_1798225",
        "jid_1798252",
        "jid_1798241",
        "jid_1798188",
        "jid_1798226",
        "jid_1798190",
        "jid_1798191",
        "jid_1798254",
        "jid_1798266",
        "jid_1798219",
        "jid_1798260",
        "jid_1798272",
        "jid_1798327",
        "jid_1798379",
        "jid_1793098",
        "jid_1798333",
        "jid_1793100",
        "jid_1798413",
        "jid_1798339",
        "jid_1798350",
        "jid_1798392",
        "jid_1798404",
        "jid_1798485",
        "jid_1798388",
        "jid_1798311",
        "jid_1798446",
        "jid_1798405",
        "jid_1798371",
        "jid_1798341",
        "jid_1798353",
        "jid_1798309",
        "jid_1798313",
        "jid_1798587",
        "jid_1798444",
        "jid_1798438",
        "jid_1798315",
        "jid_1798473",
        "jid_1798398",
        "jid_1798383",
        "jid_1798386",
        "jid_1798499",
        "jid_1798443",
        "jid_1798377",
        "jid_1798517",
        "jid_1798367",
        "jid_1798579",
        "jid_1798518",
        "jid_1798408",
        "jid_1798604",
        "jid_1798854",
        "jid_1798634",
        "jid_1798614",
        "jid_1798516",
        "jid_1798415",
        "jid_1798348",
        "jid_1798585",
        "jid_1798577",
        "jid_1798401",
        "jid_1798622",
        "jid_1798569",
        "jid_1798611",
        "jid_1798619",
        "jid_1798620",
        "jid_1798605",
        "jid_1798431",
        "jid_1798462",
        "jid_1798366",
        "jid_1798590",
        "jid_1798479",
        "jid_1798522",
        "jid_1798560",
        "jid_1798486",
        "jid_1798441",
        "jid_1798483",
        "jid_1798580",
        "jid_1798541",
        "jid_1798525",
        "jid_1798570",
        "jid_1798594",
        "jid_1798566",
        "jid_1798407",
        "jid_1798480",
        "jid_1798477",
        "jid_1798567",
        "jid_1798544",
        "jid_1798487",
        "jid_1798549",
        "jid_1798581",
        "jid_1798623",
        "jid_1798510",
        "jid_1798663",
        "jid_1798839",
        "jid_1798670",
        "jid_1798725",
        "jid_1798698",
        "jid_1798700",
        "jid_1798766",
        "jid_1798690",
        "jid_1798737",
        "jid_1798703",
        "jid_1798692",
        "jid_1798716",
        "jid_1798729",
        "jid_1798720",
        "jid_1798639",
        "jid_1798641",
        "jid_1798774",
        "jid_1798762",
        "jid_1798694",
        "jid_1798686",
        "jid_1798837",
        "jid_1798680",
        "jid_1798803",
        "jid_1798845",
        "jid_1798739",
        "jid_1798750",
        "jid_1798747",
        "jid_1798787",
        "jid_1799336",
        "jid_1798847",
        "jid_1798811",
        "jid_1798799",
        "jid_1799602",
        "jid_1798879",
        "jid_1798785",
        "jid_1799936",
        "jid_1799035",
        "jid_1798705",
        "jid_1798802",
        "jid_1798805",
        "jid_1798821",
        "jid_1798648",
        "jid_1798779",
        "jid_1798660",
        "jid_1798761",
        "jid_1798997",
        "jid_1798978",
        "jid_1798862",
        "jid_1798894",
        "jid_1798882",
        "jid_1798878",
        "jid_1798938",
        "jid_1798679",
        "jid_1799011",
        "jid_1799272",
        "jid_1798905",
        "jid_1798988",
        "jid_1798754",
        "jid_1798967",
        "jid_1798863",
        "jid_1798941",
        "jid_1798889",
        "jid_1798820",
        "jid_1798861",
        "jid_1798893",
        "jid_1798658",
        "jid_1798883",
        "jid_1798876",
        "jid_1798900",
        "jid_1798939",
        "jid_1798667",
        "jid_1798867",
        "jid_1798697",
        "jid_1798940",
        "jid_1799010",
        "jid_1798652",
        "jid_1798717",
        "jid_1798835",
        "jid_1799650",
        "jid_1799003",
        "jid_1799006",
        "jid_1799008",
        "jid_1799028",
        "jid_1798829",
        "jid_1798903",
        "jid_1799026",
        "jid_1798712",
        "jid_1798942",
        "jid_1798994",
        "jid_1798980",
        "jid_1798885",
        "jid_1798875",
        "jid_1798971",
        "jid_1798888",
        "jid_1798916",
        "jid_1799069",
        "jid_1799074",
        "jid_1799892",
        "jid_1799125",
        "jid_1799051",
        "jid_1799158",
        "jid_1799103",
        "jid_1799093",
        "jid_1799138",
        "jid_1799230",
        "jid_1799105",
        "jid_1799110",
        "jid_1799232",
        "jid_1799188",
        "jid_1799078",
        "jid_1799109",
        "jid_1799132",
        "jid_1799097",
        "jid_1799117",
        "jid_1799151",
        "jid_1799146",
        "jid_1799212",
        "jid_1799207",
        "jid_1799159",
        "jid_1799245",
        "jid_1799052",
        "jid_1799275",
        "jid_1799036",
        "jid_1799179",
        "jid_1799153",
        "jid_1799204",
        "jid_1799154",
        "jid_1799266",
        "jid_1799167",
        "jid_1799299",
        "jid_1799189",
        "jid_1799149",
        "jid_1799139",
        "jid_1799396",
        "jid_1799134",
        "jid_1799395",
        "jid_1799350",
        "jid_1799170",
        "jid_1799372",
        "jid_1799344",
        "jid_1799373",
        "jid_1799377",
        "jid_1799640",
        "jid_1799320",
        "jid_1799296",
        "jid_1799289",
        "jid_1799290",
        "jid_1799060",
        "jid_1799237",
        "jid_1799241",
        "jid_1799203",
        "jid_1799211",
        "jid_1799222",
        "jid_1799343",
        "jid_1799242",
        "jid_1799258",
        "jid_1799322",
        "jid_1799235",
        "jid_1799261",
        "jid_1799220",
        "jid_1799229",
        "jid_1799298",
        "jid_1799328",
        "jid_1799284",
        "jid_1799269",
        "jid_1799311",
        "jid_1799264",
        "jid_1799133",
        "jid_1799217",
        "jid_1799300",
        "jid_1799231",
        "jid_1799314",
        "jid_1799390",
        "jid_1799351",
        "jid_1799288",
        "jid_1799334",
        "jid_1799360",
        "jid_1799348",
        "jid_1799427",
        "jid_1799433",
        "jid_1799441",
        "jid_1799447",
        "jid_1799480",
        "jid_1799399",
        "jid_1799468",
        "jid_1799850",
        "jid_1799411",
        "jid_1799474",
        "jid_1799542",
        "jid_1799482",
        "jid_1799523",
        "jid_1799479",
        "jid_1799524",
        "jid_1799531",
        "jid_1799538",
        "jid_1799580",
        "jid_1799623",
        "jid_1799607",
        "jid_1799504",
        "jid_1799856",
        "jid_1799494",
        "jid_1800077",
        "jid_1799552",
        "jid_1799586",
        "jid_1799553",
        "jid_1799491",
        "jid_1799481",
        "jid_1799548",
        "jid_1795245",
        "jid_1799615",
        "jid_1799563",
        "jid_1799590",
        "jid_1795276",
        "jid_1799508",
        "jid_1799624",
        "jid_1799617",
        "jid_1799620",
        "jid_1799618",
        "jid_1799904",
        "jid_1799596",
        "jid_1799510",
        "jid_1799605",
        "jid_1799875",
        "jid_1799410",
        "jid_1799408",
        "jid_1799530",
        "jid_1799882",
        "jid_1799614",
        "jid_1799858",
        "jid_1799868",
        "jid_1799594",
        "jid_1799533",
        "jid_1799884",
        "jid_1799581",
        "jid_1799451",
        "jid_1799678",
        "jid_1799718",
        "jid_1799675",
        "jid_1799747",
        "jid_1799722",
        "jid_1799756",
        "jid_1800032",
        "jid_1799745",
        "jid_1799755",
        "jid_1799729",
        "jid_1799662",
        "jid_1799685",
        "jid_1799741",
        "jid_1799726",
        "jid_1800072",
        "jid_1799778",
        "jid_1799828",
        "jid_1799775",
        "jid_1799680",
        "jid_1799748",
        "jid_1799794",
        "jid_1799659",
        "jid_1799787",
        "jid_1799770",
        "jid_1799785",
        "jid_1799743",
        "jid_1799727",
        "jid_1800088",
        "jid_1799709",
        "jid_1799654",
        "jid_1799694",
        "jid_1799671",
        "jid_1799691",
        "jid_1799767",
        "jid_1799721",
        "jid_1799837",
        "jid_1799925",
        "jid_1799912",
        "jid_1800081",
        "jid_1799911",
        "jid_1799682",
        "jid_1799808",
        "jid_1799664",
        "jid_1799651",
        "jid_1799784",
        "jid_1799838",
        "jid_1799917",
        "jid_1799908",
        "jid_1799855",
        "jid_1799939",
        "jid_1800579",
        "jid_1799782",
        "jid_1800482",
        "jid_1799885",
        "jid_1799668",
        "jid_1799834",
        "jid_1799840",
        "jid_1799817",
        "jid_1800371",
        "jid_1799781",
        "jid_1799853",
        "jid_1799697",
        "jid_1799819",
        "jid_1799737",
        "jid_1800020",
        "jid_1799974",
        "jid_1799927",
        "jid_1799973",
        "jid_1799955",
        "jid_1802357",
        "jid_1802371",
        "jid_1799979",
        "jid_1799964",
        "jid_1802361",
        "jid_1799960",
        "jid_1799953",
        "jid_1799948",
        "jid_1800317",
        "jid_1800025",
        "jid_1800007",
        "jid_1799980",
        "jid_1799989",
        "jid_1802417",
        "jid_1800047",
        "jid_1800030",
        "jid_1800094",
        "jid_1800041",
        "jid_1800033",
        "jid_1802422",
        "jid_1799996",
        "jid_1800042",
        "jid_1800013",
        "jid_1799977",
        "jid_1800002",
        "jid_1799970",
        "jid_1802534",
        "jid_1800023",
        "jid_1800105",
        "jid_1799999",
        "jid_1799991",
        "jid_1800076",
        "jid_1799978",
        "jid_1800080",
        "jid_1800302",
        "jid_1800061",
        "jid_1800026",
        "jid_1800040",
        "jid_1800118",
        "jid_1802681",
        "jid_1802682",
        "jid_1800485",
        "jid_1800153",
        "jid_1800187",
        "jid_1800193",
        "jid_1800202",
        "jid_1800139",
        "jid_1802773",
        "jid_1800125",
        "jid_1800159",
        "jid_1800213",
        "jid_1800222",
        "jid_1800160",
        "jid_1800156",
        "jid_1800149",
        "jid_1800166",
        "jid_1800161",
        "jid_1803140",
        "jid_1800170",
        "jid_1803139",
        "jid_1800234",
        "jid_1800218",
        "jid_1800214",
        "jid_1800279",
        "jid_1803144",
        "jid_1800109",
        "jid_1800110",
        "jid_1800107",
        "jid_1800236",
        "jid_1800248",
        "jid_1806300",
        "jid_1800237",
        "jid_1800235",
        "jid_1800518",
        "jid_1800261",
        "jid_1800181",
        "jid_1800291",
        "jid_1800303",
        "jid_1800358",
        "jid_1800309",
        "jid_1800306",
        "jid_1800310",
        "jid_1800308",
        "jid_1800325",
        "jid_1800336",
        "jid_1800321",
        "jid_1800324",
        "jid_1800266",
        "jid_1800238",
        "jid_1800341",
        "jid_1800350",
        "jid_1800346",
        "jid_1800450",
        "jid_1800367",
        "jid_1800359",
        "jid_1800373",
        "jid_1800366",
        "jid_1800275",
        "jid_1800299",
        "jid_1800587",
        "jid_1800297",
        "jid_1800646",
        "jid_1800435",
        "jid_1800530",
        "jid_1800529",
        "jid_1800348",
        "jid_1800272",
        "jid_1800276",
        "jid_1800447",
        "jid_1800531",
        "jid_1800590",
        "jid_1800588",
        "jid_1800300",
        "jid_1800285",
        "jid_1800473",
        "jid_1800461",
        "jid_1800424",
        "jid_1800380",
        "jid_1800280",
        "jid_1800657",
        "jid_1800411",
        "jid_1800420",
        "jid_1800404",
        "jid_1800821",
        "jid_1800513",
        "jid_1800506",
        "jid_1800520",
        "jid_1800563",
        "jid_1800574",
        "jid_1800632",
        "jid_1800607",
        "jid_1801116",
        "jid_1800647",
        "jid_1800586",
        "jid_1800737",
        "jid_1800648",
        "jid_1800556",
        "jid_1800718",
        "jid_1800640",
        "jid_1800725",
        "jid_1801148",
        "jid_1800756",
        "jid_1800649",
        "jid_1800614",
        "jid_1800778",
        "jid_1800689",
        "jid_1800687",
        "jid_1800727",
        "jid_1800622",
        "jid_1800621",
        "jid_1800661",
        "jid_1800706",
        "jid_1800637",
        "jid_1800659",
        "jid_1800728",
        "jid_1800554",
        "jid_1800740",
        "jid_1800758",
        "jid_1801104",
        "jid_1800549",
        "jid_1800544",
        "jid_1800569",
        "jid_1800723",
        "jid_1800709",
        "jid_1800573",
        "jid_1800562",
        "jid_1800735",
        "jid_1800641",
        "jid_1800804",
        "jid_1800773",
        "jid_1800676",
        "jid_1800771",
        "jid_1800787",
        "jid_1800802",
        "jid_1800807",
        "jid_1800532",
        "jid_1800665",
        "jid_1800542",
        "jid_1800793",
        "jid_1800775",
        "jid_1800750",
        "jid_1800663",
        "jid_1800776",
        "jid_1800700",
        "jid_1800608",
        "jid_1800558",
        "jid_1800678",
        "jid_1800546",
        "jid_1800580",
        "jid_1800564",
        "jid_1801209",
        "jid_1800853",
        "jid_1800878",
        "jid_1801213",
        "jid_1800851",
        "jid_1800861",
        "jid_1800911",
        "jid_1800872",
        "jid_1800893",
        "jid_1800866",
        "jid_1800890",
        "jid_1800977",
        "jid_1800939",
        "jid_1800823",
        "jid_1801062",
        "jid_1801085",
        "jid_1801060",
        "jid_1801067",
        "jid_1801149",
        "jid_1800979",
        "jid_1801188",
        "jid_1801026",
        "jid_1801032",
        "jid_1800994",
        "jid_1800870",
        "jid_1801023",
        "jid_1800882",
        "jid_1800892",
        "jid_1800835",
        "jid_1800934",
        "jid_1800933",
        "jid_1801037",
        "jid_1801028",
        "jid_1801051",
        "jid_1801036",
        "jid_1801307",
        "jid_1800922",
        "jid_1800925",
        "jid_1800900",
        "jid_1800971",
        "jid_1800961",
        "jid_1800926",
        "jid_1800919",
        "jid_1800917",
        "jid_1800931",
        "jid_1801008",
        "jid_1800964",
        "jid_1800969",
        "jid_1801045",
        "jid_1800968",
        "jid_1801712",
        "jid_1801089",
        "jid_1801093",
        "jid_1801077",
        "jid_1801103",
        "jid_1801110",
        "jid_1801087",
        "jid_1801161",
        "jid_1801153",
        "jid_1801154",
        "jid_1801208",
        "jid_1801167",
        "jid_1801700",
        "jid_1801131",
        "jid_1801134",
        "jid_1801175",
        "jid_1801263",
        "jid_1801299",
        "jid_1801283",
        "jid_1801179",
        "jid_1801688",
        "jid_1801239",
        "jid_1801243",
        "jid_1801328",
        "jid_1801288",
        "jid_1801310",
        "jid_1801236",
        "jid_1801242",
        "jid_1801244",
        "jid_1801251",
        "jid_1801312",
        "jid_1801246",
        "jid_1801255",
        "jid_1801330",
        "jid_1801275",
        "jid_1801303",
        "jid_1801368",
        "jid_1801689",
        "jid_1801354",
        "jid_1801319",
        "jid_1801343",
        "jid_1801348",
        "jid_1801338",
        "jid_1801271",
        "jid_1801273",
        "jid_1801291",
        "jid_1801277",
        "jid_1801345",
        "jid_1801217",
        "jid_1801210",
        "jid_1801193",
        "jid_1801225",
        "jid_1801218",
        "jid_1801191",
        "jid_1801282",
        "jid_1801333",
        "jid_1801349",
        "jid_1801385",
        "jid_1801384",
        "jid_1801406",
        "jid_1801613",
        "jid_1801699",
        "jid_1801448",
        "jid_1801434",
        "jid_1801507",
        "jid_1801481",
        "jid_1801491",
        "jid_1801528",
        "jid_1801536",
        "jid_1801540",
        "jid_1801443",
        "jid_1801447",
        "jid_1801415",
        "jid_1801545",
        "jid_1801546",
        "jid_1801554",
        "jid_1801378",
        "jid_1801576",
        "jid_1801544",
        "jid_1801514",
        "jid_1801488",
        "jid_1801552",
        "jid_1801553",
        "jid_1801563",
        "jid_1801428",
        "jid_1801494",
        "jid_1801529",
        "jid_1801465",
        "jid_1801564",
        "jid_1801473",
        "jid_1801551",
        "jid_1801607",
        "jid_1801492",
        "jid_1801453",
        "jid_1801693",
        "jid_1801466",
        "jid_1801568",
        "jid_1801525",
        "jid_1801566",
        "jid_1801487",
        "jid_1801555",
        "jid_1801424",
        "jid_1801485",
        "jid_1801490",
        "jid_1801577",
        "jid_1801548",
        "jid_1801637",
        "jid_1801600",
        "jid_1801535",
        "jid_1801624",
        "jid_1801690",
        "jid_1801622",
        "jid_1801651",
        "jid_1801672",
        "jid_1801636",
        "jid_1801657",
        "jid_1801684",
        "jid_1801671",
        "jid_1801679",
        "jid_1795219",
        "jid_1795272",
        "jid_1795248",
        "jid_1802043",
        "jid_1802025",
        "jid_1802022",
        "jid_1802023",
        "jid_1802442",
        "jid_1802458",
        "jid_1802311",
        "jid_1801716",
        "jid_1802378",
        "jid_1802374",
        "jid_1796489",
        "jid_1801737",
        "jid_1801758",
        "jid_1801753",
        "jid_1801759",
        "jid_1801782",
        "jid_1801771",
        "jid_1801802",
        "jid_1801810",
        "jid_1801775",
        "jid_1801786",
        "jid_1801781",
        "jid_1801783",
        "jid_1801795",
        "jid_1801809",
        "jid_1801822",
        "jid_1801816",
        "jid_1796517",
        "jid_1801817",
        "jid_1802065",
        "jid_1802249",
        "jid_1801969",
        "jid_1796635",
        "jid_1801749",
        "jid_1802229",
        "jid_1801908",
        "jid_1829715",
        "jid_1802495",
        "jid_1802495",
        "jid_1801897",
        "jid_1818750",
        "jid_1818750",
        "jid_1801893",
        "jid_1801893",
        "jid_1801893",
        "jid_1801893",
        "jid_1801893",
        "jid_1801893",
        "jid_1801893",
        "jid_1801893",
        "jid_1801893",
        "jid_1801893",
        "jid_1801893",
        "jid_1801893",
        "jid_1801893",
        "jid_1801893",
        "jid_1801893",
        "jid_1801893",
        "jid_1801893",
        "jid_1801893",
        "jid_1801893",
        "jid_1801893",
        "jid_1801893",
        "jid_1801893",
        "jid_1801893",
        "jid_1801893",
        "jid_1801893",
        "jid_1801893",
        "jid_1801893",
        "jid_1801893",
        "jid_1801893",
        "jid_1801893",
        "jid_1801893",
        "jid_1801893",
        "jid_1801893",
        "jid_1801893",
        "jid_1801893",
        "jid_1801893",
        "jid_1801893",
        "jid_1801893",
        "jid_1801893",
        "jid_1801893",
        "jid_1801893",
        "jid_1801893",
        "jid_1801893",
        "jid_1801893",
        "jid_1801893",
        "jid_1801893",
        "jid_1801893",
        "jid_1801893",
        "jid_1801893",
        "jid_1801893",
        "jid_1801893",
        "jid_1801893",
        "jid_1801893",
        "jid_1801893",
        "jid_1801893",
        "jid_1801893",
        "jid_1801893",
        "jid_1801893",
        "jid_1801893",
        "jid_1819997",
        "jid_1802671",
        "jid_1801868",
        "jid_1801869",
        "jid_1806377",
        "jid_1801949",
        "jid_1806547",
        "jid_1801887",
        "jid_1801891",
        "jid_1802251",
        "jid_1801899",
        "jid_1801899",
        "jid_1801955",
        "jid_1801955",
        "jid_1801955",
        "jid_1801955",
        "jid_1801955",
        "jid_1801955",
        "jid_1801955",
        "jid_1801955",
        "jid_1801955",
        "jid_1801955",
        "jid_1801955",
        "jid_1801955",
        "jid_1807111",
        "jid_1806823",
        "jid_1806845",
        "jid_1806814",
        "jid_1806858",
        "jid_1806860",
        "jid_1806812",
        "jid_1804922",
        "jid_1804929",
        "jid_1806042",
        "jid_1806159",
        "jid_1806087",
        "jid_1804907",
        "jid_1801967",
        "jid_1801967",
        "jid_1801967",
        "jid_1801967",
        "jid_1801967",
        "jid_1801967",
        "jid_1801967",
        "jid_1801967",
        "jid_1801967",
        "jid_1801967",
        "jid_1801967",
        "jid_1801967",
        "jid_1801967",
        "jid_1801967",
        "jid_1801967",
        "jid_1801967",
        "jid_1801967",
        "jid_1801967",
        "jid_1801967",
        "jid_1801967",
        "jid_1801967",
        "jid_1801967",
        "jid_1801967",
        "jid_1801967",
        "jid_1801967",
        "jid_1801967",
        "jid_1801967",
        "jid_1801967",
        "jid_1801967",
        "jid_1801967",
        "jid_1801967",
        "jid_1801967",
        "jid_1801967",
        "jid_1801967",
        "jid_1801967",
        "jid_1801971",
        "jid_1801971",
        "jid_1801971",
        "jid_1801971",
        "jid_1801971",
        "jid_1801971",
        "jid_1801971",
        "jid_1801971",
        "jid_1801971",
        "jid_1801971",
        "jid_1801971",
        "jid_1801971",
        "jid_1801971",
        "jid_1801971",
        "jid_1801971",
        "jid_1801971",
        "jid_1801971",
        "jid_1801971",
        "jid_1801971",
        "jid_1801971",
        "jid_1801971",
        "jid_1801971",
        "jid_1801971",
        "jid_1801971",
        "jid_1801971",
        "jid_1801971",
        "jid_1801971",
        "jid_1801971",
        "jid_1801971",
        "jid_1801971",
        "jid_1801963",
        "jid_1802004",
        "jid_1802004",
        "jid_1802004",
        "jid_1802004",
        "jid_1802004",
        "jid_1802004",
        "jid_1802004",
        "jid_1802004",
        "jid_1802004",
        "jid_1802004",
        "jid_1802004",
        "jid_1802004",
        "jid_1802004",
        "jid_1802004",
        "jid_1802004",
        "jid_1802004",
        "jid_1802004",
        "jid_1802004",
        "jid_1802004",
        "jid_1802004",
        "jid_1802004",
        "jid_1802004",
        "jid_1802004",
        "jid_1802004",
        "jid_1802004",
        "jid_1802004",
        "jid_1802004",
        "jid_1802004",
        "jid_1802004",
        "jid_1802004",
        "jid_1802004",
        "jid_1802004",
        "jid_1802004",
        "jid_1802004",
        "jid_1802397",
        "jid_1802397",
        "jid_1802397",
        "jid_1802397",
        "jid_1802017",
        "jid_1802017",
        "jid_1802017",
        "jid_1802017",
        "jid_1802017",
        "jid_1802017",
        "jid_1802017",
        "jid_1802017",
        "jid_1802017",
        "jid_1802017",
        "jid_1802017",
        "jid_1802017",
        "jid_1802017",
        "jid_1802017",
        "jid_1802017",
        "jid_1802017",
        "jid_1802017",
        "jid_1802017",
        "jid_1802017",
        "jid_1802017",
        "jid_1802017",
        "jid_1802017",
        "jid_1802017",
        "jid_1802017",
        "jid_1802017",
        "jid_1802017",
        "jid_1802017",
        "jid_1802017",
        "jid_1802017",
        "jid_1802017",
        "jid_1802017",
        "jid_1802017",
        "jid_1802017",
        "jid_1802017",
        "jid_1802334",
        "jid_1802027",
        "jid_1802027",
        "jid_1802027",
        "jid_1802027",
        "jid_1802027",
        "jid_1802027",
        "jid_1802027",
        "jid_1802027",
        "jid_1802027",
        "jid_1802027",
        "jid_1802027",
        "jid_1802027",
        "jid_1802027",
        "jid_1802027",
        "jid_1802027",
        "jid_1802027",
        "jid_1802027",
        "jid_1802027",
        "jid_1802027",
        "jid_1802027",
        "jid_1802326",
        "jid_1802048",
        "jid_1802048",
        "jid_1802048",
        "jid_1802048",
        "jid_1802048",
        "jid_1802048",
        "jid_1802048",
        "jid_1802048",
        "jid_1802048",
        "jid_1802048",
        "jid_1802048",
        "jid_1802048",
        "jid_1802048",
        "jid_1802048",
        "jid_1802048",
        "jid_1802048",
        "jid_1802048",
        "jid_1802048",
        "jid_1802048",
        "jid_1802048",
        "jid_1802048",
        "jid_1802048",
        "jid_1802057",
        "jid_1802057",
        "jid_1802057",
        "jid_1802057",
        "jid_1802057",
        "jid_1802057",
        "jid_1802057",
        "jid_1802057",
        "jid_1802057",
        "jid_1802057",
        "jid_1802057",
        "jid_1802057",
        "jid_1802057",
        "jid_1802057",
        "jid_1802057",
        "jid_1802057",
        "jid_1802057",
        "jid_1802057",
        "jid_1802057",
        "jid_1802057",
        "jid_1802057",
        "jid_1802057",
        "jid_1802057",
        "jid_1802057",
        "jid_1802057",
        "jid_1802057",
        "jid_1802057",
        "jid_1802057",
        "jid_1802057",
        "jid_1802057",
        "jid_1802057",
        "jid_1802057",
        "jid_1802057",
        "jid_1802057",
        "jid_1802057",
        "jid_1802057",
        "jid_1802057",
        "jid_1802057",
        "jid_1802057",
        "jid_1802057",
        "jid_1802087",
        "jid_1806509",
        "jid_1802005",
        "jid_1802236",
        "jid_1802236",
        "jid_1829723",
        "jid_1840197",
        "jid_1840175",
        "jid_1842771",
        "jid_1843284",
        "jid_1843811",
        "jid_1865953",
        "jid_1873671",
        "jid_1874298",
        "jid_1885142",
        "jid_1887634",
        "jid_1962905",
        "jid_1906265",
        "jid_1905961",
        "jid_1894144",
        "jid_1906622",
        "jid_1908394",
        "jid_1908765",
        "jid_1909380",
        "jid_1909388",
        "jid_1802242",
        "jid_1802254",
        "jid_1802052",
        "jid_1802136",
        "jid_1802136",
        "jid_1802136",
        "jid_1802136",
        "jid_1802136",
        "jid_1802136",
        "jid_1802136",
        "jid_1802136",
        "jid_1802136",
        "jid_1802136",
        "jid_1802136",
        "jid_1802136",
        "jid_1802136",
        "jid_1802136",
        "jid_1802136",
        "jid_1802136",
        "jid_1802136",
        "jid_1802136",
        "jid_1802136",
        "jid_1802136",
        "jid_1802136",
        "jid_1802136",
        "jid_1802136",
        "jid_1802136",
        "jid_1802136",
        "jid_1802136",
        "jid_1802136",
        "jid_1802136",
        "jid_1802136",
        "jid_1802136",
        "jid_1802136",
        "jid_1802136",
        "jid_1802136",
        "jid_1802136",
        "jid_1802136",
        "jid_1802136",
        "jid_1802136",
        "jid_1802136",
        "jid_1802136",
        "jid_1802136",
        "jid_1802136",
        "jid_1802136",
        "jid_1802136",
        "jid_1802136",
        "jid_1802136",
        "jid_1802136",
        "jid_1802136",
        "jid_1802136",
        "jid_1802136",
        "jid_1802136",
        "jid_1802136",
        "jid_1802136",
        "jid_1802136",
        "jid_1802136",
        "jid_1802136",
        "jid_1802136",
        "jid_1802136",
        "jid_1802136",
        "jid_1802136",
        "jid_1802136",
        "jid_1802136",
        "jid_1802136",
        "jid_1802069",
        "jid_1802143",
        "jid_1802080",
        "jid_1802644",
        "jid_1802644",
        "jid_1802644",
        "jid_1802117",
        "jid_1802130",
        "jid_1802746",
        "jid_1802746",
        "jid_1803347",
        "jid_1802982",
        "jid_1803871",
        "jid_1803118",
        "jid_1802994",
        "jid_1802985",
        "jid_1803483",
        "jid_1803879",
        "jid_1803919",
        "jid_1803854",
        "jid_1803412",
        "jid_1803309",
        "jid_1803233",
        "jid_1803379",
        "jid_1803469",
        "jid_1803199",
        "jid_1803235",
        "jid_1803837",
        "jid_1803088",
        "jid_1803164",
        "jid_1803924",
        "jid_1803905",
        "jid_1803907",
        "jid_1803417",
        "jid_1803219",
        "jid_1803710",
        "jid_1803597",
        "jid_1803035",
        "jid_1803901",
        "jid_1803090",
        "jid_1803305",
        "jid_1802949",
        "jid_1803014",
        "jid_1803001",
        "jid_1803708",
        "jid_1803413",
        "jid_1803453",
        "jid_1803344",
        "jid_1803328",
        "jid_1803026",
        "jid_1803649",
        "jid_1803409",
        "jid_1803456",
        "jid_1803162",
        "jid_1803716",
        "jid_1803874",
        "jid_1803158",
        "jid_1803288",
        "jid_1803368",
        "jid_1803433",
        "jid_1803408",
        "jid_1803552",
        "jid_1803098",
        "jid_1803038",
        "jid_1803893",
        "jid_1803388",
        "jid_1803310",
        "jid_1802941",
        "jid_1803238",
        "jid_1803623",
        "jid_1803865",
        "jid_1803029",
        "jid_1803414",
        "jid_1803470",
        "jid_1803696",
        "jid_1803740",
        "jid_1803736",
        "jid_1803122",
        "jid_1803590",
        "jid_1803154",
        "jid_1803475",
        "jid_1803197",
        "jid_1803586",
        "jid_1803455",
        "jid_1803192",
        "jid_1803120",
        "jid_1803279",
        "jid_1803869",
        "jid_1803702",
        "jid_1803458",
        "jid_1803302",
        "jid_1803862",
        "jid_1803531",
        "jid_1803877",
        "jid_1803438",
        "jid_1803452",
        "jid_1803937",
        "jid_1803730",
        "jid_1803934",
        "jid_1803749",
        "jid_1803613",
        "jid_1803633",
        "jid_1803457",
        "jid_1803005",
        "jid_1803415",
        "jid_1803345",
        "jid_1803701",
        "jid_1803759",
        "jid_1803589",
        "jid_1803491",
        "jid_1803568",
        "jid_1803436",
        "jid_1803561",
        "jid_1803890",
        "jid_1803707",
        "jid_1803812",
        "jid_1803853",
        "jid_1803891",
        "jid_1803320",
        "jid_1803260",
        "jid_1803645",
        "jid_1803746",
        "jid_1803220",
        "jid_1803168",
        "jid_1803548",
        "jid_1803602",
        "jid_1803887",
        "jid_1803342",
        "jid_1803614",
        "jid_1803282",
        "jid_1803540",
        "jid_1802146",
        "jid_1803194",
        "jid_1803733",
        "jid_1803222",
        "jid_1803190",
        "jid_1803494",
        "jid_1803315",
        "jid_1803108",
        "jid_1803180",
        "jid_1803918",
        "jid_1803885",
        "jid_1803542",
        "jid_1803521",
        "jid_1803298",
        "jid_1803775",
        "jid_1803622",
        "jid_1803131",
        "jid_1803185",
        "jid_1803844",
        "jid_1803198",
        "jid_1803912",
        "jid_1803683",
        "jid_1803847",
        "jid_1803186",
        "jid_1803132",
        "jid_1803225",
        "jid_1803664",
        "jid_1803936",
        "jid_1803053",
        "jid_1803747",
        "jid_1803571",
        "jid_1803836",
        "jid_1803821",
        "jid_1803923",
        "jid_1803134",
        "jid_1803823",
        "jid_1803348",
        "jid_1803724",
        "jid_1803742",
        "jid_1803653",
        "jid_1803608",
        "jid_1803935",
        "jid_1803808",
        "jid_1803059",
        "jid_1803216",
        "jid_1803880",
        "jid_1803205",
        "jid_1803581",
        "jid_1803208",
        "jid_1803704",
        "jid_1803534",
        "jid_1803721",
        "jid_1803911",
        "jid_1803729",
        "jid_1803723",
        "jid_1803818",
        "jid_1803915",
        "jid_1803838",
        "jid_1803229",
        "jid_1803329",
        "jid_1803231",
        "jid_1803669",
        "jid_1803781",
        "jid_1803791",
        "jid_1803556",
        "jid_1803817",
        "jid_1803760",
        "jid_1803822",
        "jid_1803215",
        "jid_1803574",
        "jid_1803715",
        "jid_1806567",
        "jid_1806567",
        "jid_1806336",
        "jid_1806336",
        "jid_1806336",
        "jid_1806339",
        "jid_1806339",
        "jid_1802193",
        "jid_1806574",
        "jid_1802187",
        "jid_1806461",
        "jid_1806461",
        "jid_1806489",
        "jid_1806489",
        "jid_1806507",
        "jid_1806507",
        "jid_1806507",
        "jid_1806507",
        "jid_1802262",
        "jid_1806458",
        "jid_1806458",
        "jid_1802205",
        "jid_1806519",
        "jid_1806584",
        "jid_1802206",
        "jid_1802213",
        "jid_1806586",
        "jid_1806586",
        "jid_1806586",
        "jid_1802247",
        "jid_1806588",
        "jid_1802220",
        "jid_1806522",
        "jid_1806522",
        "jid_1806590",
        "jid_1806590",
        "jid_1802221",
        "jid_1806504",
        "jid_1806420",
        "jid_1806420",
        "jid_1806420",
        "jid_1828860",
        "jid_1828735",
        "jid_1828840",
        "jid_1806485",
        "jid_1806485",
        "jid_1825921",
        "jid_1828771",
        "jid_1802318",
        "jid_1806851",
        "jid_1828865",
        "jid_1802560",
        "jid_1802791",
        "jid_1804914",
        "jid_1804948",
        "jid_1806097",
        "jid_1804935",
        "jid_1805161",
        "jid_1804666",
        "jid_1804150",
        "jid_1804668",
        "jid_1805054",
        "jid_1805323",
        "jid_1804167",
        "jid_1804932",
        "jid_1806093",
        "jid_1805073",
        "jid_1804183",
        "jid_1806095",
        "jid_1804634",
        "jid_1806080",
        "jid_1804923",
        "jid_1804221",
        "jid_1805158",
        "jid_1804953",
        "jid_1804952",
        "jid_1804851",
        "jid_1804844",
        "jid_1806147",
        "jid_1804999",
        "jid_1804845",
        "jid_1804916",
        "jid_1804921",
        "jid_1806088",
        "jid_1804858",
        "jid_1805322",
        "jid_1805031",
        "jid_1805209",
        "jid_1805022",
        "jid_1804847",
        "jid_1805203",
        "jid_1804728",
        "jid_1805198",
        "jid_1805115",
        "jid_1804956",
        "jid_1804934",
        "jid_1805485",
        "jid_1805003",
        "jid_1805007",
        "jid_1804983",
        "jid_1804874",
        "jid_1804871",
        "jid_1805050",
        "jid_1804946",
        "jid_1804861",
        "jid_1805058",
        "jid_1804985",
        "jid_1804987",
        "jid_1805110",
        "jid_1805114",
        "jid_1805130",
        "jid_1805326",
        "jid_1804638",
        "jid_1806109",
        "jid_1804892",
        "jid_1805166",
        "jid_1804853",
        "jid_1804730",
        "jid_1804215",
        "jid_1805290",
        "jid_1805155",
        "jid_1806102",
        "jid_1804222",
        "jid_1804253",
        "jid_1805131",
        "jid_1805025",
        "jid_1805259",
        "jid_1804238",
        "jid_1805082",
        "jid_1804208",
        "jid_1804246",
        "jid_1804656",
        "jid_1804237",
        "jid_1804883",
        "jid_1805183",
        "jid_1804893",
        "jid_1804205",
        "jid_1804625",
        "jid_1805100",
        "jid_1804790",
        "jid_1805083",
        "jid_1806118",
        "jid_1804251",
        "jid_1805145",
        "jid_1804228",
        "jid_1805125",
        "jid_1804216",
        "jid_1804781",
        "jid_1805171",
        "jid_1805316",
        "jid_1804654",
        "jid_1805296",
        "jid_1805370",
        "jid_1805305",
        "jid_1805112",
        "jid_1805469",
        "jid_1805460",
        "jid_1805508",
        "jid_1805470",
        "jid_1805327",
        "jid_1805122",
        "jid_1805147",
        "jid_1805299",
        "jid_1805311",
        "jid_1805297",
        "jid_1805294",
        "jid_1805415",
        "jid_1805328",
        "jid_1805365",
        "jid_1805444",
        "jid_1805201",
        "jid_1805226",
        "jid_1804698",
        "jid_1804872",
        "jid_1805010",
        "jid_1805285",
        "jid_1805096",
        "jid_1805233",
        "jid_1806143",
        "jid_1805474",
        "jid_1805214",
        "jid_1804864",
        "jid_1804917",
        "jid_1805181",
        "jid_1805255",
        "jid_1804774",
        "jid_1805486",
        "jid_1804732",
        "jid_1805278",
        "jid_1804882",
        "jid_1806129",
        "jid_1805257",
        "jid_1805384",
        "jid_1805156",
        "jid_1805271",
        "jid_1805266",
        "jid_1805325",
        "jid_1805318",
        "jid_1805308",
        "jid_1806138",
        "jid_1804890",
        "jid_1805357",
        "jid_1805126",
        "jid_1805405",
        "jid_1805194",
        "jid_1805348",
        "jid_1805399",
        "jid_1805410",
        "jid_1805239",
        "jid_1805473",
        "jid_1804951",
        "jid_1805403",
        "jid_1805350",
        "jid_1804243",
        "jid_1804735",
        "jid_1804716",
        "jid_1803971",
        "jid_1804236",
        "jid_1804218",
        "jid_1805339",
        "jid_1804651",
        "jid_1804648",
        "jid_1805446",
        "jid_1804224",
        "jid_1805283",
        "jid_1804235",
        "jid_1804247",
        "jid_1804211",
        "jid_1805426",
        "jid_1805475",
        "jid_1804225",
        "jid_1805265",
        "jid_1804217",
        "jid_1805433",
        "jid_1805376",
        "jid_1805692",
        "jid_1805601",
        "jid_1805715",
        "jid_1805562",
        "jid_1805557",
        "jid_1804301",
        "jid_1804298",
        "jid_1805390",
        "jid_1805611",
        "jid_1805363",
        "jid_1804675",
        "jid_1805567",
        "jid_1805560",
        "jid_1805522",
        "jid_1805694",
        "jid_1805553",
        "jid_1804285",
        "jid_1806223",
        "jid_1806206",
        "jid_1806251",
        "jid_1805930",
        "jid_1804321",
        "jid_1804294",
        "jid_1806240",
        "jid_1805591",
        "jid_1805669",
        "jid_1805552",
        "jid_1804729",
        "jid_1804744",
        "jid_1804783",
        "jid_1805650",
        "jid_1805758",
        "jid_1804353",
        "jid_1805596",
        "jid_1805516",
        "jid_1805661",
        "jid_1806001",
        "jid_1805769",
        "jid_1804308",
        "jid_1806234",
        "jid_1806239",
        "jid_1806210",
        "jid_1804384",
        "jid_1805702",
        "jid_1806226",
        "jid_1805781",
        "jid_1805623",
        "jid_1805628",
        "jid_1804319",
        "jid_1805774",
        "jid_1804339",
        "jid_1805691",
        "jid_1805934",
        "jid_1805676",
        "jid_1805734",
        "jid_1805716",
        "jid_1804830",
        "jid_1805581",
        "jid_1805500",
        "jid_1806203",
        "jid_1806252",
        "jid_1805639",
        "jid_1806245",
        "jid_1805641",
        "jid_1805812",
        "jid_1805538",
        "jid_1804723",
        "jid_1806233",
        "jid_1805830",
        "jid_1804827",
        "jid_1805651",
        "jid_1804313",
        "jid_1805724",
        "jid_1805703",
        "jid_1805738",
        "jid_1806227",
        "jid_1804738",
        "jid_1805733",
        "jid_1804385",
        "jid_1804382",
        "jid_1804364",
        "jid_1805797",
        "jid_1805842",
        "jid_1804773",
        "jid_1805755",
        "jid_1804793",
        "jid_1805653",
        "jid_1805754",
        "jid_1805585",
        "jid_1805605",
        "jid_1804697",
        "jid_1805666",
        "jid_1805796",
        "jid_1804743",
        "jid_1806277",
        "jid_1805507",
        "jid_1805719",
        "jid_1804347",
        "jid_1805542",
        "jid_1804788",
        "jid_1803974",
        "jid_1804792",
        "jid_1805512",
        "jid_1804369",
        "jid_1806033",
        "jid_1804361",
        "jid_1806195",
        "jid_1806035",
        "jid_1805533",
        "jid_1805798",
        "jid_1805814",
        "jid_1805787",
        "jid_1805816",
        "jid_1805878",
        "jid_1805997",
        "jid_1806237",
        "jid_1804812",
        "jid_1804802",
        "jid_1805776",
        "jid_1805810",
        "jid_1805896",
        "jid_1803990",
        "jid_1805959",
        "jid_1805946",
        "jid_1806267",
        "jid_1805961",
        "jid_1806201",
        "jid_1804425",
        "jid_1804834",
        "jid_1805954",
        "jid_1806012",
        "jid_1805698",
        "jid_1804415",
        "jid_1804422",
        "jid_1804764",
        "jid_1804426",
        "jid_1804398",
        "jid_1806023",
        "jid_1803978",
        "jid_1804770",
        "jid_1804424",
        "jid_1805963",
        "jid_1806002",
        "jid_1804410",
        "jid_1805874",
        "jid_1805889",
        "jid_1805951",
        "jid_1805927",
        "jid_1806274",
        "jid_1805881",
        "jid_1805943",
        "jid_1805884",
        "jid_1805548",
        "jid_1805986",
        "jid_1806015",
        "jid_1805981",
        "jid_1806278",
        "jid_1806040",
        "jid_1806000",
        "jid_1806039",
        "jid_1805929",
        "jid_1806014",
        "jid_1805910",
        "jid_1804817",
        "jid_1806038",
        "jid_1805770",
        "jid_1804407",
        "jid_1804759",
        "jid_1806029",
        "jid_1806046",
        "jid_1804814",
        "jid_1806027",
        "jid_1805859",
        "jid_1802315",
        "jid_1836732",
        "jid_1836856",
        "jid_1802377",
        "jid_1802384",
        "jid_1802382",
        "jid_1802390",
        "jid_1802447",
        "jid_1802447",
        "jid_1802447",
        "jid_1802447",
        "jid_1802447",
        "jid_1802447",
        "jid_1802447",
        "jid_1802447",
        "jid_1802447",
        "jid_1802447",
        "jid_1802447",
        "jid_1802447",
        "jid_1802447",
        "jid_1802447",
        "jid_1802447",
        "jid_1802447",
        "jid_1802447",
        "jid_1802447",
        "jid_1802447",
        "jid_1802447",
        "jid_1802447",
        "jid_1802447",
        "jid_1802447",
        "jid_1802447",
        "jid_1802447",
        "jid_1802447",
        "jid_1802447",
        "jid_1802447",
        "jid_1802447",
        "jid_1802447",
        "jid_1802447",
        "jid_1802447",
        "jid_1802447",
        "jid_1802447",
        "jid_1802447",
        "jid_1802447",
        "jid_1802447",
        "jid_1802447",
        "jid_1802447",
        "jid_1802447",
        "jid_1802447",
        "jid_1802447",
        "jid_1802447",
        "jid_1802447",
        "jid_1802447",
        "jid_1802447",
        "jid_1802447",
        "jid_1802447",
        "jid_1802464",
        "jid_1802464",
        "jid_1802464",
        "jid_1802464",
        "jid_1802464",
        "jid_1802464",
        "jid_1802464",
        "jid_1802464",
        "jid_1802464",
        "jid_1802464",
        "jid_1802464",
        "jid_1802464",
        "jid_1802464",
        "jid_1802464",
        "jid_1802464",
        "jid_1802464",
        "jid_1802464",
        "jid_1802464",
        "jid_1802464",
        "jid_1802464",
        "jid_1802464",
        "jid_1802464",
        "jid_1802464",
        "jid_1802464",
        "jid_1802464",
        "jid_1802464",
        "jid_1802464",
        "jid_1802464",
        "jid_1802464",
        "jid_1802464",
        "jid_1802464",
        "jid_1802464",
        "jid_1802464",
        "jid_1802464",
        "jid_1802464",
        "jid_1802464",
        "jid_1802464",
        "jid_1802464",
        "jid_1802464",
        "jid_1802464",
        "jid_1802464",
        "jid_1802464",
        "jid_1802464",
        "jid_1802464",
        "jid_1802464",
        "jid_1802464",
        "jid_1802464",
        "jid_1802464",
        "jid_1802464",
        "jid_1802464",
        "jid_1802464",
        "jid_1802464",
        "jid_1802890",
        "jid_1802886",
        "jid_1802884",
        "jid_1802589",
        "jid_1802562",
        "jid_1802446",
        "jid_1802410",
        "jid_1802755",
        "jid_1802419",
        "jid_1802419",
        "jid_1802639",
        "jid_1802452",
        "jid_1802454",
        "jid_1802515",
        "jid_1802528",
        "jid_1802524",
        "jid_1802646",
        "jid_1802646",
        "jid_1802646",
        "jid_1802646",
        "jid_1802646",
        "jid_1802646",
        "jid_1802646",
        "jid_1802646",
        "jid_1802646",
        "jid_1802646",
        "jid_1802646",
        "jid_1802646",
        "jid_1802646",
        "jid_1802646",
        "jid_1802646",
        "jid_1802646",
        "jid_1802646",
        "jid_1802646",
        "jid_1802646",
        "jid_1802646",
        "jid_1802646",
        "jid_1802646",
        "jid_1802646",
        "jid_1802646",
        "jid_1802646",
        "jid_1802646",
        "jid_1802646",
        "jid_1802646",
        "jid_1802646",
        "jid_1802646",
        "jid_1802646",
        "jid_1802646",
        "jid_1802646",
        "jid_1802646",
        "jid_1802646",
        "jid_1802646",
        "jid_1802646",
        "jid_1802646",
        "jid_1802646",
        "jid_1802646",
        "jid_1802646",
        "jid_1802646",
        "jid_1802646",
        "jid_1802646",
        "jid_1802646",
        "jid_1802646",
        "jid_1802646",
        "jid_1802646",
        "jid_1802646",
        "jid_1802646",
        "jid_1802646",
        "jid_1802646",
        "jid_1802646",
        "jid_1802646",
        "jid_1802646",
        "jid_1802646",
        "jid_1802646",
        "jid_1802646",
        "jid_1802646",
        "jid_1802646",
        "jid_1802646",
        "jid_1802646",
        "jid_1802646",
        "jid_1802646",
        "jid_1802646",
        "jid_1802646",
        "jid_1802507",
        "jid_1802596",
        "jid_1802517",
        "jid_1802579",
        "jid_1802549",
        "jid_1802551",
        "jid_1802604",
        "jid_1802571",
        "jid_1802620",
        "jid_1802709",
        "jid_1802561",
        "jid_1802613",
        "jid_1802566",
        "jid_1802568",
        "jid_1802804",
        "jid_1802580",
        "jid_1802621",
        "jid_1802658",
        "jid_1802795",
        "jid_1802807",
        "jid_1802688",
        "jid_1806633",
        "jid_1829609",
        "jid_1802874",
        "jid_1802874",
        "jid_1802874",
        "jid_1802874",
        "jid_1802874",
        "jid_1802874",
        "jid_1802874",
        "jid_1802874",
        "jid_1802874",
        "jid_1802874",
        "jid_1802874",
        "jid_1802874",
        "jid_1802874",
        "jid_1802874",
        "jid_1802874",
        "jid_1802874",
        "jid_1802874",
        "jid_1802874",
        "jid_1802874",
        "jid_1802874",
        "jid_1802874",
        "jid_1802874",
        "jid_1802874",
        "jid_1802874",
        "jid_1802874",
        "jid_1802874",
        "jid_1802874",
        "jid_1802874",
        "jid_1802874",
        "jid_1802874",
        "jid_1802874",
        "jid_1802874",
        "jid_1802874",
        "jid_1802874",
        "jid_1802874",
        "jid_1802874",
        "jid_1802874",
        "jid_1802874",
        "jid_1802874",
        "jid_1802874",
        "jid_1802874",
        "jid_1802874",
        "jid_1802874",
        "jid_1802874",
        "jid_1802874",
        "jid_1802874",
        "jid_1802874",
        "jid_1802874",
        "jid_1802874",
        "jid_1802874",
        "jid_1802874",
        "jid_1802874",
        "jid_1802874",
        "jid_1802874",
        "jid_1802874",
        "jid_1802874",
        "jid_1802874",
        "jid_1802874",
        "jid_1802874",
        "jid_1802874",
        "jid_1802874",
        "jid_1802874",
        "jid_1802874",
        "jid_1802874",
        "jid_1802874",
        "jid_1802717",
        "jid_1806600",
        "jid_1806629",
        "jid_1802699",
        "jid_1802725",
        "jid_1802713",
        "jid_1802724",
        "jid_1802754",
        "jid_1802855",
        "jid_1802736",
        "jid_1802747",
        "jid_1802748",
        "jid_1802762",
        "jid_1806572",
        "jid_1806572",
        "jid_1806572",
        "jid_1806572",
        "jid_1806572",
        "jid_1806432",
        "jid_1802768",
        "jid_1802801",
        "jid_1816915",
        "jid_1802809",
        "jid_1802841",
        "jid_1802920",
        "jid_1802936",
        "jid_1802851",
        "jid_1819031",
        "jid_1819044",
        "jid_1819068",
        "jid_1819079",
        "jid_1819085",
        "jid_1824238",
        "jid_1818977",
        "jid_1802896",
        "jid_1802889",
        "jid_1802907",
        "jid_1802914",
        "jid_1802928",
        "jid_1803069",
        "jid_1802925",
        "jid_1803094",
        "jid_1803094",
        "jid_1802966",
        "jid_1803073",
        "jid_1803076",
        "jid_1803080",
        "jid_1803081",
        "jid_1803082",
        "jid_1803244",
        "jid_1806592",
        "jid_1806681",
        "jid_1882419",
        "jid_1806853",
        "jid_1806624",
        "jid_1810070",
        "jid_1803241",
        "jid_1806416",
        "jid_1806367",
        "jid_1806363",
        "jid_1806389",
        "jid_1803268",
        "jid_1803265",
        "jid_1806382",
        "jid_1806528",
        "jid_1806733",
        "jid_1806512",
        "jid_1804579",
        "jid_1803946",
        "jid_1806322",
        "jid_1803953",
        "jid_1832554",
        "jid_1804007",
        "jid_1804015",
        "jid_1804035",
        "jid_1804017",
        "jid_1804049",
        "jid_1804047",
        "jid_1804065",
        "jid_1804043",
        "jid_1803997",
        "jid_1804026",
        "jid_1804027",
        "jid_1804004",
        "jid_1804262",
        "jid_1804058",
        "jid_1804131",
        "jid_1804267",
        "jid_1804111",
        "jid_1804148",
        "jid_1804159",
        "jid_1804120",
        "jid_1804181",
        "jid_1804085",
        "jid_1804165",
        "jid_1804110",
        "jid_1804200",
        "jid_1804177",
        "jid_1804161",
        "jid_1804179",
        "jid_1804162",
        "jid_1804137",
        "jid_1804124",
        "jid_1804145",
        "jid_1804428",
        "jid_1804478",
        "jid_1804434",
        "jid_1804598",
        "jid_1804442",
        "jid_1804573",
        "jid_1804486",
        "jid_1804465",
        "jid_1804477",
        "jid_1804495",
        "jid_1804462",
        "jid_1804505",
        "jid_1804432",
        "jid_1804515",
        "jid_1804480",
        "jid_1804469",
        "jid_1804603",
        "jid_1804485",
        "jid_1804490",
        "jid_1804585",
        "jid_1804553",
        "jid_1804591",
        "jid_1804536",
        "jid_1804548",
        "jid_1804497",
        "jid_1804605",
        "jid_1804532",
        "jid_1804457",
        "jid_1804509",
        "jid_1804472",
        "jid_1804529",
        "jid_1804492",
        "jid_1804600",
        "jid_1804476",
        "jid_1804554",
        "jid_1804538",
        "jid_1804565",
        "jid_1804552",
        "jid_1804571",
        "jid_1804545",
        "jid_1804507",
        "jid_1804512",
        "jid_1804468",
        "jid_1804506",
        "jid_1804484",
        "jid_1804539",
        "jid_1804517",
        "jid_1804546",
        "jid_1806340",
        "jid_1804840",
        "jid_1809575",
        "jid_1809584",
        "jid_1806831",
        "jid_1806832",
        "jid_1806833",
        "jid_1806829",
        "jid_1802644",
        "jid_1802644",
        "jid_1802644",
        "jid_1802644",
        "jid_1802644",
        "jid_1802644",
        "jid_1802644",
        "jid_1806330",
        "jid_1806343",
        "jid_1806316",
        "jid_1806863",
        "jid_1805346",
        "jid_1805960",
        "jid_1478263",
        "jid_1618865",
        "jid_1806069",
        "jid_1806084",
        "jid_1806154",
        "jid_1806198",
        "jid_1806335",
        "jid_1819491",
        "jid_1819492",
        "jid_1819483",
        "jid_1819497",
        "jid_1819471",
        "jid_1819478",
        "jid_1819488",
        "jid_1819467",
        "jid_1820454",
        "jid_1820325",
        "jid_1820580",
        "jid_1820412",
        "jid_1819438",
        "jid_1819430",
        "jid_1819411",
        "jid_1819404",
        "jid_1806325",
        "jid_1806680",
        "jid_1806565",
        "jid_1806421",
        "jid_1806647",
        "jid_1806640",
        "jid_1816626",
        "jid_1816574",
        "jid_1816595",
        "jid_1816658",
        "jid_1806803",
        "jid_1816862",
        "jid_1806392",
        "jid_1806380",
        "jid_1807425",
        "jid_1807441",
        "jid_1807345",
        "jid_1807579",
        "jid_1807288",
        "jid_1807347",
        "jid_1809642",
        "jid_1807343",
        "jid_1807404",
        "jid_1807296",
        "jid_1807559",
        "jid_1807350",
        "jid_1807430",
        "jid_1807399",
        "jid_1809594",
        "jid_1807286",
        "jid_1809569",
        "jid_1807502",
        "jid_1807419",
        "jid_1807352",
        "jid_1809644",
        "jid_1807535",
        "jid_1807623",
        "jid_1807658",
        "jid_1807410",
        "jid_1807415",
        "jid_1807432",
        "jid_1809597",
        "jid_1807420",
        "jid_1807401",
        "jid_1807362",
        "jid_1809603",
        "jid_1807726",
        "jid_1809650",
        "jid_1806881",
        "jid_1882184",
        "jid_1807336",
        "jid_1882145",
        "jid_1807815",
        "jid_1807882",
        "jid_1809608",
        "jid_1807589",
        "jid_1807407",
        "jid_1807400",
        "jid_1807678",
        "jid_1807608",
        "jid_1807353",
        "jid_1807453",
        "jid_1807649",
        "jid_1807445",
        "jid_1807473",
        "jid_1807479",
        "jid_1807091",
        "jid_1807490",
        "jid_1807537",
        "jid_1807440",
        "jid_1807597",
        "jid_1809655",
        "jid_1809653",
        "jid_1807719",
        "jid_1807697",
        "jid_1807618",
        "jid_1886304",
        "jid_1806880",
        "jid_1807093",
        "jid_1808106",
        "jid_1807448",
        "jid_1809675",
        "jid_1809663",
        "jid_1806925",
        "jid_1806931",
        "jid_1807525",
        "jid_1807104",
        "jid_1807600",
        "jid_1809689",
        "jid_1806930",
        "jid_1806937",
        "jid_1807629",
        "jid_1807810",
        "jid_1807790",
        "jid_1807612",
        "jid_1806928",
        "jid_1806907",
        "jid_1806906",
        "jid_1807588",
        "jid_1807757",
        "jid_1807823",
        "jid_1807557",
        "jid_1807434",
        "jid_1807717",
        "jid_1809795",
        "jid_1806934",
        "jid_1807480",
        "jid_1807294",
        "jid_1807596",
        "jid_1808134",
        "jid_1807498",
        "jid_1807521",
        "jid_1807801",
        "jid_1807614",
        "jid_1807805",
        "jid_1807463",
        "jid_1807722",
        "jid_1807671",
        "jid_1809624",
        "jid_1807610",
        "jid_1807839",
        "jid_1807606",
        "jid_1807311",
        "jid_1807675",
        "jid_1807761",
        "jid_1809699",
        "jid_1807691",
        "jid_1807657",
        "jid_1807866",
        "jid_1807869",
        "jid_1809672",
        "jid_1802042",
        "jid_1807785",
        "jid_1807793",
        "jid_1807724",
        "jid_1809734",
        "jid_1807685",
        "jid_1808383",
        "jid_1801915",
        "jid_1807832",
        "jid_1882247",
        "jid_1882314",
        "jid_1882396",
        "jid_1804850",
        "jid_1807577",
        "jid_1802785",
        "jid_1809677",
        "jid_1807551",
        "jid_1801370",
        "jid_1809589",
        "jid_1809819",
        "jid_1809683",
        "jid_1807797",
        "jid_1807742",
        "jid_1882211",
        "jid_1809640",
        "jid_1807558",
        "jid_1807570",
        "jid_1809690",
        "jid_1807468",
        "jid_1807732",
        "jid_1807688",
        "jid_1809776",
        "jid_1807584",
        "jid_1807808",
        "jid_1882251",
        "jid_1807331",
        "jid_1882303",
        "jid_1807767",
        "jid_1807481",
        "jid_1807850",
        "jid_1882310",
        "jid_1882269",
        "jid_1807876",
        "jid_1809595",
        "jid_1807683",
        "jid_1807828",
        "jid_1809724",
        "jid_1882163",
        "jid_1807875",
        "jid_1882121",
        "jid_1809794",
        "jid_1882169",
        "jid_1807755",
        "jid_1808133",
        "jid_1882380",
        "jid_1809602",
        "jid_1808101",
        "jid_1807847",
        "jid_1882308",
        "jid_1807661",
        "jid_1808132",
        "jid_1806497",
        "jid_1807773",
        "jid_1801170",
        "jid_1809721",
        "jid_1809746",
        "jid_1882266",
        "jid_1809766",
        "jid_1882198",
        "jid_1807417",
        "jid_1809728",
        "jid_1882171",
        "jid_1807864",
        "jid_1802935",
        "jid_1882375",
        "jid_1807380",
        "jid_1882309",
        "jid_1882147",
        "jid_1807391",
        "jid_1808423",
        "jid_1807533",
        "jid_1808137",
        "jid_1809705",
        "jid_1882195",
        "jid_1882156",
        "jid_1807893",
        "jid_1882187",
        "jid_1882166",
        "jid_1807873",
        "jid_1808385",
        "jid_1808424",
        "jid_1809613",
        "jid_1882234",
        "jid_1807476",
        "jid_1882248",
        "jid_1809890",
        "jid_1807137",
        "jid_1807167",
        "jid_1807759",
        "jid_1809614",
        "jid_1882230",
        "jid_1809740",
        "jid_1882119",
        "jid_1882245",
        "jid_1882495",
        "jid_1807377",
        "jid_1808886",
        "jid_1882263",
        "jid_1809764",
        "jid_1809784",
        "jid_1807894",
        "jid_1882447",
        "jid_1807482",
        "jid_1886370",
        "jid_1882255",
        "jid_1806974",
        "jid_1806941",
        "jid_1882440",
        "jid_1882398",
        "jid_1882322",
        "jid_1889108",
        "jid_1882316",
        "jid_1809741",
        "jid_1806947",
        "jid_1808426",
        "jid_1809803",
        "jid_1882344",
        "jid_1882451",
        "jid_1806946",
        "jid_1806953",
        "jid_1808142",
        "jid_1808393",
        "jid_1882383",
        "jid_1886293",
        "jid_1886342",
        "jid_1886408",
        "jid_1809786",
        "jid_1808436",
        "jid_1882323",
        "jid_1882253",
        "jid_1882289",
        "jid_1807195",
        "jid_1808898",
        "jid_1882209",
        "jid_1886365",
        "jid_1808683",
        "jid_1882437",
        "jid_1882409",
        "jid_1807598",
        "jid_1882349",
        "jid_1809863",
        "jid_1882341",
        "jid_1809823",
        "jid_1808668",
        "jid_1886414",
        "jid_1886425",
        "jid_1882132",
        "jid_1886322",
        "jid_1806971",
        "jid_1806950",
        "jid_1809816",
        "jid_1882142",
        "jid_1882377",
        "jid_1806949",
        "jid_1882360",
        "jid_1886340",
        "jid_1882423",
        "jid_1809862",
        "jid_1809905",
        "jid_1807831",
        "jid_1809864",
        "jid_1808655",
        "jid_1806955",
        "jid_1809751",
        "jid_1886327",
        "jid_1882302",
        "jid_1809820",
        "jid_1882445",
        "jid_1808418",
        "jid_1807488",
        "jid_1889088",
        "jid_1806989",
        "jid_1882410",
        "jid_1882385",
        "jid_1809154",
        "jid_1807542",
        "jid_1808692",
        "jid_1882267",
        "jid_1886384",
        "jid_1809873",
        "jid_1886308",
        "jid_1882332",
        "jid_1886383",
        "jid_1886326",
        "jid_1809886",
        "jid_1807867",
        "jid_1886334",
        "jid_1882365",
        "jid_1808661",
        "jid_1806977",
        "jid_1808667",
        "jid_1807163",
        "jid_1882453",
        "jid_1806922",
        "jid_1808431",
        "jid_1882413",
        "jid_1807185",
        "jid_1806985",
        "jid_1807117",
        "jid_1882480",
        "jid_1882384",
        "jid_1808685",
        "jid_1882181",
        "jid_1882482",
        "jid_1806991",
        "jid_1890387",
        "jid_1886364",
        "jid_1882286",
        "jid_1882460",
        "jid_1807003",
        "jid_1886439",
        "jid_1889063",
        "jid_1808662",
        "jid_1809889",
        "jid_1809921",
        "jid_1889127",
        "jid_1807017",
        "jid_1807129",
        "jid_1886443",
        "jid_1807020",
        "jid_1809129",
        "jid_1809914",
        "jid_1809981",
        "jid_1886477",
        "jid_1889141",
        "jid_1809178",
        "jid_1889076",
        "jid_1809895",
        "jid_1889117",
        "jid_1808163",
        "jid_1889218",
        "jid_1882488",
        "jid_1808691",
        "jid_1807565",
        "jid_1889207",
        "jid_1889066",
        "jid_1886476",
        "jid_1886412",
        "jid_1807143",
        "jid_1808912",
        "jid_1809882",
        "jid_1809160",
        "jid_1809969",
        "jid_1889167",
        "jid_1889116",
        "jid_1886401",
        "jid_1889137",
        "jid_1807183",
        "jid_1807131",
        "jid_1890388",
        "jid_1807005",
        "jid_1889106",
        "jid_1886438",
        "jid_1808920",
        "jid_1809887",
        "jid_1809880",
        "jid_1889206",
        "jid_1809148",
        "jid_1809138",
        "jid_1886467",
        "jid_1807197",
        "jid_1882497",
        "jid_1807121",
        "jid_1882489",
        "jid_1889150",
        "jid_1809155",
        "jid_1807120",
        "jid_1807126",
        "jid_1809910",
        "jid_1809955",
        "jid_1808103",
        "jid_1890399",
        "jid_1886432",
        "jid_1809901",
        "jid_1890413",
        "jid_1886422",
        "jid_1886387",
        "jid_1889204",
        "jid_1886446",
        "jid_1809956",
        "jid_1889151",
        "jid_1890358",
        "jid_1890349",
        "jid_1889180",
        "jid_1889175",
        "jid_1808693",
        "jid_1889183",
        "jid_1889174",
        "jid_1886450",
        "jid_1890440",
        "jid_1809974",
        "jid_1890361",
        "jid_1886462",
        "jid_1808130",
        "jid_1807058",
        "jid_1808916",
        "jid_1807156",
        "jid_1890344",
        "jid_1809196",
        "jid_1809302",
        "jid_1890374",
        "jid_1807272",
        "jid_1890449",
        "jid_1882304",
        "jid_1890407",
        "jid_1882277",
        "jid_1890372",
        "jid_1807259",
        "jid_1882454",
        "jid_1807270",
        "jid_1886317",
        "jid_1882233",
        "jid_1809931",
        "jid_1809268",
        "jid_1882376",
        "jid_1890497",
        "jid_1809147",
        "jid_1809236",
        "jid_1807199",
        "jid_1809184",
        "jid_1807265",
        "jid_1882285",
        "jid_1890448",
        "jid_1882258",
        "jid_1809962",
        "jid_1890396",
        "jid_1809942",
        "jid_1808412",
        "jid_1889184",
        "jid_1809963",
        "jid_1890429",
        "jid_1889209",
        "jid_1809927",
        "jid_1889194",
        "jid_1809979",
        "jid_1809267",
        "jid_1809916",
        "jid_1809234",
        "jid_1889176",
        "jid_1809919",
        "jid_1809836",
        "jid_1889222",
        "jid_1809409",
        "jid_1890378",
        "jid_1809233",
        "jid_1809999",
        "jid_1809199",
        "jid_1889171",
        "jid_1809328",
        "jid_1809798",
        "jid_1809143",
        "jid_1809966",
        "jid_1890385",
        "jid_1890466",
        "jid_1890412",
        "jid_1807209",
        "jid_1807201",
        "jid_1807212",
        "jid_1809476",
        "jid_1808670",
        "jid_1809714",
        "jid_1809993",
        "jid_1889196",
        "jid_1889199",
        "jid_1889227",
        "jid_1890487",
        "jid_1890398",
        "jid_1889221",
        "jid_1808430",
        "jid_1889147",
        "jid_1890438",
        "jid_1809226",
        "jid_1890484",
        "jid_1889243",
        "jid_1886410",
        "jid_1809349",
        "jid_1889190",
        "jid_1882448",
        "jid_1882472",
        "jid_1890501",
        "jid_1809506",
        "jid_1809869",
        "jid_1809437",
        "jid_1809246",
        "jid_1890356",
        "jid_1809360",
        "jid_1809448",
        "jid_1809342",
        "jid_1807060",
        "jid_1807053",
        "jid_1807222",
        "jid_1809982",
        "jid_1890516",
        "jid_1889242",
        "jid_1890500",
        "jid_1809213",
        "jid_1890514",
        "jid_1810030",
        "jid_1809507",
        "jid_1809975",
        "jid_1807276",
        "jid_1809223",
        "jid_1809253",
        "jid_1809414",
        "jid_1807161",
        "jid_1809379",
        "jid_1807260",
        "jid_1809280",
        "jid_1806878",
        "jid_1807275",
        "jid_1809209",
        "jid_1809261",
        "jid_1809313",
        "jid_1807078",
        "jid_1890503",
        "jid_1809558",
        "jid_1807151",
        "jid_1807177",
        "jid_1890515",
        "jid_1807068",
        "jid_1807054",
        "jid_1809333",
        "jid_1807174",
        "jid_1890454",
        "jid_1809382",
        "jid_1809194",
        "jid_1809965",
        "jid_1809392",
        "jid_1890527",
        "jid_1809203",
        "jid_1890517",
        "jid_1809258",
        "jid_1807084",
        "jid_1809282",
        "jid_1889257",
        "jid_1890480",
        "jid_1810002",
        "jid_1809971",
        "jid_1890432",
        "jid_1809354",
        "jid_1890513",
        "jid_1809523",
        "jid_1808695",
        "jid_1809413",
        "jid_1809244",
        "jid_1809269",
        "jid_1807277",
        "jid_1889259",
        "jid_1809376",
        "jid_1809348",
        "jid_1807236",
        "jid_1809423",
        "jid_1809389",
        "jid_1809395",
        "jid_1809508",
        "jid_1886390",
        "jid_1882476",
        "jid_1809487",
        "jid_1809270",
        "jid_1809509",
        "jid_1809543",
        "jid_1882484",
        "jid_1810063",
        "jid_1886358",
        "jid_1809284",
        "jid_1889096",
        "jid_1807251",
        "jid_1809443",
        "jid_1809402",
        "jid_1809430",
        "jid_1809446",
        "jid_1810040",
        "jid_1889136",
        "jid_1809332",
        "jid_1809433",
        "jid_1886447",
        "jid_1890530",
        "jid_1809449",
        "jid_1809442",
        "jid_1809241",
        "jid_1809420",
        "jid_1809319",
        "jid_1807230",
        "jid_1809463",
        "jid_1809469",
        "jid_1809235",
        "jid_1809435",
        "jid_1810001",
        "jid_1809878",
        "jid_1809445",
        "jid_1890510",
        "jid_1809411",
        "jid_1809394",
        "jid_1809478",
        "jid_1809429",
        "jid_1809529",
        "jid_1809179",
        "jid_1809424",
        "jid_1809496",
        "jid_1809374",
        "jid_1809483",
        "jid_1809343",
        "jid_1810016",
        "jid_1806426",
        "jid_1806433",
        "jid_1806466",
        "jid_1806443",
        "jid_1806467",
        "jid_1806495",
        "jid_1806551",
        "jid_1806536",
        "jid_1806536",
        "jid_1822029",
        "jid_1810098",
        "jid_1810102",
        "jid_1806552",
        "jid_1810107",
        "jid_1810082",
        "jid_1824195",
        "jid_1806568",
        "jid_1806610",
        "jid_1806612",
        "jid_1806599",
        "jid_1806595",
        "jid_1806598",
        "jid_1806650",
        "jid_1811347",
        "jid_1811740",
        "jid_1811853",
        "jid_1811545",
        "jid_1811423",
        "jid_1811485",
        "jid_1811457",
        "jid_1811400",
        "jid_1811463",
        "jid_1811532",
        "jid_1811477",
        "jid_1811554",
        "jid_1811867",
        "jid_1811408",
        "jid_1810689",
        "jid_1811544",
        "jid_1810607",
        "jid_1811289",
        "jid_1811488",
        "jid_1811412",
        "jid_1811320",
        "jid_1810688",
        "jid_1811803",
        "jid_1811340",
        "jid_1810600",
        "jid_1815457",
        "jid_1811526",
        "jid_1815512",
        "jid_1811537",
        "jid_1811343",
        "jid_1811528",
        "jid_1811553",
        "jid_1811792",
        "jid_1811318",
        "jid_1811828",
        "jid_1811389",
        "jid_1811639",
        "jid_1811768",
        "jid_1811787",
        "jid_1815542",
        "jid_1811386",
        "jid_1811585",
        "jid_1811691",
        "jid_1811739",
        "jid_1811407",
        "jid_1811523",
        "jid_1811798",
        "jid_1811669",
        "jid_1811849",
        "jid_1811862",
        "jid_1811621",
        "jid_1811760",
        "jid_1810190",
        "jid_1811595",
        "jid_1810716",
        "jid_1811307",
        "jid_1811847",
        "jid_1810665",
        "jid_1810567",
        "jid_1810160",
        "jid_1811795",
        "jid_1811572",
        "jid_1810171",
        "jid_1811483",
        "jid_1811667",
        "jid_1811778",
        "jid_1811558",
        "jid_1811670",
        "jid_1811769",
        "jid_1811569",
        "jid_1811758",
        "jid_1811559",
        "jid_1811914",
        "jid_1811911",
        "jid_1815727",
        "jid_1811355",
        "jid_1811578",
        "jid_1811531",
        "jid_1811696",
        "jid_1811775",
        "jid_1812236",
        "jid_1811496",
        "jid_1811503",
        "jid_1816086",
        "jid_1812303",
        "jid_1815831",
        "jid_1811750",
        "jid_1812024",
        "jid_1811855",
        "jid_1811738",
        "jid_1811362",
        "jid_1811309",
        "jid_1811902",
        "jid_1815342",
        "jid_1811313",
        "jid_1811721",
        "jid_1811955",
        "jid_1816266",
        "jid_1811947",
        "jid_1815897",
        "jid_1811811",
        "jid_1811741",
        "jid_1811970",
        "jid_1812346",
        "jid_1811805",
        "jid_1811719",
        "jid_1811736",
        "jid_1815271",
        "jid_1811659",
        "jid_1811880",
        "jid_1811742",
        "jid_1811381",
        "jid_1812356",
        "jid_1810105",
        "jid_1811918",
        "jid_1810186",
        "jid_1810591",
        "jid_1810176",
        "jid_1811301",
        "jid_1810168",
        "jid_1810770",
        "jid_1811754",
        "jid_1810180",
        "jid_1811912",
        "jid_1810599",
        "jid_1810106",
        "jid_1815980",
        "jid_1811825",
        "jid_1811612",
        "jid_1815887",
        "jid_1811978",
        "jid_1810205",
        "jid_1811995",
        "jid_1810761",
        "jid_1816144",
        "jid_1815647",
        "jid_1812616",
        "jid_1812149",
        "jid_1812093",
        "jid_1812248",
        "jid_1812756",
        "jid_1812396",
        "jid_1810641",
        "jid_1812573",
        "jid_1816363",
        "jid_1812127",
        "jid_1810635",
        "jid_1812488",
        "jid_1812329",
        "jid_1812538",
        "jid_1811909",
        "jid_1811845",
        "jid_1816232",
        "jid_1811974",
        "jid_1812069",
        "jid_1816320",
        "jid_1810219",
        "jid_1812091",
        "jid_1811875",
        "jid_1811903",
        "jid_1811325",
        "jid_1812142",
        "jid_1812198",
        "jid_1812238",
        "jid_1812244",
        "jid_1812170",
        "jid_1816235",
        "jid_1816369",
        "jid_1812330",
        "jid_1812441",
        "jid_1812279",
        "jid_1816191",
        "jid_1811851",
        "jid_1812437",
        "jid_1816274",
        "jid_1816286",
        "jid_1812318",
        "jid_1812012",
        "jid_1812080",
        "jid_1816133",
        "jid_1812632",
        "jid_1812233",
        "jid_1812097",
        "jid_1811987",
        "jid_1812052",
        "jid_1812041",
        "jid_1812055",
        "jid_1812098",
        "jid_1812690",
        "jid_1812363",
        "jid_1811929",
        "jid_1815970",
        "jid_1812391",
        "jid_1811369",
        "jid_1816159",
        "jid_1812261",
        "jid_1812167",
        "jid_1812137",
        "jid_1811698",
        "jid_1812002",
        "jid_1812350",
        "jid_1810755",
        "jid_1811525",
        "jid_1812435",
        "jid_1812255",
        "jid_1812360",
        "jid_1816343",
        "jid_1812370",
        "jid_1815603",
        "jid_1811414",
        "jid_1816258",
        "jid_1812609",
        "jid_1812154",
        "jid_1816272",
        "jid_1811898",
        "jid_1812229",
        "jid_1816345",
        "jid_1812328",
        "jid_1815620",
        "jid_1816050",
        "jid_1812016",
        "jid_1812334",
        "jid_1812461",
        "jid_1812553",
        "jid_1816328",
        "jid_1812597",
        "jid_1812223",
        "jid_1812308",
        "jid_1812289",
        "jid_1811008",
        "jid_1811697",
        "jid_1812285",
        "jid_1812296",
        "jid_1812043",
        "jid_1810614",
        "jid_1812502",
        "jid_1812588",
        "jid_1812047",
        "jid_1812623",
        "jid_1811588",
        "jid_1810811",
        "jid_1812655",
        "jid_1812172",
        "jid_1816292",
        "jid_1812008",
        "jid_1810113",
        "jid_1812400",
        "jid_1816334",
        "jid_1812589",
        "jid_1812313",
        "jid_1810645",
        "jid_1812384",
        "jid_1812336",
        "jid_1812341",
        "jid_1812691",
        "jid_1812349",
        "jid_1810667",
        "jid_1812326",
        "jid_1810656",
        "jid_1812454",
        "jid_1812027",
        "jid_1812274",
        "jid_1810787",
        "jid_1812434",
        "jid_1812987",
        "jid_1812480",
        "jid_1810795",
        "jid_1816335",
        "jid_1810246",
        "jid_1812481",
        "jid_1816293",
        "jid_1810654",
        "jid_1812271",
        "jid_1810251",
        "jid_1813050",
        "jid_1816337",
        "jid_1812663",
        "jid_1810692",
        "jid_1812119",
        "jid_1816419",
        "jid_1810805",
        "jid_1812979",
        "jid_1816373",
        "jid_1810679",
        "jid_1812858",
        "jid_1812537",
        "jid_1812492",
        "jid_1811822",
        "jid_1810836",
        "jid_1811801",
        "jid_1812477",
        "jid_1812674",
        "jid_1812893",
        "jid_1811813",
        "jid_1811866",
        "jid_1810825",
        "jid_1810229",
        "jid_1812449",
        "jid_1812641",
        "jid_1812814",
        "jid_1812800",
        "jid_1811717",
        "jid_1813011",
        "jid_1816027",
        "jid_1812411",
        "jid_1812726",
        "jid_1812722",
        "jid_1810669",
        "jid_1812543",
        "jid_1810270",
        "jid_1812634",
        "jid_1812315",
        "jid_1812702",
        "jid_1810663",
        "jid_1812878",
        "jid_1812561",
        "jid_1811013",
        "jid_1810268",
        "jid_1812635",
        "jid_1810686",
        "jid_1810275",
        "jid_1816389",
        "jid_1812605",
        "jid_1812827",
        "jid_1812870",
        "jid_1812671",
        "jid_1810273",
        "jid_1816282",
        "jid_1813131",
        "jid_1810829",
        "jid_1812752",
        "jid_1810678",
        "jid_1812348",
        "jid_1810680",
        "jid_1812738",
        "jid_1812762",
        "jid_1816461",
        "jid_1812675",
        "jid_1812809",
        "jid_1811820",
        "jid_1812617",
        "jid_1812621",
        "jid_1812534",
        "jid_1812549",
        "jid_1810763",
        "jid_1812643",
        "jid_1810257",
        "jid_1812710",
        "jid_1816486",
        "jid_1813088",
        "jid_1812724",
        "jid_1812846",
        "jid_1812956",
        "jid_1812699",
        "jid_1812602",
        "jid_1816500",
        "jid_1816397",
        "jid_1816427",
        "jid_1812906",
        "jid_1813406",
        "jid_1813013",
        "jid_1813577",
        "jid_1812750",
        "jid_1811906",
        "jid_1813128",
        "jid_1812912",
        "jid_1812049",
        "jid_1810863",
        "jid_1812165",
        "jid_1816166",
        "jid_1810857",
        "jid_1813208",
        "jid_1812859",
        "jid_1813105",
        "jid_1812884",
        "jid_1812824",
        "jid_1816453",
        "jid_1812940",
        "jid_1812148",
        "jid_1816433",
        "jid_1813416",
        "jid_1816382",
        "jid_1812889",
        "jid_1812938",
        "jid_1812792",
        "jid_1812564",
        "jid_1812731",
        "jid_1810697",
        "jid_1812880",
        "jid_1810830",
        "jid_1810849",
        "jid_1810824",
        "jid_1812969",
        "jid_1813336",
        "jid_1812210",
        "jid_1813084",
        "jid_1816605",
        "jid_1813426",
        "jid_1811050",
        "jid_1812168",
        "jid_1812764",
        "jid_1812729",
        "jid_1813074",
        "jid_1813062",
        "jid_1812826",
        "jid_1812335",
        "jid_1812985",
        "jid_1813152",
        "jid_1812886",
        "jid_1813202",
        "jid_1812937",
        "jid_1813523",
        "jid_1813091",
        "jid_1810895",
        "jid_1813485",
        "jid_1816638",
        "jid_1813303",
        "jid_1812977",
        "jid_1813254",
        "jid_1813017",
        "jid_1810848",
        "jid_1813287",
        "jid_1812904",
        "jid_1813066",
        "jid_1812919",
        "jid_1812922",
        "jid_1813111",
        "jid_1816558",
        "jid_1810982",
        "jid_1813731",
        "jid_1811098",
        "jid_1812881",
        "jid_1813302",
        "jid_1813589",
        "jid_1810968",
        "jid_1812939",
        "jid_1813394",
        "jid_1816434",
        "jid_1813165",
        "jid_1813106",
        "jid_1812860",
        "jid_1813101",
        "jid_1813108",
        "jid_1812995",
        "jid_1812901",
        "jid_1812868",
        "jid_1812913",
        "jid_1810903",
        "jid_1813260",
        "jid_1816651",
        "jid_1813457",
        "jid_1816649",
        "jid_1813321",
        "jid_1813251",
        "jid_1812928",
        "jid_1813349",
        "jid_1816575",
        "jid_1813079",
        "jid_1810911",
        "jid_1810858",
        "jid_1812949",
        "jid_1813476",
        "jid_1813089",
        "jid_1813331",
        "jid_1810885",
        "jid_1812297",
        "jid_1813496",
        "jid_1813097",
        "jid_1816604",
        "jid_1812531",
        "jid_1812782",
        "jid_1816613",
        "jid_1812377",
        "jid_1813134",
        "jid_1810893",
        "jid_1813219",
        "jid_1813055",
        "jid_1813378",
        "jid_1816719",
        "jid_1813246",
        "jid_1813408",
        "jid_1813277",
        "jid_1813215",
        "jid_1813502",
        "jid_1813023",
        "jid_1812902",
        "jid_1811130",
        "jid_1813170",
        "jid_1813338",
        "jid_1813224",
        "jid_1811007",
        "jid_1812642",
        "jid_1813648",
        "jid_1813295",
        "jid_1813691",
        "jid_1813602",
        "jid_1811104",
        "jid_1813540",
        "jid_1813945",
        "jid_1812776",
        "jid_1816584",
        "jid_1810933",
        "jid_1813515",
        "jid_1813268",
        "jid_1813572",
        "jid_1813605",
        "jid_1816760",
        "jid_1813143",
        "jid_1816624",
        "jid_1816529",
        "jid_1813311",
        "jid_1812972",
        "jid_1812673",
        "jid_1813212",
        "jid_1810942",
        "jid_1812701",
        "jid_1812909",
        "jid_1813365",
        "jid_1812558",
        "jid_1813119",
        "jid_1813672",
        "jid_1813418",
        "jid_1813450",
        "jid_1813977",
        "jid_1812686",
        "jid_1816623",
        "jid_1813717",
        "jid_1811131",
        "jid_1813019",
        "jid_1811035",
        "jid_1813506",
        "jid_1810935",
        "jid_1816308",
        "jid_1813526",
        "jid_1811001",
        "jid_1816628",
        "jid_1813626",
        "jid_1813492",
        "jid_1813316",
        "jid_1813845",
        "jid_1812703",
        "jid_1811114",
        "jid_1814050",
        "jid_1813622",
        "jid_1813950",
        "jid_1813350",
        "jid_1816747",
        "jid_1813808",
        "jid_1813449",
        "jid_1813480",
        "jid_1814087",
        "jid_1813609",
        "jid_1813375",
        "jid_1814173",
        "jid_1813855",
        "jid_1813004",
        "jid_1813532",
        "jid_1813914",
        "jid_1813881",
        "jid_1814233",
        "jid_1813643",
        "jid_1813732",
        "jid_1813699",
        "jid_1813063",
        "jid_1813872",
        "jid_1813608",
        "jid_1813861",
        "jid_1813670",
        "jid_1813614",
        "jid_1812721",
        "jid_1813715",
        "jid_1816704",
        "jid_1816841",
        "jid_1813616",
        "jid_1810973",
        "jid_1812907",
        "jid_1813770",
        "jid_1813962",
        "jid_1813534",
        "jid_1813965",
        "jid_1813571",
        "jid_1813545",
        "jid_1811225",
        "jid_1816695",
        "jid_1813517",
        "jid_1813644",
        "jid_1810959",
        "jid_1816724",
        "jid_1813058",
        "jid_1813429",
        "jid_1813486",
        "jid_1813671",
        "jid_1813709",
        "jid_1813623",
        "jid_1811015",
        "jid_1811064",
        "jid_1812848",
        "jid_1813596",
        "jid_1813870",
        "jid_1813667",
        "jid_1813554",
        "jid_1816706",
        "jid_1813761",
        "jid_1816723",
        "jid_1813332",
        "jid_1813906",
        "jid_1813497",
        "jid_1816917",
        "jid_1813569",
        "jid_1813864",
        "jid_1813719",
        "jid_1811186",
        "jid_1813940",
        "jid_1813747",
        "jid_1813417",
        "jid_1813806",
        "jid_1816742",
        "jid_1813129",
        "jid_1813694",
        "jid_1813575",
        "jid_1812989",
        "jid_1813856",
        "jid_1813783",
        "jid_1813801",
        "jid_1813549",
        "jid_1813804",
        "jid_1813762",
        "jid_1813767",
        "jid_1816836",
        "jid_1816721",
        "jid_1810283",
        "jid_1811059",
        "jid_1813176",
        "jid_1813826",
        "jid_1814151",
        "jid_1813780",
        "jid_1816737",
        "jid_1813956",
        "jid_1813666",
        "jid_1813963",
        "jid_1814204",
        "jid_1810297",
        "jid_1810309",
        "jid_1811022",
        "jid_1810316",
        "jid_1814097",
        "jid_1810290",
        "jid_1816530",
        "jid_1814185",
        "jid_1813901",
        "jid_1813948",
        "jid_1813857",
        "jid_1813852",
        "jid_1813930",
        "jid_1811084",
        "jid_1813742",
        "jid_1810992",
        "jid_1810332",
        "jid_1814054",
        "jid_1810777",
        "jid_1813989",
        "jid_1810772",
        "jid_1816882",
        "jid_1810981",
        "jid_1816736",
        "jid_1816767",
        "jid_1811174",
        "jid_1810308",
        "jid_1810135",
        "jid_1814122",
        "jid_1810769",
        "jid_1814067",
        "jid_1814035",
        "jid_1813059",
        "jid_1814071",
        "jid_1814012",
        "jid_1814026",
        "jid_1814105",
        "jid_1811231",
        "jid_1813865",
        "jid_1814416",
        "jid_1814142",
        "jid_1811180",
        "jid_1816842",
        "jid_1814009",
        "jid_1816788",
        "jid_1810134",
        "jid_1810775",
        "jid_1814056",
        "jid_1816860",
        "jid_1810333",
        "jid_1814152",
        "jid_1810329",
        "jid_1810816",
        "jid_1814403",
        "jid_1814070",
        "jid_1814245",
        "jid_1814247",
        "jid_1816807",
        "jid_1814264",
        "jid_1814120",
        "jid_1814216",
        "jid_1814030",
        "jid_1816829",
        "jid_1811066",
        "jid_1810327",
        "jid_1816824",
        "jid_1810347",
        "jid_1814261",
        "jid_1814158",
        "jid_1811187",
        "jid_1813924",
        "jid_1811056",
        "jid_1816916",
        "jid_1811099",
        "jid_1813297",
        "jid_1810370",
        "jid_1814184",
        "jid_1810331",
        "jid_1814336",
        "jid_1814449",
        "jid_1814517",
        "jid_1814297",
        "jid_1810363",
        "jid_1810144",
        "jid_1810334",
        "jid_1814172",
        "jid_1811048",
        "jid_1810784",
        "jid_1814450",
        "jid_1810359",
        "jid_1814157",
        "jid_1810833",
        "jid_1814356",
        "jid_1810344",
        "jid_1814610",
        "jid_1810378",
        "jid_1810421",
        "jid_1816805",
        "jid_1814179",
        "jid_1814428",
        "jid_1814174",
        "jid_1814211",
        "jid_1816839",
        "jid_1814198",
        "jid_1814395",
        "jid_1813150",
        "jid_1810320",
        "jid_1816864",
        "jid_1814160",
        "jid_1814339",
        "jid_1810388",
        "jid_1811111",
        "jid_1814439",
        "jid_1810845",
        "jid_1814487",
        "jid_1810398",
        "jid_1810337",
        "jid_1810123",
        "jid_1810843",
        "jid_1810393",
        "jid_1813744",
        "jid_1814348",
        "jid_1814667",
        "jid_1814207",
        "jid_1810401",
        "jid_1810120",
        "jid_1810367",
        "jid_1811097",
        "jid_1811081",
        "jid_1810379",
        "jid_1813463",
        "jid_1810429",
        "jid_1817078",
        "jid_1814423",
        "jid_1814217",
        "jid_1816984",
        "jid_1810418",
        "jid_1814410",
        "jid_1814481",
        "jid_1814266",
        "jid_1814383",
        "jid_1814539",
        "jid_1814775",
        "jid_1814333",
        "jid_1811127",
        "jid_1814338",
        "jid_1810423",
        "jid_1810426",
        "jid_1811129",
        "jid_1810410",
        "jid_1814404",
        "jid_1810452",
        "jid_1814645",
        "jid_1816726",
        "jid_1811135",
        "jid_1813837",
        "jid_1814147",
        "jid_1815095",
        "jid_1814473",
        "jid_1814644",
        "jid_1813724",
        "jid_1814541",
        "jid_1815003",
        "jid_1814611",
        "jid_1814579",
        "jid_1814551",
        "jid_1814529",
        "jid_1814629",
        "jid_1814636",
        "jid_1814895",
        "jid_1814573",
        "jid_1814267",
        "jid_1814763",
        "jid_1817028",
        "jid_1816982",
        "jid_1814883",
        "jid_1814619",
        "jid_1814715",
        "jid_1813533",
        "jid_1814190",
        "jid_1811254",
        "jid_1814554",
        "jid_1814389",
        "jid_1813973",
        "jid_1813633",
        "jid_1814753",
        "jid_1814526",
        "jid_1817011",
        "jid_1814867",
        "jid_1810435",
        "jid_1814783",
        "jid_1814584",
        "jid_1810482",
        "jid_1814546",
        "jid_1811126",
        "jid_1814677",
        "jid_1814417",
        "jid_1810477",
        "jid_1814504",
        "jid_1816914",
        "jid_1810899",
        "jid_1814609",
        "jid_1811047",
        "jid_1817030",
        "jid_1811103",
        "jid_1810472",
        "jid_1811232",
        "jid_1814536",
        "jid_1813961",
        "jid_1816993",
        "jid_1814458",
        "jid_1814617",
        "jid_1814632",
        "jid_1814528",
        "jid_1814798",
        "jid_1814669",
        "jid_1814577",
        "jid_1814595",
        "jid_1814721",
        "jid_1810479",
        "jid_1810891",
        "jid_1814774",
        "jid_1814664",
        "jid_1810481",
        "jid_1814809",
        "jid_1817021",
        "jid_1814832",
        "jid_1814841",
        "jid_1814515",
        "jid_1815150",
        "jid_1814893",
        "jid_1810888",
        "jid_1814686",
        "jid_1814630",
        "jid_1810471",
        "jid_1814711",
        "jid_1814643",
        "jid_1814568",
        "jid_1814921",
        "jid_1810488",
        "jid_1814865",
        "jid_1814791",
        "jid_1810431",
        "jid_1811351",
        "jid_1814898",
        "jid_1814838",
        "jid_1810077",
        "jid_1814143",
        "jid_1814899",
        "jid_1814716",
        "jid_1814668",
        "jid_1814943",
        "jid_1815134",
        "jid_1814760",
        "jid_1814018",
        "jid_1817061",
        "jid_1814696",
        "jid_1811144",
        "jid_1810951",
        "jid_1814762",
        "jid_1814734",
        "jid_1814728",
        "jid_1815028",
        "jid_1814563",
        "jid_1817033",
        "jid_1815071",
        "jid_1814840",
        "jid_1814851",
        "jid_1814872",
        "jid_1815129",
        "jid_1815001",
        "jid_1815050",
        "jid_1814663",
        "jid_1814523",
        "jid_1810505",
        "jid_1817139",
        "jid_1814860",
        "jid_1815045",
        "jid_1811041",
        "jid_1817155",
        "jid_1817179",
        "jid_1817187",
        "jid_1810537",
        "jid_1815352",
        "jid_1814818",
        "jid_1814986",
        "jid_1814741",
        "jid_1814729",
        "jid_1814959",
        "jid_1814241",
        "jid_1815349",
        "jid_1815148",
        "jid_1814803",
        "jid_1814987",
        "jid_1816954",
        "jid_1816859",
        "jid_1814961",
        "jid_1814970",
        "jid_1814055",
        "jid_1815072",
        "jid_1810136",
        "jid_1810164",
        "jid_1810533",
        "jid_1814072",
        "jid_1810993",
        "jid_1810547",
        "jid_1817128",
        "jid_1815217",
        "jid_1810546",
        "jid_1810979",
        "jid_1814910",
        "jid_1817109",
        "jid_1814744",
        "jid_1814919",
        "jid_1814835",
        "jid_1815300",
        "jid_1815361",
        "jid_1814963",
        "jid_1815373",
        "jid_1810566",
        "jid_1814794",
        "jid_1815174",
        "jid_1810529",
        "jid_1811171",
        "jid_1810538",
        "jid_1815113",
        "jid_1815254",
        "jid_1811393",
        "jid_1814995",
        "jid_1815135",
        "jid_1814353",
        "jid_1810517",
        "jid_1815585",
        "jid_1814954",
        "jid_1814964",
        "jid_1810520",
        "jid_1817283",
        "jid_1811202",
        "jid_1810552",
        "jid_1814903",
        "jid_1817316",
        "jid_1815413",
        "jid_1811203",
        "jid_1811608",
        "jid_1815090",
        "jid_1811214",
        "jid_1814425",
        "jid_1815228",
        "jid_1815165",
        "jid_1815418",
        "jid_1810555",
        "jid_1811213",
        "jid_1811200",
        "jid_1816958",
        "jid_1810557",
        "jid_1810572",
        "jid_1810570",
        "jid_1811042",
        "jid_1811297",
        "jid_1814990",
        "jid_1817123",
        "jid_1815199",
        "jid_1810569",
        "jid_1815049",
        "jid_1810609",
        "jid_1815196",
        "jid_1810149",
        "jid_1810594",
        "jid_1814831",
        "jid_1815533",
        "jid_1817193",
        "jid_1814361",
        "jid_1815152",
        "jid_1815007",
        "jid_1816938",
        "jid_1817112",
        "jid_1817164",
        "jid_1815505",
        "jid_1810561",
        "jid_1811199",
        "jid_1810559",
        "jid_1810593",
        "jid_1810576",
        "jid_1810605",
        "jid_1815012",
        "jid_1810592",
        "jid_1815398",
        "jid_1817220",
        "jid_1810580",
        "jid_1815306",
        "jid_1815219",
        "jid_1811233",
        "jid_1815166",
        "jid_1814902",
        "jid_1814810",
        "jid_1810611",
        "jid_1811155",
        "jid_1815258",
        "jid_1815125",
        "jid_1815280",
        "jid_1817324",
        "jid_1817240",
        "jid_1811239",
        "jid_1817243",
        "jid_1814597",
        "jid_1815353",
        "jid_1815332",
        "jid_1815142",
        "jid_1815354",
        "jid_1815595",
        "jid_1815850",
        "jid_1815151",
        "jid_1815109",
        "jid_1817134",
        "jid_1817284",
        "jid_1817253",
        "jid_1815359",
        "jid_1815299",
        "jid_1815325",
        "jid_1815284",
        "jid_1815458",
        "jid_1811791",
        "jid_1817319",
        "jid_1815504",
        "jid_1817268",
        "jid_1811230",
        "jid_1815406",
        "jid_1815292",
        "jid_1815490",
        "jid_1815237",
        "jid_1815289",
        "jid_1815363",
        "jid_1815355",
        "jid_1815140",
        "jid_1817299",
        "jid_1815378",
        "jid_1814588",
        "jid_1815515",
        "jid_1815851",
        "jid_1814945",
        "jid_1815737",
        "jid_1815710",
        "jid_1817275",
        "jid_1814751",
        "jid_1811827",
        "jid_1815307",
        "jid_1815514",
        "jid_1817396",
        "jid_1817400",
        "jid_1817334",
        "jid_1815264",
        "jid_1815429",
        "jid_1817181",
        "jid_1815261",
        "jid_1815195",
        "jid_1815291",
        "jid_1815501",
        "jid_1815680",
        "jid_1816068",
        "jid_1815511",
        "jid_1811218",
        "jid_1815739",
        "jid_1815631",
        "jid_1815570",
        "jid_1815829",
        "jid_1817367",
        "jid_1815487",
        "jid_1815824",
        "jid_1815393",
        "jid_1815732",
        "jid_1815602",
        "jid_1815671",
        "jid_1815833",
        "jid_1815702",
        "jid_1815867",
        "jid_1817441",
        "jid_1817338",
        "jid_1815652",
        "jid_1817320",
        "jid_1815688",
        "jid_1815464",
        "jid_1815571",
        "jid_1811601",
        "jid_1815584",
        "jid_1815565",
        "jid_1815626",
        "jid_1815750",
        "jid_1811243",
        "jid_1815592",
        "jid_1815377",
        "jid_1815525",
        "jid_1815766",
        "jid_1815351",
        "jid_1815882",
        "jid_1815481",
        "jid_1814691",
        "jid_1816074",
        "jid_1815839",
        "jid_1815759",
        "jid_1811211",
        "jid_1815939",
        "jid_1815730",
        "jid_1815553",
        "jid_1817345",
        "jid_1815728",
        "jid_1816223",
        "jid_1815638",
        "jid_1814937",
        "jid_1815139",
        "jid_1815943",
        "jid_1817403",
        "jid_1815782",
        "jid_1815673",
        "jid_1815649",
        "jid_1815684",
        "jid_1815454",
        "jid_1811324",
        "jid_1815775",
        "jid_1811375",
        "jid_1815825",
        "jid_1815500",
        "jid_1815546",
        "jid_1815743",
        "jid_1815494",
        "jid_1817413",
        "jid_1815653",
        "jid_1816048",
        "jid_1817390",
        "jid_1816261",
        "jid_1815778",
        "jid_1815799",
        "jid_1817362",
        "jid_1815919",
        "jid_1815588",
        "jid_1815056",
        "jid_1815694",
        "jid_1816248",
        "jid_1815860",
        "jid_1815992",
        "jid_1811858",
        "jid_1815861",
        "jid_1816043",
        "jid_1815164",
        "jid_1815972",
        "jid_1815676",
        "jid_1816165",
        "jid_1815720",
        "jid_1816030",
        "jid_1815086",
        "jid_1815883",
        "jid_1815913",
        "jid_1815757",
        "jid_1815516",
        "jid_1811395",
        "jid_1815556",
        "jid_1815869",
        "jid_1815322",
        "jid_1816041",
        "jid_1817431",
        "jid_1815480",
        "jid_1817468",
        "jid_1815835",
        "jid_1815793",
        "jid_1815967",
        "jid_1812197",
        "jid_1816128",
        "jid_1815964",
        "jid_1816071",
        "jid_1816168",
        "jid_1815809",
        "jid_1815563",
        "jid_1816137",
        "jid_1811377",
        "jid_1817419",
        "jid_1815907",
        "jid_1816075",
        "jid_1816197",
        "jid_1816285",
        "jid_1811904",
        "jid_1816062",
        "jid_1812607",
        "jid_1816251",
        "jid_1816203",
        "jid_1816090",
        "jid_1816237",
        "jid_1815870",
        "jid_1816175",
        "jid_1816089",
        "jid_1815507",
        "jid_1816171",
        "jid_1812174",
        "jid_1816156",
        "jid_1811725",
        "jid_1812054",
        "jid_1812717",
        "jid_1816218",
        "jid_1816264",
        "jid_1816125",
        "jid_1812176",
        "jid_1816138",
        "jid_1817482",
        "jid_1816201",
        "jid_1816099",
        "jid_1816100",
        "jid_1816262",
        "jid_1816014",
        "jid_1816352",
        "jid_1816146",
        "jid_1815931",
        "jid_1811274",
        "jid_1816375",
        "jid_1816047",
        "jid_1816170",
        "jid_1817301",
        "jid_1815994",
        "jid_1816172",
        "jid_1816130",
        "jid_1816127",
        "jid_1816645",
        "jid_1817606",
        "jid_1816442",
        "jid_1810744",
        "jid_1812484",
        "jid_1810750",
        "jid_1810702",
        "jid_1817590",
        "jid_1816512",
        "jid_1810751",
        "jid_1816386",
        "jid_1817753",
        "jid_1816517",
        "jid_1816151",
        "jid_1816543",
        "jid_1810745",
        "jid_1810726",
        "jid_1816101",
        "jid_1816312",
        "jid_1817582",
        "jid_1817599",
        "jid_1816208",
        "jid_1816678",
        "jid_1810733",
        "jid_1816534",
        "jid_1810711",
        "jid_1816640",
        "jid_1810729",
        "jid_1816694",
        "jid_1816661",
        "jid_1817692",
        "jid_1816271",
        "jid_1816606",
        "jid_1816507",
        "jid_1810779",
        "jid_1817865",
        "jid_1817841",
        "jid_1816856",
        "jid_1816947",
        "jid_1811993",
        "jid_1810874",
        "jid_1816952",
        "jid_1817062",
        "jid_1816792",
        "jid_1810910",
        "jid_1810916",
        "jid_1817024",
        "jid_1817057",
        "jid_1816896",
        "jid_1818068",
        "jid_1816920",
        "jid_1817094",
        "jid_1818094",
        "jid_1817251",
        "jid_1817167",
        "jid_1817296",
        "jid_1817242",
        "jid_1814759",
        "jid_1817180",
        "jid_1817168",
        "jid_1817276",
        "jid_1815551",
        "jid_1816950",
        "jid_1814472",
        "jid_1811090",
        "jid_1811105",
        "jid_1817336",
        "jid_1817215",
        "jid_1817368",
        "jid_1817317",
        "jid_1817380",
        "jid_1817436",
        "jid_1817377",
        "jid_1817369",
        "jid_1817456",
        "jid_1817437",
        "jid_1817466",
        "jid_1817442",
        "jid_1817195",
        "jid_1817352",
        "jid_1817412",
        "jid_1817427",
        "jid_1817241",
        "jid_1817546",
        "jid_1818545",
        "jid_1817550",
        "jid_1817611",
        "jid_1817553",
        "jid_1817509",
        "jid_1817455",
        "jid_1817689",
        "jid_1817524",
        "jid_1817545",
        "jid_1817480",
        "jid_1817492",
        "jid_1816214",
        "jid_1809987",
        "jid_1817569",
        "jid_1817603",
        "jid_1817830",
        "jid_1817634",
        "jid_1817594",
        "jid_1817747",
        "jid_1817493",
        "jid_1817698",
        "jid_1817807",
        "jid_1818593",
        "jid_1817529",
        "jid_1817787",
        "jid_1817813",
        "jid_1818592",
        "jid_1817517",
        "jid_1817810",
        "jid_1817847",
        "jid_1817790",
        "jid_1817690",
        "jid_1817785",
        "jid_1818588",
        "jid_1817732",
        "jid_1817619",
        "jid_1817748",
        "jid_1817734",
        "jid_1817771",
        "jid_1818606",
        "jid_1817615",
        "jid_1817782",
        "jid_1816300",
        "jid_1817507",
        "jid_1816323",
        "jid_1816416",
        "jid_1817718",
        "jid_1816360",
        "jid_1817458",
        "jid_1817659",
        "jid_1817643",
        "jid_1817723",
        "jid_1817631",
        "jid_1817530",
        "jid_1817809",
        "jid_1817684",
        "jid_1817567",
        "jid_1817548",
        "jid_1816306",
        "jid_1818543",
        "jid_1817533",
        "jid_1817672",
        "jid_1817828",
        "jid_1817852",
        "jid_1817602",
        "jid_1817500",
        "jid_1817487",
        "jid_1817688",
        "jid_1817674",
        "jid_1817633",
        "jid_1815234",
        "jid_1817651",
        "jid_1817778",
        "jid_1817765",
        "jid_1817757",
        "jid_1817703",
        "jid_1817784",
        "jid_1817511",
        "jid_1817863",
        "jid_1817595",
        "jid_1811510",
        "jid_1817733",
        "jid_1817686",
        "jid_1817681",
        "jid_1817701",
        "jid_1817663",
        "jid_1811349",
        "jid_1817577",
        "jid_1817699",
        "jid_1817680",
        "jid_1817836",
        "jid_1817858",
        "jid_1816722",
        "jid_1817871",
        "jid_1816758",
        "jid_1818053",
        "jid_1817936",
        "jid_1817991",
        "jid_1818648",
        "jid_1817912",
        "jid_1812626",
        "jid_1810904",
        "jid_1816295",
        "jid_1812358",
        "jid_1817149",
        "jid_1817919",
        "jid_1818614",
        "jid_1817887",
        "jid_1816783",
        "jid_1812837",
        "jid_1817957",
        "jid_1818628",
        "jid_1812875",
        "jid_1816275",
        "jid_1817944",
        "jid_1817984",
        "jid_1817851",
        "jid_1818062",
        "jid_1818634",
        "jid_1818043",
        "jid_1818049",
        "jid_1817872",
        "jid_1818077",
        "jid_1818647",
        "jid_1812833",
        "jid_1817892",
        "jid_1817986",
        "jid_1816324",
        "jid_1817853",
        "jid_1818039",
        "jid_1818640",
        "jid_1817990",
        "jid_1818074",
        "jid_1817980",
        "jid_1817943",
        "jid_1818010",
        "jid_1817974",
        "jid_1817979",
        "jid_1817941",
        "jid_1818061",
        "jid_1818089",
        "jid_1813148",
        "jid_1818623",
        "jid_1817906",
        "jid_1817894",
        "jid_1817926",
        "jid_1813341",
        "jid_1817879",
        "jid_1813047",
        "jid_1813235",
        "jid_1818651",
        "jid_1817952",
        "jid_1813168",
        "jid_1818022",
        "jid_1818038",
        "jid_1817989",
        "jid_1816379",
        "jid_1813145",
        "jid_1817938",
        "jid_1812829",
        "jid_1817883",
        "jid_1818096",
        "jid_1812863",
        "jid_1812803",
        "jid_1818649",
        "jid_1817873",
        "jid_1816457",
        "jid_1818013",
        "jid_1817951",
        "jid_1818100",
        "jid_1818620",
        "jid_1813191",
        "jid_1818095",
        "jid_1818092",
        "jid_1818168",
        "jid_1818142",
        "jid_1818135",
        "jid_1818051",
        "jid_1816431",
        "jid_1818124",
        "jid_1818287",
        "jid_1816631",
        "jid_1818202",
        "jid_1813664",
        "jid_1813603",
        "jid_1818255",
        "jid_1813755",
        "jid_1813745",
        "jid_1818662",
        "jid_1816980",
        "jid_1813661",
        "jid_1818242",
        "jid_1818181",
        "jid_1817965",
        "jid_1813557",
        "jid_1818230",
        "jid_1816612",
        "jid_1817374",
        "jid_1818216",
        "jid_1818243",
        "jid_1818280",
        "jid_1818235",
        "jid_1818659",
        "jid_1818190",
        "jid_1818180",
        "jid_1818171",
        "jid_1818128",
        "jid_1817457",
        "jid_1818165",
        "jid_1818236",
        "jid_1818170",
        "jid_1818666",
        "jid_1813659",
        "jid_1818147",
        "jid_1813726",
        "jid_1818665",
        "jid_1816847",
        "jid_1818440",
        "jid_1818312",
        "jid_1818343",
        "jid_1818707",
        "jid_1818381",
        "jid_1814300",
        "jid_1814309",
        "jid_1818702",
        "jid_1818327",
        "jid_1818696",
        "jid_1818686",
        "jid_1814196",
        "jid_1818231",
        "jid_1818468",
        "jid_1818342",
        "jid_1814379",
        "jid_1818348",
        "jid_1818295",
        "jid_1818338",
        "jid_1818685",
        "jid_1818363",
        "jid_1818249",
        "jid_1818336",
        "jid_1818321",
        "jid_1818369",
        "jid_1818199",
        "jid_1818307",
        "jid_1818687",
        "jid_1816793",
        "jid_1817084",
        "jid_1818471",
        "jid_1817221",
        "jid_1818704",
        "jid_1818266",
        "jid_1818139",
        "jid_1814452",
        "jid_1818281",
        "jid_1814153",
        "jid_1818358",
        "jid_1818367",
        "jid_1818210",
        "jid_1818303",
        "jid_1818175",
        "jid_1817188",
        "jid_1817537",
        "jid_1818213",
        "jid_1816799",
        "jid_1818709",
        "jid_1816808",
        "jid_1818286",
        "jid_1818304",
        "jid_1818379",
        "jid_1818331",
        "jid_1814488",
        "jid_1818273",
        "jid_1818483",
        "jid_1814434",
        "jid_1818405",
        "jid_1818351",
        "jid_1818479",
        "jid_1818418",
        "jid_1818706",
        "jid_1814298",
        "jid_1811136",
        "jid_1814357",
        "jid_1818552",
        "jid_1818535",
        "jid_1817339",
        "jid_1818487",
        "jid_1814608",
        "jid_1817516",
        "jid_1814719",
        "jid_1817463",
        "jid_1817397",
        "jid_1818445",
        "jid_1818501",
        "jid_1818311",
        "jid_1818314",
        "jid_1818424",
        "jid_1818488",
        "jid_1818527",
        "jid_1818484",
        "jid_1818460",
        "jid_1818482",
        "jid_1818713",
        "jid_1818341",
        "jid_1818453",
        "jid_1818509",
        "jid_1818528",
        "jid_1818517",
        "jid_1815262",
        "jid_1818720",
        "jid_1817023",
        "jid_1818516",
        "jid_1818506",
        "jid_1818454",
        "jid_1818575",
        "jid_1818563",
        "jid_1806666",
        "jid_1806666",
        "jid_1806666",
        "jid_1806666",
        "jid_1806666",
        "jid_1806666",
        "jid_1806666",
        "jid_1806677",
        "jid_1806677",
        "jid_1806677",
        "jid_1806677",
        "jid_1806677",
        "jid_1806677",
        "jid_1806677",
        "jid_1806677",
        "jid_1817868",
        "jid_1818621",
        "jid_1811116",
        "jid_1811116",
        "jid_1806675",
        "jid_1810083",
        "jid_1806726",
        "jid_1806729",
        "jid_1808386",
        "jid_1806748",
        "jid_1806749",
        "jid_1806765",
        "jid_1806776",
        "jid_1806778",
        "jid_1819181",
        "jid_1819084",
        "jid_1819082",
        "jid_1810834",
        "jid_1810065",
        "jid_1810065",
        "jid_1810078",
        "jid_1810080",
        "jid_1810086",
        "jid_1810449",
        "jid_1811268",
        "jid_1811264",
        "jid_1817949",
        "jid_1822297",
        "jid_1822856",
        "jid_1824217",
        "jid_1829717",
        "jid_1829717",
        "jid_1592385",
        "jid_1822063",
        "jid_1829745",
        "jid_1824212",
        "jid_1620497",
        "jid_1819169",
        "jid_1819167",
        "jid_1819053",
        "jid_1819058",
        "jid_1819331",
        "jid_1820027",
        "jid_1821477",
        "jid_1819983",
        "jid_1820046",
        "jid_1820345",
        "jid_1820131",
        "jid_1820304",
        "jid_1820086",
        "jid_1819714",
        "jid_1819874",
        "jid_1820564",
        "jid_1819589",
        "jid_1820402",
        "jid_1820199",
        "jid_1819887",
        "jid_1820307",
        "jid_1819529",
        "jid_1819444",
        "jid_1819939",
        "jid_1820479",
        "jid_1819857",
        "jid_1820476",
        "jid_1819817",
        "jid_1819360",
        "jid_1820520",
        "jid_1822218",
        "jid_1820256",
        "jid_1820379",
        "jid_1819836",
        "jid_1820246",
        "jid_1819965",
        "jid_1820001",
        "jid_1820515",
        "jid_1820030",
        "jid_1819524",
        "jid_1819943",
        "jid_1820400",
        "jid_1820098",
        "jid_1819787",
        "jid_1819873",
        "jid_1819923",
        "jid_1820126",
        "jid_1819908",
        "jid_1819758",
        "jid_1819427",
        "jid_1819849",
        "jid_1820232",
        "jid_1819761",
        "jid_1819528",
        "jid_1820031",
        "jid_1819784",
        "jid_1820575",
        "jid_1820360",
        "jid_1820688",
        "jid_1820619",
        "jid_1820054",
        "jid_1820048",
        "jid_1820178",
        "jid_1820105",
        "jid_1819911",
        "jid_1820334",
        "jid_1819736",
        "jid_1820129",
        "jid_1820172",
        "jid_1820224",
        "jid_1820235",
        "jid_1819667",
        "jid_1819926",
        "jid_1819853",
        "jid_1819713",
        "jid_1820250",
        "jid_1820467",
        "jid_1820201",
        "jid_1820543",
        "jid_1819833",
        "jid_1820137",
        "jid_1819729",
        "jid_1819551",
        "jid_1819699",
        "jid_1820222",
        "jid_1819995",
        "jid_1819929",
        "jid_1819844",
        "jid_1820702",
        "jid_1820331",
        "jid_1819986",
        "jid_1820252",
        "jid_1819847",
        "jid_1820036",
        "jid_1820525",
        "jid_1820244",
        "jid_1820026",
        "jid_1819850",
        "jid_1819494",
        "jid_1819900",
        "jid_1820662",
        "jid_1821826",
        "jid_1820730",
        "jid_1819797",
        "jid_1820125",
        "jid_1819947",
        "jid_1819700",
        "jid_1819696",
        "jid_1820272",
        "jid_1819971",
        "jid_1819871",
        "jid_1820608",
        "jid_1819669",
        "jid_1819496",
        "jid_1820279",
        "jid_1819889",
        "jid_1819531",
        "jid_1820187",
        "jid_1820377",
        "jid_1819930",
        "jid_1819931",
        "jid_1820308",
        "jid_1819650",
        "jid_1819856",
        "jid_1819860",
        "jid_1819473",
        "jid_1819485",
        "jid_1820047",
        "jid_1820342",
        "jid_1820097",
        "jid_1819710",
        "jid_1819737",
        "jid_1820335",
        "jid_1820468",
        "jid_1819633",
        "jid_1819679",
        "jid_1819715",
        "jid_1819763",
        "jid_1820166",
        "jid_1820698",
        "jid_1819681",
        "jid_1820085",
        "jid_1819904",
        "jid_1819482",
        "jid_1819944",
        "jid_1819670",
        "jid_1819481",
        "jid_1819884",
        "jid_1819556",
        "jid_1820396",
        "jid_1819294",
        "jid_1819629",
        "jid_1819803",
        "jid_1819533",
        "jid_1820493",
        "jid_1822014",
        "jid_1820276",
        "jid_1822000",
        "jid_1820093",
        "jid_1820299",
        "jid_1820076",
        "jid_1819782",
        "jid_1819558",
        "jid_1820312",
        "jid_1819519",
        "jid_1820678",
        "jid_1820687",
        "jid_1820526",
        "jid_1820609",
        "jid_1819920",
        "jid_1819627",
        "jid_1820044",
        "jid_1819990",
        "jid_1814813",
        "jid_1818737",
        "jid_1818573",
        "jid_1818728",
        "jid_1824196",
        "jid_1824197",
        "jid_1818734",
        "jid_1818738",
        "jid_1818740",
        "jid_1818748",
        "jid_1818857",
        "jid_1818841",
        "jid_1818841",
        "jid_1818764",
        "jid_1819210",
        "jid_1819154",
        "jid_1819192",
        "jid_1822106",
        "jid_1819252",
        "jid_1819270",
        "jid_1819284",
        "jid_1819253",
        "jid_1819301",
        "jid_1819262",
        "jid_1819311",
        "jid_1819189",
        "jid_1819296",
        "jid_1819289",
        "jid_1819511",
        "jid_1819316",
        "jid_1820352",
        "jid_1819924",
        "jid_1820092",
        "jid_1820163",
        "jid_1822604",
        "jid_1824127",
        "jid_1821797",
        "jid_1824142",
        "jid_1824053",
        "jid_1822101",
        "jid_1822262",
        "jid_1822084",
        "jid_1822026",
        "jid_1822079",
        "jid_1822388",
        "jid_1822753",
        "jid_1823100",
        "jid_1824019",
        "jid_1824012",
        "jid_1824226",
        "jid_1819361",
        "jid_1822210",
        "jid_1822835",
        "jid_1822814",
        "jid_1822837",
        "jid_1822984",
        "jid_1822907",
        "jid_1822929",
        "jid_1822839",
        "jid_1822555",
        "jid_1822859",
        "jid_1822986",
        "jid_1822871",
        "jid_1822608",
        "jid_1822845",
        "jid_1822987",
        "jid_1822820",
        "jid_1822793",
        "jid_1822841",
        "jid_1823006",
        "jid_1823407",
        "jid_1822902",
        "jid_1822847",
        "jid_1822849",
        "jid_1822934",
        "jid_1822815",
        "jid_1823021",
        "jid_1822904",
        "jid_1822919",
        "jid_1823080",
        "jid_1822949",
        "jid_1822851",
        "jid_1822664",
        "jid_1822821",
        "jid_1823526",
        "jid_1822957",
        "jid_1823118",
        "jid_1822979",
        "jid_1823017",
        "jid_1823094",
        "jid_1822945",
        "jid_1822976",
        "jid_1823440",
        "jid_1823025",
        "jid_1822993",
        "jid_1822974",
        "jid_1823062",
        "jid_1823102",
        "jid_1822997",
        "jid_1822566",
        "jid_1823071",
        "jid_1823035",
        "jid_1823015",
        "jid_1823477",
        "jid_1823018",
        "jid_1823138",
        "jid_1823522",
        "jid_1823024",
        "jid_1822564",
        "jid_1822626",
        "jid_1822624",
        "jid_1822622",
        "jid_1823019",
        "jid_1823065",
        "jid_1823135",
        "jid_1823091",
        "jid_1823122",
        "jid_1823143",
        "jid_1823066",
        "jid_1823180",
        "jid_1822573",
        "jid_1822576",
        "jid_1822538",
        "jid_1823313",
        "jid_1823697",
        "jid_1823314",
        "jid_1823211",
        "jid_1823203",
        "jid_1823217",
        "jid_1823259",
        "jid_1823253",
        "jid_1823276",
        "jid_1823234",
        "jid_1823358",
        "jid_1823718",
        "jid_1822757",
        "jid_1823349",
        "jid_1823220",
        "jid_1823721",
        "jid_1822792",
        "jid_1823738",
        "jid_1822756",
        "jid_1823205",
        "jid_1822742",
        "jid_1823292",
        "jid_1823272",
        "jid_1823329",
        "jid_1823283",
        "jid_1823207",
        "jid_1822759",
        "jid_1823304",
        "jid_1823275",
        "jid_1822748",
        "jid_1823216",
        "jid_1823392",
        "jid_1823387",
        "jid_1823166",
        "jid_1822758",
        "jid_1822741",
        "jid_1822726",
        "jid_1823369",
        "jid_1822772",
        "jid_1823377",
        "jid_1823301",
        "jid_1823652",
        "jid_1823187",
        "jid_1823239",
        "jid_1823172",
        "jid_1822751",
        "jid_1823334",
        "jid_1823352",
        "jid_1822678",
        "jid_1823246",
        "jid_1822542",
        "jid_1822620",
        "jid_1822603",
        "jid_1822621",
        "jid_1823427",
        "jid_1823501",
        "jid_1823431",
        "jid_1823582",
        "jid_1823636",
        "jid_1822650",
        "jid_1823599",
        "jid_1822831",
        "jid_1823484",
        "jid_1823417",
        "jid_1822637",
        "jid_1823571",
        "jid_1823564",
        "jid_1823647",
        "jid_1823503",
        "jid_1822855",
        "jid_1822805",
        "jid_1823668",
        "jid_1823479",
        "jid_1822632",
        "jid_1822663",
        "jid_1823552",
        "jid_1823474",
        "jid_1822661",
        "jid_1823533",
        "jid_1823555",
        "jid_1823639",
        "jid_1823498",
        "jid_1823626",
        "jid_1824047",
        "jid_1823562",
        "jid_1823633",
        "jid_1823596",
        "jid_1824033",
        "jid_1823502",
        "jid_1824044",
        "jid_1823488",
        "jid_1823508",
        "jid_1823150",
        "jid_1823560",
        "jid_1823540",
        "jid_1823589",
        "jid_1823428",
        "jid_1823585",
        "jid_1823575",
        "jid_1823610",
        "jid_1823505",
        "jid_1823551",
        "jid_1823444",
        "jid_1823588",
        "jid_1823524",
        "jid_1823621",
        "jid_1823506",
        "jid_1823541",
        "jid_1824051",
        "jid_1823075",
        "jid_1823640",
        "jid_1824066",
        "jid_1823717",
        "jid_1823517",
        "jid_1823148",
        "jid_1823666",
        "jid_1823712",
        "jid_1823713",
        "jid_1822688",
        "jid_1823628",
        "jid_1822718",
        "jid_1822709",
        "jid_1824084",
        "jid_1823843",
        "jid_1823775",
        "jid_1824086",
        "jid_1823776",
        "jid_1823168",
        "jid_1823779",
        "jid_1823784",
        "jid_1823074",
        "jid_1822684",
        "jid_1824075",
        "jid_1823755",
        "jid_1823862",
        "jid_1822698",
        "jid_1823822",
        "jid_1824118",
        "jid_1824062",
        "jid_1823151",
        "jid_1824081",
        "jid_1823851",
        "jid_1823767",
        "jid_1822702",
        "jid_1822775",
        "jid_1823145",
        "jid_1822692",
        "jid_1823847",
        "jid_1823798",
        "jid_1822725",
        "jid_1823844",
        "jid_1823768",
        "jid_1823771",
        "jid_1823923",
        "jid_1823772",
        "jid_1823742",
        "jid_1823834",
        "jid_1823778",
        "jid_1823908",
        "jid_1822716",
        "jid_1823805",
        "jid_1824107",
        "jid_1823888",
        "jid_1822731",
        "jid_1824087",
        "jid_1822695",
        "jid_1823852",
        "jid_1823957",
        "jid_1823328",
        "jid_1823701",
        "jid_1823998",
        "jid_1823872",
        "jid_1823968",
        "jid_1823973",
        "jid_1823897",
        "jid_1823959",
        "jid_1823940",
        "jid_1824002",
        "jid_1823695",
        "jid_1823792",
        "jid_1823938",
        "jid_1824116",
        "jid_1824056",
        "jid_1823951",
        "jid_1823826",
        "jid_1824094",
        "jid_1823882",
        "jid_1824104",
        "jid_1824008",
        "jid_1823955",
        "jid_1823899",
        "jid_1823813",
        "jid_1823997",
        "jid_1823693",
        "jid_1823993",
        "jid_1823699",
        "jid_1823936",
        "jid_1824007",
        "jid_1824114",
        "jid_1823848",
        "jid_1823240",
        "jid_1823889",
        "jid_1824101",
        "jid_1823710",
        "jid_1823318",
        "jid_1823845",
        "jid_1823965",
        "jid_1823901",
        "jid_1823941",
        "jid_1823931",
        "jid_1824013",
        "jid_1823883",
        "jid_1823708",
        "jid_1823759",
        "jid_1823816",
        "jid_1821798",
        "jid_1822113",
        "jid_1822111",
        "jid_1818818",
        "jid_1818819",
        "jid_1818820",
        "jid_1818904",
        "jid_1818904",
        "jid_1822505",
        "jid_1818810",
        "jid_1822120",
        "jid_1822120",
        "jid_1822228",
        "jid_1822203",
        "jid_1823379",
        "jid_1823379",
        "jid_1822202",
        "jid_1822279",
        "jid_1822279",
        "jid_1822279",
        "jid_1822525",
        "jid_1822514",
        "jid_1822514",
        "jid_1822151",
        "jid_1818840",
        "jid_1822534",
        "jid_1822584",
        "jid_1822179",
        "jid_1825327",
        "jid_1822100",
        "jid_1822590",
        "jid_1824126",
        "jid_1819216",
        "jid_1822562",
        "jid_1825441",
        "jid_1824230",
        "jid_1824230",
        "jid_1824230",
        "jid_1824230",
        "jid_1824230",
        "jid_1824222",
        "jid_1818886",
        "jid_1802644",
        "jid_1802644",
        "jid_1802644",
        "jid_1802644",
        "jid_1802644",
        "jid_1802644",
        "jid_1802644",
        "jid_1802644",
        "jid_1802644",
        "jid_1819967",
        "jid_1674526",
        "jid_1818895",
        "jid_1825265",
        "jid_1818951",
        "jid_1818897",
        "jid_1818944",
        "jid_1820566",
        "jid_1820343",
        "jid_1818981",
        "jid_1818957",
        "jid_1818991",
        "jid_1820660",
        "jid_1818979",
        "jid_1829426",
        "jid_1829719",
        "jid_1829703",
        "jid_1829709",
        "jid_1829756",
        "jid_1829434",
        "jid_1830278",
        "jid_1831430",
        "jid_1829605",
        "jid_1829452",
        "jid_1820774",
        "jid_1819021",
        "jid_1824227",
        "jid_1819111",
        "jid_1819156",
        "jid_1819163",
        "jid_1819306",
        "jid_1819175",
        "jid_1820588",
        "jid_1820560",
        "jid_1820528",
        "jid_1820766",
        "jid_1820776",
        "jid_1820716",
        "jid_1820728",
        "jid_1820708",
        "jid_1820732",
        "jid_1820729",
        "jid_1820735",
        "jid_1820756",
        "jid_1820767",
        "jid_1820794",
        "jid_1820796",
        "jid_1820758",
        "jid_1820777",
        "jid_1820852",
        "jid_1821147",
        "jid_1821074",
        "jid_1820845",
        "jid_1820891",
        "jid_1820924",
        "jid_1821145",
        "jid_1821072",
        "jid_1820959",
        "jid_1821192",
        "jid_1821772",
        "jid_1821770",
        "jid_1821694",
        "jid_1821788",
        "jid_1821840",
        "jid_1821761",
        "jid_1821397",
        "jid_1821509",
        "jid_1821762",
        "jid_1821763",
        "jid_1821775",
        "jid_1821760",
        "jid_1821758",
        "jid_1821804",
        "jid_1821851",
        "jid_1821693",
        "jid_1821780",
        "jid_1821816",
        "jid_1821830",
        "jid_1821794",
        "jid_1821817",
        "jid_1821930",
        "jid_1821962",
        "jid_1821984",
        "jid_1821896",
        "jid_1821923",
        "jid_1821944",
        "jid_1821918",
        "jid_1821919",
        "jid_1821940",
        "jid_1821958",
        "jid_1819042",
        "jid_1819043",
        "jid_1819158",
        "jid_1819069",
        "jid_1822504",
        "jid_1822135",
        "jid_1819088",
        "jid_1844051",
        "jid_1822052",
        "jid_1822539",
        "jid_1819108",
        "jid_1819094",
        "jid_1819096",
        "jid_1819104",
        "jid_1832695",
        "jid_1832636",
        "jid_1736883",
        "jid_1736883",
        "jid_1837562",
        "jid_1819139",
        "jid_1824178",
        "jid_1824276",
        "jid_1824283",
        "jid_1824280",
        "jid_1824216",
        "jid_1824290",
        "jid_1821988",
        "jid_1822001",
        "jid_1837563",
        "jid_1819193",
        "jid_1822128",
        "jid_1822137",
        "jid_1822134",
        "jid_1822141",
        "jid_1822157",
        "jid_1822161",
        "jid_1822154",
        "jid_1822166",
        "jid_1822162",
        "jid_1822172",
        "jid_1822176",
        "jid_1822186",
        "jid_1822184",
        "jid_1821992",
        "jid_1822189",
        "jid_1822195",
        "jid_1822194",
        "jid_1822197",
        "jid_1822199",
        "jid_1822217",
        "jid_1822225",
        "jid_1822224",
        "jid_1822223",
        "jid_1822238",
        "jid_1822236",
        "jid_1822232",
        "jid_1822249",
        "jid_1822242",
        "jid_1822253",
        "jid_1822258",
        "jid_1822267",
        "jid_1822296",
        "jid_1822270",
        "jid_1822292",
        "jid_1822308",
        "jid_1822304",
        "jid_1822306",
        "jid_1822305",
        "jid_1822348",
        "jid_1822354",
        "jid_1822362",
        "jid_1822353",
        "jid_1822364",
        "jid_1822379",
        "jid_1822385",
        "jid_1822381",
        "jid_1822393",
        "jid_1822397",
        "jid_1822429",
        "jid_1822418",
        "jid_1822411",
        "jid_1822415",
        "jid_1822419",
        "jid_1822422",
        "jid_1822421",
        "jid_1822456",
        "jid_1822435",
        "jid_1822433",
        "jid_1822451",
        "jid_1822458",
        "jid_1824161",
        "jid_1822444",
        "jid_1822449",
        "jid_1822454",
        "jid_1822477",
        "jid_1822485",
        "jid_1822484",
        "jid_1822487",
        "jid_1822491",
        "jid_1825397",
        "jid_1825397",
        "jid_1828871",
        "jid_1828816",
        "jid_1828816",
        "jid_1829721",
        "jid_1826771",
        "jid_1826771",
        "jid_1826771",
        "jid_1828812",
        "jid_1830538",
        "jid_1828783",
        "jid_1828783",
        "jid_1826614",
        "jid_1826614",
        "jid_1824154",
        "jid_1819584",
        "jid_1819590",
        "jid_1819567",
        "jid_1819609",
        "jid_1820056",
        "jid_1820091",
        "jid_1819964",
        "jid_1820099",
        "jid_1820077",
        "jid_1820115",
        "jid_1820113",
        "jid_1820116",
        "jid_1820214",
        "jid_1820253",
        "jid_1820258",
        "jid_1820273",
        "jid_1820316",
        "jid_1820351",
        "jid_1820349",
        "jid_1820368",
        "jid_1820364",
        "jid_1820394",
        "jid_1820373",
        "jid_1820395",
        "jid_1820385",
        "jid_1820451",
        "jid_1820442",
        "jid_1820441",
        "jid_1820450",
        "jid_1820482",
        "jid_1820475",
        "jid_1820509",
        "jid_1820546",
        "jid_1820552",
        "jid_1820572",
        "jid_1820565",
        "jid_1820570",
        "jid_1820567",
        "jid_1822535",
        "jid_1822636",
        "jid_1819290",
        "jid_1819292",
        "jid_1822614",
        "jid_1820496",
        "jid_1820536",
        "jid_1820622",
        "jid_1820542",
        "jid_1820632",
        "jid_1820643",
        "jid_1820648",
        "jid_1820661",
        "jid_1820683",
        "jid_1820684",
        "jid_1820690",
        "jid_1820751",
        "jid_1820786",
        "jid_1820787",
        "jid_1820779",
        "jid_1820808",
        "jid_1820805",
        "jid_1820788",
        "jid_1820783",
        "jid_1820807",
        "jid_1820802",
        "jid_1820800",
        "jid_1820825",
        "jid_1820827",
        "jid_1820867",
        "jid_1820850",
        "jid_1820817",
        "jid_1820828",
        "jid_1820864",
        "jid_1820862",
        "jid_1820844",
        "jid_1820857",
        "jid_1820872",
        "jid_1820861",
        "jid_1820873",
        "jid_1820885",
        "jid_1820893",
        "jid_1820912",
        "jid_1820895",
        "jid_1820915",
        "jid_1820920",
        "jid_1820925",
        "jid_1820987",
        "jid_1820937",
        "jid_1820942",
        "jid_1820945",
        "jid_1820943",
        "jid_1821020",
        "jid_1820968",
        "jid_1820962",
        "jid_1821011",
        "jid_1820951",
        "jid_1820976",
        "jid_1820971",
        "jid_1820979",
        "jid_1820995",
        "jid_1821008",
        "jid_1820994",
        "jid_1820993",
        "jid_1820996",
        "jid_1821065",
        "jid_1821053",
        "jid_1821063",
        "jid_1821033",
        "jid_1821068",
        "jid_1821039",
        "jid_1821034",
        "jid_1821067",
        "jid_1821114",
        "jid_1821110",
        "jid_1821084",
        "jid_1821106",
        "jid_1821097",
        "jid_1821103",
        "jid_1821079",
        "jid_1821142",
        "jid_1821081",
        "jid_1821117",
        "jid_1821108",
        "jid_1821101",
        "jid_1821129",
        "jid_1821130",
        "jid_1821131",
        "jid_1821122",
        "jid_1821166",
        "jid_1821181",
        "jid_1821230",
        "jid_1821156",
        "jid_1821185",
        "jid_1821167",
        "jid_1821191",
        "jid_1821204",
        "jid_1821199",
        "jid_1821196",
        "jid_1821201",
        "jid_1821224",
        "jid_1821253",
        "jid_1821235",
        "jid_1821234",
        "jid_1821258",
        "jid_1821254",
        "jid_1821241",
        "jid_1821237",
        "jid_1821236",
        "jid_1821244",
        "jid_1821361",
        "jid_1821247",
        "jid_1821256",
        "jid_1821248",
        "jid_1821257",
        "jid_1821277",
        "jid_1821275",
        "jid_1821274",
        "jid_1821271",
        "jid_1821300",
        "jid_1821279",
        "jid_1821270",
        "jid_1821341",
        "jid_1821312",
        "jid_1821316",
        "jid_1821323",
        "jid_1821359",
        "jid_1821377",
        "jid_1821460",
        "jid_1821406",
        "jid_1821346",
        "jid_1821344",
        "jid_1821349",
        "jid_1821356",
        "jid_1821368",
        "jid_1821396",
        "jid_1821381",
        "jid_1821379",
        "jid_1821394",
        "jid_1821399",
        "jid_1821459",
        "jid_1821415",
        "jid_1821473",
        "jid_1821502",
        "jid_1821424",
        "jid_1821426",
        "jid_1821451",
        "jid_1821438",
        "jid_1821437",
        "jid_1821439",
        "jid_1821446",
        "jid_1821462",
        "jid_1821471",
        "jid_1821596",
        "jid_1821495",
        "jid_1821479",
        "jid_1821492",
        "jid_1821550",
        "jid_1821526",
        "jid_1821504",
        "jid_1821512",
        "jid_1821515",
        "jid_1821529",
        "jid_1821530",
        "jid_1821581",
        "jid_1821626",
        "jid_1821549",
        "jid_1821543",
        "jid_1821555",
        "jid_1821572",
        "jid_1821571",
        "jid_1821586",
        "jid_1821616",
        "jid_1821614",
        "jid_1821618",
        "jid_1821628",
        "jid_1821602",
        "jid_1821610",
        "jid_1821630",
        "jid_1821637",
        "jid_1821653",
        "jid_1821645",
        "jid_1821631",
        "jid_1821655",
        "jid_1821633",
        "jid_1821674",
        "jid_1821673",
        "jid_1821715",
        "jid_1821702",
        "jid_1821714",
        "jid_1821742",
        "jid_1821730",
        "jid_1821743",
        "jid_1821734",
        "jid_1840159",
        "jid_1823137",
        "jid_1829753",
        "jid_1819332",
        "jid_1822596",
        "jid_1819549",
        "jid_1819591",
        "jid_1822004",
        "jid_1822004",
        "jid_1822004",
        "jid_1822004",
        "jid_1822004",
        "jid_1822004",
        "jid_1822004",
        "jid_1822004",
        "jid_1822004",
        "jid_1822004",
        "jid_1822004",
        "jid_1822004",
        "jid_1822004",
        "jid_1822004",
        "jid_1822004",
        "jid_1822004",
        "jid_1822004",
        "jid_1822004",
        "jid_1822004",
        "jid_1822004",
        "jid_1822004",
        "jid_1822004",
        "jid_1822004",
        "jid_1822004",
        "jid_1822004",
        "jid_1822004",
        "jid_1822004",
        "jid_1822004",
        "jid_1822004",
        "jid_1822004",
        "jid_1822004",
        "jid_1822004",
        "jid_1822004",
        "jid_1822004",
        "jid_1822004",
        "jid_1822004",
        "jid_1822004",
        "jid_1822004",
        "jid_1822004",
        "jid_1822004",
        "jid_1822004",
        "jid_1822004",
        "jid_1822004",
        "jid_1822004",
        "jid_1822004",
        "jid_1822004",
        "jid_1822004",
        "jid_1822004",
        "jid_1822004",
        "jid_1822004",
        "jid_1822004",
        "jid_1822004",
        "jid_1822004",
        "jid_1822004",
        "jid_1822004",
        "jid_1822004",
        "jid_1822004",
        "jid_1822004",
        "jid_1822004",
        "jid_1822004",
        "jid_1822004",
        "jid_1822004",
        "jid_1822004",
        "jid_1822004",
        "jid_1822004",
        "jid_1822004",
        "jid_1819885",
        "jid_1825904",
        "jid_1820466",
        "jid_1820268",
        "jid_1820287",
        "jid_1820437",
        "jid_1820627",
        "jid_1821825",
        "jid_1821825",
        "jid_1821825",
        "jid_1820599",
        "jid_1832066",
        "jid_1832062",
        "jid_1830709",
        "jid_1830692",
        "jid_1830697",
        "jid_1830694",
        "jid_1830703",
        "jid_1830686",
        "jid_1830695",
        "jid_1820740",
        "jid_1821049",
        "jid_1821857",
        "jid_1821812",
        "jid_1821868",
        "jid_1821855",
        "jid_1824050",
        "jid_1824050",
        "jid_1824050",
        "jid_1824050",
        "jid_1824050",
        "jid_1824050",
        "jid_1824050",
        "jid_1824050",
        "jid_1824050",
        "jid_1824050",
        "jid_1824050",
        "jid_1824050",
        "jid_1824050",
        "jid_1824050",
        "jid_1824050",
        "jid_1824050",
        "jid_1824050",
        "jid_1824050",
        "jid_1824050",
        "jid_1824050",
        "jid_1824050",
        "jid_1824050",
        "jid_1824050",
        "jid_1824050",
        "jid_1824050",
        "jid_1824050",
        "jid_1824050",
        "jid_1824050",
        "jid_1824050",
        "jid_1824050",
        "jid_1824050",
        "jid_1824050",
        "jid_1824050",
        "jid_1824050",
        "jid_1824050",
        "jid_1824050",
        "jid_1824050",
        "jid_1824050",
        "jid_1824050",
        "jid_1824050",
        "jid_1824050",
        "jid_1824050",
        "jid_1824050",
        "jid_1824050",
        "jid_1824050",
        "jid_1824050",
        "jid_1824050",
        "jid_1824050",
        "jid_1824050",
        "jid_1824050",
        "jid_1824050",
        "jid_1824050",
        "jid_1824050",
        "jid_1824050",
        "jid_1824050",
        "jid_1824050",
        "jid_1824050",
        "jid_1824050",
        "jid_1824050",
        "jid_1824050",
        "jid_1824050",
        "jid_1824050",
        "jid_1824050",
        "jid_1824050",
        "jid_1821885",
        "jid_1821906",
        "jid_1824168",
        "jid_1824168",
        "jid_1824168",
        "jid_1824168",
        "jid_1824168",
        "jid_1824168",
        "jid_1824168",
        "jid_1824168",
        "jid_1824168",
        "jid_1824168",
        "jid_1824168",
        "jid_1824168",
        "jid_1824168",
        "jid_1824168",
        "jid_1824168",
        "jid_1824168",
        "jid_1824168",
        "jid_1824168",
        "jid_1824168",
        "jid_1824168",
        "jid_1824168",
        "jid_1824168",
        "jid_1824168",
        "jid_1824168",
        "jid_1824168",
        "jid_1824168",
        "jid_1824168",
        "jid_1824168",
        "jid_1824168",
        "jid_1824168",
        "jid_1824168",
        "jid_1824168",
        "jid_1824168",
        "jid_1824168",
        "jid_1824168",
        "jid_1824168",
        "jid_1824168",
        "jid_1824168",
        "jid_1824168",
        "jid_1824168",
        "jid_1824168",
        "jid_1824168",
        "jid_1824168",
        "jid_1824168",
        "jid_1824168",
        "jid_1824168",
        "jid_1824168",
        "jid_1824168",
        "jid_1824168",
        "jid_1824168",
        "jid_1824168",
        "jid_1824168",
        "jid_1824168",
        "jid_1824168",
        "jid_1824168",
        "jid_1824168",
        "jid_1824168",
        "jid_1824168",
        "jid_1824168",
        "jid_1824168",
        "jid_1824168",
        "jid_1824168",
        "jid_1824168",
        "jid_1824168",
        "jid_1824168",
        "jid_1824168",
        "jid_1824168",
        "jid_1824168",
        "jid_1824168",
        "jid_1824168",
        "jid_1824168",
        "jid_1824168",
        "jid_1824168",
        "jid_1824168",
        "jid_1824168",
        "jid_1824168",
        "jid_1824168",
        "jid_1824168",
        "jid_1821898",
        "jid_1821904",
        "jid_1837503",
        "jid_1821912",
        "jid_1445315",
        "jid_1822077",
        "jid_1822037",
        "jid_1822035",
        "jid_1822043",
        "jid_1824232",
        "jid_1822055",
        "jid_1822074",
        "jid_1822076",
        "jid_1822087",
        "jid_1822087",
        "jid_1822091",
        "jid_1828227",
        "jid_1822533",
        "jid_1822108",
        "jid_1822520",
        "jid_1822182",
        "jid_1844639",
        "jid_1822231",
        "jid_1824295",
        "jid_1824288",
        "jid_1824328",
        "jid_1824155",
        "jid_1825272",
        "jid_1825329",
        "jid_1825317",
        "jid_1824242",
        "jid_1828713",
        "jid_1824323",
        "jid_1828090",
        "jid_1825561",
        "jid_1826047",
        "jid_1825400",
        "jid_1826268",
        "jid_1826014",
        "jid_1826030",
        "jid_1826772",
        "jid_1826757",
        "jid_1826227",
        "jid_1825930",
        "jid_1825394",
        "jid_1825401",
        "jid_1826061",
        "jid_1826059",
        "jid_1826131",
        "jid_1825916",
        "jid_1826163",
        "jid_1825962",
        "jid_1826946",
        "jid_1826178",
        "jid_1826150",
        "jid_1825915",
        "jid_1826048",
        "jid_1825944",
        "jid_1826196",
        "jid_1826740",
        "jid_1826145",
        "jid_1826088",
        "jid_1826080",
        "jid_1826064",
        "jid_1825950",
        "jid_1828135",
        "jid_1826132",
        "jid_1825948",
        "jid_1826105",
        "jid_1826219",
        "jid_1825925",
        "jid_1825666",
        "jid_1826273",
        "jid_1826347",
        "jid_1826232",
        "jid_1828108",
        "jid_1826181",
        "jid_1826184",
        "jid_1826141",
        "jid_1826129",
        "jid_1825798",
        "jid_1825789",
        "jid_1826111",
        "jid_1825389",
        "jid_1826439",
        "jid_1828099",
        "jid_1826205",
        "jid_1826267",
        "jid_1826208",
        "jid_1826192",
        "jid_1828148",
        "jid_1825946",
        "jid_1825644",
        "jid_1826104",
        "jid_1828198",
        "jid_1826054",
        "jid_1826118",
        "jid_1826168",
        "jid_1826153",
        "jid_1828126",
        "jid_1826240",
        "jid_1825679",
        "jid_1826228",
        "jid_1826489",
        "jid_1826330",
        "jid_1826567",
        "jid_1826528",
        "jid_1826398",
        "jid_1826367",
        "jid_1826383",
        "jid_1826451",
        "jid_1826464",
        "jid_1826646",
        "jid_1825935",
        "jid_1826335",
        "jid_1826270",
        "jid_1826204",
        "jid_1826260",
        "jid_1825795",
        "jid_1826397",
        "jid_1825951",
        "jid_1828082",
        "jid_1826328",
        "jid_1826303",
        "jid_1826053",
        "jid_1826239",
        "jid_1828140",
        "jid_1825663",
        "jid_1826221",
        "jid_1826212",
        "jid_1825828",
        "jid_1825624",
        "jid_1825632",
        "jid_1825672",
        "jid_1825398",
        "jid_1825646",
        "jid_1826320",
        "jid_1825443",
        "jid_1825578",
        "jid_1825435",
        "jid_1826223",
        "jid_1826152",
        "jid_1826339",
        "jid_1825606",
        "jid_1825438",
        "jid_1825418",
        "jid_1826302",
        "jid_1825442",
        "jid_1825431",
        "jid_1826453",
        "jid_1826526",
        "jid_1827046",
        "jid_1826263",
        "jid_1825662",
        "jid_1825436",
        "jid_1825591",
        "jid_1828174",
        "jid_1828152",
        "jid_1826242",
        "jid_1826324",
        "jid_1826677",
        "jid_1826511",
        "jid_1826386",
        "jid_1826148",
        "jid_1826562",
        "jid_1826784",
        "jid_1826459",
        "jid_1826363",
        "jid_1826318",
        "jid_1828188",
        "jid_1828156",
        "jid_1826392",
        "jid_1825980",
        "jid_1825688",
        "jid_1826022",
        "jid_1826365",
        "jid_1826340",
        "jid_1826414",
        "jid_1828194",
        "jid_1826286",
        "jid_1826845",
        "jid_1828107",
        "jid_1826580",
        "jid_1826346",
        "jid_1825820",
        "jid_1826993",
        "jid_1825979",
        "jid_1826564",
        "jid_1826827",
        "jid_1826869",
        "jid_1825995",
        "jid_1826369",
        "jid_1828069",
        "jid_1826861",
        "jid_1826465",
        "jid_1826746",
        "jid_1828203",
        "jid_1826726",
        "jid_1826495",
        "jid_1826573",
        "jid_1828226",
        "jid_1825412",
        "jid_1825424",
        "jid_1828248",
        "jid_1825422",
        "jid_1826325",
        "jid_1826618",
        "jid_1826636",
        "jid_1825358",
        "jid_1826572",
        "jid_1826617",
        "jid_1825574",
        "jid_1826517",
        "jid_1825965",
        "jid_1825677",
        "jid_1828228",
        "jid_1827392",
        "jid_1825419",
        "jid_1828287",
        "jid_1826079",
        "jid_1826805",
        "jid_1826780",
        "jid_1826252",
        "jid_1826583",
        "jid_1826654",
        "jid_1826714",
        "jid_1826602",
        "jid_1826566",
        "jid_1826794",
        "jid_1826628",
        "jid_1828166",
        "jid_1825466",
        "jid_1826003",
        "jid_1826759",
        "jid_1826798",
        "jid_1825459",
        "jid_1825728",
        "jid_1826668",
        "jid_1825452",
        "jid_1826493",
        "jid_1825476",
        "jid_1826931",
        "jid_1828234",
        "jid_1825594",
        "jid_1825590",
        "jid_1825444",
        "jid_1828158",
        "jid_1826838",
        "jid_1826739",
        "jid_1827006",
        "jid_1826765",
        "jid_1825478",
        "jid_1828284",
        "jid_1826686",
        "jid_1826808",
        "jid_1825618",
        "jid_1825856",
        "jid_1826685",
        "jid_1825599",
        "jid_1826875",
        "jid_1826749",
        "jid_1826479",
        "jid_1826751",
        "jid_1826073",
        "jid_1826781",
        "jid_1828231",
        "jid_1826820",
        "jid_1826865",
        "jid_1827012",
        "jid_1826570",
        "jid_1826723",
        "jid_1826955",
        "jid_1827159",
        "jid_1826760",
        "jid_1826673",
        "jid_1826824",
        "jid_1827107",
        "jid_1827097",
        "jid_1827384",
        "jid_1826645",
        "jid_1826874",
        "jid_1826157",
        "jid_1827014",
        "jid_1826065",
        "jid_1826807",
        "jid_1826789",
        "jid_1827193",
        "jid_1827253",
        "jid_1826834",
        "jid_1826892",
        "jid_1828259",
        "jid_1827044",
        "jid_1826717",
        "jid_1826915",
        "jid_1826978",
        "jid_1827079",
        "jid_1826802",
        "jid_1826718",
        "jid_1827041",
        "jid_1826362",
        "jid_1825743",
        "jid_1828305",
        "jid_1826630",
        "jid_1826924",
        "jid_1827018",
        "jid_1827284",
        "jid_1826710",
        "jid_1827021",
        "jid_1826927",
        "jid_1825741",
        "jid_1826960",
        "jid_1827098",
        "jid_1827294",
        "jid_1828276",
        "jid_1826797",
        "jid_1827009",
        "jid_1826967",
        "jid_1827121",
        "jid_1826957",
        "jid_1825753",
        "jid_1826989",
        "jid_1825790",
        "jid_1828124",
        "jid_1826826",
        "jid_1825593",
        "jid_1825465",
        "jid_1825605",
        "jid_1825745",
        "jid_1826949",
        "jid_1826333",
        "jid_1825482",
        "jid_1827383",
        "jid_1827161",
        "jid_1826990",
        "jid_1827139",
        "jid_1826947",
        "jid_1828138",
        "jid_1826190",
        "jid_1825767",
        "jid_1827078",
        "jid_1825755",
        "jid_1827096",
        "jid_1825770",
        "jid_1825481",
        "jid_1827262",
        "jid_1827146",
        "jid_1827116",
        "jid_1825613",
        "jid_1827042",
        "jid_1825492",
        "jid_1825622",
        "jid_1827168",
        "jid_1826235",
        "jid_1826878",
        "jid_1827039",
        "jid_1827102",
        "jid_1828387",
        "jid_1827235",
        "jid_1827101",
        "jid_1827268",
        "jid_1827104",
        "jid_1826342",
        "jid_1827188",
        "jid_1826983",
        "jid_1826621",
        "jid_1827279",
        "jid_1828400",
        "jid_1827308",
        "jid_1827357",
        "jid_1827252",
        "jid_1828306",
        "jid_1827110",
        "jid_1827085",
        "jid_1826416",
        "jid_1827288",
        "jid_1827393",
        "jid_1827339",
        "jid_1825886",
        "jid_1827470",
        "jid_1827183",
        "jid_1825771",
        "jid_1827204",
        "jid_1827569",
        "jid_1825769",
        "jid_1827364",
        "jid_1826956",
        "jid_1827597",
        "jid_1825773",
        "jid_1827343",
        "jid_1826981",
        "jid_1828175",
        "jid_1827247",
        "jid_1827520",
        "jid_1826409",
        "jid_1828322",
        "jid_1827141",
        "jid_1828327",
        "jid_1827270",
        "jid_1827149",
        "jid_1825845",
        "jid_1827131",
        "jid_1827130",
        "jid_1827361",
        "jid_1827340",
        "jid_1827162",
        "jid_1827475",
        "jid_1827349",
        "jid_1827378",
        "jid_1827192",
        "jid_1827550",
        "jid_1827167",
        "jid_1826600",
        "jid_1827331",
        "jid_1827234",
        "jid_1827218",
        "jid_1826518",
        "jid_1827571",
        "jid_1827381",
        "jid_1825791",
        "jid_1827275",
        "jid_1827352",
        "jid_1827568",
        "jid_1825485",
        "jid_1827236",
        "jid_1827071",
        "jid_1827312",
        "jid_1827387",
        "jid_1827369",
        "jid_1827510",
        "jid_1827588",
        "jid_1825880",
        "jid_1827201",
        "jid_1828359",
        "jid_1827318",
        "jid_1828311",
        "jid_1827426",
        "jid_1827479",
        "jid_1827337",
        "jid_1825635",
        "jid_1827575",
        "jid_1827463",
        "jid_1827055",
        "jid_1827450",
        "jid_1828356",
        "jid_1826700",
        "jid_1825509",
        "jid_1825816",
        "jid_1827367",
        "jid_1825682",
        "jid_1827362",
        "jid_1827355",
        "jid_1828349",
        "jid_1825521",
        "jid_1827293",
        "jid_1827397",
        "jid_1825522",
        "jid_1828395",
        "jid_1827428",
        "jid_1825851",
        "jid_1825692",
        "jid_1828388",
        "jid_1827609",
        "jid_1827564",
        "jid_1825680",
        "jid_1825723",
        "jid_1828376",
        "jid_1825642",
        "jid_1827453",
        "jid_1827299",
        "jid_1828361",
        "jid_1827438",
        "jid_1828391",
        "jid_1827545",
        "jid_1827585",
        "jid_1827305",
        "jid_1826696",
        "jid_1827491",
        "jid_1827499",
        "jid_1826852",
        "jid_1827434",
        "jid_1825892",
        "jid_1827538",
        "jid_1828399",
        "jid_1827433",
        "jid_1827533",
        "jid_1825871",
        "jid_1825889",
        "jid_1827495",
        "jid_1825661",
        "jid_1825674",
        "jid_1825829",
        "jid_1827093",
        "jid_1827598",
        "jid_1827513",
        "jid_1827494",
        "jid_1825731",
        "jid_1825689",
        "jid_1826945",
        "jid_1827442",
        "jid_1827506",
        "jid_1825687",
        "jid_1827504",
        "jid_1827390",
        "jid_1827591",
        "jid_1828186",
        "jid_1828365",
        "jid_1826879",
        "jid_1827556",
        "jid_1827589",
        "jid_1827551",
        "jid_1827579",
        "jid_1827562",
        "jid_1827590",
        "jid_1827652",
        "jid_1827612",
        "jid_1827619",
        "jid_1826999",
        "jid_1826884",
        "jid_1827746",
        "jid_1827691",
        "jid_1827677",
        "jid_1825533",
        "jid_1827651",
        "jid_1827792",
        "jid_1827180",
        "jid_1828415",
        "jid_1827686",
        "jid_1828423",
        "jid_1827635",
        "jid_1827707",
        "jid_1827697",
        "jid_1827670",
        "jid_1827440",
        "jid_1827725",
        "jid_1827766",
        "jid_1827572",
        "jid_1827786",
        "jid_1827712",
        "jid_1827784",
        "jid_1828383",
        "jid_1827732",
        "jid_1827751",
        "jid_1828455",
        "jid_1827765",
        "jid_1827587",
        "jid_1827736",
        "jid_1828427",
        "jid_1827719",
        "jid_1827747",
        "jid_1827752",
        "jid_1827748",
        "jid_1825758",
        "jid_1825772",
        "jid_1827703",
        "jid_1827844",
        "jid_1825542",
        "jid_1827681",
        "jid_1828459",
        "jid_1827800",
        "jid_1827813",
        "jid_1827831",
        "jid_1827925",
        "jid_1827832",
        "jid_1827802",
        "jid_1827764",
        "jid_1827643",
        "jid_1827740",
        "jid_1827756",
        "jid_1827775",
        "jid_1825861",
        "jid_1828386",
        "jid_1827820",
        "jid_1827743",
        "jid_1827759",
        "jid_1827753",
        "jid_1827801",
        "jid_1827901",
        "jid_1827861",
        "jid_1827841",
        "jid_1828458",
        "jid_1828443",
        "jid_1828422",
        "jid_1827645",
        "jid_1827806",
        "jid_1827906",
        "jid_1827868",
        "jid_1828469",
        "jid_1827881",
        "jid_1827893",
        "jid_1825544",
        "jid_1827979",
        "jid_1828510",
        "jid_1827754",
        "jid_1827889",
        "jid_1825901",
        "jid_1827896",
        "jid_1827872",
        "jid_1827887",
        "jid_1827850",
        "jid_1827870",
        "jid_1827849",
        "jid_1825865",
        "jid_1828021",
        "jid_1825560",
        "jid_1827964",
        "jid_1827957",
        "jid_1827930",
        "jid_1825557",
        "jid_1827944",
        "jid_1827936",
        "jid_1828515",
        "jid_1828517",
        "jid_1827923",
        "jid_1827983",
        "jid_1827972",
        "jid_1828032",
        "jid_1827939",
        "jid_1827966",
        "jid_1827995",
        "jid_1828045",
        "jid_1827969",
        "jid_1828052",
        "jid_1825909",
        "jid_1828561",
        "jid_1828036",
        "jid_1828555",
        "jid_1828133",
        "jid_1828086",
        "jid_1828046",
        "jid_1827895",
        "jid_1825914",
        "jid_1825903",
        "jid_1825918",
        "jid_1828058",
        "jid_1839442",
        "jid_1824259",
        "jid_1825376",
        "jid_1832577",
        "jid_1832577",
        "jid_1832577",
        "jid_1832577",
        "jid_1832577",
        "jid_1832577",
        "jid_1824311",
        "jid_1824301",
        "jid_1824316",
        "jid_1824313",
        "jid_1824313",
        "jid_1824313",
        "jid_1824318",
        "jid_1824318",
        "jid_1824318",
        "jid_1953953",
        "jid_1832585",
        "jid_1824322",
        "jid_1478263",
        "jid_1824329",
        "jid_1825270",
        "jid_1830541",
        "jid_1824381",
        "jid_1824352",
        "jid_1824586",
        "jid_1824400",
        "jid_1824346",
        "jid_1824360",
        "jid_1824356",
        "jid_1830541",
        "jid_1824354",
        "jid_1824372",
        "jid_1824344",
        "jid_1824359",
        "jid_1824559",
        "jid_1824431",
        "jid_1824374",
        "jid_1830541",
        "jid_1824690",
        "jid_1824350",
        "jid_1824422",
        "jid_1824404",
        "jid_1824429",
        "jid_1824403",
        "jid_1824420",
        "jid_1824608",
        "jid_1824789",
        "jid_1824440",
        "jid_1824565",
        "jid_1824656",
        "jid_1824721",
        "jid_1824806",
        "jid_1824469",
        "jid_1824433",
        "jid_1824470",
        "jid_1824514",
        "jid_1824459",
        "jid_1824758",
        "jid_1824501",
        "jid_1824498",
        "jid_1824552",
        "jid_1824448",
        "jid_1824845",
        "jid_1824455",
        "jid_1824435",
        "jid_1824796",
        "jid_1824636",
        "jid_1824644",
        "jid_1824930",
        "jid_1824632",
        "jid_1824643",
        "jid_1824558",
        "jid_1824533",
        "jid_1824538",
        "jid_1824627",
        "jid_1824515",
        "jid_1824487",
        "jid_1824446",
        "jid_1824474",
        "jid_1824546",
        "jid_1824768",
        "jid_1824821",
        "jid_1824652",
        "jid_1824475",
        "jid_1824812",
        "jid_1824478",
        "jid_1824497",
        "jid_1824599",
        "jid_1825093",
        "jid_1824665",
        "jid_1824584",
        "jid_1824449",
        "jid_1824542",
        "jid_1824906",
        "jid_1824516",
        "jid_1824934",
        "jid_1824576",
        "jid_1824583",
        "jid_1824601",
        "jid_1824556",
        "jid_1824578",
        "jid_1825098",
        "jid_1825115",
        "jid_1825069",
        "jid_1825105",
        "jid_1824594",
        "jid_1824619",
        "jid_1824697",
        "jid_1825233",
        "jid_1824694",
        "jid_1824671",
        "jid_1825172",
        "jid_1825189",
        "jid_1825210",
        "jid_1825194",
        "jid_1824681",
        "jid_1824851",
        "jid_1824858",
        "jid_1824718",
        "jid_1824736",
        "jid_1825207",
        "jid_1825263",
        "jid_1825110",
        "jid_1824706",
        "jid_1824872",
        "jid_1824613",
        "jid_1824844",
        "jid_1824742",
        "jid_1824784",
        "jid_1824698",
        "jid_1825171",
        "jid_1825209",
        "jid_1825143",
        "jid_1825126",
        "jid_1824756",
        "jid_1824763",
        "jid_1825101",
        "jid_1824710",
        "jid_1825134",
        "jid_1825125",
        "jid_1824645",
        "jid_1824749",
        "jid_1825106",
        "jid_1824870",
        "jid_1824888",
        "jid_1824685",
        "jid_1824751",
        "jid_1824818",
        "jid_1824792",
        "jid_1824900",
        "jid_1825227",
        "jid_1824878",
        "jid_1824928",
        "jid_1824775",
        "jid_1825124",
        "jid_1825084",
        "jid_1824752",
        "jid_1824724",
        "jid_1824794",
        "jid_1824909",
        "jid_1825153",
        "jid_1824847",
        "jid_1824841",
        "jid_1825141",
        "jid_1824905",
        "jid_1824944",
        "jid_1824889",
        "jid_1825154",
        "jid_1824875",
        "jid_1825202",
        "jid_1825120",
        "jid_1825142",
        "jid_1824859",
        "jid_1825140",
        "jid_1824862",
        "jid_1824933",
        "jid_1825197",
        "jid_1825121",
        "jid_1824926",
        "jid_1824908",
        "jid_1825152",
        "jid_1825250",
        "jid_1824943",
        "jid_1825005",
        "jid_1824957",
        "jid_1825041",
        "jid_1825040",
        "jid_1824955",
        "jid_1825013",
        "jid_1825147",
        "jid_1825238",
        "jid_1825256",
        "jid_1825026",
        "jid_1825175",
        "jid_1825193",
        "jid_1825086",
        "jid_1825072",
        "jid_1825203",
        "jid_1825123",
        "jid_1824971",
        "jid_1825039",
        "jid_1825030",
        "jid_1825049",
        "jid_1825119",
        "jid_1825066",
        "jid_1824925",
        "jid_1825028",
        "jid_1825071",
        "jid_1825063",
        "jid_1825033",
        "jid_1825064",
        "jid_1825046",
        "jid_1825015",
        "jid_1825087",
        "jid_1825004",
        "jid_1825225",
        "jid_1825073",
        "jid_1829588",
        "jid_1829421",
        "jid_1829707",
        "jid_1829580",
        "jid_1831225",
        "jid_1825295",
        "jid_1824219",
        "jid_1824219",
        "jid_1830207",
        "jid_1825326",
        "jid_1828567",
        "jid_1828874",
        "jid_1828920",
        "jid_1829218",
        "jid_1829184",
        "jid_1828890",
        "jid_1829728",
        "jid_1832614",
        "jid_1832524",
        "jid_1825353",
        "jid_1825364",
        "jid_1825541",
        "jid_1825875",
        "jid_1802750",
        "jid_1825926",
        "jid_1829487",
        "jid_1828094",
        "jid_1828100",
        "jid_1828136",
        "jid_1828217",
        "jid_1828233",
        "jid_1828298",
        "jid_1828323",
        "jid_1828419",
        "jid_1828421",
        "jid_1828425",
        "jid_1832503",
        "jid_1828463",
        "jid_1828483",
        "jid_1828476",
        "jid_1828478",
        "jid_1828481",
        "jid_1828487",
        "jid_1828501",
        "jid_1828525",
        "jid_1828528",
        "jid_1828522",
        "jid_1828530",
        "jid_1828533",
        "jid_1832494",
        "jid_1828590",
        "jid_1828614",
        "jid_1828584",
        "jid_1828598",
        "jid_1828599",
        "jid_1828573",
        "jid_1828612",
        "jid_1828605",
        "jid_1828575",
        "jid_1828607",
        "jid_1832575",
        "jid_1828618",
        "jid_1828622",
        "jid_1828626",
        "jid_1828635",
        "jid_1828681",
        "jid_1828646",
        "jid_1828660",
        "jid_1828687",
        "jid_1828666",
        "jid_1828672",
        "jid_1833199",
        "jid_1833163",
        "jid_1833171",
        "jid_1833155",
        "jid_1833159",
        "jid_1833207",
        "jid_1833180",
        "jid_1828726",
        "jid_1833203",
        "jid_1832520",
        "jid_1833201",
        "jid_1828747",
        "jid_1828755",
        "jid_1828764",
        "jid_1828792",
        "jid_1828790",
        "jid_1828808",
        "jid_1833542",
        "jid_1828844",
        "jid_1828846",
        "jid_1828851",
        "jid_1828863",
        "jid_1829212",
        "jid_1859493",
        "jid_1833240",
        "jid_1832409",
        "jid_1832413",
        "jid_1832410",
        "jid_1832608",
        "jid_1829231",
        "jid_1828891",
        "jid_1828978",
        "jid_1828979",
        "jid_1828934",
        "jid_1828990",
        "jid_1828948",
        "jid_1828983",
        "jid_1828918",
        "jid_1828956",
        "jid_1828974",
        "jid_1828912",
        "jid_1828905",
        "jid_1828967",
        "jid_1828975",
        "jid_1829026",
        "jid_1828997",
        "jid_1829041",
        "jid_1829046",
        "jid_1829001",
        "jid_1829002",
        "jid_1829039",
        "jid_1829011",
        "jid_1829022",
        "jid_1829043",
        "jid_1831593",
        "jid_1829050",
        "jid_1829125",
        "jid_1829063",
        "jid_1829172",
        "jid_1829137",
        "jid_1829142",
        "jid_1829058",
        "jid_1829098",
        "jid_1829083",
        "jid_1829176",
        "jid_1829067",
        "jid_1829177",
        "jid_1829085",
        "jid_1829147",
        "jid_1829088",
        "jid_1829099",
        "jid_1829101",
        "jid_1829096",
        "jid_1829105",
        "jid_1829154",
        "jid_1829150",
        "jid_1829114",
        "jid_1829180",
        "jid_1829080",
        "jid_1829121",
        "jid_1829124",
        "jid_1829168",
        "jid_1829171",
        "jid_1829192",
        "jid_1829200",
        "jid_1829203",
        "jid_1829189",
        "jid_1829228",
        "jid_1829236",
        "jid_1839074",
        "jid_1834661",
        "jid_1836976",
        "jid_1829210",
        "jid_1829210",
        "jid_1829210",
        "jid_1829210",
        "jid_1829210",
        "jid_1829210",
        "jid_1829210",
        "jid_1829564",
        "jid_1829482",
        "jid_1829596",
        "jid_1829620",
        "jid_1830555",
        "jid_1830560",
        "jid_1832321",
        "jid_1832492",
        "jid_1832555",
        "jid_1832555",
        "jid_1832555",
        "jid_1832530",
        "jid_1832530",
        "jid_1832530",
        "jid_1832493",
        "jid_1832493",
        "jid_1832493",
        "jid_1832562",
        "jid_1832562",
        "jid_1832682",
        "jid_1832498",
        "jid_1832522",
        "jid_1832578",
        "jid_1832578",
        "jid_1829635",
        "jid_1832536",
        "jid_1829737",
        "jid_1829734",
        "jid_1829726",
        "jid_1829747",
        "jid_1893004",
        "jid_1832684",
        "jid_1834637",
        "jid_1830206",
        "jid_1830754",
        "jid_1832872",
        "jid_1832855",
        "jid_1832818",
        "jid_1832957",
        "jid_1832883",
        "jid_1832883",
        "jid_1832924",
        "jid_1832826",
        "jid_1832826",
        "jid_1832809",
        "jid_1832906",
        "jid_1832906",
        "jid_1832958",
        "jid_1833039",
        "jid_1832970",
        "jid_1832813",
        "jid_1832811",
        "jid_1832862",
        "jid_1832995",
        "jid_1832979",
        "jid_1832879",
        "jid_1832881",
        "jid_1832859",
        "jid_1832952",
        "jid_1832968",
        "jid_1832964",
        "jid_1832964",
        "jid_1832846",
        "jid_1832846",
        "jid_1832815",
        "jid_1832940",
        "jid_1833022",
        "jid_1833038",
        "jid_1832966",
        "jid_1832966",
        "jid_1832822",
        "jid_1832951",
        "jid_1832891",
        "jid_1832868",
        "jid_1832817",
        "jid_1832817",
        "jid_1832961",
        "jid_1832910",
        "jid_1832913",
        "jid_1832927",
        "jid_1832894",
        "jid_1832856",
        "jid_1832848",
        "jid_1832944",
        "jid_1833061",
        "jid_1833063",
        "jid_1832821",
        "jid_1832932",
        "jid_1832932",
        "jid_1833105",
        "jid_1832865",
        "jid_1832865",
        "jid_1832982",
        "jid_1832928",
        "jid_1832829",
        "jid_1832819",
        "jid_1832955",
        "jid_1833028",
        "jid_1832969",
        "jid_1833100",
        "jid_1832823",
        "jid_1832841",
        "jid_1833057",
        "jid_1833032",
        "jid_1832980",
        "jid_1832874",
        "jid_1832830",
        "jid_1832844",
        "jid_1832918",
        "jid_1832850",
        "jid_1832893",
        "jid_1832863",
        "jid_1833081",
        "jid_1833033",
        "jid_1832943",
        "jid_1832934",
        "jid_1832832",
        "jid_1832930",
        "jid_1832973",
        "jid_1832925",
        "jid_1832897",
        "jid_1832921",
        "jid_1832890",
        "jid_1832839",
        "jid_1832867",
        "jid_1832887",
        "jid_1832942",
        "jid_1833042",
        "jid_1832853",
        "jid_1832852",
        "jid_1832878",
        "jid_1832873",
        "jid_1832873",
        "jid_1832914",
        "jid_1832939",
        "jid_1832903",
        "jid_1832915",
        "jid_1832990",
        "jid_1832886",
        "jid_1832886",
        "jid_1832882",
        "jid_1833035",
        "jid_1832877",
        "jid_1832843",
        "jid_1832926",
        "jid_1833011",
        "jid_1830866",
        "jid_1830866",
        "jid_1830866",
        "jid_1830235",
        "jid_1830266",
        "jid_1830267",
        "jid_1830465",
        "jid_1830465",
        "jid_1830465",
        "jid_1830465",
        "jid_1858224",
        "jid_1830215",
        "jid_1830255",
        "jid_1893014",
        "jid_1893018",
        "jid_1893038",
        "jid_1830223",
        "jid_1893021",
        "jid_1830246",
        "jid_1893023",
        "jid_1830242",
        "jid_1893025",
        "jid_1893029",
        "jid_1830234",
        "jid_1893032",
        "jid_1830269",
        "jid_1832667",
        "jid_1830288",
        "jid_1830334",
        "jid_1830290",
        "jid_1830337",
        "jid_1830301",
        "jid_1830308",
        "jid_1830342",
        "jid_1830314",
        "jid_1830316",
        "jid_1830321",
        "jid_1830320",
        "jid_1830353",
        "jid_1830332",
        "jid_1830324",
        "jid_1830330",
        "jid_1830340",
        "jid_1836413",
        "jid_1830480",
        "jid_1830508",
        "jid_1830514",
        "jid_1830512",
        "jid_1830496",
        "jid_1830477",
        "jid_1830493",
        "jid_1830499",
        "jid_1830503",
        "jid_1830526",
        "jid_1830511",
        "jid_1830525",
        "jid_1830522",
        "jid_1830534",
        "jid_1830531",
        "jid_1832553",
        "jid_1832586",
        "jid_1832609",
        "jid_1832552",
        "jid_1832560",
        "jid_1832633",
        "jid_1832558",
        "jid_1832644",
        "jid_1832626",
        "jid_1832574",
        "jid_1832571",
        "jid_1832634",
        "jid_1833335",
        "jid_1833300",
        "jid_1833395",
        "jid_1833889",
        "jid_1833981",
        "jid_1834322",
        "jid_1834131",
        "jid_1833989",
        "jid_1834132",
        "jid_1834178",
        "jid_1834089",
        "jid_1834165",
        "jid_1834309",
        "jid_1834172",
        "jid_1834265",
        "jid_1834456",
        "jid_1834526",
        "jid_1834477",
        "jid_1834705",
        "jid_1834453",
        "jid_1834568",
        "jid_1834525",
        "jid_1835424",
        "jid_1830544",
        "jid_1833602",
        "jid_1831028",
        "jid_1833601",
        "jid_1840207",
        "jid_1857500",
        "jid_1830778",
        "jid_1830784",
        "jid_1830790",
        "jid_1830795",
        "jid_1830800",
        "jid_1830788",
        "jid_1830789",
        "jid_1830812",
        "jid_1830801",
        "jid_1830805",
        "jid_1830816",
        "jid_1830821",
        "jid_1830830",
        "jid_1830829",
        "jid_1830824",
        "jid_1830827",
        "jid_1830845",
        "jid_1830832",
        "jid_1830835",
        "jid_1830878",
        "jid_1830875",
        "jid_1830877",
        "jid_1830907",
        "jid_1830906",
        "jid_1830894",
        "jid_1830905",
        "jid_1830904",
        "jid_1830910",
        "jid_1830918",
        "jid_1830919",
        "jid_1830923",
        "jid_1830948",
        "jid_1830950",
        "jid_1830944",
        "jid_1830946",
        "jid_1830947",
        "jid_1832635",
        "jid_1830966",
        "jid_1830965",
        "jid_1830974",
        "jid_1830983",
        "jid_1830978",
        "jid_1830975",
        "jid_1830990",
        "jid_1831001",
        "jid_1830999",
        "jid_1830994",
        "jid_1831011",
        "jid_1831009",
        "jid_1831030",
        "jid_1831031",
        "jid_1831019",
        "jid_1831032",
        "jid_1831021",
        "jid_1831046",
        "jid_1831102",
        "jid_1831060",
        "jid_1831054",
        "jid_1831074",
        "jid_1831079",
        "jid_1831077",
        "jid_1831078",
        "jid_1831095",
        "jid_1831094",
        "jid_1831121",
        "jid_1831133",
        "jid_1831161",
        "jid_1831153",
        "jid_1831156",
        "jid_1831171",
        "jid_1831182",
        "jid_1831184",
        "jid_1831210",
        "jid_1831207",
        "jid_1831221",
        "jid_1831219",
        "jid_1831116",
        "jid_1831138",
        "jid_1831118",
        "jid_1831122",
        "jid_1831141",
        "jid_1831243",
        "jid_1831249",
        "jid_1831244",
        "jid_1831255",
        "jid_1831257",
        "jid_1831272",
        "jid_1831256",
        "jid_1831270",
        "jid_1836701",
        "jid_1836437",
        "jid_1834558",
        "jid_1835677",
        "jid_1836459",
        "jid_1837245",
        "jid_1835544",
        "jid_1835322",
        "jid_1835402",
        "jid_1839060",
        "jid_1834713",
        "jid_1837344",
        "jid_1839035",
        "jid_1839020",
        "jid_1836663",
        "jid_1838906",
        "jid_1835978",
        "jid_1835223",
        "jid_1840256",
        "jid_1835016",
        "jid_1834736",
        "jid_1838908",
        "jid_1835738",
        "jid_1836702",
        "jid_1836657",
        "jid_1844768",
        "jid_1838584",
        "jid_1836740",
        "jid_1838338",
        "jid_1834720",
        "jid_1844776",
        "jid_1831355",
        "jid_1831357",
        "jid_1831358",
        "jid_1831368",
        "jid_1831387",
        "jid_1831388",
        "jid_1831394",
        "jid_1831406",
        "jid_1831390",
        "jid_1831412",
        "jid_1831424",
        "jid_1831421",
        "jid_1831294",
        "jid_1831281",
        "jid_1831295",
        "jid_1831287",
        "jid_1831333",
        "jid_1831301",
        "jid_1831306",
        "jid_1831335",
        "jid_1831318",
        "jid_1831320",
        "jid_1831327",
        "jid_1831325",
        "jid_1831341",
        "jid_1831407",
        "jid_1832568",
        "jid_1831536",
        "jid_1831609",
        "jid_1831498",
        "jid_1831481",
        "jid_1831499",
        "jid_1831504",
        "jid_1831512",
        "jid_1831510",
        "jid_1831511",
        "jid_1831537",
        "jid_1831534",
        "jid_1831529",
        "jid_1831539",
        "jid_1831553",
        "jid_1831551",
        "jid_1831562",
        "jid_1831567",
        "jid_1831566",
        "jid_1831571",
        "jid_1859658",
        "jid_1873358",
        "jid_1831592",
        "jid_1836730",
        "jid_1835039",
        "jid_1836660",
        "jid_1836677",
        "jid_1836696",
        "jid_1836364",
        "jid_1836631",
        "jid_1836944",
        "jid_1837003",
        "jid_1837145",
        "jid_1836796",
        "jid_1837283",
        "jid_1838541",
        "jid_1838650",
        "jid_1837565",
        "jid_1839819",
        "jid_1843842",
        "jid_1839838",
        "jid_1840244",
        "jid_1840992",
        "jid_1840410",
        "jid_1844097",
        "jid_1841849",
        "jid_1840282",
        "jid_1844034",
        "jid_1844296",
        "jid_1840221",
        "jid_1840593",
        "jid_1841566",
        "jid_1842292",
        "jid_1840456",
        "jid_1839949",
        "jid_1842491",
        "jid_1842880",
        "jid_1843852",
        "jid_1832747",
        "jid_1832665",
        "jid_1832729",
        "jid_1832696",
        "jid_1832672",
        "jid_1832724",
        "jid_1832725",
        "jid_1832677",
        "jid_1833149",
        "jid_1832719",
        "jid_1832738",
        "jid_1833162",
        "jid_1832721",
        "jid_1832770",
        "jid_1832688",
        "jid_1832707",
        "jid_1832687",
        "jid_1832775",
        "jid_1832790",
        "jid_1832778",
        "jid_1832780",
        "jid_1832773",
        "jid_1832776",
        "jid_1832693",
        "jid_1832690",
        "jid_1833129",
        "jid_1833120",
        "jid_1833134",
        "jid_1833133",
        "jid_1832697",
        "jid_1833216",
        "jid_1832797",
        "jid_1832737",
        "jid_1833110",
        "jid_1833132",
        "jid_1833225",
        "jid_1833178",
        "jid_1833185",
        "jid_1832715",
        "jid_1833179",
        "jid_1833290",
        "jid_1833306",
        "jid_1833356",
        "jid_1833367",
        "jid_1833426",
        "jid_1833346",
        "jid_1833363",
        "jid_1833255",
        "jid_1833415",
        "jid_1833420",
        "jid_1833398",
        "jid_1833453",
        "jid_1833444",
        "jid_1833431",
        "jid_1833445",
        "jid_1833448",
        "jid_1833438",
        "jid_1833378",
        "jid_1833473",
        "jid_1833376",
        "jid_1833348",
        "jid_1833377",
        "jid_1833396",
        "jid_1833317",
        "jid_1833477",
        "jid_1833481",
        "jid_1833541",
        "jid_1833489",
        "jid_1833486",
        "jid_1833323",
        "jid_1833513",
        "jid_1833500",
        "jid_1833512",
        "jid_1833326",
        "jid_1833321",
        "jid_1833505",
        "jid_1833504",
        "jid_1833548",
        "jid_1833545",
        "jid_1833495",
        "jid_1833499",
        "jid_1833507",
        "jid_1833329",
        "jid_1833496",
        "jid_1833483",
        "jid_1833585",
        "jid_1833319",
        "jid_1833517",
        "jid_1833515",
        "jid_1833550",
        "jid_1833556",
        "jid_1833557",
        "jid_1833526",
        "jid_1833555",
        "jid_1833587",
        "jid_1833437",
        "jid_1833566",
        "jid_1833569",
        "jid_1833573",
        "jid_1833611",
        "jid_1833623",
        "jid_1833627",
        "jid_1833590",
        "jid_1833741",
        "jid_1833659",
        "jid_1833577",
        "jid_1833660",
        "jid_1833580",
        "jid_1833718",
        "jid_1833683",
        "jid_1833756",
        "jid_1833709",
        "jid_1833697",
        "jid_1833691",
        "jid_1833745",
        "jid_1833680",
        "jid_1833678",
        "jid_1833710",
        "jid_1833744",
        "jid_1833705",
        "jid_1833752",
        "jid_1833711",
        "jid_1833702",
        "jid_1833671",
        "jid_1833704",
        "jid_1833675",
        "jid_1833761",
        "jid_1833840",
        "jid_1833879",
        "jid_1833888",
        "jid_1833887",
        "jid_1833910",
        "jid_1833916",
        "jid_1833904",
        "jid_1833956",
        "jid_1833972",
        "jid_1833946",
        "jid_1833961",
        "jid_1833953",
        "jid_1833967",
        "jid_1833954",
        "jid_1834043",
        "jid_1834044",
        "jid_1834030",
        "jid_1834049",
        "jid_1834054",
        "jid_1834034",
        "jid_1834031",
        "jid_1834065",
        "jid_1834075",
        "jid_1834073",
        "jid_1834067",
        "jid_1834066",
        "jid_1834063",
        "jid_1834104",
        "jid_1834117",
        "jid_1834095",
        "jid_1834237",
        "jid_1834201",
        "jid_1834158",
        "jid_1834238",
        "jid_1834198",
        "jid_1834205",
        "jid_1834229",
        "jid_1834190",
        "jid_1834199",
        "jid_1834207",
        "jid_1834187",
        "jid_1834252",
        "jid_1834255",
        "jid_1834257",
        "jid_1834306",
        "jid_1834376",
        "jid_1834339",
        "jid_1834355",
        "jid_1834382",
        "jid_1834357",
        "jid_1834384",
        "jid_1834366",
        "jid_1834396",
        "jid_1834369",
        "jid_1834395",
        "jid_1834406",
        "jid_1834476",
        "jid_1834435",
        "jid_1834436",
        "jid_1834446",
        "jid_1834363",
        "jid_1834440",
        "jid_1834441",
        "jid_1834484",
        "jid_1834444",
        "jid_1834462",
        "jid_1834472",
        "jid_1834470",
        "jid_1834501",
        "jid_1834502",
        "jid_1834519",
        "jid_1834532",
        "jid_1834611",
        "jid_1834638",
        "jid_1834616",
        "jid_1834641",
        "jid_1834717",
        "jid_1834695",
        "jid_1834702",
        "jid_1834777",
        "jid_1834773",
        "jid_1834789",
        "jid_1834775",
        "jid_1834793",
        "jid_1834794",
        "jid_1834846",
        "jid_1834839",
        "jid_1834849",
        "jid_1834883",
        "jid_1834865",
        "jid_1834879",
        "jid_1834856",
        "jid_1834854",
        "jid_1834913",
        "jid_1834759",
        "jid_1834867",
        "jid_1834896",
        "jid_1834860",
        "jid_1834755",
        "jid_1834757",
        "jid_1834766",
        "jid_1834869",
        "jid_1834868",
        "jid_1834767",
        "jid_1834902",
        "jid_1834845",
        "jid_1834886",
        "jid_1834942",
        "jid_1835176",
        "jid_1835121",
        "jid_1834841",
        "jid_1834966",
        "jid_1834843",
        "jid_1834996",
        "jid_1834965",
        "jid_1835006",
        "jid_1835182",
        "jid_1835005",
        "jid_1834999",
        "jid_1835017",
        "jid_1834975",
        "jid_1835002",
        "jid_1834746",
        "jid_1835178",
        "jid_1835083",
        "jid_1835218",
        "jid_1835057",
        "jid_1835058",
        "jid_1834806",
        "jid_1835060",
        "jid_1835059",
        "jid_1835065",
        "jid_1835076",
        "jid_1835055",
        "jid_1834933",
        "jid_1835106",
        "jid_1835113",
        "jid_1835107",
        "jid_1835075",
        "jid_1834820",
        "jid_1835092",
        "jid_1835117",
        "jid_1835181",
        "jid_1835124",
        "jid_1835135",
        "jid_1835134",
        "jid_1835138",
        "jid_1835128",
        "jid_1835171",
        "jid_1835261",
        "jid_1835148",
        "jid_1835247",
        "jid_1835252",
        "jid_1835336",
        "jid_1835270",
        "jid_1835275",
        "jid_1835317",
        "jid_1835287",
        "jid_1835306",
        "jid_1835300",
        "jid_1835316",
        "jid_1835187",
        "jid_1835347",
        "jid_1835018",
        "jid_1835310",
        "jid_1835354",
        "jid_1835362",
        "jid_1835372",
        "jid_1835374",
        "jid_1835506",
        "jid_1835401",
        "jid_1835235",
        "jid_1835214",
        "jid_1835369",
        "jid_1835225",
        "jid_1835472",
        "jid_1835392",
        "jid_1835524",
        "jid_1835523",
        "jid_1835366",
        "jid_1835553",
        "jid_1835416",
        "jid_1835325",
        "jid_1835431",
        "jid_1835438",
        "jid_1835447",
        "jid_1835361",
        "jid_1835327",
        "jid_1835440",
        "jid_1835420",
        "jid_1835496",
        "jid_1835335",
        "jid_1835282",
        "jid_1835586",
        "jid_1835443",
        "jid_1835492",
        "jid_1835426",
        "jid_1835594",
        "jid_1835457",
        "jid_1835418",
        "jid_1835576",
        "jid_1835451",
        "jid_1835489",
        "jid_1835437",
        "jid_1835491",
        "jid_1835575",
        "jid_1835446",
        "jid_1835439",
        "jid_1835488",
        "jid_1835499",
        "jid_1835480",
        "jid_1835465",
        "jid_1835584",
        "jid_1835200",
        "jid_1835274",
        "jid_1835595",
        "jid_1835505",
        "jid_1835365",
        "jid_1835280",
        "jid_1835504",
        "jid_1835542",
        "jid_1835614",
        "jid_1835619",
        "jid_1835339",
        "jid_1835340",
        "jid_1835616",
        "jid_1835642",
        "jid_1835634",
        "jid_1835641",
        "jid_1835649",
        "jid_1835670",
        "jid_1835652",
        "jid_1835690",
        "jid_1835682",
        "jid_1835688",
        "jid_1835699",
        "jid_1835702",
        "jid_1835709",
        "jid_1835729",
        "jid_1835716",
        "jid_1835724",
        "jid_1835497",
        "jid_1835746",
        "jid_1835502",
        "jid_1835750",
        "jid_1835740",
        "jid_1835763",
        "jid_1835528",
        "jid_1835872",
        "jid_1835793",
        "jid_1835836",
        "jid_1835541",
        "jid_1835532",
        "jid_1835808",
        "jid_1835824",
        "jid_1835865",
        "jid_1835790",
        "jid_1835813",
        "jid_1835866",
        "jid_1835869",
        "jid_1835527",
        "jid_1835631",
        "jid_1835825",
        "jid_1835780",
        "jid_1835873",
        "jid_1835831",
        "jid_1835848",
        "jid_1835965",
        "jid_1835861",
        "jid_1835846",
        "jid_1835826",
        "jid_1835820",
        "jid_1835830",
        "jid_1835687",
        "jid_1835774",
        "jid_1835974",
        "jid_1835967",
        "jid_1835819",
        "jid_1835852",
        "jid_1835853",
        "jid_1835868",
        "jid_1835898",
        "jid_1835889",
        "jid_1835983",
        "jid_1835880",
        "jid_1835909",
        "jid_1835892",
        "jid_1835879",
        "jid_1835894",
        "jid_1836000",
        "jid_1836066",
        "jid_1836032",
        "jid_1836014",
        "jid_1836095",
        "jid_1836017",
        "jid_1836011",
        "jid_1836024",
        "jid_1836110",
        "jid_1836097",
        "jid_1836040",
        "jid_1836034",
        "jid_1836047",
        "jid_1836094",
        "jid_1836086",
        "jid_1835907",
        "jid_1836082",
        "jid_1836125",
        "jid_1836120",
        "jid_1835914",
        "jid_1835987",
        "jid_1836087",
        "jid_1836107",
        "jid_1836218",
        "jid_1836216",
        "jid_1836096",
        "jid_1836230",
        "jid_1836083",
        "jid_1836116",
        "jid_1836123",
        "jid_1836164",
        "jid_1836154",
        "jid_1836143",
        "jid_1836140",
        "jid_1836170",
        "jid_1836176",
        "jid_1836042",
        "jid_1836178",
        "jid_1836199",
        "jid_1836189",
        "jid_1835949",
        "jid_1835962",
        "jid_1835952",
        "jid_1836295",
        "jid_1835968",
        "jid_1836183",
        "jid_1836207",
        "jid_1836044",
        "jid_1836294",
        "jid_1836381",
        "jid_1836184",
        "jid_1836309",
        "jid_1836163",
        "jid_1836133",
        "jid_1836313",
        "jid_1836368",
        "jid_1836348",
        "jid_1836351",
        "jid_1836354",
        "jid_1836222",
        "jid_1836353",
        "jid_1836326",
        "jid_1836181",
        "jid_1836400",
        "jid_1836407",
        "jid_1836403",
        "jid_1836441",
        "jid_1836252",
        "jid_1836451",
        "jid_1836461",
        "jid_1836446",
        "jid_1836460",
        "jid_1836449",
        "jid_1836453",
        "jid_1836450",
        "jid_1836445",
        "jid_1836438",
        "jid_1836255",
        "jid_1836454",
        "jid_1836465",
        "jid_1836470",
        "jid_1836203",
        "jid_1836487",
        "jid_1836498",
        "jid_1836484",
        "jid_1836492",
        "jid_1836404",
        "jid_1836535",
        "jid_1836533",
        "jid_1836549",
        "jid_1836509",
        "jid_1836548",
        "jid_1836523",
        "jid_1836544",
        "jid_1836529",
        "jid_1836505",
        "jid_1836335",
        "jid_1836649",
        "jid_1836328",
        "jid_1836541",
        "jid_1836590",
        "jid_1836596",
        "jid_1836578",
        "jid_1836599",
        "jid_1836670",
        "jid_1836575",
        "jid_1836591",
        "jid_1836613",
        "jid_1836607",
        "jid_1836576",
        "jid_1836625",
        "jid_1836632",
        "jid_1836698",
        "jid_1836640",
        "jid_1836634",
        "jid_1836700",
        "jid_1836641",
        "jid_1836626",
        "jid_1836551",
        "jid_1836648",
        "jid_1836655",
        "jid_1836686",
        "jid_1836692",
        "jid_1836691",
        "jid_1836728",
        "jid_1836717",
        "jid_1836720",
        "jid_1836751",
        "jid_1836757",
        "jid_1836715",
        "jid_1836771",
        "jid_1836818",
        "jid_1836769",
        "jid_1836791",
        "jid_1836817",
        "jid_1836831",
        "jid_1836807",
        "jid_1836853",
        "jid_1836884",
        "jid_1836822",
        "jid_1836829",
        "jid_1836844",
        "jid_1836745",
        "jid_1836741",
        "jid_1836923",
        "jid_1836899",
        "jid_1836906",
        "jid_1836888",
        "jid_1836927",
        "jid_1836911",
        "jid_1836940",
        "jid_1836910",
        "jid_1837042",
        "jid_1836902",
        "jid_1837041",
        "jid_1837038",
        "jid_1837043",
        "jid_1836997",
        "jid_1837029",
        "jid_1837022",
        "jid_1837034",
        "jid_1837061",
        "jid_1837274",
        "jid_1837184",
        "jid_1837175",
        "jid_1837290",
        "jid_1837177",
        "jid_1837176",
        "jid_1837174",
        "jid_1837193",
        "jid_1837178",
        "jid_1837194",
        "jid_1837183",
        "jid_1837095",
        "jid_1837319",
        "jid_1837347",
        "jid_1837275",
        "jid_1837293",
        "jid_1837312",
        "jid_1837308",
        "jid_1837311",
        "jid_1837320",
        "jid_1837348",
        "jid_1837346",
        "jid_1837360",
        "jid_1837418",
        "jid_1837412",
        "jid_1837369",
        "jid_1837363",
        "jid_1837368",
        "jid_1837413",
        "jid_1837443",
        "jid_1837355",
        "jid_1837432",
        "jid_1837487",
        "jid_1837406",
        "jid_1837486",
        "jid_1837491",
        "jid_1837497",
        "jid_1837447",
        "jid_1837448",
        "jid_1837570",
        "jid_1837455",
        "jid_1837461",
        "jid_1837367",
        "jid_1837517",
        "jid_1837525",
        "jid_1837601",
        "jid_1837545",
        "jid_1837511",
        "jid_1837535",
        "jid_1837611",
        "jid_1837610",
        "jid_1837526",
        "jid_1837507",
        "jid_1837530",
        "jid_1837395",
        "jid_1837608",
        "jid_1837579",
        "jid_1837566",
        "jid_1837592",
        "jid_1837575",
        "jid_1837746",
        "jid_1837619",
        "jid_1837626",
        "jid_1837643",
        "jid_1837672",
        "jid_1837567",
        "jid_1837673",
        "jid_1837632",
        "jid_1837646",
        "jid_1837678",
        "jid_1837635",
        "jid_1837687",
        "jid_1837702",
        "jid_1837698",
        "jid_1837655",
        "jid_1837618",
        "jid_1837827",
        "jid_1837670",
        "jid_1837664",
        "jid_1837663",
        "jid_1837677",
        "jid_1837676",
        "jid_1837729",
        "jid_1837708",
        "jid_1837724",
        "jid_1837739",
        "jid_1837769",
        "jid_1837584",
        "jid_1837501",
        "jid_1837774",
        "jid_1837509",
        "jid_1837820",
        "jid_1837981",
        "jid_1837829",
        "jid_1837756",
        "jid_1837800",
        "jid_1837783",
        "jid_1837784",
        "jid_1838021",
        "jid_1837778",
        "jid_1837766",
        "jid_1837788",
        "jid_1837802",
        "jid_1838013",
        "jid_1831973",
        "jid_1837861",
        "jid_1837857",
        "jid_1838074",
        "jid_1838099",
        "jid_1837876",
        "jid_1837878",
        "jid_1837877",
        "jid_1837873",
        "jid_1837907",
        "jid_1837911",
        "jid_1838116",
        "jid_1837901",
        "jid_1837893",
        "jid_1837869",
        "jid_1838114",
        "jid_1837968",
        "jid_1837880",
        "jid_1838189",
        "jid_1837950",
        "jid_1837924",
        "jid_1837965",
        "jid_1837939",
        "jid_1837685",
        "jid_1837927",
        "jid_1838127",
        "jid_1837975",
        "jid_1837958",
        "jid_1837951",
        "jid_1838160",
        "jid_1837977",
        "jid_1837994",
        "jid_1838044",
        "jid_1838071",
        "jid_1838043",
        "jid_1838055",
        "jid_1838066",
        "jid_1838244",
        "jid_1838010",
        "jid_1838081",
        "jid_1838036",
        "jid_1838049",
        "jid_1838251",
        "jid_1838090",
        "jid_1838089",
        "jid_1838050",
        "jid_1838084",
        "jid_1836974",
        "jid_1838011",
        "jid_1838041",
        "jid_1836981",
        "jid_1838134",
        "jid_1838167",
        "jid_1837714",
        "jid_1838537",
        "jid_1838626",
        "jid_1838628",
        "jid_1838462",
        "jid_1838135",
        "jid_1838974",
        "jid_1838142",
        "jid_1840273",
        "jid_1838312",
        "jid_1840312",
        "jid_1840278",
        "jid_1838122",
        "jid_1838164",
        "jid_1840255",
        "jid_1838144",
        "jid_1840678",
        "jid_1838125",
        "jid_1838159",
        "jid_1838141",
        "jid_1841954",
        "jid_1841834",
        "jid_1838309",
        "jid_1837690",
        "jid_1842235",
        "jid_1841840",
        "jid_1842335",
        "jid_1842352",
        "jid_1842364",
        "jid_1838184",
        "jid_1837974",
        "jid_1838257",
        "jid_1838110",
        "jid_1838324",
        "jid_1838179",
        "jid_1838156",
        "jid_1838220",
        "jid_1837728",
        "jid_1837855",
        "jid_1837703",
        "jid_1838195",
        "jid_1838234",
        "jid_1838177",
        "jid_1838229",
        "jid_1838182",
        "jid_1838204",
        "jid_1838219",
        "jid_1837707",
        "jid_1838212",
        "jid_1838206",
        "jid_1838228",
        "jid_1838178",
        "jid_1838166",
        "jid_1838163",
        "jid_1838016",
        "jid_1838237",
        "jid_1838321",
        "jid_1838261",
        "jid_1837835",
        "jid_1838362",
        "jid_1838360",
        "jid_1838269",
        "jid_1837854",
        "jid_1837845",
        "jid_1838093",
        "jid_1838266",
        "jid_1838336",
        "jid_1838323",
        "jid_1838330",
        "jid_1838334",
        "jid_1838359",
        "jid_1838428",
        "jid_1838379",
        "jid_1838394",
        "jid_1838517",
        "jid_1838383",
        "jid_1838487",
        "jid_1838488",
        "jid_1838420",
        "jid_1838489",
        "jid_1838524",
        "jid_1838468",
        "jid_1838465",
        "jid_1838444",
        "jid_1838476",
        "jid_1838478",
        "jid_1838329",
        "jid_1838482",
        "jid_1838381",
        "jid_1838433",
        "jid_1838592",
        "jid_1838597",
        "jid_1838521",
        "jid_1838522",
        "jid_1838490",
        "jid_1838463",
        "jid_1838505",
        "jid_1838523",
        "jid_1838509",
        "jid_1838513",
        "jid_1838358",
        "jid_1838536",
        "jid_1838570",
        "jid_1838609",
        "jid_1838649",
        "jid_1838637",
        "jid_1838623",
        "jid_1838588",
        "jid_1838614",
        "jid_1838639",
        "jid_1838645",
        "jid_1838661",
        "jid_1838644",
        "jid_1838690",
        "jid_1838777",
        "jid_1838864",
        "jid_1838688",
        "jid_1838668",
        "jid_1838783",
        "jid_1838659",
        "jid_1838652",
        "jid_1831637",
        "jid_1838635",
        "jid_1831635",
        "jid_1831633",
        "jid_1838657",
        "jid_1831716",
        "jid_1831720",
        "jid_1838724",
        "jid_1838727",
        "jid_1838748",
        "jid_1831750",
        "jid_1831749",
        "jid_1831796",
        "jid_1838708",
        "jid_1831755",
        "jid_1838702",
        "jid_1831801",
        "jid_1838701",
        "jid_1831970",
        "jid_1831774",
        "jid_1831787",
        "jid_1838705",
        "jid_1838586",
        "jid_1838714",
        "jid_1838789",
        "jid_1831836",
        "jid_1838746",
        "jid_1831808",
        "jid_1838845",
        "jid_1831810",
        "jid_1838848",
        "jid_1831938",
        "jid_1838851",
        "jid_1838890",
        "jid_1838718",
        "jid_1838808",
        "jid_1838818",
        "jid_1838842",
        "jid_1838804",
        "jid_1838764",
        "jid_1838833",
        "jid_1838733",
        "jid_1838778",
        "jid_1838811",
        "jid_1838814",
        "jid_1838822",
        "jid_1838769",
        "jid_1838775",
        "jid_1838799",
        "jid_1838807",
        "jid_1838762",
        "jid_1838914",
        "jid_1838819",
        "jid_1838838",
        "jid_1838820",
        "jid_1838918",
        "jid_1838679",
        "jid_1838837",
        "jid_1838863",
        "jid_1838880",
        "jid_1838717",
        "jid_1838891",
        "jid_1838902",
        "jid_1838972",
        "jid_1838798",
        "jid_1838927",
        "jid_1838933",
        "jid_1838939",
        "jid_1838920",
        "jid_1838960",
        "jid_1838956",
        "jid_1839018",
        "jid_1839033",
        "jid_1838950",
        "jid_1839051",
        "jid_1839050",
        "jid_1838967",
        "jid_1839038",
        "jid_1839028",
        "jid_1839072",
        "jid_1839086",
        "jid_1839096",
        "jid_1839098",
        "jid_1839211",
        "jid_1839365",
        "jid_1839094",
        "jid_1839212",
        "jid_1839175",
        "jid_1839143",
        "jid_1839309",
        "jid_1839121",
        "jid_1839116",
        "jid_1839144",
        "jid_1839146",
        "jid_1839127",
        "jid_1839179",
        "jid_1839275",
        "jid_1839426",
        "jid_1839214",
        "jid_1839282",
        "jid_1839340",
        "jid_1839301",
        "jid_1839380",
        "jid_1839235",
        "jid_1839186",
        "jid_1839169",
        "jid_1839163",
        "jid_1839158",
        "jid_1839164",
        "jid_1839328",
        "jid_1839170",
        "jid_1839178",
        "jid_1839232",
        "jid_1839381",
        "jid_1839135",
        "jid_1839264",
        "jid_1839431",
        "jid_1839293",
        "jid_1839265",
        "jid_1839323",
        "jid_1839189",
        "jid_1839197",
        "jid_1839343",
        "jid_1839384",
        "jid_1839188",
        "jid_1839300",
        "jid_1839250",
        "jid_1839113",
        "jid_1839192",
        "jid_1839318",
        "jid_1839351",
        "jid_1839330",
        "jid_1839391",
        "jid_1839311",
        "jid_1839087",
        "jid_1839333",
        "jid_1839396",
        "jid_1839400",
        "jid_1839412",
        "jid_1839224",
        "jid_1839409",
        "jid_1839345",
        "jid_1839336",
        "jid_1839157",
        "jid_1839100",
        "jid_1839452",
        "jid_1839451",
        "jid_1839586",
        "jid_1839446",
        "jid_1839711",
        "jid_1839349",
        "jid_1839376",
        "jid_1839471",
        "jid_1839379",
        "jid_1839751",
        "jid_1839217",
        "jid_1839496",
        "jid_1839488",
        "jid_1839472",
        "jid_1839444",
        "jid_1839238",
        "jid_1839401",
        "jid_1839419",
        "jid_1839630",
        "jid_1839725",
        "jid_1839590",
        "jid_1839514",
        "jid_1839740",
        "jid_1839524",
        "jid_1839548",
        "jid_1839512",
        "jid_1839592",
        "jid_1839593",
        "jid_1839558",
        "jid_1839520",
        "jid_1839525",
        "jid_1839543",
        "jid_1839505",
        "jid_1839513",
        "jid_1839517",
        "jid_1839500",
        "jid_1839509",
        "jid_1839576",
        "jid_1839526",
        "jid_1839735",
        "jid_1839570",
        "jid_1839557",
        "jid_1839599",
        "jid_1839625",
        "jid_1839629",
        "jid_1839685",
        "jid_1839801",
        "jid_1839622",
        "jid_1839743",
        "jid_1839831",
        "jid_1839814",
        "jid_1839763",
        "jid_1839673",
        "jid_1839732",
        "jid_1839826",
        "jid_1839767",
        "jid_1839750",
        "jid_1839749",
        "jid_1839733",
        "jid_1839699",
        "jid_1839716",
        "jid_1839867",
        "jid_1839853",
        "jid_1839785",
        "jid_1839947",
        "jid_1839715",
        "jid_1839604",
        "jid_1839905",
        "jid_1839607",
        "jid_1839773",
        "jid_1839850",
        "jid_1839856",
        "jid_1839896",
        "jid_1839787",
        "jid_1839888",
        "jid_1839874",
        "jid_1839952",
        "jid_1840081",
        "jid_1839955",
        "jid_1839946",
        "jid_1839911",
        "jid_1839710",
        "jid_1839933",
        "jid_1839774",
        "jid_1839913",
        "jid_1839830",
        "jid_1839917",
        "jid_1839916",
        "jid_1839910",
        "jid_1839924",
        "jid_1839923",
        "jid_1839938",
        "jid_1840015",
        "jid_1839961",
        "jid_1839708",
        "jid_1840013",
        "jid_1839778",
        "jid_1839855",
        "jid_1839992",
        "jid_1840041",
        "jid_1840062",
        "jid_1840003",
        "jid_1840040",
        "jid_1839817",
        "jid_1840060",
        "jid_1840047",
        "jid_1840031",
        "jid_1839646",
        "jid_1839990",
        "jid_1839987",
        "jid_1840032",
        "jid_1840014",
        "jid_1839907",
        "jid_1840049",
        "jid_1840057",
        "jid_1839975",
        "jid_1840010",
        "jid_1840007",
        "jid_1839883",
        "jid_1839824",
        "jid_1839643",
        "jid_1840030",
        "jid_1839797",
        "jid_1840027",
        "jid_1839857",
        "jid_1840936",
        "jid_1840344",
        "jid_1840564",
        "jid_1840571",
        "jid_1840559",
        "jid_1840590",
        "jid_1841104",
        "jid_1840625",
        "jid_1840664",
        "jid_1840639",
        "jid_1840360",
        "jid_1840642",
        "jid_1840623",
        "jid_1840432",
        "jid_1841134",
        "jid_1840653",
        "jid_1840619",
        "jid_1840445",
        "jid_1841141",
        "jid_1840761",
        "jid_1840700",
        "jid_1840670",
        "jid_1840680",
        "jid_1840369",
        "jid_1840363",
        "jid_1840437",
        "jid_1840693",
        "jid_1841186",
        "jid_1840766",
        "jid_1840701",
        "jid_1840447",
        "jid_1840375",
        "jid_1840729",
        "jid_1840334",
        "jid_1840851",
        "jid_1840806",
        "jid_1840449",
        "jid_1840654",
        "jid_1840816",
        "jid_1840915",
        "jid_1840698",
        "jid_1831983",
        "jid_1841205",
        "jid_1841216",
        "jid_1840770",
        "jid_1840876",
        "jid_1841242",
        "jid_1840841",
        "jid_1840902",
        "jid_1840789",
        "jid_1841246",
        "jid_1840886",
        "jid_1840803",
        "jid_1840802",
        "jid_1840782",
        "jid_1840718",
        "jid_1840768",
        "jid_1840890",
        "jid_1840759",
        "jid_1840781",
        "jid_1840835",
        "jid_1841231",
        "jid_1840738",
        "jid_1840919",
        "jid_1840742",
        "jid_1840382",
        "jid_1840380",
        "jid_1840775",
        "jid_1840721",
        "jid_1840763",
        "jid_1840823",
        "jid_1840390",
        "jid_1840788",
        "jid_1840893",
        "jid_1840792",
        "jid_1841298",
        "jid_1840880",
        "jid_1840704",
        "jid_1840485",
        "jid_1840454",
        "jid_1840734",
        "jid_1840934",
        "jid_1840714",
        "jid_1841285",
        "jid_1841316",
        "jid_1840854",
        "jid_1841250",
        "jid_1841016",
        "jid_1841253",
        "jid_1840966",
        "jid_1840938",
        "jid_1841017",
        "jid_1841006",
        "jid_1840874",
        "jid_1840950",
        "jid_1841320",
        "jid_1841024",
        "jid_1840951",
        "jid_1841026",
        "jid_1841030",
        "jid_1840952",
        "jid_1840589",
        "jid_1841028",
        "jid_1841126",
        "jid_1841044",
        "jid_1836792",
        "jid_1841043",
        "jid_1841059",
        "jid_1841120",
        "jid_1841114",
        "jid_1841337",
        "jid_1841048",
        "jid_1841075",
        "jid_1841058",
        "jid_1841191",
        "jid_1841144",
        "jid_1841160",
        "jid_1841148",
        "jid_1841163",
        "jid_1840540",
        "jid_1841157",
        "jid_1840535",
        "jid_1841168",
        "jid_1841159",
        "jid_1841154",
        "jid_1841214",
        "jid_1841139",
        "jid_1841209",
        "jid_1841734",
        "jid_1841264",
        "jid_1841783",
        "jid_1840469",
        "jid_1841294",
        "jid_1840470",
        "jid_1841317",
        "jid_1841252",
        "jid_1841282",
        "jid_1841280",
        "jid_1840459",
        "jid_1831663",
        "jid_1831642",
        "jid_1831648",
        "jid_1841257",
        "jid_1831734",
        "jid_1841820",
        "jid_1831702",
        "jid_1831730",
        "jid_1841245",
        "jid_1831761",
        "jid_1841275",
        "jid_1831725",
        "jid_1841269",
        "jid_1841271",
        "jid_1831697",
        "jid_1841311",
        "jid_1831766",
        "jid_1841857",
        "jid_1841350",
        "jid_1831661",
        "jid_1831765",
        "jid_1841402",
        "jid_1841499",
        "jid_1831658",
        "jid_1831768",
        "jid_1840515",
        "jid_1840514",
        "jid_1841486",
        "jid_1831721",
        "jid_1831713",
        "jid_1841495",
        "jid_1831724",
        "jid_1831718",
        "jid_1841471",
        "jid_1841664",
        "jid_1831670",
        "jid_1841668",
        "jid_1841622",
        "jid_1841507",
        "jid_1831714",
        "jid_1841661",
        "jid_1841501",
        "jid_1840433",
        "jid_1831706",
        "jid_1831667",
        "jid_1840511",
        "jid_1841883",
        "jid_1831674",
        "jid_1831699",
        "jid_1831651",
        "jid_1841387",
        "jid_1841568",
        "jid_1841460",
        "jid_1841360",
        "jid_1841508",
        "jid_1841456",
        "jid_1841572",
        "jid_1841516",
        "jid_1841385",
        "jid_1841451",
        "jid_1841341",
        "jid_1841415",
        "jid_1841368",
        "jid_1841353",
        "jid_1841708",
        "jid_1841405",
        "jid_1841373",
        "jid_1841551",
        "jid_1841355",
        "jid_1841497",
        "jid_1841396",
        "jid_1840418",
        "jid_1841579",
        "jid_1840504",
        "jid_1841604",
        "jid_1840829",
        "jid_1841481",
        "jid_1840502",
        "jid_1841479",
        "jid_1840836",
        "jid_1841623",
        "jid_1841356",
        "jid_1841613",
        "jid_1841520",
        "jid_1840582",
        "jid_1841090",
        "jid_1840541",
        "jid_1841659",
        "jid_1841724",
        "jid_1841603",
        "jid_1841609",
        "jid_1840548",
        "jid_1841021",
        "jid_1841611",
        "jid_1840967",
        "jid_1841009",
        "jid_1841683",
        "jid_1841865",
        "jid_1841559",
        "jid_1841594",
        "jid_1840560",
        "jid_1841742",
        "jid_1841699",
        "jid_1841448",
        "jid_1841693",
        "jid_1841772",
        "jid_1841645",
        "jid_1841889",
        "jid_1841633",
        "jid_1841607",
        "jid_1841620",
        "jid_1841673",
        "jid_1841718",
        "jid_1841669",
        "jid_1841542",
        "jid_1841483",
        "jid_1840532",
        "jid_1841714",
        "jid_1840948",
        "jid_1840622",
        "jid_1841535",
        "jid_1841773",
        "jid_1841929",
        "jid_1841625",
        "jid_1841936",
        "jid_1841654",
        "jid_1841957",
        "jid_1841605",
        "jid_1840574",
        "jid_1840538",
        "jid_1841590",
        "jid_1840918",
        "jid_1840546",
        "jid_1840523",
        "jid_1841549",
        "jid_1840621",
        "jid_1840528",
        "jid_1840979",
        "jid_1841707",
        "jid_1841616",
        "jid_1840944",
        "jid_1841753",
        "jid_1840550",
        "jid_1841726",
        "jid_1841710",
        "jid_1841807",
        "jid_1842160",
        "jid_1842142",
        "jid_1841811",
        "jid_1841735",
        "jid_1841715",
        "jid_1841785",
        "jid_1841794",
        "jid_1842128",
        "jid_1842084",
        "jid_1841770",
        "jid_1840638",
        "jid_1842173",
        "jid_1841183",
        "jid_1841825",
        "jid_1841306",
        "jid_1841913",
        "jid_1841912",
        "jid_1841056",
        "jid_1842205",
        "jid_1840985",
        "jid_1840962",
        "jid_1842194",
        "jid_1840972",
        "jid_1841703",
        "jid_1842039",
        "jid_1842056",
        "jid_1842210",
        "jid_1842106",
        "jid_1841965",
        "jid_1842036",
        "jid_1842236",
        "jid_1842099",
        "jid_1842109",
        "jid_1842032",
        "jid_1841982",
        "jid_1842100",
        "jid_1841992",
        "jid_1842234",
        "jid_1841984",
        "jid_1841100",
        "jid_1841558",
        "jid_1842263",
        "jid_1841127",
        "jid_1841079",
        "jid_1842140",
        "jid_1841093",
        "jid_1841920",
        "jid_1842125",
        "jid_1841995",
        "jid_1841527",
        "jid_1842078",
        "jid_1842013",
        "jid_1842075",
        "jid_1842021",
        "jid_1841057",
        "jid_1842102",
        "jid_1841780",
        "jid_1842239",
        "jid_1841812",
        "jid_1842035",
        "jid_1842010",
        "jid_1842269",
        "jid_1842139",
        "jid_1842153",
        "jid_1841966",
        "jid_1841720",
        "jid_1842287",
        "jid_1841748",
        "jid_1842202",
        "jid_1842193",
        "jid_1841321",
        "jid_1840910",
        "jid_1840907",
        "jid_1842257",
        "jid_1842159",
        "jid_1842249",
        "jid_1841493",
        "jid_1842304",
        "jid_1831926",
        "jid_1831956",
        "jid_1831848",
        "jid_1831887",
        "jid_1831861",
        "jid_1831943",
        "jid_1831915",
        "jid_1831888",
        "jid_1831883",
        "jid_1831921",
        "jid_1831953",
        "jid_1831878",
        "jid_1831872",
        "jid_1831874",
        "jid_1831885",
        "jid_1831917",
        "jid_1831891",
        "jid_1831879",
        "jid_1831957",
        "jid_1831976",
        "jid_1831994",
        "jid_1832061",
        "jid_1832015",
        "jid_1832104",
        "jid_1832019",
        "jid_1832037",
        "jid_1832039",
        "jid_1832036",
        "jid_1832042",
        "jid_1832071",
        "jid_1832225",
        "jid_1832081",
        "jid_1832240",
        "jid_1832259",
        "jid_1832148",
        "jid_1832207",
        "jid_1832176",
        "jid_1832220",
        "jid_1832243",
        "jid_1832265",
        "jid_1832215",
        "jid_1832219",
        "jid_1832293",
        "jid_1832230",
        "jid_1832302",
        "jid_1832304",
        "jid_1832330",
        "jid_1832273",
        "jid_1832288",
        "jid_1832386",
        "jid_1832355",
        "jid_1832319",
        "jid_1832398",
        "jid_1832423",
        "jid_1831993",
        "jid_1832005",
        "jid_1832052",
        "jid_1832043",
        "jid_1832044",
        "jid_1832159",
        "jid_1832224",
        "jid_1832103",
        "jid_1832255",
        "jid_1832285",
        "jid_1832305",
        "jid_1832152",
        "jid_1832169",
        "jid_1832177",
        "jid_1832300",
        "jid_1832411",
        "jid_1832315",
        "jid_1832283",
        "jid_1832363",
        "jid_1832382",
        "jid_1832338",
        "jid_1832371",
        "jid_1832191",
        "jid_1832183",
        "jid_1832289",
        "jid_1832275",
        "jid_1832223",
        "jid_1832216",
        "jid_1832422",
        "jid_1832286",
        "jid_1832361",
        "jid_1832348",
        "jid_1832442",
        "jid_1832388",
        "jid_1832393",
        "jid_1832454",
        "jid_1832389",
        "jid_1832456",
        "jid_1832461",
        "jid_1832427",
        "jid_1832460",
        "jid_1832473",
        "jid_1832469",
        "jid_1839969",
        "jid_1832262",
        "jid_1832366",
        "jid_1832657",
        "jid_1832543",
        "jid_1833223",
        "jid_1858008",
        "jid_1833386",
        "jid_1842863",
        "jid_1843079",
        "jid_1842566",
        "jid_1842556",
        "jid_1843471",
        "jid_1842731",
        "jid_1843047",
        "jid_1842804",
        "jid_1842815",
        "jid_1842804",
        "jid_1842820",
        "jid_1842820",
        "jid_1842797",
        "jid_1842797",
        "jid_1842797",
        "jid_1842897",
        "jid_1842897",
        "jid_1842897",
        "jid_1842787",
        "jid_1842787",
        "jid_1842787",
        "jid_1842787",
        "jid_1842763",
        "jid_1842763",
        "jid_1842787",
        "jid_1842763",
        "jid_1842900",
        "jid_1842800",
        "jid_1842800",
        "jid_1842903",
        "jid_1842903",
        "jid_1842903",
        "jid_1842907",
        "jid_1842901",
        "jid_1842901",
        "jid_1842877",
        "jid_1842877",
        "jid_1842895",
        "jid_1842893",
        "jid_1842893",
        "jid_1842892",
        "jid_1842894",
        "jid_1842887",
        "jid_1842887",
        "jid_1842887",
        "jid_1842870",
        "jid_1842887",
        "jid_1842870",
        "jid_1842870",
        "jid_1842870",
        "jid_1842904",
        "jid_1842904",
        "jid_1842889",
        "jid_1842741",
        "jid_1842741",
        "jid_1842741",
        "jid_1842741",
        "jid_1842830",
        "jid_1842830",
        "jid_1842741",
        "jid_1842830",
        "jid_1842830",
        "jid_1842721",
        "jid_1842721",
        "jid_1842875",
        "jid_1842875",
        "jid_1842875",
        "jid_1842875",
        "jid_1842879",
        "jid_1842879",
        "jid_1842879",
        "jid_1842879",
        "jid_1842879",
        "jid_1842879",
        "jid_1842874",
        "jid_1842874",
        "jid_1842874",
        "jid_1842874",
        "jid_1842752",
        "jid_1842752",
        "jid_1842817",
        "jid_1842872",
        "jid_1842720",
        "jid_1842872",
        "jid_1842873",
        "jid_1842873",
        "jid_1842813",
        "jid_1842813",
        "jid_1842813",
        "jid_1842825",
        "jid_1842828",
        "jid_1842825",
        "jid_1842828",
        "jid_1842808",
        "jid_1842808",
        "jid_1842783",
        "jid_1842783",
        "jid_1842715",
        "jid_1842812",
        "jid_1842718",
        "jid_1842718",
        "jid_1842718",
        "jid_1842821",
        "jid_1842821",
        "jid_1842806",
        "jid_1842789",
        "jid_1842786",
        "jid_1842610",
        "jid_1842796",
        "jid_1842610",
        "jid_1842780",
        "jid_1842612",
        "jid_1842780",
        "jid_1842612",
        "jid_1842802",
        "jid_1842612",
        "jid_1842802",
        "jid_1842604",
        "jid_1842604",
        "jid_1842604",
        "jid_1842611",
        "jid_1842605",
        "jid_1842611",
        "jid_1842611",
        "jid_1842611",
        "jid_1842765",
        "jid_1842765",
        "jid_1842799",
        "jid_1842799",
        "jid_1842799",
        "jid_1842798",
        "jid_1842798",
        "jid_1842772",
        "jid_1842798",
        "jid_1842772",
        "jid_1842772",
        "jid_1842596",
        "jid_1842596",
        "jid_1842596",
        "jid_1842801",
        "jid_1842801",
        "jid_1842801",
        "jid_1842801",
        "jid_1842592",
        "jid_1842760",
        "jid_1842760",
        "jid_1842760",
        "jid_1842761",
        "jid_1842761",
        "jid_1842788",
        "jid_1842781",
        "jid_1842759",
        "jid_1842759",
        "jid_1842759",
        "jid_1842590",
        "jid_1842590",
        "jid_1842773",
        "jid_1842773",
        "jid_1842587",
        "jid_1842735",
        "jid_1842735",
        "jid_1842735",
        "jid_1842747",
        "jid_1842747",
        "jid_1842747",
        "jid_1842747",
        "jid_1842747",
        "jid_1842749",
        "jid_1842749",
        "jid_1842736",
        "jid_1842748",
        "jid_1842736",
        "jid_1842736",
        "jid_1842756",
        "jid_1842756",
        "jid_1842764",
        "jid_1842764",
        "jid_1842758",
        "jid_1842585",
        "jid_1842585",
        "jid_1842585",
        "jid_1842732",
        "jid_1842750",
        "jid_1842750",
        "jid_1842750",
        "jid_1842754",
        "jid_1842742",
        "jid_1842742",
        "jid_1842742",
        "jid_1842742",
        "jid_1842722",
        "jid_1842722",
        "jid_1842743",
        "jid_1842743",
        "jid_1842744",
        "jid_1842744",
        "jid_1842730",
        "jid_1842716",
        "jid_1842716",
        "jid_1842716",
        "jid_1842719",
        "jid_1842716",
        "jid_1842719",
        "jid_1842753",
        "jid_1842753",
        "jid_1842728",
        "jid_1842728",
        "jid_1842733",
        "jid_1842733",
        "jid_1842733",
        "jid_1842717",
        "jid_1842717",
        "jid_1842751",
        "jid_1842751",
        "jid_1842751",
        "jid_1842751",
        "jid_1842581",
        "jid_1842581",
        "jid_1834242",
        "jid_1842325",
        "jid_1833739",
        "jid_1833739",
        "jid_1833739",
        "jid_1846138",
        "jid_1845586",
        "jid_1833260",
        "jid_1834102",
        "jid_1834100",
        "jid_1842896",
        "jid_1834625",
        "jid_1834625",
        "jid_1848419",
        "jid_1841744",
        "jid_1841744",
        "jid_1841717",
        "jid_1833425",
        "jid_1928172",
        "jid_1833676",
        "jid_1833676",
        "jid_1833676",
        "jid_1833676",
        "jid_1833676",
        "jid_1833676",
        "jid_1833676",
        "jid_1833676",
        "jid_1833676",
        "jid_1833676",
        "jid_1833676",
        "jid_1833676",
        "jid_1833676",
        "jid_1833676",
        "jid_1833676",
        "jid_1833676",
        "jid_1833676",
        "jid_1833676",
        "jid_1833676",
        "jid_1833676",
        "jid_1833676",
        "jid_1833676",
        "jid_1833676",
        "jid_1833676",
        "jid_1833676",
        "jid_1833676",
        "jid_1833676",
        "jid_1844656",
        "jid_1833812",
        "jid_1833793",
        "jid_1833763",
        "jid_1833796",
        "jid_1833815",
        "jid_1833801",
        "jid_1833805",
        "jid_1833776",
        "jid_1833778",
        "jid_1833783",
        "jid_1833844",
        "jid_1833847",
        "jid_1833849",
        "jid_1833858",
        "jid_1833850",
        "jid_1833864",
        "jid_1833859",
        "jid_1833868",
        "jid_1833865",
        "jid_1844410",
        "jid_1844106",
        "jid_1844194",
        "jid_1844413",
        "jid_1834019",
        "jid_1834092",
        "jid_1834021",
        "jid_1834014",
        "jid_1835066",
        "jid_1835025",
        "jid_1842201",
        "jid_1842201",
        "jid_1842201",
        "jid_1842201",
        "jid_1842201",
        "jid_1842201",
        "jid_1842201",
        "jid_1842201",
        "jid_1842201",
        "jid_1842201",
        "jid_1842201",
        "jid_1842201",
        "jid_1842201",
        "jid_1842201",
        "jid_1842201",
        "jid_1842201",
        "jid_1842201",
        "jid_1842201",
        "jid_1842201",
        "jid_1842201",
        "jid_1842201",
        "jid_1842201",
        "jid_1842201",
        "jid_1842201",
        "jid_1842201",
        "jid_1842201",
        "jid_1842201",
        "jid_1842201",
        "jid_1842201",
        "jid_1842201",
        "jid_1842201",
        "jid_1842201",
        "jid_1842201",
        "jid_1842201",
        "jid_1842201",
        "jid_1842201",
        "jid_1842201",
        "jid_1842201",
        "jid_1842201",
        "jid_1842201",
        "jid_1842201",
        "jid_1842201",
        "jid_1835168",
        "jid_1834173",
        "jid_1834173",
        "jid_1834173",
        "jid_1834173",
        "jid_1834173",
        "jid_1834173",
        "jid_1834173",
        "jid_1834173",
        "jid_1834173",
        "jid_1834173",
        "jid_1834173",
        "jid_1834173",
        "jid_1834173",
        "jid_1834173",
        "jid_1834173",
        "jid_1834173",
        "jid_1834173",
        "jid_1834173",
        "jid_1834173",
        "jid_1834173",
        "jid_1834173",
        "jid_1834173",
        "jid_1834173",
        "jid_1834173",
        "jid_1834173",
        "jid_1834173",
        "jid_1834173",
        "jid_1834173",
        "jid_1834173",
        "jid_1834173",
        "jid_1834173",
        "jid_1834173",
        "jid_1834173",
        "jid_1834173",
        "jid_1834173",
        "jid_1834173",
        "jid_1834173",
        "jid_1834173",
        "jid_1834173",
        "jid_1834173",
        "jid_1834173",
        "jid_1834173",
        "jid_1834173",
        "jid_1834173",
        "jid_1834173",
        "jid_1834173",
        "jid_1834173",
        "jid_1834173",
        "jid_1834173",
        "jid_1834173",
        "jid_1834173",
        "jid_1834173",
        "jid_1834173",
        "jid_1834173",
        "jid_1834173",
        "jid_1834173",
        "jid_1834173",
        "jid_1834173",
        "jid_1834173",
        "jid_1834173",
        "jid_1834173",
        "jid_1834173",
        "jid_1834173",
        "jid_1834173",
        "jid_1834173",
        "jid_1834173",
        "jid_1834173",
        "jid_1834173",
        "jid_1834173",
        "jid_1834173",
        "jid_1834173",
        "jid_1834161",
        "jid_1834182",
        "jid_1834223",
        "jid_1834189",
        "jid_1834330",
        "jid_1834342",
        "jid_1802644",
        "jid_1802644",
        "jid_1802644",
        "jid_1802644",
        "jid_1802644",
        "jid_1802644",
        "jid_1802644",
        "jid_1802644",
        "jid_1802644",
        "jid_1802644",
        "jid_1802644",
        "jid_1802644",
        "jid_1802644",
        "jid_1802644",
        "jid_1802644",
        "jid_1802644",
        "jid_1802644",
        "jid_1802644",
        "jid_1844320",
        "jid_1834139",
        "jid_1834137",
        "jid_1834137",
        "jid_1834137",
        "jid_1834137",
        "jid_1834137",
        "jid_1834137",
        "jid_1834137",
        "jid_1834137",
        "jid_1834137",
        "jid_1834137",
        "jid_1834137",
        "jid_1834137",
        "jid_1834136",
        "jid_1834136",
        "jid_1834136",
        "jid_1834136",
        "jid_1834136",
        "jid_1834136",
        "jid_1834136",
        "jid_1834136",
        "jid_1834136",
        "jid_1834136",
        "jid_1834136",
        "jid_1834136",
        "jid_1834136",
        "jid_1834136",
        "jid_1834136",
        "jid_1834136",
        "jid_1834136",
        "jid_1834136",
        "jid_1834136",
        "jid_1834136",
        "jid_1834136",
        "jid_1834136",
        "jid_1834136",
        "jid_1834136",
        "jid_1834136",
        "jid_1834136",
        "jid_1834136",
        "jid_1834136",
        "jid_1834136",
        "jid_1834136",
        "jid_1834136",
        "jid_1834136",
        "jid_1834136",
        "jid_1834136",
        "jid_1834136",
        "jid_1834136",
        "jid_1834136",
        "jid_1834136",
        "jid_1834136",
        "jid_1834136",
        "jid_1834136",
        "jid_1834136",
        "jid_1834136",
        "jid_1834136",
        "jid_1834136",
        "jid_1834136",
        "jid_1834136",
        "jid_1834136",
        "jid_1834136",
        "jid_1834136",
        "jid_1834136",
        "jid_1834136",
        "jid_1834136",
        "jid_1843929",
        "jid_1834136",
        "jid_1834154",
        "jid_1834284",
        "jid_1834136",
        "jid_1834278",
        "jid_1834227",
        "jid_1834136",
        "jid_1834276",
        "jid_1834136",
        "jid_1834295",
        "jid_1834136",
        "jid_1834275",
        "jid_1834288",
        "jid_1834136",
        "jid_1834136",
        "jid_1834136",
        "jid_1834530",
        "jid_1834523",
        "jid_1834136",
        "jid_1834136",
        "jid_1834499",
        "jid_1834564",
        "jid_1834136",
        "jid_1834592",
        "jid_1834136",
        "jid_1834136",
        "jid_1834136",
        "jid_1834136",
        "jid_1834711",
        "jid_1834136",
        "jid_1834761",
        "jid_1834704",
        "jid_1834136",
        "jid_1834136",
        "jid_1834772",
        "jid_1834136",
        "jid_1834136",
        "jid_1835049",
        "jid_1835159",
        "jid_1834136",
        "jid_1834136",
        "jid_1835279",
        "jid_1834136",
        "jid_1835633",
        "jid_1834136",
        "jid_1834136",
        "jid_1835694",
        "jid_1835521",
        "jid_1836049",
        "jid_1836039",
        "jid_1834136",
        "jid_1834136",
        "jid_1836059",
        "jid_1836147",
        "jid_1836234",
        "jid_1836267",
        "jid_1834139",
        "jid_1836324",
        "jid_1836129",
        "jid_1836350",
        "jid_1836340",
        "jid_1836391",
        "jid_1834139",
        "jid_1836424",
        "jid_1834139",
        "jid_1836480",
        "jid_1836667",
        "jid_1836359",
        "jid_1836706",
        "jid_1836804",
        "jid_1837007",
        "jid_1834139",
        "jid_1834139",
        "jid_1834139",
        "jid_1834139",
        "jid_1837140",
        "jid_1837636",
        "jid_1838744",
        "jid_1843287",
        "jid_1843674",
        "jid_1843418",
        "jid_1843268",
        "jid_1844052",
        "jid_1844160",
        "jid_1843127",
        "jid_1843363",
        "jid_1843265",
        "jid_1844005",
        "jid_1843449",
        "jid_1843241",
        "jid_1843899",
        "jid_1843476",
        "jid_1843157",
        "jid_1843509",
        "jid_1843796",
        "jid_1843244",
        "jid_1843179",
        "jid_1843221",
        "jid_1843383",
        "jid_1843183",
        "jid_1843934",
        "jid_1843970",
        "jid_1843390",
        "jid_1843487",
        "jid_1843616",
        "jid_1843235",
        "jid_1843854",
        "jid_1843149",
        "jid_1843359",
        "jid_1843990",
        "jid_1843483",
        "jid_1843333",
        "jid_1843735",
        "jid_1843411",
        "jid_1843802",
        "jid_1843285",
        "jid_1843437",
        "jid_1843466",
        "jid_1843514",
        "jid_1843396",
        "jid_1843505",
        "jid_1843932",
        "jid_1843230",
        "jid_1843452",
        "jid_1843475",
        "jid_1843352",
        "jid_1843924",
        "jid_1843346",
        "jid_1843440",
        "jid_1843656",
        "jid_1843280",
        "jid_1843521",
        "jid_1843617",
        "jid_1843667",
        "jid_1844009",
        "jid_1843863",
        "jid_1843649",
        "jid_1843958",
        "jid_1843908",
        "jid_1843848",
        "jid_1843991",
        "jid_1843963",
        "jid_1843975",
        "jid_1843955",
        "jid_1843993",
        "jid_1834135",
        "jid_1843581",
        "jid_1843645",
        "jid_1834135",
        "jid_1834135",
        "jid_1834135",
        "jid_1843862",
        "jid_1834135",
        "jid_1843927",
        "jid_1843624",
        "jid_1843954",
        "jid_1834135",
        "jid_1834135",
        "jid_1843672",
        "jid_1834135",
        "jid_1843778",
        "jid_1834135",
        "jid_1834135",
        "jid_1843866",
        "jid_1843977",
        "jid_1843951",
        "jid_1843321",
        "jid_1843846",
        "jid_1834135",
        "jid_1843947",
        "jid_1843912",
        "jid_1843248",
        "jid_1843786",
        "jid_1843889",
        "jid_1834135",
        "jid_1844220",
        "jid_1844441",
        "jid_1834135",
        "jid_1843448",
        "jid_1834135",
        "jid_1834135",
        "jid_1834135",
        "jid_1834135",
        "jid_1834135",
        "jid_1834135",
        "jid_1843731",
        "jid_1834135",
        "jid_1843739",
        "jid_1834135",
        "jid_1834135",
        "jid_1843462",
        "jid_1843833",
        "jid_1843892",
        "jid_1844109",
        "jid_1834135",
        "jid_1834135",
        "jid_1834135",
        "jid_1843602",
        "jid_1843600",
        "jid_1843663",
        "jid_1843772",
        "jid_1844125",
        "jid_1834135",
        "jid_1834135",
        "jid_1834135",
        "jid_1843627",
        "jid_1843540",
        "jid_1843837",
        "jid_1834135",
        "jid_1834135",
        "jid_1843751",
        "jid_1834135",
        "jid_1843939",
        "jid_1834135",
        "jid_1843872",
        "jid_1834135",
        "jid_1843809",
        "jid_1834135",
        "jid_1843858",
        "jid_1843368",
        "jid_1843909",
        "jid_1834135",
        "jid_1834135",
        "jid_1844252",
        "jid_1843944",
        "jid_1834135",
        "jid_1834135",
        "jid_1834135",
        "jid_1843495",
        "jid_1843523",
        "jid_1834135",
        "jid_1834135",
        "jid_1834135",
        "jid_1843851",
        "jid_1844042",
        "jid_1843434",
        "jid_1844091",
        "jid_1834135",
        "jid_1834135",
        "jid_1834135",
        "jid_1844045",
        "jid_1834135",
        "jid_1834135",
        "jid_1834135",
        "jid_1834135",
        "jid_1834135",
        "jid_1834135",
        "jid_1834135",
        "jid_1834135",
        "jid_1834135",
        "jid_1834135",
        "jid_1834135",
        "jid_1834135",
        "jid_1834135",
        "jid_1834135",
        "jid_1834135",
        "jid_1834135",
        "jid_1834135",
        "jid_1834135",
        "jid_1834135",
        "jid_1834135",
        "jid_1834135",
        "jid_1834135",
        "jid_1834135",
        "jid_1834135",
        "jid_1834135",
        "jid_1834135",
        "jid_1834135",
        "jid_1834135",
        "jid_1834135",
        "jid_1834135",
        "jid_1834135",
        "jid_1834135",
        "jid_1834135",
        "jid_1834135",
        "jid_1834135",
        "jid_1834135",
        "jid_1834135",
        "jid_1834135",
        "jid_1834135",
        "jid_1834134",
        "jid_1834135",
        "jid_1834134",
        "jid_1834134",
        "jid_1834134",
        "jid_1834134",
        "jid_1834134",
        "jid_1834134",
        "jid_1834134",
        "jid_1834134",
        "jid_1834134",
        "jid_1834134",
        "jid_1834134",
        "jid_1834134",
        "jid_1834134",
        "jid_1834134",
        "jid_1834134",
        "jid_1834134",
        "jid_1834134",
        "jid_1834134",
        "jid_1834134",
        "jid_1834134",
        "jid_1834134",
        "jid_1834134",
        "jid_1834134",
        "jid_1834134",
        "jid_1834134",
        "jid_1834134",
        "jid_1834134",
        "jid_1834134",
        "jid_1834134",
        "jid_1834134",
        "jid_1834134",
        "jid_1834134",
        "jid_1834134",
        "jid_1834134",
        "jid_1834134",
        "jid_1834134",
        "jid_1834134",
        "jid_1834134",
        "jid_1834134",
        "jid_1834134",
        "jid_1834134",
        "jid_1834134",
        "jid_1834134",
        "jid_1834134",
        "jid_1834134",
        "jid_1834134",
        "jid_1834134",
        "jid_1834134",
        "jid_1834134",
        "jid_1834134",
        "jid_1834134",
        "jid_1834134",
        "jid_1834134",
        "jid_1834134",
        "jid_1834134",
        "jid_1834134",
        "jid_1834134",
        "jid_1834134",
        "jid_1834134",
        "jid_1834134",
        "jid_1834134",
        "jid_1834134",
        "jid_1834134",
        "jid_1834134",
        "jid_1834134",
        "jid_1834134",
        "jid_1834134",
        "jid_1834134",
        "jid_1834134",
        "jid_1834134",
        "jid_1834134",
        "jid_1834134",
        "jid_1834134",
        "jid_1834134",
        "jid_1834134",
        "jid_1834134",
        "jid_1834134",
        "jid_1834134",
        "jid_1834134",
        "jid_1834134",
        "jid_1834151",
        "jid_1834151",
        "jid_1834151",
        "jid_1834151",
        "jid_1834151",
        "jid_1834151",
        "jid_1834151",
        "jid_1834151",
        "jid_1834151",
        "jid_1834151",
        "jid_1834151",
        "jid_1834151",
        "jid_1834151",
        "jid_1834151",
        "jid_1834151",
        "jid_1834151",
        "jid_1834151",
        "jid_1859440",
        "jid_1834151",
        "jid_1834151",
        "jid_1834151",
        "jid_1834151",
        "jid_1834151",
        "jid_1834151",
        "jid_1834151",
        "jid_1834151",
        "jid_1834151",
        "jid_1834151",
        "jid_1834151",
        "jid_1834151",
        "jid_1834151",
        "jid_1834151",
        "jid_1834151",
        "jid_1834151",
        "jid_1834151",
        "jid_1834151",
        "jid_1834151",
        "jid_1834151",
        "jid_1834151",
        "jid_1834151",
        "jid_1834151",
        "jid_1834151",
        "jid_1834151",
        "jid_1834151",
        "jid_1834151",
        "jid_1834151",
        "jid_1834151",
        "jid_1834151",
        "jid_1834151",
        "jid_1834151",
        "jid_1834151",
        "jid_1834151",
        "jid_1834151",
        "jid_1834151",
        "jid_1834151",
        "jid_1834151",
        "jid_1834151",
        "jid_1834151",
        "jid_1834151",
        "jid_1834151",
        "jid_1834151",
        "jid_1834151",
        "jid_1834151",
        "jid_1834151",
        "jid_1834151",
        "jid_1834151",
        "jid_1834151",
        "jid_1834151",
        "jid_1834151",
        "jid_1834151",
        "jid_1834151",
        "jid_1834151",
        "jid_1834151",
        "jid_1834151",
        "jid_1834151",
        "jid_1834151",
        "jid_1834151",
        "jid_1834151",
        "jid_1834151",
        "jid_1834151",
        "jid_1834151",
        "jid_1834151",
        "jid_1834151",
        "jid_1834150",
        "jid_1834150",
        "jid_1834150",
        "jid_1834150",
        "jid_1834150",
        "jid_1834150",
        "jid_1834150",
        "jid_1834150",
        "jid_1834150",
        "jid_1834150",
        "jid_1834150",
        "jid_1834150",
        "jid_1834150",
        "jid_1834150",
        "jid_1834150",
        "jid_1834150",
        "jid_1834150",
        "jid_1834150",
        "jid_1834150",
        "jid_1834150",
        "jid_1834150",
        "jid_1834150",
        "jid_1834150",
        "jid_1834150",
        "jid_1834150",
        "jid_1834150",
        "jid_1834150",
        "jid_1834150",
        "jid_1834150",
        "jid_1834150",
        "jid_1834150",
        "jid_1834150",
        "jid_1834150",
        "jid_1834150",
        "jid_1834150",
        "jid_1834150",
        "jid_1834150",
        "jid_1834150",
        "jid_1834150",
        "jid_1834150",
        "jid_1834150",
        "jid_1834150",
        "jid_1834150",
        "jid_1834150",
        "jid_1834150",
        "jid_1834150",
        "jid_1834150",
        "jid_1834150",
        "jid_1834150",
        "jid_1834150",
        "jid_1834150",
        "jid_1834150",
        "jid_1834150",
        "jid_1834150",
        "jid_1834150",
        "jid_1834150",
        "jid_1834150",
        "jid_1834150",
        "jid_1834150",
        "jid_1834150",
        "jid_1834150",
        "jid_1834150",
        "jid_1834150",
        "jid_1834150",
        "jid_1834150",
        "jid_1834150",
        "jid_1834150",
        "jid_1834150",
        "jid_1834150",
        "jid_1834150",
        "jid_1834150",
        "jid_1834150",
        "jid_1834150",
        "jid_1834157",
        "jid_1834150",
        "jid_1834157",
        "jid_1834150",
        "jid_1834157",
        "jid_1834157",
        "jid_1834157",
        "jid_1834157",
        "jid_1834157",
        "jid_1834157",
        "jid_1834157",
        "jid_1834157",
        "jid_1834157",
        "jid_1834157",
        "jid_1834157",
        "jid_1834157",
        "jid_1834157",
        "jid_1834157",
        "jid_1834157",
        "jid_1834157",
        "jid_1834157",
        "jid_1834157",
        "jid_1834157",
        "jid_1834157",
        "jid_1834157",
        "jid_1834157",
        "jid_1834157",
        "jid_1834157",
        "jid_1834157",
        "jid_1834157",
        "jid_1834157",
        "jid_1834157",
        "jid_1834157",
        "jid_1834157",
        "jid_1834157",
        "jid_1834157",
        "jid_1834157",
        "jid_1834157",
        "jid_1834157",
        "jid_1834157",
        "jid_1834157",
        "jid_1834157",
        "jid_1834157",
        "jid_1834157",
        "jid_1834157",
        "jid_1834157",
        "jid_1834157",
        "jid_1834157",
        "jid_1834157",
        "jid_1834157",
        "jid_1834157",
        "jid_1834157",
        "jid_1834157",
        "jid_1834157",
        "jid_1834157",
        "jid_1834157",
        "jid_1834157",
        "jid_1834157",
        "jid_1834157",
        "jid_1834157",
        "jid_1834157",
        "jid_1834157",
        "jid_1834157",
        "jid_1834157",
        "jid_1834157",
        "jid_1834157",
        "jid_1834157",
        "jid_1834157",
        "jid_1834157",
        "jid_1834157",
        "jid_1834157",
        "jid_1834157",
        "jid_1834157",
        "jid_1834157",
        "jid_1834157",
        "jid_1834157",
        "jid_1834157",
        "jid_1834157",
        "jid_1834149",
        "jid_1834149",
        "jid_1834149",
        "jid_1834149",
        "jid_1834149",
        "jid_1834149",
        "jid_1834149",
        "jid_1834149",
        "jid_1834149",
        "jid_1834149",
        "jid_1834149",
        "jid_1834149",
        "jid_1834149",
        "jid_1834149",
        "jid_1834149",
        "jid_1834149",
        "jid_1834149",
        "jid_1834149",
        "jid_1834149",
        "jid_1834149",
        "jid_1834149",
        "jid_1834149",
        "jid_1834149",
        "jid_1834149",
        "jid_1834149",
        "jid_1834149",
        "jid_1834149",
        "jid_1834149",
        "jid_1834149",
        "jid_1834149",
        "jid_1834149",
        "jid_1834149",
        "jid_1834149",
        "jid_1834149",
        "jid_1834149",
        "jid_1834149",
        "jid_1834149",
        "jid_1834149",
        "jid_1834149",
        "jid_1834149",
        "jid_1834149",
        "jid_1834149",
        "jid_1834149",
        "jid_1834149",
        "jid_1834149",
        "jid_1834149",
        "jid_1834149",
        "jid_1834149",
        "jid_1834149",
        "jid_1834149",
        "jid_1834149",
        "jid_1834149",
        "jid_1834149",
        "jid_1834149",
        "jid_1834149",
        "jid_1834149",
        "jid_1834149",
        "jid_1834149",
        "jid_1834149",
        "jid_1834149",
        "jid_1834149",
        "jid_1834149",
        "jid_1834149",
        "jid_1834149",
        "jid_1834149",
        "jid_1834149",
        "jid_1834149",
        "jid_1834149",
        "jid_1834149",
        "jid_1834149",
        "jid_1834149",
        "jid_1834149",
        "jid_1834149",
        "jid_1834149",
        "jid_1834149",
        "jid_1834149",
        "jid_1834149",
        "jid_1834149",
        "jid_1834149",
        "jid_1834149",
        "jid_1834149",
        "jid_1834149",
        "jid_1834149",
        "jid_1834149",
        "jid_1834149",
        "jid_1834149",
        "jid_1834149",
        "jid_1834149",
        "jid_1834149",
        "jid_1834149",
        "jid_1834149",
        "jid_1834149",
        "jid_1834149",
        "jid_1834152",
        "jid_1834152",
        "jid_1834152",
        "jid_1834152",
        "jid_1834152",
        "jid_1834152",
        "jid_1834152",
        "jid_1834152",
        "jid_1834152",
        "jid_1834152",
        "jid_1834152",
        "jid_1834152",
        "jid_1834152",
        "jid_1834152",
        "jid_1834152",
        "jid_1834152",
        "jid_1834152",
        "jid_1834152",
        "jid_1834152",
        "jid_1834152",
        "jid_1834152",
        "jid_1834152",
        "jid_1834152",
        "jid_1834152",
        "jid_1834152",
        "jid_1834152",
        "jid_1834152",
        "jid_1834152",
        "jid_1834152",
        "jid_1834152",
        "jid_1834152",
        "jid_1834152",
        "jid_1834152",
        "jid_1834152",
        "jid_1834152",
        "jid_1834152",
        "jid_1834152",
        "jid_1834152",
        "jid_1834152",
        "jid_1834152",
        "jid_1834152",
        "jid_1834152",
        "jid_1834152",
        "jid_1834152",
        "jid_1834152",
        "jid_1834152",
        "jid_1834152",
        "jid_1834152",
        "jid_1834152",
        "jid_1834152",
        "jid_1834152",
        "jid_1834152",
        "jid_1834152",
        "jid_1834152",
        "jid_1834152",
        "jid_1834152",
        "jid_1834152",
        "jid_1834152",
        "jid_1834152",
        "jid_1834152",
        "jid_1834152",
        "jid_1834152",
        "jid_1834152",
        "jid_1834152",
        "jid_1834152",
        "jid_1834152",
        "jid_1834152",
        "jid_1834152",
        "jid_1834152",
        "jid_1834152",
        "jid_1834152",
        "jid_1834152",
        "jid_1834152",
        "jid_1834152",
        "jid_1834152",
        "jid_1834152",
        "jid_1834152",
        "jid_1834152",
        "jid_1843655",
        "jid_1844412",
        "jid_1834274",
        "jid_1835913",
        "jid_1834327",
        "jid_1844367",
        "jid_1834539",
        "jid_1834539",
        "jid_1844392",
        "jid_1844398",
        "jid_1834463",
        "jid_1844332",
        "jid_1834381",
        "jid_1844399",
        "jid_1844399",
        "jid_1844929",
        "jid_1844510",
        "jid_1844510",
        "jid_1843224",
        "jid_1834482",
        "jid_1834628",
        "jid_1834628",
        "jid_1843412",
        "jid_1843410",
        "jid_1834556",
        "jid_1834659",
        "jid_1834606",
        "jid_1834829",
        "jid_1834814",
        "jid_1844681",
        "jid_1834632",
        "jid_1835319",
        "jid_1834662",
        "jid_1857640",
        "jid_1834741",
        "jid_1834816",
        "jid_1834812",
        "jid_1834828",
        "jid_1834826",
        "jid_1834832",
        "jid_1837426",
        "jid_1837546",
        "jid_1858012",
        "jid_1838540",
        "jid_1889845",
        "jid_1839847",
        "jid_1836653",
        "jid_1835905",
        "jid_1858069",
        "jid_1836212",
        "jid_1836322",
        "jid_1836245",
        "jid_1836237",
        "jid_1836242",
        "jid_1836259",
        "jid_1836259",
        "jid_1836277",
        "jid_1837091",
        "jid_1836758",
        "jid_1844385"
    ],
    "Jobs <= 5 nodes": 14088,
    "Jobs <= 50 nodes": 528,
    "Jobs <= 250 nodes": 254,
    "Jobs <= 4500 nodes": 157,
    "Jobs > 4500 nodes": 9,
    "min job size": 1,
    "max job size": 16384,
    "average job size": 17.92976855546688,
    "min runtime": 0,
    "max runtime": 242696,
    "average runtime": 2241.4246475126365,
    "min energy": 0.0,
    "max energy": 90013144984.82924,
    "avg energy": 39895670.11168644,
    "min edp": 0.0,
    "max edp": 4822004395516421.0,
    "avg edp": 1527479703441.5745,
    "min edp^2": 0.0,
    "max edp^2": 4.142053555704651e+20,
    "avg edp^2": 8.796102838467381e+16,
    "min_aggregate_node_hours": 0,
    "max_aggregate_node_hours": 604602368,
    "avg_aggregate_node_hours": 235734.37077680233,
    "min_cpu_util": 0.5185067648495004,
    "max_cpu_util": 1.0,
    "avg_cpu_util": 0.9930477347016288,
    "min_gpu_util": 0,
    "max_gpu_util": 0,
    "avg_gpu_util": 0.0,
    "min_ntx_util": 0,
    "max_ntx_util": 0,
    "avg_ntx_util": 0.0,
    "min_nrx_util": 0,
    "max_nrx_util": 0,
    "avg_nrx_util": 0.0,
    "min_wait_time": 0,
    "max_wait_time": 524368,
    "average_wait_time": 33758.11133280128,
    "min_turnaround_time": 0,
    "max_turnaround_time": 568633,
    "average_turnaround_time": 35999.535980313914,
    "min_area_weighted_response_time": 0,
    "max_area_weighted_response_time": 245396009123840,
    "area_weighted_avg_response_time": 269627.2017382448,
    "priority_weighted_specific_response_time": 395515.83374983625
}