id,name,account,num_nodes,run_time,submit_time,start_time,end_time,state,avg_cpu_usage,avg_gpu_usage,avg_ntx_usage,avg_nrx_usage,avg_node_power,max_node_power,energy
jid_670284,35586.0,13.0,6,19,2811879,3024000,3024020,JobState.COMPLETED,1.0,0,0,0,176.53061224489795,176.53061224489795,20124.489795918365
jid_670284,35586.0,13.0,6,19,2811879,3024000,3024020,JobState.COMPLETED,1.0,0,0,0,176.53061224489795,176.53061224489795,20124.489795918365
jid_669654,774.9999999999927,13.0,6,19,2813104,3024000,3024020,JobState.COMPLETED,1.0,0,0,0,176.53061224489795,176.53061224489795,20124.489795918365
jid_669654,774.9999999999927,13.0,6,19,2813104,3024000,3024020,JobState.COMPLETED,1.0,0,0,0,176.53061224489795,176.53061224489795,20124.489795918365
jid_669654,774.9999999999927,13.0,6,19,2813104,3024000,3024020,JobState.COMPLETED,1.0,0,0,0,176.53061224489795,176.53061224489795,20124.489795918365
jid_669654,774.9999999999927,13.0,6,19,2813105,3024000,3024020,JobState.COMPLETED,1.0,0,0,0,176.53061224489795,176.53061224489795,20124.489795918365
jid_669654,774.9999999999927,13.0,6,20,2813104,3024000,3024021,JobState.COMPLETED,1.0,0,0,0,176.53061224489795,176.53061224489795,21183.673469387755
jid_670285,59165.0,376.0,1,2418,3022102,3022111,3024530,JobState.COMPLETED,0.5308945469424308,0,0,0,119.08912819703248,119.08912819703234,287957.5119804245
jid_670289,59165.0,376.0,1,2481,3022106,3022113,3024595,JobState.COMPLETED,0.5304903862253847,0,0,0,119.03963912963899,119.03963912963894,295337.3446806343
jid_670290,59165.0,376.0,1,2500,3022102,3022114,3024615,JobState.COMPLETED,0.5303895068741554,0,0,0,119.02728655601912,119.02728655601904,297568.2163900478
jid_670294,59165.0,376.0,1,2526,3022108,3022115,3024642,JobState.COMPLETED,0.5301716010650074,0,0,0,119.00060421204192,119.00060421204172,300595.5262396179
jid_670298,59165.0,376.0,1,2567,3022106,3022120,3024688,JobState.COMPLETED,0.5300021036040785,0,0,0,118.97984942090739,118.97984942090758,305421.27346346923
jid_670299,59165.0,376.0,1,2576,3022106,3022116,3024693,JobState.COMPLETED,0.531393842695574,0,0,0,119.15026645251943,119.15026645251928,306931.08638169005
jid_670311,59165.0,376.0,1,2672,3022103,3022113,3024786,JobState.COMPLETED,0.5308450813281264,0,0,0,119.08307118303595,119.08307118303588,318189.9662010721
jid_670316,59165.0,376.0,1,2698,3022099,3022111,3024810,JobState.COMPLETED,0.5306321065790475,0,0,0,119.05699264233229,119.05699264233233,321215.76614901255
jid_670317,59165.0,376.0,1,2702,3022103,3022110,3024813,JobState.COMPLETED,0.5306617257741204,0,0,0,119.06061948254518,119.06061948254536,321701.7938418371
jid_670320,59165.0,376.0,1,2729,3022097,3022102,3024832,JobState.COMPLETED,0.5305525906109724,0,0,0,119.0472559931804,119.0472559931803,324879.9616053893
jid_670326,1202.0,119.0,32,25668,2999173,2999179,3024848,JobState.COMPLETED,1.0,0,0,0,176.53061224489815,176.53061224489795,144998008.16326547
jid_670327,59165.0,376.0,1,2741,3022098,3022108,3024850,JobState.COMPLETED,0.530520576188793,0,0,0,119.04333585985228,119.04333585985222,326297.7835918551
jid_670346,59165.0,376.0,1,2786,3022101,3022114,3024901,JobState.COMPLETED,0.5301452776193666,0,0,0,118.99738093298386,118.99738093298366,331526.703279293
jid_670347,59165.0,376.0,1,2782,3022108,3022119,3024902,JobState.COMPLETED,0.5302700637303643,0,0,0,119.01266086494253,119.01266086494257,331093.22252627014
jid_670349,59165.0,376.0,1,2717,3022103,3022187,3024905,JobState.COMPLETED,0.530527329455204,0,0,0,119.04416279043303,119.04416279043315,323442.99030160654
jid_670351,59165.0,376.0,1,2803,3022098,3022103,3024907,JobState.COMPLETED,0.5300787000330258,0,0,0,118.98922857547237,118.98922857547254,333526.80769704905
jid_670358,59165.0,376.0,1,2812,3022109,3022122,3024935,JobState.COMPLETED,0.5301067100122012,0,0,0,118.9926583688411,118.99265836884096,334607.3553331812
jid_670365,59165.0,376.0,1,2849,3022103,3022110,3024960,JobState.COMPLETED,0.529860371404063,0,0,0,118.96249445764062,118.96249445764036,338924.1467098181
jid_670366,59165.0,376.0,1,2865,3022104,3022112,3024978,JobState.COMPLETED,0.5297901038637963,0,0,0,118.95389026903645,118.9538902690363,340802.89562078944
jid_670367,59165.0,376.0,1,2787,3022103,3022191,3024979,JobState.COMPLETED,0.530164361090998,0,0,0,118.99971768461187,118.999717684612,331652.2131870133
jid_670379,59165.0,376.0,1,2937,3022102,3022111,3025049,JobState.COMPLETED,0.5294751197081266,0,0,0,118.91532078058675,118.91532078058694,349254.2971325833
jid_670387,59162.0,525.0,10,60,3025200,3025200,3025261,JobState.COMPLETED,0.7748674872881035,0,0,0,148.96336579038,148.96336579038,89378.019474228
jid_670389,59165.0,376.0,1,3224,3022107,3022120,3025345,JobState.COMPLETED,0.5282565074930006,0,0,0,118.76610295832678,118.7661029583266,382901.91593764554
jid_670390,59165.0,376.0,1,3263,3022107,3022118,3025382,JobState.COMPLETED,0.5282105090807372,0,0,0,118.76047049968247,118.7604704996821,387515.4152404639
jid_670391,111.0,65.0,75,3950,3021546,3021628,3025579,JobState.COMPLETED,1.0,0,0,0,176.53061224489787,176.53061224489795,52297193.877551
jid_670393,111.0,65.0,75,4394,3021623,3021629,3026024,JobState.COMPLETED,1.0,0,0,0,176.53061224489787,176.53061224489795,58175663.26530609
jid_670396,41282.0,474.0,1024,303,3025966,3025966,3026270,JobState.COMPLETED,1.0,0,0,0,176.53061224489798,176.53061224489795,54772506.12244899
jid_670407,108.0,519.0,1,5551,3022826,3022831,3028383,JobState.COMPLETED,1.0,0,0,0,176.53061224489684,176.53061224489795,979921.4285714224
jid_670418,108.0,519.0,1,10153,3020516,3020521,3030675,JobState.COMPLETED,1.0,0,0,0,176.5306122448967,176.53061224489795,1792315.3061224362
jid_670420,108.0,519.0,2,10372,3020637,3020642,3031015,JobState.COMPLETED,1.0,0,0,0,176.5306122448967,176.53061224489795,3661951.0204081372
jid_670425,59090.0,561.0,384,111211,2913314,2920916,3032128,JobState.COMPLETED,1.0,0,0,0,176.53061224489633,176.53061224489795,7538744032.652992
jid_670267,1050.9999999999927,140.0,128,8595,3014391,3024000,3032596,JobState.COMPLETED,1.0,0,0,0,176.53061224489863,176.53061224489795,194211918.3673477
jid_670267,1414.0,140.0,128,8603,3014391,3024000,3032604,JobState.COMPLETED,1.0,0,0,0,176.53061224489866,176.53061224489795,194392685.71428648
jid_670267,1232.0,140.0,128,8634,3014391,3024000,3032635,JobState.COMPLETED,1.0,0,0,0,176.5306122448987,176.53061224489795,195093159.18367428
jid_669523,373.0,521.0,128,8924,3017444,3024000,3032925,JobState.COMPLETED,1.0,0,0,0,176.5306122448991,176.53061224489795,201645975.51020536
jid_669523,373.0,521.0,128,9061,3017448,3024000,3033062,JobState.COMPLETED,1.0,0,0,0,176.5306122448993,176.53061224489795,204741616.32653216
jid_670259,1308.0,140.0,128,9089,3014115,3024000,3033090,JobState.COMPLETED,1.0,0,0,0,176.53061224489932,176.53061224489795,205374302.04081792
jid_670256,55762.0,140.0,128,9410,3014010,3024000,3033411,JobState.COMPLETED,1.0,0,0,0,176.53061224489971,176.53061224489795,212627591.8367368
jid_670256,55761.0,140.0,128,9514,3014010,3024000,3033515,JobState.COMPLETED,1.0,0,0,0,176.53061224489983,176.53061224489795,214977567.34694105
jid_670427,301.0,549.0,385,5549,3028184,3028184,3033734,JobState.COMPLETED,1.0,0,0,0,176.53061224489898,176.53061224489795,377133821.4285736
jid_670435,103.0,468.0,1,2535,3034213,3034213,3036749,JobState.COMPLETED,1.0,0,0,0,176.5306122448971,176.53061224489795,447505.1020408141
jid_669630,55673.0,60.0,32,30621,2909921,3010255,3040877,JobState.COMPLETED,0.6547410073956264,0,0,0,134.25400090558304,134.2540009055869,131551736.37535547
jid_669626,43304.0,60.0,32,30673,2909435,3010229,3040903,JobState.COMPLETED,0.6537232290600529,0,0,0,134.12937498694902,134.12937498694524,131652810.20718999
jid_670448,59174.0,29.0,96,9,3044186,3044186,3044196,JobState.COMPLETED,1.0,0,0,0,176.53061224489795,176.53061224489795,152522.44897959183
jid_670452,59177.0,29.0,192,985,3045524,3045524,3046510,JobState.COMPLETED,1.0,0,0,0,176.53061224489818,176.53061224489795,33385469.38775514
jid_670456,628.0,191.0,6,157969,2889513,2889520,3047490,JobState.COMPLETED,1.0,0,0,0,176.5306122448933,176.53061224489795,167318185.7142813
jid_666428,14686.0,197.0,27,25185,2803614,3024000,3049186,JobState.COMPLETED,1.0,0,0,0,176.53061224490324,176.53061224489795,120039933.67347297
jid_670326,1202.0,119.0,32,25292,2999174,3024000,3049293,JobState.COMPLETED,1.0,0,0,0,176.53061224490682,176.53061224489795,142873991.83674186
jid_670502,628.0,191.0,6,159918,2889506,2889516,3049435,JobState.COMPLETED,1.0,0,0,0,176.53061224489315,176.53061224489795,169382534.69387293
jid_666512,14748.0,197.0,27,27457,2803610,3024000,3051458,JobState.COMPLETED,1.0,0,0,0,176.53061224490514,176.53061224489795,130869027.55102573
jid_670397,221.0,119.0,32,28446,2999201,3024000,3052447,JobState.COMPLETED,1.0,0,0,0,176.53061224490727,176.53061224489795,160690873.46939623
jid_666552,14747.0,197.0,27,29763,2803609,3024000,3053764,JobState.COMPLETED,1.0,0,0,0,176.5306122449068,176.53061224489795,141860176.53061935
jid_667058,58053.0,507.0,144,30532,2811435,3024000,3054533,JobState.COMPLETED,0.6023982195683375,0,0,0,127.84467994715118,127.84467994714335,562082942.6130844
jid_670530,59186.0,567.0,1975,4,3054974,3054974,3054979,JobState.COMPLETED,1.0,0,0,0,176.53061224489795,176.53061224489795,1394591.8367346937
jid_670531,1440.0,260.0,1,2,3055125,3055125,3055128,JobState.COMPLETED,1.0,0,0,0,176.53061224489795,176.53061224489795,353.0612244897959
jid_670540,43.999999999992724,554.0,4096,568,3055289,3055289,3055858,JobState.COMPLETED,1.0,0,0,0,176.5306122448981,176.53061224489795,410703412.24489826
jid_670545,43.999999999992724,554.0,4096,560,3056155,3056155,3056716,JobState.COMPLETED,1.0,0,0,0,176.5306122448981,176.53061224489795,404918857.14285743
jid_670565,59188.0,28.0,4,90,3057960,3057960,3058051,JobState.COMPLETED,1.0,0,0,0,176.53061224489792,176.53061224489795,63551.020408163255
jid_670569,47.0,35.0,1,513,3057832,3057832,3058346,JobState.COMPLETED,1.0,0,0,0,176.5306122448981,176.53061224489795,90560.20408163272
jid_670573,47.0,35.0,1,359,3058071,3058071,3058431,JobState.COMPLETED,1.0,0,0,0,176.530612244898,176.53061224489795,63374.48979591839
jid_670587,59189.0,87.0,1,82,3059000,3059000,3059083,JobState.COMPLETED,1.0,0,0,0,176.53061224489795,176.53061224489795,14475.510204081633
jid_670590,47.0,35.0,2,713,3058489,3058489,3059203,JobState.COMPLETED,1.0,0,0,0,176.53061224489815,176.53061224489795,251732.65306122476
jid_670595,58032.0,468.0,1,38,3059469,3059469,3059508,JobState.COMPLETED,1.0,0,0,0,176.53061224489795,176.53061224489795,6708.163265306122
jid_670603,43059.0,480.0,2250,131,3059724,3059724,3059856,JobState.COMPLETED,0.5240947845318864,0,0,0,118.25650422839425,118.25650422839425,34856104.621319205
jid_670602,1469.0,159.0,30,1389,3058531,3058531,3059921,JobState.COMPLETED,1.0,0,0,0,176.53061224489826,176.53061224489795,7356030.612244911
jid_673445,1303.0,194.0,216,27,3059949,3059949,3059977,JobState.COMPLETED,1.0,0,0,0,176.53061224489795,176.53061224489795,1029526.5306122449
jid_673445,40252.0,194.0,216,26,3059950,3059950,3059977,JobState.COMPLETED,1.0,0,0,0,176.53061224489795,176.53061224489795,991395.9183673469
jid_670663,1267.0,222.0,2,3,3061544,3061544,3061548,JobState.COMPLETED,1.0,0,0,0,176.53061224489795,176.53061224489795,1059.1836734693877
jid_670668,301.0,526.0,1,4,3061626,3061626,3061631,JobState.COMPLETED,1.0,0,0,0,176.53061224489795,176.53061224489795,706.1224489795918
jid_670671,1267.0,222.0,2,6,3061687,3061687,3061694,JobState.COMPLETED,1.0,0,0,0,176.53061224489795,176.53061224489795,2118.3673469387754
jid_670688,336.0,93.0,24,89,3061751,3061751,3061841,JobState.COMPLETED,1.0,0,0,0,176.53061224489795,176.53061224489795,377069.387755102
jid_670692,1267.0,222.0,2,26,3061828,3061828,3061855,JobState.COMPLETED,1.0,0,0,0,176.53061224489795,176.53061224489795,9179.591836734693
jid_668295,59080.0,562.0,1,1,3062412,3062412,3062414,JobState.COMPLETED,1.0,0,0,0,176.53061224489795,176.53061224489795,176.53061224489795
jid_669084,108.0,532.0,64,10,3062840,3062840,3062851,JobState.COMPLETED,1.0,0,0,0,176.53061224489795,176.53061224489795,112979.59183673469
jid_669187,43474.0,526.0,1,4,3062859,3062859,3062864,JobState.COMPLETED,1.0,0,0,0,176.53061224489795,176.53061224489795,706.1224489795918
jid_669347,17.0,171.0,1,33,3062965,3062965,3062999,JobState.COMPLETED,1.0,0,0,0,176.53061224489795,176.53061224489795,5825.510204081633
jid_669513,59080.0,562.0,1,8,3063130,3063130,3063139,JobState.COMPLETED,1.0,0,0,0,176.53061224489795,176.53061224489795,1412.2448979591836
jid_670716,43474.0,526.0,1,5,3063643,3063643,3063649,JobState.COMPLETED,1.0,0,0,0,176.53061224489795,176.53061224489795,882.6530612244898
jid_670726,55930.0,375.0,384,22,3063781,3063781,3063804,JobState.COMPLETED,0.5595713783215496,0,0,0,122.60057693733258,122.6005769373326,1035729.6739665857
jid_670741,1267.0,537.0,64,7,3064509,3064509,3064517,JobState.COMPLETED,1.0,0,0,0,176.53061224489795,176.53061224489795,79085.71428571429
jid_670747,59190.0,87.0,1,117,3064505,3064505,3064623,JobState.COMPLETED,1.0,0,0,0,176.53061224489792,176.53061224489795,20654.08163265306
jid_670757,40527.0,230.0,704,86,3065056,3065056,3065143,JobState.COMPLETED,0.5367797819915813,0,0,0,119.8097692234589,119.80976922345893,7253762.667865096
jid_670759,43.999999999992724,554.0,512,299,3064901,3064901,3065201,JobState.COMPLETED,1.0,0,0,0,176.53061224489795,176.53061224489795,27024718.36734694
jid_670764,662.0,108.0,5462,2520,3062712,3062712,3065233,JobState.COMPLETED,1.0,0,0,0,176.53061224489767,176.53061224489795,2429809714.2857103
jid_670780,17.0,171.0,1,16,3065836,3065836,3065853,JobState.COMPLETED,1.0,0,0,0,176.53061224489795,176.53061224489795,2824.4897959183672
jid_670784,56001.0,43.0,2,753,3065190,3065190,3065944,JobState.COMPLETED,1.0,0,0,0,176.53061224489815,176.53061224489795,265855.1020408166
jid_670785,17.0,171.0,1,22,3065960,3065960,3065983,JobState.COMPLETED,1.0,0,0,0,176.53061224489795,176.53061224489795,3883.673469387755
jid_670788,38222.0,526.0,1,569,3065455,3065455,3066025,JobState.COMPLETED,1.0,0,0,0,176.5306122448981,176.53061224489795,100445.91836734701
jid_670790,38222.0,526.0,1,527,3065504,3065504,3066032,JobState.COMPLETED,1.0,0,0,0,176.5306122448981,176.53061224489795,93031.6326530613
jid_670795,59199.0,43.0,24,685,3065536,3065536,3066222,JobState.COMPLETED,1.0,0,0,0,176.53061224489787,176.53061224489795,2902163.265306121
jid_667001,14744.0,197.0,27,42236,2803605,3024000,3066237,JobState.COMPLETED,1.0,0,0,0,176.53061224491248,176.53061224489795,201310567.34695533
jid_670797,103.0,468.0,1,3399,3062846,3062846,3066246,JobState.COMPLETED,1.0,0,0,0,176.53061224489696,176.53061224489795,600027.5510204048
jid_667026,14743.0,197.0,27,42703,2803603,3024000,3066704,JobState.COMPLETED,1.0,0,0,0,176.53061224491262,176.53061224489795,203536441.83675158
jid_670807,301.0,549.0,385,787,3066054,3066054,3066842,JobState.COMPLETED,1.0,0,0,0,176.53061224489798,176.53061224489795,53487892.85714286
jid_670818,55973.0,473.0,4,2,3067493,3067493,3067496,JobState.COMPLETED,1.0,0,0,0,176.53061224489795,176.53061224489795,1412.2448979591836
jid_670819,43.999999999992724,554.0,512,274,3067263,3067263,3067538,JobState.COMPLETED,1.0,0,0,0,176.53061224489792,176.53061224489795,24765126.53061224
jid_670820,1267.0,537.0,64,8,3067607,3067607,3067616,JobState.COMPLETED,1.0,0,0,0,176.53061224489795,176.53061224489795,90383.67346938775
jid_670833,41301.0,263.0,4,2275,3065965,3065965,3068241,JobState.COMPLETED,1.0,0,0,0,176.53061224489718,176.53061224489795,1606428.5714285644
jid_670839,59202.0,445.0,1,40,3068428,3068428,3068469,JobState.COMPLETED,1.0,0,0,0,176.53061224489795,176.53061224489795,7061.224489795918
jid_670844,276.0,130.0,1,1,3068770,3068770,3068772,JobState.COMPLETED,1.0,0,0,0,176.53061224489795,176.53061224489795,176.53061224489795
jid_670845,59203.0,562.0,1,0,3068794,3068794,3068794,JobState.COMPLETED,1.0,0,0,0,176.53061224489795,176.53061224489795,0.0
jid_670859,276.0,130.0,1,0,3068875,3068875,3068875,JobState.COMPLETED,1.0,0,0,0,176.53061224489795,176.53061224489795,0.0
jid_670897,276.0,130.0,1,0,3068875,3068875,3068876,JobState.COMPLETED,1.0,0,0,0,176.53061224489795,176.53061224489795,0.0
jid_670876,276.0,130.0,1,0,3068875,3068875,3068875,JobState.COMPLETED,1.0,0,0,0,176.53061224489795,176.53061224489795,0.0
jid_670868,276.0,130.0,1,0,3068876,3068876,3068877,JobState.COMPLETED,1.0,0,0,0,176.53061224489795,176.53061224489795,0.0
jid_670858,276.0,130.0,1,1,3068876,3068876,3068878,JobState.COMPLETED,1.0,0,0,0,176.53061224489795,176.53061224489795,176.53061224489795
jid_670860,276.0,130.0,1,0,3068877,3068877,3068877,JobState.COMPLETED,1.0,0,0,0,176.53061224489795,176.53061224489795,0.0
jid_670945,276.0,130.0,1,0,3068877,3068877,3068878,JobState.COMPLETED,1.0,0,0,0,176.53061224489795,176.53061224489795,0.0
jid_671292,276.0,130.0,1,0,3068878,3068878,3068878,JobState.COMPLETED,1.0,0,0,0,176.53061224489795,176.53061224489795,0.0
jid_670896,276.0,130.0,1,0,3068878,3068878,3068879,JobState.COMPLETED,1.0,0,0,0,176.53061224489795,176.53061224489795,0.0
jid_670892,276.0,130.0,1,0,3068879,3068879,3068880,JobState.COMPLETED,1.0,0,0,0,176.53061224489795,176.53061224489795,0.0
jid_670906,276.0,130.0,1,0,3068881,3068881,3068882,JobState.COMPLETED,1.0,0,0,0,176.53061224489795,176.53061224489795,0.0
jid_670912,276.0,130.0,1,0,3068882,3068882,3068883,JobState.COMPLETED,1.0,0,0,0,176.53061224489795,176.53061224489795,0.0
jid_670902,276.0,130.0,1,1,3068882,3068882,3068884,JobState.COMPLETED,1.0,0,0,0,176.53061224489795,176.53061224489795,176.53061224489795
jid_670926,276.0,130.0,1,0,3068883,3068883,3068884,JobState.COMPLETED,1.0,0,0,0,176.53061224489795,176.53061224489795,0.0
jid_670923,276.0,130.0,1,0,3068883,3068883,3068884,JobState.COMPLETED,1.0,0,0,0,176.53061224489795,176.53061224489795,0.0
jid_671267,276.0,130.0,1,0,3068884,3068884,3068884,JobState.COMPLETED,1.0,0,0,0,176.53061224489795,176.53061224489795,0.0
jid_670924,276.0,130.0,1,0,3068884,3068884,3068884,JobState.COMPLETED,1.0,0,0,0,176.53061224489795,176.53061224489795,0.0
jid_670988,276.0,130.0,1,0,3068884,3068884,3068884,JobState.COMPLETED,1.0,0,0,0,176.53061224489795,176.53061224489795,0.0
jid_670930,276.0,130.0,1,0,3068885,3068885,3068885,JobState.COMPLETED,1.0,0,0,0,176.53061224489795,176.53061224489795,0.0
jid_670927,276.0,130.0,1,1,3068885,3068885,3068887,JobState.COMPLETED,1.0,0,0,0,176.53061224489795,176.53061224489795,176.53061224489795
jid_670938,276.0,130.0,1,0,3068886,3068886,3068886,JobState.COMPLETED,1.0,0,0,0,176.53061224489795,176.53061224489795,0.0
jid_670929,276.0,130.0,1,0,3068886,3068886,3068887,JobState.COMPLETED,1.0,0,0,0,176.53061224489795,176.53061224489795,0.0
jid_670940,276.0,130.0,1,0,3068889,3068889,3068890,JobState.COMPLETED,1.0,0,0,0,176.53061224489795,176.53061224489795,0.0
jid_670948,276.0,130.0,1,0,3068889,3068889,3068890,JobState.COMPLETED,1.0,0,0,0,176.53061224489795,176.53061224489795,0.0
jid_670962,276.0,130.0,1,0,3068891,3068891,3068892,JobState.COMPLETED,1.0,0,0,0,176.53061224489795,176.53061224489795,0.0
jid_671311,276.0,130.0,1,0,3068891,3068891,3068892,JobState.COMPLETED,1.0,0,0,0,176.53061224489795,176.53061224489795,0.0
jid_670977,276.0,130.0,1,0,3068892,3068892,3068893,JobState.COMPLETED,1.0,0,0,0,176.53061224489795,176.53061224489795,0.0
jid_670979,276.0,130.0,1,0,3068893,3068893,3068894,JobState.COMPLETED,1.0,0,0,0,176.53061224489795,176.53061224489795,0.0
jid_671300,276.0,130.0,1,0,3068895,3068895,3068896,JobState.COMPLETED,1.0,0,0,0,176.53061224489795,176.53061224489795,0.0
jid_671006,276.0,130.0,1,0,3068895,3068895,3068896,JobState.COMPLETED,1.0,0,0,0,176.53061224489795,176.53061224489795,0.0
jid_670985,276.0,130.0,1,0,3068896,3068896,3068897,JobState.COMPLETED,1.0,0,0,0,176.53061224489795,176.53061224489795,0.0
jid_670990,276.0,130.0,1,0,3068897,3068897,3068898,JobState.COMPLETED,1.0,0,0,0,176.53061224489795,176.53061224489795,0.0
jid_671000,276.0,130.0,1,0,3068899,3068899,3068899,JobState.COMPLETED,1.0,0,0,0,176.53061224489795,176.53061224489795,0.0
jid_671010,276.0,130.0,1,0,3068899,3068899,3068899,JobState.COMPLETED,1.0,0,0,0,176.53061224489795,176.53061224489795,0.0
jid_671376,276.0,130.0,1,0,3068900,3068900,3068901,JobState.COMPLETED,1.0,0,0,0,176.53061224489795,176.53061224489795,0.0
jid_671011,276.0,130.0,1,0,3068900,3068900,3068901,JobState.COMPLETED,1.0,0,0,0,176.53061224489795,176.53061224489795,0.0
jid_671007,276.0,130.0,1,0,3068903,3068903,3068903,JobState.COMPLETED,1.0,0,0,0,176.53061224489795,176.53061224489795,0.0
jid_671045,276.0,130.0,1,0,3068903,3068903,3068904,JobState.COMPLETED,1.0,0,0,0,176.53061224489795,176.53061224489795,0.0
jid_671019,276.0,130.0,1,0,3068904,3068904,3068904,JobState.COMPLETED,1.0,0,0,0,176.53061224489795,176.53061224489795,0.0
jid_671014,276.0,130.0,1,0,3068904,3068904,3068905,JobState.COMPLETED,1.0,0,0,0,176.53061224489795,176.53061224489795,0.0
jid_671022,276.0,130.0,1,0,3068905,3068905,3068906,JobState.COMPLETED,1.0,0,0,0,176.53061224489795,176.53061224489795,0.0
jid_671016,276.0,130.0,1,0,3068906,3068906,3068907,JobState.COMPLETED,1.0,0,0,0,176.53061224489795,176.53061224489795,0.0
jid_671041,276.0,130.0,1,0,3068908,3068908,3068909,JobState.COMPLETED,1.0,0,0,0,176.53061224489795,176.53061224489795,0.0
jid_671031,276.0,130.0,1,0,3068909,3068909,3068910,JobState.COMPLETED,1.0,0,0,0,176.53061224489795,176.53061224489795,0.0
jid_671052,276.0,130.0,1,0,3068909,3068909,3068910,JobState.COMPLETED,1.0,0,0,0,176.53061224489795,176.53061224489795,0.0
jid_671093,276.0,130.0,1,0,3068910,3068910,3068910,JobState.COMPLETED,1.0,0,0,0,176.53061224489795,176.53061224489795,0.0
jid_671053,276.0,130.0,1,0,3068910,3068910,3068911,JobState.COMPLETED,1.0,0,0,0,176.53061224489795,176.53061224489795,0.0
jid_671072,276.0,130.0,1,0,3068910,3068910,3068911,JobState.COMPLETED,1.0,0,0,0,176.53061224489795,176.53061224489795,0.0
jid_671076,276.0,130.0,1,0,3068911,3068911,3068912,JobState.COMPLETED,1.0,0,0,0,176.53061224489795,176.53061224489795,0.0
jid_671058,276.0,130.0,1,0,3068914,3068914,3068915,JobState.COMPLETED,1.0,0,0,0,176.53061224489795,176.53061224489795,0.0
jid_671059,276.0,130.0,1,0,3068915,3068915,3068916,JobState.COMPLETED,1.0,0,0,0,176.53061224489795,176.53061224489795,0.0
jid_671074,276.0,130.0,1,0,3068916,3068916,3068917,JobState.COMPLETED,1.0,0,0,0,176.53061224489795,176.53061224489795,0.0
jid_671088,276.0,130.0,1,0,3068918,3068918,3068919,JobState.COMPLETED,1.0,0,0,0,176.53061224489795,176.53061224489795,0.0
jid_671094,276.0,130.0,1,0,3068919,3068919,3068920,JobState.COMPLETED,1.0,0,0,0,176.53061224489795,176.53061224489795,0.0
jid_671111,276.0,130.0,1,0,3068919,3068919,3068919,JobState.COMPLETED,1.0,0,0,0,176.53061224489795,176.53061224489795,0.0
jid_671075,276.0,130.0,1,0,3068920,3068920,3068920,JobState.COMPLETED,1.0,0,0,0,176.53061224489795,176.53061224489795,0.0
jid_671087,276.0,130.0,1,0,3068920,3068920,3068921,JobState.COMPLETED,1.0,0,0,0,176.53061224489795,176.53061224489795,0.0
jid_671091,276.0,130.0,1,0,3068921,3068921,3068922,JobState.COMPLETED,1.0,0,0,0,176.53061224489795,176.53061224489795,0.0
jid_671105,276.0,130.0,1,0,3068921,3068921,3068922,JobState.COMPLETED,1.0,0,0,0,176.53061224489795,176.53061224489795,0.0
jid_671153,276.0,130.0,1,0,3068925,3068925,3068926,JobState.COMPLETED,1.0,0,0,0,176.53061224489795,176.53061224489795,0.0
jid_671098,59203.0,562.0,1,0,3068925,3068925,3068926,JobState.COMPLETED,1.0,0,0,0,176.53061224489795,176.53061224489795,0.0
jid_671099,276.0,130.0,1,0,3068926,3068926,3068927,JobState.COMPLETED,1.0,0,0,0,176.53061224489795,176.53061224489795,0.0
jid_671254,276.0,130.0,1,0,3068930,3068930,3068931,JobState.COMPLETED,1.0,0,0,0,176.53061224489795,176.53061224489795,0.0
jid_671140,276.0,130.0,1,0,3068932,3068932,3068932,JobState.COMPLETED,1.0,0,0,0,176.53061224489795,176.53061224489795,0.0
jid_671166,276.0,130.0,1,0,3068934,3068934,3068935,JobState.COMPLETED,1.0,0,0,0,176.53061224489795,176.53061224489795,0.0
jid_671173,276.0,130.0,1,0,3068936,3068936,3068937,JobState.COMPLETED,1.0,0,0,0,176.53061224489795,176.53061224489795,0.0
jid_671170,276.0,130.0,1,0,3068936,3068936,3068937,JobState.COMPLETED,1.0,0,0,0,176.53061224489795,176.53061224489795,0.0
jid_671174,276.0,130.0,1,0,3068938,3068938,3068938,JobState.COMPLETED,1.0,0,0,0,176.53061224489795,176.53061224489795,0.0
jid_671248,276.0,130.0,1,0,3068938,3068938,3068939,JobState.COMPLETED,1.0,0,0,0,176.53061224489795,176.53061224489795,0.0
jid_671154,276.0,130.0,1,0,3068938,3068938,3068938,JobState.COMPLETED,1.0,0,0,0,176.53061224489795,176.53061224489795,0.0
jid_671156,276.0,130.0,1,0,3068938,3068938,3068939,JobState.COMPLETED,1.0,0,0,0,176.53061224489795,176.53061224489795,0.0
jid_671185,276.0,130.0,1,0,3068940,3068940,3068941,JobState.COMPLETED,1.0,0,0,0,176.53061224489795,176.53061224489795,0.0
jid_671181,276.0,130.0,1,0,3068940,3068940,3068940,JobState.COMPLETED,1.0,0,0,0,176.53061224489795,176.53061224489795,0.0
jid_671188,276.0,130.0,1,0,3068941,3068941,3068941,JobState.COMPLETED,1.0,0,0,0,176.53061224489795,176.53061224489795,0.0
jid_671184,276.0,130.0,1,0,3068943,3068943,3068944,JobState.COMPLETED,1.0,0,0,0,176.53061224489795,176.53061224489795,0.0
jid_671532,276.0,130.0,1,0,3068943,3068943,3068943,JobState.COMPLETED,1.0,0,0,0,176.53061224489795,176.53061224489795,0.0
jid_671203,276.0,130.0,1,0,3068943,3068943,3068944,JobState.COMPLETED,1.0,0,0,0,176.53061224489795,176.53061224489795,0.0
jid_671219,276.0,130.0,1,0,3068945,3068945,3068946,JobState.COMPLETED,1.0,0,0,0,176.53061224489795,176.53061224489795,0.0
jid_671195,276.0,130.0,1,0,3068945,3068945,3068945,JobState.COMPLETED,1.0,0,0,0,176.53061224489795,176.53061224489795,0.0
jid_671215,276.0,130.0,1,0,3068946,3068946,3068947,JobState.COMPLETED,1.0,0,0,0,176.53061224489795,176.53061224489795,0.0
jid_671230,276.0,130.0,1,0,3068947,3068947,3068948,JobState.COMPLETED,1.0,0,0,0,176.53061224489795,176.53061224489795,0.0
jid_671224,276.0,130.0,1,0,3068949,3068949,3068949,JobState.COMPLETED,1.0,0,0,0,176.53061224489795,176.53061224489795,0.0
jid_671223,276.0,130.0,1,0,3068949,3068949,3068950,JobState.COMPLETED,1.0,0,0,0,176.53061224489795,176.53061224489795,0.0
jid_671246,276.0,130.0,1,0,3068952,3068952,3068953,JobState.COMPLETED,1.0,0,0,0,176.53061224489795,176.53061224489795,0.0
jid_671253,276.0,130.0,1,0,3068952,3068952,3068952,JobState.COMPLETED,1.0,0,0,0,176.53061224489795,176.53061224489795,0.0
jid_671658,276.0,130.0,1,0,3068952,3068952,3068953,JobState.COMPLETED,1.0,0,0,0,176.53061224489795,176.53061224489795,0.0
jid_671262,276.0,130.0,1,0,3068954,3068954,3068955,JobState.COMPLETED,1.0,0,0,0,176.53061224489795,176.53061224489795,0.0
jid_671266,276.0,130.0,1,0,3068955,3068955,3068956,JobState.COMPLETED,1.0,0,0,0,176.53061224489795,176.53061224489795,0.0
jid_671275,276.0,130.0,1,0,3068955,3068955,3068955,JobState.COMPLETED,1.0,0,0,0,176.53061224489795,176.53061224489795,0.0
jid_671259,276.0,130.0,1,0,3068956,3068956,3068957,JobState.COMPLETED,1.0,0,0,0,176.53061224489795,176.53061224489795,0.0
jid_671719,276.0,130.0,1,0,3068957,3068957,3068958,JobState.COMPLETED,1.0,0,0,0,176.53061224489795,176.53061224489795,0.0
jid_671276,276.0,130.0,1,0,3068959,3068959,3068959,JobState.COMPLETED,1.0,0,0,0,176.53061224489795,176.53061224489795,0.0
jid_671296,276.0,130.0,1,0,3068959,3068959,3068960,JobState.COMPLETED,1.0,0,0,0,176.53061224489795,176.53061224489795,0.0
jid_671709,276.0,130.0,1,0,3068962,3068962,3068962,JobState.COMPLETED,1.0,0,0,0,176.53061224489795,176.53061224489795,0.0
jid_671320,276.0,130.0,1,0,3068962,3068962,3068963,JobState.COMPLETED,1.0,0,0,0,176.53061224489795,176.53061224489795,0.0
jid_671297,276.0,130.0,1,0,3068963,3068963,3068964,JobState.COMPLETED,1.0,0,0,0,176.53061224489795,176.53061224489795,0.0
jid_671325,276.0,130.0,1,0,3068964,3068964,3068965,JobState.COMPLETED,1.0,0,0,0,176.53061224489795,176.53061224489795,0.0
jid_671357,276.0,130.0,1,0,3068964,3068964,3068965,JobState.COMPLETED,1.0,0,0,0,176.53061224489795,176.53061224489795,0.0
jid_671312,276.0,130.0,1,0,3068965,3068965,3068966,JobState.COMPLETED,1.0,0,0,0,176.53061224489795,176.53061224489795,0.0
jid_671327,276.0,130.0,1,0,3068966,3068966,3068967,JobState.COMPLETED,1.0,0,0,0,176.53061224489795,176.53061224489795,0.0
jid_671315,276.0,130.0,1,0,3068966,3068966,3068967,JobState.COMPLETED,1.0,0,0,0,176.53061224489795,176.53061224489795,0.0
jid_671364,276.0,130.0,1,0,3068966,3068966,3068966,JobState.COMPLETED,1.0,0,0,0,176.53061224489795,176.53061224489795,0.0
jid_671361,276.0,130.0,1,0,3068968,3068968,3068968,JobState.COMPLETED,1.0,0,0,0,176.53061224489795,176.53061224489795,0.0
jid_671338,276.0,130.0,1,0,3068969,3068969,3068970,JobState.COMPLETED,1.0,0,0,0,176.53061224489795,176.53061224489795,0.0
jid_671350,276.0,130.0,1,0,3068971,3068971,3068972,JobState.COMPLETED,1.0,0,0,0,176.53061224489795,176.53061224489795,0.0
jid_671349,276.0,130.0,1,0,3068972,3068972,3068973,JobState.COMPLETED,1.0,0,0,0,176.53061224489795,176.53061224489795,0.0
jid_671342,276.0,130.0,1,0,3068972,3068972,3068972,JobState.COMPLETED,1.0,0,0,0,176.53061224489795,176.53061224489795,0.0
jid_671425,276.0,130.0,1,0,3068974,3068974,3068975,JobState.COMPLETED,1.0,0,0,0,176.53061224489795,176.53061224489795,0.0
jid_671358,276.0,130.0,1,0,3068975,3068975,3068976,JobState.COMPLETED,1.0,0,0,0,176.53061224489795,176.53061224489795,0.0
jid_671372,276.0,130.0,1,0,3068975,3068975,3068975,JobState.COMPLETED,1.0,0,0,0,176.53061224489795,176.53061224489795,0.0
jid_671382,276.0,130.0,1,0,3068976,3068976,3068977,JobState.COMPLETED,1.0,0,0,0,176.53061224489795,176.53061224489795,0.0
jid_671388,276.0,130.0,1,0,3068978,3068978,3068978,JobState.COMPLETED,1.0,0,0,0,176.53061224489795,176.53061224489795,0.0
jid_671387,276.0,130.0,1,0,3068979,3068979,3068980,JobState.COMPLETED,1.0,0,0,0,176.53061224489795,176.53061224489795,0.0
jid_671380,276.0,130.0,1,0,3068980,3068980,3068980,JobState.COMPLETED,1.0,0,0,0,176.53061224489795,176.53061224489795,0.0
jid_671404,276.0,130.0,1,0,3068981,3068981,3068981,JobState.COMPLETED,1.0,0,0,0,176.53061224489795,176.53061224489795,0.0
jid_671390,276.0,130.0,1,0,3068982,3068982,3068982,JobState.COMPLETED,1.0,0,0,0,176.53061224489795,176.53061224489795,0.0
jid_671455,276.0,130.0,1,0,3068982,3068982,3068982,JobState.COMPLETED,1.0,0,0,0,176.53061224489795,176.53061224489795,0.0
jid_671392,276.0,130.0,1,0,3068982,3068982,3068982,JobState.COMPLETED,1.0,0,0,0,176.53061224489795,176.53061224489795,0.0
jid_671402,276.0,130.0,1,0,3068983,3068983,3068984,JobState.COMPLETED,1.0,0,0,0,176.53061224489795,176.53061224489795,0.0
jid_671444,276.0,130.0,1,0,3068983,3068983,3068984,JobState.COMPLETED,1.0,0,0,0,176.53061224489795,176.53061224489795,0.0
jid_671427,276.0,130.0,1,0,3068985,3068985,3068985,JobState.COMPLETED,1.0,0,0,0,176.53061224489795,176.53061224489795,0.0
jid_671415,276.0,130.0,1,0,3068985,3068985,3068986,JobState.COMPLETED,1.0,0,0,0,176.53061224489795,176.53061224489795,0.0
jid_671446,276.0,130.0,1,0,3068987,3068987,3068988,JobState.COMPLETED,1.0,0,0,0,176.53061224489795,176.53061224489795,0.0
jid_671421,276.0,130.0,1,0,3068988,3068988,3068988,JobState.COMPLETED,1.0,0,0,0,176.53061224489795,176.53061224489795,0.0
jid_671475,276.0,130.0,1,0,3068989,3068989,3068990,JobState.COMPLETED,1.0,0,0,0,176.53061224489795,176.53061224489795,0.0
jid_671472,276.0,130.0,1,0,3068989,3068989,3068990,JobState.COMPLETED,1.0,0,0,0,176.53061224489795,176.53061224489795,0.0
jid_671474,276.0,130.0,1,0,3068993,3068993,3068993,JobState.COMPLETED,1.0,0,0,0,176.53061224489795,176.53061224489795,0.0
jid_671466,276.0,130.0,1,0,3068994,3068994,3068994,JobState.COMPLETED,1.0,0,0,0,176.53061224489795,176.53061224489795,0.0
jid_671490,276.0,130.0,1,0,3068996,3068996,3068997,JobState.COMPLETED,1.0,0,0,0,176.53061224489795,176.53061224489795,0.0
jid_671506,276.0,130.0,1,0,3068997,3068997,3068998,JobState.COMPLETED,1.0,0,0,0,176.53061224489795,176.53061224489795,0.0
jid_671478,276.0,130.0,1,0,3068997,3068997,3068997,JobState.COMPLETED,1.0,0,0,0,176.53061224489795,176.53061224489795,0.0
jid_671480,276.0,130.0,1,0,3068998,3068998,3068998,JobState.COMPLETED,1.0,0,0,0,176.53061224489795,176.53061224489795,0.0
jid_671540,276.0,130.0,1,0,3068999,3068999,3069000,JobState.COMPLETED,1.0,0,0,0,176.53061224489795,176.53061224489795,0.0
jid_671497,276.0,130.0,1,0,3069000,3069000,3069001,JobState.COMPLETED,1.0,0,0,0,176.53061224489795,176.53061224489795,0.0
jid_671528,276.0,130.0,1,0,3069000,3069000,3069001,JobState.COMPLETED,1.0,0,0,0,176.53061224489795,176.53061224489795,0.0
jid_671494,276.0,130.0,1,0,3069000,3069000,3069001,JobState.COMPLETED,1.0,0,0,0,176.53061224489795,176.53061224489795,0.0
jid_671498,276.0,130.0,1,0,3069000,3069000,3069000,JobState.COMPLETED,1.0,0,0,0,176.53061224489795,176.53061224489795,0.0
jid_671511,276.0,130.0,1,0,3069002,3069002,3069002,JobState.COMPLETED,1.0,0,0,0,176.53061224489795,176.53061224489795,0.0
jid_671520,276.0,130.0,1,0,3069006,3069006,3069006,JobState.COMPLETED,1.0,0,0,0,176.53061224489795,176.53061224489795,0.0
jid_671535,276.0,130.0,1,0,3069006,3069006,3069006,JobState.COMPLETED,1.0,0,0,0,176.53061224489795,176.53061224489795,0.0
jid_671926,276.0,130.0,1,0,3069008,3069008,3069009,JobState.COMPLETED,1.0,0,0,0,176.53061224489795,176.53061224489795,0.0
jid_671583,276.0,130.0,1,0,3069009,3069009,3069009,JobState.COMPLETED,1.0,0,0,0,176.53061224489795,176.53061224489795,0.0
jid_671545,276.0,130.0,1,0,3069011,3069011,3069012,JobState.COMPLETED,1.0,0,0,0,176.53061224489795,176.53061224489795,0.0
jid_671560,276.0,130.0,1,0,3069011,3069011,3069012,JobState.COMPLETED,1.0,0,0,0,176.53061224489795,176.53061224489795,0.0
jid_671552,276.0,130.0,1,0,3069011,3069011,3069011,JobState.COMPLETED,1.0,0,0,0,176.53061224489795,176.53061224489795,0.0
jid_671537,276.0,130.0,1,0,3069012,3069012,3069012,JobState.COMPLETED,1.0,0,0,0,176.53061224489795,176.53061224489795,0.0
jid_671598,276.0,130.0,1,0,3069015,3069015,3069015,JobState.COMPLETED,1.0,0,0,0,176.53061224489795,176.53061224489795,0.0
jid_671589,276.0,130.0,1,0,3069016,3069016,3069016,JobState.COMPLETED,1.0,0,0,0,176.53061224489795,176.53061224489795,0.0
jid_671561,276.0,130.0,1,0,3069016,3069016,3069017,JobState.COMPLETED,1.0,0,0,0,176.53061224489795,176.53061224489795,0.0
jid_671578,276.0,130.0,1,0,3069016,3069016,3069017,JobState.COMPLETED,1.0,0,0,0,176.53061224489795,176.53061224489795,0.0
jid_671572,276.0,130.0,1,0,3069017,3069017,3069018,JobState.COMPLETED,1.0,0,0,0,176.53061224489795,176.53061224489795,0.0
jid_671616,276.0,130.0,1,0,3069017,3069017,3069018,JobState.COMPLETED,1.0,0,0,0,176.53061224489795,176.53061224489795,0.0
jid_671563,276.0,130.0,1,0,3069017,3069017,3069017,JobState.COMPLETED,1.0,0,0,0,176.53061224489795,176.53061224489795,0.0
jid_671585,276.0,130.0,1,0,3069018,3069018,3069019,JobState.COMPLETED,1.0,0,0,0,176.53061224489795,176.53061224489795,0.0
jid_671641,276.0,130.0,1,0,3069018,3069018,3069019,JobState.COMPLETED,1.0,0,0,0,176.53061224489795,176.53061224489795,0.0
jid_671602,276.0,130.0,1,0,3069019,3069019,3069020,JobState.COMPLETED,1.0,0,0,0,176.53061224489795,176.53061224489795,0.0
jid_671649,276.0,130.0,1,0,3069021,3069021,3069022,JobState.COMPLETED,1.0,0,0,0,176.53061224489795,176.53061224489795,0.0
jid_671622,276.0,130.0,1,0,3069023,3069023,3069023,JobState.COMPLETED,1.0,0,0,0,176.53061224489795,176.53061224489795,0.0
jid_671618,276.0,130.0,1,0,3069023,3069023,3069024,JobState.COMPLETED,1.0,0,0,0,176.53061224489795,176.53061224489795,0.0
jid_671604,276.0,130.0,1,0,3069023,3069023,3069024,JobState.COMPLETED,1.0,0,0,0,176.53061224489795,176.53061224489795,0.0
jid_671654,276.0,130.0,1,0,3069024,3069024,3069025,JobState.COMPLETED,1.0,0,0,0,176.53061224489795,176.53061224489795,0.0
jid_671677,276.0,130.0,1,0,3069027,3069027,3069028,JobState.COMPLETED,1.0,0,0,0,176.53061224489795,176.53061224489795,0.0
jid_671661,276.0,130.0,1,0,3069028,3069028,3069028,JobState.COMPLETED,1.0,0,0,0,176.53061224489795,176.53061224489795,0.0
jid_671670,276.0,130.0,1,0,3069032,3069032,3069033,JobState.COMPLETED,1.0,0,0,0,176.53061224489795,176.53061224489795,0.0
jid_671713,276.0,130.0,1,0,3069034,3069034,3069035,JobState.COMPLETED,1.0,0,0,0,176.53061224489795,176.53061224489795,0.0
jid_671676,276.0,130.0,1,0,3069034,3069034,3069034,JobState.COMPLETED,1.0,0,0,0,176.53061224489795,176.53061224489795,0.0
jid_671693,276.0,130.0,1,0,3069035,3069035,3069036,JobState.COMPLETED,1.0,0,0,0,176.53061224489795,176.53061224489795,0.0
jid_671800,276.0,130.0,1,0,3069035,3069035,3069036,JobState.COMPLETED,1.0,0,0,0,176.53061224489795,176.53061224489795,0.0
jid_671692,276.0,130.0,1,0,3069035,3069035,3069036,JobState.COMPLETED,1.0,0,0,0,176.53061224489795,176.53061224489795,0.0
jid_671699,276.0,130.0,1,0,3069036,3069036,3069037,JobState.COMPLETED,1.0,0,0,0,176.53061224489795,176.53061224489795,0.0
jid_671704,276.0,130.0,1,0,3069037,3069037,3069038,JobState.COMPLETED,1.0,0,0,0,176.53061224489795,176.53061224489795,0.0
jid_671707,276.0,130.0,1,0,3069038,3069038,3069039,JobState.COMPLETED,1.0,0,0,0,176.53061224489795,176.53061224489795,0.0
jid_671720,276.0,130.0,1,0,3069040,3069040,3069041,JobState.COMPLETED,1.0,0,0,0,176.53061224489795,176.53061224489795,0.0
jid_671744,276.0,130.0,1,0,3069041,3069041,3069041,JobState.COMPLETED,1.0,0,0,0,176.53061224489795,176.53061224489795,0.0
jid_672081,276.0,130.0,1,0,3069041,3069041,3069041,JobState.COMPLETED,1.0,0,0,0,176.53061224489795,176.53061224489795,0.0
jid_671918,276.0,130.0,1,0,3069044,3069044,3069045,JobState.COMPLETED,1.0,0,0,0,176.53061224489795,176.53061224489795,0.0
jid_671738,276.0,130.0,1,0,3069045,3069045,3069045,JobState.COMPLETED,1.0,0,0,0,176.53061224489795,176.53061224489795,0.0
jid_671739,276.0,130.0,1,0,3069046,3069046,3069046,JobState.COMPLETED,1.0,0,0,0,176.53061224489795,176.53061224489795,0.0
jid_671747,276.0,130.0,1,0,3069047,3069047,3069047,JobState.COMPLETED,1.0,0,0,0,176.53061224489795,176.53061224489795,0.0
jid_671743,276.0,130.0,1,0,3069048,3069048,3069048,JobState.COMPLETED,1.0,0,0,0,176.53061224489795,176.53061224489795,0.0
jid_671777,276.0,130.0,1,0,3069048,3069048,3069048,JobState.COMPLETED,1.0,0,0,0,176.53061224489795,176.53061224489795,0.0
jid_671794,276.0,130.0,1,0,3069049,3069049,3069050,JobState.COMPLETED,1.0,0,0,0,176.53061224489795,176.53061224489795,0.0
jid_671790,276.0,130.0,1,0,3069052,3069052,3069052,JobState.COMPLETED,1.0,0,0,0,176.53061224489795,176.53061224489795,0.0
jid_671804,276.0,130.0,1,0,3069053,3069053,3069053,JobState.COMPLETED,1.0,0,0,0,176.53061224489795,176.53061224489795,0.0
jid_671832,276.0,130.0,1,0,3069053,3069053,3069054,JobState.COMPLETED,1.0,0,0,0,176.53061224489795,176.53061224489795,0.0
jid_672191,276.0,130.0,1,0,3069054,3069054,3069055,JobState.COMPLETED,1.0,0,0,0,176.53061224489795,176.53061224489795,0.0
jid_671781,276.0,130.0,1,0,3069057,3069057,3069057,JobState.COMPLETED,1.0,0,0,0,176.53061224489795,176.53061224489795,0.0
jid_671793,276.0,130.0,1,0,3069057,3069057,3069057,JobState.COMPLETED,1.0,0,0,0,176.53061224489795,176.53061224489795,0.0
jid_671791,276.0,130.0,1,0,3069058,3069058,3069058,JobState.COMPLETED,1.0,0,0,0,176.53061224489795,176.53061224489795,0.0
jid_671787,276.0,130.0,1,0,3069058,3069058,3069058,JobState.COMPLETED,1.0,0,0,0,176.53061224489795,176.53061224489795,0.0
jid_671795,276.0,130.0,1,0,3069059,3069059,3069060,JobState.COMPLETED,1.0,0,0,0,176.53061224489795,176.53061224489795,0.0
jid_671827,276.0,130.0,1,0,3069060,3069060,3069061,JobState.COMPLETED,1.0,0,0,0,176.53061224489795,176.53061224489795,0.0
jid_671818,276.0,130.0,1,0,3069062,3069062,3069062,JobState.COMPLETED,1.0,0,0,0,176.53061224489795,176.53061224489795,0.0
jid_671845,276.0,130.0,1,0,3069063,3069063,3069063,JobState.COMPLETED,1.0,0,0,0,176.53061224489795,176.53061224489795,0.0
jid_671841,276.0,130.0,1,0,3069064,3069064,3069065,JobState.COMPLETED,1.0,0,0,0,176.53061224489795,176.53061224489795,0.0
jid_671857,276.0,130.0,1,0,3069065,3069065,3069065,JobState.COMPLETED,1.0,0,0,0,176.53061224489795,176.53061224489795,0.0
jid_671848,276.0,130.0,1,0,3069065,3069065,3069066,JobState.COMPLETED,1.0,0,0,0,176.53061224489795,176.53061224489795,0.0
jid_671847,276.0,130.0,1,0,3069066,3069066,3069066,JobState.COMPLETED,1.0,0,0,0,176.53061224489795,176.53061224489795,0.0
jid_671840,276.0,130.0,1,0,3069067,3069067,3069067,JobState.COMPLETED,1.0,0,0,0,176.53061224489795,176.53061224489795,0.0
jid_671875,276.0,130.0,1,0,3069067,3069067,3069068,JobState.COMPLETED,1.0,0,0,0,176.53061224489795,176.53061224489795,0.0
jid_671852,276.0,130.0,1,0,3069068,3069068,3069068,JobState.COMPLETED,1.0,0,0,0,176.53061224489795,176.53061224489795,0.0
jid_671861,276.0,130.0,1,0,3069069,3069069,3069070,JobState.COMPLETED,1.0,0,0,0,176.53061224489795,176.53061224489795,0.0
jid_671870,276.0,130.0,1,0,3069069,3069069,3069070,JobState.COMPLETED,1.0,0,0,0,176.53061224489795,176.53061224489795,0.0
jid_671859,276.0,130.0,1,0,3069070,3069070,3069070,JobState.COMPLETED,1.0,0,0,0,176.53061224489795,176.53061224489795,0.0
jid_671869,276.0,130.0,1,0,3069071,3069071,3069072,JobState.COMPLETED,1.0,0,0,0,176.53061224489795,176.53061224489795,0.0
jid_671884,276.0,130.0,1,0,3069073,3069073,3069073,JobState.COMPLETED,1.0,0,0,0,176.53061224489795,176.53061224489795,0.0
jid_671908,276.0,130.0,1,0,3069074,3069074,3069075,JobState.COMPLETED,1.0,0,0,0,176.53061224489795,176.53061224489795,0.0
jid_671905,276.0,130.0,1,0,3069075,3069075,3069075,JobState.COMPLETED,1.0,0,0,0,176.53061224489795,176.53061224489795,0.0
jid_672280,276.0,130.0,1,0,3069077,3069077,3069077,JobState.COMPLETED,1.0,0,0,0,176.53061224489795,176.53061224489795,0.0
jid_671924,276.0,130.0,1,0,3069078,3069078,3069079,JobState.COMPLETED,1.0,0,0,0,176.53061224489795,176.53061224489795,0.0
jid_671910,276.0,130.0,1,0,3069079,3069079,3069080,JobState.COMPLETED,1.0,0,0,0,176.53061224489795,176.53061224489795,0.0
jid_671932,276.0,130.0,1,0,3069080,3069080,3069081,JobState.COMPLETED,1.0,0,0,0,176.53061224489795,176.53061224489795,0.0
jid_671909,276.0,130.0,1,0,3069080,3069080,3069080,JobState.COMPLETED,1.0,0,0,0,176.53061224489795,176.53061224489795,0.0
jid_671961,276.0,130.0,1,0,3069082,3069082,3069082,JobState.COMPLETED,1.0,0,0,0,176.53061224489795,176.53061224489795,0.0
jid_671940,276.0,130.0,1,0,3069083,3069083,3069083,JobState.COMPLETED,1.0,0,0,0,176.53061224489795,176.53061224489795,0.0
jid_671959,276.0,130.0,1,0,3069084,3069084,3069084,JobState.COMPLETED,1.0,0,0,0,176.53061224489795,176.53061224489795,0.0
jid_671946,276.0,130.0,1,0,3069086,3069086,3069087,JobState.COMPLETED,1.0,0,0,0,176.53061224489795,176.53061224489795,0.0
jid_671948,276.0,130.0,1,0,3069089,3069089,3069090,JobState.COMPLETED,1.0,0,0,0,176.53061224489795,176.53061224489795,0.0
jid_671949,276.0,130.0,1,0,3069089,3069089,3069090,JobState.COMPLETED,1.0,0,0,0,176.53061224489795,176.53061224489795,0.0
jid_671952,276.0,130.0,1,0,3069090,3069090,3069090,JobState.COMPLETED,1.0,0,0,0,176.53061224489795,176.53061224489795,0.0
jid_671984,276.0,130.0,1,0,3069091,3069091,3069092,JobState.COMPLETED,1.0,0,0,0,176.53061224489795,176.53061224489795,0.0
jid_672386,276.0,130.0,1,0,3069091,3069091,3069092,JobState.COMPLETED,1.0,0,0,0,176.53061224489795,176.53061224489795,0.0
jid_671963,276.0,130.0,1,0,3069091,3069091,3069092,JobState.COMPLETED,1.0,0,0,0,176.53061224489795,176.53061224489795,0.0
jid_671986,276.0,130.0,1,0,3069093,3069093,3069093,JobState.COMPLETED,1.0,0,0,0,176.53061224489795,176.53061224489795,0.0
jid_672064,276.0,130.0,1,0,3069093,3069093,3069093,JobState.COMPLETED,1.0,0,0,0,176.53061224489795,176.53061224489795,0.0
jid_671971,276.0,130.0,1,0,3069094,3069094,3069094,JobState.COMPLETED,1.0,0,0,0,176.53061224489795,176.53061224489795,0.0
jid_671990,276.0,130.0,1,0,3069095,3069095,3069096,JobState.COMPLETED,1.0,0,0,0,176.53061224489795,176.53061224489795,0.0
jid_671993,276.0,130.0,1,0,3069096,3069096,3069097,JobState.COMPLETED,1.0,0,0,0,176.53061224489795,176.53061224489795,0.0
jid_672028,276.0,130.0,1,0,3069096,3069096,3069097,JobState.COMPLETED,1.0,0,0,0,176.53061224489795,176.53061224489795,0.0
jid_672016,276.0,130.0,1,0,3069097,3069097,3069098,JobState.COMPLETED,1.0,0,0,0,176.53061224489795,176.53061224489795,0.0
jid_672015,276.0,130.0,1,0,3069099,3069099,3069100,JobState.COMPLETED,1.0,0,0,0,176.53061224489795,176.53061224489795,0.0
jid_672022,276.0,130.0,1,0,3069100,3069100,3069101,JobState.COMPLETED,1.0,0,0,0,176.53061224489795,176.53061224489795,0.0
jid_672048,276.0,130.0,1,0,3069103,3069103,3069104,JobState.COMPLETED,1.0,0,0,0,176.53061224489795,176.53061224489795,0.0
jid_672043,276.0,130.0,1,0,3069105,3069105,3069106,JobState.COMPLETED,1.0,0,0,0,176.53061224489795,176.53061224489795,0.0
jid_672045,276.0,130.0,1,0,3069105,3069105,3069106,JobState.COMPLETED,1.0,0,0,0,176.53061224489795,176.53061224489795,0.0
jid_672039,276.0,130.0,1,0,3069106,3069106,3069107,JobState.COMPLETED,1.0,0,0,0,176.53061224489795,176.53061224489795,0.0
jid_672075,276.0,130.0,1,0,3069108,3069108,3069109,JobState.COMPLETED,1.0,0,0,0,176.53061224489795,176.53061224489795,0.0
jid_672055,276.0,130.0,1,0,3069108,3069108,3069109,JobState.COMPLETED,1.0,0,0,0,176.53061224489795,176.53061224489795,0.0
jid_672057,276.0,130.0,1,0,3069109,3069109,3069110,JobState.COMPLETED,1.0,0,0,0,176.53061224489795,176.53061224489795,0.0
jid_672056,276.0,130.0,1,0,3069109,3069109,3069110,JobState.COMPLETED,1.0,0,0,0,176.53061224489795,176.53061224489795,0.0
jid_672068,276.0,130.0,1,0,3069112,3069112,3069113,JobState.COMPLETED,1.0,0,0,0,176.53061224489795,176.53061224489795,0.0
jid_672084,276.0,130.0,1,0,3069112,3069112,3069112,JobState.COMPLETED,1.0,0,0,0,176.53061224489795,176.53061224489795,0.0
jid_672100,276.0,130.0,1,0,3069112,3069112,3069113,JobState.COMPLETED,1.0,0,0,0,176.53061224489795,176.53061224489795,0.0
jid_672088,276.0,130.0,1,0,3069115,3069115,3069116,JobState.COMPLETED,1.0,0,0,0,176.53061224489795,176.53061224489795,0.0
jid_672079,276.0,130.0,1,0,3069115,3069115,3069116,JobState.COMPLETED,1.0,0,0,0,176.53061224489795,176.53061224489795,0.0
jid_672111,276.0,130.0,1,0,3069115,3069115,3069116,JobState.COMPLETED,1.0,0,0,0,176.53061224489795,176.53061224489795,0.0
jid_672124,276.0,130.0,1,0,3069121,3069121,3069121,JobState.COMPLETED,1.0,0,0,0,176.53061224489795,176.53061224489795,0.0
jid_672138,276.0,130.0,1,0,3069121,3069121,3069122,JobState.COMPLETED,1.0,0,0,0,176.53061224489795,176.53061224489795,0.0
jid_672140,276.0,130.0,1,0,3069122,3069122,3069122,JobState.COMPLETED,1.0,0,0,0,176.53061224489795,176.53061224489795,0.0
jid_672137,276.0,130.0,1,0,3069123,3069123,3069123,JobState.COMPLETED,1.0,0,0,0,176.53061224489795,176.53061224489795,0.0
jid_672134,276.0,130.0,1,0,3069123,3069123,3069124,JobState.COMPLETED,1.0,0,0,0,176.53061224489795,176.53061224489795,0.0
jid_672144,276.0,130.0,1,0,3069124,3069124,3069125,JobState.COMPLETED,1.0,0,0,0,176.53061224489795,176.53061224489795,0.0
jid_672143,276.0,130.0,1,0,3069124,3069124,3069125,JobState.COMPLETED,1.0,0,0,0,176.53061224489795,176.53061224489795,0.0
jid_672168,276.0,130.0,1,0,3069125,3069125,3069126,JobState.COMPLETED,1.0,0,0,0,176.53061224489795,176.53061224489795,0.0
jid_672158,276.0,130.0,1,0,3069125,3069125,3069126,JobState.COMPLETED,1.0,0,0,0,176.53061224489795,176.53061224489795,0.0
jid_672170,276.0,130.0,1,0,3069128,3069128,3069129,JobState.COMPLETED,1.0,0,0,0,176.53061224489795,176.53061224489795,0.0
jid_672174,276.0,130.0,1,0,3069128,3069128,3069129,JobState.COMPLETED,1.0,0,0,0,176.53061224489795,176.53061224489795,0.0
jid_672152,276.0,130.0,1,0,3069128,3069128,3069128,JobState.COMPLETED,1.0,0,0,0,176.53061224489795,176.53061224489795,0.0
jid_672167,276.0,130.0,1,0,3069129,3069129,3069129,JobState.COMPLETED,1.0,0,0,0,176.53061224489795,176.53061224489795,0.0
jid_672184,276.0,130.0,1,0,3069131,3069131,3069132,JobState.COMPLETED,1.0,0,0,0,176.53061224489795,176.53061224489795,0.0
jid_672207,276.0,130.0,1,0,3069134,3069134,3069135,JobState.COMPLETED,1.0,0,0,0,176.53061224489795,176.53061224489795,0.0
jid_672197,276.0,130.0,1,0,3069134,3069134,3069135,JobState.COMPLETED,1.0,0,0,0,176.53061224489795,176.53061224489795,0.0
jid_672213,276.0,130.0,1,0,3069135,3069135,3069135,JobState.COMPLETED,1.0,0,0,0,176.53061224489795,176.53061224489795,0.0
jid_672201,276.0,130.0,1,0,3069135,3069135,3069136,JobState.COMPLETED,1.0,0,0,0,176.53061224489795,176.53061224489795,0.0
jid_672221,276.0,130.0,1,0,3069138,3069138,3069139,JobState.COMPLETED,1.0,0,0,0,176.53061224489795,176.53061224489795,0.0
jid_672220,276.0,130.0,1,0,3069138,3069138,3069139,JobState.COMPLETED,1.0,0,0,0,176.53061224489795,176.53061224489795,0.0
jid_672229,276.0,130.0,1,0,3069139,3069139,3069140,JobState.COMPLETED,1.0,0,0,0,176.53061224489795,176.53061224489795,0.0
jid_672239,276.0,130.0,1,0,3069140,3069140,3069140,JobState.COMPLETED,1.0,0,0,0,176.53061224489795,176.53061224489795,0.0
jid_672237,276.0,130.0,1,0,3069140,3069140,3069141,JobState.COMPLETED,1.0,0,0,0,176.53061224489795,176.53061224489795,0.0
jid_672234,276.0,130.0,1,0,3069141,3069141,3069142,JobState.COMPLETED,1.0,0,0,0,176.53061224489795,176.53061224489795,0.0
jid_672224,276.0,130.0,1,0,3069141,3069141,3069141,JobState.COMPLETED,1.0,0,0,0,176.53061224489795,176.53061224489795,0.0
jid_672231,276.0,130.0,1,0,3069142,3069142,3069142,JobState.COMPLETED,1.0,0,0,0,176.53061224489795,176.53061224489795,0.0
jid_672268,276.0,130.0,1,0,3069145,3069145,3069146,JobState.COMPLETED,1.0,0,0,0,176.53061224489795,176.53061224489795,0.0
jid_672556,276.0,130.0,1,0,3069146,3069146,3069147,JobState.COMPLETED,1.0,0,0,0,176.53061224489795,176.53061224489795,0.0
jid_672277,276.0,130.0,1,0,3069147,3069147,3069147,JobState.COMPLETED,1.0,0,0,0,176.53061224489795,176.53061224489795,0.0
jid_672275,276.0,130.0,1,0,3069147,3069147,3069148,JobState.COMPLETED,1.0,0,0,0,176.53061224489795,176.53061224489795,0.0
jid_672325,276.0,130.0,1,0,3069148,3069148,3069148,JobState.COMPLETED,1.0,0,0,0,176.53061224489795,176.53061224489795,0.0
jid_672264,276.0,130.0,1,0,3069148,3069148,3069149,JobState.COMPLETED,1.0,0,0,0,176.53061224489795,176.53061224489795,0.0
jid_672675,276.0,130.0,1,0,3069149,3069149,3069149,JobState.COMPLETED,1.0,0,0,0,176.53061224489795,176.53061224489795,0.0
jid_672293,276.0,130.0,1,0,3069149,3069149,3069150,JobState.COMPLETED,1.0,0,0,0,176.53061224489795,176.53061224489795,0.0
jid_672282,276.0,130.0,1,0,3069150,3069150,3069150,JobState.COMPLETED,1.0,0,0,0,176.53061224489795,176.53061224489795,0.0
jid_672300,276.0,130.0,1,0,3069151,3069151,3069151,JobState.COMPLETED,1.0,0,0,0,176.53061224489795,176.53061224489795,0.0
jid_672288,276.0,130.0,1,0,3069151,3069151,3069152,JobState.COMPLETED,1.0,0,0,0,176.53061224489795,176.53061224489795,0.0
jid_672285,276.0,130.0,1,0,3069152,3069152,3069152,JobState.COMPLETED,1.0,0,0,0,176.53061224489795,176.53061224489795,0.0
jid_672299,276.0,130.0,1,0,3069153,3069153,3069154,JobState.COMPLETED,1.0,0,0,0,176.53061224489795,176.53061224489795,0.0
jid_672328,276.0,130.0,1,0,3069153,3069153,3069153,JobState.COMPLETED,1.0,0,0,0,176.53061224489795,176.53061224489795,0.0
jid_672304,276.0,130.0,1,0,3069155,3069155,3069156,JobState.COMPLETED,1.0,0,0,0,176.53061224489795,176.53061224489795,0.0
jid_672319,276.0,130.0,1,0,3069157,3069157,3069158,JobState.COMPLETED,1.0,0,0,0,176.53061224489795,176.53061224489795,0.0
jid_672343,276.0,130.0,1,0,3069159,3069159,3069159,JobState.COMPLETED,1.0,0,0,0,176.53061224489795,176.53061224489795,0.0
jid_672331,276.0,130.0,1,0,3069160,3069160,3069161,JobState.COMPLETED,1.0,0,0,0,176.53061224489795,176.53061224489795,0.0
jid_672360,276.0,130.0,1,0,3069161,3069161,3069162,JobState.COMPLETED,1.0,0,0,0,176.53061224489795,176.53061224489795,0.0
jid_672359,276.0,130.0,1,0,3069162,3069162,3069163,JobState.COMPLETED,1.0,0,0,0,176.53061224489795,176.53061224489795,0.0
jid_672353,276.0,130.0,1,0,3069164,3069164,3069165,JobState.COMPLETED,1.0,0,0,0,176.53061224489795,176.53061224489795,0.0
jid_672354,276.0,130.0,1,0,3069165,3069165,3069166,JobState.COMPLETED,1.0,0,0,0,176.53061224489795,176.53061224489795,0.0
jid_672369,276.0,130.0,1,0,3069165,3069165,3069166,JobState.COMPLETED,1.0,0,0,0,176.53061224489795,176.53061224489795,0.0
jid_672365,276.0,130.0,1,0,3069166,3069166,3069167,JobState.COMPLETED,1.0,0,0,0,176.53061224489795,176.53061224489795,0.0
jid_672361,276.0,130.0,1,0,3069167,3069167,3069167,JobState.COMPLETED,1.0,0,0,0,176.53061224489795,176.53061224489795,0.0
jid_672418,276.0,130.0,1,0,3069168,3069168,3069169,JobState.COMPLETED,1.0,0,0,0,176.53061224489795,176.53061224489795,0.0
jid_672408,276.0,130.0,1,0,3069169,3069169,3069170,JobState.COMPLETED,1.0,0,0,0,176.53061224489795,176.53061224489795,0.0
jid_672391,276.0,130.0,1,0,3069170,3069170,3069171,JobState.COMPLETED,1.0,0,0,0,176.53061224489795,176.53061224489795,0.0
jid_672401,276.0,130.0,1,0,3069170,3069170,3069171,JobState.COMPLETED,1.0,0,0,0,176.53061224489795,176.53061224489795,0.0
jid_672415,276.0,130.0,1,0,3069170,3069170,3069171,JobState.COMPLETED,1.0,0,0,0,176.53061224489795,176.53061224489795,0.0
jid_672405,276.0,130.0,1,0,3069171,3069171,3069172,JobState.COMPLETED,1.0,0,0,0,176.53061224489795,176.53061224489795,0.0
jid_672381,276.0,130.0,1,0,3069171,3069171,3069171,JobState.COMPLETED,1.0,0,0,0,176.53061224489795,176.53061224489795,0.0
jid_672403,276.0,130.0,1,0,3069173,3069173,3069174,JobState.COMPLETED,1.0,0,0,0,176.53061224489795,176.53061224489795,0.0
jid_672392,276.0,130.0,1,0,3069173,3069173,3069173,JobState.COMPLETED,1.0,0,0,0,176.53061224489795,176.53061224489795,0.0
jid_672397,276.0,130.0,1,0,3069173,3069173,3069173,JobState.COMPLETED,1.0,0,0,0,176.53061224489795,176.53061224489795,0.0
jid_672409,276.0,130.0,1,0,3069174,3069174,3069175,JobState.COMPLETED,1.0,0,0,0,176.53061224489795,176.53061224489795,0.0
jid_672449,276.0,130.0,1,0,3069174,3069174,3069175,JobState.COMPLETED,1.0,0,0,0,176.53061224489795,176.53061224489795,0.0
jid_672439,276.0,130.0,1,0,3069174,3069174,3069175,JobState.COMPLETED,1.0,0,0,0,176.53061224489795,176.53061224489795,0.0
jid_672416,276.0,130.0,1,0,3069176,3069176,3069177,JobState.COMPLETED,1.0,0,0,0,176.53061224489795,176.53061224489795,0.0
jid_672428,276.0,130.0,1,0,3069176,3069176,3069176,JobState.COMPLETED,1.0,0,0,0,176.53061224489795,176.53061224489795,0.0
jid_672811,276.0,130.0,1,0,3069177,3069177,3069178,JobState.COMPLETED,1.0,0,0,0,176.53061224489795,176.53061224489795,0.0
jid_672414,276.0,130.0,1,0,3069177,3069177,3069178,JobState.COMPLETED,1.0,0,0,0,176.53061224489795,176.53061224489795,0.0
jid_672448,276.0,130.0,1,0,3069178,3069178,3069178,JobState.COMPLETED,1.0,0,0,0,176.53061224489795,176.53061224489795,0.0
jid_672451,276.0,130.0,1,0,3069179,3069179,3069180,JobState.COMPLETED,1.0,0,0,0,176.53061224489795,176.53061224489795,0.0
jid_672432,276.0,130.0,1,0,3069180,3069180,3069181,JobState.COMPLETED,1.0,0,0,0,176.53061224489795,176.53061224489795,0.0
jid_672437,276.0,130.0,1,0,3069181,3069181,3069181,JobState.COMPLETED,1.0,0,0,0,176.53061224489795,176.53061224489795,0.0
jid_672442,276.0,130.0,1,0,3069182,3069182,3069182,JobState.COMPLETED,1.0,0,0,0,176.53061224489795,176.53061224489795,0.0
jid_672465,276.0,130.0,1,0,3069183,3069183,3069184,JobState.COMPLETED,1.0,0,0,0,176.53061224489795,176.53061224489795,0.0
jid_672464,276.0,130.0,1,0,3069184,3069184,3069185,JobState.COMPLETED,1.0,0,0,0,176.53061224489795,176.53061224489795,0.0
jid_672525,276.0,130.0,1,0,3069186,3069186,3069186,JobState.COMPLETED,1.0,0,0,0,176.53061224489795,176.53061224489795,0.0
jid_672479,276.0,130.0,1,0,3069187,3069187,3069188,JobState.COMPLETED,1.0,0,0,0,176.53061224489795,176.53061224489795,0.0
jid_672478,276.0,130.0,1,0,3069187,3069187,3069188,JobState.COMPLETED,1.0,0,0,0,176.53061224489795,176.53061224489795,0.0
jid_672511,276.0,130.0,1,0,3069187,3069187,3069188,JobState.COMPLETED,1.0,0,0,0,176.53061224489795,176.53061224489795,0.0
jid_672476,276.0,130.0,1,0,3069189,3069189,3069189,JobState.COMPLETED,1.0,0,0,0,176.53061224489795,176.53061224489795,0.0
jid_672492,276.0,130.0,1,0,3069190,3069190,3069190,JobState.COMPLETED,1.0,0,0,0,176.53061224489795,176.53061224489795,0.0
jid_672490,276.0,130.0,1,0,3069191,3069191,3069192,JobState.COMPLETED,1.0,0,0,0,176.53061224489795,176.53061224489795,0.0
jid_672487,276.0,130.0,1,0,3069191,3069191,3069191,JobState.COMPLETED,1.0,0,0,0,176.53061224489795,176.53061224489795,0.0
jid_672486,276.0,130.0,1,0,3069191,3069191,3069191,JobState.COMPLETED,1.0,0,0,0,176.53061224489795,176.53061224489795,0.0
jid_672591,276.0,130.0,1,0,3069197,3069197,3069198,JobState.COMPLETED,1.0,0,0,0,176.53061224489795,176.53061224489795,0.0
jid_672534,276.0,130.0,1,0,3069198,3069198,3069199,JobState.COMPLETED,1.0,0,0,0,176.53061224489795,176.53061224489795,0.0
jid_672552,276.0,130.0,1,0,3069200,3069200,3069200,JobState.COMPLETED,1.0,0,0,0,176.53061224489795,176.53061224489795,0.0
jid_672557,276.0,130.0,1,0,3069201,3069201,3069201,JobState.COMPLETED,1.0,0,0,0,176.53061224489795,176.53061224489795,0.0
jid_672589,276.0,130.0,1,0,3069202,3069202,3069202,JobState.COMPLETED,1.0,0,0,0,176.53061224489795,176.53061224489795,0.0
jid_672555,276.0,130.0,1,0,3069203,3069203,3069204,JobState.COMPLETED,1.0,0,0,0,176.53061224489795,176.53061224489795,0.0
jid_672583,276.0,130.0,1,0,3069203,3069203,3069204,JobState.COMPLETED,1.0,0,0,0,176.53061224489795,176.53061224489795,0.0
jid_672813,276.0,130.0,1,0,3069204,3069204,3069205,JobState.COMPLETED,1.0,0,0,0,176.53061224489795,176.53061224489795,0.0
jid_672559,276.0,130.0,1,0,3069204,3069204,3069204,JobState.COMPLETED,1.0,0,0,0,176.53061224489795,176.53061224489795,0.0
jid_672603,276.0,130.0,1,0,3069206,3069206,3069206,JobState.COMPLETED,1.0,0,0,0,176.53061224489795,176.53061224489795,0.0
jid_672639,276.0,130.0,1,0,3069208,3069208,3069208,JobState.COMPLETED,1.0,0,0,0,176.53061224489795,176.53061224489795,0.0
jid_672627,276.0,130.0,1,0,3069209,3069209,3069210,JobState.COMPLETED,1.0,0,0,0,176.53061224489795,176.53061224489795,0.0
jid_672599,276.0,130.0,1,0,3069209,3069209,3069210,JobState.COMPLETED,1.0,0,0,0,176.53061224489795,176.53061224489795,0.0
jid_672661,276.0,130.0,1,0,3069213,3069213,3069214,JobState.COMPLETED,1.0,0,0,0,176.53061224489795,176.53061224489795,0.0
jid_672629,276.0,130.0,1,0,3069214,3069214,3069215,JobState.COMPLETED,1.0,0,0,0,176.53061224489795,176.53061224489795,0.0
jid_672632,276.0,130.0,1,0,3069214,3069214,3069214,JobState.COMPLETED,1.0,0,0,0,176.53061224489795,176.53061224489795,0.0
jid_672620,276.0,130.0,1,0,3069215,3069215,3069215,JobState.COMPLETED,1.0,0,0,0,176.53061224489795,176.53061224489795,0.0
jid_672635,276.0,130.0,1,0,3069215,3069215,3069216,JobState.COMPLETED,1.0,0,0,0,176.53061224489795,176.53061224489795,0.0
jid_672637,276.0,130.0,1,0,3069215,3069215,3069215,JobState.COMPLETED,1.0,0,0,0,176.53061224489795,176.53061224489795,0.0
jid_672678,276.0,130.0,1,0,3069216,3069216,3069217,JobState.COMPLETED,1.0,0,0,0,176.53061224489795,176.53061224489795,0.0
jid_672640,276.0,130.0,1,0,3069218,3069218,3069219,JobState.COMPLETED,1.0,0,0,0,176.53061224489795,176.53061224489795,0.0
jid_672645,276.0,130.0,1,0,3069219,3069219,3069220,JobState.COMPLETED,1.0,0,0,0,176.53061224489795,176.53061224489795,0.0
jid_672647,276.0,130.0,1,0,3069220,3069220,3069220,JobState.COMPLETED,1.0,0,0,0,176.53061224489795,176.53061224489795,0.0
jid_672686,276.0,130.0,1,0,3069222,3069222,3069223,JobState.COMPLETED,1.0,0,0,0,176.53061224489795,176.53061224489795,0.0
jid_672713,276.0,130.0,1,0,3069223,3069223,3069224,JobState.COMPLETED,1.0,0,0,0,176.53061224489795,176.53061224489795,0.0
jid_672672,276.0,130.0,1,0,3069224,3069224,3069225,JobState.COMPLETED,1.0,0,0,0,176.53061224489795,176.53061224489795,0.0
jid_672721,276.0,130.0,1,0,3069224,3069224,3069225,JobState.COMPLETED,1.0,0,0,0,176.53061224489795,176.53061224489795,0.0
jid_672715,276.0,130.0,1,0,3069228,3069228,3069229,JobState.COMPLETED,1.0,0,0,0,176.53061224489795,176.53061224489795,0.0
jid_672695,276.0,130.0,1,0,3069229,3069229,3069230,JobState.COMPLETED,1.0,0,0,0,176.53061224489795,176.53061224489795,0.0
jid_672700,276.0,130.0,1,0,3069230,3069230,3069231,JobState.COMPLETED,1.0,0,0,0,176.53061224489795,176.53061224489795,0.0
jid_672699,276.0,130.0,1,0,3069230,3069230,3069230,JobState.COMPLETED,1.0,0,0,0,176.53061224489795,176.53061224489795,0.0
jid_672704,276.0,130.0,1,0,3069230,3069230,3069230,JobState.COMPLETED,1.0,0,0,0,176.53061224489795,176.53061224489795,0.0
jid_672835,276.0,130.0,1,0,3069231,3069231,3069231,JobState.COMPLETED,1.0,0,0,0,176.53061224489795,176.53061224489795,0.0
jid_672729,276.0,130.0,1,0,3069231,3069231,3069232,JobState.COMPLETED,1.0,0,0,0,176.53061224489795,176.53061224489795,0.0
jid_672827,276.0,130.0,1,0,3069234,3069234,3069235,JobState.COMPLETED,1.0,0,0,0,176.53061224489795,176.53061224489795,0.0
jid_672724,276.0,130.0,1,0,3069235,3069235,3069235,JobState.COMPLETED,1.0,0,0,0,176.53061224489795,176.53061224489795,0.0
jid_672736,276.0,130.0,1,0,3069236,3069236,3069237,JobState.COMPLETED,1.0,0,0,0,176.53061224489795,176.53061224489795,0.0
jid_672771,276.0,130.0,1,0,3069236,3069236,3069236,JobState.COMPLETED,1.0,0,0,0,176.53061224489795,176.53061224489795,0.0
jid_672743,276.0,130.0,1,0,3069239,3069239,3069239,JobState.COMPLETED,1.0,0,0,0,176.53061224489795,176.53061224489795,0.0
jid_672766,276.0,130.0,1,0,3069241,3069241,3069241,JobState.COMPLETED,1.0,0,0,0,176.53061224489795,176.53061224489795,0.0
jid_672761,276.0,130.0,1,0,3069243,3069243,3069243,JobState.COMPLETED,1.0,0,0,0,176.53061224489795,176.53061224489795,0.0
jid_672838,276.0,130.0,1,0,3069244,3069244,3069245,JobState.COMPLETED,1.0,0,0,0,176.53061224489795,176.53061224489795,0.0
jid_672830,276.0,130.0,1,0,3069245,3069245,3069246,JobState.COMPLETED,1.0,0,0,0,176.53061224489795,176.53061224489795,0.0
jid_672787,276.0,130.0,1,2,3069244,3069244,3069247,JobState.COMPLETED,1.0,0,0,0,176.53061224489795,176.53061224489795,353.0612244897959
jid_672829,276.0,130.0,1,0,3069246,3069246,3069247,JobState.COMPLETED,1.0,0,0,0,176.53061224489795,176.53061224489795,0.0
jid_672839,276.0,130.0,1,0,3069247,3069247,3069247,JobState.COMPLETED,1.0,0,0,0,176.53061224489795,176.53061224489795,0.0
jid_672801,276.0,130.0,1,0,3069247,3069247,3069248,JobState.COMPLETED,1.0,0,0,0,176.53061224489795,176.53061224489795,0.0
jid_672789,276.0,130.0,1,0,3069248,3069248,3069249,JobState.COMPLETED,1.0,0,0,0,176.53061224489795,176.53061224489795,0.0
jid_672788,276.0,130.0,1,0,3069248,3069248,3069249,JobState.COMPLETED,1.0,0,0,0,176.53061224489795,176.53061224489795,0.0
jid_672841,34.0,296.0,353,16,3069421,3069421,3069438,JobState.COMPLETED,1.0,0,0,0,176.53061224489795,176.53061224489795,997044.8979591837
jid_672843,17.0,171.0,1,11,3069513,3069513,3069525,JobState.COMPLETED,1.0,0,0,0,176.53061224489795,176.53061224489795,1941.8367346938776
jid_672845,55930.0,375.0,384,118,3069468,3069468,3069587,JobState.COMPLETED,0.5389014464153274,0,0,0,120.06956486718296,120.06956486718296,5440592.123261794
jid_672848,59188.0,28.0,4,244,3069432,3069432,3069677,JobState.COMPLETED,1.0,0,0,0,176.5306122448979,176.53061224489795,172293.87755102036
jid_672870,301.0,549.0,385,32,3070422,3070422,3070455,JobState.COMPLETED,1.0,0,0,0,176.53061224489795,176.53061224489795,2174857.1428571427
jid_672880,34.0,485.0,368,135,3070584,3070584,3070720,JobState.COMPLETED,1.0,0,0,0,176.530612244898,176.53061224489795,8770040.816326533
jid_672894,55930.0,375.0,384,425,3070560,3070560,3070986,JobState.COMPLETED,0.5375316138118551,0,0,0,119.90183026267613,119.90183026267614,19567978.698868744
jid_672899,17.0,171.0,1,17,3071174,3071174,3071192,JobState.COMPLETED,1.0,0,0,0,176.53061224489795,176.53061224489795,3001.020408163265
jid_672940,57426.0,556.0,24,51,3071254,3071254,3071306,JobState.COMPLETED,1.0,0,0,0,176.53061224489795,176.53061224489795,216073.4693877551
jid_672901,301.0,549.0,385,201,3071168,3071168,3071370,JobState.COMPLETED,1.0,0,0,0,176.53061224489792,176.53061224489795,13660821.428571425
jid_672905,59209.0,327.0,32,1999,3069546,3069546,3071546,JobState.COMPLETED,0.88692061243015,0,0,0,162.68415662409916,162.68415662409998,10406580.130930375
jid_672908,17.0,171.0,1,17,3071651,3071651,3071669,JobState.COMPLETED,1.0,0,0,0,176.53061224489795,176.53061224489795,3001.020408163265
jid_672977,55930.0,375.0,384,504,3071192,3071192,3071697,JobState.COMPLETED,0.5353368002879709,0,0,0,119.63307758628203,119.63307758628214,23153307.30373868
jid_672910,108.0,519.0,3,4207,3067546,3067546,3071754,JobState.COMPLETED,1.0,0,0,0,176.530612244899,176.53061224489795,2227992.8571428703
jid_672913,301.0,549.0,385,96,3071733,3071733,3071830,JobState.COMPLETED,1.0,0,0,0,176.53061224489792,176.53061224489795,6524571.428571427
jid_672924,17.0,171.0,1,15,3072147,3072147,3072163,JobState.COMPLETED,1.0,0,0,0,176.53061224489795,176.53061224489795,2647.9591836734694
jid_672981,59219.0,375.0,64,16,3072335,3072335,3072352,JobState.COMPLETED,0.6267675612410779,0,0,0,130.82868096829526,130.82868096829526,133968.56931153435
jid_672946,301.0,549.0,385,86,3072642,3072642,3072729,JobState.COMPLETED,1.0,0,0,0,176.53061224489792,176.53061224489795,5844928.571428571
jid_672983,59217.0,43.0,48,1,3072865,3072865,3072867,JobState.COMPLETED,1.0,0,0,0,176.53061224489795,176.53061224489795,8473.469387755102
jid_672956,40639.0,178.0,512,96,3072900,3072900,3072997,JobState.COMPLETED,0.5905122459616424,0,0,0,126.38925460754805,126.38925460754805,6212284.6424702015
jid_672972,276.0,130.0,1,0,3073489,3073489,3073489,JobState.COMPLETED,1.0,0,0,0,176.53061224489795,176.53061224489795,0.0
jid_672974,276.0,130.0,1,0,3073517,3073517,3073518,JobState.COMPLETED,1.0,0,0,0,176.53061224489795,176.53061224489795,0.0
jid_672976,276.0,130.0,1,0,3073530,3073530,3073531,JobState.COMPLETED,1.0,0,0,0,176.53061224489795,176.53061224489795,0.0
jid_672984,17.0,171.0,1,49,3073583,3073583,3073633,JobState.COMPLETED,1.0,0,0,0,176.53061224489795,176.53061224489795,8650.0
jid_672990,59204.0,570.0,1,0,3073789,3073789,3073789,JobState.COMPLETED,1.0,0,0,0,176.53061224489795,176.53061224489795,0.0
jid_672994,59220.0,158.0,1,73,3073825,3073825,3073899,JobState.COMPLETED,1.0,0,0,0,176.53061224489795,176.53061224489795,12886.73469387755
jid_673014,57426.0,556.0,4,2,3074279,3074279,3074282,JobState.COMPLETED,1.0,0,0,0,176.53061224489795,176.53061224489795,1412.2448979591836
jid_673012,1246.0000000000073,114.0,160,11340,3062973,3062973,3074314,JobState.COMPLETED,0.7935745408907245,0,0,0,151.2540254151914,151.25402541519077,274435303.71332324
jid_673011,377.0000000000073,558.0,1,81,3074234,3074234,3074316,JobState.COMPLETED,1.0,0,0,0,176.53061224489795,176.53061224489795,14298.979591836734
jid_673022,59224.0,87.0,1,81,3074590,3074590,3074672,JobState.COMPLETED,1.0,0,0,0,176.53061224489795,176.53061224489795,14298.979591836734
jid_673124,55930.0,375.0,384,178,3074621,3074621,3074800,JobState.COMPLETED,0.5350845173882383,0,0,0,119.60218580264147,119.60218580264142,8175048.603982151
jid_673057,301.0,568.0,4,1815,3073165,3073165,3074981,JobState.COMPLETED,1.0,0,0,0,176.53061224489733,176.53061224489795,1281612.2448979546
jid_673052,377.0000000000073,558.0,1,39,3075180,3075180,3075220,JobState.COMPLETED,1.0,0,0,0,176.53061224489795,176.53061224489795,6884.69387755102
jid_673055,40834.0,193.0,2,35,3075337,3075337,3075373,JobState.COMPLETED,0.8106935347785382,0,0,0,153.35022874839242,153.35022874839242,10734.51601238747
jid_673056,59225.0,556.0,4,8,3075378,3075378,3075387,JobState.COMPLETED,1.0,0,0,0,176.53061224489795,176.53061224489795,5648.9795918367345
jid_673103,9.000000000007276,26.0,24,1356,3074651,3074651,3076008,JobState.COMPLETED,1.0,0,0,0,176.53061224489815,176.53061224489795,5745012.244897965
jid_673089,108.0,571.0,4,27,3076140,3076140,3076168,JobState.COMPLETED,1.0,0,0,0,176.53061224489795,176.53061224489795,19065.30612244898
jid_673100,59202.0,445.0,1,86,3076361,3076361,3076448,JobState.COMPLETED,1.0,0,0,0,176.53061224489795,176.53061224489795,15181.632653061224
jid_673109,59233.0,189.0,4,24,3076715,3076715,3076740,JobState.COMPLETED,1.0,0,0,0,176.53061224489795,176.53061224489795,16946.938775510203
jid_673149,1444.0,23.0,160,178,3076572,3076572,3076751,JobState.COMPLETED,0.8452606210720127,0,0,0,157.58293319249134,157.58293319249137,4487961.937322153
jid_673113,55942.0,526.0,1,28,3077136,3077136,3077165,JobState.COMPLETED,1.0,0,0,0,176.53061224489795,176.53061224489795,4942.857142857143
jid_673151,59216.0,43.0,96,232,3077185,3077185,3077418,JobState.COMPLETED,1.0,0,0,0,176.53061224489787,176.53061224489795,3931689.795918365
jid_673129,59231.0,87.0,1,35,3077471,3077471,3077507,JobState.COMPLETED,1.0,0,0,0,176.53061224489795,176.53061224489795,6178.571428571428
jid_673126,14997.0,393.0,15,65,3077452,3077452,3077518,JobState.COMPLETED,0.5553480263026346,0,0,0,122.08343179215932,122.08343179215935,119031.34599735533
jid_673128,377.0000000000073,558.0,2,22,3077556,3077556,3077579,JobState.COMPLETED,1.0,0,0,0,176.53061224489795,176.53061224489795,7767.34693877551
jid_673139,111.0,65.0,100,7495,3070246,3070246,3077742,JobState.COMPLETED,1.0,0,0,0,176.53061224489932,176.53061224489795,132309693.87755203
jid_673143,377.0000000000073,558.0,1,27,3077768,3077768,3077796,JobState.COMPLETED,1.0,0,0,0,176.53061224489795,176.53061224489795,4766.326530612245
jid_673144,376.0,159.0,30,6790,3071008,3071008,3077799,JobState.COMPLETED,1.0,0,0,0,176.53061224489593,176.53061224489795,35959285.7142853
jid_673148,377.0000000000073,558.0,1,27,3077867,3077867,3077895,JobState.COMPLETED,1.0,0,0,0,176.53061224489795,176.53061224489795,4766.326530612245
jid_673144,376.0,159.0,30,7075,3071008,3071008,3078084,JobState.COMPLETED,1.0,0,0,0,176.53061224489574,176.53061224489795,37468622.448979124
jid_673161,59229.0,87.0,1,160,3077974,3077974,3078135,JobState.COMPLETED,1.0,0,0,0,176.5306122448979,176.53061224489795,28244.89795918366
jid_673144,376.0,159.0,30,7367,3071008,3071008,3078376,JobState.COMPLETED,1.0,0,0,0,176.5306122448956,176.53061224489795,39015030.612244375
jid_673144,376.0,159.0,30,7436,3071008,3071008,3078445,JobState.COMPLETED,1.0,0,0,0,176.53061224489554,176.53061224489795,39380448.979591295
jid_673144,376.0,159.0,30,7439,3071008,3071008,3078448,JobState.COMPLETED,1.0,0,0,0,176.53061224489554,176.53061224489795,39396336.73469333
jid_673169,25.0,44.0,1,601,3077865,3077865,3078467,JobState.COMPLETED,1.0,0,0,0,176.53061224489812,176.53061224489795,106094.89795918377
jid_673144,376.0,159.0,30,7502,3071008,3071008,3078511,JobState.COMPLETED,1.0,0,0,0,176.5306122448955,176.53061224489795,39729979.59183618
jid_673176,17.0,171.0,1,314,3078292,3078292,3078607,JobState.COMPLETED,1.0,0,0,0,176.53061224489798,176.53061224489795,55430.612244897966
jid_673144,376.0,159.0,30,7659,3071008,3071008,3078668,JobState.COMPLETED,1.0,0,0,0,176.53061224489545,176.53061224489795,40561438.775509626
jid_673144,376.0,159.0,30,7718,3071008,3071008,3078727,JobState.COMPLETED,1.0,0,0,0,176.53061224489542,176.53061224489795,40873897.95918308
jid_673144,376.0,159.0,30,7852,3071008,3071008,3078861,JobState.COMPLETED,1.0,0,0,0,176.5306122448953,176.53061224489795,41583551.02040754
jid_673144,376.0,159.0,30,7892,3071008,3071008,3078901,JobState.COMPLETED,1.0,0,0,0,176.5306122448953,176.53061224489795,41795387.75510141
jid_673144,376.0,159.0,30,8139,3071008,3071008,3079148,JobState.COMPLETED,1.0,0,0,0,176.5306122448952,176.53061224489795,43103479.59183606
jid_673200,17.0,542.0,1,18327,3060837,3060837,3079165,JobState.COMPLETED,1.0,0,0,0,176.53061224490523,176.53061224489795,3235276.530612378
jid_673144,376.0,159.0,30,8161,3071008,3071008,3079170,JobState.COMPLETED,1.0,0,0,0,176.5306122448952,176.53061224489795,43219989.79591769
jid_673144,376.0,159.0,30,8285,3071008,3071008,3079294,JobState.COMPLETED,1.0,0,0,0,176.53061224489514,176.53061224489795,43876683.67346869
jid_673144,376.0,159.0,30,8332,3071008,3071008,3079341,JobState.COMPLETED,1.0,0,0,0,176.5306122448951,176.53061224489795,44125591.83673398
jid_673144,376.0,159.0,30,8493,3071008,3071008,3079502,JobState.COMPLETED,1.0,0,0,0,176.53061224489505,176.53061224489795,44978234.69387681
jid_673144,376.0,159.0,30,8524,3071008,3071008,3079533,JobState.COMPLETED,1.0,0,0,0,176.53061224489505,176.53061224489795,45142408.16326456
jid_673144,376.0,159.0,30,8545,3071008,3071008,3079554,JobState.COMPLETED,1.0,0,0,0,176.53061224489505,176.53061224489795,45253622.44897885
jid_673144,376.0,159.0,30,8559,3071008,3071008,3079568,JobState.COMPLETED,1.0,0,0,0,176.53061224489502,176.53061224489795,45327765.30612169
jid_673216,301.0,335.0,4,2,3079609,3079609,3079612,JobState.COMPLETED,1.0,0,0,0,176.53061224489795,176.53061224489795,1412.2448979591836
jid_673144,376.0,159.0,30,8733,3071008,3071008,3079742,JobState.COMPLETED,1.0,0,0,0,176.53061224489497,176.53061224489795,46249255.10204003
jid_673144,376.0,159.0,30,8951,3071008,3071008,3079960,JobState.COMPLETED,1.0,0,0,0,176.53061224489485,176.53061224489795,47403765.30612162
jid_673231,55929.0,136.0,2,1,3080015,3080015,3080017,JobState.COMPLETED,1.0,0,0,0,176.53061224489795,176.53061224489795,353.0612244897959
jid_673144,376.0,159.0,30,9088,3071008,3071008,3080097,JobState.COMPLETED,1.0,0,0,0,176.53061224489483,176.53061224489795,48129306.12244813
jid_673236,301.0,545.0,964,176,3079933,3079933,3080110,JobState.COMPLETED,1.0,0,0,0,176.5306122448979,176.53061224489795,29950889.795918357
jid_673144,376.0,159.0,30,9110,3071008,3071008,3080119,JobState.COMPLETED,1.0,0,0,0,176.53061224489483,176.53061224489795,48245816.326529756
jid_673144,376.0,159.0,30,9211,3071008,3071008,3080220,JobState.COMPLETED,1.0,0,0,0,176.53061224489477,176.53061224489795,48780704.08163177
jid_673144,376.0,159.0,30,9224,3071008,3071008,3080233,JobState.COMPLETED,1.0,0,0,0,176.53061224489477,176.53061224489795,48849551.02040728
jid_673242,301.0,526.0,1,555,3079734,3079734,3080290,JobState.COMPLETED,1.0,0,0,0,176.5306122448981,176.53061224489795,97974.48979591845
jid_673144,376.0,159.0,30,9283,3071008,3071008,3080292,JobState.COMPLETED,1.0,0,0,0,176.53061224489477,176.53061224489795,49162010.204080746
jid_673144,376.0,159.0,30,9296,3071008,3071008,3080305,JobState.COMPLETED,1.0,0,0,0,176.53061224489477,176.53061224489795,49230857.142856255
jid_673144,376.0,159.0,30,9323,3071008,3071008,3080332,JobState.COMPLETED,1.0,0,0,0,176.53061224489474,176.53061224489795,49373846.93877461
jid_673144,376.0,159.0,30,9347,3071008,3071008,3080356,JobState.COMPLETED,1.0,0,0,0,176.53061224489474,176.53061224489795,49500948.97959093
jid_673144,376.0,159.0,30,9727,3071008,3071008,3080736,JobState.COMPLETED,1.0,0,0,0,176.53061224489463,176.53061224489795,51513397.9591827
jid_673144,376.0,159.0,30,9784,3071008,3071008,3080793,JobState.COMPLETED,1.0,0,0,0,176.5306122448946,176.53061224489795,51815265.30612147
jid_673144,376.0,159.0,30,9832,3071008,3071008,3080841,JobState.COMPLETED,1.0,0,0,0,176.5306122448946,176.53061224489795,52069469.38775411
jid_673144,376.0,159.0,30,9836,3071008,3071008,3080845,JobState.COMPLETED,1.0,0,0,0,176.5306122448946,176.53061224489795,52090653.0612235
jid_673144,376.0,159.0,30,9848,3071008,3071008,3080857,JobState.COMPLETED,1.0,0,0,0,176.5306122448946,176.53061224489795,52154204.08163166
jid_673144,376.0,159.0,30,10017,3071008,3071008,3081026,JobState.COMPLETED,1.0,0,0,0,176.53061224489454,176.53061224489795,53049214.28571326
jid_673262,1267.0,537.0,64,6,3081045,3081045,3081052,JobState.COMPLETED,1.0,0,0,0,176.53061224489795,176.53061224489795,67787.75510204081
jid_673144,376.0,159.0,30,10086,3071008,3071008,3081095,JobState.COMPLETED,1.0,0,0,0,176.5306122448945,176.53061224489795,53414632.65306018
jid_673267,59227.0,327.0,32,2001,3079190,3079190,3081192,JobState.COMPLETED,0.8862509792649333,0,0,0,162.60216072631806,162.60216072631837,10411741.555627597
jid_673144,376.0,159.0,30,10186,3071008,3071008,3081195,JobState.COMPLETED,1.0,0,0,0,176.53061224489448,176.53061224489795,53944224.48979486
jid_673144,376.0,159.0,30,10323,3071008,3071008,3081332,JobState.COMPLETED,1.0,0,0,0,176.53061224489446,176.53061224489795,54669765.306121364
jid_673144,376.0,159.0,30,10355,3071008,3071008,3081364,JobState.COMPLETED,1.0,0,0,0,176.53061224489446,176.53061224489795,54839234.69387646
jid_673277,59247.0,327.0,32,1993,3079378,3079378,3081372,JobState.COMPLETED,0.8886519336460263,0,0,0,162.8961551403299,162.89615514032974,10388865.19022968
jid_673280,59250.0,327.0,32,1989,3079385,3079385,3081375,JobState.COMPLETED,0.8722241167498381,0,0,0,160.88458572447036,160.88458572446999,10239982.112191088
jid_673286,55929.0,136.0,2,32,3081385,3081385,3081418,JobState.COMPLETED,1.0,0,0,0,176.53061224489795,176.53061224489795,11297.959183673469
jid_673290,55929.0,136.0,2,33,3081399,3081399,3081433,JobState.COMPLETED,1.0,0,0,0,176.53061224489795,176.53061224489795,11651.020408163266
jid_673295,55929.0,136.0,2,34,3081411,3081411,3081446,JobState.COMPLETED,1.0,0,0,0,176.53061224489795,176.53061224489795,12004.08163265306
jid_673296,55929.0,136.0,2,32,3081421,3081421,3081454,JobState.COMPLETED,1.0,0,0,0,176.53061224489795,176.53061224489795,11297.959183673469
jid_673144,376.0,159.0,30,10486,3071008,3071008,3081495,JobState.COMPLETED,1.0,0,0,0,176.5306122448944,176.53061224489795,55532999.99999888
jid_673311,59262.0,327.0,32,1994,3079504,3079504,3081499,JobState.COMPLETED,0.8710110050680837,0,0,0,160.7360414369077,160.7360414369082,10256245.332006207
jid_673307,59259.0,327.0,32,1998,3079510,3079510,3081509,JobState.COMPLETED,0.8871152285338563,0,0,0,162.70798716741064,162.70798716741098,10402897.867535567
jid_673324,55929.0,136.0,2,34,3081575,3081575,3081610,JobState.COMPLETED,1.0,0,0,0,176.53061224489795,176.53061224489795,12004.08163265306
jid_673325,55929.0,136.0,2,34,3081578,3081578,3081613,JobState.COMPLETED,1.0,0,0,0,176.53061224489795,176.53061224489795,12004.08163265306
jid_673144,376.0,159.0,30,10612,3071008,3071008,3081621,JobState.COMPLETED,1.0,0,0,0,176.53061224489437,176.53061224489795,56200285.71428457
jid_673335,55929.0,136.0,2,33,3081706,3081706,3081740,JobState.COMPLETED,1.0,0,0,0,176.53061224489795,176.53061224489795,11651.020408163266
jid_673339,55929.0,136.0,2,33,3081710,3081710,3081744,JobState.COMPLETED,1.0,0,0,0,176.53061224489795,176.53061224489795,11651.020408163266
jid_673341,55929.0,136.0,2,34,3081713,3081713,3081748,JobState.COMPLETED,1.0,0,0,0,176.53061224489795,176.53061224489795,12004.08163265306
jid_673343,55929.0,136.0,2,177,3081572,3081572,3081750,JobState.COMPLETED,1.0,0,0,0,176.5306122448979,176.53061224489795,62491.836734693854
jid_673144,376.0,159.0,30,10762,3071008,3071008,3081771,JobState.COMPLETED,1.0,0,0,0,176.53061224489431,176.53061224489795,56994673.46938658
jid_673144,376.0,159.0,30,10798,3071008,3071008,3081807,JobState.COMPLETED,1.0,0,0,0,176.53061224489431,176.53061224489795,57185326.53061106
jid_673351,55929.0,136.0,2,33,3081842,3081842,3081876,JobState.COMPLETED,1.0,0,0,0,176.53061224489795,176.53061224489795,11651.020408163266
jid_673357,55929.0,136.0,2,33,3081848,3081848,3081882,JobState.COMPLETED,1.0,0,0,0,176.53061224489795,176.53061224489795,11651.020408163266
jid_673371,55929.0,136.0,2,32,3081984,3081984,3082017,JobState.COMPLETED,1.0,0,0,0,176.53061224489795,176.53061224489795,11297.959183673469
jid_673373,55929.0,136.0,2,32,3081986,3081986,3082019,JobState.COMPLETED,1.0,0,0,0,176.53061224489795,176.53061224489795,11297.959183673469
jid_673376,55929.0,136.0,2,35,3081988,3081988,3082024,JobState.COMPLETED,1.0,0,0,0,176.53061224489795,176.53061224489795,12357.142857142857
jid_673375,55929.0,136.0,2,33,3081990,3081990,3082024,JobState.COMPLETED,1.0,0,0,0,176.53061224489795,176.53061224489795,11651.020408163266
jid_673377,55929.0,136.0,2,34,3081991,3081991,3082026,JobState.COMPLETED,1.0,0,0,0,176.53061224489795,176.53061224489795,12004.08163265306
jid_673144,376.0,159.0,30,11041,3071008,3071008,3082050,JobState.COMPLETED,1.0,0,0,0,176.53061224489426,176.53061224489795,58472234.693876326
jid_673144,376.0,159.0,30,11098,3071008,3071008,3082107,JobState.COMPLETED,1.0,0,0,0,176.53061224489426,176.53061224489795,58774102.04081509
jid_673144,376.0,159.0,30,11182,3071008,3071008,3082191,JobState.COMPLETED,1.0,0,0,0,176.53061224489423,176.53061224489795,59218959.18367222
jid_673144,376.0,159.0,30,11216,3071008,3071008,3082225,JobState.COMPLETED,1.0,0,0,0,176.53061224489423,176.53061224489795,59399020.40816201
jid_673144,376.0,159.0,30,11258,3071008,3071008,3082267,JobState.COMPLETED,1.0,0,0,0,176.5306122448942,176.53061224489795,59621448.979590565
jid_673144,376.0,159.0,30,11333,3071008,3071008,3082342,JobState.COMPLETED,1.0,0,0,0,176.5306122448942,176.53061224489795,60018642.857141584
jid_673144,376.0,159.0,30,11492,3071008,3071008,3082501,JobState.COMPLETED,1.0,0,0,0,176.53061224489417,176.53061224489795,60860693.877549715
jid_673144,376.0,159.0,30,11501,3071008,3071008,3082510,JobState.COMPLETED,1.0,0,0,0,176.53061224489417,176.53061224489795,60908357.14285584
jid_673144,376.0,159.0,30,11515,3071008,3071008,3082524,JobState.COMPLETED,1.0,0,0,0,176.53061224489417,176.53061224489795,60982499.999998696
jid_673144,376.0,159.0,30,11574,3071008,3071008,3082583,JobState.COMPLETED,1.0,0,0,0,176.53061224489414,176.53061224489795,61294959.183672145
jid_673144,376.0,159.0,30,11692,3071008,3071008,3082701,JobState.COMPLETED,1.0,0,0,0,176.53061224489412,176.53061224489795,61919877.55101906
jid_673144,376.0,159.0,30,11803,3071008,3071008,3082812,JobState.COMPLETED,1.0,0,0,0,176.53061224489412,176.53061224489795,62507724.48979456
jid_673424,59264.0,541.0,64,1435,3081454,3081454,3082890,JobState.COMPLETED,1.0,0,0,0,176.53061224489755,176.53061224489795,16212571.428571392
jid_673144,376.0,159.0,30,11955,3071008,3071008,3082964,JobState.COMPLETED,1.0,0,0,0,176.53061224489406,176.53061224489795,63312704.08163126
jid_673438,36073.0,194.0,216,23680,3059586,3059586,3083267,JobState.COMPLETED,1.0,0,0,0,176.5306122449018,176.53061224489795,902932897.9592032
jid_673144,376.0,159.0,30,12292,3071008,3071008,3083301,JobState.COMPLETED,1.0,0,0,0,176.530612244894,176.53061224489795,65097428.57142711
jid_673144,376.0,159.0,30,12304,3071008,3071008,3083313,JobState.COMPLETED,1.0,0,0,0,176.530612244894,176.53061224489795,65160979.591835275
jid_673144,376.0,159.0,30,12376,3071008,3071008,3083385,JobState.COMPLETED,1.0,0,0,0,176.530612244894,176.53061224489795,65542285.71428425
jid_673440,40527.0,230.0,704,93,3083297,3083297,3083391,JobState.COMPLETED,0.5425716769871787,0,0,0,120.51898085557286,120.51898085557288,7890618.7145760665
jid_673144,376.0,159.0,30,12527,3071008,3071008,3083536,JobState.COMPLETED,1.0,0,0,0,176.53061224489394,176.53061224489795,66341969.38775359
jid_673455,40255.0,194.0,216,23609,3060040,3060040,3083650,JobState.COMPLETED,1.0,0,0,0,176.53061224490173,176.53061224489795,900225624.4898151
jid_673444,55988.0,533.0,80,24128,3059554,3059554,3083683,JobState.COMPLETED,1.0,0,0,0,176.53061224488823,176.53061224489795,340746448.979573
jid_673144,376.0,159.0,30,12690,3071008,3071008,3083699,JobState.COMPLETED,1.0,0,0,0,176.53061224489392,176.53061224489795,67205204.08163111
jid_673144,376.0,159.0,30,12707,3071008,3071008,3083716,JobState.COMPLETED,1.0,0,0,0,176.53061224489392,176.53061224489795,67295234.69387601
jid_673144,376.0,159.0,30,12842,3071008,3071008,3083851,JobState.COMPLETED,1.0,0,0,0,176.5306122448939,176.53061224489795,68010183.67346781
jid_673449,59079.0,445.0,8,1491,3082403,3082403,3083895,JobState.COMPLETED,1.0,0,0,0,176.53061224489753,176.53061224489795,2105657.1428571376
jid_673454,111.0,65.0,75,4311,3079746,3079746,3084058,JobState.COMPLETED,1.0,0,0,0,176.53061224489952,176.53061224489795,57076760.20408213
jid_673144,376.0,159.0,30,13145,3071008,3071008,3084154,JobState.COMPLETED,1.0,0,0,0,176.53061224489383,176.53061224489795,69614846.93877389
jid_673144,376.0,159.0,30,13233,3071008,3071008,3084242,JobState.COMPLETED,1.0,0,0,0,176.53061224489383,176.53061224489795,70080887.7551004
jid_673463,9.000000000007276,26.0,24,1344,3083000,3083000,3084345,JobState.COMPLETED,1.0,0,0,0,176.53061224489818,176.53061224489795,5694171.428571436
jid_673144,376.0,159.0,30,13549,3071008,3071008,3084558,JobState.COMPLETED,1.0,0,0,0,176.53061224489377,176.53061224489795,71754397.95918198
jid_673468,108.0,571.0,1,280,3084481,3084481,3084762,JobState.COMPLETED,1.0,0,0,0,176.53061224489795,176.53061224489795,49428.57142857143
jid_673472,59121.0,501.0,15,18295,3066522,3066522,3084818,JobState.COMPLETED,0.7207539155016596,0,0,0,142.3372141430547,142.33721414306035,39060889.991207786
jid_673144,376.0,159.0,30,13896,3071008,3071008,3084905,JobState.COMPLETED,1.0,0,0,0,176.53061224489372,176.53061224489795,73592081.63265128
jid_673144,376.0,159.0,30,14004,3071008,3071008,3085013,JobState.COMPLETED,1.0,0,0,0,176.53061224489372,176.53061224489795,74164040.81632476
jid_673476,111.0,65.0,75,4483,3080621,3080621,3085105,JobState.COMPLETED,1.0,0,0,0,176.5306122448997,176.53061224489795,59354005.1020414
jid_673144,376.0,159.0,30,14193,3071008,3071008,3085202,JobState.COMPLETED,1.0,0,0,0,176.5306122448937,176.53061224489795,75164969.38775328
jid_673144,376.0,159.0,30,14256,3071008,3071008,3085265,JobState.COMPLETED,1.0,0,0,0,176.5306122448937,176.53061224489795,75498612.24489613
jid_673144,376.0,159.0,30,14296,3071008,3071008,3085305,JobState.COMPLETED,1.0,0,0,0,176.53061224489366,176.53061224489795,75710448.97959
jid_673144,376.0,159.0,30,14347,3071008,3071008,3085356,JobState.COMPLETED,1.0,0,0,0,176.53061224489366,176.53061224489795,75980540.81632468
jid_673144,376.0,159.0,30,14371,3071008,3071008,3085380,JobState.COMPLETED,1.0,0,0,0,176.53061224489366,176.53061224489795,76107642.857141
jid_673144,376.0,159.0,30,14493,3071008,3071008,3085502,JobState.COMPLETED,1.0,0,0,0,176.53061224489363,176.53061224489795,76753744.89795731
jid_673144,376.0,159.0,30,14666,3071008,3071008,3085675,JobState.COMPLETED,1.0,0,0,0,176.53061224489363,176.53061224489795,77669938.7755083
jid_673144,376.0,159.0,30,14708,3071008,3071008,3085717,JobState.COMPLETED,1.0,0,0,0,176.5306122448936,176.53061224489795,77892367.34693685
jid_673144,376.0,159.0,30,14759,3071008,3071008,3085768,JobState.COMPLETED,1.0,0,0,0,176.5306122448936,176.53061224489795,78162459.18367153
jid_673144,376.0,159.0,30,14789,3071008,3071008,3085798,JobState.COMPLETED,1.0,0,0,0,176.5306122448936,176.53061224489795,78321336.73469195
jid_673144,376.0,159.0,30,15228,3071008,3071008,3086237,JobState.COMPLETED,1.0,0,0,0,176.53061224489355,176.53061224489795,80646244.89795718
jid_673144,376.0,159.0,30,15445,3071008,3071008,3086454,JobState.COMPLETED,1.0,0,0,0,176.5306122448935,176.53061224489795,81795459.1836714
jid_673144,376.0,159.0,30,15500,3071008,3071008,3086509,JobState.COMPLETED,1.0,0,0,0,176.5306122448935,176.53061224489795,82086734.69387548
jid_673144,376.0,159.0,30,15513,3071008,3071008,3086522,JobState.COMPLETED,1.0,0,0,0,176.5306122448935,176.53061224489795,82155581.63265097
jid_673144,376.0,159.0,30,15906,3071008,3071008,3086915,JobState.COMPLETED,1.0,0,0,0,176.53061224489346,176.53061224489795,84236877.55101827
jid_673524,40834.0,193.0,1,4,3086999,3086999,3087004,JobState.COMPLETED,1.0,0,0,0,176.53061224489795,176.53061224489795,706.1224489795918
jid_673526,111.0,65.0,100,8186,3078822,3078822,3087009,JobState.COMPLETED,1.0,0,0,0,176.53061224489971,176.53061224489795,144507959.1836749
jid_673533,40834.0,193.0,1,0,3087124,3087124,3087125,JobState.COMPLETED,1.0,0,0,0,176.53061224489795,176.53061224489795,0.0
jid_673144,376.0,159.0,30,16143,3071008,3071008,3087152,JobState.COMPLETED,1.0,0,0,0,176.53061224489343,176.53061224489795,85492010.20407945
jid_673541,40834.0,193.0,1,18,3087272,3087272,3087291,JobState.COMPLETED,1.0,0,0,0,176.53061224489795,176.53061224489795,3177.551020408163
jid_673144,376.0,159.0,30,16306,3071008,3071008,3087315,JobState.COMPLETED,1.0,0,0,0,176.5306122448934,176.53061224489795,86355244.89795697
jid_673549,108.0,571.0,1,1935,3085845,3085845,3087781,JobState.COMPLETED,1.0,0,0,0,176.5306122448973,176.53061224489795,341586.7346938763
jid_673550,59239.0,92.0,48,1259,3086642,3086642,3087902,JobState.COMPLETED,1.0,0,0,0,176.5306122448983,176.53061224489795,10668097.959183693
jid_673144,376.0,159.0,30,17052,3071008,3071008,3088061,JobState.COMPLETED,1.0,0,0,0,176.53061224489332,176.53061224489795,90305999.99999763
jid_673555,40834.0,193.0,2,14,3088083,3088083,3088098,JobState.COMPLETED,1.0,0,0,0,176.53061224489795,176.53061224489795,4942.857142857143
jid_673558,71.0,49.0,216,169,3087980,3087980,3088150,JobState.COMPLETED,1.0,0,0,0,176.53061224489804,176.53061224489795,6444073.4693877585
jid_673635,40834.0,193.0,2,17,3088630,3088630,3088648,JobState.COMPLETED,1.0,0,0,0,176.53061224489795,176.53061224489795,6002.04081632653
jid_673144,376.0,159.0,30,17727,3071008,3071008,3088736,JobState.COMPLETED,1.0,0,0,0,176.53061224489326,176.53061224489795,93880744.89795668
jid_673648,59083.0,191.0,64,184,3088948,3088948,3089133,JobState.COMPLETED,1.0,0,0,0,176.5306122448979,176.53061224489795,2078824.4897959176
jid_673144,376.0,159.0,30,18398,3071008,3071008,3089407,JobState.COMPLETED,1.0,0,0,0,176.5306122448932,176.53061224489795,97434306.12244636
jid_673655,40834.0,193.0,2,0,3089475,3089475,3089476,JobState.COMPLETED,1.0,0,0,0,176.53061224489795,176.53061224489795,0.0
jid_673655,40834.0,193.0,2,0,3089475,3089475,3089476,JobState.COMPLETED,1.0,0,0,0,176.53061224489795,176.53061224489795,0.0
jid_673655,40834.0,193.0,2,0,3089475,3089475,3089476,JobState.COMPLETED,1.0,0,0,0,176.53061224489795,176.53061224489795,0.0
jid_673663,59276.0,534.0,1,6,3089792,3089792,3089799,JobState.COMPLETED,0.7350019546043675,0,0,0,144.0818719923715,144.0818719923715,864.4912319542291
jid_673683,301.0,191.0,15,119,3090073,3090073,3090193,JobState.COMPLETED,1.0,0,0,0,176.53061224489795,176.53061224489795,315107.14285714284
jid_673684,108.0,574.0,1,0,3090203,3090203,3090204,JobState.COMPLETED,1.0,0,0,0,176.53061224489795,176.53061224489795,0.0
jid_673687,59276.0,534.0,1,6,3090362,3090362,3090369,JobState.COMPLETED,0.7571909269597812,0,0,0,146.7988890154834,146.7988890154834,880.7933340929005
jid_673144,376.0,159.0,30,19394,3071008,3071008,3090403,JobState.COMPLETED,1.0,0,0,0,176.53061224489315,176.53061224489795,102709040.81632373
jid_673694,108.0,574.0,1,2,3090414,3090414,3090417,JobState.COMPLETED,1.0,0,0,0,176.53061224489795,176.53061224489795,353.0612244897959
jid_673698,59281.0,562.0,1,7894,3082534,3082534,3090429,JobState.COMPLETED,1.0,0,0,0,176.53061224489755,176.53061224489795,1393532.6530612214
jid_673767,55952.0,191.0,1,16,3090571,3090571,3090588,JobState.COMPLETED,1.0,0,0,0,176.53061224489795,176.53061224489795,2824.4897959183672
jid_673753,55952.0,191.0,1,15,3090573,3090573,3090589,JobState.COMPLETED,1.0,0,0,0,176.53061224489795,176.53061224489795,2647.9591836734694
jid_673755,55952.0,191.0,1,16,3090573,3090573,3090590,JobState.COMPLETED,1.0,0,0,0,176.53061224489795,176.53061224489795,2824.4897959183672
jid_673845,55952.0,191.0,1,17,3090573,3090573,3090591,JobState.COMPLETED,1.0,0,0,0,176.53061224489795,176.53061224489795,3001.020408163265
jid_673763,55952.0,191.0,1,16,3090575,3090575,3090592,JobState.COMPLETED,1.0,0,0,0,176.53061224489795,176.53061224489795,2824.4897959183672
jid_674183,17.0,163.0,4,0,3091054,3091054,3091054,JobState.COMPLETED,1.0,0,0,0,176.53061224489795,176.53061224489795,0.0
jid_674220,59280.0,445.0,24,1234,3089982,3089982,3091217,JobState.COMPLETED,1.0,0,0,0,176.53061224489832,176.53061224489795,5228130.612244909
jid_674226,43.999999999992724,554.0,4096,656,3090817,3090817,3091474,JobState.COMPLETED,1.0,0,0,0,176.53061224489812,176.53061224489795,474333518.36734736
jid_674228,17.0,163.0,4,17,3091530,3091530,3091548,JobState.COMPLETED,1.0,0,0,0,176.53061224489795,176.53061224489795,12004.08163265306
jid_674230,71.0,49.0,216,3140,3088576,3088576,3091717,JobState.COMPLETED,1.0,0,0,0,176.53061224489798,176.53061224489795,119730122.4489796
jid_674234,59279.0,445.0,12,1860,3090133,3090133,3091994,JobState.COMPLETED,1.0,0,0,0,176.5306122448977,176.53061224489795,3940163.2653061165
jid_674246,71.0,49.0,216,3801,3088524,3088524,3092326,JobState.COMPLETED,1.0,0,0,0,176.53061224489835,176.53061224489795,144934457.14285746
jid_674259,59278.0,445.0,6,3051,3090155,3090155,3093207,JobState.COMPLETED,1.0,0,0,0,176.53061224489815,176.53061224489795,3231569.3877551053
jid_674263,1038.0,211.0,24,86036,3007697,3007702,3093739,JobState.COMPLETED,0.6808336484626084,0,0,0,137.4490181791151,137.4490181790949,283813529.4734003
jid_674267,1267.0,537.0,64,8,3093932,3093932,3093941,JobState.COMPLETED,1.0,0,0,0,176.53061224489795,176.53061224489795,90383.67346938775
jid_674268,59286.0,445.0,48,881,3093173,3093173,3094055,JobState.COMPLETED,1.0,0,0,0,176.5306122448981,176.53061224489795,7465126.530612251
jid_674288,1267.0,537.0,64,6,3095143,3095143,3095150,JobState.COMPLETED,1.0,0,0,0,176.53061224489795,176.53061224489795,67787.75510204081
jid_674295,56006.0,262.0,2,671,3094508,3094508,3095180,JobState.COMPLETED,0.6864980736231016,0,0,0,138.1426212599716,138.14262125997163,185387.3977308819
jid_674300,56006.0,262.0,2,658,3094528,3094528,3095187,JobState.COMPLETED,0.6907590949539802,0,0,0,138.6643789739567,138.66437897395676,182482.32272972702
jid_674299,56006.0,262.0,2,680,3094508,3094508,3095189,JobState.COMPLETED,0.6838409344755183,0,0,0,137.81725728271644,137.81725728271653,187431.46990449436
jid_674302,56006.0,262.0,2,684,3094507,3094507,3095192,JobState.COMPLETED,0.6833019432466351,0,0,0,137.75125835673074,137.75125835673083,188443.72143200765
jid_674316,56006.0,262.0,2,672,3094523,3094523,3095196,JobState.COMPLETED,0.6862132966642214,0,0,0,138.10775061194548,138.10775061194548,185616.8168224547
jid_674322,56006.0,262.0,2,672,3094523,3094523,3095196,JobState.COMPLETED,0.6855343802846589,0,0,0,138.0246179940398,138.02461799403986,185505.0865839895
jid_674319,56006.0,262.0,2,690,3094507,3094507,3095198,JobState.COMPLETED,0.6895729710041152,0,0,0,138.5191393066263,138.51913930662636,191156.4122431443
jid_674332,56006.0,262.0,2,669,3094529,3094529,3095199,JobState.COMPLETED,0.6875853803517452,0,0,0,138.27576085939734,138.2757608593974,185012.96802987365
jid_674342,56006.0,262.0,2,679,3094522,3094522,3095202,JobState.COMPLETED,0.6845087452946002,0,0,0,137.89903003607353,137.8990300360735,187266.88278898786
jid_674327,56006.0,262.0,2,695,3094507,3094507,3095203,JobState.COMPLETED,0.6879491193993749,0,0,0,138.3203003346172,138.32030033461731,192265.21746511792
jid_674352,56006.0,262.0,2,687,3094517,3094517,3095205,JobState.COMPLETED,0.6901574906942713,0,0,0,138.59071314623728,138.5907131462373,190423.63986293002
jid_674343,56006.0,262.0,2,686,3094518,3094518,3095205,JobState.COMPLETED,0.6904151927232678,0,0,0,138.6222684967268,138.62226849672666,190189.75237750917
jid_674365,56006.0,262.0,2,686,3094520,3094520,3095207,JobState.COMPLETED,0.6907127342991893,0,0,0,138.65870215908416,138.6587021590844,190239.73936226347
jid_674370,56006.0,262.0,2,688,3094519,3094519,3095208,JobState.COMPLETED,0.68966869042634,0,0,0,138.53086005220499,138.5308600522049,190618.46343183407
jid_674375,56006.0,262.0,2,687,3094520,3094520,3095208,JobState.COMPLETED,0.6821403438635096,0,0,0,137.6090216975725,137.60902169757262,189074.7958124646
jid_674369,56006.0,262.0,2,686,3094521,3094521,3095208,JobState.COMPLETED,0.6823297210022136,0,0,0,137.63221073496499,137.63221073496493,188831.39312837197
jid_674382,56006.0,262.0,2,699,3094510,3094510,3095210,JobState.COMPLETED,0.6867895985989189,0,0,0,138.17831819578595,138.17831819578598,193173.28883770877
jid_674380,56006.0,262.0,2,688,3094521,3094521,3095210,JobState.COMPLETED,0.6819888428522837,0,0,0,137.59047055334105,137.59047055334088,189324.4874813973
jid_674390,56006.0,262.0,2,703,3094508,3094508,3095212,JobState.COMPLETED,0.6856954014403411,0,0,0,138.04433487024582,138.04433487024585,194090.33482756562
jid_674489,56006.0,262.0,2,689,3094522,3094522,3095212,JobState.COMPLETED,0.6898317757262832,0,0,0,138.55082968076934,138.55082968076937,190923.04330010014
jid_674393,56006.0,262.0,2,695,3094517,3094517,3095213,JobState.COMPLETED,0.6881167559995248,0,0,0,138.34082726524792,138.34082726524792,192293.7498986946
jid_674398,56006.0,262.0,2,692,3094520,3094520,3095213,JobState.COMPLETED,0.6884228268734714,0,0,0,138.3783053314455,138.3783053314455,191515.57457872055
jid_674408,56006.0,262.0,2,683,3094529,3094529,3095213,JobState.COMPLETED,0.6840122886975661,0,0,0,137.838239432355,137.83823943235504,188287.03506459694
jid_674409,56006.0,262.0,2,686,3094527,3094527,3095214,JobState.COMPLETED,0.690579061023807,0,0,0,138.6423340029152,138.64233400291513,190217.28225199966
jid_674394,56006.0,262.0,2,696,3094518,3094518,3095215,JobState.COMPLETED,0.6879257468808944,0,0,0,138.317438393579,138.31743839357893,192537.874243862
jid_674406,56006.0,262.0,2,694,3094520,3094520,3095215,JobState.COMPLETED,0.6884420477577677,0,0,0,138.38065890911452,138.38065890911443,192072.35456585095
jid_674417,56006.0,262.0,2,688,3094526,3094526,3095215,JobState.COMPLETED,0.6825359870234151,0,0,0,137.65746779878543,137.65746779878555,189416.67569112877
jid_674418,56006.0,262.0,2,701,3094514,3094514,3095216,JobState.COMPLETED,0.686926921400794,0,0,0,138.19513323275004,138.1951332327503,193749.57679231555
jid_674423,56006.0,262.0,2,697,3094521,3094521,3095219,JobState.COMPLETED,0.6876299145989027,0,0,0,138.28121403251865,138.2812140325187,192764.012361331
jid_674427,56006.0,262.0,2,708,3094511,3094511,3095220,JobState.COMPLETED,0.6930022393934533,0,0,0,138.93904972164745,138.93904972164734,196737.6944058528
jid_674444,56006.0,262.0,2,697,3094523,3094523,3095221,JobState.COMPLETED,0.6872412535266589,0,0,0,138.2336228808155,138.23362288081537,192697.67029585678
jid_674437,56006.0,262.0,2,701,3094521,3094521,3095223,JobState.COMPLETED,0.6864819169019928,0,0,0,138.14064288595836,138.1406428859583,193673.1813261136
jid_674453,56006.0,262.0,2,712,3094518,3094518,3095231,JobState.COMPLETED,0.6918986111114238,0,0,0,138.80391156466425,138.80391156466416,197656.77006808188
jid_674466,56006.0,262.0,2,706,3094524,3094524,3095231,JobState.COMPLETED,0.6937100358279918,0,0,0,139.0257186728153,139.02571867281532,196304.3147660152
jid_674465,56006.0,262.0,2,716,3094517,3094517,3095234,JobState.COMPLETED,0.6912854481511727,0,0,0,138.7288303858579,138.7288303858579,198659.6851125485
jid_674481,56006.0,262.0,2,710,3094526,3094526,3095237,JobState.COMPLETED,0.6843845227001301,0,0,0,137.88381910613856,137.8838191061384,195795.02313071676
jid_674477,56006.0,262.0,2,722,3094516,3094516,3095239,JobState.COMPLETED,0.6891802590863422,0,0,0,138.4710521330216,138.4710521330215,199952.19928008318
jid_674483,56006.0,262.0,2,717,3094525,3094525,3095243,JobState.COMPLETED,0.6909011766822201,0,0,0,138.68177673659847,138.68177673659838,198869.6678402822
jid_674498,71.0,49.0,216,3137,3092627,3092627,3095765,JobState.COMPLETED,1.0,0,0,0,176.53061224489795,176.53061224489795,119615730.61224489
jid_674529,55944.0,530.0,499,24,3095926,3095926,3095951,JobState.COMPLETED,1.0,0,0,0,176.53061224489795,176.53061224489795,2114130.612244898
jid_674575,377.0000000000073,558.0,32,19,3096334,3096334,3096354,JobState.COMPLETED,1.0,0,0,0,176.53061224489795,176.53061224489795,107330.61224489796
jid_674590,59301.0,262.0,2,1122,3095498,3095498,3096621,JobState.COMPLETED,0.6919431276837618,0,0,0,138.80936257352187,138.80936257352187,311488.20961498306
jid_674592,59303.0,262.0,2,1115,3095509,3095509,3096625,JobState.COMPLETED,0.6928685364903704,0,0,0,138.92267793759663,138.92267793759638,309797.5718008405
jid_674598,59309.0,262.0,2,1117,3095515,3095515,3096633,JobState.COMPLETED,0.6929283545780403,0,0,0,138.930002601393,138.9300026013927,310369.62581151194
jid_674609,59320.0,262.0,2,1118,3095518,3095518,3096637,JobState.COMPLETED,0.6939018042942308,0,0,0,139.04920052582395,139.04920052582418,310914.0123757424
jid_674613,59324.0,262.0,2,1124,3095514,3095514,3096639,JobState.COMPLETED,0.6911525551043393,0,0,0,138.7125577678781,138.71255776787828,311825.82986219
jid_674618,59329.0,262.0,2,1139,3095500,3095500,3096640,JobState.COMPLETED,0.6888607145280387,0,0,0,138.43192422792333,138.4319242279231,315347.92339120933
jid_674621,59332.0,262.0,2,1146,3095499,3095499,3096646,JobState.COMPLETED,0.6965849683313937,0,0,0,139.3777512242523,139.3777512242523,319453.8058059863
jid_674625,59335.0,262.0,2,1145,3095501,3095501,3096647,JobState.COMPLETED,0.6881661919799327,0,0,0,138.34688065060425,138.34688065060402,316814.35668988375
jid_674633,59343.0,262.0,2,1142,3095506,3095506,3096649,JobState.COMPLETED,0.6888407655963122,0,0,0,138.4294815015892,138.42948150158924,316172.93574962975
jid_674636,59346.0,262.0,2,1143,3095508,3095508,3096652,JobState.COMPLETED,0.6888064708859819,0,0,0,138.42528214930417,138.4252821493039,316440.1949933093
jid_674662,59372.0,262.0,2,1155,3095504,3095504,3096660,JobState.COMPLETED,0.6952061215091455,0,0,0,139.20891283785429,139.20891283785454,321572.5886554434
jid_674660,59370.0,262.0,2,1162,3095498,3095498,3096661,JobState.COMPLETED,0.6853389535386198,0,0,0,138.00068818840228,138.00068818840245,320713.5993498469
jid_674667,59377.0,262.0,2,1159,3095503,3095503,3096663,JobState.COMPLETED,0.6942801282016082,0,0,0,139.0955259022376,139.09552590223774,322423.42904138676
jid_674675,59385.0,262.0,2,1157,3095505,3095505,3096663,JobState.COMPLETED,0.6955623984030186,0,0,0,139.25253857996168,139.25253857996145,322230.3742740313
jid_674677,59387.0,262.0,2,1148,3095518,3095518,3096667,JobState.COMPLETED,0.6884490616170792,0,0,0,138.38151774903042,138.3815177490301,317723.96475177386
jid_674683,59393.0,262.0,2,1168,3095499,3095499,3096668,JobState.COMPLETED,0.6929217901440831,0,0,0,138.92919879315335,138.92919879315303,324538.6083808062
jid_674690,59400.0,262.0,2,1163,3095505,3095505,3096669,JobState.COMPLETED,0.693954248063182,0,0,0,139.0556222118179,139.0556222118182,323443.37726468843
jid_674684,59394.0,262.0,2,1157,3095512,3095512,3096670,JobState.COMPLETED,0.6948700519223673,0,0,0,139.1677614598815,139.16776145988172,322034.20001816575
jid_674698,59408.0,262.0,2,1177,3095497,3095497,3096675,JobState.COMPLETED,0.6827042397168394,0,0,0,137.67807016940924,137.6780701694089,324094.17717878934
jid_674701,59411.0,262.0,2,1177,3095497,3095497,3096675,JobState.COMPLETED,0.6833405708131877,0,0,0,137.7559882628393,137.7559882628393,324277.59637072374
jid_674715,59425.0,262.0,2,1169,3095505,3095505,3096675,JobState.COMPLETED,0.6932926924930752,0,0,0,138.97461540731499,138.97461540731533,324922.65082230244
jid_674712,59422.0,262.0,2,1157,3095518,3095518,3096676,JobState.COMPLETED,0.6871351113278292,0,0,0,138.22062587687688,138.22062587687705,319842.5282790931
jid_674724,59434.0,262.0,2,1169,3095509,3095509,3096679,JobState.COMPLETED,0.6924428353520654,0,0,0,138.87055126760018,138.87055126759984,324679.34886364924
jid_674737,59447.0,262.0,2,1182,3095502,3095502,3096685,JobState.COMPLETED,0.6904529638218619,0,0,0,138.62689352920788,138.6268935292076,327713.97630304744
jid_674747,59457.0,262.0,2,1173,3095514,3095514,3096688,JobState.COMPLETED,0.6834630832942022,0,0,0,137.77098979112668,137.77098979112682,323210.7420499832
jid_674758,59468.0,262.0,2,1183,3095507,3095507,3096691,JobState.COMPLETED,0.6956840663091725,0,0,0,139.26743669091923,139.26743669091908,329506.7552107149
jid_674761,59471.0,262.0,2,1178,3095513,3095513,3096692,JobState.COMPLETED,0.6911308711733829,0,0,0,138.70990259265955,138.70990259265912,326800.5305083059
jid_674769,59479.0,262.0,2,1199,3095497,3095497,3096697,JobState.COMPLETED,0.6927571249525657,0,0,0,138.9090357084771,138.9090357084774,333103.86762892804
jid_674773,59482.0,262.0,2,1197,3095502,3095502,3096700,JobState.COMPLETED,0.6887698603052467,0,0,0,138.42079922105043,138.4207992210506,331379.39333519473
jid_674775,59484.0,262.0,2,1184,3095515,3095515,3096700,JobState.COMPLETED,0.6902592549374688,0,0,0,138.603174073976,138.60317407397577,328212.31620717514
jid_674653,59522.0,262.0,2,1126,3095596,3095596,3096723,JobState.COMPLETED,0.6915437494855541,0,0,0,138.76045912068005,138.76045912068008,312488.5539397715
jid_674718,59547.0,262.0,2,1127,3095599,3095599,3096727,JobState.COMPLETED,0.6913876562211606,0,0,0,138.74134565973372,138.74134565973395,312722.9931170398
jid_674644,59525.0,262.0,2,1131,3095597,3095597,3096729,JobState.COMPLETED,0.690130749927598,0,0,0,138.5874387666445,138.58743876664465,313484.78649014985
jid_674617,59671.0,262.0,2,1126,3095603,3095603,3096730,JobState.COMPLETED,0.6916270576332127,0,0,0,138.77066011835265,138.7706601183526,312511.52658653015
jid_674599,59509.0,262.0,2,1134,3095598,3095598,3096733,JobState.COMPLETED,0.6901805522581843,0,0,0,138.593537011206,138.59353701120625,314330.1419414152
jid_674695,59538.0,262.0,2,1126,3095607,3095607,3096734,JobState.COMPLETED,0.69096098873545,0,0,0,138.68910066148382,138.68910066148365,312327.8546896616
jid_674776,59584.0,262.0,2,1120,3095613,3095613,3096734,JobState.COMPLETED,0.692294458512984,0,0,0,138.85238267505898,138.8523826750593,311029.3371921321
jid_674598,59501.0,262.0,2,1124,3095611,3095611,3096736,JobState.COMPLETED,0.6913521928674503,0,0,0,138.73700320825947,138.73700320825924,311880.78321216727
jid_674597,59505.0,262.0,2,1128,3095609,3095609,3096738,JobState.COMPLETED,0.6905805901900822,0,0,0,138.64252124776476,138.64252124776516,312777.5279349573
jid_674616,59528.0,262.0,2,1152,3095591,3095591,3096744,JobState.COMPLETED,0.6872454556510194,0,0,0,138.23413742665574,138.23413742665545,318491.4526310148
jid_674614,59514.0,262.0,2,1133,3095611,3095611,3096745,JobState.COMPLETED,0.6900138937685029,0,0,0,138.5731298492046,138.57312984920443,314006.7122382976
jid_674783,59489.0,262.0,2,1241,3095507,3095507,3096749,JobState.COMPLETED,0.6782785873279901,0,0,0,137.13615355036606,137.13615355036615,340371.93311200856
jid_674691,59560.0,262.0,2,1145,3095603,3095603,3096749,JobState.COMPLETED,0.688158618557013,0,0,0,138.34595329269544,138.34595329269544,316812.23304027255
jid_674710,59572.0,262.0,2,1148,3095602,3095602,3096751,JobState.COMPLETED,0.6959591736219383,0,0,0,139.30112330064551,139.30112330064551,319835.3790982821
jid_674763,59620.0,262.0,2,1160,3095592,3095592,3096753,JobState.COMPLETED,0.6941059921724086,0,0,0,139.07420312315253,139.07420312315207,322652.1512457139
jid_674679,59571.0,262.0,2,1156,3095596,3095596,3096753,JobState.COMPLETED,0.6954206963297287,0,0,0,139.23518730568128,139.23518730568105,321911.7530507351
jid_674753,59612.0,262.0,2,1156,3095596,3095596,3096753,JobState.COMPLETED,0.6946876904643393,0,0,0,139.14543148542916,139.14543148542933,321704.23759431223
jid_674665,59659.0,262.0,2,1156,3095600,3095600,3096757,JobState.COMPLETED,0.6946420052428611,0,0,0,139.13983737667692,139.1398373766769,321691.30401487707
jid_674646,59564.0,262.0,2,1156,3095607,3095607,3096764,JobState.COMPLETED,0.695347340881874,0,0,0,139.22620500594357,139.22620500594377,321890.9859737415
jid_674659,59569.0,262.0,2,1160,3095604,3095604,3096765,JobState.COMPLETED,0.6862313456403876,0,0,0,138.1099606906595,138.1099606906597,320415.10880233004
jid_674623,59539.0,262.0,2,1155,3095610,3095610,3096766,JobState.COMPLETED,0.6954388039644191,0,0,0,139.2374045670714,139.23740456707174,321638.4045499349
jid_674690,59597.0,262.0,2,1166,3095600,3095600,3096767,JobState.COMPLETED,0.693160787553425,0,0,0,138.9584637820518,138.95846378205204,324051.13753974484
jid_674731,59606.0,262.0,2,1163,3095603,3095603,3096767,JobState.COMPLETED,0.6937497663736742,0,0,0,139.03058363759237,139.03058363759277,323385.13754103985
jid_674747,59603.0,262.0,2,1156,3095610,3095610,3096767,JobState.COMPLETED,0.6867107667400173,0,0,0,138.16866531510448,138.16866531510414,319445.9542085215
jid_674719,59595.0,262.0,2,1155,3095612,3095612,3096768,JobState.COMPLETED,0.6948003399934106,0,0,0,139.15922530531535,139.1592253053156,321457.81045527844
jid_674752,59608.0,262.0,2,1155,3095612,3095612,3096768,JobState.COMPLETED,0.6949586258666253,0,0,0,139.17860724897434,139.17860724897454,321502.58274513076
jid_674688,59591.0,262.0,2,1163,3095606,3095606,3096770,JobState.COMPLETED,0.6853916095470004,0,0,0,138.00713586289785,138.007135862898,321004.5980171004
jid_674674,59577.0,262.0,2,1158,3095613,3095613,3096772,JobState.COMPLETED,0.6945999339381386,0,0,0,139.1346857883436,139.1346857883435,322235.9322858038
jid_674737,59634.0,262.0,2,1176,3095596,3095596,3096773,JobState.COMPLETED,0.6912778677495546,0,0,0,138.72790217341526,138.72790217341483,326288.0259118727
jid_674741,59669.0,262.0,2,1164,3095610,3095610,3096775,JobState.COMPLETED,0.6934717133410062,0,0,0,138.99653632746993,138.99653632747012,323583.93657034996
jid_674736,59637.0,262.0,2,1178,3095597,3095597,3096776,JobState.COMPLETED,0.6904984662805391,0,0,0,138.6324652588413,138.6324652588415,326618.0881498301
jid_674757,59642.0,262.0,2,1175,3095600,3095600,3096776,JobState.COMPLETED,0.6912745431957945,0,0,0,138.72749508519917,138.7274950851993,326009.61345021805
jid_674681,59663.0,262.0,2,1162,3095613,3095613,3096776,JobState.COMPLETED,0.6933954315710631,0,0,0,138.987195702579,138.98719570257916,323006.2428127936
jid_674715,59621.0,262.0,2,1176,3095600,3095600,3096777,JobState.COMPLETED,0.6909591951522941,0,0,0,138.688881039056,138.6888810390564,326196.2482038597
jid_674636,59576.0,262.0,2,1173,3095603,3095603,3096777,JobState.COMPLETED,0.6921020647426107,0,0,0,138.828824254197,138.82882425419723,325692.42170034617
jid_674604,59557.0,262.0,2,1176,3095601,3095601,3096778,JobState.COMPLETED,0.6874024823327475,0,0,0,138.25336518360191,138.25336518360172,325171.91491183173
jid_674661,59575.0,262.0,2,1164,3095613,3095613,3096778,JobState.COMPLETED,0.6935813563631071,0,0,0,139.00996200364546,139.0099620036458,323615.1915444866
jid_674759,59647.0,262.0,2,1181,3095597,3095597,3096779,JobState.COMPLETED,0.6901807922646456,0,0,0,138.59356639975294,138.59356639975252,327358.00383621646
jid_674606,59556.0,262.0,2,1176,3095602,3095602,3096779,JobState.COMPLETED,0.6912759532747358,0,0,0,138.72766774792717,138.72766774792683,326287.4745431247
jid_674720,59618.0,262.0,2,1171,3095607,3095607,3096779,JobState.COMPLETED,0.6975629308775745,0,0,0,139.4975017401116,139.49750174011115,326703.14907534135
jid_674581,59693.0,262.0,2,1123,3095659,3095659,3096783,JobState.COMPLETED,0.6912631090808169,0,0,0,138.72609498948796,138.7260949894878,311578.80934638996
jid_674782,59689.0,262.0,2,1176,3095607,3095607,3096784,JobState.COMPLETED,0.6915060881520451,0,0,0,138.75584752882207,138.75584752882185,326353.75338778953
jid_674745,59676.0,262.0,2,1175,3095608,3095608,3096784,JobState.COMPLETED,0.6919104152495428,0,0,0,138.80535696933148,138.80535696933177,326192.58887792897
jid_674701,59785.0,262.0,2,1131,3095653,3095653,3096785,JobState.COMPLETED,0.690501434798996,0,0,0,138.63282875089718,138.63282875089746,313587.45863452944
jid_674608,59710.0,262.0,2,1122,3095663,3095663,3096786,JobState.COMPLETED,0.6917638359579168,0,0,0,138.78740848464267,138.78740848464287,311438.9446395381
jid_674619,59702.0,262.0,2,1110,3095678,3095678,3096789,JobState.COMPLETED,0.6939185755326925,0,0,0,139.0512541468601,139.05125414686032,308693.7842060294
jid_674591,59562.0,262.0,2,1191,3095599,3095599,3096791,JobState.COMPLETED,0.6861058305362965,0,0,0,138.09459149424038,138.09459149424038,328941.3169392806
jid_674606,59729.0,262.0,2,1127,3095663,3095663,3096791,JobState.COMPLETED,0.6908767989427448,0,0,0,138.67879170727468,138.67879170727488,312581.99650819716
jid_674678,59649.0,262.0,2,1207,3095591,3095591,3096799,JobState.COMPLETED,0.6833998071936331,0,0,0,137.7632416971793,137.76324169717955,332560.4654569908
jid_674643,59610.0,262.0,2,1192,3095613,3095613,3096806,JobState.COMPLETED,0.6809318606149624,0,0,0,137.46104415693443,137.46104415693418,327707.1292701317
jid_674707,59794.0,262.0,2,1152,3095656,3095656,3096809,JobState.COMPLETED,0.6959460332269948,0,0,0,139.2995142726936,139.29951427269324,320946.0808842861
jid_674683,59775.0,262.0,2,1158,3095655,3095655,3096814,JobState.COMPLETED,0.6947259523261974,0,0,0,139.15011661137078,139.15011661137112,322271.6700719347
jid_674643,59754.0,262.0,2,1132,3095681,3095681,3096814,JobState.COMPLETED,0.6905965524007638,0,0,0,138.64447580417482,138.64447580417516,313891.0932206518
jid_674612,59722.0,262.0,2,1153,3095662,3095662,3096816,JobState.COMPLETED,0.695461683072953,0,0,0,139.24020609056595,139.24020609056566,321087.9152448451
jid_674730,59759.0,262.0,2,1151,3095664,3095664,3096816,JobState.COMPLETED,0.6871243532407708,0,0,0,138.21930856009422,138.2193085600944,318180.8483053369
jid_674648,59733.0,262.0,2,1161,3095655,3095655,3096817,JobState.COMPLETED,0.6851364008097047,0,0,0,137.9758858134336,137.97588581343325,320380.0068587928
jid_674722,59660.0,262.0,2,1213,3095605,3095605,3096819,JobState.COMPLETED,0.6857229869802239,0,0,0,138.04771269145576,138.04771269145598,334903.7509894717
jid_674679,59767.0,262.0,2,1162,3095657,3095657,3096820,JobState.COMPLETED,0.6940292568622239,0,0,0,139.06480696272092,139.06480696272132,323186.6113813634
jid_674638,59783.0,262.0,2,1168,3095652,3095652,3096821,JobState.COMPLETED,0.6847352833657866,0,0,0,137.9267693917286,137.92676939172895,322196.933299078
jid_674662,59913.0,262.0,2,1109,3095711,3095711,3096821,JobState.COMPLETED,0.6943183146168997,0,0,0,139.10020178982447,139.10020178982447,308524.2475698307
jid_674737,59826.0,262.0,2,1163,3095658,3095658,3096822,JobState.COMPLETED,0.6936241564873605,0,0,0,139.0152028351873,139.015202835187,323349.36179464567
jid_674685,59768.0,262.0,2,1161,3095664,3095664,3096826,JobState.COMPLETED,0.6942734416027645,0,0,0,139.09470713503254,139.0947071350324,322977.90996754554
jid_674711,59809.0,262.0,2,1171,3095656,3095656,3096828,JobState.COMPLETED,0.6921165840843948,0,0,0,138.8306021327827,138.83060213278304,325141.2701949771
jid_674594,59955.0,262.0,2,1121,3095707,3095707,3096829,JobState.COMPLETED,0.6919480048856684,0,0,0,138.80995978191834,138.8099597819186,311211.92983106093
jid_674673,59786.0,262.0,2,1175,3095654,3095654,3096830,JobState.COMPLETED,0.691602725522977,0,0,0,138.76768067628288,138.76768067628288,326104.0495892648
jid_674783,59887.0,262.0,2,1168,3095662,3095662,3096831,JobState.COMPLETED,0.6927285975624393,0,0,0,138.90554255866627,138.90554255866604,324483.3474170444
jid_674686,59780.0,262.0,2,1152,3095679,3095679,3096832,JobState.COMPLETED,0.6955445182871067,0,0,0,139.25034917801338,139.25034917801307,320832.80450614286
jid_674601,59918.0,262.0,2,1120,3095713,3095713,3096834,JobState.COMPLETED,0.6923091137063593,0,0,0,138.85417718853384,138.8541771885338,311033.3569023158
jid_674595,59906.0,262.0,2,1127,3095707,3095707,3096835,JobState.COMPLETED,0.690658232070032,0,0,0,138.6520284167383,138.6520284167386,312521.6720513281
jid_674723,59877.0,262.0,2,1158,3095677,3095677,3096836,JobState.COMPLETED,0.6945183344737987,0,0,0,139.12469401720008,139.12469401719986,322212.7913438354
jid_674663,59656.0,262.0,2,1227,3095611,3095611,3096839,JobState.COMPLETED,0.6837797372646353,0,0,0,137.80976374669032,137.80976374669004,338185.16023437807
jid_674672,59838.0,262.0,2,1186,3095652,3095652,3096839,JobState.COMPLETED,0.6903982030782857,0,0,0,138.6201881320353,138.62018813203497,328807.08624918776
jid_674647,59774.0,262.0,2,1157,3095681,3095681,3096839,JobState.COMPLETED,0.6950008650146157,0,0,0,139.18377938954475,139.18377938954478,322071.26550740656
jid_674587,59959.0,262.0,2,1128,3095711,3095711,3096840,JobState.COMPLETED,0.6914407817500717,0,0,0,138.7478508265394,138.74785082653938,313015.1514646729
jid_674762,59846.0,262.0,2,1162,3095678,3095678,3096841,JobState.COMPLETED,0.6936278176926833,0,0,0,139.01565114604276,139.01565114604287,323072.37326340337
jid_674600,59900.0,262.0,2,1131,3095709,3095709,3096841,JobState.COMPLETED,0.690823451025692,0,0,0,138.6722593092687,138.6722593092684,313676.6505575658
jid_674712,59752.0,262.0,2,1158,3095683,3095683,3096842,JobState.COMPLETED,0.6862711250024832,0,0,0,138.1148316329568,138.11483163295713,319873.95006192796
jid_674740,59760.0,262.0,2,1168,3095674,3095674,3096843,JobState.COMPLETED,0.684610488123553,0,0,0,137.91148834165915,137.91148834165952,322161.23676611576
jid_674597,59717.0,262.0,2,1166,3095677,3095677,3096844,JobState.COMPLETED,0.6935138842790055,0,0,0,139.0017001157962,139.0017001157966,324151.96467003674
jid_674774,60044.0,262.0,2,1119,3095725,3095725,3096845,JobState.COMPLETED,0.6926039456154706,0,0,0,138.89027905495593,138.89027905495558,310836.4445249914
jid_674720,59821.0,262.0,2,1171,3095675,3095675,3096847,JobState.COMPLETED,0.6923803595830906,0,0,0,138.86290117343935,138.86290117343967,325216.91454819497
jid_674588,59897.0,262.0,2,1131,3095717,3095717,3096849,JobState.COMPLETED,0.6903764181397004,0,0,0,138.61752058853517,138.61752058853475,313552.8315712666
jid_674608,59907.0,262.0,2,1135,3095715,3095715,3096851,JobState.COMPLETED,0.6893238322857255,0,0,0,138.48863252478262,138.48863252478273,314369.1958312565
jid_674613,59898.0,262.0,2,1129,3095722,3095722,3096852,JobState.COMPLETED,0.6903023556145511,0,0,0,138.6084517079039,138.6084517079042,312977.883956447
jid_674584,59895.0,262.0,2,1146,3095706,3095706,3096853,JobState.COMPLETED,0.7204492172604257,0,0,0,142.29990415433755,142.29990415433784,326151.3803217417
jid_674639,59919.0,262.0,2,1142,3095710,3095710,3096853,JobState.COMPLETED,0.6884038397897556,0,0,0,138.37598038241921,138.37598038241904,316050.7391934455
jid_674677,59939.0,262.0,2,1127,3095726,3095726,3096854,JobState.COMPLETED,0.6911316210392888,0,0,0,138.70999441297454,138.70999441297414,312652.3274068446
jid_674696,60114.0,262.0,2,1103,3095757,3095757,3096861,JobState.COMPLETED,0.6955012069180857,0,0,0,139.2450457450719,139.24504574507174,307174.5709136286
jid_674659,59803.0,262.0,2,1189,3095672,3095672,3096862,JobState.COMPLETED,0.6896149705286312,0,0,0,138.5242821055468,138.5242821055467,329410.7428469903
jid_674776,59932.0,262.0,2,1136,3095725,3095725,3096862,JobState.COMPLETED,0.6897141051983772,0,0,0,138.5364210446991,138.53642104469924,314754.7486135563
jid_674719,59815.0,262.0,2,1182,3095680,3095680,3096863,JobState.COMPLETED,0.691192211949988,0,0,0,138.71741370816193,138.71741370816179,327927.9660060948
jid_674746,59954.0,262.0,2,1150,3095713,3095713,3096864,JobState.COMPLETED,0.6869542360698607,0,0,0,138.19847788610568,138.1984778861054,317856.4991380431
jid_674665,59874.0,262.0,2,1204,3095660,3095660,3096865,JobState.COMPLETED,0.6866524227515557,0,0,0,138.1615211532517,138.16152115325173,332692.9429370301
jid_674665,60069.0,262.0,2,1152,3095712,3095712,3096865,JobState.COMPLETED,0.6953583190882123,0,0,0,139.2275492761074,139.22754927610762,320780.2735321514
jid_674759,60004.0,262.0,2,1155,3095710,3095710,3096866,JobState.COMPLETED,0.6955021004189418,0,0,0,139.2451551533396,139.24515515333982,321656.30840421445
jid_674755,60032.0,262.0,2,1148,3095717,3095717,3096866,JobState.COMPLETED,0.6880460184272786,0,0,0,138.33216552170776,138.3321655217076,317610.65203784104
jid_674611,60106.0,262.0,2,1118,3095747,3095747,3096866,JobState.COMPLETED,0.6932484145782744,0,0,0,138.9691936218296,138.9691936218295,310735.11693841097
jid_674709,59952.0,262.0,2,1142,3095724,3095724,3096867,JobState.COMPLETED,0.6884996576693246,0,0,0,138.38771318399859,138.38771318399895,316077.5369122528
jid_674744,60029.0,262.0,2,1151,3095717,3095717,3096869,JobState.COMPLETED,0.6958297087023019,0,0,0,139.2852704533433,139.28527045334306,320634.6925835963
jid_674633,60056.0,262.0,2,1156,3095713,3095713,3096870,JobState.COMPLETED,0.6950968440114923,0,0,0,139.1955319197749,139.19553191977457,321820.0697985196
jid_674698,59963.0,262.0,2,1166,3095704,3095704,3096871,JobState.COMPLETED,0.6848039778544819,0,0,0,137.93518096177297,137.93518096177328,321664.84200285457
jid_674584,60097.0,262.0,2,1127,3095744,3095744,3096872,JobState.COMPLETED,0.691689917710959,0,0,0,138.77835727072988,138.77835727072966,312806.41728822514
jid_674685,59961.0,262.0,2,1157,3095715,3095715,3096873,JobState.COMPLETED,0.6944396225897306,0,0,0,139.11505582731434,139.11505582731394,321912.23918440536
jid_674706,60007.0,262.0,2,1157,3095715,3095715,3096873,JobState.COMPLETED,0.6864368313491684,0,0,0,138.13512220602036,138.1351222060206,319644.6727847311
jid_674756,59881.0,262.0,2,1197,3095676,3095676,3096874,JobState.COMPLETED,0.6878933398831902,0,0,0,138.3134701897781,138.3134701897784,331122.44763432874
jid_674680,60052.0,262.0,2,1160,3095714,3095714,3096875,JobState.COMPLETED,0.6945386008080991,0,0,0,139.1271756091552,139.12717560915502,322775.04741324
jid_674738,59836.0,262.0,2,1195,3095680,3095680,3096876,JobState.COMPLETED,0.6884887179417306,0,0,0,138.38637362551844,138.38637362551802,330743.4329649891
jid_674654,60066.0,262.0,2,1160,3095716,3095716,3096877,JobState.COMPLETED,0.6938368831345578,0,0,0,139.04125099606802,139.0412509960683,322575.7023108778
jid_674624,59949.0,262.0,2,1168,3095709,3095709,3096878,JobState.COMPLETED,0.6839065187800253,0,0,0,137.82528801388068,137.82528801388065,321959.8728004253
jid_674625,60131.0,262.0,2,1131,3095746,3095746,3096878,JobState.COMPLETED,0.6907232280577545,0,0,0,138.65998710911296,138.65998710911282,313648.8908408135
jid_674612,59956.0,262.0,2,1166,3095713,3095713,3096880,JobState.COMPLETED,0.6929973146191575,0,0,0,138.9384466880601,138.9384466880601,324004.4576765562
jid_674745,60071.0,262.0,2,1159,3095720,3095720,3096880,JobState.COMPLETED,0.6939258537077607,0,0,0,139.0521453519705,139.0521453519707,322322.8729258676
jid_674653,59968.0,262.0,2,1171,3095709,3095709,3096881,JobState.COMPLETED,0.6923674373013962,0,0,0,138.86131885323232,138.86131885323218,325213.2087542701
jid_674605,59976.0,262.0,2,1165,3095715,3095715,3096881,JobState.COMPLETED,0.693053067322806,0,0,0,138.94527354973107,138.94527354973135,323742.4873708734
jid_674678,60050.0,262.0,2,1178,3095704,3095704,3096883,JobState.COMPLETED,0.6915796473413238,0,0,0,138.76485477648887,138.76485477648862,326929.9978534078
jid_674650,60126.0,262.0,2,1133,3095749,3095749,3096883,JobState.COMPLETED,0.6902823288088484,0,0,0,138.60599944598118,138.60599944598144,314081.19474459335
jid_674705,60024.0,262.0,2,1167,3095716,3095716,3096884,JobState.COMPLETED,0.6931632088939361,0,0,0,138.95876027272652,138.9587602727269,324329.7464765437
jid_674582,59896.0,262.0,2,1176,3095708,3095708,3096885,JobState.COMPLETED,0.69187773419164,0,0,0,138.80135520713927,138.8013552071396,326460.78744719154
jid_674733,60041.0,262.0,2,1179,3095706,3095706,3096886,JobState.COMPLETED,0.6911994577095776,0,0,0,138.71830094403015,138.71830094402992,327097.75362602307
jid_674706,60165.0,262.0,2,1134,3095753,3095753,3096888,JobState.COMPLETED,0.690172059006486,0,0,0,138.59249702120215,138.59249702120238,314327.7832440865
jid_674711,60031.0,262.0,2,1183,3095707,3095707,3096891,JobState.COMPLETED,0.6907897556461438,0,0,0,138.6681333444253,138.66813334442577,328088.8034929103
jid_674742,60017.0,262.0,2,1170,3095720,3095720,3096891,JobState.COMPLETED,0.692458273178151,0,0,0,138.87244161365152,138.87244161365115,324961.5133759446
jid_674762,60221.0,262.0,2,1129,3095761,3095761,3096891,JobState.COMPLETED,0.6911327845078913,0,0,0,138.7101368785171,138.7101368785173,313207.4890716916
jid_674631,60001.0,262.0,2,1186,3095705,3095705,3096892,JobState.COMPLETED,0.6946891154707951,0,0,0,139.14560597601533,139.14560597601573,330053.37737510836
jid_674642,59965.0,262.0,2,1172,3095719,3095719,3096892,JobState.COMPLETED,0.6970605402050059,0,0,0,139.4359845148989,139.43598451489868,326837.94770292303
jid_674627,60130.0,262.0,2,1126,3095765,3095765,3096892,JobState.COMPLETED,0.6913679035845737,0,0,0,138.73892696953956,138.73892696953965,312440.0635354031
jid_674724,60078.0,262.0,2,1178,3095717,3095717,3096896,JobState.COMPLETED,0.6913220124948153,0,0,0,138.73330765242642,138.7333076524264,326855.67282911664
jid_674684,59856.0,262.0,2,1221,3095676,3095676,3096898,JobState.COMPLETED,0.6894987289911538,0,0,0,138.5100484478967,138.5100484478964,338241.53830976377
jid_674732,60036.0,262.0,2,1173,3095724,3095724,3096898,JobState.COMPLETED,0.6917504369519138,0,0,0,138.78576779003018,138.78576779003026,325591.4112354108
jid_674686,59992.0,262.0,2,1175,3095723,3095723,3096899,JobState.COMPLETED,0.6918217284573901,0,0,0,138.7944973621292,138.79449736212942,326167.0688010036
jid_674648,60136.0,262.0,2,1153,3095745,3095745,3096899,JobState.COMPLETED,0.6918853656074485,0,0,0,138.80228966621834,138.80228966621817,320078.0799702995
jid_674741,60237.0,262.0,2,1139,3095760,3095760,3096900,JobState.COMPLETED,0.6890288073770876,0,0,0,138.45250702576593,138.45250702576584,315394.8110046948
jid_674761,60064.0,262.0,2,1180,3095721,3095721,3096902,JobState.COMPLETED,0.6908792987889651,0,0,0,138.67909781089338,138.6790978108937,327282.67083370837
jid_674677,60137.0,262.0,2,1136,3095765,3095765,3096902,JobState.COMPLETED,0.6893110325427007,0,0,0,138.48706520931043,138.4870652093103,314642.6121555533
jid_674715,60214.0,262.0,2,1151,3095751,3095751,3096903,JobState.COMPLETED,0.6956919094790531,0,0,0,139.26839707906768,139.26839707906774,320595.8500760138
jid_674775,60058.0,262.0,2,1180,3095723,3095723,3096904,JobState.COMPLETED,0.6906099814595189,0,0,0,138.64612017871684,138.64612017871661,327204.8436217717
jid_674720,60040.0,262.0,2,1186,3095719,3095719,3096906,JobState.COMPLETED,0.6945095085864322,0,0,0,139.12361329629815,139.1236132962978,330001.2107388192
jid_674747,60174.0,262.0,2,1148,3095761,3095761,3096910,JobState.COMPLETED,0.6881590001804248,0,0,0,138.34600002209297,138.34600002209285,317642.41605072544
jid_674670,60151.0,262.0,2,1165,3095745,3095745,3096911,JobState.COMPLETED,0.6854538439861529,0,0,0,138.01475640646785,138.01475640646768,321574.3824270701
jid_674678,60253.0,262.0,2,1169,3095742,3095742,3096912,JobState.COMPLETED,0.6927138949670848,0,0,0,138.9037422408674,138.90374224086753,324756.9493591479
jid_674669,60201.0,262.0,2,1157,3095756,3095756,3096914,JobState.COMPLETED,0.6947974049388418,0,0,0,139.1588659108784,139.1588659108786,322013.6157177726
jid_674713,60057.0,262.0,2,1192,3095724,3095724,3096917,JobState.COMPLETED,0.6942030844312971,0,0,0,139.08609197117943,139.08609197117926,331581.24325929175
jid_674582,60111.0,262.0,2,1169,3095747,3095747,3096917,JobState.COMPLETED,0.692703863195839,0,0,0,138.90251386071532,138.90251386071498,324754.0774063524
jid_674774,60235.0,262.0,2,1152,3095764,3095764,3096917,JobState.COMPLETED,0.6955373871471974,0,0,0,139.24947597720754,139.24947597720782,320830.7926514862
jid_674725,59865.0,262.0,2,1238,3095682,3095682,3096921,JobState.COMPLETED,0.6826503083685662,0,0,0,137.67146633084485,137.67146633084485,340874.5506351718
jid_674771,60194.0,262.0,2,1157,3095763,3095763,3096921,JobState.COMPLETED,0.6947814301879385,0,0,0,139.15690981893158,139.15690981893124,322009.08932100766
jid_674593,60102.0,262.0,2,1177,3095744,3095744,3096922,JobState.COMPLETED,0.6910767827571173,0,0,0,138.70327952127988,138.70327952127968,326507.51999309286
jid_674708,60260.0,262.0,2,1176,3095745,3095745,3096922,JobState.COMPLETED,0.6916657117913079,0,0,0,138.77539328056812,138.7753932805683,326399.7249958962
jid_674597,60138.0,262.0,2,1161,3095760,3095760,3096922,JobState.COMPLETED,0.6939037582748482,0,0,0,139.04943978875735,139.04943978875693,322872.7991894946
jid_674738,60209.0,262.0,2,1159,3095763,3095763,3096923,JobState.COMPLETED,0.694382428696962,0,0,0,139.10805249350585,139.10805249350557,322452.4656799466
jid_674579,60132.0,262.0,2,1181,3095743,3095743,3096925,JobState.COMPLETED,0.6827809418652183,0,0,0,137.68746226921033,137.6874622692104,325217.7858798748
jid_674653,60177.0,262.0,2,1178,3095747,3095747,3096926,JobState.COMPLETED,0.6917579725679043,0,0,0,138.78669051851867,138.7866905185189,326981.44286163
jid_674665,60272.0,262.0,2,1175,3095750,3095750,3096926,JobState.COMPLETED,0.6917110620420363,0,0,0,138.78094637249387,138.78094637249424,326135.2239753606
jid_674775,60255.0,262.0,2,1165,3095761,3095761,3096927,JobState.COMPLETED,0.6939326084807058,0,0,0,139.05297246702506,139.05297246702523,323993.4258481684
jid_674610,60152.0,262.0,2,1164,3095762,3095762,3096927,JobState.COMPLETED,0.6848039930391706,0,0,0,137.93518282112336,137.93518282112294,321113.1056075752
jid_674727,60170.0,262.0,2,1165,3095764,3095764,3096930,JobState.COMPLETED,0.6851092510001465,0,0,0,137.97256134695647,137.97256134695672,321476.0679384086
jid_674668,60198.0,262.0,2,1173,3095758,3095758,3096932,JobState.COMPLETED,0.6916416006832812,0,0,0,138.77244089999337,138.77244089999363,325560.14635138446
jid_674720,60248.0,262.0,2,1174,3095758,3095758,3096933,JobState.COMPLETED,0.6921734163840859,0,0,0,138.8375611898882,138.83756118988808,325990.59367385745
jid_674647,60199.0,262.0,2,1172,3095763,3095763,3096936,JobState.COMPLETED,0.6921656844660042,0,0,0,138.83661442440837,138.83661442440868,325433.0242108132
jid_674745,60275.0,262.0,2,1178,3095758,3095758,3096937,JobState.COMPLETED,0.6912663212023387,0,0,0,138.7264883104907,138.72648831049045,326839.6064595161
jid_674766,60271.0,262.0,2,1180,3095765,3095765,3096946,JobState.COMPLETED,0.6907924546695844,0,0,0,138.66846383709174,138.66846383709196,327257.5746555365
jid_674726,60279.0,262.0,2,1193,3095763,3095763,3096957,JobState.COMPLETED,0.6887642959758135,0,0,0,138.42011787458966,138.4201178745894,330270.40124877094
jid_674794,111.0,65.0,100,3924,3093465,3093465,3097390,JobState.COMPLETED,1.0,0,0,0,176.53061224489701,176.53061224489795,69270612.24489759
jid_675002,377.0000000000073,558.0,1,50,3098214,3098214,3098265,JobState.COMPLETED,1.0,0,0,0,176.53061224489795,176.53061224489795,8826.530612244898
jid_675296,105.0,62.0,1536,17007,3081849,3081849,3098857,JobState.COMPLETED,1.0,0,0,0,176.5306122448939,176.53061224489795,4611465404.081527
jid_673488,301.0,549.0,385,316,3085366,3098857,3099174,JobState.COMPLETED,1.0,0,0,0,176.53061224489792,176.53061224489795,21476714.28571428
jid_675311,1267.0,577.0,60,902,3099363,3099363,3100266,JobState.COMPLETED,1.0,0,0,0,176.53061224489784,176.53061224489795,9553836.73469387
jid_674253,9.000000000007276,26.0,24,1253,3091469,3099174,3100428,JobState.COMPLETED,1.0,0,0,0,176.5306122448983,176.53061224489795,5308628.571428582
jid_674993,14828.0,432.0,27,39337,3061174,3061174,3100512,JobState.COMPLETED,1.0,0,0,0,176.53061224491145,176.53061224489795,187492986.7347082
jid_675317,34.0,485.0,15,108,3100502,3100512,3100621,JobState.COMPLETED,1.0,0,0,0,176.53061224489795,176.53061224489795,285979.5918367347
jid_675318,15176.0,185.0,20,85568,3015080,3015085,3100654,JobState.COMPLETED,1.0,0,0,0,176.53061224487644,176.53061224489795,302107428.57139176
jid_674231,34.0,573.0,688,2044,3089681,3098857,3100902,JobState.COMPLETED,1.0,0,0,0,176.5306122448985,176.53061224489795,248250057.1428579
jid_675335,14805.0,432.0,27,39764,3061173,3061173,3100938,JobState.COMPLETED,1.0,0,0,0,176.5306122449116,176.53061224489795,189528208.16327995
jid_675321,55930.0,375.0,384,170,3100498,3100902,3101073,JobState.COMPLETED,0.5372490109374353,0,0,0,119.86722582907373,119.86722582907369,7824932.502121934
jid_675322,1308.0,140.0,128,68,3100759,3101073,3101142,JobState.COMPLETED,1.0,0,0,0,176.53061224489798,176.53061224489795,1536522.448979592
jid_675333,55930.0,375.0,384,390,3100836,3100938,3101329,JobState.COMPLETED,0.5335931718998167,0,0,0,119.4195720693654,119.41957206936532,17884275.11310816
jid_675334,40639.0,178.0,512,68,3101179,3101329,3101398,JobState.COMPLETED,0.5720390004561295,0,0,0,124.12722454564849,124.12722454564852,4321613.449781298
jid_673519,662.0,108.0,5462,2588,3084297,3098857,3101446,JobState.COMPLETED,1.0,0,0,0,176.5306122448976,176.53061224489795,2495376008.1632605
jid_673681,59081.0,191.0,128,13,3090157,3101446,3101460,JobState.COMPLETED,1.0,0,0,0,176.53061224489795,176.53061224489795,293746.9387755102
jid_674279,59288.0,501.0,15,24,3094531,3101446,3101471,JobState.COMPLETED,0.5302674420284179,0,0,0,119.01233984021444,119.01233984021444,42844.442342477196
jid_674272,59068.0,522.0,36,47,3094193,3101446,3101494,JobState.COMPLETED,1.0,0,0,0,176.53061224489795,176.53061224489795,298689.79591836734
jid_675357,60093.0,579.0,4,3,3102066,3102066,3102070,JobState.COMPLETED,1.0,0,0,0,176.53061224489795,176.53061224489795,2118.3673469387754
jid_675371,34.0,328.0,1,242,3102799,3102799,3103042,JobState.COMPLETED,0.6033729944795008,0,0,0,127.96404014034704,127.96404014034702,30967.297713963984
jid_674906,14788.0,432.0,27,42388,3061176,3061176,3103565,JobState.COMPLETED,1.0,0,0,0,176.5306122449125,176.53061224489795,202035048.97960848
jid_675457,59091.0,376.0,1,31,3104343,3104343,3104375,JobState.COMPLETED,1.0,0,0,0,176.53061224489795,176.53061224489795,5472.448979591836
jid_675453,1469.0,159.0,30,1274,3103130,3103130,3104405,JobState.COMPLETED,1.0,0,0,0,176.53061224489818,176.53061224489795,6747000.000000008
jid_675453,1469.0,159.0,30,1277,3103130,3103130,3104408,JobState.COMPLETED,1.0,0,0,0,176.53061224489818,176.53061224489795,6762887.755102049
jid_675453,1469.0,159.0,30,1280,3103130,3103130,3104411,JobState.COMPLETED,1.0,0,0,0,176.53061224489818,176.53061224489795,6778775.51020409
jid_675453,1469.0,159.0,30,1305,3103130,3103130,3104436,JobState.COMPLETED,1.0,0,0,0,176.5306122448982,176.53061224489795,6911173.469387765
jid_675453,1469.0,159.0,30,1316,3103130,3103130,3104447,JobState.COMPLETED,1.0,0,0,0,176.5306122448982,176.53061224489795,6969428.571428581
jid_675458,111.0,65.0,75,4041,3100382,3100428,3104470,JobState.COMPLETED,1.0,0,0,0,176.5306122448992,176.53061224489795,53502015.306122825
jid_675453,1469.0,159.0,30,1392,3103130,3103130,3104523,JobState.COMPLETED,1.0,0,0,0,176.53061224489826,176.53061224489795,7371918.367346952
jid_675465,60093.0,579.0,4,3,3104577,3104577,3104581,JobState.COMPLETED,1.0,0,0,0,176.53061224489795,176.53061224489795,2118.3673469387754
jid_675466,59091.0,376.0,1,42,3104545,3104545,3104588,JobState.COMPLETED,1.0,0,0,0,176.53061224489795,176.53061224489795,7414.285714285714
jid_675468,60294.0,189.0,42,7,3104632,3104632,3104640,JobState.COMPLETED,1.0,0,0,0,176.53061224489795,176.53061224489795,51900.0
jid_675453,1469.0,159.0,30,1568,3103130,3103130,3104699,JobState.COMPLETED,1.0,0,0,0,176.53061224489838,176.53061224489795,8304000.00000002
jid_675475,59091.0,376.0,1,33,3104666,3104666,3104700,JobState.COMPLETED,1.0,0,0,0,176.53061224489795,176.53061224489795,5825.510204081633
jid_675473,60294.0,189.0,42,6,3104745,3104745,3104752,JobState.COMPLETED,1.0,0,0,0,176.53061224489795,176.53061224489795,44485.71428571428
jid_675484,14789.0,432.0,27,43887,3061172,3061172,3105060,JobState.COMPLETED,1.0,0,0,0,176.530612244913,176.53061224489795,209179772.4489974
jid_675525,60093.0,579.0,4,3,3105176,3105176,3105180,JobState.COMPLETED,1.0,0,0,0,176.53061224489795,176.53061224489795,2118.3673469387754
jid_675917,56413.0,533.0,80,21555,3083961,3083961,3105517,JobState.COMPLETED,1.0,0,0,0,176.53061224488886,176.53061224489795,304409387.75508636
jid_675484,14789.0,432.0,27,44834,3061172,3061172,3106007,JobState.COMPLETED,1.0,0,0,0,176.53061224491324,176.53061224489795,213693483.6734879
jid_675980,55930.0,375.0,384,1742,3105049,3105049,3106792,JobState.COMPLETED,0.5332737749455662,0,0,0,119.38046223823278,119.3804622382326,79856933.84409657
jid_675981,60296.0,189.0,1,12,3106829,3106829,3106842,JobState.COMPLETED,1.0,0,0,0,176.53061224489795,176.53061224489795,2118.3673469387754
jid_675982,377.0000000000073,558.0,12,38,3106840,3106840,3106879,JobState.COMPLETED,1.0,0,0,0,176.53061224489795,176.53061224489795,80497.95918367346
jid_675994,14790.0,432.0,27,46379,3061170,3061170,3107550,JobState.COMPLETED,1.0,0,0,0,176.5306122449137,176.53061224489795,221057458.16328502
jid_676013,14801.0,432.0,27,46660,3061170,3061170,3107831,JobState.COMPLETED,1.0,0,0,0,176.53061224491375,176.53061224489795,222396795.91838723
jid_676013,14801.0,432.0,27,46930,3061170,3061170,3108101,JobState.COMPLETED,1.0,0,0,0,176.5306122449138,176.53061224489795,223683704.08165276
jid_676003,59188.0,28.0,4,5007,3103337,3103337,3108345,JobState.COMPLETED,1.0,0,0,0,176.5306122448968,176.53061224489795,3535555.102040793
jid_676003,59188.0,28.0,4,5028,3103332,3103332,3108361,JobState.COMPLETED,1.0,0,0,0,176.5306122448968,176.53061224489795,3550383.673469364
jid_676003,59188.0,28.0,4,5045,3103333,3103333,3108379,JobState.COMPLETED,1.0,0,0,0,176.5306122448968,176.53061224489795,3562387.755102017
jid_676002,59282.0,445.0,36,32,3108346,3108346,3108379,JobState.COMPLETED,1.0,0,0,0,176.53061224489795,176.53061224489795,203363.26530612243
jid_676003,59188.0,28.0,4,5046,3103341,3103341,3108388,JobState.COMPLETED,1.0,0,0,0,176.5306122448968,176.53061224489795,3563093.877550997
jid_676003,59188.0,28.0,4,5058,3103331,3103331,3108390,JobState.COMPLETED,1.0,0,0,0,176.5306122448968,176.53061224489795,3571567.3469387516
jid_676003,59188.0,28.0,4,5051,3103340,3103340,3108392,JobState.COMPLETED,1.0,0,0,0,176.5306122448968,176.53061224489795,3566624.489795895
jid_676003,59188.0,28.0,4,5054,3103340,3103340,3108395,JobState.COMPLETED,1.0,0,0,0,176.5306122448968,176.53061224489795,3568742.8571428335
jid_675453,1469.0,159.0,30,5292,3103130,3103130,3108423,JobState.COMPLETED,1.0,0,0,0,176.53061224489713,176.53061224489795,28025999.999999866
jid_676016,377.0000000000073,558.0,32,56,3109281,3109281,3109338,JobState.COMPLETED,1.0,0,0,0,176.53061224489795,176.53061224489795,316342.85714285716
jid_676020,60301.0,29.0,384,947,3108440,3108440,3109388,JobState.COMPLETED,1.0,0,0,0,176.53061224489815,176.53061224489795,64195004.08163272
jid_676026,55929.0,136.0,2,37,3109739,3109739,3109777,JobState.COMPLETED,1.0,0,0,0,176.53061224489795,176.53061224489795,13063.265306122448
jid_676032,55929.0,136.0,2,6757,3103161,3103161,3109919,JobState.COMPLETED,1.0,0,0,0,176.5306122448967,176.53061224489795,2385634.693877534
jid_676054,55929.0,136.0,2,6826,3103300,3103300,3110127,JobState.COMPLETED,1.0,0,0,0,176.5306122448967,176.53061224489795,2409995.91836733
jid_676053,55929.0,136.0,2,13,3110113,3110113,3110127,JobState.COMPLETED,1.0,0,0,0,176.53061224489795,176.53061224489795,4589.7959183673465
jid_676065,55929.0,136.0,2,12,3110114,3110114,3110127,JobState.COMPLETED,1.0,0,0,0,176.53061224489795,176.53061224489795,4236.734693877551
jid_676055,55929.0,136.0,2,12,3110115,3110115,3110128,JobState.COMPLETED,1.0,0,0,0,176.53061224489795,176.53061224489795,4236.734693877551
jid_676068,55929.0,136.0,2,6904,3103320,3103320,3110225,JobState.COMPLETED,1.0,0,0,0,176.5306122448967,176.53061224489795,2437534.6938775335
jid_676069,108.0,558.0,32,0,3110235,3110235,3110236,JobState.COMPLETED,1.0,0,0,0,176.53061224489795,176.53061224489795,0.0
jid_676076,55929.0,136.0,2,12,3110250,3110250,3110263,JobState.COMPLETED,1.0,0,0,0,176.53061224489795,176.53061224489795,4236.734693877551
jid_676078,55929.0,136.0,2,11,3110254,3110254,3110266,JobState.COMPLETED,1.0,0,0,0,176.53061224489795,176.53061224489795,3883.673469387755
jid_676082,55930.0,375.0,384,1705,3108577,3108577,3110283,JobState.COMPLETED,0.5335199654776743,0,0,0,119.41060801767418,119.4106080176744,78180513.28133164
jid_676104,55929.0,136.0,2,119,3110256,3110256,3110376,JobState.COMPLETED,1.0,0,0,0,176.53061224489792,176.53061224489795,42014.2857142857
jid_676118,55929.0,136.0,2,12,3110411,3110411,3110424,JobState.COMPLETED,1.0,0,0,0,176.53061224489795,176.53061224489795,4236.734693877551
jid_676121,55929.0,136.0,2,11,3110415,3110415,3110427,JobState.COMPLETED,1.0,0,0,0,176.53061224489795,176.53061224489795,3883.673469387755
jid_676124,55929.0,136.0,2,43,3110409,3110409,3110453,JobState.COMPLETED,1.0,0,0,0,176.53061224489795,176.53061224489795,15181.632653061224
jid_676156,55929.0,136.0,2,11,3110562,3110562,3110574,JobState.COMPLETED,1.0,0,0,0,176.53061224489795,176.53061224489795,3883.673469387755
jid_676158,55929.0,136.0,2,11,3110564,3110564,3110576,JobState.COMPLETED,1.0,0,0,0,176.53061224489795,176.53061224489795,3883.673469387755
jid_676165,55929.0,136.0,2,12,3110571,3110571,3110584,JobState.COMPLETED,1.0,0,0,0,176.53061224489795,176.53061224489795,4236.734693877551
jid_676166,55929.0,136.0,2,11,3110573,3110573,3110585,JobState.COMPLETED,1.0,0,0,0,176.53061224489795,176.53061224489795,3883.673469387755
jid_676168,55929.0,136.0,2,12,3110576,3110576,3110589,JobState.COMPLETED,1.0,0,0,0,176.53061224489795,176.53061224489795,4236.734693877551
jid_676174,55929.0,136.0,2,33,3110561,3110561,3110595,JobState.COMPLETED,1.0,0,0,0,176.53061224489795,176.53061224489795,11651.020408163266
jid_675994,14790.0,432.0,27,49476,3061171,3061171,3110648,JobState.COMPLETED,1.0,0,0,0,176.53061224491447,176.53061224489795,235818771.4285935
jid_676177,55930.0,375.0,384,1744,3108920,3108920,3110665,JobState.COMPLETED,0.5332332564190461,0,0,0,119.37550078600606,119.37550078600562,79945295.3743851
jid_676182,377.0000000000073,558.0,32,59,3110613,3110613,3110673,JobState.COMPLETED,1.0,0,0,0,176.53061224489795,176.53061224489795,333289.79591836734
jid_676185,55929.0,136.0,2,11,3110715,3110715,3110727,JobState.COMPLETED,1.0,0,0,0,176.53061224489795,176.53061224489795,3883.673469387755
jid_676188,55929.0,136.0,2,11,3110717,3110717,3110729,JobState.COMPLETED,1.0,0,0,0,176.53061224489795,176.53061224489795,3883.673469387755
jid_676189,55929.0,136.0,2,12,3110719,3110719,3110732,JobState.COMPLETED,1.0,0,0,0,176.53061224489795,176.53061224489795,4236.734693877551
jid_676195,55929.0,136.0,2,12,3110726,3110726,3110739,JobState.COMPLETED,1.0,0,0,0,176.53061224489795,176.53061224489795,4236.734693877551
jid_676201,55929.0,136.0,2,476,3110386,3110386,3110863,JobState.COMPLETED,1.0,0,0,0,176.53061224489807,176.53061224489795,168057.14285714296
jid_676203,55929.0,136.0,2,12,3110850,3110850,3110863,JobState.COMPLETED,1.0,0,0,0,176.53061224489795,176.53061224489795,4236.734693877551
jid_676254,55929.0,136.0,2,11,3111020,3111020,3111032,JobState.COMPLETED,1.0,0,0,0,176.53061224489795,176.53061224489795,3883.673469387755
jid_676256,55929.0,136.0,2,12,3111022,3111022,3111035,JobState.COMPLETED,1.0,0,0,0,176.53061224489795,176.53061224489795,4236.734693877551
jid_676257,55929.0,136.0,2,12,3111024,3111024,3111037,JobState.COMPLETED,1.0,0,0,0,176.53061224489795,176.53061224489795,4236.734693877551
jid_676262,55929.0,136.0,2,494,3110558,3110558,3111053,JobState.COMPLETED,1.0,0,0,0,176.53061224489807,176.53061224489795,174412.2448979593
jid_676028,60388.0,140.0,128,9803,3101233,3101329,3111133,JobState.COMPLETED,1.0,0,0,0,176.53061224490017,176.53061224489795,221507787.7551048
jid_676266,55929.0,136.0,2,13,3111147,3111147,3111161,JobState.COMPLETED,1.0,0,0,0,176.53061224489795,176.53061224489795,4589.7959183673465
jid_676275,55929.0,136.0,2,33,3111146,3111146,3111180,JobState.COMPLETED,1.0,0,0,0,176.53061224489795,176.53061224489795,11651.020408163266
jid_676660,14791.0,432.0,27,50058,3061168,3061168,3111227,JobState.COMPLETED,1.0,0,0,0,176.5306122449146,176.53061224489795,238592773.46941027
jid_676291,55929.0,136.0,2,11,3111291,3111291,3111303,JobState.COMPLETED,1.0,0,0,0,176.53061224489795,176.53061224489795,3883.673469387755
jid_676294,55929.0,136.0,2,786,3110541,3110541,3111328,JobState.COMPLETED,1.0,0,0,0,176.53061224489815,176.53061224489795,277506.1224489799
jid_676298,377.0000000000073,558.0,32,96,3111297,3111297,3111394,JobState.COMPLETED,1.0,0,0,0,176.53061224489792,176.53061224489795,542302.0408163264
jid_676301,55929.0,136.0,2,14,3111418,3111418,3111433,JobState.COMPLETED,1.0,0,0,0,176.53061224489795,176.53061224489795,4942.857142857143
jid_676305,55929.0,136.0,2,13,3111424,3111424,3111438,JobState.COMPLETED,1.0,0,0,0,176.53061224489795,176.53061224489795,4589.7959183673465
jid_676306,55929.0,136.0,2,12,3111425,3111425,3111438,JobState.COMPLETED,1.0,0,0,0,176.53061224489795,176.53061224489795,4236.734693877551
jid_676309,55929.0,136.0,2,887,3110557,3110557,3111445,JobState.COMPLETED,1.0,0,0,0,176.53061224489818,176.53061224489795,313165.30612244934
jid_676340,55929.0,136.0,2,14,3111552,3111552,3111567,JobState.COMPLETED,1.0,0,0,0,176.53061224489795,176.53061224489795,4942.857142857143
jid_676566,55929.0,136.0,2,12,3111812,3111812,3111825,JobState.COMPLETED,1.0,0,0,0,176.53061224489795,176.53061224489795,4236.734693877551
jid_676568,55929.0,136.0,2,6603,3105245,3105245,3111849,JobState.COMPLETED,1.0,0,0,0,176.53061224489673,176.53061224489795,2331263.2653061063
jid_676604,55929.0,136.0,2,12,3112095,3112095,3112108,JobState.COMPLETED,1.0,0,0,0,176.53061224489795,176.53061224489795,4236.734693877551
jid_676608,55929.0,136.0,2,13,3112102,3112102,3112116,JobState.COMPLETED,1.0,0,0,0,176.53061224489795,176.53061224489795,4589.7959183673465
jid_676625,55929.0,136.0,2,6615,3105586,3105586,3112202,JobState.COMPLETED,1.0,0,0,0,176.53061224489673,176.53061224489795,2335499.9999999837
jid_676626,55929.0,136.0,2,6808,3105399,3105399,3112208,JobState.COMPLETED,1.0,0,0,0,176.5306122448967,176.53061224489795,2403640.8163265134
jid_676627,55929.0,136.0,2,6633,3105588,3105588,3112222,JobState.COMPLETED,1.0,0,0,0,176.5306122448967,176.53061224489795,2341855.1020408
jid_676631,55929.0,136.0,2,13,3112227,3112227,3112241,JobState.COMPLETED,1.0,0,0,0,176.53061224489795,176.53061224489795,4589.7959183673465
jid_676635,55929.0,136.0,2,13,3112235,3112235,3112249,JobState.COMPLETED,1.0,0,0,0,176.53061224489795,176.53061224489795,4589.7959183673465
jid_676637,55929.0,136.0,2,14,3112237,3112237,3112252,JobState.COMPLETED,1.0,0,0,0,176.53061224489795,176.53061224489795,4942.857142857143
jid_676636,55929.0,136.0,2,14,3112238,3112238,3112253,JobState.COMPLETED,1.0,0,0,0,176.53061224489795,176.53061224489795,4942.857142857143
jid_676640,55929.0,136.0,2,13,3112240,3112240,3112254,JobState.COMPLETED,1.0,0,0,0,176.53061224489795,176.53061224489795,4589.7959183673465
jid_676643,55929.0,136.0,2,6867,3105387,3105387,3112255,JobState.COMPLETED,1.0,0,0,0,176.5306122448967,176.53061224489795,2424471.4285714114
jid_676647,55929.0,136.0,2,14,3112244,3112244,3112259,JobState.COMPLETED,1.0,0,0,0,176.53061224489795,176.53061224489795,4942.857142857143
jid_676649,55929.0,136.0,2,13,3112246,3112246,3112260,JobState.COMPLETED,1.0,0,0,0,176.53061224489795,176.53061224489795,4589.7959183673465
jid_676656,55929.0,136.0,2,13,3112253,3112253,3112267,JobState.COMPLETED,1.0,0,0,0,176.53061224489795,176.53061224489795,4589.7959183673465
jid_676669,60305.0,327.0,512,49971,3062393,3062393,3112365,JobState.COMPLETED,0.8158623451736411,0,0,0,153.98314430696473,153.98314430697647,3939682152.531627
jid_676674,55929.0,136.0,2,13,3112377,3112377,3112391,JobState.COMPLETED,1.0,0,0,0,176.53061224489795,176.53061224489795,4589.7959183673465
jid_676681,55929.0,136.0,2,13,3112389,3112389,3112403,JobState.COMPLETED,1.0,0,0,0,176.53061224489795,176.53061224489795,4589.7959183673465
jid_676685,55929.0,136.0,2,12,3112393,3112393,3112406,JobState.COMPLETED,1.0,0,0,0,176.53061224489795,176.53061224489795,4236.734693877551
jid_676686,55929.0,136.0,2,14,3112394,3112394,3112409,JobState.COMPLETED,1.0,0,0,0,176.53061224489795,176.53061224489795,4942.857142857143
jid_676688,55929.0,136.0,2,14,3112395,3112395,3112410,JobState.COMPLETED,1.0,0,0,0,176.53061224489795,176.53061224489795,4942.857142857143
jid_676694,55929.0,136.0,2,32,3112378,3112378,3112411,JobState.COMPLETED,1.0,0,0,0,176.53061224489795,176.53061224489795,11297.959183673469
jid_676746,55929.0,136.0,2,14,3112396,3112396,3112411,JobState.COMPLETED,1.0,0,0,0,176.53061224489795,176.53061224489795,4942.857142857143
jid_676696,55929.0,136.0,2,13,3112400,3112400,3112414,JobState.COMPLETED,1.0,0,0,0,176.53061224489795,176.53061224489795,4589.7959183673465
jid_676699,55929.0,136.0,2,13,3112403,3112403,3112417,JobState.COMPLETED,1.0,0,0,0,176.53061224489795,176.53061224489795,4589.7959183673465
jid_676701,55929.0,136.0,2,13,3112404,3112404,3112418,JobState.COMPLETED,1.0,0,0,0,176.53061224489795,176.53061224489795,4589.7959183673465
jid_676741,55929.0,136.0,2,73,3112382,3112382,3112456,JobState.COMPLETED,1.0,0,0,0,176.53061224489795,176.53061224489795,25773.4693877551
jid_676745,55929.0,136.0,2,6697,3105782,3105782,3112480,JobState.COMPLETED,1.0,0,0,0,176.5306122448967,176.53061224489795,2364451.0204081465
jid_676744,55929.0,136.0,2,6700,3105780,3105780,3112481,JobState.COMPLETED,1.0,0,0,0,176.5306122448967,176.53061224489795,2365510.204081616
jid_676752,55929.0,136.0,2,7119,3105396,3105396,3112516,JobState.COMPLETED,1.0,0,0,0,176.5306122448967,176.53061224489795,2513442.857142839
jid_676755,55929.0,136.0,2,6535,3105995,3105995,3112531,JobState.COMPLETED,1.0,0,0,0,176.53061224489673,176.53061224489795,2307255.1020408003
jid_676778,55929.0,136.0,2,14,3112584,3112584,3112599,JobState.COMPLETED,1.0,0,0,0,176.53061224489795,176.53061224489795,4942.857142857143
jid_676818,55929.0,136.0,2,13,3112614,3112614,3112628,JobState.COMPLETED,1.0,0,0,0,176.53061224489795,176.53061224489795,4589.7959183673465
jid_676825,55929.0,136.0,2,12,3112624,3112624,3112637,JobState.COMPLETED,1.0,0,0,0,176.53061224489795,176.53061224489795,4236.734693877551
jid_676827,55929.0,136.0,2,13,3112626,3112626,3112640,JobState.COMPLETED,1.0,0,0,0,176.53061224489795,176.53061224489795,4589.7959183673465
jid_676831,55929.0,136.0,2,37,3112603,3112603,3112641,JobState.COMPLETED,1.0,0,0,0,176.53061224489795,176.53061224489795,13063.265306122448
jid_676830,55929.0,136.0,2,13,3112627,3112627,3112641,JobState.COMPLETED,1.0,0,0,0,176.53061224489795,176.53061224489795,4589.7959183673465
jid_676832,55929.0,136.0,2,13,3112629,3112629,3112643,JobState.COMPLETED,1.0,0,0,0,176.53061224489795,176.53061224489795,4589.7959183673465
jid_676833,55929.0,136.0,2,12,3112630,3112630,3112643,JobState.COMPLETED,1.0,0,0,0,176.53061224489795,176.53061224489795,4236.734693877551
jid_676836,55929.0,136.0,2,31,3112620,3112620,3112652,JobState.COMPLETED,1.0,0,0,0,176.53061224489795,176.53061224489795,10944.897959183672
jid_676839,55929.0,136.0,2,7118,3105545,3105545,3112664,JobState.COMPLETED,1.0,0,0,0,176.5306122448967,176.53061224489795,2513089.7959183496
jid_676872,55929.0,136.0,2,2297,3110400,3110400,3112698,JobState.COMPLETED,1.0,0,0,0,176.53061224489716,176.53061224489795,810981.6326530576
jid_676853,55929.0,136.0,2,6731,3105994,3105994,3112726,JobState.COMPLETED,1.0,0,0,0,176.5306122448967,176.53061224489795,2376455.1020407993
jid_676904,55929.0,136.0,2,13,3112800,3112800,3112814,JobState.COMPLETED,1.0,0,0,0,176.53061224489795,176.53061224489795,4589.7959183673465
jid_676939,55929.0,136.0,2,12,3112814,3112814,3112827,JobState.COMPLETED,1.0,0,0,0,176.53061224489795,176.53061224489795,4236.734693877551
jid_676944,55929.0,136.0,2,12,3112823,3112823,3112836,JobState.COMPLETED,1.0,0,0,0,176.53061224489795,176.53061224489795,4236.734693877551
jid_676948,55929.0,136.0,2,13,3112826,3112826,3112840,JobState.COMPLETED,1.0,0,0,0,176.53061224489795,176.53061224489795,4589.7959183673465
jid_676949,55929.0,136.0,2,13,3112827,3112827,3112841,JobState.COMPLETED,1.0,0,0,0,176.53061224489795,176.53061224489795,4589.7959183673465
jid_676962,55929.0,136.0,2,11,3112841,3112841,3112853,JobState.COMPLETED,1.0,0,0,0,176.53061224489795,176.53061224489795,3883.673469387755
jid_676966,55929.0,136.0,2,13,3112840,3112840,3112854,JobState.COMPLETED,1.0,0,0,0,176.53061224489795,176.53061224489795,4589.7959183673465
jid_676968,55929.0,136.0,2,14,3112847,3112847,3112862,JobState.COMPLETED,1.0,0,0,0,176.53061224489795,176.53061224489795,4942.857142857143
jid_676969,55929.0,136.0,2,13,3112848,3112848,3112862,JobState.COMPLETED,1.0,0,0,0,176.53061224489795,176.53061224489795,4589.7959183673465
jid_676971,55929.0,136.0,2,13,3112849,3112849,3112863,JobState.COMPLETED,1.0,0,0,0,176.53061224489795,176.53061224489795,4589.7959183673465
jid_676972,55929.0,136.0,2,12,3112854,3112854,3112867,JobState.COMPLETED,1.0,0,0,0,176.53061224489795,176.53061224489795,4236.734693877551
jid_677027,4188.0,189.0,768,1554,3111313,3111313,3112868,JobState.COMPLETED,1.0,0,0,0,176.53061224489795,176.53061224489795,210684342.85714287
jid_676982,55929.0,136.0,2,12,3112859,3112859,3112872,JobState.COMPLETED,1.0,0,0,0,176.53061224489795,176.53061224489795,4236.734693877551
jid_676981,55929.0,136.0,2,12,3112861,3112861,3112874,JobState.COMPLETED,1.0,0,0,0,176.53061224489795,176.53061224489795,4236.734693877551
jid_676980,55929.0,136.0,2,32,3112843,3112843,3112876,JobState.COMPLETED,1.0,0,0,0,176.53061224489795,176.53061224489795,11297.959183673469
jid_676984,55929.0,136.0,2,6886,3105999,3105999,3112886,JobState.COMPLETED,1.0,0,0,0,176.5306122448967,176.53061224489795,2431179.5918367174
jid_676993,55929.0,136.0,2,7075,3105852,3105852,3112928,JobState.COMPLETED,1.0,0,0,0,176.5306122448967,176.53061224489795,2497908.1632652883
jid_676994,55929.0,136.0,2,6646,3106286,3106286,3112933,JobState.COMPLETED,1.0,0,0,0,176.5306122448967,176.53061224489795,2346444.897959167
jid_677030,55929.0,136.0,2,255,3112754,3112754,3113010,JobState.COMPLETED,1.0,0,0,0,176.5306122448979,176.53061224489795,90030.61224489793
jid_677060,55929.0,136.0,2,10,3113029,3113029,3113040,JobState.COMPLETED,1.0,0,0,0,176.53061224489795,176.53061224489795,3530.612244897959
jid_677076,55929.0,136.0,2,10,3113065,3113065,3113076,JobState.COMPLETED,1.0,0,0,0,176.53061224489795,176.53061224489795,3530.612244897959
jid_677083,55929.0,136.0,2,12,3113080,3113080,3113093,JobState.COMPLETED,1.0,0,0,0,176.53061224489795,176.53061224489795,4236.734693877551
jid_677094,55929.0,136.0,2,6899,3106205,3106205,3113105,JobState.COMPLETED,1.0,0,0,0,176.5306122448967,176.53061224489795,2435769.387755085
jid_677093,55929.0,136.0,2,12,3113092,3113092,3113105,JobState.COMPLETED,1.0,0,0,0,176.53061224489795,176.53061224489795,4236.734693877551
jid_677099,55929.0,136.0,2,13,3113098,3113098,3113112,JobState.COMPLETED,1.0,0,0,0,176.53061224489795,176.53061224489795,4589.7959183673465
jid_677101,55929.0,136.0,2,13,3113099,3113099,3113113,JobState.COMPLETED,1.0,0,0,0,176.53061224489795,176.53061224489795,4589.7959183673465
jid_677110,55929.0,136.0,2,12,3113108,3113108,3113121,JobState.COMPLETED,1.0,0,0,0,176.53061224489795,176.53061224489795,4236.734693877551
jid_677121,55929.0,136.0,2,12,3113121,3113121,3113134,JobState.COMPLETED,1.0,0,0,0,176.53061224489795,176.53061224489795,4236.734693877551
jid_677127,55929.0,136.0,2,13,3113127,3113127,3113141,JobState.COMPLETED,1.0,0,0,0,176.53061224489795,176.53061224489795,4589.7959183673465
jid_677129,55929.0,136.0,2,13,3113129,3113129,3113143,JobState.COMPLETED,1.0,0,0,0,176.53061224489795,176.53061224489795,4589.7959183673465
jid_677150,55929.0,136.0,2,143,3113023,3113023,3113167,JobState.COMPLETED,1.0,0,0,0,176.5306122448979,176.53061224489795,50487.7551020408
jid_677158,55929.0,136.0,2,13,3113163,3113163,3113177,JobState.COMPLETED,1.0,0,0,0,176.53061224489795,176.53061224489795,4589.7959183673465
jid_677159,55929.0,136.0,2,13,3113165,3113165,3113179,JobState.COMPLETED,1.0,0,0,0,176.53061224489795,176.53061224489795,4589.7959183673465
jid_677223,55929.0,136.0,2,7180,3106077,3106077,3113258,JobState.COMPLETED,1.0,0,0,0,176.5306122448967,176.53061224489795,2534979.5918367165
jid_677253,55929.0,136.0,2,7101,3106253,3106253,3113355,JobState.COMPLETED,1.0,0,0,0,176.5306122448967,176.53061224489795,2507087.755102023
jid_677275,55929.0,136.0,2,381,3113042,3113042,3113424,JobState.COMPLETED,1.0,0,0,0,176.53061224489804,176.53061224489795,134516.3265306123
jid_677276,55929.0,136.0,2,632,3112792,3112792,3113425,JobState.COMPLETED,1.0,0,0,0,176.53061224489812,176.53061224489795,223134.69387755124
jid_677296,55929.0,136.0,2,32,3113411,3113411,3113444,JobState.COMPLETED,1.0,0,0,0,176.53061224489795,176.53061224489795,11297.959183673469
jid_677301,55929.0,136.0,2,12,3113435,3113435,3113448,JobState.COMPLETED,1.0,0,0,0,176.53061224489795,176.53061224489795,4236.734693877551
jid_677314,55929.0,136.0,2,14,3113445,3113445,3113460,JobState.COMPLETED,1.0,0,0,0,176.53061224489795,176.53061224489795,4942.857142857143
jid_677329,55929.0,136.0,2,13,3113451,3113451,3113465,JobState.COMPLETED,1.0,0,0,0,176.53061224489795,176.53061224489795,4589.7959183673465
jid_677323,55929.0,136.0,2,13,3113452,3113452,3113466,JobState.COMPLETED,1.0,0,0,0,176.53061224489795,176.53061224489795,4589.7959183673465
jid_677328,55929.0,136.0,2,13,3113456,3113456,3113470,JobState.COMPLETED,1.0,0,0,0,176.53061224489795,176.53061224489795,4589.7959183673465
jid_677352,55929.0,136.0,2,12,3113468,3113468,3113481,JobState.COMPLETED,1.0,0,0,0,176.53061224489795,176.53061224489795,4236.734693877551
jid_677365,55929.0,136.0,2,13,3113475,3113475,3113489,JobState.COMPLETED,1.0,0,0,0,176.53061224489795,176.53061224489795,4589.7959183673465
jid_677366,55929.0,136.0,2,13,3113476,3113476,3113490,JobState.COMPLETED,1.0,0,0,0,176.53061224489795,176.53061224489795,4589.7959183673465
jid_677374,55929.0,136.0,2,13,3113480,3113480,3113494,JobState.COMPLETED,1.0,0,0,0,176.53061224489795,176.53061224489795,4589.7959183673465
jid_677477,55929.0,136.0,2,14,3113483,3113483,3113498,JobState.COMPLETED,1.0,0,0,0,176.53061224489795,176.53061224489795,4942.857142857143
jid_677383,55929.0,136.0,2,13,3113486,3113486,3113500,JobState.COMPLETED,1.0,0,0,0,176.53061224489795,176.53061224489795,4589.7959183673465
jid_677391,55929.0,136.0,2,12,3113495,3113495,3113508,JobState.COMPLETED,1.0,0,0,0,176.53061224489795,176.53061224489795,4236.734693877551
jid_677400,55929.0,136.0,2,13,3113502,3113502,3113516,JobState.COMPLETED,1.0,0,0,0,176.53061224489795,176.53061224489795,4589.7959183673465
jid_677410,55929.0,136.0,2,12,3113508,3113508,3113521,JobState.COMPLETED,1.0,0,0,0,176.53061224489795,176.53061224489795,4236.734693877551
jid_677435,55929.0,136.0,2,13,3113525,3113525,3113539,JobState.COMPLETED,1.0,0,0,0,176.53061224489795,176.53061224489795,4589.7959183673465
jid_677450,55929.0,136.0,2,12,3113535,3113535,3113548,JobState.COMPLETED,1.0,0,0,0,176.53061224489795,176.53061224489795,4236.734693877551
jid_677456,55929.0,136.0,2,12,3113539,3113539,3113552,JobState.COMPLETED,1.0,0,0,0,176.53061224489795,176.53061224489795,4236.734693877551
jid_677464,55929.0,136.0,2,12,3113544,3113544,3113557,JobState.COMPLETED,1.0,0,0,0,176.53061224489795,176.53061224489795,4236.734693877551
jid_677466,55929.0,136.0,2,984,3112574,3112574,3113559,JobState.COMPLETED,1.0,0,0,0,176.53061224489807,176.53061224489795,347412.2448979594
jid_676753,71.0,49.0,216,12216,3100230,3101446,3113663,JobState.COMPLETED,1.0,0,0,0,176.53061224489414,176.53061224489795,465803559.18366337
jid_677488,55929.0,136.0,2,352,3113310,3113310,3113663,JobState.COMPLETED,1.0,0,0,0,176.530612244898,176.53061224489795,124277.5510204082
jid_677493,55929.0,136.0,2,12,3113712,3113712,3113725,JobState.COMPLETED,1.0,0,0,0,176.53061224489795,176.53061224489795,4236.734693877551
jid_677495,55929.0,136.0,2,438,3113297,3113297,3113736,JobState.COMPLETED,1.0,0,0,0,176.53061224489807,176.53061224489795,154640.8163265307
jid_677498,55929.0,136.0,2,714,3113032,3113032,3113747,JobState.COMPLETED,1.0,0,0,0,176.53061224489815,176.53061224489795,252085.71428571455
jid_677504,55929.0,136.0,2,1212,3112560,3112560,3113773,JobState.COMPLETED,1.0,0,0,0,176.53061224489775,176.53061224489795,427910.20408163214
jid_677506,55929.0,136.0,2,12,3113769,3113769,3113782,JobState.COMPLETED,1.0,0,0,0,176.53061224489795,176.53061224489795,4236.734693877551
jid_677509,55929.0,136.0,2,89,3113716,3113716,3113806,JobState.COMPLETED,1.0,0,0,0,176.53061224489795,176.53061224489795,31422.448979591834
jid_677515,55929.0,136.0,2,536,3113313,3113313,3113850,JobState.COMPLETED,1.0,0,0,0,176.5306122448981,176.53061224489795,189240.81632653077
jid_677517,55929.0,136.0,2,14,3113845,3113845,3113860,JobState.COMPLETED,1.0,0,0,0,176.53061224489795,176.53061224489795,4942.857142857143
jid_677525,55929.0,136.0,2,34,3113833,3113833,3113868,JobState.COMPLETED,1.0,0,0,0,176.53061224489795,176.53061224489795,12004.08163265306
jid_677524,55929.0,136.0,2,12,3113857,3113857,3113870,JobState.COMPLETED,1.0,0,0,0,176.53061224489795,176.53061224489795,4236.734693877551
jid_677597,55929.0,136.0,2,14,3113856,3113856,3113871,JobState.COMPLETED,1.0,0,0,0,176.53061224489795,176.53061224489795,4942.857142857143
jid_677529,55929.0,136.0,2,13,3113860,3113860,3113874,JobState.COMPLETED,1.0,0,0,0,176.53061224489795,176.53061224489795,4589.7959183673465
jid_677528,55929.0,136.0,2,13,3113861,3113861,3113875,JobState.COMPLETED,1.0,0,0,0,176.53061224489795,176.53061224489795,4589.7959183673465
jid_677532,55929.0,136.0,2,13,3113863,3113863,3113877,JobState.COMPLETED,1.0,0,0,0,176.53061224489795,176.53061224489795,4589.7959183673465
jid_677533,55929.0,136.0,2,12,3113865,3113865,3113878,JobState.COMPLETED,1.0,0,0,0,176.53061224489795,176.53061224489795,4236.734693877551
jid_677535,55929.0,136.0,2,13,3113867,3113867,3113881,JobState.COMPLETED,1.0,0,0,0,176.53061224489795,176.53061224489795,4589.7959183673465
jid_677539,55929.0,136.0,2,12,3113874,3113874,3113887,JobState.COMPLETED,1.0,0,0,0,176.53061224489795,176.53061224489795,4236.734693877551
jid_677549,55929.0,136.0,2,13,3113884,3113884,3113898,JobState.COMPLETED,1.0,0,0,0,176.53061224489795,176.53061224489795,4589.7959183673465
jid_677551,55929.0,136.0,2,12,3113891,3113891,3113904,JobState.COMPLETED,1.0,0,0,0,176.53061224489795,176.53061224489795,4236.734693877551
jid_677553,55929.0,136.0,2,13,3113893,3113893,3113907,JobState.COMPLETED,1.0,0,0,0,176.53061224489795,176.53061224489795,4589.7959183673465
jid_677560,55929.0,136.0,2,510,3113397,3113397,3113908,JobState.COMPLETED,1.0,0,0,0,176.5306122448981,176.53061224489795,180061.22448979606
jid_677556,55929.0,136.0,2,12,3113895,3113895,3113908,JobState.COMPLETED,1.0,0,0,0,176.53061224489795,176.53061224489795,4236.734693877551
jid_677562,55929.0,136.0,2,12,3113897,3113897,3113910,JobState.COMPLETED,1.0,0,0,0,176.53061224489795,176.53061224489795,4236.734693877551
jid_677569,55929.0,136.0,2,12,3113907,3113907,3113920,JobState.COMPLETED,1.0,0,0,0,176.53061224489795,176.53061224489795,4236.734693877551
jid_677580,55929.0,136.0,2,43,3113889,3113889,3113933,JobState.COMPLETED,1.0,0,0,0,176.53061224489795,176.53061224489795,15181.632653061224
jid_677582,55929.0,136.0,2,13,3113920,3113920,3113934,JobState.COMPLETED,1.0,0,0,0,176.53061224489795,176.53061224489795,4589.7959183673465
jid_677596,55929.0,136.0,2,14,3113930,3113930,3113945,JobState.COMPLETED,1.0,0,0,0,176.53061224489795,176.53061224489795,4942.857142857143
jid_677595,55929.0,136.0,2,12,3113932,3113932,3113945,JobState.COMPLETED,1.0,0,0,0,176.53061224489795,176.53061224489795,4236.734693877551
jid_677600,55929.0,136.0,2,13,3113937,3113937,3113951,JobState.COMPLETED,1.0,0,0,0,176.53061224489795,176.53061224489795,4589.7959183673465
jid_677602,55929.0,136.0,2,13,3113940,3113940,3113954,JobState.COMPLETED,1.0,0,0,0,176.53061224489795,176.53061224489795,4589.7959183673465
jid_677614,55929.0,136.0,2,13,3113951,3113951,3113965,JobState.COMPLETED,1.0,0,0,0,176.53061224489795,176.53061224489795,4589.7959183673465
jid_677613,55929.0,136.0,2,13,3113953,3113953,3113967,JobState.COMPLETED,1.0,0,0,0,176.53061224489795,176.53061224489795,4589.7959183673465
jid_677612,55929.0,136.0,2,12,3113954,3113954,3113967,JobState.COMPLETED,1.0,0,0,0,176.53061224489795,176.53061224489795,4236.734693877551
jid_677622,55929.0,136.0,2,968,3113002,3113002,3113971,JobState.COMPLETED,1.0,0,0,0,176.5306122448981,176.53061224489795,341763.2653061227
jid_677634,55929.0,136.0,2,12,3113973,3113973,3113986,JobState.COMPLETED,1.0,0,0,0,176.53061224489795,176.53061224489795,4236.734693877551
jid_676228,71.0,49.0,216,12597,3098318,3101446,3114044,JobState.COMPLETED,1.0,0,0,0,176.53061224489406,176.53061224489795,480331322.448969
jid_677643,55929.0,136.0,2,1266,3112778,3112778,3114045,JobState.COMPLETED,1.0,0,0,0,176.5306122448977,176.53061224489795,446975.51020408096
jid_677654,55929.0,136.0,2,1062,3113045,3113045,3114108,JobState.COMPLETED,1.0,0,0,0,176.53061224489792,176.53061224489795,374951.0204081632
jid_677656,55929.0,136.0,2,13,3114099,3114099,3114113,JobState.COMPLETED,1.0,0,0,0,176.53061224489795,176.53061224489795,4589.7959183673465
jid_677661,55929.0,136.0,2,12,3114103,3114103,3114116,JobState.COMPLETED,1.0,0,0,0,176.53061224489795,176.53061224489795,4236.734693877551
jid_677663,55929.0,136.0,2,13,3114107,3114107,3114121,JobState.COMPLETED,1.0,0,0,0,176.53061224489795,176.53061224489795,4589.7959183673465
jid_677671,55929.0,136.0,2,13,3114115,3114115,3114129,JobState.COMPLETED,1.0,0,0,0,176.53061224489795,176.53061224489795,4589.7959183673465
jid_677675,55929.0,136.0,2,12,3114122,3114122,3114135,JobState.COMPLETED,1.0,0,0,0,176.53061224489795,176.53061224489795,4236.734693877551
jid_677676,55929.0,136.0,2,13,3114123,3114123,3114137,JobState.COMPLETED,1.0,0,0,0,176.53061224489795,176.53061224489795,4589.7959183673465
jid_677803,55929.0,136.0,2,15,3114124,3114124,3114140,JobState.COMPLETED,1.0,0,0,0,176.53061224489795,176.53061224489795,5295.918367346939
jid_677679,55929.0,136.0,2,12,3114128,3114128,3114141,JobState.COMPLETED,1.0,0,0,0,176.53061224489795,176.53061224489795,4236.734693877551
jid_677690,55929.0,136.0,2,12,3114142,3114142,3114155,JobState.COMPLETED,1.0,0,0,0,176.53061224489795,176.53061224489795,4236.734693877551
jid_677693,55929.0,136.0,2,12,3114144,3114144,3114157,JobState.COMPLETED,1.0,0,0,0,176.53061224489795,176.53061224489795,4236.734693877551
jid_677701,55929.0,136.0,2,12,3114153,3114153,3114166,JobState.COMPLETED,1.0,0,0,0,176.53061224489795,176.53061224489795,4236.734693877551
jid_677700,55929.0,136.0,2,12,3114154,3114154,3114167,JobState.COMPLETED,1.0,0,0,0,176.53061224489795,176.53061224489795,4236.734693877551
jid_677707,55929.0,136.0,2,13,3114161,3114161,3114175,JobState.COMPLETED,1.0,0,0,0,176.53061224489795,176.53061224489795,4589.7959183673465
jid_677714,55929.0,136.0,2,12,3114165,3114165,3114178,JobState.COMPLETED,1.0,0,0,0,176.53061224489795,176.53061224489795,4236.734693877551
jid_677716,55929.0,136.0,2,12,3114169,3114169,3114182,JobState.COMPLETED,1.0,0,0,0,176.53061224489795,176.53061224489795,4236.734693877551
jid_677722,55929.0,136.0,2,12,3114176,3114176,3114189,JobState.COMPLETED,1.0,0,0,0,176.53061224489795,176.53061224489795,4236.734693877551
jid_677732,55929.0,136.0,2,12,3114187,3114187,3114200,JobState.COMPLETED,1.0,0,0,0,176.53061224489795,176.53061224489795,4236.734693877551
jid_677731,55929.0,136.0,2,11,3114188,3114188,3114200,JobState.COMPLETED,1.0,0,0,0,176.53061224489795,176.53061224489795,3883.673469387755
jid_677737,55929.0,136.0,2,12,3114192,3114192,3114205,JobState.COMPLETED,1.0,0,0,0,176.53061224489795,176.53061224489795,4236.734693877551
jid_677745,55929.0,136.0,2,13,3114200,3114200,3114214,JobState.COMPLETED,1.0,0,0,0,176.53061224489795,176.53061224489795,4589.7959183673465
jid_677744,55929.0,136.0,2,12,3114202,3114202,3114215,JobState.COMPLETED,1.0,0,0,0,176.53061224489795,176.53061224489795,4236.734693877551
jid_677749,55929.0,136.0,2,13,3114205,3114205,3114219,JobState.COMPLETED,1.0,0,0,0,176.53061224489795,176.53061224489795,4589.7959183673465
jid_677751,55929.0,136.0,2,14,3114208,3114208,3114223,JobState.COMPLETED,1.0,0,0,0,176.53061224489795,176.53061224489795,4942.857142857143
jid_677760,55929.0,136.0,2,13,3114220,3114220,3114234,JobState.COMPLETED,1.0,0,0,0,176.53061224489795,176.53061224489795,4589.7959183673465
jid_677766,55929.0,136.0,2,414,3113821,3113821,3114236,JobState.COMPLETED,1.0,0,0,0,176.53061224489807,176.53061224489795,146167.3469387756
jid_677761,55929.0,136.0,2,13,3114222,3114222,3114236,JobState.COMPLETED,1.0,0,0,0,176.53061224489795,176.53061224489795,4589.7959183673465
jid_677768,55929.0,136.0,2,12,3114227,3114227,3114240,JobState.COMPLETED,1.0,0,0,0,176.53061224489795,176.53061224489795,4236.734693877551
jid_677770,55929.0,136.0,2,13,3114228,3114228,3114242,JobState.COMPLETED,1.0,0,0,0,176.53061224489795,176.53061224489795,4589.7959183673465
jid_677779,55929.0,136.0,2,14,3114240,3114240,3114255,JobState.COMPLETED,1.0,0,0,0,176.53061224489795,176.53061224489795,4942.857142857143
jid_677781,55929.0,136.0,2,13,3114243,3114243,3114257,JobState.COMPLETED,1.0,0,0,0,176.53061224489795,176.53061224489795,4589.7959183673465
jid_677785,55929.0,136.0,2,12,3114248,3114248,3114261,JobState.COMPLETED,1.0,0,0,0,176.53061224489795,176.53061224489795,4236.734693877551
jid_677791,55929.0,136.0,2,902,3113364,3113364,3114267,JobState.COMPLETED,1.0,0,0,0,176.53061224489818,176.53061224489795,318461.2244897963
jid_677796,55929.0,136.0,2,13,3114256,3114256,3114270,JobState.COMPLETED,1.0,0,0,0,176.53061224489795,176.53061224489795,4589.7959183673465
jid_677801,55929.0,136.0,2,12,3114263,3114263,3114276,JobState.COMPLETED,1.0,0,0,0,176.53061224489795,176.53061224489795,4236.734693877551
jid_677802,55929.0,136.0,2,13,3114264,3114264,3114278,JobState.COMPLETED,1.0,0,0,0,176.53061224489795,176.53061224489795,4589.7959183673465
jid_677805,55929.0,136.0,2,958,3113333,3113333,3114292,JobState.COMPLETED,1.0,0,0,0,176.5306122448981,176.53061224489795,338232.65306122473
jid_677808,55929.0,136.0,2,548,3113770,3113770,3114319,JobState.COMPLETED,1.0,0,0,0,176.5306122448981,176.53061224489795,193477.5510204083
jid_677820,55929.0,136.0,2,13,3114394,3114394,3114408,JobState.COMPLETED,1.0,0,0,0,176.53061224489795,176.53061224489795,4589.7959183673465
jid_677829,55929.0,136.0,2,13,3114405,3114405,3114419,JobState.COMPLETED,1.0,0,0,0,176.53061224489795,176.53061224489795,4589.7959183673465
jid_677836,55929.0,136.0,2,13,3114412,3114412,3114426,JobState.COMPLETED,1.0,0,0,0,176.53061224489795,176.53061224489795,4589.7959183673465
jid_677844,55929.0,136.0,2,13,3114424,3114424,3114438,JobState.COMPLETED,1.0,0,0,0,176.53061224489795,176.53061224489795,4589.7959183673465
jid_677854,55929.0,136.0,2,13,3114433,3114433,3114447,JobState.COMPLETED,1.0,0,0,0,176.53061224489795,176.53061224489795,4589.7959183673465
jid_677858,55929.0,136.0,2,769,3113682,3113682,3114452,JobState.COMPLETED,1.0,0,0,0,176.53061224489815,176.53061224489795,271504.08163265337
jid_677862,55929.0,136.0,2,1914,3112540,3112540,3114455,JobState.COMPLETED,1.0,0,0,0,176.5306122448973,176.53061224489795,675759.1836734669
jid_677861,55929.0,136.0,2,13,3114441,3114441,3114455,JobState.COMPLETED,1.0,0,0,0,176.53061224489795,176.53061224489795,4589.7959183673465
jid_677868,55929.0,136.0,2,12,3114451,3114451,3114464,JobState.COMPLETED,1.0,0,0,0,176.53061224489795,176.53061224489795,4236.734693877551
jid_677884,55929.0,136.0,2,1097,3113383,3113383,3114481,JobState.COMPLETED,1.0,0,0,0,176.5306122448979,176.53061224489795,387308.163265306
jid_677883,55929.0,136.0,2,13,3114467,3114467,3114481,JobState.COMPLETED,1.0,0,0,0,176.53061224489795,176.53061224489795,4589.7959183673465
jid_677896,55929.0,136.0,2,14,3114483,3114483,3114498,JobState.COMPLETED,1.0,0,0,0,176.53061224489795,176.53061224489795,4942.857142857143
jid_677898,55929.0,136.0,2,13,3114487,3114487,3114501,JobState.COMPLETED,1.0,0,0,0,176.53061224489795,176.53061224489795,4589.7959183673465
jid_677903,55929.0,136.0,2,1503,3112999,3112999,3114503,JobState.COMPLETED,1.0,0,0,0,176.5306122448975,176.53061224489795,530651.0204081619
jid_677926,55929.0,136.0,2,13,3114504,3114504,3114518,JobState.COMPLETED,1.0,0,0,0,176.53061224489795,176.53061224489795,4589.7959183673465
jid_677920,55929.0,136.0,2,13,3114511,3114511,3114525,JobState.COMPLETED,1.0,0,0,0,176.53061224489795,176.53061224489795,4589.7959183673465
jid_677921,55929.0,136.0,2,12,3114513,3114513,3114526,JobState.COMPLETED,1.0,0,0,0,176.53061224489795,176.53061224489795,4236.734693877551
jid_677923,55929.0,136.0,2,12,3114515,3114515,3114528,JobState.COMPLETED,1.0,0,0,0,176.53061224489795,176.53061224489795,4236.734693877551
jid_677927,55929.0,136.0,2,13,3114519,3114519,3114533,JobState.COMPLETED,1.0,0,0,0,176.53061224489795,176.53061224489795,4589.7959183673465
jid_677933,55929.0,136.0,2,31,3114502,3114502,3114534,JobState.COMPLETED,1.0,0,0,0,176.53061224489795,176.53061224489795,10944.897959183672
jid_677935,55929.0,136.0,2,12,3114525,3114525,3114538,JobState.COMPLETED,1.0,0,0,0,176.53061224489795,176.53061224489795,4236.734693877551
jid_677943,55929.0,136.0,2,12,3114531,3114531,3114544,JobState.COMPLETED,1.0,0,0,0,176.53061224489795,176.53061224489795,4236.734693877551
jid_677941,55929.0,136.0,2,13,3114532,3114532,3114546,JobState.COMPLETED,1.0,0,0,0,176.53061224489795,176.53061224489795,4589.7959183673465
jid_677940,55929.0,136.0,2,12,3114533,3114533,3114546,JobState.COMPLETED,1.0,0,0,0,176.53061224489795,176.53061224489795,4236.734693877551
jid_677942,55929.0,136.0,2,12,3114534,3114534,3114547,JobState.COMPLETED,1.0,0,0,0,176.53061224489795,176.53061224489795,4236.734693877551
jid_678044,4188.0,189.0,768,1557,3113052,3113052,3114610,JobState.COMPLETED,1.0,0,0,0,176.53061224489795,176.53061224489795,211091069.3877551
jid_677955,55929.0,136.0,2,1226,3113395,3113395,3114622,JobState.COMPLETED,1.0,0,0,0,176.53061224489775,176.53061224489795,432853.0612244893
jid_677957,55929.0,136.0,2,846,3113807,3113807,3114654,JobState.COMPLETED,1.0,0,0,0,176.53061224489815,176.53061224489795,298689.7959183677
jid_677959,55929.0,136.0,2,926,3113739,3113739,3114666,JobState.COMPLETED,1.0,0,0,0,176.53061224489815,176.53061224489795,326934.69387755136
jid_678021,55929.0,136.0,2,12,3114657,3114657,3114670,JobState.COMPLETED,1.0,0,0,0,176.53061224489795,176.53061224489795,4236.734693877551
jid_677962,55929.0,136.0,2,12,3114663,3114663,3114676,JobState.COMPLETED,1.0,0,0,0,176.53061224489795,176.53061224489795,4236.734693877551
jid_677963,55929.0,136.0,2,12,3114664,3114664,3114677,JobState.COMPLETED,1.0,0,0,0,176.53061224489795,176.53061224489795,4236.734693877551
jid_677964,55929.0,136.0,2,12,3114666,3114666,3114679,JobState.COMPLETED,1.0,0,0,0,176.53061224489795,176.53061224489795,4236.734693877551
jid_677971,55929.0,136.0,2,32,3114656,3114656,3114689,JobState.COMPLETED,1.0,0,0,0,176.53061224489795,176.53061224489795,11297.959183673469
jid_677979,55929.0,136.0,2,12,3114685,3114685,3114698,JobState.COMPLETED,1.0,0,0,0,176.53061224489795,176.53061224489795,4236.734693877551
jid_677980,55929.0,136.0,2,12,3114686,3114686,3114699,JobState.COMPLETED,1.0,0,0,0,176.53061224489795,176.53061224489795,4236.734693877551
jid_677982,55929.0,136.0,2,12,3114687,3114687,3114700,JobState.COMPLETED,1.0,0,0,0,176.53061224489795,176.53061224489795,4236.734693877551
jid_677981,55929.0,136.0,2,11,3114688,3114688,3114700,JobState.COMPLETED,1.0,0,0,0,176.53061224489795,176.53061224489795,3883.673469387755
jid_677985,55929.0,136.0,2,11,3114690,3114690,3114702,JobState.COMPLETED,1.0,0,0,0,176.53061224489795,176.53061224489795,3883.673469387755
jid_677989,55929.0,136.0,2,12,3114693,3114693,3114706,JobState.COMPLETED,1.0,0,0,0,176.53061224489795,176.53061224489795,4236.734693877551
jid_677990,55929.0,136.0,2,49,3114658,3114658,3114708,JobState.COMPLETED,1.0,0,0,0,176.53061224489795,176.53061224489795,17300.0
jid_677991,55929.0,136.0,2,11,3114697,3114697,3114709,JobState.COMPLETED,1.0,0,0,0,176.53061224489795,176.53061224489795,3883.673469387755
jid_677998,55929.0,136.0,2,11,3114707,3114707,3114719,JobState.COMPLETED,1.0,0,0,0,176.53061224489795,176.53061224489795,3883.673469387755
jid_678002,55929.0,136.0,2,37,3114682,3114682,3114720,JobState.COMPLETED,1.0,0,0,0,176.53061224489795,176.53061224489795,13063.265306122448
jid_678000,55929.0,136.0,2,12,3114710,3114710,3114723,JobState.COMPLETED,1.0,0,0,0,176.53061224489795,176.53061224489795,4236.734693877551
jid_678001,55929.0,136.0,2,11,3114711,3114711,3114723,JobState.COMPLETED,1.0,0,0,0,176.53061224489795,176.53061224489795,3883.673469387755
jid_678004,55929.0,136.0,2,12,3114712,3114712,3114725,JobState.COMPLETED,1.0,0,0,0,176.53061224489795,176.53061224489795,4236.734693877551
jid_678006,55929.0,136.0,2,12,3114715,3114715,3114728,JobState.COMPLETED,1.0,0,0,0,176.53061224489795,176.53061224489795,4236.734693877551
jid_678013,55929.0,136.0,2,11,3114725,3114725,3114737,JobState.COMPLETED,1.0,0,0,0,176.53061224489795,176.53061224489795,3883.673469387755
jid_678022,55929.0,136.0,2,12,3114730,3114730,3114743,JobState.COMPLETED,1.0,0,0,0,176.53061224489795,176.53061224489795,4236.734693877551
jid_678026,55929.0,136.0,2,12,3114734,3114734,3114747,JobState.COMPLETED,1.0,0,0,0,176.53061224489795,176.53061224489795,4236.734693877551
jid_678029,55929.0,136.0,2,33,3114717,3114717,3114751,JobState.COMPLETED,1.0,0,0,0,176.53061224489795,176.53061224489795,11651.020408163266
jid_678041,55929.0,136.0,2,37,3114724,3114724,3114762,JobState.COMPLETED,1.0,0,0,0,176.53061224489795,176.53061224489795,13063.265306122448
jid_678046,55929.0,136.0,2,11,3114753,3114753,3114765,JobState.COMPLETED,1.0,0,0,0,176.53061224489795,176.53061224489795,3883.673469387755
jid_678054,55929.0,136.0,2,12,3114759,3114759,3114772,JobState.COMPLETED,1.0,0,0,0,176.53061224489795,176.53061224489795,4236.734693877551
jid_678061,55929.0,136.0,2,11,3114768,3114768,3114780,JobState.COMPLETED,1.0,0,0,0,176.53061224489795,176.53061224489795,3883.673469387755
jid_678064,55929.0,136.0,2,35,3114757,3114757,3114793,JobState.COMPLETED,1.0,0,0,0,176.53061224489795,176.53061224489795,12357.142857142857
jid_678065,55929.0,136.0,2,34,3114764,3114764,3114799,JobState.COMPLETED,1.0,0,0,0,176.53061224489795,176.53061224489795,12004.08163265306
jid_678080,55929.0,136.0,2,12,3114896,3114896,3114909,JobState.COMPLETED,1.0,0,0,0,176.53061224489795,176.53061224489795,4236.734693877551
jid_678096,55929.0,136.0,2,12,3114915,3114915,3114928,JobState.COMPLETED,1.0,0,0,0,176.53061224489795,176.53061224489795,4236.734693877551
jid_678093,55929.0,136.0,2,11,3114916,3114916,3114928,JobState.COMPLETED,1.0,0,0,0,176.53061224489795,176.53061224489795,3883.673469387755
jid_678097,55929.0,136.0,2,11,3114919,3114919,3114931,JobState.COMPLETED,1.0,0,0,0,176.53061224489795,176.53061224489795,3883.673469387755
jid_678103,55929.0,136.0,2,11,3114920,3114920,3114932,JobState.COMPLETED,1.0,0,0,0,176.53061224489795,176.53061224489795,3883.673469387755
jid_678104,55929.0,136.0,2,11,3114921,3114921,3114933,JobState.COMPLETED,1.0,0,0,0,176.53061224489795,176.53061224489795,3883.673469387755
jid_678106,55929.0,136.0,2,12,3114923,3114923,3114936,JobState.COMPLETED,1.0,0,0,0,176.53061224489795,176.53061224489795,4236.734693877551
jid_678113,55929.0,136.0,2,41,3114900,3114900,3114942,JobState.COMPLETED,1.0,0,0,0,176.53061224489795,176.53061224489795,14475.510204081633
jid_678112,55929.0,136.0,2,12,3114929,3114929,3114942,JobState.COMPLETED,1.0,0,0,0,176.53061224489795,176.53061224489795,4236.734693877551
jid_678116,55929.0,136.0,2,11,3114934,3114934,3114946,JobState.COMPLETED,1.0,0,0,0,176.53061224489795,176.53061224489795,3883.673469387755
jid_678118,55929.0,136.0,2,12,3114938,3114938,3114951,JobState.COMPLETED,1.0,0,0,0,176.53061224489795,176.53061224489795,4236.734693877551
jid_678122,377.0000000000073,558.0,32,1531,3113421,3113421,3114953,JobState.COMPLETED,1.0,0,0,0,176.5306122448975,176.53061224489795,8648587.755102018
jid_678126,55929.0,136.0,2,12,3114944,3114944,3114957,JobState.COMPLETED,1.0,0,0,0,176.53061224489795,176.53061224489795,4236.734693877551
jid_678131,55929.0,136.0,2,12,3114950,3114950,3114963,JobState.COMPLETED,1.0,0,0,0,176.53061224489795,176.53061224489795,4236.734693877551
jid_678145,41282.0,474.0,1024,34,3114979,3114979,3115014,JobState.COMPLETED,1.0,0,0,0,176.53061224489795,176.53061224489795,6146089.795918367
jid_678147,55929.0,136.0,2,1701,3113346,3113346,3115048,JobState.COMPLETED,1.0,0,0,0,176.53061224489738,176.53061224489795,600557.1428571409
jid_678150,55929.0,136.0,2,12,3115075,3115075,3115088,JobState.COMPLETED,1.0,0,0,0,176.53061224489795,176.53061224489795,4236.734693877551
jid_678155,55929.0,136.0,2,12,3115083,3115083,3115096,JobState.COMPLETED,1.0,0,0,0,176.53061224489795,176.53061224489795,4236.734693877551
jid_678149,59078.0,327.0,512,49956,3065104,3065143,3115100,JobState.COMPLETED,0.816086329254406,0,0,0,154.01057092912072,154.01057092911094,3939201065.643599
jid_678159,55929.0,136.0,2,12,3115090,3115090,3115103,JobState.COMPLETED,1.0,0,0,0,176.53061224489795,176.53061224489795,4236.734693877551
jid_678162,55929.0,136.0,2,12,3115094,3115094,3115107,JobState.COMPLETED,1.0,0,0,0,176.53061224489795,176.53061224489795,4236.734693877551
jid_678167,55929.0,136.0,2,12,3115096,3115096,3115109,JobState.COMPLETED,1.0,0,0,0,176.53061224489795,176.53061224489795,4236.734693877551
jid_678163,55929.0,136.0,2,11,3115097,3115097,3115109,JobState.COMPLETED,1.0,0,0,0,176.53061224489795,176.53061224489795,3883.673469387755
jid_678176,55929.0,136.0,2,32,3115088,3115088,3115121,JobState.COMPLETED,1.0,0,0,0,176.53061224489795,176.53061224489795,11297.959183673469
jid_678179,55929.0,136.0,2,12,3115110,3115110,3115123,JobState.COMPLETED,1.0,0,0,0,176.53061224489795,176.53061224489795,4236.734693877551
jid_678182,55929.0,136.0,2,12,3115113,3115113,3115126,JobState.COMPLETED,1.0,0,0,0,176.53061224489795,176.53061224489795,4236.734693877551
jid_678184,55929.0,136.0,2,12,3115115,3115115,3115128,JobState.COMPLETED,1.0,0,0,0,176.53061224489795,176.53061224489795,4236.734693877551
jid_678190,55929.0,136.0,2,11,3115121,3115121,3115133,JobState.COMPLETED,1.0,0,0,0,176.53061224489795,176.53061224489795,3883.673469387755
jid_678193,55929.0,136.0,2,11,3115126,3115126,3115138,JobState.COMPLETED,1.0,0,0,0,176.53061224489795,176.53061224489795,3883.673469387755
jid_678217,55929.0,136.0,2,11,3115269,3115269,3115281,JobState.COMPLETED,1.0,0,0,0,176.53061224489795,176.53061224489795,3883.673469387755
jid_678218,55929.0,136.0,2,11,3115271,3115271,3115283,JobState.COMPLETED,1.0,0,0,0,176.53061224489795,176.53061224489795,3883.673469387755
jid_678229,55929.0,136.0,2,11,3115278,3115278,3115290,JobState.COMPLETED,1.0,0,0,0,176.53061224489795,176.53061224489795,3883.673469387755
jid_678227,55929.0,136.0,2,1587,3113706,3113706,3115294,JobState.COMPLETED,1.0,0,0,0,176.53061224489747,176.53061224489795,560308.1632653045
jid_678226,55929.0,136.0,2,11,3115282,3115282,3115294,JobState.COMPLETED,1.0,0,0,0,176.53061224489795,176.53061224489795,3883.673469387755
jid_678247,55929.0,136.0,2,11,3115414,3115414,3115426,JobState.COMPLETED,1.0,0,0,0,176.53061224489795,176.53061224489795,3883.673469387755
jid_678251,55929.0,136.0,2,12,3115420,3115420,3115433,JobState.COMPLETED,1.0,0,0,0,176.53061224489795,176.53061224489795,4236.734693877551
jid_678256,55929.0,136.0,2,12,3115427,3115427,3115440,JobState.COMPLETED,1.0,0,0,0,176.53061224489795,176.53061224489795,4236.734693877551
jid_678289,38222.0,526.0,1,683,3114874,3114874,3115558,JobState.COMPLETED,1.0,0,0,0,176.53061224489812,176.53061224489795,120570.40816326541
jid_678270,55929.0,136.0,2,12,3115554,3115554,3115567,JobState.COMPLETED,1.0,0,0,0,176.53061224489795,176.53061224489795,4236.734693877551
jid_678271,55929.0,136.0,2,11,3115555,3115555,3115567,JobState.COMPLETED,1.0,0,0,0,176.53061224489795,176.53061224489795,3883.673469387755
jid_678273,55929.0,136.0,2,11,3115558,3115558,3115570,JobState.COMPLETED,1.0,0,0,0,176.53061224489795,176.53061224489795,3883.673469387755
jid_678280,55929.0,136.0,2,12,3115564,3115564,3115577,JobState.COMPLETED,1.0,0,0,0,176.53061224489795,176.53061224489795,4236.734693877551
jid_678278,55929.0,136.0,2,32,3115557,3115557,3115590,JobState.COMPLETED,1.0,0,0,0,176.53061224489795,176.53061224489795,11297.959183673469
jid_678285,55929.0,136.0,2,12,3115687,3115687,3115700,JobState.COMPLETED,1.0,0,0,0,176.53061224489795,176.53061224489795,4236.734693877551
jid_678288,55929.0,136.0,2,12,3115692,3115692,3115705,JobState.COMPLETED,1.0,0,0,0,176.53061224489795,176.53061224489795,4236.734693877551
jid_678294,55929.0,136.0,2,12,3115816,3115816,3115829,JobState.COMPLETED,1.0,0,0,0,176.53061224489795,176.53061224489795,4236.734693877551
jid_678297,55929.0,136.0,2,11,3115819,3115819,3115831,JobState.COMPLETED,1.0,0,0,0,176.53061224489795,176.53061224489795,3883.673469387755
jid_678323,9.000000000007276,26.0,24,1148,3116289,3116289,3117438,JobState.COMPLETED,1.0,0,0,0,176.5306122448983,176.53061224489795,4863771.428571438
jid_678327,43123.0,18.000000000000057,578,12051,3105500,3105500,3117552,JobState.COMPLETED,0.9041292994558601,0,0,0,164.79134279051257,164.79134279051348,1147850472.797774
jid_678334,55929.0,136.0,2,5251,3112539,3112539,3117791,JobState.COMPLETED,1.0,0,0,0,176.5306122448968,176.53061224489795,1853924.489795906
jid_678339,55929.0,136.0,2,5367,3112553,3112553,3117921,JobState.COMPLETED,1.0,0,0,0,176.53061224489676,176.53061224489795,1894879.5918367219
jid_675484,14789.0,432.0,27,56782,3061172,3061172,3117955,JobState.COMPLETED,1.0,0,0,0,176.53061224491597,176.53061224489795,270641553.0612521
jid_678343,55929.0,136.0,2,38,3118016,3118016,3118055,JobState.COMPLETED,1.0,0,0,0,176.53061224489795,176.53061224489795,13416.326530612245
jid_678346,55929.0,136.0,2,5534,3112542,3112542,3118077,JobState.COMPLETED,1.0,0,0,0,176.53061224489676,176.53061224489795,1953840.8163265174
jid_678351,55929.0,136.0,2,12,3118142,3118142,3118155,JobState.COMPLETED,1.0,0,0,0,176.53061224489795,176.53061224489795,4236.734693877551
jid_678388,55929.0,136.0,2,5467,3112758,3112758,3118226,JobState.COMPLETED,1.0,0,0,0,176.53061224489676,176.53061224489795,1930185.714285701
jid_678389,55929.0,136.0,2,4919,3113325,3113325,3118245,JobState.COMPLETED,1.0,0,0,0,176.5306122448968,176.53061224489795,1736708.1632652946
jid_678393,55929.0,136.0,2,4887,3113381,3113381,3118269,JobState.COMPLETED,1.0,0,0,0,176.53061224489682,176.53061224489795,1725410.2040816215
jid_678403,55929.0,136.0,2,12,3118313,3118313,3118326,JobState.COMPLETED,1.0,0,0,0,176.53061224489795,176.53061224489795,4236.734693877551
jid_678412,60308.0,561.0,96,8805,3109644,3109644,3118450,JobState.COMPLETED,1.0,0,0,0,176.53061224489593,176.53061224489795,149217795.91836563
jid_678418,55929.0,136.0,2,5671,3112786,3112786,3118458,JobState.COMPLETED,1.0,0,0,0,176.53061224489676,176.53061224489795,2002210.204081619
jid_678420,55929.0,136.0,2,12,3118446,3118446,3118459,JobState.COMPLETED,1.0,0,0,0,176.53061224489795,176.53061224489795,4236.734693877551
jid_678422,55929.0,136.0,2,12,3118449,3118449,3118462,JobState.COMPLETED,1.0,0,0,0,176.53061224489795,176.53061224489795,4236.734693877551
jid_678424,55929.0,136.0,2,5066,3113396,3113396,3118463,JobState.COMPLETED,1.0,0,0,0,176.5306122448968,176.53061224489795,1788608.1632652942
jid_678427,55929.0,136.0,2,12,3118454,3118454,3118467,JobState.COMPLETED,1.0,0,0,0,176.53061224489795,176.53061224489795,4236.734693877551
jid_678437,55929.0,136.0,2,12,3118456,3118456,3118469,JobState.COMPLETED,1.0,0,0,0,176.53061224489795,176.53061224489795,4236.734693877551
jid_678433,55929.0,136.0,2,5447,3113034,3113034,3118482,JobState.COMPLETED,1.0,0,0,0,176.53061224489676,176.53061224489795,1923124.4897959053
jid_678434,55929.0,136.0,2,5715,3112773,3112773,3118489,JobState.COMPLETED,1.0,0,0,0,176.53061224489676,176.53061224489795,2017744.89795917
jid_678440,55929.0,136.0,2,4778,3113804,3113804,3118583,JobState.COMPLETED,1.0,0,0,0,176.53061224489682,176.53061224489795,1686926.530612234
jid_678449,55929.0,136.0,2,12,3118587,3118587,3118600,JobState.COMPLETED,1.0,0,0,0,176.53061224489795,176.53061224489795,4236.734693877551
jid_678453,55929.0,136.0,2,11,3118591,3118591,3118603,JobState.COMPLETED,1.0,0,0,0,176.53061224489795,176.53061224489795,3883.673469387755
jid_678454,55929.0,136.0,2,12,3118592,3118592,3118605,JobState.COMPLETED,1.0,0,0,0,176.53061224489795,176.53061224489795,4236.734693877551
jid_678470,55929.0,136.0,2,5276,3113413,3113413,3118690,JobState.COMPLETED,1.0,0,0,0,176.5306122448968,176.53061224489795,1862751.020408151
jid_678475,55929.0,136.0,2,11,3118727,3118727,3118739,JobState.COMPLETED,1.0,0,0,0,176.53061224489795,176.53061224489795,3883.673469387755
jid_678477,55929.0,136.0,2,12,3118730,3118730,3118743,JobState.COMPLETED,1.0,0,0,0,176.53061224489795,176.53061224489795,4236.734693877551
jid_678479,55929.0,136.0,2,11,3118732,3118732,3118744,JobState.COMPLETED,1.0,0,0,0,176.53061224489795,176.53061224489795,3883.673469387755
jid_678481,55929.0,136.0,2,12,3118734,3118734,3118747,JobState.COMPLETED,1.0,0,0,0,176.53061224489795,176.53061224489795,4236.734693877551
jid_678483,55929.0,136.0,2,12,3118737,3118737,3118750,JobState.COMPLETED,1.0,0,0,0,176.53061224489795,176.53061224489795,4236.734693877551
jid_678489,55929.0,136.0,2,30,3118723,3118723,3118754,JobState.COMPLETED,1.0,0,0,0,176.53061224489795,176.53061224489795,10591.836734693878
jid_678498,55929.0,136.0,2,11,3118751,3118751,3118763,JobState.COMPLETED,1.0,0,0,0,176.53061224489795,176.53061224489795,3883.673469387755
jid_678504,55929.0,136.0,2,5800,3112990,3112990,3118791,JobState.COMPLETED,1.0,0,0,0,176.53061224489676,176.53061224489795,2047755.1020408024
jid_678515,55929.0,136.0,2,12,3118876,3118876,3118889,JobState.COMPLETED,1.0,0,0,0,176.53061224489795,176.53061224489795,4236.734693877551
jid_678520,55929.0,136.0,2,12,3118878,3118878,3118891,JobState.COMPLETED,1.0,0,0,0,176.53061224489795,176.53061224489795,4236.734693877551
jid_678618,55929.0,136.0,2,12,3118893,3118893,3118906,JobState.COMPLETED,1.0,0,0,0,176.53061224489795,176.53061224489795,4236.734693877551
jid_678584,55929.0,136.0,2,5214,3113732,3113732,3118947,JobState.COMPLETED,1.0,0,0,0,176.5306122448968,176.53061224489795,1840861.2244897836
jid_678591,55929.0,136.0,2,5578,3113375,3113375,3118954,JobState.COMPLETED,1.0,0,0,0,176.53061224489676,176.53061224489795,1969375.5102040682
jid_678620,55929.0,136.0,2,5619,3113358,3113358,3118978,JobState.COMPLETED,1.0,0,0,0,176.53061224489676,176.53061224489795,1983851.0204081498
jid_678653,55929.0,136.0,2,5314,3113810,3113810,3119125,JobState.COMPLETED,1.0,0,0,0,176.5306122448968,176.53061224489795,1876167.346938763
jid_678689,55929.0,136.0,2,12,3119161,3119161,3119174,JobState.COMPLETED,1.0,0,0,0,176.53061224489795,176.53061224489795,4236.734693877551
jid_678694,55929.0,136.0,2,11,3119162,3119162,3119174,JobState.COMPLETED,1.0,0,0,0,176.53061224489795,176.53061224489795,3883.673469387755
jid_678714,55929.0,136.0,2,12,3119175,3119175,3119188,JobState.COMPLETED,1.0,0,0,0,176.53061224489795,176.53061224489795,4236.734693877551
jid_678326,57868.0,299.0,640,20088,3097462,3099174,3119263,JobState.COMPLETED,0.6660766892805683,0,0,0,135.64204358537674,135.64204358537572,1743857517.7875507
jid_678814,55929.0,136.0,2,6271,3113024,3113024,3119296,JobState.COMPLETED,1.0,0,0,0,176.53061224489673,176.53061224489795,2214046.9387754947
jid_678820,55929.0,136.0,2,6790,3112557,3112557,3119348,JobState.COMPLETED,1.0,0,0,0,176.5306122448967,176.53061224489795,2397285.7142856973
jid_678831,55929.0,136.0,2,11,3119451,3119451,3119463,JobState.COMPLETED,1.0,0,0,0,176.53061224489795,176.53061224489795,3883.673469387755
jid_678836,55929.0,136.0,2,11,3119455,3119455,3119467,JobState.COMPLETED,1.0,0,0,0,176.53061224489795,176.53061224489795,3883.673469387755
jid_678837,55929.0,136.0,2,11,3119456,3119456,3119468,JobState.COMPLETED,1.0,0,0,0,176.53061224489795,176.53061224489795,3883.673469387755
jid_678845,55929.0,136.0,2,14,3119463,3119463,3119478,JobState.COMPLETED,1.0,0,0,0,176.53061224489795,176.53061224489795,4942.857142857143
jid_678847,55929.0,136.0,2,6716,3112766,3112766,3119483,JobState.COMPLETED,1.0,0,0,0,176.5306122448967,176.53061224489795,2371159.1836734526
jid_678850,55929.0,136.0,2,12,3119472,3119472,3119485,JobState.COMPLETED,1.0,0,0,0,176.53061224489795,176.53061224489795,4236.734693877551
jid_678855,55929.0,136.0,2,6078,3113416,3113416,3119495,JobState.COMPLETED,1.0,0,0,0,176.53061224489673,176.53061224489795,2145906.1224489645
jid_678862,55929.0,136.0,2,6254,3113309,3113309,3119564,JobState.COMPLETED,1.0,0,0,0,176.53061224489673,176.53061224489795,2208044.897959168
jid_678863,55929.0,136.0,2,5787,3113800,3113800,3119588,JobState.COMPLETED,1.0,0,0,0,176.53061224489676,176.53061224489795,2043165.306122435
jid_678864,55929.0,136.0,2,6210,3113384,3113384,3119595,JobState.COMPLETED,1.0,0,0,0,176.53061224489673,176.53061224489795,2192510.2040816173
jid_678865,55929.0,136.0,2,5835,3113760,3113760,3119596,JobState.COMPLETED,1.0,0,0,0,176.53061224489676,176.53061224489795,2060112.244897945
jid_678866,55929.0,136.0,2,6830,3112780,3112780,3119611,JobState.COMPLETED,1.0,0,0,0,176.5306122448967,176.53061224489795,2411408.163265289
jid_678886,55929.0,136.0,2,11,3119627,3119627,3119639,JobState.COMPLETED,1.0,0,0,0,176.53061224489795,176.53061224489795,3883.673469387755
jid_678891,55929.0,136.0,2,12,3119633,3119633,3119646,JobState.COMPLETED,1.0,0,0,0,176.53061224489795,176.53061224489795,4236.734693877551
jid_678904,55929.0,136.0,2,28,3119629,3119629,3119658,JobState.COMPLETED,1.0,0,0,0,176.53061224489795,176.53061224489795,9885.714285714286
jid_678906,55929.0,136.0,2,10,3119648,3119648,3119659,JobState.COMPLETED,1.0,0,0,0,176.53061224489795,176.53061224489795,3530.612244897959
jid_678922,55929.0,136.0,2,6295,3113400,3113400,3119696,JobState.COMPLETED,1.0,0,0,0,176.53061224489673,176.53061224489795,2222520.40816325
jid_678912,55929.0,136.0,2,6665,3113040,3113040,3119706,JobState.COMPLETED,1.0,0,0,0,176.5306122448967,176.53061224489795,2353153.061224473
jid_678913,55929.0,136.0,2,6434,3113288,3113288,3119723,JobState.COMPLETED,1.0,0,0,0,176.53061224489673,176.53061224489795,2271595.918367331
jid_678915,55929.0,136.0,2,6729,3113001,3113001,3119731,JobState.COMPLETED,1.0,0,0,0,176.5306122448967,176.53061224489795,2375748.97959182
jid_678928,55929.0,136.0,2,12,3119780,3119780,3119793,JobState.COMPLETED,1.0,0,0,0,176.53061224489795,176.53061224489795,4236.734693877551
jid_678930,55929.0,136.0,2,12,3119781,3119781,3119794,JobState.COMPLETED,1.0,0,0,0,176.53061224489795,176.53061224489795,4236.734693877551
jid_678934,55929.0,136.0,2,11,3119787,3119787,3119799,JobState.COMPLETED,1.0,0,0,0,176.53061224489795,176.53061224489795,3883.673469387755
jid_678936,55929.0,136.0,2,12,3119789,3119789,3119802,JobState.COMPLETED,1.0,0,0,0,176.53061224489795,176.53061224489795,4236.734693877551
jid_678976,55929.0,136.0,2,11,3119792,3119792,3119804,JobState.COMPLETED,1.0,0,0,0,176.53061224489795,176.53061224489795,3883.673469387755
jid_678944,55929.0,136.0,2,12,3119797,3119797,3119810,JobState.COMPLETED,1.0,0,0,0,176.53061224489795,176.53061224489795,4236.734693877551
jid_678946,55929.0,136.0,2,12,3119800,3119800,3119813,JobState.COMPLETED,1.0,0,0,0,176.53061224489795,176.53061224489795,4236.734693877551
jid_678978,55929.0,136.0,2,11,3119804,3119804,3119816,JobState.COMPLETED,1.0,0,0,0,176.53061224489795,176.53061224489795,3883.673469387755
jid_678979,55929.0,136.0,2,10,3119808,3119808,3119819,JobState.COMPLETED,1.0,0,0,0,176.53061224489795,176.53061224489795,3530.612244897959
jid_678954,55929.0,136.0,2,10,3119812,3119812,3119823,JobState.COMPLETED,1.0,0,0,0,176.53061224489795,176.53061224489795,3530.612244897959
jid_678960,55929.0,136.0,2,13,3119817,3119817,3119831,JobState.COMPLETED,1.0,0,0,0,176.53061224489795,176.53061224489795,4589.7959183673465
jid_678963,55929.0,136.0,2,10,3119822,3119822,3119833,JobState.COMPLETED,1.0,0,0,0,176.53061224489795,176.53061224489795,3530.612244897959
jid_678965,55929.0,136.0,2,10,3119828,3119828,3119839,JobState.COMPLETED,1.0,0,0,0,176.53061224489795,176.53061224489795,3530.612244897959
jid_678966,55929.0,136.0,2,12,3119827,3119827,3119840,JobState.COMPLETED,1.0,0,0,0,176.53061224489795,176.53061224489795,4236.734693877551
jid_678967,55929.0,136.0,2,12,3119829,3119829,3119842,JobState.COMPLETED,1.0,0,0,0,176.53061224489795,176.53061224489795,4236.734693877551
jid_678972,55929.0,136.0,2,6038,3113817,3113817,3119856,JobState.COMPLETED,1.0,0,0,0,176.53061224489673,176.53061224489795,2131783.673469373
jid_678975,55929.0,136.0,2,6535,3113331,3113331,3119867,JobState.COMPLETED,1.0,0,0,0,176.53061224489673,176.53061224489795,2307255.1020408003
jid_678988,55929.0,136.0,2,6167,3113801,3113801,3119969,JobState.COMPLETED,1.0,0,0,0,176.53061224489673,176.53061224489795,2177328.5714285565
jid_678991,55929.0,136.0,2,11,3119961,3119961,3119973,JobState.COMPLETED,1.0,0,0,0,176.53061224489795,176.53061224489795,3883.673469387755
jid_678996,55929.0,136.0,2,11,3119965,3119965,3119977,JobState.COMPLETED,1.0,0,0,0,176.53061224489795,176.53061224489795,3883.673469387755
jid_678997,55929.0,136.0,2,10,3119967,3119967,3119978,JobState.COMPLETED,1.0,0,0,0,176.53061224489795,176.53061224489795,3530.612244897959
jid_678999,55929.0,136.0,2,11,3119970,3119970,3119982,JobState.COMPLETED,1.0,0,0,0,176.53061224489795,176.53061224489795,3883.673469387755
jid_679002,55929.0,136.0,2,12,3119971,3119971,3119984,JobState.COMPLETED,1.0,0,0,0,176.53061224489795,176.53061224489795,4236.734693877551
jid_679012,55929.0,136.0,2,12,3119980,3119980,3119993,JobState.COMPLETED,1.0,0,0,0,176.53061224489795,176.53061224489795,4236.734693877551
jid_679021,55929.0,136.0,2,11,3119989,3119989,3120001,JobState.COMPLETED,1.0,0,0,0,176.53061224489795,176.53061224489795,3883.673469387755
jid_679020,55929.0,136.0,2,12,3119990,3119990,3120003,JobState.COMPLETED,1.0,0,0,0,176.53061224489795,176.53061224489795,4236.734693877551
jid_679023,58032.0,468.0,1,3,3120003,3120003,3120007,JobState.COMPLETED,1.0,0,0,0,176.53061224489795,176.53061224489795,529.5918367346939
jid_679031,55929.0,136.0,2,12,3120000,3120000,3120013,JobState.COMPLETED,1.0,0,0,0,176.53061224489795,176.53061224489795,4236.734693877551
jid_679036,55929.0,136.0,2,6745,3113314,3113314,3120060,JobState.COMPLETED,1.0,0,0,0,176.5306122448967,176.53061224489795,2381397.9591836566
jid_679042,55929.0,136.0,2,12,3120132,3120132,3120145,JobState.COMPLETED,1.0,0,0,0,176.53061224489795,176.53061224489795,4236.734693877551
jid_679044,55929.0,136.0,2,12,3120135,3120135,3120148,JobState.COMPLETED,1.0,0,0,0,176.53061224489795,176.53061224489795,4236.734693877551
jid_679051,55929.0,136.0,2,10,3120146,3120146,3120157,JobState.COMPLETED,1.0,0,0,0,176.53061224489795,176.53061224489795,3530.612244897959
jid_679053,55929.0,136.0,2,12,3120147,3120147,3120160,JobState.COMPLETED,1.0,0,0,0,176.53061224489795,176.53061224489795,4236.734693877551
jid_679058,55929.0,136.0,2,12,3120153,3120153,3120166,JobState.COMPLETED,1.0,0,0,0,176.53061224489795,176.53061224489795,4236.734693877551
jid_679065,55929.0,136.0,2,11,3120160,3120160,3120172,JobState.COMPLETED,1.0,0,0,0,176.53061224489795,176.53061224489795,3883.673469387755
jid_679067,55929.0,136.0,2,12,3120163,3120163,3120176,JobState.COMPLETED,1.0,0,0,0,176.53061224489795,176.53061224489795,4236.734693877551
jid_679070,55929.0,136.0,2,43,3120139,3120139,3120183,JobState.COMPLETED,1.0,0,0,0,176.53061224489795,176.53061224489795,15181.632653061224
jid_679098,55929.0,136.0,2,11,3120305,3120305,3120317,JobState.COMPLETED,1.0,0,0,0,176.53061224489795,176.53061224489795,3883.673469387755
jid_679101,55929.0,136.0,2,6591,3113733,3113733,3120325,JobState.COMPLETED,1.0,0,0,0,176.53061224489673,176.53061224489795,2327026.530612229
jid_679110,55929.0,136.0,2,11,3120324,3120324,3120336,JobState.COMPLETED,1.0,0,0,0,176.53061224489795,176.53061224489795,3883.673469387755
jid_679111,55929.0,136.0,2,11,3120325,3120325,3120337,JobState.COMPLETED,1.0,0,0,0,176.53061224489795,176.53061224489795,3883.673469387755
jid_679112,55929.0,136.0,2,12,3120327,3120327,3120340,JobState.COMPLETED,1.0,0,0,0,176.53061224489795,176.53061224489795,4236.734693877551
jid_679114,55929.0,136.0,2,11,3120330,3120330,3120342,JobState.COMPLETED,1.0,0,0,0,176.53061224489795,176.53061224489795,3883.673469387755
jid_679119,55929.0,136.0,2,10,3120331,3120331,3120342,JobState.COMPLETED,1.0,0,0,0,176.53061224489795,176.53061224489795,3530.612244897959
jid_679120,55929.0,136.0,2,12,3120332,3120332,3120345,JobState.COMPLETED,1.0,0,0,0,176.53061224489795,176.53061224489795,4236.734693877551
jid_679148,55929.0,136.0,2,37,3120308,3120308,3120346,JobState.COMPLETED,1.0,0,0,0,176.53061224489795,176.53061224489795,13063.265306122448
jid_679132,55929.0,136.0,2,11,3120461,3120461,3120473,JobState.COMPLETED,1.0,0,0,0,176.53061224489795,176.53061224489795,3883.673469387755
jid_679172,55929.0,136.0,2,11,3120612,3120612,3120624,JobState.COMPLETED,1.0,0,0,0,176.53061224489795,176.53061224489795,3883.673469387755
jid_679183,9.000000000007276,26.0,24,4379,3116253,3116253,3120633,JobState.COMPLETED,1.0,0,0,0,176.53061224489912,176.53061224489795,18552661.22448992
jid_679181,55929.0,136.0,2,11,3120624,3120624,3120636,JobState.COMPLETED,1.0,0,0,0,176.53061224489795,176.53061224489795,3883.673469387755
jid_679184,55929.0,136.0,2,12,3120626,3120626,3120639,JobState.COMPLETED,1.0,0,0,0,176.53061224489795,176.53061224489795,4236.734693877551
jid_679187,55929.0,136.0,2,33,3120616,3120616,3120650,JobState.COMPLETED,1.0,0,0,0,176.53061224489795,176.53061224489795,11651.020408163266
jid_679191,55929.0,136.0,2,11,3120757,3120757,3120769,JobState.COMPLETED,1.0,0,0,0,176.53061224489795,176.53061224489795,3883.673469387755
jid_679200,55929.0,136.0,2,12,3120770,3120770,3120783,JobState.COMPLETED,1.0,0,0,0,176.53061224489795,176.53061224489795,4236.734693877551
jid_679202,55929.0,136.0,2,12,3120772,3120772,3120785,JobState.COMPLETED,1.0,0,0,0,176.53061224489795,176.53061224489795,4236.734693877551
jid_679213,55929.0,136.0,2,12,3120899,3120899,3120912,JobState.COMPLETED,1.0,0,0,0,176.53061224489795,176.53061224489795,4236.734693877551
jid_676369,55937.0,191.0,4,20327,3091269,3101446,3121774,JobState.COMPLETED,1.0,0,0,0,176.5306122449058,176.53061224489795,14353351.0204088
jid_676617,55937.0,191.0,4,20864,3091275,3101446,3122311,JobState.COMPLETED,1.0,0,0,0,176.5306122449059,176.53061224489795,14732538.775510868
jid_679237,1246.0000000000073,376.0,160,16652,3105717,3105717,3122370,JobState.COMPLETED,0.7848554007648149,0,0,0,150.18637560385562,150.18637560385488,400144564.24886465
jid_676609,55937.0,191.0,4,20976,3091137,3101446,3122423,JobState.COMPLETED,1.0,0,0,0,176.53061224490594,176.53061224489795,14811624.489796588
jid_676620,55937.0,191.0,4,21018,3091145,3101446,3122465,JobState.COMPLETED,1.0,0,0,0,176.53061224490597,176.53061224489795,14841281.632653734
jid_676690,55937.0,191.0,4,21134,3091273,3101446,3122581,JobState.COMPLETED,1.0,0,0,0,176.530612244906,176.53061224489795,14923191.836735373
jid_679242,55929.0,136.0,2,11,3122733,3122733,3122745,JobState.COMPLETED,1.0,0,0,0,176.53061224489795,176.53061224489795,3883.673469387755
jid_679249,55929.0,136.0,2,30,3123217,3123217,3123248,JobState.COMPLETED,1.0,0,0,0,176.53061224489795,176.53061224489795,10591.836734693878
jid_679251,55929.0,136.0,2,11,3123341,3123341,3123353,JobState.COMPLETED,1.0,0,0,0,176.53061224489795,176.53061224489795,3883.673469387755
jid_679255,55929.0,136.0,2,11,3123585,3123585,3123597,JobState.COMPLETED,1.0,0,0,0,176.53061224489795,176.53061224489795,3883.673469387755
jid_679256,55929.0,136.0,2,11,3123586,3123586,3123598,JobState.COMPLETED,1.0,0,0,0,176.53061224489795,176.53061224489795,3883.673469387755
jid_679259,55929.0,136.0,2,5988,3117644,3117644,3123633,JobState.COMPLETED,1.0,0,0,0,176.53061224489673,176.53061224489795,2114130.612244883
jid_679268,55929.0,136.0,2,11,3123710,3123710,3123722,JobState.COMPLETED,1.0,0,0,0,176.53061224489795,176.53061224489795,3883.673469387755
jid_679277,55929.0,136.0,2,10,3123712,3123712,3123723,JobState.COMPLETED,1.0,0,0,0,176.53061224489795,176.53061224489795,3530.612244897959
jid_679272,55929.0,136.0,2,4619,3119132,3119132,3123752,JobState.COMPLETED,1.0,0,0,0,176.53061224489682,176.53061224489795,1630789.7959183569
jid_679281,55929.0,136.0,2,4431,3119385,3119385,3123817,JobState.COMPLETED,1.0,0,0,0,176.53061224489684,176.53061224489795,1564414.285714276
jid_679287,55929.0,136.0,2,11,3123839,3123839,3123851,JobState.COMPLETED,1.0,0,0,0,176.53061224489795,176.53061224489795,3883.673469387755
jid_679291,55929.0,136.0,2,4450,3119403,3119403,3123854,JobState.COMPLETED,1.0,0,0,0,176.53061224489684,176.53061224489795,1571122.448979582
jid_679298,55929.0,136.0,2,11,3123851,3123851,3123863,JobState.COMPLETED,1.0,0,0,0,176.53061224489795,176.53061224489795,3883.673469387755
jid_679300,55929.0,136.0,2,35,3123835,3123835,3123871,JobState.COMPLETED,1.0,0,0,0,176.53061224489795,176.53061224489795,12357.142857142857
jid_679305,55929.0,136.0,2,4573,3119332,3119332,3123906,JobState.COMPLETED,1.0,0,0,0,176.53061224489682,176.53061224489795,1614548.9795918262
jid_679308,55929.0,136.0,2,4616,3119302,3119302,3123919,JobState.COMPLETED,1.0,0,0,0,176.53061224489682,176.53061224489795,1629730.6122448875
jid_679314,55929.0,136.0,2,11,3123978,3123978,3123990,JobState.COMPLETED,1.0,0,0,0,176.53061224489795,176.53061224489795,3883.673469387755
jid_679329,55929.0,136.0,2,10,3123996,3123996,3124007,JobState.COMPLETED,1.0,0,0,0,176.53061224489795,176.53061224489795,3530.612244897959
jid_679333,55929.0,136.0,2,11,3124003,3124003,3124015,JobState.COMPLETED,1.0,0,0,0,176.53061224489795,176.53061224489795,3883.673469387755
jid_679345,55929.0,136.0,2,4685,3119404,3119404,3124090,JobState.COMPLETED,1.0,0,0,0,176.53061224489682,176.53061224489795,1654091.8367346833
jid_679347,55929.0,136.0,2,4690,3119409,3119409,3124100,JobState.COMPLETED,1.0,0,0,0,176.53061224489682,176.53061224489795,1655857.142857132
jid_679352,55929.0,136.0,2,10,3124128,3124128,3124139,JobState.COMPLETED,1.0,0,0,0,176.53061224489795,176.53061224489795,3530.612244897959
jid_679387,55929.0,136.0,2,10,3124131,3124131,3124142,JobState.COMPLETED,1.0,0,0,0,176.53061224489795,176.53061224489795,3530.612244897959
jid_679355,55929.0,136.0,2,4737,3119406,3119406,3124144,JobState.COMPLETED,1.0,0,0,0,176.53061224489682,176.53061224489795,1672451.0204081524
jid_679354,55929.0,136.0,2,11,3124132,3124132,3124144,JobState.COMPLETED,1.0,0,0,0,176.53061224489795,176.53061224489795,3883.673469387755
jid_679357,55929.0,136.0,2,11,3124136,3124136,3124148,JobState.COMPLETED,1.0,0,0,0,176.53061224489795,176.53061224489795,3883.673469387755
jid_679360,55929.0,136.0,2,11,3124139,3124139,3124151,JobState.COMPLETED,1.0,0,0,0,176.53061224489795,176.53061224489795,3883.673469387755
jid_679366,55929.0,136.0,2,11,3124146,3124146,3124158,JobState.COMPLETED,1.0,0,0,0,176.53061224489795,176.53061224489795,3883.673469387755
jid_679369,55929.0,136.0,2,10,3124148,3124148,3124159,JobState.COMPLETED,1.0,0,0,0,176.53061224489795,176.53061224489795,3530.612244897959
jid_679371,55929.0,136.0,2,11,3124153,3124153,3124165,JobState.COMPLETED,1.0,0,0,0,176.53061224489795,176.53061224489795,3883.673469387755
jid_679377,55929.0,136.0,2,11,3124157,3124157,3124169,JobState.COMPLETED,1.0,0,0,0,176.53061224489795,176.53061224489795,3883.673469387755
jid_679382,55929.0,136.0,2,11,3124165,3124165,3124177,JobState.COMPLETED,1.0,0,0,0,176.53061224489795,176.53061224489795,3883.673469387755
jid_679384,55929.0,136.0,2,11,3124167,3124167,3124179,JobState.COMPLETED,1.0,0,0,0,176.53061224489795,176.53061224489795,3883.673469387755
jid_679397,47.0,35.0,1,480,3123808,3123808,3124289,JobState.COMPLETED,1.0,0,0,0,176.53061224489807,176.53061224489795,84734.69387755106
jid_679402,55929.0,136.0,2,10,3124292,3124292,3124303,JobState.COMPLETED,1.0,0,0,0,176.53061224489795,176.53061224489795,3530.612244897959
jid_679401,55929.0,136.0,2,11,3124293,3124293,3124305,JobState.COMPLETED,1.0,0,0,0,176.53061224489795,176.53061224489795,3883.673469387755
jid_679407,55929.0,136.0,2,11,3124299,3124299,3124311,JobState.COMPLETED,1.0,0,0,0,176.53061224489795,176.53061224489795,3883.673469387755
jid_679412,55929.0,136.0,2,11,3124304,3124304,3124316,JobState.COMPLETED,1.0,0,0,0,176.53061224489795,176.53061224489795,3883.673469387755
jid_679414,55929.0,136.0,2,11,3124305,3124305,3124317,JobState.COMPLETED,1.0,0,0,0,176.53061224489795,176.53061224489795,3883.673469387755
jid_679452,55929.0,136.0,2,11,3124306,3124306,3124318,JobState.COMPLETED,1.0,0,0,0,176.53061224489795,176.53061224489795,3883.673469387755
jid_679418,55929.0,136.0,2,11,3124310,3124310,3124322,JobState.COMPLETED,1.0,0,0,0,176.53061224489795,176.53061224489795,3883.673469387755
jid_679424,55929.0,136.0,2,4950,3119377,3119377,3124328,JobState.COMPLETED,1.0,0,0,0,176.5306122448968,176.53061224489795,1747653.0612244783
jid_679455,55929.0,136.0,2,11,3124319,3124319,3124331,JobState.COMPLETED,1.0,0,0,0,176.53061224489795,176.53061224489795,3883.673469387755
jid_679433,55929.0,136.0,2,11,3124326,3124326,3124338,JobState.COMPLETED,1.0,0,0,0,176.53061224489795,176.53061224489795,3883.673469387755
jid_679435,55929.0,136.0,2,11,3124328,3124328,3124340,JobState.COMPLETED,1.0,0,0,0,176.53061224489795,176.53061224489795,3883.673469387755
jid_679438,55929.0,136.0,2,11,3124331,3124331,3124343,JobState.COMPLETED,1.0,0,0,0,176.53061224489795,176.53061224489795,3883.673469387755
jid_679442,55929.0,136.0,2,11,3124335,3124335,3124347,JobState.COMPLETED,1.0,0,0,0,176.53061224489795,176.53061224489795,3883.673469387755
jid_679444,55929.0,136.0,2,10,3124340,3124340,3124351,JobState.COMPLETED,1.0,0,0,0,176.53061224489795,176.53061224489795,3530.612244897959
jid_679459,55929.0,136.0,2,5251,3119100,3119100,3124352,JobState.COMPLETED,1.0,0,0,0,176.5306122448968,176.53061224489795,1853924.489795906
jid_679446,55929.0,136.0,2,5247,3119104,3119104,3124352,JobState.COMPLETED,1.0,0,0,0,176.5306122448968,176.53061224489795,1852512.244897947
jid_679449,55929.0,136.0,2,5289,3119095,3119095,3124385,JobState.COMPLETED,1.0,0,0,0,176.5306122448968,176.53061224489795,1867340.8163265183
jid_679458,55929.0,136.0,2,5331,3119094,3119094,3124426,JobState.COMPLETED,1.0,0,0,0,176.5306122448968,176.53061224489795,1882169.3877550894
jid_679461,55929.0,136.0,2,11,3124461,3124461,3124473,JobState.COMPLETED,1.0,0,0,0,176.53061224489795,176.53061224489795,3883.673469387755
jid_679473,55929.0,136.0,2,11,3124477,3124477,3124489,JobState.COMPLETED,1.0,0,0,0,176.53061224489795,176.53061224489795,3883.673469387755
jid_679476,55929.0,136.0,2,5103,3119386,3119386,3124490,JobState.COMPLETED,1.0,0,0,0,176.5306122448968,176.53061224489795,1801671.4285714165
jid_679475,55929.0,136.0,2,11,3124480,3124480,3124492,JobState.COMPLETED,1.0,0,0,0,176.53061224489795,176.53061224489795,3883.673469387755
jid_679495,55929.0,136.0,2,11,3124503,3124503,3124515,JobState.COMPLETED,1.0,0,0,0,176.53061224489795,176.53061224489795,3883.673469387755
jid_679541,55929.0,136.0,2,11,3124519,3124519,3124531,JobState.COMPLETED,1.0,0,0,0,176.53061224489795,176.53061224489795,3883.673469387755
jid_679511,55929.0,136.0,2,11,3124525,3124525,3124537,JobState.COMPLETED,1.0,0,0,0,176.53061224489795,176.53061224489795,3883.673469387755
jid_679515,55929.0,136.0,2,5411,3119126,3119126,3124538,JobState.COMPLETED,1.0,0,0,0,176.53061224489676,176.53061224489795,1910414.2857142726
jid_679516,55929.0,136.0,2,10,3124530,3124530,3124541,JobState.COMPLETED,1.0,0,0,0,176.53061224489795,176.53061224489795,3530.612244897959
jid_679522,55929.0,136.0,2,5219,3119374,3119374,3124594,JobState.COMPLETED,1.0,0,0,0,176.5306122448968,176.53061224489795,1842626.5306122326
jid_679525,55929.0,136.0,2,5304,3119327,3119327,3124632,JobState.COMPLETED,1.0,0,0,0,176.5306122448968,176.53061224489795,1872636.734693865
jid_679542,55929.0,136.0,2,5330,3119341,3119341,3124672,JobState.COMPLETED,1.0,0,0,0,176.5306122448968,176.53061224489795,1881816.3265305997
jid_679540,55929.0,136.0,2,11,3124668,3124668,3124680,JobState.COMPLETED,1.0,0,0,0,176.53061224489795,176.53061224489795,3883.673469387755
jid_679544,55929.0,136.0,2,11,3124672,3124672,3124684,JobState.COMPLETED,1.0,0,0,0,176.53061224489795,176.53061224489795,3883.673469387755
jid_679552,55929.0,136.0,2,11,3124680,3124680,3124692,JobState.COMPLETED,1.0,0,0,0,176.53061224489795,176.53061224489795,3883.673469387755
jid_679553,55929.0,136.0,2,10,3124682,3124682,3124693,JobState.COMPLETED,1.0,0,0,0,176.53061224489795,176.53061224489795,3530.612244897959
jid_679555,55929.0,136.0,2,10,3124684,3124684,3124695,JobState.COMPLETED,1.0,0,0,0,176.53061224489795,176.53061224489795,3530.612244897959
jid_679557,55929.0,136.0,2,11,3124687,3124687,3124699,JobState.COMPLETED,1.0,0,0,0,176.53061224489795,176.53061224489795,3883.673469387755
jid_679573,55929.0,136.0,2,10,3124709,3124709,3124720,JobState.COMPLETED,1.0,0,0,0,176.53061224489795,176.53061224489795,3530.612244897959
jid_679576,55929.0,136.0,2,11,3124713,3124713,3124725,JobState.COMPLETED,1.0,0,0,0,176.53061224489795,176.53061224489795,3883.673469387755
jid_679579,55929.0,136.0,2,10,3124716,3124716,3124727,JobState.COMPLETED,1.0,0,0,0,176.53061224489795,176.53061224489795,3530.612244897959
jid_679601,55929.0,136.0,2,11,3124852,3124852,3124864,JobState.COMPLETED,1.0,0,0,0,176.53061224489795,176.53061224489795,3883.673469387755
jid_679605,55929.0,136.0,2,11,3124857,3124857,3124869,JobState.COMPLETED,1.0,0,0,0,176.53061224489795,176.53061224489795,3883.673469387755
jid_679617,55929.0,136.0,2,11,3124873,3124873,3124885,JobState.COMPLETED,1.0,0,0,0,176.53061224489795,176.53061224489795,3883.673469387755
jid_679620,55929.0,136.0,2,11,3124876,3124876,3124888,JobState.COMPLETED,1.0,0,0,0,176.53061224489795,176.53061224489795,3883.673469387755
jid_679622,55929.0,136.0,2,11,3124877,3124877,3124889,JobState.COMPLETED,1.0,0,0,0,176.53061224489795,176.53061224489795,3883.673469387755
jid_679625,55929.0,136.0,2,11,3124881,3124881,3124893,JobState.COMPLETED,1.0,0,0,0,176.53061224489795,176.53061224489795,3883.673469387755
jid_679630,55929.0,136.0,2,11,3124885,3124885,3124897,JobState.COMPLETED,1.0,0,0,0,176.53061224489795,176.53061224489795,3883.673469387755
jid_679631,55929.0,136.0,2,5744,3119153,3119153,3124898,JobState.COMPLETED,1.0,0,0,0,176.53061224489676,176.53061224489795,2027983.673469374
jid_679638,55929.0,136.0,2,11,3124894,3124894,3124906,JobState.COMPLETED,1.0,0,0,0,176.53061224489795,176.53061224489795,3883.673469387755
jid_679639,55929.0,136.0,2,11,3124897,3124897,3124909,JobState.COMPLETED,1.0,0,0,0,176.53061224489795,176.53061224489795,3883.673469387755
jid_679646,55929.0,136.0,2,5522,3119424,3119424,3124947,JobState.COMPLETED,1.0,0,0,0,176.53061224489676,176.53061224489795,1949604.0816326397
jid_679652,55929.0,136.0,2,4223,3120752,3120752,3124976,JobState.COMPLETED,1.0,0,0,0,176.53061224489684,176.53061224489795,1490977.5510203987
jid_679699,55929.0,136.0,2,11,3125023,3125023,3125035,JobState.COMPLETED,1.0,0,0,0,176.53061224489795,176.53061224489795,3883.673469387755
jid_679659,55929.0,136.0,2,12,3125027,3125027,3125040,JobState.COMPLETED,1.0,0,0,0,176.53061224489795,176.53061224489795,4236.734693877551
jid_679681,55929.0,136.0,2,11,3125050,3125050,3125062,JobState.COMPLETED,1.0,0,0,0,176.53061224489795,176.53061224489795,3883.673469387755
jid_679703,55929.0,136.0,2,11,3125052,3125052,3125064,JobState.COMPLETED,1.0,0,0,0,176.53061224489795,176.53061224489795,3883.673469387755
jid_679687,55929.0,136.0,2,11,3125059,3125059,3125071,JobState.COMPLETED,1.0,0,0,0,176.53061224489795,176.53061224489795,3883.673469387755
jid_679705,55929.0,136.0,2,10,3125061,3125061,3125072,JobState.COMPLETED,1.0,0,0,0,176.53061224489795,176.53061224489795,3530.612244897959
jid_679693,55929.0,136.0,2,11,3125073,3125073,3125085,JobState.COMPLETED,1.0,0,0,0,176.53061224489795,176.53061224489795,3883.673469387755
jid_679712,55929.0,136.0,2,11,3125206,3125206,3125218,JobState.COMPLETED,1.0,0,0,0,176.53061224489795,176.53061224489795,3883.673469387755
jid_679717,55929.0,136.0,2,11,3125214,3125214,3125226,JobState.COMPLETED,1.0,0,0,0,176.53061224489795,176.53061224489795,3883.673469387755
jid_679722,55929.0,136.0,2,11,3125220,3125220,3125232,JobState.COMPLETED,1.0,0,0,0,176.53061224489795,176.53061224489795,3883.673469387755
jid_679723,55929.0,136.0,2,11,3125221,3125221,3125233,JobState.COMPLETED,1.0,0,0,0,176.53061224489795,176.53061224489795,3883.673469387755
jid_679724,55929.0,136.0,2,10,3125223,3125223,3125234,JobState.COMPLETED,1.0,0,0,0,176.53061224489795,176.53061224489795,3530.612244897959
jid_679747,55929.0,136.0,2,5467,3119774,3119774,3125242,JobState.COMPLETED,1.0,0,0,0,176.53061224489676,176.53061224489795,1930185.714285701
jid_679732,55929.0,136.0,2,11,3125231,3125231,3125243,JobState.COMPLETED,1.0,0,0,0,176.53061224489795,176.53061224489795,3883.673469387755
jid_679748,55929.0,136.0,2,11,3125233,3125233,3125245,JobState.COMPLETED,1.0,0,0,0,176.53061224489795,176.53061224489795,3883.673469387755
jid_679733,55929.0,136.0,2,10,3125234,3125234,3125245,JobState.COMPLETED,1.0,0,0,0,176.53061224489795,176.53061224489795,3530.612244897959
jid_679753,55929.0,136.0,2,10,3125372,3125372,3125383,JobState.COMPLETED,1.0,0,0,0,176.53061224489795,176.53061224489795,3530.612244897959
jid_679754,55929.0,136.0,2,11,3125374,3125374,3125386,JobState.COMPLETED,1.0,0,0,0,176.53061224489795,176.53061224489795,3883.673469387755
jid_679758,55929.0,136.0,2,11,3125380,3125380,3125392,JobState.COMPLETED,1.0,0,0,0,176.53061224489795,176.53061224489795,3883.673469387755
jid_679770,55929.0,136.0,2,11,3125392,3125392,3125404,JobState.COMPLETED,1.0,0,0,0,176.53061224489795,176.53061224489795,3883.673469387755
jid_679771,55929.0,136.0,2,11,3125393,3125393,3125405,JobState.COMPLETED,1.0,0,0,0,176.53061224489795,176.53061224489795,3883.673469387755
jid_679810,55929.0,136.0,2,12,3125553,3125553,3125566,JobState.COMPLETED,1.0,0,0,0,176.53061224489795,176.53061224489795,4236.734693877551
jid_679812,55929.0,136.0,2,11,3125556,3125556,3125568,JobState.COMPLETED,1.0,0,0,0,176.53061224489795,176.53061224489795,3883.673469387755
jid_679820,55929.0,136.0,2,11,3125566,3125566,3125578,JobState.COMPLETED,1.0,0,0,0,176.53061224489795,176.53061224489795,3883.673469387755
jid_679821,55929.0,136.0,2,30,3125552,3125552,3125583,JobState.COMPLETED,1.0,0,0,0,176.53061224489795,176.53061224489795,10591.836734693878
jid_679837,55929.0,136.0,2,11,3125703,3125703,3125715,JobState.COMPLETED,1.0,0,0,0,176.53061224489795,176.53061224489795,3883.673469387755
jid_675335,14805.0,432.0,27,64649,3061173,3061173,3125823,JobState.COMPLETED,1.0,0,0,0,176.5306122449172,176.53061224489795,308138243.87758464
jid_679845,55929.0,136.0,2,11,3125829,3125829,3125841,JobState.COMPLETED,1.0,0,0,0,176.53061224489795,176.53061224489795,3883.673469387755
jid_679856,55929.0,136.0,2,11,3125833,3125833,3125845,JobState.COMPLETED,1.0,0,0,0,176.53061224489795,176.53061224489795,3883.673469387755
jid_679854,55929.0,136.0,2,11,3125836,3125836,3125848,JobState.COMPLETED,1.0,0,0,0,176.53061224489795,176.53061224489795,3883.673469387755
jid_679850,55929.0,136.0,2,4844,3121024,3121024,3125869,JobState.COMPLETED,1.0,0,0,0,176.53061224489682,176.53061224489795,1710228.5714285604
jid_679857,55929.0,136.0,2,5829,3120123,3120123,3125953,JobState.COMPLETED,1.0,0,0,0,176.53061224489676,176.53061224489795,2057993.8775510064
jid_679860,55929.0,136.0,2,12,3125962,3125962,3125975,JobState.COMPLETED,1.0,0,0,0,176.53061224489795,176.53061224489795,4236.734693877551
jid_679871,55929.0,136.0,2,33,3125964,3125964,3125998,JobState.COMPLETED,1.0,0,0,0,176.53061224489795,176.53061224489795,11651.020408163266
jid_679867,55929.0,136.0,2,5738,3120293,3120293,3126032,JobState.COMPLETED,1.0,0,0,0,176.53061224489676,176.53061224489795,2025865.3061224353
jid_679873,55929.0,136.0,2,12,3126089,3126089,3126102,JobState.COMPLETED,1.0,0,0,0,176.53061224489795,176.53061224489795,4236.734693877551
jid_679882,55929.0,136.0,2,11,3126090,3126090,3126102,JobState.COMPLETED,1.0,0,0,0,176.53061224489795,176.53061224489795,3883.673469387755
jid_679243,57868.0,299.0,640,24939,3098005,3101398,3126338,JobState.COMPLETED,0.6672932168076879,0,0,0,135.79100613971326,135.79100613971687,2167354817.3557177
jid_679966,55929.0,136.0,2,12,3126407,3126407,3126420,JobState.COMPLETED,1.0,0,0,0,176.53061224489795,176.53061224489795,4236.734693877551
jid_679968,55929.0,136.0,2,11,3126411,3126411,3126423,JobState.COMPLETED,1.0,0,0,0,176.53061224489795,176.53061224489795,3883.673469387755
jid_680034,55929.0,136.0,2,6171,3120294,3120294,3126466,JobState.COMPLETED,1.0,0,0,0,176.53061224489673,176.53061224489795,2178740.8163265153
jid_680009,55929.0,136.0,2,12,3126564,3126564,3126577,JobState.COMPLETED,1.0,0,0,0,176.53061224489795,176.53061224489795,4236.734693877551
jid_680059,55929.0,136.0,2,12,3126566,3126566,3126579,JobState.COMPLETED,1.0,0,0,0,176.53061224489795,176.53061224489795,4236.734693877551
jid_680065,103.0,468.0,13,65505,3061190,3061190,3126696,JobState.COMPLETED,1.0,0,0,0,176.53061224491302,176.53061224489795,150327290.81633934
jid_680084,55929.0,136.0,2,6247,3120598,3120598,3126846,JobState.COMPLETED,1.0,0,0,0,176.53061224489673,176.53061224489795,2205573.46938774
jid_680101,55929.0,136.0,2,6232,3120753,3120753,3126986,JobState.COMPLETED,1.0,0,0,0,176.53061224489673,176.53061224489795,2200277.5510203927
jid_680105,55929.0,136.0,2,12,3127051,3127051,3127064,JobState.COMPLETED,1.0,0,0,0,176.53061224489795,176.53061224489795,4236.734693877551
jid_680110,55929.0,136.0,2,13,3127054,3127054,3127068,JobState.COMPLETED,1.0,0,0,0,176.53061224489795,176.53061224489795,4589.7959183673465
jid_680125,55929.0,136.0,2,6279,3121034,3121034,3127314,JobState.COMPLETED,1.0,0,0,0,176.53061224489673,176.53061224489795,2216871.4285714133
jid_680128,55929.0,136.0,2,31,3127309,3127309,3127341,JobState.COMPLETED,1.0,0,0,0,176.53061224489795,176.53061224489795,10944.897959183672
jid_680129,55929.0,136.0,2,6762,3120603,3120603,3127366,JobState.COMPLETED,1.0,0,0,0,176.5306122448967,176.53061224489795,2387399.999999983
jid_680130,43129.0,18.000000000000057,578,21937,3105477,3105477,3127415,JobState.COMPLETED,0.9235982842350364,0,0,0,167.1753001104155,167.17530011041262,2119713594.8258228
jid_680141,55929.0,136.0,2,12,3127560,3127560,3127573,JobState.COMPLETED,1.0,0,0,0,176.53061224489795,176.53061224489795,4236.734693877551
jid_680148,55929.0,136.0,2,12,3127804,3127804,3127817,JobState.COMPLETED,1.0,0,0,0,176.53061224489795,176.53061224489795,4236.734693877551
jid_680152,55929.0,136.0,2,11,3127929,3127929,3127941,JobState.COMPLETED,1.0,0,0,0,176.53061224489795,176.53061224489795,3883.673469387755
jid_680156,55929.0,136.0,2,12,3129615,3129615,3129628,JobState.COMPLETED,1.0,0,0,0,176.53061224489795,176.53061224489795,4236.734693877551
jid_680159,55929.0,136.0,2,3508,3126375,3126375,3129884,JobState.COMPLETED,1.0,0,0,0,176.53061224489693,176.53061224489795,1238538.7755101968
jid_680160,47.0,35.0,1,299,3129638,3129638,3129938,JobState.COMPLETED,1.0,0,0,0,176.53061224489795,176.53061224489795,52782.65306122449
jid_680164,55929.0,136.0,2,4497,3125522,3125522,3130020,JobState.COMPLETED,1.0,0,0,0,176.53061224489684,176.53061224489795,1587716.3265306023
jid_680165,55929.0,136.0,2,4578,3125530,3125530,3130109,JobState.COMPLETED,1.0,0,0,0,176.53061224489682,176.53061224489795,1616314.2857142752
jid_680171,55929.0,136.0,2,3780,3126381,3126381,3130162,JobState.COMPLETED,1.0,0,0,0,176.5306122448969,176.53061224489795,1334571.4285714205
jid_680178,55929.0,136.0,2,31,3130226,3130226,3130258,JobState.COMPLETED,1.0,0,0,0,176.53061224489795,176.53061224489795,10944.897959183672
jid_680181,55929.0,136.0,2,3609,3126697,3126697,3130307,JobState.COMPLETED,1.0,0,0,0,176.53061224489693,176.53061224489795,1274197.959183666
jid_680195,55929.0,136.0,2,12,3130352,3130352,3130365,JobState.COMPLETED,1.0,0,0,0,176.53061224489795,176.53061224489795,4236.734693877551
jid_680193,55929.0,136.0,2,31,3130356,3130356,3130388,JobState.COMPLETED,1.0,0,0,0,176.53061224489795,176.53061224489795,10944.897959183672
jid_680199,47.0,35.0,2,602,3129885,3129885,3130488,JobState.COMPLETED,1.0,0,0,0,176.53061224489812,176.53061224489795,212542.85714285733
jid_680203,55929.0,136.0,2,4672,3125825,3125825,3130498,JobState.COMPLETED,1.0,0,0,0,176.53061224489682,176.53061224489795,1649502.040816316
jid_680202,55929.0,136.0,2,12,3130486,3130486,3130499,JobState.COMPLETED,1.0,0,0,0,176.53061224489795,176.53061224489795,4236.734693877551
jid_680219,55929.0,136.0,2,12,3130491,3130491,3130504,JobState.COMPLETED,1.0,0,0,0,176.53061224489795,176.53061224489795,4236.734693877551
jid_680210,55929.0,136.0,2,11,3130497,3130497,3130509,JobState.COMPLETED,1.0,0,0,0,176.53061224489795,176.53061224489795,3883.673469387755
jid_680214,55929.0,136.0,2,4158,3126360,3126360,3130519,JobState.COMPLETED,1.0,0,0,0,176.53061224489687,176.53061224489795,1468028.5714285623
jid_680216,55929.0,136.0,2,4163,3126366,3126366,3130530,JobState.COMPLETED,1.0,0,0,0,176.53061224489687,176.53061224489795,1469793.8775510113
jid_680218,55929.0,136.0,2,5029,3125526,3125526,3130556,JobState.COMPLETED,1.0,0,0,0,176.5306122448968,176.53061224489795,1775544.8979591718
jid_680223,55929.0,136.0,2,4209,3126382,3126382,3130592,JobState.COMPLETED,1.0,0,0,0,176.53061224489684,176.53061224489795,1486034.6938775417
jid_680229,55929.0,136.0,2,11,3130618,3130618,3130630,JobState.COMPLETED,1.0,0,0,0,176.53061224489795,176.53061224489795,3883.673469387755
jid_680230,55929.0,136.0,2,11,3130621,3130621,3130633,JobState.COMPLETED,1.0,0,0,0,176.53061224489795,176.53061224489795,3883.673469387755
jid_680276,55929.0,136.0,2,11,3130623,3130623,3130635,JobState.COMPLETED,1.0,0,0,0,176.53061224489795,176.53061224489795,3883.673469387755
jid_680237,55929.0,136.0,2,11,3130626,3130626,3130638,JobState.COMPLETED,1.0,0,0,0,176.53061224489795,176.53061224489795,3883.673469387755
jid_680239,55929.0,136.0,2,12,3130628,3130628,3130641,JobState.COMPLETED,1.0,0,0,0,176.53061224489795,176.53061224489795,4236.734693877551
jid_680242,55929.0,136.0,2,11,3130632,3130632,3130644,JobState.COMPLETED,1.0,0,0,0,176.53061224489795,176.53061224489795,3883.673469387755
jid_680251,55929.0,136.0,2,12,3130641,3130641,3130654,JobState.COMPLETED,1.0,0,0,0,176.53061224489795,176.53061224489795,4236.734693877551
jid_680257,55929.0,136.0,2,12,3130646,3130646,3130659,JobState.COMPLETED,1.0,0,0,0,176.53061224489795,176.53061224489795,4236.734693877551
jid_680260,55929.0,136.0,2,4332,3126351,3126351,3130684,JobState.COMPLETED,1.0,0,0,0,176.53061224489684,176.53061224489795,1529461.2244897862
jid_680264,55929.0,136.0,2,4006,3126720,3126720,3130727,JobState.COMPLETED,1.0,0,0,0,176.53061224489687,176.53061224489795,1414363.2653061138
jid_680267,55929.0,136.0,2,4385,3126352,3126352,3130738,JobState.COMPLETED,1.0,0,0,0,176.53061224489684,176.53061224489795,1548173.4693877453
jid_680270,55929.0,136.0,2,4390,3126371,3126371,3130762,JobState.COMPLETED,1.0,0,0,0,176.53061224489684,176.53061224489795,1549938.7755101942
jid_680273,55929.0,136.0,2,4405,3126367,3126367,3130773,JobState.COMPLETED,1.0,0,0,0,176.53061224489684,176.53061224489795,1555234.6938775412
jid_680275,55929.0,136.0,2,4226,3126550,3126550,3130777,JobState.COMPLETED,1.0,0,0,0,176.53061224489684,176.53061224489795,1492036.734693868
jid_680282,55929.0,136.0,2,11,3130774,3130774,3130786,JobState.COMPLETED,1.0,0,0,0,176.53061224489795,176.53061224489795,3883.673469387755
jid_680285,55929.0,136.0,2,11,3130778,3130778,3130790,JobState.COMPLETED,1.0,0,0,0,176.53061224489795,176.53061224489795,3883.673469387755
jid_680292,55929.0,136.0,2,10,3130785,3130785,3130796,JobState.COMPLETED,1.0,0,0,0,176.53061224489795,176.53061224489795,3530.612244897959
jid_680300,55929.0,136.0,2,11,3130791,3130791,3130803,JobState.COMPLETED,1.0,0,0,0,176.53061224489795,176.53061224489795,3883.673469387755
jid_680316,55929.0,136.0,2,10,3130809,3130809,3130820,JobState.COMPLETED,1.0,0,0,0,176.53061224489795,176.53061224489795,3530.612244897959
jid_680321,55929.0,136.0,2,33,3130811,3130811,3130845,JobState.COMPLETED,1.0,0,0,0,176.53061224489795,176.53061224489795,11651.020408163266
jid_680327,55929.0,136.0,2,4488,3126373,3126373,3130862,JobState.COMPLETED,1.0,0,0,0,176.53061224489684,176.53061224489795,1584538.775510194
jid_680400,55929.0,136.0,2,10,3130942,3130942,3130953,JobState.COMPLETED,1.0,0,0,0,176.53061224489795,176.53061224489795,3530.612244897959
jid_680345,55929.0,136.0,2,4405,3126549,3126549,3130955,JobState.COMPLETED,1.0,0,0,0,176.53061224489684,176.53061224489795,1555234.6938775412
jid_680350,55929.0,136.0,2,11,3130950,3130950,3130962,JobState.COMPLETED,1.0,0,0,0,176.53061224489795,176.53061224489795,3883.673469387755
jid_680351,55929.0,136.0,2,11,3130951,3130951,3130963,JobState.COMPLETED,1.0,0,0,0,176.53061224489795,176.53061224489795,3883.673469387755
jid_680352,55929.0,136.0,2,11,3130952,3130952,3130964,JobState.COMPLETED,1.0,0,0,0,176.53061224489795,176.53061224489795,3883.673469387755
jid_680408,55929.0,136.0,2,11,3130958,3130958,3130970,JobState.COMPLETED,1.0,0,0,0,176.53061224489795,176.53061224489795,3883.673469387755
jid_680358,55929.0,136.0,2,11,3130960,3130960,3130972,JobState.COMPLETED,1.0,0,0,0,176.53061224489795,176.53061224489795,3883.673469387755
jid_680401,55929.0,136.0,2,11,3130965,3130965,3130977,JobState.COMPLETED,1.0,0,0,0,176.53061224489795,176.53061224489795,3883.673469387755
jid_680365,55929.0,136.0,2,4273,3126707,3126707,3130981,JobState.COMPLETED,1.0,0,0,0,176.53061224489684,176.53061224489795,1508630.6122448884
jid_680374,55929.0,136.0,2,4252,3126737,3126737,3130990,JobState.COMPLETED,1.0,0,0,0,176.53061224489684,176.53061224489795,1501216.3265306028
jid_680373,55929.0,136.0,2,11,3130978,3130978,3130990,JobState.COMPLETED,1.0,0,0,0,176.53061224489795,176.53061224489795,3883.673469387755
jid_680382,55929.0,136.0,2,11,3130989,3130989,3131001,JobState.COMPLETED,1.0,0,0,0,176.53061224489795,176.53061224489795,3883.673469387755
jid_680406,55929.0,136.0,2,11,3130999,3130999,3131011,JobState.COMPLETED,1.0,0,0,0,176.53061224489795,176.53061224489795,3883.673469387755
jid_680450,55929.0,136.0,2,4373,3126717,3126717,3131091,JobState.COMPLETED,1.0,0,0,0,176.53061224489684,176.53061224489795,1543936.7346938679
jid_680425,55929.0,136.0,2,4383,3126731,3126731,3131115,JobState.COMPLETED,1.0,0,0,0,176.53061224489684,176.53061224489795,1547467.3469387658
jid_680432,55929.0,136.0,2,11,3131131,3131131,3131143,JobState.COMPLETED,1.0,0,0,0,176.53061224489795,176.53061224489795,3883.673469387755
jid_680437,55929.0,136.0,2,11,3131135,3131135,3131147,JobState.COMPLETED,1.0,0,0,0,176.53061224489795,176.53061224489795,3883.673469387755
jid_680439,55929.0,136.0,2,11,3131138,3131138,3131150,JobState.COMPLETED,1.0,0,0,0,176.53061224489795,176.53061224489795,3883.673469387755
jid_680531,55929.0,136.0,2,11,3131140,3131140,3131152,JobState.COMPLETED,1.0,0,0,0,176.53061224489795,176.53061224489795,3883.673469387755
jid_680440,55929.0,136.0,2,11,3131141,3131141,3131153,JobState.COMPLETED,1.0,0,0,0,176.53061224489795,176.53061224489795,3883.673469387755
jid_680465,55929.0,136.0,2,11,3131164,3131164,3131176,JobState.COMPLETED,1.0,0,0,0,176.53061224489795,176.53061224489795,3883.673469387755
jid_680463,55929.0,136.0,2,11,3131165,3131165,3131177,JobState.COMPLETED,1.0,0,0,0,176.53061224489795,176.53061224489795,3883.673469387755
jid_680471,55929.0,136.0,2,10,3131168,3131168,3131179,JobState.COMPLETED,1.0,0,0,0,176.53061224489795,176.53061224489795,3530.612244897959
jid_680466,55929.0,136.0,2,4801,3126378,3126378,3131180,JobState.COMPLETED,1.0,0,0,0,176.53061224489682,176.53061224489795,1695046.9387754991
jid_680520,55929.0,136.0,2,11,3131174,3131174,3131186,JobState.COMPLETED,1.0,0,0,0,176.53061224489795,176.53061224489795,3883.673469387755
jid_680473,55929.0,136.0,2,31,3131155,3131155,3131187,JobState.COMPLETED,1.0,0,0,0,176.53061224489795,176.53061224489795,10944.897959183672
jid_680479,55929.0,136.0,2,11,3131181,3131181,3131193,JobState.COMPLETED,1.0,0,0,0,176.53061224489795,176.53061224489795,3883.673469387755
jid_680481,55929.0,136.0,2,10,3131183,3131183,3131194,JobState.COMPLETED,1.0,0,0,0,176.53061224489795,176.53061224489795,3530.612244897959
jid_680483,55929.0,136.0,2,11,3131185,3131185,3131197,JobState.COMPLETED,1.0,0,0,0,176.53061224489795,176.53061224489795,3883.673469387755
jid_680484,55929.0,136.0,2,11,3131186,3131186,3131198,JobState.COMPLETED,1.0,0,0,0,176.53061224489795,176.53061224489795,3883.673469387755
jid_680486,55929.0,136.0,2,12,3131188,3131188,3131201,JobState.COMPLETED,1.0,0,0,0,176.53061224489795,176.53061224489795,4236.734693877551
jid_680489,55929.0,136.0,2,11,3131193,3131193,3131205,JobState.COMPLETED,1.0,0,0,0,176.53061224489795,176.53061224489795,3883.673469387755
jid_680490,55929.0,136.0,2,12,3131195,3131195,3131208,JobState.COMPLETED,1.0,0,0,0,176.53061224489795,176.53061224489795,4236.734693877551
jid_680491,55929.0,136.0,2,10,3131198,3131198,3131209,JobState.COMPLETED,1.0,0,0,0,176.53061224489795,176.53061224489795,3530.612244897959
jid_680494,55929.0,136.0,2,11,3131201,3131201,3131213,JobState.COMPLETED,1.0,0,0,0,176.53061224489795,176.53061224489795,3883.673469387755
jid_680496,55929.0,136.0,2,10,3131202,3131202,3131213,JobState.COMPLETED,1.0,0,0,0,176.53061224489795,176.53061224489795,3530.612244897959
jid_680500,55929.0,136.0,2,11,3131207,3131207,3131219,JobState.COMPLETED,1.0,0,0,0,176.53061224489795,176.53061224489795,3883.673469387755
jid_680502,55929.0,136.0,2,11,3131208,3131208,3131220,JobState.COMPLETED,1.0,0,0,0,176.53061224489795,176.53061224489795,3883.673469387755
jid_680505,55929.0,136.0,2,11,3131211,3131211,3131223,JobState.COMPLETED,1.0,0,0,0,176.53061224489795,176.53061224489795,3883.673469387755
jid_680506,55929.0,136.0,2,11,3131213,3131213,3131225,JobState.COMPLETED,1.0,0,0,0,176.53061224489795,176.53061224489795,3883.673469387755
jid_680507,55929.0,136.0,2,11,3131215,3131215,3131227,JobState.COMPLETED,1.0,0,0,0,176.53061224489795,176.53061224489795,3883.673469387755
jid_680508,55929.0,136.0,2,11,3131216,3131216,3131228,JobState.COMPLETED,1.0,0,0,0,176.53061224489795,176.53061224489795,3883.673469387755
jid_680534,55929.0,136.0,2,11,3131219,3131219,3131231,JobState.COMPLETED,1.0,0,0,0,176.53061224489795,176.53061224489795,3883.673469387755
jid_680518,55929.0,136.0,2,4500,3126754,3126754,3131255,JobState.COMPLETED,1.0,0,0,0,176.53061224489682,176.53061224489795,1588775.5102040714
jid_680539,55929.0,136.0,2,12,3131346,3131346,3131359,JobState.COMPLETED,1.0,0,0,0,176.53061224489795,176.53061224489795,4236.734693877551
jid_680623,55929.0,136.0,2,11,3131360,3131360,3131372,JobState.COMPLETED,1.0,0,0,0,176.53061224489795,176.53061224489795,3883.673469387755
jid_680560,55929.0,136.0,2,10,3131362,3131362,3131373,JobState.COMPLETED,1.0,0,0,0,176.53061224489795,176.53061224489795,3530.612244897959
jid_680563,55929.0,136.0,2,5691,3125687,3125687,3131379,JobState.COMPLETED,1.0,0,0,0,176.53061224489676,176.53061224489795,2009271.428571415
jid_680566,55929.0,136.0,2,11,3131368,3131368,3131380,JobState.COMPLETED,1.0,0,0,0,176.53061224489795,176.53061224489795,3883.673469387755
jid_680572,55929.0,136.0,2,11,3131375,3131375,3131387,JobState.COMPLETED,1.0,0,0,0,176.53061224489795,176.53061224489795,3883.673469387755
jid_680573,55929.0,136.0,2,10,3131380,3131380,3131391,JobState.COMPLETED,1.0,0,0,0,176.53061224489795,176.53061224489795,3530.612244897959
jid_680592,55929.0,136.0,2,11,3131400,3131400,3131412,JobState.COMPLETED,1.0,0,0,0,176.53061224489795,176.53061224489795,3883.673469387755
jid_680600,55929.0,136.0,2,11,3131409,3131409,3131421,JobState.COMPLETED,1.0,0,0,0,176.53061224489795,176.53061224489795,3883.673469387755
jid_680657,55929.0,136.0,2,11,3131410,3131410,3131422,JobState.COMPLETED,1.0,0,0,0,176.53061224489795,176.53061224489795,3883.673469387755
jid_680602,55929.0,136.0,2,11,3131414,3131414,3131426,JobState.COMPLETED,1.0,0,0,0,176.53061224489795,176.53061224489795,3883.673469387755
jid_680604,55929.0,136.0,2,11,3131416,3131416,3131428,JobState.COMPLETED,1.0,0,0,0,176.53061224489795,176.53061224489795,3883.673469387755
jid_680609,55929.0,136.0,2,11,3131419,3131419,3131431,JobState.COMPLETED,1.0,0,0,0,176.53061224489795,176.53061224489795,3883.673469387755
jid_680618,55929.0,136.0,2,11,3131428,3131428,3131440,JobState.COMPLETED,1.0,0,0,0,176.53061224489795,176.53061224489795,3883.673469387755
jid_680620,55929.0,136.0,2,4535,3126906,3126906,3131442,JobState.COMPLETED,1.0,0,0,0,176.53061224489682,176.53061224489795,1601132.6530612141
jid_680625,55929.0,136.0,2,11,3131436,3131436,3131448,JobState.COMPLETED,1.0,0,0,0,176.53061224489795,176.53061224489795,3883.673469387755
jid_680627,55929.0,136.0,2,11,3131441,3131441,3131453,JobState.COMPLETED,1.0,0,0,0,176.53061224489795,176.53061224489795,3883.673469387755
jid_680629,55929.0,136.0,2,11,3131444,3131444,3131456,JobState.COMPLETED,1.0,0,0,0,176.53061224489795,176.53061224489795,3883.673469387755
jid_680645,55929.0,136.0,2,5128,3126354,3126354,3131483,JobState.COMPLETED,1.0,0,0,0,176.5306122448968,176.53061224489795,1810497.9591836615
jid_680668,55929.0,136.0,2,10,3131591,3131591,3131602,JobState.COMPLETED,1.0,0,0,0,176.53061224489795,176.53061224489795,3530.612244897959
jid_680672,55929.0,136.0,2,11,3131594,3131594,3131606,JobState.COMPLETED,1.0,0,0,0,176.53061224489795,176.53061224489795,3883.673469387755
jid_680676,55929.0,136.0,2,10,3131595,3131595,3131606,JobState.COMPLETED,1.0,0,0,0,176.53061224489795,176.53061224489795,3530.612244897959
jid_680678,55929.0,136.0,2,10,3131597,3131597,3131608,JobState.COMPLETED,1.0,0,0,0,176.53061224489795,176.53061224489795,3530.612244897959
jid_680682,55929.0,136.0,2,12,3131602,3131602,3131615,JobState.COMPLETED,1.0,0,0,0,176.53061224489795,176.53061224489795,4236.734693877551
jid_680686,55929.0,136.0,2,11,3131607,3131607,3131619,JobState.COMPLETED,1.0,0,0,0,176.53061224489795,176.53061224489795,3883.673469387755
jid_680689,55929.0,136.0,2,11,3131610,3131610,3131622,JobState.COMPLETED,1.0,0,0,0,176.53061224489795,176.53061224489795,3883.673469387755
jid_680695,55929.0,136.0,2,11,3131619,3131619,3131631,JobState.COMPLETED,1.0,0,0,0,176.53061224489795,176.53061224489795,3883.673469387755
jid_680697,55929.0,136.0,2,12,3131621,3131621,3131634,JobState.COMPLETED,1.0,0,0,0,176.53061224489795,176.53061224489795,4236.734693877551
jid_680700,55929.0,136.0,2,12,3131624,3131624,3131637,JobState.COMPLETED,1.0,0,0,0,176.53061224489795,176.53061224489795,4236.734693877551
jid_680711,55929.0,136.0,2,11,3131639,3131639,3131651,JobState.COMPLETED,1.0,0,0,0,176.53061224489795,176.53061224489795,3883.673469387755
jid_680719,55929.0,136.0,2,10,3131648,3131648,3131659,JobState.COMPLETED,1.0,0,0,0,176.53061224489795,176.53061224489795,3530.612244897959
jid_680720,55929.0,136.0,2,11,3131650,3131650,3131662,JobState.COMPLETED,1.0,0,0,0,176.53061224489795,176.53061224489795,3883.673469387755
jid_680739,55929.0,136.0,2,10,3131681,3131681,3131692,JobState.COMPLETED,1.0,0,0,0,176.53061224489795,176.53061224489795,3530.612244897959
jid_680761,55929.0,136.0,2,11,3131688,3131688,3131700,JobState.COMPLETED,1.0,0,0,0,176.53061224489795,176.53061224489795,3883.673469387755
jid_680755,55929.0,136.0,2,10,3131690,3131690,3131701,JobState.COMPLETED,1.0,0,0,0,176.53061224489795,176.53061224489795,3530.612244897959
jid_680744,55929.0,136.0,2,11,3131691,3131691,3131703,JobState.COMPLETED,1.0,0,0,0,176.53061224489795,176.53061224489795,3883.673469387755
jid_680748,55929.0,136.0,2,11,3131698,3131698,3131710,JobState.COMPLETED,1.0,0,0,0,176.53061224489795,176.53061224489795,3883.673469387755
jid_680751,55929.0,136.0,2,11,3131701,3131701,3131713,JobState.COMPLETED,1.0,0,0,0,176.53061224489795,176.53061224489795,3883.673469387755
jid_680787,55929.0,136.0,2,11,3131848,3131848,3131860,JobState.COMPLETED,1.0,0,0,0,176.53061224489795,176.53061224489795,3883.673469387755
jid_680785,55929.0,136.0,2,11,3131849,3131849,3131861,JobState.COMPLETED,1.0,0,0,0,176.53061224489795,176.53061224489795,3883.673469387755
jid_680788,55929.0,136.0,2,11,3131850,3131850,3131862,JobState.COMPLETED,1.0,0,0,0,176.53061224489795,176.53061224489795,3883.673469387755
jid_680789,55929.0,136.0,2,10,3131851,3131851,3131862,JobState.COMPLETED,1.0,0,0,0,176.53061224489795,176.53061224489795,3530.612244897959
jid_680797,55929.0,136.0,2,11,3131861,3131861,3131873,JobState.COMPLETED,1.0,0,0,0,176.53061224489795,176.53061224489795,3883.673469387755
jid_680798,55929.0,136.0,2,10,3131864,3131864,3131875,JobState.COMPLETED,1.0,0,0,0,176.53061224489795,176.53061224489795,3530.612244897959
jid_680800,55929.0,136.0,2,11,3131866,3131866,3131878,JobState.COMPLETED,1.0,0,0,0,176.53061224489795,176.53061224489795,3883.673469387755
jid_680838,55929.0,136.0,2,10,3131867,3131867,3131878,JobState.COMPLETED,1.0,0,0,0,176.53061224489795,176.53061224489795,3530.612244897959
jid_680801,55929.0,136.0,2,11,3131868,3131868,3131880,JobState.COMPLETED,1.0,0,0,0,176.53061224489795,176.53061224489795,3883.673469387755
jid_680805,55929.0,136.0,2,11,3131873,3131873,3131885,JobState.COMPLETED,1.0,0,0,0,176.53061224489795,176.53061224489795,3883.673469387755
jid_680806,55929.0,136.0,2,12,3131874,3131874,3131887,JobState.COMPLETED,1.0,0,0,0,176.53061224489795,176.53061224489795,4236.734693877551
jid_680811,55929.0,136.0,2,11,3131881,3131881,3131893,JobState.COMPLETED,1.0,0,0,0,176.53061224489795,176.53061224489795,3883.673469387755
jid_680812,55929.0,136.0,2,11,3131882,3131882,3131894,JobState.COMPLETED,1.0,0,0,0,176.53061224489795,176.53061224489795,3883.673469387755
jid_680813,55929.0,136.0,2,10,3131883,3131883,3131894,JobState.COMPLETED,1.0,0,0,0,176.53061224489795,176.53061224489795,3530.612244897959
jid_680816,55929.0,136.0,2,10,3131886,3131886,3131897,JobState.COMPLETED,1.0,0,0,0,176.53061224489795,176.53061224489795,3530.612244897959
jid_680818,55929.0,136.0,2,11,3131891,3131891,3131903,JobState.COMPLETED,1.0,0,0,0,176.53061224489795,176.53061224489795,3883.673469387755
jid_680824,55929.0,136.0,2,11,3131901,3131901,3131913,JobState.COMPLETED,1.0,0,0,0,176.53061224489795,176.53061224489795,3883.673469387755
jid_680828,55929.0,136.0,2,11,3131905,3131905,3131917,JobState.COMPLETED,1.0,0,0,0,176.53061224489795,176.53061224489795,3883.673469387755
jid_680835,55929.0,136.0,2,11,3131912,3131912,3131924,JobState.COMPLETED,1.0,0,0,0,176.53061224489795,176.53061224489795,3883.673469387755
jid_680852,55929.0,136.0,2,11,3132042,3132042,3132054,JobState.COMPLETED,1.0,0,0,0,176.53061224489795,176.53061224489795,3883.673469387755
jid_680895,55929.0,136.0,2,11,3132043,3132043,3132055,JobState.COMPLETED,1.0,0,0,0,176.53061224489795,176.53061224489795,3883.673469387755
jid_680853,55929.0,136.0,2,12,3132045,3132045,3132058,JobState.COMPLETED,1.0,0,0,0,176.53061224489795,176.53061224489795,4236.734693877551
jid_680857,55929.0,136.0,2,11,3132050,3132050,3132062,JobState.COMPLETED,1.0,0,0,0,176.53061224489795,176.53061224489795,3883.673469387755
jid_680861,55929.0,136.0,2,11,3132055,3132055,3132067,JobState.COMPLETED,1.0,0,0,0,176.53061224489795,176.53061224489795,3883.673469387755
jid_680866,55929.0,136.0,2,11,3132060,3132060,3132072,JobState.COMPLETED,1.0,0,0,0,176.53061224489795,176.53061224489795,3883.673469387755
jid_680899,55929.0,136.0,2,11,3132068,3132068,3132080,JobState.COMPLETED,1.0,0,0,0,176.53061224489795,176.53061224489795,3883.673469387755
jid_680877,55929.0,136.0,2,10,3132074,3132074,3132085,JobState.COMPLETED,1.0,0,0,0,176.53061224489795,176.53061224489795,3530.612244897959
jid_680879,55929.0,136.0,2,11,3132078,3132078,3132090,JobState.COMPLETED,1.0,0,0,0,176.53061224489795,176.53061224489795,3883.673469387755
jid_680903,55929.0,136.0,2,11,3132219,3132219,3132231,JobState.COMPLETED,1.0,0,0,0,176.53061224489795,176.53061224489795,3883.673469387755
jid_680904,55929.0,136.0,2,11,3132220,3132220,3132232,JobState.COMPLETED,1.0,0,0,0,176.53061224489795,176.53061224489795,3883.673469387755
jid_680906,55929.0,136.0,2,11,3132222,3132222,3132234,JobState.COMPLETED,1.0,0,0,0,176.53061224489795,176.53061224489795,3883.673469387755
jid_680907,55929.0,136.0,2,11,3132224,3132224,3132236,JobState.COMPLETED,1.0,0,0,0,176.53061224489795,176.53061224489795,3883.673469387755
jid_680909,55929.0,136.0,2,11,3132226,3132226,3132238,JobState.COMPLETED,1.0,0,0,0,176.53061224489795,176.53061224489795,3883.673469387755
jid_680915,55929.0,136.0,2,12,3132235,3132235,3132248,JobState.COMPLETED,1.0,0,0,0,176.53061224489795,176.53061224489795,4236.734693877551
jid_680919,55929.0,136.0,2,11,3132237,3132237,3132249,JobState.COMPLETED,1.0,0,0,0,176.53061224489795,176.53061224489795,3883.673469387755
jid_680916,55929.0,136.0,2,11,3132238,3132238,3132250,JobState.COMPLETED,1.0,0,0,0,176.53061224489795,176.53061224489795,3883.673469387755
jid_680926,55929.0,136.0,2,11,3132248,3132248,3132260,JobState.COMPLETED,1.0,0,0,0,176.53061224489795,176.53061224489795,3883.673469387755
jid_680940,55929.0,136.0,2,13,3132247,3132247,3132261,JobState.COMPLETED,1.0,0,0,0,176.53061224489795,176.53061224489795,4589.7959183673465
jid_680933,55929.0,136.0,2,12,3132374,3132374,3132387,JobState.COMPLETED,1.0,0,0,0,176.53061224489795,176.53061224489795,4236.734693877551
jid_680936,55929.0,136.0,2,12,3132378,3132378,3132391,JobState.COMPLETED,1.0,0,0,0,176.53061224489795,176.53061224489795,4236.734693877551
jid_680939,55929.0,136.0,2,13,3132380,3132380,3132394,JobState.COMPLETED,1.0,0,0,0,176.53061224489795,176.53061224489795,4589.7959183673465
jid_679806,221.0,119.0,32,29108,3103924,3103924,3133033,JobState.COMPLETED,1.0,0,0,0,176.53061224490736,176.53061224489795,164430497.95919243
jid_680973,60312.0,525.0,10,89,3135018,3135018,3135108,JobState.COMPLETED,0.5622383528425332,0,0,0,122.9271452460245,122.92714524602448,109405.1592689618
jid_680974,103.0,468.0,1,11918,3123910,3123910,3135829,JobState.COMPLETED,1.0,0,0,0,176.5306122449021,176.53061224489795,2103891.8367347433
jid_680976,791.0,299.0,132,1238,3134925,3134925,3136164,JobState.COMPLETED,0.8138511970477381,0,0,0,153.73688127115165,153.73688127115162,25123066.189806517
jid_680979,55929.0,136.0,2,32,3136627,3136627,3136660,JobState.COMPLETED,1.0,0,0,0,176.53061224489795,176.53061224489795,11297.959183673469
jid_680985,55929.0,136.0,2,12,3136991,3136991,3137004,JobState.COMPLETED,1.0,0,0,0,176.53061224489795,176.53061224489795,4236.734693877551
jid_680986,55929.0,136.0,2,4169,3132873,3132873,3137043,JobState.COMPLETED,1.0,0,0,0,176.53061224489687,176.53061224489795,1471912.2448979502
jid_680989,55929.0,136.0,2,4225,3132876,3132876,3137102,JobState.COMPLETED,1.0,0,0,0,176.53061224489684,176.53061224489795,1491683.6734693784
jid_680998,55929.0,136.0,2,11,3137241,3137241,3137253,JobState.COMPLETED,1.0,0,0,0,176.53061224489795,176.53061224489795,3883.673469387755
jid_680999,55929.0,136.0,2,4465,3132869,3132869,3137335,JobState.COMPLETED,1.0,0,0,0,176.53061224489684,176.53061224489795,1576418.367346929
jid_681003,55929.0,136.0,2,12,3137364,3137364,3137377,JobState.COMPLETED,1.0,0,0,0,176.53061224489795,176.53061224489795,4236.734693877551
jid_681005,55929.0,136.0,2,12,3137367,3137367,3137380,JobState.COMPLETED,1.0,0,0,0,176.53061224489795,176.53061224489795,4236.734693877551
jid_681014,43.999999999992724,554.0,4096,729,3136788,3136788,3137518,JobState.COMPLETED,1.0,0,0,0,176.53061224489815,176.53061224489795,527117583.67346996
jid_681019,55929.0,136.0,2,4907,3132866,3132866,3137774,JobState.COMPLETED,1.0,0,0,0,176.5306122448968,176.53061224489795,1732471.428571417
jid_681028,55929.0,136.0,2,11,3137985,3137985,3137997,JobState.COMPLETED,1.0,0,0,0,176.53061224489795,176.53061224489795,3883.673469387755
jid_681033,55929.0,136.0,2,12,3138110,3138110,3138123,JobState.COMPLETED,1.0,0,0,0,176.53061224489795,176.53061224489795,4236.734693877551
jid_681036,55929.0,136.0,2,4442,3133725,3133725,3138168,JobState.COMPLETED,1.0,0,0,0,176.53061224489684,176.53061224489795,1568297.9591836636
jid_681040,55929.0,136.0,2,11,3138237,3138237,3138249,JobState.COMPLETED,1.0,0,0,0,176.53061224489795,176.53061224489795,3883.673469387755
jid_681043,1469.0,159.0,30,1344,3136981,3136981,3138326,JobState.COMPLETED,1.0,0,0,0,176.53061224489824,176.53061224489795,7117714.285714297
jid_681046,55929.0,136.0,2,11,3138360,3138360,3138372,JobState.COMPLETED,1.0,0,0,0,176.53061224489795,176.53061224489795,3883.673469387755
jid_681048,55929.0,136.0,2,4205,3134215,3134215,3138421,JobState.COMPLETED,1.0,0,0,0,176.53061224489684,176.53061224489795,1484622.4489795824
jid_681052,55929.0,136.0,2,11,3138485,3138485,3138497,JobState.COMPLETED,1.0,0,0,0,176.53061224489795,176.53061224489795,3883.673469387755
jid_681054,40438.0,273.0,2,103,3138457,3138457,3138561,JobState.COMPLETED,1.0,0,0,0,176.53061224489792,176.53061224489795,36365.30612244897
jid_681057,55929.0,136.0,2,12,3138609,3138609,3138622,JobState.COMPLETED,1.0,0,0,0,176.53061224489795,176.53061224489795,4236.734693877551
jid_681062,55929.0,136.0,2,11,3138732,3138732,3138744,JobState.COMPLETED,1.0,0,0,0,176.53061224489795,176.53061224489795,3883.673469387755
jid_681067,55929.0,136.0,2,11,3138858,3138858,3138870,JobState.COMPLETED,1.0,0,0,0,176.53061224489795,176.53061224489795,3883.673469387755
jid_681071,55929.0,136.0,2,5105,3133971,3133971,3139077,JobState.COMPLETED,1.0,0,0,0,176.5306122448968,176.53061224489795,1802377.5510203962
jid_681075,47.0,35.0,10,2164,3137302,3137302,3139467,JobState.COMPLETED,1.0,0,0,0,176.5306122448989,176.53061224489795,3820122.448979612
jid_681129,43.999999999992724,554.0,4096,649,3139727,3139727,3140377,JobState.COMPLETED,1.0,0,0,0,176.53061224489812,176.53061224489795,469272032.6530617
jid_681153,59264.0,541.0,128,1123,3142348,3142348,3143472,JobState.COMPLETED,1.0,0,0,0,176.53061224489787,176.53061224489795,25375216.326530598
jid_681154,60315.0,200.0,1,42,3143491,3143491,3143534,JobState.COMPLETED,1.0,0,0,0,176.53061224489795,176.53061224489795,7414.285714285714
jid_681157,60318.0,144.0,1536,40,3143840,3143840,3143881,JobState.COMPLETED,0.5387986578668341,0,0,0,120.05697851430621,120.05697851430621,7376300.759918973
jid_681160,55929.0,136.0,2,3914,3140191,3140191,3144106,JobState.COMPLETED,1.0,0,0,0,176.53061224489687,176.53061224489795,1381881.6326530527
jid_681162,55929.0,136.0,2,13,3144172,3144172,3144186,JobState.COMPLETED,1.0,0,0,0,176.53061224489795,176.53061224489795,4589.7959183673465
jid_681167,55929.0,136.0,2,4401,3140068,3140068,3144470,JobState.COMPLETED,1.0,0,0,0,176.53061224489684,176.53061224489795,1553822.448979582
jid_681178,59220.0,158.0,1,71,3144842,3144842,3144914,JobState.COMPLETED,1.0,0,0,0,176.53061224489795,176.53061224489795,12533.673469387755
jid_681183,55929.0,136.0,2,4837,3140190,3140190,3145028,JobState.COMPLETED,1.0,0,0,0,176.53061224489682,176.53061224489795,1707757.1428571318
jid_681186,16515.0,178.0,512,77,3145130,3145130,3145208,JobState.COMPLETED,0.5635949328738468,0,0,0,123.09325708659347,123.0932570865935,4852828.567381861
jid_681207,55929.0,136.0,2,16,3145413,3145413,3145430,JobState.COMPLETED,1.0,0,0,0,176.53061224489795,176.53061224489795,5648.9795918367345
jid_681211,16515.0,178.0,512,76,3145473,3145473,3145550,JobState.COMPLETED,0.5640608118551127,0,0,0,123.15030349246277,123.15030349246278,4792024.609498711
jid_681213,60314.0,29.0,1,5003,3140670,3140670,3145674,JobState.COMPLETED,1.0,0,0,0,176.5306122448968,176.53061224489795,883182.6530612187
jid_681215,108.0,571.0,1,111,3145583,3145583,3145695,JobState.COMPLETED,1.0,0,0,0,176.53061224489792,176.53061224489795,19594.89795918367
jid_681217,40735.0,178.0,255,93,3145686,3145686,3145780,JobState.COMPLETED,0.5612259422547706,0,0,0,122.80317660262497,122.80317660262497,2912277.3331312514
jid_681223,60320.0,144.0,1536,2138,3143849,3143849,3145988,JobState.COMPLETED,0.8291008754281375,0,0,0,155.60418882793485,155.6041888279352,510999176.7768955
jid_681237,55952.0,191.0,1,15,3146077,3146077,3146093,JobState.COMPLETED,1.0,0,0,0,176.53061224489795,176.53061224489795,2647.9591836734694
jid_681226,55952.0,191.0,1,14,3146078,3146078,3146093,JobState.COMPLETED,1.0,0,0,0,176.53061224489795,176.53061224489795,2471.4285714285716
jid_681227,55952.0,191.0,1,14,3146078,3146078,3146093,JobState.COMPLETED,1.0,0,0,0,176.53061224489795,176.53061224489795,2471.4285714285716
jid_681232,55952.0,191.0,1,16,3146077,3146077,3146094,JobState.COMPLETED,1.0,0,0,0,176.53061224489795,176.53061224489795,2824.4897959183672
jid_681271,55952.0,191.0,1,16,3146078,3146078,3146095,JobState.COMPLETED,1.0,0,0,0,176.53061224489795,176.53061224489795,2824.4897959183672
jid_681244,55952.0,191.0,1,15,3146079,3146079,3146095,JobState.COMPLETED,1.0,0,0,0,176.53061224489795,176.53061224489795,2647.9591836734694
jid_681239,55952.0,191.0,1,15,3146079,3146079,3146095,JobState.COMPLETED,1.0,0,0,0,176.53061224489795,176.53061224489795,2647.9591836734694
jid_681243,55952.0,191.0,1,16,3146079,3146079,3146096,JobState.COMPLETED,1.0,0,0,0,176.53061224489795,176.53061224489795,2824.4897959183672
jid_681246,55952.0,191.0,1,15,3146080,3146080,3146096,JobState.COMPLETED,1.0,0,0,0,176.53061224489795,176.53061224489795,2647.9591836734694
jid_681252,55952.0,191.0,1,15,3146121,3146121,3146137,JobState.COMPLETED,1.0,0,0,0,176.53061224489795,176.53061224489795,2647.9591836734694
jid_681260,1038.0,211.0,24,61874,3084290,3084290,3146165,JobState.COMPLETED,0.6769451242050615,0,0,0,136.97287235162193,136.97287235164018,203401428.09322214
jid_681273,108.0,571.0,1,499,3145926,3145926,3146426,JobState.COMPLETED,1.0,0,0,0,176.53061224489807,176.53061224489795,88088.77551020414
jid_681288,108.0,571.0,1,101,3146979,3146979,3147081,JobState.COMPLETED,1.0,0,0,0,176.53061224489792,176.53061224489795,17829.59183673469
jid_681295,60323.0,432.0,64,1169,3146223,3146223,3147393,JobState.COMPLETED,1.0,0,0,0,176.5306122448978,176.53061224489795,13207314.285714274
jid_681305,301.0,568.0,1,66509,3081024,3081024,3147534,JobState.COMPLETED,1.0,0,0,0,176.53061224488965,176.53061224489795,11740874.489795366
jid_681307,2545.0,54.0,2816,99,3147580,3147580,3147680,JobState.COMPLETED,1.0,0,0,0,176.53061224489792,176.53061224489795,49213910.20408162
jid_681306,60327.0,432.0,64,1473,3146218,3146218,3147692,JobState.COMPLETED,1.0,0,0,0,176.53061224489753,176.53061224489795,16641893.87755098
jid_681317,60331.0,432.0,64,1683,3146216,3146216,3147900,JobState.COMPLETED,1.0,0,0,0,176.5306122448974,176.53061224489795,19014465.30612239
jid_681297,60324.0,432.0,64,2193,3146225,3146225,3148419,JobState.COMPLETED,1.0,0,0,0,176.5306122448972,176.53061224489795,24776424.489795815
jid_681297,60324.0,432.0,64,2208,3146225,3146225,3148434,JobState.COMPLETED,1.0,0,0,0,176.53061224489718,176.53061224489795,24945893.87755091
jid_681295,60323.0,432.0,64,2354,3146223,3146223,3148578,JobState.COMPLETED,1.0,0,0,0,176.53061224489716,176.53061224489795,26595395.918367226
jid_681298,60325.0,432.0,64,2449,3146222,3146222,3148672,JobState.COMPLETED,1.0,0,0,0,176.53061224489713,176.53061224489795,27668702.040816195
jid_681344,108.0,571.0,1,222,3148714,3148714,3148937,JobState.COMPLETED,1.0,0,0,0,176.53061224489787,176.53061224489795,39189.79591836732
jid_681304,60326.0,432.0,64,2793,3146220,3146220,3149014,JobState.COMPLETED,1.0,0,0,0,176.53061224489704,176.53061224489795,31555199.999999836
jid_681304,60326.0,432.0,64,2836,3146220,3146220,3149057,JobState.COMPLETED,1.0,0,0,0,176.53061224489704,176.53061224489795,32041012.244897794
jid_681304,60326.0,432.0,64,2843,3146220,3146220,3149064,JobState.COMPLETED,1.0,0,0,0,176.53061224489704,176.53061224489795,32120097.959183507
jid_681306,60327.0,432.0,64,2897,3146219,3146219,3149117,JobState.COMPLETED,1.0,0,0,0,176.53061224489701,176.53061224489795,32730187.755101867
jid_681306,60327.0,432.0,64,2900,3146219,3146219,3149120,JobState.COMPLETED,1.0,0,0,0,176.53061224489701,176.53061224489795,32764081.632652886
jid_681350,59265.0,526.0,5,1648,3147477,3147477,3149126,JobState.COMPLETED,1.0,0,0,0,176.53061224489872,176.53061224489795,1454612.2448979656
jid_681351,71.0,49.0,216,2118,3147014,3147014,3149133,JobState.COMPLETED,1.0,0,0,0,176.53061224489704,176.53061224489795,80760636.73469345
jid_681308,60328.0,432.0,64,2936,3146221,3146221,3149158,JobState.COMPLETED,1.0,0,0,0,176.53061224489701,176.53061224489795,33170808.163265128
jid_681312,60330.0,432.0,64,3063,3146217,3146217,3149281,JobState.COMPLETED,1.0,0,0,0,176.530612244897,176.53061224489795,34605648.979591645
jid_681317,60331.0,432.0,64,3080,3146216,3146216,3149297,JobState.COMPLETED,1.0,0,0,0,176.530612244897,176.53061224489795,34797714.2857141
jid_681312,60330.0,432.0,64,3111,3146218,3146218,3149330,JobState.COMPLETED,1.0,0,0,0,176.530612244897,176.53061224489795,35147951.02040797
jid_681359,71.0,49.0,216,2500,3147064,3147064,3149565,JobState.COMPLETED,1.0,0,0,0,176.53061224489738,176.53061224489795,95326530.61224459
jid_681361,105.0,62.0,300,142,3149503,3149503,3149646,JobState.COMPLETED,1.0,0,0,0,176.53061224489792,176.53061224489795,7520204.081632652
jid_681366,105.0,62.0,300,136,3149940,3149940,3150077,JobState.COMPLETED,1.0,0,0,0,176.53061224489795,176.53061224489795,7202448.979591836
jid_681392,40596.0,178.0,128,110,3150607,3150607,3150718,JobState.COMPLETED,0.5805780570058959,0,0,0,125.17282330684436,125.1728233068444,1762433.3521603686
jid_681393,55975.0,544.0,30,616,3150108,3150108,3150725,JobState.COMPLETED,1.0,0,0,0,176.53061224489804,176.53061224489795,3262285.7142857155
jid_681394,108.0,540.0,2,36,3150709,3150709,3150746,JobState.COMPLETED,1.0,0,0,0,176.53061224489795,176.53061224489795,12710.204081632652
jid_681440,364.0,393.0,4,27,3151303,3151303,3151331,JobState.COMPLETED,0.6311764377681821,0,0,0,131.36854340018556,131.36854340018556,14187.80268722004
jid_681446,17.0,171.0,1,5,3151413,3151413,3151419,JobState.COMPLETED,1.0,0,0,0,176.53061224489795,176.53061224489795,882.6530612244898
jid_681448,17.0,163.0,1,12,3151437,3151437,3151450,JobState.COMPLETED,1.0,0,0,0,176.53061224489795,176.53061224489795,2118.3673469387754
jid_681453,17.0,171.0,1,5,3151624,3151624,3151630,JobState.COMPLETED,1.0,0,0,0,176.53061224489795,176.53061224489795,882.6530612244898
jid_681458,40580.0,178.0,64,182,3151655,3151655,3151838,JobState.COMPLETED,0.5848668796292594,0,0,0,125.69798526072559,125.69798526072564,1464130.1323169316
jid_681461,301.0,526.0,1,22,3151884,3151884,3151907,JobState.COMPLETED,1.0,0,0,0,176.53061224489795,176.53061224489795,3883.673469387755
jid_681479,12753.0,260.0,1,32,3152076,3152076,3152109,JobState.COMPLETED,1.0,0,0,0,176.53061224489795,176.53061224489795,5648.9795918367345
jid_681497,55617.0,144.0,2312,44,3152219,3152219,3152264,JobState.COMPLETED,1.0,0,0,0,176.53061224489795,176.53061224489795,17958106.12244898
jid_681610,3299.0,140.0,128,8685,3143953,3143953,3152639,JobState.COMPLETED,1.0,0,0,0,176.53061224489878,176.53061224489795,196245551.02040908
jid_681610,1887.0,140.0,128,8722,3143953,3143953,3152676,JobState.COMPLETED,1.0,0,0,0,176.53061224489883,176.53061224489795,197081600.00000098
jid_681650,55763.0,140.0,128,8617,3144195,3144195,3152813,JobState.COMPLETED,1.0,0,0,0,176.53061224489866,176.53061224489795,194709028.57142934
jid_681630,60322.0,173.0,1,947,3151995,3151995,3152943,JobState.COMPLETED,1.0,0,0,0,176.53061224489812,176.53061224489795,167174.48979591852
jid_681650,55758.0,140.0,128,8808,3144195,3144195,3153004,JobState.COMPLETED,1.0,0,0,0,176.53061224489895,176.53061224489795,199024848.97959295
jid_681637,17.0,163.0,4,14,3153037,3153037,3153052,JobState.COMPLETED,1.0,0,0,0,176.53061224489795,176.53061224489795,9885.714285714286
jid_681648,60346.0,144.0,3072,748,3152520,3152520,3153269,JobState.COMPLETED,0.6769162946259617,0,0,0,136.96934219909724,136.96934219909735,314735824.7882488
jid_681651,60315.0,200.0,1,411,3152974,3152974,3153386,JobState.COMPLETED,1.0,0,0,0,176.53061224489807,176.53061224489795,72554.0816326531
jid_681638,1747.0000000000073,140.0,128,9295,3144093,3144093,3153389,JobState.COMPLETED,1.0,0,0,0,176.53061224489957,176.53061224489795,210029061.22449172
jid_681657,1267.0,537.0,64,7,3153538,3153538,3153546,JobState.COMPLETED,1.0,0,0,0,176.53061224489795,176.53061224489795,79085.71428571429
jid_681650,55760.0,140.0,128,9372,3144195,3144195,3153568,JobState.COMPLETED,1.0,0,0,0,176.53061224489966,176.53061224489795,211768946.93877754
jid_681661,364.0,393.0,80,49,3153544,3153544,3153594,JobState.COMPLETED,0.6940803390516868,0,0,0,139.07106192469632,139.07106192469632,545158.5627448095
jid_681672,301.0,526.0,1,22,3153980,3153980,3154003,JobState.COMPLETED,1.0,0,0,0,176.53061224489795,176.53061224489795,3883.673469387755
jid_681681,55975.0,544.0,30,598,3153591,3153591,3154190,JobState.COMPLETED,1.0,0,0,0,176.53061224489804,176.53061224489795,3166959.1836734707
jid_681683,40580.0,178.0,64,7,3154372,3154372,3154380,JobState.COMPLETED,0.9492290140413749,0,0,0,170.31375682139287,170.31375682139287,76300.563055984
jid_681693,17.0,171.0,1,453,3154005,3154005,3154459,JobState.COMPLETED,1.0,0,0,0,176.53061224489807,176.53061224489795,79968.36734693883
jid_681629,60340.0,197.0,64,3273,3151252,3151252,3154526,JobState.COMPLETED,1.0,0,0,0,176.53061224489696,176.53061224489795,36978220.408163056
jid_681695,276.0,130.0,1,0,3154529,3154529,3154529,JobState.COMPLETED,1.0,0,0,0,176.53061224489795,176.53061224489795,0.0
jid_681627,60339.0,197.0,64,3289,3151253,3151253,3154543,JobState.COMPLETED,1.0,0,0,0,176.53061224489696,176.53061224489795,37158987.75510183
jid_681629,60340.0,197.0,64,3304,3151252,3151252,3154557,JobState.COMPLETED,1.0,0,0,0,176.53061224489696,176.53061224489795,37328457.14285693
jid_681698,1038.0,211.0,24,70465,3084196,3084196,3154662,JobState.COMPLETED,0.6787375808525907,0,0,0,137.19235683910233,137.19235683909275,232014226.1920163
jid_681633,60341.0,197.0,64,3425,3151250,3151250,3154676,JobState.COMPLETED,1.0,0,0,0,176.53061224489693,176.53061224489795,38695510.20408141
jid_681629,60340.0,197.0,64,3471,3151252,3151252,3154724,JobState.COMPLETED,1.0,0,0,0,176.53061224489693,176.53061224489795,39215216.32653038
jid_681702,16515.0,178.0,512,73,3154692,3154692,3154766,JobState.COMPLETED,0.564513476349525,0,0,0,123.20573179790105,123.20573179790102,4604937.43167835
jid_681635,60342.0,197.0,64,3518,3151249,3151249,3154768,JobState.COMPLETED,1.0,0,0,0,176.53061224489693,176.53061224489795,39746220.40816303
jid_681704,40735.0,178.0,255,90,3154688,3154688,3154779,JobState.COMPLETED,0.5654019260892224,0,0,0,123.31452156194561,123.3145215619456,2830068.2698466517
jid_681639,60343.0,197.0,64,3566,3151248,3151248,3154815,JobState.COMPLETED,1.0,0,0,0,176.53061224489693,176.53061224489795,40288522.448979355
jid_681635,60342.0,197.0,64,3567,3151250,3151250,3154818,JobState.COMPLETED,1.0,0,0,0,176.53061224489693,176.53061224489795,40299820.40816303
jid_681633,60341.0,197.0,64,3634,3151250,3151250,3154885,JobState.COMPLETED,1.0,0,0,0,176.5306122448969,176.53061224489795,41056783.67346914
jid_681712,17.0,171.0,1,195,3154719,3154719,3154915,JobState.COMPLETED,1.0,0,0,0,176.5306122448979,176.53061224489795,34423.46938775509
jid_681639,60343.0,197.0,64,3672,3151249,3151249,3154922,JobState.COMPLETED,1.0,0,0,0,176.5306122448969,176.53061224489795,41486106.12244873
jid_681639,60343.0,197.0,64,3704,3151248,3151248,3154953,JobState.COMPLETED,1.0,0,0,0,176.5306122448969,176.53061224489795,41847640.81632628
jid_681716,34.0,485.0,15,121,3154860,3154860,3154982,JobState.COMPLETED,1.0,0,0,0,176.53061224489795,176.53061224489795,320403.06122448976
jid_681633,60341.0,197.0,64,3736,3151251,3151251,3154988,JobState.COMPLETED,1.0,0,0,0,176.5306122448969,176.53061224489795,42209175.51020383
jid_681635,60342.0,197.0,64,3748,3151250,3151250,3154999,JobState.COMPLETED,1.0,0,0,0,176.5306122448969,176.53061224489795,42344751.02040791
jid_681722,301.0,549.0,399,7048,3147981,3147981,3155030,JobState.COMPLETED,1.0,0,0,0,176.5306122448985,176.53061224489798,496430914.2857158
jid_681649,60347.0,197.0,64,3993,3151246,3151246,3155240,JobState.COMPLETED,1.0,0,0,0,176.53061224489687,176.53061224489795,45112751.020407885
jid_681728,14914.0,526.0,1,3597,3151816,3151816,3155414,JobState.COMPLETED,1.0,0,0,0,176.53061224489693,176.53061224489795,634980.6122448943
jid_681643,60345.0,197.0,64,4228,3151247,3151247,3155476,JobState.COMPLETED,1.0,0,0,0,176.53061224489684,176.53061224489795,47767771.42857113
jid_681643,60345.0,197.0,64,4285,3151247,3151247,3155533,JobState.COMPLETED,1.0,0,0,0,176.53061224489684,176.53061224489795,48411755.10204051
jid_681737,60351.0,200.0,1,1171,3154690,3154690,3155862,JobState.COMPLETED,1.0,0,0,0,176.5306122448978,176.53061224489795,206717.34693877533
jid_681358,60333.0,197.0,64,4717,3151245,3151245,3155963,JobState.COMPLETED,1.0,0,0,0,176.53061224489682,176.53061224489795,53292473.46938741
jid_681743,60355.0,200.0,1,1095,3154905,3154905,3156001,JobState.COMPLETED,1.0,0,0,0,176.5306122448979,176.53061224489795,193301.0204081632
jid_681749,60359.0,200.0,1,1041,3154959,3154959,3156001,JobState.COMPLETED,1.0,0,0,0,176.53061224489795,176.53061224489795,183768.36734693876
jid_681754,108.0,230.0,1,6,3156169,3156169,3156176,JobState.COMPLETED,1.0,0,0,0,176.53061224489795,176.53061224489795,1059.1836734693877
jid_681763,108.0,230.0,1,4,3156399,3156399,3156404,JobState.COMPLETED,1.0,0,0,0,176.53061224489795,176.53061224489795,706.1224489795918
jid_681764,14997.0,540.0,48,43,3156417,3156417,3156461,JobState.COMPLETED,0.6390680395020063,0,0,0,132.3348619798375,132.3348619798375,273139.15512638463
jid_681765,12753.0,260.0,1,32,3156441,3156441,3156474,JobState.COMPLETED,1.0,0,0,0,176.53061224489795,176.53061224489795,5648.9795918367345
jid_681773,60362.0,561.0,8,1641,3155189,3155189,3156831,JobState.COMPLETED,1.0,0,0,0,176.5306122448974,176.53061224489795,2317493.877551013
jid_681787,276.0,130.0,1,0,3157222,3157222,3157223,JobState.COMPLETED,1.0,0,0,0,176.53061224489795,176.53061224489795,0.0
jid_681789,276.0,130.0,1,0,3157293,3157293,3157294,JobState.COMPLETED,1.0,0,0,0,176.53061224489795,176.53061224489795,0.0
jid_681790,59134.0,541.0,2,266,3157037,3157037,3157304,JobState.COMPLETED,1.0,0,0,0,176.53061224489792,176.53061224489795,93914.2857142857
jid_681795,276.0,130.0,1,0,3157504,3157504,3157504,JobState.COMPLETED,1.0,0,0,0,176.53061224489795,176.53061224489795,0.0
jid_681798,55975.0,544.0,20,4185,3153578,3153578,3157764,JobState.COMPLETED,1.0,0,0,0,176.53061224489912,176.53061224489795,14775612.244898055
jid_681809,17.0,171.0,2,13,3157924,3157924,3157938,JobState.COMPLETED,1.0,0,0,0,176.53061224489795,176.53061224489795,4589.7959183673465
jid_681816,55980.0,535.0,1,1919,3156146,3156146,3158066,JobState.COMPLETED,1.0,0,0,0,176.5306122448973,176.53061224489795,338762.2448979579
jid_681817,55975.0,544.0,40,519,3157714,3157714,3158234,JobState.COMPLETED,1.0,0,0,0,176.53061224489795,176.53061224489795,3664775.5102040814
jid_681821,207.0,114.0,160,352,3158101,3158101,3158454,JobState.COMPLETED,0.522261996215417,0,0,0,118.03208116923481,118.03208116923474,6647566.811451305
jid_681823,14997.0,540.0,48,183,3158299,3158299,3158483,JobState.COMPLETED,0.5581383913798572,0,0,0,122.42510914855394,122.42510914855397,1075382.1587608978
jid_681831,9.000000000007276,26.0,24,6151,3152406,3152406,3158558,JobState.COMPLETED,1.0,0,0,0,176.53061224489784,176.53061224489795,26060155.102040797
jid_681837,40596.0,178.0,128,35,3158739,3158739,3158775,JobState.COMPLETED,0.5725068949652246,0,0,0,124.18451775084382,124.18451775084382,556346.6395237803
jid_681841,38222.0,526.0,1,717,3158518,3158518,3159236,JobState.COMPLETED,1.0,0,0,0,176.53061224489815,176.53061224489795,126572.44897959198
jid_681976,15948.999999999996,334.0,2,4,3160136,3160136,3160141,JobState.COMPLETED,1.0,0,0,0,176.53061224489795,176.53061224489795,1412.2448979591836
jid_681978,40596.0,178.0,128,39,3160191,3160191,3160231,JobState.COMPLETED,0.572638800123205,0,0,0,124.20066940284144,124.20066940284144,620009.7416589845
jid_681988,60369.0,230.0,640,349,3160171,3160171,3160521,JobState.COMPLETED,0.5427739672455376,0,0,0,120.54375109129032,120.54375109129032,26924652.24375061
jid_681989,14997.0,540.0,48,397,3160131,3160131,3160529,JobState.COMPLETED,0.57195821401346,0,0,0,124.11733232817882,124.11733232817879,2365179.8848457756
jid_681303,59081.0,191.0,6,59170,3088452,3101446,3160617,JobState.COMPLETED,1.0,0,0,0,176.53061224489227,176.53061224489795,62671897.95918165
jid_682012,195.0,104.0,1,12,3161052,3161052,3161065,JobState.COMPLETED,0.7493423230458224,0,0,0,145.83783547499866,145.83783547499866,1750.0540256999839
jid_682018,55975.0,544.0,15,1021,3160231,3160231,3161253,JobState.COMPLETED,1.0,0,0,0,176.53061224489787,176.53061224489795,2703566.3265306107
jid_682031,195.0,104.0,1,12,3161697,3161697,3161710,JobState.COMPLETED,0.7547098265614287,0,0,0,146.49508080344026,146.49508080344026,1757.9409696412831
jid_682041,985.0,585.0,1,18,3162012,3162012,3162031,JobState.COMPLETED,1.0,0,0,0,176.53061224489795,176.53061224489795,3177.551020408163
jid_682043,60373.0,230.0,1,5,3162060,3162060,3162066,JobState.COMPLETED,1.0,0,0,0,176.53061224489795,176.53061224489795,882.6530612244898
jid_682052,55937.0,191.0,1,14910,3147286,3147286,3162197,JobState.COMPLETED,1.0,0,0,0,176.5306122449039,176.53061224489795,2632071.428571517
jid_682056,55937.0,191.0,1,15005,3147284,3147284,3162290,JobState.COMPLETED,1.0,0,0,0,176.53061224490392,176.53061224489795,2648841.8367347834
jid_682057,55937.0,191.0,1,15049,3147284,3147284,3162334,JobState.COMPLETED,1.0,0,0,0,176.53061224490395,176.53061224489795,2656609.1836735597
jid_682063,55937.0,191.0,1,15124,3147280,3147280,3162405,JobState.COMPLETED,1.0,0,0,0,176.53061224490398,176.53061224489795,2669848.979591928
jid_682076,55937.0,191.0,1,15123,3147283,3147283,3162407,JobState.COMPLETED,1.0,0,0,0,176.53061224490398,176.53061224489795,2669672.4489796828
jid_682068,55937.0,191.0,1,14886,3147556,3147556,3162443,JobState.COMPLETED,1.0,0,0,0,176.53061224490386,176.53061224489795,2627834.693877639
jid_682074,55937.0,191.0,1,15180,3147282,3147282,3162463,JobState.COMPLETED,1.0,0,0,0,176.530612244904,176.53061224489795,2679734.693877643
jid_682081,55937.0,191.0,1,15185,3147279,3147279,3162465,JobState.COMPLETED,1.0,0,0,0,176.530612244904,176.53061224489795,2680617.346938867
jid_682075,55937.0,191.0,1,15191,3147281,3147281,3162473,JobState.COMPLETED,1.0,0,0,0,176.530612244904,176.53061224489795,2681676.530612337
jid_682086,55937.0,191.0,1,15135,3147479,3147479,3162615,JobState.COMPLETED,1.0,0,0,0,176.53061224490398,176.53061224489795,2671790.816326622
jid_682087,55937.0,191.0,1,15062,3147555,3147555,3162618,JobState.COMPLETED,1.0,0,0,0,176.53061224490395,176.53061224489795,2658904.081632743
jid_682091,9.000000000007276,26.0,24,10129,3152537,3152537,3162667,JobState.COMPLETED,1.0,0,0,0,176.53061224489542,176.53061224489795,42913885.7142851
jid_682092,276.0,130.0,1,0,3162683,3162683,3162684,JobState.COMPLETED,1.0,0,0,0,176.53061224489795,176.53061224489795,0.0
jid_682097,55937.0,191.0,1,15451,3147321,3147321,3162773,JobState.COMPLETED,1.0,0,0,0,176.53061224490415,176.53061224489795,2727574.489796014
jid_682098,55937.0,191.0,1,15457,3147320,3147320,3162778,JobState.COMPLETED,1.0,0,0,0,176.53061224490415,176.53061224489795,2728633.6734694834
jid_682110,55937.0,191.0,1,15538,3147321,3147321,3162860,JobState.COMPLETED,1.0,0,0,0,176.53061224490418,176.53061224489795,2742932.653061321
jid_682112,39761.0,145.0,8,30,3162864,3162864,3162895,JobState.COMPLETED,1.0,0,0,0,176.53061224489795,176.53061224489795,42367.34693877551
jid_682117,55937.0,191.0,1,15644,3147318,3147318,3162963,JobState.COMPLETED,1.0,0,0,0,176.53061224490423,176.53061224489795,2761644.8979592817
jid_682132,301.0,534.0,8,7,3163052,3163052,3163060,JobState.COMPLETED,1.0,0,0,0,176.53061224489795,176.53061224489795,9885.714285714286
jid_682130,55937.0,191.0,1,15817,3147313,3147313,3163131,JobState.COMPLETED,1.0,0,0,0,176.5306122449043,176.53061224489795,2792184.6938776514
jid_682139,111.0,65.0,100,3501,3159919,3159919,3163421,JobState.COMPLETED,1.0,0,0,0,176.53061224489727,176.53061224489795,61803367.346938536
jid_681746,60357.0,522.0,36,62164,3093858,3101446,3163611,JobState.COMPLETED,1.0,0,0,0,176.5306122449076,176.53061224489795,395058563.2653277
jid_682145,4188.0,189.0,1536,166,3163523,3163523,3163690,JobState.COMPLETED,1.0,0,0,0,176.53061224489795,176.53061224489795,45011069.387755096
jid_682147,4188.0,189.0,1536,212,3163523,3163523,3163736,JobState.COMPLETED,1.0,0,0,0,176.53061224489787,176.53061224489795,57484016.32653059
jid_682149,40673.0,530.0,25,202,3163592,3163592,3163795,JobState.COMPLETED,1.0,0,0,0,176.53061224489804,176.53061224489795,891479.591836735
jid_682159,376.0,587.0,1,8,3164152,3164152,3164161,JobState.COMPLETED,1.0,0,0,0,176.53061224489795,176.53061224489795,1412.2448979591836
jid_682161,4188.0,189.0,1536,178,3163996,3163996,3164175,JobState.COMPLETED,1.0,0,0,0,176.53061224489792,176.53061224489795,48264881.63265305
jid_682228,373.0,521.0,128,18669,3145564,3145564,3164234,JobState.COMPLETED,1.0,0,0,0,176.5306122449053,176.53061224489795,421843200.0000176
jid_682166,364.0,393.0,80,24,3164319,3164319,3164344,JobState.COMPLETED,1.0,0,0,0,176.53061224489795,176.53061224489795,338938.7755102041
jid_682178,301.0,534.0,8,390,3164328,3164328,3164719,JobState.COMPLETED,1.0,0,0,0,176.53061224489804,176.53061224489795,550775.5102040819
jid_682184,17.0,542.0,1,30,3164821,3164821,3164852,JobState.COMPLETED,1.0,0,0,0,176.53061224489795,176.53061224489795,5295.918367346939
jid_682186,108.0,234.0,1,141,3164797,3164797,3164939,JobState.COMPLETED,1.0,0,0,0,176.5306122448979,176.53061224489795,24890.816326530603
jid_682192,39761.0,145.0,8,23,3165017,3165017,3165041,JobState.COMPLETED,1.0,0,0,0,176.53061224489795,176.53061224489795,32481.632653061224
jid_682205,1161.0,119.0,15,61511,3103674,3103674,3165186,JobState.COMPLETED,1.0,0,0,0,176.53061224492222,176.53061224489795,162878617.34696117
jid_682207,108.0,532.0,64,1506,3163696,3163696,3165203,JobState.COMPLETED,1.0,0,0,0,176.5306122448975,176.53061224489795,17014726.5306122
jid_682210,34.0,485.0,15,219,3165099,3165099,3165319,JobState.COMPLETED,1.0,0,0,0,176.53061224489795,176.53061224489795,579903.0612244897
jid_682234,55617.0,144.0,145,80,3166018,3166018,3166099,JobState.COMPLETED,1.0,0,0,0,176.53061224489795,176.53061224489795,2047755.1020408163
jid_682235,17.0,171.0,1,98,3166005,3166005,3166104,JobState.COMPLETED,1.0,0,0,0,176.53061224489792,176.53061224489795,17299.999999999996
jid_682236,55949.0,580.0,12,2,3166160,3166160,3166163,JobState.COMPLETED,1.0,0,0,0,176.53061224489795,176.53061224489795,4236.734693877551
jid_682245,55937.0,191.0,4,19632,3146726,3146726,3166359,JobState.COMPLETED,1.0,0,0,0,176.5306122449056,176.53061224489795,13862595.918367947
jid_682228,373.0,521.0,128,20830,3145563,3145563,3166394,JobState.COMPLETED,1.0,0,0,0,176.5306122449059,176.53061224489795,470672979.5918579
jid_682250,55937.0,191.0,4,19693,3146731,3146731,3166425,JobState.COMPLETED,1.0,0,0,0,176.53061224490563,176.53061224489795,13905669.387755707
jid_682256,60384.0,590.0,100,2381,3164167,3164167,3166549,JobState.COMPLETED,1.0,0,0,0,176.53061224489846,176.53061224489795,42031938.775510326
jid_682264,60381.0,200.0,640,263,3166418,3166418,3166682,JobState.COMPLETED,0.7512203158420682,0,0,0,146.06779377657978,146.06779377657978,24586131.048473906
jid_682266,55949.0,580.0,12,2,3166710,3166710,3166713,JobState.COMPLETED,1.0,0,0,0,176.53061224489795,176.53061224489795,4236.734693877551
jid_682268,55949.0,580.0,12,3,3166742,3166742,3166746,JobState.COMPLETED,1.0,0,0,0,176.53061224489795,176.53061224489795,6355.102040816326
jid_682273,55949.0,580.0,12,2,3166793,3166793,3166796,JobState.COMPLETED,1.0,0,0,0,176.53061224489795,176.53061224489795,4236.734693877551
jid_682276,60386.0,200.0,12,0,3166808,3166808,3166808,JobState.COMPLETED,1.0,0,0,0,176.53061224489795,176.53061224489795,0.0
jid_682279,55949.0,580.0,12,2,3166848,3166848,3166851,JobState.COMPLETED,1.0,0,0,0,176.53061224489795,176.53061224489795,4236.734693877551
jid_682281,55937.0,191.0,4,20136,3146730,3146730,3166867,JobState.COMPLETED,1.0,0,0,0,176.53061224490574,176.53061224489795,14218481.632653687
jid_682293,39761.0,145.0,8,29,3166871,3166871,3166901,JobState.COMPLETED,1.0,0,0,0,176.53061224489795,176.53061224489795,40955.102040816324
jid_682287,55937.0,191.0,4,20222,3146718,3146718,3166941,JobState.COMPLETED,1.0,0,0,0,176.53061224490577,176.53061224489795,14279208.163265938
jid_682288,55937.0,191.0,4,20223,3146728,3146728,3166952,JobState.COMPLETED,1.0,0,0,0,176.53061224490577,176.53061224489795,14279914.285714917
jid_682355,39761.0,145.0,8,31,3167138,3167138,3167170,JobState.COMPLETED,1.0,0,0,0,176.53061224489795,176.53061224489795,43779.59183673469
jid_682360,108.0,532.0,128,3592,3163630,3163630,3167223,JobState.COMPLETED,1.0,0,0,0,176.53061224489693,176.53061224489795,81164538.77550973
jid_682403,55988.0,140.0,128,16,3167287,3167287,3167304,JobState.COMPLETED,1.0,0,0,0,176.53061224489795,176.53061224489795,361534.693877551
jid_682403,60391.0,140.0,128,26,3167293,3167293,3167320,JobState.COMPLETED,1.0,0,0,0,176.53061224489795,176.53061224489795,587493.8775510204
jid_682435,55937.0,191.0,4,20680,3146729,3146729,3167410,JobState.COMPLETED,1.0,0,0,0,176.53061224490588,176.53061224489795,14602612.244898615
jid_682437,55988.0,140.0,128,30,3167413,3167413,3167444,JobState.COMPLETED,1.0,0,0,0,176.53061224489795,176.53061224489795,677877.5510204082
jid_682437,59150.0,140.0,128,48,3167441,3167441,3167490,JobState.COMPLETED,1.0,0,0,0,176.53061224489795,176.53061224489795,1084604.081632653
jid_682453,59150.0,140.0,128,26,3167486,3167486,3167513,JobState.COMPLETED,1.0,0,0,0,176.53061224489795,176.53061224489795,587493.8775510204
jid_682454,9.000000000007276,26.0,24,15046,3152512,3152512,3167559,JobState.COMPLETED,1.0,0,0,0,176.53061224489417,176.53061224489795,63745910.20408027
jid_682457,55988.0,140.0,128,57,3167510,3167510,3167568,JobState.COMPLETED,1.0,0,0,0,176.53061224489795,176.53061224489795,1287967.3469387754
jid_682460,56413.0,140.0,128,25,3167552,3167552,3167578,JobState.COMPLETED,1.0,0,0,0,176.53061224489795,176.53061224489795,564897.9591836735
jid_682469,55949.0,580.0,12,10,3167868,3167868,3167879,JobState.COMPLETED,1.0,0,0,0,176.53061224489795,176.53061224489795,21183.673469387755
jid_682478,108.0,174.0,48,216,3167830,3167830,3168047,JobState.COMPLETED,1.0,0,0,0,176.53061224489787,176.53061224489795,1830269.387755101
jid_682484,55975.0,544.0,30,624,3167541,3167541,3168166,JobState.COMPLETED,1.0,0,0,0,176.530612244898,176.53061224489795,3304653.061224491
jid_682488,9228.0,194.0,216,23220,3145063,3145063,3168284,JobState.COMPLETED,1.0,0,0,0,176.53061224490133,176.53061224489795,885392816.3265475
jid_682491,34.0,573.0,688,21514,3146807,3146807,3168322,JobState.COMPLETED,1.0,0,0,0,176.5306122448988,176.53061224489795,2612941159.183686
jid_682499,985.0,557.0,1,37,3168562,3168562,3168600,JobState.COMPLETED,1.0,0,0,0,176.53061224489795,176.53061224489795,6531.632653061224
jid_683229,60393.0,140.0,128,36,3168598,3168598,3168635,JobState.COMPLETED,1.0,0,0,0,176.53061224489795,176.53061224489795,813453.0612244897
jid_682507,36073.0,194.0,216,23247,3145396,3145396,3168644,JobState.COMPLETED,1.0,0,0,0,176.53061224490133,176.53061224489795,886422342.8571599
jid_683230,60395.0,140.0,128,44,3168620,3168620,3168665,JobState.COMPLETED,1.0,0,0,0,176.53061224489795,176.53061224489795,994220.4081632653
jid_682503,39761.0,145.0,8,27,3168688,3168688,3168716,JobState.COMPLETED,1.0,0,0,0,176.53061224489795,176.53061224489795,38130.61224489796
jid_682507,1315.9999999999927,194.0,216,23384,3145384,3145384,3168769,JobState.COMPLETED,1.0,0,0,0,176.5306122449015,176.53061224489795,891646236.7347118
jid_682507,35789.0,194.0,216,23428,3145395,3145395,3168824,JobState.COMPLETED,1.0,0,0,0,176.53061224490153,176.53061224489795,893323983.6734874
jid_682518,60397.0,526.0,8,2454,3166478,3166478,3168933,JobState.COMPLETED,1.0,0,0,0,176.53061224489713,176.53061224489795,3465648.9795918204
jid_682519,60398.0,526.0,1,676,3168258,3168258,3168935,JobState.COMPLETED,1.0,0,0,0,176.53061224489812,176.53061224489795,119334.69387755114
jid_682523,55949.0,580.0,12,8,3168961,3168961,3168970,JobState.COMPLETED,1.0,0,0,0,176.53061224489795,176.53061224489795,16946.938775510203
jid_682530,59134.0,541.0,2,65,3169001,3169001,3169067,JobState.COMPLETED,1.0,0,0,0,176.53061224489798,176.53061224489795,22948.979591836738
jid_682532,377.0000000000073,558.0,1,93,3169048,3169048,3169142,JobState.COMPLETED,1.0,0,0,0,176.53061224489792,176.53061224489795,16417.346938775507
jid_682488,36114.0,194.0,216,24335,3145075,3145075,3169411,JobState.COMPLETED,1.0,0,0,0,176.53061224490244,176.53061224489795,927908448.9796154
jid_682551,17.0,163.0,1,31,3169514,3169514,3169546,JobState.COMPLETED,1.0,0,0,0,176.53061224489795,176.53061224489795,5472.448979591836
jid_682558,1267.0,537.0,64,15,3169720,3169720,3169736,JobState.COMPLETED,1.0,0,0,0,176.53061224489795,176.53061224489795,169469.38775510204
jid_682566,108.0,174.0,48,590,3169312,3169312,3169903,JobState.COMPLETED,1.0,0,0,0,176.53061224489775,176.53061224489795,4999346.938775504
jid_682585,108.0,174.0,48,262,3170015,3170015,3170278,JobState.COMPLETED,1.0,0,0,0,176.53061224489784,176.53061224489795,2220048.9795918353
jid_682588,108.0,174.0,48,296,3170020,3170020,3170317,JobState.COMPLETED,1.0,0,0,0,176.53061224489784,176.53061224489795,2508146.9387755087
jid_682599,60405.0,393.0,80,20,3170447,3170447,3170468,JobState.COMPLETED,1.0,0,0,0,176.53061224489795,176.53061224489795,282448.97959183675
jid_682606,1460.0,60.0,1,119,3170486,3170486,3170606,JobState.COMPLETED,1.0,0,0,0,176.53061224489792,176.53061224489795,21007.14285714285
jid_682622,377.0000000000073,558.0,1,56,3170959,3170959,3171016,JobState.COMPLETED,1.0,0,0,0,176.53061224489795,176.53061224489795,9885.714285714286
jid_682631,377.0000000000073,558.0,1,66,3171373,3171373,3171440,JobState.COMPLETED,1.0,0,0,0,176.53061224489798,176.53061224489795,11651.020408163267
jid_682634,377.0000000000073,558.0,1,38,3171485,3171485,3171524,JobState.COMPLETED,1.0,0,0,0,176.53061224489795,176.53061224489795,6708.163265306122
jid_682635,479.0,151.0,1,431,3171118,3171118,3171550,JobState.COMPLETED,1.0,0,0,0,176.53061224489807,176.53061224489795,76084.69387755106
jid_682639,276.0,130.0,1,3599,3168194,3168194,3171794,JobState.COMPLETED,1.0,0,0,0,176.53061224489693,176.53061224489795,635333.6734693841
jid_682648,40527.0,230.0,704,88,3172081,3172081,3172170,JobState.COMPLETED,0.5407736584933278,0,0,0,120.29881532571362,120.29881532571359,7452752.20705861
jid_682647,377.0000000000073,558.0,1,62,3172114,3172114,3172177,JobState.COMPLETED,1.0,0,0,0,176.53061224489798,176.53061224489795,10944.897959183674
jid_682651,1267.0,537.0,64,11,3172286,3172286,3172298,JobState.COMPLETED,1.0,0,0,0,176.53061224489795,176.53061224489795,124277.55102040817
jid_682670,60405.0,393.0,4,47,3172625,3172625,3172673,JobState.COMPLETED,0.6978720494393148,0,0,0,139.5353529925692,139.5353529925692,26232.64636260301
jid_682679,40527.0,230.0,704,281,3172596,3172596,3172878,JobState.COMPLETED,0.5099736965616753,0,0,0,116.52739141571537,116.52739141571534,23051914.67942248
jid_682681,55929.0,136.0,2,496,3172456,3172456,3172953,JobState.COMPLETED,1.0,0,0,0,176.53061224489807,176.53061224489795,175118.36734693887
jid_682682,60410.0,445.0,64,1784,3171173,3171173,3172958,JobState.COMPLETED,1.0,0,0,0,176.53061224489736,176.53061224489795,20155559.1836734
jid_682683,17.0,92.0,1,310,3172700,3172700,3173011,JobState.COMPLETED,1.0,0,0,0,176.53061224489798,176.53061224489795,54724.48979591837
jid_682699,55929.0,136.0,2,12,3173190,3173190,3173203,JobState.COMPLETED,1.0,0,0,0,176.53061224489795,176.53061224489795,4236.734693877551
jid_682695,60411.0,18.000000000000057,1,1,3173243,3173243,3173245,JobState.COMPLETED,1.0,0,0,0,176.53061224489795,176.53061224489795,176.53061224489795
jid_682714,504.0000000000073,151.0,1,2056,3171760,3171760,3173817,JobState.COMPLETED,1.0,0,0,0,176.53061224489724,176.53061224489795,362946.9387755087
jid_682716,108.0,532.0,128,3517,3170439,3170439,3173957,JobState.COMPLETED,1.0,0,0,0,176.53061224489693,176.53061224489795,79469844.89795873
jid_682721,60304.0,526.0,8,2498,3171600,3171600,3174099,JobState.COMPLETED,1.0,0,0,0,176.53061224489713,176.53061224489795,3527787.7551020244
jid_682725,60398.0,526.0,1,1028,3173188,3173188,3174217,JobState.COMPLETED,1.0,0,0,0,176.53061224489798,176.53061224489795,181473.46938775512
jid_682752,60415.0,556.0,12,241,3174015,3174015,3174257,JobState.COMPLETED,1.0,0,0,0,176.53061224489784,176.53061224489795,510526.5306122445
jid_682781,60407.0,393.0,4,23,3174396,3174396,3174420,JobState.COMPLETED,1.0,0,0,0,176.53061224489795,176.53061224489795,16240.816326530612
jid_682804,55929.0,136.0,2,7023,3167511,3167511,3174535,JobState.COMPLETED,1.0,0,0,0,176.5306122448967,176.53061224489795,2479548.979591819
jid_682821,55929.0,136.0,2,11,3174599,3174599,3174611,JobState.COMPLETED,1.0,0,0,0,176.53061224489795,176.53061224489795,3883.673469387755
jid_682825,55929.0,136.0,2,12,3174601,3174601,3174614,JobState.COMPLETED,1.0,0,0,0,176.53061224489795,176.53061224489795,4236.734693877551
jid_682826,55929.0,136.0,2,12,3174602,3174602,3174615,JobState.COMPLETED,1.0,0,0,0,176.53061224489795,176.53061224489795,4236.734693877551
jid_682839,55929.0,136.0,2,105,3174567,3174567,3174673,JobState.COMPLETED,1.0,0,0,0,176.53061224489792,176.53061224489795,37071.428571428565
jid_682873,55929.0,136.0,2,139,3174577,3174577,3174717,JobState.COMPLETED,1.0,0,0,0,176.5306122448979,176.53061224489795,49075.51020408161
jid_682879,55929.0,136.0,2,456,3174296,3174296,3174753,JobState.COMPLETED,1.0,0,0,0,176.53061224489807,176.53061224489795,160995.91836734704
jid_682885,55929.0,136.0,2,11,3174762,3174762,3174774,JobState.COMPLETED,1.0,0,0,0,176.53061224489795,176.53061224489795,3883.673469387755
jid_682898,55929.0,136.0,2,13,3174772,3174772,3174786,JobState.COMPLETED,1.0,0,0,0,176.53061224489795,176.53061224489795,4589.7959183673465
jid_682904,55929.0,136.0,2,353,3174440,3174440,3174794,JobState.COMPLETED,1.0,0,0,0,176.530612244898,176.53061224489795,124630.61224489799
jid_682930,55929.0,136.0,2,43,3174778,3174778,3174822,JobState.COMPLETED,1.0,0,0,0,176.53061224489795,176.53061224489795,15181.632653061224
jid_682925,55929.0,136.0,2,411,3174444,3174444,3174856,JobState.COMPLETED,1.0,0,0,0,176.53061224489807,176.53061224489795,145108.1632653062
jid_682928,55949.0,580.0,12,2,3174885,3174885,3174888,JobState.COMPLETED,1.0,0,0,0,176.53061224489795,176.53061224489795,4236.734693877551
jid_682952,55929.0,136.0,2,223,3174730,3174730,3174954,JobState.COMPLETED,1.0,0,0,0,176.53061224489787,176.53061224489795,78732.65306122445
jid_682983,55929.0,136.0,2,307,3174733,3174733,3175041,JobState.COMPLETED,1.0,0,0,0,176.53061224489798,176.53061224489795,108389.79591836737
jid_683013,55929.0,136.0,2,300,3174744,3174744,3175045,JobState.COMPLETED,1.0,0,0,0,176.53061224489798,176.53061224489795,105918.36734693879
jid_682985,55929.0,136.0,2,295,3174758,3174758,3175054,JobState.COMPLETED,1.0,0,0,0,176.53061224489795,176.53061224489795,104153.0612244898
jid_682989,55929.0,136.0,2,629,3174443,3174443,3175073,JobState.COMPLETED,1.0,0,0,0,176.53061224489812,176.53061224489795,222075.51020408183
jid_682998,55929.0,136.0,2,349,3174752,3174752,3175102,JobState.COMPLETED,1.0,0,0,0,176.530612244898,176.53061224489795,123218.36734693882
jid_683002,55929.0,136.0,2,357,3174746,3174746,3175104,JobState.COMPLETED,1.0,0,0,0,176.530612244898,176.53061224489795,126042.85714285717
jid_683039,55949.0,580.0,12,1,3175184,3175184,3175186,JobState.COMPLETED,1.0,0,0,0,176.53061224489795,176.53061224489795,2118.3673469387754
jid_683049,55929.0,136.0,2,625,3174585,3174585,3175211,JobState.COMPLETED,1.0,0,0,0,176.53061224489812,176.53061224489795,220663.26530612266
jid_683064,55929.0,136.0,2,552,3174729,3174729,3175282,JobState.COMPLETED,1.0,0,0,0,176.5306122448981,176.53061224489795,194889.79591836748
jid_683090,55988.0,140.0,128,8836,3166570,3166570,3175407,JobState.COMPLETED,1.0,0,0,0,176.53061224489898,176.53061224489795,199657534.6938787
jid_683128,59250.0,327.0,32,1991,3173568,3173568,3175560,JobState.COMPLETED,0.8733935383884506,0,0,0,161.02778021083125,161.02778021083068,10259401.932792481
jid_683137,59259.0,327.0,32,1996,3173579,3173579,3175576,JobState.COMPLETED,0.8731929565216185,0,0,0,161.0032191659121,161.00321916591247,10283597.614565138
jid_683180,60419.0,241.0,1,1,3175807,3175807,3175809,JobState.COMPLETED,1.0,0,0,0,176.53061224489795,176.53061224489795,176.53061224489795
jid_683166,59246.0,327.0,32,1993,3173820,3173820,3175814,JobState.COMPLETED,0.8884150169447095,0,0,0,162.86714493200566,162.86714493200526,10387015.035183594
jid_683176,59262.0,327.0,32,2023,3173820,3173820,3175844,JobState.COMPLETED,0.8797817047112954,0,0,0,161.81000465852685,161.81000465852597,10474932.461574394
jid_683181,41425.0,327.0,32,1994,3173900,3173900,3175895,JobState.COMPLETED,0.8883111182668578,0,0,0,162.85442264492215,162.85442264492139,10391415.000127193
jid_683182,59252.0,327.0,32,1993,3173969,3173969,3175963,JobState.COMPLETED,0.8882061041008132,0,0,0,162.8415637674471,162.8415637674465,10385383.570832707
jid_682944,55929.0,136.0,2,11,3174930,3175963,3175975,JobState.COMPLETED,1.0,0,0,0,176.53061224489795,176.53061224489795,3883.673469387755
jid_682939,55929.0,136.0,2,12,3174925,3175963,3175976,JobState.COMPLETED,1.0,0,0,0,176.53061224489795,176.53061224489795,4236.734693877551
jid_682947,55929.0,136.0,2,14,3174932,3175963,3175978,JobState.COMPLETED,1.0,0,0,0,176.53061224489795,176.53061224489795,4942.857142857143
jid_682979,55929.0,136.0,2,11,3174933,3175975,3175987,JobState.COMPLETED,1.0,0,0,0,176.53061224489795,176.53061224489795,3883.673469387755
jid_682969,55929.0,136.0,2,11,3174959,3175978,3175990,JobState.COMPLETED,1.0,0,0,0,176.53061224489795,176.53061224489795,3883.673469387755
jid_682951,55929.0,136.0,2,14,3174939,3175976,3175991,JobState.COMPLETED,1.0,0,0,0,176.53061224489795,176.53061224489795,4942.857142857143
jid_682984,55929.0,136.0,2,11,3174961,3175987,3175999,JobState.COMPLETED,1.0,0,0,0,176.53061224489795,176.53061224489795,3883.673469387755
jid_682997,55929.0,136.0,2,12,3175090,3175990,3176003,JobState.COMPLETED,1.0,0,0,0,176.53061224489795,176.53061224489795,4236.734693877551
jid_683000,55929.0,136.0,2,12,3175091,3175991,3176004,JobState.COMPLETED,1.0,0,0,0,176.53061224489795,176.53061224489795,4236.734693877551
jid_683008,55929.0,136.0,2,11,3175101,3175999,3176011,JobState.COMPLETED,1.0,0,0,0,176.53061224489795,176.53061224489795,3883.673469387755
jid_683012,55929.0,136.0,2,12,3175105,3176003,3176016,JobState.COMPLETED,1.0,0,0,0,176.53061224489795,176.53061224489795,4236.734693877551
jid_683044,55929.0,136.0,2,12,3175116,3176004,3176017,JobState.COMPLETED,1.0,0,0,0,176.53061224489795,176.53061224489795,4236.734693877551
jid_683056,55929.0,136.0,2,12,3175252,3176011,3176024,JobState.COMPLETED,1.0,0,0,0,176.53061224489795,176.53061224489795,4236.734693877551
jid_683066,55929.0,136.0,2,30,3175253,3176016,3176047,JobState.COMPLETED,1.0,0,0,0,176.53061224489795,176.53061224489795,10591.836734693878
jid_683130,55929.0,136.0,2,11,3175404,3176047,3176059,JobState.COMPLETED,1.0,0,0,0,176.53061224489795,176.53061224489795,3883.673469387755
jid_683074,55929.0,136.0,2,42,3175265,3176017,3176060,JobState.COMPLETED,1.0,0,0,0,176.53061224489795,176.53061224489795,14828.571428571428
jid_683075,55929.0,136.0,2,42,3175266,3176024,3176067,JobState.COMPLETED,1.0,0,0,0,176.53061224489795,176.53061224489795,14828.571428571428
jid_683116,55929.0,136.0,2,12,3175407,3176059,3176072,JobState.COMPLETED,1.0,0,0,0,176.53061224489795,176.53061224489795,4236.734693877551
jid_683093,55929.0,136.0,2,12,3175408,3176060,3176073,JobState.COMPLETED,1.0,0,0,0,176.53061224489795,176.53061224489795,4236.734693877551
jid_683094,55929.0,136.0,2,11,3175409,3176067,3176079,JobState.COMPLETED,1.0,0,0,0,176.53061224489795,176.53061224489795,3883.673469387755
jid_683119,55929.0,136.0,2,12,3175416,3176072,3176085,JobState.COMPLETED,1.0,0,0,0,176.53061224489795,176.53061224489795,4236.734693877551
jid_683100,55929.0,136.0,2,12,3175419,3176079,3176092,JobState.COMPLETED,1.0,0,0,0,176.53061224489795,176.53061224489795,4236.734693877551
jid_683108,55929.0,136.0,2,12,3175426,3176085,3176098,JobState.COMPLETED,1.0,0,0,0,176.53061224489795,176.53061224489795,4236.734693877551
jid_683154,55929.0,136.0,2,11,3175552,3176092,3176104,JobState.COMPLETED,1.0,0,0,0,176.53061224489795,176.53061224489795,3883.673469387755
jid_683109,55929.0,136.0,2,31,3175418,3176073,3176105,JobState.COMPLETED,1.0,0,0,0,176.53061224489795,176.53061224489795,10944.897959183672
jid_683134,55929.0,136.0,2,12,3175556,3176098,3176111,JobState.COMPLETED,1.0,0,0,0,176.53061224489795,176.53061224489795,4236.734693877551
jid_683151,55929.0,136.0,2,12,3175679,3176104,3176117,JobState.COMPLETED,1.0,0,0,0,176.53061224489795,176.53061224489795,4236.734693877551
jid_683018,55929.0,136.0,2,207,3174917,3175963,3176171,JobState.COMPLETED,1.0,0,0,0,176.5306122448979,176.53061224489795,73083.67346938772
jid_683028,55929.0,136.0,2,235,3174902,3175963,3176199,JobState.COMPLETED,1.0,0,0,0,176.53061224489787,176.53061224489795,82969.387755102
jid_683084,55929.0,136.0,2,450,3174906,3175963,3176414,JobState.COMPLETED,1.0,0,0,0,176.53061224489807,176.53061224489795,158877.55102040825
jid_683187,55949.0,580.0,12,3,3176108,3176414,3176418,JobState.COMPLETED,1.0,0,0,0,176.53061224489795,176.53061224489795,6355.102040816326
jid_683199,276.0,130.0,1,0,3176422,3176422,3176422,JobState.COMPLETED,1.0,0,0,0,176.53061224489795,176.53061224489795,0.0
jid_683114,55929.0,136.0,2,558,3174915,3175963,3176522,JobState.COMPLETED,1.0,0,0,0,176.5306122448981,176.53061224489795,197008.16326530627
jid_683205,276.0,130.0,1,0,3176578,3176578,3176578,JobState.COMPLETED,1.0,0,0,0,176.53061224489795,176.53061224489795,0.0
jid_683220,60396.0,140.0,128,8894,3167828,3167828,3176723,JobState.COMPLETED,1.0,0,0,0,176.53061224489906,176.53061224489795,200968097.9591849
jid_683209,60391.0,140.0,128,8812,3167932,3167932,3176745,JobState.COMPLETED,1.0,0,0,0,176.53061224489895,176.53061224489795,199115232.65306234
jid_683209,60395.0,140.0,128,8885,3167933,3167933,3176819,JobState.COMPLETED,1.0,0,0,0,176.53061224489903,176.53061224489795,200764734.69387877
jid_683218,60393.0,140.0,128,8927,3167911,3167911,3176839,JobState.COMPLETED,1.0,0,0,0,176.5306122448991,176.53061224489795,201713763.26530743
jid_683230,56413.0,140.0,128,8258,3168619,3168619,3176878,JobState.COMPLETED,1.0,0,0,0,176.53061224489812,176.53061224489795,186597093.8775512
jid_683218,55988.0,140.0,128,9079,3167904,3167904,3176984,JobState.COMPLETED,1.0,0,0,0,176.5306122448993,176.53061224489795,205148342.85714442
jid_683220,60394.0,140.0,128,9172,3167827,3167827,3177000,JobState.COMPLETED,1.0,0,0,0,176.53061224489943,176.53061224489795,207249763.26530784
jid_683218,60391.0,140.0,128,9116,3167910,3167910,3177027,JobState.COMPLETED,1.0,0,0,0,176.53061224489934,176.53061224489795,205984391.83673632
jid_683218,60395.0,140.0,128,9149,3167911,3167911,3177061,JobState.COMPLETED,1.0,0,0,0,176.53061224489937,176.53061224489795,206730057.1428588
jid_683227,55988.0,140.0,128,8665,3168577,3168577,3177243,JobState.COMPLETED,1.0,0,0,0,176.53061224489875,176.53061224489795,195793632.6530621
jid_683229,56413.0,140.0,128,8654,3168597,3168597,3177252,JobState.COMPLETED,1.0,0,0,0,176.53061224489872,176.53061224489795,195545077.55102125
jid_683229,59150.0,140.0,128,8699,3168597,3168597,3177297,JobState.COMPLETED,1.0,0,0,0,176.53061224489878,176.53061224489795,196561893.87755194
jid_683191,29.0,23.0,2560,1364,3174813,3175963,3177328,JobState.COMPLETED,0.5525761228410856,0,0,0,121.74401504176521,121.74401504176558,425110621.4834374
jid_683227,60395.0,140.0,128,8766,3168582,3168582,3177349,JobState.COMPLETED,1.0,0,0,0,176.5306122448989,176.53061224489795,198075820.40816432
jid_683218,60392.0,140.0,128,9446,3167910,3167910,3177357,JobState.COMPLETED,1.0,0,0,0,176.53061224489974,176.53061224489795,213441044.89796135
jid_683231,60393.0,140.0,128,8991,3168494,3168494,3177486,JobState.COMPLETED,1.0,0,0,0,176.5306122448992,176.53061224489795,203159902.04081777
jid_682115,60392.0,140.0,128,8851,3168637,3168637,3177489,JobState.COMPLETED,1.0,0,0,0,176.530612244899,176.53061224489795,199996473.46938893
jid_683231,60395.0,140.0,128,9016,3168494,3168494,3177511,JobState.COMPLETED,1.0,0,0,0,176.5306122448992,176.53061224489795,203724800.00000143
jid_683231,60396.0,140.0,128,9116,3168494,3168494,3177611,JobState.COMPLETED,1.0,0,0,0,176.53061224489934,176.53061224489795,205984391.83673632
jid_683231,59150.0,140.0,128,9136,3168493,3168493,3177630,JobState.COMPLETED,1.0,0,0,0,176.53061224489937,176.53061224489795,206436310.2040833
jid_683229,60392.0,140.0,128,9041,3168598,3168598,3177640,JobState.COMPLETED,1.0,0,0,0,176.53061224489926,176.53061224489795,204289697.95918518
jid_683231,60391.0,140.0,128,9310,3168493,3168493,3177804,JobState.COMPLETED,1.0,0,0,0,176.5306122448996,176.53061224489795,210368000.00000197
jid_683243,60407.0,393.0,4,51,3177796,3177796,3177848,JobState.COMPLETED,0.69140954849431,0,0,0,138.744026346242,138.74402634624204,28303.78137463337
jid_683229,60391.0,140.0,128,9417,3168598,3168598,3178016,JobState.COMPLETED,1.0,0,0,0,176.53061224489971,176.53061224489795,212785763.26530823
jid_683252,34.0,235.0,40,15800,3162599,3162599,3178400,JobState.COMPLETED,1.0,0,0,0,176.53061224489352,176.53061224489795,111567346.93877271
jid_683255,55929.0,136.0,2,3928,3174591,3174591,3178520,JobState.COMPLETED,1.0,0,0,0,176.53061224489687,176.53061224489795,1386824.4897959097
jid_683257,55929.0,136.0,2,13,3178570,3178570,3178584,JobState.COMPLETED,1.0,0,0,0,176.53061224489795,176.53061224489795,4589.7959183673465
jid_682474,1244.0,119.0,15,75996,3103548,3103548,3179545,JobState.COMPLETED,1.0,0,0,0,176.53061224492822,176.53061224489795,201234306.12248346
jid_682261,59081.0,191.0,8,78345,3088293,3101446,3179792,JobState.COMPLETED,1.0,0,0,0,176.53061224490168,176.53061224489795,110642326.53061457
jid_683305,36642.0,594.0,1,30,3179772,3179772,3179803,JobState.COMPLETED,1.0,0,0,0,176.53061224489795,176.53061224489795,5295.918367346939
jid_683306,36642.0,594.0,1,30,3179777,3179777,3179808,JobState.COMPLETED,1.0,0,0,0,176.53061224489795,176.53061224489795,5295.918367346939
jid_683307,276.0,130.0,1,0,3179808,3179808,3179809,JobState.COMPLETED,1.0,0,0,0,176.53061224489795,176.53061224489795,0.0
jid_683312,36642.0,594.0,1,30,3179798,3179798,3179829,JobState.COMPLETED,1.0,0,0,0,176.53061224489795,176.53061224489795,5295.918367346939
jid_683322,36642.0,594.0,1,30,3179839,3179839,3179870,JobState.COMPLETED,1.0,0,0,0,176.53061224489795,176.53061224489795,5295.918367346939
jid_683323,36642.0,594.0,1,29,3179844,3179844,3179874,JobState.COMPLETED,1.0,0,0,0,176.53061224489795,176.53061224489795,5119.3877551020405
jid_683329,36642.0,594.0,1,29,3179870,3179870,3179900,JobState.COMPLETED,1.0,0,0,0,176.53061224489795,176.53061224489795,5119.3877551020405
jid_683342,36642.0,594.0,1,29,3179931,3179931,3179961,JobState.COMPLETED,1.0,0,0,0,176.53061224489795,176.53061224489795,5119.3877551020405
jid_683343,36642.0,594.0,1,29,3179941,3179941,3179971,JobState.COMPLETED,1.0,0,0,0,176.53061224489795,176.53061224489795,5119.3877551020405
jid_683356,36642.0,594.0,1,29,3180160,3180160,3180190,JobState.COMPLETED,1.0,0,0,0,176.53061224489795,176.53061224489795,5119.3877551020405
jid_683360,36642.0,594.0,1,29,3180181,3180181,3180211,JobState.COMPLETED,1.0,0,0,0,176.53061224489795,176.53061224489795,5119.3877551020405
jid_683362,36642.0,594.0,1,29,3180191,3180191,3180221,JobState.COMPLETED,1.0,0,0,0,176.53061224489795,176.53061224489795,5119.3877551020405
jid_683364,36642.0,594.0,1,29,3180201,3180201,3180231,JobState.COMPLETED,1.0,0,0,0,176.53061224489795,176.53061224489795,5119.3877551020405
jid_683369,36642.0,594.0,1,29,3180227,3180227,3180257,JobState.COMPLETED,1.0,0,0,0,176.53061224489795,176.53061224489795,5119.3877551020405
jid_683380,36642.0,594.0,1,29,3180278,3180278,3180308,JobState.COMPLETED,1.0,0,0,0,176.53061224489795,176.53061224489795,5119.3877551020405
jid_683383,36642.0,594.0,1,29,3180289,3180289,3180319,JobState.COMPLETED,1.0,0,0,0,176.53061224489795,176.53061224489795,5119.3877551020405
jid_683384,36642.0,594.0,1,29,3180294,3180294,3180324,JobState.COMPLETED,1.0,0,0,0,176.53061224489795,176.53061224489795,5119.3877551020405
jid_683393,36642.0,594.0,1,29,3180340,3180340,3180370,JobState.COMPLETED,1.0,0,0,0,176.53061224489795,176.53061224489795,5119.3877551020405
jid_683397,36642.0,594.0,1,29,3180386,3180386,3180416,JobState.COMPLETED,1.0,0,0,0,176.53061224489795,176.53061224489795,5119.3877551020405
jid_683441,36642.0,594.0,1,30,3180478,3180478,3180509,JobState.COMPLETED,1.0,0,0,0,176.53061224489795,176.53061224489795,5295.918367346939
jid_683423,36642.0,594.0,1,29,3180514,3180514,3180544,JobState.COMPLETED,1.0,0,0,0,176.53061224489795,176.53061224489795,5119.3877551020405
jid_683429,36642.0,594.0,1,30,3180540,3180540,3180571,JobState.COMPLETED,1.0,0,0,0,176.53061224489795,176.53061224489795,5295.918367346939
jid_683431,36642.0,594.0,1,29,3180550,3180550,3180580,JobState.COMPLETED,1.0,0,0,0,176.53061224489795,176.53061224489795,5119.3877551020405
jid_683432,36642.0,594.0,1,30,3180555,3180555,3180586,JobState.COMPLETED,1.0,0,0,0,176.53061224489795,176.53061224489795,5295.918367346939
jid_683433,36642.0,594.0,1,29,3180565,3180565,3180595,JobState.COMPLETED,1.0,0,0,0,176.53061224489795,176.53061224489795,5119.3877551020405
jid_683434,36642.0,594.0,1,29,3180576,3180576,3180606,JobState.COMPLETED,1.0,0,0,0,176.53061224489795,176.53061224489795,5119.3877551020405
jid_683447,55929.0,136.0,2,6500,3174298,3174298,3180799,JobState.COMPLETED,1.0,0,0,0,176.53061224489673,176.53061224489795,2294897.9591836575
jid_683446,55929.0,136.0,2,6648,3174291,3174291,3180940,JobState.COMPLETED,1.0,0,0,0,176.5306122448967,176.53061224489795,2347151.0204081465
jid_683456,55929.0,136.0,2,12,3181042,3181042,3181055,JobState.COMPLETED,1.0,0,0,0,176.53061224489795,176.53061224489795,4236.734693877551
jid_683462,55929.0,136.0,2,6808,3174280,3174280,3181089,JobState.COMPLETED,1.0,0,0,0,176.5306122448967,176.53061224489795,2403640.8163265134
jid_683469,55929.0,136.0,2,12,3181170,3181170,3181183,JobState.COMPLETED,1.0,0,0,0,176.53061224489795,176.53061224489795,4236.734693877551
jid_683470,55929.0,136.0,2,13,3181171,3181171,3181185,JobState.COMPLETED,1.0,0,0,0,176.53061224489795,176.53061224489795,4589.7959183673465
jid_683474,55929.0,136.0,2,12,3181175,3181175,3181188,JobState.COMPLETED,1.0,0,0,0,176.53061224489795,176.53061224489795,4236.734693877551
jid_683475,55929.0,136.0,2,12,3181177,3181177,3181190,JobState.COMPLETED,1.0,0,0,0,176.53061224489795,176.53061224489795,4236.734693877551
jid_683482,55929.0,136.0,2,6768,3174425,3174425,3181194,JobState.COMPLETED,1.0,0,0,0,176.5306122448967,176.53061224489795,2389518.367346922
jid_683485,55929.0,136.0,2,12,3181303,3181303,3181316,JobState.COMPLETED,1.0,0,0,0,176.53061224489795,176.53061224489795,4236.734693877551
jid_683486,55929.0,136.0,2,12,3181304,3181304,3181317,JobState.COMPLETED,1.0,0,0,0,176.53061224489795,176.53061224489795,4236.734693877551
jid_683490,55929.0,136.0,2,12,3181308,3181308,3181321,JobState.COMPLETED,1.0,0,0,0,176.53061224489795,176.53061224489795,4236.734693877551
jid_683492,55929.0,136.0,2,12,3181313,3181313,3181326,JobState.COMPLETED,1.0,0,0,0,176.53061224489795,176.53061224489795,4236.734693877551
jid_683506,55929.0,136.0,2,12,3181441,3181441,3181454,JobState.COMPLETED,1.0,0,0,0,176.53061224489795,176.53061224489795,4236.734693877551
jid_683521,55929.0,136.0,2,11,3181568,3181568,3181580,JobState.COMPLETED,1.0,0,0,0,176.53061224489795,176.53061224489795,3883.673469387755
jid_683534,55929.0,136.0,2,30,3181704,3181704,3181735,JobState.COMPLETED,1.0,0,0,0,176.53061224489795,176.53061224489795,10591.836734693878
jid_683544,55929.0,136.0,2,11,3181831,3181831,3181843,JobState.COMPLETED,1.0,0,0,0,176.53061224489795,176.53061224489795,3883.673469387755
jid_683545,55929.0,136.0,2,164,3181696,3181696,3181861,JobState.COMPLETED,1.0,0,0,0,176.5306122448979,176.53061224489795,57902.04081632651
jid_683546,154.0,48.0,1,58,3181849,3181849,3181908,JobState.COMPLETED,1.0,0,0,0,176.53061224489795,176.53061224489795,10238.775510204081
jid_683547,15388.0,289.0,255,202952,2975269,2978963,3181916,JobState.COMPLETED,1.0,0,0,0,176.5306122448365,176.53061224489795,9135946408.160084
jid_683558,55934.0,524.0,27,4066,3177929,3177929,3181996,JobState.COMPLETED,1.0,0,0,0,176.5306122448985,176.53061224489795,19379883.673469447
jid_683563,40558.0,178.0,32,63,3182070,3182070,3182134,JobState.COMPLETED,0.7436583475042436,0,0,0,145.14183846990738,145.14183846990738,292605.94635533326
jid_683567,108.0,174.0,48,11825,3170424,3170424,3182250,JobState.COMPLETED,1.0,0,0,0,176.53061224489488,176.53061224489795,100198775.51020233
jid_683581,105.0,62.0,1536,27443,3155493,3155493,3182937,JobState.COMPLETED,1.0,0,0,0,176.53061224489304,176.53061224489795,7441197453.061017
jid_683600,59219.0,375.0,64,44,3183094,3183094,3183139,JobState.COMPLETED,0.6277222579078938,0,0,0,130.9455826009666,130.9455826009666,368742.7606043219
jid_683602,59219.0,375.0,64,73,3183193,3183193,3183267,JobState.COMPLETED,0.6023061595328302,0,0,0,127.8334072897343,127.83340728973431,597237.6788576386
jid_683737,43.999999999992724,554.0,4096,714,3182575,3182575,3183290,JobState.COMPLETED,1.0,0,0,0,176.53061224489815,176.53061224489795,516271542.8571434
jid_683605,55929.0,136.0,2,1760,3181695,3181695,3183456,JobState.COMPLETED,1.0,0,0,0,176.53061224489736,176.53061224489795,621387.7551020387
jid_683609,60423.0,54.0,2816,541,3183123,3183290,3183832,JobState.COMPLETED,1.0,0,0,0,176.5306122448978,176.53061224489795,268936620.4081631
jid_683650,60431.0,200.0,640,253,3184078,3184078,3184332,JobState.COMPLETED,0.5878114525755204,0,0,0,126.0585452133291,126.05854521332904,20411399.64094225
jid_683659,55955.0,583.0,512,4104,3180363,3180363,3184468,JobState.COMPLETED,1.0,0,0,0,176.53061224489687,176.53061224489795,370934595.91836506
jid_683660,60440.0,29.0,48,13,3184668,3184668,3184682,JobState.COMPLETED,1.0,0,0,0,176.53061224489795,176.53061224489795,110155.10204081632
jid_683668,60434.0,200.0,640,858,3184077,3184077,3184936,JobState.COMPLETED,0.5805782267056937,0,0,0,125.17284408641137,125.17284408641146,68734912.14473021
jid_683692,60460.0,327.0,32,13,3185180,3185180,3185194,JobState.COMPLETED,0.5572413125168035,0,0,0,122.31526275715963,122.31526275715963,50883.149306978405
jid_683694,60461.0,327.0,32,18,3185180,3185180,3185199,JobState.COMPLETED,0.5562111912219837,0,0,0,122.18912545575311,122.18912545575311,70380.93626251379
jid_683691,60459.0,327.0,32,17,3185182,3185182,3185200,JobState.COMPLETED,0.564173343365173,0,0,0,123.16408286104159,123.16408286104159,67001.26107640662
jid_683687,60455.0,327.0,32,18,3185182,3185182,3185201,JobState.COMPLETED,0.5636142593855987,0,0,0,123.09562359823659,123.09562359823659,70903.07919258428
jid_683690,60458.0,327.0,32,21,3185181,3185181,3185203,JobState.COMPLETED,0.5610729846307988,0,0,0,122.78444709764885,122.78444709764884,82511.14844962003
jid_683701,60459.0,327.0,32,5,3185426,3185426,3185432,JobState.COMPLETED,1.0,0,0,0,176.53061224489795,176.53061224489795,28244.897959183672
jid_683711,60460.0,327.0,32,10,3185425,3185425,3185436,JobState.COMPLETED,0.5669274287415726,0,0,0,123.50131780509052,123.50131780509052,39520.42169762897
jid_683717,60458.0,327.0,32,11,3185425,3185425,3185437,JobState.COMPLETED,0.5651439751726539,0,0,0,123.28293573542702,123.28293573542702,43395.59337887031
jid_683716,60443.0,327.0,32,10,3185426,3185426,3185437,JobState.COMPLETED,0.5651397062952599,0,0,0,123.28241301574612,123.28241301574612,39450.37216503876
jid_683710,60446.0,327.0,32,11,3185427,3185427,3185439,JobState.COMPLETED,0.5650097924951362,0,0,0,123.26650520348606,123.26650520348606,43389.80983162709
jid_683712,60451.0,327.0,32,13,3185426,3185426,3185440,JobState.COMPLETED,0.5652821966154535,0,0,0,123.29986081005555,123.29986081005555,51292.74209698311
jid_683726,60404.0,56.0,1975,1055,3184509,3184509,3185565,JobState.COMPLETED,0.569783189239204,0,0,0,123.85100276398447,123.85100276398416,258059045.63410714
jid_683727,34.0,485.0,15,161,3185429,3185429,3185591,JobState.COMPLETED,1.0,0,0,0,176.53061224489795,176.53061224489795,426321.4285714285
jid_683670,301.0,549.0,385,8829,3176178,3176819,3185649,JobState.COMPLETED,1.0,0,0,0,176.53061224489656,176.53061224489795,600056678.5714238
jid_683739,111.0,65.0,200,1906,3184356,3184356,3186263,JobState.COMPLETED,1.0,0,0,0,176.5306122448983,176.53061224489795,67293469.38775523
jid_683740,55929.0,136.0,2,6678,3179717,3179717,3186396,JobState.COMPLETED,1.0,0,0,0,176.5306122448967,176.53061224489795,2357742.8571428405
jid_683743,59254.0,327.0,32,2003,3184444,3184444,3186448,JobState.COMPLETED,0.8762515568051407,0,0,0,161.3777416496087,161.37774164960908,10343667.72877332
jid_683750,55929.0,136.0,2,32,3186537,3186537,3186570,JobState.COMPLETED,1.0,0,0,0,176.53061224489795,176.53061224489795,11297.959183673469
jid_683760,301.0,549.0,385,17632,3169271,3169271,3186904,JobState.COMPLETED,1.0,0,0,0,176.5306122448945,176.53061224489795,1198346285.7142625
jid_683768,60464.0,263.0,8,1249,3185864,3185864,3187114,JobState.COMPLETED,1.0,0,0,0,176.53061224489772,176.53061224489795,1763893.877551018
jid_683790,60460.0,327.0,32,1995,3185266,3185266,3187262,JobState.COMPLETED,0.8715576585199434,0,0,0,160.80297859427833,160.80297859427878,10265662.15345873
jid_683772,60446.0,327.0,32,1995,3185269,3185269,3187265,JobState.COMPLETED,0.8700342839993899,0,0,0,160.61644293869998,160.6164429387008,10253753.717206607
jid_683778,60458.0,327.0,32,2001,3185267,3185267,3187269,JobState.COMPLETED,0.8730871603049842,0,0,0,160.9902645271404,160.99026452714094,10308528.618201854
jid_683781,60459.0,327.0,32,2001,3185268,3185268,3187270,JobState.COMPLETED,0.8717127090017932,0,0,0,160.8219643675659,160.82196436756652,10297752.02238398
jid_683777,60448.0,327.0,32,2004,3185267,3185267,3187272,JobState.COMPLETED,0.8842182156411962,0,0,0,162.3532508948408,162.35325089484036,10411389.273384351
jid_683796,55929.0,136.0,2,5692,3181826,3181826,3187519,JobState.COMPLETED,1.0,0,0,0,176.53061224489676,176.53061224489795,2009624.4897959046
jid_683797,60445.0,327.0,32,1998,3185523,3185523,3187522,JobState.COMPLETED,0.8847036328461373,0,0,0,162.41268973626205,162.4126897362617,10384017.73097765
jid_683810,60461.0,327.0,32,2002,3185523,3185523,3187526,JobState.COMPLETED,0.8847219628553065,0,0,0,162.414934227181,162.4149342271804,10404950.346330123
jid_683808,60453.0,327.0,32,2001,3185524,3185524,3187526,JobState.COMPLETED,0.8842348918465203,0,0,0,162.35529287916523,162.35529287916572,10395934.113638708
jid_683805,60459.0,327.0,32,2003,3185525,3185525,3187529,JobState.COMPLETED,0.8845569887878263,0,0,0,162.3947333209581,162.39473332095832,10408852.82694013
jid_683812,60454.0,327.0,32,2005,3185525,3185525,3187531,JobState.COMPLETED,0.8838245895568629,0,0,0,162.30505178247336,162.30505178247302,10413492.122363491
jid_683819,60458.0,327.0,32,1994,3185586,3185586,3187581,JobState.COMPLETED,0.8703791718814982,0,0,0,160.658674107938,160.65867410793854,10251308.677479308
jid_683823,60460.0,327.0,32,1998,3185586,3185586,3187585,JobState.COMPLETED,0.8844347134372108,0,0,0,162.379760829047,162.3797608290462,10381912.388365949
jid_683827,60459.0,327.0,32,1996,3185588,3185588,3187585,JobState.COMPLETED,0.8687435012581842,0,0,0,160.45838790916585,160.45838790916542,10248798.15253424
jid_683838,60446.0,327.0,32,2004,3185588,3185588,3187593,JobState.COMPLETED,0.8844138919631639,0,0,0,162.3772112607951,162.37721126079558,10412925.803732269
jid_683851,60371.0,586.0,12,20670,3167085,3167085,3187756,JobState.COMPLETED,1.0,0,0,0,176.53061224489352,176.53061224489795,43786653.06122339
jid_683873,55929.0,136.0,2,6502,3181697,3181697,3188200,JobState.COMPLETED,1.0,0,0,0,176.53061224489673,176.53061224489795,2295604.081632637
jid_683887,55929.0,136.0,2,6638,3181694,3181694,3188333,JobState.COMPLETED,1.0,0,0,0,176.5306122448967,176.53061224489795,2343620.4081632486
jid_683889,55929.0,136.0,2,6310,3182202,3182202,3188513,JobState.COMPLETED,1.0,0,0,0,176.53061224489673,176.53061224489795,2227816.3265305967
jid_683903,55929.0,136.0,2,6725,3182080,3182080,3188806,JobState.COMPLETED,1.0,0,0,0,176.5306122448967,176.53061224489795,2374336.7346938606
jid_683922,55949.0,580.0,12,4,3189349,3189349,3189354,JobState.COMPLETED,1.0,0,0,0,176.53061224489795,176.53061224489795,8473.469387755102
jid_683921,60423.0,54.0,2816,3970,3185207,3185565,3189536,JobState.COMPLETED,1.0,0,0,0,176.53061224489784,176.53061224489795,1973527510.20408
jid_683912,37383.0,75.0,432,10,3188971,3189536,3189547,JobState.COMPLETED,1.0,0,0,0,176.53061224489795,176.53061224489795,762612.2448979592
jid_683885,55929.0,136.0,2,13,3188469,3189536,3189550,JobState.COMPLETED,1.0,0,0,0,176.53061224489795,176.53061224489795,4589.7959183673465
jid_683910,55929.0,136.0,2,33,3188839,3189536,3189570,JobState.COMPLETED,1.0,0,0,0,176.53061224489795,176.53061224489795,11651.020408163266
jid_683893,55929.0,136.0,2,36,3188593,3189536,3189573,JobState.COMPLETED,1.0,0,0,0,176.53061224489795,176.53061224489795,12710.204081632652
jid_683894,55929.0,136.0,2,36,3188594,3189536,3189573,JobState.COMPLETED,1.0,0,0,0,176.53061224489795,176.53061224489795,12710.204081632652
jid_683915,37651.0,75.0,432,82,3189060,3189547,3189630,JobState.COMPLETED,1.0,0,0,0,176.53061224489795,176.53061224489795,6253420.408163265
jid_683914,37383.0,75.0,432,80,3189060,3189630,3189711,JobState.COMPLETED,1.0,0,0,0,176.53061224489795,176.53061224489795,6100897.959183673
jid_683869,43.999999999992724,554.0,4096,644,3187409,3189536,3190181,JobState.COMPLETED,1.0,0,0,0,176.53061224489812,176.53061224489795,465656685.71428615
jid_683979,60437.0,200.0,640,8167,3184077,3184077,3192245,JobState.COMPLETED,0.7898769323347078,0,0,0,150.8012570205764,150.80125702057646,788220074.2957103
jid_683981,60437.0,200.0,640,8322,3183960,3183960,3192283,JobState.COMPLETED,0.7881758546267621,0,0,0,150.59296179103217,150.5929617910321,802070161.9359806
jid_683980,34.0,529.0,160,35285,3157026,3157026,3192312,JobState.COMPLETED,1.0,0,0,0,176.53061224489915,176.53061224489795,996621224.4898026
jid_684061,108.0,519.0,4,8,3192663,3192663,3192672,JobState.COMPLETED,1.0,0,0,0,176.53061224489795,176.53061224489795,5648.9795918367345
jid_683993,60425.0,200.0,640,8864,3184077,3184077,3192942,JobState.COMPLETED,0.785608311262922,0,0,0,150.27856872607225,150.27856872607208,852524309.2402588
jid_684131,54118.0,596.0,1,3740,3188477,3189630,3193371,JobState.COMPLETED,1.0,0,0,0,176.5306122448969,176.53061224489795,660224.4897959144
jid_684120,54110.0,596.0,1,3744,3188476,3189630,3193375,JobState.COMPLETED,1.0,0,0,0,176.5306122448969,176.53061224489795,660930.612244894
jid_684135,54113.0,596.0,1,3966,3188476,3189630,3193597,JobState.COMPLETED,1.0,0,0,0,176.53061224489687,176.53061224489795,700120.408163261
jid_684131,54117.0,596.0,1,3971,3188477,3189630,3193602,JobState.COMPLETED,1.0,0,0,0,176.53061224489687,176.53061224489795,701003.0612244855
jid_684145,54101.0,596.0,1,4278,3188281,3189630,3193909,JobState.COMPLETED,1.0,0,0,0,176.53061224489684,176.53061224489795,755197.9591836687
jid_684148,54097.0,596.0,1,4279,3188281,3189630,3193910,JobState.COMPLETED,1.0,0,0,0,176.53061224489684,176.53061224489795,755374.4897959136
jid_684082,60440.0,29.0,48,370,3193736,3193736,3194107,JobState.COMPLETED,1.0,0,0,0,176.5306122448978,176.53061224489795,3135183.673469385
jid_679234,60310.0,200.0,640,10051,3184077,3184077,3194129,JobState.COMPLETED,0.7876843531316026,0,0,0,150.53277793448106,150.53277793448197,968323168.6524603
jid_681163,14997.0,393.0,15,295,3193930,3193930,3194226,JobState.COMPLETED,0.533400026090066,0,0,0,119.39592156204888,119.39592156204888,528326.9529120662
jid_684013,60473.0,556.0,6,4,3194786,3194786,3194791,JobState.COMPLETED,1.0,0,0,0,176.53061224489795,176.53061224489795,4236.734693877551
jid_684083,60476.0,29.0,1,1568,3194100,3194100,3195669,JobState.COMPLETED,1.0,0,0,0,176.53061224489747,176.53061224489795,276799.99999999924
jid_684036,55988.0,533.0,10,232,3195607,3195607,3195840,JobState.COMPLETED,1.0,0,0,0,176.53061224489795,176.53061224489795,409551.02040816325
jid_684147,54115.0,596.0,1,6715,3188284,3189630,3196346,JobState.COMPLETED,1.0,0,0,0,176.5306122448967,176.53061224489795,1185403.0612244813
jid_684133,54095.0,596.0,1,7172,3188473,3189630,3196803,JobState.COMPLETED,1.0,0,0,0,176.5306122448967,176.53061224489795,1266077.5510203992
jid_684134,54123.0,596.0,1,7226,3188478,3189630,3196857,JobState.COMPLETED,1.0,0,0,0,176.5306122448967,176.53061224489795,1275610.2040816236
jid_684049,376.0,159.0,30,6575,3190792,3190792,3197368,JobState.COMPLETED,1.0,0,0,0,176.53061224489605,176.53061224489795,34820663.26530574
jid_684049,376.0,159.0,30,6601,3190792,3190792,3197394,JobState.COMPLETED,1.0,0,0,0,176.53061224489605,176.53061224489795,34958357.14285676
jid_684051,1267.0,577.0,60,15530,3182111,3182111,3197642,JobState.COMPLETED,1.0,0,0,0,176.5306122448935,176.53061224489795,164491224.48979175
jid_684049,376.0,159.0,30,6946,3190792,3190792,3197739,JobState.COMPLETED,1.0,0,0,0,176.53061224489582,176.53061224489795,36785448.97959139
jid_684049,376.0,159.0,30,6949,3190792,3190792,3197742,JobState.COMPLETED,1.0,0,0,0,176.53061224489582,176.53061224489795,36801336.73469343
jid_684049,376.0,159.0,30,7105,3190792,3190792,3197898,JobState.COMPLETED,1.0,0,0,0,176.5306122448957,176.53061224489795,37627499.999999516
jid_684049,376.0,159.0,30,7161,3190792,3190792,3197954,JobState.COMPLETED,1.0,0,0,0,176.53061224489568,176.53061224489795,37924071.42857094
jid_684049,376.0,159.0,30,7192,3190792,3190792,3197985,JobState.COMPLETED,1.0,0,0,0,176.53061224489568,176.53061224489795,38088244.897958696
jid_684049,376.0,159.0,30,7244,3190792,3190792,3198037,JobState.COMPLETED,1.0,0,0,0,176.53061224489565,176.53061224489795,38363632.65306073
jid_684049,376.0,159.0,30,7445,3190792,3190792,3198238,JobState.COMPLETED,1.0,0,0,0,176.53061224489554,176.53061224489795,39428112.24489742
jid_684049,376.0,159.0,30,7470,3190792,3190792,3198263,JobState.COMPLETED,1.0,0,0,0,176.53061224489554,176.53061224489795,39560510.204081096
jid_684049,376.0,159.0,30,7621,3190792,3190792,3198414,JobState.COMPLETED,1.0,0,0,0,176.53061224489545,176.53061224489795,40360193.877550445
jid_684049,376.0,159.0,30,7712,3190792,3190792,3198505,JobState.COMPLETED,1.0,0,0,0,176.53061224489542,176.53061224489795,40842122.448979005
jid_684071,58037.0,527.0,8,659,3198045,3198045,3198705,JobState.COMPLETED,1.0,0,0,0,176.53061224489812,176.53061224489795,930669.387755103
jid_682556,55674.0,60.0,32,29018,3169732,3169732,3198751,JobState.COMPLETED,0.6592399022940051,0,0,0,134.80488599518176,134.8048859951843,125176581.8178619
jid_684049,376.0,159.0,30,7973,3190792,3190792,3198766,JobState.COMPLETED,1.0,0,0,0,176.53061224489528,176.53061224489795,42224357.14285651
jid_684049,376.0,159.0,30,8057,3190792,3190792,3198850,JobState.COMPLETED,1.0,0,0,0,176.53061224489522,176.53061224489795,42669214.28571363
jid_684049,376.0,159.0,30,8163,3190792,3190792,3198956,JobState.COMPLETED,1.0,0,0,0,176.5306122448952,176.53061224489795,43230581.63265238
jid_684049,376.0,159.0,30,8287,3190792,3190792,3199080,JobState.COMPLETED,1.0,0,0,0,176.53061224489514,176.53061224489795,43887275.510203384
jid_684049,376.0,159.0,30,8312,3190792,3190792,3199105,JobState.COMPLETED,1.0,0,0,0,176.53061224489514,176.53061224489795,44019673.469387054
jid_684049,376.0,159.0,30,8335,3190792,3190792,3199128,JobState.COMPLETED,1.0,0,0,0,176.5306122448951,176.53061224489795,44141479.59183602
jid_683855,1202.0,119.0,32,25318,3173812,3173812,3199131,JobState.COMPLETED,1.0,0,0,0,176.53061224490682,176.53061224489795,143020865.30612963
jid_684049,376.0,159.0,30,8420,3190792,3190792,3199213,JobState.COMPLETED,1.0,0,0,0,176.53061224489508,176.53061224489795,44591632.653060496
jid_684049,376.0,159.0,30,8465,3190792,3190792,3199258,JobState.COMPLETED,1.0,0,0,0,176.53061224489508,176.53061224489795,44829948.97959111
jid_684049,376.0,159.0,30,8504,3190792,3190792,3199297,JobState.COMPLETED,1.0,0,0,0,176.53061224489505,176.53061224489795,45036489.79591763
jid_684065,1267.0,577.0,60,21629,3177674,3177674,3199304,JobState.COMPLETED,1.0,0,0,0,176.53061224489298,176.53061224489795,229090836.73468742
jid_684049,376.0,159.0,30,8530,3190792,3190792,3199323,JobState.COMPLETED,1.0,0,0,0,176.53061224489505,176.53061224489795,45174183.67346864
jid_684049,376.0,159.0,30,8626,3190792,3190792,3199419,JobState.COMPLETED,1.0,0,0,0,176.53061224489502,176.53061224489795,45682591.83673394
jid_684049,376.0,159.0,30,8708,3190792,3190792,3199501,JobState.COMPLETED,1.0,0,0,0,176.530612244895,176.53061224489795,46116857.14285637
jid_684049,376.0,159.0,30,8756,3190792,3190792,3199549,JobState.COMPLETED,1.0,0,0,0,176.53061224489497,176.53061224489795,46371061.22448901
jid_684049,376.0,159.0,30,8886,3190792,3190792,3199679,JobState.COMPLETED,1.0,0,0,0,176.5306122448949,176.53061224489795,47059530.612244084
jid_684049,376.0,159.0,30,8897,3190792,3190792,3199690,JobState.COMPLETED,1.0,0,0,0,176.5306122448949,176.53061224489795,47117785.714284904
jid_684049,376.0,159.0,30,9045,3190792,3190792,3199838,JobState.COMPLETED,1.0,0,0,0,176.53061224489483,176.53061224489795,47901581.63265221
jid_684049,376.0,159.0,30,9116,3190792,3190792,3199909,JobState.COMPLETED,1.0,0,0,0,176.53061224489483,176.53061224489795,48277591.83673384
jid_684049,376.0,159.0,30,9125,3190792,3190792,3199918,JobState.COMPLETED,1.0,0,0,0,176.5306122448948,176.53061224489795,48325255.102039956
jid_684049,376.0,159.0,30,9138,3190792,3190792,3199931,JobState.COMPLETED,1.0,0,0,0,176.5306122448948,176.53061224489795,48394102.040815465
jid_684049,376.0,159.0,30,9159,3190792,3190792,3199952,JobState.COMPLETED,1.0,0,0,0,176.5306122448948,176.53061224489795,48505316.32652974
jid_684049,376.0,159.0,30,9234,3190792,3190792,3200027,JobState.COMPLETED,1.0,0,0,0,176.53061224489477,176.53061224489795,48902510.20408075
jid_684049,376.0,159.0,30,9447,3190792,3190792,3200240,JobState.COMPLETED,1.0,0,0,0,176.5306122448947,176.53061224489795,50030540.816325605
jid_682556,55673.0,60.0,32,30676,3169620,3169620,3200297,JobState.COMPLETED,0.6545445453023067,0,0,0,134.2299443227274,134.22994432273143,131764408.70540753
jid_684049,376.0,159.0,30,9564,3190792,3190792,3200357,JobState.COMPLETED,1.0,0,0,0,176.53061224489468,176.53061224489795,50650163.265305184
jid_684049,376.0,159.0,30,9600,3190792,3190792,3200393,JobState.COMPLETED,1.0,0,0,0,176.53061224489466,176.53061224489795,50840816.32652966
jid_684049,376.0,159.0,30,9619,3190792,3190792,3200412,JobState.COMPLETED,1.0,0,0,0,176.53061224489466,176.53061224489795,50941438.77550925
jid_684049,376.0,159.0,30,9644,3190792,3190792,3200437,JobState.COMPLETED,1.0,0,0,0,176.53061224489466,176.53061224489795,51073836.73469292
jid_684049,376.0,159.0,30,9751,3190792,3190792,3200544,JobState.COMPLETED,1.0,0,0,0,176.53061224489463,176.53061224489795,51640499.999999024
jid_684049,376.0,159.0,30,9851,3190792,3190792,3200644,JobState.COMPLETED,1.0,0,0,0,176.5306122448946,176.53061224489795,52170091.8367337
jid_684086,34.0,529.0,160,35231,3165477,3165477,3200709,JobState.COMPLETED,1.0,0,0,0,176.5306122448991,176.53061224489795,995096000.0000064
jid_684049,376.0,159.0,30,9939,3190792,3190792,3200732,JobState.COMPLETED,1.0,0,0,0,176.53061224489457,176.53061224489795,52636132.65306021
jid_684049,376.0,159.0,30,9957,3190792,3190792,3200750,JobState.COMPLETED,1.0,0,0,0,176.53061224489457,176.53061224489795,52731459.18367246
jid_684049,376.0,159.0,30,10014,3190792,3190792,3200807,JobState.COMPLETED,1.0,0,0,0,176.53061224489454,176.53061224489795,53033326.530611224
jid_684049,376.0,159.0,30,10089,3190792,3190792,3200882,JobState.COMPLETED,1.0,0,0,0,176.5306122448945,176.53061224489795,53430520.40816222
jid_684089,60475.0,583.0,512,617,3200275,3200275,3200893,JobState.COMPLETED,1.0,0,0,0,176.53061224489812,176.53061224489795,55766726.5306123
jid_684049,376.0,159.0,30,10196,3190792,3190792,3200989,JobState.COMPLETED,1.0,0,0,0,176.53061224489448,176.53061224489795,53997183.67346833
jid_684049,376.0,159.0,30,10206,3190792,3190792,3200999,JobState.COMPLETED,1.0,0,0,0,176.53061224489448,176.53061224489795,54050142.85714179
jid_684049,376.0,159.0,30,10235,3190792,3190792,3201028,JobState.COMPLETED,1.0,0,0,0,176.53061224489448,176.53061224489795,54203724.48979485
jid_684049,376.0,159.0,30,10299,3190792,3190792,3201092,JobState.COMPLETED,1.0,0,0,0,176.53061224489446,176.53061224489795,54542663.265305035
jid_684049,376.0,159.0,30,10332,3190792,3190792,3201125,JobState.COMPLETED,1.0,0,0,0,176.53061224489446,176.53061224489795,54717428.57142749
jid_684049,376.0,159.0,30,10415,3190792,3190792,3201208,JobState.COMPLETED,1.0,0,0,0,176.5306122448944,176.53061224489795,55156989.79591726
jid_684049,376.0,159.0,30,10493,3190792,3190792,3201286,JobState.COMPLETED,1.0,0,0,0,176.5306122448944,176.53061224489795,55570071.42857031
jid_684049,376.0,159.0,30,10521,3190792,3190792,3201314,JobState.COMPLETED,1.0,0,0,0,176.53061224489437,176.53061224489795,55718357.14285601
jid_684049,376.0,159.0,30,10574,3190792,3190792,3201367,JobState.COMPLETED,1.0,0,0,0,176.53061224489437,176.53061224489795,55999040.81632539
jid_684049,376.0,159.0,30,10617,3190792,3190792,3201410,JobState.COMPLETED,1.0,0,0,0,176.53061224489437,176.53061224489795,56226765.306121305
jid_684049,376.0,159.0,30,10687,3190792,3190792,3201480,JobState.COMPLETED,1.0,0,0,0,176.53061224489434,176.53061224489795,56597479.59183557
jid_669630,63180.0,60.0,32,31433,3170091,3170091,3201525,JobState.COMPLETED,0.645971888179379,0,0,0,133.18023120563973,133.18023120563825,133960134.63957995
jid_669628,62962.0,60.0,32,31562,3169980,3169980,3201543,JobState.COMPLETED,0.6451731775619609,0,0,0,133.0824299055419,133.08242990554623,134411124.88571882
jid_684049,376.0,159.0,30,10783,3190792,3190792,3201576,JobState.COMPLETED,1.0,0,0,0,176.53061224489431,176.53061224489795,57105887.75510086
jid_684049,376.0,159.0,30,10862,3190792,3190792,3201655,JobState.COMPLETED,1.0,0,0,0,176.53061224489431,176.53061224489795,57524265.30612126
jid_684127,39057.0,60.0,32,31302,3170384,3170384,3201687,JobState.COMPLETED,0.6485093799972813,0,0,0,133.4909444894701,133.49094448946303,133713073.42110059
jid_684049,376.0,159.0,30,10916,3190792,3190792,3201709,JobState.COMPLETED,1.0,0,0,0,176.5306122448943,176.53061224489795,57810244.89795798
jid_684130,60479.0,29.0,8,5007,3196845,3196845,3201853,JobState.COMPLETED,1.0,0,0,0,176.5306122448968,176.53061224489795,7071110.204081586
jid_684049,376.0,159.0,30,11070,3190792,3190792,3201863,JobState.COMPLETED,1.0,0,0,0,176.53061224489426,176.53061224489795,58625816.32652938
jid_684049,376.0,159.0,30,11078,3190792,3190792,3201871,JobState.COMPLETED,1.0,0,0,0,176.53061224489426,176.53061224489795,58668183.67346816
jid_684049,376.0,159.0,30,11127,3190792,3190792,3201920,JobState.COMPLETED,1.0,0,0,0,176.53061224489423,176.53061224489795,58927683.67346814
jid_684049,376.0,159.0,30,11190,3190792,3190792,3201983,JobState.COMPLETED,1.0,0,0,0,176.53061224489423,176.53061224489795,59261326.53061099
jid_684049,376.0,159.0,30,11191,3190792,3190792,3201984,JobState.COMPLETED,1.0,0,0,0,176.53061224489423,176.53061224489795,59266622.44897834
jid_684098,37655.0,75.0,432,5121,3196946,3196946,3202068,JobState.COMPLETED,1.0,0,0,0,176.5306122448976,176.53061224489795,390533730.6122441
jid_669630,63292.0,60.0,32,32021,3170091,3170091,3202113,JobState.COMPLETED,0.6470649093750145,0,0,0,133.3140705357107,133.31407053571607,136603195.28396776
jid_684049,376.0,159.0,30,11376,3190792,3190792,3202169,JobState.COMPLETED,1.0,0,0,0,176.5306122448942,176.53061224489795,60246367.34693749
jid_684127,39834.0,60.0,32,31791,3170385,3170385,3202177,JobState.COMPLETED,0.6457858366937579,0,0,0,133.15744939107486,133.1574493910724,135462671.15493315
jid_684049,376.0,159.0,30,11529,3190792,3190792,3202322,JobState.COMPLETED,1.0,0,0,0,176.53061224489414,176.53061224489795,61056642.85714154
jid_684049,376.0,159.0,30,11714,3190792,3190792,3202507,JobState.COMPLETED,1.0,0,0,0,176.53061224489412,176.53061224489795,62036387.75510069
jid_684049,376.0,159.0,30,11949,3190792,3190792,3202742,JobState.COMPLETED,1.0,0,0,0,176.5306122448941,176.53061224489795,63280928.57142718
jid_684049,376.0,159.0,30,12099,3190792,3190792,3202892,JobState.COMPLETED,1.0,0,0,0,176.53061224489406,176.53061224489795,64075316.32652919
jid_684049,376.0,159.0,30,12135,3190792,3190792,3202928,JobState.COMPLETED,1.0,0,0,0,176.53061224489403,176.53061224489795,64265969.38775367
jid_684049,376.0,159.0,30,12141,3190792,3190792,3202934,JobState.COMPLETED,1.0,0,0,0,176.53061224489403,176.53061224489795,64297744.89795776
jid_684049,376.0,159.0,30,12412,3190792,3190792,3203205,JobState.COMPLETED,1.0,0,0,0,176.530612244894,176.53061224489795,65732938.77550873
jid_684049,376.0,159.0,30,12429,3190792,3190792,3203222,JobState.COMPLETED,1.0,0,0,0,176.53061224489394,176.53061224489795,65822969.387753606
jid_684049,376.0,159.0,30,12497,3190792,3190792,3203290,JobState.COMPLETED,1.0,0,0,0,176.53061224489394,176.53061224489795,66183091.83673319
jid_684049,376.0,159.0,30,12562,3190792,3190792,3203355,JobState.COMPLETED,1.0,0,0,0,176.53061224489394,176.53061224489795,66527326.53061073
jid_684049,376.0,159.0,30,12587,3190792,3190792,3203380,JobState.COMPLETED,1.0,0,0,0,176.53061224489392,176.53061224489795,66659724.489794396
jid_684049,376.0,159.0,30,12906,3190792,3190792,3203699,JobState.COMPLETED,1.0,0,0,0,176.5306122448939,176.53061224489795,68349122.44897802
jid_684049,376.0,159.0,30,13021,3190792,3190792,3203814,JobState.COMPLETED,1.0,0,0,0,176.53061224489386,176.53061224489795,68958153.0612229
jid_684118,37651.0,75.0,432,799,3203086,3203086,3203886,JobState.COMPLETED,1.0,0,0,0,176.53061224489807,176.53061224489795,60932718.36734697
jid_684049,376.0,159.0,30,13220,3190792,3190792,3204013,JobState.COMPLETED,1.0,0,0,0,176.53061224489383,176.53061224489795,70012040.81632489
jid_684049,376.0,159.0,30,13598,3190792,3190792,3204391,JobState.COMPLETED,1.0,0,0,0,176.53061224489377,176.53061224489795,72013897.95918196
jid_684049,376.0,159.0,30,13859,3190792,3190792,3204652,JobState.COMPLETED,1.0,0,0,0,176.53061224489372,176.53061224489795,73396132.65305947
jid_684049,376.0,159.0,30,13864,3190792,3190792,3204657,JobState.COMPLETED,1.0,0,0,0,176.53061224489372,176.53061224489795,73422612.2448962
jid_684092,55993.0,119.0,32,3323,3201441,3201441,3204765,JobState.COMPLETED,1.0,0,0,0,176.53061224489696,176.53061224489795,18771559.183673363
jid_684049,376.0,159.0,30,14181,3190792,3190792,3204974,JobState.COMPLETED,1.0,0,0,0,176.5306122448937,176.53061224489795,75101418.36734512
jid_684049,376.0,159.0,30,14182,3190792,3190792,3204975,JobState.COMPLETED,1.0,0,0,0,176.5306122448937,176.53061224489795,75106714.28571247
jid_684049,376.0,159.0,30,14493,3190792,3190792,3205286,JobState.COMPLETED,1.0,0,0,0,176.53061224489363,176.53061224489795,76753744.89795731
jid_684049,376.0,159.0,30,14614,3190792,3190792,3205407,JobState.COMPLETED,1.0,0,0,0,176.53061224489363,176.53061224489795,77394551.02040626
jid_684049,376.0,159.0,30,14704,3190792,3190792,3205497,JobState.COMPLETED,1.0,0,0,0,176.5306122448936,176.53061224489795,77871183.67346747
jid_684049,376.0,159.0,30,14711,3190792,3190792,3205504,JobState.COMPLETED,1.0,0,0,0,176.5306122448936,176.53061224489795,77908255.10203889
jid_684049,376.0,159.0,30,14739,3190792,3190792,3205532,JobState.COMPLETED,1.0,0,0,0,176.5306122448936,176.53061224489795,78056540.8163246
jid_684049,376.0,159.0,30,15158,3190792,3190792,3205951,JobState.COMPLETED,1.0,0,0,0,176.53061224489355,176.53061224489795,80275530.61224289
jid_684140,34.0,93.0,164,49163,3157236,3157236,3206400,JobState.COMPLETED,1.0,0,0,0,176.530612244907,176.53061224489795,1423319016.3266034
jid_684000,59081.0,191.0,10,105218,3088371,3101446,3206665,JobState.COMPLETED,1.0,0,0,0,176.5306122448637,176.53061224489795,185741979.5918007
jid_684134,60481.0,596.0,1,17237,3188477,3189630,3206868,JobState.COMPLETED,1.0,0,0,0,176.53061224490486,176.53061224489795,3042858.1632654252
jid_684135,60471.0,596.0,1,17273,3188476,3189630,3206904,JobState.COMPLETED,1.0,0,0,0,176.53061224490486,176.53061224489795,3049213.265306242
jid_684136,60469.0,596.0,1,17289,3188475,3189630,3206920,JobState.COMPLETED,1.0,0,0,0,176.53061224490486,176.53061224489795,3052037.75510216
jid_684133,54092.0,596.0,1,18108,3188472,3189630,3207739,JobState.COMPLETED,1.0,0,0,0,176.53061224490514,176.53061224489795,3196616.3265307425
jid_669630,62807.0,60.0,32,37776,3170090,3170090,3207867,JobState.COMPLETED,0.620764231917978,0,0,0,130.09357941853523,130.09357941852792,157261281.79566678
jid_684145,60470.0,596.0,1,18543,3188281,3189630,3208174,JobState.COMPLETED,1.0,0,0,0,176.53061224490529,176.53061224489795,3273407.1428572787
jid_684146,60468.0,596.0,1,18544,3188283,3189630,3208175,JobState.COMPLETED,1.0,0,0,0,176.53061224490529,176.53061224489795,3273583.6734695234
jid_684049,376.0,159.0,30,17413,3190792,3190792,3208206,JobState.COMPLETED,1.0,0,0,0,176.5306122448933,176.53061224489795,92217826.53060982
jid_684147,60471.0,596.0,1,18610,3188283,3189630,3208241,JobState.COMPLETED,1.0,0,0,0,176.5306122449053,176.53061224489795,3285234.6938776877
jid_684148,60467.0,596.0,1,18621,3188280,3189630,3208252,JobState.COMPLETED,1.0,0,0,0,176.5306122449053,176.53061224489795,3287176.5306123816
jid_684049,376.0,159.0,30,17486,3190792,3190792,3208279,JobState.COMPLETED,1.0,0,0,0,176.5306122448933,176.53061224489795,92604428.57142612
jid_684149,60469.0,596.0,1,18700,3188282,3189630,3208331,JobState.COMPLETED,1.0,0,0,0,176.53061224490534,176.53061224489795,3301122.44897973
jid_684049,376.0,159.0,30,18113,3190792,3190792,3208906,JobState.COMPLETED,1.0,0,0,0,176.53061224489323,176.53061224489795,95924969.38775253
jid_684147,54112.0,596.0,1,19625,3188283,3189630,3209256,JobState.COMPLETED,1.0,0,0,0,176.5306122449056,176.53061224489795,3464413.2653062725
jid_684149,54104.0,596.0,1,19684,3188282,3189630,3209315,JobState.COMPLETED,1.0,0,0,0,176.53061224490563,176.53061224489795,3474828.5714287222
jid_684049,376.0,159.0,30,20074,3190792,3190792,3210867,JobState.COMPLETED,1.0,0,0,0,176.5306122448931,176.53061224489795,106310265.30611952
jid_684049,376.0,159.0,30,20115,3190792,3190792,3210908,JobState.COMPLETED,1.0,0,0,0,176.5306122448931,176.53061224489795,106527397.95918073
jid_684049,376.0,159.0,30,20233,3190792,3190792,3211026,JobState.COMPLETED,1.0,0,0,0,176.5306122448931,176.53061224489795,107152316.32652766
jid_684164,55993.0,119.0,32,3870,3207457,3207457,3211328,JobState.COMPLETED,1.0,0,0,0,176.5306122448969,176.53061224489795,21861551.02040803
jid_684165,108.0,536.0,79,102635,3109104,3109104,3211740,JobState.COMPLETED,1.0,0,0,0,176.53061224487809,176.53061224489795,1431339331.6324918
jid_684049,376.0,159.0,30,21913,3190792,3190792,3212706,JobState.COMPLETED,1.0,0,0,0,176.53061224489295,176.53061224489795,116049459.18367018
jid_684186,108.0,532.0,128,34696,3182720,3182720,3217417,JobState.COMPLETED,1.0,0,0,0,176.53061224489954,176.53061224489795,783987983.6734765
jid_684241,60385.0,248.0,432,19338,3201357,3201357,3220696,JobState.COMPLETED,1.0,0,0,0,176.53061224489633,176.53061224489795,1474739559.18366
jid_684243,276.0,130.0,2,3,3221339,3221339,3221343,JobState.COMPLETED,1.0,0,0,0,176.53061224489795,176.53061224489795,1059.1836734693877
jid_684380,276.0,130.0,2,3,3224846,3224846,3224850,JobState.COMPLETED,1.0,0,0,0,176.53061224489795,176.53061224489795,1059.1836734693877
jid_684385,60485.0,148.0,512,5325,3219634,3219634,3224960,JobState.COMPLETED,1.0,0,0,0,176.5306122448968,176.53061224489795,481293061.2244866
jid_684403,59199.0,43.0,24,11,3229272,3229272,3229284,JobState.COMPLETED,1.0,0,0,0,176.53061224489795,176.53061224489795,46604.08163265306
jid_684408,41142.0,54.0,192,10,3230020,3230020,3230031,JobState.COMPLETED,0.5743844375709942,0,0,0,124.41442092706053,124.41442092706053,238875.68817995623
jid_675917,56413.0,533.0,80,34698,3195731,3195731,3230430,JobState.COMPLETED,1.0,0,0,0,176.53061224489872,176.53061224489795,490020734.6938796
jid_684445,55952.0,191.0,1,15,3230831,3230831,3230847,JobState.COMPLETED,1.0,0,0,0,176.53061224489795,176.53061224489795,2647.9591836734694
jid_684429,55952.0,191.0,1,15,3230832,3230832,3230848,JobState.COMPLETED,1.0,0,0,0,176.53061224489795,176.53061224489795,2647.9591836734694
jid_684423,55952.0,191.0,1,14,3230833,3230833,3230848,JobState.COMPLETED,1.0,0,0,0,176.53061224489795,176.53061224489795,2471.4285714285716
jid_684447,55952.0,191.0,1,16,3230832,3230832,3230849,JobState.COMPLETED,1.0,0,0,0,176.53061224489795,176.53061224489795,2824.4897959183672
jid_684432,55952.0,191.0,1,15,3230833,3230833,3230849,JobState.COMPLETED,1.0,0,0,0,176.53061224489795,176.53061224489795,2647.9591836734694
jid_684442,55952.0,191.0,1,15,3230834,3230834,3230850,JobState.COMPLETED,1.0,0,0,0,176.53061224489795,176.53061224489795,2647.9591836734694
jid_684476,55952.0,191.0,1,15,3231135,3231135,3231151,JobState.COMPLETED,1.0,0,0,0,176.53061224489795,176.53061224489795,2647.9591836734694
jid_684495,55952.0,191.0,1,16,3231136,3231136,3231153,JobState.COMPLETED,1.0,0,0,0,176.53061224489795,176.53061224489795,2824.4897959183672
jid_684489,55952.0,191.0,1,16,3231136,3231136,3231153,JobState.COMPLETED,1.0,0,0,0,176.53061224489795,176.53061224489795,2824.4897959183672
jid_684482,55952.0,191.0,1,15,3231137,3231137,3231153,JobState.COMPLETED,1.0,0,0,0,176.53061224489795,176.53061224489795,2647.9591836734694
jid_684477,55952.0,191.0,1,15,3231137,3231137,3231153,JobState.COMPLETED,1.0,0,0,0,176.53061224489795,176.53061224489795,2647.9591836734694
jid_684488,55952.0,191.0,1,17,3231138,3231138,3231156,JobState.COMPLETED,1.0,0,0,0,176.53061224489795,176.53061224489795,3001.020408163265
jid_684486,55952.0,191.0,1,16,3231145,3231145,3231162,JobState.COMPLETED,1.0,0,0,0,176.53061224489795,176.53061224489795,2824.4897959183672
jid_684536,55952.0,191.0,1,15,3231157,3231157,3231173,JobState.COMPLETED,1.0,0,0,0,176.53061224489795,176.53061224489795,2647.9591836734694
jid_684505,55952.0,191.0,1,17,3231157,3231157,3231175,JobState.COMPLETED,1.0,0,0,0,176.53061224489795,176.53061224489795,3001.020408163265
jid_684515,55952.0,191.0,1,17,3231159,3231159,3231177,JobState.COMPLETED,1.0,0,0,0,176.53061224489795,176.53061224489795,3001.020408163265
jid_684518,55952.0,191.0,1,16,3231160,3231160,3231177,JobState.COMPLETED,1.0,0,0,0,176.53061224489795,176.53061224489795,2824.4897959183672
jid_684511,55952.0,191.0,1,14,3231166,3231166,3231181,JobState.COMPLETED,1.0,0,0,0,176.53061224489795,176.53061224489795,2471.4285714285716
jid_684520,55952.0,191.0,1,15,3231167,3231167,3231183,JobState.COMPLETED,1.0,0,0,0,176.53061224489795,176.53061224489795,2647.9591836734694
jid_684532,55952.0,191.0,1,17,3231166,3231166,3231184,JobState.COMPLETED,1.0,0,0,0,176.53061224489795,176.53061224489795,3001.020408163265
jid_684529,55952.0,191.0,1,16,3231167,3231167,3231184,JobState.COMPLETED,1.0,0,0,0,176.53061224489795,176.53061224489795,2824.4897959183672
jid_684525,55952.0,191.0,1,16,3231167,3231167,3231184,JobState.COMPLETED,1.0,0,0,0,176.53061224489795,176.53061224489795,2824.4897959183672
jid_684549,55993.0,119.0,15,4466,3226978,3226978,3231445,JobState.COMPLETED,1.0,0,0,0,176.53061224489815,176.53061224489795,11825785.714285728
jid_684551,301.0,549.0,385,46,3231430,3231430,3231477,JobState.COMPLETED,1.0,0,0,0,176.53061224489795,176.53061224489795,3126357.1428571427
jid_684575,301.0,534.0,8,8,3233834,3233834,3233843,JobState.COMPLETED,1.0,0,0,0,176.53061224489795,176.53061224489795,11297.959183673469
jid_675917,55988.0,533.0,80,38682,3195728,3195728,3234411,JobState.COMPLETED,1.0,0,0,0,176.5306122449012,176.53061224489795,546284571.4285814
jid_684604,60498.0,526.0,1,1387,3234175,3234175,3235563,JobState.COMPLETED,1.0,0,0,0,176.5306122448976,176.53061224489795,244847.959183673
jid_684605,55988.0,533.0,40,3979,3231640,3231640,3235620,JobState.COMPLETED,1.0,0,0,0,176.5306122448991,176.53061224489795,28096612.244898137
jid_684600,37651.0,75.0,432,780,3234649,3235620,3236401,JobState.COMPLETED,1.0,0,0,0,176.53061224489807,176.53061224489795,59483755.10204086
jid_684591,60496.0,586.0,12,3,3234949,3236401,3236405,JobState.COMPLETED,1.0,0,0,0,176.53061224489795,176.53061224489795,6355.102040816326
jid_684630,37653.0,75.0,432,1853,3234649,3234649,3236503,JobState.COMPLETED,1.0,0,0,0,176.53061224489718,176.53061224489795,141312048.97959122
jid_684631,34.0,598.0,2,135,3236401,3236401,3236537,JobState.COMPLETED,0.5495491155517308,0,0,0,121.37336108796701,121.37336108796704,32770.80749375109
jid_684621,55975.0,544.0,25,424,3235690,3236401,3236826,JobState.COMPLETED,1.0,0,0,0,176.53061224489812,176.53061224489795,1871224.48979592
jid_684650,1267.0,577.0,60,11,3237039,3237039,3237051,JobState.COMPLETED,1.0,0,0,0,176.53061224489795,176.53061224489795,116510.20408163266
jid_684651,60501.0,530.0,1,49,3237018,3237018,3237068,JobState.COMPLETED,1.0,0,0,0,176.53061224489795,176.53061224489795,8650.0
jid_684656,60503.0,48.0,1,1655,3235703,3235703,3237359,JobState.COMPLETED,1.0,0,0,0,176.5306122448974,176.53061224489795,292158.1632653052
jid_684666,34.0,346.0,2,3,3237741,3237741,3237745,JobState.COMPLETED,1.0,0,0,0,176.53061224489795,176.53061224489795,1059.1836734693877
jid_684668,56002.0,551.0,10,38,3237717,3237717,3237756,JobState.COMPLETED,0.7010218381379199,0,0,0,139.92104140464326,139.92104140464326,53169.99573376444
jid_684671,34.0,346.0,2,2,3237967,3237967,3237970,JobState.COMPLETED,1.0,0,0,0,176.53061224489795,176.53061224489795,706.1224489795918
jid_684675,40861.0,191.0,6,46,3238020,3238020,3238067,JobState.COMPLETED,1.0,0,0,0,176.53061224489795,176.53061224489795,48722.448979591834
jid_684696,60417.0,591.0,384,16331,3222318,3222318,3238650,JobState.COMPLETED,1.0,0,0,0,176.53061224489397,176.53061224489795,1107041828.5714035
jid_684703,1309.9999999999927,3.0,64,1678,3237172,3237172,3238851,JobState.COMPLETED,1.0,0,0,0,176.5306122448974,176.53061224489795,18957975.510204025
jid_684734,108.0,118.0,2,179,3239417,3239417,3239597,JobState.COMPLETED,0.5501922205800139,0,0,0,121.45210864245067,121.4521086424507,43479.85489399734
jid_684719,41379.0,341.0,255,967,3238408,3238650,3239618,JobState.COMPLETED,1.0,0,0,0,176.5306122448976,176.53061224489795,43529801.02040808
jid_684757,301.0,549.0,399,2390,3238190,3238190,3240581,JobState.COMPLETED,1.0,0,0,0,176.53061224489838,176.53061224489798,168341357.14285755
jid_684770,2.0,10.0,1,0,3241087,3241087,3241088,JobState.COMPLETED,1.0,0,0,0,176.53061224489795,176.53061224489795,0.0
jid_684784,301.0,534.0,8,3715,3238052,3238052,3241768,JobState.COMPLETED,1.0,0,0,0,176.5306122448969,176.53061224489795,5246489.795918336
jid_684786,338.0,393.0,102,24,3241759,3241759,3241784,JobState.COMPLETED,0.6331843906038522,0,0,0,131.6144151759819,131.6144151759819,322192.08835080365
jid_684800,60510.0,445.0,1,20,3242318,3242318,3242339,JobState.COMPLETED,1.0,0,0,0,176.53061224489795,176.53061224489795,3530.612244897959
jid_684832,55993.0,119.0,15,9231,3234766,3235620,3244852,JobState.COMPLETED,1.0,0,0,0,176.53061224489477,176.53061224489795,24443311.224489354
jid_684863,17312.0,200.0,54,48,3244906,3244906,3244955,JobState.COMPLETED,1.0,0,0,0,176.53061224489795,176.53061224489795,457567.3469387755
jid_684871,17.0,92.0,1,124,3245045,3245045,3245170,JobState.COMPLETED,1.0,0,0,0,176.5306122448979,176.53061224489795,21889.795918367337
jid_684873,17.0,92.0,1,248,3245064,3245064,3245313,JobState.COMPLETED,1.0,0,0,0,176.5306122448979,176.53061224489795,43779.591836734675
jid_684905,35356.0,375.0,1536,27818,3218763,3218763,3246582,JobState.COMPLETED,0.5687751791245487,0,0,0,123.72757295402697,123.72757295402637,5286687167.132347
jid_684905,35356.0,375.0,1536,27866,3218771,3218771,3246638,JobState.COMPLETED,0.5687074590574851,0,0,0,123.71928070090759,123.71928070091654,5295454427.15365
jid_684905,35356.0,375.0,1536,28023,3218766,3218766,3246790,JobState.COMPLETED,0.5683480711215886,0,0,0,123.67527401489235,123.67527401488842,5323395384.912888
jid_684898,35634.0,178.0,2048,286,3245971,3246582,3246869,JobState.COMPLETED,0.5937126234701797,0,0,0,126.78113756777705,126.78113756777711,74259262.14529891
jid_684913,60501.0,530.0,1,115,3246824,3246824,3246940,JobState.COMPLETED,1.0,0,0,0,176.53061224489792,176.53061224489795,20301.020408163262
jid_684755,29.0,23.0,2560,680,3239846,3246790,3247471,JobState.COMPLETED,0.5897808623153756,0,0,0,126.29969742637238,126.29969742637255,219862513.27982903
jid_684889,276.0,130.0,2,3,3245899,3247471,3247475,JobState.COMPLETED,1.0,0,0,0,176.53061224489795,176.53061224489795,1059.1836734693877
jid_684841,276.0,130.0,2,4,3244014,3247471,3247476,JobState.COMPLETED,1.0,0,0,0,176.53061224489795,176.53061224489795,1412.2448979591836
jid_684814,301.0,549.0,385,53,3243161,3247471,3247525,JobState.COMPLETED,1.0,0,0,0,176.53061224489792,176.53061224489795,3602107.142857142
jid_684807,29.0,23.0,2560,687,3242047,3246869,3247557,JobState.COMPLETED,0.5881496615182711,0,0,0,126.0999585532578,126.0999585532577,221774519.1067856
jid_684930,60501.0,530.0,1,111,3247270,3247471,3247583,JobState.COMPLETED,1.0,0,0,0,176.53061224489792,176.53061224489795,19594.89795918367
jid_684911,60515.0,263.0,8,58423,3188407,3189630,3248054,JobState.COMPLETED,1.0,0,0,0,176.5306122448806,176.53061224489795,82507583.67346127
jid_684956,57427.0,548.0,12,8587,3239602,3239602,3248190,JobState.COMPLETED,1.0,0,0,0,176.53061224489605,176.53061224489795,18190420.40816307
jid_684965,34.0,485.0,15,179,3248277,3248277,3248457,JobState.COMPLETED,1.0,0,0,0,176.53061224489795,176.53061224489795,473984.693877551
jid_684987,60727.0,262.0,2,1072,3247199,3247471,3248544,JobState.COMPLETED,0.6924711245217451,0,0,0,138.87401524756035,138.87401524756064,297745.8886907694
jid_684993,61134.0,262.0,2,1088,3247285,3247471,3248560,JobState.COMPLETED,0.6896103782827238,0,0,0,138.5237197897209,138.52371978972127,301427.6142624327
jid_685075,61471.0,262.0,2,1104,3247349,3247471,3248576,JobState.COMPLETED,0.6951928966795147,0,0,0,139.20729347096122,139.207293470961,307369.7039838824
jid_685037,60960.0,262.0,2,1115,3247249,3247471,3248587,JobState.COMPLETED,0.6932390005568319,0,0,0,138.96804088451023,138.96804088451,309898.7311724578
jid_685175,61126.0,262.0,2,1120,3247250,3247471,3248592,JobState.COMPLETED,0.6919037235952087,0,0,0,138.80453758308653,138.80453758308678,310922.1641861138
jid_685019,61390.0,262.0,2,1125,3247367,3247471,3248597,JobState.COMPLETED,0.6916040663324686,0,0,0,138.76784485703686,138.76784485703698,312227.65092833294
jid_684977,60933.0,262.0,2,1127,3247259,3247471,3248599,JobState.COMPLETED,0.6914569073471502,0,0,0,138.74982538944678,138.74982538944698,312742.10642781307
jid_685042,61432.0,262.0,2,1127,3247349,3247471,3248599,JobState.COMPLETED,0.6911949873675436,0,0,0,138.7177535552092,138.7177535552094,312669.81651344156
jid_684979,61338.0,262.0,2,1128,3247357,3247471,3248600,JobState.COMPLETED,0.6906835557350003,0,0,0,138.6551292736732,138.6551292736735,312805.9716414067
jid_684977,60729.0,262.0,2,1131,3247212,3247471,3248603,JobState.COMPLETED,0.6907512829398494,0,0,0,138.66342240079766,138.66342240079788,313656.6614706043
jid_684987,61132.0,262.0,2,1132,3247278,3247471,3248604,JobState.COMPLETED,0.6903669026227492,0,0,0,138.61635542319357,138.6163554231938,313827.42867811024
jid_685029,61380.0,262.0,2,1132,3247357,3247471,3248604,JobState.COMPLETED,0.6903023200282714,0,0,0,138.60844735040018,138.60844735040058,313809.524801306
jid_685039,61352.0,262.0,2,1132,3247359,3247471,3248604,JobState.COMPLETED,0.6902888781712999,0,0,0,138.6068014087305,138.60680140873058,313805.79838936584
jid_684986,61354.0,262.0,2,1132,3247371,3247471,3248604,JobState.COMPLETED,0.6907697089422518,0,0,0,138.66567864598986,138.66567864599,313939.09645452106
jid_685094,60782.0,262.0,2,1133,3247193,3247471,3248605,JobState.COMPLETED,0.6898439901641997,0,0,0,138.55232532622867,138.55232532622856,313959.5691892342
jid_685027,60965.0,262.0,2,1135,3247252,3247471,3248607,JobState.COMPLETED,0.6899402781378949,0,0,0,138.5641156903547,138.56411569035447,314540.5426171052
jid_685051,61160.0,262.0,2,1135,3247273,3247471,3248607,JobState.COMPLETED,0.6898784734830876,0,0,0,138.55654777343952,138.5565477734393,314523.3634457077
jid_684977,61341.0,262.0,2,1136,3247370,3247471,3248608,JobState.COMPLETED,0.6900647134352696,0,0,0,138.57935266554338,138.5793526655432,314852.28925611457
jid_684988,61381.0,262.0,2,1137,3247358,3247471,3248609,JobState.COMPLETED,0.6898490578527349,0,0,0,138.5529458595188,138.55294585951856,315069.3988845457
jid_685093,61358.0,262.0,2,1137,3247367,3247471,3248609,JobState.COMPLETED,0.6895196127219893,0,0,0,138.5126056394274,138.51260563942725,314977.6652240579
jid_685060,61343.0,262.0,2,1138,3247360,3247471,3248610,JobState.COMPLETED,0.6899542465501688,0,0,0,138.56582610818404,138.56582610818393,315375.8202222269
jid_685003,60740.0,262.0,2,1140,3247206,3247471,3248612,JobState.COMPLETED,0.6889247173791981,0,0,0,138.4397613117384,138.43976131173855,315642.65579076356
jid_685123,60985.0,262.0,2,1141,3247239,3247471,3248613,JobState.COMPLETED,0.6934077895079895,0,0,0,138.9887089193454,138.98870891934564,317172.23375394626
jid_685142,60829.0,262.0,2,1142,3247211,3247471,3248614,JobState.COMPLETED,0.6977454919678433,0,0,0,139.51985615932787,139.51985615932773,318663.35146790487
jid_685052,61402.0,262.0,2,1143,3247349,3247471,3248615,JobState.COMPLETED,0.6977606502365912,0,0,0,139.52171227386853,139.5217122738683,318946.63425806345
jid_684988,60964.0,262.0,2,1145,3247247,3247471,3248617,JobState.COMPLETED,0.6879985087258406,0,0,0,138.32634800724557,138.32634800724577,316767.33693659236
jid_685038,61447.0,262.0,2,1145,3247365,3247471,3248617,JobState.COMPLETED,0.6882332632720828,0,0,0,138.35509346188746,138.3550934618877,316833.1640277223
jid_684986,60770.0,262.0,2,1146,3247213,3247471,3248618,JobState.COMPLETED,0.6881410096778646,0,0,0,138.34379710341227,138.34379710341202,317083.9829610209
jid_685024,61345.0,262.0,2,1146,3247363,3247471,3248618,JobState.COMPLETED,0.6879056022631963,0,0,0,138.3149717056972,138.3149717056975,317017.915149458
jid_685012,61192.0,262.0,2,1147,3247288,3247471,3248619,JobState.COMPLETED,0.6877216178329866,0,0,0,138.29244299995796,138.29244299995753,317242.86424190353
jid_685048,61474.0,262.0,2,1147,3247370,3247471,3248619,JobState.COMPLETED,0.6965292754305455,0,0,0,139.37093168537288,139.37093168537294,319716.9172862454
jid_684979,60934.0,262.0,2,1148,3247247,3247471,3248620,JobState.COMPLETED,0.7197342883750664,0,0,0,142.21236184184465,142.21236184184488,326519.5827888753
jid_685163,61487.0,262.0,2,1149,3247351,3247471,3248621,JobState.COMPLETED,0.687914666075351,0,0,0,138.3160815602473,138.31608156024706,317850.35542544833
jid_685105,60807.0,262.0,2,1150,3247212,3247471,3248622,JobState.COMPLETED,0.6871368309748901,0,0,0,138.22083644590523,138.2208364459049,317907.923825582
jid_685117,61504.0,262.0,2,1150,3247354,3247471,3248622,JobState.COMPLETED,0.68724970493409,0,0,0,138.23465774703115,138.23465774703143,317939.71281817165
jid_684995,60742.0,262.0,2,1151,3247213,3247471,3248623,JobState.COMPLETED,0.6959486848708448,0,0,0,139.29983896377735,139.29983896377692,320668.22929461545
jid_685073,61002.0,262.0,2,1151,3247240,3247471,3248623,JobState.COMPLETED,0.6954051185952825,0,0,0,139.23327982799353,139.23327982799378,320515.0101640411
jid_685142,61015.0,262.0,2,1151,3247258,3247471,3248623,JobState.COMPLETED,0.6959452907316624,0,0,0,139.2994233548976,139.29942335489744,320667.2725629743
jid_684971,60732.0,262.0,2,1153,3247212,3247471,3248625,JobState.COMPLETED,0.6956332534653942,0,0,0,139.2612147100481,139.26121471004825,321136.3611213709
jid_685078,61269.0,262.0,2,1153,3247292,3247471,3248625,JobState.COMPLETED,0.6955104987371732,0,0,0,139.24618351883728,139.2461835188375,321101.69919443876
jid_685148,60850.0,262.0,2,1154,3247211,3247471,3248626,JobState.COMPLETED,0.6953278899717927,0,0,0,139.22382326185246,139.22382326185217,321328.5840883555
jid_685100,61012.0,262.0,2,1155,3247244,3247471,3248627,JobState.COMPLETED,0.695127544672876,0,0,0,139.19929118443363,139.1992911844338,321550.3626360417
jid_685082,61400.0,262.0,2,1155,3247356,3247471,3248627,JobState.COMPLETED,0.6953295657588003,0,0,0,139.22402846026125,139.22402846026125,321607.5057432035
jid_685159,61486.0,262.0,2,1156,3247372,3247471,3248628,JobState.COMPLETED,0.6953096554572782,0,0,0,139.22159046415626,139.2215904641565,321880.31715312926
jid_685119,61520.0,262.0,2,1158,3247356,3247471,3248630,JobState.COMPLETED,0.6939520790996011,0,0,0,139.0553566244412,139.05535662444095,322052.20594220585
jid_685002,60748.0,262.0,2,1159,3247205,3247471,3248631,JobState.COMPLETED,0.6939870311770769,0,0,0,139.0596364706621,139.0596364706625,322340.23733899475
jid_685044,60994.0,262.0,2,1159,3247257,3247471,3248631,JobState.COMPLETED,0.6945670038610559,0,0,0,139.13065353400668,139.13065353400683,322504.8548918275
jid_685005,60975.0,262.0,2,1160,3247250,3247471,3248632,JobState.COMPLETED,0.6941756780345224,0,0,0,139.08273608586012,139.0827360858599,322671.94771919545
jid_685030,61003.0,262.0,2,1160,3247254,3247471,3248632,JobState.COMPLETED,0.6940668025424839,0,0,0,139.06940439295752,139.0694043929572,322641.01819166145
jid_684975,61355.0,262.0,2,1160,3247367,3247471,3248632,JobState.COMPLETED,0.6939563053187814,0,0,0,139.05587412066737,139.0558741206671,322609.6279599483
jid_685143,60851.0,262.0,2,1161,3247210,3247471,3248633,JobState.COMPLETED,0.6940339478416964,0,0,0,139.06538136837113,139.065381368371,322909.81553735776
jid_685041,60958.0,262.0,2,1161,3247253,3247471,3248633,JobState.COMPLETED,0.6937531656216173,0,0,0,139.03099987203493,139.03099987203478,322829.9817028651
jid_684966,61348.0,262.0,2,1161,3247350,3247471,3248633,JobState.COMPLETED,0.694098399047089,0,0,0,139.0732733527052,139.07327335270477,322928.1407249815
jid_685055,60775.0,262.0,2,1162,3247199,3247471,3248634,JobState.COMPLETED,0.6857874933993018,0,0,0,138.05561143664954,138.0556114366492,320841.2409787735
jid_685071,60896.0,262.0,2,1162,3247209,3247471,3248634,JobState.COMPLETED,0.6938830679356589,0,0,0,139.0469062778357,139.0469062778358,323145.01018969016
jid_685077,61251.0,262.0,2,1162,3247282,3247471,3248634,JobState.COMPLETED,0.69364098956083,0,0,0,139.01726402785644,139.01726402785673,323076.1216007384
jid_684972,60735.0,262.0,2,1163,3247210,3247471,3248635,JobState.COMPLETED,0.6932270680781984,0,0,0,138.96657976467756,138.96657976467736,323236.26453264
jid_685181,61314.0,262.0,2,1163,3247274,3247471,3248635,JobState.COMPLETED,0.6938041646795868,0,0,0,139.037244654643,139.0372446546433,323400.63106669957
jid_685100,61197.0,262.0,2,1163,3247275,3247471,3248635,JobState.COMPLETED,0.694319334971244,0,0,0,139.10032673117306,139.10032673117274,323547.35997670854
jid_685015,61176.0,262.0,2,1163,3247278,3247471,3248635,JobState.COMPLETED,0.693698154032004,0,0,0,139.02426375902132,139.0242637590209,323370.4375034836
jid_685021,61193.0,262.0,2,1164,3247286,3247471,3248636,JobState.COMPLETED,0.6933869933740869,0,0,0,138.98616245396985,138.98616245396985,323559.7861928418
jid_685057,61437.0,262.0,2,1164,3247359,3247471,3248636,JobState.COMPLETED,0.6848918294159368,0,0,0,137.94593829582882,137.945938295829,321138.1443526895
jid_685012,61397.0,262.0,2,1164,3247367,3247471,3248636,JobState.COMPLETED,0.685386151510001,0,0,0,138.00646753183707,138.00646753183685,321279.0564141167
jid_684967,60755.0,262.0,2,1165,3247200,3247471,3248637,JobState.COMPLETED,0.693612896691905,0,0,0,139.01382408472284,139.01382408472307,323902.21011740423
jid_685141,61059.0,262.0,2,1165,3247251,3247471,3248637,JobState.COMPLETED,0.6937410529286955,0,0,0,139.0295166851465,139.02951668514638,323938.7738763913
jid_685175,61323.0,262.0,2,1165,3247282,3247471,3248637,JobState.COMPLETED,0.6850218984792462,0,0,0,137.96186511990746,137.9618651199077,321451.1457293844
jid_685106,61463.0,262.0,2,1165,3247362,3247471,3248637,JobState.COMPLETED,0.693128951199878,0,0,0,138.9545654530465,138.95456545304629,323764.13750559837
jid_685081,61011.0,262.0,2,1166,3247241,3247471,3248638,JobState.COMPLETED,0.6926466660460855,0,0,0,138.89551012809181,138.89551012809213,323904.3296187101
jid_685018,61005.0,262.0,2,1166,3247248,3247471,3248638,JobState.COMPLETED,0.6924932488262487,0,0,0,138.87672434607148,138.87672434607128,323860.5211750387
jid_685156,61312.0,262.0,2,1166,3247277,3247471,3248638,JobState.COMPLETED,0.6929714076946343,0,0,0,138.9352744115877,138.93527441158787,323997.0599278225
jid_685098,61317.0,262.0,2,1166,3247277,3247471,3248638,JobState.COMPLETED,0.6981900441841223,0,0,0,139.57429112458667,139.5742911245864,325487.2469025361
jid_685004,61372.0,262.0,2,1166,3247370,3247471,3248638,JobState.COMPLETED,0.6931745224699055,0,0,0,138.96014560856008,138.96014560855986,324055.0595591621
jid_684989,60744.0,262.0,2,1167,3247212,3247471,3248639,JobState.COMPLETED,0.693307121130424,0,0,0,138.9763821792353,138.9763821792356,324370.87600633514
jid_684989,61149.0,262.0,2,1167,3247291,3247471,3248639,JobState.COMPLETED,0.6929956226263033,0,0,0,138.93823950526163,138.93823950526163,324281.8510052807
jid_685032,61440.0,262.0,2,1167,3247356,3247471,3248639,JobState.COMPLETED,0.6924861931038545,0,0,0,138.8758603800635,138.8758603800638,324136.2581270682
jid_685069,61472.0,262.0,2,1167,3247363,3247471,3248639,JobState.COMPLETED,0.6932176144159379,0,0,0,138.96542217337995,138.96542217338015,324345.2953526688
jid_685053,61436.0,262.0,2,1167,3247371,3247471,3248639,JobState.COMPLETED,0.6929518978167224,0,0,0,138.9328854469458,138.9328854469456,324269.35463317146
jid_685056,60815.0,262.0,2,1168,3247207,3247471,3248640,JobState.COMPLETED,0.684387033572073,0,0,0,137.88412655984573,137.88412655984567,322097.3196437996
jid_684971,61359.0,262.0,2,1168,3247370,3247471,3248640,JobState.COMPLETED,0.6931321282441041,0,0,0,138.95495447886972,138.95495447886987,324598.77366263967
jid_684997,33706.0,200.0,640,1114,3247487,3247525,3248640,JobState.COMPLETED,0.518264029368619,0,0,0,117.54253420840249,117.54253420840232,83803125.18922263
jid_685163,60909.0,262.0,2,1169,3247193,3247471,3248641,JobState.COMPLETED,0.6926052507334236,0,0,0,138.89043886531724,138.89043886531718,324725.8460671117
jid_685077,61010.0,262.0,2,1169,3247251,3247471,3248641,JobState.COMPLETED,0.6926461611220414,0,0,0,138.89544830065822,138.89544830065813,324737.55812693894
jid_685089,61490.0,262.0,2,1169,3247352,3247471,3248641,JobState.COMPLETED,0.6930360190720803,0,0,0,138.9431860088262,138.9431860088262,324849.16888863564
jid_685074,61065.0,262.0,2,1170,3247245,3247471,3248642,JobState.COMPLETED,0.6925516333910837,0,0,0,138.8838734764594,138.88387347645923,324988.263934915
jid_685029,61187.0,262.0,2,1170,3247278,3247471,3248642,JobState.COMPLETED,0.6845688570975865,0,0,0,137.90639066501032,137.9063906650106,322700.95415612415
jid_684973,61371.0,262.0,2,1170,3247368,3247471,3248642,JobState.COMPLETED,0.6890165841882219,0,0,0,138.4510103087615,138.45101030876185,323975.3641225019
jid_685003,60949.0,262.0,2,1171,3247253,3247471,3248643,JobState.COMPLETED,0.6926189261221825,0,0,0,138.8921134027165,138.8921134027162,325285.329589162
jid_685080,60910.0,262.0,2,1172,3247208,3247471,3248644,JobState.COMPLETED,0.6928517786244015,0,0,0,138.9206259540082,138.92062595400836,325629.9472361952
jid_685164,61097.0,262.0,2,1172,3247251,3247471,3248644,JobState.COMPLETED,0.6921436207714786,0,0,0,138.83391274752822,138.833912747528,325426.69148020615
jid_685146,61233.0,262.0,2,1172,3247288,3247471,3248644,JobState.COMPLETED,0.6841153772633645,0,0,0,137.85086252204428,137.85086252204462,323122.4217516718
jid_685116,60891.0,262.0,2,1173,3247206,3247471,3248645,JobState.COMPLETED,0.6920745411227822,0,0,0,138.8254540150342,138.82545401503455,325684.51511927025
jid_685053,61048.0,262.0,2,1173,3247261,3247471,3248645,JobState.COMPLETED,0.6919846788485532,0,0,0,138.81445047125123,138.8144504712514,325658.7008055554
jid_685174,61331.0,262.0,2,1173,3247283,3247471,3248645,JobState.COMPLETED,0.6924283068257162,0,0,0,138.86877226437352,138.86877226437343,325786.13973222027
jid_684995,60952.0,262.0,2,1174,3247260,3247471,3248646,JobState.COMPLETED,0.69165691794157,0,0,0,138.774316482641,138.77431648264124,325842.0951012411
jid_685111,61297.0,262.0,2,1174,3247269,3247471,3248646,JobState.COMPLETED,0.6921818469140265,0,0,0,138.83859349967676,138.8385934996767,325993.01753724104
jid_684972,61365.0,262.0,2,1174,3247368,3247471,3248646,JobState.COMPLETED,0.6925584069469884,0,0,0,138.88470289146792,138.88470289146798,326101.2823891667
jid_685168,60880.0,262.0,2,1175,3247196,3247471,3248647,JobState.COMPLETED,0.6916624843976265,0,0,0,138.77499808950554,138.7749980895053,326121.24551033805
jid_685119,60920.0,262.0,2,1176,3247198,3247471,3248648,JobState.COMPLETED,0.691737310300201,0,0,0,138.78416044492235,138.78416044492258,326420.34536645736
jid_684991,60750.0,262.0,2,1176,3247200,3247471,3248648,JobState.COMPLETED,0.6918254547908882,0,0,0,138.79495364786416,138.79495364786388,326445.73097977653
jid_685068,61062.0,262.0,2,1176,3247241,3247471,3248648,JobState.COMPLETED,0.6915179828500603,0,0,0,138.75730402245617,138.75730402245637,326357.1790608169
jid_685104,61218.0,262.0,2,1176,3247269,3247471,3248648,JobState.COMPLETED,0.6916116155807154,0,0,0,138.7687692547811,138.7687692547815,326384.1452872451
jid_685120,61278.0,262.0,2,1176,3247270,3247471,3248648,JobState.COMPLETED,0.6914998379152919,0,0,0,138.75508219370928,138.75508219370923,326351.9533196042
jid_685083,61227.0,262.0,2,1176,3247282,3247471,3248648,JobState.COMPLETED,0.6913165113739529,0,0,0,138.7326340457898,138.73263404579015,326299.15527569765
jid_685041,61374.0,262.0,2,1176,3247364,3247471,3248648,JobState.COMPLETED,0.6916766215371759,0,0,0,138.77672916781742,138.77672916781745,326402.86700270657
jid_685135,60854.0,262.0,2,1177,3247211,3247471,3248649,JobState.COMPLETED,0.6910089640981029,0,0,0,138.69497519568577,138.69497519568606,326487.9716106443
jid_685065,61013.0,262.0,2,1177,3247248,3247471,3248649,JobState.COMPLETED,0.6910743769940785,0,0,0,138.70298493805055,138.70298493805043,326506.82654417097
jid_684973,60966.0,262.0,2,1177,3247257,3247471,3248649,JobState.COMPLETED,0.6967147260630634,0,0,0,139.39363992608926,139.3936399260894,328132.62838601414
jid_685099,61461.0,262.0,2,1177,3247354,3247471,3248649,JobState.COMPLETED,0.6911192488875465,0,0,0,138.70847945561772,138.70847945561792,326519.76063852414
jid_685036,60778.0,262.0,2,1178,3247206,3247471,3248650,JobState.COMPLETED,0.6830322794241237,0,0,0,137.7182382968313,137.71823829683146,324464.1694273345
jid_685112,61098.0,262.0,2,1178,3247243,3247471,3248650,JobState.COMPLETED,0.6907845092558417,0,0,0,138.6674909292869,138.66749092928674,326700.60862939997
jid_685103,61009.0,262.0,2,1178,3247256,3247471,3248650,JobState.COMPLETED,0.6904210462283825,0,0,0,138.62298525245527,138.622985252455,326595.7532547846
jid_685183,61330.0,262.0,2,1178,3247273,3247471,3248650,JobState.COMPLETED,0.6915556116136559,0,0,0,138.76191162616166,138.76191162616195,326923.0637912369
jid_684980,33723.0,200.0,640,1092,3247487,3247557,3248650,JobState.COMPLETED,0.5150188579637498,0,0,0,117.14516628127569,117.1451662812755,81870413.81065795
jid_685059,60790.0,262.0,2,1179,3247195,3247471,3248651,JobState.COMPLETED,0.6911439092339297,0,0,0,138.71149908986854,138.71149908986897,327081.71485391003
jid_685156,61518.0,262.0,2,1179,3247356,3247471,3248651,JobState.COMPLETED,0.691286705676516,0,0,0,138.72898436855257,138.728984368553,327122.94514104695
jid_685055,61421.0,262.0,2,1179,3247357,3247471,3248651,JobState.COMPLETED,0.6909172011650575,0,0,0,138.68373891817058,138.68373891817032,327016.2563690462
jid_685058,61456.0,262.0,2,1179,3247366,3247471,3248651,JobState.COMPLETED,0.6906489971013051,0,0,0,138.6508976042419,138.65089760424146,326938.8165508024
jid_685075,61291.0,262.0,2,1180,3247270,3247471,3248652,JobState.COMPLETED,0.6909854981618903,0,0,0,138.69210181574132,138.69210181574167,327313.36028514954
jid_685124,61494.0,262.0,2,1180,3247358,3247471,3248652,JobState.COMPLETED,0.6903350898116155,0,0,0,138.61245997693223,138.6124599769325,327125.40554556006
jid_685171,60915.0,262.0,2,1181,3247198,3247471,3248653,JobState.COMPLETED,0.6907968643279583,0,0,0,138.66900379525987,138.6690037952602,327536.18696440384
jid_685043,60981.0,262.0,2,1181,3247250,3247471,3248653,JobState.COMPLETED,0.6903032315873214,0,0,0,138.60855896987601,138.6085589698761,327393.41628684715
jid_685070,61023.0,262.0,2,1181,3247252,3247471,3248653,JobState.COMPLETED,0.6904781179088095,0,0,0,138.62997362148644,138.62997362148687,327443.99769395095
jid_685031,61108.0,262.0,2,1181,3247254,3247471,3248653,JobState.COMPLETED,0.6909579136199924,0,0,0,138.68872411673362,138.68872411673377,327582.76636372483
jid_685079,61118.0,262.0,2,1181,3247256,3247471,3248653,JobState.COMPLETED,0.6901714923778657,0,0,0,138.5924276381062,138.592427638106,327355.3140812068
jid_685065,61209.0,262.0,2,1181,3247279,3247471,3248653,JobState.COMPLETED,0.6902150739372761,0,0,0,138.59776415558508,138.59776415558485,327367.91893549194
jid_685011,60764.0,262.0,2,1182,3247201,3247471,3248654,JobState.COMPLETED,0.6907102445871902,0,0,0,138.65839729639077,138.65839729639063,327788.4512086678
jid_685048,60895.0,262.0,2,1182,3247212,3247471,3248654,JobState.COMPLETED,0.6907144714310386,0,0,0,138.65891486910698,138.65891486910678,327789.6747505689
jid_684970,61369.0,262.0,2,1183,3247370,3247471,3248655,JobState.COMPLETED,0.6906052018931698,0,0,0,138.64553492569405,138.64553492569428,328035.3356341921
jid_685049,60787.0,262.0,2,1184,3247207,3247471,3248656,JobState.COMPLETED,0.6955540927096373,0,0,0,139.25152155628177,139.2515215562821,329747.60304527526
jid_685050,60594.0,262.0,2,1536,3247120,3247120,3248657,JobState.COMPLETED,0.6500201299974823,0,0,0,133.67593428540576,133.67593428540602,410652.47012476646
jid_685032,60990.0,262.0,2,1185,3247246,3247471,3248657,JobState.COMPLETED,0.690259108514693,0,0,0,138.6031561446562,138.60315614465628,328489.4800628352
jid_685037,61360.0,262.0,2,1185,3247359,3247471,3248657,JobState.COMPLETED,0.6899759133812051,0,0,0,138.56847918953508,138.56847918953534,328407.29567919817
jid_685136,60903.0,262.0,2,1186,3247197,3247471,3248658,JobState.COMPLETED,0.6901318574119729,0,0,0,138.58757437697605,138.58757437697628,328729.7264221872
jid_685106,61055.0,262.0,2,1187,3247251,3247471,3248659,JobState.COMPLETED,0.6899774199275407,0,0,0,138.56866366459687,138.56866366459684,328962.007539753
jid_685040,61448.0,262.0,2,1187,3247359,3247471,3248659,JobState.COMPLETED,0.69482522305284,0,0,0,139.1622722105516,139.16227221055186,330371.2342278495
jid_685096,60833.0,262.0,2,1188,3247191,3247471,3248660,JobState.COMPLETED,0.6894673852276705,0,0,0,138.50621043604087,138.5062104360413,329090.75599603314
jid_685167,60888.0,262.0,2,1188,3247208,3247471,3248660,JobState.COMPLETED,0.6894267712951024,0,0,0,138.5012373014414,138.50123730144114,329078.9398282248
jid_685134,61070.0,262.0,2,1189,3247256,3247471,3248661,JobState.COMPLETED,0.6945199752815034,0,0,0,139.124894932429,139.124894932429,330839.00014931615
jid_685083,61042.0,262.0,2,1190,3247251,3247471,3248662,JobState.COMPLETED,0.6940751452676119,0,0,0,139.07042595113637,139.07042595113617,330987.61376370455
jid_685008,61361.0,262.0,2,1191,3247360,3247471,3248663,JobState.COMPLETED,0.6891027589003148,0,0,0,138.46156231432406,138.46156231432428,329815.4414327199
jid_685162,61525.0,262.0,2,1191,3247361,3247471,3248663,JobState.COMPLETED,0.689087536214949,0,0,0,138.45969831203502,138.4596983120346,329811.0013792674
jid_684981,61225.0,262.0,2,1193,3247271,3247471,3248665,JobState.COMPLETED,0.6881671916816524,0,0,0,138.34700306305965,138.34700306305947,330095.9493084603
jid_685149,61321.0,262.0,2,1193,3247271,3247471,3248665,JobState.COMPLETED,0.6886378966515878,0,0,0,138.40464040631704,138.40464040631687,330233.4720094725
jid_685145,61422.0,262.0,2,1193,3247364,3247471,3248665,JobState.COMPLETED,0.6884742164422629,0,0,0,138.38459793170523,138.38459793170566,330185.6506650487
jid_685023,61039.0,262.0,2,1195,3247252,3247471,3248667,JobState.COMPLETED,0.6932621992275821,0,0,0,138.97088153807104,138.9708815380713,332140.4068759898
jid_685081,61481.0,262.0,2,1195,3247352,3247471,3248667,JobState.COMPLETED,0.6886769346447235,0,0,0,138.40942056874158,138.40942056874164,330798.5151592924
jid_685133,60865.0,262.0,2,1197,3247198,3247471,3248669,JobState.COMPLETED,0.6881287813174043,0,0,0,138.3422997531511,138.34229975315154,331191.4656090438
jid_685063,60607.0,262.0,2,1548,3247121,3247121,3248670,JobState.COMPLETED,0.6492338300968736,0,0,0,133.57965266492332,133.5796526649233,413562.60465060256
jid_685027,61178.0,262.0,2,1198,3247284,3247471,3248670,JobState.COMPLETED,0.6932204351004994,0,0,0,138.96576756332627,138.96576756332644,332961.9790817297
jid_684996,61171.0,262.0,2,1199,3247289,3247471,3248671,JobState.COMPLETED,0.6875323189114871,0,0,0,138.2692635401819,138.2692635401821,331569.6939693562
jid_684995,61377.0,262.0,2,1199,3247371,3247471,3248671,JobState.COMPLETED,0.6876950739819834,0,0,0,138.28919273248758,138.28919273248775,331617.4841725052
jid_685125,60917.0,262.0,2,1200,3247197,3247471,3248672,JobState.COMPLETED,0.7204641950526731,0,0,0,142.30173816971526,142.30173816971507,341524.17160731665
jid_685176,60907.0,262.0,2,1201,3247193,3247471,3248673,JobState.COMPLETED,0.6873951680361698,0,0,0,138.25246955544938,138.25246955544938,332082.4318721894
jid_685092,61537.0,262.0,2,1201,3247356,3247471,3248673,JobState.COMPLETED,0.7202862552280938,0,0,0,142.27994961976626,142.2799496197666,341756.43898667855
jid_685107,61243.0,262.0,2,1202,3247288,3247471,3248674,JobState.COMPLETED,0.6873000400494724,0,0,0,138.24082123054737,138.24082123054765,332330.9342382359
jid_685000,33660.0,200.0,640,1116,3247487,3247557,3248674,JobState.COMPLETED,0.518989041387649,0,0,0,117.63131119032448,117.6313111903244,84016987.70457736
jid_685121,61246.0,262.0,2,1204,3247270,3247471,3248676,JobState.COMPLETED,0.6913544312935278,0,0,0,138.73727730124838,138.7372773012483,334079.3637414061
jid_685099,61064.0,262.0,2,1207,3247243,3247471,3248679,JobState.COMPLETED,0.6908482321746983,0,0,0,138.67529373567763,138.67529373567734,334762.1590779258
jid_684976,61346.0,262.0,2,1209,3247357,3247471,3248681,JobState.COMPLETED,0.6782410120363048,0,0,0,137.13155249424162,137.13155249424142,331584.09393107623
jid_685079,61311.0,262.0,2,1210,3247288,3247471,3248682,JobState.COMPLETED,0.6906561938718567,0,0,0,138.65177884145166,138.65177884145186,335537.304796313
jid_684972,61157.0,262.0,2,1211,3247289,3247471,3248683,JobState.COMPLETED,0.6907796351785308,0,0,0,138.66689410349332,138.66689410349358,335851.2175186608
jid_685073,60616.0,262.0,2,1565,3247119,3247119,3248685,JobState.COMPLETED,0.6476763512012218,0,0,0,133.388940963415,133.3889409634149,417507.38521548896
jid_685059,61467.0,262.0,2,1215,3247352,3247471,3248687,JobState.COMPLETED,0.685331663741701,0,0,0,137.9997955602084,137.99979556020827,335339.50321130647
jid_685075,60618.0,262.0,2,1572,3247118,3247118,3248691,JobState.COMPLETED,0.6470385370443151,0,0,0,133.31084127073302,133.31084127073248,419129.2849551846
jid_685034,60875.0,262.0,2,1224,3247200,3247471,3248696,JobState.COMPLETED,0.6843065892007537,0,0,0,137.87427622866377,137.87427622866372,337516.22820776893
jid_685183,61129.0,262.0,2,1231,3247242,3247471,3248703,JobState.COMPLETED,0.6832820600012783,0,0,0,137.74882367362608,137.7488236736259,339137.6038844674
jid_685096,60638.0,262.0,2,1586,3247117,3247117,3248704,JobState.COMPLETED,0.6462619043561169,0,0,0,133.21574339054493,133.21574339054493,422560.3380348085
jid_685101,60643.0,262.0,2,1582,3247122,3247122,3248705,JobState.COMPLETED,0.6494068755600938,0,0,0,133.60084190531776,133.6008419053176,422713.0637884254
jid_685181,60719.0,262.0,2,1708,3247121,3247121,3248830,JobState.COMPLETED,0.6373150472928827,0,0,0,132.12020987259794,132.12020987259788,451322.6369247946
jid_684971,60525.0,262.0,2,1433,3247138,3247471,3248905,JobState.COMPLETED,0.659264366608684,0,0,0,134.80788162555325,134.80788162555316,386359.38873883564
jid_684974,60528.0,262.0,2,1441,3247139,3247471,3248913,JobState.COMPLETED,0.6589103557645956,0,0,0,134.76453335893015,134.76453335893007,388391.3851404367
jid_684979,60533.0,262.0,2,1450,3247126,3247471,3248922,JobState.COMPLETED,0.6518835567154381,0,0,0,133.90410898556368,133.90410898556385,388321.9160581347
jid_684987,60537.0,262.0,2,1465,3247125,3247471,3248937,JobState.COMPLETED,0.650350208514471,0,0,0,133.7163520629962,133.71635206299646,391788.9115445789
jid_684991,60540.0,262.0,2,1471,3247126,3247471,3248943,JobState.COMPLETED,0.6556117863521564,0,0,0,134.36062690026415,134.36062690026404,395288.96434057713
jid_684994,60543.0,262.0,2,1479,3247125,3247471,3248951,JobState.COMPLETED,0.654603846861704,0,0,0,134.23720573816783,134.23720573816786,397073.65457350045
jid_685003,60548.0,262.0,2,1481,3247132,3247471,3248953,JobState.COMPLETED,0.6547546209942436,0,0,0,134.25566787684625,134.25566787684616,397665.28825121856
jid_685014,60558.0,262.0,2,1487,3247139,3247471,3248959,JobState.COMPLETED,0.6543234931841955,0,0,0,134.20287671643234,134.20287671643212,399119.3553546698
jid_685035,60579.0,262.0,2,1495,3247140,3247471,3248967,JobState.COMPLETED,0.6427690290034772,0,0,0,132.78804436777276,132.78804436777273,397036.25265964057
jid_685022,60566.0,262.0,2,1496,3247133,3247471,3248968,JobState.COMPLETED,0.6534953596831399,0,0,0,134.10147261426175,134.10147261426204,401231.60606187116
jid_685013,60557.0,262.0,2,1499,3247125,3247471,3248971,JobState.COMPLETED,0.6533031739601436,0,0,0,134.07793966858907,134.077939668589,401965.66312643
jid_685015,60559.0,262.0,2,1500,3247125,3247471,3248972,JobState.COMPLETED,0.6476716142881453,0,0,0,133.38836093324207,133.38836093324227,400165.0827997262
jid_685038,60582.0,262.0,2,1511,3247133,3247471,3248983,JobState.COMPLETED,0.6521034538220252,0,0,0,133.9310351618806,133.93103516188063,404739.5882592032
jid_685040,60584.0,262.0,2,1519,3247128,3247471,3248991,JobState.COMPLETED,0.6462197836608227,0,0,0,133.21058575438653,133.21058575438644,404693.7595218263
jid_685043,60587.0,262.0,2,1520,3247129,3247471,3248992,JobState.COMPLETED,0.6514195682268192,0,0,0,133.84729406858978,133.84729406859012,406895.7739685129
jid_685049,60593.0,262.0,2,1522,3247133,3247471,3248994,JobState.COMPLETED,0.6513602795727015,0,0,0,133.84003423339172,133.84003423339203,407409.06420644437
jid_685058,60602.0,262.0,2,1529,3247134,3247471,3249001,JobState.COMPLETED,0.6535410400067212,0,0,0,134.10706612327203,134.10706612327198,410099.4082049659
jid_685060,60604.0,262.0,2,1538,3247128,3247471,3249010,JobState.COMPLETED,0.6496847319268187,0,0,0,133.6348651338959,133.6348651338962,411060.84515186376
jid_685069,60612.0,262.0,2,1548,3247132,3247471,3249020,JobState.COMPLETED,0.6490209674622635,0,0,0,133.55358785252238,133.55358785252204,413481.9079914093
jid_685064,60608.0,262.0,2,1549,3247122,3247471,3249021,JobState.COMPLETED,0.6487079010316908,0,0,0,133.51525318755378,133.51525318755398,413630.25437504164
jid_685077,60619.0,262.0,2,1558,3247130,3247471,3249030,JobState.COMPLETED,0.6480941557365988,0,0,0,133.44010070244036,133.44010070244067,415799.35378880415
jid_685083,60625.0,262.0,2,1563,3247130,3247471,3249035,JobState.COMPLETED,0.6478825004590405,0,0,0,133.41418372967854,133.41418372967843,417052.7383389751
jid_685093,60635.0,262.0,2,1563,3247135,3247471,3249035,JobState.COMPLETED,0.6479834877846653,0,0,0,133.42654952465315,133.4265495246529,417091.3938140658
jid_685105,60647.0,262.0,2,1571,3247139,3247471,3249043,JobState.COMPLETED,0.6503049400738776,0,0,0,133.71080898863843,133.7108089886381,420119.36184230197
jid_685107,60649.0,262.0,2,1578,3247135,3247471,3249050,JobState.COMPLETED,0.6465323324192787,0,0,0,133.24885703093233,133.24885703093207,420533.3927896224
jid_685100,60642.0,262.0,2,1580,3247123,3247471,3249052,JobState.COMPLETED,0.6467382718844624,0,0,0,133.2740741083012,133.2740741083015,421146.0741822318
jid_685099,60641.0,262.0,2,1582,3247122,3247471,3249054,JobState.COMPLETED,0.6459727676559444,0,0,0,133.18033889664622,133.18033889664625,421382.59226898866
jid_685116,60658.0,262.0,2,1586,3247132,3247471,3249058,JobState.COMPLETED,0.6459042876106953,0,0,0,133.17195358498319,133.1719535849831,422421.4367715667
jid_685114,60656.0,262.0,2,1593,3247123,3247471,3249065,JobState.COMPLETED,0.6457075774279326,0,0,0,133.14786662382875,133.1478666238285,424209.1030635184
jid_685160,60699.0,262.0,2,1637,3247122,3247471,3249109,JobState.COMPLETED,0.6416219986488505,0,0,0,132.64759167128793,132.6475916712878,434288.21513179666
jid_685167,60706.0,262.0,2,1640,3247135,3247471,3249112,JobState.COMPLETED,0.6419643857730034,0,0,0,132.6895166252655,132.68951662526572,435221.6145308708
jid_685204,33689.0,200.0,640,1555,3247490,3247557,3249113,JobState.COMPLETED,0.5207068665998343,0,0,0,117.8416571346733,117.8416571346736,117276017.18042687
jid_685175,60714.0,262.0,2,1671,3247129,3247471,3249143,JobState.COMPLETED,0.6397804579563551,0,0,0,132.42209689261523,132.42209689261492,442554.6478151201
jid_685221,33690.0,200.0,640,1649,3247491,3247557,3249207,JobState.COMPLETED,0.521845372311249,0,0,0,117.98106599729533,117.98106599729579,124512497.81090559
jid_685193,16777.0,341.0,255,2407,3246598,3246869,3249277,JobState.COMPLETED,1.0,0,0,0,176.53061224489758,176.53061224489795,108351841.83673446
jid_684964,154.0,48.0,1,2148,3246289,3247471,3249620,JobState.COMPLETED,1.0,0,0,0,176.5306122448972,176.53061224489795,379187.7551020392
jid_684953,154.0,48.0,1,2157,3245943,3247471,3249629,JobState.COMPLETED,1.0,0,0,0,176.5306122448972,176.53061224489795,380776.5306122433
jid_684798,301.0,549.0,399,2360,3239890,3247471,3249832,JobState.COMPLETED,1.0,0,0,0,176.5306122448984,176.53061224489798,166228285.71428612
jid_685249,59091.0,376.0,1,33,3249932,3249932,3249966,JobState.COMPLETED,1.0,0,0,0,176.53061224489795,176.53061224489795,5825.510204081633
jid_685251,59091.0,376.0,1,48,3249972,3249972,3250021,JobState.COMPLETED,1.0,0,0,0,176.53061224489795,176.53061224489795,8473.469387755102
jid_685220,33706.0,200.0,640,1642,3247491,3248640,3250283,JobState.COMPLETED,0.5220498163112794,0,0,0,118.00609995648287,118.0060999564832,124010250.32226872
jid_685262,17.0,43.0,1,4,3250358,3250358,3250363,JobState.COMPLETED,1.0,0,0,0,176.53061224489795,176.53061224489795,706.1224489795918
jid_685252,34.0,485.0,15,107,3249930,3250283,3250391,JobState.COMPLETED,1.0,0,0,0,176.53061224489795,176.53061224489795,283331.6326530612
jid_685263,17.0,43.0,1,0,3250410,3250410,3250411,JobState.COMPLETED,1.0,0,0,0,176.53061224489795,176.53061224489795,0.0
jid_685264,17.0,43.0,1,150,3250291,3250291,3250442,JobState.COMPLETED,1.0,0,0,0,176.5306122448979,176.53061224489795,26479.591836734686
jid_684822,301.0,549.0,385,2988,3240544,3247471,3250460,JobState.COMPLETED,1.0,0,0,0,176.53061224489832,176.53061224489795,203077285.71428615
jid_684968,60522.0,178.0,4096,705,3247826,3250283,3250989,JobState.COMPLETED,0.5410052204445597,0,0,0,120.3271698503541,120.32716985035425,347466361.8334705
jid_685275,15160.0,393.0,8,1,3251071,3251071,3251073,JobState.COMPLETED,1.0,0,0,0,176.53061224489795,176.53061224489795,1412.2448979591836
jid_685286,1038.0,211.0,24,84731,3166679,3166679,3251411,JobState.COMPLETED,0.6418214737668453,0,0,0,132.6720171959221,132.67201719594024,269794384.53666425
jid_684940,17.0,163.0,1,4234,3243507,3247471,3251706,JobState.COMPLETED,1.0,0,0,0,176.53061224489684,176.53061224489795,747430.6122448932
jid_685316,60324.0,432.0,64,22104,3229751,3229751,3251856,JobState.COMPLETED,1.0,0,0,0,176.5306122449062,176.53061224489795,249730089.79593003
jid_685297,34.0,485.0,15,243,3251621,3251621,3251865,JobState.COMPLETED,1.0,0,0,0,176.53061224489795,176.53061224489795,643454.081632653
jid_684891,301.0,549.0,385,4594,3241368,3247471,3252066,JobState.COMPLETED,1.0,0,0,0,176.53061224489966,176.53061224489795,312227928.5714316
jid_684958,301.0,549.0,385,1671,3246573,3250460,3252132,JobState.COMPLETED,1.0,0,0,0,176.5306122448976,176.53061224489795,113568321.42857121
jid_685310,60963.0,526.0,1,26,3252388,3252388,3252415,JobState.COMPLETED,1.0,0,0,0,176.53061224489795,176.53061224489795,4589.7959183673465
jid_685315,15160.0,393.0,4,34,3252387,3252387,3252422,JobState.COMPLETED,1.0,0,0,0,176.53061224489795,176.53061224489795,24008.16326530612
jid_684715,59081.0,191.0,15,151081,3088143,3101446,3252528,JobState.COMPLETED,1.0,0,0,0,176.53061224490085,176.53061224489795,400056321.42857796
jid_685308,29.0,23.0,2560,502,3251767,3252132,3252635,JobState.COMPLETED,0.5281835793951211,0,0,0,118.75717298715759,118.75717298715767,152617218.14925596
jid_685323,15160.0,393.0,4,25,3252614,3252614,3252640,JobState.COMPLETED,1.0,0,0,0,176.53061224489795,176.53061224489795,17653.061224489797
jid_685313,56002.0,551.0,10,2484,3249953,3250283,3252768,JobState.COMPLETED,0.6374811404720814,0,0,0,132.1405478129082,132.14054781290793,3282371.2076726397
jid_685346,60475.0,583.0,512,47030,3206179,3206179,3253210,JobState.COMPLETED,1.0,0,0,0,176.5306122448873,176.53061224489795,4250744163.2650495
jid_685301,301.0,534.0,8,7,3252030,3253210,3253218,JobState.COMPLETED,1.0,0,0,0,176.53061224489795,176.53061224489795,9885.714285714286
jid_685303,301.0,534.0,8,7,3252109,3253210,3253218,JobState.COMPLETED,1.0,0,0,0,176.53061224489795,176.53061224489795,9885.714285714286
jid_685349,61367.0,332.0,2,0,3253340,3253340,3253341,JobState.COMPLETED,1.0,0,0,0,176.53061224489795,176.53061224489795,0.0
jid_685357,59204.0,570.0,1,0,3253535,3253535,3253535,JobState.COMPLETED,1.0,0,0,0,176.53061224489795,176.53061224489795,0.0
jid_684929,41379.0,341.0,255,6796,3240568,3246869,3253666,JobState.COMPLETED,1.0,0,0,0,176.5306122448961,176.53061224489795,305924020.40816003
jid_684925,41378.0,341.0,255,6704,3240573,3247471,3254176,JobState.COMPLETED,1.0,0,0,0,176.5306122448961,176.53061224489795,301782612.24489474
jid_685321,17.0,163.0,1,4156,3248425,3250283,3254440,JobState.COMPLETED,1.0,0,0,0,176.53061224489687,176.53061224489795,733661.2244897914
jid_685388,60325.0,432.0,64,25014,3229749,3229749,3254764,JobState.COMPLETED,1.0,0,0,0,176.53061224490676,176.53061224489795,282607151.0204223
jid_685405,154.0,48.0,1,25,3255425,3255425,3255451,JobState.COMPLETED,1.0,0,0,0,176.53061224489795,176.53061224489795,4413.265306122449
jid_685414,34.0,485.0,15,120,3255502,3255502,3255623,JobState.COMPLETED,1.0,0,0,0,176.53061224489795,176.53061224489795,317755.10204081633
jid_685434,61367.0,332.0,2,10,3255892,3255892,3255903,JobState.COMPLETED,1.0,0,0,0,176.53061224489795,176.53061224489795,3530.612244897959
jid_685427,1267.0,537.0,320,11,3255905,3255905,3255917,JobState.COMPLETED,1.0,0,0,0,176.53061224489795,176.53061224489795,621387.7551020408
jid_685447,15160.0,393.0,1,44,3256405,3256405,3256450,JobState.COMPLETED,0.5441812283280133,0,0,0,120.71606877485877,120.71606877485877,5311.5070260937855
jid_685450,276.0,130.0,2,4,3256472,3256472,3256477,JobState.COMPLETED,1.0,0,0,0,176.53061224489795,176.53061224489795,1412.2448979591836
jid_685399,60724.0,601.0,15,5605,3249570,3250989,3256595,JobState.COMPLETED,1.0,0,0,0,176.53061224489684,176.53061224489795,14841811.224489702
jid_685456,60501.0,530.0,1,27,3256727,3256727,3256755,JobState.COMPLETED,1.0,0,0,0,176.53061224489795,176.53061224489795,4766.326530612245
jid_685461,60473.0,556.0,6,123,3256758,3256758,3256882,JobState.COMPLETED,1.0,0,0,0,176.53061224489795,176.53061224489795,130279.59183673469
jid_685464,15160.0,393.0,12,23,3256951,3256951,3256975,JobState.COMPLETED,1.0,0,0,0,176.53061224489795,176.53061224489795,48722.448979591834
jid_685464,15160.0,393.0,12,24,3256951,3256951,3256976,JobState.COMPLETED,1.0,0,0,0,176.53061224489795,176.53061224489795,50840.81632653061
jid_685464,15160.0,393.0,12,24,3256951,3256951,3256976,JobState.COMPLETED,1.0,0,0,0,176.53061224489795,176.53061224489795,50840.81632653061
jid_685464,15160.0,393.0,12,24,3256951,3256951,3256976,JobState.COMPLETED,1.0,0,0,0,176.53061224489795,176.53061224489795,50840.81632653061
jid_685466,15160.0,393.0,12,21,3257003,3257003,3257025,JobState.COMPLETED,1.0,0,0,0,176.53061224489795,176.53061224489795,44485.71428571428
jid_685466,15160.0,393.0,12,23,3257003,3257003,3257027,JobState.COMPLETED,1.0,0,0,0,176.53061224489795,176.53061224489795,48722.448979591834
jid_685466,15160.0,393.0,12,23,3257003,3257003,3257027,JobState.COMPLETED,1.0,0,0,0,176.53061224489795,176.53061224489795,48722.448979591834
jid_685466,15160.0,393.0,12,23,3257003,3257003,3257027,JobState.COMPLETED,1.0,0,0,0,176.53061224489795,176.53061224489795,48722.448979591834
jid_685466,15160.0,393.0,12,23,3257003,3257003,3257027,JobState.COMPLETED,1.0,0,0,0,176.53061224489795,176.53061224489795,48722.448979591834
jid_685466,15160.0,393.0,12,24,3257003,3257003,3257028,JobState.COMPLETED,1.0,0,0,0,176.53061224489795,176.53061224489795,50840.81632653061
jid_685466,15160.0,393.0,12,24,3257003,3257003,3257028,JobState.COMPLETED,1.0,0,0,0,176.53061224489795,176.53061224489795,50840.81632653061
jid_685466,15160.0,393.0,12,24,3257003,3257003,3257028,JobState.COMPLETED,1.0,0,0,0,176.53061224489795,176.53061224489795,50840.81632653061
jid_685466,15160.0,393.0,12,24,3257003,3257003,3257028,JobState.COMPLETED,1.0,0,0,0,176.53061224489795,176.53061224489795,50840.81632653061
jid_685466,15160.0,393.0,12,25,3257003,3257003,3257029,JobState.COMPLETED,1.0,0,0,0,176.53061224489795,176.53061224489795,52959.18367346939
jid_685466,15160.0,393.0,12,25,3257003,3257003,3257029,JobState.COMPLETED,1.0,0,0,0,176.53061224489795,176.53061224489795,52959.18367346939
jid_685466,15160.0,393.0,12,27,3257003,3257003,3257031,JobState.COMPLETED,1.0,0,0,0,176.53061224489795,176.53061224489795,57195.91836734694
jid_685475,1267.0,577.0,216,19,3257279,3257279,3257299,JobState.COMPLETED,1.0,0,0,0,176.53061224489795,176.53061224489795,724481.6326530612
jid_685476,1267.0,537.0,320,28,3257305,3257305,3257334,JobState.COMPLETED,1.0,0,0,0,176.53061224489795,176.53061224489795,1581714.285714286
jid_685479,1267.0,577.0,216,19,3257365,3257365,3257385,JobState.COMPLETED,1.0,0,0,0,176.53061224489795,176.53061224489795,724481.6326530612
jid_685484,60473.0,556.0,6,122,3257473,3257473,3257596,JobState.COMPLETED,1.0,0,0,0,176.53061224489795,176.53061224489795,129220.40816326531
jid_685485,154.0,48.0,1,7414,3250198,3250283,3257698,JobState.COMPLETED,1.0,0,0,0,176.5306122448967,176.53061224489795,1308797.959183664
jid_685493,108.0,571.0,1,369,3257488,3257488,3257858,JobState.COMPLETED,1.0,0,0,0,176.530612244898,176.53061224489795,65139.79591836737
jid_685495,15160.0,393.0,12,193,3257700,3257700,3257894,JobState.COMPLETED,0.5193069032459581,0,0,0,117.67023305052551,117.67023305052548,272524.2597450171
jid_685495,15160.0,393.0,12,211,3257700,3257700,3257912,JobState.COMPLETED,0.5191330347977066,0,0,0,117.64894303645389,117.64894303645387,297887.1237683012
jid_685495,15160.0,393.0,12,213,3257700,3257700,3257914,JobState.COMPLETED,0.519318804905206,0,0,0,117.67169039655586,117.67169039655585,300768.8406535968
jid_685495,15160.0,393.0,12,214,3257700,3257700,3257915,JobState.COMPLETED,0.5186708641061859,0,0,0,117.59235070687987,117.59235070687991,301977.1566152675
jid_685495,15160.0,393.0,12,216,3257700,3257700,3257917,JobState.COMPLETED,0.5191095207772296,0,0,0,117.64606376864042,117.64606376864036,304938.597288316
jid_685495,15160.0,393.0,12,218,3257700,3257700,3257919,JobState.COMPLETED,0.518238110181168,0,0,0,117.53936043034717,117.53936043034712,307482.96688578825
jid_685495,15160.0,393.0,12,223,3257700,3257700,3257924,JobState.COMPLETED,0.5181275600765974,0,0,0,117.52582368284862,117.52582368284867,314499.1041753029
jid_685495,15160.0,393.0,12,233,3257700,3257700,3257934,JobState.COMPLETED,0.5177082479044209,0,0,0,117.47447933523524,117.47447933523522,328458.6442213177
jid_685498,15160.0,393.0,12,34,3257965,3257965,3258000,JobState.COMPLETED,0.544930117184537,0,0,0,120.8077694511678,120.8077694511678,49289.56993607646
jid_685498,15160.0,393.0,12,35,3257965,3257965,3258001,JobState.COMPLETED,0.544754008700451,0,0,0,120.78620514699399,120.78620514699399,50730.20616173747
jid_685498,15160.0,393.0,12,37,3257965,3257965,3258003,JobState.COMPLETED,0.5448010288923442,0,0,0,120.79196272151154,120.79196272151154,53631.63144835112
jid_685498,15160.0,393.0,12,37,3257965,3257965,3258003,JobState.COMPLETED,0.5450085423670075,0,0,0,120.81737253473561,120.81737253473561,53642.91340542261
jid_685498,15160.0,393.0,12,37,3257965,3257965,3258003,JobState.COMPLETED,0.5443596068298385,0,0,0,120.7379110403884,120.7379110403884,53607.63250193244
jid_685498,15160.0,393.0,12,38,3257965,3257965,3258004,JobState.COMPLETED,0.5404724373253649,0,0,0,120.26193110106509,120.26193110106509,54839.44058208568
jid_685498,15160.0,393.0,12,38,3257965,3257965,3258004,JobState.COMPLETED,0.5437691172115601,0,0,0,120.66560618917062,120.66560618917062,55023.516422261804
jid_685498,15160.0,393.0,12,38,3257965,3257965,3258004,JobState.COMPLETED,0.5448020040883027,0,0,0,120.79208213326154,120.79208213326154,55081.18945276726
jid_685498,15160.0,393.0,12,39,3257965,3257965,3258005,JobState.COMPLETED,0.5451996688383512,0,0,0,120.84077577612466,120.84077577612466,56553.48306322635
jid_685498,15160.0,393.0,12,39,3257965,3257965,3258005,JobState.COMPLETED,0.5449392653711139,0,0,0,120.80888963727926,120.80888963727926,56538.56035024669
jid_685498,15160.0,393.0,12,40,3257965,3257965,3258006,JobState.COMPLETED,0.5450010506304603,0,0,0,120.81645517924004,120.81645517924004,57991.898486035214
jid_685511,60473.0,556.0,6,123,3258047,3258047,3258171,JobState.COMPLETED,1.0,0,0,0,176.53061224489795,176.53061224489795,130279.59183673469
jid_685510,338.0,393.0,204,41,3258206,3258206,3258248,JobState.COMPLETED,0.540990709984228,0,0,0,120.32539305929323,120.32539305929323,1006401.5875479286
jid_685355,61752.0,140.0,128,8043,3245488,3250460,3258504,JobState.COMPLETED,1.0,0,0,0,176.53061224489778,176.53061224489795,181738971.42857125
jid_685522,15160.0,393.0,12,401,3258149,3258149,3258551,JobState.COMPLETED,0.5162468285290227,0,0,0,117.29553002396204,117.29553002396197,564426.0904753053
jid_685524,1267.0,537.0,320,14,3258537,3258537,3258552,JobState.COMPLETED,1.0,0,0,0,176.53061224489795,176.53061224489795,790857.142857143
jid_685521,15160.0,393.0,12,428,3258127,3258127,3258556,JobState.COMPLETED,0.5168383425132986,0,0,0,117.36796030775078,117.36796030775083,602801.844140608
jid_685521,15160.0,393.0,12,431,3258127,3258127,3258559,JobState.COMPLETED,0.5168045146614463,0,0,0,117.36381812180969,117.36381812180974,607005.6673259997
jid_685521,15160.0,393.0,12,435,3258127,3258127,3258563,JobState.COMPLETED,0.5166076928465273,0,0,0,117.3397174914116,117.33971749141149,612513.3253051686
jid_685521,15160.0,393.0,12,436,3258127,3258127,3258564,JobState.COMPLETED,0.5166787021131566,0,0,0,117.34841250365191,117.34841250365183,613966.8942191069
jid_685521,15160.0,393.0,12,437,3258127,3258127,3258565,JobState.COMPLETED,0.5167350850971733,0,0,0,117.355316542511,117.355316542511,615411.2799489277
jid_685521,15160.0,393.0,12,438,3258127,3258127,3258566,JobState.COMPLETED,0.5166599086250048,0,0,0,117.34611126020472,117.34611126020467,616771.160783636
jid_685522,15160.0,393.0,12,416,3258149,3258149,3258566,JobState.COMPLETED,0.5171728175582752,0,0,0,117.40891643570711,117.40891643570716,586105.3108470499
jid_685521,15160.0,393.0,12,440,3258127,3258127,3258568,JobState.COMPLETED,0.5164861116449699,0,0,0,117.32482999734326,117.32482999734326,619475.1023859724
jid_685522,15160.0,393.0,12,418,3258149,3258149,3258568,JobState.COMPLETED,0.5171630918356879,0,0,0,117.40772553090044,117.40772553090056,588917.1512629965
jid_685521,15160.0,393.0,12,441,3258127,3258127,3258569,JobState.COMPLETED,0.5164253455394956,0,0,0,117.31738924973422,117.31738924973416,620843.6239095936
jid_685522,15160.0,393.0,12,419,3258149,3258149,3258569,JobState.COMPLETED,0.5171813743474662,0,0,0,117.40996420581224,117.40996420581219,590337.300026824
jid_685522,15160.0,393.0,12,420,3258149,3258149,3258570,JobState.COMPLETED,0.5169716915551368,0,0,0,117.38428876185343,117.38428876185348,591616.8153597412
jid_685522,15160.0,393.0,12,422,3258149,3258149,3258572,JobState.COMPLETED,0.5169839150923898,0,0,0,117.38578552151723,117.38578552151712,594441.6178809633
jid_685522,15160.0,393.0,12,424,3258149,3258149,3258574,JobState.COMPLETED,0.5168352179234509,0,0,0,117.36757770491249,117.36757770491236,597166.2353625947
jid_685522,15160.0,393.0,12,424,3258149,3258149,3258574,JobState.COMPLETED,0.5168982991474594,0,0,0,117.37530193642364,117.37530193642361,597205.5362525235
jid_685521,15160.0,393.0,12,447,3258127,3258127,3258575,JobState.COMPLETED,0.5163935742696644,0,0,0,117.31349889016307,117.31349889016299,629269.6080468347
jid_685522,15160.0,393.0,12,426,3258149,3258149,3258576,JobState.COMPLETED,0.516774406527579,0,0,0,117.36013141154034,117.3601314115403,599944.9917757942
jid_685522,15160.0,393.0,12,426,3258149,3258149,3258576,JobState.COMPLETED,0.5168568124963027,0,0,0,117.37022193832291,117.37022193832279,599996.5745487068
jid_685522,15160.0,393.0,12,432,3258149,3258149,3258582,JobState.COMPLETED,0.5166792047593636,0,0,0,117.34847405216702,117.34847405216698,608334.4894864338
jid_685527,15160.0,393.0,12,53,3258595,3258595,3258649,JobState.COMPLETED,0.5363308767588454,0,0,0,119.75480123577698,119.75480123577698,76164.05358595416
jid_685527,15160.0,393.0,12,53,3258595,3258595,3258649,JobState.COMPLETED,0.5366256829063668,0,0,0,119.7908999477184,119.79089994771839,76187.01236674891
jid_685527,15160.0,393.0,12,54,3258595,3258595,3258650,JobState.COMPLETED,0.5364266837299487,0,0,0,119.76653270162639,119.76653270162639,77608.7131906539
jid_685527,15160.0,393.0,12,57,3258595,3258595,3258653,JobState.COMPLETED,0.5367816293837535,0,0,0,119.80999543474535,119.80999543474532,81950.03687736581
jid_685527,15160.0,393.0,12,58,3258595,3258595,3258654,JobState.COMPLETED,0.5365404546234723,0,0,0,119.78046383144557,119.7804638314456,83367.20282668612
jid_685527,15160.0,393.0,12,58,3258595,3258595,3258654,JobState.COMPLETED,0.5363051822461514,0,0,0,119.75165496891651,119.75165496891651,83347.15185836589
jid_685527,15160.0,393.0,12,58,3258595,3258595,3258654,JobState.COMPLETED,0.5362925519499019,0,0,0,119.7501084020288,119.7501084020288,83346.07544781204
jid_685527,15160.0,393.0,12,58,3258595,3258595,3258654,JobState.COMPLETED,0.5364439017334335,0,0,0,119.7686410285837,119.7686410285837,83358.97415589425
jid_685527,15160.0,393.0,12,59,3258595,3258595,3258655,JobState.COMPLETED,0.5363454450978137,0,0,0,119.756585114018,119.75658511401802,84787.66226072474
jid_685527,15160.0,393.0,12,59,3258595,3258595,3258655,JobState.COMPLETED,0.5364508086604146,0,0,0,119.76948677474464,119.76948677474464,84796.7966365192
jid_685527,15160.0,393.0,12,59,3258595,3258595,3258655,JobState.COMPLETED,0.5366444673223486,0,0,0,119.79320008028759,119.79320008028759,84813.58565684361
jid_685527,15160.0,393.0,12,59,3258595,3258595,3258655,JobState.COMPLETED,0.5362228902548625,0,0,0,119.74157839855462,119.74157839855461,84777.03750617667
jid_685527,15160.0,393.0,12,60,3258595,3258595,3258656,JobState.COMPLETED,0.5367309782214564,0,0,0,119.80379325160692,119.80379325160692,86258.73114115698
jid_685528,15160.0,393.0,12,56,3258607,3258607,3258664,JobState.COMPLETED,0.5369906225787104,0,0,0,119.83558643820942,119.83558643820943,80529.51408647673
jid_685528,15160.0,393.0,12,56,3258607,3258607,3258664,JobState.COMPLETED,0.5372080659622237,0,0,0,119.86221215863965,119.86221215863964,80547.40657060585
jid_685528,15160.0,393.0,12,57,3258607,3258607,3258665,JobState.COMPLETED,0.5371911911315571,0,0,0,119.86014585284373,119.86014585284373,81984.33976334511
jid_685528,15160.0,393.0,12,57,3258607,3258607,3258665,JobState.COMPLETED,0.536968337469872,0,0,0,119.8328576493721,119.83285764937209,81965.67463217051
jid_685528,15160.0,393.0,12,57,3258607,3258607,3258665,JobState.COMPLETED,0.537417776845374,0,0,0,119.88789104229069,119.88789104229069,82003.31747292684
jid_685528,15160.0,393.0,12,57,3258607,3258607,3258665,JobState.COMPLETED,0.5368392055707922,0,0,0,119.817045580097,119.817045580097,81954.85917678635
jid_685528,15160.0,393.0,12,57,3258607,3258607,3258665,JobState.COMPLETED,0.5370804026570696,0,0,0,119.84657991719222,119.84657991719219,81975.06066335947
jid_685528,15160.0,393.0,12,57,3258607,3258607,3258665,JobState.COMPLETED,0.5372832106070525,0,0,0,119.87141354372072,119.87141354372072,81992.04686390498
jid_685528,15160.0,393.0,12,57,3258607,3258607,3258665,JobState.COMPLETED,0.5372120034190349,0,0,0,119.86269429620835,119.86269429620835,81986.0828986065
jid_685528,15160.0,393.0,12,58,3258607,3258607,3258666,JobState.COMPLETED,0.5368657076118393,0,0,0,119.82029072798031,119.82029072798032,83394.9223466743
jid_685528,15160.0,393.0,12,59,3258607,3258607,3258667,JobState.COMPLETED,0.5357570847555775,0,0,0,119.68454099047888,119.68454099047888,84736.65502125905
jid_685531,276.0,130.0,2,5,3258711,3258711,3258717,JobState.COMPLETED,1.0,0,0,0,176.53061224489795,176.53061224489795,1765.3061224489795
jid_685536,60327.0,432.0,64,29072,3229745,3229745,3258818,JobState.COMPLETED,1.0,0,0,0,176.53061224490736,176.53061224489795,328454269.3877726
jid_685348,43039.0,140.0,128,7859,3245600,3250989,3258849,JobState.COMPLETED,1.0,0,0,0,176.53061224489747,176.53061224489795,177581322.4489791
jid_685355,62633.0,140.0,128,8503,3245489,3250460,3258964,JobState.COMPLETED,1.0,0,0,0,176.53061224489852,176.53061224489795,192133093.87755165
jid_685362,60474.0,140.0,128,7996,3245665,3250989,3258986,JobState.COMPLETED,1.0,0,0,0,176.53061224489772,176.53061224489795,180676963.26530588
jid_685376,43160.0,140.0,128,8010,3245552,3250989,3259000,JobState.COMPLETED,1.0,0,0,0,176.53061224489775,176.53061224489795,180993306.12244877
jid_685376,43192.0,140.0,128,8017,3245552,3250989,3259007,JobState.COMPLETED,1.0,0,0,0,176.53061224489775,176.53061224489795,181151477.5510202
jid_685355,62615.0,140.0,128,8019,3245489,3250989,3259009,JobState.COMPLETED,1.0,0,0,0,176.53061224489775,176.53061224489795,181196669.3877549
jid_685362,60311.0,140.0,128,8023,3245664,3250989,3259013,JobState.COMPLETED,1.0,0,0,0,176.53061224489775,176.53061224489795,181287053.06122428
jid_685362,60420.0,140.0,128,8027,3245664,3250989,3259017,JobState.COMPLETED,1.0,0,0,0,176.53061224489775,176.53061224489795,181377436.73469368
jid_685540,108.0,530.0,1,51,3259052,3259052,3259104,JobState.COMPLETED,1.0,0,0,0,176.53061224489795,176.53061224489795,9003.061224489795
jid_685356,25.0,44.0,26,5920,3247592,3253210,3259131,JobState.COMPLETED,1.0,0,0,0,176.53061224489764,176.53061224489795,27171591.836734645
jid_685474,1267.0,577.0,60,8150,3249143,3250989,3259140,JobState.COMPLETED,1.0,0,0,0,176.5306122448952,176.53061224489795,86323469.38775374
jid_685550,60330.0,432.0,64,29565,3229744,3229744,3259310,JobState.COMPLETED,1.0,0,0,0,176.53061224490742,176.53061224489795,334024163.265324
jid_685550,60330.0,432.0,64,29611,3229744,3229744,3259356,JobState.COMPLETED,1.0,0,0,0,176.53061224490742,176.53061224489795,334543869.38777304
jid_681665,43536.0,140.0,128,8501,3245750,3250989,3259491,JobState.COMPLETED,1.0,0,0,0,176.53061224489852,176.53061224489795,192087902.04081693
jid_685554,1469.0,159.0,30,1278,3258389,3258389,3259668,JobState.COMPLETED,1.0,0,0,0,176.53061224489818,176.53061224489795,6768183.673469396
jid_685554,1469.0,159.0,30,1307,3258389,3258389,3259697,JobState.COMPLETED,1.0,0,0,0,176.5306122448982,176.53061224489795,6921765.306122459
jid_681665,55763.0,140.0,128,8719,3245751,3250989,3259709,JobState.COMPLETED,1.0,0,0,0,176.5306122448988,176.53061224489795,197013812.24489892
jid_685559,108.0,530.0,1,48,3259645,3259668,3259717,JobState.COMPLETED,1.0,0,0,0,176.53061224489795,176.53061224489795,8473.469387755102
jid_685572,60338.0,197.0,64,31996,3227925,3227925,3259922,JobState.COMPLETED,1.0,0,0,0,176.5306122449035,176.53061224489795,361489502.04082763
jid_685376,42237.0,140.0,128,8938,3245551,3250989,3259928,JobState.COMPLETED,1.0,0,0,0,176.53061224489912,176.53061224489795,201962318.36734825
jid_685579,60331.0,432.0,64,30195,3229743,3229743,3259939,JobState.COMPLETED,1.0,0,0,0,176.5306122449065,176.53061224489795,341141877.55103695
jid_681665,55762.0,140.0,128,8986,3245751,3250989,3259976,JobState.COMPLETED,1.0,0,0,0,176.53061224489917,176.53061224489795,203046922.448981
jid_685849,14965.0,262.0,4,0,3259770,3259976,3259976,JobState.COMPLETED,1.0,0,0,0,176.53061224489795,176.53061224489795,0.0
jid_685849,14975.0,262.0,4,0,3259771,3259977,3259978,JobState.COMPLETED,1.0,0,0,0,176.53061224489795,176.53061224489795,0.0
jid_685849,15093.0,262.0,4,0,3259771,3259978,3259979,JobState.COMPLETED,1.0,0,0,0,176.53061224489795,176.53061224489795,0.0
jid_685849,14974.0,262.0,4,0,3259771,3259979,3259979,JobState.COMPLETED,1.0,0,0,0,176.53061224489795,176.53061224489795,0.0
jid_685849,15100.0,262.0,4,0,3259772,3259980,3259980,JobState.COMPLETED,1.0,0,0,0,176.53061224489795,176.53061224489795,0.0
jid_685849,15102.0,262.0,4,0,3259773,3259981,3259981,JobState.COMPLETED,1.0,0,0,0,176.53061224489795,176.53061224489795,0.0
jid_685849,15109.0,262.0,4,0,3259774,3259982,3259982,JobState.COMPLETED,1.0,0,0,0,176.53061224489795,176.53061224489795,0.0
jid_685849,14992.0,262.0,4,0,3259775,3259983,3259983,JobState.COMPLETED,1.0,0,0,0,176.53061224489795,176.53061224489795,0.0
jid_685849,14994.0,262.0,4,0,3259775,3259984,3259984,JobState.COMPLETED,1.0,0,0,0,176.53061224489795,176.53061224489795,0.0
jid_685849,15112.0,262.0,4,0,3259775,3259985,3259985,JobState.COMPLETED,1.0,0,0,0,176.53061224489795,176.53061224489795,0.0
jid_685572,60338.0,197.0,64,32061,3227926,3227926,3259988,JobState.COMPLETED,1.0,0,0,0,176.53061224490338,176.53061224489795,362223869.38776624
jid_685348,43150.0,140.0,128,9048,3245600,3250989,3260038,JobState.COMPLETED,1.0,0,0,0,176.53061224489926,176.53061224489795,204447869.38775662
jid_685554,1469.0,159.0,30,1686,3258389,3258389,3260076,JobState.COMPLETED,1.0,0,0,0,176.53061224489846,176.53061224489795,8928918.367346965
jid_685580,14997.0,393.0,208,151,3259917,3259939,3260091,JobState.COMPLETED,0.5349226319571788,0,0,0,119.58236309679737,119.58236309679741,3755842.860144212
jid_685584,61545.0,557.0,2,8,3260126,3260126,3260135,JobState.COMPLETED,1.0,0,0,0,176.53061224489795,176.53061224489795,2824.4897959183672
jid_685587,108.0,530.0,1,50,3260118,3260118,3260169,JobState.COMPLETED,1.0,0,0,0,176.53061224489795,176.53061224489795,8826.530612244898
jid_685628,61549.0,262.0,2,1065,3259482,3259482,3260548,JobState.COMPLETED,0.6933634107988608,0,0,0,138.98327479169714,138.98327479169723,296034.3753063149
jid_685630,61550.0,262.0,2,1113,3259477,3259477,3260591,JobState.COMPLETED,0.6928163200603095,0,0,0,138.91628408901718,138.9162840890175,309227.64838215226
jid_685641,61559.0,262.0,2,1112,3259494,3259494,3260607,JobState.COMPLETED,0.6941046047010119,0,0,0,139.07403322869513,139.07403322869533,309300.64990061795
jid_685579,60331.0,432.0,64,30870,3229743,3229743,3260614,JobState.COMPLETED,1.0,0,0,0,176.53061224490534,176.53061224489795,348768000.0000146
jid_685649,61566.0,262.0,2,1129,3259492,3259492,3260622,JobState.COMPLETED,0.6910043330200323,0,0,0,138.69440812490208,138.69440812490194,313171.9735460289
jid_685647,61564.0,262.0,2,1151,3259477,3259477,3260629,JobState.COMPLETED,0.687611991577395,0,0,0,138.27901937682364,138.2790193768239,318318.302605448
jid_685660,61576.0,262.0,2,1153,3259482,3259482,3260636,JobState.COMPLETED,0.6867419076321746,0,0,0,138.17247848557238,138.17247848557238,318625.73538772995
jid_685661,61577.0,262.0,2,1162,3259476,3259476,3260639,JobState.COMPLETED,0.6936747734425768,0,0,0,139.02140082970297,139.02140082970328,323085.7355282297
jid_685655,61572.0,262.0,2,1162,3259476,3259476,3260639,JobState.COMPLETED,0.6946359333448987,0,0,0,139.13909387896683,139.13909387896717,323359.2541747189
jid_685667,61583.0,262.0,2,1156,3259486,3259486,3260643,JobState.COMPLETED,0.6953877050045385,0,0,0,139.23114755157619,139.23114755157616,321902.41313924413
jid_685692,61607.0,262.0,2,1156,3259490,3259490,3260647,JobState.COMPLETED,0.695234777926507,0,0,0,139.212421786919,139.21242178691924,321859.1191713567
jid_685684,61599.0,262.0,2,1169,3259478,3259478,3260648,JobState.COMPLETED,0.6843820880003404,0,0,0,137.8835209796339,137.88352097963352,322371.67205038405
jid_685687,61602.0,262.0,2,1166,3259481,3259481,3260648,JobState.COMPLETED,0.6928879777995345,0,0,0,138.92505850606543,138.92505850606543,323973.23643614457
jid_685714,61628.0,262.0,2,1157,3259492,3259492,3260650,JobState.COMPLETED,0.6867424534511631,0,0,0,138.17254532055077,138.1725453205506,319731.26987175446
jid_685713,61627.0,262.0,2,1157,3259494,3259494,3260652,JobState.COMPLETED,0.6950568024756517,0,0,0,139.19062887456994,139.1906288745696,322087.11521575483
jid_685715,61629.0,262.0,2,1173,3259481,3259481,3260655,JobState.COMPLETED,0.6919895204964692,0,0,0,138.8150433260981,138.81504332609828,325660.09164302616
jid_685756,61670.0,262.0,2,1164,3259492,3259492,3260657,JobState.COMPLETED,0.6932391134259898,0,0,0,138.96805470522307,138.96805470522324,323517.6313537593
jid_685752,61666.0,262.0,2,1166,3259492,3259492,3260659,JobState.COMPLETED,0.693362622636592,0,0,0,138.98317828203145,138.9831782820317,324108.7717536973
jid_685749,61663.0,262.0,2,1177,3259483,3259483,3260661,JobState.COMPLETED,0.691067343442844,0,0,0,138.7021236868787,138.70212368687888,326504.7991589125
jid_685746,61660.0,262.0,2,1166,3259495,3259495,3260662,JobState.COMPLETED,0.6928774463286541,0,0,0,138.92376893820256,138.92376893820256,323970.2291638884
jid_685741,61655.0,262.0,2,1165,3259496,3259496,3260662,JobState.COMPLETED,0.6933547406324733,0,0,0,138.98221313867,138.9822131386702,323828.5566131011
jid_685765,61678.0,262.0,2,1180,3259486,3259486,3260667,JobState.COMPLETED,0.6907472585479673,0,0,0,138.66292961811826,138.66292961811843,327244.5138987591
jid_685790,61703.0,262.0,2,1171,3259495,3259495,3260667,JobState.COMPLETED,0.6977142729957097,0,0,0,139.51603342804626,139.5160334280461,326746.5502884843
jid_685760,61674.0,262.0,2,1189,3259480,3259480,3260670,JobState.COMPLETED,0.6945691068215105,0,0,0,139.13091103936864,139.13091103936864,330853.3064516186
jid_685772,61685.0,262.0,2,1178,3259491,3259491,3260670,JobState.COMPLETED,0.6964350712936035,0,0,0,139.35939648493138,139.35939648493104,328330.73811849835
jid_685771,61684.0,262.0,2,1187,3259485,3259485,3260673,JobState.COMPLETED,0.6945369306154394,0,0,0,139.12697109576777,139.1269710957681,330287.4293813527
jid_685781,61694.0,262.0,2,1185,3259487,3259487,3260673,JobState.COMPLETED,0.690131343032158,0,0,0,138.58751139169317,138.5875113916928,328452.4019983128
jid_685783,61696.0,262.0,2,1184,3259489,3259489,3260674,JobState.COMPLETED,0.6903048323308701,0,0,0,138.60875497929013,138.6087549792902,328225.531790959
jid_685798,61711.0,262.0,2,1195,3259486,3259486,3260682,JobState.COMPLETED,0.6884173661177867,0,0,0,138.3776366674843,138.37763666748407,330722.55163528747
jid_685835,61543.0,578.0,1,5,3260677,3260677,3260683,JobState.COMPLETED,1.0,0,0,0,176.53061224489795,176.53061224489795,882.6530612244898
jid_685815,61728.0,262.0,2,1208,3259483,3259483,3260692,JobState.COMPLETED,0.6835324032774394,0,0,0,137.7794779523393,137.77947795233953,332875.2187328518
jid_685826,61739.0,262.0,2,1204,3259493,3259493,3260698,JobState.COMPLETED,0.6879969722881898,0,0,0,138.3261598720236,138.32615987202325,333089.3929718328
jid_685825,61738.0,262.0,2,1212,3259488,3259488,3260701,JobState.COMPLETED,0.6860875618932433,0,0,0,138.09235451753966,138.09235451754,334735.86735051614
jid_685827,61740.0,262.0,2,1222,3259481,3259481,3260704,JobState.COMPLETED,0.6846112832641347,0,0,0,137.91158570581274,137.9115857058124,337055.9154650063
jid_685831,61744.0,262.0,2,1210,3259493,3259493,3260704,JobState.COMPLETED,0.6784515258779223,0,0,0,137.15732969933742,137.15732969933742,331920.7378723966
jid_685832,61745.0,262.0,2,1233,3259487,3259487,3260721,JobState.COMPLETED,0.6826268054460949,0,0,0,137.66858842197104,137.6685884219708,339490.7390485806
jid_685833,61746.0,262.0,2,1244,3259480,3259480,3260725,JobState.COMPLETED,0.6811595325210096,0,0,0,137.48892234951165,137.4889223495114,342072.43880558497
jid_685635,61755.0,262.0,2,1122,3259550,3259668,3260791,JobState.COMPLETED,0.6917856603963807,0,0,0,138.79008086486286,138.79008086486294,311444.9414607523
jid_685684,61776.0,262.0,2,1141,3259552,3259668,3260810,JobState.COMPLETED,0.6892099779189026,0,0,0,138.47469117374348,138.4746911737432,315999.24525848264
jid_685775,61769.0,262.0,2,1107,3259571,3259709,3260817,JobState.COMPLETED,0.694623319267282,0,0,0,139.1375492980347,139.13754929803454,308050.5341458489
jid_681665,43772.0,140.0,128,9838,3245750,3250989,3260828,JobState.COMPLETED,1.0,0,0,0,176.5306122449002,176.53061224489795,222298644.897962
jid_685726,61815.0,262.0,2,1159,3259553,3259668,3260828,JobState.COMPLETED,0.6940892745298926,0,0,0,139.072156064885,139.07215606488478,322369.25775840343
jid_685761,61675.0,262.0,2,1160,3259496,3259668,3260829,JobState.COMPLETED,0.6859097038452338,0,0,0,138.0705759810494,138.07057598104905,320323.73627603456
jid_685767,61680.0,262.0,2,1160,3259496,3259668,3260829,JobState.COMPLETED,0.6940670046080372,0,0,0,139.06942913567775,139.069429135678,322641.0755947724
jid_685743,61657.0,262.0,2,1163,3259498,3259668,3260832,JobState.COMPLETED,0.6946495368264376,0,0,0,139.14075961140045,139.1407596114005,323641.4068561175
jid_685708,61825.0,262.0,2,1169,3259554,3259668,3260838,JobState.COMPLETED,0.6922523391348514,0,0,0,138.84722520018616,138.8472252001859,324624.81251803524
jid_685797,61798.0,262.0,2,1129,3259566,3259709,3260839,JobState.COMPLETED,0.691024996425982,0,0,0,138.69693833787505,138.69693833787534,313177.6867669219
jid_685798,61837.0,262.0,2,1142,3259559,3259697,3260840,JobState.COMPLETED,0.6883845822792461,0,0,0,138.373622319908,138.3736223199077,316045.3533786699
jid_685448,60423.0,54.0,2816,7631,3248812,3253210,3260842,JobState.COMPLETED,1.0,0,0,0,176.53061224489966,176.53061224489795,3793447967.3469753
jid_685748,61997.0,262.0,2,1132,3259609,3259709,3260842,JobState.COMPLETED,0.6903800885601785,0,0,0,138.6179700277771,138.61797002777695,313831.0841428873
jid_685690,61768.0,262.0,2,1134,3259561,3259709,3260844,JobState.COMPLETED,0.6899479567311173,0,0,0,138.56505592625942,138.56505592625928,314265.5468407564
jid_685793,61706.0,262.0,2,1176,3259498,3259668,3260845,JobState.COMPLETED,0.6922252693629871,0,0,0,138.84391053424363,138.84391053424332,326560.87757654104
jid_685789,61828.0,262.0,2,1136,3259568,3259709,3260846,JobState.COMPLETED,0.6897524848627248,0,0,0,138.5411205954355,138.54112059543567,314765.42599282943
jid_685637,61959.0,262.0,2,1136,3259593,3259709,3260846,JobState.COMPLETED,0.6897462614299299,0,0,0,138.54035854244066,138.5403585424404,314763.6946084252
jid_685686,61842.0,262.0,2,1180,3259552,3259668,3260849,JobState.COMPLETED,0.6910749746616939,0,0,0,138.70305812184037,138.70305812184006,327339.21716754325
jid_685679,62304.0,262.0,2,1140,3259625,3259709,3260850,JobState.COMPLETED,0.688556257462395,0,0,0,138.39464377090553,138.39464377090553,315539.78779766464
jid_685812,61852.0,262.0,2,1141,3259571,3259709,3260851,JobState.COMPLETED,0.6891987622720716,0,0,0,138.47331782923348,138.47331782923325,315996.1112863108
jid_685801,61714.0,262.0,2,1183,3259497,3259668,3260852,JobState.COMPLETED,0.6905403563768235,0,0,0,138.63759465838663,138.63759465838658,328016.5489617428
jid_685776,61819.0,262.0,2,1144,3259564,3259709,3260854,JobState.COMPLETED,0.6967813611799774,0,0,0,139.4017993281609,139.4017993281605,318951.3168628322
jid_685796,62106.0,262.0,2,1147,3259606,3259709,3260857,JobState.COMPLETED,0.6965249076146015,0,0,0,139.3703968507674,139.37039685076755,319715.69037566043
jid_685830,62104.0,262.0,2,1149,3259599,3259709,3260859,JobState.COMPLETED,0.6965029263227976,0,0,0,139.367705264016,139.36770526401602,320266.9866967088
jid_685782,61834.0,262.0,2,1151,3259566,3259709,3260861,JobState.COMPLETED,0.6961033319565706,0,0,0,139.3187753416206,139.3187753416209,320711.8208364106
jid_685687,61799.0,262.0,2,1165,3259554,3259697,3260863,JobState.COMPLETED,0.6928144614827089,0,0,0,138.91605650808705,138.9160565080868,323674.41166384285
jid_685822,62117.0,262.0,2,1153,3259590,3259709,3260863,JobState.COMPLETED,0.6955852383332005,0,0,0,139.25533530610653,139.2553353061062,321122.80321588163
jid_685779,62252.0,262.0,2,1153,3259623,3259709,3260863,JobState.COMPLETED,0.6959923410898372,0,0,0,139.30518462324508,139.30518462324537,321237.75574120315
jid_685819,61732.0,262.0,2,1195,3259498,3259668,3260864,JobState.COMPLETED,0.688627245427576,0,0,0,138.40333617480564,138.40333617480522,330783.9734577855
jid_685735,61838.0,262.0,2,1166,3259558,3259697,3260864,JobState.COMPLETED,0.6927486183170304,0,0,0,138.90799407963638,138.90799407963638,323933.44219371205
jid_685753,61820.0,262.0,2,1154,3259564,3259709,3260864,JobState.COMPLETED,0.695628521280102,0,0,0,139.26063525878814,139.260635258788,321413.54617728305
jid_685773,61845.0,262.0,2,1154,3259569,3259709,3260864,JobState.COMPLETED,0.6951112828682184,0,0,0,139.19729994304723,139.19729994304717,321267.368268553
jid_685707,62022.0,262.0,2,1154,3259592,3259709,3260864,JobState.COMPLETED,0.6952498167446151,0,0,0,139.21426327485094,139.21426327485085,321306.51963835594
jid_685747,61851.0,262.0,2,1168,3259560,3259697,3260866,JobState.COMPLETED,0.6933903696438845,0,0,0,138.98657587476157,138.98657587476137,324672.641243443
jid_685781,61848.0,262.0,2,1156,3259560,3259709,3260866,JobState.COMPLETED,0.6946719835551346,0,0,0,139.14350819042423,139.14350819042465,321699.79093626083
jid_685823,61736.0,262.0,2,1198,3259497,3259668,3260867,JobState.COMPLETED,0.6930823008611467,0,0,0,138.94885316667072,138.94885316667103,332921.45218734303
jid_685755,61862.0,262.0,2,1169,3259556,3259697,3260867,JobState.COMPLETED,0.6922204249221349,0,0,0,138.84331733740464,138.84331733740427,324615.67593485204
jid_685746,61823.0,262.0,2,1157,3259568,3259709,3260867,JobState.COMPLETED,0.6944845940926906,0,0,0,139.12056254196239,139.1205625419621,321924.981722101
jid_685638,61792.0,262.0,2,1199,3259552,3259668,3260868,JobState.COMPLETED,0.6799560448446178,0,0,0,137.3415565115861,137.34155651158585,329345.05251478346
jid_685749,61867.0,262.0,2,1170,3259556,3259697,3260868,JobState.COMPLETED,0.6926789987937249,0,0,0,138.89946924004823,138.89946924004795,325024.7580217129
jid_685694,61822.0,262.0,2,1170,3259559,3259697,3260868,JobState.COMPLETED,0.6917633975813846,0,0,0,138.78735480588364,138.78735480588384,324762.41024576774
jid_685701,61795.0,262.0,2,1158,3259561,3259709,3260868,JobState.COMPLETED,0.6945266442058528,0,0,0,139.1257115354107,139.12571153541055,322215.14791601116
jid_685754,61830.0,262.0,2,1158,3259561,3259709,3260868,JobState.COMPLETED,0.6945142901865166,0,0,0,139.12419879834863,139.12419879834897,322211.64441697544
jid_685778,61950.0,262.0,2,1158,3259564,3259709,3260868,JobState.COMPLETED,0.6946367100267713,0,0,0,139.13918898287008,139.13918898286994,322246.36168432713
jid_685753,62005.0,262.0,2,1158,3259602,3259709,3260868,JobState.COMPLETED,0.6948557143529587,0,0,0,139.1660058391375,139.1660058391378,322308.4695234425
jid_685775,61973.0,262.0,2,1159,3259609,3259709,3260869,JobState.COMPLETED,0.6941289111327383,0,0,0,139.07700952645789,139.07700952645777,322380.50808232935
jid_685680,61813.0,262.0,2,1172,3259555,3259697,3260870,JobState.COMPLETED,0.692147137741594,0,0,0,138.83434339692974,138.83434339692988,325427.7009224033
jid_685732,62062.0,262.0,2,1161,3259603,3259709,3260871,JobState.COMPLETED,0.6938836145973344,0,0,0,139.046973216,139.04697321600014,322867.071807552
jid_685817,62270.0,262.0,2,1161,3259622,3259709,3260871,JobState.COMPLETED,0.6939623853781413,0,0,0,139.05661861773126,139.0566186177316,322889.468430372
jid_685829,61938.0,262.0,2,1174,3259558,3259697,3260872,JobState.COMPLETED,0.6916545251852522,0,0,0,138.77402349207148,138.77402349207168,325841.4071593838
jid_685716,62046.0,262.0,2,1162,3259596,3259709,3260872,JobState.COMPLETED,0.6935383036008286,0,0,0,139.00469023683593,139.00469023683615,323046.9001104067
jid_685797,62002.0,262.0,2,1162,3259604,3259709,3260872,JobState.COMPLETED,0.6936387722249013,0,0,0,139.01699251733453,139.01699251733487,323075.49061028543
jid_685667,61808.0,262.0,2,1175,3259559,3259697,3260873,JobState.COMPLETED,0.6912348812270481,0,0,0,138.72263851759806,138.72263851759772,325998.20051635546
jid_685769,62061.0,262.0,2,1163,3259587,3259709,3260873,JobState.COMPLETED,0.6940741168577759,0,0,0,139.07030002340082,139.07030002340113,323477.5178544303
jid_685718,62008.0,262.0,2,1163,3259600,3259709,3260873,JobState.COMPLETED,0.6937112553943049,0,0,0,139.0258680074658,139.0258680074659,323374.1689853654
jid_685724,62001.0,262.0,2,1165,3259600,3259709,3260875,JobState.COMPLETED,0.6933787878210077,0,0,0,138.98515769236835,138.98515769236832,323835.41742321826
jid_685799,62068.0,262.0,2,1165,3259601,3259709,3260875,JobState.COMPLETED,0.6935541269263901,0,0,0,139.0066277869047,139.00662778690491,323885.44274348795
jid_685745,61894.0,262.0,2,1178,3259556,3259697,3260876,JobState.COMPLETED,0.6907561694439506,0,0,0,138.66402074823918,138.66402074823884,326692.4328828515
jid_685740,62076.0,262.0,2,1166,3259596,3259709,3260876,JobState.COMPLETED,0.6935284036900675,0,0,0,139.00347800286542,139.00347800286542,324156.11070268217
jid_685643,61978.0,262.0,2,1167,3259589,3259709,3260877,JobState.COMPLETED,0.6931046396448065,0,0,0,138.95158852793574,138.95158852793548,324313.007624202
jid_685830,61935.0,262.0,2,1168,3259561,3259709,3260878,JobState.COMPLETED,0.6926926878034673,0,0,0,138.90114544532287,138.90114544532253,324473.0757602742
jid_685635,61961.0,262.0,2,1168,3259588,3259709,3260878,JobState.COMPLETED,0.6931130123768909,0,0,0,138.95261376043538,138.95261376043564,324593.3057443771
jid_685715,62013.0,262.0,2,1168,3259591,3259709,3260878,JobState.COMPLETED,0.6926599192040698,0,0,0,138.89713296376394,138.89713296376365,324463.70260335255
jid_685813,62102.0,262.0,2,1169,3259601,3259709,3260879,JobState.COMPLETED,0.6928577349041918,0,0,0,138.92135529439102,138.92135529439085,324798.1286782862
jid_685794,61920.0,262.0,2,1182,3259557,3259697,3260880,JobState.COMPLETED,0.6904272365116666,0,0,0,138.62374324632628,138.6237432463265,327706.5290343153
jid_685763,61881.0,262.0,2,1170,3259562,3259709,3260880,JobState.COMPLETED,0.6924502656952781,0,0,0,138.87146110554397,138.87146110554428,324959.2189869729
jid_685827,62130.0,262.0,2,1170,3259591,3259709,3260880,JobState.COMPLETED,0.6846756755944406,0,0,0,137.9194704809521,137.91947048095193,322731.56092542794
jid_685733,62058.0,262.0,2,1170,3259607,3259709,3260880,JobState.COMPLETED,0.6928996142489301,0,0,0,138.9264833774197,138.92648337742003,325087.97110316204
jid_685711,61873.0,262.0,2,1184,3259556,3259697,3260882,JobState.COMPLETED,0.6902431456510042,0,0,0,138.60120150828652,138.60120150828624,328207.6451716225
jid_685669,61831.0,262.0,2,1172,3259566,3259709,3260882,JobState.COMPLETED,0.683551405610547,0,0,0,137.78180476863818,137.7818047686384,322960.5503776879
jid_685808,62131.0,262.0,2,1172,3259605,3259709,3260882,JobState.COMPLETED,0.6920824701750635,0,0,0,138.8264249193958,138.82642491939552,325409.1400110638
jid_685699,62031.0,262.0,2,1173,3259590,3259709,3260883,JobState.COMPLETED,0.6917947481514375,0,0,0,138.79119365119686,138.79119365119644,325604.1403057078
jid_685825,61937.0,262.0,2,1174,3259561,3259709,3260884,JobState.COMPLETED,0.6918135876831845,0,0,0,138.79350053263454,138.79350053263485,325887.1392506259
jid_685656,61908.0,262.0,2,1216,3259551,3259668,3260885,JobState.COMPLETED,0.68539519282442,0,0,0,138.00757463156157,138.00757463156162,335634.4215039577
jid_685675,61847.0,262.0,2,1187,3259555,3259697,3260885,JobState.COMPLETED,0.6896661009042735,0,0,0,138.53054296787016,138.53054296787025,328871.50900572375
jid_685782,62054.0,262.0,2,1176,3259603,3259709,3260886,JobState.COMPLETED,0.691637748383122,0,0,0,138.7719691897696,138.77196918977003,326391.6715343381
jid_685803,62154.0,262.0,2,1176,3259605,3259709,3260886,JobState.COMPLETED,0.6916698016610056,0,0,0,138.7758940809398,138.77589408093945,326400.90287837037
jid_685815,61944.0,262.0,2,1191,3259557,3259697,3260889,JobState.COMPLETED,0.6888489165004413,0,0,0,138.43047957148292,138.4304795714826,329741.4023392723
jid_685781,62073.0,262.0,2,1179,3259598,3259709,3260889,JobState.COMPLETED,0.6908706672679484,0,0,0,138.6780408899526,138.67804088995285,327002.8204185082
jid_685820,62072.0,262.0,2,1179,3259606,3259709,3260889,JobState.COMPLETED,0.6907108468829741,0,0,0,138.65847104689456,138.6584710468948,326956.6747285774
jid_685793,62128.0,262.0,2,1179,3259609,3259709,3260889,JobState.COMPLETED,0.6959137634494923,0,0,0,139.29556287136623,139.2955628713664,328458.93725068157
jid_685778,62155.0,262.0,2,1181,3259602,3259709,3260891,JobState.COMPLETED,0.690898968282633,0,0,0,138.68150632032265,138.68150632032243,327565.7179286021
jid_685808,61934.0,262.0,2,1182,3259568,3259709,3260892,JobState.COMPLETED,0.6957210018926596,0,0,0,139.27195941542772,139.2719594154277,329238.9120580711
jid_685802,62124.0,262.0,2,1182,3259595,3259709,3260892,JobState.COMPLETED,0.6957444756056573,0,0,0,139.27483374763148,139.27483374763153,329245.7069794008
jid_685642,61786.0,262.0,2,1184,3259566,3259709,3260894,JobState.COMPLETED,0.69046787181489,0,0,0,138.62871899774146,138.62871899774166,328272.8065866518
jid_685779,62103.0,262.0,2,1185,3259588,3259709,3260895,JobState.COMPLETED,0.6896438910042972,0,0,0,138.52782338828146,138.5278233882813,328310.9414302271
jid_685672,61840.0,262.0,2,1186,3259561,3259709,3260896,JobState.COMPLETED,0.6949452572491103,0,0,0,139.17697027540103,139.17697027540126,330127.77349325124
jid_685663,62322.0,262.0,2,1179,3259626,3259717,3260897,JobState.COMPLETED,0.6910177986044881,0,0,0,138.69605697197778,138.69605697197812,327045.3023399236
jid_685633,62137.0,262.0,2,1188,3259590,3259709,3260898,JobState.COMPLETED,0.6897498989177206,0,0,0,138.54080394910855,138.54080394910864,329172.9501830819
jid_685642,62024.0,262.0,2,1190,3259603,3259709,3260900,JobState.COMPLETED,0.6890323508515895,0,0,0,138.4529409206026,138.4529409206028,329517.9993910342
jid_685665,61860.0,262.0,2,1194,3259568,3259709,3260904,JobState.COMPLETED,0.6851146166715179,0,0,0,137.97321836794075,137.97321836794094,329480.0454626425
jid_685818,62133.0,262.0,2,1197,3259601,3259709,3260907,JobState.COMPLETED,0.692725154575618,0,0,0,138.90512096844262,138.90512096844301,332538.85959845164
jid_685712,62317.0,262.0,2,1199,3259626,3259709,3260909,JobState.COMPLETED,0.6929469406885275,0,0,0,138.93227845165666,138.93227845165643,333159.60372707265
jid_685795,62139.0,262.0,2,1208,3259609,3259709,3260918,JobState.COMPLETED,0.686408235906855,0,0,0,138.13162072328848,138.13162072328836,333725.995667465
jid_684712,60404.0,56.0,1975,1453,3237686,3259491,3260945,JobState.COMPLETED,0.5707890722520453,0,0,0,123.97417211249518,123.97417211249535,355765582.3569246
jid_685809,62151.0,262.0,2,1235,3259607,3259709,3260945,JobState.COMPLETED,0.6821903043560786,0,0,0,137.61513930890752,137.61513930890757,339909.39409300155
jid_685767,62147.0,262.0,2,1238,3259607,3259709,3260948,JobState.COMPLETED,0.6872666333143999,0,0,0,138.2367306099262,138.23673060992652,342274.1449901773
jid_684745,34.0,93.0,164,144,3239980,3260842,3260987,JobState.COMPLETED,1.0,0,0,0,176.53061224489792,176.53061224489795,4168946.938775509
jid_685838,15112.0,262.0,4,1876,3259133,3259133,3261010,JobState.COMPLETED,0.6763554318191809,0,0,0,136.90066512071635,136.900665120716,1027302.5910658556
jid_685838,14995.0,262.0,4,1881,3259133,3259133,3261015,JobState.COMPLETED,0.679058794241297,0,0,0,137.2316890907713,137.23168909077106,1032531.2287189633
jid_685838,15110.0,262.0,4,1882,3259133,3259133,3261016,JobState.COMPLETED,0.678420413214771,0,0,0,137.15351998548175,137.15351998548215,1032491.6984507067
jid_685838,14992.0,262.0,4,1903,3259133,3259133,3261037,JobState.COMPLETED,0.6765080921827324,0,0,0,136.91935822645695,136.91935822645704,1042230.1548197903
jid_685670,62162.0,262.0,2,1134,3259629,3259939,3261074,JobState.COMPLETED,0.6902264352621342,0,0,0,138.59915533822084,138.59915533822053,314342.88430708484
jid_685780,62214.0,262.0,2,1145,3259634,3259939,3261085,JobState.COMPLETED,0.6970824620314447,0,0,0,139.43866882017718,139.43866882017693,319314.55159820575
jid_685770,62351.0,262.0,2,1149,3259629,3259939,3261089,JobState.COMPLETED,0.6880429668284254,0,0,0,138.33179185654217,138.33179185654188,317886.4576863339
jid_685792,62455.0,262.0,2,1119,3259676,3259976,3261096,JobState.COMPLETED,0.6927501214194944,0,0,0,138.9081781329991,138.90817813299932,310876.502661652
jid_685772,62256.0,262.0,2,1158,3259637,3259939,3261098,JobState.COMPLETED,0.6945647477329734,0,0,0,139.13037727342498,139.13037727342532,322225.95376525226
jid_685768,62348.0,262.0,2,1159,3259635,3259939,3261099,JobState.COMPLETED,0.6942888256736973,0,0,0,139.0965908988201,139.0965908988201,322425.89770346496
jid_685709,62193.0,262.0,2,1160,3259634,3259939,3261100,JobState.COMPLETED,0.693971336601468,0,0,0,139.05771468589407,139.05771468589407,322613.8980712742
jid_685833,62347.0,262.0,2,1162,3259626,3259939,3261102,JobState.COMPLETED,0.6934380096052971,0,0,0,138.99240933942392,138.99240933942414,323018.3593048212
jid_685784,62218.0,262.0,2,1162,3259634,3259939,3261102,JobState.COMPLETED,0.693874238249934,0,0,0,139.045825091829,139.04582509182865,323142.4975134106
jid_685652,62176.0,262.0,2,1163,3259633,3259939,3261103,JobState.COMPLETED,0.6938132238631695,0,0,0,139.03835394242915,139.03835394242893,323403.2112700902
jid_685672,62226.0,262.0,2,1163,3259634,3259939,3261103,JobState.COMPLETED,0.693685486968919,0,0,0,139.02271269007176,139.0227126900717,323366.8297171069
jid_685765,62248.0,262.0,2,1166,3259633,3259939,3261106,JobState.COMPLETED,0.6939373587580285,0,0,0,139.05355413363588,139.05355413363614,324272.8882396389
jid_685754,62240.0,262.0,2,1166,3259634,3259939,3261106,JobState.COMPLETED,0.6931147512308871,0,0,0,138.95282668133268,138.9528266813331,324037.9918208678
jid_685749,62241.0,262.0,2,1169,3259629,3259939,3261109,JobState.COMPLETED,0.6848595071890491,0,0,0,137.9419804721288,137.94198047212845,322508.3503438371
jid_685740,62328.0,262.0,2,1169,3259631,3259939,3261109,JobState.COMPLETED,0.6929919087725874,0,0,0,138.93778474766404,138.93778474766376,324836.5407400385
jid_685763,62259.0,262.0,2,1171,3259635,3259939,3261111,JobState.COMPLETED,0.6921888853435783,0,0,0,138.83945534819352,138.83945534819324,325162.00442546926
jid_685716,62393.0,262.0,2,1134,3259667,3259976,3261111,JobState.COMPLETED,0.6992054066316842,0,0,0,139.69862122020638,139.69862122020623,316836.4729274281
jid_685794,62290.0,262.0,2,1175,3259630,3259939,3261115,JobState.COMPLETED,0.6912685588370165,0,0,0,138.72676230657314,138.72676230657348,326007.89142044686
jid_685805,62310.0,262.0,2,1178,3259633,3259939,3261118,JobState.COMPLETED,0.6912692402891704,0,0,0,138.726845749694,138.72684574969432,326840.44858627906
jid_685755,62237.0,262.0,2,1180,3259628,3259939,3261120,JobState.COMPLETED,0.6957024447126545,0,0,0,139.26968710767176,139.26968710767198,328676.4615741054
jid_685705,62341.0,262.0,2,1180,3259630,3259939,3261120,JobState.COMPLETED,0.6907524709186499,0,0,0,138.6635678675901,138.6635678675898,327246.02016751264
jid_685668,62381.0,262.0,2,1144,3259663,3259976,3261121,JobState.COMPLETED,0.6880380769679293,0,0,0,138.331193098114,138.33119309811377,316501.7698084848
jid_685723,62357.0,262.0,2,1182,3259635,3259939,3261122,JobState.COMPLETED,0.6907550392006482,0,0,0,138.66388235109991,138.66388235109977,327801.4178780002
jid_685720,62246.0,262.0,2,1185,3259635,3259939,3261125,JobState.COMPLETED,0.6902336313766839,0,0,0,138.60003649510372,138.60003649510415,328482.08649339585
jid_685640,62462.0,262.0,2,1148,3259676,3259976,3261125,JobState.COMPLETED,0.6964295386681272,0,0,0,139.35871902058713,139.35871902058702,319967.61887126806
jid_685348,43073.0,140.0,128,10139,3245600,3250989,3261129,JobState.COMPLETED,1.0,0,0,0,176.5306122449005,176.53061224489795,229100016.3265339
jid_685810,62277.0,262.0,2,1191,3259631,3259939,3261131,JobState.COMPLETED,0.6889687963670041,0,0,0,138.44515873881713,138.44515873881684,329776.3681158624
jid_685732,62208.0,262.0,2,1154,3259639,3259976,3261131,JobState.COMPLETED,0.6865001093848464,0,0,0,138.1428705369199,138.14287053691996,318833.7451992111
jid_685765,62429.0,262.0,2,1154,3259668,3259976,3261131,JobState.COMPLETED,0.6949084277036937,0,0,0,139.17246053514637,139.17246053514614,321210.0389151178
jid_685663,62513.0,262.0,2,1156,3259662,3259976,3261133,JobState.COMPLETED,0.6951764849094775,0,0,0,139.2052838664663,139.20528386646663,321842.61629927007
jid_685736,62444.0,262.0,2,1158,3259677,3259976,3261135,JobState.COMPLETED,0.6948463292716741,0,0,0,139.16485664551135,139.16485664551112,322305.80799100426
jid_685796,62254.0,262.0,2,1159,3259642,3259976,3261136,JobState.COMPLETED,0.6945500128942085,0,0,0,139.12857300745415,139.1285730074541,322500.0322312787
jid_685654,62405.0,262.0,2,1159,3259659,3259976,3261136,JobState.COMPLETED,0.6949666315987667,0,0,0,139.17958754270649,139.17958754270612,322618.28392399364
jid_685779,62442.0,262.0,2,1159,3259659,3259976,3261136,JobState.COMPLETED,0.6941795980977337,0,0,0,139.08321609360027,139.08321609360004,322394.8949049654
jid_685775,62168.0,262.0,2,1160,3259645,3259976,3261137,JobState.COMPLETED,0.6945209287766372,0,0,0,139.12501168693552,139.12501168693518,322770.0271136904
jid_685744,62527.0,262.0,2,1161,3259659,3259976,3261138,JobState.COMPLETED,0.6859446812023773,0,0,0,138.07485892274042,138.07485892274008,320609.82241860323
jid_685833,62551.0,262.0,2,1162,3259661,3259976,3261139,JobState.COMPLETED,0.6934961798706885,0,0,0,138.99953222906368,138.9995322290639,323034.912900344
jid_685712,62520.0,262.0,2,1163,3259661,3259976,3261140,JobState.COMPLETED,0.694172637954485,0,0,0,139.0823638311613,139.08236383116144,323505.5782712812
jid_685680,62386.0,262.0,2,1163,3259663,3259976,3261140,JobState.COMPLETED,0.69351251553154,0,0,0,139.0015325140663,139.00153251406613,323317.5646277182
jid_685732,62408.0,262.0,2,1163,3259674,3259976,3261140,JobState.COMPLETED,0.6936432534546075,0,0,0,139.01754123933995,139.01754123933972,323354.80092270474
jid_685688,62271.0,262.0,2,1201,3259633,3259939,3261141,JobState.COMPLETED,0.6927540753728252,0,0,0,138.90866229055024,138.90866229055,333658.6068219017
jid_685648,62312.0,262.0,2,1202,3259631,3259939,3261142,JobState.COMPLETED,0.6877221069259625,0,0,0,138.29250288889315,138.29250288889335,332455.17694489914
jid_685671,62468.0,262.0,2,1166,3259665,3259976,3261143,JobState.COMPLETED,0.6933028532742916,0,0,0,138.97585958460698,138.97585958460715,324091.70455130347
jid_685810,62479.0,262.0,2,1166,3259666,3259976,3261143,JobState.COMPLETED,0.693234343395815,0,0,0,138.96747061989618,138.96747061989572,324072.1414855979
jid_685818,62301.0,262.0,2,1168,3259637,3259976,3261145,JobState.COMPLETED,0.6925643564094623,0,0,0,138.88543139707693,138.885431397077,324436.3677435717
jid_685710,62355.0,262.0,2,1168,3259640,3259976,3261145,JobState.COMPLETED,0.6927217055161743,0,0,0,138.90469863463332,138.9046986346336,324481.37601050345
jid_685725,62465.0,262.0,2,1168,3259663,3259976,3261145,JobState.COMPLETED,0.6927144407565211,0,0,0,138.90380907222743,138.90380907222706,324479.2979927233
jid_685637,62359.0,262.0,2,1169,3259663,3259976,3261146,JobState.COMPLETED,0.6924451984154177,0,0,0,138.8708406222959,138.87084062229604,324680.0253749278
jid_685774,62251.0,262.0,2,1170,3259643,3259976,3261147,JobState.COMPLETED,0.6922571020371152,0,0,0,138.84780841270774,138.847808412708,324903.8716857361
jid_685655,62537.0,262.0,2,1170,3259658,3259976,3261147,JobState.COMPLETED,0.6931391009689084,0,0,0,138.95580828190748,138.95580828190717,325156.5913796635
jid_685783,62411.0,262.0,2,1170,3259671,3259976,3261147,JobState.COMPLETED,0.6921796514785006,0,0,0,138.83832467083664,138.8383246708368,324881.6797297577
jid_685726,62449.0,262.0,2,1171,3259661,3259976,3261148,JobState.COMPLETED,0.6927236967941248,0,0,0,138.90494246458692,138.9049424645867,325315.3752520626
jid_685634,62376.0,262.0,2,1172,3259658,3259976,3261149,JobState.COMPLETED,0.6918217248564751,0,0,0,138.79449692120076,138.79449692120104,325334.3007832946
jid_685804,62414.0,262.0,2,1172,3259678,3259976,3261149,JobState.COMPLETED,0.6924311256807839,0,0,0,138.8691174303003,138.8691174303001,325509.2112566239
jid_685812,62204.0,262.0,2,1173,3259645,3259976,3261150,JobState.COMPLETED,0.6923052110654511,0,0,0,138.85369931413695,138.85369931413686,325750.77859096526
jid_685703,62540.0,262.0,2,1174,3259664,3259976,3261151,JobState.COMPLETED,0.6920960355272295,0,0,0,138.82808598292638,138.82808598292607,325968.34588791116
jid_685692,62394.0,262.0,2,1174,3259672,3259976,3261151,JobState.COMPLETED,0.6885302182526412,0,0,0,138.39145529624156,138.3914552962418,324943.1370355752
jid_685826,62448.0,262.0,2,1174,3259675,3259976,3261151,JobState.COMPLETED,0.6910067529979532,0,0,0,138.69470444872925,138.69470444872897,325655.16604561626
jid_685831,62524.0,262.0,2,1175,3259675,3259976,3261152,JobState.COMPLETED,0.6914887792927955,0,0,0,138.75372807666864,138.75372807666886,326071.26098017127
jid_685756,62243.0,262.0,2,1177,3259638,3259976,3261154,JobState.COMPLETED,0.6914002697943491,0,0,0,138.74289017889942,138.74289017889987,326600.76348112925
jid_685827,62544.0,262.0,2,1177,3259662,3259976,3261154,JobState.COMPLETED,0.6914980155471785,0,0,0,138.75485904659357,138.7548590465933,326628.93819568126
jid_685759,62428.0,262.0,2,1177,3259670,3259976,3261154,JobState.COMPLETED,0.6916351700634916,0,0,0,138.77165347716246,138.77165347716223,326668.4722852404
jid_685773,62532.0,262.0,2,1178,3259677,3259976,3261155,JobState.COMPLETED,0.6911141860676333,0,0,0,138.7078595184853,138.70785951848572,326795.71702555136
jid_685789,62358.0,262.0,2,1183,3259641,3259976,3261160,JobState.COMPLETED,0.690500410147565,0,0,0,138.6327032833756,138.6327032833753,328004.97596846666
jid_685733,62250.0,262.0,2,1183,3259643,3259976,3261160,JobState.COMPLETED,0.6905173965489625,0,0,0,138.6347832508931,138.63478325089335,328009.89717161306
jid_685751,62293.0,262.0,2,1184,3259641,3259976,3261161,JobState.COMPLETED,0.6900956863456446,0,0,0,138.58314526681355,138.58314526681363,328164.88799181447
jid_685676,62463.0,262.0,2,1186,3259659,3259976,3261163,JobState.COMPLETED,0.6899428713297813,0,0,0,138.56443322405502,138.56443322405485,328674.8356074585
jid_685700,62224.0,262.0,2,1189,3259639,3259976,3261166,JobState.COMPLETED,0.6892741825609748,0,0,0,138.48255296665013,138.48255296665,329311.510954694
jid_685822,62529.0,262.0,2,1190,3259661,3259976,3261167,JobState.COMPLETED,0.6897836194355952,0,0,0,138.54493299211387,138.5449329921137,329736.94052123104
jid_685815,62548.0,262.0,2,1192,3259665,3259976,3261169,JobState.COMPLETED,0.693861736160612,0,0,0,139.04429422374818,139.0442942237484,331481.5974294157
jid_685645,62550.0,262.0,2,1198,3259676,3259976,3261175,JobState.COMPLETED,0.6930149963898747,0,0,0,138.94061180284186,138.9406118028418,332901.7058796091
jid_685728,62482.0,262.0,2,1199,3259666,3259976,3261176,JobState.COMPLETED,0.687503043381913,0,0,0,138.265678781459,138.26567878145872,331561.0977179387
jid_685639,62385.0,262.0,2,1199,3259674,3259976,3261176,JobState.COMPLETED,0.6878552859950988,0,0,0,138.3088105300121,138.3088105300121,331664.527650969
jid_685718,62538.0,262.0,2,1209,3259671,3259976,3261186,JobState.COMPLETED,0.6911730563989847,0,0,0,138.71506813048825,138.7150681304879,335413.0347395206
jid_685652,62450.0,262.0,2,1228,3259668,3259976,3261205,JobState.COMPLETED,0.6879692602555019,0,0,0,138.32276656189796,138.3227665618982,339720.7146760214
jid_684952,59081.0,191.0,15,159898,3088170,3101446,3261345,JobState.COMPLETED,1.0,0,0,0,176.53061224489008,176.53061224489795,423403377.5510015
jid_685856,60341.0,197.0,64,33520,3227922,3227922,3261443,JobState.COMPLETED,1.0,0,0,0,176.5306122449012,176.53061224489795,378707591.8367416
jid_685849,7431.0,262.0,4,1499,3259766,3259976,3261476,JobState.COMPLETED,0.7358536356176496,0,0,0,144.18615946338574,144.18615946338568,864540.2121424609
jid_685849,7150.0,262.0,4,1502,3259766,3259976,3261479,JobState.COMPLETED,0.7376335362188824,0,0,0,144.40410647578136,144.4041064757815,867579.8717064944
jid_685849,14219.0,262.0,4,1523,3259769,3259976,3261500,JobState.COMPLETED,0.7315465579193697,0,0,0,143.6587621942089,143.65876219420852,875169.1792871206
jid_685554,1469.0,159.0,30,3179,3258389,3258389,3261569,JobState.COMPLETED,1.0,0,0,0,176.5306122448989,176.53061224489795,16835724.489796005
jid_685849,4743.0,262.0,4,1609,3259766,3259976,3261586,JobState.COMPLETED,0.7068413335191096,0,0,0,140.63363267580976,140.63363267580934,905118.0599015116
jid_685554,1469.0,159.0,30,3198,3258389,3258389,3261588,JobState.COMPLETED,1.0,0,0,0,176.5306122448989,176.53061224489795,16936346.9387756
jid_685863,59204.0,334.0,1,0,3261599,3261599,3261600,JobState.COMPLETED,1.0,0,0,0,176.53061224489795,176.53061224489795,0.0
jid_685849,13115.0,262.0,4,1658,3259768,3259976,3261635,JobState.COMPLETED,0.7096176603523886,0,0,0,140.97359106355748,140.9735910635578,934936.8559335131
jid_685849,14953.0,262.0,4,1810,3259770,3259976,3261787,JobState.COMPLETED,0.6789449791172085,0,0,0,137.2177525449649,137.2177525449643,993456.5284255459
jid_685900,61940.0,262.0,4,18,3261878,3261878,3261897,JobState.COMPLETED,0.5411757438488326,0,0,0,120.348050267204,120.348050267204,8665.059619238687
jid_685557,14840.0,432.0,27,1882,3257580,3260091,3261974,JobState.COMPLETED,1.0,0,0,0,176.53061224489718,176.53061224489795,8970226.530612204
jid_685911,61954.0,54.0,12,6,3262048,3262048,3262055,JobState.COMPLETED,0.6640735755280447,0,0,0,135.3967643503728,135.3967643503728,9748.567033226842
jid_685917,61954.0,54.0,12,54,3262103,3262103,3262158,JobState.COMPLETED,0.6802271439700844,0,0,0,137.37475232286747,137.3747523228675,89018.83950521811
jid_685926,61955.0,29.0,48,22,3262324,3262324,3262347,JobState.COMPLETED,1.0,0,0,0,176.53061224489795,176.53061224489795,186416.32653061225
jid_685316,60324.0,432.0,64,32832,3229752,3229752,3262585,JobState.COMPLETED,1.0,0,0,0,176.5306122449022,176.53061224489795,370934595.9183762
jid_685950,61940.0,262.0,4,1536,3261273,3261273,3262810,JobState.COMPLETED,0.7334788029090905,0,0,0,143.89536362152157,143.8953636215213,884093.1140906285
jid_685953,61940.0,262.0,4,1559,3261273,3261273,3262833,JobState.COMPLETED,0.7281720588165003,0,0,0,143.24555822242843,143.24555822242863,893279.3010750636
jid_685955,1267.0,577.0,216,11,3262918,3262918,3262930,JobState.COMPLETED,1.0,0,0,0,176.53061224489795,176.53061224489795,419436.7346938776
jid_685961,61545.0,557.0,2,11,3263196,3263196,3263208,JobState.COMPLETED,1.0,0,0,0,176.53061224489795,176.53061224489795,3883.673469387755
jid_685962,61940.0,262.0,4,1953,3261272,3261272,3263226,JobState.COMPLETED,0.6785115338756937,0,0,0,137.1646776174314,137.1646776174319,1071530.4615473743
jid_685964,61940.0,262.0,4,1962,3261273,3261273,3263236,JobState.COMPLETED,0.6750780063097332,0,0,0,136.74424567057943,136.7442456705796,1073168.8400227074
jid_685977,60501.0,530.0,1,23,3263479,3263479,3263503,JobState.COMPLETED,1.0,0,0,0,176.53061224489795,176.53061224489795,4060.204081632653
jid_685980,60299.0,445.0,1,1271,3262300,3262300,3263572,JobState.COMPLETED,1.0,0,0,0,176.5306122448977,176.53061224489795,224370.40816326498
jid_685604,61547.0,432.0,64,2748,3257641,3260842,3263591,JobState.COMPLETED,1.0,0,0,0,176.53061224489704,176.53061224489795,31046791.836734533
jid_685488,60328.0,432.0,64,33910,3229749,3229749,3263660,JobState.COMPLETED,1.0,0,0,0,176.53061224490062,176.53061224489795,383113795.9183731
jid_685848,14841.0,432.0,27,3689,3257575,3260038,3263728,JobState.COMPLETED,1.0,0,0,0,176.5306122448983,176.53061224489795,17582978.571428604
jid_685364,61529.0,263.0,15,4364,3249329,3259491,3263856,JobState.COMPLETED,1.0,0,0,0,176.5306122448983,176.53061224489795,11555693.877551043
jid_685388,60325.0,432.0,64,34114,3229749,3229749,3263864,JobState.COMPLETED,1.0,0,0,0,176.53061224490034,176.53061224489795,385418579.59184194
jid_685550,60330.0,432.0,64,34230,3229744,3229744,3263975,JobState.COMPLETED,1.0,0,0,0,176.53061224490017,176.53061224489795,386729142.8571477
jid_685572,60338.0,197.0,64,36283,3227926,3227926,3264210,JobState.COMPLETED,1.0,0,0,0,176.5306122448975,176.53061224489795,409923853.06122345
jid_685995,377.0000000000073,558.0,12,51,3264397,3264397,3264449,JobState.COMPLETED,1.0,0,0,0,176.53061224489795,176.53061224489795,108036.73469387754
jid_685847,61749.0,432.0,64,3622,3257638,3260842,3264465,JobState.COMPLETED,1.0,0,0,0,176.53061224489693,176.53061224489795,40921208.163265064
jid_685577,14838.0,432.0,27,4434,3257579,3260091,3264526,JobState.COMPLETED,1.0,0,0,0,176.53061224489852,176.53061224489795,21133891.83673476
jid_685575,14825.0,432.0,27,4532,3257578,3260038,3264571,JobState.COMPLETED,1.0,0,0,0,176.5306122448984,176.53061224489795,21600991.83673475
jid_686061,62676.0,262.0,4,0,3264697,3264697,3264698,JobState.COMPLETED,1.0,0,0,0,176.53061224489795,176.53061224489795,0.0
jid_686061,62682.0,262.0,4,0,3264698,3264698,3264699,JobState.COMPLETED,1.0,0,0,0,176.53061224489795,176.53061224489795,0.0
jid_686061,62680.0,262.0,4,0,3264698,3264698,3264699,JobState.COMPLETED,1.0,0,0,0,176.53061224489795,176.53061224489795,0.0
jid_686061,62694.0,262.0,4,0,3264699,3264699,3264699,JobState.COMPLETED,1.0,0,0,0,176.53061224489795,176.53061224489795,0.0
jid_686061,62692.0,262.0,4,0,3264699,3264699,3264700,JobState.COMPLETED,1.0,0,0,0,176.53061224489795,176.53061224489795,0.0
jid_686061,62695.0,262.0,4,0,3264699,3264699,3264700,JobState.COMPLETED,1.0,0,0,0,176.53061224489795,176.53061224489795,0.0
jid_686061,62706.0,262.0,4,0,3264700,3264700,3264700,JobState.COMPLETED,1.0,0,0,0,176.53061224489795,176.53061224489795,0.0
jid_686061,62700.0,262.0,4,0,3264700,3264700,3264700,JobState.COMPLETED,1.0,0,0,0,176.53061224489795,176.53061224489795,0.0
jid_686061,62712.0,262.0,4,0,3264701,3264701,3264702,JobState.COMPLETED,1.0,0,0,0,176.53061224489795,176.53061224489795,0.0
jid_686061,62715.0,262.0,4,0,3264702,3264702,3264702,JobState.COMPLETED,1.0,0,0,0,176.53061224489795,176.53061224489795,0.0
jid_686061,62719.0,262.0,4,0,3264702,3264702,3264702,JobState.COMPLETED,1.0,0,0,0,176.53061224489795,176.53061224489795,0.0
jid_686061,62730.0,262.0,4,0,3264703,3264703,3264703,JobState.COMPLETED,1.0,0,0,0,176.53061224489795,176.53061224489795,0.0
jid_686061,62732.0,262.0,4,0,3264703,3264703,3264703,JobState.COMPLETED,1.0,0,0,0,176.53061224489795,176.53061224489795,0.0
jid_686061,62734.0,262.0,4,0,3264704,3264704,3264704,JobState.COMPLETED,1.0,0,0,0,176.53061224489795,176.53061224489795,0.0
jid_686061,62741.0,262.0,4,0,3264704,3264704,3264704,JobState.COMPLETED,1.0,0,0,0,176.53061224489795,176.53061224489795,0.0
jid_686061,62738.0,262.0,4,0,3264704,3264704,3264704,JobState.COMPLETED,1.0,0,0,0,176.53061224489795,176.53061224489795,0.0
jid_686061,62735.0,262.0,4,0,3264704,3264704,3264705,JobState.COMPLETED,1.0,0,0,0,176.53061224489795,176.53061224489795,0.0
jid_686051,62670.0,262.0,4,0,3264709,3264709,3264709,JobState.COMPLETED,1.0,0,0,0,176.53061224489795,176.53061224489795,0.0
jid_686051,62680.0,262.0,4,0,3264709,3264709,3264709,JobState.COMPLETED,1.0,0,0,0,176.53061224489795,176.53061224489795,0.0
jid_686051,62684.0,262.0,4,0,3264710,3264710,3264710,JobState.COMPLETED,1.0,0,0,0,176.53061224489795,176.53061224489795,0.0
jid_686051,62686.0,262.0,4,0,3264710,3264710,3264710,JobState.COMPLETED,1.0,0,0,0,176.53061224489795,176.53061224489795,0.0
jid_686051,62694.0,262.0,4,0,3264711,3264711,3264711,JobState.COMPLETED,1.0,0,0,0,176.53061224489795,176.53061224489795,0.0
jid_686051,62703.0,262.0,4,0,3264712,3264712,3264713,JobState.COMPLETED,1.0,0,0,0,176.53061224489795,176.53061224489795,0.0
jid_686051,62709.0,262.0,4,0,3264712,3264712,3264712,JobState.COMPLETED,1.0,0,0,0,176.53061224489795,176.53061224489795,0.0
jid_686051,62717.0,262.0,4,0,3264713,3264713,3264714,JobState.COMPLETED,1.0,0,0,0,176.53061224489795,176.53061224489795,0.0
jid_686051,62710.0,262.0,4,0,3264713,3264713,3264713,JobState.COMPLETED,1.0,0,0,0,176.53061224489795,176.53061224489795,0.0
jid_686051,62714.0,262.0,4,0,3264713,3264713,3264713,JobState.COMPLETED,1.0,0,0,0,176.53061224489795,176.53061224489795,0.0
jid_686051,62720.0,262.0,4,0,3264714,3264714,3264714,JobState.COMPLETED,1.0,0,0,0,176.53061224489795,176.53061224489795,0.0
jid_686051,62730.0,262.0,4,0,3264715,3264715,3264715,JobState.COMPLETED,1.0,0,0,0,176.53061224489795,176.53061224489795,0.0
jid_686051,62732.0,262.0,4,0,3264715,3264715,3264716,JobState.COMPLETED,1.0,0,0,0,176.53061224489795,176.53061224489795,0.0
jid_686051,62729.0,262.0,4,0,3264715,3264715,3264716,JobState.COMPLETED,1.0,0,0,0,176.53061224489795,176.53061224489795,0.0
jid_686051,62742.0,262.0,4,0,3264716,3264716,3264717,JobState.COMPLETED,1.0,0,0,0,176.53061224489795,176.53061224489795,0.0
jid_686051,62738.0,262.0,4,0,3264716,3264716,3264716,JobState.COMPLETED,1.0,0,0,0,176.53061224489795,176.53061224489795,0.0
jid_686051,62739.0,262.0,4,0,3264716,3264716,3264716,JobState.COMPLETED,1.0,0,0,0,176.53061224489795,176.53061224489795,0.0
jid_686053,62692.0,262.0,4,0,3264722,3264722,3264722,JobState.COMPLETED,1.0,0,0,0,176.53061224489795,176.53061224489795,0.0
jid_686053,62691.0,262.0,4,0,3264722,3264722,3264722,JobState.COMPLETED,1.0,0,0,0,176.53061224489795,176.53061224489795,0.0
jid_686053,62703.0,262.0,4,0,3264723,3264723,3264723,JobState.COMPLETED,1.0,0,0,0,176.53061224489795,176.53061224489795,0.0
jid_686053,62705.0,262.0,4,0,3264724,3264724,3264724,JobState.COMPLETED,1.0,0,0,0,176.53061224489795,176.53061224489795,0.0
jid_686053,62707.0,262.0,4,0,3264724,3264724,3264725,JobState.COMPLETED,1.0,0,0,0,176.53061224489795,176.53061224489795,0.0
jid_686053,62714.0,262.0,4,0,3264725,3264725,3264725,JobState.COMPLETED,1.0,0,0,0,176.53061224489795,176.53061224489795,0.0
jid_686053,62718.0,262.0,4,0,3264725,3264725,3264725,JobState.COMPLETED,1.0,0,0,0,176.53061224489795,176.53061224489795,0.0
jid_686053,62717.0,262.0,4,0,3264725,3264725,3264725,JobState.COMPLETED,1.0,0,0,0,176.53061224489795,176.53061224489795,0.0
jid_686053,62730.0,262.0,4,0,3264726,3264726,3264726,JobState.COMPLETED,1.0,0,0,0,176.53061224489795,176.53061224489795,0.0
jid_686053,62721.0,262.0,4,0,3264726,3264726,3264727,JobState.COMPLETED,1.0,0,0,0,176.53061224489795,176.53061224489795,0.0
jid_686053,62729.0,262.0,4,0,3264726,3264726,3264727,JobState.COMPLETED,1.0,0,0,0,176.53061224489795,176.53061224489795,0.0
jid_686053,62725.0,262.0,4,0,3264726,3264726,3264726,JobState.COMPLETED,1.0,0,0,0,176.53061224489795,176.53061224489795,0.0
jid_686053,62726.0,262.0,4,0,3264726,3264726,3264726,JobState.COMPLETED,1.0,0,0,0,176.53061224489795,176.53061224489795,0.0
jid_686053,62735.0,262.0,4,0,3264727,3264727,3264727,JobState.COMPLETED,1.0,0,0,0,176.53061224489795,176.53061224489795,0.0
jid_686053,62731.0,262.0,4,0,3264727,3264727,3264727,JobState.COMPLETED,1.0,0,0,0,176.53061224489795,176.53061224489795,0.0
jid_686053,62741.0,262.0,4,0,3264728,3264728,3264728,JobState.COMPLETED,1.0,0,0,0,176.53061224489795,176.53061224489795,0.0
jid_686047,62662.0,262.0,4,0,3264732,3264732,3264732,JobState.COMPLETED,1.0,0,0,0,176.53061224489795,176.53061224489795,0.0
jid_686047,62680.0,262.0,4,0,3264733,3264733,3264733,JobState.COMPLETED,1.0,0,0,0,176.53061224489795,176.53061224489795,0.0
jid_686047,62697.0,262.0,4,0,3264734,3264734,3264734,JobState.COMPLETED,1.0,0,0,0,176.53061224489795,176.53061224489795,0.0
jid_686047,62706.0,262.0,4,0,3264735,3264735,3264735,JobState.COMPLETED,1.0,0,0,0,176.53061224489795,176.53061224489795,0.0
jid_686047,62709.0,262.0,4,0,3264736,3264736,3264736,JobState.COMPLETED,1.0,0,0,0,176.53061224489795,176.53061224489795,0.0
jid_686047,62713.0,262.0,4,0,3264736,3264736,3264736,JobState.COMPLETED,1.0,0,0,0,176.53061224489795,176.53061224489795,0.0
jid_686047,62730.0,262.0,4,0,3264738,3264738,3264738,JobState.COMPLETED,1.0,0,0,0,176.53061224489795,176.53061224489795,0.0
jid_686047,62736.0,262.0,4,0,3264739,3264739,3264739,JobState.COMPLETED,1.0,0,0,0,176.53061224489795,176.53061224489795,0.0
jid_686047,62738.0,262.0,4,0,3264739,3264739,3264739,JobState.COMPLETED,1.0,0,0,0,176.53061224489795,176.53061224489795,0.0
jid_686047,62735.0,262.0,4,0,3264739,3264739,3264739,JobState.COMPLETED,1.0,0,0,0,176.53061224489795,176.53061224489795,0.0
jid_686032,62684.0,262.0,4,0,3264744,3264744,3264745,JobState.COMPLETED,1.0,0,0,0,176.53061224489795,176.53061224489795,0.0
jid_686032,62687.0,262.0,4,0,3264745,3264745,3264745,JobState.COMPLETED,1.0,0,0,0,176.53061224489795,176.53061224489795,0.0
jid_686032,62691.0,262.0,4,0,3264745,3264745,3264745,JobState.COMPLETED,1.0,0,0,0,176.53061224489795,176.53061224489795,0.0
jid_686032,62694.0,262.0,4,0,3264746,3264746,3264746,JobState.COMPLETED,1.0,0,0,0,176.53061224489795,176.53061224489795,0.0
jid_686032,62693.0,262.0,4,0,3264746,3264746,3264747,JobState.COMPLETED,1.0,0,0,0,176.53061224489795,176.53061224489795,0.0
jid_686032,62695.0,262.0,4,0,3264746,3264746,3264747,JobState.COMPLETED,1.0,0,0,0,176.53061224489795,176.53061224489795,0.0
jid_686032,62697.0,262.0,4,0,3264746,3264746,3264746,JobState.COMPLETED,1.0,0,0,0,176.53061224489795,176.53061224489795,0.0
jid_686032,62708.0,262.0,4,0,3264747,3264747,3264748,JobState.COMPLETED,1.0,0,0,0,176.53061224489795,176.53061224489795,0.0
jid_686032,62704.0,262.0,4,0,3264747,3264747,3264747,JobState.COMPLETED,1.0,0,0,0,176.53061224489795,176.53061224489795,0.0
jid_686032,62703.0,262.0,4,0,3264747,3264747,3264747,JobState.COMPLETED,1.0,0,0,0,176.53061224489795,176.53061224489795,0.0
jid_686032,62710.0,262.0,4,0,3264748,3264748,3264749,JobState.COMPLETED,1.0,0,0,0,176.53061224489795,176.53061224489795,0.0
jid_686032,62711.0,262.0,4,0,3264748,3264748,3264748,JobState.COMPLETED,1.0,0,0,0,176.53061224489795,176.53061224489795,0.0
jid_686032,62715.0,262.0,4,0,3264748,3264748,3264749,JobState.COMPLETED,1.0,0,0,0,176.53061224489795,176.53061224489795,0.0
jid_686032,62716.0,262.0,4,0,3264748,3264748,3264748,JobState.COMPLETED,1.0,0,0,0,176.53061224489795,176.53061224489795,0.0
jid_686032,62720.0,262.0,4,0,3264749,3264749,3264750,JobState.COMPLETED,1.0,0,0,0,176.53061224489795,176.53061224489795,0.0
jid_686032,62721.0,262.0,4,0,3264749,3264749,3264749,JobState.COMPLETED,1.0,0,0,0,176.53061224489795,176.53061224489795,0.0
jid_686032,62724.0,262.0,4,0,3264749,3264749,3264749,JobState.COMPLETED,1.0,0,0,0,176.53061224489795,176.53061224489795,0.0
jid_686032,62731.0,262.0,4,0,3264750,3264750,3264750,JobState.COMPLETED,1.0,0,0,0,176.53061224489795,176.53061224489795,0.0
jid_686032,62738.0,262.0,4,0,3264751,3264751,3264751,JobState.COMPLETED,1.0,0,0,0,176.53061224489795,176.53061224489795,0.0
jid_686055,62680.0,262.0,4,0,3264756,3264756,3264757,JobState.COMPLETED,1.0,0,0,0,176.53061224489795,176.53061224489795,0.0
jid_686055,62693.0,262.0,4,0,3264757,3264757,3264758,JobState.COMPLETED,1.0,0,0,0,176.53061224489795,176.53061224489795,0.0
jid_686055,62687.0,262.0,4,0,3264757,3264757,3264758,JobState.COMPLETED,1.0,0,0,0,176.53061224489795,176.53061224489795,0.0
jid_686055,62685.0,262.0,4,0,3264757,3264757,3264758,JobState.COMPLETED,1.0,0,0,0,176.53061224489795,176.53061224489795,0.0
jid_686055,62705.0,262.0,4,0,3264759,3264759,3264759,JobState.COMPLETED,1.0,0,0,0,176.53061224489795,176.53061224489795,0.0
jid_686055,62712.0,262.0,4,0,3264760,3264760,3264761,JobState.COMPLETED,1.0,0,0,0,176.53061224489795,176.53061224489795,0.0
jid_686055,62728.0,262.0,4,0,3264761,3264761,3264762,JobState.COMPLETED,1.0,0,0,0,176.53061224489795,176.53061224489795,0.0
jid_686055,62726.0,262.0,4,0,3264761,3264761,3264762,JobState.COMPLETED,1.0,0,0,0,176.53061224489795,176.53061224489795,0.0
jid_686055,62729.0,262.0,4,0,3264761,3264761,3264761,JobState.COMPLETED,1.0,0,0,0,176.53061224489795,176.53061224489795,0.0
jid_686055,62722.0,262.0,4,0,3264761,3264761,3264762,JobState.COMPLETED,1.0,0,0,0,176.53061224489795,176.53061224489795,0.0
jid_686055,62719.0,262.0,4,0,3264761,3264761,3264762,JobState.COMPLETED,1.0,0,0,0,176.53061224489795,176.53061224489795,0.0
jid_686055,62733.0,262.0,4,0,3264762,3264762,3264763,JobState.COMPLETED,1.0,0,0,0,176.53061224489795,176.53061224489795,0.0
jid_686055,62738.0,262.0,4,0,3264763,3264763,3264764,JobState.COMPLETED,1.0,0,0,0,176.53061224489795,176.53061224489795,0.0
jid_686028,62686.0,262.0,4,0,3264768,3264768,3264768,JobState.COMPLETED,1.0,0,0,0,176.53061224489795,176.53061224489795,0.0
jid_686028,62688.0,262.0,4,0,3264768,3264768,3264768,JobState.COMPLETED,1.0,0,0,0,176.53061224489795,176.53061224489795,0.0
jid_686028,62690.0,262.0,4,0,3264769,3264769,3264769,JobState.COMPLETED,1.0,0,0,0,176.53061224489795,176.53061224489795,0.0
jid_686028,62701.0,262.0,4,0,3264770,3264770,3264770,JobState.COMPLETED,1.0,0,0,0,176.53061224489795,176.53061224489795,0.0
jid_686028,62702.0,262.0,4,0,3264770,3264770,3264770,JobState.COMPLETED,1.0,0,0,0,176.53061224489795,176.53061224489795,0.0
jid_686028,62698.0,262.0,4,0,3264770,3264770,3264770,JobState.COMPLETED,1.0,0,0,0,176.53061224489795,176.53061224489795,0.0
jid_686028,62700.0,262.0,4,0,3264770,3264770,3264770,JobState.COMPLETED,1.0,0,0,0,176.53061224489795,176.53061224489795,0.0
jid_686028,62707.0,262.0,4,0,3264771,3264771,3264771,JobState.COMPLETED,1.0,0,0,0,176.53061224489795,176.53061224489795,0.0
jid_686028,62713.0,262.0,4,0,3264771,3264771,3264772,JobState.COMPLETED,1.0,0,0,0,176.53061224489795,176.53061224489795,0.0
jid_686028,62710.0,262.0,4,0,3264771,3264771,3264771,JobState.COMPLETED,1.0,0,0,0,176.53061224489795,176.53061224489795,0.0
jid_686058,62685.0,262.0,4,0,3264780,3264780,3264781,JobState.COMPLETED,1.0,0,0,0,176.53061224489795,176.53061224489795,0.0
jid_686058,62686.0,262.0,4,0,3264780,3264780,3264781,JobState.COMPLETED,1.0,0,0,0,176.53061224489795,176.53061224489795,0.0
jid_686058,62684.0,262.0,4,0,3264780,3264780,3264781,JobState.COMPLETED,1.0,0,0,0,176.53061224489795,176.53061224489795,0.0
jid_686058,62696.0,262.0,4,0,3264781,3264781,3264781,JobState.COMPLETED,1.0,0,0,0,176.53061224489795,176.53061224489795,0.0
jid_686058,62697.0,262.0,4,0,3264781,3264781,3264781,JobState.COMPLETED,1.0,0,0,0,176.53061224489795,176.53061224489795,0.0
jid_686058,62715.0,262.0,4,0,3264785,3264785,3264785,JobState.COMPLETED,1.0,0,0,0,176.53061224489795,176.53061224489795,0.0
jid_686058,62710.0,262.0,4,0,3264785,3264785,3264786,JobState.COMPLETED,1.0,0,0,0,176.53061224489795,176.53061224489795,0.0
jid_686058,62713.0,262.0,4,0,3264785,3264785,3264785,JobState.COMPLETED,1.0,0,0,0,176.53061224489795,176.53061224489795,0.0
jid_686058,62721.0,262.0,4,0,3264786,3264786,3264787,JobState.COMPLETED,1.0,0,0,0,176.53061224489795,176.53061224489795,0.0
jid_686058,62719.0,262.0,4,0,3264786,3264786,3264787,JobState.COMPLETED,1.0,0,0,0,176.53061224489795,176.53061224489795,0.0
jid_686058,62731.0,262.0,4,0,3264787,3264787,3264787,JobState.COMPLETED,1.0,0,0,0,176.53061224489795,176.53061224489795,0.0
jid_686058,62738.0,262.0,4,0,3264788,3264788,3264788,JobState.COMPLETED,1.0,0,0,0,176.53061224489795,176.53061224489795,0.0
jid_686058,62735.0,262.0,4,0,3264788,3264788,3264789,JobState.COMPLETED,1.0,0,0,0,176.53061224489795,176.53061224489795,0.0
jid_686058,62742.0,262.0,4,0,3264788,3264788,3264789,JobState.COMPLETED,1.0,0,0,0,176.53061224489795,176.53061224489795,0.0
jid_685577,14838.0,432.0,27,4928,3257580,3260091,3265020,JobState.COMPLETED,1.0,0,0,0,176.53061224489787,176.53061224489795,23488457.14285713
jid_685316,60324.0,432.0,64,35406,3229752,3229752,3265159,JobState.COMPLETED,1.0,0,0,0,176.5306122448986,176.53061224489795,400015542.8571443
jid_686011,62361.0,29.0,48,21,3265216,3265216,3265238,JobState.COMPLETED,1.0,0,0,0,176.53061224489795,176.53061224489795,177942.85714285713
jid_686012,1267.0,537.0,320,10,3265235,3265235,3265246,JobState.COMPLETED,1.0,0,0,0,176.53061224489795,176.53061224489795,564897.9591836735
jid_686017,62501.0,557.0,2,8,3265410,3265410,3265419,JobState.COMPLETED,1.0,0,0,0,176.53061224489795,176.53061224489795,2824.4897959183672
jid_686023,377.0000000000073,558.0,1,26,3265585,3265585,3265612,JobState.COMPLETED,1.0,0,0,0,176.53061224489795,176.53061224489795,4589.7959183673465
jid_686027,62501.0,557.0,2,9,3265772,3265772,3265782,JobState.COMPLETED,1.0,0,0,0,176.53061224489795,176.53061224489795,3177.551020408163
jid_685934,61956.0,432.0,64,5007,3257637,3260842,3265850,JobState.COMPLETED,1.0,0,0,0,176.5306122448968,176.53061224489795,56568881.632652685
jid_685388,60325.0,432.0,64,36335,3229749,3229749,3266085,JobState.COMPLETED,1.0,0,0,0,176.53061224489744,176.53061224489795,410511346.9387743
jid_686033,61543.0,578.0,1,5,3266094,3266094,3266100,JobState.COMPLETED,1.0,0,0,0,176.53061224489795,176.53061224489795,882.6530612244898
jid_686034,377.0000000000073,558.0,12,42,3266058,3266058,3266101,JobState.COMPLETED,1.0,0,0,0,176.53061224489795,176.53061224489795,88971.42857142857
jid_686032,62625.0,262.0,4,1528,3264742,3264742,3266271,JobState.COMPLETED,0.7352644679302355,0,0,0,144.11401648125323,144.11401648125332,880824.8687334197
jid_686032,62612.0,262.0,4,1535,3264741,3264741,3266277,JobState.COMPLETED,0.733376933596718,0,0,0,143.88288982816937,143.88288982816957,883440.9435449599
jid_686032,62614.0,262.0,4,1538,3264741,3264741,3266280,JobState.COMPLETED,0.7326673069858525,0,0,0,143.79599677377735,143.79599677377786,884632.9721522783
jid_686058,62568.0,262.0,4,1506,3264775,3264775,3266282,JobState.COMPLETED,0.728986221648542,0,0,0,143.34525163043378,143.34525163043372,863511.7958217331
jid_686032,62634.0,262.0,4,1540,3264743,3264743,3266284,JobState.COMPLETED,0.7323738296898962,0,0,0,143.76006077835444,143.76006077835464,885561.9743946634
jid_686028,62612.0,262.0,4,1521,3264765,3264765,3266287,JobState.COMPLETED,0.7354423411471878,0,0,0,144.13579687516548,144.13579687516585,876922.1881885068
jid_686028,62616.0,262.0,4,1525,3264765,3264765,3266291,JobState.COMPLETED,0.735063348729522,0,0,0,144.08938964035008,144.08938964034962,878945.2768061354
jid_686032,62646.0,262.0,4,1551,3264743,3264743,3266295,JobState.COMPLETED,0.7303625024646612,0,0,0,143.51377581199966,143.51377581199932,890359.465137646
jid_686058,62670.0,262.0,4,1531,3264779,3264779,3266311,JobState.COMPLETED,0.7374716499169388,0,0,0,144.3842836632986,144.38428366329862,884209.3531540405
jid_686109,60342.0,197.0,64,38512,3227921,3227921,3266434,JobState.COMPLETED,1.0,0,0,0,176.5306122448949,176.53061224489795,435107004.08162516
jid_686052,202.0,44.0,2,6344,3260115,3260115,3266460,JobState.COMPLETED,1.0,0,0,0,176.53061224489673,176.53061224489795,2239820.4081632495
jid_686056,377.0000000000073,558.0,12,48,3266428,3266428,3266477,JobState.COMPLETED,1.0,0,0,0,176.53061224489795,176.53061224489795,101681.63265306121
jid_686038,1246.0000000000073,376.0,160,15553,3250686,3250989,3266543,JobState.COMPLETED,0.7839418020392047,0,0,0,150.07450637214694,150.07450637214754,373457407.6169603
jid_686061,62636.0,262.0,4,1893,3264696,3264696,3266590,JobState.COMPLETED,0.6657185116603546,0,0,0,135.59818510126826,135.59818510126792,1026749.4575868032
jid_686028,62682.0,262.0,4,1847,3264768,3264768,3266616,JobState.COMPLETED,0.6704839954944822,0,0,0,136.18171373401847,136.18171373401822,1006110.5010669285
jid_686032,62623.0,262.0,4,1880,3264742,3264742,3266623,JobState.COMPLETED,0.681197524416082,0,0,0,137.49357441829517,137.49357441829576,1033951.6796255796
jid_686061,62583.0,262.0,4,1933,3264693,3264693,3266627,JobState.COMPLETED,0.6784713508539311,0,0,0,137.15975724742017,137.15975724742015,1060519.2430370527
jid_686051,62642.0,262.0,4,1921,3264708,3264708,3266630,JobState.COMPLETED,0.6827859294816276,0,0,0,137.6880729977501,137.6880729977503,1057995.152914712
jid_686051,62605.0,262.0,4,1925,3264706,3264706,3266632,JobState.COMPLETED,0.6833658082460856,0,0,0,137.75907856074542,137.7590785607452,1060744.9049177398
jid_686061,62588.0,262.0,4,1940,3264693,3264693,3266634,JobState.COMPLETED,0.680299480824633,0,0,0,137.3836098968934,137.38360989689383,1066096.8127998929
jid_686061,62596.0,262.0,4,1939,3264694,3264694,3266634,JobState.COMPLETED,0.6774648637056473,0,0,0,137.0365139231401,137.0365139231405,1062855.2019878745
jid_686061,62601.0,262.0,4,1945,3264694,3264694,3266640,JobState.COMPLETED,0.6793032630159037,0,0,0,137.26162404276337,137.2616240427637,1067895.435052699
jid_686028,62632.0,262.0,4,1876,3264766,3264766,3266643,JobState.COMPLETED,0.6822272677343995,0,0,0,137.61966543686506,137.61966543686523,1032697.9694382354
jid_686043,1246.0000000000073,376.0,160,15657,3250686,3250989,3266647,JobState.COMPLETED,0.7811023179426965,0,0,0,149.72681444196223,149.72681444196283,375083637.39484847
jid_686053,62620.0,262.0,4,1929,3264718,3264718,3266648,JobState.COMPLETED,0.679083161231106,0,0,0,137.2346728038092,137.2346728038089,1058902.7353541916
jid_686051,62612.0,262.0,4,1948,3264706,3264706,3266655,JobState.COMPLETED,0.680676258296406,0,0,0,137.42974591384595,137.42974591384564,1070852.5801606877
jid_686061,62607.0,262.0,4,1961,3264694,3264694,3266656,JobState.COMPLETED,0.6780106212907946,0,0,0,137.10334138254623,137.10334138254626,1075438.6098046927
jid_686053,62658.0,262.0,4,1939,3264720,3264720,3266660,JobState.COMPLETED,0.6774928857144126,0,0,0,137.0399451895201,137.0399451895199,1062881.8148899178
jid_686051,62635.0,262.0,4,1952,3264708,3264708,3266661,JobState.COMPLETED,0.6811467390888635,0,0,0,137.48735580679937,137.48735580679963,1073501.2741394895
jid_686032,62592.0,262.0,4,1923,3264740,3264740,3266664,JobState.COMPLETED,0.6785978991516065,0,0,0,137.17525295733896,137.17525295733958,1055152.0457478513
jid_686028,62629.0,262.0,4,1897,3264766,3264766,3266664,JobState.COMPLETED,0.6799424239744641,0,0,0,137.3398886499344,137.33988864993438,1042135.0750757023
jid_686061,62632.0,262.0,4,1968,3264696,3264696,3266665,JobState.COMPLETED,0.6587672032005161,0,0,0,134.7470044735321,134.7470044735326,1060728.4192156445
jid_686051,62596.0,262.0,4,1958,3264706,3264706,3266665,JobState.COMPLETED,0.6800604945507815,0,0,0,137.35434627152426,137.35434627152426,1075759.239998578
jid_686061,62590.0,262.0,4,1974,3264693,3264693,3266668,JobState.COMPLETED,0.6731696224109585,0,0,0,136.51056600950577,136.5105660095051,1077887.4292110575
jid_686051,62581.0,262.0,4,1966,3264705,3264705,3266672,JobState.COMPLETED,0.6780710535161726,0,0,0,137.11074124687812,137.1107412468783,1078238.8691654496
jid_686032,62596.0,262.0,4,1930,3264741,3264741,3266672,JobState.COMPLETED,0.6780863645697989,0,0,0,137.1126160697713,137.1126160697713,1058509.3960586344
jid_686051,62650.0,262.0,4,1965,3264709,3264709,3266675,JobState.COMPLETED,0.6792262637550811,0,0,0,137.25219556184672,137.25219556184666,1078802.2571161152
jid_686053,62650.0,262.0,4,1958,3264720,3264720,3266679,JobState.COMPLETED,0.6759066253029593,0,0,0,136.84570922077094,136.84570922077052,1071775.594617078
jid_686053,62631.0,262.0,4,1960,3264719,3264719,3266680,JobState.COMPLETED,0.6754963789054546,0,0,0,136.7954749680147,136.79547496801484,1072476.5237492353
jid_686032,62639.0,262.0,4,1940,3264743,3264743,3266684,JobState.COMPLETED,0.675488927707852,0,0,0,136.79456257647215,136.79456257647166,1061525.8055934238
jid_686061,62625.0,262.0,4,1989,3264695,3264695,3266685,JobState.COMPLETED,0.6714049831785956,0,0,0,136.2944877361549,136.29448773615457,1084358.9444288483
jid_686047,62590.0,262.0,4,1956,3264729,3264729,3266686,JobState.COMPLETED,0.6789318810107782,0,0,0,137.21614869519797,137.21614869519735,1073579.147391229
jid_686058,62620.0,262.0,4,1913,3264777,3264777,3266691,JobState.COMPLETED,0.6817338308785325,0,0,0,137.55924459737093,137.5592445973713,1052603.3396590825
jid_686058,62662.0,262.0,4,1914,3264779,3264779,3266694,JobState.COMPLETED,0.6818149199992597,0,0,0,137.56917387746105,137.56917387746037,1053229.5952058418
jid_686047,62607.0,262.0,4,1968,3264729,3264729,3266698,JobState.COMPLETED,0.6777689267463496,0,0,0,137.07374613220603,137.07374613220608,1079044.5295527258
jid_686032,62635.0,262.0,4,1960,3264743,3264743,3266704,JobState.COMPLETED,0.6728158859780164,0,0,0,136.4672513442465,136.46725134424693,1069903.2505388926
jid_686058,62612.0,262.0,4,1927,3264776,3264776,3266704,JobState.COMPLETED,0.6807202567567461,0,0,0,137.4351334804185,137.43513348041787,1059350.008867066
jid_686053,62621.0,262.0,4,1986,3264719,3264719,3266706,JobState.COMPLETED,0.6709402892164685,0,0,0,136.23758643466945,136.23758643466962,1082271.386637014
jid_686053,62607.0,262.0,4,1989,3264718,3264718,3266708,JobState.COMPLETED,0.6722110474762334,0,0,0,136.3931894868863,136.39318948688572,1085144.2155576674
jid_686055,62601.0,262.0,4,1955,3264752,3264752,3266708,JobState.COMPLETED,0.6744995970441832,0,0,0,136.67342004622688,136.6734200462265,1068786.1447614941
jid_686032,62676.0,262.0,4,1965,3264744,3264744,3266710,JobState.COMPLETED,0.6600379432598397,0,0,0,134.9026052971237,134.90260529712324,1060334.4776353922
jid_686032,62572.0,262.0,4,1971,3264740,3264740,3266712,JobState.COMPLETED,0.6732117522878082,0,0,0,136.51572476993542,136.5157247699357,1076289.9740861708
jid_686058,62601.0,262.0,4,1938,3264776,3264776,3266715,JobState.COMPLETED,0.6775818265607824,0,0,0,137.05083590540127,137.05083590540193,1062418.0799386706
jid_686047,62568.0,262.0,4,1988,3264728,3264728,3266717,JobState.COMPLETED,0.670829134563942,0,0,0,136.22397566089063,136.22397566089086,1083253.0544554023
jid_686047,62612.0,262.0,4,1991,3264729,3264729,3266721,JobState.COMPLETED,0.6599314613646025,0,0,0,134.8895666977069,134.88956669770644,1074260.5091805377
jid_686053,62616.0,262.0,4,2003,3264718,3264718,3266722,JobState.COMPLETED,0.6708792952346836,0,0,0,136.23011778383832,136.2301177838388,1091475.7036841128
jid_686055,62590.0,262.0,4,1969,3264752,3264752,3266722,JobState.COMPLETED,0.6733153942300205,0,0,0,136.52841562000296,136.52841562000253,1075297.8014231434
jid_686055,62635.0,262.0,4,1967,3264755,3264755,3266723,JobState.COMPLETED,0.6767221369566915,0,0,0,136.9455677906153,136.9455677906153,1077487.7273765614
jid_686047,62625.0,262.0,4,1994,3264730,3264730,3266725,JobState.COMPLETED,0.6746805252676258,0,0,0,136.6955745225669,136.69557452256643,1090283.9023919934
jid_686053,62634.0,262.0,4,2009,3264719,3264719,3266729,JobState.COMPLETED,0.6710305507854771,0,0,0,136.24863887169064,136.2486388716911,1094894.061972906
jid_686058,62634.0,262.0,4,1953,3264778,3264778,3266732,JobState.COMPLETED,0.6636254644282612,0,0,0,135.34189360346107,135.34189360346053,1057290.872830238
jid_686058,62572.0,262.0,4,1964,3264775,3264775,3266740,JobState.COMPLETED,0.6615978099662321,0,0,0,135.09360938362056,135.09360938362028,1061295.395317723
jid_686047,62572.0,262.0,4,2012,3264728,3264728,3266741,JobState.COMPLETED,0.6727794800401883,0,0,0,136.4627934743084,136.46279347430877,1098252.561881234
jid_686053,62590.0,262.0,4,2024,3264717,3264717,3266742,JobState.COMPLETED,0.6689099083147149,0,0,0,135.98896836506646,135.98896836506714,1100966.687883578
jid_686055,62623.0,262.0,4,1991,3264754,3264754,3266746,JobState.COMPLETED,0.6760566325929781,0,0,0,136.8640774603653,136.86407746036468,1089985.5128943494
jid_686058,62637.0,262.0,4,1977,3264778,3264778,3266756,JobState.COMPLETED,0.6752724908803195,0,0,0,136.76806010779458,136.76806010779424,1081561.8193324395
jid_686053,62612.0,262.0,4,2040,3264718,3264718,3266759,JobState.COMPLETED,0.6703093225338473,0,0,0,136.1603252082267,136.1603252082262,1111068.25369913
jid_686055,62596.0,262.0,4,2016,3264752,3264752,3266769,JobState.COMPLETED,0.668190899812397,0,0,0,135.90092650764097,135.90092650764046,1095905.071357617
jid_686058,62642.0,262.0,4,1994,3264779,3264779,3266774,JobState.COMPLETED,0.673536210078348,0,0,0,136.55545429530767,136.55545429530792,1089166.303459374
jid_686055,62650.0,262.0,4,2035,3264755,3264755,3266791,JobState.COMPLETED,0.670806355778628,0,0,0,136.2211864218732,136.22118642187283,1108840.4574740478
jid_686055,62634.0,262.0,4,2057,3264755,3264755,3266813,JobState.COMPLETED,0.6677590445533398,0,0,0,135.84804627183706,135.84804627183752,1117757.7247246753
jid_686055,62646.0,262.0,4,2069,3264755,3264755,3266825,JobState.COMPLETED,0.6503800496558464,0,0,0,133.7200060803079,133.72000608030774,1106666.7703206283
jid_685607,14842.0,432.0,27,6894,3257577,3260038,3266933,JobState.COMPLETED,1.0,0,0,0,176.53061224489608,176.53061224489795,32859055.102040466
jid_686073,60345.0,197.0,64,39064,3227918,3227918,3266983,JobState.COMPLETED,1.0,0,0,0,176.53061224489431,176.53061224489795,441343477.5510113
jid_686075,61545.0,557.0,8,11,3266997,3266997,3267009,JobState.COMPLETED,1.0,0,0,0,176.53061224489795,176.53061224489795,15534.69387755102
jid_685542,55937.0,191.0,1,13851,3245274,3253210,3267062,JobState.COMPLETED,1.0,0,0,0,176.53061224490335,176.53061224489795,2445125.5102041564
jid_685554,1469.0,159.0,30,8776,3258389,3258389,3267166,JobState.COMPLETED,1.0,0,0,0,176.53061224489497,176.53061224489795,46476979.591835946
jid_685589,61546.0,432.0,64,6364,3257642,3260842,3267207,JobState.COMPLETED,1.0,0,0,0,176.53061224489673,176.53061224489795,71900212.24489745
jid_685575,14825.0,432.0,27,7284,3257578,3260076,3267361,JobState.COMPLETED,1.0,0,0,0,176.53061224489582,176.53061224489795,34717922.44897917
jid_685604,61547.0,432.0,64,6568,3257641,3260842,3267411,JobState.COMPLETED,1.0,0,0,0,176.53061224489673,176.53061224489795,74204995.91836683
jid_685554,1469.0,159.0,30,9089,3258389,3258389,3267479,JobState.COMPLETED,1.0,0,0,0,176.53061224489483,176.53061224489795,48134602.04081547
jid_685575,14825.0,432.0,27,7393,3257578,3260091,3267485,JobState.COMPLETED,1.0,0,0,0,176.53061224489576,176.53061224489795,35237452.04081589
jid_685554,1469.0,159.0,30,9223,3258389,3258389,3267613,JobState.COMPLETED,1.0,0,0,0,176.53061224489477,176.53061224489795,48844255.10203993
jid_685604,61547.0,432.0,64,6974,3257642,3260842,3267817,JobState.COMPLETED,1.0,0,0,0,176.5306122448967,176.53061224489795,78791967.34693821
jid_686086,1267.0,577.0,216,13,3267915,3267915,3267929,JobState.COMPLETED,1.0,0,0,0,176.53061224489795,176.53061224489795,495697.95918367343
jid_686087,59188.0,28.0,4,5056,3262915,3262915,3267972,JobState.COMPLETED,1.0,0,0,0,176.5306122448968,176.53061224489795,3570155.102040793
jid_686087,59188.0,28.0,4,5064,3262920,3262920,3267985,JobState.COMPLETED,1.0,0,0,0,176.5306122448968,176.53061224489795,3575804.0816326295
jid_686089,60496.0,586.0,12,3,3267981,3267981,3267985,JobState.COMPLETED,1.0,0,0,0,176.53061224489795,176.53061224489795,6355.102040816326
jid_686087,59188.0,28.0,4,5087,3262923,3262923,3268011,JobState.COMPLETED,1.0,0,0,0,176.5306122448968,176.53061224489795,3592044.8979591597
jid_685586,55937.0,191.0,1,14876,3245277,3253210,3268087,JobState.COMPLETED,1.0,0,0,0,176.53061224490386,176.53061224489795,2626069.38775519
jid_685593,55937.0,191.0,1,14945,3245277,3253210,3268156,JobState.COMPLETED,1.0,0,0,0,176.5306122449039,176.53061224489795,2638250.0000000885
jid_685595,55937.0,191.0,1,14986,3245275,3253210,3268197,JobState.COMPLETED,1.0,0,0,0,176.53061224490392,176.53061224489795,2645487.75510213
jid_685601,55937.0,191.0,1,15084,3245275,3253210,3268295,JobState.COMPLETED,1.0,0,0,0,176.53061224490398,176.53061224489795,2662787.7551021315
jid_685609,55937.0,191.0,1,15136,3245272,3253210,3268347,JobState.COMPLETED,1.0,0,0,0,176.53061224490398,176.53061224489795,2671967.3469388667
jid_685614,55937.0,191.0,1,15178,3245271,3253210,3268389,JobState.COMPLETED,1.0,0,0,0,176.530612244904,176.53061224489795,2679381.632653153
jid_685613,55937.0,191.0,1,15181,3245269,3253210,3268392,JobState.COMPLETED,1.0,0,0,0,176.530612244904,176.53061224489795,2679911.2244898877
jid_686035,60343.0,197.0,64,40527,3227920,3227920,3268448,JobState.COMPLETED,1.0,0,0,0,176.53061224489284,176.53061224489795,457872391.8367214
jid_685621,55937.0,191.0,1,15237,3245270,3253210,3268448,JobState.COMPLETED,1.0,0,0,0,176.53061224490403,176.53061224489795,2689796.9387756027
jid_685624,55937.0,191.0,1,15241,3245271,3253210,3268452,JobState.COMPLETED,1.0,0,0,0,176.53061224490403,176.53061224489795,2690503.0612245826
jid_685626,55937.0,191.0,1,15266,3245269,3253210,3268477,JobState.COMPLETED,1.0,0,0,0,176.53061224490406,176.53061224489795,2694916.326530705
jid_686093,59261.0,526.0,1,249,3268232,3268232,3268482,JobState.COMPLETED,1.0,0,0,0,176.5306122448979,176.53061224489795,43956.12244897958
jid_685388,60325.0,432.0,64,38766,3229749,3229749,3268516,JobState.COMPLETED,1.0,0,0,0,176.53061224489466,176.53061224489795,437976685.7142775
jid_685846,61748.0,432.0,64,7838,3257640,3260842,3268681,JobState.COMPLETED,1.0,0,0,0,176.53061224489744,176.53061224489795,88553404.08163239
jid_685388,60325.0,432.0,64,38940,3229749,3229749,3268690,JobState.COMPLETED,1.0,0,0,0,176.53061224489446,176.53061224489795,439942530.61223614
jid_685846,61748.0,432.0,64,7955,3257641,3260842,3268798,JobState.COMPLETED,1.0,0,0,0,176.53061224489764,176.53061224489795,89875265.30612229
jid_686099,62570.0,29.0,96,257,3268729,3268729,3268987,JobState.COMPLETED,1.0,0,0,0,176.53061224489784,176.53061224489795,4355363.265306119
jid_686098,62567.0,557.0,2,11,3268978,3268978,3268990,JobState.COMPLETED,1.0,0,0,0,176.53061224489795,176.53061224489795,3883.673469387755
jid_686073,60345.0,197.0,64,41144,3227919,3227919,3269064,JobState.COMPLETED,1.0,0,0,0,176.53061224489224,176.53061224489795,464843232.6530462
jid_686606,54130.0,596.0,1,3973,3265214,3265214,3269188,JobState.COMPLETED,1.0,0,0,0,176.53061224489687,176.53061224489795,701356.1224489752
jid_685872,55937.0,191.0,1,16017,3245693,3253210,3269228,JobState.COMPLETED,1.0,0,0,0,176.53061224490438,176.53061224489795,2827490.8163266336
jid_685891,55937.0,191.0,1,16083,3245706,3253210,3269294,JobState.COMPLETED,1.0,0,0,0,176.5306122449044,176.53061224489795,2839141.8367347973
jid_685881,55937.0,191.0,1,16094,3245679,3253210,3269305,JobState.COMPLETED,1.0,0,0,0,176.5306122449044,176.53061224489795,2841083.6734694913
jid_686105,1309.9999999999927,3.0,64,32104,3237220,3237220,3269325,JobState.COMPLETED,1.0,0,0,0,176.53061224490332,176.53061224489795,362709681.6326641
jid_685887,55937.0,191.0,1,16120,3245700,3253210,3269331,JobState.COMPLETED,1.0,0,0,0,176.53061224490443,176.53061224489795,2845673.4693878596
jid_685880,55937.0,191.0,1,16158,3245610,3253210,3269369,JobState.COMPLETED,1.0,0,0,0,176.53061224490443,176.53061224489795,2852381.6326531656
jid_685889,55937.0,191.0,1,16166,3245686,3253210,3269377,JobState.COMPLETED,1.0,0,0,0,176.53061224490443,176.53061224489795,2853793.877551125
jid_685892,55937.0,191.0,1,16167,3245706,3253210,3269378,JobState.COMPLETED,1.0,0,0,0,176.53061224490443,176.53061224489795,2853970.40816337
jid_686115,62574.0,263.0,15,27,3269702,3269702,3269730,JobState.COMPLETED,1.0,0,0,0,176.53061224489795,176.53061224489795,71494.89795918367
jid_686122,62577.0,29.0,12,1104,3268818,3268818,3269923,JobState.COMPLETED,1.0,0,0,0,176.53061224489826,176.53061224489795,2338677.5510204122
jid_686409,60347.0,197.0,64,42508,3227918,3227918,3270427,JobState.COMPLETED,1.0,0,0,0,176.53061224489096,176.53061224489795,480253648.9795728
jid_685569,61544.0,432.0,64,10486,3257636,3260091,3270578,JobState.COMPLETED,1.0,0,0,0,176.53061224490088,176.53061224489795,118470400.00000197
jid_686262,62580.0,556.0,24,5,3270993,3270993,3270999,JobState.COMPLETED,1.0,0,0,0,176.53061224489795,176.53061224489795,21183.673469387755
jid_686308,338.0,393.0,204,46,3271221,3271221,3271268,JobState.COMPLETED,0.5388158844556036,0,0,0,120.0590878925229,120.0590878925229,1126634.4807834348
jid_686166,34.0,529.0,160,35276,3235081,3236401,3271678,JobState.COMPLETED,1.0,0,0,0,176.53061224489912,176.53061224489795,996367020.4081697
jid_685987,60428.0,592.0,12,11703,3252327,3259988,3271692,JobState.COMPLETED,1.0,0,0,0,176.5306122448949,176.53061224489795,24791253.061224062
jid_686399,61954.0,54.0,36,36,3271803,3271803,3271840,JobState.COMPLETED,0.6087709366700358,0,0,0,128.62501265347376,128.62501265347376,166698.016398902
jid_685551,61542.0,432.0,27,12432,3257575,3260038,3272471,JobState.COMPLETED,1.0,0,0,0,176.5306122448941,176.53061224489795,59254971.42857013
jid_686415,276.0,130.0,2,3,3272808,3272808,3272812,JobState.COMPLETED,1.0,0,0,0,176.53061224489795,176.53061224489795,1059.1836734693877
jid_685307,57609.0,548.0,8,12011,3240225,3260842,3272854,JobState.COMPLETED,1.0,0,0,0,176.53061224490216,176.53061224489795,16962473.469388157
jid_685847,61749.0,432.0,64,12348,3257639,3260842,3273191,JobState.COMPLETED,1.0,0,0,0,176.53061224490241,176.53061224489795,139507200.00000352
jid_686433,61545.0,557.0,8,345,3273397,3273397,3273743,JobState.COMPLETED,1.0,0,0,0,176.530612244898,176.53061224489795,487224.4897959185
jid_686442,62582.0,263.0,15,1438,3272643,3272643,3274082,JobState.COMPLETED,1.0,0,0,0,176.5306122448983,176.53061224489795,3807765.306122456
jid_686445,61545.0,557.0,8,726,3273398,3273398,3274125,JobState.COMPLETED,1.0,0,0,0,176.53061224489815,176.53061224489795,1025289.7959183685
jid_686450,14997.0,393.0,244,1350,3272782,3272782,3274133,JobState.COMPLETED,0.5413626139196867,0,0,0,120.37093231669611,120.37093231669634,39650185.105119705
jid_686593,1122.0,119.0,32,21075,3253025,3253210,3274286,JobState.COMPLETED,1.0,0,0,0,176.53061224490597,176.53061224489795,119052244.89796458
jid_685969,60340.0,197.0,64,46711,3227923,3227923,3274635,JobState.COMPLETED,1.0,0,0,0,176.53061224488752,176.53061224489795,527738971.4285402
jid_686460,62582.0,263.0,15,2012,3272639,3272639,3274652,JobState.COMPLETED,1.0,0,0,0,176.53061224489863,176.53061224489795,5327693.877551042
jid_685934,61956.0,432.0,64,13829,3257638,3260842,3274672,JobState.COMPLETED,1.0,0,0,0,176.53061224490332,176.53061224489795,156239477.55102515
jid_686469,62582.0,263.0,15,3103,3272635,3272635,3275739,JobState.COMPLETED,1.0,0,0,0,176.5306122448989,176.53061224489795,8216617.346938819
jid_686473,60333.0,197.0,64,48140,3227917,3227917,3276058,JobState.COMPLETED,1.0,0,0,0,176.5306122448865,176.53061224489795,543883755.1020055
jid_686446,62501.0,557.0,15,2753,3273399,3273399,3276153,JobState.COMPLETED,1.0,0,0,0,176.5306122448988,176.53061224489795,7289831.632653096
jid_685934,61956.0,432.0,64,15322,3257638,3260842,3276165,JobState.COMPLETED,1.0,0,0,0,176.5306122449041,176.53061224489795,173107330.61225092
jid_686444,62501.0,557.0,15,2909,3273400,3273400,3276310,JobState.COMPLETED,1.0,0,0,0,176.53061224489883,176.53061224489795,7702913.265306161
jid_686447,62501.0,557.0,15,2945,3273399,3273399,3276345,JobState.COMPLETED,1.0,0,0,0,176.53061224489886,176.53061224489795,7798239.795918408
jid_686481,985.0,559.0,64,44,3276800,3276800,3276845,JobState.COMPLETED,1.0,0,0,0,176.53061224489795,176.53061224489795,497110.20408163266
jid_686491,154.0,48.0,1,8404,3268888,3268888,3277293,JobState.COMPLETED,1.0,0,0,0,176.53061224489835,176.53061224489795,1483563.2653061256
jid_686496,985.0,559.0,64,40,3277461,3277461,3277502,JobState.COMPLETED,1.0,0,0,0,176.53061224489795,176.53061224489795,451918.36734693876
jid_686494,1202.0,119.0,32,24544,3252905,3253210,3277755,JobState.COMPLETED,1.0,0,0,0,176.53061224490668,176.53061224489795,138648555.10204765
jid_686513,34.0,339.0,1,0,3278202,3278202,3278202,JobState.COMPLETED,1.0,0,0,0,176.53061224489795,176.53061224489795,0.0
jid_686530,59219.0,375.0,64,85,3278731,3278731,3278817,JobState.COMPLETED,0.58997932156749,0,0,0,126.32399855928449,126.32399855928449,687202.5521625077
jid_686409,60347.0,197.0,64,50968,3227917,3227917,3278886,JobState.COMPLETED,1.0,0,0,0,176.53061224488462,176.53061224489795,575834383.6734259
jid_686546,62594.0,29.0,384,135,3279595,3279595,3279731,JobState.COMPLETED,1.0,0,0,0,176.53061224489795,176.53061224489795,9151346.93877551
jid_686555,59162.0,525.0,10,667,3279364,3279364,3280032,JobState.COMPLETED,0.6855286050450013,0,0,0,138.023910821837,138.02391082183692,920619.4851816528
jid_686571,62578.0,29.0,6,1466,3279251,3279251,3280718,JobState.COMPLETED,1.0,0,0,0,176.53061224489804,176.53061224489795,1552763.265306123
jid_686494,1202.0,119.0,32,28220,3252907,3253210,3281431,JobState.COMPLETED,1.0,0,0,0,176.53061224490725,176.53061224489795,159414204.08164105
jid_686473,60333.0,197.0,64,53735,3227916,3227916,3281652,JobState.COMPLETED,1.0,0,0,0,176.530612244883,176.53061224489795,607095836.7346424
jid_686591,9.000000000007276,26.0,24,1181,3280577,3280577,3281759,JobState.COMPLETED,1.0,0,0,0,176.5306122448983,176.53061224489795,5003583.673469397
jid_686586,60513.0,599.0,128,20941,3260339,3260828,3281770,JobState.COMPLETED,0.5807967081658232,0,0,0,125.1995969182685,125.19959691826406,335591009.16037893
jid_686598,59127.0,559.0,64,10520,3271476,3271476,3281997,JobState.COMPLETED,1.0,0,0,0,176.5306122449009,176.53061224489795,118854530.61224689
jid_686601,34.0,485.0,32,2339,3279896,3279896,3282236,JobState.COMPLETED,1.0,0,0,0,176.53061224489716,176.53061224489795,13212963.265306063
jid_686603,62598.0,596.0,1,17171,3265213,3265213,3282385,JobState.COMPLETED,1.0,0,0,0,176.53061224490483,176.53061224489795,3031207.142857261
jid_686605,62594.0,29.0,384,934,3281508,3281508,3282443,JobState.COMPLETED,1.0,0,0,0,176.53061224489815,176.53061224489795,63313763.26530619
jid_686611,60513.0,599.0,128,24133,3258586,3258586,3282720,JobState.COMPLETED,0.5713173545685043,0,0,0,124.03885974308074,124.03885974308216,383159014.6790102
jid_686627,108.0,174.0,384,20240,3263985,3263985,3284226,JobState.COMPLETED,1.0,0,0,0,176.53061224489355,176.53061224489795,1372024163.2652717
jid_686630,60312.0,525.0,10,88,3284304,3284304,3284393,JobState.COMPLETED,0.5737155723919788,0,0,0,124.33251906840557,124.33251906840556,109412.61678019691
jid_686634,60312.0,525.0,10,90,3284304,3284304,3284395,JobState.COMPLETED,0.5763183748595194,0,0,0,124.65122957463502,124.65122957463502,112186.10661717152
jid_686647,60312.0,525.0,10,90,3284305,3284305,3284396,JobState.COMPLETED,0.5741513000775681,0,0,0,124.38587347888588,124.38587347888588,111947.2861309973
jid_686644,60312.0,525.0,10,89,3284306,3284306,3284396,JobState.COMPLETED,0.5718575677494007,0,0,0,124.10500829584498,124.10500829584498,110453.45738330203
jid_686668,60513.0,599.0,128,24716,3260298,3260650,3285367,JobState.COMPLETED,0.5708824167708831,0,0,0,123.98560205358041,123.98560205357752,392246801.96560556
jid_685569,61544.0,432.0,64,24931,3257637,3260840,3285772,JobState.COMPLETED,1.0,0,0,0,176.53061224490676,176.53061224489795,281669420.4081773
jid_686689,14997.0,393.0,15,66,3288036,3288036,3288103,JobState.COMPLETED,0.5527987979506528,0,0,0,121.7712813817126,121.7712813817126,120553.56856789546
jid_686694,62610.0,583.0,512,403,3287900,3287900,3288304,JobState.COMPLETED,1.0,0,0,0,176.53061224489804,176.53061224489795,36424620.40816328
jid_686497,628.0,191.0,4,187649,3089884,3101446,3289096,JobState.COMPLETED,1.0,0,0,0,176.5306122448556,176.53061224489795,132503171.42853963
jid_686708,59288.0,501.0,15,41,3289287,3289287,3289329,JobState.COMPLETED,0.5271912307693307,0,0,0,118.63566091053028,118.63566091053029,72960.93145997611
jid_686709,14997.0,393.0,15,66,3289271,3289271,3289338,JobState.COMPLETED,0.5511017195824235,0,0,0,121.56347586723555,121.56347586723554,120347.8411085632
jid_686409,60347.0,197.0,64,61426,3227918,3227918,3289345,JobState.COMPLETED,1.0,0,0,0,176.5306122448831,176.53061224489795,693988440.8162681
jid_686109,60342.0,197.0,64,63049,3227921,3227921,3290971,JobState.COMPLETED,1.0,0,0,0,176.5306122448853,176.53061224489795,712325028.5713775
jid_686543,628.0,191.0,4,189635,3089883,3101446,3291082,JobState.COMPLETED,1.0,0,0,0,176.53061224485435,176.53061224489795,133905530.61221182
jid_686719,15160.0,393.0,12,196,3291087,3291087,3291284,JobState.COMPLETED,0.5184034402200587,0,0,0,117.55960492490517,117.55960492490514,276500.190783377
jid_686719,15160.0,393.0,12,197,3291087,3291087,3291285,JobState.COMPLETED,0.5183091405108773,0,0,0,117.54805802174003,117.54805802174008,277883.60916339344
jid_686719,15160.0,393.0,12,198,3291087,3291087,3291286,JobState.COMPLETED,0.5181771979485911,0,0,0,117.53190178962336,117.5319017896234,279255.79865214514
jid_686719,15160.0,393.0,12,198,3291087,3291087,3291286,JobState.COMPLETED,0.5182146510687209,0,0,0,117.5364878859658,117.53648788596583,279266.69521705474
jid_686719,15160.0,393.0,12,203,3291087,3291087,3291291,JobState.COMPLETED,0.5177440803080579,0,0,0,117.47886697649693,117.47886697649689,286178.51995474653
jid_686719,15160.0,393.0,12,205,3291087,3291087,3291293,JobState.COMPLETED,0.5179982325831989,0,0,0,117.50998766324881,117.50998766324885,289074.56965159206
jid_686719,15160.0,393.0,12,213,3291087,3291087,3291301,JobState.COMPLETED,0.5186775811180635,0,0,0,117.59317319813027,117.59317319813023,300568.15069442097
jid_686719,15160.0,393.0,12,217,3291087,3291087,3291305,JobState.COMPLETED,0.5183425967310157,0,0,0,117.552154701757,117.55215470175703,306105.8108433752
jid_686719,15160.0,393.0,12,217,3291087,3291087,3291305,JobState.COMPLETED,0.5184007167891281,0,0,0,117.55927144356671,117.55927144356671,306124.3428390477
jid_686719,15160.0,393.0,12,218,3291087,3291087,3291306,JobState.COMPLETED,0.5182878574579136,0,0,0,117.54545193362206,117.54545193362208,307498.90225835535
jid_686719,15160.0,393.0,12,222,3291087,3291087,3291310,JobState.COMPLETED,0.5180354154256944,0,0,0,117.51454066437078,117.51454066437073,313058.73632988374
jid_686720,15160.0,393.0,12,37,3291403,3291403,3291441,JobState.COMPLETED,0.5444903889991642,0,0,0,120.75392518357114,120.75392518357114,53614.742781505585
jid_686720,15160.0,393.0,12,39,3291403,3291403,3291443,JobState.COMPLETED,0.545078046002163,0,0,0,120.82588318393834,120.82588318393834,56546.513330083144
jid_686720,15160.0,393.0,12,40,3291403,3291403,3291444,JobState.COMPLETED,0.544191205285416,0,0,0,120.71729044311218,120.71729044311218,57944.29941269385
jid_686720,15160.0,393.0,12,41,3291403,3291403,3291445,JobState.COMPLETED,0.5428391467110703,0,0,0,120.55173225033514,120.55173225033514,59311.45226716488
jid_686720,15160.0,393.0,12,41,3291403,3291403,3291445,JobState.COMPLETED,0.544169135529232,0,0,0,120.71458802398759,120.71458802398759,59391.5773078019
jid_686720,15160.0,393.0,12,42,3291403,3291403,3291446,JobState.COMPLETED,0.5450528540537171,0,0,0,120.82279845555719,120.82279845555719,60894.690421600826
jid_686720,15160.0,393.0,12,43,3291403,3291403,3291447,JobState.COMPLETED,0.5445666762762893,0,0,0,120.76326648281093,120.76326648281093,62313.84550513043
jid_686720,15160.0,393.0,12,43,3291403,3291403,3291447,JobState.COMPLETED,0.5436228648949502,0,0,0,120.6476977422388,120.6476977422388,62254.21203499523
jid_686720,15160.0,393.0,12,43,3291403,3291403,3291447,JobState.COMPLETED,0.5438046392946277,0,0,0,120.66995583199524,120.66995583199524,62265.69720930955
jid_686720,15160.0,393.0,12,43,3291403,3291403,3291447,JobState.COMPLETED,0.5439665581818529,0,0,0,120.6897826345126,120.6897826345126,62275.9278394085
jid_686720,15160.0,393.0,12,43,3291403,3291403,3291447,JobState.COMPLETED,0.5443964056741902,0,0,0,120.74241702132942,120.74241702132942,62303.08718300598
jid_686720,15160.0,393.0,12,44,3291403,3291403,3291448,JobState.COMPLETED,0.544409341742612,0,0,0,120.74400102970759,120.74400102970759,63752.83254368561
jid_686720,15160.0,393.0,12,44,3291403,3291403,3291448,JobState.COMPLETED,0.5444282322170335,0,0,0,120.74631414902451,120.74631414902451,63754.05387068495
jid_686720,15160.0,393.0,12,45,3291403,3291403,3291449,JobState.COMPLETED,0.5439925731417398,0,0,0,120.69296813980488,120.69296813980488,65174.202795494624
jid_686720,15160.0,393.0,12,45,3291403,3291403,3291449,JobState.COMPLETED,0.5423201436426719,0,0,0,120.48818085420471,120.48818085420471,65063.617661270546
jid_686720,15160.0,393.0,12,45,3291403,3291403,3291449,JobState.COMPLETED,0.5398536551245605,0,0,0,120.18616185198702,120.18616185198702,64900.52740007299
jid_686720,15160.0,393.0,12,50,3291403,3291403,3291454,JobState.COMPLETED,0.5330652331036275,0,0,0,119.35492650248501,119.354926502485,71612.955901491
jid_686594,60348.0,197.0,64,63559,3227915,3227915,3291475,JobState.COMPLETED,1.0,0,0,0,176.53061224488596,176.53061224489795,718086987.7550533
jid_686722,15160.0,393.0,12,405,3291118,3291118,3291524,JobState.COMPLETED,0.5162889440467142,0,0,0,117.30068702612822,117.30068702612827,570081.3389469831
jid_686722,15160.0,393.0,12,407,3291118,3291118,3291526,JobState.COMPLETED,0.5163215437504334,0,0,0,117.30467882658375,117.3046788265837,572916.0513890351
jid_686723,15160.0,393.0,12,391,3291135,3291135,3291527,JobState.COMPLETED,0.5166192859724482,0,0,0,117.34113705785074,117.3411370578508,550564.6150754357
jid_686723,15160.0,393.0,12,396,3291135,3291135,3291532,JobState.COMPLETED,0.5164280258576629,0,0,0,117.31771745195873,117.3177174519587,557493.7933317078
jid_686723,15160.0,393.0,12,398,3291135,3291135,3291534,JobState.COMPLETED,0.5165019948082005,0,0,0,117.32677487447353,117.32677487447353,560352.6768004856
jid_686723,15160.0,393.0,12,404,3291135,3291135,3291540,JobState.COMPLETED,0.5162802967105748,0,0,0,117.29962816864177,117.29962816864183,568668.5973615753
jid_686723,15160.0,393.0,12,407,3291135,3291135,3291543,JobState.COMPLETED,0.5159348577167958,0,0,0,117.25732951634244,117.25732951634235,572684.7973578165
jid_686722,15160.0,393.0,12,431,3291118,3291118,3291550,JobState.COMPLETED,0.5153590388074248,0,0,0,117.1868210784602,117.18682107846018,606090.2386177962
jid_686723,15160.0,393.0,12,418,3291135,3291135,3291554,JobState.COMPLETED,0.5170780267569733,0,0,0,117.3973093988132,117.39730939881308,588864.903944447
jid_686722,15160.0,393.0,12,437,3291118,3291118,3291556,JobState.COMPLETED,0.516660652758905,0,0,0,117.34620237864145,117.34620237864142,615363.4852735958
jid_686723,15160.0,393.0,12,420,3291135,3291135,3291556,JobState.COMPLETED,0.5170532204686813,0,0,0,117.39427189412419,117.39427189412424,591667.130346386
jid_686722,15160.0,393.0,12,438,3291118,3291118,3291557,JobState.COMPLETED,0.5165900814999016,0,0,0,117.33756099998801,117.33756099998796,616726.220615937
jid_686723,15160.0,393.0,12,421,3291135,3291135,3291557,JobState.COMPLETED,0.5170648204599942,0,0,0,117.39569230122392,117.39569230122379,593083.0375057833
jid_686723,15160.0,393.0,12,423,3291135,3291135,3291559,JobState.COMPLETED,0.5154991800572268,0,0,0,117.20398123149725,117.20398123149717,594927.4087310801
jid_686722,15160.0,393.0,12,445,3291118,3291118,3291564,JobState.COMPLETED,0.5164329505371255,0,0,0,117.31832047393374,117.31832047393372,626479.8313308061
jid_686723,15160.0,393.0,12,428,3291135,3291135,3291564,JobState.COMPLETED,0.5167195850594062,0,0,0,117.35341857870286,117.3534185787028,602727.1578202178
jid_686723,15160.0,393.0,12,428,3291135,3291135,3291564,JobState.COMPLETED,0.516705128042946,0,0,0,117.35164833178942,117.3516483317893,602718.0658320705
jid_686723,15160.0,393.0,12,429,3291135,3291135,3291565,JobState.COMPLETED,0.516758953175836,0,0,0,117.35823916438801,117.35823916438808,604160.2152182695
jid_686723,15160.0,393.0,12,436,3291135,3291135,3291572,JobState.COMPLETED,0.5165146881219963,0,0,0,117.32832915779547,117.32832915779547,613861.8181535859
jid_686722,15160.0,393.0,12,454,3291118,3291118,3291573,JobState.COMPLETED,0.5159684290231465,0,0,0,117.26144028854849,117.26144028854856,638840.3266920121
jid_686723,15160.0,393.0,12,440,3291135,3291135,3291576,JobState.COMPLETED,0.5163384479457633,0,0,0,117.30674872805263,117.30674872805265,619379.6332841179
jid_686722,15160.0,393.0,12,458,3291118,3291118,3291577,JobState.COMPLETED,0.5159989415954563,0,0,0,117.26517652189254,117.26517652189261,644489.4101643214
jid_686723,15160.0,393.0,12,441,3291135,3291135,3291577,JobState.COMPLETED,0.5162039127648198,0,0,0,117.290275032427,117.2902750324269,620700.1354716037
jid_686723,15160.0,393.0,12,442,3291135,3291135,3291578,JobState.COMPLETED,0.5161196476067056,0,0,0,117.27995684980066,117.27995684980068,622052.8911313427
jid_686722,15160.0,393.0,12,460,3291118,3291118,3291579,JobState.COMPLETED,0.5157782311762334,0,0,0,117.23815075627363,117.23815075627347,647154.5921746304
jid_686724,15160.0,393.0,12,57,3291603,3291603,3291661,JobState.COMPLETED,0.5371083115179287,0,0,0,119.84999732872596,119.84999732872596,81977.39817284857
jid_686724,15160.0,393.0,12,59,3291603,3291603,3291663,JobState.COMPLETED,0.5359039387005056,0,0,0,119.70252310618436,119.70252310618436,84749.38635917852
jid_686724,15160.0,393.0,12,61,3291603,3291603,3291665,JobState.COMPLETED,0.5373559475344579,0,0,0,119.88032010626013,119.88032010626016,87752.39431778241
jid_686724,15160.0,393.0,12,61,3291603,3291603,3291665,JobState.COMPLETED,0.5372776987810702,0,0,0,119.87073862625351,119.8707386262535,87745.38067441757
jid_686724,15160.0,393.0,12,62,3291603,3291603,3291666,JobState.COMPLETED,0.537250083660191,0,0,0,119.86735718288053,119.86735718288053,89181.31374406311
jid_686724,15160.0,393.0,12,63,3291603,3291603,3291667,JobState.COMPLETED,0.5370352764546759,0,0,0,119.84105425975623,119.84105425975623,90599.83702037571
jid_686724,15160.0,393.0,12,63,3291603,3291603,3291667,JobState.COMPLETED,0.5370521210886591,0,0,0,119.84311686799906,119.84311686799907,90601.39635220729
jid_686724,15160.0,393.0,12,63,3291603,3291603,3291667,JobState.COMPLETED,0.5372553735846133,0,0,0,119.86800492872815,119.86800492872815,90620.21172611849
jid_686724,15160.0,393.0,12,63,3291603,3291603,3291667,JobState.COMPLETED,0.5370810410879876,0,0,0,119.84665809240668,119.84665809240666,90604.07351785945
jid_686725,15160.0,393.0,12,58,3291608,3291608,3291667,JobState.COMPLETED,0.536543598621433,0,0,0,119.78084881078773,119.78084881078773,83367.47077230827
jid_686724,15160.0,393.0,12,64,3291603,3291603,3291668,JobState.COMPLETED,0.5372496026159391,0,0,0,119.86729827950279,119.86729827950278,92058.08507865814
jid_686725,15160.0,393.0,12,59,3291608,3291608,3291668,JobState.COMPLETED,0.5362532931517645,0,0,0,119.74530120225687,119.74530120225688,84779.67325119786
jid_686725,15160.0,393.0,12,59,3291608,3291608,3291668,JobState.COMPLETED,0.5359865840683403,0,0,0,119.71264294714372,119.71264294714372,84756.55120657776
jid_686725,15160.0,393.0,12,59,3291608,3291608,3291668,JobState.COMPLETED,0.5361613960290034,0,0,0,119.73404849334734,119.73404849334736,84771.70633328993
jid_686724,15160.0,393.0,12,65,3291603,3291603,3291669,JobState.COMPLETED,0.5369503721041917,0,0,0,119.83065780867656,119.83065780867655,93467.91309076772
jid_686725,15160.0,393.0,12,60,3291608,3291608,3291669,JobState.COMPLETED,0.5360293740398241,0,0,0,119.71788253548868,119.71788253548867,86196.87542555186
jid_686725,15160.0,393.0,12,62,3291608,3291608,3291671,JobState.COMPLETED,0.5362868381560829,0,0,0,119.74940875380605,119.74940875380607,89093.5601128317
jid_686725,15160.0,393.0,12,62,3291608,3291608,3291671,JobState.COMPLETED,0.5365168743691976,0,0,0,119.77757645337111,119.77757645337113,89114.51688130811
jid_686725,15160.0,393.0,12,63,3291608,3291608,3291672,JobState.COMPLETED,0.5362670087903729,0,0,0,119.74698066820896,119.74698066820895,90528.71738516598
jid_686725,15160.0,393.0,12,65,3291608,3291608,3291674,JobState.COMPLETED,0.5361453771060284,0,0,0,119.7320869925749,119.7320869925749,93391.02785420843
jid_686725,15160.0,393.0,12,65,3291608,3291608,3291674,JobState.COMPLETED,0.5356660014606599,0,0,0,119.67338793395838,119.67338793395835,93345.24258848754
jid_686725,15160.0,393.0,12,65,3291608,3291608,3291674,JobState.COMPLETED,0.5360232070492102,0,0,0,119.71712739378087,119.71712739378086,93379.35936714908
jid_686725,15160.0,393.0,12,65,3291608,3291608,3291674,JobState.COMPLETED,0.5352330621836948,0,0,0,119.62037496126878,119.62037496126875,93303.89246978964
jid_686725,15160.0,393.0,12,66,3291608,3291608,3291675,JobState.COMPLETED,0.5359851070640969,0,0,0,119.71246208948122,119.71246208948124,94812.26997486912
jid_686727,51.0,39.0,48,205,3292043,3292043,3292249,JobState.COMPLETED,1.0,0,0,0,176.53061224489787,176.53061224489795,1737061.224489795
jid_686734,59203.0,562.0,1,37472,3255898,3255898,3293371,JobState.COMPLETED,1.0,0,0,0,176.53061224489608,176.53061224489795,6614955.102040745
jid_685551,61542.0,432.0,27,33850,3257575,3260038,3293889,JobState.COMPLETED,1.0,0,0,0,176.5306122449091,176.53061224489795,161340153.06123468
jid_686736,14997.0,393.0,244,2460,3291671,3291671,3294132,JobState.COMPLETED,0.5407277525033066,0,0,0,120.29319418407887,120.29319418407837,72204786.8770515
jid_686737,62618.0,597.0,15,1214,3293088,3293088,3294303,JobState.COMPLETED,0.7058878416902357,0,0,0,140.5168785743144,140.51687857431457,2558812.3588382653
jid_686109,60342.0,197.0,64,67663,3227921,3227921,3295585,JobState.COMPLETED,1.0,0,0,0,176.53061224489102,176.53061224489795,764453812.2448679
jid_686594,60348.0,197.0,64,71054,3227916,3227916,3298971,JobState.COMPLETED,1.0,0,0,0,176.53061224489477,176.53061224489795,802765191.8367202
jid_686768,397.0,119.0,32,43350,3259193,3260842,3304193,JobState.COMPLETED,1.0,0,0,0,176.53061224489022,176.53061224489795,244883265.30611172
jid_686683,57609.0,548.0,2,46299,3240213,3260842,3307142,JobState.COMPLETED,1.0,0,0,0,176.53061224488783,176.53061224489795,16346381.632652124
jid_686848,14997.0,393.0,244,49,3308758,3308758,3308808,JobState.COMPLETED,0.596149500602404,0,0,0,127.07953068600865,127.07953068600865,1519362.8688819194
jid_686851,59219.0,375.0,64,29,3309181,3309181,3309211,JobState.COMPLETED,0.602837148050858,0,0,0,127.8984262919418,127.8984262919418,237379.479197844
jid_686852,37274.0,405.0,785,24236,3285097,3285097,3309334,JobState.COMPLETED,1.0,0,0,0,176.53061224488692,176.53061224489795,3358540795.9181576
jid_686865,51.0,39.0,48,64,3309991,3309991,3310056,JobState.COMPLETED,1.0,0,0,0,176.53061224489795,176.53061224489795,542302.0408163265
jid_686875,60312.0,525.0,10,78,3310154,3310154,3310233,JobState.COMPLETED,0.5720309740735933,0,0,0,124.12624172329716,124.12624172329716,96818.46854417177
jid_686877,60312.0,525.0,10,79,3310154,3310154,3310234,JobState.COMPLETED,0.570695429216942,0,0,0,123.96270561840109,123.96270561840109,97930.53743853686
jid_686876,60312.0,525.0,10,79,3310154,3310154,3310234,JobState.COMPLETED,0.5738130510828797,0,0,0,124.34445523463835,124.34445523463833,98232.11963536429
jid_686878,60312.0,525.0,10,79,3310154,3310154,3310234,JobState.COMPLETED,0.573191869006118,0,0,0,124.2683921231981,124.2683921231981,98172.0297773265
jid_686886,60312.0,525.0,10,87,3310153,3310153,3310241,JobState.COMPLETED,0.572977905875858,0,0,0,124.24219255622754,124.24219255622752,108090.70752391795
jid_686885,60312.0,525.0,10,88,3310153,3310153,3310242,JobState.COMPLETED,0.5782564692927322,0,0,0,124.88854726033458,124.88854726033455,109901.92158909442
jid_686893,60312.0,525.0,10,92,3310151,3310151,3310244,JobState.COMPLETED,0.5624758149791872,0,0,0,122.95622224234944,122.95622224234947,113119.72446296149
jid_686889,60312.0,525.0,10,89,3310154,3310154,3310244,JobState.COMPLETED,0.5688503773098118,0,0,0,123.73678089507901,123.73678089507898,110125.73499662032
jid_686901,60312.0,525.0,10,93,3310151,3310151,3310245,JobState.COMPLETED,0.5653939521109911,0,0,0,123.31354515644787,123.31354515644789,114681.59699549653
jid_686897,60312.0,525.0,10,92,3310152,3310152,3310245,JobState.COMPLETED,0.5650789556873972,0,0,0,123.27497416580374,123.27497416580374,113412.97623253944
jid_686905,59219.0,375.0,64,28,3310549,3310549,3310578,JobState.COMPLETED,0.608375206966215,0,0,0,128.57655595504673,128.57655595504673,230409.18827144374
jid_686921,1038.0,211.0,24,81017,3230499,3230499,3311517,JobState.COMPLETED,0.6679907638709298,0,0,0,135.87642006580757,135.87642006582814,264199198.18731675
jid_686927,51.0,39.0,48,314,3311479,3311479,3311794,JobState.COMPLETED,1.0,0,0,0,176.53061224489784,176.53061224489795,2660669.3877551
jid_686929,51.0,39.0,48,312,3311485,3311485,3311798,JobState.COMPLETED,1.0,0,0,0,176.53061224489784,176.53061224489795,2643722.44897959
jid_686933,51.0,39.0,48,317,3311496,3311496,3311814,JobState.COMPLETED,1.0,0,0,0,176.53061224489784,176.53061224489795,2686089.7959183655
jid_686935,37274.0,405.0,785,27306,3284804,3284804,3312111,JobState.COMPLETED,1.0,0,0,0,176.53061224488607,176.53061224489795,3783970744.897704
jid_686942,59219.0,375.0,64,11,3312536,3312536,3312548,JobState.COMPLETED,0.6361841251407251,0,0,0,131.9817296090684,131.9817296090684,92915.13764478415
jid_686961,55988.0,533.0,40,272,3313250,3313250,3313523,JobState.COMPLETED,1.0,0,0,0,176.53061224489795,176.53061224489795,1920653.0612244897
jid_686983,55988.0,533.0,40,260,3314191,3314191,3314452,JobState.COMPLETED,1.0,0,0,0,176.53061224489795,176.53061224489795,1835918.3673469387
jid_686999,14997.0,393.0,15,176,3314959,3314959,3315136,JobState.COMPLETED,0.5413197494730408,0,0,0,120.36568360894378,120.36568360894378,317765.4047276116
jid_687012,51.0,39.0,48,5163,3310515,3310515,3315679,JobState.COMPLETED,1.0,0,0,0,176.530612244899,176.53061224489795,43748522.44897985
jid_687019,14997.0,393.0,408,162,3315568,3315568,3315731,JobState.COMPLETED,0.5322191344404962,0,0,0,119.25132258455056,119.25132258455056,7882035.417548454
jid_687031,17.0,43.0,1,31,3316251,3316251,3316283,JobState.COMPLETED,1.0,0,0,0,176.53061224489795,176.53061224489795,5472.448979591836
jid_687029,14997.0,393.0,408,181,3316137,3316137,3316319,JobState.COMPLETED,0.5337050358766998,0,0,0,119.43326969918773,119.43326969918773,8819908.100745615
jid_687034,17.0,43.0,1,148,3316284,3316284,3316433,JobState.COMPLETED,1.0,0,0,0,176.5306122448979,176.53061224489795,26126.53061224489
jid_687036,14997.0,393.0,808,181,3316366,3316366,3316548,JobState.COMPLETED,0.535145463718132,0,0,0,119.6096486185468,119.60964861854677,17492671.891165234
jid_686921,1038.0,211.0,24,86058,3230643,3230643,3316702,JobState.COMPLETED,0.607803635392431,0,0,0,128.50656759908728,128.50656759907318,265416436.6666141
jid_686826,34.0,93.0,164,55954,3250215,3260842,3316797,JobState.COMPLETED,1.0,0,0,0,176.5306122448987,176.53061224489795,1619925395.918374
jid_687040,62518.0,29.0,48,917,3315894,3315894,3316812,JobState.COMPLETED,1.0,0,0,0,176.53061224489815,176.53061224489795,7770171.428571437
jid_687043,14997.0,393.0,1608,237,3316588,3316588,3316826,JobState.COMPLETED,0.5344829244005085,0,0,0,119.52852135516429,119.5285213551643,45551841.374367684
jid_687045,59219.0,375.0,64,34,3316877,3316877,3316912,JobState.COMPLETED,0.5984635202967183,0,0,0,127.36288003633285,127.36288003633285,277141.6269590603
jid_687055,108.0,530.0,1,40,3317152,3317152,3317193,JobState.COMPLETED,1.0,0,0,0,176.53061224489795,176.53061224489795,7061.224489795918
jid_687063,14997.0,393.0,4008,337,3316986,3316986,3317324,JobState.COMPLETED,0.539438564061848,0,0,0,120.13533437492022,120.13533437492016,162266315.59886724
jid_687074,17.0,171.0,1,61,3317420,3317420,3317482,JobState.COMPLETED,1.0,0,0,0,176.53061224489798,176.53061224489795,10768.367346938778
jid_686823,628.0,191.0,6,216176,3089805,3101446,3317623,JobState.COMPLETED,1.0,0,0,0,176.5306122449748,176.53061224489795,228970089.79601803
jid_667665,55950.0,507.0,144,53057,3264738,3264738,3317796,JobState.COMPLETED,0.5917962832213308,0,0,0,126.54648365977044,126.54648365975478,966841456.8292475
jid_686828,628.0,191.0,6,216792,3089804,3101446,3318239,JobState.COMPLETED,1.0,0,0,0,176.53061224497546,176.53061224489795,229622546.9388763
jid_687098,51.0,39.0,48,832,3317481,3317481,3318314,JobState.COMPLETED,1.0,0,0,0,176.53061224489807,176.53061224489795,7049926.53061225
jid_687101,51.0,39.0,48,831,3317507,3317507,3318339,JobState.COMPLETED,1.0,0,0,0,176.53061224489807,176.53061224489795,7041453.061224494
jid_687103,51.0,39.0,48,831,3317509,3317509,3318341,JobState.COMPLETED,1.0,0,0,0,176.53061224489807,176.53061224489795,7041453.061224494
jid_687110,10019.0,278.0,48,801,3317735,3317735,3318537,JobState.COMPLETED,0.7111986506090953,0,0,0,141.16718170723604,141.16718170723615,5427595.802279811
jid_687115,10019.0,278.0,48,935,3317695,3317695,3318631,JobState.COMPLETED,0.712420592320572,0,0,0,141.31680722292708,141.31680722292717,6342298.308164967
jid_687117,338.0,147.0,385,165,3318580,3318580,3318746,JobState.COMPLETED,0.5377720862013153,0,0,0,119.93127586138556,119.93127586138556,7618634.299094518
jid_687116,108.0,530.0,1,60,3318689,3318689,3318750,JobState.COMPLETED,1.0,0,0,0,176.53061224489798,176.53061224489795,10591.83673469388
jid_687124,108.0,530.0,1,59,3318845,3318845,3318905,JobState.COMPLETED,1.0,0,0,0,176.53061224489795,176.53061224489795,10415.30612244898
jid_687129,207.0,376.0,160,699,3318274,3318274,3318974,JobState.COMPLETED,0.5233638780341117,0,0,0,118.16700547356461,118.1670054735647,13215797.892163467
jid_687134,10019.0,278.0,48,1326,3317736,3317736,3319063,JobState.COMPLETED,0.7122325808660857,0,0,0,141.29378541217423,141.29378541217375,8993066.853914065
jid_687152,276.0,130.0,2,4,3319780,3319780,3319785,JobState.COMPLETED,1.0,0,0,0,176.53061224489795,176.53061224489795,1412.2448979591836
jid_687160,40673.0,530.0,499,41,3320011,3320011,3320053,JobState.COMPLETED,1.0,0,0,0,176.53061224489795,176.53061224489795,3611639.7959183673
jid_687164,9.000000000007276,26.0,24,39748,3280571,3280571,3320320,JobState.COMPLETED,1.0,0,0,0,176.5306122448926,176.53061224489795,168401730.6122398
jid_687179,62626.0,445.0,1,2041,3318776,3318776,3320818,JobState.COMPLETED,1.0,0,0,0,176.53061224489724,176.53061224489795,360298.9795918353
jid_687176,60700.0,600.0,192,31,3320825,3320825,3320857,JobState.COMPLETED,1.0,0,0,0,176.53061224489795,176.53061224489795,1050710.2040816327
jid_687182,1125.9999999999927,191.0,8,18,3320992,3320992,3321011,JobState.COMPLETED,1.0,0,0,0,176.53061224489795,176.53061224489795,25420.408163265303
jid_686854,628.0,191.0,6,219659,3089801,3101446,3321106,JobState.COMPLETED,1.0,0,0,0,176.5306122449784,176.53061224489795,232659226.53071827
jid_685355,62797.0,140.0,128,7830,3313393,3313393,3321224,JobState.COMPLETED,1.0,0,0,0,176.53061224489744,176.53061224489795,176926040.81632602
jid_687198,985.0,559.0,128,45,3321324,3321324,3321370,JobState.COMPLETED,1.0,0,0,0,176.53061224489795,176.53061224489795,1016816.3265306122
jid_685348,55760.0,140.0,128,7989,3313499,3313499,3321489,JobState.COMPLETED,1.0,0,0,0,176.5306122448977,176.53061224489795,180518791.8367344
jid_687208,62643.0,263.0,15,365,3321131,3321131,3321497,JobState.COMPLETED,1.0,0,0,0,176.53061224489812,176.53061224489795,966505.1020408173
jid_685348,55761.0,140.0,128,7998,3313499,3313499,3321498,JobState.COMPLETED,1.0,0,0,0,176.53061224489772,176.53061224489795,180722155.1020406
jid_687210,985.0,559.0,8,94,3321497,3321497,3321592,JobState.COMPLETED,1.0,0,0,0,176.53061224489792,176.53061224489795,132751.02040816323
jid_687211,39838.0,140.0,128,8523,3313084,3313084,3321608,JobState.COMPLETED,1.0,0,0,0,176.53061224489855,176.53061224489795,192585012.24489862
jid_687214,38194.0,530.0,1,4,3321654,3321654,3321659,JobState.COMPLETED,1.0,0,0,0,176.53061224489795,176.53061224489795,706.1224489795918
jid_687222,985.0,559.0,32,211,3321534,3321534,3321746,JobState.COMPLETED,1.0,0,0,0,176.53061224489787,176.53061224489795,1191934.6938775503
jid_687224,51.0,39.0,48,4356,3317423,3317423,3321780,JobState.COMPLETED,1.0,0,0,0,176.5306122448991,176.53061224489795,36910432.65306146
jid_681665,60366.0,140.0,128,8181,3313602,3313602,3321784,JobState.COMPLETED,1.0,0,0,0,176.530612244898,176.53061224489795,184857208.16326535
jid_687227,60700.0,600.0,192,27,3321815,3321815,3321843,JobState.COMPLETED,1.0,0,0,0,176.53061224489795,176.53061224489795,915134.693877551
jid_687233,57609.0,548.0,48,2447,3319518,3319518,3321966,JobState.COMPLETED,1.0,0,0,0,176.5306122448974,176.53061224489795,20734579.591836672
jid_685376,55763.0,140.0,128,8625,3313445,3313445,3322071,JobState.COMPLETED,1.0,0,0,0,176.5306122448987,176.53061224489795,194889795.91836816
jid_687236,1267.0,537.0,234,31,3322045,3322045,3322077,JobState.COMPLETED,1.0,0,0,0,176.53061224489798,176.53061224489798,1280553.06122449
jid_687211,1050.9999999999927,140.0,128,9086,3313090,3313090,3322177,JobState.COMPLETED,1.0,0,0,0,176.53061224489932,176.53061224489795,205306514.28571588
jid_687211,1357.0,140.0,128,9294,3313091,3313091,3322386,JobState.COMPLETED,1.0,0,0,0,176.53061224489957,176.53061224489795,210006465.30612436
jid_685348,43536.0,140.0,128,8965,3313498,3313498,3322464,JobState.COMPLETED,1.0,0,0,0,176.53061224489915,176.53061224489795,202572408.16326666
jid_687254,51.0,39.0,48,5108,3317541,3317541,3322650,JobState.COMPLETED,1.0,0,0,0,176.5306122448991,176.53061224489795,43282481.63265334
jid_687267,985.0,559.0,64,1141,3321561,3321561,3322703,JobState.COMPLETED,1.0,0,0,0,176.53061224489784,176.53061224489795,12890971.42857142
jid_687283,59191.0,526.0,1,16,3323346,3323346,3323363,JobState.COMPLETED,1.0,0,0,0,176.53061224489795,176.53061224489795,2824.4897959183672
jid_687288,62655.0,29.0,12,3980,3319451,3319451,3323432,JobState.COMPLETED,1.0,0,0,0,176.5306122448989,176.53061224489795,8431102.04081637
jid_687291,301.0,549.0,385,1811,3321657,3321657,3323469,JobState.COMPLETED,1.0,0,0,0,176.53061224489758,176.53061224489795,123083321.42857116
jid_687296,62656.0,29.0,24,2273,3321271,3321271,3323545,JobState.COMPLETED,1.0,0,0,0,176.53061224489747,176.53061224489795,9630097.959183648
jid_687299,57609.0,548.0,24,4111,3319495,3319495,3323607,JobState.COMPLETED,1.0,0,0,0,176.53061224489898,176.53061224489795,17417216.326530714
jid_687300,14997.0,393.0,808,217,3323403,3323403,3323621,JobState.COMPLETED,0.5338616099944992,0,0,0,119.45244204014276,119.45244204014276,20944313.377550468
jid_687311,60503.0,48.0,1,6,3323808,3323808,3323815,JobState.COMPLETED,1.0,0,0,0,176.53061224489795,176.53061224489795,1059.1836734693877
jid_687318,108.0,480.0,470,285,3323645,3323645,3323931,JobState.COMPLETED,0.6749389084025924,0,0,0,136.7272132737869,136.72721327378682,18314610.218023755
jid_687320,40673.0,530.0,499,72,3323882,3323882,3323955,JobState.COMPLETED,1.0,0,0,0,176.53061224489795,176.53061224489795,6342391.8367346935
jid_681665,60474.0,140.0,128,10592,3313602,3313602,3324195,JobState.COMPLETED,1.0,0,0,0,176.53061224490096,176.53061224489795,239335967.34694284
jid_687327,14997.0,393.0,408,179,3324060,3324060,3324240,JobState.COMPLETED,0.5338892115872947,0,0,0,119.45582182701571,119.4558218270157,8724097.579670612
jid_687335,79.0,572.0,964,268,3324442,3324442,3324711,JobState.COMPLETED,1.0,0,0,0,176.53061224489787,176.53061224489795,45607036.734693855
jid_687354,985.0,557.0,1,25,3325661,3325661,3325687,JobState.COMPLETED,1.0,0,0,0,176.53061224489795,176.53061224489795,4413.265306122449
jid_685362,62591.0,140.0,128,12271,3313551,3313551,3325823,JobState.COMPLETED,1.0,0,0,0,176.53061224490236,176.53061224489795,277274514.2857212
jid_687362,59134.0,541.0,2,193,3325829,3325829,3326023,JobState.COMPLETED,1.0,0,0,0,176.5306122448979,176.53061224489795,68140.81632653059
jid_686954,62627.0,191.0,8,65206,3247959,3260842,3326049,JobState.COMPLETED,1.0,0,0,0,176.5306122448881,176.53061224489795,92086840.81632139
jid_686951,62627.0,191.0,8,65315,3247760,3260842,3326158,JobState.COMPLETED,1.0,0,0,0,176.5306122448882,176.53061224489795,92240775.51019898
jid_687381,338.0,147.0,385,31,3326889,3326889,3326921,JobState.COMPLETED,0.592157406341632,0,0,0,126.5907028173427,126.5907028173427,1510860.038124985
jid_687389,62667.0,104.0,1,161,3327006,3327006,3327168,JobState.COMPLETED,1.0,0,0,0,176.5306122448979,176.53061224489795,28421.42857142856
jid_687394,62669.0,104.0,1,125,3327324,3327324,3327450,JobState.COMPLETED,1.0,0,0,0,176.5306122448979,176.53061224489795,22066.326530612238
jid_687416,108.0,480.0,2350,3668,3324719,3324719,3328388,JobState.COMPLETED,0.6391255814343427,0,0,0,132.3419079307356,132.34190793073586,1140760777.9813547
jid_686825,62627.0,191.0,10,67550,3238578,3260842,3328393,JobState.COMPLETED,1.0,0,0,0,176.53061224488275,176.53061224489795,119246428.5714183
jid_687417,301.0,549.0,385,8367,3320036,3320036,3328404,JobState.COMPLETED,1.0,0,0,0,176.5306122448968,176.53061224489795,568657178.5714248
jid_687426,1038.0,211.0,24,72107,3256541,3256541,3328649,JobState.COMPLETED,0.6711250242612455,0,0,0,136.26020705238727,136.26020705239742,235807553.99823573
jid_687428,301.0,534.0,8,142,3328544,3328544,3328687,JobState.COMPLETED,1.0,0,0,0,176.5306122448979,176.53061224489795,200538.775510204
jid_687432,301.0,549.0,385,2279,3326669,3326669,3328949,JobState.COMPLETED,1.0,0,0,0,176.53061224489753,176.53061224489795,154890607.14285675
jid_687437,60725.0,601.0,15,5628,3323472,3323472,3329101,JobState.COMPLETED,1.0,0,0,0,176.53061224489682,176.53061224489795,14902714.285714189
jid_687450,62640.0,151.0,12,24,3329423,3329423,3329448,JobState.COMPLETED,1.0,0,0,0,176.53061224489795,176.53061224489795,50840.81632653061
jid_687455,60726.0,601.0,15,6160,3323479,3323479,3329640,JobState.COMPLETED,1.0,0,0,0,176.53061224489636,176.53061224489795,16311428.571428424
jid_687460,62653.0,600.0,32,2,3329701,3329701,3329704,JobState.COMPLETED,1.0,0,0,0,176.53061224489795,176.53061224489795,11297.959183673469
jid_687463,34.0,584.0,6,194,3329612,3329612,3329807,JobState.COMPLETED,1.0,0,0,0,176.53061224489792,176.53061224489795,205481.63265306118
jid_687466,15160.0,393.0,12,383,3329541,3329541,3329925,JobState.COMPLETED,0.5172342800554246,0,0,0,117.4164424557663,117.41644245576629,539645.969526702
jid_687466,15160.0,393.0,12,396,3329541,3329541,3329938,JobState.COMPLETED,0.5168857588065117,0,0,0,117.37376638447074,117.37376638447081,557760.137859005
jid_687466,15160.0,393.0,12,423,3329541,3329541,3329965,JobState.COMPLETED,0.517290106041133,0,0,0,117.42327829075107,117.42327829075099,596040.5606038524
jid_687466,15160.0,393.0,12,423,3329541,3329541,3329965,JobState.COMPLETED,0.5173646221941073,0,0,0,117.43240271764569,117.43240271764579,596086.8761947695
jid_687466,15160.0,393.0,12,426,3329541,3329541,3329968,JobState.COMPLETED,0.5172113214488854,0,0,0,117.41363119782257,117.41363119782268,600218.482683269
jid_687466,15160.0,393.0,12,429,3329541,3329541,3329971,JobState.COMPLETED,0.5172776074640542,0,0,0,117.42174785274135,117.42174785274135,604487.1579459124
jid_687466,15160.0,393.0,12,429,3329541,3329541,3329971,JobState.COMPLETED,0.5172697280838772,0,0,0,117.42078303067878,117.42078303067883,604482.1910419343
jid_687466,15160.0,393.0,12,429,3329541,3329541,3329971,JobState.COMPLETED,0.5170625400776278,0,0,0,117.39541307072982,117.39541307072993,604351.5864881171
jid_687466,15160.0,393.0,12,431,3329541,3329541,3329973,JobState.COMPLETED,0.5170191895184488,0,0,0,117.39010483899375,117.39010483899374,607141.6222272756
jid_687466,15160.0,393.0,12,432,3329541,3329541,3329974,JobState.COMPLETED,0.5170879298532314,0,0,0,117.39852202284476,117.39852202284466,608593.9381664272
jid_687466,15160.0,393.0,12,435,3329541,3329541,3329977,JobState.COMPLETED,0.5170190999477812,0,0,0,117.39009387115692,117.39009387115688,612776.2900074391
jid_687471,15160.0,393.0,12,60,3330050,3330050,3330111,JobState.COMPLETED,0.5359098602891651,0,0,0,119.7032481986733,119.70324819867328,86186.33870304478
jid_687471,15160.0,393.0,12,63,3330050,3330050,3330114,JobState.COMPLETED,0.5357442579519842,0,0,0,119.68297036146744,119.68297036146744,90480.32559326939
jid_687471,15160.0,393.0,12,64,3330050,3330050,3330115,JobState.COMPLETED,0.5352384745411112,0,0,0,119.62103769891156,119.62103769891159,91868.95695276409
jid_687471,15160.0,393.0,12,65,3330050,3330050,3330116,JobState.COMPLETED,0.5351642512588594,0,0,0,119.61194913373787,119.61194913373788,93297.32032431553
jid_687471,15160.0,393.0,12,68,3330050,3330050,3330119,JobState.COMPLETED,0.5360864917887621,0,0,0,119.72487654556272,119.72487654556271,97695.49926117918
jid_687484,15160.0,481.0,4,0,3330378,3330378,3330378,JobState.COMPLETED,1.0,0,0,0,176.53061224489795,176.53061224489795,0.0
jid_687505,12753.0,526.0,2,128,3331100,3331100,3331229,JobState.COMPLETED,1.0,0,0,0,176.5306122448979,176.53061224489795,45191.83673469386
jid_687518,61545.0,557.0,8,336,3331029,3331029,3331366,JobState.COMPLETED,1.0,0,0,0,176.530612244898,176.53061224489795,474514.28571428586
jid_687534,62677.0,104.0,2,2926,3328660,3328660,3331587,JobState.COMPLETED,1.0,0,0,0,176.53061224489701,176.53061224489795,1033057.1428571374
jid_687541,34.0,584.0,8,148,3331536,3331536,3331685,JobState.COMPLETED,1.0,0,0,0,176.5306122448979,176.53061224489795,209012.2448979591
jid_687539,60724.0,601.0,15,8271,3323467,3323467,3331739,JobState.COMPLETED,1.0,0,0,0,176.53061224489514,176.53061224489795,21901270.408162914
jid_687546,60513.0,599.0,128,4138,3327754,3327754,3331893,JobState.COMPLETED,0.5795225713487616,0,0,0,125.0435801651547,125.0435801651545,66231082.8445965
jid_687551,55988.0,533.0,40,176,3331836,3331836,3332013,JobState.COMPLETED,1.0,0,0,0,176.53061224489795,176.53061224489795,1242775.5102040817
jid_687557,62665.0,263.0,15,5116,3327142,3327142,3332259,JobState.COMPLETED,1.0,0,0,0,176.53061224489733,176.53061224489795,13546959.18367342
jid_687567,59204.0,570.0,1,0,3332383,3332383,3332384,JobState.COMPLETED,1.0,0,0,0,176.53061224489795,176.53061224489795,0.0
jid_687580,34.0,485.0,483,195,3332575,3332575,3332771,JobState.COMPLETED,1.0,0,0,0,176.53061224489792,176.53061224489795,16626535.71428571
jid_687585,41146.0,480.0,2,62,3332937,3332937,3333000,JobState.COMPLETED,0.6501923467705495,0,0,0,133.69702205353667,133.69702205353667,16578.430734638547
jid_687517,62565.0,557.0,15,2189,3331079,3331079,3333269,JobState.COMPLETED,1.0,0,0,0,176.5306122448987,176.53061224489795,5796382.653061248
jid_687528,62565.0,557.0,15,2267,3331030,3331030,3333298,JobState.COMPLETED,1.0,0,0,0,176.5306122448987,176.53061224489795,6002923.46938778
jid_687512,62565.0,557.0,15,2377,3331029,3331029,3333407,JobState.COMPLETED,1.0,0,0,0,176.53061224489872,176.53061224489795,6294198.979591863
jid_687602,59204.0,570.0,1,0,3333554,3333554,3333555,JobState.COMPLETED,1.0,0,0,0,176.53061224489795,176.53061224489795,0.0
jid_687609,40597.0,526.0,1,228,3333645,3333645,3333874,JobState.COMPLETED,1.0,0,0,0,176.53061224489787,176.53061224489795,40248.979591836716
jid_687616,301.0,534.0,8,145,3333924,3333924,3334070,JobState.COMPLETED,1.0,0,0,0,176.5306122448979,176.53061224489795,204775.51020408157
jid_687617,41294.0,476.0,512,66,3334071,3334071,3334138,JobState.COMPLETED,0.5802071206201002,0,0,0,125.1274025249102,125.12740252491022,4228305.1861217655
jid_687627,59219.0,375.0,64,21,3334517,3334517,3334539,JobState.COMPLETED,0.6266834625582858,0,0,0,130.81838317040234,130.81838317040234,175819.90698102076
jid_687628,338.0,393.0,102,496,3334043,3334043,3334540,JobState.COMPLETED,0.6730832916892162,0,0,0,136.49999490072022,136.49999490072034,6905807.7420172375
jid_687626,59219.0,375.0,64,64,3334477,3334477,3334542,JobState.COMPLETED,0.6467081924472228,0,0,0,133.2703909119048,133.27039091190483,545875.521175162
jid_687630,59219.0,375.0,64,63,3334541,3334541,3334605,JobState.COMPLETED,0.6556038007315258,0,0,0,134.3596490691664,134.35964906916644,541738.1050468789
jid_687647,41282.0,474.0,1024,24,3335106,3335106,3335131,JobState.COMPLETED,1.0,0,0,0,176.53061224489795,176.53061224489795,4338416.326530612
jid_687678,338.0,393.0,102,952,3334975,3334975,3335928,JobState.COMPLETED,0.6921041479151954,0,0,0,138.82907933655454,138.8290793365545,13480858.91989679
jid_687679,61545.0,557.0,8,210,3335720,3335720,3335931,JobState.COMPLETED,1.0,0,0,0,176.53061224489787,176.53061224489795,296571.4285714284
jid_687682,17.0,92.0,1,131,3335907,3335907,3336039,JobState.COMPLETED,1.0,0,0,0,176.5306122448979,176.53061224489795,23125.510204081624
jid_687694,43059.0,480.0,2250,122,3336143,3336143,3336266,JobState.COMPLETED,0.52614392633696,0,0,0,118.50741955146447,118.5074195514645,32530286.666876998
jid_687707,301.0,549.0,385,2642,3334074,3334074,3336717,JobState.COMPLETED,1.0,0,0,0,176.53061224489784,176.53061224489795,179561642.85714272
jid_687721,34.0,485.0,483,3492,3333513,3333513,3337006,JobState.COMPLETED,1.0,0,0,0,176.5306122448992,176.53061224489795,297742885.7142878
jid_687726,1038.0,211.0,24,80353,3256745,3256745,3337099,JobState.COMPLETED,0.6513428831985898,0,0,0,133.83790406511878,133.83790406513344,258102650.52826774
jid_687728,36151.0,65.0,399,3591,3333621,3333621,3337213,JobState.COMPLETED,1.0,0,0,0,176.53061224489687,176.53061224489798,252934649.99999845
jid_687731,59134.0,541.0,2,227,3337058,3337058,3337286,JobState.COMPLETED,1.0,0,0,0,176.53061224489787,176.53061224489795,80144.89795918363
jid_687733,338.0,481.0,3,38,3337306,3337306,3337345,JobState.COMPLETED,1.0,0,0,0,176.53061224489795,176.53061224489795,20124.489795918365
jid_687735,41294.0,476.0,512,5392,3332019,3332019,3337412,JobState.COMPLETED,0.7130027368734806,0,0,0,141.38809022940444,141.38809022940578,390330666.24867773
jid_687748,15160.0,147.0,1,109,3337465,3337465,3337575,JobState.COMPLETED,0.5287219499489335,0,0,0,118.8230959121143,118.82309591211431,12951.717454420459
jid_687662,62565.0,557.0,15,2634,3334973,3334973,3337608,JobState.COMPLETED,1.0,0,0,0,176.5306122448988,176.53061224489795,6974724.489795952
jid_687744,15160.0,393.0,12,188,3337430,3337430,3337619,JobState.COMPLETED,0.5189329253059963,0,0,0,117.62443983338734,117.62443983338729,265360.73626412184
jid_687744,15160.0,393.0,12,193,3337430,3337430,3337624,JobState.COMPLETED,0.5186510013791389,0,0,0,117.58991853622109,117.58991853622109,272338.25132988807
jid_687665,62501.0,557.0,15,2573,3335051,3335051,3337625,JobState.COMPLETED,1.0,0,0,0,176.53061224489878,176.53061224489795,6813198.979591869
jid_687744,15160.0,393.0,12,198,3337430,3337430,3337629,JobState.COMPLETED,0.5184417054561332,0,0,0,117.56429046401628,117.56429046401631,279332.7541425027
jid_687744,15160.0,393.0,12,205,3337430,3337430,3337636,JobState.COMPLETED,0.5193286049778577,0,0,0,117.67289040545195,117.67289040545195,289475.3103974118
jid_687744,15160.0,393.0,12,205,3337430,3337430,3337636,JobState.COMPLETED,0.5193185168797129,0,0,0,117.67165512812812,117.67165512812811,289472.2716151952
jid_687744,15160.0,393.0,12,206,3337430,3337430,3337637,JobState.COMPLETED,0.5191437017831706,0,0,0,117.65024919793927,117.65024919793923,290831.4160173059
jid_687744,15160.0,393.0,12,207,3337430,3337430,3337638,JobState.COMPLETED,0.5189311094253535,0,0,0,117.62421748065549,117.62421748065553,292178.55622194824
jid_687744,15160.0,393.0,12,207,3337430,3337430,3337638,JobState.COMPLETED,0.5190937495472733,0,0,0,117.64413259762534,117.6441325976253,292228.02537250135
jid_687744,15160.0,393.0,12,209,3337430,3337430,3337640,JobState.COMPLETED,0.518726872689794,0,0,0,117.5992089007911,117.59920890079111,294938.81592318404
jid_687744,15160.0,393.0,12,209,3337430,3337430,3337640,JobState.COMPLETED,0.5191068168990535,0,0,0,117.64573268151675,117.64573268151675,295055.497565244
jid_687744,15160.0,393.0,12,210,3337430,3337430,3337641,JobState.COMPLETED,0.5187680616893836,0,0,0,117.60425245176127,117.60425245176127,296362.7161784384
jid_687744,15160.0,393.0,12,212,3337430,3337430,3337643,JobState.COMPLETED,0.5192279780452717,0,0,0,117.66056874023735,117.66056874023734,299328.48687516386
jid_687662,62501.0,557.0,15,2681,3334973,3334973,3337655,JobState.COMPLETED,1.0,0,0,0,176.5306122448988,176.53061224489795,7099178.571428605
jid_687747,15160.0,393.0,12,37,3337664,3337664,3337702,JobState.COMPLETED,0.5433474163725679,0,0,0,120.61396935174302,120.61396935174302,53552.602392173896
jid_687747,15160.0,393.0,12,38,3337664,3337664,3337703,JobState.COMPLETED,0.5448306571119521,0,0,0,120.79559066676966,120.79559066676966,55082.78934404696
jid_687747,15160.0,393.0,12,38,3337664,3337664,3337703,JobState.COMPLETED,0.5441949834755735,0,0,0,120.71775307864165,120.71775307864165,55047.2954038606
jid_687747,15160.0,393.0,12,38,3337664,3337664,3337703,JobState.COMPLETED,0.5450734043838177,0,0,0,120.82531482250829,120.82531482250829,55096.343559063775
jid_687747,15160.0,393.0,12,38,3337664,3337664,3337703,JobState.COMPLETED,0.5444500541632263,0,0,0,120.74898622406853,120.74898622406853,55061.537718175256
jid_687747,15160.0,393.0,12,38,3337664,3337664,3337703,JobState.COMPLETED,0.5441931891448237,0,0,0,120.71753336467229,120.71753336467229,55047.195214290565
jid_687747,15160.0,393.0,12,38,3337664,3337664,3337703,JobState.COMPLETED,0.5455950453159172,0,0,0,120.88918922235722,120.88918922235722,55125.4702853949
jid_687747,15160.0,393.0,12,39,3337664,3337664,3337704,JobState.COMPLETED,0.5434455012808584,0,0,0,120.62597974867656,120.62597974867656,56452.958522380635
jid_687747,15160.0,393.0,12,40,3337664,3337664,3337705,JobState.COMPLETED,0.5451049940974952,0,0,0,120.8291829507137,120.8291829507137,57998.00781634258
jid_687747,15160.0,393.0,12,41,3337664,3337664,3337706,JobState.COMPLETED,0.5454149694981307,0,0,0,120.86713912222008,120.86713912222008,59466.63244813228
jid_687751,15160.0,393.0,12,398,3337408,3337408,3337807,JobState.COMPLETED,0.516628914794701,0,0,0,117.34231609731025,117.3423160973103,560426.9016807538
jid_687751,15160.0,393.0,12,426,3337408,3337408,3337835,JobState.COMPLETED,0.5169124749894877,0,0,0,117.37703775381486,117.37703775381482,600031.4169975016
jid_687751,15160.0,393.0,12,430,3337408,3337408,3337839,JobState.COMPLETED,0.5169062545434074,0,0,0,117.37627606653963,117.37627606653969,605661.5845033445
jid_687751,15160.0,393.0,12,431,3337408,3337408,3337840,JobState.COMPLETED,0.5169024333134242,0,0,0,117.37580816082739,117.37580816082748,607067.6798077992
jid_687751,15160.0,393.0,12,432,3337408,3337408,3337841,JobState.COMPLETED,0.5169324831503346,0,0,0,117.37948773269397,117.37948773269403,608495.2644062855
jid_687751,15160.0,393.0,12,437,3337408,3337408,3337846,JobState.COMPLETED,0.5167729984221945,0,0,0,117.3599589904728,117.3599589904728,615435.6249460394
jid_687751,15160.0,393.0,12,437,3337408,3337408,3337846,JobState.COMPLETED,0.5168029924462954,0,0,0,117.36363172811785,117.36363172811781,615454.88478225
jid_687751,15160.0,393.0,12,438,3337408,3337408,3337847,JobState.COMPLETED,0.5167127883412447,0,0,0,117.35258632749947,117.35258632749935,616805.1937373371
jid_687751,15160.0,393.0,12,438,3337408,3337408,3337847,JobState.COMPLETED,0.5168034920200658,0,0,0,117.3636929004163,117.36369290041621,616863.5698845881
jid_687751,15160.0,393.0,12,439,3337408,3337408,3337848,JobState.COMPLETED,0.5168244388242408,0,0,0,117.36625781521315,117.36625781521316,618285.4461705429
jid_687679,62501.0,557.0,8,2149,3335720,3335720,3337870,JobState.COMPLETED,1.0,0,0,0,176.5306122448972,176.53061224489795,3034914.285714273
jid_687757,15160.0,393.0,12,57,3337947,3337947,3338005,JobState.COMPLETED,0.5357214686732175,0,0,0,119.68017983753681,119.68017983753684,81861.24300887517
jid_687757,15160.0,393.0,12,58,3337947,3337947,3338006,JobState.COMPLETED,0.5355310617730519,0,0,0,119.65686470690433,119.6568647069043,83281.17783600542
jid_687757,15160.0,393.0,12,60,3337947,3337947,3338008,JobState.COMPLETED,0.5351352258285877,0,0,0,119.6083949994189,119.60839499941892,86118.04439958162
jid_687757,15160.0,393.0,12,64,3337947,3337947,3338012,JobState.COMPLETED,0.5357512504700402,0,0,0,119.68382658816819,119.68382658816819,91917.17881971317
jid_687757,15160.0,393.0,12,64,3337947,3337947,3338012,JobState.COMPLETED,0.5354106543999929,0,0,0,119.64212094693794,119.64212094693791,91885.14888724833
jid_687757,15160.0,393.0,12,64,3337947,3337947,3338012,JobState.COMPLETED,0.5358842847094217,0,0,0,119.70011649503125,119.70011649503124,91929.689468184
jid_687757,15160.0,393.0,12,65,3337947,3337947,3338013,JobState.COMPLETED,0.535426391082966,0,0,0,119.6440478877101,119.6440478877101,93322.35735241388
jid_687757,15160.0,393.0,12,65,3337947,3337947,3338013,JobState.COMPLETED,0.5355143708907308,0,0,0,119.65482092539561,119.65482092539561,93330.76032180859
jid_687767,56000.0,43.0,12,14041,3324299,3324299,3338341,JobState.COMPLETED,1.0,0,0,0,176.53061224489434,176.53061224489795,29743995.918366738
jid_687769,41282.0,474.0,1024,28,3338322,3338322,3338351,JobState.COMPLETED,1.0,0,0,0,176.53061224489795,176.53061224489795,5061485.714285715
jid_687654,62501.0,557.0,15,3384,3335050,3335050,3338435,JobState.COMPLETED,1.0,0,0,0,176.53061224489892,176.53061224489795,8960693.87755107
jid_687773,62745.0,263.0,15,1665,3336789,3336789,3338455,JobState.COMPLETED,1.0,0,0,0,176.53061224489844,176.53061224489795,4408852.040816339
jid_687780,61545.0,557.0,8,211,3338328,3338328,3338540,JobState.COMPLETED,1.0,0,0,0,176.53061224489787,176.53061224489795,297983.6734693876
jid_687657,62501.0,557.0,15,3558,3335050,3335050,3338609,JobState.COMPLETED,1.0,0,0,0,176.53061224489895,176.53061224489795,9421438.775510257
jid_687792,61545.0,557.0,8,374,3338328,3338328,3338703,JobState.COMPLETED,1.0,0,0,0,176.53061224489804,176.53061224489795,528179.5918367349
jid_687814,40769.0,576.0,1,183,3339091,3339091,3339275,JobState.COMPLETED,1.0,0,0,0,176.5306122448979,176.53061224489795,32305.102040816313
jid_687815,338.0,481.0,3,50,3339230,3339230,3339281,JobState.COMPLETED,0.5859849151148148,0,0,0,125.83488756507934,125.83488756507934,18875.2331347619
jid_687819,34.0,584.0,15,122,3339329,3339329,3339452,JobState.COMPLETED,1.0,0,0,0,176.53061224489795,176.53061224489795,323051.02040816325
jid_687826,41282.0,474.0,1024,8,3339546,3339546,3339555,JobState.COMPLETED,1.0,0,0,0,176.53061224489795,176.53061224489795,1446138.775510204
jid_687829,34.0,584.0,20,116,3339538,3339538,3339655,JobState.COMPLETED,1.0,0,0,0,176.53061224489795,176.53061224489795,409551.02040816325
jid_687848,14685.0,197.0,27,25964,3314011,3314011,3339976,JobState.COMPLETED,1.0,0,0,0,176.53061224490395,176.53061224489795,123752902.04082052
jid_687837,62565.0,557.0,15,1955,3338111,3338111,3340067,JobState.COMPLETED,1.0,0,0,0,176.5306122448986,176.53061224489795,5176760.204081652
jid_687867,62749.0,179.0,1,12,3340375,3340375,3340388,JobState.COMPLETED,1.0,0,0,0,176.53061224489795,176.53061224489795,2118.3673469387754
jid_687870,41687.0,341.0,255,2537,3337862,3337862,3340400,JobState.COMPLETED,1.0,0,0,0,176.53061224489747,176.53061224489795,114203831.63265274
jid_687836,14749.0,197.0,27,26462,3314010,3314010,3340473,JobState.COMPLETED,1.0,0,0,0,176.53061224490435,176.53061224489795,126126532.65306579
jid_687873,41379.0,341.0,255,2868,3337618,3337618,3340487,JobState.COMPLETED,1.0,0,0,0,176.5306122448972,176.53061224489795,129103897.95918313
jid_687874,41687.0,341.0,255,2885,3337614,3337614,3340500,JobState.COMPLETED,1.0,0,0,0,176.53061224489718,176.53061224489795,129869158.16326474
jid_687783,62565.0,557.0,8,2175,3338328,3338328,3340504,JobState.COMPLETED,1.0,0,0,0,176.5306122448972,176.53061224489795,3071632.6530612116
jid_687875,41378.0,341.0,255,2898,3337623,3337623,3340522,JobState.COMPLETED,1.0,0,0,0,176.53061224489718,176.53061224489795,130454357.14285657
jid_687792,62501.0,557.0,8,2230,3338329,3338329,3340560,JobState.COMPLETED,1.0,0,0,0,176.53061224489718,176.53061224489795,3149306.122448966
jid_687876,60513.0,599.0,128,3701,3336867,3336867,3340569,JobState.COMPLETED,0.5841048386683665,0,0,0,125.60467412265768,125.60467412265712,59502451.062778376
jid_687881,276.0,130.0,2,0,3340605,3340605,3340605,JobState.COMPLETED,1.0,0,0,0,176.53061224489795,176.53061224489795,0.0
jid_687777,62501.0,557.0,8,2282,3338330,3338330,3340613,JobState.COMPLETED,1.0,0,0,0,176.53061224489718,176.53061224489795,3222742.857142843
jid_687789,62501.0,557.0,8,2324,3338329,3338329,3340654,JobState.COMPLETED,1.0,0,0,0,176.53061224489716,176.53061224489795,3282057.142857128
jid_687886,16781.0,341.0,255,1080,3339716,3339716,3340797,JobState.COMPLETED,1.0,0,0,0,176.53061224489775,176.53061224489795,48616530.61224484
jid_687897,62667.0,104.0,1,161,3340919,3340919,3341081,JobState.COMPLETED,1.0,0,0,0,176.5306122448979,176.53061224489795,28421.42857142856
jid_687899,14748.0,197.0,27,27127,3314008,3314008,3341136,JobState.COMPLETED,1.0,0,0,0,176.5306122449049,176.53061224489795,129296139.79592344
jid_687903,29.0,23.0,2560,1240,3340009,3340009,3341250,JobState.COMPLETED,0.5506390632208361,0,0,0,121.50682406785772,121.5068240678575,385711262.32100755
jid_687906,34.0,258.0,1,29,3341350,3341350,3341380,JobState.COMPLETED,1.0,0,0,0,176.53061224489795,176.53061224489795,5119.3877551020405
jid_687924,62626.0,445.0,1,2131,3339713,3339713,3341845,JobState.COMPLETED,1.0,0,0,0,176.5306122448972,176.53061224489795,376186.73469387594
jid_687836,14749.0,197.0,27,27889,3314010,3314010,3341900,JobState.COMPLETED,1.0,0,0,0,176.53061224490546,176.53061224489795,132928080.61225055
jid_687935,14747.0,197.0,27,28138,3314007,3314007,3342146,JobState.COMPLETED,1.0,0,0,0,176.53061224490563,176.53061224489795,134114895.91837318
jid_687621,108.0,174.0,48,82586,3251756,3259988,3342575,JobState.COMPLETED,1.0,0,0,0,176.53061224489213,176.53061224489795,699789942.8571198
jid_687848,14685.0,197.0,27,28733,3314012,3314012,3342746,JobState.COMPLETED,1.0,0,0,0,176.53061224490608,176.53061224489795,136950860.2040879
jid_687963,34.0,485.0,483,588,3342194,3342194,3342783,JobState.COMPLETED,1.0,0,0,0,176.53061224489804,176.53061224489795,50135400.00000002
jid_687935,14747.0,197.0,27,28872,3314008,3314008,3342881,JobState.COMPLETED,1.0,0,0,0,176.53061224490617,176.53061224489795,137613379.59184313
jid_687726,1038.0,211.0,24,86041,3256848,3256848,3342890,JobState.COMPLETED,0.6421577492800792,0,0,0,132.7131937894231,132.71319378939748,274050621.76405805
jid_687971,338.0,481.0,6,209,3342800,3342800,3343010,JobState.COMPLETED,0.5918069100004537,0,0,0,126.54778489801475,126.54778489801474,158690.92226211051
jid_687985,62760.0,534.0,15,0,3343504,3343504,3343505,JobState.COMPLETED,1.0,0,0,0,176.53061224489795,176.53061224489795,0.0
jid_687987,40769.0,576.0,1,10,3343533,3343533,3343544,JobState.COMPLETED,1.0,0,0,0,176.53061224489795,176.53061224489795,1765.3061224489795
jid_687988,62760.0,534.0,15,3,3343558,3343558,3343562,JobState.COMPLETED,1.0,0,0,0,176.53061224489795,176.53061224489795,7943.877551020408
jid_688018,15160.0,481.0,2,41,3343990,3343990,3344032,JobState.COMPLETED,1.0,0,0,0,176.53061224489795,176.53061224489795,14475.510204081633
jid_688018,15160.0,481.0,2,509,3343990,3343990,3344500,JobState.COMPLETED,0.5199208624101206,0,0,0,117.74541172368838,117.74541172368824,119864.82913471478
jid_688055,14814.0,197.0,27,30685,3314006,3314006,3344692,JobState.COMPLETED,1.0,0,0,0,176.53061224490736,176.53061224489795,146254729.59184453
jid_688055,14814.0,197.0,27,31133,3314006,3314006,3345140,JobState.COMPLETED,1.0,0,0,0,176.53061224490762,176.53061224489795,148390043.87755913
jid_688057,40769.0,576.0,1,24,3345239,3345239,3345264,JobState.COMPLETED,1.0,0,0,0,176.53061224489795,176.53061224489795,4236.734693877551
jid_688055,14814.0,197.0,27,31523,3314006,3314006,3345530,JobState.COMPLETED,1.0,0,0,0,176.53061224490787,176.53061224489795,150248911.2244982
jid_688065,38194.0,530.0,1,23,3345513,3345513,3345537,JobState.COMPLETED,1.0,0,0,0,176.53061224489795,176.53061224489795,4060.204081632653
jid_688083,17.0,258.0,1,0,3345985,3345985,3345985,JobState.COMPLETED,1.0,0,0,0,176.53061224489795,176.53061224489795,0.0
jid_687801,14686.0,197.0,27,32364,3314012,3314012,3346377,JobState.COMPLETED,1.0,0,0,0,176.53061224490833,176.53061224489795,154257391.83674374
jid_688107,41687.0,341.0,255,2783,3343989,3343989,3346773,JobState.COMPLETED,1.0,0,0,0,176.53061224489727,176.53061224489795,125277596.93877502
jid_688108,59204.0,570.0,1,509,3346287,3346287,3346797,JobState.COMPLETED,1.0,0,0,0,176.53061224489807,176.53061224489795,89854.08163265312
jid_687801,14686.0,197.0,27,32823,3314012,3314012,3346836,JobState.COMPLETED,1.0,0,0,0,176.53061224490855,176.53061224489795,156445135.71429512
jid_688118,1430.0,21.0,32,49,3347144,3347144,3347194,JobState.COMPLETED,1.0,0,0,0,176.53061224489795,176.53061224489795,276800.0
jid_688123,36151.0,65.0,399,3473,3343823,3343823,3347297,JobState.COMPLETED,1.0,0,0,0,176.530612244897,176.53061224489798,244623235.7142844
jid_688132,14745.0,197.0,27,33498,3314004,3314004,3347503,JobState.COMPLETED,1.0,0,0,0,176.53061224490895,176.53061224489795,159662406.1224589
jid_688148,60918.0,530.0,50,143,3347744,3347744,3347888,JobState.COMPLETED,1.0,0,0,0,176.53061224489795,176.53061224489795,1262193.8775510204
jid_687935,14747.0,197.0,27,33939,3314007,3314007,3347947,JobState.COMPLETED,1.0,0,0,0,176.53061224490915,176.53061224489795,161764356.12245923
jid_688152,1430.0,21.0,32,687,3347346,3347346,3348034,JobState.COMPLETED,1.0,0,0,0,176.53061224489812,176.53061224489795,3880848.9795918404
jid_688155,60918.0,530.0,50,117,3347996,3347996,3348114,JobState.COMPLETED,1.0,0,0,0,176.53061224489795,176.53061224489795,1032704.0816326531
jid_688163,62770.0,530.0,499,34,3348451,3348451,3348486,JobState.COMPLETED,1.0,0,0,0,176.53061224489795,176.53061224489795,2995018.3673469387
jid_688171,61545.0,557.0,8,319,3348596,3348596,3348916,JobState.COMPLETED,1.0,0,0,0,176.53061224489798,176.53061224489795,450506.12244897964
jid_688181,62565.0,557.0,15,14,3348983,3348983,3348998,JobState.COMPLETED,1.0,0,0,0,176.53061224489795,176.53061224489795,37071.42857142857
jid_688183,17.0,258.0,1,0,3349283,3349283,3349283,JobState.COMPLETED,1.0,0,0,0,176.53061224489795,176.53061224489795,0.0
jid_688191,61545.0,557.0,8,367,3348981,3348981,3349349,JobState.COMPLETED,1.0,0,0,0,176.530612244898,176.53061224489795,518293.87755102053
jid_688132,14745.0,197.0,27,35446,3314004,3314004,3349451,JobState.COMPLETED,1.0,0,0,0,176.53061224490986,176.53061224489795,168947210.20409304
jid_688204,60918.0,530.0,50,117,3349383,3349383,3349501,JobState.COMPLETED,1.0,0,0,0,176.53061224489795,176.53061224489795,1032704.0816326531
jid_688197,62501.0,557.0,15,563,3348984,3348984,3349548,JobState.COMPLETED,1.0,0,0,0,176.5306122448981,176.53061224489795,1490801.0204081645
jid_688193,62501.0,557.0,15,586,3348983,3348983,3349570,JobState.COMPLETED,1.0,0,0,0,176.5306122448981,176.53061224489795,1551704.0816326542
jid_688206,1430.0,21.0,32,225,3349382,3349382,3349608,JobState.COMPLETED,1.0,0,0,0,176.53061224489787,176.53061224489795,1271020.4081632646
jid_688233,62772.0,593.0,20,1050,3349201,3349201,3350252,JobState.COMPLETED,1.0,0,0,0,176.53061224489835,176.53061224489795,3707142.8571428657
jid_688132,14745.0,197.0,27,36504,3314004,3314004,3350509,JobState.COMPLETED,1.0,0,0,0,176.53061224491032,176.53061224489795,173989983.67348158
jid_688239,377.0000000000073,558.0,12,312,3350240,3350240,3350553,JobState.COMPLETED,1.0,0,0,0,176.53061224489784,176.53061224489795,660930.6122448975
jid_688195,62501.0,557.0,15,2083,3348983,3348983,3351067,JobState.COMPLETED,1.0,0,0,0,176.53061224489866,176.53061224489795,5515698.9795918595
jid_688132,14745.0,197.0,27,37106,3314004,3314004,3351111,JobState.COMPLETED,1.0,0,0,0,176.5306122449106,176.53061224489795,176859312.24491063
jid_688190,62501.0,557.0,15,2190,3348982,3348982,3351173,JobState.COMPLETED,1.0,0,0,0,176.5306122448987,176.53061224489795,5799030.612244922
jid_688264,111.0,65.0,399,429,3351024,3351024,3351454,JobState.COMPLETED,1.0,0,0,0,176.5306122448978,176.53061224489798,30216921.4285714
jid_688274,62776.0,263.0,15,29989,3321635,3321635,3351625,JobState.COMPLETED,1.0,0,0,0,176.53061224489258,176.53061224489795,79409647.95918125
jid_688281,62767.0,556.0,24,451,3351619,3351619,3352071,JobState.COMPLETED,1.0,0,0,0,176.5306122448978,176.53061224489795,1910767.3469387738
jid_688294,105.0,62.0,1,44,3352894,3352894,3352939,JobState.COMPLETED,1.0,0,0,0,176.53061224489795,176.53061224489795,7767.34693877551
jid_688211,14744.0,197.0,27,38940,3314003,3314003,3352944,JobState.COMPLETED,1.0,0,0,0,176.53061224491128,176.53061224489795,185600755.10205483
jid_688295,40596.0,178.0,128,74,3352899,3352899,3352974,JobState.COMPLETED,0.576375483359042,0,0,0,124.65822245212759,124.65822245212759,1180762.6830665525
jid_688309,61545.0,557.0,8,394,3353493,3353493,3353888,JobState.COMPLETED,1.0,0,0,0,176.53061224489804,176.53061224489795,556424.4897959186
jid_688320,36151.0,65.0,499,41,3354419,3354419,3354461,JobState.COMPLETED,1.0,0,0,0,176.53061224489795,176.53061224489795,3611639.7959183673
jid_688103,14746.0,197.0,27,40797,3314005,3314005,3354803,JobState.COMPLETED,1.0,0,0,0,176.53061224491196,176.53061224489795,194451823.46940318
jid_688332,60312.0,525.0,10,89,3354774,3354774,3354864,JobState.COMPLETED,0.5487372823586867,0,0,0,121.27395294188,121.27395294188,107933.8181182732
jid_688328,60312.0,525.0,10,85,3354778,3354778,3354864,JobState.COMPLETED,0.5609511760202532,0,0,0,122.76953175758206,122.76953175758203,104354.10199394476
jid_688327,60312.0,525.0,10,84,3354779,3354779,3354864,JobState.COMPLETED,0.5711536212233297,0,0,0,124.01881076204037,124.01881076204037,104175.8010401139
jid_688335,60312.0,525.0,10,84,3354780,3354780,3354865,JobState.COMPLETED,0.5787204400694574,0,0,0,124.945360008505,124.945360008505,104954.10240714421
jid_688339,60312.0,525.0,10,93,3354773,3354773,3354867,JobState.COMPLETED,0.5803337527592477,0,0,0,125.14290850113241,125.14290850113238,116382.90490605314
jid_688340,60312.0,525.0,10,95,3354772,3354772,3354868,JobState.COMPLETED,0.578646822479189,0,0,0,124.9363456096966,124.9363456096966,118689.52832921177
jid_688350,60312.0,525.0,10,90,3354779,3354779,3354870,JobState.COMPLETED,0.5802706769948706,0,0,0,125.1351849381474,125.13518493814743,112621.66644433266
jid_688381,376.0,159.0,30,89,3355355,3355355,3355445,JobState.COMPLETED,1.0,0,0,0,176.53061224489795,176.53061224489795,471336.7346938775
jid_688381,376.0,159.0,30,102,3355355,3355355,3355458,JobState.COMPLETED,1.0,0,0,0,176.53061224489795,176.53061224489795,540183.6734693877
jid_688381,376.0,159.0,30,105,3355355,3355355,3355461,JobState.COMPLETED,1.0,0,0,0,176.53061224489795,176.53061224489795,556071.4285714286
jid_688381,376.0,159.0,30,112,3355355,3355355,3355468,JobState.COMPLETED,1.0,0,0,0,176.53061224489795,176.53061224489795,593142.8571428572
jid_688381,376.0,159.0,30,115,3355355,3355355,3355471,JobState.COMPLETED,1.0,0,0,0,176.53061224489795,176.53061224489795,609030.612244898
jid_688381,376.0,159.0,30,123,3355355,3355355,3355479,JobState.COMPLETED,1.0,0,0,0,176.53061224489795,176.53061224489795,651397.9591836735
jid_688381,376.0,159.0,30,123,3355355,3355355,3355479,JobState.COMPLETED,1.0,0,0,0,176.53061224489795,176.53061224489795,651397.9591836735
jid_688381,376.0,159.0,30,126,3355355,3355355,3355482,JobState.COMPLETED,1.0,0,0,0,176.53061224489795,176.53061224489795,667285.7142857142
jid_688381,376.0,159.0,30,126,3355355,3355355,3355482,JobState.COMPLETED,1.0,0,0,0,176.53061224489795,176.53061224489795,667285.7142857142
jid_688381,376.0,159.0,30,128,3355355,3355355,3355484,JobState.COMPLETED,1.0,0,0,0,176.53061224489795,176.53061224489795,677877.5510204082
jid_688381,376.0,159.0,30,128,3355355,3355355,3355484,JobState.COMPLETED,1.0,0,0,0,176.53061224489795,176.53061224489795,677877.5510204082
jid_688381,376.0,159.0,30,130,3355355,3355355,3355486,JobState.COMPLETED,1.0,0,0,0,176.53061224489795,176.53061224489795,688469.387755102
jid_688381,376.0,159.0,30,134,3355355,3355355,3355490,JobState.COMPLETED,1.0,0,0,0,176.53061224489795,176.53061224489795,709653.0612244897
jid_688381,376.0,159.0,30,142,3355355,3355355,3355498,JobState.COMPLETED,1.0,0,0,0,176.53061224489795,176.53061224489795,752020.4081632653
jid_688381,376.0,159.0,30,143,3355355,3355355,3355499,JobState.COMPLETED,1.0,0,0,0,176.53061224489795,176.53061224489795,757316.3265306122
jid_688381,376.0,159.0,30,148,3355355,3355355,3355504,JobState.COMPLETED,1.0,0,0,0,176.53061224489795,176.53061224489795,783795.9183673469
jid_688381,376.0,159.0,30,151,3355355,3355355,3355507,JobState.COMPLETED,1.0,0,0,0,176.53061224489795,176.53061224489795,799683.6734693877
jid_688381,376.0,159.0,30,153,3355355,3355355,3355509,JobState.COMPLETED,1.0,0,0,0,176.53061224489795,176.53061224489795,810275.5102040815
jid_688381,376.0,159.0,30,158,3355355,3355355,3355514,JobState.COMPLETED,1.0,0,0,0,176.53061224489795,176.53061224489795,836755.1020408163
jid_688381,376.0,159.0,30,158,3355355,3355355,3355514,JobState.COMPLETED,1.0,0,0,0,176.53061224489795,176.53061224489795,836755.1020408163
jid_688381,376.0,159.0,30,160,3355355,3355355,3355516,JobState.COMPLETED,1.0,0,0,0,176.53061224489795,176.53061224489795,847346.9387755102
jid_688381,376.0,159.0,30,162,3355355,3355355,3355518,JobState.COMPLETED,1.0,0,0,0,176.53061224489795,176.53061224489795,857938.775510204
jid_688381,376.0,159.0,30,179,3355355,3355355,3355535,JobState.COMPLETED,1.0,0,0,0,176.53061224489795,176.53061224489795,947969.387755102
jid_688381,376.0,159.0,30,179,3355355,3355355,3355535,JobState.COMPLETED,1.0,0,0,0,176.53061224489795,176.53061224489795,947969.387755102
jid_688381,376.0,159.0,30,181,3355355,3355355,3355537,JobState.COMPLETED,1.0,0,0,0,176.53061224489795,176.53061224489795,958561.224489796
jid_688381,376.0,159.0,30,182,3355355,3355355,3355538,JobState.COMPLETED,1.0,0,0,0,176.53061224489795,176.53061224489795,963857.1428571428
jid_688381,376.0,159.0,30,185,3355355,3355355,3355541,JobState.COMPLETED,1.0,0,0,0,176.53061224489795,176.53061224489795,979744.8979591837
jid_688381,376.0,159.0,30,185,3355355,3355355,3355541,JobState.COMPLETED,1.0,0,0,0,176.53061224489795,176.53061224489795,979744.8979591837
jid_688381,376.0,159.0,30,189,3355355,3355355,3355545,JobState.COMPLETED,1.0,0,0,0,176.53061224489795,176.53061224489795,1000928.5714285714
jid_688381,376.0,159.0,30,192,3355355,3355355,3355548,JobState.COMPLETED,1.0,0,0,0,176.53061224489795,176.53061224489795,1016816.3265306122
jid_688381,376.0,159.0,30,197,3355355,3355355,3355553,JobState.COMPLETED,1.0,0,0,0,176.53061224489795,176.53061224489795,1043295.9183673469
jid_688381,376.0,159.0,30,201,3355355,3355355,3355557,JobState.COMPLETED,1.0,0,0,0,176.53061224489795,176.53061224489795,1064479.5918367347
jid_688381,376.0,159.0,30,202,3355355,3355355,3355558,JobState.COMPLETED,1.0,0,0,0,176.53061224489795,176.53061224489795,1069775.5102040817
jid_688381,376.0,159.0,30,205,3355355,3355355,3355561,JobState.COMPLETED,1.0,0,0,0,176.53061224489795,176.53061224489795,1085663.2653061226
jid_688381,376.0,159.0,30,206,3355355,3355355,3355562,JobState.COMPLETED,1.0,0,0,0,176.53061224489795,176.53061224489795,1090959.1836734693
jid_688381,376.0,159.0,30,206,3355355,3355355,3355562,JobState.COMPLETED,1.0,0,0,0,176.53061224489795,176.53061224489795,1090959.1836734693
jid_688381,376.0,159.0,30,209,3355355,3355355,3355565,JobState.COMPLETED,1.0,0,0,0,176.53061224489795,176.53061224489795,1106846.93877551
jid_688381,376.0,159.0,30,210,3355355,3355355,3355566,JobState.COMPLETED,1.0,0,0,0,176.53061224489795,176.53061224489795,1112142.8571428573
jid_688381,376.0,159.0,30,213,3355355,3355355,3355569,JobState.COMPLETED,1.0,0,0,0,176.53061224489795,176.53061224489795,1128030.6122448978
jid_688381,376.0,159.0,30,214,3355355,3355355,3355570,JobState.COMPLETED,1.0,0,0,0,176.53061224489795,176.53061224489795,1133326.5306122447
jid_688381,376.0,159.0,30,215,3355355,3355355,3355571,JobState.COMPLETED,1.0,0,0,0,176.53061224489795,176.53061224489795,1138622.448979592
jid_688381,376.0,159.0,30,216,3355355,3355355,3355572,JobState.COMPLETED,1.0,0,0,0,176.53061224489795,176.53061224489795,1143918.3673469387
jid_688381,376.0,159.0,30,218,3355355,3355355,3355574,JobState.COMPLETED,1.0,0,0,0,176.53061224489795,176.53061224489795,1154510.2040816327
jid_688381,376.0,159.0,30,221,3355355,3355355,3355577,JobState.COMPLETED,1.0,0,0,0,176.53061224489795,176.53061224489795,1170397.9591836734
jid_688381,376.0,159.0,30,260,3355355,3355355,3355616,JobState.COMPLETED,1.0,0,0,0,176.53061224489798,176.53061224489795,1376938.7755102043
jid_688381,376.0,159.0,30,278,3355355,3355355,3355634,JobState.COMPLETED,1.0,0,0,0,176.53061224489798,176.53061224489795,1472265.3061224492
jid_688381,376.0,159.0,30,283,3355355,3355355,3355639,JobState.COMPLETED,1.0,0,0,0,176.530612244898,176.53061224489795,1498744.8979591841
jid_688381,376.0,159.0,30,289,3355355,3355355,3355645,JobState.COMPLETED,1.0,0,0,0,176.530612244898,176.53061224489795,1530520.4081632658
jid_688381,376.0,159.0,30,294,3355355,3355355,3355650,JobState.COMPLETED,1.0,0,0,0,176.530612244898,176.53061224489795,1557000.0000000005
jid_688381,376.0,159.0,30,294,3355355,3355355,3355650,JobState.COMPLETED,1.0,0,0,0,176.530612244898,176.53061224489795,1557000.0000000005
jid_688381,376.0,159.0,30,305,3355355,3355355,3355661,JobState.COMPLETED,1.0,0,0,0,176.53061224489804,176.53061224489795,1615255.102040817
jid_688381,376.0,159.0,30,313,3355355,3355355,3355669,JobState.COMPLETED,1.0,0,0,0,176.53061224489804,176.53061224489795,1657622.4489795924
jid_688381,376.0,159.0,30,334,3355355,3355355,3355690,JobState.COMPLETED,1.0,0,0,0,176.5306122448981,176.53061224489795,1768836.7346938788
jid_688381,376.0,159.0,30,338,3355355,3355355,3355694,JobState.COMPLETED,1.0,0,0,0,176.5306122448981,176.53061224489795,1790020.4081632667
jid_688381,376.0,159.0,30,339,3355355,3355355,3355695,JobState.COMPLETED,1.0,0,0,0,176.5306122448981,176.53061224489795,1795316.3265306135
jid_688381,376.0,159.0,30,341,3355355,3355355,3355697,JobState.COMPLETED,1.0,0,0,0,176.5306122448981,176.53061224489795,1805908.1632653074
jid_688381,376.0,159.0,30,353,3355355,3355355,3355709,JobState.COMPLETED,1.0,0,0,0,176.5306122448981,176.53061224489795,1869459.183673471
jid_688381,376.0,159.0,30,376,3355355,3355355,3355732,JobState.COMPLETED,1.0,0,0,0,176.53061224489812,176.53061224489795,1991265.306122451
jid_688381,376.0,159.0,30,380,3355355,3355355,3355736,JobState.COMPLETED,1.0,0,0,0,176.53061224489812,176.53061224489795,2012448.9795918385
jid_688381,376.0,159.0,30,391,3355355,3355355,3355747,JobState.COMPLETED,1.0,0,0,0,176.53061224489812,176.53061224489795,2070704.0816326549
jid_688381,376.0,159.0,30,392,3355355,3355355,3355748,JobState.COMPLETED,1.0,0,0,0,176.53061224489812,176.53061224489795,2076000.0000000019
jid_688381,376.0,159.0,30,401,3355355,3355355,3355757,JobState.COMPLETED,1.0,0,0,0,176.53061224489815,176.53061224489795,2123663.2653061245
jid_688381,376.0,159.0,30,405,3355355,3355355,3355761,JobState.COMPLETED,1.0,0,0,0,176.53061224489815,176.53061224489795,2144846.938775513
jid_688381,376.0,159.0,30,407,3355355,3355355,3355763,JobState.COMPLETED,1.0,0,0,0,176.53061224489815,176.53061224489795,2155438.7755102064
jid_688381,376.0,159.0,30,414,3355355,3355355,3355770,JobState.COMPLETED,1.0,0,0,0,176.53061224489815,176.53061224489795,2192510.204081635
jid_688381,376.0,159.0,30,419,3355355,3355355,3355775,JobState.COMPLETED,1.0,0,0,0,176.53061224489815,176.53061224489795,2218989.7959183697
jid_688381,376.0,159.0,30,445,3355355,3355355,3355801,JobState.COMPLETED,1.0,0,0,0,176.53061224489815,176.53061224489795,2356683.6734693903
jid_688381,376.0,159.0,30,446,3355355,3355355,3355802,JobState.COMPLETED,1.0,0,0,0,176.53061224489815,176.53061224489795,2361979.591836737
jid_688381,376.0,159.0,30,449,3355355,3355355,3355805,JobState.COMPLETED,1.0,0,0,0,176.53061224489815,176.53061224489795,2377867.346938778
jid_688381,376.0,159.0,30,449,3355355,3355355,3355805,JobState.COMPLETED,1.0,0,0,0,176.53061224489815,176.53061224489795,2377867.346938778
jid_688381,376.0,159.0,30,453,3355355,3355355,3355809,JobState.COMPLETED,1.0,0,0,0,176.53061224489818,176.53061224489795,2399051.020408166
jid_688381,376.0,159.0,30,459,3355355,3355355,3355815,JobState.COMPLETED,1.0,0,0,0,176.53061224489818,176.53061224489795,2430826.530612248
jid_688381,376.0,159.0,30,460,3355355,3355355,3355816,JobState.COMPLETED,1.0,0,0,0,176.53061224489818,176.53061224489795,2436122.4489795947
jid_688381,376.0,159.0,30,465,3355355,3355355,3355821,JobState.COMPLETED,1.0,0,0,0,176.53061224489818,176.53061224489795,2462602.0408163294
jid_688381,376.0,159.0,30,471,3355355,3355355,3355827,JobState.COMPLETED,1.0,0,0,0,176.53061224489818,176.53061224489795,2494377.5510204113
jid_688381,376.0,159.0,30,498,3355355,3355355,3355854,JobState.COMPLETED,1.0,0,0,0,176.53061224489818,176.53061224489795,2637367.3469387786
jid_687848,14685.0,197.0,27,41962,3314011,3314011,3355974,JobState.COMPLETED,1.0,0,0,0,176.53061224491236,176.53061224489795,200004593.87756735
jid_688381,376.0,159.0,30,798,3355355,3355355,3356154,JobState.COMPLETED,1.0,0,0,0,176.5306122448979,176.53061224489795,4226142.857142855
jid_688381,376.0,159.0,30,872,3355355,3355355,3356228,JobState.COMPLETED,1.0,0,0,0,176.53061224489787,176.53061224489795,4618040.816326529
jid_688381,376.0,159.0,30,900,3355355,3355355,3356256,JobState.COMPLETED,1.0,0,0,0,176.53061224489784,176.53061224489795,4766326.5306122415
jid_688381,376.0,159.0,30,904,3355355,3355355,3356260,JobState.COMPLETED,1.0,0,0,0,176.53061224489784,176.53061224489795,4787510.204081629
jid_688381,376.0,159.0,30,931,3355355,3355355,3356287,JobState.COMPLETED,1.0,0,0,0,176.53061224489784,176.53061224489795,4930499.999999996
jid_688381,376.0,159.0,30,962,3355355,3355355,3356318,JobState.COMPLETED,1.0,0,0,0,176.53061224489784,176.53061224489795,5094673.469387751
jid_688381,376.0,159.0,30,997,3355355,3355355,3356353,JobState.COMPLETED,1.0,0,0,0,176.53061224489784,176.53061224489795,5280030.612244894
jid_688381,376.0,159.0,30,1005,3355355,3355355,3356361,JobState.COMPLETED,1.0,0,0,0,176.53061224489784,176.53061224489795,5322397.959183671
jid_688381,376.0,159.0,30,1007,3355355,3355355,3356363,JobState.COMPLETED,1.0,0,0,0,176.53061224489784,176.53061224489795,5332989.795918364
jid_688381,376.0,159.0,30,1012,3355355,3355355,3356368,JobState.COMPLETED,1.0,0,0,0,176.53061224489787,176.53061224489795,5359469.387755099
jid_688381,376.0,159.0,30,1014,3355355,3355355,3356370,JobState.COMPLETED,1.0,0,0,0,176.53061224489787,176.53061224489795,5370061.224489793
jid_688381,376.0,159.0,30,1021,3355355,3355355,3356377,JobState.COMPLETED,1.0,0,0,0,176.53061224489787,176.53061224489795,5407132.653061221
jid_688381,376.0,159.0,30,1024,3355355,3355355,3356380,JobState.COMPLETED,1.0,0,0,0,176.53061224489787,176.53061224489795,5423020.4081632625
jid_688381,376.0,159.0,30,1028,3355355,3355355,3356384,JobState.COMPLETED,1.0,0,0,0,176.53061224489787,176.53061224489795,5444204.08163265
jid_688381,376.0,159.0,30,1058,3355355,3355355,3356414,JobState.COMPLETED,1.0,0,0,0,176.53061224489792,176.53061224489795,5603081.63265306
jid_688381,376.0,159.0,30,1064,3355355,3355355,3356420,JobState.COMPLETED,1.0,0,0,0,176.53061224489792,176.53061224489795,5634857.142857142
jid_688381,376.0,159.0,30,1074,3355355,3355355,3356430,JobState.COMPLETED,1.0,0,0,0,176.53061224489795,176.53061224489795,5687816.326530612
jid_688381,376.0,159.0,30,1097,3355355,3355355,3356453,JobState.COMPLETED,1.0,0,0,0,176.53061224489795,176.53061224489795,5809622.448979591
jid_688381,376.0,159.0,30,1114,3355355,3355355,3356470,JobState.COMPLETED,1.0,0,0,0,176.53061224489798,176.53061224489795,5899653.06122449
jid_688381,376.0,159.0,30,1123,3355355,3355355,3356479,JobState.COMPLETED,1.0,0,0,0,176.530612244898,176.53061224489795,5947316.326530614
jid_688381,376.0,159.0,30,1131,3355355,3355355,3356487,JobState.COMPLETED,1.0,0,0,0,176.530612244898,176.53061224489795,5989683.673469389
jid_688381,376.0,159.0,30,1136,3355355,3355355,3356492,JobState.COMPLETED,1.0,0,0,0,176.530612244898,176.53061224489795,6016163.265306124
jid_688381,376.0,159.0,30,1139,3355355,3355355,3356495,JobState.COMPLETED,1.0,0,0,0,176.530612244898,176.53061224489795,6032051.020408166
jid_688381,376.0,159.0,30,1152,3355355,3355355,3356508,JobState.COMPLETED,1.0,0,0,0,176.53061224489804,176.53061224489795,6100897.959183676
jid_688404,62716.0,262.0,4,1878,3354643,3354643,3356522,JobState.COMPLETED,0.6850701883425728,0,0,0,137.9677781643961,137.96777816439666,1036413.9495709435
jid_688404,62698.0,262.0,4,1914,3354641,3354641,3356556,JobState.COMPLETED,0.6766486174873743,0,0,0,136.93656540661695,136.93656540661726,1048386.3447530593
jid_688404,62701.0,262.0,4,1938,3354641,3354641,3356580,JobState.COMPLETED,0.6716620275493581,0,0,0,136.32596255706446,136.3259625570643,1056798.8617423638
jid_688404,62721.0,262.0,4,1936,3354644,3354644,3356581,JobState.COMPLETED,0.6765226536040294,0,0,0,136.9211412576367,136.92114125763626,1060317.3178991384
jid_688404,62693.0,262.0,4,1957,3354640,3354640,3356598,JobState.COMPLETED,0.6715608333023625,0,0,0,136.31357142477927,136.31357142477907,1067062.637113172
jid_688404,62691.0,262.0,4,1958,3354640,3354640,3356599,JobState.COMPLETED,0.6709087501593438,0,0,0,136.2337245093076,136.2337245093074,1066982.530356897
jid_688639,14743.0,197.0,27,42625,3314002,3314002,3356628,JobState.COMPLETED,1.0,0,0,0,176.5306122449126,176.53061224489795,203164668.36736378
jid_688404,62715.0,262.0,4,1984,3354643,3354643,3356628,JobState.COMPLETED,0.6591448952345068,0,0,0,134.79325247769498,134.79325247769472,1069719.2516629873
jid_688404,62731.0,262.0,4,1983,3354645,3354645,3356629,JobState.COMPLETED,0.6727268962321671,0,0,0,136.45635464067416,136.45635464067354,1082371.8050098275
jid_688417,985.0,617.0,1,15,3357106,3357106,3357122,JobState.COMPLETED,1.0,0,0,0,176.53061224489795,176.53061224489795,2647.9591836734694
jid_688311,62501.0,557.0,8,4429,3353529,3353529,3357959,JobState.COMPLETED,1.0,0,0,0,176.53061224489684,176.53061224489795,6254832.653061185
jid_688430,55938.0,148.0,512,655,3357419,3357419,3358075,JobState.COMPLETED,1.0,0,0,0,176.53061224489812,176.53061224489795,59201306.12244903
jid_688431,985.0,617.0,1,23,3358210,3358210,3358234,JobState.COMPLETED,1.0,0,0,0,176.53061224489795,176.53061224489795,4060.204081632653
jid_688438,985.0,617.0,1,14,3358510,3358510,3358525,JobState.COMPLETED,1.0,0,0,0,176.53061224489795,176.53061224489795,2471.4285714285716
jid_688456,61545.0,557.0,8,582,3358583,3358583,3359166,JobState.COMPLETED,1.0,0,0,0,176.5306122448981,176.53061224489795,821926.5306122456
jid_688458,61940.0,262.0,4,17,3359244,3359244,3359262,JobState.COMPLETED,0.541335798664381,0,0,0,120.36764881604665,120.36764881604665,8185.000119491173
jid_688458,62592.0,262.0,4,14,3359257,3359257,3359272,JobState.COMPLETED,0.5338733243129479,0,0,0,119.45387644648342,119.45387644648342,6689.417081003072
jid_688458,62588.0,262.0,4,14,3359257,3359257,3359272,JobState.COMPLETED,0.534423591683449,0,0,0,119.52125612450396,119.52125612450396,6693.190342972222
jid_688458,62612.0,262.0,4,15,3359257,3359257,3359273,JobState.COMPLETED,0.5444315506734999,0,0,0,120.74672049063264,120.74672049063264,7244.803229437958
jid_688458,62616.0,262.0,4,14,3359258,3359258,3359273,JobState.COMPLETED,0.5339194366578451,0,0,0,119.45952285606268,119.45952285606268,6689.73327993951
jid_688458,62634.0,262.0,4,14,3359259,3359259,3359274,JobState.COMPLETED,0.5342955353408202,0,0,0,119.50557575601881,119.50557575601881,6692.312242337053
jid_688458,62676.0,262.0,4,14,3359260,3359260,3359275,JobState.COMPLETED,0.5349522279762969,0,0,0,119.58598709913839,119.58598709913839,6696.81527755175
jid_688458,62680.0,262.0,4,14,3359260,3359260,3359275,JobState.COMPLETED,0.5341932768002199,0,0,0,119.49305430206773,119.49305430206773,6691.611040915793
jid_688458,62688.0,262.0,4,14,3359261,3359261,3359276,JobState.COMPLETED,0.5337056393060458,0,0,0,119.4333435884954,119.4333435884954,6688.267240955743
jid_688458,62686.0,262.0,4,14,3359261,3359261,3359276,JobState.COMPLETED,0.5345325485233582,0,0,0,119.53459777837038,119.53459777837038,6693.937475588741
jid_688458,62687.0,262.0,4,14,3359261,3359261,3359276,JobState.COMPLETED,0.5343596666791419,0,0,0,119.51342857295617,119.51342857295617,6692.752000085546
jid_688458,62689.0,262.0,4,14,3359261,3359261,3359276,JobState.COMPLETED,0.5341277526095021,0,0,0,119.48503093177575,119.48503093177575,6691.161732179442
jid_688458,62693.0,262.0,4,14,3359262,3359262,3359277,JobState.COMPLETED,0.5345852411677595,0,0,0,119.54104993890932,119.54104993890932,6694.2987965789225
jid_688458,62703.0,262.0,4,14,3359263,3359263,3359278,JobState.COMPLETED,0.5337668943715965,0,0,0,119.44084420876693,119.44084420876693,6688.687275690948
jid_688458,62704.0,262.0,4,15,3359263,3359263,3359279,JobState.COMPLETED,0.5465417647261384,0,0,0,121.00511404809856,121.00511404809856,7260.306842885913
jid_688458,62712.0,262.0,4,14,3359264,3359264,3359279,JobState.COMPLETED,0.534010876002002,0,0,0,119.47071951044923,119.47071951044923,6690.3602925851565
jid_688458,62728.0,262.0,4,14,3359265,3359265,3359280,JobState.COMPLETED,0.534339183436654,0,0,0,119.51092042081478,119.51092042081478,6692.611543565628
jid_688458,62726.0,262.0,4,14,3359265,3359265,3359280,JobState.COMPLETED,0.5343596978740796,0,0,0,119.51343239274443,119.51343239274443,6692.752213993688
jid_688458,62736.0,262.0,4,14,3359266,3359266,3359281,JobState.COMPLETED,0.5341341228545774,0,0,0,119.485810961785,119.485810961785,6691.205413859961
jid_688458,62742.0,262.0,4,14,3359267,3359267,3359282,JobState.COMPLETED,0.5339118956039292,0,0,0,119.45859946170562,119.45859946170562,6689.681569855515
jid_688458,62739.0,262.0,4,17,3359266,3359266,3359284,JobState.COMPLETED,0.5295916961488883,0,0,0,118.92959544680265,118.92959544680265,8087.212490382581
jid_688474,62703.0,262.0,4,1525,3358080,3358080,3359606,JobState.COMPLETED,0.7359128783771771,0,0,0,144.19341367883789,144.193413678838,879579.8234409111
jid_688474,62686.0,262.0,4,1531,3358078,3358078,3359610,JobState.COMPLETED,0.7350439030819904,0,0,0,144.0870085406521,144.08700854065188,882388.8403029535
jid_688474,62718.0,262.0,4,1547,3358082,3358082,3359630,JobState.COMPLETED,0.731371341292562,0,0,0,143.63730709704794,143.63730709704842,888827.6563165326
jid_688474,62724.0,262.0,4,1550,3358083,3358083,3359634,JobState.COMPLETED,0.7305705087425394,0,0,0,143.53924596847386,143.53924596847423,889943.3250045379
jid_688474,62704.0,262.0,4,1555,3358081,3358081,3359637,JobState.COMPLETED,0.7294252144402323,0,0,0,143.39900584982414,143.39900584982436,891941.8163859061
jid_688470,62687.0,262.0,4,1928,3357756,3357756,3359685,JobState.COMPLETED,0.6772915816408804,0,0,0,137.01529571112792,137.01529571112823,1056661.9605242186
jid_688470,62731.0,262.0,4,1925,3357761,3357761,3359687,JobState.COMPLETED,0.6772194290488877,0,0,0,137.00646069986394,137.0064606998638,1054949.7473889524
jid_688470,62718.0,262.0,4,1939,3357760,3357760,3359700,JobState.COMPLETED,0.6767950563740729,0,0,0,136.95449669886597,136.95449669886605,1062219.0763964045
jid_688471,985.0,617.0,1,18,3359681,3359681,3359700,JobState.COMPLETED,1.0,0,0,0,176.53061224489795,176.53061224489795,3177.551020408163
jid_688470,62697.0,262.0,4,1953,3357757,3357757,3359711,JobState.COMPLETED,0.6760331105346471,0,0,0,136.8611972083238,136.86119720832414,1069159.6725914255
jid_688470,62685.0,262.0,4,1956,3357756,3357756,3359713,JobState.COMPLETED,0.659497698955897,0,0,0,134.83645293337486,134.83645293337514,1054960.4077507248
jid_688470,62690.0,262.0,4,1959,3357756,3357756,3359716,JobState.COMPLETED,0.6743575686557217,0,0,0,136.65602881498594,136.65602881498634,1070836.6417942299
jid_688470,62714.0,262.0,4,1960,3357759,3357759,3359720,JobState.COMPLETED,0.6753264365991118,0,0,0,136.77466570601334,136.7746657060137,1072313.3791351446
jid_688470,62734.0,262.0,4,1958,3357761,3357761,3359720,JobState.COMPLETED,0.676347367707705,0,0,0,136.89967767849495,136.89967767849447,1072198.2755779724
jid_688470,62689.0,262.0,4,1976,3357756,3357756,3359733,JobState.COMPLETED,0.6768397447052616,0,0,0,136.95996873941942,136.9599687394198,1082531.592916371
jid_688468,62720.0,262.0,4,1503,3358230,3358230,3359734,JobState.COMPLETED,0.7261396650124025,0,0,0,142.99669367498794,142.99669367498805,859696.1223740275
jid_688470,62724.0,262.0,4,1978,3357760,3357760,3359739,JobState.COMPLETED,0.6744710725522312,0,0,0,136.66992725129327,136.6699272512936,1081332.4644122324
jid_688468,62734.0,262.0,4,1521,3358232,3358232,3359754,JobState.COMPLETED,0.7357367899889155,0,0,0,144.17185183537734,144.17185183537742,877141.5465664357
jid_688468,62687.0,262.0,4,1533,3358226,3358226,3359760,JobState.COMPLETED,0.7332734426154801,0,0,0,143.87021746312033,143.87021746312,882212.1734838538
jid_688468,62697.0,262.0,4,1532,3358228,3358228,3359761,JobState.COMPLETED,0.7339885962948257,0,0,0,143.957787301407,143.95778730140722,882173.3205830221
jid_688468,62739.0,262.0,4,1530,3358232,3358232,3359763,JobState.COMPLETED,0.7341068664979504,0,0,0,143.97226936709566,143.97226936709598,881110.2885266255
jid_688468,62704.0,262.0,4,1535,3358228,3358228,3359764,JobState.COMPLETED,0.7328889679167864,0,0,0,143.8231389285863,143.82313892858608,883074.0730215199
jid_688468,62718.0,262.0,4,1534,3358230,3358230,3359765,JobState.COMPLETED,0.7265291093982594,0,0,0,143.04438074264417,143.04438074264402,877720.3202368646
jid_688468,62703.0,262.0,4,1537,3358228,3358228,3359766,JobState.COMPLETED,0.7328446899140223,0,0,0,143.8177171323295,143.81771713232925,884191.3249295618
jid_688470,62696.0,262.0,4,2010,3357757,3357757,3359768,JobState.COMPLETED,0.6743671034122531,0,0,0,136.65719633619386,136.6571963361943,1098723.8585429986
jid_688468,62713.0,262.0,4,1538,3358229,3358229,3359768,JobState.COMPLETED,0.7317222916875357,0,0,0,143.68028061480064,143.6802806148003,883921.0863422535
jid_688468,62698.0,262.0,4,1542,3358228,3358228,3359771,JobState.COMPLETED,0.731794746131251,0,0,0,143.6891525874999,143.6891525875001,886274.6931596994
jid_688468,62712.0,262.0,4,1541,3358229,3358229,3359771,JobState.COMPLETED,0.7319380632901327,0,0,0,143.70670162736363,143.70670162736317,885808.1088310694
jid_688468,62735.0,262.0,4,1538,3358232,3358232,3359771,JobState.COMPLETED,0.7259152552134804,0,0,0,142.96921492409948,142.96921492409965,879546.6102130599
jid_688472,62717.0,262.0,4,1875,3357898,3357898,3359774,JobState.COMPLETED,0.6631611684987347,0,0,0,135.2850410406611,135.2850410406614,1014637.8078049582
jid_688470,62662.0,262.0,4,2049,3357727,3357727,3359777,JobState.COMPLETED,0.6691539030045737,0,0,0,136.01884526586588,136.01884526586616,1114810.4557990367
jid_688468,62696.0,262.0,4,1555,3358227,3358227,3359783,JobState.COMPLETED,0.7292396904780517,0,0,0,143.3762886299661,143.37628862996553,891800.5152783891
jid_688470,62741.0,262.0,4,2027,3357762,3357762,3359790,JobState.COMPLETED,0.6718934339728414,0,0,0,136.35429803749116,136.35429803749076,1105560.6484879784
jid_688468,62709.0,262.0,4,1564,3358229,3358229,3359794,JobState.COMPLETED,0.7271248849905678,0,0,0,143.11733285598794,143.1173328559879,895342.0343470606
jid_688470,62708.0,262.0,4,2037,3357758,3357758,3359796,JobState.COMPLETED,0.6673942958113451,0,0,0,135.80338316057254,135.80338316057288,1106525.965992345
jid_688468,62708.0,262.0,4,1579,3358229,3358229,3359809,JobState.COMPLETED,0.7285347442356745,0,0,0,143.28996868191928,143.28996868191933,905019.4421950021
jid_688472,62698.0,262.0,4,1915,3357896,3357896,3359812,JobState.COMPLETED,0.6671236171844678,0,0,0,135.77023883891496,135.77023883891442,1040000.0295060886
jid_688472,62721.0,262.0,4,1928,3357898,3357898,3359827,JobState.COMPLETED,0.6826758349531157,0,0,0,137.67459203507573,137.6745920350754,1061746.4537745041
jid_688472,62724.0,262.0,4,1933,3357899,3357899,3359833,JobState.COMPLETED,0.6658264646166766,0,0,0,135.61140383061394,135.61140383061345,1048547.374418307
jid_688472,62695.0,262.0,4,1938,3357895,3357895,3359834,JobState.COMPLETED,0.6801242030448974,0,0,0,137.3621473116207,137.3621473116201,1064831.3659596837
jid_688475,62704.0,262.0,4,1849,3357985,3357985,3359835,JobState.COMPLETED,0.6811308386968311,0,0,0,137.48540882001998,137.48540882002015,1016842.0836328678
jid_688409,62501.0,557.0,8,4348,3355493,3355493,3359842,JobState.COMPLETED,1.0,0,0,0,176.53061224489684,176.53061224489795,6140440.816326492
jid_688478,62737.0,262.0,4,1532,3358316,3358316,3359849,JobState.COMPLETED,0.7369371803552681,0,0,0,144.31883841084945,144.31883841084917,884385.8417816855
jid_688472,62722.0,262.0,4,1959,3357899,3357899,3359859,JobState.COMPLETED,0.6632190182714206,0,0,0,135.2921246862968,135.2921246862964,1060149.0890418217
jid_688472,62674.0,262.0,4,1977,3357894,3357894,3359872,JobState.COMPLETED,0.6763606092468947,0,0,0,136.90129909145625,136.9012990914565,1082615.473215236
jid_688472,62688.0,262.0,4,1977,3357895,3357895,3359873,JobState.COMPLETED,0.6765882217969551,0,0,0,136.92917001595305,136.9291700159537,1082835.8764861566
jid_688410,62565.0,557.0,8,4384,3355493,3355493,3359878,JobState.COMPLETED,1.0,0,0,0,176.53061224489684,176.53061224489795,6191281.632653022
jid_688472,62729.0,262.0,4,1989,3357899,3357899,3359889,JobState.COMPLETED,0.6762244980450668,0,0,0,136.88463241368197,136.88463241368163,1089054.1354832537
jid_688472,62725.0,262.0,4,1989,3357899,3357899,3359889,JobState.COMPLETED,0.662119592906145,0,0,0,135.15750117218067,135.15750117218101,1075313.0793258694
jid_688472,62731.0,262.0,4,2011,3357899,3357899,3359911,JobState.COMPLETED,0.6741704661086837,0,0,0,136.63311829902187,136.6331182990225,1099076.803597332
jid_688472,62687.0,262.0,4,2024,3357895,3357895,3359920,JobState.COMPLETED,0.6727599972061662,0,0,0,136.46040782116322,136.4604078211632,1104783.4617201374
jid_688475,62680.0,262.0,4,1951,3357983,3357983,3359935,JobState.COMPLETED,0.6632279654070165,0,0,0,135.29322025391986,135.2932202539204,1055828.2908615905
jid_688475,62734.0,262.0,4,1945,3357989,3357989,3359935,JobState.COMPLETED,0.6794513874912537,0,0,0,137.2797617336227,137.2797617336229,1068036.5462875846
jid_688474,62739.0,262.0,4,1853,3358084,3358084,3359938,JobState.COMPLETED,0.6806267468196918,0,0,0,137.4236832840436,137.4236832840439,1018584.3405013311
jid_688475,62721.0,262.0,4,1963,3357987,3357987,3359951,JobState.COMPLETED,0.6775840305645956,0,0,0,137.05110578341944,137.05110578341987,1076125.2826114094
jid_688475,62731.0,262.0,4,1966,3357988,3357988,3359955,JobState.COMPLETED,0.6773098695213405,0,0,0,137.01753504342926,137.01753504342946,1077505.8955815276
jid_688475,62742.0,262.0,4,1975,3357989,3357989,3359965,JobState.COMPLETED,0.6765484125396942,0,0,0,136.92429541302403,136.9242954130238,1081701.9337628898
jid_688474,62711.0,262.0,4,1892,3358081,3358081,3359974,JobState.COMPLETED,0.6827396951681699,0,0,0,137.6824116532452,137.6824116532453,1041980.4913917596
jid_688475,62700.0,262.0,4,2003,3357985,3357985,3359989,JobState.COMPLETED,0.6731859014366076,0,0,0,136.5125593595842,136.5125593595846,1093738.6255889887
jid_688474,62705.0,262.0,4,1920,3358081,3358081,3360002,JobState.COMPLETED,0.6810846633703066,0,0,0,137.47975469840463,137.4797546984049,1055844.5160837476
jid_688475,62720.0,262.0,4,2015,3357987,3357987,3360003,JobState.COMPLETED,0.6718384043415937,0,0,0,136.34755971529736,136.3475597152972,1098961.3313052969
jid_688474,62712.0,262.0,4,1945,3358082,3358082,3360028,JobState.COMPLETED,0.6752513323270647,0,0,0,136.7654692645383,136.76546926453855,1064035.350878108
jid_688477,62707.0,262.0,4,1930,3358146,3358146,3360077,JobState.COMPLETED,0.6775238224485208,0,0,0,137.04373336104283,137.04373336104337,1057977.6215472505
jid_688478,62676.0,262.0,4,1804,3358294,3358294,3360099,JobState.COMPLETED,0.6795246901692685,0,0,0,137.2887375717473,137.28873757174716,990675.5303177285
jid_688477,62680.0,262.0,4,1960,3358143,3358143,3360104,JobState.COMPLETED,0.6786504540307712,0,0,0,137.18168824866632,137.18168824866586,1075504.435869544
jid_688477,62717.0,262.0,4,1961,3358147,3358147,3360109,JobState.COMPLETED,0.6722812858360527,0,0,0,136.4017901023735,136.4017901023738,1069935.6415630176
jid_688477,62708.0,262.0,4,1964,3358146,3358146,3360111,JobState.COMPLETED,0.6776953433859789,0,0,0,137.06473592481407,137.06473592481373,1076780.5654253394
jid_688477,62714.0,262.0,4,1963,3358147,3358147,3360111,JobState.COMPLETED,0.6730517072908643,0,0,0,136.49612742337166,136.49612742337112,1071767.5925283143
jid_688477,62725.0,262.0,4,1967,3358148,3358148,3360116,JobState.COMPLETED,0.6793290498940463,0,0,0,137.26478161967955,137.26478161967913,1079999.3017836388
jid_688477,62674.0,262.0,4,1974,3358143,3358143,3360118,JobState.COMPLETED,0.6679431651053703,0,0,0,135.87059164555495,135.87059164555558,1072834.191633302
jid_688468,62719.0,262.0,4,1895,3358230,3358230,3360126,JobState.COMPLETED,0.6731952251501857,0,0,0,136.51370103879867,136.51370103879825,1034773.853874094
jid_688477,62720.0,262.0,4,1988,3358148,3358148,3360137,JobState.COMPLETED,0.6756663914941323,0,0,0,136.81629283601688,136.8162928360162,1087963.1606320064
jid_688468,62692.0,262.0,4,1914,3358227,3358227,3360142,JobState.COMPLETED,0.6653464303386731,0,0,0,135.5526241231027,135.55262412310285,1037790.8902864743
jid_688477,62738.0,262.0,4,2005,3358149,3358149,3360155,JobState.COMPLETED,0.6731902378021956,0,0,0,136.51309034312638,136.513090343126,1094834.9845518735
jid_688477,62716.0,262.0,4,2009,3358147,3358147,3360157,JobState.COMPLETED,0.6746261612988216,0,0,0,136.6889177100601,136.6889177100598,1098432.142718043
jid_688477,62693.0,262.0,4,2017,3358145,3358145,3360163,JobState.COMPLETED,0.6543407441712046,0,0,0,134.2049890821881,134.20498908218832,1082765.8519150936
jid_688478,62712.0,262.0,4,1854,3358313,3358313,3360168,JobState.COMPLETED,0.689066991564823,0,0,0,138.45718264059087,138.45718264059056,1026798.4664626219
jid_688477,62732.0,262.0,4,2019,3358149,3358149,3360169,JobState.COMPLETED,0.6732425595562431,0,0,0,136.51949708852015,136.51949708851959,1102531.4584868888
jid_688477,62719.0,262.0,4,2025,3358147,3358147,3360173,JobState.COMPLETED,0.6703217225873698,0,0,0,136.16184358212647,136.16184358212692,1102910.9330152243
jid_688478,62734.0,262.0,4,1875,3358316,3358316,3360192,JobState.COMPLETED,0.6860114024927298,0,0,0,138.0830288766603,138.0830288766608,1035622.7165749524
jid_688478,62688.0,262.0,4,1891,3358310,3358310,3360202,JobState.COMPLETED,0.684504512436614,0,0,0,137.8985117269328,137.89851172693233,1043064.3427025197
jid_688478,62710.0,262.0,4,1894,3358313,3358313,3360208,JobState.COMPLETED,0.6838870052042021,0,0,0,137.82289859643333,137.8228985964329,1044146.2797665789
jid_688477,62694.0,262.0,4,2063,3358145,3358145,3360209,JobState.COMPLETED,0.6696130380835521,0,0,0,136.0750658877815,136.0750658877819,1122891.443705973
jid_688478,62725.0,262.0,4,1903,3358315,3358315,3360219,JobState.COMPLETED,0.6833748226607713,0,0,0,137.7601823666255,137.76018236662506,1048630.5081747533
jid_688478,62738.0,262.0,4,1914,3358316,3358316,3360231,JobState.COMPLETED,0.6819000724747201,0,0,0,137.5796007111897,137.5796007111902,1053309.4230448683
jid_688478,62690.0,262.0,4,1936,3358311,3358311,3360248,JobState.COMPLETED,0.6792271505623665,0,0,0,137.25230415049376,137.25230415049384,1062881.8433414237
jid_688478,62719.0,262.0,4,1936,3358314,3358314,3360251,JobState.COMPLETED,0.6607733818731603,0,0,0,134.99265900487717,134.99265900487677,1045383.1513337689
jid_688485,62772.0,593.0,20,110,3360470,3360470,3360581,JobState.COMPLETED,1.0,0,0,0,176.53061224489795,176.53061224489795,388367.3469387755
jid_688487,62605.0,262.0,4,1879,3358845,3358845,3360725,JobState.COMPLETED,0.679554781476423,0,0,0,137.29242222160255,137.2924222216028,1031889.8454175647
jid_688487,62700.0,262.0,4,1912,3358851,3358851,3360764,JobState.COMPLETED,0.6760537076757248,0,0,0,136.86371930723178,136.8637193072316,1046733.7252617086
jid_688487,62724.0,262.0,4,1916,3358853,3358853,3360770,JobState.COMPLETED,0.6707619118185012,0,0,0,136.21574430430675,136.21574430430627,1043957.464348207
jid_688487,62637.0,262.0,4,1928,3358847,3358847,3360776,JobState.COMPLETED,0.6746021061602235,0,0,0,136.68597218288423,136.6859721828845,1054122.217474403
jid_688487,62733.0,262.0,4,1922,3358854,3358854,3360777,JobState.COMPLETED,0.6754282215854335,0,0,0,136.7871291737272,136.78712917372656,1051619.449087615
jid_688487,62722.0,262.0,4,1929,3358853,3358853,3360783,JobState.COMPLETED,0.6751494794252154,0,0,0,136.75299748063847,136.7529974806386,1055186.1285606064
jid_688487,62583.0,262.0,4,1946,3358844,3358844,3360791,JobState.COMPLETED,0.6742360790396238,0,0,0,136.64115253546362,136.64115253546413,1063614.7313360488
jid_688487,62685.0,262.0,4,1955,3358849,3358849,3360805,JobState.COMPLETED,0.6720481601289278,0,0,0,136.37324409741993,136.37324409741973,1066438.7688418238
jid_688487,62706.0,262.0,4,1963,3358851,3358851,3360815,JobState.COMPLETED,0.658917181169401,0,0,0,134.76536912278348,134.7653691227838,1058177.678352096
jid_688487,62714.0,262.0,4,1966,3358852,3358852,3360819,JobState.COMPLETED,0.6716160827948672,0,0,0,136.32033666875938,136.32033666875927,1072023.1275631238
jid_688487,62639.0,262.0,4,1973,3358847,3358847,3360821,JobState.COMPLETED,0.6710444552703727,0,0,0,136.25034146167778,136.2503414616783,1075287.694815561
jid_687276,62716.0,262.0,4,1845,3358976,3358976,3360822,JobState.COMPLETED,0.6730606078306036,0,0,0,136.49721728538037,136.49721728538003,1007349.4635661071
jid_688487,62721.0,262.0,4,1971,3358853,3358853,3360825,JobState.COMPLETED,0.6936773129543129,0,0,0,139.02171179032382,139.02171179032405,1096047.175754913
jid_687276,62623.0,262.0,4,1868,3358970,3358970,3360839,JobState.COMPLETED,0.6799493717137433,0,0,0,137.3407393935195,137.34073939351958,1026210.0047483777
jid_688487,62732.0,262.0,4,1985,3358854,3358854,3360840,JobState.COMPLETED,0.6551779814802935,0,0,0,134.3075079363625,134.30750793636247,1066401.6130147183
jid_688487,62603.0,262.0,4,2003,3358845,3358845,3360849,JobState.COMPLETED,0.6660556373163249,0,0,0,135.63946579383605,135.63946579383568,1086743.3999402144
jid_687276,62689.0,262.0,4,1879,3358973,3358973,3360853,JobState.COMPLETED,0.6789755164293299,0,0,0,137.22149180767266,137.22149180767306,1031356.7324264677
jid_688487,62717.0,262.0,4,2002,3358852,3358852,3360855,JobState.COMPLETED,0.6675112265041738,0,0,0,135.81770120459262,135.8177012045927,1087628.1512463777
jid_687276,62614.0,262.0,4,1886,3358969,3358969,3360856,JobState.COMPLETED,0.6779173618698483,0,0,0,137.09192186161445,137.09192186161408,1034221.4585240195
jid_688490,59134.0,541.0,2,234,3360624,3360624,3360859,JobState.COMPLETED,1.0,0,0,0,176.53061224489787,176.53061224489795,82616.3265306122
jid_687276,62625.0,262.0,4,1893,3358970,3358970,3360864,JobState.COMPLETED,0.6806417819717187,0,0,0,137.42552432306803,137.4255243230676,1040586.0701742711
jid_687276,62607.0,262.0,4,1898,3358969,3358969,3360868,JobState.COMPLETED,0.6809738775464944,0,0,0,137.46618908732574,137.46618908732583,1043643.3075509771
jid_687276,62635.0,262.0,4,1899,3358971,3358971,3360871,JobState.COMPLETED,0.6761541150193666,0,0,0,136.87601408400337,136.87601408400405,1039710.2029820896
jid_688491,62715.0,262.0,4,1828,3359046,3359046,3360875,JobState.COMPLETED,0.6758399966777726,0,0,0,136.8375506136045,136.8375506136048,1000556.170086676
jid_688496,62711.0,262.0,4,1514,3359364,3359364,3360879,JobState.COMPLETED,0.7349139419608819,0,0,0,144.0710949339856,144.07109493398553,872494.5509202167
jid_687276,62620.0,262.0,4,1909,3358970,3358970,3360880,JobState.COMPLETED,0.6753034847229887,0,0,0,136.77185527220325,136.7718552722027,1044389.8868585441
jid_688491,62646.0,262.0,4,1839,3359041,3359041,3360881,JobState.COMPLETED,0.680949474828652,0,0,0,137.46320099942722,137.4632009994268,1011179.3065517866
jid_687276,62637.0,262.0,4,1910,3358971,3358971,3360882,JobState.COMPLETED,0.678583904959527,0,0,0,137.17353938279874,137.17353938279922,1048005.8408845824
jid_687276,62601.0,262.0,4,1913,3358969,3358969,3360883,JobState.COMPLETED,0.6751564830138425,0,0,0,136.75385506291897,136.75385506291948,1046440.498941456
jid_688491,62621.0,262.0,4,1842,3359040,3359040,3360883,JobState.COMPLETED,0.684206597009788,0,0,0,137.86203228691286,137.8620322869128,1015767.4538899739
jid_688496,62713.0,262.0,4,1519,3359364,3359364,3360884,JobState.COMPLETED,0.7336817240140926,0,0,0,143.9202111037666,143.92021110376643,874459.2026664859
jid_688491,62613.0,262.0,4,1850,3359039,3359039,3360890,JobState.COMPLETED,0.6837896477313242,0,0,0,137.81097727322384,137.81097727322336,1019801.2318218565
jid_688491,62716.0,262.0,4,1843,3359046,3359046,3360890,JobState.COMPLETED,0.6748495897181297,0,0,0,136.7162762920161,136.7162762920159,1007872.3888247426
jid_687276,62714.0,262.0,4,1914,3358976,3358976,3360891,JobState.COMPLETED,0.6656692397118469,0,0,0,135.59215180145102,135.59215180145065,1038093.514191909
jid_688496,62719.0,262.0,4,1525,3359365,3359365,3360891,JobState.COMPLETED,0.7322897282448324,0,0,0,143.7497626422241,143.74976264222437,876873.552117567
jid_688496,62717.0,262.0,4,1536,3359364,3359364,3360901,JobState.COMPLETED,0.7287711729511602,0,0,0,143.31891913687656,143.31891913687676,880551.4391769696
jid_688491,62682.0,262.0,4,1860,3359042,3359042,3360903,JobState.COMPLETED,0.6814877985472828,0,0,0,137.52911818946356,137.52911818946322,1023216.6393296089
jid_688491,62705.0,262.0,4,1858,3359045,3359045,3360904,JobState.COMPLETED,0.6695921038904107,0,0,0,136.07250251719262,136.07250251719316,1011290.8387077756
jid_687276,62734.0,262.0,4,1926,3358978,3358978,3360905,JobState.COMPLETED,0.6781002576146071,0,0,0,137.1143172589318,137.1143172589315,1056328.7001628107
jid_687276,62736.0,262.0,4,1929,3358978,3358978,3360908,JobState.COMPLETED,0.6774604855065287,0,0,0,137.03597781712597,137.03597781712597,1057369.604836944
jid_688491,62592.0,262.0,4,1875,3359038,3359038,3360914,JobState.COMPLETED,0.6800629127285248,0,0,0,137.35464237492127,137.3546423749214,1030159.8178119095
jid_688491,62603.0,262.0,4,1877,3359039,3359039,3360917,JobState.COMPLETED,0.6802168650664641,0,0,0,137.37349368160744,137.37349368160784,1031400.1905615086
jid_688491,62650.0,262.0,4,1879,3359041,3359041,3360921,JobState.COMPLETED,0.6796382988462684,0,0,0,137.30264883831845,137.3026488383186,1031966.7086688015
jid_688491,62735.0,262.0,4,1879,3359048,3359048,3360928,JobState.COMPLETED,0.6796135106850802,0,0,0,137.2996135532749,137.29961355327515,1031943.8954664142
jid_687276,62739.0,262.0,4,1953,3358978,3358978,3360932,JobState.COMPLETED,0.6709852009399399,0,0,0,136.2430858293808,136.2430858293804,1064330.9864991228
jid_688491,62688.0,262.0,4,1889,3359043,3359043,3360933,JobState.COMPLETED,0.6781690139891753,0,0,0,137.12273640683742,137.1227364068378,1036099.3962900635
jid_687276,62721.0,262.0,4,1957,3358976,3358976,3360934,JobState.COMPLETED,0.6700385780975773,0,0,0,136.12717282827447,136.12717282827475,1065603.5088997325
jid_687276,62719.0,262.0,4,1959,3358976,3358976,3360936,JobState.COMPLETED,0.6741313006924133,0,0,0,136.62832253376476,136.6283225337649,1070619.5353745806
jid_688491,62732.0,262.0,4,1904,3359047,3359047,3360952,JobState.COMPLETED,0.6771708127402254,0,0,0,137.00050768247706,137.00050768247658,1043395.8665097454
jid_688491,62568.0,262.0,4,1921,3359038,3359038,3360960,JobState.COMPLETED,0.6749761475988206,0,0,0,136.73177317536553,136.7317731753658,1050646.9450795087
jid_688491,62684.0,262.0,4,1922,3359042,3359042,3360965,JobState.COMPLETED,0.6753305481948542,0,0,0,136.7751691667172,136.77516916671684,1051527.5005537218
jid_688506,15104.0,262.0,4,1469,3359495,3359495,3360965,JobState.COMPLETED,0.7285408970041972,0,0,0,143.29072208214683,143.2907220821466,841976.2829546948
jid_687276,62722.0,262.0,4,1991,3358976,3358976,3360968,JobState.COMPLETED,0.6580563466057916,0,0,0,134.65996080887265,134.65996080887243,1072431.9278818618
jid_688496,62707.0,262.0,4,1604,3359363,3359363,3360968,JobState.COMPLETED,0.7200962279591495,0,0,0,142.25668097459004,142.25668097458976,912718.8651329697
jid_688491,62564.0,262.0,4,1938,3359038,3359038,3360977,JobState.COMPLETED,0.6724796928705596,0,0,0,136.42608484129258,136.426084841293,1057575.0096897
jid_688506,62729.0,262.0,4,1487,3359506,3359506,3360994,JobState.COMPLETED,0.73139290577439,0,0,0,143.63994764584314,143.63994764584368,854370.408597475
jid_688491,62742.0,262.0,4,1947,3359048,3359048,3360996,JobState.COMPLETED,0.6726991224852872,0,0,0,136.45295377370817,136.45295377370863,1062695.6039896393
jid_688506,14974.0,262.0,4,1504,3359493,3359493,3360998,JobState.COMPLETED,0.7349799014537476,0,0,0,144.07917160658096,144.07917160658135,866780.296385191
jid_688491,62726.0,262.0,4,1955,3359047,3359047,3361003,JobState.COMPLETED,0.6676399952147634,0,0,0,135.83346880180764,135.83346880180775,1062217.7260301358
jid_688491,62698.0,262.0,4,1961,3359044,3359044,3361006,JobState.COMPLETED,0.6713114310003255,0,0,0,136.28303236738708,136.28303236738682,1069004.1058897842
jid_688506,62704.0,262.0,4,1502,3359504,3359504,3361007,JobState.COMPLETED,0.7366082436332937,0,0,0,144.27856044489326,144.2785604448931,866825.5911529186
jid_688491,62585.0,262.0,4,1971,3359038,3359038,3361010,JobState.COMPLETED,0.6702739176229275,0,0,0,136.15598991301155,136.15598991301152,1073453.8244741831
jid_688506,15090.0,262.0,4,1522,3359492,3359492,3361015,JobState.COMPLETED,0.7319589919204499,0,0,0,143.70926431678924,143.70926431678978,874902.0011606129
jid_688491,62642.0,262.0,4,2000,3359041,3359041,3361042,JobState.COMPLETED,0.6683750201034869,0,0,0,135.92347184940706,135.92347184940655,1087387.7747952566
jid_688506,62588.0,262.0,4,1564,3359498,3359498,3361063,JobState.COMPLETED,0.7209383635337846,0,0,0,142.3597996163818,142.3597996163818,890602.9064000845
jid_688506,14986.0,262.0,4,1573,3359495,3359495,3361069,JobState.COMPLETED,0.7219990761197788,0,0,0,142.48968279017677,142.489682790177,896545.0841157923
jid_688506,62625.0,262.0,4,1573,3359500,3359500,3361074,JobState.COMPLETED,0.7123102628401953,0,0,0,141.30329749063586,141.30329749063614,889080.3478110809
jid_688506,62739.0,262.0,4,1574,3359507,3359507,3361082,JobState.COMPLETED,0.7186892076071121,0,0,0,142.08439276821804,142.0843927682178,894563.3368687008
jid_688506,62724.0,262.0,4,1578,3359506,3359506,3361085,JobState.COMPLETED,0.7179423723500997,0,0,0,141.9929435530732,141.99294355307345,896259.459706998
jid_688506,61940.0,262.0,4,1604,3359497,3359497,3361102,JobState.COMPLETED,0.7190000219214959,0,0,0,142.12245166385665,142.12245166385665,911857.6498753043
jid_688506,62740.0,262.0,4,1597,3359508,3359508,3361106,JobState.COMPLETED,0.7141989211438373,0,0,0,141.53456177271445,141.5345617727148,904122.7806041
jid_688506,62733.0,262.0,4,1614,3359507,3359507,3361122,JobState.COMPLETED,0.7173204326886405,0,0,0,141.91678767616028,141.91678767616008,916214.7812372908
jid_688506,14993.0,262.0,4,1631,3359497,3359497,3361129,JobState.COMPLETED,0.7147927953665605,0,0,0,141.6072810652926,141.60728106529314,923845.9016699689
jid_688506,62603.0,262.0,4,1631,3359498,3359498,3361130,JobState.COMPLETED,0.7147173528750673,0,0,0,141.59804320919187,141.5980432091919,923785.6338967677
jid_688506,14995.0,262.0,4,1634,3359497,3359497,3361132,JobState.COMPLETED,0.7132330635703766,0,0,0,141.41629349841338,141.41629349841347,924296.8943056299
jid_688506,62568.0,262.0,4,1655,3359497,3359497,3361153,JobState.COMPLETED,0.7099154056850817,0,0,0,141.01004967572464,141.01004967572428,933486.5288532971
jid_688496,62568.0,262.0,4,1838,3359356,3359356,3361195,JobState.COMPLETED,0.6842223301936784,0,0,0,137.8639587992257,137.8639587992259,1013575.8250919074
jid_688496,62724.0,262.0,4,1866,3359365,3359365,3361232,JobState.COMPLETED,0.6811269364537581,0,0,0,137.48493099433813,137.4849309943377,1026187.5249417397
jid_688496,62693.0,262.0,4,1870,3359362,3359362,3361233,JobState.COMPLETED,0.6805918857082567,0,0,0,137.41941457652135,137.41941457652123,1027897.2210323797
jid_688496,62740.0,262.0,4,1881,3359367,3359367,3361249,JobState.COMPLETED,0.6791660874830389,0,0,0,137.24482703873946,137.24482703873946,1032630.0786394756
jid_688496,62730.0,262.0,4,1883,3359366,3359366,3361250,JobState.COMPLETED,0.6640592280037197,0,0,0,135.3950075106595,135.39500751065955,1019795.1965702873
jid_688496,62686.0,262.0,4,1908,3359361,3359361,3361270,JobState.COMPLETED,0.6754553803812411,0,0,0,136.79045474055988,136.79045474056014,1043984.750579953
jid_688496,62603.0,262.0,4,1915,3359357,3359357,3361273,JobState.COMPLETED,0.6613489261971216,0,0,0,135.06313382005553,135.0631338200557,1034583.6050616254
jid_688496,62658.0,262.0,4,1915,3359360,3359360,3361276,JobState.COMPLETED,0.6757466122926602,0,0,0,136.82611579093754,136.826115790938,1048088.0469585815
jid_688497,62685.0,262.0,4,1860,3359424,3359424,3361285,JobState.COMPLETED,0.6837247121103239,0,0,0,137.80302597269224,137.80302597269272,1025254.5132368302
jid_688497,62687.0,262.0,4,1874,3359424,3359424,3361299,JobState.COMPLETED,0.6790036197010635,0,0,0,137.22493302461976,137.22493302462004,1028638.0979525497
jid_688497,62619.0,262.0,4,1878,3359421,3359421,3361300,JobState.COMPLETED,0.6813607446546166,0,0,0,137.51356056995334,137.51356056995306,1033001.8670014895
jid_688497,62712.0,262.0,4,1872,3359427,3359427,3361300,JobState.COMPLETED,0.6791188034353234,0,0,0,137.23903715534559,137.23903715534573,1027645.9102192278
jid_688506,62692.0,262.0,4,1798,3359503,3359503,3361302,JobState.COMPLETED,0.6751517581046955,0,0,0,136.75327650261542,136.75327650261576,983529.5646068101
jid_688497,62607.0,262.0,4,1891,3359421,3359421,3361313,JobState.COMPLETED,0.6804093321616896,0,0,0,137.39706108102365,137.39706108102322,1039271.3700168629
jid_688497,62632.0,262.0,4,1890,3359422,3359422,3361313,JobState.COMPLETED,0.6807504510130351,0,0,0,137.43883073628976,137.43883073629002,1039037.5603663506
jid_688497,62730.0,262.0,4,1889,3359429,3359429,3361319,JobState.COMPLETED,0.6809372717089862,0,0,0,137.46170673987584,137.46170673987586,1038660.6561265019
jid_688496,62728.0,262.0,4,1958,3359365,3359365,3361324,JobState.COMPLETED,0.6712080471455608,0,0,0,136.27037311986436,136.2703731198646,1067269.5622747776
jid_688499,60312.0,525.0,10,86,3361245,3361245,3361332,JobState.COMPLETED,0.5718906833981136,0,0,0,124.10906327323839,124.10906327323839,106733.79441498502
jid_688496,62715.0,262.0,4,1968,3359364,3359364,3361333,JobState.COMPLETED,0.6702690503120742,0,0,0,136.15539391576394,136.1553939157642,1071815.2609048937
jid_688504,60312.0,525.0,10,86,3361246,3361246,3361333,JobState.COMPLETED,0.5617529874649917,0,0,0,122.86771275081534,122.86771275081533,105666.2329657012
jid_688497,62733.0,262.0,4,1904,3359429,3359429,3361334,JobState.COMPLETED,0.6608440361156527,0,0,0,135.0013105447735,135.00131054477382,1028169.981108995
jid_688506,62687.0,262.0,4,1831,3359502,3359502,3361334,JobState.COMPLETED,0.6804011647382486,0,0,0,137.39606098835705,137.39606098835696,1006288.750678727
jid_688497,62692.0,262.0,4,1909,3359425,3359425,3361335,JobState.COMPLETED,0.6780587551535625,0,0,0,137.109235324926,137.10923532492603,1046966.120941135
jid_688507,60312.0,525.0,10,92,3361244,3361244,3361337,JobState.COMPLETED,0.5766840385161556,0,0,0,124.69600471626397,124.69600471626396,114720.32433896285
jid_688513,60312.0,525.0,10,84,3361252,3361252,3361337,JobState.COMPLETED,0.575992098510859,0,0,0,124.61127736867658,124.61127736867661,104673.47298968832
jid_688517,60312.0,525.0,10,94,3361243,3361243,3361338,JobState.COMPLETED,0.5726873858362601,0,0,0,124.20661867382776,124.20661867382778,116754.22155339809
jid_688523,60312.0,525.0,10,96,3361242,3361242,3361339,JobState.COMPLETED,0.576851131309554,0,0,0,124.71646505831272,124.71646505831275,119727.8064559802
jid_688522,60312.0,525.0,10,85,3361253,3361253,3361339,JobState.COMPLETED,0.5836503700954379,0,0,0,125.54902490964544,125.54902490964545,106716.67117319863
jid_688497,62680.0,262.0,4,1915,3359424,3359424,3361340,JobState.COMPLETED,0.6768940862280586,0,0,0,136.96662280343634,136.96662280343577,1049164.3306743223
jid_688518,60312.0,525.0,10,83,3361257,3361257,3361341,JobState.COMPLETED,0.5815903160293592,0,0,0,125.29677339135011,125.2967733913501,103996.3219148206
jid_688544,60312.0,525.0,10,92,3361250,3361250,3361343,JobState.COMPLETED,0.5803233250532986,0,0,0,125.14163163917945,125.14163163917942,115130.3011080451
jid_688546,60312.0,525.0,10,91,3361251,3361251,3361343,JobState.COMPLETED,0.5756407731765166,0,0,0,124.56825793998162,124.56825793998163,113357.11472538328
jid_688497,62703.0,262.0,4,1917,3359426,3359426,3361344,JobState.COMPLETED,0.6773310728707089,0,0,0,137.0201313719229,137.02013137192353,1050670.3673599048
jid_688562,60312.0,525.0,10,91,3361254,3361254,3361346,JobState.COMPLETED,0.5849557996718474,0,0,0,125.7088734292058,125.7088734292058,114395.07482057727
jid_688551,60312.0,525.0,10,88,3361258,3361258,3361347,JobState.COMPLETED,0.5522667105487115,0,0,0,121.70612782229118,121.70612782229118,107101.39248361623
jid_688497,62572.0,262.0,4,1928,3359419,3359419,3361348,JobState.COMPLETED,0.6757090360773151,0,0,0,136.82151462171177,136.82151462171208,1055167.5207626412
jid_688569,60312.0,525.0,10,92,3361255,3361255,3361348,JobState.COMPLETED,0.5760133312995881,0,0,0,124.6138773019904,124.6138773019904,114644.76711783116
jid_688556,60312.0,525.0,10,84,3361263,3361263,3361348,JobState.COMPLETED,0.58004026561885,0,0,0,125.10697130026736,125.10697130026736,105089.85589222459
jid_688570,60312.0,525.0,10,91,3361257,3361257,3361349,JobState.COMPLETED,0.585181055038487,0,0,0,125.7364557189984,125.73645571899843,114420.17470428854
jid_688564,60312.0,525.0,10,84,3361265,3361265,3361350,JobState.COMPLETED,0.5827096391413822,0,0,0,125.43383336425089,125.43383336425089,105364.42002597074
jid_688497,62707.0,262.0,4,1929,3359426,3359426,3361356,JobState.COMPLETED,0.6763319882982949,0,0,0,136.89779448550584,136.8977944855055,1056303.382250163
jid_688497,62706.0,262.0,4,1934,3359426,3359426,3361361,JobState.COMPLETED,0.6751088577638413,0,0,0,136.74802339965393,136.74802339965404,1057882.7090197229
jid_688497,62709.0,262.0,4,1935,3359427,3359427,3361363,JobState.COMPLETED,0.6753596504013394,0,0,0,136.77873270220508,136.77873270220482,1058667.3911150673
jid_688497,62662.0,262.0,4,1940,3359423,3359423,3361364,JobState.COMPLETED,0.6748293596114571,0,0,0,136.71379913609695,136.71379913609678,1060899.0812961124
jid_688497,62596.0,262.0,4,1944,3359420,3359420,3361365,JobState.COMPLETED,0.660561046625805,0,0,0,134.96665877050688,134.96665877050674,1049500.7385994615
jid_688506,62688.0,262.0,4,1862,3359502,3359502,3361365,JobState.COMPLETED,0.6659520566029544,0,0,0,135.62678244117794,135.6267824411781,1010148.2756218932
jid_688506,62691.0,262.0,4,1861,3359503,3359503,3361365,JobState.COMPLETED,0.6818789465854427,0,0,0,137.57701386760525,137.57701386760525,1024123.2912304534
jid_688497,62715.0,262.0,4,1938,3359427,3359427,3361366,JobState.COMPLETED,0.6755899118642773,0,0,0,136.80692798338072,136.8069279833809,1060527.3057271673
jid_688497,62631.0,262.0,4,1944,3359422,3359422,3361367,JobState.COMPLETED,0.6740861544190345,0,0,0,136.62279441865752,136.6227944186573,1062378.849399481
jid_688506,62614.0,262.0,4,1871,3359499,3359499,3361371,JobState.COMPLETED,0.6805658690359748,0,0,0,137.41622886154798,137.41622886154795,1028423.056799825
jid_688497,62717.0,262.0,4,1944,3359427,3359427,3361372,JobState.COMPLETED,0.6747307500391652,0,0,0,136.70172449459193,136.70172449459164,1062992.6096699468
jid_688585,985.0,617.0,1,13,3361358,3361358,3361372,JobState.COMPLETED,1.0,0,0,0,176.53061224489795,176.53061224489795,2294.8979591836733
jid_688497,62737.0,262.0,4,1943,3359430,3359430,3361374,JobState.COMPLETED,0.674281437222754,0,0,0,136.6467065987051,136.64670659870458,1062018.203685136
jid_688506,62682.0,262.0,4,1872,3359502,3359502,3361375,JobState.COMPLETED,0.680125730874382,0,0,0,137.36233439278186,137.36233439278146,1028569.1599331506
jid_688506,14991.0,262.0,4,1886,3359496,3359496,3361383,JobState.COMPLETED,0.6780674739412622,0,0,0,137.11030293158277,137.11030293158313,1034360.1253158604
jid_688506,62680.0,262.0,4,1880,3359502,3359502,3361383,JobState.COMPLETED,0.6782625995292862,0,0,0,137.1341958607291,137.13419586072894,1031249.1528726829
jid_688506,62702.0,262.0,4,1881,3359504,3359504,3361386,JobState.COMPLETED,0.6785091139158288,0,0,0,137.16438129581618,137.16438129581576,1032024.804869721
jid_688506,14965.0,262.0,4,1899,3359492,3359492,3361392,JobState.COMPLETED,0.6769986584107635,0,0,0,136.97942756050176,136.97942756050165,1040495.7317495714
jid_688497,62691.0,262.0,4,1969,3359425,3359425,3361395,JobState.COMPLETED,0.6580760510026749,0,0,0,134.66237359216402,134.66237359216427,1060600.8544118837
jid_688497,62581.0,262.0,4,1987,3359419,3359419,3361407,JobState.COMPLETED,0.6694256653881926,0,0,0,136.05212229243233,136.05212229243176,1081342.2679802522
jid_687836,14749.0,197.0,27,47422,3314010,3314010,3361433,JobState.COMPLETED,1.0,0,0,0,176.53061224491395,176.53061224489795,226028736.73471436
jid_688593,62722.0,262.0,4,1850,3359582,3359582,3361433,JobState.COMPLETED,0.6859652815020311,0,0,0,138.0773814084123,138.07738140841198,1021772.6224222509
jid_688593,62715.0,262.0,4,1860,3359581,3359581,3361442,JobState.COMPLETED,0.6840319915471507,0,0,0,137.84065202618152,137.84065202618171,1025534.4510747904
jid_688593,62639.0,262.0,4,1879,3359576,3359576,3361456,JobState.COMPLETED,0.6816328438143121,0,0,0,137.54687883440528,137.54687883440556,1033802.3413193901
jid_688593,62613.0,262.0,4,1886,3359575,3359575,3361462,JobState.COMPLETED,0.6797466126806797,0,0,0,137.3159117568176,137.3159117568179,1035911.2382934319
jid_688593,62711.0,262.0,4,1883,3359581,3359581,3361465,JobState.COMPLETED,0.6803203625029509,0,0,0,137.38616683709574,137.38616683709603,1034792.6086170052
jid_688593,62741.0,262.0,4,1884,3359584,3359584,3361469,JobState.COMPLETED,0.6814605424469393,0,0,0,137.52578070778804,137.5257807077885,1036394.2834138907
jid_688593,62642.0,262.0,4,1893,3359577,3359577,3361471,JobState.COMPLETED,0.6801112048468643,0,0,0,137.36055569553383,137.3605556955344,1040094.1277265822
jid_688593,62583.0,262.0,4,1901,3359574,3359574,3361476,JobState.COMPLETED,0.6782507160937403,0,0,0,137.13274074617223,137.1327407461723,1042757.3606338936
jid_688593,62632.0,262.0,4,1902,3359576,3359576,3361479,JobState.COMPLETED,0.6572267883597627,0,0,0,134.55838224813465,134.55838224813422,1023720.1721438084
jid_688593,62637.0,262.0,4,1904,3359576,3359576,3361481,JobState.COMPLETED,0.6788031171704434,0,0,0,137.2003816943398,137.20038169434002,1044918.1069840919
jid_688506,15106.0,262.0,4,1987,3359495,3359495,3361483,JobState.COMPLETED,0.6671817664482109,0,0,0,135.7773591569239,135.7773591569238,1079158.4505792311
jid_688593,61940.0,262.0,4,1924,3359563,3359563,3361488,JobState.COMPLETED,0.6763459081672534,0,0,0,136.89949895925494,136.8994989592555,1053578.543990426
jid_688593,62736.0,262.0,4,1909,3359583,3359583,3361493,JobState.COMPLETED,0.6790018874356191,0,0,0,137.22472091048365,137.22472091048397,1047847.9688724532
jid_688593,62742.0,262.0,4,1910,3359584,3359584,3361495,JobState.COMPLETED,0.6774718380535544,0,0,0,137.03736792492447,137.03736792492504,1046965.4909464229
jid_688593,62616.0,262.0,4,1920,3359575,3359575,3361496,JobState.COMPLETED,0.6767569111567028,0,0,0,136.94982585592243,136.9498258559228,1051774.6625734842
jid_688593,62738.0,262.0,4,1914,3359583,3359583,3361498,JobState.COMPLETED,0.6780428856987379,0,0,0,137.10729212637648,137.10729212637608,1049693.4285195384
jid_688593,62705.0,262.0,4,1918,3359580,3359580,3361499,JobState.COMPLETED,0.6771672517497377,0,0,0,137.00007164282553,137.00007164282502,1051064.5496437575
jid_688593,62734.0,262.0,4,1922,3359583,3359583,3361506,JobState.COMPLETED,0.6771684770900059,0,0,0,137.00022168449112,137.00022168449053,1053257.7043103678
jid_688593,62612.0,262.0,4,1931,3359575,3359575,3361507,JobState.COMPLETED,0.6749694337767922,0,0,0,136.7309510747098,136.73095107470925,1056109.8661010584
jid_688593,62590.0,262.0,4,1947,3359574,3359574,3361522,JobState.COMPLETED,0.6745614296643789,0,0,0,136.68099138747496,136.68099138747496,1064471.560925655
jid_688593,62706.0,262.0,4,1947,3359580,3359580,3361528,JobState.COMPLETED,0.6594915283578223,0,0,0,134.8356973499369,134.83569734993742,1050100.4109613087
jid_688593,62605.0,262.0,4,1996,3359574,3359574,3361571,JobState.COMPLETED,0.668609862766155,0,0,0,135.95222809381457,135.9522280938149,1085442.5891010156
jid_688606,985.0,617.0,1,23,3362537,3362537,3362561,JobState.COMPLETED,1.0,0,0,0,176.53061224489795,176.53061224489795,4060.204081632653
jid_688449,62501.0,557.0,8,4237,3358583,3358583,3362821,JobState.COMPLETED,1.0,0,0,0,176.53061224489684,176.53061224489795,5983681.632653023
jid_688612,62565.0,557.0,8,4403,3358424,3358424,3362828,JobState.COMPLETED,1.0,0,0,0,176.53061224489684,176.53061224489795,6218114.285714246
jid_688455,62565.0,557.0,8,4459,3358584,3358584,3363044,JobState.COMPLETED,1.0,0,0,0,176.53061224489684,176.53061224489795,6297199.99999996
jid_688452,62501.0,557.0,8,4462,3358584,3358584,3363047,JobState.COMPLETED,1.0,0,0,0,176.53061224489684,176.53061224489795,6301436.734693837
jid_684127,34350.0,60.0,32,30461,3333628,3333628,3364090,JobState.COMPLETED,0.6530093540228623,0,0,0,134.0419617170841,134.04196171708517,130657670.26765116
jid_688639,14743.0,197.0,27,50217,3314001,3314001,3364219,JobState.COMPLETED,1.0,0,0,0,176.53061224491464,176.53061224489795,239350619.38777772
jid_684127,34855.0,60.0,32,30677,3333628,3333628,3364306,JobState.COMPLETED,0.6538739329545844,0,0,0,134.14782852504894,134.14782852505115,131688093.94121364
jid_688641,41282.0,474.0,1024,25,3364296,3364296,3364322,JobState.COMPLETED,1.0,0,0,0,176.53061224489795,176.53061224489795,4519183.673469388
jid_687899,14748.0,197.0,27,50815,3314009,3314009,3364825,JobState.COMPLETED,1.0,0,0,0,176.53061224491478,176.53061224489795,242200882.65308434
jid_688665,51.0,39.0,48,39,3365742,3365742,3365782,JobState.COMPLETED,1.0,0,0,0,176.53061224489795,176.53061224489795,330465.30612244894
jid_688668,51.0,39.0,48,46,3365743,3365743,3365790,JobState.COMPLETED,1.0,0,0,0,176.53061224489795,176.53061224489795,389779.5918367347
jid_688681,62653.0,600.0,192,1007,3365074,3365074,3366082,JobState.COMPLETED,1.0,0,0,0,176.5306122448982,176.53061224489795,34131134.69387759
jid_688682,51.0,39.0,48,38,3366044,3366044,3366083,JobState.COMPLETED,1.0,0,0,0,176.53061224489795,176.53061224489795,321991.83673469385
jid_688707,71.0,49.0,64,16848,3349933,3349933,3366782,JobState.COMPLETED,1.0,0,0,0,176.53061224490472,176.53061224489795,190348016.3265379
jid_686087,59188.0,28.0,4,5006,3362015,3362015,3367022,JobState.COMPLETED,1.0,0,0,0,176.5306122448968,176.53061224489795,3534848.9795918134
jid_686087,59188.0,28.0,4,5043,3362014,3362014,3367058,JobState.COMPLETED,1.0,0,0,0,176.5306122448968,176.53061224489795,3560975.510204058
jid_686087,59188.0,28.0,4,5120,3362010,3362010,3367131,JobState.COMPLETED,1.0,0,0,0,176.5306122448968,176.53061224489795,3615346.9387754863
jid_688739,62798.0,37.0,12,0,3367149,3367149,3367150,JobState.COMPLETED,1.0,0,0,0,176.53061224489795,176.53061224489795,0.0
jid_688745,62799.0,375.0,1,21,3367471,3367471,3367493,JobState.COMPLETED,0.6697597280412992,0,0,0,136.0930279234244,136.0930279234244,2857.9535863919123
jid_688756,377.0000000000073,558.0,18,351,3368029,3368029,3368381,JobState.COMPLETED,1.0,0,0,0,176.530612244898,176.53061224489795,1115320.4081632656
jid_688761,62767.0,556.0,24,454,3368451,3368451,3368906,JobState.COMPLETED,1.0,0,0,0,176.5306122448978,176.53061224489795,1923477.5510204067
jid_688762,499.0,177.0,1,3,3368937,3368937,3368941,JobState.COMPLETED,1.0,0,0,0,176.53061224489795,176.53061224489795,529.5918367346939
jid_688768,499.0,177.0,1,2,3369222,3369222,3369225,JobState.COMPLETED,1.0,0,0,0,176.53061224489795,176.53061224489795,353.0612244897959
jid_688772,499.0,177.0,1,2,3369529,3369529,3369532,JobState.COMPLETED,1.0,0,0,0,176.53061224489795,176.53061224489795,353.0612244897959
jid_688773,59082.0,559.0,128,23152,3346496,3346496,3369649,JobState.COMPLETED,1.0,0,0,0,176.53061224490642,176.53061224489795,523140702.0408414
jid_688779,499.0,177.0,1,3,3369899,3369899,3369903,JobState.COMPLETED,1.0,0,0,0,176.53061224489795,176.53061224489795,529.5918367346939
jid_688803,377.0000000000073,558.0,18,463,3370978,3370978,3371442,JobState.COMPLETED,1.0,0,0,0,176.530612244898,176.53061224489795,1471206.12244898
jid_688840,61545.0,557.0,8,255,3372677,3372677,3372933,JobState.COMPLETED,1.0,0,0,0,176.5306122448979,176.53061224489795,360122.4489795917
jid_688842,61545.0,557.0,8,293,3372699,3372699,3372993,JobState.COMPLETED,1.0,0,0,0,176.53061224489795,176.53061224489795,413787.7551020408
jid_688852,62501.0,557.0,15,237,3372912,3372912,3373150,JobState.COMPLETED,1.0,0,0,0,176.53061224489795,176.53061224489795,627566.3265306122
jid_688854,61545.0,557.0,8,360,3372873,3372873,3373234,JobState.COMPLETED,1.0,0,0,0,176.530612244898,176.53061224489795,508408.16326530627
jid_688793,62501.0,557.0,15,3048,3370293,3370293,3373342,JobState.COMPLETED,1.0,0,0,0,176.53061224489886,176.53061224489795,8070979.591836777
jid_688859,797.9999999999927,206.00000000000003,1024,46920,3326820,3326820,3373741,JobState.COMPLETED,1.0,0,0,0,176.53061224488738,176.53061224489795,8481603918.366838
jid_688792,62501.0,557.0,8,3661,3370272,3370272,3373934,JobState.COMPLETED,1.0,0,0,0,176.5306122448969,176.53061224489795,5170228.57142854
jid_682556,62743.0,60.0,32,42395,3332543,3332543,3374939,JobState.COMPLETED,0.6107625838943446,0,0,0,128.86888782378682,128.8688878237973,174828687.97726214
jid_689121,301.0,549.0,399,582,3374535,3374535,3375118,JobState.COMPLETED,1.0,0,0,0,176.53061224489775,176.53061224489798,40993585.714285664
jid_688842,62501.0,557.0,8,3435,3372706,3372706,3376142,JobState.COMPLETED,1.0,0,0,0,176.53061224489693,176.53061224489795,4851061.224489768
jid_688854,62501.0,557.0,8,3686,3372896,3372896,3376583,JobState.COMPLETED,1.0,0,0,0,176.5306122448969,176.53061224489795,5205534.69387752
jid_689137,373.0,521.0,128,16890,3362286,3362286,3379177,JobState.COMPLETED,1.0,0,0,0,176.53061224490472,176.53061224489795,381645061.2245044
jid_689137,373.0,521.0,128,30334,3362284,3362284,3392619,JobState.COMPLETED,1.0,0,0,0,176.53061224490628,176.53061224489795,685424587.7551343
jid_689436,60513.0,599.0,128,1721,3394112,3394112,3395834,JobState.COMPLETED,0.5703481507583048,0,0,0,123.92018172550655,123.92018172550671,27298128.99194839
jid_689443,62627.0,191.0,8,67818,3328851,3328851,3396670,JobState.COMPLETED,1.0,0,0,0,176.5306122448912,176.53061224489795,95775624.48979224
jid_689460,34.0,93.0,164,77376,3324835,3324835,3402212,JobState.COMPLETED,1.0,0,0,0,176.53061224488206,176.53061224489795,2240114155.101839
jid_689625,1038.0,211.0,24,86058,3317628,3317628,3403687,JobState.COMPLETED,0.6218506229135852,0,0,0,130.2266068874064,130.22660688737778,268968992.0523941
jid_689679,38194.0,530.0,1,23,3403845,3403845,3403869,JobState.COMPLETED,1.0,0,0,0,176.53061224489795,176.53061224489795,4060.204081632653
jid_689717,34.0,93.0,164,79346,3324852,3324852,3404199,JobState.COMPLETED,1.0,0,0,0,176.53061224488098,176.53061224489795,2297147665.3059015
jid_687858,41281.0,54.0,8191,2088,3338164,3402212,3404301,JobState.COMPLETED,0.545963815569538,0,0,0,120.93434476361682,120.9343447636169,2068316879.0979438
jid_688808,51.0,39.0,48,7,3371948,3404301,3404309,JobState.COMPLETED,1.0,0,0,0,176.53061224489795,176.53061224489795,59314.28571428572
jid_688811,51.0,39.0,48,7,3371957,3404301,3404309,JobState.COMPLETED,1.0,0,0,0,176.53061224489795,176.53061224489795,59314.28571428572
jid_688815,51.0,39.0,48,8,3371965,3404301,3404310,JobState.COMPLETED,1.0,0,0,0,176.53061224489795,176.53061224489795,67787.75510204081
jid_689084,51.0,39.0,48,10,3374515,3404301,3404312,JobState.COMPLETED,1.0,0,0,0,176.53061224489795,176.53061224489795,84734.69387755102
jid_689089,51.0,39.0,48,11,3374518,3404301,3404313,JobState.COMPLETED,1.0,0,0,0,176.53061224489795,176.53061224489795,93208.16326530612
jid_687984,61954.0,54.0,48,8,3343476,3404313,3404322,JobState.COMPLETED,0.6088077275282093,0,0,0,128.62951765651545,128.62951765651545,49393.734780101935
jid_688002,61954.0,54.0,48,11,3343766,3404322,3404334,JobState.COMPLETED,0.5627157140582704,0,0,0,122.9855976397882,122.9855976397882,64936.395553808165
jid_689718,34.0,93.0,164,79473,3324868,3324868,3404342,JobState.COMPLETED,1.0,0,0,0,176.53061224488093,176.53061224489795,2300824444.897737
jid_688770,62804.0,29.0,15,48,3369329,3404301,3404350,JobState.COMPLETED,1.0,0,0,0,176.53061224489795,176.53061224489795,127102.04081632652
jid_688717,51.0,39.0,48,58,3367019,3404301,3404360,JobState.COMPLETED,1.0,0,0,0,176.53061224489795,176.53061224489795,491461.22448979586
jid_688718,51.0,39.0,48,59,3367017,3404301,3404361,JobState.COMPLETED,1.0,0,0,0,176.53061224489795,176.53061224489795,499934.693877551
jid_688714,51.0,39.0,48,61,3367016,3404301,3404363,JobState.COMPLETED,1.0,0,0,0,176.53061224489795,176.53061224489795,516881.63265306124
jid_688729,51.0,39.0,48,61,3367017,3404301,3404363,JobState.COMPLETED,1.0,0,0,0,176.53061224489795,176.53061224489795,516881.63265306124
jid_688733,51.0,39.0,48,61,3367017,3404301,3404363,JobState.COMPLETED,1.0,0,0,0,176.53061224489795,176.53061224489795,516881.63265306124
jid_688727,51.0,39.0,48,61,3367018,3404301,3404363,JobState.COMPLETED,1.0,0,0,0,176.53061224489795,176.53061224489795,516881.63265306124
jid_688726,51.0,39.0,48,62,3367016,3404301,3404364,JobState.COMPLETED,1.0,0,0,0,176.53061224489795,176.53061224489795,525355.1020408163
jid_688626,376.0,159.0,30,96,3363553,3404301,3404398,JobState.COMPLETED,1.0,0,0,0,176.53061224489795,176.53061224489795,508408.1632653061
jid_688626,376.0,159.0,30,105,3363553,3404301,3404407,JobState.COMPLETED,1.0,0,0,0,176.53061224489795,176.53061224489795,556071.4285714286
jid_688626,376.0,159.0,30,112,3363553,3404301,3404414,JobState.COMPLETED,1.0,0,0,0,176.53061224489795,176.53061224489795,593142.8571428572
jid_688024,41294.0,476.0,512,104,3344058,3404310,3404415,JobState.COMPLETED,0.5836839842904594,0,0,0,125.5531409335256,125.55314093352564,6685453.648428371
jid_688626,376.0,159.0,30,115,3363553,3404301,3404417,JobState.COMPLETED,1.0,0,0,0,176.53061224489795,176.53061224489795,609030.612244898
jid_688626,376.0,159.0,30,120,3363553,3404301,3404422,JobState.COMPLETED,1.0,0,0,0,176.53061224489795,176.53061224489795,635510.2040816327
jid_688626,376.0,159.0,30,123,3363553,3404301,3404425,JobState.COMPLETED,1.0,0,0,0,176.53061224489795,176.53061224489795,651397.9591836735
jid_688626,376.0,159.0,30,124,3363553,3404301,3404426,JobState.COMPLETED,1.0,0,0,0,176.53061224489795,176.53061224489795,656693.8775510204
jid_688626,376.0,159.0,30,125,3363553,3404301,3404427,JobState.COMPLETED,1.0,0,0,0,176.53061224489795,176.53061224489795,661989.7959183673
jid_688626,376.0,159.0,30,131,3363553,3404301,3404433,JobState.COMPLETED,1.0,0,0,0,176.53061224489795,176.53061224489795,693765.3061224489
jid_688626,376.0,159.0,30,142,3363553,3404301,3404444,JobState.COMPLETED,1.0,0,0,0,176.53061224489795,176.53061224489795,752020.4081632653
jid_688626,376.0,159.0,30,143,3363553,3404301,3404445,JobState.COMPLETED,1.0,0,0,0,176.53061224489795,176.53061224489795,757316.3265306122
jid_688626,376.0,159.0,30,147,3363553,3404301,3404449,JobState.COMPLETED,1.0,0,0,0,176.53061224489795,176.53061224489795,778500.0
jid_688626,376.0,159.0,30,151,3363553,3404301,3404453,JobState.COMPLETED,1.0,0,0,0,176.53061224489795,176.53061224489795,799683.6734693877
jid_688626,376.0,159.0,30,152,3363553,3404301,3404454,JobState.COMPLETED,1.0,0,0,0,176.53061224489795,176.53061224489795,804979.5918367347
jid_688626,376.0,159.0,30,168,3363553,3404301,3404470,JobState.COMPLETED,1.0,0,0,0,176.53061224489795,176.53061224489795,889714.2857142857
jid_688626,376.0,159.0,30,168,3363553,3404301,3404470,JobState.COMPLETED,1.0,0,0,0,176.53061224489795,176.53061224489795,889714.2857142857
jid_688626,376.0,159.0,30,169,3363553,3404301,3404471,JobState.COMPLETED,1.0,0,0,0,176.53061224489795,176.53061224489795,895010.2040816327
jid_688626,376.0,159.0,30,182,3363553,3404301,3404484,JobState.COMPLETED,1.0,0,0,0,176.53061224489795,176.53061224489795,963857.1428571428
jid_688626,376.0,159.0,30,187,3363553,3404301,3404489,JobState.COMPLETED,1.0,0,0,0,176.53061224489795,176.53061224489795,990336.7346938775
jid_688626,376.0,159.0,30,200,3363553,3404301,3404502,JobState.COMPLETED,1.0,0,0,0,176.53061224489795,176.53061224489795,1059183.6734693877
jid_688626,376.0,159.0,30,206,3363553,3404301,3404508,JobState.COMPLETED,1.0,0,0,0,176.53061224489795,176.53061224489795,1090959.1836734693
jid_688626,376.0,159.0,30,207,3363553,3404301,3404509,JobState.COMPLETED,1.0,0,0,0,176.53061224489795,176.53061224489795,1096255.1020408163
jid_688626,376.0,159.0,30,209,3363553,3404301,3404511,JobState.COMPLETED,1.0,0,0,0,176.53061224489795,176.53061224489795,1106846.93877551
jid_688626,376.0,159.0,30,212,3363553,3404301,3404514,JobState.COMPLETED,1.0,0,0,0,176.53061224489795,176.53061224489795,1122734.693877551
jid_688626,376.0,159.0,30,213,3363553,3404301,3404515,JobState.COMPLETED,1.0,0,0,0,176.53061224489795,176.53061224489795,1128030.6122448978
jid_688626,376.0,159.0,30,219,3363553,3404301,3404521,JobState.COMPLETED,1.0,0,0,0,176.53061224489795,176.53061224489795,1159806.1224489794
jid_688626,376.0,159.0,30,227,3363553,3404301,3404529,JobState.COMPLETED,1.0,0,0,0,176.53061224489795,176.53061224489795,1202173.469387755
jid_688626,376.0,159.0,30,229,3363553,3404301,3404531,JobState.COMPLETED,1.0,0,0,0,176.53061224489795,176.53061224489795,1212765.306122449
jid_688626,376.0,159.0,30,229,3363553,3404301,3404531,JobState.COMPLETED,1.0,0,0,0,176.53061224489795,176.53061224489795,1212765.306122449
jid_688626,376.0,159.0,30,231,3363553,3404301,3404533,JobState.COMPLETED,1.0,0,0,0,176.53061224489795,176.53061224489795,1223357.1428571427
jid_688626,376.0,159.0,30,235,3363553,3404301,3404537,JobState.COMPLETED,1.0,0,0,0,176.53061224489795,176.53061224489795,1244540.8163265307
jid_688626,376.0,159.0,30,251,3363553,3404301,3404553,JobState.COMPLETED,1.0,0,0,0,176.53061224489795,176.53061224489795,1329275.5102040817
jid_689425,301.0,549.0,399,258,3392202,3404301,3404560,JobState.COMPLETED,1.0,0,0,0,176.530612244898,176.53061224489798,18172414.28571429
jid_688626,376.0,159.0,30,259,3363553,3404301,3404561,JobState.COMPLETED,1.0,0,0,0,176.53061224489795,176.53061224489795,1371642.8571428573
jid_688626,376.0,159.0,30,265,3363553,3404301,3404567,JobState.COMPLETED,1.0,0,0,0,176.53061224489798,176.53061224489795,1403418.367346939
jid_688626,376.0,159.0,30,265,3363553,3404301,3404567,JobState.COMPLETED,1.0,0,0,0,176.53061224489798,176.53061224489795,1403418.367346939
jid_688005,62756.0,43.0,2,260,3343554,3404313,3404574,JobState.COMPLETED,1.0,0,0,0,176.53061224489792,176.53061224489795,91795.91836734692
jid_689409,301.0,549.0,385,294,3389501,3404301,3404596,JobState.COMPLETED,1.0,0,0,0,176.53061224489792,176.53061224489795,19981499.999999996
jid_688626,376.0,159.0,30,301,3363553,3404301,3404603,JobState.COMPLETED,1.0,0,0,0,176.53061224489804,176.53061224489795,1594071.4285714293
jid_688626,376.0,159.0,30,303,3363553,3404301,3404605,JobState.COMPLETED,1.0,0,0,0,176.53061224489804,176.53061224489795,1604663.265306123
jid_688626,376.0,159.0,30,309,3363553,3404301,3404611,JobState.COMPLETED,1.0,0,0,0,176.53061224489804,176.53061224489795,1636438.7755102047
jid_688626,376.0,159.0,30,325,3363553,3404301,3404627,JobState.COMPLETED,1.0,0,0,0,176.53061224489804,176.53061224489795,1721173.469387756
jid_688626,376.0,159.0,30,325,3363553,3404301,3404627,JobState.COMPLETED,1.0,0,0,0,176.53061224489804,176.53061224489795,1721173.469387756
jid_688626,376.0,159.0,30,325,3363553,3404301,3404627,JobState.COMPLETED,1.0,0,0,0,176.53061224489804,176.53061224489795,1721173.469387756
jid_688626,376.0,159.0,30,327,3363553,3404301,3404629,JobState.COMPLETED,1.0,0,0,0,176.53061224489804,176.53061224489795,1731765.3061224497
jid_688626,376.0,159.0,30,330,3363553,3404301,3404632,JobState.COMPLETED,1.0,0,0,0,176.5306122448981,176.53061224489795,1747653.061224491
jid_688626,376.0,159.0,30,331,3363553,3404301,3404633,JobState.COMPLETED,1.0,0,0,0,176.5306122448981,176.53061224489795,1752948.979591838
jid_688154,62769.0,616.0,26,4,3348107,3404633,3404638,JobState.COMPLETED,1.0,0,0,0,176.53061224489795,176.53061224489795,18359.183673469386
jid_688626,376.0,159.0,30,338,3363553,3404301,3404640,JobState.COMPLETED,1.0,0,0,0,176.5306122448981,176.53061224489795,1790020.4081632667
jid_688626,376.0,159.0,30,340,3363553,3404301,3404642,JobState.COMPLETED,1.0,0,0,0,176.5306122448981,176.53061224489795,1800612.2448979607
jid_688212,62771.0,54.0,48,10,3348081,3404632,3404643,JobState.COMPLETED,0.5692958797251935,0,0,0,123.79133221124819,123.79133221124819,59419.839461399126
jid_688626,376.0,159.0,30,344,3363553,3404301,3404646,JobState.COMPLETED,1.0,0,0,0,176.5306122448981,176.53061224489795,1821795.9183673484
jid_688626,376.0,159.0,30,345,3363553,3404301,3404647,JobState.COMPLETED,1.0,0,0,0,176.5306122448981,176.53061224489795,1827091.8367346954
jid_688626,376.0,159.0,30,361,3363553,3404301,3404663,JobState.COMPLETED,1.0,0,0,0,176.53061224489812,176.53061224489795,1911826.5306122466
jid_688626,376.0,159.0,30,367,3363553,3404301,3404669,JobState.COMPLETED,1.0,0,0,0,176.53061224489812,176.53061224489795,1943602.0408163283
jid_688626,376.0,159.0,30,399,3363553,3404301,3404701,JobState.COMPLETED,1.0,0,0,0,176.53061224489812,176.53061224489795,2113071.4285714305
jid_688626,376.0,159.0,30,399,3363553,3404301,3404701,JobState.COMPLETED,1.0,0,0,0,176.53061224489812,176.53061224489795,2113071.4285714305
jid_688626,376.0,159.0,30,417,3363553,3404301,3404719,JobState.COMPLETED,1.0,0,0,0,176.53061224489815,176.53061224489795,2208397.9591836757
jid_688626,376.0,159.0,30,422,3363553,3404301,3404724,JobState.COMPLETED,1.0,0,0,0,176.53061224489815,176.53061224489795,2234877.551020411
jid_688626,376.0,159.0,30,432,3363553,3404301,3404734,JobState.COMPLETED,1.0,0,0,0,176.53061224489815,176.53061224489795,2287836.73469388
jid_688626,376.0,159.0,30,435,3363553,3404301,3404737,JobState.COMPLETED,1.0,0,0,0,176.53061224489815,176.53061224489795,2303724.489795921
jid_688626,376.0,159.0,30,440,3363553,3404301,3404742,JobState.COMPLETED,1.0,0,0,0,176.53061224489815,176.53061224489795,2330204.0816326556
jid_688626,376.0,159.0,30,452,3363553,3404301,3404754,JobState.COMPLETED,1.0,0,0,0,176.53061224489818,176.53061224489795,2393755.1020408194
jid_688626,376.0,159.0,30,463,3363553,3404301,3404765,JobState.COMPLETED,1.0,0,0,0,176.53061224489818,176.53061224489795,2452010.2040816355
jid_688626,376.0,159.0,30,476,3363553,3404301,3404778,JobState.COMPLETED,1.0,0,0,0,176.53061224489818,176.53061224489795,2520857.142857146
jid_688626,376.0,159.0,30,488,3363553,3404301,3404790,JobState.COMPLETED,1.0,0,0,0,176.53061224489818,176.53061224489795,2584408.1632653093
jid_688626,376.0,159.0,30,494,3363553,3404301,3404796,JobState.COMPLETED,1.0,0,0,0,176.53061224489818,176.53061224489795,2616183.673469391
jid_688626,376.0,159.0,30,495,3363553,3404301,3404797,JobState.COMPLETED,1.0,0,0,0,176.53061224489818,176.53061224489795,2621479.591836738
jid_688626,376.0,159.0,30,505,3363553,3404301,3404807,JobState.COMPLETED,1.0,0,0,0,176.53061224489818,176.53061224489795,2674438.7755102073
jid_688626,376.0,159.0,30,508,3363553,3404301,3404810,JobState.COMPLETED,1.0,0,0,0,176.53061224489818,176.53061224489795,2690326.5306122485
jid_688626,376.0,159.0,30,510,3363553,3404301,3404812,JobState.COMPLETED,1.0,0,0,0,176.53061224489815,176.53061224489795,2700918.367346942
jid_688626,376.0,159.0,30,530,3363553,3404301,3404832,JobState.COMPLETED,1.0,0,0,0,176.53061224489815,176.53061224489795,2806836.7346938807
jid_688626,376.0,159.0,30,545,3363553,3404301,3404847,JobState.COMPLETED,1.0,0,0,0,176.53061224489812,176.53061224489795,2886275.510204084
jid_688003,108.0,174.0,48,578,3343215,3404312,3404891,JobState.COMPLETED,1.0,0,0,0,176.53061224489775,176.53061224489795,4897665.306122444
jid_688626,376.0,159.0,30,631,3363553,3404301,3404933,JobState.COMPLETED,1.0,0,0,0,176.530612244898,176.53061224489795,3341724.4897959195
jid_688241,108.0,174.0,48,336,3350173,3404640,3404977,JobState.COMPLETED,1.0,0,0,0,176.53061224489784,176.53061224489795,2847085.714285712
jid_688626,376.0,159.0,30,688,3363553,3404301,3404990,JobState.COMPLETED,1.0,0,0,0,176.53061224489798,176.53061224489795,3643591.8367346944
jid_688626,376.0,159.0,30,690,3363553,3404301,3404992,JobState.COMPLETED,1.0,0,0,0,176.53061224489795,176.53061224489795,3654183.6734693875
jid_688626,376.0,159.0,30,701,3363553,3404301,3405003,JobState.COMPLETED,1.0,0,0,0,176.53061224489795,176.53061224489795,3712438.775510204
jid_688626,376.0,159.0,30,714,3363553,3404301,3405016,JobState.COMPLETED,1.0,0,0,0,176.53061224489795,176.53061224489795,3781285.7142857146
jid_688626,376.0,159.0,30,736,3363553,3404301,3405038,JobState.COMPLETED,1.0,0,0,0,176.53061224489792,176.53061224489795,3897795.918367346
jid_688626,376.0,159.0,30,737,3363553,3404301,3405039,JobState.COMPLETED,1.0,0,0,0,176.53061224489792,176.53061224489795,3903091.836734693
jid_688626,376.0,159.0,30,743,3363553,3404301,3405045,JobState.COMPLETED,1.0,0,0,0,176.53061224489792,176.53061224489795,3934867.346938775
jid_688626,376.0,159.0,30,749,3363553,3404301,3405051,JobState.COMPLETED,1.0,0,0,0,176.53061224489792,176.53061224489795,3966642.8571428563
jid_688626,376.0,159.0,30,787,3363553,3404301,3405089,JobState.COMPLETED,1.0,0,0,0,176.5306122448979,176.53061224489795,4167887.7551020393
jid_688626,376.0,159.0,30,797,3363553,3404301,3405099,JobState.COMPLETED,1.0,0,0,0,176.5306122448979,176.53061224489795,4220846.938775509
jid_688626,376.0,159.0,30,809,3363553,3404301,3405111,JobState.COMPLETED,1.0,0,0,0,176.5306122448979,176.53061224489795,4284397.9591836715
jid_688150,108.0,174.0,48,491,3347472,3404627,3405119,JobState.COMPLETED,1.0,0,0,0,176.5306122448978,176.53061224489795,4160473.4693877515
jid_688243,55988.0,533.0,10,850,3349799,3404301,3405152,JobState.COMPLETED,1.0,0,0,0,176.53061224489812,176.53061224489795,1500510.204081634
jid_688626,376.0,159.0,30,865,3363553,3404301,3405167,JobState.COMPLETED,1.0,0,0,0,176.53061224489787,176.53061224489795,4580969.3877551
jid_688626,376.0,159.0,30,867,3363553,3404301,3405169,JobState.COMPLETED,1.0,0,0,0,176.53061224489787,176.53061224489795,4591561.224489793
jid_688626,376.0,159.0,30,870,3363553,3404301,3405172,JobState.COMPLETED,1.0,0,0,0,176.53061224489787,176.53061224489795,4607448.979591834
jid_688047,103.0,468.0,2999,938,3343926,3404611,3405550,JobState.COMPLETED,1.0,0,0,0,176.5306122448982,176.53061224489795,496591557.14285785
jid_689827,61545.0,557.0,8,433,3406055,3406055,3406489,JobState.COMPLETED,1.0,0,0,0,176.53061224489807,176.53061224489795,611502.0408163269
jid_688212,62771.0,54.0,48,1898,3347789,3404629,3406528,JobState.COMPLETED,0.6643971287644553,0,0,0,135.43638311401494,135.43638311401494,12338796.247219218
jid_689808,61545.0,557.0,8,13,3406748,3406748,3406762,JobState.COMPLETED,1.0,0,0,0,176.53061224489795,176.53061224489795,18359.183673469386
jid_689841,61545.0,557.0,8,353,3406315,3406489,3406843,JobState.COMPLETED,1.0,0,0,0,176.530612244898,176.53061224489795,498522.44897959195
jid_689852,61545.0,557.0,8,484,3406316,3406528,3407013,JobState.COMPLETED,1.0,0,0,0,176.53061224489807,176.53061224489795,683526.5306122453
jid_689819,61545.0,557.0,8,13,3406963,3407013,3407027,JobState.COMPLETED,1.0,0,0,0,176.53061224489795,176.53061224489795,18359.183673469386
jid_689820,61545.0,557.0,8,13,3406963,3407027,3407041,JobState.COMPLETED,1.0,0,0,0,176.53061224489795,176.53061224489795,18359.183673469386
jid_689752,62626.0,445.0,1,2768,3404277,3404277,3407046,JobState.COMPLETED,1.0,0,0,0,176.53061224489704,176.53061224489795,488636.734693875
jid_689823,61545.0,557.0,8,11,3406964,3407041,3407053,JobState.COMPLETED,1.0,0,0,0,176.53061224489795,176.53061224489795,15534.69387755102
jid_689419,301.0,549.0,399,4419,3386772,3404301,3408721,JobState.COMPLETED,1.0,0,0,0,176.53061224489633,176.53061224489798,311255421.4285686
jid_689817,62565.0,557.0,8,10,3406964,3408721,3408732,JobState.COMPLETED,1.0,0,0,0,176.53061224489795,176.53061224489795,14122.448979591836
jid_689819,62565.0,557.0,8,11,3406965,3408721,3408733,JobState.COMPLETED,1.0,0,0,0,176.53061224489795,176.53061224489795,15534.69387755102
jid_689810,62565.0,557.0,15,2491,3406055,3406528,3409020,JobState.COMPLETED,1.0,0,0,0,176.53061224489878,176.53061224489795,6596066.326530643
jid_689867,62838.0,247.0,60,571,3407229,3408721,3409293,JobState.COMPLETED,1.0,0,0,0,176.5306122448981,176.53061224489795,6047938.775510209
jid_689836,62501.0,557.0,15,2874,3406056,3406528,3409403,JobState.COMPLETED,1.0,0,0,0,176.53061224489883,176.53061224489795,7610234.693877589
jid_689890,62848.0,247.0,60,686,3407230,3408721,3409408,JobState.COMPLETED,1.0,0,0,0,176.53061224489798,176.53061224489795,7266000.000000001
jid_689827,62501.0,557.0,15,2918,3406057,3406843,3409762,JobState.COMPLETED,1.0,0,0,0,176.53061224489883,176.53061224489795,7726744.897959222
jid_689771,376.0,159.0,30,6386,3403595,3404301,3410688,JobState.COMPLETED,1.0,0,0,0,176.5306122448962,176.53061224489795,33819734.69387721
jid_689826,62501.0,557.0,15,2567,3406514,3408721,3411289,JobState.COMPLETED,1.0,0,0,0,176.53061224489878,176.53061224489795,6797311.224489828
jid_689771,376.0,159.0,30,7578,3403595,3404301,3411880,JobState.COMPLETED,1.0,0,0,0,176.53061224489548,176.53061224489795,40132469.38775454
jid_689771,376.0,159.0,30,7761,3403595,3404301,3412063,JobState.COMPLETED,1.0,0,0,0,176.5306122448954,176.53061224489795,41101622.448979
jid_689771,376.0,159.0,30,7837,3403595,3404301,3412139,JobState.COMPLETED,1.0,0,0,0,176.53061224489537,176.53061224489795,41504112.24489735
jid_689771,376.0,159.0,30,7851,3403595,3404301,3412153,JobState.COMPLETED,1.0,0,0,0,176.5306122448953,176.53061224489795,41578255.10204019
jid_689812,62837.0,200.0,1,1373,3410787,3410787,3412161,JobState.COMPLETED,1.0,0,0,0,176.5306122448976,176.53061224489795,242376.53061224442
jid_689771,376.0,159.0,30,7911,3403595,3404301,3412213,JobState.COMPLETED,1.0,0,0,0,176.5306122448953,176.53061224489795,41896010.204081
jid_689839,62501.0,557.0,8,3492,3406192,3408721,3412214,JobState.COMPLETED,1.0,0,0,0,176.53061224489693,176.53061224489795,4931559.1836734405
jid_689815,62565.0,557.0,8,3657,3406191,3408721,3412379,JobState.COMPLETED,1.0,0,0,0,176.5306122448969,176.53061224489795,5164579.591836704
jid_689850,62565.0,557.0,8,3756,3406191,3408721,3412478,JobState.COMPLETED,1.0,0,0,0,176.5306122448969,176.53061224489795,5304391.836734662
jid_689848,62565.0,557.0,8,3761,3406191,3408721,3412483,JobState.COMPLETED,1.0,0,0,0,176.5306122448969,176.53061224489795,5311453.061224458
jid_689857,62501.0,557.0,8,3798,3406316,3408721,3412520,JobState.COMPLETED,1.0,0,0,0,176.5306122448969,176.53061224489795,5363706.122448947
jid_689771,376.0,159.0,30,8318,3403595,3404301,3412620,JobState.COMPLETED,1.0,0,0,0,176.53061224489514,176.53061224489795,44051448.97959113
jid_689771,376.0,159.0,30,8406,3403595,3404301,3412708,JobState.COMPLETED,1.0,0,0,0,176.53061224489508,176.53061224489795,44517489.795917645
jid_689771,376.0,159.0,30,8587,3403595,3404301,3412889,JobState.COMPLETED,1.0,0,0,0,176.53061224489502,176.53061224489795,45476051.02040741
jid_689771,376.0,159.0,30,8601,3403595,3404301,3412903,JobState.COMPLETED,1.0,0,0,0,176.53061224489502,176.53061224489795,45550193.87755027
jid_685355,62880.0,140.0,128,8009,3404712,3405038,3413048,JobState.COMPLETED,1.0,0,0,0,176.53061224489772,176.53061224489795,180970710.2040814
jid_689771,376.0,159.0,30,8813,3403595,3404301,3413115,JobState.COMPLETED,1.0,0,0,0,176.53061224489494,176.53061224489795,46672928.57142778
jid_685355,62903.0,140.0,128,8067,3404713,3405089,3413157,JobState.COMPLETED,1.0,0,0,0,176.53061224489784,176.53061224489795,182281273.46938762
jid_689830,62751.0,173.0,4,0,3411707,3413157,3413158,JobState.COMPLETED,1.0,0,0,0,176.53061224489795,176.53061224489795,0.0
jid_689771,376.0,159.0,30,8868,3403595,3404301,3413170,JobState.COMPLETED,1.0,0,0,0,176.53061224489494,176.53061224489795,46964204.08163185
jid_689771,376.0,159.0,30,8896,3403595,3404301,3413198,JobState.COMPLETED,1.0,0,0,0,176.5306122448949,176.53061224489795,47112489.795917556
jid_685355,62977.0,140.0,128,8081,3404713,3405167,3413249,JobState.COMPLETED,1.0,0,0,0,176.53061224489787,176.53061224489795,182597616.32653052
jid_689769,1459.0000000000073,178.0,1024,104,3409486,3413157,3413262,JobState.COMPLETED,0.5328468448735268,0,0,0,119.32818508655433,119.32818508655431,12707974.39897769
jid_685355,62861.0,140.0,128,8345,3404712,3404990,3413336,JobState.COMPLETED,1.0,0,0,0,176.53061224489826,176.53061224489795,188562938.77551052
jid_691224,55763.0,140.0,128,8560,3404660,3404778,3413339,JobState.COMPLETED,1.0,0,0,0,176.5306122448986,176.53061224489795,193421061.2244905
jid_689771,376.0,159.0,30,9084,3403595,3404301,3413386,JobState.COMPLETED,1.0,0,0,0,176.53061224489483,176.53061224489795,48108122.44897874
jid_689771,376.0,159.0,30,9177,3403595,3404301,3413479,JobState.COMPLETED,1.0,0,0,0,176.5306122448948,176.53061224489795,48600642.85714199
jid_691224,43133.0,140.0,128,8780,3404659,3404701,3413482,JobState.COMPLETED,1.0,0,0,0,176.53061224489892,176.53061224489795,198392163.2653072
jid_685348,62641.0,140.0,128,7952,3404847,3405550,3413503,JobState.COMPLETED,1.0,0,0,0,176.53061224489764,176.53061224489795,179682742.85714254
jid_691224,43192.0,140.0,128,8772,3404659,3404737,3413510,JobState.COMPLETED,1.0,0,0,0,176.5306122448989,176.53061224489795,198211395.9183684
jid_691224,43039.0,140.0,128,8859,3404658,3404658,3413518,JobState.COMPLETED,1.0,0,0,0,176.530612244899,176.53061224489795,200177240.81632772
jid_685362,62964.0,140.0,128,7978,3404904,3405550,3413529,JobState.COMPLETED,1.0,0,0,0,176.53061224489767,176.53061224489795,180270236.7346936
jid_685376,60302.0,140.0,128,7980,3404789,3405550,3413531,JobState.COMPLETED,1.0,0,0,0,176.5306122448977,176.53061224489795,180315428.5714283
jid_685376,62683.0,140.0,128,7993,3404791,3405550,3413544,JobState.COMPLETED,1.0,0,0,0,176.53061224489772,176.53061224489795,180609175.51020384
jid_689771,376.0,159.0,30,9248,3403595,3404301,3413550,JobState.COMPLETED,1.0,0,0,0,176.53061224489477,176.53061224489795,48976653.061223604
jid_685355,62956.0,140.0,128,8002,3404713,3405550,3413553,JobState.COMPLETED,1.0,0,0,0,176.53061224489772,176.53061224489795,180812538.77550995
jid_685355,63101.0,140.0,128,8002,3404714,3405550,3413553,JobState.COMPLETED,1.0,0,0,0,176.53061224489772,176.53061224489795,180812538.77550995
jid_685355,63192.0,140.0,128,8005,3404714,3405550,3413556,JobState.COMPLETED,1.0,0,0,0,176.53061224489772,176.53061224489795,180880326.530612
jid_685355,62966.0,140.0,128,8016,3404713,3405550,3413567,JobState.COMPLETED,1.0,0,0,0,176.53061224489775,176.53061224489795,181128881.63265285
jid_689771,376.0,159.0,30,9268,3403595,3404301,3413570,JobState.COMPLETED,1.0,0,0,0,176.53061224489477,176.53061224489795,49082571.42857054
jid_685348,60463.0,140.0,128,8037,3404845,3405550,3413588,JobState.COMPLETED,1.0,0,0,0,176.53061224489778,176.53061224489795,181603395.91836718
jid_689771,376.0,159.0,30,9314,3403595,3404301,3413616,JobState.COMPLETED,1.0,0,0,0,176.53061224489474,176.53061224489795,49326183.673468485
jid_691224,55758.0,140.0,128,8868,3404660,3404810,3413679,JobState.COMPLETED,1.0,0,0,0,176.530612244899,176.53061224489795,200380604.08163384
jid_691224,55759.0,140.0,128,8812,3404660,3404891,3413704,JobState.COMPLETED,1.0,0,0,0,176.53061224489895,176.53061224489795,199115232.65306234
jid_689771,376.0,159.0,30,9503,3403595,3404301,3413805,JobState.COMPLETED,1.0,0,0,0,176.53061224489468,176.53061224489795,50327112.24489702
jid_689771,376.0,159.0,30,9576,3403595,3404301,3413878,JobState.COMPLETED,1.0,0,0,0,176.53061224489466,176.53061224489795,50713714.28571334
jid_689771,376.0,159.0,30,9639,3403595,3404301,3413941,JobState.COMPLETED,1.0,0,0,0,176.53061224489466,176.53061224489795,51047357.14285619
jid_689771,376.0,159.0,30,9691,3403595,3404301,3413993,JobState.COMPLETED,1.0,0,0,0,176.53061224489463,176.53061224489795,51322744.89795822
jid_689771,376.0,159.0,30,9699,3403595,3404301,3414001,JobState.COMPLETED,1.0,0,0,0,176.53061224489463,176.53061224489795,51365112.244896986
jid_681665,62797.0,140.0,128,8474,3404990,3405550,3414025,JobState.COMPLETED,1.0,0,0,0,176.53061224489846,176.53061224489795,191477812.2448985
jid_689771,376.0,159.0,30,9841,3403595,3404301,3414143,JobState.COMPLETED,1.0,0,0,0,176.5306122448946,176.53061224489795,52117132.65306023
jid_681665,62820.0,140.0,128,8599,3404990,3405550,3414150,JobState.COMPLETED,1.0,0,0,0,176.53061224489863,176.53061224489795,194302302.04081708
jid_681665,62819.0,140.0,128,8607,3404990,3405550,3414158,JobState.COMPLETED,1.0,0,0,0,176.53061224489866,176.53061224489795,194483069.38775587
jid_689771,376.0,159.0,30,9859,3403595,3404301,3414161,JobState.COMPLETED,1.0,0,0,0,176.5306122448946,176.53061224489795,52212459.18367248
jid_681665,62816.0,140.0,128,8613,3404990,3405550,3414164,JobState.COMPLETED,1.0,0,0,0,176.53061224489866,176.53061224489795,194618644.89795995
jid_689771,376.0,159.0,30,9882,3403595,3404301,3414184,JobState.COMPLETED,1.0,0,0,0,176.53061224489457,176.53061224489795,52334265.306121446
jid_685348,60309.0,140.0,128,8655,3404845,3405550,3414206,JobState.COMPLETED,1.0,0,0,0,176.53061224489872,176.53061224489795,195567673.4693886
jid_685348,60313.0,140.0,128,8675,3404845,3405550,3414226,JobState.COMPLETED,1.0,0,0,0,176.53061224489875,176.53061224489795,196019591.83673558
jid_685362,62820.0,140.0,128,8709,3404903,3405550,3414260,JobState.COMPLETED,1.0,0,0,0,176.5306122448988,176.53061224489795,196787853.06122544
jid_689771,376.0,159.0,30,9962,3403595,3404301,3414264,JobState.COMPLETED,1.0,0,0,0,176.53061224489457,176.53061224489795,52757938.775509186
jid_689771,376.0,159.0,30,10033,3403595,3404301,3414335,JobState.COMPLETED,1.0,0,0,0,176.53061224489454,176.53061224489795,53133948.9795908
jid_689771,376.0,159.0,30,10122,3403595,3404301,3414424,JobState.COMPLETED,1.0,0,0,0,176.5306122448945,176.53061224489795,53605285.71428467
jid_689771,376.0,159.0,30,10185,3403595,3404301,3414487,JobState.COMPLETED,1.0,0,0,0,176.53061224489448,176.53061224489795,53938928.57142751
jid_689771,376.0,159.0,30,10209,3403595,3404301,3414511,JobState.COMPLETED,1.0,0,0,0,176.53061224489448,176.53061224489795,54066030.61224383
jid_685355,63286.0,140.0,128,9072,3404715,3405550,3414623,JobState.COMPLETED,1.0,0,0,0,176.5306122448993,176.53061224489795,204990171.42857298
jid_685348,62759.0,140.0,128,9076,3404847,3405550,3414627,JobState.COMPLETED,1.0,0,0,0,176.5306122448993,176.53061224489795,205080555.10204235
jid_689771,376.0,159.0,30,10376,3403595,3404301,3414678,JobState.COMPLETED,1.0,0,0,0,176.53061224489446,176.53061224489795,54950448.97959075
jid_689771,376.0,159.0,30,10520,3403595,3404301,3414822,JobState.COMPLETED,1.0,0,0,0,176.53061224489437,176.53061224489795,55713061.22448866
jid_689771,376.0,159.0,30,10613,3403595,3404301,3414915,JobState.COMPLETED,1.0,0,0,0,176.53061224489437,176.53061224489795,56205581.632651925
jid_689771,376.0,159.0,30,10664,3403595,3404301,3414966,JobState.COMPLETED,1.0,0,0,0,176.53061224489434,176.53061224489795,56475673.4693866
jid_689771,376.0,159.0,30,10736,3403595,3404301,3415038,JobState.COMPLETED,1.0,0,0,0,176.53061224489434,176.53061224489795,56856979.59183557
jid_689771,376.0,159.0,30,10777,3403595,3404301,3415079,JobState.COMPLETED,1.0,0,0,0,176.53061224489431,176.53061224489795,57074112.24489678
jid_689912,59082.0,559.0,128,88,3414997,3414997,3415086,JobState.COMPLETED,1.0,0,0,0,176.53061224489795,176.53061224489795,1988440.8163265307
jid_689771,376.0,159.0,30,10827,3403595,3404301,3415129,JobState.COMPLETED,1.0,0,0,0,176.53061224489431,176.53061224489795,57338908.16326412
jid_689919,55929.0,136.0,2,21,3415174,3415174,3415196,JobState.COMPLETED,1.0,0,0,0,176.53061224489795,176.53061224489795,7414.285714285714
jid_681665,61752.0,140.0,128,9695,3404988,3405550,3415246,JobState.COMPLETED,1.0,0,0,0,176.53061224490006,176.53061224489795,219067428.57143116
jid_689771,376.0,159.0,30,10988,3403595,3404301,3415290,JobState.COMPLETED,1.0,0,0,0,176.5306122448943,176.53061224489795,58191551.020406954
jid_689771,376.0,159.0,30,10990,3403595,3404301,3415292,JobState.COMPLETED,1.0,0,0,0,176.5306122448943,176.53061224489795,58202142.857141644
jid_689921,55929.0,136.0,2,21,3415296,3415296,3415318,JobState.COMPLETED,1.0,0,0,0,176.53061224489795,176.53061224489795,7414.285714285714
jid_689771,376.0,159.0,30,11104,3403595,3404301,3415406,JobState.COMPLETED,1.0,0,0,0,176.53061224489426,176.53061224489795,58805877.55101918
jid_689933,55929.0,136.0,2,21,3415420,3415420,3415442,JobState.COMPLETED,1.0,0,0,0,176.53061224489795,176.53061224489795,7414.285714285714
jid_689931,55929.0,136.0,2,21,3415421,3415421,3415443,JobState.COMPLETED,1.0,0,0,0,176.53061224489795,176.53061224489795,7414.285714285714
jid_689459,62771.0,54.0,48,1919,3400260,3413588,3415508,JobState.COMPLETED,0.6624891320178592,0,0,0,135.20275085932946,135.20275085932968,12453795.787154555
jid_689771,376.0,159.0,30,11214,3403595,3404301,3415516,JobState.COMPLETED,1.0,0,0,0,176.53061224489423,176.53061224489795,59388428.571427315
jid_689771,376.0,159.0,30,11229,3403595,3404301,3415531,JobState.COMPLETED,1.0,0,0,0,176.53061224489423,176.53061224489795,59467867.34693752
jid_689949,55929.0,136.0,2,12026,3403518,3403518,3415545,JobState.COMPLETED,1.0,0,0,0,176.53061224490216,176.53061224489795,4245914.285714387
jid_689771,376.0,159.0,30,11248,3403595,3404301,3415550,JobState.COMPLETED,1.0,0,0,0,176.53061224489423,176.53061224489795,59568489.79591711
jid_689771,376.0,159.0,30,11253,3403595,3404301,3415555,JobState.COMPLETED,1.0,0,0,0,176.5306122448942,176.53061224489795,59594969.38775384
jid_689771,376.0,159.0,30,11318,3403595,3404301,3415620,JobState.COMPLETED,1.0,0,0,0,176.5306122448942,176.53061224489795,59939204.08163138
jid_685348,62615.0,140.0,128,10153,3404847,3405550,3415704,JobState.COMPLETED,1.0,0,0,0,176.53061224490054,176.53061224489795,229416359.1836768
jid_689771,376.0,159.0,30,11419,3403595,3404301,3415721,JobState.COMPLETED,1.0,0,0,0,176.53061224489417,176.53061224489795,60474091.8367334
jid_689962,55929.0,136.0,2,23,3415697,3415697,3415721,JobState.COMPLETED,1.0,0,0,0,176.53061224489795,176.53061224489795,8120.408163265306
jid_689964,55929.0,136.0,2,20,3415702,3415702,3415723,JobState.COMPLETED,1.0,0,0,0,176.53061224489795,176.53061224489795,7061.224489795918
jid_689771,376.0,159.0,30,11437,3403595,3404301,3415739,JobState.COMPLETED,1.0,0,0,0,176.53061224489417,176.53061224489795,60569418.36734564
jid_681665,62641.0,140.0,128,10294,3404989,3405550,3415845,JobState.COMPLETED,1.0,0,0,0,176.53061224490068,176.53061224489795,232602383.67347297
jid_691343,55929.0,136.0,2,11684,3404060,3404199,3415884,JobState.COMPLETED,1.0,0,0,0,176.5306122449019,176.53061224489795,4125167.3469388676
jid_689985,55929.0,136.0,2,12529,3403366,3403366,3415896,JobState.COMPLETED,1.0,0,0,0,176.53061224490253,176.53061224489795,4423504.081632768
jid_691396,797.9999999999927,206.00000000000003,250,11633,3404086,3404301,3415935,JobState.COMPLETED,1.0,0,0,0,176.53061224490173,176.53061224489795,513395153.0612354
jid_689991,55929.0,136.0,2,18,3415958,3415958,3415977,JobState.COMPLETED,1.0,0,0,0,176.53061224489795,176.53061224489795,6355.102040816326
jid_689990,55929.0,136.0,2,17,3415962,3415962,3415980,JobState.COMPLETED,1.0,0,0,0,176.53061224489795,176.53061224489795,6002.04081632653
jid_691376,55929.0,136.0,2,12286,3403708,3403708,3415995,JobState.COMPLETED,1.0,0,0,0,176.53061224490236,176.53061224489795,4337710.204081741
jid_689771,376.0,159.0,30,11773,3403595,3404301,3416075,JobState.COMPLETED,1.0,0,0,0,176.53061224489412,176.53061224489795,62348846.93877415
jid_691346,55929.0,136.0,2,11884,3403895,3404199,3416084,JobState.COMPLETED,1.0,0,0,0,176.53061224490207,176.53061224489795,4195779.591836832
jid_691353,55929.0,136.0,2,11895,3403903,3404199,3416095,JobState.COMPLETED,1.0,0,0,0,176.53061224490207,176.53061224489795,4199663.26530622
jid_689999,55929.0,136.0,2,21,3416085,3416085,3416107,JobState.COMPLETED,1.0,0,0,0,176.53061224489795,176.53061224489795,7414.285714285714
jid_691347,55929.0,136.0,2,11978,3403853,3404199,3416178,JobState.COMPLETED,1.0,0,0,0,176.53061224490213,176.53061224489795,4228967.3469388755
jid_690001,62796.0,445.0,72,36,3416164,3416164,3416201,JobState.COMPLETED,1.0,0,0,0,176.53061224489795,176.53061224489795,457567.34693877544
jid_689113,62809.0,26.0,399,2613,3372018,3413588,3416202,JobState.COMPLETED,1.0,0,0,0,176.53061224489798,176.53061224489798,184048521.42857143
jid_689994,55929.0,136.0,2,12542,3403519,3403687,3416230,JobState.COMPLETED,1.0,0,0,0,176.53061224490253,176.53061224489795,4428093.877551135
jid_689771,376.0,159.0,30,11928,3403595,3404301,3416230,JobState.COMPLETED,1.0,0,0,0,176.5306122448941,176.53061224489795,63169714.2857129
jid_690004,55929.0,136.0,2,21,3416211,3416211,3416233,JobState.COMPLETED,1.0,0,0,0,176.53061224489795,176.53061224489795,7414.285714285714
jid_690007,60496.0,586.0,12,3,3416259,3416259,3416263,JobState.COMPLETED,1.0,0,0,0,176.53061224489795,176.53061224489795,6355.102040816326
jid_690008,55929.0,136.0,2,12072,3404076,3404199,3416272,JobState.COMPLETED,1.0,0,0,0,176.53061224490222,176.53061224489795,4262155.1020409195
jid_691311,55929.0,136.0,2,12575,3403707,3403707,3416283,JobState.COMPLETED,1.0,0,0,0,176.53061224490256,176.53061224489795,4439744.897959299
jid_691293,55929.0,136.0,2,12610,3403682,3403687,3416298,JobState.COMPLETED,1.0,0,0,0,176.53061224490258,176.53061224489795,4452102.040816443
jid_690012,55929.0,136.0,2,21,3416336,3416336,3416358,JobState.COMPLETED,1.0,0,0,0,176.53061224489795,176.53061224489795,7414.285714285714
jid_690013,55929.0,136.0,2,21,3416337,3416337,3416359,JobState.COMPLETED,1.0,0,0,0,176.53061224489795,176.53061224489795,7414.285714285714
jid_691371,55929.0,136.0,2,12168,3403867,3404199,3416368,JobState.COMPLETED,1.0,0,0,0,176.53061224490227,176.53061224489795,4296048.979591941
jid_686740,55929.0,136.0,2,12173,3403904,3404199,3416373,JobState.COMPLETED,1.0,0,0,0,176.53061224490227,176.53061224489795,4297814.285714391
jid_689771,376.0,159.0,30,12079,3403595,3404301,3416381,JobState.COMPLETED,1.0,0,0,0,176.53061224489406,176.53061224489795,63969397.959182255
jid_689771,376.0,159.0,30,12094,3403595,3404301,3416396,JobState.COMPLETED,1.0,0,0,0,176.53061224489406,176.53061224489795,64048836.73469247
jid_689771,376.0,159.0,30,12132,3403595,3404301,3416434,JobState.COMPLETED,1.0,0,0,0,176.53061224489403,176.53061224489795,64250081.632651635
jid_689771,376.0,159.0,30,12142,3403595,3404301,3416444,JobState.COMPLETED,1.0,0,0,0,176.53061224489403,176.53061224489795,64303040.8163251
jid_691313,55929.0,136.0,2,12757,3403685,3403687,3416445,JobState.COMPLETED,1.0,0,0,0,176.53061224490267,176.53061224489795,4504002.040816447
jid_690026,55929.0,136.0,2,13096,3403354,3403354,3416451,JobState.COMPLETED,1.0,0,0,0,176.5306122449029,176.53061224489795,4623689.795918496
jid_689133,55929.0,136.0,2,12274,3403891,3404199,3416474,JobState.COMPLETED,1.0,0,0,0,176.53061224490236,176.53061224489795,4333473.469387863
jid_690039,55929.0,136.0,2,31,3416464,3416464,3416496,JobState.COMPLETED,1.0,0,0,0,176.53061224489795,176.53061224489795,10944.897959183672
jid_690032,55929.0,136.0,2,36,3416461,3416461,3416498,JobState.COMPLETED,1.0,0,0,0,176.53061224489795,176.53061224489795,12710.204081632652
jid_690043,55929.0,136.0,2,35,3416469,3416469,3416505,JobState.COMPLETED,1.0,0,0,0,176.53061224489795,176.53061224489795,12357.142857142857
jid_690015,55929.0,136.0,2,12831,3403540,3403687,3416519,JobState.COMPLETED,1.0,0,0,0,176.53061224490273,176.53061224489795,4530128.571428694
jid_690055,55929.0,136.0,2,35,3416483,3416483,3416519,JobState.COMPLETED,1.0,0,0,0,176.53061224489795,176.53061224489795,12357.142857142857
jid_690056,55929.0,136.0,2,32,3416489,3416489,3416522,JobState.COMPLETED,1.0,0,0,0,176.53061224489795,176.53061224489795,11297.959183673469
jid_690063,55929.0,136.0,2,30,3416497,3416497,3416528,JobState.COMPLETED,1.0,0,0,0,176.53061224489795,176.53061224489795,10591.836734693878
jid_690132,55929.0,136.0,2,30,3416503,3416503,3416534,JobState.COMPLETED,1.0,0,0,0,176.53061224489795,176.53061224489795,10591.836734693878
jid_690069,55929.0,136.0,2,33,3416504,3416504,3416538,JobState.COMPLETED,1.0,0,0,0,176.53061224489795,176.53061224489795,11651.020408163266
jid_690066,55929.0,136.0,2,30,3416507,3416507,3416538,JobState.COMPLETED,1.0,0,0,0,176.53061224489795,176.53061224489795,10591.836734693878
jid_687293,55929.0,136.0,2,12340,3403858,3404199,3416540,JobState.COMPLETED,1.0,0,0,0,176.53061224490241,176.53061224489795,4356775.510204191
jid_690083,55929.0,136.0,2,31,3416517,3416517,3416549,JobState.COMPLETED,1.0,0,0,0,176.53061224489795,176.53061224489795,10944.897959183672
jid_690084,55929.0,136.0,2,31,3416521,3416521,3416553,JobState.COMPLETED,1.0,0,0,0,176.53061224489795,176.53061224489795,10944.897959183672
jid_690085,55929.0,136.0,2,37,3416519,3416519,3416557,JobState.COMPLETED,1.0,0,0,0,176.53061224489795,176.53061224489795,13063.265306122448
jid_689134,55929.0,136.0,2,12362,3403878,3404199,3416562,JobState.COMPLETED,1.0,0,0,0,176.53061224490241,176.53061224489795,4364542.857142967
jid_690100,55929.0,136.0,2,34,3416538,3416538,3416573,JobState.COMPLETED,1.0,0,0,0,176.53061224489795,176.53061224489795,12004.08163265306
jid_690110,55929.0,136.0,2,31,3416548,3416548,3416580,JobState.COMPLETED,1.0,0,0,0,176.53061224489795,176.53061224489795,10944.897959183672
jid_690113,55929.0,136.0,2,31,3416556,3416556,3416588,JobState.COMPLETED,1.0,0,0,0,176.53061224489795,176.53061224489795,10944.897959183672
jid_690118,55929.0,136.0,2,35,3416554,3416554,3416590,JobState.COMPLETED,1.0,0,0,0,176.53061224489795,176.53061224489795,12357.142857142857
jid_690120,55929.0,136.0,2,32,3416557,3416557,3416590,JobState.COMPLETED,1.0,0,0,0,176.53061224489795,176.53061224489795,11297.959183673469
jid_690123,55929.0,136.0,2,31,3416566,3416566,3416598,JobState.COMPLETED,1.0,0,0,0,176.53061224489795,176.53061224489795,10944.897959183672
jid_690134,55929.0,136.0,2,31,3416573,3416573,3416605,JobState.COMPLETED,1.0,0,0,0,176.53061224489795,176.53061224489795,10944.897959183672
jid_690135,55929.0,136.0,2,30,3416574,3416574,3416605,JobState.COMPLETED,1.0,0,0,0,176.53061224489795,176.53061224489795,10591.836734693878
jid_690142,55929.0,136.0,2,32,3416579,3416579,3416612,JobState.COMPLETED,1.0,0,0,0,176.53061224489795,176.53061224489795,11297.959183673469
jid_690136,55929.0,136.0,2,35,3416577,3416577,3416613,JobState.COMPLETED,1.0,0,0,0,176.53061224489795,176.53061224489795,12357.142857142857
jid_690143,55929.0,136.0,2,32,3416580,3416580,3416613,JobState.COMPLETED,1.0,0,0,0,176.53061224489795,176.53061224489795,11297.959183673469
jid_690138,55929.0,136.0,2,33,3416581,3416581,3416615,JobState.COMPLETED,1.0,0,0,0,176.53061224489795,176.53061224489795,11651.020408163266
jid_690147,55929.0,136.0,2,33,3416588,3416588,3416622,JobState.COMPLETED,1.0,0,0,0,176.53061224489795,176.53061224489795,11651.020408163266
jid_690145,55929.0,136.0,2,31,3416591,3416591,3416623,JobState.COMPLETED,1.0,0,0,0,176.53061224489795,176.53061224489795,10944.897959183672
jid_690148,55929.0,136.0,2,34,3416589,3416589,3416624,JobState.COMPLETED,1.0,0,0,0,176.53061224489795,176.53061224489795,12004.08163265306
jid_690150,55929.0,136.0,2,22,3416605,3416605,3416628,JobState.COMPLETED,1.0,0,0,0,176.53061224489795,176.53061224489795,7767.34693877551
jid_690156,55929.0,136.0,2,35,3416593,3416593,3416629,JobState.COMPLETED,1.0,0,0,0,176.53061224489795,176.53061224489795,12357.142857142857
jid_690157,55929.0,136.0,2,35,3416595,3416595,3416631,JobState.COMPLETED,1.0,0,0,0,176.53061224489795,176.53061224489795,12357.142857142857
jid_690159,55929.0,136.0,2,32,3416598,3416598,3416631,JobState.COMPLETED,1.0,0,0,0,176.53061224489795,176.53061224489795,11297.959183673469
jid_690158,55929.0,136.0,2,22,3416609,3416609,3416632,JobState.COMPLETED,1.0,0,0,0,176.53061224489795,176.53061224489795,7767.34693877551
jid_691462,55929.0,136.0,2,12941,3403699,3403699,3416641,JobState.COMPLETED,1.0,0,0,0,176.5306122449028,176.53061224489795,4568965.306122575
jid_690166,55929.0,136.0,2,13281,3403362,3403362,3416644,JobState.COMPLETED,1.0,0,0,0,176.530612244903,176.53061224489795,4689006.122449114
jid_690165,55929.0,136.0,2,13292,3403352,3403352,3416645,JobState.COMPLETED,1.0,0,0,0,176.530612244903,176.53061224489795,4692889.795918502
jid_690179,55929.0,136.0,2,13344,3403349,3403349,3416694,JobState.COMPLETED,1.0,0,0,0,176.53061224490304,176.53061224489795,4711248.979591972
jid_685376,62788.0,140.0,128,11163,3404792,3405550,3416714,JobState.COMPLETED,1.0,0,0,0,176.53061224490148,176.53061224489795,252238236.7346989
jid_690183,55929.0,136.0,2,13381,3403333,3403333,3416715,JobState.COMPLETED,1.0,0,0,0,176.53061224490307,176.53061224489795,4724312.244898096
jid_690186,55929.0,136.0,2,13363,3403369,3403369,3416733,JobState.COMPLETED,1.0,0,0,0,176.53061224490307,176.53061224489795,4717957.14285728
jid_691323,55929.0,136.0,2,13056,3403683,3403687,3416744,JobState.COMPLETED,1.0,0,0,0,176.53061224490287,176.53061224489795,4609567.346938903
jid_690187,55929.0,136.0,2,13403,3403341,3403341,3416745,JobState.COMPLETED,1.0,0,0,0,176.5306122449031,176.53061224489795,4732079.5918368725
jid_689771,376.0,159.0,30,12444,3403595,3404301,3416746,JobState.COMPLETED,1.0,0,0,0,176.53061224489394,176.53061224489795,65902408.163263805
jid_691399,55929.0,136.0,2,12549,3403727,3404199,3416749,JobState.COMPLETED,1.0,0,0,0,176.53061224490253,176.53061224489795,4430565.306122564
jid_690203,55929.0,136.0,2,18,3416744,3416744,3416763,JobState.COMPLETED,1.0,0,0,0,176.53061224489795,176.53061224489795,6355.102040816326
jid_690208,55929.0,136.0,2,18,3416750,3416750,3416769,JobState.COMPLETED,1.0,0,0,0,176.53061224489795,176.53061224489795,6355.102040816326
jid_690214,55929.0,136.0,2,13435,3403348,3403348,3416784,JobState.COMPLETED,1.0,0,0,0,176.5306122449031,176.53061224489795,4743377.551020546
jid_690284,55929.0,136.0,2,31,3416758,3416758,3416790,JobState.COMPLETED,1.0,0,0,0,176.53061224489795,176.53061224489795,10944.897959183672
jid_690221,55929.0,136.0,2,30,3416761,3416761,3416792,JobState.COMPLETED,1.0,0,0,0,176.53061224489795,176.53061224489795,10591.836734693878
jid_690229,55929.0,136.0,2,28,3416774,3416774,3416803,JobState.COMPLETED,1.0,0,0,0,176.53061224489795,176.53061224489795,9885.714285714286
jid_690240,55929.0,136.0,2,32,3416781,3416781,3416814,JobState.COMPLETED,1.0,0,0,0,176.53061224489795,176.53061224489795,11297.959183673469
jid_690242,55929.0,136.0,2,30,3416786,3416786,3416817,JobState.COMPLETED,1.0,0,0,0,176.53061224489795,176.53061224489795,10591.836734693878
jid_690245,55929.0,136.0,2,30,3416789,3416789,3416820,JobState.COMPLETED,1.0,0,0,0,176.53061224489795,176.53061224489795,10591.836734693878
jid_690249,55929.0,136.0,2,33,3416788,3416788,3416822,JobState.COMPLETED,1.0,0,0,0,176.53061224489795,176.53061224489795,11651.020408163266
jid_690248,55929.0,136.0,2,30,3416791,3416791,3416822,JobState.COMPLETED,1.0,0,0,0,176.53061224489795,176.53061224489795,10591.836734693878
jid_690250,55929.0,136.0,2,28,3416799,3416799,3416828,JobState.COMPLETED,1.0,0,0,0,176.53061224489795,176.53061224489795,9885.714285714286
jid_690252,55929.0,136.0,2,30,3416800,3416800,3416831,JobState.COMPLETED,1.0,0,0,0,176.53061224489795,176.53061224489795,10591.836734693878
jid_690273,55929.0,136.0,2,29,3416821,3416821,3416851,JobState.COMPLETED,1.0,0,0,0,176.53061224489795,176.53061224489795,10238.775510204081
jid_690277,55929.0,136.0,2,30,3416827,3416827,3416858,JobState.COMPLETED,1.0,0,0,0,176.53061224489795,176.53061224489795,10591.836734693878
jid_690282,55929.0,136.0,2,31,3416832,3416832,3416864,JobState.COMPLETED,1.0,0,0,0,176.53061224489795,176.53061224489795,10944.897959183672
jid_690289,55929.0,136.0,2,29,3416836,3416836,3416866,JobState.COMPLETED,1.0,0,0,0,176.53061224489795,176.53061224489795,10238.775510204081
jid_690287,55929.0,136.0,2,31,3416837,3416837,3416869,JobState.COMPLETED,1.0,0,0,0,176.53061224489795,176.53061224489795,10944.897959183672
jid_691358,55929.0,136.0,2,13189,3403686,3403687,3416877,JobState.COMPLETED,1.0,0,0,0,176.53061224490295,176.53061224489795,4656524.48979605
jid_690300,55929.0,136.0,2,32,3416850,3416850,3416883,JobState.COMPLETED,1.0,0,0,0,176.53061224489795,176.53061224489795,11297.959183673469
jid_690302,55929.0,136.0,2,32,3416852,3416852,3416885,JobState.COMPLETED,1.0,0,0,0,176.53061224489795,176.53061224489795,11297.959183673469
jid_690301,55929.0,136.0,2,32,3416853,3416853,3416886,JobState.COMPLETED,1.0,0,0,0,176.53061224489795,176.53061224489795,11297.959183673469
jid_690305,55929.0,136.0,2,31,3416854,3416854,3416886,JobState.COMPLETED,1.0,0,0,0,176.53061224489795,176.53061224489795,10944.897959183672
jid_690307,55929.0,136.0,2,31,3416860,3416860,3416892,JobState.COMPLETED,1.0,0,0,0,176.53061224489795,176.53061224489795,10944.897959183672
jid_690309,55929.0,136.0,2,30,3416861,3416861,3416892,JobState.COMPLETED,1.0,0,0,0,176.53061224489795,176.53061224489795,10591.836734693878
jid_690313,55929.0,136.0,2,31,3416863,3416863,3416895,JobState.COMPLETED,1.0,0,0,0,176.53061224489795,176.53061224489795,10944.897959183672
jid_690323,55929.0,136.0,2,30,3416871,3416871,3416902,JobState.COMPLETED,1.0,0,0,0,176.53061224489795,176.53061224489795,10591.836734693878
jid_689771,376.0,159.0,30,12602,3403595,3404301,3416904,JobState.COMPLETED,1.0,0,0,0,176.53061224489392,176.53061224489795,66739163.265304595
jid_690325,55929.0,136.0,2,29,3416876,3416876,3416906,JobState.COMPLETED,1.0,0,0,0,176.53061224489795,176.53061224489795,10238.775510204081
jid_690332,55929.0,136.0,2,20,3416890,3416890,3416911,JobState.COMPLETED,1.0,0,0,0,176.53061224489795,176.53061224489795,7061.224489795918
jid_690346,55929.0,136.0,2,31,3416886,3416886,3416918,JobState.COMPLETED,1.0,0,0,0,176.53061224489795,176.53061224489795,10944.897959183672
jid_691537,55929.0,136.0,2,13231,3403689,3403689,3416921,JobState.COMPLETED,1.0,0,0,0,176.53061224490298,176.53061224489795,4671353.061224623
jid_690347,55929.0,136.0,2,33,3416889,3416889,3416923,JobState.COMPLETED,1.0,0,0,0,176.53061224489795,176.53061224489795,11651.020408163266
jid_691535,55929.0,136.0,2,13222,3403705,3403705,3416928,JobState.COMPLETED,1.0,0,0,0,176.53061224490298,176.53061224489795,4668175.510204215
jid_691468,55929.0,136.0,2,12728,3403911,3404199,3416928,JobState.COMPLETED,1.0,0,0,0,176.53061224490267,176.53061224489795,4493763.265306243
jid_691501,55929.0,136.0,2,12782,3404053,3404199,3416982,JobState.COMPLETED,1.0,0,0,0,176.5306122449027,176.53061224489795,4512828.571428693
jid_689771,376.0,159.0,30,12720,3403595,3404301,3417022,JobState.COMPLETED,1.0,0,0,0,176.53061224489392,176.53061224489795,67364081.63265152
jid_691512,55929.0,136.0,2,12828,3403919,3404199,3417028,JobState.COMPLETED,1.0,0,0,0,176.53061224490273,176.53061224489795,4529069.3877552245
jid_691584,55929.0,136.0,2,13345,3403691,3403691,3417037,JobState.COMPLETED,1.0,0,0,0,176.53061224490304,176.53061224489795,4711602.040816462
jid_690363,55929.0,136.0,2,13528,3403511,3403511,3417040,JobState.COMPLETED,1.0,0,0,0,176.53061224490315,176.53061224489795,4776212.244898099
jid_690368,55929.0,136.0,2,18,3417027,3417027,3417046,JobState.COMPLETED,1.0,0,0,0,176.53061224489795,176.53061224489795,6355.102040816326
jid_690378,55929.0,136.0,2,15,3417038,3417038,3417054,JobState.COMPLETED,1.0,0,0,0,176.53061224489795,176.53061224489795,5295.918367346939
jid_690381,55929.0,136.0,2,18,3417037,3417037,3417056,JobState.COMPLETED,1.0,0,0,0,176.53061224489795,176.53061224489795,6355.102040816326
jid_691533,55929.0,136.0,2,12857,3404094,3404199,3417057,JobState.COMPLETED,1.0,0,0,0,176.53061224490276,176.53061224489795,4539308.163265429
jid_691457,55929.0,136.0,2,12860,3403857,3404199,3417060,JobState.COMPLETED,1.0,0,0,0,176.53061224490276,176.53061224489795,4540367.346938899
jid_690386,55929.0,136.0,2,18,3417045,3417045,3417064,JobState.COMPLETED,1.0,0,0,0,176.53061224489795,176.53061224489795,6355.102040816326
jid_690390,55929.0,136.0,2,18,3417050,3417050,3417069,JobState.COMPLETED,1.0,0,0,0,176.53061224489795,176.53061224489795,6355.102040816326
jid_689771,376.0,159.0,30,12770,3403595,3404301,3417072,JobState.COMPLETED,1.0,0,0,0,176.5306122448939,176.53061224489795,67628877.55101885
jid_690400,55929.0,136.0,2,18,3417061,3417061,3417080,JobState.COMPLETED,1.0,0,0,0,176.53061224489795,176.53061224489795,6355.102040816326
jid_690415,55929.0,136.0,2,30,3417072,3417072,3417103,JobState.COMPLETED,1.0,0,0,0,176.53061224489795,176.53061224489795,10591.836734693878
jid_690429,55929.0,136.0,2,29,3417080,3417080,3417110,JobState.COMPLETED,1.0,0,0,0,176.53061224489795,176.53061224489795,10238.775510204081
jid_690427,55929.0,136.0,2,28,3417084,3417084,3417113,JobState.COMPLETED,1.0,0,0,0,176.53061224489795,176.53061224489795,9885.714285714286
jid_690442,55929.0,136.0,2,28,3417096,3417096,3417125,JobState.COMPLETED,1.0,0,0,0,176.53061224489795,176.53061224489795,9885.714285714286
jid_691575,55929.0,136.0,2,12926,3404103,3404199,3417126,JobState.COMPLETED,1.0,0,0,0,176.53061224490278,176.53061224489795,4563669.387755226
jid_690443,55929.0,136.0,2,31,3417099,3417099,3417131,JobState.COMPLETED,1.0,0,0,0,176.53061224489795,176.53061224489795,10944.897959183672
jid_690449,55929.0,136.0,2,26,3417110,3417110,3417137,JobState.COMPLETED,1.0,0,0,0,176.53061224489795,176.53061224489795,9179.591836734693
jid_690517,55929.0,136.0,2,26,3417111,3417111,3417138,JobState.COMPLETED,1.0,0,0,0,176.53061224489795,176.53061224489795,9179.591836734693
jid_690459,55929.0,136.0,2,29,3417119,3417119,3417149,JobState.COMPLETED,1.0,0,0,0,176.53061224489795,176.53061224489795,10238.775510204081
jid_690461,55929.0,136.0,2,28,3417121,3417121,3417150,JobState.COMPLETED,1.0,0,0,0,176.53061224489795,176.53061224489795,9885.714285714286
jid_690462,55929.0,136.0,2,13635,3403517,3403517,3417153,JobState.COMPLETED,1.0,0,0,0,176.5306122449032,176.53061224489795,4813989.79591851
jid_691556,55929.0,136.0,2,12955,3404045,3404199,3417155,JobState.COMPLETED,1.0,0,0,0,176.5306122449028,176.53061224489795,4573908.163265432
jid_690471,55929.0,136.0,2,29,3417127,3417127,3417157,JobState.COMPLETED,1.0,0,0,0,176.53061224489795,176.53061224489795,10238.775510204081
jid_690480,55929.0,136.0,2,28,3417140,3417140,3417169,JobState.COMPLETED,1.0,0,0,0,176.53061224489795,176.53061224489795,9885.714285714286
jid_691573,55929.0,136.0,2,12974,3404050,3404199,3417174,JobState.COMPLETED,1.0,0,0,0,176.5306122449028,176.53061224489795,4580616.326530738
jid_691577,55929.0,136.0,2,12976,3404079,3404199,3417176,JobState.COMPLETED,1.0,0,0,0,176.5306122449028,176.53061224489795,4581322.448979718
jid_690488,55929.0,136.0,2,29,3417146,3417146,3417176,JobState.COMPLETED,1.0,0,0,0,176.53061224489795,176.53061224489795,10238.775510204081
jid_690491,55929.0,136.0,2,29,3417153,3417153,3417183,JobState.COMPLETED,1.0,0,0,0,176.53061224489795,176.53061224489795,10238.775510204081
jid_690501,55929.0,136.0,2,29,3417163,3417163,3417193,JobState.COMPLETED,1.0,0,0,0,176.53061224489795,176.53061224489795,10238.775510204081
jid_690505,55929.0,136.0,2,26,3417170,3417170,3417197,JobState.COMPLETED,1.0,0,0,0,176.53061224489795,176.53061224489795,9179.591836734693
jid_690506,55929.0,136.0,2,25,3417172,3417172,3417198,JobState.COMPLETED,1.0,0,0,0,176.53061224489795,176.53061224489795,8826.530612244898
jid_691526,55929.0,136.0,2,13020,3403883,3404199,3417220,JobState.COMPLETED,1.0,0,0,0,176.53061224490284,176.53061224489795,4596857.14285727
jid_690527,55929.0,136.0,2,29,3417192,3417192,3417222,JobState.COMPLETED,1.0,0,0,0,176.53061224489795,176.53061224489795,10238.775510204081
jid_690531,55929.0,136.0,2,27,3417195,3417195,3417223,JobState.COMPLETED,1.0,0,0,0,176.53061224489795,176.53061224489795,9532.65306122449
jid_690528,55929.0,136.0,2,28,3417196,3417196,3417225,JobState.COMPLETED,1.0,0,0,0,176.53061224489795,176.53061224489795,9885.714285714286
jid_690530,55929.0,136.0,2,28,3417197,3417197,3417226,JobState.COMPLETED,1.0,0,0,0,176.53061224489795,176.53061224489795,9885.714285714286
jid_691588,55929.0,136.0,2,13029,3404056,3404199,3417229,JobState.COMPLETED,1.0,0,0,0,176.53061224490284,176.53061224489795,4600034.693877678
jid_690534,55929.0,136.0,2,32,3417198,3417198,3417231,JobState.COMPLETED,1.0,0,0,0,176.53061224489795,176.53061224489795,11297.959183673469
jid_691596,55929.0,136.0,2,13059,3404054,3404199,3417259,JobState.COMPLETED,1.0,0,0,0,176.53061224490287,176.53061224489795,4610626.530612373
jid_691590,55929.0,136.0,2,13060,3403917,3404199,3417260,JobState.COMPLETED,1.0,0,0,0,176.53061224490287,176.53061224489795,4610979.591836863
jid_691626,55929.0,136.0,2,13121,3404047,3404199,3417321,JobState.COMPLETED,1.0,0,0,0,176.53061224490293,176.53061224489795,4632516.326530742
jid_691553,55929.0,136.0,2,13131,3403880,3404199,3417331,JobState.COMPLETED,1.0,0,0,0,176.53061224490293,176.53061224489795,4636046.938775641
jid_690544,55929.0,136.0,2,17,3417327,3417327,3417345,JobState.COMPLETED,1.0,0,0,0,176.53061224489795,176.53061224489795,6002.04081632653
jid_690545,55929.0,136.0,2,17,3417328,3417328,3417346,JobState.COMPLETED,1.0,0,0,0,176.53061224489795,176.53061224489795,6002.04081632653
jid_690546,55929.0,136.0,2,18,3417329,3417329,3417348,JobState.COMPLETED,1.0,0,0,0,176.53061224489795,176.53061224489795,6355.102040816326
jid_690551,55929.0,136.0,2,17,3417337,3417337,3417355,JobState.COMPLETED,1.0,0,0,0,176.53061224489795,176.53061224489795,6002.04081632653
jid_690557,55929.0,136.0,2,17,3417343,3417343,3417361,JobState.COMPLETED,1.0,0,0,0,176.53061224489795,176.53061224489795,6002.04081632653
jid_690568,55929.0,136.0,2,16,3417355,3417355,3417372,JobState.COMPLETED,1.0,0,0,0,176.53061224489795,176.53061224489795,5648.9795918367345
jid_690570,55929.0,136.0,2,17,3417356,3417356,3417374,JobState.COMPLETED,1.0,0,0,0,176.53061224489795,176.53061224489795,6002.04081632653
jid_690575,55929.0,136.0,2,29,3417362,3417362,3417392,JobState.COMPLETED,1.0,0,0,0,176.53061224489795,176.53061224489795,10238.775510204081
jid_690579,55929.0,136.0,2,29,3417371,3417371,3417401,JobState.COMPLETED,1.0,0,0,0,176.53061224489795,176.53061224489795,10238.775510204081
jid_690585,55929.0,136.0,2,28,3417375,3417375,3417404,JobState.COMPLETED,1.0,0,0,0,176.53061224489795,176.53061224489795,9885.714285714286
jid_690589,55929.0,136.0,2,32,3417373,3417373,3417406,JobState.COMPLETED,1.0,0,0,0,176.53061224489795,176.53061224489795,11297.959183673469
jid_690652,55929.0,136.0,2,28,3417381,3417381,3417410,JobState.COMPLETED,1.0,0,0,0,176.53061224489795,176.53061224489795,9885.714285714286
jid_690699,55929.0,136.0,2,40,3417370,3417370,3417411,JobState.COMPLETED,1.0,0,0,0,176.53061224489795,176.53061224489795,14122.448979591836
jid_690592,55929.0,136.0,2,29,3417386,3417386,3417416,JobState.COMPLETED,1.0,0,0,0,176.53061224489795,176.53061224489795,10238.775510204081
jid_690598,55929.0,136.0,2,30,3417392,3417392,3417423,JobState.COMPLETED,1.0,0,0,0,176.53061224489795,176.53061224489795,10591.836734693878
jid_690601,55929.0,136.0,2,28,3417394,3417394,3417423,JobState.COMPLETED,1.0,0,0,0,176.53061224489795,176.53061224489795,9885.714285714286
jid_689771,376.0,159.0,30,13124,3403595,3404301,3417426,JobState.COMPLETED,1.0,0,0,0,176.53061224489383,176.53061224489795,69503632.6530596
jid_690604,55929.0,136.0,2,29,3417396,3417396,3417426,JobState.COMPLETED,1.0,0,0,0,176.53061224489795,176.53061224489795,10238.775510204081
jid_690605,55929.0,136.0,2,29,3417398,3417398,3417428,JobState.COMPLETED,1.0,0,0,0,176.53061224489795,176.53061224489795,10238.775510204081
jid_690615,55929.0,136.0,2,29,3417407,3417407,3417437,JobState.COMPLETED,1.0,0,0,0,176.53061224489795,176.53061224489795,10238.775510204081
jid_690612,55929.0,136.0,2,29,3417408,3417408,3417438,JobState.COMPLETED,1.0,0,0,0,176.53061224489795,176.53061224489795,10238.775510204081
jid_690627,55929.0,136.0,2,29,3417424,3417424,3417454,JobState.COMPLETED,1.0,0,0,0,176.53061224489795,176.53061224489795,10238.775510204081
jid_690693,55929.0,136.0,2,31,3417428,3417428,3417460,JobState.COMPLETED,1.0,0,0,0,176.53061224489795,176.53061224489795,10944.897959183672
jid_689771,376.0,159.0,30,13160,3403595,3404301,3417462,JobState.COMPLETED,1.0,0,0,0,176.53061224489383,176.53061224489795,69694285.71428408
jid_690635,34.0,485.0,483,187,3417274,3417274,3417462,JobState.COMPLETED,1.0,0,0,0,176.53061224489792,176.53061224489795,15944421.428571425
jid_685355,63436.0,140.0,128,11921,3404716,3405550,3417472,JobState.COMPLETED,1.0,0,0,0,176.5306122449021,176.53061224489795,269365942.8571492
jid_690645,55929.0,136.0,2,30,3417445,3417445,3417476,JobState.COMPLETED,1.0,0,0,0,176.53061224489795,176.53061224489795,10591.836734693878
jid_690647,55929.0,136.0,2,29,3417448,3417448,3417478,JobState.COMPLETED,1.0,0,0,0,176.53061224489795,176.53061224489795,10238.775510204081
jid_690648,55929.0,136.0,2,29,3417449,3417449,3417479,JobState.COMPLETED,1.0,0,0,0,176.53061224489795,176.53061224489795,10238.775510204081
jid_690656,55929.0,136.0,2,30,3417453,3417453,3417484,JobState.COMPLETED,1.0,0,0,0,176.53061224489795,176.53061224489795,10591.836734693878
jid_689771,376.0,159.0,30,13186,3403595,3404301,3417488,JobState.COMPLETED,1.0,0,0,0,176.53061224489383,176.53061224489795,69831979.59183511
jid_690660,55929.0,136.0,2,29,3417461,3417461,3417491,JobState.COMPLETED,1.0,0,0,0,176.53061224489795,176.53061224489795,10238.775510204081
jid_691700,55929.0,136.0,2,13294,3404100,3404199,3417494,JobState.COMPLETED,1.0,0,0,0,176.530612244903,176.53061224489795,4693595.918367481
jid_690664,55929.0,136.0,2,30,3417467,3417467,3417498,JobState.COMPLETED,1.0,0,0,0,176.53061224489795,176.53061224489795,10591.836734693878
jid_690670,55929.0,136.0,2,28,3417473,3417473,3417502,JobState.COMPLETED,1.0,0,0,0,176.53061224489795,176.53061224489795,9885.714285714286
jid_690675,55929.0,136.0,2,28,3417474,3417474,3417503,JobState.COMPLETED,1.0,0,0,0,176.53061224489795,176.53061224489795,9885.714285714286
jid_691711,55929.0,136.0,2,13304,3404073,3404199,3417504,JobState.COMPLETED,1.0,0,0,0,176.530612244903,176.53061224489795,4697126.530612379
jid_689771,376.0,159.0,30,13207,3403595,3404301,3417509,JobState.COMPLETED,1.0,0,0,0,176.53061224489383,176.53061224489795,69943193.87754938
jid_690689,55929.0,136.0,2,29,3417487,3417487,3417517,JobState.COMPLETED,1.0,0,0,0,176.53061224489795,176.53061224489795,10238.775510204081
jid_690688,55929.0,136.0,2,29,3417488,3417488,3417518,JobState.COMPLETED,1.0,0,0,0,176.53061224489795,176.53061224489795,10238.775510204081
jid_690691,55929.0,136.0,2,30,3417492,3417492,3417523,JobState.COMPLETED,1.0,0,0,0,176.53061224489795,176.53061224489795,10591.836734693878
jid_690839,59270.0,92.0,48,4386,3409649,3413170,3417557,JobState.COMPLETED,1.0,0,0,0,176.53061224489912,176.53061224489795,37164636.73469412
jid_689771,376.0,159.0,30,13259,3403595,3404301,3417561,JobState.COMPLETED,1.0,0,0,0,176.53061224489383,176.53061224489795,70218581.63265142
jid_690701,62855.0,531.0,1,3,3417606,3417606,3417610,JobState.COMPLETED,1.0,0,0,0,176.53061224489795,176.53061224489795,529.5918367346939
jid_690704,55929.0,136.0,2,17,3417617,3417617,3417635,JobState.COMPLETED,1.0,0,0,0,176.53061224489795,176.53061224489795,6002.04081632653
jid_690715,55929.0,136.0,2,30,3417627,3417627,3417658,JobState.COMPLETED,1.0,0,0,0,176.53061224489795,176.53061224489795,10591.836734693878
jid_690720,55929.0,136.0,2,29,3417634,3417634,3417664,JobState.COMPLETED,1.0,0,0,0,176.53061224489795,176.53061224489795,10238.775510204081
jid_690723,55929.0,136.0,2,29,3417635,3417635,3417665,JobState.COMPLETED,1.0,0,0,0,176.53061224489795,176.53061224489795,10238.775510204081
jid_690724,55929.0,136.0,2,26,3417642,3417642,3417669,JobState.COMPLETED,1.0,0,0,0,176.53061224489795,176.53061224489795,9179.591836734693
jid_690732,55929.0,136.0,2,29,3417648,3417648,3417678,JobState.COMPLETED,1.0,0,0,0,176.53061224489795,176.53061224489795,10238.775510204081
jid_690734,55929.0,136.0,2,28,3417649,3417649,3417678,JobState.COMPLETED,1.0,0,0,0,176.53061224489795,176.53061224489795,9885.714285714286
jid_690743,55929.0,136.0,2,29,3417659,3417659,3417689,JobState.COMPLETED,1.0,0,0,0,176.53061224489795,176.53061224489795,10238.775510204081
jid_690746,55929.0,136.0,2,30,3417663,3417663,3417694,JobState.COMPLETED,1.0,0,0,0,176.53061224489795,176.53061224489795,10591.836734693878
jid_690748,55929.0,136.0,2,29,3417666,3417666,3417696,JobState.COMPLETED,1.0,0,0,0,176.53061224489795,176.53061224489795,10238.775510204081
jid_691745,55929.0,136.0,2,13497,3404086,3404199,3417697,JobState.COMPLETED,1.0,0,0,0,176.53061224490312,176.53061224489795,4765267.346938915
jid_690758,14997.0,481.0,303,677,3417025,3417025,3417703,JobState.COMPLETED,0.7229874668508647,0,0,0,142.61071022663663,142.6107102266365,29253877.599500198
jid_690755,55929.0,136.0,2,30,3417675,3417675,3417706,JobState.COMPLETED,1.0,0,0,0,176.53061224489795,176.53061224489795,10591.836734693878
jid_690770,55929.0,136.0,2,29,3417692,3417692,3417722,JobState.COMPLETED,1.0,0,0,0,176.53061224489795,176.53061224489795,10238.775510204081
jid_690780,55929.0,136.0,2,29,3417700,3417700,3417730,JobState.COMPLETED,1.0,0,0,0,176.53061224489795,176.53061224489795,10238.775510204081
jid_690790,55929.0,136.0,2,29,3417711,3417711,3417741,JobState.COMPLETED,1.0,0,0,0,176.53061224489795,176.53061224489795,10238.775510204081
jid_690791,55929.0,136.0,2,28,3417712,3417712,3417741,JobState.COMPLETED,1.0,0,0,0,176.53061224489795,176.53061224489795,9885.714285714286
jid_690801,55929.0,136.0,2,27,3417725,3417725,3417753,JobState.COMPLETED,1.0,0,0,0,176.53061224489795,176.53061224489795,9532.65306122449
jid_690808,55929.0,136.0,2,28,3417731,3417731,3417760,JobState.COMPLETED,1.0,0,0,0,176.53061224489795,176.53061224489795,9885.714285714286
jid_690811,55929.0,136.0,2,27,3417736,3417736,3417764,JobState.COMPLETED,1.0,0,0,0,176.53061224489795,176.53061224489795,9532.65306122449
jid_690821,55929.0,136.0,2,28,3417743,3417743,3417772,JobState.COMPLETED,1.0,0,0,0,176.53061224489795,176.53061224489795,9885.714285714286
jid_690825,55929.0,136.0,2,27,3417749,3417749,3417777,JobState.COMPLETED,1.0,0,0,0,176.53061224489795,176.53061224489795,9532.65306122449
jid_690830,55929.0,136.0,2,28,3417754,3417754,3417783,JobState.COMPLETED,1.0,0,0,0,176.53061224489795,176.53061224489795,9885.714285714286
jid_691763,55929.0,136.0,2,13605,3404078,3404199,3417805,JobState.COMPLETED,1.0,0,0,0,176.5306122449032,176.53061224489795,4803397.959183817
jid_690834,62761.0,263.0,15,0,3417808,3417808,3417809,JobState.COMPLETED,1.0,0,0,0,176.53061224489795,176.53061224489795,0.0
jid_689771,376.0,159.0,30,13565,3403595,3404301,3417867,JobState.COMPLETED,1.0,0,0,0,176.53061224489377,176.53061224489795,71839132.65305951
jid_690842,55929.0,136.0,2,17,3417882,3417882,3417900,JobState.COMPLETED,1.0,0,0,0,176.53061224489795,176.53061224489795,6002.04081632653
jid_690843,55929.0,136.0,2,30,3417880,3417880,3417911,JobState.COMPLETED,1.0,0,0,0,176.53061224489795,176.53061224489795,10591.836734693878
jid_690845,55929.0,136.0,2,29,3417883,3417883,3417913,JobState.COMPLETED,1.0,0,0,0,176.53061224489795,176.53061224489795,10238.775510204081
jid_690844,55929.0,136.0,2,28,3417884,3417884,3417913,JobState.COMPLETED,1.0,0,0,0,176.53061224489795,176.53061224489795,9885.714285714286
jid_690856,55929.0,136.0,2,29,3417896,3417896,3417926,JobState.COMPLETED,1.0,0,0,0,176.53061224489795,176.53061224489795,10238.775510204081
jid_690859,55929.0,136.0,2,27,3417898,3417898,3417926,JobState.COMPLETED,1.0,0,0,0,176.53061224489795,176.53061224489795,9532.65306122449
jid_690860,55929.0,136.0,2,27,3417901,3417901,3417929,JobState.COMPLETED,1.0,0,0,0,176.53061224489795,176.53061224489795,9532.65306122449
jid_690863,55929.0,136.0,2,28,3417905,3417905,3417934,JobState.COMPLETED,1.0,0,0,0,176.53061224489795,176.53061224489795,9885.714285714286
jid_690874,55929.0,136.0,2,28,3417915,3417915,3417944,JobState.COMPLETED,1.0,0,0,0,176.53061224489795,176.53061224489795,9885.714285714286
jid_690875,55929.0,136.0,2,27,3417918,3417918,3417946,JobState.COMPLETED,1.0,0,0,0,176.53061224489795,176.53061224489795,9532.65306122449
jid_690879,55929.0,136.0,2,29,3417921,3417921,3417951,JobState.COMPLETED,1.0,0,0,0,176.53061224489795,176.53061224489795,10238.775510204081
jid_690881,55929.0,136.0,2,27,3417923,3417923,3417951,JobState.COMPLETED,1.0,0,0,0,176.53061224489795,176.53061224489795,9532.65306122449
jid_690883,55929.0,136.0,2,29,3417927,3417927,3417957,JobState.COMPLETED,1.0,0,0,0,176.53061224489795,176.53061224489795,10238.775510204081
jid_690952,55929.0,136.0,2,32,3417925,3417925,3417958,JobState.COMPLETED,1.0,0,0,0,176.53061224489795,176.53061224489795,11297.959183673469
jid_690888,55929.0,136.0,2,28,3417930,3417930,3417959,JobState.COMPLETED,1.0,0,0,0,176.53061224489795,176.53061224489795,9885.714285714286
jid_690891,55929.0,136.0,2,27,3417936,3417936,3417964,JobState.COMPLETED,1.0,0,0,0,176.53061224489795,176.53061224489795,9532.65306122449
jid_690893,55929.0,136.0,2,30,3417937,3417937,3417968,JobState.COMPLETED,1.0,0,0,0,176.53061224489795,176.53061224489795,10591.836734693878
jid_690903,55929.0,136.0,2,28,3417947,3417947,3417976,JobState.COMPLETED,1.0,0,0,0,176.53061224489795,176.53061224489795,9885.714285714286
jid_690905,55929.0,136.0,2,28,3417949,3417949,3417978,JobState.COMPLETED,1.0,0,0,0,176.53061224489795,176.53061224489795,9885.714285714286
jid_690908,55929.0,136.0,2,28,3417954,3417954,3417983,JobState.COMPLETED,1.0,0,0,0,176.53061224489795,176.53061224489795,9885.714285714286
jid_690912,55929.0,136.0,2,29,3417957,3417957,3417987,JobState.COMPLETED,1.0,0,0,0,176.53061224489795,176.53061224489795,10238.775510204081
jid_690914,55929.0,136.0,2,28,3417959,3417959,3417988,JobState.COMPLETED,1.0,0,0,0,176.53061224489795,176.53061224489795,9885.714285714286
jid_690920,55929.0,136.0,2,29,3417967,3417967,3417997,JobState.COMPLETED,1.0,0,0,0,176.53061224489795,176.53061224489795,10238.775510204081
jid_690923,55929.0,136.0,2,29,3417970,3417970,3418000,JobState.COMPLETED,1.0,0,0,0,176.53061224489795,176.53061224489795,10238.775510204081
jid_690922,55929.0,136.0,2,27,3417972,3417972,3418000,JobState.COMPLETED,1.0,0,0,0,176.53061224489795,176.53061224489795,9532.65306122449
jid_690975,55929.0,136.0,2,29,3417989,3417989,3418019,JobState.COMPLETED,1.0,0,0,0,176.53061224489795,176.53061224489795,10238.775510204081
jid_690941,55929.0,136.0,2,31,3417990,3417990,3418022,JobState.COMPLETED,1.0,0,0,0,176.53061224489795,176.53061224489795,10944.897959183672
jid_690951,55929.0,136.0,2,31,3418003,3418003,3418035,JobState.COMPLETED,1.0,0,0,0,176.53061224489795,176.53061224489795,10944.897959183672
jid_690962,55929.0,136.0,2,32,3418007,3418007,3418040,JobState.COMPLETED,1.0,0,0,0,176.53061224489795,176.53061224489795,11297.959183673469
jid_690968,55929.0,136.0,2,28,3418016,3418016,3418045,JobState.COMPLETED,1.0,0,0,0,176.53061224489795,176.53061224489795,9885.714285714286
jid_689771,376.0,159.0,30,13823,3403595,3404301,3418125,JobState.COMPLETED,1.0,0,0,0,176.53061224489375,176.53061224489795,73205479.59183499
jid_690978,55929.0,136.0,2,27,3418140,3418140,3418168,JobState.COMPLETED,1.0,0,0,0,176.53061224489795,176.53061224489795,9532.65306122449
jid_691000,55929.0,136.0,2,26,3418166,3418166,3418193,JobState.COMPLETED,1.0,0,0,0,176.53061224489795,176.53061224489795,9179.591836734693
jid_691002,55929.0,136.0,2,27,3418170,3418170,3418198,JobState.COMPLETED,1.0,0,0,0,176.53061224489795,176.53061224489795,9532.65306122449
jid_691017,55929.0,136.0,2,27,3418187,3418187,3418215,JobState.COMPLETED,1.0,0,0,0,176.53061224489795,176.53061224489795,9532.65306122449
jid_691024,41282.0,474.0,1024,9,3418209,3418209,3418219,JobState.COMPLETED,1.0,0,0,0,176.53061224489795,176.53061224489795,1626906.1224489794
jid_691022,55929.0,136.0,2,27,3418192,3418192,3418220,JobState.COMPLETED,1.0,0,0,0,176.53061224489795,176.53061224489795,9532.65306122449
jid_691092,55929.0,136.0,2,27,3418195,3418195,3418223,JobState.COMPLETED,1.0,0,0,0,176.53061224489795,176.53061224489795,9532.65306122449
jid_691029,55929.0,136.0,2,27,3418201,3418201,3418229,JobState.COMPLETED,1.0,0,0,0,176.53061224489795,176.53061224489795,9532.65306122449
jid_691037,55929.0,136.0,2,28,3418206,3418206,3418235,JobState.COMPLETED,1.0,0,0,0,176.53061224489795,176.53061224489795,9885.714285714286
jid_691045,55929.0,136.0,2,26,3418218,3418218,3418245,JobState.COMPLETED,1.0,0,0,0,176.53061224489795,176.53061224489795,9179.591836734693
jid_691050,55929.0,136.0,2,27,3418221,3418221,3418249,JobState.COMPLETED,1.0,0,0,0,176.53061224489795,176.53061224489795,9532.65306122449
jid_691053,55929.0,136.0,2,27,3418225,3418225,3418253,JobState.COMPLETED,1.0,0,0,0,176.53061224489795,176.53061224489795,9532.65306122449
jid_691060,55929.0,136.0,2,27,3418232,3418232,3418260,JobState.COMPLETED,1.0,0,0,0,176.53061224489795,176.53061224489795,9532.65306122449
jid_691062,55929.0,136.0,2,27,3418237,3418237,3418265,JobState.COMPLETED,1.0,0,0,0,176.53061224489795,176.53061224489795,9532.65306122449
jid_691070,55929.0,136.0,2,26,3418245,3418245,3418272,JobState.COMPLETED,1.0,0,0,0,176.53061224489795,176.53061224489795,9179.591836734693
jid_691072,55929.0,136.0,2,26,3418246,3418246,3418273,JobState.COMPLETED,1.0,0,0,0,176.53061224489795,176.53061224489795,9179.591836734693
jid_691074,55929.0,136.0,2,25,3418249,3418249,3418275,JobState.COMPLETED,1.0,0,0,0,176.53061224489795,176.53061224489795,8826.530612244898
jid_691094,55929.0,136.0,2,27,3418267,3418267,3418295,JobState.COMPLETED,1.0,0,0,0,176.53061224489795,176.53061224489795,9532.65306122449
jid_691095,55929.0,136.0,2,26,3418270,3418270,3418297,JobState.COMPLETED,1.0,0,0,0,176.53061224489795,176.53061224489795,9179.591836734693
jid_691096,55929.0,136.0,2,27,3418272,3418272,3418300,JobState.COMPLETED,1.0,0,0,0,176.53061224489795,176.53061224489795,9532.65306122449
jid_691097,55929.0,136.0,2,26,3418273,3418273,3418300,JobState.COMPLETED,1.0,0,0,0,176.53061224489795,176.53061224489795,9179.591836734693
jid_689771,376.0,159.0,30,13999,3403595,3404301,3418301,JobState.COMPLETED,1.0,0,0,0,176.53061224489372,176.53061224489795,74137561.224488
jid_689771,376.0,159.0,30,14126,3403595,3404301,3418428,JobState.COMPLETED,1.0,0,0,0,176.5306122448937,176.53061224489795,74810142.85714105
jid_689771,376.0,159.0,30,14208,3403595,3404301,3418510,JobState.COMPLETED,1.0,0,0,0,176.5306122448937,176.53061224489795,75244408.16326348
jid_691113,224.0,60.0,1,15,3418499,3418499,3418515,JobState.COMPLETED,1.0,0,0,0,176.53061224489795,176.53061224489795,2647.9591836734694
jid_691122,62762.0,147.0,1,47,3418799,3418799,3418847,JobState.COMPLETED,0.6849193880475116,0,0,0,137.9493128221443,137.9493128221443,6483.617702640782
jid_685362,62921.0,140.0,128,13334,3404904,3405550,3418885,JobState.COMPLETED,1.0,0,0,0,176.53061224490304,176.53061224489795,301293975.5102128
jid_689771,376.0,159.0,30,14741,3403595,3404301,3419043,JobState.COMPLETED,1.0,0,0,0,176.5306122448936,176.53061224489795,78067132.65305929
jid_689771,376.0,159.0,30,14746,3403595,3404301,3419048,JobState.COMPLETED,1.0,0,0,0,176.5306122448936,176.53061224489795,78093612.24489602
jid_689771,376.0,159.0,30,14831,3403595,3404301,3419133,JobState.COMPLETED,1.0,0,0,0,176.5306122448936,176.53061224489795,78543765.30612051
jid_689161,62802.0,37.0,40,14877,3372652,3404301,3419179,JobState.COMPLETED,0.5144686014037678,0,0,0,117.07778792699574,117.07778792699199,69670650.03959662
jid_691136,62657.0,608.0,96,131,3419064,3419064,3419196,JobState.COMPLETED,1.0,0,0,0,176.53061224489795,176.53061224489795,2220048.9795918367
jid_689771,376.0,159.0,30,14897,3403595,3404301,3419199,JobState.COMPLETED,1.0,0,0,0,176.5306122448936,176.53061224489795,78893295.9183654
jid_689771,376.0,159.0,30,15030,3403595,3404301,3419332,JobState.COMPLETED,1.0,0,0,0,176.53061224489358,176.53061224489795,79597653.06122251
jid_691141,41282.0,474.0,1024,47,3419376,3419376,3419424,JobState.COMPLETED,1.0,0,0,0,176.53061224489795,176.53061224489795,8496065.306122448
jid_689771,376.0,159.0,30,15163,3403595,3404301,3419465,JobState.COMPLETED,1.0,0,0,0,176.53061224489355,176.53061224489795,80302010.20407963
jid_691145,41282.0,474.0,1024,11,3419646,3419646,3419658,JobState.COMPLETED,1.0,0,0,0,176.53061224489795,176.53061224489795,1988440.8163265307
jid_691148,10019.0,457.0,8,4,3419776,3419776,3419781,JobState.COMPLETED,1.0,0,0,0,176.53061224489795,176.53061224489795,5648.9795918367345
jid_691150,41282.0,474.0,1024,40,3419778,3419778,3419819,JobState.COMPLETED,1.0,0,0,0,176.53061224489795,176.53061224489795,7230693.87755102
jid_691151,1430.0,21.0,32,86,3419804,3419804,3419891,JobState.COMPLETED,1.0,0,0,0,176.53061224489795,176.53061224489795,485812.2448979592
jid_691156,34.0,485.0,483,291,3419769,3419769,3420061,JobState.COMPLETED,1.0,0,0,0,176.53061224489798,176.53061224489795,24811907.142857146
jid_691158,41294.0,476.0,512,425,3419637,3419637,3420063,JobState.COMPLETED,0.5665988372589518,0,0,0,123.46108211334102,123.46108211334102,26865131.467863005
jid_689771,376.0,159.0,30,15766,3403595,3404301,3420068,JobState.COMPLETED,1.0,0,0,0,176.53061224489346,176.53061224489795,83495448.97958972
jid_691168,41294.0,476.0,512,446,3419914,3419914,3420361,JobState.COMPLETED,0.5967742893639421,0,0,0,127.15603543231943,127.15603543231943,29036335.003041007
jid_689771,376.0,159.0,30,16168,3403595,3404301,3420470,JobState.COMPLETED,1.0,0,0,0,176.53061224489343,176.53061224489795,85624408.16326311
jid_691175,41294.0,476.0,512,861,3419726,3419726,3420588,JobState.COMPLETED,0.5656654268923039,0,0,0,123.34678696640437,123.34678696640457,54375210.79197397
jid_691176,10019.0,151.0,4,5,3420597,3420597,3420603,JobState.COMPLETED,1.0,0,0,0,176.53061224489795,176.53061224489795,3530.612244897959
jid_691186,62858.0,54.0,528,7,3420914,3420914,3420922,JobState.COMPLETED,1.0,0,0,0,176.53061224489795,176.53061224489795,652457.1428571428
jid_691200,108.0,610.0,1,4,3421114,3421114,3421119,JobState.COMPLETED,1.0,0,0,0,176.53061224489795,176.53061224489795,706.1224489795918
jid_691205,60513.0,599.0,128,1658,3419531,3419531,3421190,JobState.COMPLETED,0.5743481466187321,0,0,0,124.40997713698746,124.4099771369876,26402782.987920027
jid_691206,10019.0,151.0,4,62,3421171,3421171,3421234,JobState.COMPLETED,1.0,0,0,0,176.53061224489798,176.53061224489795,43779.5918367347
jid_691209,40558.0,178.0,32,3,3421352,3421352,3421356,JobState.COMPLETED,1.0,0,0,0,176.53061224489795,176.53061224489795,16946.938775510203
jid_689148,62817.0,562.0,4,17091,3368694,3404301,3421393,JobState.COMPLETED,1.0,0,0,0,176.5306122449048,176.53061224489795,12068338.775510672
jid_691213,985.0,585.0,1,12,3421441,3421441,3421454,JobState.COMPLETED,1.0,0,0,0,176.53061224489795,176.53061224489795,2118.3673469387754
jid_691107,301.0,549.0,399,8296,3410089,3413262,3421559,JobState.COMPLETED,1.0,0,0,0,176.5306122448992,176.53061224489798,584334685.7142899
jid_691230,108.0,622.0,15,6,3421723,3421723,3421730,JobState.COMPLETED,1.0,0,0,0,176.53061224489795,176.53061224489795,15887.755102040815
jid_691232,105.0,62.0,1,3,3421791,3421791,3421795,JobState.COMPLETED,1.0,0,0,0,176.53061224489795,176.53061224489795,529.5918367346939
jid_691235,34.0,584.0,15,21,3421824,3421824,3421846,JobState.COMPLETED,1.0,0,0,0,176.53061224489795,176.53061224489795,55607.142857142855
jid_689771,376.0,159.0,30,17753,3403595,3404301,3422055,JobState.COMPLETED,1.0,0,0,0,176.53061224489326,176.53061224489795,94018438.7755077
jid_691240,60337.0,178.0,15,144,3421910,3421910,3422055,JobState.COMPLETED,0.6254038935159668,0,0,0,130.66170124685306,130.66170124685308,282229.2746932026
jid_689771,376.0,159.0,30,18178,3403595,3404301,3422480,JobState.COMPLETED,1.0,0,0,0,176.53061224489323,176.53061224489795,96269204.08163008
jid_691256,60337.0,178.0,15,60,3422584,3422584,3422645,JobState.COMPLETED,0.637598119908038,0,0,0,132.15487182547406,132.15487182547406,118939.38464292666
jid_691259,41294.0,476.0,512,1162,3421500,3421500,3422663,JobState.COMPLETED,0.5674445261348371,0,0,0,123.56463585324505,123.56463585324536,73514038.71307303
jid_691265,41294.0,476.0,512,1168,3421561,3421561,3422730,JobState.COMPLETED,0.5673191477928173,0,0,0,123.54928340320242,123.54928340320212,73884448.2636495
jid_691263,62761.0,263.0,15,4787,3417943,3417943,3422731,JobState.COMPLETED,1.0,0,0,0,176.53061224489772,176.53061224489795,12675780.612244882
jid_691266,62862.0,178.0,8,74,3422688,3422688,3422763,JobState.COMPLETED,0.6783056371585839,0,0,0,137.13946577452046,137.13946577452046,81186.56373851611
jid_691270,43239.0,526.0,1,4453,3418369,3418369,3422823,JobState.COMPLETED,1.0,0,0,0,176.53061224489684,176.53061224489795,786090.8163265256
jid_691285,55929.0,136.0,2,19,3422874,3422874,3422894,JobState.COMPLETED,1.0,0,0,0,176.53061224489795,176.53061224489795,6708.163265306122
jid_689147,59105.0,559.0,128,18610,3367041,3404301,3422912,JobState.COMPLETED,1.0,0,0,0,176.5306122449053,176.53061224489795,420510040.816344
jid_691301,55929.0,136.0,2,16,3423135,3423135,3423152,JobState.COMPLETED,1.0,0,0,0,176.53061224489795,176.53061224489795,5648.9795918367345
jid_691322,60373.0,230.0,1,1,3423505,3423505,3423507,JobState.COMPLETED,1.0,0,0,0,176.53061224489795,176.53061224489795,176.53061224489795
jid_691326,55929.0,136.0,2,16,3423507,3423507,3423524,JobState.COMPLETED,1.0,0,0,0,176.53061224489795,176.53061224489795,5648.9795918367345
jid_691328,55929.0,136.0,2,15,3423509,3423509,3423525,JobState.COMPLETED,1.0,0,0,0,176.53061224489795,176.53061224489795,5295.918367346939
jid_691334,38194.0,530.0,1,28,3423592,3423592,3423621,JobState.COMPLETED,1.0,0,0,0,176.53061224489795,176.53061224489795,4942.857142857143
jid_691382,55929.0,136.0,2,15,3424014,3424014,3424030,JobState.COMPLETED,1.0,0,0,0,176.53061224489795,176.53061224489795,5295.918367346939
jid_691392,55929.0,136.0,2,14,3424027,3424027,3424042,JobState.COMPLETED,1.0,0,0,0,176.53061224489795,176.53061224489795,4942.857142857143
jid_687297,62657.0,608.0,64,13,3424112,3424112,3424126,JobState.COMPLETED,1.0,0,0,0,176.53061224489795,176.53061224489795,146873.4693877551
jid_689861,55929.0,136.0,2,16,3424157,3424157,3424174,JobState.COMPLETED,1.0,0,0,0,176.53061224489795,176.53061224489795,5648.9795918367345
jid_689863,55929.0,136.0,2,16,3424158,3424158,3424175,JobState.COMPLETED,1.0,0,0,0,176.53061224489795,176.53061224489795,5648.9795918367345
jid_689864,55929.0,136.0,2,16,3424159,3424159,3424176,JobState.COMPLETED,1.0,0,0,0,176.53061224489795,176.53061224489795,5648.9795918367345
jid_691400,55929.0,136.0,2,19,3424160,3424160,3424180,JobState.COMPLETED,1.0,0,0,0,176.53061224489795,176.53061224489795,6708.163265306122
jid_690028,55929.0,136.0,2,17,3424162,3424162,3424180,JobState.COMPLETED,1.0,0,0,0,176.53061224489795,176.53061224489795,6002.04081632653
jid_689879,62762.0,147.0,1,47,3424166,3424166,3424214,JobState.COMPLETED,0.5709341680292844,0,0,0,123.99193894236137,123.99193894236136,5827.621130290984
jid_689973,62761.0,263.0,15,6277,3417939,3417939,3424217,JobState.COMPLETED,1.0,0,0,0,176.53061224489628,176.53061224489795,16621239.795918208
jid_684068,55929.0,136.0,2,16,3424298,3424298,3424315,JobState.COMPLETED,1.0,0,0,0,176.53061224489795,176.53061224489795,5648.9795918367345
jid_684073,55929.0,136.0,2,15,3424306,3424306,3424322,JobState.COMPLETED,1.0,0,0,0,176.53061224489795,176.53061224489795,5295.918367346939
jid_691407,55929.0,136.0,2,16,3424307,3424307,3424324,JobState.COMPLETED,1.0,0,0,0,176.53061224489795,176.53061224489795,5648.9795918367345
jid_691414,55929.0,136.0,2,16,3424429,3424429,3424446,JobState.COMPLETED,1.0,0,0,0,176.53061224489795,176.53061224489795,5648.9795918367345
jid_691417,55929.0,136.0,2,16,3424430,3424430,3424447,JobState.COMPLETED,1.0,0,0,0,176.53061224489795,176.53061224489795,5648.9795918367345
jid_691421,55929.0,136.0,2,16,3424437,3424437,3424454,JobState.COMPLETED,1.0,0,0,0,176.53061224489795,176.53061224489795,5648.9795918367345
jid_691426,55929.0,136.0,2,16,3424441,3424441,3424458,JobState.COMPLETED,1.0,0,0,0,176.53061224489795,176.53061224489795,5648.9795918367345
jid_691441,55929.0,136.0,2,16,3424570,3424570,3424587,JobState.COMPLETED,1.0,0,0,0,176.53061224489795,176.53061224489795,5648.9795918367345
jid_691442,55929.0,136.0,2,16,3424571,3424571,3424588,JobState.COMPLETED,1.0,0,0,0,176.53061224489795,176.53061224489795,5648.9795918367345
jid_691448,55929.0,136.0,2,16,3424575,3424575,3424592,JobState.COMPLETED,1.0,0,0,0,176.53061224489795,176.53061224489795,5648.9795918367345
jid_691450,55929.0,136.0,2,15,3424577,3424577,3424593,JobState.COMPLETED,1.0,0,0,0,176.53061224489795,176.53061224489795,5295.918367346939
jid_691451,55929.0,136.0,2,16,3424578,3424578,3424595,JobState.COMPLETED,1.0,0,0,0,176.53061224489795,176.53061224489795,5648.9795918367345
jid_691453,62869.0,585.0,1,17,3424586,3424586,3424604,JobState.COMPLETED,1.0,0,0,0,176.53061224489795,176.53061224489795,3001.020408163265
jid_691459,62762.0,147.0,1,46,3424601,3424601,3424648,JobState.COMPLETED,0.70408673327256,0,0,0,140.2963346864359,140.2963346864359,6453.631395576052
jid_691470,55929.0,136.0,2,16,3424702,3424702,3424719,JobState.COMPLETED,1.0,0,0,0,176.53061224489795,176.53061224489795,5648.9795918367345
jid_691490,62869.0,585.0,1,17,3424781,3424781,3424799,JobState.COMPLETED,1.0,0,0,0,176.53061224489795,176.53061224489795,3001.020408163265
jid_691513,55929.0,136.0,2,17,3424847,3424847,3424865,JobState.COMPLETED,1.0,0,0,0,176.53061224489795,176.53061224489795,6002.04081632653
jid_691514,55929.0,136.0,2,17,3424848,3424848,3424866,JobState.COMPLETED,1.0,0,0,0,176.53061224489795,176.53061224489795,6002.04081632653
jid_691519,55929.0,136.0,2,16,3424854,3424854,3424871,JobState.COMPLETED,1.0,0,0,0,176.53061224489795,176.53061224489795,5648.9795918367345
jid_691520,55929.0,136.0,2,15,3424856,3424856,3424872,JobState.COMPLETED,1.0,0,0,0,176.53061224489795,176.53061224489795,5295.918367346939
jid_691524,55929.0,136.0,2,16,3424857,3424857,3424874,JobState.COMPLETED,1.0,0,0,0,176.53061224489795,176.53061224489795,5648.9795918367345
jid_691523,55929.0,136.0,2,16,3424859,3424859,3424876,JobState.COMPLETED,1.0,0,0,0,176.53061224489795,176.53061224489795,5648.9795918367345
jid_691550,55929.0,136.0,2,16,3424987,3424987,3425004,JobState.COMPLETED,1.0,0,0,0,176.53061224489795,176.53061224489795,5648.9795918367345
jid_691555,55929.0,136.0,2,16,3424995,3424995,3425012,JobState.COMPLETED,1.0,0,0,0,176.53061224489795,176.53061224489795,5648.9795918367345
jid_691562,55929.0,136.0,2,16,3425001,3425001,3425018,JobState.COMPLETED,1.0,0,0,0,176.53061224489795,176.53061224489795,5648.9795918367345
jid_691566,55929.0,136.0,2,17,3425007,3425007,3425025,JobState.COMPLETED,1.0,0,0,0,176.53061224489795,176.53061224489795,6002.04081632653
jid_691579,55929.0,136.0,2,16,3425008,3425008,3425025,JobState.COMPLETED,1.0,0,0,0,176.53061224489795,176.53061224489795,5648.9795918367345
jid_691594,14997.0,393.0,208,122,3424992,3424992,3425115,JobState.COMPLETED,0.5414562949343593,0,0,0,120.38240346135015,120.38240346135012,3054823.8702352215
jid_691604,55929.0,136.0,2,15,3425136,3425136,3425152,JobState.COMPLETED,1.0,0,0,0,176.53061224489795,176.53061224489795,5295.918367346939
jid_691606,55929.0,136.0,2,16,3425138,3425138,3425155,JobState.COMPLETED,1.0,0,0,0,176.53061224489795,176.53061224489795,5648.9795918367345
jid_691609,55929.0,136.0,2,15,3425143,3425143,3425159,JobState.COMPLETED,1.0,0,0,0,176.53061224489795,176.53061224489795,5295.918367346939
jid_691610,55929.0,136.0,2,13,3425145,3425145,3425159,JobState.COMPLETED,1.0,0,0,0,176.53061224489795,176.53061224489795,4589.7959183673465
jid_691613,55929.0,136.0,2,16,3425149,3425149,3425166,JobState.COMPLETED,1.0,0,0,0,176.53061224489795,176.53061224489795,5648.9795918367345
jid_691623,55929.0,136.0,2,18,3425154,3425154,3425173,JobState.COMPLETED,1.0,0,0,0,176.53061224489795,176.53061224489795,6355.102040816326
jid_691620,55929.0,136.0,2,16,3425161,3425161,3425178,JobState.COMPLETED,1.0,0,0,0,176.53061224489795,176.53061224489795,5648.9795918367345
jid_691628,55929.0,136.0,2,18,3425163,3425163,3425182,JobState.COMPLETED,1.0,0,0,0,176.53061224489795,176.53061224489795,6355.102040816326
jid_691631,55929.0,136.0,2,18,3425165,3425165,3425184,JobState.COMPLETED,1.0,0,0,0,176.53061224489795,176.53061224489795,6355.102040816326
jid_691640,55929.0,136.0,2,16,3425175,3425175,3425192,JobState.COMPLETED,1.0,0,0,0,176.53061224489795,176.53061224489795,5648.9795918367345
jid_691660,17.0,163.0,4,3933,3421366,3421366,3425300,JobState.COMPLETED,1.0,0,0,0,176.53061224489687,176.53061224489795,2777179.5918367174
jid_691664,55929.0,136.0,2,19,3425302,3425302,3425322,JobState.COMPLETED,1.0,0,0,0,176.53061224489795,176.53061224489795,6708.163265306122
jid_691665,55929.0,136.0,2,18,3425303,3425303,3425322,JobState.COMPLETED,1.0,0,0,0,176.53061224489795,176.53061224489795,6355.102040816326
jid_691669,55929.0,136.0,2,20,3425309,3425309,3425330,JobState.COMPLETED,1.0,0,0,0,176.53061224489795,176.53061224489795,7061.224489795918
jid_691704,55929.0,136.0,2,17,3425317,3425317,3425335,JobState.COMPLETED,1.0,0,0,0,176.53061224489795,176.53061224489795,6002.04081632653
jid_691677,55929.0,136.0,2,18,3425322,3425322,3425341,JobState.COMPLETED,1.0,0,0,0,176.53061224489795,176.53061224489795,6355.102040816326
jid_691687,55929.0,136.0,2,17,3425335,3425335,3425353,JobState.COMPLETED,1.0,0,0,0,176.53061224489795,176.53061224489795,6002.04081632653
jid_691688,62657.0,608.0,64,145,3425208,3425208,3425354,JobState.COMPLETED,1.0,0,0,0,176.5306122448979,176.53061224489795,1638204.0816326526
jid_691698,62867.0,623.0,1,61,3425312,3425312,3425374,JobState.COMPLETED,1.0,0,0,0,176.53061224489798,176.53061224489795,10768.367346938778
jid_691733,55929.0,136.0,2,17,3425470,3425470,3425488,JobState.COMPLETED,1.0,0,0,0,176.53061224489795,176.53061224489795,6002.04081632653
jid_691744,55929.0,136.0,2,16,3425478,3425478,3425495,JobState.COMPLETED,1.0,0,0,0,176.53061224489795,176.53061224489795,5648.9795918367345
jid_688436,62787.0,522.0,12,11897,3346538,3413679,3425577,JobState.COMPLETED,1.0,0,0,0,176.53061224489485,176.53061224489795,25202216.326530166
jid_691749,55929.0,136.0,2,16,3425616,3425616,3425633,JobState.COMPLETED,1.0,0,0,0,176.53061224489795,176.53061224489795,5648.9795918367345
jid_691756,55929.0,136.0,2,16,3425626,3425626,3425643,JobState.COMPLETED,1.0,0,0,0,176.53061224489795,176.53061224489795,5648.9795918367345
jid_691775,55929.0,136.0,2,19,3425752,3425752,3425772,JobState.COMPLETED,1.0,0,0,0,176.53061224489795,176.53061224489795,6708.163265306122
jid_691260,34.0,573.0,688,21492,3401174,3404301,3425794,JobState.COMPLETED,1.0,0,0,0,176.5306122448988,176.53061224489795,2610269191.836747
jid_691787,1267.0,537.0,234,85,3425860,3425860,3425946,JobState.COMPLETED,1.0,0,0,0,176.53061224489798,176.53061224489798,3511193.8775510206
jid_691789,59135.0,278.0,1,43,3425915,3425915,3425959,JobState.COMPLETED,1.0,0,0,0,176.53061224489795,176.53061224489795,7590.816326530612
jid_691793,55929.0,136.0,2,17,3426000,3426000,3426018,JobState.COMPLETED,1.0,0,0,0,176.53061224489795,176.53061224489795,6002.04081632653
jid_688755,1267.0,537.0,234,12510,3355751,3413553,3426064,JobState.COMPLETED,1.0,0,0,0,176.53061224489383,176.53061224489798,516765122.44896746
jid_691798,59135.0,278.0,1,43,3426030,3426030,3426074,JobState.COMPLETED,1.0,0,0,0,176.53061224489795,176.53061224489795,7590.816326530612
jid_691802,59135.0,278.0,1,43,3426090,3426090,3426134,JobState.COMPLETED,1.0,0,0,0,176.53061224489795,176.53061224489795,7590.816326530612
jid_691804,34.0,584.0,15,57,3426107,3426107,3426165,JobState.COMPLETED,1.0,0,0,0,176.53061224489795,176.53061224489795,150933.67346938775
jid_691820,34.0,485.0,483,251,3426264,3426264,3426516,JobState.COMPLETED,1.0,0,0,0,176.53061224489792,176.53061224489795,21401335.71428571
jid_691819,62762.0,147.0,1,48,3426471,3426471,3426520,JobState.COMPLETED,0.5718134477080185,0,0,0,124.0996058417982,124.09960584179818,5956.781080406314
jid_691831,62761.0,263.0,15,8923,3417933,3417933,3426857,JobState.COMPLETED,1.0,0,0,0,176.5306122448949,176.53061224489795,23627739.79591796
jid_691843,1309.9999999999927,3.0,64,13468,3411295,3413679,3427148,JobState.COMPLETED,1.0,0,0,0,176.53061224490312,176.53061224489795,152160914.28571874
jid_691880,59135.0,278.0,1,38,3427747,3427747,3427786,JobState.COMPLETED,1.0,0,0,0,176.53061224489795,176.53061224489795,6708.163265306122
jid_691877,59135.0,278.0,1,41,3427745,3427745,3427787,JobState.COMPLETED,1.0,0,0,0,176.53061224489795,176.53061224489795,7237.755102040816
jid_691874,59135.0,278.0,1,40,3427746,3427746,3427787,JobState.COMPLETED,1.0,0,0,0,176.53061224489795,176.53061224489795,7061.224489795918
jid_691884,59135.0,278.0,1,40,3427747,3427747,3427788,JobState.COMPLETED,1.0,0,0,0,176.53061224489795,176.53061224489795,7061.224489795918
jid_691883,59135.0,278.0,1,39,3427748,3427748,3427788,JobState.COMPLETED,1.0,0,0,0,176.53061224489795,176.53061224489795,6884.69387755102
jid_691885,59135.0,278.0,1,43,3427746,3427746,3427790,JobState.COMPLETED,1.0,0,0,0,176.53061224489795,176.53061224489795,7590.816326530612
jid_691907,40596.0,178.0,128,75,3427977,3427977,3428053,JobState.COMPLETED,0.5464833617313817,0,0,0,120.99796266098552,120.99796266098552,1161580.441545461
jid_692061,41294.0,476.0,512,992,3428118,3428118,3429111,JobState.COMPLETED,0.5669194990449885,0,0,0,123.50034682183518,123.50034682183532,62726320.152197376
jid_692095,61545.0,557.0,8,249,3429776,3429776,3430026,JobState.COMPLETED,1.0,0,0,0,176.5306122448979,176.53061224489795,351648.9795918366
jid_692099,376.0,587.0,1,20,3430045,3430045,3430066,JobState.COMPLETED,1.0,0,0,0,176.53061224489795,176.53061224489795,3530.612244897959
jid_692103,61545.0,557.0,8,341,3429775,3429775,3430117,JobState.COMPLETED,1.0,0,0,0,176.530612244898,176.53061224489795,481575.5102040818
jid_692120,61545.0,557.0,8,335,3429872,3429872,3430208,JobState.COMPLETED,1.0,0,0,0,176.530612244898,176.53061224489795,473102.0408163267
jid_692129,301.0,549.0,385,4087,3426122,3426122,3430210,JobState.COMPLETED,1.0,0,0,0,176.53061224489934,176.53061224489795,277770035.7142879
jid_692149,40580.0,178.0,64,135,3430516,3430516,3430652,JobState.COMPLETED,0.6086670331919566,0,0,0,128.61228977860694,128.61228977860694,1111210.183687164
jid_692151,40558.0,178.0,32,182,3430510,3430510,3430693,JobState.COMPLETED,0.6408420036247634,0,0,0,132.55208207650168,132.55208207650165,771983.3260135457
jid_692152,60337.0,178.0,32,282,3430411,3430411,3430694,JobState.COMPLETED,0.6783886465904184,0,0,0,137.14963019474501,137.1496301947451,1237638.262877379
jid_692153,55507.0,172.0,385,0,3430698,3430698,3430699,JobState.COMPLETED,1.0,0,0,0,176.53061224489795,176.53061224489795,0.0
jid_692155,62657.0,608.0,255,73,3430700,3430700,3430774,JobState.COMPLETED,1.0,0,0,0,176.53061224489798,176.53061224489795,3286117.346938776
jid_692177,62653.0,600.0,192,915,3430598,3430598,3431514,JobState.COMPLETED,1.0,0,0,0,176.53061224489815,176.53061224489795,31012897.959183708
jid_692176,301.0,568.0,4,2939,3428590,3428590,3431530,JobState.COMPLETED,1.0,0,0,0,176.53061224489701,176.53061224489795,2075293.8775510094
jid_692179,40527.0,230.0,704,305,3431385,3431385,3431691,JobState.COMPLETED,0.5080180358387748,0,0,0,116.28792275576834,116.28792275576834,24969342.774118576
jid_692185,62885.0,96.0,48,1716,3430373,3430373,3432090,JobState.COMPLETED,0.7222706123137783,0,0,0,142.52293212005506,142.5229321200545,11739328.872864695
jid_692131,62501.0,557.0,15,2339,3429874,3429874,3432214,JobState.COMPLETED,1.0,0,0,0,176.53061224489872,176.53061224489795,6193576.530612271
jid_692191,62657.0,608.0,64,94,3432283,3432283,3432378,JobState.COMPLETED,0.6436712738686797,0,0,0,132.89852333085875,132.89852333085875,799517.5163584462
jid_692131,62565.0,557.0,15,2796,3429874,3429874,3432671,JobState.COMPLETED,1.0,0,0,0,176.53061224489883,176.53061224489795,7403693.877551056
jid_692201,55952.0,191.0,1,17,3432709,3432709,3432727,JobState.COMPLETED,1.0,0,0,0,176.53061224489795,176.53061224489795,3001.020408163265
jid_692210,55952.0,191.0,1,15,3432711,3432711,3432727,JobState.COMPLETED,1.0,0,0,0,176.53061224489795,176.53061224489795,2647.9591836734694
jid_692221,55952.0,191.0,1,16,3432711,3432711,3432728,JobState.COMPLETED,1.0,0,0,0,176.53061224489795,176.53061224489795,2824.4897959183672
jid_692092,62501.0,557.0,8,3369,3429777,3429777,3433147,JobState.COMPLETED,1.0,0,0,0,176.53061224489696,176.53061224489795,4757853.061224462
jid_692101,62565.0,557.0,8,3386,3429777,3429777,3433164,JobState.COMPLETED,1.0,0,0,0,176.53061224489696,176.53061224489795,4781861.224489769
jid_692093,62501.0,557.0,8,3421,3429778,3429778,3433200,JobState.COMPLETED,1.0,0,0,0,176.53061224489693,176.53061224489795,4831289.795918339
jid_692233,301.0,549.0,385,7788,3425447,3425447,3433236,JobState.COMPLETED,1.0,0,0,0,176.53061224489713,176.53061224489795,529305857.14285463
jid_692100,62565.0,557.0,8,3528,3429776,3429776,3433305,JobState.COMPLETED,1.0,0,0,0,176.53061224489693,176.53061224489795,4982399.999999971
jid_692237,62657.0,608.0,216,95,3433318,3433318,3433414,JobState.COMPLETED,1.0,0,0,0,176.53061224489798,176.53061224489795,3622408.1632653065
jid_692242,62580.0,556.0,24,254,3433432,3433432,3433687,JobState.COMPLETED,1.0,0,0,0,176.53061224489784,176.53061224489795,1076130.6122448973
jid_689723,51.0,39.0,48,29826,3374885,3404301,3434128,JobState.COMPLETED,1.0,0,0,0,176.53061224489292,176.53061224489795,252729697.95917648
jid_689733,51.0,39.0,48,30171,3374889,3404301,3434473,JobState.COMPLETED,1.0,0,0,0,176.53061224489292,176.53061224489795,255653044.8979519
jid_692301,55952.0,191.0,1,16,3434581,3434581,3434598,JobState.COMPLETED,1.0,0,0,0,176.53061224489795,176.53061224489795,2824.4897959183672
jid_692271,55952.0,191.0,1,16,3434598,3434598,3434615,JobState.COMPLETED,1.0,0,0,0,176.53061224489795,176.53061224489795,2824.4897959183672
jid_692278,55952.0,191.0,1,17,3434607,3434607,3434625,JobState.COMPLETED,1.0,0,0,0,176.53061224489795,176.53061224489795,3001.020408163265
jid_692308,55952.0,191.0,1,16,3434614,3434614,3434631,JobState.COMPLETED,1.0,0,0,0,176.53061224489795,176.53061224489795,2824.4897959183672
jid_692300,55952.0,191.0,1,16,3434648,3434648,3434665,JobState.COMPLETED,1.0,0,0,0,176.53061224489795,176.53061224489795,2824.4897959183672
jid_692299,55952.0,191.0,1,16,3434648,3434648,3434665,JobState.COMPLETED,1.0,0,0,0,176.53061224489795,176.53061224489795,2824.4897959183672
jid_692314,62580.0,556.0,24,256,3434829,3434829,3435086,JobState.COMPLETED,1.0,0,0,0,176.53061224489784,176.53061224489795,1084604.0816326523
jid_692319,62762.0,147.0,1,107,3435075,3435075,3435183,JobState.COMPLETED,0.5512342334245901,0,0,0,121.5797020519906,121.57970205199062,13009.028119562994
jid_692465,61957.0,605.0,15,2,3436972,3436972,3436975,JobState.COMPLETED,1.0,0,0,0,176.53061224489795,176.53061224489795,5295.918367346939
jid_692499,207.0,512.0,160,131,3437977,3437977,3438109,JobState.COMPLETED,0.5243741367005275,0,0,0,118.29071061639112,118.29071061639111,2479373.294519558
jid_688629,62745.0,263.0,15,24580,3339183,3413616,3438197,JobState.COMPLETED,1.0,0,0,0,176.5306122448928,176.53061224489795,65086836.73469198
jid_692510,62858.0,54.0,528,11,3438455,3438455,3438467,JobState.COMPLETED,1.0,0,0,0,176.53061224489795,176.53061224489795,1025289.7959183673
jid_692512,207.0,512.0,160,133,3438416,3438416,3438550,JobState.COMPLETED,0.5235856521430988,0,0,0,118.19416148691012,118.19416148691008,2515171.7564414474
jid_692517,62886.0,583.0,512,1052,3437596,3437596,3438649,JobState.COMPLETED,1.0,0,0,0,176.53061224489795,176.53061224489795,95083624.48979591
jid_692519,61957.0,605.0,15,4,3438894,3438894,3438899,JobState.COMPLETED,1.0,0,0,0,176.53061224489795,176.53061224489795,10591.836734693878
jid_692528,34.0,339.0,1,0,3439200,3439200,3439201,JobState.COMPLETED,1.0,0,0,0,176.53061224489795,176.53061224489795,0.0
jid_692531,61940.0,262.0,4,19,3439351,3439351,3439371,JobState.COMPLETED,0.5398914264970274,0,0,0,120.19078691800335,120.19078691800335,9134.499805768255
jid_692541,36642.0,626.0,1,30,3439510,3439510,3439541,JobState.COMPLETED,1.0,0,0,0,176.53061224489795,176.53061224489795,5295.918367346939
jid_692543,36642.0,626.0,1,29,3439521,3439521,3439551,JobState.COMPLETED,1.0,0,0,0,176.53061224489795,176.53061224489795,5119.3877551020405
jid_692548,36642.0,626.0,1,29,3439546,3439546,3439576,JobState.COMPLETED,1.0,0,0,0,176.53061224489795,176.53061224489795,5119.3877551020405
jid_692551,36642.0,626.0,1,29,3439556,3439556,3439586,JobState.COMPLETED,1.0,0,0,0,176.53061224489795,176.53061224489795,5119.3877551020405
jid_692558,36642.0,626.0,1,29,3439597,3439597,3439627,JobState.COMPLETED,1.0,0,0,0,176.53061224489795,176.53061224489795,5119.3877551020405
jid_692559,36642.0,626.0,1,29,3439603,3439603,3439633,JobState.COMPLETED,1.0,0,0,0,176.53061224489795,176.53061224489795,5119.3877551020405
jid_692560,36642.0,626.0,1,30,3439608,3439608,3439639,JobState.COMPLETED,1.0,0,0,0,176.53061224489795,176.53061224489795,5295.918367346939
jid_692563,36642.0,626.0,1,30,3439623,3439623,3439654,JobState.COMPLETED,1.0,0,0,0,176.53061224489795,176.53061224489795,5295.918367346939
jid_692569,36642.0,626.0,1,29,3439654,3439654,3439684,JobState.COMPLETED,1.0,0,0,0,176.53061224489795,176.53061224489795,5119.3877551020405
jid_692571,36642.0,626.0,1,29,3439660,3439660,3439690,JobState.COMPLETED,1.0,0,0,0,176.53061224489795,176.53061224489795,5119.3877551020405
jid_692572,36642.0,626.0,1,30,3439665,3439665,3439696,JobState.COMPLETED,1.0,0,0,0,176.53061224489795,176.53061224489795,5295.918367346939
jid_692573,36642.0,626.0,1,30,3439670,3439670,3439701,JobState.COMPLETED,1.0,0,0,0,176.53061224489795,176.53061224489795,5295.918367346939
jid_692581,36642.0,626.0,1,29,3439680,3439680,3439710,JobState.COMPLETED,1.0,0,0,0,176.53061224489795,176.53061224489795,5119.3877551020405
jid_692575,36642.0,626.0,1,29,3439685,3439685,3439715,JobState.COMPLETED,1.0,0,0,0,176.53061224489795,176.53061224489795,5119.3877551020405
jid_692588,62867.0,623.0,15,13165,3426948,3426948,3440114,JobState.COMPLETED,1.0,0,0,0,176.53061224489383,176.53061224489795,34860382.653060414
jid_692594,62886.0,583.0,512,997,3439203,3439203,3440201,JobState.COMPLETED,1.0,0,0,0,176.53061224489804,176.53061224489795,90112522.44897963
jid_692514,62565.0,557.0,15,1772,3438447,3438447,3440220,JobState.COMPLETED,1.0,0,0,0,176.5306122448985,176.53061224489795,4692183.673469402
jid_692514,62501.0,557.0,15,2167,3438443,3438443,3440611,JobState.COMPLETED,1.0,0,0,0,176.53061224489866,176.53061224489795,5738127.551020431
jid_692607,319.0,436.0,128,12492,3428469,3428469,3440962,JobState.COMPLETED,1.0,0,0,0,176.5306122449025,176.53061224489795,282268212.24490523
jid_692612,62695.0,262.0,4,1834,3439506,3439506,3441341,JobState.COMPLETED,0.6837255513512018,0,0,0,137.80312873688214,137.80312873688186,1010923.7524137674
jid_692612,62718.0,262.0,4,1842,3439509,3439509,3441352,JobState.COMPLETED,0.6763383436456678,0,0,0,136.89857269130607,136.89857269130627,1008668.6835895431
jid_692612,62689.0,262.0,4,1862,3439505,3439505,3441368,JobState.COMPLETED,0.6741194050924257,0,0,0,136.62686592968473,136.62686592968478,1017596.8974442919
jid_692612,62607.0,262.0,4,1871,3439501,3439501,3441373,JobState.COMPLETED,0.6829242725908419,0,0,0,137.70501297030677,137.7050129703072,1030584.3170697759
jid_692612,62735.0,262.0,4,1866,3439511,3439511,3441378,JobState.COMPLETED,0.6830167751724445,0,0,0,137.71633981703414,137.71633981703403,1027914.7603943428
jid_692612,62619.0,262.0,4,1876,3439502,3439502,3441379,JobState.COMPLETED,0.6817211639927813,0,0,0,137.55769355013675,137.5576935501365,1032232.9324002261
jid_692612,62697.0,262.0,4,1884,3439506,3439506,3441391,JobState.COMPLETED,0.681387417159667,0,0,0,137.516826590979,137.51682659097963,1036326.8051896178
jid_692612,62605.0,262.0,4,1891,3439501,3439501,3441393,JobState.COMPLETED,0.677219863132825,0,0,0,137.00651385299966,137.006513852999,1036317.2707840895
jid_692612,62741.0,262.0,4,1881,3439512,3439512,3441394,JobState.COMPLETED,0.6818496168441758,0,0,0,137.57342247071568,137.57342247071543,1035102.4306696648
jid_692612,62720.0,262.0,4,1886,3439509,3439509,3441396,JobState.COMPLETED,0.6772660543958625,0,0,0,137.01216992602372,137.01216992602397,1033619.8099219229
jid_692612,62690.0,262.0,4,1891,3439506,3439506,3441398,JobState.COMPLETED,0.6770307170584948,0,0,0,136.98335310920362,136.98335310920345,1036142.0829180161
jid_692612,62693.0,262.0,4,1892,3439506,3439506,3441399,JobState.COMPLETED,0.6767062724675695,0,0,0,136.94362520011057,136.94362520011057,1036389.3555144368
jid_692612,62737.0,262.0,4,1888,3439511,3439511,3441400,JobState.COMPLETED,0.680350463843775,0,0,0,137.38985271556436,137.38985271556427,1037568.1677079421
jid_692612,62632.0,262.0,4,1902,3439503,3439503,3441406,JobState.COMPLETED,0.6757652180048687,0,0,0,136.82839404141214,136.8283940414125,1040990.4218670635
jid_692612,62585.0,262.0,4,1910,3439500,3439500,3441411,JobState.COMPLETED,0.6777870465489948,0,0,0,137.07596488355085,137.07596488355037,1047260.3717103285
jid_692612,62631.0,262.0,4,1908,3439503,3439503,3441412,JobState.COMPLETED,0.6783703387215849,0,0,0,137.1473884148875,137.14738841488796,1046708.8683824214
jid_692612,62682.0,262.0,4,1912,3439505,3439505,3441418,JobState.COMPLETED,0.6649280962574879,0,0,0,135.50139954173298,135.50139954173324,1036314.7036951738
jid_692612,62729.0,262.0,4,1922,3439510,3439510,3441433,JobState.COMPLETED,0.6766580540474098,0,0,0,136.93772090376405,136.93772090376447,1052777.198308138
jid_692612,62712.0,262.0,4,1928,3439508,3439508,3441437,JobState.COMPLETED,0.6757913467030614,0,0,0,136.83159347384466,136.83159347384426,1055245.2488702901
jid_692612,62613.0,262.0,4,1949,3439501,3439501,3441451,JobState.COMPLETED,0.6738193458370877,0,0,0,136.59012398005146,136.59012398005157,1064856.6065484812
jid_692612,62620.0,262.0,4,1953,3439502,3439502,3441456,JobState.COMPLETED,0.6730005314291526,0,0,0,136.48986099132517,136.48986099132483,1066258.7940642321
jid_692612,62709.0,262.0,4,1950,3439508,3439508,3441459,JobState.COMPLETED,0.6735379730584037,0,0,0,136.55567017041645,136.55567017041676,1065134.2273292483
jid_692612,62662.0,262.0,4,1988,3439504,3439504,3441493,JobState.COMPLETED,0.6537172125870363,0,0,0,134.1286382759642,134.12863827596362,1066590.9315704673
jid_692508,62565.0,557.0,8,3547,3437948,3437948,3441496,JobState.COMPLETED,1.0,0,0,0,176.53061224489693,176.53061224489795,5009232.653061195
jid_692503,62565.0,557.0,8,3605,3437948,3437948,3441554,JobState.COMPLETED,1.0,0,0,0,176.53061224489693,176.53061224489795,5091142.8571428275
jid_692503,62501.0,557.0,8,3608,3437948,3437948,3441557,JobState.COMPLETED,1.0,0,0,0,176.53061224489693,176.53061224489795,5095379.591836705
jid_692505,62565.0,557.0,8,3631,3437948,3437948,3441580,JobState.COMPLETED,1.0,0,0,0,176.5306122448969,176.53061224489795,5127861.224489765
jid_692616,41282.0,474.0,1024,13,3441837,3441837,3441851,JobState.COMPLETED,1.0,0,0,0,176.53061224489795,176.53061224489795,2349975.5102040814
jid_692624,55929.0,136.0,2,28,3442099,3442099,3442128,JobState.COMPLETED,1.0,0,0,0,176.53061224489795,176.53061224489795,9885.714285714286
jid_692630,41282.0,474.0,1024,9,3442178,3442178,3442188,JobState.COMPLETED,1.0,0,0,0,176.53061224489795,176.53061224489795,1626906.1224489794
jid_692638,55929.0,136.0,2,49,3442224,3442224,3442274,JobState.COMPLETED,1.0,0,0,0,176.53061224489795,176.53061224489795,17300.0
jid_692661,55929.0,136.0,2,27,3442353,3442353,3442381,JobState.COMPLETED,1.0,0,0,0,176.53061224489795,176.53061224489795,9532.65306122449
jid_692660,55929.0,136.0,2,28,3442477,3442477,3442506,JobState.COMPLETED,1.0,0,0,0,176.53061224489795,176.53061224489795,9885.714285714286
jid_692849,1202.0,119.0,32,22235,3420384,3420384,3442620,JobState.COMPLETED,1.0,0,0,0,176.53061224490622,176.53061224489795,125605061.22449568
jid_692666,55929.0,136.0,2,48,3442599,3442599,3442648,JobState.COMPLETED,1.0,0,0,0,176.53061224489795,176.53061224489795,16946.938775510203
jid_692670,61545.0,557.0,8,178,3442585,3442585,3442764,JobState.COMPLETED,1.0,0,0,0,176.5306122448979,176.53061224489795,251379.59183673462
jid_692695,61545.0,557.0,8,276,3442586,3442586,3442863,JobState.COMPLETED,1.0,0,0,0,176.53061224489792,176.53061224489795,389779.5918367346
jid_692698,61545.0,557.0,8,303,3442586,3442586,3442890,JobState.COMPLETED,1.0,0,0,0,176.53061224489798,176.53061224489795,427910.2040816327
jid_692696,55929.0,136.0,2,26,3442863,3442863,3442890,JobState.COMPLETED,1.0,0,0,0,176.53061224489795,176.53061224489795,9179.591836734693
jid_692744,62896.0,627.0,6,441,3442555,3442555,3442997,JobState.COMPLETED,1.0,0,0,0,176.5306122448978,176.53061224489795,467099.99999999953
jid_692753,62762.0,147.0,1,103,3442957,3442957,3443061,JobState.COMPLETED,0.5527655586652346,0,0,0,121.76721126513077,121.76721126513077,12542.02276030847
jid_692752,55929.0,136.0,2,26,3443034,3443034,3443061,JobState.COMPLETED,1.0,0,0,0,176.53061224489795,176.53061224489795,9179.591836734693
jid_692754,55929.0,136.0,2,5554,3437517,3437517,3443072,JobState.COMPLETED,1.0,0,0,0,176.53061224489676,176.53061224489795,1960902.0408163131
jid_692824,55929.0,136.0,2,26,3443351,3443351,3443378,JobState.COMPLETED,1.0,0,0,0,176.53061224489795,176.53061224489795,9179.591836734693
jid_692827,55929.0,136.0,2,48,3443477,3443477,3443526,JobState.COMPLETED,1.0,0,0,0,176.53061224489795,176.53061224489795,16946.938775510203
jid_692829,55929.0,136.0,2,54,3443480,3443480,3443535,JobState.COMPLETED,1.0,0,0,0,176.53061224489795,176.53061224489795,19065.30612244898
jid_692831,55929.0,136.0,2,48,3443602,3443602,3443651,JobState.COMPLETED,1.0,0,0,0,176.53061224489795,176.53061224489795,16946.938775510203
jid_692842,338.0,147.0,1,470,3444080,3444080,3444551,JobState.COMPLETED,0.7645089744084451,0,0,0,147.69497645817688,147.69497645817697,69416.63893534313
jid_692849,1202.0,119.0,32,24617,3420383,3420383,3445001,JobState.COMPLETED,1.0,0,0,0,176.5306122449067,176.53061224489795,139060930.6122518
jid_692851,60412.0,263.0,15,28207,3416859,3416859,3445067,JobState.COMPLETED,1.0,0,0,0,176.53061224489267,176.53061224489795,74690984.69387531
jid_692631,62565.0,557.0,4,3763,3442033,3442033,3445797,JobState.COMPLETED,1.0,0,0,0,176.5306122448969,176.53061224489795,2657138.775510188
jid_692656,62501.0,557.0,4,3771,3442033,3442033,3445805,JobState.COMPLETED,1.0,0,0,0,176.5306122448969,176.53061224489795,2662787.755102025
jid_692653,62565.0,557.0,4,3779,3442034,3442034,3445814,JobState.COMPLETED,1.0,0,0,0,176.5306122448969,176.53061224489795,2668436.7346938616
jid_692651,62501.0,557.0,4,3844,3442033,3442033,3445878,JobState.COMPLETED,1.0,0,0,0,176.5306122448969,176.53061224489795,2714334.693877535
jid_692631,62501.0,557.0,4,3987,3442033,3442033,3446021,JobState.COMPLETED,1.0,0,0,0,176.53061224489687,176.53061224489795,2815310.2040816154
jid_692694,62501.0,557.0,4,3846,3442587,3442587,3446434,JobState.COMPLETED,1.0,0,0,0,176.5306122448969,176.53061224489795,2715746.9387754938
jid_692694,62565.0,557.0,4,3848,3442587,3442587,3446436,JobState.COMPLETED,1.0,0,0,0,176.5306122448969,176.53061224489795,2717159.183673453
jid_692866,41282.0,474.0,1024,9,3446539,3446539,3446549,JobState.COMPLETED,1.0,0,0,0,176.53061224489795,176.53061224489795,1626906.1224489794
jid_692700,62565.0,557.0,4,4027,3442587,3442587,3446615,JobState.COMPLETED,1.0,0,0,0,176.53061224489687,176.53061224489795,2843555.102040799
jid_692870,55929.0,136.0,2,52,3447213,3447213,3447266,JobState.COMPLETED,1.0,0,0,0,176.53061224489795,176.53061224489795,18359.183673469386
jid_692876,62906.0,585.0,10,21,3447464,3447464,3447486,JobState.COMPLETED,1.0,0,0,0,176.53061224489795,176.53061224489795,37071.428571428565
jid_692878,55929.0,136.0,2,51,3447457,3447457,3447509,JobState.COMPLETED,1.0,0,0,0,176.53061224489795,176.53061224489795,18006.12244897959
jid_692887,55929.0,136.0,2,4827,3442843,3442843,3447671,JobState.COMPLETED,1.0,0,0,0,176.53061224489682,176.53061224489795,1704226.5306122338
jid_692888,55929.0,136.0,2,4683,3443005,3443005,3447689,JobState.COMPLETED,1.0,0,0,0,176.53061224489682,176.53061224489795,1653385.7142857036
jid_692890,55929.0,136.0,2,4675,3443016,3443016,3447692,JobState.COMPLETED,1.0,0,0,0,176.53061224489682,176.53061224489795,1650561.2244897853
jid_692894,55929.0,136.0,2,28,3447705,3447705,3447734,JobState.COMPLETED,1.0,0,0,0,176.53061224489795,176.53061224489795,9885.714285714286
jid_692907,55929.0,136.0,2,4848,3442989,3442989,3447838,JobState.COMPLETED,1.0,0,0,0,176.53061224489682,176.53061224489795,1711640.8163265195
jid_692908,55937.0,191.0,1,13681,3434158,3434158,3447840,JobState.COMPLETED,1.0,0,0,0,176.53061224490324,176.53061224489795,2415115.3061225214
jid_692909,55929.0,136.0,2,4840,3443002,3443002,3447843,JobState.COMPLETED,1.0,0,0,0,176.53061224489682,176.53061224489795,1708816.3265306011
jid_692911,55929.0,136.0,2,28,3447830,3447830,3447859,JobState.COMPLETED,1.0,0,0,0,176.53061224489795,176.53061224489795,9885.714285714286
jid_692914,55929.0,136.0,2,26,3447837,3447837,3447864,JobState.COMPLETED,1.0,0,0,0,176.53061224489795,176.53061224489795,9179.591836734693
jid_692930,55929.0,136.0,2,49,3447831,3447831,3447881,JobState.COMPLETED,1.0,0,0,0,176.53061224489795,176.53061224489795,17300.0
jid_692922,55929.0,136.0,2,4716,3443191,3443191,3447908,JobState.COMPLETED,1.0,0,0,0,176.53061224489682,176.53061224489795,1665036.7346938667
jid_692927,55937.0,191.0,1,13623,3434301,3434301,3447925,JobState.COMPLETED,1.0,0,0,0,176.5306122449032,176.53061224489795,2404876.5306123164
jid_692932,55937.0,191.0,1,13672,3434299,3434299,3447972,JobState.COMPLETED,1.0,0,0,0,176.53061224490324,176.53061224489795,2413526.530612317
jid_692950,55937.0,191.0,1,13654,3434319,3434319,3447974,JobState.COMPLETED,1.0,0,0,0,176.53061224490324,176.53061224489795,2410348.979591909
jid_692935,55937.0,191.0,1,13953,3434024,3434024,3447978,JobState.COMPLETED,1.0,0,0,0,176.5306122449034,176.53061224489795,2463131.632653137
jid_692933,55929.0,136.0,2,4777,3443205,3443205,3447983,JobState.COMPLETED,1.0,0,0,0,176.53061224489682,176.53061224489795,1686573.469387744
jid_692946,55929.0,136.0,2,4841,3443170,3443170,3448012,JobState.COMPLETED,1.0,0,0,0,176.53061224489682,176.53061224489795,1709169.387755091
jid_692947,55929.0,136.0,2,47,3447969,3447969,3448017,JobState.COMPLETED,1.0,0,0,0,176.53061224489795,176.53061224489795,16593.877551020407
jid_692948,55929.0,136.0,2,5002,3443020,3443020,3448023,JobState.COMPLETED,1.0,0,0,0,176.5306122448968,176.53061224489795,1766012.2448979474
jid_692949,55929.0,136.0,2,4828,3443201,3443201,3448030,JobState.COMPLETED,1.0,0,0,0,176.53061224489682,176.53061224489795,1704579.5918367237
jid_692952,55937.0,191.0,1,13880,3434171,3434171,3448052,JobState.COMPLETED,1.0,0,0,0,176.53061224490335,176.53061224489795,2450244.8979592584
jid_692961,55937.0,191.0,1,13902,3434155,3434155,3448058,JobState.COMPLETED,1.0,0,0,0,176.53061224490338,176.53061224489795,2454128.571428647
jid_692954,55929.0,136.0,2,89,3447968,3447968,3448058,JobState.COMPLETED,1.0,0,0,0,176.53061224489795,176.53061224489795,31422.448979591834
jid_692956,55937.0,191.0,1,13784,3434276,3434276,3448061,JobState.COMPLETED,1.0,0,0,0,176.5306122449033,176.53061224489795,2433297.959183747
jid_692968,55929.0,136.0,2,4754,3443341,3443341,3448096,JobState.COMPLETED,1.0,0,0,0,176.53061224489682,176.53061224489795,1678453.061224479
jid_692998,55937.0,191.0,1,13660,3434445,3434445,3448106,JobState.COMPLETED,1.0,0,0,0,176.53061224490324,176.53061224489795,2411408.163265378
jid_692990,55937.0,191.0,1,13871,3434293,3434293,3448165,JobState.COMPLETED,1.0,0,0,0,176.53061224490335,176.53061224489795,2448656.1224490544
jid_692992,55937.0,191.0,1,13900,3434273,3434273,3448174,JobState.COMPLETED,1.0,0,0,0,176.53061224490338,176.53061224489795,2453775.510204157
jid_693005,55929.0,136.0,2,105,3448111,3448111,3448217,JobState.COMPLETED,1.0,0,0,0,176.53061224489792,176.53061224489795,37071.428571428565
jid_693017,55929.0,136.0,2,27,3448245,3448245,3448273,JobState.COMPLETED,1.0,0,0,0,176.53061224489795,176.53061224489795,9532.65306122449
jid_693023,55929.0,136.0,2,28,3448257,3448257,3448286,JobState.COMPLETED,1.0,0,0,0,176.53061224489795,176.53061224489795,9885.714285714286
jid_693041,55929.0,136.0,2,27,3448384,3448384,3448412,JobState.COMPLETED,1.0,0,0,0,176.53061224489795,176.53061224489795,9532.65306122449
jid_693046,55929.0,136.0,2,25,3448389,3448389,3448415,JobState.COMPLETED,1.0,0,0,0,176.53061224489795,176.53061224489795,8826.530612244898
jid_693055,55929.0,136.0,2,98,3448394,3448394,3448493,JobState.COMPLETED,1.0,0,0,0,176.53061224489792,176.53061224489795,34599.99999999999
jid_693052,55929.0,136.0,2,101,3448392,3448392,3448494,JobState.COMPLETED,1.0,0,0,0,176.53061224489792,176.53061224489795,35659.18367346938
jid_693057,55929.0,136.0,2,27,3448520,3448520,3448548,JobState.COMPLETED,1.0,0,0,0,176.53061224489795,176.53061224489795,9532.65306122449
jid_693094,55929.0,136.0,2,5643,3443010,3443010,3448654,JobState.COMPLETED,1.0,0,0,0,176.53061224489676,176.53061224489795,1992324.4897959048
jid_693185,55929.0,136.0,2,96,3448662,3448662,3448759,JobState.COMPLETED,1.0,0,0,0,176.53061224489792,176.53061224489795,33893.8775510204
jid_693190,55929.0,136.0,2,98,3448664,3448664,3448763,JobState.COMPLETED,1.0,0,0,0,176.53061224489792,176.53061224489795,34599.99999999999
jid_693189,55929.0,136.0,2,5569,3443199,3443199,3448769,JobState.COMPLETED,1.0,0,0,0,176.53061224489676,176.53061224489795,1966197.95918366
jid_693191,62906.0,585.0,10,21,3448760,3448760,3448782,JobState.COMPLETED,1.0,0,0,0,176.53061224489795,176.53061224489795,37071.428571428565
jid_693206,55929.0,136.0,2,5792,3443007,3443007,3448800,JobState.COMPLETED,1.0,0,0,0,176.53061224489676,176.53061224489795,2044930.612244884
jid_693208,55929.0,136.0,2,5717,3443161,3443161,3448879,JobState.COMPLETED,1.0,0,0,0,176.53061224489676,176.53061224489795,2018451.0204081496
jid_693209,55937.0,191.0,1,14855,3434030,3434030,3448886,JobState.COMPLETED,1.0,0,0,0,176.53061224490386,176.53061224489795,2622362.244898047
jid_693211,55929.0,136.0,2,5910,3442990,3442990,3448901,JobState.COMPLETED,1.0,0,0,0,176.53061224489676,176.53061224489795,2086591.8367346798
jid_693218,55929.0,136.0,2,27,3448908,3448908,3448936,JobState.COMPLETED,1.0,0,0,0,176.53061224489795,176.53061224489795,9532.65306122449
jid_693220,55929.0,136.0,2,31,3448910,3448910,3448942,JobState.COMPLETED,1.0,0,0,0,176.53061224489795,176.53061224489795,10944.897959183672
jid_693234,55937.0,191.0,1,14877,3434114,3434114,3448992,JobState.COMPLETED,1.0,0,0,0,176.53061224490386,176.53061224489795,2626245.9183674348
jid_693237,55937.0,191.0,1,14852,3434159,3434159,3449012,JobState.COMPLETED,1.0,0,0,0,176.53061224490386,176.53061224489795,2621832.653061312
jid_693239,55937.0,191.0,1,14905,3434114,3434114,3449020,JobState.COMPLETED,1.0,0,0,0,176.5306122449039,176.53061224489795,2631188.7755102925
jid_693244,55937.0,191.0,1,14915,3434112,3434112,3449028,JobState.COMPLETED,1.0,0,0,0,176.5306122449039,176.53061224489795,2632954.0816327417
jid_693249,55937.0,191.0,1,15013,3434028,3434028,3449042,JobState.COMPLETED,1.0,0,0,0,176.53061224490392,176.53061224489795,2650254.0816327427
jid_693253,55937.0,191.0,1,14919,3434138,3434138,3449058,JobState.COMPLETED,1.0,0,0,0,176.5306122449039,176.53061224489795,2633660.204081721
jid_693255,55937.0,191.0,1,14904,3434157,3434157,3449062,JobState.COMPLETED,1.0,0,0,0,176.5306122449039,176.53061224489795,2631012.2448980478
jid_693258,55937.0,191.0,1,15048,3434027,3434027,3449076,JobState.COMPLETED,1.0,0,0,0,176.53061224490395,176.53061224489795,2656432.6530613145
jid_693267,55929.0,136.0,2,26,3449065,3449065,3449092,JobState.COMPLETED,1.0,0,0,0,176.53061224489795,176.53061224489795,9179.591836734693
jid_693268,55929.0,136.0,2,27,3449066,3449066,3449094,JobState.COMPLETED,1.0,0,0,0,176.53061224489795,176.53061224489795,9532.65306122449
jid_693294,55929.0,136.0,2,46,3449052,3449052,3449099,JobState.COMPLETED,1.0,0,0,0,176.53061224489795,176.53061224489795,16240.816326530612
jid_693273,55929.0,136.0,2,42,3449063,3449063,3449106,JobState.COMPLETED,1.0,0,0,0,176.53061224489795,176.53061224489795,14828.571428571428
jid_693272,55929.0,136.0,2,25,3449080,3449080,3449106,JobState.COMPLETED,1.0,0,0,0,176.53061224489795,176.53061224489795,8826.530612244898
jid_693275,55929.0,136.0,2,28,3449078,3449078,3449107,JobState.COMPLETED,1.0,0,0,0,176.53061224489795,176.53061224489795,9885.714285714286
jid_693314,55937.0,191.0,1,15029,3434111,3434111,3449141,JobState.COMPLETED,1.0,0,0,0,176.53061224490395,176.53061224489795,2653078.5714286612
jid_693290,55937.0,191.0,1,15138,3434023,3434023,3449162,JobState.COMPLETED,1.0,0,0,0,176.53061224490398,176.53061224489795,2672320.4081633566
jid_693332,55937.0,191.0,1,15135,3434027,3434027,3449163,JobState.COMPLETED,1.0,0,0,0,176.53061224490398,176.53061224489795,2671790.816326622
jid_693292,55937.0,191.0,1,14867,3434301,3434301,3449169,JobState.COMPLETED,1.0,0,0,0,176.53061224490386,176.53061224489795,2624480.6122449855
jid_693293,55937.0,191.0,1,15146,3434026,3434026,3449173,JobState.COMPLETED,1.0,0,0,0,176.530612244904,176.53061224489795,2673732.653061316
jid_693308,55937.0,191.0,1,15179,3434022,3434022,3449202,JobState.COMPLETED,1.0,0,0,0,176.530612244904,176.53061224489795,2679558.163265398
jid_693362,55937.0,191.0,1,15030,3434175,3434175,3449206,JobState.COMPLETED,1.0,0,0,0,176.53061224490395,176.53061224489795,2653255.1020409064
jid_693316,55937.0,191.0,1,15191,3434025,3434025,3449217,JobState.COMPLETED,1.0,0,0,0,176.530612244904,176.53061224489795,2681676.530612337
jid_693329,55937.0,191.0,1,14931,3434299,3434299,3449231,JobState.COMPLETED,1.0,0,0,0,176.5306122449039,176.53061224489795,2635778.57142866
jid_693324,55937.0,191.0,1,14913,3434318,3434318,3449232,JobState.COMPLETED,1.0,0,0,0,176.5306122449039,176.53061224489795,2632601.020408252
jid_693331,55937.0,191.0,1,15064,3434174,3434174,3449239,JobState.COMPLETED,1.0,0,0,0,176.53061224490395,176.53061224489795,2659257.142857233
jid_693341,55929.0,136.0,2,27,3449219,3449219,3449247,JobState.COMPLETED,1.0,0,0,0,176.53061224489795,176.53061224489795,9532.65306122449
jid_693348,55929.0,136.0,2,28,3449223,3449223,3449252,JobState.COMPLETED,1.0,0,0,0,176.53061224489795,176.53061224489795,9885.714285714286
jid_693347,55937.0,191.0,1,15122,3434133,3434133,3449256,JobState.COMPLETED,1.0,0,0,0,176.53061224490398,176.53061224489795,2669495.918367438
jid_693349,55937.0,191.0,1,15123,3434134,3434134,3449258,JobState.COMPLETED,1.0,0,0,0,176.53061224490398,176.53061224489795,2669672.4489796828
jid_693356,55937.0,191.0,1,15159,3434109,3434109,3449269,JobState.COMPLETED,1.0,0,0,0,176.530612244904,176.53061224489795,2676027.5510205
jid_693363,55937.0,191.0,1,15131,3434151,3434151,3449283,JobState.COMPLETED,1.0,0,0,0,176.53061224490398,176.53061224489795,2671084.693877642
jid_693419,55937.0,191.0,1,15142,3434152,3434152,3449295,JobState.COMPLETED,1.0,0,0,0,176.530612244904,176.53061224489795,2673026.5306123365
jid_693373,55929.0,136.0,2,70,3449224,3449224,3449295,JobState.COMPLETED,1.0,0,0,0,176.53061224489795,176.53061224489795,24714.285714285714
jid_693391,55937.0,191.0,1,15177,3434135,3434135,3449313,JobState.COMPLETED,1.0,0,0,0,176.530612244904,176.53061224489795,2679205.1020409083
jid_693394,55937.0,191.0,1,15163,3434153,3434153,3449317,JobState.COMPLETED,1.0,0,0,0,176.530612244904,176.53061224489795,2676733.6734694797
jid_693398,55937.0,191.0,1,15155,3434170,3434170,3449326,JobState.COMPLETED,1.0,0,0,0,176.530612244904,176.53061224489795,2675321.4285715204
jid_693400,55937.0,191.0,1,15027,3434298,3434298,3449326,JobState.COMPLETED,1.0,0,0,0,176.53061224490395,176.53061224489795,2652725.5102041718
jid_693402,55937.0,191.0,1,15193,3434134,3434134,3449328,JobState.COMPLETED,1.0,0,0,0,176.530612244904,176.53061224489795,2682029.5918368264
jid_693409,55937.0,191.0,1,14867,3434472,3434472,3449340,JobState.COMPLETED,1.0,0,0,0,176.53061224490386,176.53061224489795,2624480.6122449855
jid_693471,55929.0,136.0,2,28,3449364,3449364,3449393,JobState.COMPLETED,1.0,0,0,0,176.53061224489795,176.53061224489795,9885.714285714286
jid_693438,55937.0,191.0,1,14918,3434484,3434484,3449403,JobState.COMPLETED,1.0,0,0,0,176.5306122449039,176.53061224489795,2633483.6734694764
jid_693453,55937.0,191.0,1,15143,3434293,3434293,3449437,JobState.COMPLETED,1.0,0,0,0,176.530612244904,176.53061224489795,2673203.061224581
jid_693527,55937.0,191.0,1,15187,3434274,3434274,3449462,JobState.COMPLETED,1.0,0,0,0,176.530612244904,176.53061224489795,2680970.408163357
jid_693469,55937.0,191.0,1,15150,3434312,3434312,3449463,JobState.COMPLETED,1.0,0,0,0,176.530612244904,176.53061224489795,2674438.7755102958
jid_693512,55937.0,191.0,1,15173,3434294,3434294,3449468,JobState.COMPLETED,1.0,0,0,0,176.530612244904,176.53061224489795,2678498.9795919284
jid_693529,55937.0,191.0,1,15156,3434315,3434315,3449472,JobState.COMPLETED,1.0,0,0,0,176.530612244904,176.53061224489795,2675497.959183765
jid_693482,55937.0,191.0,1,15181,3434311,3434311,3449493,JobState.COMPLETED,1.0,0,0,0,176.530612244904,176.53061224489795,2679911.2244898877
jid_693520,55937.0,191.0,1,15030,3434465,3434465,3449496,JobState.COMPLETED,1.0,0,0,0,176.53061224490395,176.53061224489795,2653255.1020409064
jid_693488,55937.0,191.0,1,15057,3434443,3434443,3449501,JobState.COMPLETED,1.0,0,0,0,176.53061224490395,176.53061224489795,2658021.428571519
jid_693495,55937.0,191.0,1,15050,3434464,3434464,3449515,JobState.COMPLETED,1.0,0,0,0,176.53061224490395,176.53061224489795,2656785.7142858044
jid_693493,55929.0,136.0,2,28,3449486,3449486,3449515,JobState.COMPLETED,1.0,0,0,0,176.53061224489795,176.53061224489795,9885.714285714286
jid_693501,55937.0,191.0,1,15050,3434471,3434471,3449522,JobState.COMPLETED,1.0,0,0,0,176.53061224490395,176.53061224489795,2656785.7142858044
jid_693511,55937.0,191.0,1,15070,3434471,3434471,3449542,JobState.COMPLETED,1.0,0,0,0,176.53061224490395,176.53061224489795,2660316.3265307024
jid_693514,55937.0,191.0,1,15254,3434295,3434295,3449550,JobState.COMPLETED,1.0,0,0,0,176.53061224490403,176.53061224489795,2692797.959183766
jid_693532,55929.0,136.0,2,28,3449613,3449613,3449642,JobState.COMPLETED,1.0,0,0,0,176.53061224489795,176.53061224489795,9885.714285714286
jid_693533,55929.0,136.0,2,31,3449612,3449612,3449644,JobState.COMPLETED,1.0,0,0,0,176.53061224489795,176.53061224489795,10944.897959183672
jid_693539,62565.0,557.0,8,9,3449634,3449634,3449644,JobState.COMPLETED,1.0,0,0,0,176.53061224489795,176.53061224489795,12710.204081632652
jid_693538,62501.0,557.0,8,94,3449634,3449634,3449729,JobState.COMPLETED,1.0,0,0,0,176.53061224489792,176.53061224489795,132751.02040816323
jid_693541,62837.0,200.0,1,1187,3448720,3448720,3449908,JobState.COMPLETED,1.0,0,0,0,176.53061224489778,176.53061224489795,209541.83673469367
jid_693542,62580.0,556.0,24,256,3449741,3449741,3449998,JobState.COMPLETED,1.0,0,0,0,176.53061224489784,176.53061224489795,1084604.0816326523
jid_693543,62898.0,21.0,10,48,3449984,3449984,3450033,JobState.COMPLETED,1.0,0,0,0,176.53061224489798,176.53061224489795,84734.69387755104
jid_693613,62913.0,200.0,640,382,3450729,3450729,3451112,JobState.COMPLETED,0.8444867333837326,0,0,0,157.4881714347428,157.48817143474278,38502708.15236592
jid_693615,108.0,174.0,384,40,3451223,3451223,3451264,JobState.COMPLETED,1.0,0,0,0,176.53061224489795,176.53061224489795,2711510.2040816327
jid_688827,56413.0,533.0,80,46984,3348655,3404301,3451286,JobState.COMPLETED,1.0,0,0,0,176.53061224490497,176.53061224489795,663529142.8571692
jid_693621,108.0,174.0,384,30,3451606,3451606,3451637,JobState.COMPLETED,1.0,0,0,0,176.53061224489795,176.53061224489795,2033632.6530612246
jid_693624,62767.0,556.0,24,457,3451275,3451275,3451733,JobState.COMPLETED,1.0,0,0,0,176.5306122448978,176.53061224489795,1936187.7551020393
jid_693526,62501.0,557.0,8,2262,3449484,3449484,3451747,JobState.COMPLETED,1.0,0,0,0,176.53061224489718,176.53061224489795,3194497.9591836594
jid_693638,61545.0,557.0,8,225,3452006,3452006,3452232,JobState.COMPLETED,1.0,0,0,0,176.53061224489787,176.53061224489795,317755.10204081616
jid_693641,61545.0,557.0,8,245,3452006,3452006,3452252,JobState.COMPLETED,1.0,0,0,0,176.5306122448979,176.53061224489795,345999.9999999999
jid_693647,62917.0,601.0,15,0,3452939,3452939,3452940,JobState.COMPLETED,1.0,0,0,0,176.53061224489795,176.53061224489795,0.0
jid_689130,62745.0,263.0,15,39449,3339177,3413588,3453038,JobState.COMPLETED,1.0,0,0,0,176.5306122449046,176.53061224489795,104459341.83673862
jid_693650,62913.0,200.0,640,305,3452830,3452830,3453136,JobState.COMPLETED,0.7439508538546475,0,0,0,145.17765557403843,145.17765557403848,28338678.3680523
jid_693652,62915.0,200.0,640,381,3452830,3452830,3453212,JobState.COMPLETED,0.7352055159693193,0,0,0,144.10679787379416,144.10679787379422,35139001.593545966
jid_693653,57868.0,593.0,2,23,3453207,3453207,3453231,JobState.COMPLETED,1.0,0,0,0,176.53061224489795,176.53061224489795,8120.408163265306
jid_693656,103.0,468.0,2999,823,3452917,3452917,3453741,JobState.COMPLETED,1.0,0,0,0,176.5306122448981,176.53061224489795,435708796.93877584
jid_693634,62565.0,557.0,8,2218,3452006,3452006,3454225,JobState.COMPLETED,1.0,0,0,0,176.53061224489718,176.53061224489795,3132359.183673456
jid_693665,797.9999999999927,206.00000000000003,250,15399,3438913,3438913,3454313,JobState.COMPLETED,1.0,0,0,0,176.5306122449023,176.53061224489795,679598724.4898126
jid_693673,55929.0,136.0,2,4370,3450097,3450097,3454468,JobState.COMPLETED,1.0,0,0,0,176.53061224489684,176.53061224489795,1542877.5510203985
jid_693675,55929.0,136.0,2,29,3454441,3454441,3454471,JobState.COMPLETED,1.0,0,0,0,176.53061224489795,176.53061224489795,10238.775510204081
jid_693681,55929.0,136.0,2,4042,3450502,3450502,3454545,JobState.COMPLETED,1.0,0,0,0,176.53061224489687,176.53061224489795,1427073.4693877464
jid_693684,55929.0,136.0,2,4220,3450358,3450358,3454579,JobState.COMPLETED,1.0,0,0,0,176.53061224489684,176.53061224489795,1489918.3673469294
jid_693695,55929.0,136.0,2,4112,3450518,3450518,3454631,JobState.COMPLETED,1.0,0,0,0,176.53061224489687,176.53061224489795,1451787.7551020319
jid_693703,55929.0,136.0,2,28,3454699,3454699,3454728,JobState.COMPLETED,1.0,0,0,0,176.53061224489795,176.53061224489795,9885.714285714286
jid_693705,55929.0,136.0,2,28,3454704,3454704,3454733,JobState.COMPLETED,1.0,0,0,0,176.53061224489795,176.53061224489795,9885.714285714286
jid_693713,55929.0,136.0,2,51,3454705,3454705,3454757,JobState.COMPLETED,1.0,0,0,0,176.53061224489795,176.53061224489795,18006.12244897959
jid_693714,62922.0,562.0,1,74,3454697,3454697,3454772,JobState.COMPLETED,1.0,0,0,0,176.53061224489795,176.53061224489795,13063.265306122448
jid_693715,62910.0,200.0,1,1121,3453659,3453659,3454781,JobState.COMPLETED,1.0,0,0,0,176.53061224489787,176.53061224489795,197890.8163265305
jid_693719,55929.0,136.0,2,4335,3450489,3450489,3454825,JobState.COMPLETED,1.0,0,0,0,176.53061224489684,176.53061224489795,1530520.4081632555
jid_693722,55929.0,136.0,2,28,3454831,3454831,3454860,JobState.COMPLETED,1.0,0,0,0,176.53061224489795,176.53061224489795,9885.714285714286
jid_693728,55929.0,136.0,2,47,3454834,3454834,3454882,JobState.COMPLETED,1.0,0,0,0,176.53061224489795,176.53061224489795,16593.877551020407
jid_693733,55929.0,136.0,2,4245,3450646,3450646,3454892,JobState.COMPLETED,1.0,0,0,0,176.53061224489684,176.53061224489795,1498744.8979591741
jid_693735,55929.0,136.0,2,4261,3450643,3450643,3454905,JobState.COMPLETED,1.0,0,0,0,176.53061224489684,176.53061224489795,1504393.8775510108
jid_693739,55929.0,136.0,2,28,3454962,3454962,3454991,JobState.COMPLETED,1.0,0,0,0,176.53061224489795,176.53061224489795,9885.714285714286
jid_693740,55929.0,136.0,2,27,3454965,3454965,3454993,JobState.COMPLETED,1.0,0,0,0,176.53061224489795,176.53061224489795,9532.65306122449
jid_693767,55929.0,136.0,2,4767,3450491,3450491,3455259,JobState.COMPLETED,1.0,0,0,0,176.53061224489682,176.53061224489795,1683042.8571428463
jid_693771,55929.0,136.0,2,51,3455225,3455225,3455277,JobState.COMPLETED,1.0,0,0,0,176.53061224489795,176.53061224489795,18006.12244897959
jid_693776,55929.0,136.0,2,5065,3450232,3450232,3455298,JobState.COMPLETED,1.0,0,0,0,176.5306122448968,176.53061224489795,1788255.1020408045
jid_693778,55929.0,136.0,2,5081,3450230,3450230,3455312,JobState.COMPLETED,1.0,0,0,0,176.5306122448968,176.53061224489795,1793904.0816326411
jid_693786,55929.0,136.0,2,4874,3450507,3450507,3455382,JobState.COMPLETED,1.0,0,0,0,176.53061224489682,176.53061224489795,1720820.4081632541
jid_693788,55929.0,136.0,2,28,3455355,3455355,3455384,JobState.COMPLETED,1.0,0,0,0,176.53061224489795,176.53061224489795,9885.714285714286
jid_692849,1202.0,119.0,32,35069,3420385,3420385,3455455,JobState.COMPLETED,1.0,0,0,0,176.53061224489906,176.53061224489795,198104065.30612367
jid_693794,55929.0,136.0,2,5011,3450493,3450493,3455505,JobState.COMPLETED,1.0,0,0,0,176.5306122448968,176.53061224489795,1769189.7959183557
jid_693797,55929.0,136.0,2,28,3455482,3455482,3455511,JobState.COMPLETED,1.0,0,0,0,176.53061224489795,176.53061224489795,9885.714285714286
jid_693802,55929.0,136.0,2,5049,3450509,3450509,3455559,JobState.COMPLETED,1.0,0,0,0,176.5306122448968,176.53061224489795,1782606.1224489678
jid_693803,55929.0,136.0,2,5085,3450488,3450488,3455574,JobState.COMPLETED,1.0,0,0,0,176.5306122448968,176.53061224489795,1795316.3265306004
jid_693806,55929.0,136.0,2,28,3455607,3455607,3455636,JobState.COMPLETED,1.0,0,0,0,176.53061224489795,176.53061224489795,9885.714285714286
jid_693807,55929.0,136.0,2,27,3455610,3455610,3455638,JobState.COMPLETED,1.0,0,0,0,176.53061224489795,176.53061224489795,9532.65306122449
jid_693810,55929.0,136.0,2,45,3455611,3455611,3455657,JobState.COMPLETED,1.0,0,0,0,176.53061224489795,176.53061224489795,15887.755102040815
jid_693812,55929.0,136.0,2,5075,3450645,3450645,3455721,JobState.COMPLETED,1.0,0,0,0,176.5306122448968,176.53061224489795,1791785.7142857024
jid_693831,55929.0,136.0,2,31,3455982,3455982,3456014,JobState.COMPLETED,1.0,0,0,0,176.53061224489795,176.53061224489795,10944.897959183672
jid_693833,276.0,130.0,2,3,3456122,3456122,3456126,JobState.COMPLETED,1.0,0,0,0,176.53061224489795,176.53061224489795,1059.1836734693877
jid_693846,103.0,468.0,2999,531,3456512,3456512,3457044,JobState.COMPLETED,1.0,0,0,0,176.5306122448978,176.53061224489795,281119527.5510202
jid_693873,51.0,39.0,48,11,3457940,3457940,3457952,JobState.COMPLETED,1.0,0,0,0,176.53061224489795,176.53061224489795,93208.16326530612
jid_693875,51.0,39.0,48,60,3458020,3458020,3458081,JobState.COMPLETED,1.0,0,0,0,176.53061224489795,176.53061224489795,508408.16326530615
jid_693876,51.0,39.0,48,61,3458023,3458023,3458085,JobState.COMPLETED,1.0,0,0,0,176.53061224489795,176.53061224489795,516881.63265306124
jid_694143,51.0,39.0,96,312,3460080,3460080,3460393,JobState.COMPLETED,1.0,0,0,0,176.53061224489784,176.53061224489795,5287444.89795918
jid_694147,985.0,593.0,8,544,3460071,3460071,3460616,JobState.COMPLETED,1.0,0,0,0,176.5306122448981,176.53061224489795,768261.2244897966
jid_694149,51.0,39.0,48,7,3460614,3460614,3460622,JobState.COMPLETED,1.0,0,0,0,176.53061224489795,176.53061224489795,59314.28571428572
jid_694171,55929.0,136.0,2,31,3461825,3461825,3461857,JobState.COMPLETED,1.0,0,0,0,176.53061224489795,176.53061224489795,10944.897959183672
jid_694173,41282.0,474.0,1024,20,3461920,3461920,3461941,JobState.COMPLETED,1.0,0,0,0,176.53061224489795,176.53061224489795,3615346.93877551
jid_694178,55929.0,136.0,2,4125,3457925,3457925,3462051,JobState.COMPLETED,1.0,0,0,0,176.53061224489687,176.53061224489795,1456377.5510203992
jid_694181,55929.0,136.0,2,28,3462072,3462072,3462101,JobState.COMPLETED,1.0,0,0,0,176.53061224489795,176.53061224489795,9885.714285714286
jid_694184,55929.0,136.0,2,32,3462071,3462071,3462104,JobState.COMPLETED,1.0,0,0,0,176.53061224489795,176.53061224489795,11297.959183673469
jid_694190,1430.0,21.0,32,17,3462445,3462445,3462463,JobState.COMPLETED,1.0,0,0,0,176.53061224489795,176.53061224489795,96032.65306122448
jid_694191,55929.0,136.0,2,4684,3457797,3457797,3462482,JobState.COMPLETED,1.0,0,0,0,176.53061224489682,176.53061224489795,1653738.7755101933
jid_694215,1430.0,21.0,32,39,3463038,3463038,3463078,JobState.COMPLETED,1.0,0,0,0,176.53061224489795,176.53061224489795,220310.20408163263
jid_694314,41294.0,476.0,512,1612,3461719,3461719,3463332,JobState.COMPLETED,0.6000379370255747,0,0,0,127.55566575823359,127.55566575823363,105277303.39956354
jid_694341,62941.0,583.0,512,786,3464035,3464035,3464822,JobState.COMPLETED,1.0,0,0,0,176.53061224489815,176.53061224489795,71041567.34693885
jid_689806,62836.0,522.0,12,51860,3359927,3413679,3465540,JobState.COMPLETED,1.0,0,0,0,176.53061224489238,176.53061224489795,109858530.61224143
jid_694595,61957.0,605.0,15,4,3466410,3466410,3466415,JobState.COMPLETED,1.0,0,0,0,176.53061224489795,176.53061224489795,10591.836734693878
jid_689428,62745.0,263.0,15,54072,3339170,3413588,3467661,JobState.COMPLETED,1.0,0,0,0,176.53061224491788,176.53061224489795,143180448.979608
jid_694614,58032.0,468.0,3,4172,3465187,3465187,3469360,JobState.COMPLETED,1.0,0,0,0,176.530612244899,176.53061224489795,2209457.1428571558
jid_694615,34.0,573.0,688,42970,3426775,3426775,3469746,JobState.COMPLETED,1.0,0,0,0,176.53061224487777,176.53061224489795,5218838040.81573
jid_689793,60404.0,56.0,1975,57385,3353353,3413544,3470930,JobState.COMPLETED,0.5666487726925711,0,0,0,123.46719665623849,123.4671966562332,13993201033.233534
jid_694876,55929.0,136.0,2,2371,3473126,3473126,3475498,JobState.COMPLETED,1.0,0,0,0,176.53061224489716,176.53061224489795,837108.1632653023
jid_694883,55929.0,136.0,2,3003,3473132,3473132,3476136,JobState.COMPLETED,1.0,0,0,0,176.53061224489701,176.53061224489795,1060242.8571428515
jid_694905,55929.0,136.0,2,32,3476403,3476403,3476436,JobState.COMPLETED,1.0,0,0,0,176.53061224489795,176.53061224489795,11297.959183673469
jid_694902,55929.0,136.0,2,3318,3473120,3473120,3476439,JobState.COMPLETED,1.0,0,0,0,176.53061224489696,176.53061224489795,1171457.1428571362
jid_694910,55929.0,136.0,2,55,3476402,3476402,3476458,JobState.COMPLETED,1.0,0,0,0,176.53061224489795,176.53061224489795,19418.367346938776
jid_694912,55929.0,136.0,2,2911,3473591,3473591,3476503,JobState.COMPLETED,1.0,0,0,0,176.53061224489701,176.53061224489795,1027761.2244897904
jid_694904,55929.0,136.0,2,3228,3473277,3473277,3476506,JobState.COMPLETED,1.0,0,0,0,176.53061224489696,176.53061224489795,1139681.6326530548
jid_694919,55929.0,136.0,2,3407,3473121,3473121,3476529,JobState.COMPLETED,1.0,0,0,0,176.53061224489696,176.53061224489795,1202879.591836728
jid_694913,55929.0,136.0,2,3091,3473459,3473459,3476551,JobState.COMPLETED,1.0,0,0,0,176.530612244897,176.53061224489795,1091312.2448979532
jid_694917,55929.0,136.0,2,2950,3473632,3473632,3476583,JobState.COMPLETED,1.0,0,0,0,176.53061224489701,176.53061224489795,1041530.6122448924
jid_694931,55929.0,136.0,2,2925,3473681,3473681,3476607,JobState.COMPLETED,1.0,0,0,0,176.53061224489701,176.53061224489795,1032704.0816326475
jid_694933,55929.0,136.0,2,3012,3473601,3473601,3476614,JobState.COMPLETED,1.0,0,0,0,176.53061224489701,176.53061224489795,1063420.4081632595
jid_694943,55929.0,136.0,2,3007,3473662,3473662,3476670,JobState.COMPLETED,1.0,0,0,0,176.53061224489701,176.53061224489795,1061655.1020408107
jid_694940,55929.0,136.0,2,3064,3473619,3473619,3476684,JobState.COMPLETED,1.0,0,0,0,176.530612244897,176.53061224489795,1081779.5918367286
jid_694961,55929.0,136.0,2,31,3476663,3476663,3476695,JobState.COMPLETED,1.0,0,0,0,176.53061224489795,176.53061224489795,10944.897959183672
jid_694960,55929.0,136.0,2,29,3476665,3476665,3476695,JobState.COMPLETED,1.0,0,0,0,176.53061224489795,176.53061224489795,10238.775510204081
jid_694944,55929.0,136.0,2,3452,3473259,3473259,3476712,JobState.COMPLETED,1.0,0,0,0,176.53061224489693,176.53061224489795,1218767.3469387684
jid_694941,55929.0,136.0,2,2900,3473818,3473818,3476719,JobState.COMPLETED,1.0,0,0,0,176.53061224489701,176.53061224489795,1023877.5510204027
jid_694953,55929.0,136.0,2,2944,3473863,3473863,3476808,JobState.COMPLETED,1.0,0,0,0,176.53061224489701,176.53061224489795,1039412.2448979536
jid_694979,55929.0,136.0,2,3551,3473258,3473258,3476810,JobState.COMPLETED,1.0,0,0,0,176.53061224489693,176.53061224489795,1253720.4081632579
jid_694978,55929.0,136.0,2,3715,3473104,3473104,3476820,JobState.COMPLETED,1.0,0,0,0,176.5306122448969,176.53061224489795,1311622.448979584
jid_694991,55929.0,136.0,2,30,3476806,3476806,3476837,JobState.COMPLETED,1.0,0,0,0,176.53061224489795,176.53061224489795,10591.836734693878
jid_694989,55929.0,136.0,2,30,3476811,3476811,3476842,JobState.COMPLETED,1.0,0,0,0,176.53061224489795,176.53061224489795,10591.836734693878
jid_694975,55929.0,136.0,2,54,3476797,3476797,3476852,JobState.COMPLETED,1.0,0,0,0,176.53061224489795,176.53061224489795,19065.30612244898
jid_694996,55929.0,136.0,2,3361,3473608,3473608,3476970,JobState.COMPLETED,1.0,0,0,0,176.53061224489696,176.53061224489795,1186638.7755101973
jid_694995,55929.0,136.0,2,3361,3473609,3473609,3476971,JobState.COMPLETED,1.0,0,0,0,176.53061224489696,176.53061224489795,1186638.7755101973
jid_695007,55929.0,136.0,2,28,3476943,3476943,3476972,JobState.COMPLETED,1.0,0,0,0,176.53061224489795,176.53061224489795,9885.714285714286
jid_695005,55929.0,136.0,2,27,3476948,3476948,3476976,JobState.COMPLETED,1.0,0,0,0,176.53061224489795,176.53061224489795,9532.65306122449
jid_695034,55929.0,136.0,2,28,3476959,3476959,3476988,JobState.COMPLETED,1.0,0,0,0,176.53061224489795,176.53061224489795,9885.714285714286
jid_695014,55929.0,136.0,2,27,3476961,3476961,3476989,JobState.COMPLETED,1.0,0,0,0,176.53061224489795,176.53061224489795,9532.65306122449
jid_695037,55929.0,136.0,2,28,3476962,3476962,3476991,JobState.COMPLETED,1.0,0,0,0,176.53061224489795,176.53061224489795,9885.714285714286
jid_695004,55929.0,136.0,2,26,3476972,3476972,3476999,JobState.COMPLETED,1.0,0,0,0,176.53061224489795,176.53061224489795,9179.591836734693
jid_695025,55929.0,136.0,2,59,3476941,3476941,3477001,JobState.COMPLETED,1.0,0,0,0,176.53061224489795,176.53061224489795,20830.61224489796
jid_695009,55929.0,136.0,2,28,3476973,3476973,3477002,JobState.COMPLETED,1.0,0,0,0,176.53061224489795,176.53061224489795,9885.714285714286
jid_695003,55929.0,136.0,2,3433,3473603,3473603,3477037,JobState.COMPLETED,1.0,0,0,0,176.53061224489693,176.53061224489795,1212059.1836734624
jid_695051,55929.0,136.0,2,29,3477101,3477101,3477131,JobState.COMPLETED,1.0,0,0,0,176.53061224489795,176.53061224489795,10238.775510204081
jid_695046,55929.0,136.0,2,27,3477117,3477117,3477145,JobState.COMPLETED,1.0,0,0,0,176.53061224489795,176.53061224489795,9532.65306122449
jid_695072,55929.0,136.0,2,28,3477118,3477118,3477147,JobState.COMPLETED,1.0,0,0,0,176.53061224489795,176.53061224489795,9885.714285714286
jid_695059,55929.0,136.0,2,47,3477120,3477120,3477168,JobState.COMPLETED,1.0,0,0,0,176.53061224489795,176.53061224489795,16593.877551020407
jid_695041,55929.0,136.0,2,3548,3473626,3473626,3477175,JobState.COMPLETED,1.0,0,0,0,176.53061224489693,176.53061224489795,1252661.2244897885
jid_695061,55929.0,136.0,2,54,3477123,3477123,3477178,JobState.COMPLETED,1.0,0,0,0,176.53061224489795,176.53061224489795,19065.30612244898
jid_695069,55929.0,136.0,2,3607,3473624,3473624,3477232,JobState.COMPLETED,1.0,0,0,0,176.53061224489693,176.53061224489795,1273491.8367346865
jid_695076,55929.0,136.0,2,3626,3473623,3473623,3477250,JobState.COMPLETED,1.0,0,0,0,176.53061224489693,176.53061224489795,1280199.9999999925
jid_695082,55929.0,136.0,2,3579,3473675,3473675,3477255,JobState.COMPLETED,1.0,0,0,0,176.53061224489693,176.53061224489795,1263606.1224489722
jid_695095,55929.0,136.0,2,3619,3473655,3473655,3477275,JobState.COMPLETED,1.0,0,0,0,176.53061224489693,176.53061224489795,1277728.571428564
jid_695093,55929.0,136.0,2,56,3477257,3477257,3477314,JobState.COMPLETED,1.0,0,0,0,176.53061224489795,176.53061224489795,19771.428571428572
jid_695121,55929.0,136.0,2,49,3477273,3477273,3477323,JobState.COMPLETED,1.0,0,0,0,176.53061224489795,176.53061224489795,17300.0
jid_695150,55929.0,136.0,2,31,3477412,3477412,3477444,JobState.COMPLETED,1.0,0,0,0,176.53061224489795,176.53061224489795,10944.897959183672
jid_695156,55929.0,136.0,2,28,3477417,3477417,3477446,JobState.COMPLETED,1.0,0,0,0,176.53061224489795,176.53061224489795,9885.714285714286
jid_695123,55929.0,136.0,2,3649,3473806,3473806,3477456,JobState.COMPLETED,1.0,0,0,0,176.5306122448969,176.53061224489795,1288320.4081632576
jid_695144,55929.0,136.0,2,29,3477426,3477426,3477456,JobState.COMPLETED,1.0,0,0,0,176.53061224489795,176.53061224489795,10238.775510204081
jid_695152,55929.0,136.0,2,29,3477431,3477431,3477461,JobState.COMPLETED,1.0,0,0,0,176.53061224489795,176.53061224489795,10238.775510204081
jid_695194,55929.0,136.0,2,31,3477430,3477430,3477462,JobState.COMPLETED,1.0,0,0,0,176.53061224489795,176.53061224489795,10944.897959183672
jid_695161,55929.0,136.0,2,28,3477438,3477438,3477467,JobState.COMPLETED,1.0,0,0,0,176.53061224489795,176.53061224489795,9885.714285714286
jid_695147,55929.0,136.0,2,29,3477440,3477440,3477470,JobState.COMPLETED,1.0,0,0,0,176.53061224489795,176.53061224489795,10238.775510204081
jid_695247,55929.0,136.0,2,3639,3473845,3473845,3477485,JobState.COMPLETED,1.0,0,0,0,176.5306122448969,176.53061224489795,1284789.7959183597
jid_695164,55929.0,136.0,2,46,3477439,3477439,3477486,JobState.COMPLETED,1.0,0,0,0,176.53061224489795,176.53061224489795,16240.816326530612
jid_695139,55929.0,136.0,2,28,3477463,3477463,3477492,JobState.COMPLETED,1.0,0,0,0,176.53061224489795,176.53061224489795,9885.714285714286
jid_695130,55929.0,136.0,2,3665,3473851,3473851,3477517,JobState.COMPLETED,1.0,0,0,0,176.5306122448969,176.53061224489795,1293969.3877550943
jid_695230,55929.0,136.0,2,27,3477598,3477598,3477626,JobState.COMPLETED,1.0,0,0,0,176.53061224489795,176.53061224489795,9532.65306122449
jid_695231,55929.0,136.0,2,29,3477607,3477607,3477637,JobState.COMPLETED,1.0,0,0,0,176.53061224489795,176.53061224489795,10238.775510204081
jid_695284,55929.0,136.0,2,30,3477619,3477619,3477650,JobState.COMPLETED,1.0,0,0,0,176.53061224489795,176.53061224489795,10591.836734693878
jid_695273,55929.0,136.0,2,29,3477621,3477621,3477651,JobState.COMPLETED,1.0,0,0,0,176.53061224489795,176.53061224489795,10238.775510204081
jid_695321,55929.0,136.0,2,31,3477620,3477620,3477652,JobState.COMPLETED,1.0,0,0,0,176.53061224489795,176.53061224489795,10944.897959183672
jid_695271,55929.0,136.0,2,27,3477628,3477628,3477656,JobState.COMPLETED,1.0,0,0,0,176.53061224489795,176.53061224489795,9532.65306122449
jid_695272,55929.0,136.0,2,26,3477629,3477629,3477656,JobState.COMPLETED,1.0,0,0,0,176.53061224489795,176.53061224489795,9179.591836734693
jid_695289,55929.0,136.0,2,48,3477627,3477627,3477676,JobState.COMPLETED,1.0,0,0,0,176.53061224489795,176.53061224489795,16946.938775510203
jid_695335,55929.0,136.0,2,33,3477807,3477807,3477841,JobState.COMPLETED,1.0,0,0,0,176.53061224489795,176.53061224489795,11651.020408163266
jid_695338,55929.0,136.0,2,33,3477811,3477811,3477845,JobState.COMPLETED,1.0,0,0,0,176.53061224489795,176.53061224489795,11651.020408163266
jid_695354,55929.0,136.0,2,32,3477813,3477813,3477846,JobState.COMPLETED,1.0,0,0,0,176.53061224489795,176.53061224489795,11297.959183673469
jid_695334,55929.0,136.0,2,33,3477833,3477833,3477867,JobState.COMPLETED,1.0,0,0,0,176.53061224489795,176.53061224489795,11651.020408163266
jid_695359,55929.0,136.0,2,30,3477837,3477837,3477868,JobState.COMPLETED,1.0,0,0,0,176.53061224489795,176.53061224489795,10591.836734693878
jid_695351,55929.0,136.0,2,65,3477804,3477804,3477870,JobState.COMPLETED,1.0,0,0,0,176.53061224489798,176.53061224489795,22948.979591836738
jid_695345,55929.0,136.0,2,50,3477829,3477829,3477880,JobState.COMPLETED,1.0,0,0,0,176.53061224489795,176.53061224489795,17653.061224489797
jid_695352,55929.0,136.0,2,70,3477814,3477814,3477885,JobState.COMPLETED,1.0,0,0,0,176.53061224489795,176.53061224489795,24714.285714285714
jid_695353,55929.0,136.0,2,69,3477819,3477819,3477889,JobState.COMPLETED,1.0,0,0,0,176.53061224489798,176.53061224489795,24361.22448979592
jid_695369,55929.0,136.0,2,32,3478053,3478053,3478086,JobState.COMPLETED,1.0,0,0,0,176.53061224489795,176.53061224489795,11297.959183673469
jid_695366,55929.0,136.0,2,31,3478061,3478061,3478093,JobState.COMPLETED,1.0,0,0,0,176.53061224489795,176.53061224489795,10944.897959183672
jid_695372,55929.0,136.0,2,52,3478058,3478058,3478111,JobState.COMPLETED,1.0,0,0,0,176.53061224489795,176.53061224489795,18359.183673469386
jid_695385,55929.0,136.0,2,50,3478069,3478069,3478120,JobState.COMPLETED,1.0,0,0,0,176.53061224489795,176.53061224489795,17653.061224489797
jid_695394,55929.0,136.0,2,29,3478216,3478216,3478246,JobState.COMPLETED,1.0,0,0,0,176.53061224489795,176.53061224489795,10238.775510204081
jid_695401,55929.0,136.0,2,46,3478206,3478206,3478253,JobState.COMPLETED,1.0,0,0,0,176.53061224489795,176.53061224489795,16240.816326530612
jid_695420,55929.0,136.0,2,53,3478478,3478478,3478532,JobState.COMPLETED,1.0,0,0,0,176.53061224489795,176.53061224489795,18712.244897959183
jid_694878,56412.0,524.0,27,219658,3256436,3260842,3480501,JobState.COMPLETED,1.0,0,0,0,176.53061224482443,176.53061224489795,1046961753.0607883
jid_695559,55929.0,136.0,2,36,3480999,3480999,3481036,JobState.COMPLETED,1.0,0,0,0,176.53061224489795,176.53061224489795,12710.204081632652
jid_695567,51.0,39.0,96,4672,3477332,3477332,3482005,JobState.COMPLETED,1.0,0,0,0,176.53061224489923,176.53061224489795,79176097.95918424
jid_695568,51.0,39.0,96,4792,3477238,3477238,3482031,JobState.COMPLETED,1.0,0,0,0,176.53061224489932,176.53061224489795,81209730.61224553
jid_695578,55929.0,136.0,2,30,3482498,3482498,3482529,JobState.COMPLETED,1.0,0,0,0,176.53061224489795,176.53061224489795,10591.836734693878
jid_695582,55929.0,136.0,2,1680,3481150,3481150,3482831,JobState.COMPLETED,1.0,0,0,0,176.5306122448974,176.53061224489795,593142.8571428553
jid_695585,55929.0,136.0,2,30,3482984,3482984,3483015,JobState.COMPLETED,1.0,0,0,0,176.53061224489795,176.53061224489795,10591.836734693878
jid_695614,55929.0,136.0,2,31,3483105,3483105,3483137,JobState.COMPLETED,1.0,0,0,0,176.53061224489795,176.53061224489795,10944.897959183672
jid_695641,55929.0,136.0,2,2220,3481292,3481292,3483513,JobState.COMPLETED,1.0,0,0,0,176.53061224489718,176.53061224489795,783795.9183673435
jid_695722,55929.0,136.0,2,28,3483959,3483959,3483988,JobState.COMPLETED,1.0,0,0,0,176.53061224489795,176.53061224489795,9885.714285714286
jid_695735,55929.0,136.0,2,30,3484082,3484082,3484113,JobState.COMPLETED,1.0,0,0,0,176.53061224489795,176.53061224489795,10591.836734693878
jid_695701,34.0,93.0,164,56126,3428003,3428003,3484130,JobState.COMPLETED,1.0,0,0,0,176.53061224489852,176.53061224489795,1624904971.4285765
jid_695757,55929.0,136.0,2,30,3484324,3484324,3484355,JobState.COMPLETED,1.0,0,0,0,176.53061224489795,176.53061224489795,10591.836734693878
jid_695789,55929.0,136.0,2,31,3484690,3484690,3484722,JobState.COMPLETED,1.0,0,0,0,176.53061224489795,176.53061224489795,10944.897959183672
jid_695795,55929.0,136.0,2,49,3484689,3484689,3484739,JobState.COMPLETED,1.0,0,0,0,176.53061224489795,176.53061224489795,17300.0
jid_695835,55929.0,136.0,2,4212,3480682,3480682,3484895,JobState.COMPLETED,1.0,0,0,0,176.53061224489684,176.53061224489795,1487093.877551011
jid_695902,55929.0,136.0,2,4094,3480825,3480825,3484920,JobState.COMPLETED,1.0,0,0,0,176.53061224489687,176.53061224489795,1445432.6530612155
jid_695870,55929.0,136.0,2,3968,3480968,3480968,3484937,JobState.COMPLETED,1.0,0,0,0,176.53061224489687,176.53061224489795,1400946.9387755017
jid_695867,55929.0,136.0,2,4485,3480551,3480551,3485037,JobState.COMPLETED,1.0,0,0,0,176.53061224489684,176.53061224489795,1583479.5918367247
jid_695910,55929.0,136.0,2,4321,3480807,3480807,3485129,JobState.COMPLETED,1.0,0,0,0,176.53061224489684,176.53061224489795,1525577.5510203985
jid_695931,55929.0,136.0,2,3865,3481291,3481291,3485157,JobState.COMPLETED,1.0,0,0,0,176.5306122448969,176.53061224489795,1364581.6326530532
jid_695921,55929.0,136.0,2,4485,3480677,3480677,3485163,JobState.COMPLETED,1.0,0,0,0,176.53061224489684,176.53061224489795,1583479.5918367247
jid_695944,55929.0,136.0,2,4030,3481134,3481134,3485165,JobState.COMPLETED,1.0,0,0,0,176.53061224489687,176.53061224489795,1422836.7346938688
jid_695952,55929.0,136.0,2,4069,3481151,3481151,3485221,JobState.COMPLETED,1.0,0,0,0,176.53061224489687,176.53061224489795,1436606.1224489708
jid_695941,55929.0,136.0,2,29,3485200,3485200,3485230,JobState.COMPLETED,1.0,0,0,0,176.53061224489795,176.53061224489795,10238.775510204081
jid_695961,55929.0,136.0,2,30,3485207,3485207,3485238,JobState.COMPLETED,1.0,0,0,0,176.53061224489795,176.53061224489795,10591.836734693878
jid_695959,55929.0,136.0,2,30,3485212,3485212,3485243,JobState.COMPLETED,1.0,0,0,0,176.53061224489795,176.53061224489795,10591.836734693878
jid_695964,55929.0,136.0,2,47,3485206,3485206,3485254,JobState.COMPLETED,1.0,0,0,0,176.53061224489795,176.53061224489795,16593.877551020407
jid_695956,55929.0,136.0,2,4122,3481154,3481154,3485277,JobState.COMPLETED,1.0,0,0,0,176.53061224489687,176.53061224489795,1455318.3673469299
jid_695965,55929.0,136.0,2,4489,3480818,3480818,3485308,JobState.COMPLETED,1.0,0,0,0,176.53061224489684,176.53061224489795,1584891.836734684
jid_695970,55929.0,136.0,2,4365,3480967,3480967,3485333,JobState.COMPLETED,1.0,0,0,0,176.53061224489684,176.53061224489795,1541112.2448979495
jid_695969,55929.0,136.0,2,4238,3481130,3481130,3485369,JobState.COMPLETED,1.0,0,0,0,176.53061224489684,176.53061224489795,1496273.4693877457
jid_695989,55929.0,136.0,2,31,3485339,3485339,3485371,JobState.COMPLETED,1.0,0,0,0,176.53061224489795,176.53061224489795,10944.897959183672
jid_695982,55929.0,136.0,2,30,3485344,3485344,3485375,JobState.COMPLETED,1.0,0,0,0,176.53061224489795,176.53061224489795,10591.836734693878
jid_695988,55929.0,136.0,2,28,3485361,3485361,3485390,JobState.COMPLETED,1.0,0,0,0,176.53061224489795,176.53061224489795,9885.714285714286
jid_696018,55929.0,136.0,2,27,3485503,3485503,3485531,JobState.COMPLETED,1.0,0,0,0,176.53061224489795,176.53061224489795,9532.65306122449
jid_696006,55929.0,136.0,2,27,3485505,3485505,3485533,JobState.COMPLETED,1.0,0,0,0,176.53061224489795,176.53061224489795,9532.65306122449
jid_696017,55929.0,136.0,2,26,3485508,3485508,3485535,JobState.COMPLETED,1.0,0,0,0,176.53061224489795,176.53061224489795,9179.591836734693
jid_696014,55929.0,136.0,2,29,3485506,3485506,3485536,JobState.COMPLETED,1.0,0,0,0,176.53061224489795,176.53061224489795,10238.775510204081
jid_696033,55929.0,136.0,2,4321,3481286,3481286,3485608,JobState.COMPLETED,1.0,0,0,0,176.53061224489684,176.53061224489795,1525577.5510203985
jid_696051,55929.0,136.0,2,30,3485637,3485637,3485668,JobState.COMPLETED,1.0,0,0,0,176.53061224489795,176.53061224489795,10591.836734693878
jid_696050,55929.0,136.0,2,28,3485642,3485642,3485671,JobState.COMPLETED,1.0,0,0,0,176.53061224489795,176.53061224489795,9885.714285714286
jid_696038,55929.0,136.0,2,29,3485648,3485648,3485678,JobState.COMPLETED,1.0,0,0,0,176.53061224489795,176.53061224489795,10238.775510204081
jid_696041,55929.0,136.0,2,29,3485651,3485651,3485681,JobState.COMPLETED,1.0,0,0,0,176.53061224489795,176.53061224489795,10238.775510204081
jid_696037,55929.0,136.0,2,29,3485658,3485658,3485688,JobState.COMPLETED,1.0,0,0,0,176.53061224489795,176.53061224489795,10238.775510204081
jid_696056,55929.0,136.0,2,4412,3481288,3481288,3485701,JobState.COMPLETED,1.0,0,0,0,176.53061224489684,176.53061224489795,1557706.1224489699
jid_696058,55929.0,136.0,2,60,3485644,3485644,3485705,JobState.COMPLETED,1.0,0,0,0,176.53061224489798,176.53061224489795,21183.67346938776
jid_696079,55929.0,136.0,2,29,3485781,3485781,3485811,JobState.COMPLETED,1.0,0,0,0,176.53061224489795,176.53061224489795,10238.775510204081
jid_696084,55929.0,136.0,2,28,3485785,3485785,3485814,JobState.COMPLETED,1.0,0,0,0,176.53061224489795,176.53061224489795,9885.714285714286
jid_696082,55929.0,136.0,2,30,3485793,3485793,3485824,JobState.COMPLETED,1.0,0,0,0,176.53061224489795,176.53061224489795,10591.836734693878
jid_696062,55929.0,136.0,2,26,3485808,3485808,3485835,JobState.COMPLETED,1.0,0,0,0,176.53061224489795,176.53061224489795,9179.591836734693
jid_696070,55929.0,136.0,2,29,3485810,3485810,3485840,JobState.COMPLETED,1.0,0,0,0,176.53061224489795,176.53061224489795,10238.775510204081
jid_696095,55929.0,136.0,2,4747,3481127,3481127,3485875,JobState.COMPLETED,1.0,0,0,0,176.53061224489682,176.53061224489795,1675981.6326530504
jid_696099,55929.0,136.0,2,29,3485949,3485949,3485979,JobState.COMPLETED,1.0,0,0,0,176.53061224489795,176.53061224489795,10238.775510204081
jid_696109,55929.0,136.0,2,67,3485937,3485937,3486005,JobState.COMPLETED,1.0,0,0,0,176.53061224489798,176.53061224489795,23655.102040816328
jid_696108,55929.0,136.0,2,70,3485941,3485941,3486012,JobState.COMPLETED,1.0,0,0,0,176.53061224489795,176.53061224489795,24714.285714285714
jid_696107,55929.0,136.0,2,68,3485951,3485951,3486020,JobState.COMPLETED,1.0,0,0,0,176.53061224489798,176.53061224489795,24008.163265306124
jid_696111,62941.0,583.0,1024,790,3485275,3485275,3486066,JobState.COMPLETED,1.0,0,0,0,176.53061224489815,176.53061224489795,142806204.08163282
jid_696120,55929.0,136.0,2,5243,3480843,3480843,3486087,JobState.COMPLETED,1.0,0,0,0,176.5306122448968,176.53061224489795,1851099.9999999877
jid_696122,55929.0,136.0,2,28,3486074,3486074,3486103,JobState.COMPLETED,1.0,0,0,0,176.53061224489795,176.53061224489795,9885.714285714286
jid_696123,55929.0,136.0,2,27,3486077,3486077,3486105,JobState.COMPLETED,1.0,0,0,0,176.53061224489795,176.53061224489795,9532.65306122449
jid_696118,55929.0,136.0,2,26,3486078,3486078,3486105,JobState.COMPLETED,1.0,0,0,0,176.53061224489795,176.53061224489795,9179.591836734693
jid_696128,55929.0,136.0,2,26,3486079,3486079,3486106,JobState.COMPLETED,1.0,0,0,0,176.53061224489795,176.53061224489795,9179.591836734693
jid_696133,55929.0,136.0,2,56,3486331,3486331,3486388,JobState.COMPLETED,1.0,0,0,0,176.53061224489795,176.53061224489795,19771.428571428572
jid_696138,55929.0,136.0,2,44,3486455,3486455,3486500,JobState.COMPLETED,1.0,0,0,0,176.53061224489795,176.53061224489795,15534.69387755102
jid_696146,51.0,39.0,48,8,3487520,3487520,3487529,JobState.COMPLETED,1.0,0,0,0,176.53061224489795,176.53061224489795,67787.75510204081
jid_696153,51.0,39.0,48,20,3487528,3487528,3487549,JobState.COMPLETED,1.0,0,0,0,176.53061224489795,176.53061224489795,169469.38775510204
jid_696147,51.0,39.0,48,9,3487539,3487539,3487549,JobState.COMPLETED,1.0,0,0,0,176.53061224489795,176.53061224489795,76261.22448979592
jid_696145,55929.0,136.0,2,7066,3480536,3480536,3487603,JobState.COMPLETED,1.0,0,0,0,176.5306122448967,176.53061224489795,2494730.6122448803
jid_696161,55929.0,136.0,2,50,3487787,3487787,3487838,JobState.COMPLETED,1.0,0,0,0,176.53061224489795,176.53061224489795,17653.061224489797
jid_696162,40620.0,526.0,15,150501,3337590,3337590,3488092,JobState.COMPLETED,1.0,0,0,0,176.5306122449016,176.53061224489795,398520505.102049
jid_696170,51.0,39.0,48,840,3487299,3487299,3488140,JobState.COMPLETED,1.0,0,0,0,176.53061224489807,176.53061224489795,7117714.28571429
jid_696176,51.0,39.0,48,837,3487304,3487304,3488142,JobState.COMPLETED,1.0,0,0,0,176.53061224489807,176.53061224489795,7092293.877551025
jid_696180,55929.0,136.0,2,10367,3477778,3477778,3488146,JobState.COMPLETED,1.0,0,0,0,176.53061224490077,176.53061224489795,3660185.7142857723
jid_696181,55929.0,136.0,2,17,3488155,3488155,3488173,JobState.COMPLETED,1.0,0,0,0,176.53061224489795,176.53061224489795,6002.04081632653
jid_696225,55929.0,136.0,2,10486,3477993,3477993,3488480,JobState.COMPLETED,1.0,0,0,0,176.53061224490088,176.53061224489795,3702200.0000000615
jid_696223,62762.0,147.0,1,100,3488379,3488379,3488480,JobState.COMPLETED,0.5524330302826983,0,0,0,121.72649350400388,121.72649350400388,12172.649350400388
jid_696226,55929.0,136.0,2,10362,3478193,3478193,3488556,JobState.COMPLETED,1.0,0,0,0,176.53061224490077,176.53061224489795,3658420.4081633235
jid_696236,55929.0,136.0,2,15,3488684,3488684,3488700,JobState.COMPLETED,1.0,0,0,0,176.53061224489795,176.53061224489795,5295.918367346939
jid_696241,55929.0,136.0,2,15,3488813,3488813,3488829,JobState.COMPLETED,1.0,0,0,0,176.53061224489795,176.53061224489795,5295.918367346939
jid_696252,55929.0,136.0,2,17,3488937,3488937,3488955,JobState.COMPLETED,1.0,0,0,0,176.53061224489795,176.53061224489795,6002.04081632653
jid_696264,55929.0,136.0,2,11176,3477995,3477995,3489172,JobState.COMPLETED,1.0,0,0,0,176.5306122449015,176.53061224489795,3945812.2448980385
jid_696267,55929.0,136.0,2,11198,3477988,3477988,3489187,JobState.COMPLETED,1.0,0,0,0,176.5306122449015,176.53061224489795,3953579.5918368143
jid_696276,55929.0,136.0,2,16,3489186,3489186,3489203,JobState.COMPLETED,1.0,0,0,0,176.53061224489795,176.53061224489795,5648.9795918367345
jid_696270,55929.0,136.0,2,11441,3477762,3477762,3489204,JobState.COMPLETED,1.0,0,0,0,176.53061224490173,176.53061224489795,4039373.4693878414
jid_696287,55929.0,136.0,2,11558,3477767,3477767,3489326,JobState.COMPLETED,1.0,0,0,0,176.53061224490182,176.53061224489795,4080681.6326531502
jid_696302,55929.0,136.0,2,16,3489314,3489314,3489331,JobState.COMPLETED,1.0,0,0,0,176.53061224489795,176.53061224489795,5648.9795918367345
jid_696291,55929.0,136.0,2,11574,3477759,3477759,3489334,JobState.COMPLETED,1.0,0,0,0,176.53061224490182,176.53061224489795,4086330.6122449874
jid_696299,55929.0,136.0,2,16,3489318,3489318,3489335,JobState.COMPLETED,1.0,0,0,0,176.53061224489795,176.53061224489795,5648.9795918367345
jid_696289,55929.0,136.0,2,11336,3478013,3478013,3489350,JobState.COMPLETED,1.0,0,0,0,176.53061224490165,176.53061224489795,4002302.04081641
jid_696293,55929.0,136.0,2,11590,3477770,3477770,3489361,JobState.COMPLETED,1.0,0,0,0,176.53061224490185,176.53061224489795,4091979.591836825
jid_696345,55929.0,136.0,2,16,3489442,3489442,3489459,JobState.COMPLETED,1.0,0,0,0,176.53061224489795,176.53061224489795,5648.9795918367345
jid_696332,55929.0,136.0,2,17,3489443,3489443,3489461,JobState.COMPLETED,1.0,0,0,0,176.53061224489795,176.53061224489795,6002.04081632653
jid_696341,55929.0,136.0,2,16,3489445,3489445,3489462,JobState.COMPLETED,1.0,0,0,0,176.53061224489795,176.53061224489795,5648.9795918367345
jid_696337,55929.0,136.0,2,16,3489448,3489448,3489465,JobState.COMPLETED,1.0,0,0,0,176.53061224489795,176.53061224489795,5648.9795918367345
jid_696339,55929.0,136.0,2,16,3489449,3489449,3489466,JobState.COMPLETED,1.0,0,0,0,176.53061224489795,176.53061224489795,5648.9795918367345
jid_696335,55929.0,136.0,2,13,3489455,3489455,3489469,JobState.COMPLETED,1.0,0,0,0,176.53061224489795,176.53061224489795,4589.7959183673465
jid_696331,55929.0,136.0,2,16,3489456,3489456,3489473,JobState.COMPLETED,1.0,0,0,0,176.53061224489795,176.53061224489795,5648.9795918367345
jid_696327,55929.0,136.0,2,16,3489457,3489457,3489474,JobState.COMPLETED,1.0,0,0,0,176.53061224489795,176.53061224489795,5648.9795918367345
jid_696314,55929.0,136.0,2,11480,3478006,3478006,3489487,JobState.COMPLETED,1.0,0,0,0,176.53061224490176,176.53061224489795,4053142.8571429444
jid_696318,55929.0,136.0,2,11513,3477985,3477985,3489499,JobState.COMPLETED,1.0,0,0,0,176.5306122449018,176.53061224489795,4064793.8775511086
jid_696343,55929.0,136.0,2,11546,3477989,3477989,3489536,JobState.COMPLETED,1.0,0,0,0,176.53061224490182,176.53061224489795,4076444.897959273
jid_696350,55929.0,136.0,2,11786,3477756,3477756,3489543,JobState.COMPLETED,1.0,0,0,0,176.530612244902,176.53061224489795,4161179.5918368297
jid_696329,55929.0,136.0,2,11545,3478015,3478015,3489561,JobState.COMPLETED,1.0,0,0,0,176.53061224490182,176.53061224489795,4076091.836734783
jid_696352,55929.0,136.0,2,11822,3477760,3477760,3489583,JobState.COMPLETED,1.0,0,0,0,176.53061224490202,176.53061224489795,4173889.7959184633
jid_696348,55929.0,136.0,2,11559,3478037,3478037,3489597,JobState.COMPLETED,1.0,0,0,0,176.53061224490182,176.53061224489795,4081034.69387764
jid_696388,55929.0,136.0,2,16,3489592,3489592,3489609,JobState.COMPLETED,1.0,0,0,0,176.53061224489795,176.53061224489795,5648.9795918367345
jid_696364,55929.0,136.0,2,17,3489593,3489593,3489611,JobState.COMPLETED,1.0,0,0,0,176.53061224489795,176.53061224489795,6002.04081632653
jid_696356,55929.0,136.0,2,11842,3477799,3477799,3489642,JobState.COMPLETED,1.0,0,0,0,176.53061224490204,176.53061224489795,4180951.02040826
jid_696377,55929.0,136.0,2,11683,3477962,3477962,3489646,JobState.COMPLETED,1.0,0,0,0,176.5306122449019,176.53061224489795,4124814.2857143776
jid_696360,55929.0,136.0,2,11671,3478009,3478009,3489681,JobState.COMPLETED,1.0,0,0,0,176.5306122449019,176.53061224489795,4120577.5510205003
jid_696386,55929.0,136.0,2,11734,3477975,3477975,3489710,JobState.COMPLETED,1.0,0,0,0,176.53061224490196,176.53061224489795,4142820.4081633594
jid_696392,55929.0,136.0,2,11715,3477998,3477998,3489714,JobState.COMPLETED,1.0,0,0,0,176.53061224490193,176.53061224489795,4136112.2448980524
jid_696382,55929.0,136.0,2,11952,3477764,3477764,3489717,JobState.COMPLETED,1.0,0,0,0,176.53061224490213,176.53061224489795,4219787.755102141
jid_696380,55929.0,136.0,2,11700,3478026,3478026,3489727,JobState.COMPLETED,1.0,0,0,0,176.53061224490193,176.53061224489795,4130816.326530705
jid_696389,55929.0,136.0,2,11766,3477966,3477966,3489733,JobState.COMPLETED,1.0,0,0,0,176.530612244902,176.53061224489795,4154118.3673470337
jid_696384,55929.0,136.0,2,11728,3478004,3478004,3489733,JobState.COMPLETED,1.0,0,0,0,176.53061224490193,176.53061224489795,4140702.0408164198
jid_696396,55929.0,136.0,2,17,3489720,3489720,3489738,JobState.COMPLETED,1.0,0,0,0,176.53061224489795,176.53061224489795,6002.04081632653
jid_696401,55929.0,136.0,2,16,3489732,3489732,3489749,JobState.COMPLETED,1.0,0,0,0,176.53061224489795,176.53061224489795,5648.9795918367345
jid_696404,55929.0,136.0,2,16,3489735,3489735,3489752,JobState.COMPLETED,1.0,0,0,0,176.53061224489795,176.53061224489795,5648.9795918367345
jid_696385,55929.0,136.0,2,11731,3478024,3478024,3489756,JobState.COMPLETED,1.0,0,0,0,176.53061224490196,176.53061224489795,4141761.2244898896
jid_696423,55929.0,136.0,2,16,3489870,3489870,3489887,JobState.COMPLETED,1.0,0,0,0,176.53061224489795,176.53061224489795,5648.9795918367345
jid_696437,55929.0,136.0,2,15,3489871,3489871,3489887,JobState.COMPLETED,1.0,0,0,0,176.53061224489795,176.53061224489795,5295.918367346939
jid_696436,55929.0,136.0,2,16,3489879,3489879,3489896,JobState.COMPLETED,1.0,0,0,0,176.53061224489795,176.53061224489795,5648.9795918367345
jid_696449,55929.0,136.0,2,15,3489901,3489901,3489917,JobState.COMPLETED,1.0,0,0,0,176.53061224489795,176.53061224489795,5295.918367346939
jid_696462,55929.0,136.0,2,11795,3478197,3478197,3489993,JobState.COMPLETED,1.0,0,0,0,176.530612244902,176.53061224489795,4164357.1428572377
jid_696481,55929.0,136.0,2,17,3490040,3490040,3490058,JobState.COMPLETED,1.0,0,0,0,176.53061224489795,176.53061224489795,6002.04081632653
jid_696476,55929.0,136.0,2,16,3490043,3490043,3490060,JobState.COMPLETED,1.0,0,0,0,176.53061224489795,176.53061224489795,5648.9795918367345
jid_696501,55929.0,136.0,2,16,3490047,3490047,3490064,JobState.COMPLETED,1.0,0,0,0,176.53061224489795,176.53061224489795,5648.9795918367345
jid_696472,55929.0,136.0,2,16,3490054,3490054,3490071,JobState.COMPLETED,1.0,0,0,0,176.53061224489795,176.53061224489795,5648.9795918367345
jid_696491,55929.0,136.0,2,15,3490069,3490069,3490085,JobState.COMPLETED,1.0,0,0,0,176.53061224489795,176.53061224489795,5295.918367346939
jid_696508,55929.0,136.0,2,17,3490079,3490079,3490097,JobState.COMPLETED,1.0,0,0,0,176.53061224489795,176.53061224489795,6002.04081632653
jid_696509,55929.0,136.0,2,17,3490080,3490080,3490098,JobState.COMPLETED,1.0,0,0,0,176.53061224489795,176.53061224489795,6002.04081632653
jid_696511,55929.0,136.0,2,15,3490215,3490215,3490231,JobState.COMPLETED,1.0,0,0,0,176.53061224489795,176.53061224489795,5295.918367346939
jid_696513,55929.0,136.0,2,17,3490214,3490214,3490232,JobState.COMPLETED,1.0,0,0,0,176.53061224489795,176.53061224489795,6002.04081632653
jid_696532,55929.0,136.0,2,16,3490227,3490227,3490244,JobState.COMPLETED,1.0,0,0,0,176.53061224489795,176.53061224489795,5648.9795918367345
jid_696535,55929.0,136.0,2,16,3490228,3490228,3490245,JobState.COMPLETED,1.0,0,0,0,176.53061224489795,176.53061224489795,5648.9795918367345
jid_696514,55929.0,136.0,2,17,3490235,3490235,3490253,JobState.COMPLETED,1.0,0,0,0,176.53061224489795,176.53061224489795,6002.04081632653
jid_696560,55929.0,136.0,2,16,3490241,3490241,3490258,JobState.COMPLETED,1.0,0,0,0,176.53061224489795,176.53061224489795,5648.9795918367345
jid_692065,1038.0,211.0,24,86025,3343205,3404310,3490336,JobState.COMPLETED,0.6317161423352873,0,0,0,131.43462967372085,131.43462967370863,271359936.42436403
jid_696542,55929.0,136.0,2,16,3490366,3490366,3490383,JobState.COMPLETED,1.0,0,0,0,176.53061224489795,176.53061224489795,5648.9795918367345
jid_696556,55929.0,136.0,2,15,3490371,3490371,3490387,JobState.COMPLETED,1.0,0,0,0,176.53061224489795,176.53061224489795,5295.918367346939
jid_696540,55929.0,136.0,2,16,3490372,3490372,3490389,JobState.COMPLETED,1.0,0,0,0,176.53061224489795,176.53061224489795,5648.9795918367345
jid_696571,55929.0,136.0,2,17,3490510,3490510,3490528,JobState.COMPLETED,1.0,0,0,0,176.53061224489795,176.53061224489795,6002.04081632653
jid_696564,55929.0,136.0,2,17,3490513,3490513,3490531,JobState.COMPLETED,1.0,0,0,0,176.53061224489795,176.53061224489795,6002.04081632653
jid_696573,55929.0,136.0,2,1911,3488676,3488676,3490588,JobState.COMPLETED,1.0,0,0,0,176.5306122448973,176.53061224489795,674699.9999999974
jid_696585,55929.0,136.0,2,51,3491603,3491603,3491655,JobState.COMPLETED,1.0,0,0,0,176.53061224489795,176.53061224489795,18006.12244897959
jid_696587,55929.0,136.0,2,3066,3488665,3488665,3491732,JobState.COMPLETED,1.0,0,0,0,176.530612244897,176.53061224489795,1082485.7142857083
jid_696589,55929.0,136.0,2,3294,3488678,3488678,3491973,JobState.COMPLETED,1.0,0,0,0,176.53061224489696,176.53061224489795,1162983.6734693812
jid_696592,55929.0,136.0,2,4069,3487912,3487912,3491982,JobState.COMPLETED,1.0,0,0,0,176.53061224489687,176.53061224489795,1436606.1224489708
jid_696595,51.0,39.0,48,439,3491605,3491605,3492045,JobState.COMPLETED,1.0,0,0,0,176.5306122448978,176.53061224489795,3719853.0612244867
jid_696600,55929.0,136.0,2,3944,3488280,3488280,3492225,JobState.COMPLETED,1.0,0,0,0,176.53061224489687,176.53061224489795,1392473.4693877464
jid_696603,62913.0,200.0,640,4597,3487722,3487722,3492320,JobState.COMPLETED,0.7480689012230838,0,0,0,145.68190627221477,145.68190627221435,428607822.80535764
jid_696611,55929.0,136.0,2,30,3492332,3492332,3492363,JobState.COMPLETED,1.0,0,0,0,176.53061224489795,176.53061224489795,10591.836734693878
jid_696612,55929.0,136.0,2,31,3492336,3492336,3492368,JobState.COMPLETED,1.0,0,0,0,176.53061224489795,176.53061224489795,10944.897959183672
jid_696608,55929.0,136.0,2,3699,3488680,3488680,3492380,JobState.COMPLETED,1.0,0,0,0,176.5306122448969,176.53061224489795,1305973.4693877473
jid_696613,55929.0,136.0,2,48,3492333,3492333,3492382,JobState.COMPLETED,1.0,0,0,0,176.53061224489795,176.53061224489795,16946.938775510203
jid_696617,55929.0,136.0,2,4009,3488535,3488535,3492545,JobState.COMPLETED,1.0,0,0,0,176.53061224489687,176.53061224489795,1415422.448979583
jid_696623,55929.0,136.0,2,50,3492580,3492580,3492631,JobState.COMPLETED,1.0,0,0,0,176.53061224489795,176.53061224489795,17653.061224489797
jid_696626,51.0,39.0,48,4792,3487861,3487861,3492654,JobState.COMPLETED,1.0,0,0,0,176.53061224489932,176.53061224489795,40604865.306122765
jid_696628,51.0,39.0,48,4809,3487855,3487855,3492665,JobState.COMPLETED,1.0,0,0,0,176.53061224489932,176.53061224489795,40748914.2857146
jid_691778,108.0,174.0,48,81062,3344804,3413679,3494742,JobState.COMPLETED,1.0,0,0,0,176.53061224489213,176.53061224489795,686876375.5101814
jid_696665,62920.0,422.0,12,0,3498595,3498595,3498595,JobState.COMPLETED,1.0,0,0,0,176.53061224489795,176.53061224489795,0.0
jid_683763,1299.0,119.0,32,77971,3421147,3421147,3499119,JobState.COMPLETED,1.0,0,0,0,176.53061224490136,176.53061224489795,440456587.75511056
jid_696669,62980.0,200.0,640,149,3499029,3499029,3499179,JobState.COMPLETED,0.5252156327258019,0,0,0,118.39375094601658,118.39375094601655,11290028.09021214
jid_696683,55929.0,136.0,2,3960,3496197,3496197,3500158,JobState.COMPLETED,1.0,0,0,0,176.53061224489687,176.53061224489795,1398122.4489795833
jid_696685,62723.0,119.0,15,79122,3421410,3421410,3500533,JobState.COMPLETED,1.0,0,0,0,176.53061224492922,176.53061224489795,209511826.53064933
jid_696694,62764.0,119.0,15,80745,3421377,3421377,3502123,JobState.COMPLETED,1.0,0,0,0,176.53061224492973,176.53061224489795,213809464.28575274
jid_696737,797.9999999999927,206.00000000000003,250,19068,3488053,3488053,3507122,JobState.COMPLETED,1.0,0,0,0,176.53061224490264,176.53061224489795,841521428.5714508
jid_696743,59135.0,278.0,1,36,3507336,3507336,3507373,JobState.COMPLETED,1.0,0,0,0,176.53061224489795,176.53061224489795,6355.102040816326
jid_696747,59135.0,278.0,1,39,3507336,3507336,3507376,JobState.COMPLETED,1.0,0,0,0,176.53061224489795,176.53061224489795,6884.69387755102
jid_696748,59135.0,278.0,1,40,3507336,3507336,3507377,JobState.COMPLETED,1.0,0,0,0,176.53061224489795,176.53061224489795,7061.224489795918
jid_696755,59135.0,278.0,1,44,3507335,3507335,3507380,JobState.COMPLETED,1.0,0,0,0,176.53061224489795,176.53061224489795,7767.34693877551
jid_696760,62994.0,262.0,4,1551,3505999,3505999,3507551,JobState.COMPLETED,0.7201376238103181,0,0,0,142.2617498543248,142.26174985432465,882591.896096231
jid_696758,63097.0,262.0,4,1518,3506262,3506262,3507781,JobState.COMPLETED,0.7239748125704178,0,0,0,142.7316097024998,142.73160970250012,866666.3341135789
jid_696777,59135.0,278.0,1,39,3507742,3507742,3507782,JobState.COMPLETED,1.0,0,0,0,176.53061224489795,176.53061224489795,6884.69387755102
jid_696758,62995.0,262.0,4,1527,3506261,3506261,3507789,JobState.COMPLETED,0.7357406804034631,0,0,0,144.17232821266924,144.17232821266893,880604.5807229837
jid_696758,63139.0,262.0,4,1529,3506263,3506263,3507793,JobState.COMPLETED,0.7356201846953703,0,0,0,144.15757363616757,144.1575736361678,881667.7203588008
jid_696758,63105.0,262.0,4,1532,3506262,3506262,3507795,JobState.COMPLETED,0.7332738300236522,0,0,0,143.87026490085552,143.8702649008554,881636.9833124427
jid_696758,63260.0,262.0,4,1531,3506267,3506267,3507799,JobState.COMPLETED,0.7346797263703234,0,0,0,144.042415473917,144.04241547391715,882115.7523622677
jid_696758,63231.0,262.0,4,1534,3506265,3506265,3507800,JobState.COMPLETED,0.7336985171368646,0,0,0,143.92226740451358,143.92226740451403,883107.0327940953
jid_696759,63320.0,262.0,4,1523,3506291,3506291,3507815,JobState.COMPLETED,0.7356856871983798,0,0,0,144.16559435082206,144.16559435082203,878256.800785208
jid_696759,63524.0,262.0,4,1524,3506294,3506294,3507819,JobState.COMPLETED,0.7356691540675016,0,0,0,144.16356988581643,144.16356988581651,878821.122023937
jid_696758,63249.0,262.0,4,1554,3506266,3506266,3507821,JobState.COMPLETED,0.7296145828759162,0,0,0,143.42219382154113,143.42219382154076,891512.3567946997
jid_696759,63266.0,262.0,4,1531,3506289,3506289,3507821,JobState.COMPLETED,0.7340138070743821,0,0,0,143.96087433563892,143.96087433563864,881616.3944314527
jid_696759,63275.0,262.0,4,1531,3506290,3506290,3507822,JobState.COMPLETED,0.7338611852892472,0,0,0,143.94218595378564,143.94218595378538,881501.9467809832
jid_696759,63244.0,262.0,4,1538,3506288,3506288,3507827,JobState.COMPLETED,0.7323167311069753,0,0,0,143.75306911514022,143.75306911513982,884368.8811963426
jid_696759,63344.0,262.0,4,1538,3506292,3506292,3507831,JobState.COMPLETED,0.733221366250671,0,0,0,143.8638407653886,143.8638407653883,885050.3483886707
jid_696759,62995.0,262.0,4,1553,3506283,3506283,3507837,JobState.COMPLETED,0.7301278322662651,0,0,0,143.485040685665,143.48504068566513,891329.0727393511
jid_696759,63114.0,262.0,4,1551,3506285,3506285,3507837,JobState.COMPLETED,0.7299219078851861,0,0,0,143.45982545532877,143.4598254553289,890024.7571248597
jid_696759,63504.0,262.0,4,1547,3506293,3506293,3507841,JobState.COMPLETED,0.7305324647785554,0,0,0,143.53458752390463,143.53458752390475,888192.0275979219
jid_696760,63344.0,262.0,4,1538,3506303,3506303,3507842,JobState.COMPLETED,0.73461954440634,0,0,0,144.0350462538373,144.03504625383755,886103.6045536071
jid_696760,63249.0,262.0,4,1548,3506299,3506299,3507848,JobState.COMPLETED,0.7332782675056226,0,0,0,143.87080826599438,143.8708082659946,890848.0447830373
jid_696760,63231.0,262.0,4,1552,3506298,3506298,3507851,JobState.COMPLETED,0.7327816768680934,0,0,0,143.8100012491546,143.81000124915428,892772.4877547517
jid_696760,63265.0,262.0,4,1565,3506300,3506300,3507866,JobState.COMPLETED,0.7305488174628365,0,0,0,143.53658989340823,143.53658989340855,898539.0527327355
jid_696787,62994.0,262.0,4,2060,3505998,3505998,3508059,JobState.COMPLETED,0.656358122223193,0,0,0,134.45201496610488,134.45201496610525,1107884.6033207043
jid_696783,63054.0,262.0,4,1858,3506240,3506240,3508099,JobState.COMPLETED,0.6676258641827694,0,0,0,135.83173847135922,135.83173847135953,1009501.4803191416
jid_696787,63324.0,262.0,4,1879,3506236,3506236,3508116,JobState.COMPLETED,0.6863597747623686,0,0,0,138.12568670559628,138.12568670559617,1038152.6612792617
jid_696784,63249.0,262.0,4,1842,3506277,3506277,3508120,JobState.COMPLETED,0.677996983879589,0,0,0,137.10167149546024,137.1016714954599,1010165.1155785511
jid_696758,63269.0,262.0,4,1859,3506267,3506267,3508127,JobState.COMPLETED,0.6857548391473292,0,0,0,138.05161295681594,138.05161295681583,1026551.7939468834
jid_696785,63267.0,262.0,4,1872,3506256,3506256,3508129,JobState.COMPLETED,0.6631019692212955,0,0,0,135.27779214954688,135.27779214954637,1012960.1076158071
jid_696759,63079.0,262.0,4,1846,3506284,3506284,3508131,JobState.COMPLETED,0.6813318462393496,0,0,0,137.51002198849167,137.5100219884918,1015374.0023630225
jid_696787,63213.0,262.0,4,1904,3506231,3506231,3508136,JobState.COMPLETED,0.6848586272300532,0,0,0,137.9418727220473,137.94187272204732,1050565.3026511122
jid_696760,63334.0,262.0,4,1834,3506303,3506303,3508138,JobState.COMPLETED,0.6870505103678316,0,0,0,138.21026657565292,138.21026657565287,1013910.5155989898
jid_696786,63249.0,262.0,4,1917,3506222,3506222,3508140,JobState.COMPLETED,0.6779665353034128,0,0,0,137.09794309837775,137.09794309837707,1051267.0276783607
jid_696759,63309.0,262.0,4,1849,3506291,3506291,3508141,JobState.COMPLETED,0.6776958100368671,0,0,0,137.06479306573937,137.06479306573883,1013731.2095142084
jid_696787,63297.0,262.0,4,1906,3506235,3506235,3508142,JobState.COMPLETED,0.6838689976599541,0,0,0,137.8206935910141,137.8206935910148,1050744.9679378916
jid_696786,63510.0,262.0,4,1918,3506227,3506227,3508146,JobState.COMPLETED,0.6786917924027582,0,0,0,137.1867500901342,137.18675009013364,1052496.7466915096
jid_696786,63437.0,262.0,4,1927,3506227,3506227,3508155,JobState.COMPLETED,0.6776982972375448,0,0,0,137.0650976209243,137.06509762092384,1056497.7724620844
jid_696786,63109.0,262.0,4,1938,3506218,3506218,3508157,JobState.COMPLETED,0.6791470988816644,0,0,0,137.24250190387744,137.24250190387727,1063903.874758858
jid_696784,63028.0,262.0,4,1888,3506272,3506272,3508161,JobState.COMPLETED,0.6801665505677991,0,0,0,137.36733272258783,137.36733272258763,1037398.0967209833
jid_696786,63208.0,262.0,4,1941,3506220,3506220,3508162,JobState.COMPLETED,0.6801303876491722,0,0,0,137.3629046101023,137.36290461010273,1066485.5913928342
jid_696787,63255.0,262.0,4,1928,3506233,3506233,3508162,JobState.COMPLETED,0.6811861542121747,0,0,0,137.4921821484302,137.49218214842955,1060339.7087286937
jid_696786,63484.0,262.0,4,1935,3506227,3506227,3508163,JobState.COMPLETED,0.676785351748803,0,0,0,136.9533083774041,136.95330837740445,1060018.6068411078
jid_696787,63301.0,262.0,4,1927,3506235,3506235,3508163,JobState.COMPLETED,0.6824958822083637,0,0,0,137.65255700510542,137.65255700510576,1061025.9093953527
jid_696783,63350.0,262.0,4,1914,3506248,3506248,3508163,JobState.COMPLETED,0.6838019210521131,0,0,0,137.81248012882972,137.8124801288302,1055092.3478663203
jid_696785,63021.0,262.0,4,1912,3506250,3506250,3508163,JobState.COMPLETED,0.6834012036504725,0,0,0,137.763412691894,137.76341269189462,1053614.5802676051
jid_696786,63021.0,262.0,4,1946,3506217,3506217,3508164,JobState.COMPLETED,0.6788034457422206,0,0,0,137.20042192761937,137.20042192761886,1067968.0842845892
jid_696758,63042.0,262.0,4,1902,3506261,3506261,3508164,JobState.COMPLETED,0.6804070402096222,0,0,0,137.39678043383165,137.3967804338313,1045314.7055405912
jid_696786,63284.0,262.0,4,1942,3506224,3506224,3508167,JobState.COMPLETED,0.6780794790526808,0,0,0,137.11177294522685,137.11177294522622,1065084.252238522
jid_696787,63266.0,262.0,4,1932,3506234,3506234,3508167,JobState.COMPLETED,0.6648701920669893,0,0,0,135.49430923269287,135.49430923269256,1047100.0217502505
jid_696787,63310.0,262.0,4,1932,3506236,3506236,3508169,JobState.COMPLETED,0.6808291451009773,0,0,0,137.448466747058,137.44846674705843,1062201.7510212644
jid_696785,63251.0,262.0,4,1913,3506255,3506255,3508169,JobState.COMPLETED,0.6672229363610572,0,0,0,135.78240037074195,135.78240037074173,1039006.9276369174
jid_696783,63272.0,262.0,4,1925,3506245,3506245,3508171,JobState.COMPLETED,0.67141158545165,0,0,0,136.2952961777528,136.29529617775307,1049473.7805686966
jid_696758,63116.0,262.0,4,1908,3506262,3506262,3508171,JobState.COMPLETED,0.6767860595940248,0,0,0,136.95339505232923,136.95339505232957,1045228.3110393767
jid_696787,63114.0,262.0,4,1943,3506229,3506229,3508173,JobState.COMPLETED,0.6613059497516585,0,0,0,135.05787139816283,135.05787139816226,1049669.7765065215
jid_696787,63309.0,262.0,4,1936,3506236,3506236,3508173,JobState.COMPLETED,0.681562723111023,0,0,0,137.53829262583918,137.53829262583955,1065096.5380944987
jid_696785,63221.0,262.0,4,1918,3506254,3506254,3508173,JobState.COMPLETED,0.6827077988255745,0,0,0,137.67850597864165,137.67850597864177,1056269.4978681388
jid_696783,63114.0,262.0,4,1933,3506240,3506240,3508174,JobState.COMPLETED,0.6775088008833025,0,0,0,137.04189398571089,137.0418939857105,1059607.9242975165
jid_696785,63309.0,262.0,4,1919,3506257,3506257,3508177,JobState.COMPLETED,0.6824597411890324,0,0,0,137.6481315741668,137.64813157416722,1056587.0579633042
jid_696759,63220.0,262.0,4,1891,3506287,3506287,3508179,JobState.COMPLETED,0.6806707231724339,0,0,0,137.42906814356323,137.42906814356334,1039513.4714379122
jid_696786,63238.0,262.0,4,1958,3506222,3506222,3508181,JobState.COMPLETED,0.6764317383208523,0,0,0,136.91000877398233,136.91000877398193,1072279.1887178295
jid_696787,63494.0,262.0,4,1943,3506238,3506238,3508182,JobState.COMPLETED,0.6812073139345883,0,0,0,137.49477313484752,137.49477313484755,1068609.376804035
jid_696785,63356.0,262.0,4,1922,3506259,3506259,3508182,JobState.COMPLETED,0.6820943962331821,0,0,0,137.60339545712463,137.60339545712432,1057894.9042743742
jid_696784,63301.0,262.0,4,1902,3506279,3506279,3508182,JobState.COMPLETED,0.6782456119457007,0,0,0,137.13211574845286,137.13211574845315,1043301.1366142294
jid_696784,63027.0,262.0,4,1908,3506274,3506274,3508183,JobState.COMPLETED,0.6824275386205284,0,0,0,137.64418840251415,137.6441884025137,1050500.445887988
jid_696787,63231.0,262.0,4,1951,3506232,3506232,3508184,JobState.COMPLETED,0.6802347808617608,0,0,0,137.3756874524599,137.3756874524605,1072079.8648789972
jid_696785,63331.0,262.0,4,1927,3506258,3506258,3508186,JobState.COMPLETED,0.6811231870683763,0,0,0,137.4844718859239,137.48447188592363,1059730.3092967016
jid_696784,63317.0,262.0,4,1905,3506280,3506280,3508186,JobState.COMPLETED,0.6796802389879438,0,0,0,137.307784365871,137.30778436587067,1046285.3168679369
jid_696787,63287.0,262.0,4,1952,3506235,3506235,3508188,JobState.COMPLETED,0.6789598978464495,0,0,0,137.21957932813635,137.21957932813666,1071410.4753940885
jid_696784,63129.0,262.0,4,1913,3506274,3506274,3508188,JobState.COMPLETED,0.6783557240319413,0,0,0,137.14559886105414,137.14559886105403,1049438.1224847862
jid_696784,63269.0,262.0,4,1909,3506278,3506278,3508188,JobState.COMPLETED,0.6691959931598406,0,0,0,136.02399916242942,136.02399916242945,1038679.257604311
jid_696760,63287.0,262.0,4,1886,3506301,3506301,3508188,JobState.COMPLETED,0.6711111852596098,0,0,0,136.258512480769,136.25851248076853,1027934.2181549214
jid_696786,63224.0,262.0,4,1967,3506221,3506221,3508189,JobState.COMPLETED,0.6608252172470631,0,0,0,134.99900619351772,134.9990061935179,1062172.1807305973
jid_696786,63282.0,262.0,4,1964,3506224,3506224,3508189,JobState.COMPLETED,0.6754083857738629,0,0,0,136.78470029884085,136.78470029884033,1074580.6055476938
jid_696759,63191.0,262.0,4,1903,3506286,3506286,3508190,JobState.COMPLETED,0.679615620560646,0,0,0,137.2998719053856,137.29987190538523,1045126.6249437951
jid_696786,62995.0,262.0,4,1973,3506217,3506217,3508191,JobState.COMPLETED,0.6683362689641731,0,0,0,135.91872681193937,135.91872681193956,1072670.5919998256
jid_696785,63231.0,262.0,4,1936,3506254,3506254,3508191,JobState.COMPLETED,0.6805211497383694,0,0,0,137.41075302918784,137.4107530291881,1064108.8714580308
jid_696784,63484.0,262.0,4,1908,3506282,3506282,3508191,JobState.COMPLETED,0.6779761988881013,0,0,0,137.09912639446088,137.0991263944614,1046340.5326425255
jid_696784,62995.0,262.0,4,1920,3506272,3506272,3508193,JobState.COMPLETED,0.6784379311310706,0,0,0,137.155665036458,137.15566503645763,1053355.5074799974
jid_696784,63103.0,262.0,4,1919,3506273,3506273,3508193,JobState.COMPLETED,0.6827213383456304,0,0,0,137.68016387905666,137.68016387905678,1056832.937935639
jid_696786,63209.0,262.0,4,1973,3506220,3506220,3508194,JobState.COMPLETED,0.6727265619596885,0,0,0,136.45631370934998,136.45631370934962,1076913.2277941902
jid_696760,63494.0,262.0,4,1890,3506304,3506304,3508195,JobState.COMPLETED,0.6850237458457322,0,0,0,137.96209132804873,137.96209132804884,1042993.4104400484
jid_696783,63320.0,262.0,4,1948,3506247,3506247,3508196,JobState.COMPLETED,0.677620289479018,0,0,0,137.05554565049175,137.05554565049198,1067936.8117086317
jid_696787,62995.0,262.0,4,1970,3506228,3506228,3508199,JobState.COMPLETED,0.6763771624948959,0,0,0,136.903326019783,136.90332601978318,1078798.2090358902
jid_696787,63317.0,262.0,4,1962,3506236,3506236,3508199,JobState.COMPLETED,0.6628447974443917,0,0,0,135.2463017278851,135.2463017278847,1061412.9759604423
jid_696786,63504.0,262.0,4,1972,3506227,3506227,3508200,JobState.COMPLETED,0.6749517216406059,0,0,0,136.7287822417065,136.72878224170685,1078516.6343225809
jid_696784,63284.0,262.0,4,1920,3506279,3506279,3508200,JobState.COMPLETED,0.6766725741249096,0,0,0,136.93949887243795,136.9394988724379,1051695.3513403235
jid_696759,63350.0,262.0,4,1910,3506292,3506292,3508203,JobState.COMPLETED,0.6802836356895102,0,0,0,137.38166967626626,137.38166967626654,1049595.9563266742
jid_696760,63214.0,262.0,4,1904,3506298,3506298,3508203,JobState.COMPLETED,0.6788400912281111,0,0,0,137.2049091299732,137.20490912997278,1044952.5879338759
jid_696760,63339.0,262.0,4,1899,3506303,3506303,3508203,JobState.COMPLETED,0.6836570707927254,0,0,0,137.79474336237422,137.79474336237453,1046688.8705805945
jid_696787,63193.0,262.0,4,1972,3506231,3506231,3508204,JobState.COMPLETED,0.6779253270055574,0,0,0,137.09289718435346,137.09289718435397,1081388.7729901802
jid_696786,63231.0,262.0,4,1984,3506221,3506221,3508206,JobState.COMPLETED,0.6737639162270913,0,0,0,136.58333668086897,136.58333668086834,1083925.359899376
jid_696785,63212.0,262.0,4,1953,3506253,3506253,3508207,JobState.COMPLETED,0.6626387043971113,0,0,0,135.22106584454386,135.22106584454423,1056346.9663775766
jid_696760,63181.0,262.0,4,1910,3506296,3506296,3508207,JobState.COMPLETED,0.6812431127176638,0,0,0,137.49915665930538,137.49915665930575,1050493.5568770932
jid_696786,63097.0,262.0,4,1989,3506218,3506218,3508208,JobState.COMPLETED,0.6638596728494423,0,0,0,135.3705721856459,135.37057218564598,1077008.2723089987
jid_696787,63477.0,262.0,4,1969,3506238,3506238,3508208,JobState.COMPLETED,0.6784585804388802,0,0,0,137.1581935231287,137.15819352312818,1080257.9321881616
jid_696758,63191.0,262.0,4,1947,3506263,3506263,3508211,JobState.COMPLETED,0.6738599481040146,0,0,0,136.59509568620615,136.5950956862059,1063802.6052041736
jid_696787,63282.0,262.0,4,1977,3506235,3506235,3508213,JobState.COMPLETED,0.6768380748765828,0,0,0,136.9597642706022,136.959764270602,1083077.8158519221
jid_696760,62995.0,262.0,4,1918,3506294,3506294,3508213,JobState.COMPLETED,0.6811553482411792,0,0,0,137.4884099887159,137.4884099887158,1054811.0814334282
jid_696783,63012.0,262.0,4,1975,3506239,3506239,3508215,JobState.COMPLETED,0.6605439546707714,0,0,0,134.96456587805366,134.96456587805363,1066220.0704366239
jid_696760,63054.0,262.0,4,1919,3506295,3506295,3508215,JobState.COMPLETED,0.6815394213975728,0,0,0,137.53543935480437,137.53543935480485,1055722.0324874783
jid_696783,63212.0,262.0,4,1974,3506242,3506242,3508217,JobState.COMPLETED,0.6976637411791826,0,0,0,139.509845858676,139.50984585867545,1101569.7429001057
jid_696787,63030.0,262.0,4,1990,3506228,3506228,3508219,JobState.COMPLETED,0.6765275345232483,0,0,0,136.92173892121377,136.9217389212141,1089897.0418128616
jid_696783,63524.0,262.0,4,1968,3506250,3506250,3508219,JobState.COMPLETED,0.6774012575866889,0,0,0,137.02872541877855,137.02872541877824,1078690.1264966247
jid_696785,63339.0,262.0,4,1960,3506259,3506259,3508220,JobState.COMPLETED,0.6792653015505052,0,0,0,137.25697570006122,137.25697570006187,1076094.6894884799
jid_696784,63265.0,262.0,4,1941,3506278,3506278,3508220,JobState.COMPLETED,0.6590492679115415,0,0,0,134.7815430095762,134.7815430095765,1046443.8999263498
jid_696784,63494.0,262.0,4,1938,3506282,3506282,3508221,JobState.COMPLETED,0.6791425751966025,0,0,0,137.24194798325706,137.24194798325743,1063899.5807662087
jid_696760,63017.0,262.0,4,1926,3506294,3506294,3508221,JobState.COMPLETED,0.6806065317957106,0,0,0,137.42120797498498,137.42120797498498,1058692.9862392843
jid_696786,63116.0,262.0,4,2002,3506219,3506219,3508222,JobState.COMPLETED,0.6722921388948708,0,0,0,136.40311904835116,136.40311904835153,1092316.177339196
jid_696785,63105.0,262.0,4,1970,3506251,3506251,3508222,JobState.COMPLETED,0.6616304733115143,0,0,0,135.09760897692075,135.09760897692013,1064569.1587381356
jid_696784,63139.0,262.0,4,1947,3506274,3506274,3508222,JobState.COMPLETED,0.6778747584516153,0,0,0,137.08670511652488,137.08670511652434,1067631.2594474957
jid_696759,63217.0,262.0,4,1934,3506287,3506287,3508222,JobState.COMPLETED,0.6760976495931181,0,0,0,136.86909995017774,136.86909995017774,1058819.357214575
jid_696760,63251.0,262.0,4,1923,3506299,3506299,3508223,JobState.COMPLETED,0.6809470479112167,0,0,0,137.46290382586358,137.46290382586326,1057364.6562285426
jid_696787,63103.0,262.0,4,1994,3506229,3506229,3508224,JobState.COMPLETED,0.6718629640486214,0,0,0,136.35056702636206,136.3505670263618,1087532.1226022637
jid_696758,63027.0,262.0,4,1961,3506263,3506263,3508225,JobState.COMPLETED,0.6587763990080991,0,0,0,134.74813049078787,134.74813049078764,1056964.33556974
jid_696784,63105.0,262.0,4,1953,3506273,3506273,3508227,JobState.COMPLETED,0.6697707684359143,0,0,0,136.09437980847977,136.0943798084793,1063169.295063844
jid_696784,63266.0,262.0,4,1948,3506278,3506278,3508227,JobState.COMPLETED,0.6751209108593552,0,0,0,136.74949928890058,136.74949928890064,1065552.0984591134
jid_696787,63115.0,262.0,4,1991,3506238,3506238,3508230,JobState.COMPLETED,0.6758052230260201,0,0,0,136.83329261543156,136.83329261543102,1089740.342389297
jid_696785,63236.0,262.0,4,1977,3506254,3506254,3508232,JobState.COMPLETED,0.675609112165873,0,0,0,136.8092790407198,136.80927904071916,1081887.7786540121
jid_696760,63328.0,262.0,4,1929,3506302,3506302,3508232,JobState.COMPLETED,0.6798365255945253,0,0,0,137.32692150137066,137.32692150137046,1059614.526304576
jid_696783,63402.0,262.0,4,1987,3506248,3506248,3508236,JobState.COMPLETED,0.6725467570612755,0,0,0,136.43429678301283,136.43429678301334,1084379.7908313859
jid_696785,63181.0,262.0,4,1983,3506252,3506252,3508236,JobState.COMPLETED,0.6750229233328093,0,0,0,136.73750081626264,136.73750081626238,1084601.8564745951
jid_696784,63255.0,262.0,4,1958,3506277,3506277,3508236,JobState.COMPLETED,0.6765926412301686,0,0,0,136.92971117104054,136.92971117104105,1072433.4978915895
jid_696784,63328.0,262.0,4,1956,3506280,3506280,3508237,JobState.COMPLETED,0.6639366387798542,0,0,0,135.37999658528852,135.37999658528827,1059213.0932832975
jid_696787,63139.0,262.0,4,2008,3506230,3506230,3508239,JobState.COMPLETED,0.6748774017019425,0,0,0,136.7196818410547,136.7196818410542,1098132.4845473513
jid_696787,63431.0,262.0,4,2001,3506237,3506237,3508239,JobState.COMPLETED,0.6737690022194146,0,0,0,136.58395945543825,136.58395945543853,1093218.0114813277
jid_696760,63282.0,262.0,4,1937,3506301,3506301,3508239,JobState.COMPLETED,0.6795255761039813,0,0,0,137.2888460535494,137.28884605354875,1063713.9792229007
jid_696785,63278.0,262.0,4,1982,3506257,3506257,3508240,JobState.COMPLETED,0.6606336075423727,0,0,0,134.97554378069896,134.9755437806987,1070086.1110933814
jid_696784,63490.0,262.0,4,1957,3506282,3506282,3508240,JobState.COMPLETED,0.6735789564918102,0,0,0,136.56068855001735,136.56068855001757,1068997.0699695358
jid_696760,63297.0,262.0,4,1938,3506301,3506301,3508240,JobState.COMPLETED,0.6798480387263599,0,0,0,137.32833127261594,137.32833127261551,1064569.2240253189
jid_696784,63477.0,262.0,4,1958,3506282,3506282,3508241,JobState.COMPLETED,0.672509277852077,0,0,0,136.42970749209076,136.42970749209107,1068517.469078055
jid_696787,63278.0,262.0,4,2008,3506235,3506235,3508244,JobState.COMPLETED,0.6736709695190773,0,0,0,136.57195545131594,136.5719554513156,1096945.9461849697
jid_696784,63012.0,262.0,4,1971,3506272,3506272,3508244,JobState.COMPLETED,0.6790228610669051,0,0,0,137.22728911023304,137.2272891102333,1081899.9473450773
jid_696784,63510.0,262.0,4,1961,3506282,3506282,3508244,JobState.COMPLETED,0.6785194505498726,0,0,0,137.1656470061064,137.16564700610687,1075927.3351158986
jid_696759,63356.0,262.0,4,1951,3506292,3506292,3508244,JobState.COMPLETED,0.6753965597509625,0,0,0,136.78325221440426,136.78325221440357,1067456.5002812108
jid_696785,63194.0,262.0,4,1991,3506253,3506253,3508245,JobState.COMPLETED,0.6742830688365259,0,0,0,136.64690638814582,136.64690638814605,1088255.9624751934
jid_696784,63220.0,262.0,4,1972,3506276,3506276,3508249,JobState.COMPLETED,0.6724491902756242,0,0,0,136.42234982966784,136.42234982966826,1076099.49545642
jid_696760,63294.0,262.0,4,1947,3506301,3506301,3508249,JobState.COMPLETED,0.6694942333726411,0,0,0,136.06051837216003,136.06051837216015,1059639.3170823823
jid_696783,63239.0,262.0,4,2006,3506244,3506244,3508251,JobState.COMPLETED,0.6702703946215822,0,0,0,136.15555852509095,136.1555585250917,1092512.2016053298
jid_696785,63030.0,262.0,4,2000,3506250,3506250,3508251,JobState.COMPLETED,0.6588135806263923,0,0,0,134.75268334200774,134.75268334200723,1078021.466736062
jid_696759,63221.0,262.0,4,1963,3506287,3506287,3508251,JobState.COMPLETED,0.6729950283941992,0,0,0,136.48918715030982,136.48918715031013,1071713.0975042328
jid_696760,63211.0,262.0,4,1953,3506297,3506297,3508251,JobState.COMPLETED,0.6772741457594771,0,0,0,137.0131607052424,137.01316070524211,1070346.8114293537
jid_696760,63431.0,262.0,4,1946,3506304,3506304,3508251,JobState.COMPLETED,0.6784117090012608,0,0,0,137.15245416341992,137.1524541634197,1067594.7032080607
jid_696784,63212.0,262.0,4,1976,3506275,3506275,3508252,JobState.COMPLETED,0.6749216858504129,0,0,0,136.72510438984673,136.72510438984648,1080675.2250973487
jid_696784,63251.0,262.0,4,1975,3506277,3506277,3508253,JobState.COMPLETED,0.6784651500278297,0,0,0,137.15899796259072,137.15899796259137,1083556.0839044666
jid_696783,63194.0,262.0,4,2011,3506242,3506242,3508254,JobState.COMPLETED,0.6932723932935763,0,0,0,138.9721297910507,138.97212979105015,1117891.8120392119
jid_696784,63109.0,262.0,4,1980,3506273,3506273,3508254,JobState.COMPLETED,0.6760092940141185,0,0,0,136.85828089968737,136.85828089968797,1083917.584725524
jid_696784,63116.0,262.0,4,1979,3506274,3506274,3508254,JobState.COMPLETED,0.6778799211632794,0,0,0,137.08733728529927,137.08733728529953,1085183.361950429
jid_696785,63238.0,262.0,4,2003,3506255,3506255,3508259,JobState.COMPLETED,0.6588646658788578,0,0,0,134.75893867904338,134.75893867904384,1079688.6166964956
jid_696784,63320.0,262.0,4,1979,3506280,3506280,3508260,JobState.COMPLETED,0.6781083574589155,0,0,0,137.11530907660196,137.1153090766019,1085404.786650381
jid_696760,63272.0,262.0,4,1963,3506301,3506301,3508265,JobState.COMPLETED,0.6764326938745323,0,0,0,136.91012578055515,136.91012578055498,1075018.3076289191
jid_696786,63344.0,262.0,4,2040,3506226,3506226,3508267,JobState.COMPLETED,0.665260539027979,0,0,0,135.54210681975295,135.54210681975255,1106023.591649184
jid_696785,63266.0,262.0,4,2010,3506256,3506256,3508267,JobState.COMPLETED,0.677637288690591,0,0,0,137.05762718660225,137.05762718660299,1101943.322580282
jid_696787,63012.0,262.0,4,2042,3506228,3506228,3508271,JobState.COMPLETED,0.6711253501828998,0,0,0,136.26024696117105,136.2602469611714,1112973.697178845
jid_696760,63079.0,262.0,4,1976,3506295,3506295,3508272,JobState.COMPLETED,0.6750781965444907,0,0,0,136.74426896463132,136.74426896463152,1080826.7018964458
jid_696760,63207.0,262.0,4,1974,3506297,3506297,3508272,JobState.COMPLETED,0.6760525544434173,0,0,0,136.86357809511196,136.86357809511233,1080674.812639004
jid_696760,63177.0,262.0,4,1976,3506296,3506296,3508273,JobState.COMPLETED,0.6749748763789012,0,0,0,136.73161751578328,136.73161751578382,1080726.7048447512
jid_696787,63221.0,262.0,4,2041,3506232,3506232,3508274,JobState.COMPLETED,0.6550252790507796,0,0,0,134.2888096796877,134.2888096796873,1096333.8422249702
jid_696760,63477.0,262.0,4,1976,3506304,3506304,3508281,JobState.COMPLETED,0.6612426939471789,0,0,0,135.05012578945028,135.05012578945048,1067436.194239815
jid_696758,63244.0,262.0,4,2021,3506266,3506266,3508288,JobState.COMPLETED,0.6682036494831456,0,0,0,135.90248769181306,135.90248769181375,1098635.7105006168
jid_696785,63322.0,262.0,4,2034,3506258,3506258,3508293,JobState.COMPLETED,0.6701027666236273,0,0,0,136.13503264779132,136.13503264779112,1107594.6256224301
jid_696785,63218.0,262.0,4,2050,3506254,3506254,3508305,JobState.COMPLETED,0.6728714230225699,0,0,0,136.47405179868267,136.474051798682,1119087.224749198
jid_696784,63504.0,262.0,4,2023,3506282,3506282,3508306,JobState.COMPLETED,0.657964723185147,0,0,0,134.64874161450746,134.6487416145078,1089577.6171445944
jid_696783,63269.0,262.0,4,2061,3506245,3506245,3508307,JobState.COMPLETED,0.6659112507592596,0,0,0,135.621785807256,135.6217858072563,1118066.0021950186
jid_696785,63103.0,262.0,4,2064,3506251,3506251,3508316,JobState.COMPLETED,0.6536464042238916,0,0,0,134.11996786414971,134.11996786415,1107294.45468642
jid_696784,63522.0,262.0,4,2037,3506283,3506283,3508321,JobState.COMPLETED,0.6567104321493245,0,0,0,134.49515495706058,134.49515495706015,1095866.5225901296
jid_696760,63191.0,262.0,4,2041,3506297,3506297,3508339,JobState.COMPLETED,0.6675261947090251,0,0,0,135.8195340460034,135.81953404600307,1108830.675951572
jid_696784,63356.0,262.0,4,2061,3506281,3506281,3508343,JobState.COMPLETED,0.6672585310959536,0,0,0,135.78675890970797,135.7867589097086,1119426.0404516326
jid_696797,59135.0,278.0,1,44,3508624,3508624,3508669,JobState.COMPLETED,1.0,0,0,0,176.53061224489795,176.53061224489795,7767.34693877551
jid_696794,59135.0,278.0,1,44,3508625,3508625,3508670,JobState.COMPLETED,1.0,0,0,0,176.53061224489795,176.53061224489795,7767.34693877551
jid_696811,41282.0,474.0,1024,14,3508942,3508942,3508957,JobState.COMPLETED,1.0,0,0,0,176.53061224489795,176.53061224489795,2530742.8571428573
jid_696813,41282.0,474.0,1024,14,3509088,3509088,3509103,JobState.COMPLETED,1.0,0,0,0,176.53061224489795,176.53061224489795,2530742.8571428573
jid_696818,41282.0,474.0,1024,268,3509435,3509435,3509704,JobState.COMPLETED,1.0,0,0,0,176.53061224489792,176.53061224489795,48445648.979591824
jid_696822,62998.0,627.0,6,426,3509488,3509488,3509915,JobState.COMPLETED,1.0,0,0,0,176.5306122448978,176.53061224489795,451212.2448979588
jid_696825,63001.0,627.0,6,460,3509627,3509627,3510088,JobState.COMPLETED,1.0,0,0,0,176.5306122448978,176.53061224489795,487224.48979591794
jid_696827,63003.0,627.0,6,499,3509614,3509614,3510114,JobState.COMPLETED,1.0,0,0,0,176.5306122448978,176.53061224489795,528532.653061224
jid_696828,14997.0,147.0,3,613,3509515,3509515,3510129,JobState.COMPLETED,0.5427426935487735,0,0,0,120.53992165903357,120.53992165903348,221672.91593096274
jid_696829,63004.0,627.0,6,580,3509554,3509554,3510135,JobState.COMPLETED,1.0,0,0,0,176.53061224489775,176.53061224489795,614326.5306122442
jid_696835,338.0,147.0,1,16,3510424,3510424,3510441,JobState.COMPLETED,0.9274790272890192,0,0,0,167.6504931374309,167.6504931374309,2682.4078901988946
jid_696838,41282.0,474.0,1024,406,3510296,3510296,3510703,JobState.COMPLETED,1.0,0,0,0,176.53061224489804,176.53061224489795,73391542.8571429
jid_696868,338.0,147.0,4,45,3514061,3514061,3514107,JobState.COMPLETED,0.5640041824923698,0,0,0,123.14336928478,123.14336928477998,22165.8064712604
jid_696874,41282.0,474.0,1024,261,3514118,3514118,3514380,JobState.COMPLETED,1.0,0,0,0,176.53061224489792,176.53061224489795,47180277.5510204
jid_696880,63024.0,627.0,6,902,3514280,3514280,3515183,JobState.COMPLETED,1.0,0,0,0,176.53061224489815,176.53061224489795,955383.6734693889
jid_696885,62934.0,522.0,12,4,3515331,3515331,3515336,JobState.COMPLETED,1.0,0,0,0,176.53061224489795,176.53061224489795,8473.469387755102
jid_696887,63026.0,179.0,2,6,3515534,3515534,3515541,JobState.COMPLETED,1.0,0,0,0,176.53061224489795,176.53061224489795,2118.3673469387754
jid_696891,41282.0,474.0,1024,265,3515332,3515332,3515598,JobState.COMPLETED,1.0,0,0,0,176.53061224489792,176.53061224489795,47903346.9387755
jid_696894,62773.0,608.0,728,534,3515275,3515275,3515810,JobState.COMPLETED,0.6593215504587423,0,0,0,134.81488372964202,134.81488372964193,52409555.6796658
jid_696918,41282.0,474.0,1024,16,3517244,3517244,3517261,JobState.COMPLETED,1.0,0,0,0,176.53061224489795,176.53061224489795,2892277.551020408
jid_696934,1469.0,159.0,30,1283,3517143,3517143,3518427,JobState.COMPLETED,1.0,0,0,0,176.53061224489818,176.53061224489795,6794663.265306131
jid_696934,1469.0,159.0,30,1304,3517143,3517143,3518448,JobState.COMPLETED,1.0,0,0,0,176.5306122448982,176.53061224489795,6905877.551020418
jid_696934,1469.0,159.0,30,1309,3517143,3517143,3518453,JobState.COMPLETED,1.0,0,0,0,176.5306122448982,176.53061224489795,6932357.142857152
jid_696934,1469.0,159.0,30,1313,3517143,3517143,3518457,JobState.COMPLETED,1.0,0,0,0,176.5306122448982,176.53061224489795,6953540.816326541
jid_696934,1469.0,159.0,30,1315,3517143,3517143,3518459,JobState.COMPLETED,1.0,0,0,0,176.5306122448982,176.53061224489795,6964132.653061234
jid_696934,1469.0,159.0,30,1317,3517143,3517143,3518461,JobState.COMPLETED,1.0,0,0,0,176.5306122448982,176.53061224489795,6974724.489795928
jid_696934,1469.0,159.0,30,1317,3517143,3517143,3518461,JobState.COMPLETED,1.0,0,0,0,176.5306122448982,176.53061224489795,6974724.489795928
jid_696934,1469.0,159.0,30,1323,3517143,3517143,3518467,JobState.COMPLETED,1.0,0,0,0,176.53061224489824,176.53061224489795,7006500.000000011
jid_696934,1469.0,159.0,30,1338,3517143,3517143,3518482,JobState.COMPLETED,1.0,0,0,0,176.53061224489824,176.53061224489795,7085938.775510215
jid_696934,1469.0,159.0,30,1518,3517143,3517143,3518662,JobState.COMPLETED,1.0,0,0,0,176.53061224489835,176.53061224489795,8039204.08163267
jid_696949,62657.0,608.0,384,172,3518547,3518547,3518720,JobState.COMPLETED,1.0,0,0,0,176.53061224489792,176.53061224489795,11659493.87755102
jid_696956,62657.0,608.0,255,140,3518886,3518886,3519027,JobState.COMPLETED,1.0,0,0,0,176.53061224489798,176.53061224489795,6302142.857142858
jid_696966,62773.0,608.0,5832,564,3519378,3519378,3519943,JobState.COMPLETED,0.5182079895563494,0,0,0,117.53567219057348,117.5356721905734,386603974.6814994
jid_696977,63047.0,200.0,1,935,3520023,3520023,3520959,JobState.COMPLETED,1.0,0,0,0,176.53061224489815,176.53061224489795,165056.12244897976
jid_696983,63051.0,200.0,1,899,3520407,3520407,3521307,JobState.COMPLETED,1.0,0,0,0,176.53061224489818,176.53061224489795,158701.02040816346
jid_696990,71.0,49.0,512,26,3521468,3521468,3521495,JobState.COMPLETED,1.0,0,0,0,176.53061224489795,176.53061224489795,2349975.5102040814
jid_696934,1469.0,159.0,30,4361,3517143,3517143,3521505,JobState.COMPLETED,1.0,0,0,0,176.5306122448983,176.53061224489795,23095500.000000045
jid_696993,63057.0,200.0,1,869,3520877,3520877,3521747,JobState.COMPLETED,1.0,0,0,0,176.53061224489818,176.53061224489795,153405.1020408165
jid_697165,62657.0,608.0,255,198,3521604,3521604,3521803,JobState.COMPLETED,0.5458457074614299,0,0,0,120.91988254629754,120.91988254629754,6105244.869762563
jid_697001,71.0,49.0,512,133,3521907,3521907,3522041,JobState.COMPLETED,1.0,0,0,0,176.5306122448979,176.53061224489795,12021028.571428567
jid_697002,63061.0,200.0,1,910,3521151,3521151,3522062,JobState.COMPLETED,1.0,0,0,0,176.53061224489818,176.53061224489795,160642.85714285733
jid_697000,224.0,60.0,1,116,3522030,3522030,3522147,JobState.COMPLETED,1.0,0,0,0,176.53061224489792,176.53061224489795,20477.55102040816
jid_697005,1460.0,60.0,1,169,3522092,3522092,3522262,JobState.COMPLETED,1.0,0,0,0,176.5306122448979,176.53061224489795,29833.673469387744
jid_697006,63063.0,200.0,1,964,3521333,3521333,3522298,JobState.COMPLETED,1.0,0,0,0,176.5306122448981,176.53061224489795,170175.51020408177
jid_697008,63065.0,200.0,1,864,3521512,3521512,3522377,JobState.COMPLETED,1.0,0,0,0,176.53061224489818,176.53061224489795,152522.44897959204
jid_697015,63068.0,200.0,1,859,3521809,3521809,3522669,JobState.COMPLETED,1.0,0,0,0,176.53061224489818,176.53061224489795,151639.79591836754
jid_697020,1430.0,21.0,32,25,3522643,3522643,3522669,JobState.COMPLETED,1.0,0,0,0,176.53061224489795,176.53061224489795,141224.48979591837
jid_697020,1430.0,21.0,32,28,3522643,3522643,3522672,JobState.COMPLETED,1.0,0,0,0,176.53061224489795,176.53061224489795,158171.42857142858
jid_697016,62913.0,200.0,640,4559,3518142,3518142,3522702,JobState.COMPLETED,0.7502173780162217,0,0,0,145.94498506321105,145.94498506321082,425832439.61803466
jid_697044,63082.0,200.0,1,899,3522866,3522866,3523766,JobState.COMPLETED,1.0,0,0,0,176.53061224489818,176.53061224489795,158701.02040816346
jid_697057,63088.0,200.0,1,839,3523330,3523330,3524170,JobState.COMPLETED,1.0,0,0,0,176.53061224489815,176.53061224489795,148109.18367346955
jid_696934,1469.0,159.0,30,7135,3517143,3517143,3524279,JobState.COMPLETED,1.0,0,0,0,176.5306122448957,176.53061224489795,37786377.55101993
jid_697062,63091.0,200.0,1,904,3523423,3523423,3524328,JobState.COMPLETED,1.0,0,0,0,176.53061224489818,176.53061224489795,159583.67346938796
jid_696934,1469.0,159.0,30,7350,3517143,3517143,3524494,JobState.COMPLETED,1.0,0,0,0,176.5306122448956,176.53061224489795,38924999.99999948
jid_696934,1469.0,159.0,30,7385,3517143,3517143,3524529,JobState.COMPLETED,1.0,0,0,0,176.53061224489556,176.53061224489795,39110357.14285661
jid_696934,1469.0,159.0,30,8036,3517143,3517143,3525180,JobState.COMPLETED,1.0,0,0,0,176.53061224489525,176.53061224489795,42557999.99999935
jid_696934,1469.0,159.0,30,9893,3517143,3517143,3527037,JobState.COMPLETED,1.0,0,0,0,176.53061224489457,176.53061224489795,52392520.408162266
jid_697075,41282.0,474.0,1024,36,3527731,3527731,3527768,JobState.COMPLETED,1.0,0,0,0,176.53061224489795,176.53061224489795,6507624.489795918
jid_697131,62915.0,200.0,640,5381,3529575,3529575,3534957,JobState.COMPLETED,0.7509601323050179,0,0,0,146.03593456796278,146.0359345679614,502924392.90253294
jid_697143,62913.0,200.0,640,5398,3529575,3529575,3534974,JobState.COMPLETED,0.7492016433237351,0,0,0,145.82060938657963,145.8206093865798,503769375.6600044
jid_697155,1246.0000000000073,376.0,160,15570,3521163,3521163,3536734,JobState.COMPLETED,0.7833021041274688,0,0,0,149.99617601560652,149.99617601560843,373670473.690079
jid_697158,1246.0000000000073,376.0,160,15702,3521163,3521163,3536866,JobState.COMPLETED,0.7801003529684748,0,0,0,149.60412485327873,149.60412485328266,375853434.9513892
jid_697171,62767.0,556.0,24,449,3537925,3537925,3538375,JobState.COMPLETED,1.0,0,0,0,176.5306122448978,176.53061224489795,1902293.8775510187
jid_698440,1246.0000000000073,376.0,160,17443,3521310,3521310,3538754,JobState.COMPLETED,0.7844982719322539,0,0,0,150.1426455427252,150.14264554272498,419030106.5922809
jid_698346,1246.0000000000073,376.0,160,17485,3521309,3521309,3538795,JobState.COMPLETED,0.7835327466354126,0,0,0,150.0244179553536,150.02441795535663,419708311.67189723
jid_697184,51.0,39.0,48,10,3530890,3538795,3538806,JobState.COMPLETED,1.0,0,0,0,176.53061224489795,176.53061224489795,84734.69387755102
jid_697192,63117.0,29.0,2,59,3538234,3538754,3538814,JobState.COMPLETED,1.0,0,0,0,176.53061224489795,176.53061224489795,20830.61224489796
jid_697179,1246.0000000000073,376.0,160,17522,3521303,3521303,3538826,JobState.COMPLETED,0.7831768832898504,0,0,0,149.98084285181827,149.9808428518184,420474292.5519296
jid_697182,1246.0000000000073,376.0,160,17543,3521304,3521304,3538848,JobState.COMPLETED,0.7831967848785534,0,0,0,149.98327978104447,149.98327978104734,420985068.3518181
jid_697198,63122.0,185.0,80,21,3536083,3538826,3538848,JobState.COMPLETED,1.0,0,0,0,176.53061224489795,176.53061224489795,296571.4285714285
jid_697196,63120.0,185.0,80,22,3535906,3538826,3538849,JobState.COMPLETED,1.0,0,0,0,176.53061224489795,176.53061224489795,310693.8775510204
jid_698502,1246.0000000000073,376.0,160,17551,3521311,3521311,3538863,JobState.COMPLETED,0.7824642374471142,0,0,0,149.89358009556332,149.893580095565,420925155.88115704
jid_697188,1246.0000000000073,376.0,160,17587,3521306,3521306,3538894,JobState.COMPLETED,0.7822448102566931,0,0,0,149.8667114600064,149.86671146000324,421712936.7115412
jid_697189,1246.0000000000073,376.0,160,17604,3521306,3521306,3538911,JobState.COMPLETED,0.7824407148272106,0,0,0,149.89069977476728,149.8906997747605,422188140.61360055
jid_698355,1246.0000000000073,376.0,160,17602,3521309,3521309,3538912,JobState.COMPLETED,0.7818386095908904,0,0,0,149.81697260296522,149.81697260296616,421932536.281183
jid_698441,1246.0000000000073,376.0,160,17633,3521310,3521310,3538944,JobState.COMPLETED,0.7805985820599795,0,0,0,149.66513249714055,149.66513249714035,422247245.01153266
jid_697232,1246.0000000000073,376.0,160,17680,3521308,3521308,3538989,JobState.COMPLETED,0.7795046764914721,0,0,0,149.53118487650892,149.53118487650679,422993815.77866846
jid_697202,1246.0000000000073,376.0,160,17696,3521305,3521305,3539002,JobState.COMPLETED,0.7856466164200507,0,0,0,150.28325915347406,150.2832591534756,425506008.6367803
jid_697206,1246.0000000000073,376.0,160,17703,3521305,3521305,3539009,JobState.COMPLETED,0.7856902720541324,0,0,0,150.28860474131528,150.28860474132233,425689467.1576807
jid_697218,1246.0000000000073,376.0,160,17707,3521303,3521303,3539011,JobState.COMPLETED,0.7803516434192289,0,0,0,149.63489511255528,149.63489511255864,423933614.0412826
jid_697211,1246.0000000000073,376.0,160,17720,3521301,3521301,3539022,JobState.COMPLETED,0.7846874546405159,0,0,0,150.16581077231064,150.16581077230808,425750106.7016551
jid_697217,1246.0000000000073,376.0,160,17741,3521301,3521301,3539043,JobState.COMPLETED,0.779221256071008,0,0,0,149.49648033523025,149.49648033522547,424354729.2203712
jid_697222,1246.0000000000073,376.0,160,17768,3521305,3521305,3539074,JobState.COMPLETED,0.779049384821683,0,0,0,149.47543487612546,149.47543487612447,424940724.30063957
jid_697223,1246.0000000000073,376.0,160,17771,3521306,3521306,3539078,JobState.COMPLETED,0.7780611800660203,0,0,0,149.35443021216992,149.35443021216577,424668412.6880754
jid_697226,1246.0000000000073,376.0,160,17779,3521301,3521301,3539081,JobState.COMPLETED,0.7778621573847909,0,0,0,149.3300600879357,149.3300600879336,424790262.1285454
jid_697228,1246.0000000000073,376.0,160,17794,3521302,3521302,3539097,JobState.COMPLETED,0.7836156388997295,0,0,0,150.03456802853844,150.0345680285383,427154416.5599701
jid_697239,1246.0000000000073,376.0,160,17817,3521304,3521304,3539122,JobState.COMPLETED,0.7776856669329905,0,0,0,149.30844901219905,149.3084490122029,425636581.7680561
jid_697251,1246.0000000000073,376.0,160,17820,3521305,3521305,3539126,JobState.COMPLETED,0.7831679753246097,0,0,0,149.9797520805619,149.97975208056445,427622269.1320981
jid_697240,1246.0000000000073,376.0,160,17824,3521306,3521306,3539131,JobState.COMPLETED,0.7776648312347756,0,0,0,149.30589770221633,149.3058977022174,425796531.3030886
jid_697250,1246.0000000000073,376.0,160,17842,3521306,3521306,3539149,JobState.COMPLETED,0.7771099455036015,0,0,0,149.23795251064112,149.2379525106451,426032567.7911774
jid_697246,1246.0000000000073,376.0,160,17847,3521307,3521307,3539155,JobState.COMPLETED,0.7825393063049663,0,0,0,149.9027722006061,149.9027722006081,428050364.0742748
jid_698289,1246.0000000000073,376.0,160,17907,3521309,3521309,3539217,JobState.COMPLETED,0.7797830829766107,0,0,0,149.5652754665307,149.5652754665238,428522462.0446664
jid_697289,63124.0,512.0,640,15675,3523614,3523614,3539290,JobState.COMPLETED,0.7021841073629392,0,0,0,140.063360085262,140.0633600852579,1405115628.375348
jid_697258,61957.0,605.0,15,2,3539362,3539362,3539365,JobState.COMPLETED,1.0,0,0,0,176.53061224489795,176.53061224489795,5295.918367346939
jid_697265,55929.0,136.0,2,16,3539394,3539394,3539411,JobState.COMPLETED,1.0,0,0,0,176.53061224489795,176.53061224489795,5648.9795918367345
jid_697267,55929.0,136.0,2,15,3539398,3539398,3539414,JobState.COMPLETED,1.0,0,0,0,176.53061224489795,176.53061224489795,5295.918367346939
jid_697269,55929.0,136.0,2,16,3539400,3539400,3539417,JobState.COMPLETED,1.0,0,0,0,176.53061224489795,176.53061224489795,5648.9795918367345
jid_697272,55929.0,136.0,2,15,3539404,3539404,3539420,JobState.COMPLETED,1.0,0,0,0,176.53061224489795,176.53061224489795,5295.918367346939
jid_697274,55929.0,136.0,2,15,3539407,3539407,3539423,JobState.COMPLETED,1.0,0,0,0,176.53061224489795,176.53061224489795,5295.918367346939
jid_697285,55929.0,136.0,2,16,3539417,3539417,3539434,JobState.COMPLETED,1.0,0,0,0,176.53061224489795,176.53061224489795,5648.9795918367345
jid_697413,55929.0,136.0,2,15,3539419,3539419,3539435,JobState.COMPLETED,1.0,0,0,0,176.53061224489795,176.53061224489795,5295.918367346939
jid_697291,55929.0,136.0,2,15,3539425,3539425,3539441,JobState.COMPLETED,1.0,0,0,0,176.53061224489795,176.53061224489795,5295.918367346939
jid_697297,55929.0,136.0,2,16,3539434,3539434,3539451,JobState.COMPLETED,1.0,0,0,0,176.53061224489795,176.53061224489795,5648.9795918367345
jid_697300,55929.0,136.0,2,16,3539438,3539438,3539455,JobState.COMPLETED,1.0,0,0,0,176.53061224489795,176.53061224489795,5648.9795918367345
jid_697307,55929.0,136.0,2,14,3539446,3539446,3539461,JobState.COMPLETED,1.0,0,0,0,176.53061224489795,176.53061224489795,4942.857142857143
jid_697309,55929.0,136.0,2,16,3539450,3539450,3539467,JobState.COMPLETED,1.0,0,0,0,176.53061224489795,176.53061224489795,5648.9795918367345
jid_697311,55929.0,136.0,2,15,3539452,3539452,3539468,JobState.COMPLETED,1.0,0,0,0,176.53061224489795,176.53061224489795,5295.918367346939
jid_698427,1246.0000000000073,376.0,160,18160,3521310,3521310,3539471,JobState.COMPLETED,0.7722195289733352,0,0,0,148.63912599673492,148.63912599673492,431885844.496113
jid_697318,55929.0,136.0,2,16,3539460,3539460,3539477,JobState.COMPLETED,1.0,0,0,0,176.53061224489795,176.53061224489795,5648.9795918367345
jid_697320,55929.0,136.0,2,15,3539462,3539462,3539478,JobState.COMPLETED,1.0,0,0,0,176.53061224489795,176.53061224489795,5295.918367346939
jid_697323,55929.0,136.0,2,14,3539468,3539468,3539483,JobState.COMPLETED,1.0,0,0,0,176.53061224489795,176.53061224489795,4942.857142857143
jid_697324,55929.0,136.0,2,16,3539469,3539469,3539486,JobState.COMPLETED,1.0,0,0,0,176.53061224489795,176.53061224489795,5648.9795918367345
jid_697326,55929.0,136.0,2,15,3539474,3539474,3539490,JobState.COMPLETED,1.0,0,0,0,176.53061224489795,176.53061224489795,5295.918367346939
jid_697338,55929.0,136.0,2,15,3539484,3539484,3539500,JobState.COMPLETED,1.0,0,0,0,176.53061224489795,176.53061224489795,5295.918367346939
jid_697336,55929.0,136.0,2,15,3539487,3539487,3539503,JobState.COMPLETED,1.0,0,0,0,176.53061224489795,176.53061224489795,5295.918367346939
jid_697341,55929.0,136.0,2,15,3539489,3539489,3539505,JobState.COMPLETED,1.0,0,0,0,176.53061224489795,176.53061224489795,5295.918367346939
jid_697349,55929.0,136.0,2,15,3539495,3539495,3539511,JobState.COMPLETED,1.0,0,0,0,176.53061224489795,176.53061224489795,5295.918367346939
jid_697351,55929.0,136.0,2,15,3539500,3539500,3539516,JobState.COMPLETED,1.0,0,0,0,176.53061224489795,176.53061224489795,5295.918367346939
jid_697353,55929.0,136.0,2,15,3539501,3539501,3539517,JobState.COMPLETED,1.0,0,0,0,176.53061224489795,176.53061224489795,5295.918367346939
jid_697356,55929.0,136.0,2,14,3539507,3539507,3539522,JobState.COMPLETED,1.0,0,0,0,176.53061224489795,176.53061224489795,4942.857142857143
jid_697364,55929.0,136.0,2,15,3539511,3539511,3539527,JobState.COMPLETED,1.0,0,0,0,176.53061224489795,176.53061224489795,5295.918367346939
jid_697366,55929.0,136.0,2,16,3539516,3539516,3539533,JobState.COMPLETED,1.0,0,0,0,176.53061224489795,176.53061224489795,5648.9795918367345
jid_697373,55929.0,136.0,2,16,3539523,3539523,3539540,JobState.COMPLETED,1.0,0,0,0,176.53061224489795,176.53061224489795,5648.9795918367345
jid_697378,55929.0,136.0,2,16,3539531,3539531,3539548,JobState.COMPLETED,1.0,0,0,0,176.53061224489795,176.53061224489795,5648.9795918367345
jid_697380,55929.0,136.0,2,15,3539532,3539532,3539548,JobState.COMPLETED,1.0,0,0,0,176.53061224489795,176.53061224489795,5295.918367346939
jid_697383,55929.0,136.0,2,14,3539535,3539535,3539550,JobState.COMPLETED,1.0,0,0,0,176.53061224489795,176.53061224489795,4942.857142857143
jid_697379,55929.0,136.0,2,15,3539536,3539536,3539552,JobState.COMPLETED,1.0,0,0,0,176.53061224489795,176.53061224489795,5295.918367346939
jid_697392,55929.0,136.0,2,16,3539543,3539543,3539560,JobState.COMPLETED,1.0,0,0,0,176.53061224489795,176.53061224489795,5648.9795918367345
jid_697393,55929.0,136.0,2,16,3539546,3539546,3539563,JobState.COMPLETED,1.0,0,0,0,176.53061224489795,176.53061224489795,5648.9795918367345
jid_697390,55929.0,136.0,2,15,3539547,3539547,3539563,JobState.COMPLETED,1.0,0,0,0,176.53061224489795,176.53061224489795,5295.918367346939
jid_697394,55929.0,136.0,2,14,3539552,3539552,3539567,JobState.COMPLETED,1.0,0,0,0,176.53061224489795,176.53061224489795,4942.857142857143
jid_697463,55929.0,136.0,2,15,3539555,3539555,3539571,JobState.COMPLETED,1.0,0,0,0,176.53061224489795,176.53061224489795,5295.918367346939
jid_697471,55929.0,136.0,2,15,3539562,3539562,3539578,JobState.COMPLETED,1.0,0,0,0,176.53061224489795,176.53061224489795,5295.918367346939
jid_697477,55929.0,136.0,2,15,3539572,3539572,3539588,JobState.COMPLETED,1.0,0,0,0,176.53061224489795,176.53061224489795,5295.918367346939
jid_697460,55929.0,136.0,2,15,3539573,3539573,3539589,JobState.COMPLETED,1.0,0,0,0,176.53061224489795,176.53061224489795,5295.918367346939
jid_697424,55929.0,136.0,2,16,3539584,3539584,3539601,JobState.COMPLETED,1.0,0,0,0,176.53061224489795,176.53061224489795,5648.9795918367345
jid_697427,55929.0,136.0,2,14,3539589,3539589,3539604,JobState.COMPLETED,1.0,0,0,0,176.53061224489795,176.53061224489795,4942.857142857143
jid_697429,55929.0,136.0,2,16,3539588,3539588,3539605,JobState.COMPLETED,1.0,0,0,0,176.53061224489795,176.53061224489795,5648.9795918367345
jid_697434,55929.0,136.0,2,14,3539596,3539596,3539611,JobState.COMPLETED,1.0,0,0,0,176.53061224489795,176.53061224489795,4942.857142857143
jid_697497,55929.0,136.0,2,15,3539614,3539614,3539630,JobState.COMPLETED,1.0,0,0,0,176.53061224489795,176.53061224489795,5295.918367346939
jid_697449,55929.0,136.0,2,15,3539617,3539617,3539633,JobState.COMPLETED,1.0,0,0,0,176.53061224489795,176.53061224489795,5295.918367346939
jid_697470,55929.0,136.0,2,16,3539633,3539633,3539650,JobState.COMPLETED,1.0,0,0,0,176.53061224489795,176.53061224489795,5648.9795918367345
jid_697476,55929.0,136.0,2,16,3539643,3539643,3539660,JobState.COMPLETED,1.0,0,0,0,176.53061224489795,176.53061224489795,5648.9795918367345
jid_697490,55929.0,136.0,2,16,3539655,3539655,3539672,JobState.COMPLETED,1.0,0,0,0,176.53061224489795,176.53061224489795,5648.9795918367345
jid_697492,55929.0,136.0,2,15,3539657,3539657,3539673,JobState.COMPLETED,1.0,0,0,0,176.53061224489795,176.53061224489795,5295.918367346939
jid_697491,55929.0,136.0,2,14,3539660,3539660,3539675,JobState.COMPLETED,1.0,0,0,0,176.53061224489795,176.53061224489795,4942.857142857143
jid_697505,55929.0,136.0,2,15,3539789,3539789,3539805,JobState.COMPLETED,1.0,0,0,0,176.53061224489795,176.53061224489795,5295.918367346939
jid_697629,55929.0,136.0,2,14,3539792,3539792,3539807,JobState.COMPLETED,1.0,0,0,0,176.53061224489795,176.53061224489795,4942.857142857143
jid_697510,55929.0,136.0,2,16,3539793,3539793,3539810,JobState.COMPLETED,1.0,0,0,0,176.53061224489795,176.53061224489795,5648.9795918367345
jid_697509,55929.0,136.0,2,15,3539795,3539795,3539811,JobState.COMPLETED,1.0,0,0,0,176.53061224489795,176.53061224489795,5295.918367346939
jid_697522,55929.0,136.0,2,15,3539809,3539809,3539825,JobState.COMPLETED,1.0,0,0,0,176.53061224489795,176.53061224489795,5295.918367346939
jid_697524,55929.0,136.0,2,15,3539811,3539811,3539827,JobState.COMPLETED,1.0,0,0,0,176.53061224489795,176.53061224489795,5295.918367346939
jid_697532,55929.0,136.0,2,14,3539823,3539823,3539838,JobState.COMPLETED,1.0,0,0,0,176.53061224489795,176.53061224489795,4942.857142857143
jid_697539,55929.0,136.0,2,16,3539832,3539832,3539849,JobState.COMPLETED,1.0,0,0,0,176.53061224489795,176.53061224489795,5648.9795918367345
jid_697608,55929.0,136.0,2,15,3539833,3539833,3539849,JobState.COMPLETED,1.0,0,0,0,176.53061224489795,176.53061224489795,5295.918367346939
jid_697545,55929.0,136.0,2,15,3539838,3539838,3539854,JobState.COMPLETED,1.0,0,0,0,176.53061224489795,176.53061224489795,5295.918367346939
jid_697547,55929.0,136.0,2,16,3539841,3539841,3539858,JobState.COMPLETED,1.0,0,0,0,176.53061224489795,176.53061224489795,5648.9795918367345
jid_697617,55929.0,136.0,2,15,3539842,3539842,3539858,JobState.COMPLETED,1.0,0,0,0,176.53061224489795,176.53061224489795,5295.918367346939
jid_697552,55929.0,136.0,2,15,3539850,3539850,3539866,JobState.COMPLETED,1.0,0,0,0,176.53061224489795,176.53061224489795,5295.918367346939
jid_697558,55929.0,136.0,2,15,3539855,3539855,3539871,JobState.COMPLETED,1.0,0,0,0,176.53061224489795,176.53061224489795,5295.918367346939
jid_697562,55929.0,136.0,2,15,3539858,3539858,3539874,JobState.COMPLETED,1.0,0,0,0,176.53061224489795,176.53061224489795,5295.918367346939
jid_697635,55929.0,136.0,2,16,3539861,3539861,3539878,JobState.COMPLETED,1.0,0,0,0,176.53061224489795,176.53061224489795,5648.9795918367345
jid_697569,55929.0,136.0,2,15,3539866,3539866,3539882,JobState.COMPLETED,1.0,0,0,0,176.53061224489795,176.53061224489795,5295.918367346939
jid_697571,55929.0,136.0,2,16,3539870,3539870,3539887,JobState.COMPLETED,1.0,0,0,0,176.53061224489795,176.53061224489795,5648.9795918367345
jid_697577,55929.0,136.0,2,15,3539876,3539876,3539892,JobState.COMPLETED,1.0,0,0,0,176.53061224489795,176.53061224489795,5295.918367346939
jid_697588,55929.0,136.0,2,15,3539889,3539889,3539905,JobState.COMPLETED,1.0,0,0,0,176.53061224489795,176.53061224489795,5295.918367346939
jid_697590,55929.0,136.0,2,16,3539891,3539891,3539908,JobState.COMPLETED,1.0,0,0,0,176.53061224489795,176.53061224489795,5648.9795918367345
jid_697599,55929.0,136.0,2,16,3539899,3539899,3539916,JobState.COMPLETED,1.0,0,0,0,176.53061224489795,176.53061224489795,5648.9795918367345
jid_697601,55929.0,136.0,2,16,3539900,3539900,3539917,JobState.COMPLETED,1.0,0,0,0,176.53061224489795,176.53061224489795,5648.9795918367345
jid_697604,55929.0,136.0,2,16,3539902,3539902,3539919,JobState.COMPLETED,1.0,0,0,0,176.53061224489795,176.53061224489795,5648.9795918367345
jid_697602,55929.0,136.0,2,15,3539905,3539905,3539921,JobState.COMPLETED,1.0,0,0,0,176.53061224489795,176.53061224489795,5295.918367346939
jid_697609,55929.0,136.0,2,15,3539908,3539908,3539924,JobState.COMPLETED,1.0,0,0,0,176.53061224489795,176.53061224489795,5295.918367346939
jid_697612,55929.0,136.0,2,16,3539912,3539912,3539929,JobState.COMPLETED,1.0,0,0,0,176.53061224489795,176.53061224489795,5648.9795918367345
jid_697676,55929.0,136.0,2,15,3539915,3539915,3539931,JobState.COMPLETED,1.0,0,0,0,176.53061224489795,176.53061224489795,5295.918367346939
jid_697614,55929.0,136.0,2,17,3539916,3539916,3539934,JobState.COMPLETED,1.0,0,0,0,176.53061224489795,176.53061224489795,6002.04081632653
jid_697618,55929.0,136.0,2,15,3539918,3539918,3539934,JobState.COMPLETED,1.0,0,0,0,176.53061224489795,176.53061224489795,5295.918367346939
jid_697619,55929.0,136.0,2,16,3539919,3539919,3539936,JobState.COMPLETED,1.0,0,0,0,176.53061224489795,176.53061224489795,5648.9795918367345
jid_697626,55929.0,136.0,2,15,3539928,3539928,3539944,JobState.COMPLETED,1.0,0,0,0,176.53061224489795,176.53061224489795,5295.918367346939
jid_697625,55929.0,136.0,2,16,3539929,3539929,3539946,JobState.COMPLETED,1.0,0,0,0,176.53061224489795,176.53061224489795,5648.9795918367345
jid_697700,55929.0,136.0,2,15,3539941,3539941,3539957,JobState.COMPLETED,1.0,0,0,0,176.53061224489795,176.53061224489795,5295.918367346939
jid_697638,55929.0,136.0,2,15,3539944,3539944,3539960,JobState.COMPLETED,1.0,0,0,0,176.53061224489795,176.53061224489795,5295.918367346939
jid_697650,55929.0,136.0,2,16,3539962,3539962,3539979,JobState.COMPLETED,1.0,0,0,0,176.53061224489795,176.53061224489795,5648.9795918367345
jid_697654,55929.0,136.0,2,15,3539963,3539963,3539979,JobState.COMPLETED,1.0,0,0,0,176.53061224489795,176.53061224489795,5295.918367346939
jid_697665,55929.0,136.0,2,15,3539977,3539977,3539993,JobState.COMPLETED,1.0,0,0,0,176.53061224489795,176.53061224489795,5295.918367346939
jid_697668,55929.0,136.0,2,16,3539981,3539981,3539998,JobState.COMPLETED,1.0,0,0,0,176.53061224489795,176.53061224489795,5648.9795918367345
jid_697739,55929.0,136.0,2,16,3539996,3539996,3540013,JobState.COMPLETED,1.0,0,0,0,176.53061224489795,176.53061224489795,5648.9795918367345
jid_697684,55929.0,136.0,2,16,3539998,3539998,3540015,JobState.COMPLETED,1.0,0,0,0,176.53061224489795,176.53061224489795,5648.9795918367345
jid_697688,55929.0,136.0,2,16,3540002,3540002,3540019,JobState.COMPLETED,1.0,0,0,0,176.53061224489795,176.53061224489795,5648.9795918367345
jid_697741,55929.0,136.0,2,15,3540010,3540010,3540026,JobState.COMPLETED,1.0,0,0,0,176.53061224489795,176.53061224489795,5295.918367346939
jid_697717,63128.0,512.0,640,16454,3523577,3523577,3540032,JobState.COMPLETED,0.6899427508120042,0,0,0,138.56441846677808,138.56441846677603,1459160922.5295143
jid_697708,55929.0,136.0,2,16,3540023,3540023,3540040,JobState.COMPLETED,1.0,0,0,0,176.53061224489795,176.53061224489795,5648.9795918367345
jid_697729,55929.0,136.0,2,16,3540043,3540043,3540060,JobState.COMPLETED,1.0,0,0,0,176.53061224489795,176.53061224489795,5648.9795918367345
jid_697731,55929.0,136.0,2,15,3540046,3540046,3540062,JobState.COMPLETED,1.0,0,0,0,176.53061224489795,176.53061224489795,5295.918367346939
jid_697730,55929.0,136.0,2,15,3540048,3540048,3540064,JobState.COMPLETED,1.0,0,0,0,176.53061224489795,176.53061224489795,5295.918367346939
jid_697734,55929.0,136.0,2,16,3540052,3540052,3540069,JobState.COMPLETED,1.0,0,0,0,176.53061224489795,176.53061224489795,5648.9795918367345
jid_697736,55929.0,136.0,2,16,3540055,3540055,3540072,JobState.COMPLETED,1.0,0,0,0,176.53061224489795,176.53061224489795,5648.9795918367345
jid_698445,1246.0000000000073,376.0,160,18871,3521310,3521310,3540182,JobState.COMPLETED,0.7582371887703175,0,0,0,146.92700270656601,146.92700270656948,443625514.8920972
jid_697751,55929.0,136.0,2,15,3540179,3540179,3540195,JobState.COMPLETED,1.0,0,0,0,176.53061224489795,176.53061224489795,5295.918367346939
jid_697756,55929.0,136.0,2,15,3540185,3540185,3540201,JobState.COMPLETED,1.0,0,0,0,176.53061224489795,176.53061224489795,5295.918367346939
jid_697821,55929.0,136.0,2,17,3540186,3540186,3540204,JobState.COMPLETED,1.0,0,0,0,176.53061224489795,176.53061224489795,6002.04081632653
jid_697765,55929.0,136.0,2,15,3540197,3540197,3540213,JobState.COMPLETED,1.0,0,0,0,176.53061224489795,176.53061224489795,5295.918367346939
jid_697766,55929.0,136.0,2,16,3540199,3540199,3540216,JobState.COMPLETED,1.0,0,0,0,176.53061224489795,176.53061224489795,5648.9795918367345
jid_697815,55929.0,136.0,2,16,3540216,3540216,3540233,JobState.COMPLETED,1.0,0,0,0,176.53061224489795,176.53061224489795,5648.9795918367345
jid_697802,55929.0,136.0,2,16,3540242,3540242,3540259,JobState.COMPLETED,1.0,0,0,0,176.53061224489795,176.53061224489795,5648.9795918367345
jid_697803,55929.0,136.0,2,15,3540244,3540244,3540260,JobState.COMPLETED,1.0,0,0,0,176.53061224489795,176.53061224489795,5295.918367346939
jid_697804,55929.0,136.0,2,16,3540246,3540246,3540263,JobState.COMPLETED,1.0,0,0,0,176.53061224489795,176.53061224489795,5648.9795918367345
jid_697814,55929.0,136.0,2,17,3540260,3540260,3540278,JobState.COMPLETED,1.0,0,0,0,176.53061224489795,176.53061224489795,6002.04081632653
jid_697822,55929.0,136.0,2,18,3540264,3540264,3540283,JobState.COMPLETED,1.0,0,0,0,176.53061224489795,176.53061224489795,6355.102040816326
jid_697824,55929.0,136.0,2,17,3540277,3540277,3540295,JobState.COMPLETED,1.0,0,0,0,176.53061224489795,176.53061224489795,6002.04081632653
jid_697827,55929.0,136.0,2,16,3540280,3540280,3540297,JobState.COMPLETED,1.0,0,0,0,176.53061224489795,176.53061224489795,5648.9795918367345
jid_697835,55929.0,136.0,2,16,3540290,3540290,3540307,JobState.COMPLETED,1.0,0,0,0,176.53061224489795,176.53061224489795,5648.9795918367345
jid_697838,55929.0,136.0,2,16,3540297,3540297,3540314,JobState.COMPLETED,1.0,0,0,0,176.53061224489795,176.53061224489795,5648.9795918367345
jid_697840,55929.0,136.0,2,15,3540298,3540298,3540314,JobState.COMPLETED,1.0,0,0,0,176.53061224489795,176.53061224489795,5295.918367346939
jid_697843,55929.0,136.0,2,15,3540302,3540302,3540318,JobState.COMPLETED,1.0,0,0,0,176.53061224489795,176.53061224489795,5295.918367346939
jid_697910,55929.0,136.0,2,15,3540305,3540305,3540321,JobState.COMPLETED,1.0,0,0,0,176.53061224489795,176.53061224489795,5295.918367346939
jid_697850,55929.0,136.0,2,16,3540312,3540312,3540329,JobState.COMPLETED,1.0,0,0,0,176.53061224489795,176.53061224489795,5648.9795918367345
jid_697853,55929.0,136.0,2,15,3540313,3540313,3540329,JobState.COMPLETED,1.0,0,0,0,176.53061224489795,176.53061224489795,5295.918367346939
jid_697856,55929.0,136.0,2,16,3540316,3540316,3540333,JobState.COMPLETED,1.0,0,0,0,176.53061224489795,176.53061224489795,5648.9795918367345
jid_697130,62914.0,200.0,640,5382,3529577,3534957,3540340,JobState.COMPLETED,0.7489740603459584,0,0,0,145.7927420831781,145.7927420831786,502180184.2506653
jid_697118,62914.0,200.0,640,5376,3529577,3534974,3540351,JobState.COMPLETED,0.7502486409886735,0,0,0,145.9488131822872,145.94881318228656,502157324.5875046
jid_697875,55929.0,136.0,2,15,3540337,3540337,3540353,JobState.COMPLETED,1.0,0,0,0,176.53061224489795,176.53061224489795,5295.918367346939
jid_697876,55929.0,136.0,2,16,3540338,3540338,3540355,JobState.COMPLETED,1.0,0,0,0,176.53061224489795,176.53061224489795,5648.9795918367345
jid_697880,55929.0,136.0,2,15,3540342,3540342,3540358,JobState.COMPLETED,1.0,0,0,0,176.53061224489795,176.53061224489795,5295.918367346939
jid_697892,55929.0,136.0,2,16,3540353,3540353,3540370,JobState.COMPLETED,1.0,0,0,0,176.53061224489795,176.53061224489795,5648.9795918367345
jid_697897,55929.0,136.0,2,16,3540362,3540362,3540379,JobState.COMPLETED,1.0,0,0,0,176.53061224489795,176.53061224489795,5648.9795918367345
jid_697899,55929.0,136.0,2,16,3540365,3540365,3540382,JobState.COMPLETED,1.0,0,0,0,176.53061224489795,176.53061224489795,5648.9795918367345
jid_697905,55929.0,136.0,2,16,3540372,3540372,3540389,JobState.COMPLETED,1.0,0,0,0,176.53061224489795,176.53061224489795,5648.9795918367345
jid_697906,55929.0,136.0,2,16,3540373,3540373,3540390,JobState.COMPLETED,1.0,0,0,0,176.53061224489795,176.53061224489795,5648.9795918367345
jid_697907,55929.0,136.0,2,16,3540374,3540374,3540391,JobState.COMPLETED,1.0,0,0,0,176.53061224489795,176.53061224489795,5648.9795918367345
jid_697909,55929.0,136.0,2,16,3540377,3540377,3540394,JobState.COMPLETED,1.0,0,0,0,176.53061224489795,176.53061224489795,5648.9795918367345
jid_697913,55929.0,136.0,2,15,3540381,3540381,3540397,JobState.COMPLETED,1.0,0,0,0,176.53061224489795,176.53061224489795,5295.918367346939
jid_697983,55929.0,136.0,2,16,3540389,3540389,3540406,JobState.COMPLETED,1.0,0,0,0,176.53061224489795,176.53061224489795,5648.9795918367345
jid_697922,55929.0,136.0,2,15,3540393,3540393,3540409,JobState.COMPLETED,1.0,0,0,0,176.53061224489795,176.53061224489795,5295.918367346939
jid_697927,55929.0,136.0,2,16,3540399,3540399,3540416,JobState.COMPLETED,1.0,0,0,0,176.53061224489795,176.53061224489795,5648.9795918367345
jid_697985,55929.0,136.0,2,15,3540407,3540407,3540423,JobState.COMPLETED,1.0,0,0,0,176.53061224489795,176.53061224489795,5295.918367346939
jid_697934,55929.0,136.0,2,16,3540408,3540408,3540425,JobState.COMPLETED,1.0,0,0,0,176.53061224489795,176.53061224489795,5648.9795918367345
jid_697936,55929.0,136.0,2,15,3540409,3540409,3540425,JobState.COMPLETED,1.0,0,0,0,176.53061224489795,176.53061224489795,5295.918367346939
jid_697939,55929.0,136.0,2,15,3540415,3540415,3540431,JobState.COMPLETED,1.0,0,0,0,176.53061224489795,176.53061224489795,5295.918367346939
jid_697950,55929.0,136.0,2,15,3540429,3540429,3540445,JobState.COMPLETED,1.0,0,0,0,176.53061224489795,176.53061224489795,5295.918367346939
jid_697951,55929.0,136.0,2,16,3540430,3540430,3540447,JobState.COMPLETED,1.0,0,0,0,176.53061224489795,176.53061224489795,5648.9795918367345
jid_697966,55929.0,136.0,2,16,3540444,3540444,3540461,JobState.COMPLETED,1.0,0,0,0,176.53061224489795,176.53061224489795,5648.9795918367345
jid_697987,55929.0,136.0,2,16,3540455,3540455,3540472,JobState.COMPLETED,1.0,0,0,0,176.53061224489795,176.53061224489795,5648.9795918367345
jid_697988,71.0,49.0,64,11,3540545,3540545,3540557,JobState.COMPLETED,1.0,0,0,0,176.53061224489795,176.53061224489795,124277.55102040817
jid_698005,1267.0,537.0,234,31168,3509404,3509404,3540573,JobState.COMPLETED,1.0,0,0,0,176.53061224488775,176.53061224489798,1287492832.6529868
jid_698000,55929.0,136.0,2,16,3540594,3540594,3540611,JobState.COMPLETED,1.0,0,0,0,176.53061224489795,176.53061224489795,5648.9795918367345
jid_698008,55929.0,136.0,2,16,3540602,3540602,3540619,JobState.COMPLETED,1.0,0,0,0,176.53061224489795,176.53061224489795,5648.9795918367345
jid_698009,55929.0,136.0,2,16,3540605,3540605,3540622,JobState.COMPLETED,1.0,0,0,0,176.53061224489795,176.53061224489795,5648.9795918367345
jid_698011,55929.0,136.0,2,15,3540606,3540606,3540622,JobState.COMPLETED,1.0,0,0,0,176.53061224489795,176.53061224489795,5295.918367346939
jid_698012,55929.0,136.0,2,15,3540607,3540607,3540623,JobState.COMPLETED,1.0,0,0,0,176.53061224489795,176.53061224489795,5295.918367346939
jid_698016,55929.0,136.0,2,15,3540612,3540612,3540628,JobState.COMPLETED,1.0,0,0,0,176.53061224489795,176.53061224489795,5295.918367346939
jid_698023,55929.0,136.0,2,15,3540617,3540617,3540633,JobState.COMPLETED,1.0,0,0,0,176.53061224489795,176.53061224489795,5295.918367346939
jid_698070,55929.0,136.0,2,16,3540624,3540624,3540641,JobState.COMPLETED,1.0,0,0,0,176.53061224489795,176.53061224489795,5648.9795918367345
jid_698030,55929.0,136.0,2,15,3540629,3540629,3540645,JobState.COMPLETED,1.0,0,0,0,176.53061224489795,176.53061224489795,5295.918367346939
jid_698031,55929.0,136.0,2,15,3540630,3540630,3540646,JobState.COMPLETED,1.0,0,0,0,176.53061224489795,176.53061224489795,5295.918367346939
jid_698034,55929.0,136.0,2,15,3540632,3540632,3540648,JobState.COMPLETED,1.0,0,0,0,176.53061224489795,176.53061224489795,5295.918367346939
jid_698041,55929.0,136.0,2,16,3540642,3540642,3540659,JobState.COMPLETED,1.0,0,0,0,176.53061224489795,176.53061224489795,5648.9795918367345
jid_698044,55929.0,136.0,2,15,3540644,3540644,3540660,JobState.COMPLETED,1.0,0,0,0,176.53061224489795,176.53061224489795,5295.918367346939
jid_698047,55929.0,136.0,2,16,3540649,3540649,3540666,JobState.COMPLETED,1.0,0,0,0,176.53061224489795,176.53061224489795,5648.9795918367345
jid_698049,55929.0,136.0,2,15,3540650,3540650,3540666,JobState.COMPLETED,1.0,0,0,0,176.53061224489795,176.53061224489795,5295.918367346939
jid_698125,55929.0,136.0,2,15,3540659,3540659,3540675,JobState.COMPLETED,1.0,0,0,0,176.53061224489795,176.53061224489795,5295.918367346939
jid_698198,55929.0,136.0,2,16,3540664,3540664,3540681,JobState.COMPLETED,1.0,0,0,0,176.53061224489795,176.53061224489795,5648.9795918367345
jid_698065,55929.0,136.0,2,16,3540667,3540667,3540684,JobState.COMPLETED,1.0,0,0,0,176.53061224489795,176.53061224489795,5648.9795918367345
jid_698072,55929.0,136.0,2,15,3540670,3540670,3540686,JobState.COMPLETED,1.0,0,0,0,176.53061224489795,176.53061224489795,5295.918367346939
jid_698080,55929.0,136.0,2,15,3540681,3540681,3540697,JobState.COMPLETED,1.0,0,0,0,176.53061224489795,176.53061224489795,5295.918367346939
jid_698083,55929.0,136.0,2,16,3540685,3540685,3540702,JobState.COMPLETED,1.0,0,0,0,176.53061224489795,176.53061224489795,5648.9795918367345
jid_698090,55929.0,136.0,2,18,3540693,3540693,3540712,JobState.COMPLETED,1.0,0,0,0,176.53061224489795,176.53061224489795,6355.102040816326
jid_698092,55929.0,136.0,2,16,3540696,3540696,3540713,JobState.COMPLETED,1.0,0,0,0,176.53061224489795,176.53061224489795,5648.9795918367345
jid_698103,55929.0,136.0,2,15,3540706,3540706,3540722,JobState.COMPLETED,1.0,0,0,0,176.53061224489795,176.53061224489795,5295.918367346939
jid_698168,55929.0,136.0,2,15,3540712,3540712,3540728,JobState.COMPLETED,1.0,0,0,0,176.53061224489795,176.53061224489795,5295.918367346939
jid_698107,55929.0,136.0,2,15,3540713,3540713,3540729,JobState.COMPLETED,1.0,0,0,0,176.53061224489795,176.53061224489795,5295.918367346939
jid_698131,55929.0,136.0,2,16,3540740,3540740,3540757,JobState.COMPLETED,1.0,0,0,0,176.53061224489795,176.53061224489795,5648.9795918367345
jid_698197,55929.0,136.0,2,15,3540741,3540741,3540757,JobState.COMPLETED,1.0,0,0,0,176.53061224489795,176.53061224489795,5295.918367346939
jid_698133,55929.0,136.0,2,15,3540742,3540742,3540758,JobState.COMPLETED,1.0,0,0,0,176.53061224489795,176.53061224489795,5295.918367346939
jid_698132,55929.0,136.0,2,15,3540743,3540743,3540759,JobState.COMPLETED,1.0,0,0,0,176.53061224489795,176.53061224489795,5295.918367346939
jid_698134,55929.0,136.0,2,16,3540745,3540745,3540762,JobState.COMPLETED,1.0,0,0,0,176.53061224489795,176.53061224489795,5648.9795918367345
jid_698157,55929.0,136.0,2,16,3540768,3540768,3540785,JobState.COMPLETED,1.0,0,0,0,176.53061224489795,176.53061224489795,5648.9795918367345
jid_698162,55929.0,136.0,2,15,3540775,3540775,3540791,JobState.COMPLETED,1.0,0,0,0,176.53061224489795,176.53061224489795,5295.918367346939
jid_698163,55929.0,136.0,2,15,3540776,3540776,3540792,JobState.COMPLETED,1.0,0,0,0,176.53061224489795,176.53061224489795,5295.918367346939
jid_698164,55929.0,136.0,2,14,3540778,3540778,3540793,JobState.COMPLETED,1.0,0,0,0,176.53061224489795,176.53061224489795,4942.857142857143
jid_698167,55929.0,136.0,2,16,3540781,3540781,3540798,JobState.COMPLETED,1.0,0,0,0,176.53061224489795,176.53061224489795,5648.9795918367345
jid_698181,55929.0,136.0,2,15,3540784,3540784,3540800,JobState.COMPLETED,1.0,0,0,0,176.53061224489795,176.53061224489795,5295.918367346939
jid_698173,55929.0,136.0,2,15,3540785,3540785,3540801,JobState.COMPLETED,1.0,0,0,0,176.53061224489795,176.53061224489795,5295.918367346939
jid_698178,55929.0,136.0,2,16,3540791,3540791,3540808,JobState.COMPLETED,1.0,0,0,0,176.53061224489795,176.53061224489795,5648.9795918367345
jid_698182,55929.0,136.0,2,16,3540794,3540794,3540811,JobState.COMPLETED,1.0,0,0,0,176.53061224489795,176.53061224489795,5648.9795918367345
jid_698183,55929.0,136.0,2,15,3540797,3540797,3540813,JobState.COMPLETED,1.0,0,0,0,176.53061224489795,176.53061224489795,5295.918367346939
jid_698187,55929.0,136.0,2,15,3540802,3540802,3540818,JobState.COMPLETED,1.0,0,0,0,176.53061224489795,176.53061224489795,5295.918367346939
jid_698192,55929.0,136.0,2,15,3540809,3540809,3540825,JobState.COMPLETED,1.0,0,0,0,176.53061224489795,176.53061224489795,5295.918367346939
jid_698194,55929.0,136.0,2,14,3540810,3540810,3540825,JobState.COMPLETED,1.0,0,0,0,176.53061224489795,176.53061224489795,4942.857142857143
jid_698201,55929.0,136.0,2,15,3540815,3540815,3540831,JobState.COMPLETED,1.0,0,0,0,176.53061224489795,176.53061224489795,5295.918367346939
jid_698208,55929.0,136.0,2,15,3540826,3540826,3540842,JobState.COMPLETED,1.0,0,0,0,176.53061224489795,176.53061224489795,5295.918367346939
jid_698214,55929.0,136.0,2,15,3540833,3540833,3540849,JobState.COMPLETED,1.0,0,0,0,176.53061224489795,176.53061224489795,5295.918367346939
jid_698234,55929.0,136.0,2,16,3540834,3540834,3540851,JobState.COMPLETED,1.0,0,0,0,176.53061224489795,176.53061224489795,5648.9795918367345
jid_698216,55929.0,136.0,2,16,3540835,3540835,3540852,JobState.COMPLETED,1.0,0,0,0,176.53061224489795,176.53061224489795,5648.9795918367345
jid_698219,55929.0,136.0,2,15,3540838,3540838,3540854,JobState.COMPLETED,1.0,0,0,0,176.53061224489795,176.53061224489795,5295.918367346939
jid_698218,55929.0,136.0,2,15,3540839,3540839,3540855,JobState.COMPLETED,1.0,0,0,0,176.53061224489795,176.53061224489795,5295.918367346939
jid_698241,55929.0,136.0,2,15,3540973,3540973,3540989,JobState.COMPLETED,1.0,0,0,0,176.53061224489795,176.53061224489795,5295.918367346939
jid_698243,55929.0,136.0,2,15,3540976,3540976,3540992,JobState.COMPLETED,1.0,0,0,0,176.53061224489795,176.53061224489795,5295.918367346939
jid_698244,55929.0,136.0,2,15,3540978,3540978,3540994,JobState.COMPLETED,1.0,0,0,0,176.53061224489795,176.53061224489795,5295.918367346939
jid_698246,55929.0,136.0,2,15,3540979,3540979,3540995,JobState.COMPLETED,1.0,0,0,0,176.53061224489795,176.53061224489795,5295.918367346939
jid_698247,55929.0,136.0,2,17,3540980,3540980,3540998,JobState.COMPLETED,1.0,0,0,0,176.53061224489795,176.53061224489795,6002.04081632653
jid_698252,55929.0,136.0,2,16,3540988,3540988,3541005,JobState.COMPLETED,1.0,0,0,0,176.53061224489795,176.53061224489795,5648.9795918367345
jid_698263,55929.0,136.0,2,15,3540994,3540994,3541010,JobState.COMPLETED,1.0,0,0,0,176.53061224489795,176.53061224489795,5295.918367346939
jid_698267,55929.0,136.0,2,15,3541005,3541005,3541021,JobState.COMPLETED,1.0,0,0,0,176.53061224489795,176.53061224489795,5295.918367346939
jid_698270,55929.0,136.0,2,16,3541008,3541008,3541025,JobState.COMPLETED,1.0,0,0,0,176.53061224489795,176.53061224489795,5648.9795918367345
jid_698276,55929.0,136.0,2,15,3541013,3541013,3541029,JobState.COMPLETED,1.0,0,0,0,176.53061224489795,176.53061224489795,5295.918367346939
jid_698275,55929.0,136.0,2,15,3541014,3541014,3541030,JobState.COMPLETED,1.0,0,0,0,176.53061224489795,176.53061224489795,5295.918367346939
jid_698282,34.0,584.0,15,75,3541204,3541204,3541280,JobState.COMPLETED,1.0,0,0,0,176.53061224489795,176.53061224489795,198596.9387755102
jid_698284,1246.0000000000073,376.0,160,19982,3521307,3521307,3541290,JobState.COMPLETED,0.7397399991694847,0,0,0,144.6620407146362,144.6620407146308,462501903.60957766
jid_698285,34.0,584.0,15,86,3541375,3541375,3541462,JobState.COMPLETED,1.0,0,0,0,176.53061224489795,176.53061224489795,227724.48979591837
jid_698291,1469.0,159.0,30,1568,3540507,3540507,3542076,JobState.COMPLETED,1.0,0,0,0,176.53061224489838,176.53061224489795,8304000.00000002
jid_698510,108.0,174.0,48,19199,3523542,3523542,3542742,JobState.COMPLETED,1.0,0,0,0,176.53061224489363,176.53061224489795,162682138.7755062
jid_698360,51.0,39.0,48,3151,3540558,3540558,3543710,JobState.COMPLETED,1.0,0,0,0,176.53061224489826,176.53061224489795,26699902.040816374
jid_697125,62914.0,200.0,640,5382,3529577,3538754,3544137,JobState.COMPLETED,0.7505686734657738,0,0,0,145.98800083254443,145.98800083254375,502852749.10768265
jid_698371,51.0,39.0,48,9,3544750,3544750,3544760,JobState.COMPLETED,1.0,0,0,0,176.53061224489795,176.53061224489795,76261.22448979592
jid_698381,63106.0,29.0,4,7250,3533493,3538754,3546005,JobState.COMPLETED,1.0,0,0,0,176.5306122448967,176.53061224489795,5119387.755102004
jid_698431,51.0,39.0,48,2695,3544865,3544865,3547561,JobState.COMPLETED,1.0,0,0,0,176.53061224489772,176.53061224489795,22835999.99999997
jid_698434,51.0,39.0,48,2715,3544860,3544860,3547576,JobState.COMPLETED,1.0,0,0,0,176.53061224489775,176.53061224489795,23005469.387755074
jid_698437,63008.0,628.0,284,31440,3517385,3517385,3548826,JobState.COMPLETED,1.0,0,0,0,176.5306122448899,176.53061224489795,1576234775.510132
jid_698438,63008.0,628.0,284,31392,3517674,3517674,3549067,JobState.COMPLETED,1.0,0,0,0,176.5306122448899,176.53061224489795,1573828310.2040098
jid_698439,63178.0,522.0,12,118767,3430510,3430510,3549278,JobState.COMPLETED,1.0,0,0,0,176.53061224489196,176.53061224489795,251592134.693869
jid_698450,51.0,39.0,48,403,3551004,3551004,3551408,JobState.COMPLETED,1.0,0,0,0,176.5306122448978,176.53061224489795,3414808.1632653032
jid_698458,63182.0,631.0,4,69,3552419,3552419,3552489,JobState.COMPLETED,0.798695628902999,0,0,0,151.8810974166938,151.88109741669376,41919.18288700749
jid_698464,63187.0,631.0,4,77,3552419,3552419,3552497,JobState.COMPLETED,0.7283922370475507,0,0,0,143.2725188221491,143.2725188221491,44127.93579722192
jid_698460,63184.0,631.0,4,105,3552418,3552418,3552524,JobState.COMPLETED,0.7443846965346425,0,0,0,145.23077916750725,145.23077916750722,60996.927250353045
jid_698491,63186.0,631.0,4,183,3553841,3553841,3554025,JobState.COMPLETED,0.6552161045889862,0,0,0,134.31217607212074,134.31217607212074,98316.51288479238
jid_698495,63185.0,631.0,4,202,3553845,3553845,3554048,JobState.COMPLETED,0.6795667636528919,0,0,0,137.2938894268847,137.2938894268847,110933.46265692284
jid_669630,63594.0,60.0,32,31819,3522406,3522406,3554226,JobState.COMPLETED,0.6430430191720737,0,0,0,132.82159418432718,132.82159418433557,135240009.7712354
jid_669630,63349.0,60.0,32,32664,3522405,3522405,3555070,JobState.COMPLETED,0.647176407201388,0,0,0,133.32772333077634,133.32772333078222,139360536.1560473
jid_698511,207.0,512.0,160,5686,3550804,3550804,3556491,JobState.COMPLETED,0.5216860242983182,0,0,0,117.96155399571155,117.96155399571244,107316703.36313856
jid_669630,63869.0,60.0,32,34862,3522406,3522406,3557269,JobState.COMPLETED,0.6353800746618747,0,0,0,131.883274448395,131.88327444839283,147126870.8422383
jid_698521,63200.0,631.0,12,0,3557573,3557573,3557573,JobState.COMPLETED,1.0,0,0,0,176.53061224489795,176.53061224489795,0.0
jid_698520,63199.0,631.0,12,0,3557573,3557573,3557574,JobState.COMPLETED,1.0,0,0,0,176.53061224489795,176.53061224489795,0.0
jid_698551,63182.0,631.0,4,353,3557715,3557715,3558069,JobState.COMPLETED,0.8296386359813418,0,0,0,155.67003705893976,155.6700370589398,219806.09232722293
jid_698569,63183.0,631.0,4,286,3558649,3558649,3558936,JobState.COMPLETED,0.6990077200716038,0,0,0,139.67441470264532,139.67441470264538,159787.53041982625
jid_698580,63187.0,631.0,4,415,3558657,3558657,3559073,JobState.COMPLETED,0.7455357248618811,0,0,0,145.37172141165888,145.3717214116589,241317.05754335373
jid_698581,63187.0,631.0,4,418,3558689,3558689,3559108,JobState.COMPLETED,0.7504724608345552,0,0,0,145.97621969402726,145.97621969402718,244072.2393284136
jid_698584,63186.0,631.0,4,662,3558688,3558688,3559351,JobState.COMPLETED,0.6299926332824813,0,0,0,131.22358774887536,131.22358774887527,347480.06035902194
jid_698585,63186.0,631.0,4,709,3558649,3558649,3559359,JobState.COMPLETED,0.6258346310715286,0,0,0,130.71444462100345,130.7144446210035,370706.1649451658
jid_698633,985.0,593.0,33,2330,3568590,3568590,3570921,JobState.COMPLETED,1.0,0,0,0,176.5306122448985,176.53061224489795,13573438.775510244
jid_698638,51.0,39.0,48,3743,3568831,3568831,3572575,JobState.COMPLETED,1.0,0,0,0,176.53061224489875,176.53061224489795,31716195.91836749
jid_698643,62661.0,375.0,24,11,3573772,3573772,3573784,JobState.COMPLETED,0.5742493826417026,0,0,0,124.3978835887799,124.3978835887799,32841.0412674379
jid_698645,985.0,593.0,33,1313,3572716,3572716,3574030,JobState.COMPLETED,1.0,0,0,0,176.53061224489838,176.53061224489795,7648894.897959202
jid_698648,1246.0000000000073,114.0,160,0,3575143,3575143,3575144,JobState.COMPLETED,1.0,0,0,0,176.53061224489795,176.53061224489795,0.0
jid_698648,1246.0000000000073,114.0,160,0,3575144,3575144,3575145,JobState.COMPLETED,1.0,0,0,0,176.53061224489795,176.53061224489795,0.0
jid_698648,1246.0000000000073,114.0,160,0,3575144,3575144,3575144,JobState.COMPLETED,1.0,0,0,0,176.53061224489795,176.53061224489795,0.0
jid_698648,1246.0000000000073,114.0,160,0,3575144,3575144,3575145,JobState.COMPLETED,1.0,0,0,0,176.53061224489795,176.53061224489795,0.0
jid_698648,1246.0000000000073,114.0,160,0,3575145,3575145,3575146,JobState.COMPLETED,1.0,0,0,0,176.53061224489795,176.53061224489795,0.0
jid_698620,701.0,119.0,32,36574,3535304,3538795,3575370,JobState.COMPLETED,1.0,0,0,0,176.53061224489716,176.53061224489795,206605779.5918358
jid_698657,55962.0,538.0,1,38,3576377,3576377,3576416,JobState.COMPLETED,1.0,0,0,0,176.53061224489795,176.53061224489795,6708.163265306122
jid_698661,55962.0,538.0,1,110,3576670,3576670,3576781,JobState.COMPLETED,1.0,0,0,0,176.53061224489792,176.53061224489795,19418.367346938772
jid_698671,51.0,39.0,48,34,3577563,3577563,3577598,JobState.COMPLETED,1.0,0,0,0,176.53061224489795,176.53061224489795,288097.95918367343
jid_698677,51.0,39.0,48,295,3577563,3577563,3577859,JobState.COMPLETED,1.0,0,0,0,176.53061224489784,176.53061224489795,2499673.4693877534
jid_698678,55962.0,538.0,1,588,3577276,3577276,3577865,JobState.COMPLETED,1.0,0,0,0,176.5306122448981,176.53061224489795,103800.00000000007
jid_698696,207.0,512.0,160,129,3579502,3579502,3579632,JobState.COMPLETED,0.526105485102918,0,0,0,118.50271246158177,118.5027124615818,2445895.985207048
jid_694133,1244.0,119.0,32,41273,3535636,3538795,3580069,JobState.COMPLETED,1.0,0,0,0,176.5306122448921,176.53061224489795,233150334.6938698
jid_698707,985.0,593.0,33,1276,3579778,3579778,3581055,JobState.COMPLETED,1.0,0,0,0,176.53061224489838,176.53061224489795,7433351.020408181
jid_698709,55962.0,538.0,1,464,3580671,3580671,3581136,JobState.COMPLETED,1.0,0,0,0,176.53061224489807,176.53061224489795,81910.2040816327
jid_698714,51.0,39.0,48,4555,3576866,3576866,3581422,JobState.COMPLETED,1.0,0,0,0,176.5306122448992,176.53061224489795,38596653.06122476
jid_698731,628.0,191.0,15,247002,3335372,3335372,3582375,JobState.COMPLETED,1.0,0,0,0,176.53061224482494,176.53061224489795,654051214.2854437
jid_698742,62654.0,599.0,2048,14083,3569068,3569068,3583152,JobState.COMPLETED,0.5953933448912456,0,0,0,126.98694019076758,126.98694019076477,3662555297.191076
jid_698743,62654.0,599.0,2048,14147,3569051,3569051,3583199,JobState.COMPLETED,0.5933881316112368,0,0,0,126.74140387076073,126.74140387076369,3672085791.8661675
jid_698745,62654.0,599.0,2048,14185,3569056,3569056,3583242,JobState.COMPLETED,0.5939027130526514,0,0,0,126.80441384318082,126.8044138431818,3683779810.028585
jid_698752,985.0,593.0,33,2502,3581453,3581453,3583956,JobState.COMPLETED,1.0,0,0,0,176.53061224489852,176.53061224489795,14575426.53061229
jid_698758,55962.0,538.0,1,78,3584613,3584613,3584692,JobState.COMPLETED,1.0,0,0,0,176.53061224489795,176.53061224489795,13769.38775510204
jid_698759,55962.0,538.0,1,129,3584747,3584747,3584877,JobState.COMPLETED,1.0,0,0,0,176.5306122448979,176.53061224489795,22772.448979591827
jid_698777,628.0,191.0,15,253217,3335368,3335368,3588586,JobState.COMPLETED,1.0,0,0,0,176.53061224482198,176.53061224489795,670508280.6119562
jid_698780,63227.0,29.0,1,8911,3579888,3579888,3588800,JobState.COMPLETED,1.0,0,0,0,176.5306122448991,176.53061224489795,1573064.2857142957
jid_698787,16735.0,543.0,4,2,3589869,3589869,3589872,JobState.COMPLETED,1.0,0,0,0,176.53061224489795,176.53061224489795,1412.2448979591836
jid_698791,51.0,39.0,48,10822,3579175,3579175,3589998,JobState.COMPLETED,1.0,0,0,0,176.5306122448952,176.53061224489795,91699885.71428429
jid_698799,63184.0,631.0,4,138,3590549,3590549,3590688,JobState.COMPLETED,0.7538313907996556,0,0,0,146.38751724077412,146.38751724077414,80805.90951690731
jid_698816,63186.0,631.0,4,682,3590549,3590549,3591232,JobState.COMPLETED,0.6325857164889899,0,0,0,131.54110814150891,131.54110814150897,358844.1430100363
jid_698821,214.0,543.0,512,99,3591216,3591216,3591316,JobState.COMPLETED,0.5682700845217767,0,0,0,123.6657246353196,123.6657246353196,6268368.25031508
jid_698834,214.0,543.0,512,306,3591467,3591467,3591774,JobState.COMPLETED,0.5816505195212359,0,0,0,125.30414524749823,125.30414524749828,19631651.04421604
jid_698830,214.0,543.0,512,304,3591472,3591472,3591777,JobState.COMPLETED,0.5819266859983563,0,0,0,125.33796155081919,125.33796155081914,19508603.039461903
jid_698847,63250.0,562.0,1,5405,3588375,3588375,3593781,JobState.COMPLETED,1.0,0,0,0,176.53061224489676,176.53061224489795,954147.959183667
jid_699007,63123.0,185.0,80,22,3594936,3594936,3594959,JobState.COMPLETED,1.0,0,0,0,176.53061224489795,176.53061224489795,310693.8775510204
jid_699098,63120.0,185.0,60,23,3595380,3595380,3595404,JobState.COMPLETED,1.0,0,0,0,176.53061224489795,176.53061224489795,243612.24489795917
jid_699103,59236.0,526.0,1,1002,3595354,3595354,3596357,JobState.COMPLETED,1.0,0,0,0,176.530612244898,176.53061224489795,176883.6734693878
jid_699104,63253.0,29.0,1,24,3596588,3596588,3596613,JobState.COMPLETED,1.0,0,0,0,176.53061224489795,176.53061224489795,4236.734693877551
jid_699117,60513.0,599.0,128,26714,3572924,3572924,3599639,JobState.COMPLETED,0.596070671324496,0,0,0,127.06987812137098,127.06987812136686,434501724.6891909
jid_699124,60513.0,599.0,128,29373,3570522,3570522,3599896,JobState.COMPLETED,0.590605008175573,0,0,0,126.40061324598202,126.40061324598852,475233947.2479014
jid_699122,60513.0,599.0,128,29339,3570571,3570571,3599911,JobState.COMPLETED,0.5891077529733018,0,0,0,126.21727587428178,126.21727587428185,473995348.0800708
jid_699127,60513.0,599.0,128,29634,3570575,3570575,3600210,JobState.COMPLETED,0.5901587023674069,0,0,0,126.34596355519703,126.34596355519267,479249444.3513227
jid_699121,63632.0,584.0,15,16960,3584407,3584407,3601368,JobState.COMPLETED,1.0,0,0,0,176.53061224489335,176.53061224489795,44909387.75510087
jid_699121,63232.0,584.0,15,17425,3584406,3584406,3601832,JobState.COMPLETED,1.0,0,0,0,176.5306122448933,176.53061224489795,46140688.775508985
jid_699148,60513.0,599.0,128,27502,3574355,3574355,3601858,JobState.COMPLETED,0.5933316325370714,0,0,0,126.73448561678971,126.73448561678426,446137833.3994177
jid_700208,11389.0,194.0,216,55,3602856,3602856,3602912,JobState.COMPLETED,1.0,0,0,0,176.53061224489795,176.53061224489795,2097183.673469388
jid_700208,1296.0,194.0,216,60,3602856,3602856,3602917,JobState.COMPLETED,1.0,0,0,0,176.53061224489792,176.53061224489795,2287836.7346938774
jid_700207,36061.0,194.0,216,24,3603144,3603144,3603169,JobState.COMPLETED,1.0,0,0,0,176.53061224489795,176.53061224489795,915134.693877551
jid_700207,639.0,194.0,216,24,3603144,3603144,3603169,JobState.COMPLETED,1.0,0,0,0,176.53061224489795,176.53061224489795,915134.693877551
jid_699282,207.0,376.0,160,2839,3600875,3600875,3603715,JobState.COMPLETED,0.5235492663068968,0,0,0,118.18970607839515,118.18970607839552,53686492.0890502
jid_699288,207.0,376.0,160,2991,3600876,3600876,3603868,JobState.COMPLETED,0.5234194713707196,0,0,0,118.17381282090412,118.17381282090446,56553259.86357188
jid_699283,207.0,376.0,160,3017,3600874,3600874,3603892,JobState.COMPLETED,0.5234195513810755,0,0,0,118.17382261809014,118.1738226180909,57044867.65420447
jid_699292,207.0,376.0,160,3040,3600876,3600876,3603917,JobState.COMPLETED,0.5233907187923392,0,0,0,118.17029209702147,118.17029209702113,57478030.07599124
jid_699162,207.0,376.0,160,3090,3600871,3600871,3603962,JobState.COMPLETED,0.5233513164915232,0,0,0,118.1654673254931,118.16546732549264,58421007.04572379
jid_699165,207.0,376.0,160,3164,3600867,3600867,3604032,JobState.COMPLETED,0.5231919839095858,0,0,0,118.14595721341898,118.14595721341865,59810209.379721224
jid_699221,207.0,376.0,160,3222,3600872,3600872,3604095,JobState.COMPLETED,0.5232752647435871,0,0,0,118.15615486656266,118.1561548665617,60911860.95681038
jid_699270,207.0,376.0,160,3226,3600874,3600874,3604101,JobState.COMPLETED,0.5232875339434491,0,0,0,118.15765721756577,118.15765721756517,60988256.34941875
jid_699176,207.0,376.0,160,3256,3600866,3600866,3604123,JobState.COMPLETED,0.5231711698460545,0,0,0,118.14340855257865,118.14340855257811,61547990.119551376
jid_699177,207.0,376.0,160,3294,3600868,3600868,3604163,JobState.COMPLETED,0.5231531619216682,0,0,0,118.14120350061178,118.14120350061243,62265139.89296243
jid_699179,207.0,376.0,160,3315,3600871,3600871,3604187,JobState.COMPLETED,0.5231988148190722,0,0,0,118.1467936513146,118.14679365131494,62665059.352657266
jid_699181,207.0,376.0,160,3316,3600871,3600871,3604188,JobState.COMPLETED,0.5231640912240506,0,0,0,118.14254178253626,118.1425417825368,62681706.968142435
jid_699209,207.0,376.0,160,3322,3600872,3600872,3604195,JobState.COMPLETED,0.5232157891773467,0,0,0,118.14887214416517,118.1488721441649,62798488.52206667
jid_699239,207.0,376.0,160,3339,3600872,3600872,3604212,JobState.COMPLETED,0.5232400180526796,0,0,0,118.15183894522534,118.15183894522609,63121438.43809718
jid_699185,207.0,376.0,160,3370,3600864,3600864,3604235,JobState.COMPLETED,0.5231210131856178,0,0,0,118.13726692068751,118.13726692068789,63699614.3236347
jid_699210,62963.0,568.0,1,119367,3484890,3484890,3604258,JobState.COMPLETED,1.0,0,0,0,176.53061224492376,176.53061224489795,21071929.591839813
jid_699190,207.0,376.0,160,3399,3600869,3600869,3604269,JobState.COMPLETED,0.5230709176734595,0,0,0,118.13113277634245,118.13113277634197,64244435.24908608
jid_699189,207.0,376.0,160,3408,3600866,3600866,3604275,JobState.COMPLETED,0.5230935449053646,0,0,0,118.13390345780026,118.13390345779973,64416054.87746932
jid_699191,207.0,376.0,160,3422,3600866,3600866,3604289,JobState.COMPLETED,0.5230959747645937,0,0,0,118.13420099158361,118.1342009915829,64680837.72691186
jid_699195,207.0,376.0,160,3441,3600870,3600870,3604312,JobState.COMPLETED,0.5231292018803533,0,0,0,118.13826961800225,118.13826961800244,65042205.720887326
jid_699248,207.0,376.0,160,3455,3600873,3600873,3604329,JobState.COMPLETED,0.5231842591240512,0,0,0,118.14501132131156,118.14501132131241,65310562.258421026
jid_687386,1161.0,119.0,15,65555,3535688,3538795,3604351,JobState.COMPLETED,1.0,0,0,0,176.53061224492416,176.53061224489795,173586964.28574005
jid_699204,207.0,376.0,160,3510,3600867,3600867,3604378,JobState.COMPLETED,0.52305602741532,0,0,0,118.12930947942661,118.12930947942694,66341420.20364598
jid_699203,207.0,376.0,160,3520,3600865,3600865,3604386,JobState.COMPLETED,0.5230683569170015,0,0,0,118.13081921432715,118.13081921432672,66531277.38150905
jid_699206,207.0,376.0,160,3520,3600870,3600870,3604391,JobState.COMPLETED,0.5230607088914503,0,0,0,118.129882721401,118.12988272140208,66530749.94869305
jid_699207,207.0,376.0,160,3537,3600865,3600865,3604403,JobState.COMPLETED,0.5230712575767459,0,0,0,118.13117439715286,118.13117439715256,66852794.21483675
jid_699258,207.0,376.0,160,3594,3600873,3600873,3604468,JobState.COMPLETED,0.5231218406115756,0,0,0,118.13736823815259,118.1373682381521,67933712.23166727
jid_699216,60513.0,599.0,128,31503,3572965,3572965,3604469,JobState.COMPLETED,0.5841105467722332,0,0,0,125.60537307414432,125.605373074151,506489096.69821036
jid_699219,207.0,376.0,160,3602,3600867,3600867,3604470,JobState.COMPLETED,0.5229535683623076,0,0,0,118.11676347293545,118.11676347293562,68073053.12472215
jid_699226,207.0,376.0,160,3721,3600869,3600869,3604591,JobState.COMPLETED,0.5230416722733436,0,0,0,118.12755170693984,118.12755170694004,70328419.18424371
jid_699229,207.0,376.0,160,3742,3600866,3600866,3604609,JobState.COMPLETED,0.5229838133958606,0,0,0,118.12046694643212,118.1204669464319,70721085.97016783
jid_699232,60513.0,599.0,128,31723,3572890,3572890,3604614,JobState.COMPLETED,0.584910183746324,0,0,0,125.70328780566709,125.70328780567233,510423731.07957464
jid_699230,60513.0,599.0,128,31754,3572907,3572907,3604662,JobState.COMPLETED,0.5847787336570972,0,0,0,125.68719187638908,125.68719187637925,510857099.62788594
jid_699234,60513.0,599.0,128,31760,3572938,3572938,3604699,JobState.COMPLETED,0.5824391878253454,0,0,0,125.40071687656838,125.40071687657291,509789026.30397594
jid_699121,63585.0,584.0,15,21189,3584407,3584407,3605597,JobState.COMPLETED,1.0,0,0,0,176.53061224489298,176.53061224489795,56107607.14285556
jid_699262,60513.0,599.0,128,35312,3570517,3570517,3605830,JobState.COMPLETED,0.5782082885317864,0,0,0,124.88264757532846,124.8826475753208,564461574.5510398
jid_699266,60513.0,599.0,128,31681,3574370,3574370,3606052,JobState.COMPLETED,0.5828135791854111,0,0,0,125.44656071658747,125.44656071658096,508706878.72796255
jid_699268,60513.0,599.0,128,31720,3574361,3574361,3606082,JobState.COMPLETED,0.58278463443508,0,0,0,125.44301646144235,125.44301646143838,509318717.7160898
jid_699272,63242.0,487.0,144,15093,3591247,3591247,3606341,JobState.COMPLETED,1.0,0,0,0,176.53061224489304,176.53061224489795,383670220.4081526
jid_699121,63601.0,584.0,15,21970,3584407,3584407,3606378,JobState.COMPLETED,1.0,0,0,0,176.53061224489295,176.53061224489795,58175663.265304476
jid_699275,14997.0,393.0,6,31,3606616,3606616,3606648,JobState.COMPLETED,1.0,0,0,0,176.53061224489795,176.53061224489795,32834.69387755102
jid_699278,59107.0,471.0,4,951,3605849,3605849,3606801,JobState.COMPLETED,1.0,0,0,0,176.5306122448981,176.53061224489795,671522.4489795923
jid_687386,1161.0,119.0,15,68451,3535687,3538795,3607247,JobState.COMPLETED,1.0,0,0,0,176.53061224492544,176.53061224489795,181255454.08166087
jid_699302,63250.0,562.0,1,9065,3599235,3599235,3608301,JobState.COMPLETED,1.0,0,0,0,176.5306122448993,176.53061224489795,1600250.000000012
jid_699306,1246.0000000000073,114.0,160,0,3608610,3608610,3608610,JobState.COMPLETED,1.0,0,0,0,176.53061224489795,176.53061224489795,0.0
jid_699556,59165.0,376.0,1,2717,3607676,3607676,3610394,JobState.COMPLETED,0.5306050161381148,0,0,0,119.05367544548403,119.05367544548345,323468.8361853801
jid_699562,59165.0,376.0,1,2744,3607677,3607677,3610422,JobState.COMPLETED,0.5303835376745661,0,0,0,119.02655563362003,119.02655563362035,326608.8686586534
jid_699568,59165.0,376.0,1,2771,3607668,3607668,3610440,JobState.COMPLETED,0.5303449125385751,0,0,0,119.02182602513139,119.02182602513166,329809.4799156391
jid_699576,59165.0,376.0,1,2783,3607674,3607674,3610458,JobState.COMPLETED,0.5302953572367783,0,0,0,119.01575802899269,119.01575802899328,331220.85459468665
jid_699585,59165.0,376.0,1,2782,3607678,3607678,3610461,JobState.COMPLETED,0.5302776947366797,0,0,0,119.01359527387855,119.01359527387915,331095.8220519301
jid_699587,59165.0,376.0,1,2799,3607672,3607672,3610472,JobState.COMPLETED,0.5301767021439378,0,0,0,119.00122883395215,119.00122883395156,333084.4395062321
jid_699588,59165.0,376.0,1,2805,3607670,3607670,3610476,JobState.COMPLETED,0.530066911907084,0,0,0,118.98778513148048,118.98778513147967,333760.7372938027
jid_699589,59165.0,376.0,1,2809,3607672,3607672,3610482,JobState.COMPLETED,0.5300988860780116,0,0,0,118.99170033608262,118.99170033608306,334247.6862440561
jid_699599,59165.0,376.0,1,2822,3607672,3607672,3610495,JobState.COMPLETED,0.5300036504361302,0,0,0,118.98003882891429,118.9800388289139,335761.6695751961
jid_699604,59165.0,376.0,1,2818,3607678,3607678,3610497,JobState.COMPLETED,0.5300933392270222,0,0,0,118.99102112984022,118.99102112983945,335316.69754388975
jid_699608,59165.0,376.0,1,2834,3607670,3607670,3610505,JobState.COMPLETED,0.5299902729594338,0,0,0,118.9784007705424,118.97840077054292,337184.78778371715
jid_699627,59165.0,376.0,1,2869,3607673,3607673,3610543,JobState.COMPLETED,0.529795839531267,0,0,0,118.95459259566553,118.95459259566535,341280.72615696443
jid_699639,59165.0,376.0,1,2930,3607675,3607675,3610606,JobState.COMPLETED,0.5294598199618551,0,0,0,118.91344734226749,118.91344734226797,348416.40071284375
jid_699649,63246.0,179.0,384,384,3610500,3610500,3610885,JobState.COMPLETED,1.0,0,0,0,176.5306122448978,176.53061224489795,26030497.95918365
jid_699655,71.0,49.0,512,154,3611355,3611355,3611510,JobState.COMPLETED,1.0,0,0,0,176.5306122448979,176.53061224489795,13919085.714285709
jid_699657,207.0,512.0,160,1015,3611153,3611153,3612169,JobState.COMPLETED,0.5210524141747805,0,0,0,117.88396908262628,117.88396908262618,19144356.579018507
jid_700097,1246.0000000000073,114.0,160,10,3613358,3613358,3613369,JobState.COMPLETED,0.6764821458230329,0,0,0,136.91618112118772,136.91618112118772,219065.88979390037
jid_700097,1246.0000000000073,114.0,160,13,3613357,3613357,3613371,JobState.COMPLETED,0.5919371698309448,0,0,0,126.56373508134018,126.56373508134018,263252.5689691876
jid_700097,1246.0000000000073,114.0,160,11,3613359,3613359,3613371,JobState.COMPLETED,0.6594595296364554,0,0,0,134.83177913915782,134.83177913915782,237303.93128491775
jid_699669,63274.0,591.0,128,0,3615191,3615191,3615191,JobState.COMPLETED,1.0,0,0,0,176.53061224489795,176.53061224489795,0.0
jid_699675,63276.0,591.0,384,16,3616109,3616109,3616126,JobState.COMPLETED,1.0,0,0,0,176.53061224489795,176.53061224489795,1084604.081632653
jid_699695,59135.0,278.0,1,27,3616573,3616573,3616601,JobState.COMPLETED,1.0,0,0,0,176.53061224489795,176.53061224489795,4766.326530612245
jid_699687,59135.0,278.0,1,31,3616573,3616573,3616605,JobState.COMPLETED,1.0,0,0,0,176.53061224489795,176.53061224489795,5472.448979591836
jid_699685,59135.0,278.0,1,32,3616573,3616573,3616606,JobState.COMPLETED,1.0,0,0,0,176.53061224489795,176.53061224489795,5648.9795918367345
jid_699705,59135.0,278.0,1,46,3617064,3617064,3617111,JobState.COMPLETED,1.0,0,0,0,176.53061224489795,176.53061224489795,8120.408163265306
jid_699713,59135.0,278.0,1,39,3617251,3617251,3617291,JobState.COMPLETED,1.0,0,0,0,176.53061224489795,176.53061224489795,6884.69387755102
jid_699717,59135.0,278.0,1,43,3617250,3617250,3617294,JobState.COMPLETED,1.0,0,0,0,176.53061224489795,176.53061224489795,7590.816326530612
jid_699720,59135.0,278.0,1,43,3617250,3617250,3617294,JobState.COMPLETED,1.0,0,0,0,176.53061224489795,176.53061224489795,7590.816326530612
jid_699718,59135.0,278.0,1,43,3617251,3617251,3617295,JobState.COMPLETED,1.0,0,0,0,176.53061224489795,176.53061224489795,7590.816326530612
jid_699741,59135.0,278.0,1,41,3617581,3617581,3617623,JobState.COMPLETED,1.0,0,0,0,176.53061224489795,176.53061224489795,7237.755102040816
jid_699732,59135.0,278.0,1,44,3617580,3617580,3617625,JobState.COMPLETED,1.0,0,0,0,176.53061224489795,176.53061224489795,7767.34693877551
jid_699745,59135.0,278.0,1,46,3617579,3617579,3617626,JobState.COMPLETED,1.0,0,0,0,176.53061224489795,176.53061224489795,8120.408163265306
jid_699739,59135.0,278.0,1,45,3617580,3617580,3617626,JobState.COMPLETED,1.0,0,0,0,176.53061224489795,176.53061224489795,7943.877551020408
jid_699769,59135.0,278.0,1,48,3618173,3618173,3618222,JobState.COMPLETED,1.0,0,0,0,176.53061224489795,176.53061224489795,8473.469387755102
jid_699767,59135.0,278.0,1,53,3618171,3618171,3618225,JobState.COMPLETED,1.0,0,0,0,176.53061224489795,176.53061224489795,9356.122448979591
jid_699768,59135.0,278.0,1,53,3618172,3618172,3618226,JobState.COMPLETED,1.0,0,0,0,176.53061224489795,176.53061224489795,9356.122448979591
jid_699783,59135.0,278.0,1,55,3618171,3618171,3618227,JobState.COMPLETED,1.0,0,0,0,176.53061224489795,176.53061224489795,9709.183673469388
jid_699775,59135.0,278.0,1,54,3618172,3618172,3618227,JobState.COMPLETED,1.0,0,0,0,176.53061224489795,176.53061224489795,9532.65306122449
jid_699781,59135.0,278.0,1,53,3618173,3618173,3618227,JobState.COMPLETED,1.0,0,0,0,176.53061224489795,176.53061224489795,9356.122448979591
jid_699771,59135.0,278.0,1,56,3618172,3618172,3618229,JobState.COMPLETED,1.0,0,0,0,176.53061224489795,176.53061224489795,9885.714285714286
jid_699780,59135.0,278.0,1,55,3618173,3618173,3618229,JobState.COMPLETED,1.0,0,0,0,176.53061224489795,176.53061224489795,9709.183673469388
jid_699785,59135.0,278.0,1,46,3618484,3618484,3618531,JobState.COMPLETED,1.0,0,0,0,176.53061224489795,176.53061224489795,8120.408163265306
jid_699788,59135.0,278.0,1,49,3618484,3618484,3618534,JobState.COMPLETED,1.0,0,0,0,176.53061224489795,176.53061224489795,8650.0
jid_699801,59135.0,278.0,1,53,3618482,3618482,3618536,JobState.COMPLETED,1.0,0,0,0,176.53061224489795,176.53061224489795,9356.122448979591
jid_699799,59135.0,278.0,1,64,3618482,3618482,3618547,JobState.COMPLETED,1.0,0,0,0,176.53061224489798,176.53061224489795,11297.95918367347
jid_699816,108.0,174.0,48,85,3620610,3620610,3620696,JobState.COMPLETED,1.0,0,0,0,176.53061224489795,176.53061224489795,720244.8979591837
jid_699817,63280.0,628.0,64,7,3621051,3621051,3621059,JobState.COMPLETED,1.0,0,0,0,176.53061224489795,176.53061224489795,79085.71428571429
jid_699819,17.0,542.0,12,3365,3617963,3617963,3621329,JobState.COMPLETED,1.0,0,0,0,176.53061224489844,176.53061224489795,7128306.122448999
jid_699824,63280.0,628.0,64,8,3622375,3622375,3622384,JobState.COMPLETED,1.0,0,0,0,176.53061224489795,176.53061224489795,90383.67346938775
jid_699831,63285.0,628.0,64,8,3623191,3623191,3623200,JobState.COMPLETED,1.0,0,0,0,176.53061224489795,176.53061224489795,90383.67346938775
jid_699837,208.0,433.0,1,158,3623168,3623168,3623327,JobState.COMPLETED,1.0,0,0,0,176.5306122448979,176.53061224489795,27891.83673469387
jid_700097,1246.0000000000073,114.0,160,11340,3613354,3613354,3624695,JobState.COMPLETED,0.7862327130480035,0,0,0,150.35502608751275,150.35502608751062,272804159.3331831
jid_700109,55929.0,136.0,2,15,3624684,3624684,3624700,JobState.COMPLETED,1.0,0,0,0,176.53061224489795,176.53061224489795,5295.918367346939
jid_700110,55929.0,136.0,2,15,3624686,3624686,3624702,JobState.COMPLETED,1.0,0,0,0,176.53061224489795,176.53061224489795,5295.918367346939
jid_700117,55929.0,136.0,2,16,3624811,3624811,3624828,JobState.COMPLETED,1.0,0,0,0,176.53061224489795,176.53061224489795,5648.9795918367345
jid_700119,55929.0,136.0,2,15,3624814,3624814,3624830,JobState.COMPLETED,1.0,0,0,0,176.53061224489795,176.53061224489795,5295.918367346939
jid_700123,55929.0,136.0,2,547,3624288,3624288,3624836,JobState.COMPLETED,1.0,0,0,0,176.5306122448981,176.53061224489795,193124.48979591852
jid_700125,55929.0,136.0,2,573,3624275,3624275,3624849,JobState.COMPLETED,1.0,0,0,0,176.5306122448981,176.53061224489795,202304.08163265322
jid_700130,55929.0,136.0,2,761,3624123,3624123,3624885,JobState.COMPLETED,1.0,0,0,0,176.53061224489815,176.53061224489795,268679.59183673497
jid_700139,55929.0,136.0,2,451,3624495,3624495,3624947,JobState.COMPLETED,1.0,0,0,0,176.53061224489807,176.53061224489795,159230.61224489805
jid_700097,1246.0000000000073,114.0,160,11628,3613356,3613356,3624985,JobState.COMPLETED,0.7833607329597045,0,0,0,150.00335505628692,150.00335505629036,279078242.0151207
jid_700158,55929.0,136.0,2,15,3625202,3625202,3625218,JobState.COMPLETED,1.0,0,0,0,176.53061224489795,176.53061224489795,5295.918367346939
jid_700157,55929.0,136.0,2,13,3625204,3625204,3625218,JobState.COMPLETED,1.0,0,0,0,176.53061224489795,176.53061224489795,4589.7959183673465
jid_700161,55929.0,136.0,2,15,3625203,3625203,3625219,JobState.COMPLETED,1.0,0,0,0,176.53061224489795,176.53061224489795,5295.918367346939
jid_700171,55929.0,136.0,2,13,3625330,3625330,3625344,JobState.COMPLETED,1.0,0,0,0,176.53061224489795,176.53061224489795,4589.7959183673465
jid_700097,1246.0000000000073,114.0,160,11991,3613355,3613355,3625347,JobState.COMPLETED,0.7702888284877154,0,0,0,148.40271369237442,148.4027136923733,284719510.38164186
jid_700177,55929.0,136.0,2,1029,3624341,3624341,3625371,JobState.COMPLETED,1.0,0,0,0,176.53061224489798,176.53061224489795,363300.00000000006
jid_700186,63288.0,616.0,52,109417,3516385,3516385,3625803,JobState.COMPLETED,1.0,0,0,0,176.530612244914,176.53061224489795,1004403400.0000912
jid_700208,636.9999999999927,194.0,216,23292,3602841,3602841,3626134,JobState.COMPLETED,1.0,0,0,0,176.5306122449014,176.53061224489795,888138220.4081806
jid_700210,35872.0,194.0,216,23149,3603202,3603202,3626352,JobState.COMPLETED,1.0,0,0,0,176.53061224490122,176.53061224489795,882685542.8571591
jid_700210,1295.0,194.0,216,23344,3603201,3603201,3626546,JobState.COMPLETED,1.0,0,0,0,176.53061224490145,176.53061224489795,890121012.2449156
jid_700210,9129.0,194.0,216,23450,3603188,3603188,3626639,JobState.COMPLETED,1.0,0,0,0,176.53061224490156,176.53061224489795,894162857.1428754
jid_700212,40252.0,194.0,216,23927,3603027,3603027,3626955,JobState.COMPLETED,1.0,0,0,0,176.53061224490204,176.53061224489795,912351159.1836946
jid_700216,71.0,49.0,1728,332,3627893,3627893,3628226,JobState.COMPLETED,1.0,0,0,0,176.53061224489807,176.53061224489795,101274906.12244904
jid_700215,55929.0,136.0,2,4097,3624143,3624143,3628241,JobState.COMPLETED,1.0,0,0,0,176.53061224489687,176.53061224489795,1446491.8367346849
jid_700218,55929.0,136.0,2,4195,3624131,3624131,3628327,JobState.COMPLETED,1.0,0,0,0,176.53061224489684,176.53061224489795,1481091.8367346844
jid_700337,55929.0,136.0,2,18,3628480,3628480,3628499,JobState.COMPLETED,1.0,0,0,0,176.53061224489795,176.53061224489795,6355.102040816326
jid_700226,55929.0,136.0,2,4244,3624325,3624325,3628570,JobState.COMPLETED,1.0,0,0,0,176.53061224489684,176.53061224489795,1498391.8367346844
jid_700227,55929.0,136.0,2,4252,3624319,3624319,3628572,JobState.COMPLETED,1.0,0,0,0,176.53061224489684,176.53061224489795,1501216.3265306028
jid_700345,55929.0,136.0,2,17,3628608,3628608,3628626,JobState.COMPLETED,1.0,0,0,0,176.53061224489795,176.53061224489795,6002.04081632653
jid_700236,55929.0,136.0,2,4503,3624292,3624292,3628796,JobState.COMPLETED,1.0,0,0,0,176.53061224489682,176.53061224489795,1589834.6938775408
