id,name,account,num_nodes,run_time,submit_time,start_time,end_time,state,ml_priority,avg_node_power,max_node_power,energy
jid_264155,1054.0,121.0,1,67,-344,0,68,JobState.COMPLETED,0.5056238770484924,176.53061224489798,176.53061224489795,11827.551020408164
jid_264155,1054.0,121.0,1,68,-344,0,69,JobState.COMPLETED,0.5056238770484924,176.53061224489798,176.53061224489795,12004.081632653062
jid_264155,1054.0,121.0,1,72,-344,0,73,JobState.COMPLETED,0.5056238770484924,176.53061224489795,176.53061224489795,12710.204081632652
jid_264155,1054.0,121.0,1,73,-344,0,74,JobState.COMPLETED,0.5056238770484924,176.53061224489795,176.53061224489795,12886.73469387755
jid_264155,1054.0,121.0,1,73,-344,0,74,JobState.COMPLETED,0.5056238770484924,176.53061224489795,176.53061224489795,12886.73469387755
jid_264155,1054.0,121.0,1,74,-344,0,75,JobState.COMPLETED,0.5056238770484924,176.53061224489795,176.53061224489795,13063.265306122448
jid_264155,1054.0,121.0,1,74,-344,0,75,JobState.COMPLETED,0.5056238770484924,176.53061224489795,176.53061224489795,13063.265306122448
jid_264155,1054.0,121.0,1,74,-344,0,75,JobState.COMPLETED,0.5056238770484924,176.53061224489795,176.53061224489795,13063.265306122448
jid_264155,1054.0,121.0,1,75,-344,0,76,JobState.COMPLETED,0.5056238770484924,176.53061224489795,176.53061224489795,13239.795918367347
jid_264155,1054.0,121.0,1,75,-344,0,76,JobState.COMPLETED,0.5056238770484924,176.53061224489795,176.53061224489795,13239.795918367347
jid_264155,1054.0,121.0,1,76,-344,0,77,JobState.COMPLETED,0.5056238770484924,176.53061224489795,176.53061224489795,13416.326530612245
jid_264155,1054.0,121.0,1,76,-344,0,77,JobState.COMPLETED,0.5056238770484924,176.53061224489795,176.53061224489795,13416.326530612245
jid_264155,1054.0,121.0,1,76,-344,0,77,JobState.COMPLETED,0.5056238770484924,176.53061224489795,176.53061224489795,13416.326530612245
jid_264155,1054.0,121.0,1,76,-344,0,77,JobState.COMPLETED,0.5056238770484924,176.53061224489795,176.53061224489795,13416.326530612245
jid_264155,1054.0,121.0,1,78,-344,0,79,JobState.COMPLETED,0.5056238770484924,176.53061224489795,176.53061224489795,13769.38775510204
jid_264155,1054.0,121.0,1,80,-344,0,81,JobState.COMPLETED,0.5056238770484924,176.53061224489795,176.53061224489795,14122.448979591836
jid_264155,1054.0,121.0,1,80,-344,0,81,JobState.COMPLETED,0.5056238770484924,176.53061224489795,176.53061224489795,14122.448979591836
jid_264155,1054.0,121.0,1,81,-344,0,82,JobState.COMPLETED,0.5056238770484924,176.53061224489795,176.53061224489795,14298.979591836734
jid_264155,1054.0,121.0,1,82,-344,0,83,JobState.COMPLETED,0.5056238770484924,176.53061224489795,176.53061224489795,14475.510204081633
jid_264155,1054.0,121.0,1,82,-344,0,83,JobState.COMPLETED,0.5056238770484924,176.53061224489795,176.53061224489795,14475.510204081633
jid_264155,1054.0,121.0,1,83,-344,0,84,JobState.COMPLETED,0.5056238770484924,176.53061224489795,176.53061224489795,14652.04081632653
jid_264155,1054.0,121.0,1,86,-344,0,87,JobState.COMPLETED,0.5056238770484924,176.53061224489795,176.53061224489795,15181.632653061224
jid_264155,1054.0,121.0,1,103,-344,0,104,JobState.COMPLETED,0.5056238770484924,176.53061224489792,176.53061224489795,18182.653061224486
jid_264161,10.0,9.0,12288,137,-150,0,138,JobState.COMPLETED,0.006653368938714266,176.53061224489795,176.53061224489795,297181518.36734694
jid_269986,36913.0,195.0,1,145,-375,0,146,JobState.COMPLETED,0.3192983567714691,176.5306122448979,176.53061224489795,25596.938775510196
jid_264162,36240.0,195.0,1,183,-1237,0,184,JobState.COMPLETED,0.41008374094963074,176.5306122448979,176.53061224489795,32305.102040816313
jid_264097,36215.0,195.0,1,207,-1256,0,208,JobState.COMPLETED,0.5398264527320862,176.5306122448979,176.53061224489795,36541.83673469386
jid_264076,36204.0,195.0,1,222,-1254,0,223,JobState.COMPLETED,0.5366061329841614,176.53061224489787,176.53061224489795,39189.79591836732
jid_270001,36923.0,263.0,4,182,49,49,232,JobState.COMPLETED,0.08979146182537079,176.5306122448979,176.53061224489795,128514.28571428567
jid_264156,794.0,204.0,24,249,-1035,0,250,JobState.COMPLETED,0.09472702443599701,176.53061224489784,176.53061224489795,1054946.9387755096
jid_265032,794.0,204.0,24,253,-1033,0,254,JobState.COMPLETED,0.09472702443599701,176.53061224489784,176.53061224489795,1071893.8775510197
jid_267665,794.0,204.0,24,257,-1033,0,258,JobState.COMPLETED,0.09472702443599701,176.53061224489784,176.53061224489795,1088840.8163265297
jid_265038,794.0,204.0,24,273,-1030,0,274,JobState.COMPLETED,0.11520030349493027,176.53061224489784,176.53061224489795,1156628.5714285707
jid_265034,794.0,204.0,24,277,-1032,0,278,JobState.COMPLETED,0.09472702443599701,176.53061224489784,176.53061224489795,1173575.510204081
jid_270183,794.0,204.0,24,286,-1030,0,287,JobState.COMPLETED,0.11520030349493027,176.53061224489784,176.53061224489795,1211706.122448979
jid_270082,794.0,204.0,24,292,-1034,0,293,JobState.COMPLETED,0.09472702443599701,176.53061224489784,176.53061224489795,1237126.530612244
jid_269994,794.0,204.0,24,298,-1028,0,299,JobState.COMPLETED,0.11520030349493027,176.53061224489784,176.53061224489795,1262546.9387755094
jid_270182,794.0,204.0,24,316,-1031,0,317,JobState.COMPLETED,0.11520030349493027,176.53061224489784,176.53061224489795,1338808.163265305
jid_269874,794.0,204.0,24,349,-1037,0,350,JobState.COMPLETED,0.09472702443599701,176.53061224489784,176.53061224489795,1478620.4081632642
jid_264084,10.0,9.0,12288,195,169,169,365,JobState.COMPLETED,0.006458804477006197,176.53061224489792,176.53061224489795,422995591.83673465
jid_264223,794.0,204.0,24,376,-1038,0,377,JobState.COMPLETED,0.09472702443599701,176.5306122448978,176.53061224489795,1593012.244897958
jid_269859,794.0,204.0,24,380,-1047,0,381,JobState.COMPLETED,0.09472702443599701,176.5306122448978,176.53061224489795,1609959.183673468
jid_264106,794.0,204.0,24,399,-1050,0,400,JobState.COMPLETED,0.09472702443599701,176.5306122448978,176.53061224489795,1690457.1428571416
jid_264130,794.0,204.0,24,407,-1056,0,408,JobState.COMPLETED,0.09472702443599701,176.5306122448978,176.53061224489795,1724351.0204081617
jid_264103,794.0,204.0,24,413,-1055,0,414,JobState.COMPLETED,0.09472702443599701,176.5306122448978,176.53061224489795,1749771.4285714272
jid_264082,794.0,204.0,24,421,-1057,0,422,JobState.COMPLETED,0.09472702443599701,176.5306122448978,176.53061224489795,1783665.3061224476
jid_269864,794.0,204.0,24,428,-1040,0,429,JobState.COMPLETED,0.09472702443599701,176.5306122448978,176.53061224489795,1813322.44897959
jid_264187,794.0,204.0,24,429,-1055,0,430,JobState.COMPLETED,0.09472702443599701,176.5306122448978,176.53061224489795,1817559.1836734677
jid_269761,36791.0,195.0,1,432,-1240,0,433,JobState.COMPLETED,0.2678160071372986,176.53061224489807,176.53061224489795,76261.22448979596
jid_270075,794.0,204.0,24,438,-1040,0,439,JobState.COMPLETED,0.09472702443599701,176.5306122448978,176.53061224489795,1855689.7959183657
jid_264198,233.0,121.0,1,444,-555,0,445,JobState.COMPLETED,0.48284175992012024,176.53061224489807,176.53061224489795,78379.59183673475
jid_264115,36230.0,195.0,1,446,-1260,0,447,JobState.COMPLETED,0.45623743534088135,176.53061224489807,176.53061224489795,78732.65306122454
jid_264185,794.0,204.0,24,451,-1038,0,452,JobState.COMPLETED,0.09472702443599701,176.5306122448978,176.53061224489795,1910767.3469387738
jid_264173,794.0,204.0,24,454,-1047,0,455,JobState.COMPLETED,0.09472702443599701,176.5306122448978,176.53061224489795,1923477.5510204067
jid_264212,36258.0,195.0,1,454,-1241,0,455,JobState.COMPLETED,0.35874855518341064,176.53061224489807,176.53061224489795,80144.89795918373
jid_264201,36249.0,195.0,1,456,-379,0,457,JobState.COMPLETED,0.3957964777946472,176.53061224489807,176.53061224489795,80497.95918367352
jid_269999,36921.0,195.0,1,459,-440,0,460,JobState.COMPLETED,0.2971162796020508,176.53061224489807,176.53061224489795,81027.55102040821
jid_264219,794.0,204.0,24,460,-1054,0,461,JobState.COMPLETED,0.09472702443599701,176.5306122448978,176.53061224489795,1948897.9591836717
jid_269783,36798.0,195.0,1,469,-387,0,470,JobState.COMPLETED,0.32150131464004517,176.53061224489807,176.53061224489795,82792.85714285719
jid_269885,36855.0,195.0,1,478,-432,0,479,JobState.COMPLETED,0.292596697807312,176.53061224489807,176.53061224489795,84381.63265306127
jid_264198,233.0,121.0,1,481,-555,0,482,JobState.COMPLETED,0.48284175992012024,176.53061224489807,176.53061224489795,84911.22448979598
jid_269766,794.0,204.0,24,491,-1049,0,492,JobState.COMPLETED,0.09472702443599701,176.5306122448978,176.53061224489795,2080236.7346938758
jid_264222,794.0,204.0,24,493,-1048,0,494,JobState.COMPLETED,0.09472702443599701,176.5306122448978,176.53061224489795,2088710.2040816308
jid_264278,632.0,121.0,1,496,-91,0,497,JobState.COMPLETED,0.49899598956108093,176.53061224489807,176.53061224489795,87559.18367346944
jid_269756,36788.0,195.0,1,497,-1193,0,498,JobState.COMPLETED,0.2633380591869354,176.53061224489807,176.53061224489795,87735.71428571433
jid_264105,36222.0,195.0,1,498,-1263,0,499,JobState.COMPLETED,0.5089963674545288,176.53061224489807,176.53061224489795,87912.24489795923
jid_264198,233.0,121.0,1,502,-555,0,503,JobState.COMPLETED,0.48284175992012024,176.53061224489807,176.53061224489795,88618.36734693883
jid_264278,632.0,121.0,1,511,-91,0,512,JobState.COMPLETED,0.49899598956108093,176.5306122448981,176.53061224489795,90207.14285714293
jid_265016,36520.0,195.0,1,512,-1249,0,513,JobState.COMPLETED,0.35216736793518066,176.5306122448981,176.53061224489795,90383.67346938782
jid_270002,36924.0,195.0,1,512,-378,0,513,JobState.COMPLETED,0.31761062145233154,176.5306122448981,176.53061224489795,90383.67346938782
jid_264278,632.0,121.0,1,512,-91,0,513,JobState.COMPLETED,0.49899598956108093,176.5306122448981,176.53061224489795,90383.67346938782
jid_265050,36534.0,195.0,1,516,-397,0,517,JobState.COMPLETED,0.34302183985710144,176.5306122448981,176.53061224489795,91089.79591836741
jid_264198,233.0,121.0,1,516,-555,0,517,JobState.COMPLETED,0.48284175992012024,176.5306122448981,176.53061224489795,91089.79591836741
jid_267676,36605.0,195.0,1,517,-448,0,518,JobState.COMPLETED,0.2944595217704773,176.5306122448981,176.53061224489795,91266.32653061232
jid_269758,36789.0,195.0,1,518,-1252,0,519,JobState.COMPLETED,0.2678160071372986,176.5306122448981,176.53061224489795,91442.85714285722
jid_264278,632.0,121.0,1,522,-91,0,523,JobState.COMPLETED,0.49899598956108093,176.5306122448981,176.53061224489795,92148.9795918368
jid_267640,36591.0,195.0,1,524,-1253,0,525,JobState.COMPLETED,0.2825070917606354,176.5306122448981,176.53061224489795,92502.0408163266
jid_269871,794.0,204.0,24,526,-1055,0,527,JobState.COMPLETED,0.09472702443599701,176.53061224489775,176.53061224489795,2228522.448979589
jid_264198,233.0,121.0,1,527,-555,0,528,JobState.COMPLETED,0.48284175992012024,176.5306122448981,176.53061224489795,93031.6326530613
jid_269979,794.0,204.0,24,528,-1049,0,529,JobState.COMPLETED,0.09472702443599701,176.53061224489775,176.53061224489795,2236995.918367344
jid_267643,36594.0,195.0,1,528,-1198,0,529,JobState.COMPLETED,0.27687835693359375,176.5306122448981,176.53061224489795,93208.1632653062
jid_264198,233.0,121.0,1,530,-555,0,531,JobState.COMPLETED,0.48284175992012024,176.5306122448981,176.53061224489795,93561.22448979599
jid_264198,233.0,121.0,1,532,-555,0,533,JobState.COMPLETED,0.48284175992012024,176.5306122448981,176.53061224489795,93914.28571428578
jid_264198,233.0,121.0,1,532,-555,0,533,JobState.COMPLETED,0.48284175992012024,176.5306122448981,176.53061224489795,93914.28571428578
jid_264198,233.0,121.0,1,532,-555,0,533,JobState.COMPLETED,0.48284175992012024,176.5306122448981,176.53061224489795,93914.28571428578
jid_264278,632.0,121.0,1,532,-91,0,533,JobState.COMPLETED,0.49899598956108093,176.5306122448981,176.53061224489795,93914.28571428578
jid_264198,233.0,121.0,1,534,-555,0,535,JobState.COMPLETED,0.48284175992012024,176.5306122448981,176.53061224489795,94267.34693877558
jid_264198,233.0,121.0,1,536,-555,0,537,JobState.COMPLETED,0.48284175992012024,176.5306122448981,176.53061224489795,94620.40816326538
jid_264227,794.0,204.0,24,538,-1048,0,539,JobState.COMPLETED,0.09472702443599701,176.53061224489775,176.53061224489795,2279363.26530612
jid_264198,233.0,121.0,1,541,-555,0,542,JobState.COMPLETED,0.48284175992012024,176.5306122448981,176.53061224489795,95503.06122448987
jid_267644,36595.0,195.0,1,542,-1199,0,543,JobState.COMPLETED,0.2764192819595337,176.5306122448981,176.53061224489795,95679.59183673476
jid_269790,36805.0,195.0,1,543,-383,0,544,JobState.COMPLETED,0.3209737539291382,176.5306122448981,176.53061224489795,95856.12244897966
jid_264198,233.0,121.0,1,544,-555,0,545,JobState.COMPLETED,0.48284175992012024,176.5306122448981,176.53061224489795,96032.65306122457
jid_264198,233.0,121.0,1,544,-555,0,545,JobState.COMPLETED,0.48284175992012024,176.5306122448981,176.53061224489795,96032.65306122457
jid_269971,36910.0,195.0,1,545,-1204,0,546,JobState.COMPLETED,0.2626950144767761,176.5306122448981,176.53061224489795,96209.18367346947
jid_264278,632.0,121.0,1,549,-91,0,550,JobState.COMPLETED,0.49899598956108093,176.5306122448981,176.53061224489795,96915.30612244905
jid_264278,632.0,121.0,1,550,-91,0,551,JobState.COMPLETED,0.49899598956108093,176.5306122448981,176.53061224489795,97091.83673469395
jid_264278,632.0,121.0,1,551,-91,0,552,JobState.COMPLETED,0.49899598956108093,176.5306122448981,176.53061224489795,97268.36734693885
jid_264278,632.0,121.0,1,552,-91,0,553,JobState.COMPLETED,0.49899598956108093,176.5306122448981,176.53061224489795,97444.89795918374
jid_264278,632.0,121.0,1,555,-91,0,556,JobState.COMPLETED,0.49899598956108093,176.5306122448981,176.53061224489795,97974.48979591845
jid_264198,233.0,121.0,1,556,-555,0,557,JobState.COMPLETED,0.48284175992012024,176.5306122448981,176.53061224489795,98151.02040816334
jid_264278,632.0,121.0,1,556,-91,0,557,JobState.COMPLETED,0.49899598956108093,176.5306122448981,176.53061224489795,98151.02040816334
jid_264198,233.0,121.0,1,558,-555,0,559,JobState.COMPLETED,0.48284175992012024,176.5306122448981,176.53061224489795,98504.08163265313
jid_264278,632.0,121.0,1,559,-91,0,560,JobState.COMPLETED,0.49899598956108093,176.5306122448981,176.53061224489795,98680.61224489803
jid_265055,794.0,204.0,24,577,-144,0,578,JobState.COMPLETED,0.08350644260644913,176.53061224489775,176.53061224489795,2444595.918367344
jid_264198,233.0,121.0,1,577,-555,0,578,JobState.COMPLETED,0.48284175992012024,176.5306122448981,176.53061224489795,101858.1632653062
jid_264198,233.0,121.0,1,577,-555,0,578,JobState.COMPLETED,0.48284175992012024,176.5306122448981,176.53061224489795,101858.1632653062
jid_270291,37101.0,195.0,1,590,-224,0,591,JobState.COMPLETED,0.28549641370773315,176.53061224489812,176.53061224489795,104153.0612244899
jid_264278,632.0,121.0,1,591,-91,0,592,JobState.COMPLETED,0.49899598956108093,176.53061224489812,176.53061224489795,104329.59183673479
jid_270103,36982.0,195.0,1,597,-231,0,598,JobState.COMPLETED,0.3237782418727875,176.53061224489812,176.53061224489795,105388.77551020418
jid_270006,36927.0,195.0,1,603,-378,0,604,JobState.COMPLETED,0.31761062145233154,176.53061224489812,176.53061224489795,106447.95918367356
jid_264278,632.0,121.0,1,605,-91,0,606,JobState.COMPLETED,0.49899598956108093,176.53061224489812,176.53061224489795,106801.02040816337
jid_265054,36537.0,195.0,1,606,-369,0,607,JobState.COMPLETED,0.3375798761844635,176.53061224489812,176.53061224489795,106977.55102040827
jid_264278,632.0,121.0,1,606,-91,0,607,JobState.COMPLETED,0.49899598956108093,176.53061224489812,176.53061224489795,106977.55102040827
jid_264278,632.0,121.0,1,613,-91,0,614,JobState.COMPLETED,0.49899598956108093,176.53061224489812,176.53061224489795,108213.26530612254
jid_269796,36810.0,195.0,1,614,-219,0,615,JobState.COMPLETED,0.3174000382423401,176.53061224489812,176.53061224489795,108389.79591836745
jid_270012,36933.0,195.0,1,614,-209,0,615,JobState.COMPLETED,0.3185368478298187,176.53061224489812,176.53061224489795,108389.79591836745
jid_264278,632.0,121.0,1,614,-91,0,615,JobState.COMPLETED,0.49899598956108093,176.53061224489812,176.53061224489795,108389.79591836745
jid_264278,632.0,121.0,1,615,-91,0,616,JobState.COMPLETED,0.49899598956108093,176.53061224489812,176.53061224489795,108566.32653061235
jid_264278,632.0,121.0,1,616,-91,0,617,JobState.COMPLETED,0.49899598956108093,176.53061224489812,176.53061224489795,108742.85714285725
jid_264278,632.0,121.0,1,624,-91,0,625,JobState.COMPLETED,0.49899598956108093,176.53061224489812,176.53061224489795,110155.10204081643
jid_269800,794.0,204.0,24,625,-137,0,626,JobState.COMPLETED,0.08350644260644913,176.5306122448978,176.53061224489795,2647959.183673467
jid_270011,36932.0,195.0,1,627,-377,0,628,JobState.COMPLETED,0.31763458251953125,176.53061224489812,176.53061224489795,110684.69387755112
jid_270295,37105.0,195.0,1,628,-217,0,629,JobState.COMPLETED,0.2926148474216461,176.53061224489812,176.53061224489795,110861.22448979602
jid_264198,233.0,121.0,1,629,-555,0,630,JobState.COMPLETED,0.48284175992012024,176.53061224489812,176.53061224489795,111037.75510204092
jid_264265,36280.0,195.0,1,632,-375,0,633,JobState.COMPLETED,0.34930360317230225,176.53061224489812,176.53061224489795,111567.34693877562
jid_267683,36612.0,195.0,1,632,-267,0,633,JobState.COMPLETED,0.3189450204372406,176.53061224489812,176.53061224489795,111567.34693877562
jid_264198,233.0,121.0,1,632,-555,0,633,JobState.COMPLETED,0.48284175992012024,176.53061224489812,176.53061224489795,111567.34693877562
jid_264278,632.0,121.0,1,633,-91,0,634,JobState.COMPLETED,0.49899598956108093,176.53061224489812,176.53061224489795,111743.87755102052
jid_267686,36615.0,195.0,1,634,-226,0,635,JobState.COMPLETED,0.31844407320022583,176.53061224489812,176.53061224489795,111920.40816326541
jid_267652,36597.0,195.0,1,645,-1264,0,646,JobState.COMPLETED,0.28125378489494324,176.53061224489812,176.53061224489795,113862.24489795929
jid_264121,794.0,204.0,24,647,-1053,0,648,JobState.COMPLETED,0.09472702443599701,176.5306122448978,176.53061224489795,2741167.346938773
jid_264202,911.0,121.0,1,85,562,562,648,JobState.COMPLETED,0.4898417294025421,176.53061224489795,176.53061224489795,15005.102040816326
jid_265061,36543.0,195.0,1,660,-240,0,661,JobState.COMPLETED,0.3335975110530853,176.53061224489812,176.53061224489795,116510.20408163276
jid_264203,1003.0,121.0,1,85,576,576,662,JobState.COMPLETED,0.4929603636264801,176.53061224489795,176.53061224489795,15005.102040816326
jid_270084,36964.0,195.0,1,665,-1188,0,666,JobState.COMPLETED,0.26307374238967896,176.53061224489812,176.53061224489795,117392.85714285725
jid_270299,37109.0,195.0,1,666,-299,0,667,JobState.COMPLETED,0.2927711308002472,176.53061224489812,176.53061224489795,117569.38775510214
jid_264202,911.0,121.0,1,104,562,562,667,JobState.COMPLETED,0.4898417294025421,176.53061224489792,176.53061224489795,18359.183673469382
jid_264202,911.0,121.0,1,108,562,562,671,JobState.COMPLETED,0.4898417294025421,176.53061224489792,176.53061224489795,19065.306122448976
jid_270303,794.0,204.0,24,671,-138,0,672,JobState.COMPLETED,0.08350644260644913,176.53061224489787,176.53061224489795,2842848.9795918353
jid_264203,1003.0,121.0,1,97,576,576,674,JobState.COMPLETED,0.4929603636264801,176.53061224489792,176.53061224489795,17123.4693877551
jid_264203,1003.0,121.0,1,97,576,576,674,JobState.COMPLETED,0.4929603636264801,176.53061224489792,176.53061224489795,17123.4693877551
jid_264202,911.0,121.0,1,114,562,562,677,JobState.COMPLETED,0.4898417294025421,176.53061224489792,176.53061224489795,20124.48979591836
jid_264203,1003.0,121.0,1,101,576,576,678,JobState.COMPLETED,0.4929603636264801,176.53061224489792,176.53061224489795,17829.59183673469
jid_264203,1003.0,121.0,1,101,576,576,678,JobState.COMPLETED,0.4929603636264801,176.53061224489792,176.53061224489795,17829.59183673469
jid_264202,911.0,121.0,1,117,562,562,680,JobState.COMPLETED,0.4898417294025421,176.53061224489792,176.53061224489795,20654.08163265306
jid_264202,911.0,121.0,1,117,562,562,680,JobState.COMPLETED,0.4898417294025421,176.53061224489792,176.53061224489795,20654.08163265306
jid_264203,1003.0,121.0,1,104,576,576,681,JobState.COMPLETED,0.4929603636264801,176.53061224489792,176.53061224489795,18359.183673469382
jid_264202,911.0,121.0,1,121,562,562,684,JobState.COMPLETED,0.4898417294025421,176.5306122448979,176.53061224489795,21360.204081632644
jid_264202,911.0,121.0,1,126,562,562,689,JobState.COMPLETED,0.4898417294025421,176.5306122448979,176.53061224489795,22242.857142857134
jid_264202,911.0,121.0,1,127,562,562,690,JobState.COMPLETED,0.4898417294025421,176.5306122448979,176.53061224489795,22419.387755102034
jid_269907,794.0,204.0,24,692,-138,0,693,JobState.COMPLETED,0.08350644260644913,176.53061224489787,176.53061224489795,2931820.4081632635
jid_270208,794.0,204.0,24,692,-137,0,693,JobState.COMPLETED,0.08350644260644913,176.53061224489787,176.53061224489795,2931820.4081632635
jid_264203,1003.0,121.0,1,117,576,576,694,JobState.COMPLETED,0.4929603636264801,176.53061224489792,176.53061224489795,20654.08163265306
jid_267708,794.0,204.0,24,695,-107,0,696,JobState.COMPLETED,0.06889869272708893,176.53061224489787,176.53061224489795,2944530.6122448966
jid_264203,1003.0,121.0,1,120,576,576,697,JobState.COMPLETED,0.4929603636264801,176.5306122448979,176.53061224489795,21183.673469387748
jid_264202,911.0,121.0,1,135,562,562,698,JobState.COMPLETED,0.4898417294025421,176.5306122448979,176.53061224489795,23831.632653061217
jid_269905,36872.0,195.0,1,704,-372,0,705,JobState.COMPLETED,0.31456834077835083,176.53061224489815,176.53061224489795,124277.5510204083
jid_264202,911.0,121.0,1,143,562,562,706,JobState.COMPLETED,0.4898417294025421,176.5306122448979,176.53061224489795,25243.8775510204
jid_264203,1003.0,121.0,1,132,576,576,709,JobState.COMPLETED,0.4929603636264801,176.5306122448979,176.53061224489795,23302.040816326524
jid_264202,911.0,121.0,1,149,562,562,712,JobState.COMPLETED,0.4898417294025421,176.5306122448979,176.53061224489795,26303.061224489786
jid_264202,911.0,121.0,1,156,562,562,719,JobState.COMPLETED,0.4898417294025421,176.5306122448979,176.53061224489795,27538.775510204072
jid_264202,911.0,121.0,1,158,562,562,721,JobState.COMPLETED,0.4898417294025421,176.5306122448979,176.53061224489795,27891.83673469387
jid_264202,911.0,121.0,1,158,562,562,721,JobState.COMPLETED,0.4898417294025421,176.5306122448979,176.53061224489795,27891.83673469387
jid_264203,1003.0,121.0,1,144,576,576,721,JobState.COMPLETED,0.4929603636264801,176.5306122448979,176.53061224489795,25420.408163265296
jid_264202,911.0,121.0,1,159,562,562,722,JobState.COMPLETED,0.4898417294025421,176.5306122448979,176.53061224489795,28068.367346938765
jid_264202,911.0,121.0,1,160,562,562,723,JobState.COMPLETED,0.4898417294025421,176.5306122448979,176.53061224489795,28244.89795918366
jid_267714,794.0,204.0,24,723,-107,0,724,JobState.COMPLETED,0.06889869272708893,176.53061224489795,176.53061224489795,3063159.1836734693
jid_267696,794.0,204.0,24,724,-141,0,725,JobState.COMPLETED,0.08350644260644913,176.53061224489795,176.53061224489795,3067395.9183673467
jid_270077,36960.0,195.0,1,725,-1206,0,726,JobState.COMPLETED,0.26310858130455017,176.53061224489815,176.53061224489795,127984.69387755117
jid_265072,794.0,204.0,24,727,-123,0,728,JobState.COMPLETED,0.06889869272708893,176.53061224489795,176.53061224489795,3080106.1224489794
jid_264202,911.0,121.0,1,165,562,562,728,JobState.COMPLETED,0.4898417294025421,176.5306122448979,176.53061224489795,29127.55102040815
jid_264202,911.0,121.0,1,172,562,562,735,JobState.COMPLETED,0.4898417294025421,176.5306122448979,176.53061224489795,30363.265306122437
jid_264203,1003.0,121.0,1,158,576,576,735,JobState.COMPLETED,0.4929603636264801,176.5306122448979,176.53061224489795,27891.83673469387
jid_270234,794.0,204.0,24,738,-102,0,739,JobState.COMPLETED,0.06889869272708893,176.53061224489795,176.53061224489795,3126710.2040816327
jid_267703,794.0,204.0,24,741,-119,0,742,JobState.COMPLETED,0.06889869272708893,176.53061224489795,176.53061224489795,3139420.4081632653
jid_264203,1003.0,121.0,1,167,576,576,744,JobState.COMPLETED,0.4929603636264801,176.5306122448979,176.53061224489795,29480.612244897948
jid_269934,794.0,204.0,24,744,-100,0,745,JobState.COMPLETED,0.06889869272708893,176.53061224489795,176.53061224489795,3152130.612244898
jid_269935,794.0,204.0,24,745,-101,0,746,JobState.COMPLETED,0.06889869272708893,176.53061224489795,176.53061224489795,3156367.346938775
jid_264202,911.0,121.0,1,190,562,562,753,JobState.COMPLETED,0.4898417294025421,176.5306122448979,176.53061224489795,33540.8163265306
jid_270218,794.0,204.0,24,756,-127,0,757,JobState.COMPLETED,0.06889869272708893,176.53061224489798,176.53061224489795,3202971.428571429
jid_264203,1003.0,121.0,1,180,576,576,757,JobState.COMPLETED,0.4929603636264801,176.5306122448979,176.53061224489795,31775.51020408162
jid_264203,1003.0,121.0,1,181,576,576,758,JobState.COMPLETED,0.4929603636264801,176.5306122448979,176.53061224489795,31952.04081632652
jid_264203,1003.0,121.0,1,182,576,576,759,JobState.COMPLETED,0.4929603636264801,176.5306122448979,176.53061224489795,32128.571428571417
jid_264203,1003.0,121.0,1,182,576,576,759,JobState.COMPLETED,0.4929603636264801,176.5306122448979,176.53061224489795,32128.571428571417
jid_264203,1003.0,121.0,1,184,576,576,761,JobState.COMPLETED,0.4929603636264801,176.5306122448979,176.53061224489795,32481.632653061213
jid_264202,911.0,121.0,1,199,562,562,762,JobState.COMPLETED,0.4898417294025421,176.5306122448979,176.53061224489795,35129.59183673468
jid_270245,794.0,204.0,24,763,-104,0,764,JobState.COMPLETED,0.06889869272708893,176.53061224489798,176.53061224489795,3232628.571428572
jid_264202,911.0,121.0,1,201,562,562,764,JobState.COMPLETED,0.4898417294025421,176.5306122448979,176.53061224489795,35482.653061224475
jid_264202,911.0,121.0,1,202,562,562,765,JobState.COMPLETED,0.4898417294025421,176.5306122448979,176.53061224489795,35659.18367346937
jid_264311,794.0,204.0,24,767,-104,0,768,JobState.COMPLETED,0.06889869272708893,176.53061224489798,176.53061224489795,3249575.510204082
jid_264202,911.0,121.0,1,205,562,562,768,JobState.COMPLETED,0.4898417294025421,176.5306122448979,176.53061224489795,36188.77551020407
jid_264203,1003.0,121.0,1,195,576,576,772,JobState.COMPLETED,0.4929603636264801,176.5306122448979,176.53061224489795,34423.46938775509
jid_267721,794.0,204.0,24,772,-106,0,773,JobState.COMPLETED,0.06889869272708893,176.53061224489798,176.53061224489795,3270759.18367347
jid_264203,1003.0,121.0,1,205,576,576,782,JobState.COMPLETED,0.4929603636264801,176.5306122448979,176.53061224489795,36188.77551020407
jid_270249,794.0,204.0,24,782,-99,0,783,JobState.COMPLETED,0.06889869272708893,176.53061224489804,176.53061224489795,3313126.530612246
jid_270147,794.0,204.0,24,783,-107,0,784,JobState.COMPLETED,0.06889869272708893,176.53061224489804,176.53061224489795,3317363.2653061245
jid_264203,1003.0,121.0,1,212,576,576,789,JobState.COMPLETED,0.4929603636264801,176.53061224489787,176.53061224489795,37424.48979591835
jid_265088,794.0,204.0,24,789,-118,0,790,JobState.COMPLETED,0.06889869272708893,176.53061224489804,176.53061224489795,3342783.6734693893
jid_264321,794.0,204.0,24,791,-103,0,792,JobState.COMPLETED,0.06889869272708893,176.53061224489804,176.53061224489795,3351257.1428571446
jid_269916,794.0,204.0,24,800,-131,0,801,JobState.COMPLETED,0.06889869272708893,176.53061224489804,176.53061224489795,3389387.755102042
jid_269910,36876.0,195.0,1,803,-436,0,804,JobState.COMPLETED,0.28701895475387573,176.53061224489815,176.53061224489795,141754.08163265322
jid_270322,794.0,204.0,24,807,-119,0,808,JobState.COMPLETED,0.06889869272708893,176.53061224489804,176.53061224489795,3419044.8979591853
jid_270040,794.0,204.0,24,809,-129,0,810,JobState.COMPLETED,0.06889869272708893,176.53061224489804,176.53061224489795,3427518.3673469406
jid_270240,794.0,204.0,24,811,-115,0,812,JobState.COMPLETED,0.06889869272708893,176.53061224489804,176.53061224489795,3435991.8367346954
jid_265106,794.0,204.0,24,815,-109,0,816,JobState.COMPLETED,0.06889869272708893,176.53061224489804,176.53061224489795,3452938.7755102054
jid_269818,794.0,204.0,24,820,-123,0,821,JobState.COMPLETED,0.06889869272708893,176.53061224489807,176.53061224489795,3474122.448979594
jid_267715,794.0,204.0,24,824,-125,0,825,JobState.COMPLETED,0.06889869272708893,176.53061224489807,176.53061224489795,3491069.3877551043
jid_269822,794.0,204.0,24,832,-121,0,833,JobState.COMPLETED,0.06889869272708893,176.53061224489807,176.53061224489795,3524963.265306125
jid_264279,36290.0,195.0,1,833,-505,0,834,JobState.COMPLETED,0.30595993995666504,176.53061224489815,176.53061224489795,147050.00000000015
jid_270227,794.0,204.0,24,836,-120,0,837,JobState.COMPLETED,0.06889869272708893,176.53061224489807,176.53061224489795,3541910.204081635
jid_270043,794.0,204.0,24,836,-119,0,837,JobState.COMPLETED,0.06889869272708893,176.53061224489807,176.53061224489795,3541910.204081635
jid_267716,794.0,204.0,24,837,-127,0,838,JobState.COMPLETED,0.06889869272708893,176.53061224489807,176.53061224489795,3546146.9387755124
jid_270036,36947.0,195.0,1,838,-416,0,839,JobState.COMPLETED,0.3153296411037445,176.53061224489815,176.53061224489795,147932.65306122464
jid_270332,794.0,204.0,24,849,-114,0,850,JobState.COMPLETED,0.06889869272708893,176.53061224489807,176.53061224489795,3596987.755102043
jid_264291,1151.9999999999982,121.0,1,559,295,295,855,JobState.COMPLETED,0.49281543493270874,176.5306122448981,176.53061224489795,98680.61224489803
jid_265077,36557.0,195.0,1,874,-481,0,875,JobState.COMPLETED,0.2564683258533478,176.53061224489818,176.53061224489795,154287.755102041
jid_269924,794.0,204.0,24,888,-133,0,889,JobState.COMPLETED,0.08350644260644913,176.5306122448981,176.53061224489795,3762220.408163268
jid_264291,1151.9999999999982,121.0,1,595,295,295,891,JobState.COMPLETED,0.49281543493270874,176.53061224489812,176.53061224489795,105035.71428571438
jid_267722,794.0,204.0,24,893,-142,0,894,JobState.COMPLETED,0.08350644260644913,176.5306122448981,176.53061224489795,3783404.081632656
jid_264291,1151.9999999999982,121.0,1,604,295,295,900,JobState.COMPLETED,0.49281543493270874,176.53061224489812,176.53061224489795,106624.48979591846
jid_264291,1151.9999999999982,121.0,1,604,295,295,900,JobState.COMPLETED,0.49281543493270874,176.53061224489812,176.53061224489795,106624.48979591846
jid_264291,1151.9999999999982,121.0,1,605,295,295,901,JobState.COMPLETED,0.49281543493270874,176.53061224489812,176.53061224489795,106801.02040816337
jid_264291,1151.9999999999982,121.0,1,605,295,295,901,JobState.COMPLETED,0.49281543493270874,176.53061224489812,176.53061224489795,106801.02040816337
jid_264291,1151.9999999999982,121.0,1,608,295,295,904,JobState.COMPLETED,0.49281543493270874,176.53061224489812,176.53061224489795,107330.61224489806
jid_267704,36625.0,195.0,1,904,-423,0,905,JobState.COMPLETED,0.31918156147003174,176.53061224489818,176.53061224489795,159583.67346938796
jid_264291,1151.9999999999982,121.0,1,610,295,295,906,JobState.COMPLETED,0.49281543493270874,176.53061224489812,176.53061224489795,107683.67346938785
jid_264291,1151.9999999999982,121.0,1,611,295,295,907,JobState.COMPLETED,0.49281543493270874,176.53061224489812,176.53061224489795,107860.20408163275
jid_270159,794.0,204.0,24,907,-118,0,908,JobState.COMPLETED,0.06889869272708893,176.53061224489815,176.53061224489795,3842718.3673469434
jid_264291,1151.9999999999982,121.0,1,614,295,295,910,JobState.COMPLETED,0.49281543493270874,176.53061224489812,176.53061224489795,108389.79591836745
jid_269880,36851.0,195.0,1,910,-1255,0,911,JobState.COMPLETED,0.27260324358940125,176.53061224489818,176.53061224489795,160642.85714285733
jid_264291,1151.9999999999982,121.0,1,617,295,295,913,JobState.COMPLETED,0.49281543493270874,176.53061224489812,176.53061224489795,108919.38775510214
jid_264291,1151.9999999999982,121.0,1,619,295,295,915,JobState.COMPLETED,0.49281543493270874,176.53061224489812,176.53061224489795,109272.44897959194
jid_264291,1151.9999999999982,121.0,1,620,295,295,916,JobState.COMPLETED,0.49281543493270874,176.53061224489812,176.53061224489795,109448.97959183683
jid_264291,1151.9999999999982,121.0,1,621,295,295,917,JobState.COMPLETED,0.49281543493270874,176.53061224489812,176.53061224489795,109625.51020408173
jid_264291,1151.9999999999982,121.0,1,621,295,295,917,JobState.COMPLETED,0.49281543493270874,176.53061224489812,176.53061224489795,109625.51020408173
jid_270052,794.0,204.0,24,917,-126,0,918,JobState.COMPLETED,0.06889869272708893,176.53061224489815,176.53061224489795,3885085.7142857183
jid_264291,1151.9999999999982,121.0,1,624,295,295,920,JobState.COMPLETED,0.49281543493270874,176.53061224489812,176.53061224489795,110155.10204081643
jid_264291,1151.9999999999982,121.0,1,625,295,295,921,JobState.COMPLETED,0.49281543493270874,176.53061224489812,176.53061224489795,110331.63265306133
jid_267706,36626.0,195.0,1,928,-390,0,929,JobState.COMPLETED,0.31918156147003174,176.53061224489815,176.53061224489795,163820.40816326547
jid_264291,1151.9999999999982,121.0,1,633,295,295,929,JobState.COMPLETED,0.49281543493270874,176.53061224489812,176.53061224489795,111743.87755102052
jid_264291,1151.9999999999982,121.0,1,636,295,295,932,JobState.COMPLETED,0.49281543493270874,176.53061224489812,176.53061224489795,112273.4693877552
jid_270041,36949.0,195.0,1,932,-466,0,933,JobState.COMPLETED,0.2914012670516968,176.53061224489815,176.53061224489795,164526.5306122451
jid_264291,1151.9999999999982,121.0,1,637,295,295,933,JobState.COMPLETED,0.49281543493270874,176.53061224489812,176.53061224489795,112450.0000000001
jid_264291,1151.9999999999982,121.0,1,637,295,295,933,JobState.COMPLETED,0.49281543493270874,176.53061224489812,176.53061224489795,112450.0000000001
jid_264247,36264.0,195.0,1,942,-1212,0,943,JobState.COMPLETED,0.32486847043037415,176.53061224489812,176.53061224489795,166291.83673469402
jid_264320,794.0,204.0,24,945,-120,0,946,JobState.COMPLETED,0.06889869272708893,176.53061224489815,176.53061224489795,4003714.28571429
jid_270140,37011.0,195.0,1,980,-245,0,981,JobState.COMPLETED,0.3079942464828491,176.53061224489807,176.53061224489795,173000.00000000012
jid_269925,36882.0,195.0,1,987,-239,0,988,JobState.COMPLETED,0.30903345346450806,176.53061224489807,176.53061224489795,174235.71428571438
jid_270323,37125.0,195.0,1,995,-466,0,996,JobState.COMPLETED,0.25764158368110657,176.53061224489804,176.53061224489795,175647.95918367355
jid_264291,1151.9999999999982,121.0,1,701,295,295,997,JobState.COMPLETED,0.49281543493270874,176.53061224489815,176.53061224489795,123747.9591836736
jid_270088,36967.0,195.0,1,998,-1219,0,999,JobState.COMPLETED,0.26425445079803467,176.53061224489804,176.53061224489795,176177.55102040825
jid_270143,37013.0,195.0,1,1013,-212,0,1014,JobState.COMPLETED,0.30723845958709717,176.530612244898,176.53061224489795,178825.5102040817
jid_269829,36829.0,195.0,1,1077,-371,0,1078,JobState.COMPLETED,0.31308576464653015,176.53061224489792,176.53061224489795,190123.46938775506
jid_270144,37014.0,195.0,1,1078,-509,0,1079,JobState.COMPLETED,0.2739475667476654,176.53061224489792,176.53061224489795,190299.99999999997
jid_270150,37017.0,195.0,1,1080,-224,0,1081,JobState.COMPLETED,0.3055855333805084,176.5306122448979,176.53061224489795,190653.06122448973
jid_265098,36565.0,195.0,1,1081,-371,0,1082,JobState.COMPLETED,0.28881657123565674,176.5306122448979,176.53061224489795,190829.59183673462
jid_270278,794.0,204.0,24,1083,-102,0,1084,JobState.COMPLETED,0.06889869272708893,176.53061224489826,176.53061224489795,4588383.673469395
jid_270151,37018.0,195.0,1,1119,-463,0,1120,JobState.COMPLETED,0.2799520790576935,176.53061224489787,176.53061224489795,197537.7551020407
jid_269895,36864.0,195.0,1,1120,-1193,0,1121,JobState.COMPLETED,0.26653939485549927,176.53061224489787,176.53061224489795,197714.28571428562
jid_265048,36532.0,195.0,1,1122,-1190,0,1123,JobState.COMPLETED,0.33236026763916016,176.53061224489787,176.53061224489795,198067.34693877542
jid_269838,36835.0,195.0,1,1128,-374,0,1129,JobState.COMPLETED,0.31537798047065735,176.53061224489787,176.53061224489795,199126.5306122448
jid_269786,36801.0,195.0,1,1138,-1189,0,1139,JobState.COMPLETED,0.26234161853790283,176.53061224489784,176.53061224489795,200891.83673469373
jid_264323,36309.0,195.0,1,1152,-373,0,1153,JobState.COMPLETED,0.25414595007896423,176.5306122448978,176.53061224489795,203363.26530612228
jid_270250,37074.0,195.0,1,1154,-470,0,1155,JobState.COMPLETED,0.26021087169647217,176.5306122448978,176.53061224489795,203716.32653061207
jid_270033,36945.0,195.0,1,1158,-1234,0,1159,JobState.COMPLETED,0.2620415687561035,176.5306122448978,176.53061224489795,204422.44897959166
jid_270301,37110.0,195.0,1,1160,-1201,0,1161,JobState.COMPLETED,0.24605350196361542,176.5306122448978,176.53061224489795,204775.51020408145
jid_270341,37131.0,195.0,1,1174,-458,0,1175,JobState.COMPLETED,0.2553558051586151,176.5306122448978,176.53061224489795,207246.93877551003
jid_269805,36816.0,195.0,1,1175,-1215,0,1176,JobState.COMPLETED,0.26459309458732605,176.5306122448978,176.53061224489795,207423.4693877549
jid_270118,36995.0,195.0,1,1178,-1212,0,1179,JobState.COMPLETED,0.25516021251678467,176.5306122448978,176.53061224489795,207953.06122448962
jid_270067,36957.0,195.0,1,1178,-386,0,1179,JobState.COMPLETED,0.3174455463886261,176.5306122448978,176.53061224489795,207953.06122448962
jid_269896,36865.0,195.0,1,1189,-1217,0,1190,JobState.COMPLETED,0.26976412534713745,176.53061224489778,176.53061224489795,209894.89795918346
jid_269943,36888.0,195.0,1,1206,-431,0,1207,JobState.COMPLETED,0.2973563075065613,176.53061224489775,176.53061224489795,212895.9183673467
jid_265066,36548.0,195.0,1,1211,-1200,0,1212,JobState.COMPLETED,0.241252601146698,176.53061224489775,176.53061224489795,213778.5714285712
jid_270344,37134.0,195.0,1,1223,-380,0,1224,JobState.COMPLETED,0.27054929733276367,176.53061224489775,176.53061224489795,215896.93877550995
jid_270167,37026.0,195.0,1,1229,-470,0,1230,JobState.COMPLETED,0.2797270119190216,176.53061224489775,176.53061224489795,216956.12244897935
jid_269795,36809.0,195.0,1,1237,-1189,0,1238,JobState.COMPLETED,0.26151788234710693,176.53061224489772,176.53061224489795,218368.3673469385
jid_264368,36347.0,195.0,1,1246,-410,0,1247,JobState.COMPLETED,0.22064818441867828,176.53061224489772,176.53061224489795,219957.14285714258
jid_264326,36312.0,195.0,1,1252,-496,0,1253,JobState.COMPLETED,0.24461548030376434,176.53061224489772,176.53061224489795,221016.32653061196
jid_264312,1099.0,121.0,1,436,834,834,1271,JobState.COMPLETED,0.460904061794281,176.53061224489807,176.53061224489795,76967.34693877556
jid_264312,1099.0,121.0,1,446,834,834,1281,JobState.COMPLETED,0.460904061794281,176.53061224489807,176.53061224489795,78732.65306122454
jid_264312,1099.0,121.0,1,447,834,834,1282,JobState.COMPLETED,0.460904061794281,176.53061224489807,176.53061224489795,78909.18367346944
jid_270306,37114.0,195.0,1,1282,-1216,0,1283,JobState.COMPLETED,0.2470884472131729,176.5306122448977,176.53061224489795,226312.24489795885
jid_264312,1099.0,121.0,1,463,834,834,1298,JobState.COMPLETED,0.460904061794281,176.53061224489807,176.53061224489795,81733.67346938781
jid_264312,1099.0,121.0,1,467,834,834,1302,JobState.COMPLETED,0.460904061794281,176.53061224489807,176.53061224489795,82439.7959183674
jid_264312,1099.0,121.0,1,469,834,834,1304,JobState.COMPLETED,0.460904061794281,176.53061224489807,176.53061224489795,82792.85714285719
jid_264340,36323.0,195.0,1,1319,-430,0,1320,JobState.COMPLETED,0.22846773266792297,176.53061224489767,176.53061224489795,232843.87755102004
jid_269777,662.0,146.0,5462,40,1280,1280,1321,JobState.COMPLETED,0.006313759367913008,176.53061224489795,176.53061224489795,38568408.1632653
jid_265062,36544.0,195.0,1,1327,-1194,0,1328,JobState.COMPLETED,0.29723450541496277,176.53061224489764,176.53061224489795,234256.12244897918
jid_264312,1099.0,121.0,1,493,834,834,1328,JobState.COMPLETED,0.460904061794281,176.53061224489807,176.53061224489795,87029.59183673475
jid_264312,1099.0,121.0,1,507,834,834,1342,JobState.COMPLETED,0.460904061794281,176.53061224489807,176.53061224489795,89501.02040816331
jid_264312,1099.0,121.0,1,512,834,834,1347,JobState.COMPLETED,0.460904061794281,176.5306122448981,176.53061224489795,90383.67346938782
jid_270352,37141.0,195.0,1,1361,-423,0,1362,JobState.COMPLETED,0.26238399744033813,176.5306122448976,176.53061224489795,240258.16326530566
jid_264276,36288.0,195.0,1,1363,-1196,0,1364,JobState.COMPLETED,0.26545271277427673,176.5306122448976,176.53061224489795,240611.22448979545
jid_264312,1099.0,121.0,1,529,834,834,1364,JobState.COMPLETED,0.460904061794281,176.5306122448981,176.53061224489795,93384.6938775511
jid_265101,794.0,204.0,24,454,909,909,1364,JobState.COMPLETED,0.0906589925289154,176.5306122448978,176.53061224489795,1923477.5510204067
jid_264312,1099.0,121.0,1,530,834,834,1365,JobState.COMPLETED,0.460904061794281,176.5306122448981,176.53061224489795,93561.22448979599
jid_264312,1099.0,121.0,1,532,834,834,1367,JobState.COMPLETED,0.460904061794281,176.5306122448981,176.53061224489795,93914.28571428578
jid_264312,1099.0,121.0,1,532,834,834,1367,JobState.COMPLETED,0.460904061794281,176.5306122448981,176.53061224489795,93914.28571428578
jid_264312,1099.0,121.0,1,532,834,834,1367,JobState.COMPLETED,0.460904061794281,176.5306122448981,176.53061224489795,93914.28571428578
jid_264312,1099.0,121.0,1,534,834,834,1369,JobState.COMPLETED,0.460904061794281,176.5306122448981,176.53061224489795,94267.34693877558
jid_264312,1099.0,121.0,1,536,834,834,1371,JobState.COMPLETED,0.460904061794281,176.5306122448981,176.53061224489795,94620.40816326538
jid_264312,1099.0,121.0,1,540,834,834,1375,JobState.COMPLETED,0.460904061794281,176.5306122448981,176.53061224489795,95326.53061224497
jid_264312,1099.0,121.0,1,540,834,834,1375,JobState.COMPLETED,0.460904061794281,176.5306122448981,176.53061224489795,95326.53061224497
jid_264312,1099.0,121.0,1,544,834,834,1379,JobState.COMPLETED,0.460904061794281,176.5306122448981,176.53061224489795,96032.65306122457
jid_264312,1099.0,121.0,1,546,834,834,1381,JobState.COMPLETED,0.460904061794281,176.5306122448981,176.53061224489795,96385.71428571436
jid_264312,1099.0,121.0,1,553,834,834,1388,JobState.COMPLETED,0.460904061794281,176.5306122448981,176.53061224489795,97621.42857142865
jid_270354,37143.0,195.0,1,1388,-459,0,1389,JobState.COMPLETED,0.22940319776535034,176.5306122448976,176.53061224489795,245024.48979591788
jid_264312,1099.0,121.0,1,555,834,834,1390,JobState.COMPLETED,0.460904061794281,176.5306122448981,176.53061224489795,97974.48979591845
jid_264312,1099.0,121.0,1,557,834,834,1392,JobState.COMPLETED,0.460904061794281,176.5306122448981,176.53061224489795,98327.55102040824
jid_270340,794.0,204.0,24,580,815,815,1396,JobState.COMPLETED,0.07105059921741486,176.53061224489775,176.53061224489795,2457306.1224489766
jid_270121,36997.0,195.0,1,1409,-1198,0,1410,JobState.COMPLETED,0.2528282403945923,176.53061224489758,176.53061224489795,248731.6326530607
jid_270066,794.0,204.0,24,597,815,815,1413,JobState.COMPLETED,0.07105059921741486,176.53061224489775,176.53061224489795,2529330.6122448947
jid_264341,36324.0,195.0,1,1428,-218,0,1429,JobState.COMPLETED,0.2240845263004303,176.53061224489755,176.53061224489795,252085.7142857137
jid_270380,37167.0,195.0,1,1430,-494,0,1431,JobState.COMPLETED,0.2215173989534378,176.53061224489755,176.53061224489795,252438.7755102035
jid_270246,794.0,204.0,24,642,797,797,1440,JobState.COMPLETED,0.07105059921741486,176.5306122448978,176.53061224489795,2719983.6734693856
jid_270217,37065.0,195.0,1,1449,-1209,0,1450,JobState.COMPLETED,0.24875308573246002,176.53061224489755,176.53061224489795,255792.85714285655
jid_264280,36291.0,195.0,1,1451,-1227,0,1452,JobState.COMPLETED,0.2680146396160126,176.53061224489755,176.53061224489795,256145.91836734634
jid_270157,794.0,204.0,24,653,800,800,1454,JobState.COMPLETED,0.07105059921741486,176.53061224489784,176.53061224489795,2766587.755102039
jid_270124,37000.0,195.0,1,1455,-1198,0,1456,JobState.COMPLETED,0.25269943475723267,176.53061224489755,176.53061224489795,256852.04081632593
jid_270263,37082.0,195.0,1,1474,-247,0,1475,JobState.COMPLETED,0.2829342484474182,176.53061224489753,176.53061224489795,260206.12244897895
jid_270034,36946.0,195.0,1,1477,-1198,0,1478,JobState.COMPLETED,0.2617207467556,176.53061224489753,176.53061224489795,260735.71428571365
jid_267670,10.0,9.0,12288,180,1301,1301,1482,JobState.COMPLETED,0.006964114028960466,176.53061224489792,176.53061224489795,390457469.38775504
jid_265092,36562.0,195.0,1,1488,-1199,0,1489,JobState.COMPLETED,0.2335084229707718,176.53061224489753,176.53061224489795,262677.5510204075
jid_270373,37160.0,195.0,1,1498,-433,0,1499,JobState.COMPLETED,0.22532223165035248,176.53061224489753,176.53061224489795,264442.8571428565
jid_264293,36296.0,195.0,1,1500,-1198,0,1501,JobState.COMPLETED,0.24206897616386414,176.5306122448975,176.53061224489795,264795.9183673462
jid_264361,36342.0,195.0,1,1500,-498,0,1501,JobState.COMPLETED,0.21982342004776,176.5306122448975,176.53061224489795,264795.9183673462
jid_270257,794.0,204.0,24,693,807,807,1501,JobState.COMPLETED,0.07105059921741486,176.53061224489787,176.53061224489795,2936057.1428571413
jid_270256,794.0,204.0,24,691,811,811,1503,JobState.COMPLETED,0.07105059921741486,176.53061224489787,176.53061224489795,2927583.673469386
jid_264322,794.0,204.0,24,707,796,796,1504,JobState.COMPLETED,0.07105059921741486,176.53061224489792,176.53061224489795,2995371.4285714277
jid_264300,36301.0,195.0,1,1518,-1190,0,1519,JobState.COMPLETED,0.23111659288406372,176.5306122448975,176.53061224489795,267973.4693877544
jid_264363,36343.0,195.0,1,1557,-432,0,1558,JobState.COMPLETED,0.2237904667854309,176.53061224489747,176.53061224489795,274858.16326530534
jid_270226,37068.0,195.0,1,1573,-1198,0,1574,JobState.COMPLETED,0.24854020774364471,176.53061224489747,176.53061224489795,277682.65306122374
jid_270321,37124.0,195.0,1,1576,-1217,0,1577,JobState.COMPLETED,0.24605175852775574,176.53061224489747,176.53061224489795,278212.2448979584
jid_270356,37145.0,195.0,1,1608,-405,0,1609,JobState.COMPLETED,0.2625315189361572,176.53061224489744,176.53061224489795,283861.2244897951
jid_269927,36883.0,195.0,1,1630,-1196,0,1631,JobState.COMPLETED,0.2505967319011688,176.53061224489744,176.53061224489795,287744.89795918285
jid_270158,37020.0,195.0,1,1639,-1200,0,1640,JobState.COMPLETED,0.24982574582099915,176.53061224489744,176.53061224489795,289333.6734693869
jid_270142,37012.0,195.0,1,1646,-1201,0,1647,JobState.COMPLETED,0.2520923912525177,176.5306122448974,176.53061224489795,290569.38775510114
jid_270387,37170.0,195.0,1,1648,-420,0,1649,JobState.COMPLETED,0.25187432765960693,176.5306122448974,176.53061224489795,290922.44897959096
jid_264370,794.0,204.0,24,825,829,829,1655,JobState.COMPLETED,0.07826494425535202,176.53061224489807,176.53061224489795,3495306.1224489817
jid_267717,36629.0,195.0,1,1661,-1192,0,1662,JobState.COMPLETED,0.2612902522087097,176.5306122448974,176.53061224489795,293217.34693877463
jid_264337,16716.0,121.0,1,475,1214,1214,1690,JobState.COMPLETED,0.4559172987937927,176.53061224489807,176.53061224489795,83852.04081632658
jid_264337,16716.0,121.0,1,481,1214,1214,1696,JobState.COMPLETED,0.4559172987937927,176.53061224489807,176.53061224489795,84911.22448979598
jid_270236,37070.0,195.0,1,1701,-1245,0,1702,JobState.COMPLETED,0.24912866950035095,176.53061224489738,176.53061224489795,300278.57142857043
jid_270376,37163.0,195.0,1,1706,-515,0,1707,JobState.COMPLETED,0.22253179550170898,176.53061224489738,176.53061224489795,301161.2244897949
jid_270358,37147.0,195.0,1,1738,-446,0,1739,JobState.COMPLETED,0.22831019759178162,176.53061224489738,176.53061224489795,306810.2040816317
jid_264377,794.0,204.0,24,856,909,909,1766,JobState.COMPLETED,0.0906589925289154,176.53061224489807,176.53061224489795,3626644.8979591858
jid_264395,36353.0,195.0,1,1774,-421,0,1775,JobState.COMPLETED,0.20572486519813538,176.53061224489736,176.53061224489795,313165.3061224479
jid_270401,37173.0,195.0,1,1774,-388,0,1775,JobState.COMPLETED,0.24060365557670593,176.53061224489736,176.53061224489795,313165.3061224479
jid_270359,37148.0,195.0,1,1776,-1222,0,1777,JobState.COMPLETED,0.21548442542552948,176.53061224489736,176.53061224489795,313518.3673469377
jid_264337,16716.0,121.0,1,595,1214,1214,1810,JobState.COMPLETED,0.4559172987937927,176.53061224489812,176.53061224489795,105035.71428571438
jid_270164,37024.0,195.0,1,1816,-1200,0,1817,JobState.COMPLETED,0.24982574582099915,176.53061224489733,176.53061224489795,320579.59183673357
jid_264337,16716.0,121.0,1,602,1214,1214,1817,JobState.COMPLETED,0.4559172987937927,176.53061224489812,176.53061224489795,106271.42857142867
jid_264378,794.0,204.0,24,987,830,830,1818,JobState.COMPLETED,0.07826494425535202,176.53061224489818,176.53061224489795,4181657.142857148
jid_270283,794.0,204.0,24,991,830,830,1822,JobState.COMPLETED,0.07826494425535202,176.53061224489818,176.53061224489795,4198604.081632659
jid_264337,16716.0,121.0,1,612,1214,1214,1827,JobState.COMPLETED,0.4559172987937927,176.53061224489812,176.53061224489795,108036.73469387765
jid_264337,16716.0,121.0,1,615,1214,1214,1830,JobState.COMPLETED,0.4559172987937927,176.53061224489812,176.53061224489795,108566.32653061235
jid_264337,16716.0,121.0,1,625,1214,1214,1840,JobState.COMPLETED,0.4559172987937927,176.53061224489812,176.53061224489795,110331.63265306133
jid_264399,36357.0,195.0,1,1841,-450,0,1842,JobState.COMPLETED,0.20206676423549652,176.53061224489733,176.53061224489795,324992.857142856
jid_264337,16716.0,121.0,1,632,1214,1214,1847,JobState.COMPLETED,0.4559172987937927,176.53061224489812,176.53061224489795,111567.34693877562
jid_264337,16716.0,121.0,1,636,1214,1214,1851,JobState.COMPLETED,0.4559172987937927,176.53061224489812,176.53061224489795,112273.4693877552
jid_264337,16716.0,121.0,1,637,1214,1214,1852,JobState.COMPLETED,0.4559172987937927,176.53061224489812,176.53061224489795,112450.0000000001
jid_264380,794.0,204.0,24,1037,817,817,1855,JobState.COMPLETED,0.07105059921741486,176.5306122448982,176.53061224489795,4393493.877551027
jid_264337,16716.0,121.0,1,642,1214,1214,1857,JobState.COMPLETED,0.4559172987937927,176.53061224489812,176.53061224489795,113332.6530612246
jid_264337,16716.0,121.0,1,651,1214,1214,1866,JobState.COMPLETED,0.4559172987937927,176.53061224489812,176.53061224489795,114921.42857142868
jid_264337,16716.0,121.0,1,658,1214,1214,1873,JobState.COMPLETED,0.4559172987937927,176.53061224489812,176.53061224489795,116157.14285714297
jid_264337,16716.0,121.0,1,662,1214,1214,1877,JobState.COMPLETED,0.4559172987937927,176.53061224489812,176.53061224489795,116863.26530612256
jid_264337,16716.0,121.0,1,664,1214,1214,1879,JobState.COMPLETED,0.4559172987937927,176.53061224489812,176.53061224489795,117216.32653061235
jid_264337,16716.0,121.0,1,664,1214,1214,1879,JobState.COMPLETED,0.4559172987937927,176.53061224489812,176.53061224489795,117216.32653061235
jid_264337,16716.0,121.0,1,670,1214,1214,1885,JobState.COMPLETED,0.4559172987937927,176.53061224489812,176.53061224489795,118275.51020408174
jid_264337,16716.0,121.0,1,675,1214,1214,1890,JobState.COMPLETED,0.4559172987937927,176.53061224489812,176.53061224489795,119158.16326530623
jid_270300,10.0,9.0,12288,158,1733,1733,1892,JobState.COMPLETED,0.006926441099494696,176.53061224489795,176.53061224489795,342734889.79591835
jid_264337,16716.0,121.0,1,679,1214,1214,1894,JobState.COMPLETED,0.4559172987937927,176.53061224489812,176.53061224489795,119864.28571428583
jid_264329,36315.0,195.0,1,1895,-1207,0,1896,JobState.COMPLETED,0.23111219704151154,176.53061224489733,176.53061224489795,334525.51020408043
jid_264379,794.0,204.0,24,952,944,944,1897,JobState.COMPLETED,0.0906589925289154,176.53061224489818,176.53061224489795,4033371.4285714338
jid_264337,16716.0,121.0,1,685,1214,1214,1900,JobState.COMPLETED,0.4559172987937927,176.53061224489812,176.53061224489795,120923.46938775522
jid_264337,16716.0,121.0,1,686,1214,1214,1901,JobState.COMPLETED,0.4559172987937927,176.53061224489812,176.53061224489795,121100.00000000012
jid_264337,16716.0,121.0,1,686,1214,1214,1901,JobState.COMPLETED,0.4559172987937927,176.53061224489812,176.53061224489795,121100.00000000012
jid_264337,16716.0,121.0,1,687,1214,1214,1902,JobState.COMPLETED,0.4559172987937927,176.53061224489812,176.53061224489795,121276.53061224501
jid_264337,16716.0,121.0,1,687,1214,1214,1902,JobState.COMPLETED,0.4559172987937927,176.53061224489812,176.53061224489795,121276.53061224501
jid_264337,16716.0,121.0,1,687,1214,1214,1902,JobState.COMPLETED,0.4559172987937927,176.53061224489812,176.53061224489795,121276.53061224501
jid_264419,36371.0,195.0,1,1909,-488,0,1910,JobState.COMPLETED,0.20015817880630493,176.5306122448973,176.53061224489795,336996.93877550896
jid_264337,16716.0,121.0,1,696,1214,1214,1911,JobState.COMPLETED,0.4559172987937927,176.53061224489815,176.53061224489795,122865.30612244911
jid_270269,37088.0,195.0,1,1912,-1211,0,1913,JobState.COMPLETED,0.2431083470582962,176.5306122448973,176.53061224489795,337526.53061224363
jid_264270,10.0,9.0,12288,181,1731,1731,1913,JobState.COMPLETED,0.006926441099494696,176.53061224489792,176.53061224489795,392626677.5510203
jid_270361,37150.0,195.0,1,1913,-1222,0,1914,JobState.COMPLETED,0.21511800587177277,176.5306122448973,176.53061224489795,337703.06122448854
jid_264402,794.0,204.0,24,961,962,962,1924,JobState.COMPLETED,0.05055578052997589,176.53061224489818,176.53061224489795,4071502.0408163317
jid_264357,794.0,204.0,24,1010,939,939,1950,JobState.COMPLETED,0.0906589925289154,176.5306122448982,176.53061224489795,4279102.040816332
jid_270275,37094.0,195.0,1,1955,-1195,0,1956,JobState.COMPLETED,0.24248318374156952,176.5306122448973,176.53061224489795,345117.3469387742
jid_264425,36377.0,195.0,1,1958,-492,0,1959,JobState.COMPLETED,0.19768452644348145,176.5306122448973,176.53061224489795,345646.9387755089
jid_264434,36384.0,195.0,1,1994,-467,0,1995,JobState.COMPLETED,0.19634555280208588,176.53061224489727,176.53061224489795,352002.04081632517
jid_270176,37033.0,195.0,1,1995,-1237,0,1996,JobState.COMPLETED,0.2529086768627167,176.53061224489727,176.53061224489795,352178.5714285701
jid_270363,37152.0,195.0,1,2000,-1195,0,2001,JobState.COMPLETED,0.21450021862983704,176.53061224489727,176.53061224489795,353061.2244897945
jid_264430,794.0,204.0,24,1044,963,963,2008,JobState.COMPLETED,0.05055578052997589,176.5306122448982,176.53061224489795,4423151.020408169
jid_264433,794.0,204.0,24,1045,972,972,2018,JobState.COMPLETED,0.05055578052997589,176.5306122448982,176.53061224489795,4427387.755102048
jid_264438,36388.0,195.0,1,2032,-500,0,2033,JobState.COMPLETED,0.19391870498657227,176.53061224489727,176.53061224489795,358710.20408163127
jid_264442,794.0,204.0,24,1067,971,971,2039,JobState.COMPLETED,0.05055578052997589,176.53061224489826,176.53061224489795,4520595.918367354
jid_270266,37085.0,195.0,1,2072,-1218,0,2073,JobState.COMPLETED,0.24414923787117004,176.53061224489724,176.53061224489795,365771.42857142707
jid_264450,794.0,204.0,24,1195,957,957,2153,JobState.COMPLETED,0.05055578052997589,176.53061224489832,176.53061224489795,5062897.959183684
jid_264455,794.0,204.0,24,1265,954,954,2220,JobState.COMPLETED,0.05055578052997589,176.53061224489826,176.53061224489795,5359469.387755111
jid_264497,794.0,204.0,24,1318,973,973,2292,JobState.COMPLETED,0.05055578052997589,176.5306122448982,176.53061224489795,5584016.32653062
jid_264534,794.0,204.0,24,1296,1012,1012,2309,JobState.COMPLETED,0.043742310255765915,176.5306122448982,176.53061224489795,5490808.163265314
jid_264531,794.0,204.0,24,1335,993,993,2329,JobState.COMPLETED,0.05055578052997589,176.53061224489818,176.53061224489795,5656040.816326538
jid_264381,307.0,9.0,12,4,2332,2332,2337,JobState.COMPLETED,0.43998971581459045,176.53061224489795,176.53061224489795,8473.469387755102
jid_264542,307.0,9.0,192,7,2360,2360,2368,JobState.COMPLETED,0.09579441696405411,176.53061224489795,176.53061224489795,237257.14285714287
jid_264394,14771.0,58.0,12,322,2063,2063,2386,JobState.COMPLETED,0.2138925939798355,176.53061224489784,176.53061224489795,682114.2857142852
jid_264574,307.0,9.0,384,25,2364,2364,2390,JobState.COMPLETED,0.07181107252836227,176.53061224489795,176.53061224489795,1694693.8775510206
jid_264385,307.0,9.0,3072,18,2376,2376,2395,JobState.COMPLETED,0.020175296813249588,176.53061224489795,176.53061224489795,9761436.734693877
jid_264552,794.0,204.0,24,1399,997,997,2397,JobState.COMPLETED,0.05055578052997589,176.5306122448981,176.53061224489795,5927191.836734698
jid_264512,36409.0,195.0,1,2397,-512,0,2398,JobState.COMPLETED,0.17522691190242767,176.53061224489713,176.53061224489795,423143.87755101844
jid_264389,307.0,9.0,6144,21,2380,2380,2402,JobState.COMPLETED,0.013919341377913952,176.53061224489795,176.53061224489795,22776685.714285713
jid_270175,10.0,9.0,12288,196,2212,2212,2409,JobState.COMPLETED,0.006843790411949158,176.53061224489792,176.53061224489795,425164799.9999999
jid_264560,794.0,204.0,24,1404,1005,1005,2410,JobState.COMPLETED,0.05055578052997589,176.5306122448981,176.53061224489795,5948375.510204086
jid_264515,36412.0,195.0,1,2414,-496,0,2415,JobState.COMPLETED,0.17312021553516388,176.53061224489713,176.53061224489795,426144.8979591817
jid_270393,307.0,9.0,768,18,2418,2418,2437,JobState.COMPLETED,0.052732985466718674,176.53061224489795,176.53061224489795,2440359.1836734693
jid_264579,307.0,9.0,96,43,2405,2405,2449,JobState.COMPLETED,0.12947504222393036,176.53061224489795,176.53061224489795,728718.3673469387
jid_264572,307.0,9.0,48,55,2402,2402,2458,JobState.COMPLETED,0.18042874336242676,176.53061224489795,176.53061224489795,466040.81632653065
jid_264590,794.0,204.0,24,1442,1021,1021,2464,JobState.COMPLETED,0.043742310255765915,176.53061224489804,176.53061224489795,6109371.428571431
jid_264550,36424.0,195.0,1,2516,-446,0,2517,JobState.COMPLETED,0.17165277898311615,176.5306122448971,176.53061224489795,444151.0204081611
jid_264551,36425.0,195.0,1,2524,-474,0,2525,JobState.COMPLETED,0.17172756791114807,176.5306122448971,176.53061224489795,445563.2653061203
jid_264569,794.0,204.0,24,1552,982,982,2535,JobState.COMPLETED,0.05055578052997589,176.53061224489795,176.53061224489795,6575412.244897958
jid_264555,36427.0,195.0,1,2538,-519,0,2539,JobState.COMPLETED,0.17149731516838074,176.5306122448971,176.53061224489795,448034.69387754885
jid_264557,36429.0,195.0,1,2561,-487,0,2562,JobState.COMPLETED,0.17132674157619476,176.5306122448971,176.53061224489795,452094.89795918146
jid_264423,36375.0,195.0,1,2565,-1243,0,2566,JobState.COMPLETED,0.18163082003593445,176.5306122448971,176.53061224489795,452801.02040816104
jid_264473,307.0,9.0,3072,140,2426,2426,2567,JobState.COMPLETED,0.015287524089217186,176.53061224489795,176.53061224489795,75922285.71428572
jid_264610,794.0,204.0,24,1568,1003,1003,2572,JobState.COMPLETED,0.05055578052997589,176.53061224489792,176.53061224489795,6643199.999999998
jid_264558,36430.0,195.0,1,2584,-516,0,2585,JobState.COMPLETED,0.17079980671405792,176.5306122448971,176.53061224489795,456155.1020408141
jid_264627,794.0,204.0,24,1586,1020,1020,2607,JobState.COMPLETED,0.043742310255765915,176.53061224489792,176.53061224489795,6719461.224489795
jid_264576,36433.0,195.0,1,2609,-487,0,2610,JobState.COMPLETED,0.17053668200969696,176.5306122448971,176.53061224489795,460568.36734693655
jid_264622,794.0,204.0,24,1596,1019,1019,2616,JobState.COMPLETED,0.043742310255765915,176.53061224489792,176.53061224489795,6761828.571428571
jid_264431,36382.0,195.0,1,2616,-1201,0,2617,JobState.COMPLETED,0.18175552785396576,176.53061224489707,176.53061224489795,461804.08163265075
jid_264581,36435.0,195.0,1,2645,-511,0,2646,JobState.COMPLETED,0.17003308236598969,176.53061224489707,176.53061224489795,466923.46938775276
jid_264589,794.0,204.0,24,1768,942,942,2711,JobState.COMPLETED,0.0906589925289154,176.53061224489775,176.53061224489795,7490546.938775502
jid_264653,794.0,204.0,24,1715,1002,1002,2718,JobState.COMPLETED,0.05055578052997589,176.5306122448978,176.53061224489795,7265999.999999994
jid_264658,794.0,204.0,24,1723,1006,1006,2730,JobState.COMPLETED,0.05055578052997589,176.5306122448978,176.53061224489795,7299893.877551015
jid_264602,794.0,204.0,24,1772,977,977,2750,JobState.COMPLETED,0.05055578052997589,176.53061224489775,176.53061224489795,7507493.877551012
jid_264613,794.0,204.0,24,1879,964,964,2844,JobState.COMPLETED,0.05055578052997589,176.5306122448977,176.53061224489795,7960824.4897959065
jid_264673,794.0,204.0,24,1840,1011,1011,2852,JobState.COMPLETED,0.043742310255765915,176.53061224489772,176.53061224489795,7795591.836734684
jid_264631,794.0,204.0,24,1894,974,974,2869,JobState.COMPLETED,0.05055578052997589,176.5306122448977,176.53061224489795,8024375.510204069
jid_264636,36449.0,195.0,1,2886,-475,0,2887,JobState.COMPLETED,0.16688747704029083,176.53061224489701,176.53061224489795,509467.34693877277
jid_264640,794.0,204.0,24,1912,976,976,2889,JobState.COMPLETED,0.05055578052997589,176.53061224489764,176.53061224489795,8100636.7346938625
jid_264649,36451.0,195.0,1,2893,-402,0,2894,JobState.COMPLETED,0.16674350202083588,176.53061224489701,176.53061224489795,510703.0612244871
jid_264664,36454.0,195.0,1,2932,-448,0,2933,JobState.COMPLETED,0.16211020946502686,176.53061224489701,176.53061224489795,517587.75510203803
jid_264685,794.0,204.0,24,1959,990,990,2950,JobState.COMPLETED,0.05055578052997589,176.53061224489764,176.53061224489795,8299763.265306107
jid_264669,36456.0,195.0,1,3001,-404,0,3002,JobState.COMPLETED,0.16183778643608093,176.53061224489701,176.53061224489795,529768.3673469359
jid_264707,36464.0,195.0,1,3153,-414,0,3154,JobState.COMPLETED,0.15639539062976837,176.530612244897,176.53061224489795,556601.0204081602
jid_264706,794.0,204.0,24,2199,979,979,3179,JobState.COMPLETED,0.05055578052997589,176.5306122448975,176.53061224489795,9316579.59183671
jid_264748,794.0,204.0,24,2254,1008,1008,3263,JobState.COMPLETED,0.05055578052997589,176.5306122448975,176.53061224489795,9549599.999999974
jid_264718,36466.0,195.0,1,3265,-517,0,3266,JobState.COMPLETED,0.15294675529003143,176.53061224489696,176.53061224489795,576372.4489795886
jid_264732,36470.0,195.0,1,3311,-486,0,3312,JobState.COMPLETED,0.15372903645038605,176.53061224489696,176.53061224489795,584492.8571428538
jid_264588,794.0,204.0,24,1435,1948,1948,3384,JobState.COMPLETED,0.04450909048318863,176.53061224489807,176.53061224489795,6079714.285714289
jid_264777,36477.0,195.0,1,3392,-414,0,3393,JobState.COMPLETED,0.1494211107492447,176.53061224489696,176.53061224489795,598791.8367346905
jid_264772,794.0,204.0,24,2377,1015,1015,3393,JobState.COMPLETED,0.043742310255765915,176.5306122448974,176.53061224489795,10070718.367346907
jid_264703,794.0,204.0,24,1247,2166,2166,3414,JobState.COMPLETED,0.046785518527030945,176.5306122448983,176.53061224489795,5283208.163265316
jid_264795,794.0,204.0,24,2396,1025,1025,3422,JobState.COMPLETED,0.043742310255765915,176.5306122448974,176.53061224489795,10151216.326530581
jid_264666,794.0,204.0,24,1488,2001,2001,3490,JobState.COMPLETED,0.04397019371390343,176.53061224489798,176.53061224489795,6304261.224489797
jid_264801,794.0,204.0,24,1133,2383,2383,3517,JobState.COMPLETED,0.04590805619955063,176.5306122448983,176.53061224489795,4800220.408163274
jid_264657,794.0,204.0,24,1538,1983,1983,3522,JobState.COMPLETED,0.04397019371390343,176.53061224489795,176.53061224489795,6516097.959183674
jid_264659,794.0,204.0,24,1556,1970,1970,3527,JobState.COMPLETED,0.04397019371390343,176.53061224489795,176.53061224489795,6592359.183673469
jid_264826,794.0,204.0,24,2517,1021,1021,3539,JobState.COMPLETED,0.043742310255765915,176.53061224489747,176.53061224489795,10663861.224489767
jid_264680,794.0,204.0,24,1660,1992,1992,3653,JobState.COMPLETED,0.04397019371390343,176.53061224489784,176.53061224489795,7032979.59183673
jid_264699,794.0,204.0,24,1697,2007,2007,3705,JobState.COMPLETED,0.04397019371390343,176.5306122448978,176.53061224489795,7189738.775510198
jid_264721,794.0,204.0,24,1570,2141,2141,3712,JobState.COMPLETED,0.04293446242809296,176.53061224489792,176.53061224489795,6651673.469387755
jid_264754,794.0,204.0,24,1574,2169,2169,3744,JobState.COMPLETED,0.046785518527030945,176.53061224489792,176.53061224489795,6668620.408163264
jid_264747,794.0,204.0,24,1595,2151,2151,3747,JobState.COMPLETED,0.046785518527030945,176.53061224489792,176.53061224489795,6757591.836734693
jid_264677,794.0,204.0,24,1813,1936,1936,3750,JobState.COMPLETED,0.04450909048318863,176.53061224489772,176.53061224489795,7681199.999999991
jid_264776,794.0,204.0,24,1573,2186,2186,3760,JobState.COMPLETED,0.046785518527030945,176.53061224489792,176.53061224489795,6664383.673469387
jid_264814,794.0,204.0,24,1570,2213,2213,3784,JobState.COMPLETED,0.0456647165119648,176.53061224489792,176.53061224489795,6651673.469387755
jid_264764,794.0,204.0,24,1643,2159,2159,3803,JobState.COMPLETED,0.046785518527030945,176.53061224489784,176.53061224489795,6960955.102040812
jid_264816,794.0,204.0,24,1617,2193,2193,3811,JobState.COMPLETED,0.046785518527030945,176.53061224489787,176.53061224489795,6850799.999999996
jid_264704,794.0,204.0,24,1857,1976,1976,3834,JobState.COMPLETED,0.04397019371390343,176.5306122448977,176.53061224489795,7867616.326530601
jid_264709,794.0,204.0,24,1966,1927,1927,3894,JobState.COMPLETED,0.04450909048318863,176.53061224489764,176.53061224489795,8329420.40816325
jid_264716,794.0,204.0,24,2002,1929,1929,3932,JobState.COMPLETED,0.04450909048318863,176.5306122448976,176.53061224489795,8481942.857142841
jid_264724,794.0,204.0,24,1994,1964,1964,3959,JobState.COMPLETED,0.04450909048318863,176.5306122448976,176.53061224489795,8448048.97959182
jid_264737,794.0,204.0,24,2005,1985,1985,3991,JobState.COMPLETED,0.04397019371390343,176.5306122448976,176.53061224489795,8494653.061224474
jid_264866,794.0,204.0,24,1800,2203,2203,4004,JobState.COMPLETED,0.046785518527030945,176.53061224489772,176.53061224489795,7626122.448979583
jid_264734,794.0,204.0,24,2083,1958,1958,4042,JobState.COMPLETED,0.04450909048318863,176.53061224489758,176.53061224489795,8825118.36734692
jid_264918,794.0,204.0,24,1616,2427,2427,4044,JobState.COMPLETED,0.04754534363746643,176.53061224489787,176.53061224489795,6846563.265306119
jid_264942,794.0,204.0,24,1701,2417,2417,4119,JobState.COMPLETED,0.04754534363746643,176.5306122448978,176.53061224489795,7206685.714285709
jid_264860,794.0,204.0,24,2012,2151,2151,4164,JobState.COMPLETED,0.046785518527030945,176.5306122448976,176.53061224489795,8524310.204081615
jid_264861,794.0,204.0,24,2017,2154,2154,4172,JobState.COMPLETED,0.046785518527030945,176.5306122448976,176.53061224489795,8545493.877551004
jid_264763,794.0,204.0,24,2273,1929,1929,4203,JobState.COMPLETED,0.04450909048318863,176.53061224489747,176.53061224489795,9630097.959183648
jid_264774,794.0,204.0,24,2233,1981,1981,4215,JobState.COMPLETED,0.04397019371390343,176.5306122448975,176.53061224489795,9460628.571428547
jid_264804,794.0,204.0,24,2198,2029,2029,4228,JobState.COMPLETED,0.04333300143480301,176.5306122448975,176.53061224489795,9312342.857142832
jid_264897,794.0,204.0,24,2022,2210,2210,4233,JobState.COMPLETED,0.0456647165119648,176.5306122448976,176.53061224489795,8566677.551020391
jid_264838,794.0,204.0,24,2197,2039,2039,4237,JobState.COMPLETED,0.04333300143480301,176.5306122448975,176.53061224489795,9308106.122448955
jid_264920,794.0,204.0,24,2059,2226,2226,4286,JobState.COMPLETED,0.0456647165119648,176.53061224489758,176.53061224489795,8723436.734693859
jid_264858,794.0,204.0,24,2188,2128,2128,4317,JobState.COMPLETED,0.04293446242809296,176.5306122448975,176.53061224489795,9269975.510204056
jid_264864,794.0,204.0,24,2195,2132,2132,4328,JobState.COMPLETED,0.04293446242809296,176.5306122448975,176.53061224489795,9299632.6530612
jid_264812,794.0,204.0,24,2405,1944,1944,4350,JobState.COMPLETED,0.04450909048318863,176.5306122448974,176.53061224489795,10189346.93877548
jid_264863,794.0,204.0,24,2257,2102,2102,4360,JobState.COMPLETED,0.04293446242809296,176.5306122448975,176.53061224489795,9562310.204081606
jid_264859,794.0,204.0,24,2280,2103,2103,4384,JobState.COMPLETED,0.04293446242809296,176.53061224489747,176.53061224489795,9659755.10204079
jid_264898,36500.0,195.0,1,4572,-1265,0,4573,JobState.COMPLETED,0.13535667955875397,176.53061224489682,176.53061224489795,807097.9591836683
jid_264901,794.0,204.0,24,1200,3411,3411,4612,JobState.COMPLETED,0.05120702087879181,176.53061224489832,176.53061224489795,5084081.632653072
jid_265011,36517.0,195.0,1,4681,-390,0,4682,JobState.COMPLETED,0.20780029892921448,176.53061224489682,176.53061224489795,826339.795918362
jid_264874,981.0,121.0,1,70,4623,4623,4694,JobState.COMPLETED,0.43904292583465576,176.53061224489795,176.53061224489795,12357.142857142857
jid_264874,981.0,121.0,1,81,4623,4623,4705,JobState.COMPLETED,0.43904292583465576,176.53061224489795,176.53061224489795,14298.979591836734
jid_264874,981.0,121.0,1,88,4623,4623,4712,JobState.COMPLETED,0.43904292583465576,176.53061224489795,176.53061224489795,15534.69387755102
jid_264874,981.0,121.0,1,92,4623,4623,4716,JobState.COMPLETED,0.43904292583465576,176.53061224489792,176.53061224489795,16240.816326530608
jid_264874,981.0,121.0,1,93,4623,4623,4717,JobState.COMPLETED,0.43904292583465576,176.53061224489792,176.53061224489795,16417.346938775507
jid_264874,981.0,121.0,1,105,4623,4623,4729,JobState.COMPLETED,0.43904292583465576,176.53061224489792,176.53061224489795,18535.714285714283
jid_264940,794.0,204.0,24,1235,3498,3498,4734,JobState.COMPLETED,0.051601801067590714,176.53061224489832,176.53061224489795,5232367.346938786
jid_264874,981.0,121.0,1,114,4623,4623,4738,JobState.COMPLETED,0.43904292583465576,176.53061224489792,176.53061224489795,20124.48979591836
jid_264874,981.0,121.0,1,116,4623,4623,4740,JobState.COMPLETED,0.43904292583465576,176.53061224489792,176.53061224489795,20477.55102040816
jid_264874,981.0,121.0,1,117,4623,4623,4741,JobState.COMPLETED,0.43904292583465576,176.53061224489792,176.53061224489795,20654.08163265306
jid_264874,981.0,121.0,1,119,4623,4623,4743,JobState.COMPLETED,0.43904292583465576,176.53061224489792,176.53061224489795,21007.14285714285
jid_264874,981.0,121.0,1,123,4623,4623,4747,JobState.COMPLETED,0.43904292583465576,176.5306122448979,176.53061224489795,21713.26530612244
jid_264874,981.0,121.0,1,133,4623,4623,4757,JobState.COMPLETED,0.43904292583465576,176.5306122448979,176.53061224489795,23478.57142857142
jid_264874,981.0,121.0,1,136,4623,4623,4760,JobState.COMPLETED,0.43904292583465576,176.5306122448979,176.53061224489795,24008.163265306113
jid_264932,794.0,204.0,24,1316,3452,3452,4769,JobState.COMPLETED,0.05120702087879181,176.5306122448982,176.53061224489795,5575542.857142865
jid_264966,794.0,204.0,24,1243,3536,3536,4780,JobState.COMPLETED,0.053557634353637695,176.5306122448983,176.53061224489795,5266261.224489806
jid_264874,981.0,121.0,1,162,4623,4623,4786,JobState.COMPLETED,0.43904292583465576,176.5306122448979,176.53061224489795,28597.959183673458
jid_264874,981.0,121.0,1,162,4623,4623,4786,JobState.COMPLETED,0.43904292583465576,176.5306122448979,176.53061224489795,28597.959183673458
jid_264874,981.0,121.0,1,171,4623,4623,4795,JobState.COMPLETED,0.43904292583465576,176.5306122448979,176.53061224489795,30186.73469387754
jid_264938,794.0,204.0,24,1392,3404,3404,4797,JobState.COMPLETED,0.05049112066626549,176.5306122448981,176.53061224489795,5897534.693877555
jid_264874,981.0,121.0,1,176,4623,4623,4800,JobState.COMPLETED,0.43904292583465576,176.5306122448979,176.53061224489795,31069.38775510203
jid_264874,981.0,121.0,1,180,4623,4623,4804,JobState.COMPLETED,0.43904292583465576,176.5306122448979,176.53061224489795,31775.51020408162
jid_264874,981.0,121.0,1,182,4623,4623,4806,JobState.COMPLETED,0.43904292583465576,176.5306122448979,176.53061224489795,32128.571428571417
jid_264874,981.0,121.0,1,183,4623,4623,4807,JobState.COMPLETED,0.43904292583465576,176.5306122448979,176.53061224489795,32305.102040816313
jid_264946,794.0,204.0,24,1462,3358,3358,4821,JobState.COMPLETED,0.05049112066626549,176.53061224489804,176.53061224489795,6194106.122448983
jid_264874,981.0,121.0,1,197,4623,4623,4821,JobState.COMPLETED,0.43904292583465576,176.5306122448979,176.53061224489795,34776.53061224488
jid_264950,794.0,204.0,24,1530,3318,3318,4849,JobState.COMPLETED,0.049360282719135284,176.53061224489795,176.53061224489795,6482204.081632652
jid_264874,981.0,121.0,1,225,4623,4623,4849,JobState.COMPLETED,0.43904292583465576,176.53061224489787,176.53061224489795,39719.38775510202
jid_264947,794.0,204.0,24,1497,3353,3353,4851,JobState.COMPLETED,0.05049112066626549,176.53061224489798,176.53061224489795,6342391.8367346935
jid_264951,794.0,204.0,24,1509,3348,3348,4858,JobState.COMPLETED,0.049360282719135284,176.53061224489798,176.53061224489795,6393232.653061226
jid_264874,981.0,121.0,1,238,4623,4623,4862,JobState.COMPLETED,0.43904292583465576,176.53061224489787,176.53061224489795,42014.285714285696
jid_264874,981.0,121.0,1,240,4623,4623,4864,JobState.COMPLETED,0.43904292583465576,176.5306122448979,176.53061224489795,42367.346938775496
jid_265013,794.0,204.0,24,1310,3592,3592,4903,JobState.COMPLETED,0.06779062747955322,176.5306122448982,176.53061224489795,5550122.448979599
jid_264921,36509.0,195.0,1,4905,-1271,0,4906,JobState.COMPLETED,0.13551145792007446,176.5306122448968,176.53061224489795,865882.6530612188
jid_270418,794.0,204.0,24,1317,3603,3603,4921,JobState.COMPLETED,0.06779062747955322,176.5306122448982,176.53061224489795,5579779.591836743
jid_270434,794.0,204.0,24,1217,3719,3719,4937,JobState.COMPLETED,0.04981603845953941,176.53061224489832,176.53061224489795,5156106.12244899
jid_265111,36569.0,195.0,1,5064,-449,0,5065,JobState.COMPLETED,0.14859110116958618,176.5306122448968,176.53061224489795,893951.0204081574
jid_264994,794.0,204.0,24,1676,3392,3392,5069,JobState.COMPLETED,0.05049112066626549,176.53061224489784,176.53061224489795,7100767.34693877
jid_265905,36586.0,31.0,100,1402,3679,3679,5082,JobState.COMPLETED,0.024319611489772797,176.5306122448979,176.53061224489795,24749591.836734682
jid_265905,36586.0,31.0,100,1407,3679,3679,5087,JobState.COMPLETED,0.024319611489772797,176.5306122448979,176.53061224489795,24837857.142857134
jid_265905,36586.0,31.0,100,1408,3679,3679,5088,JobState.COMPLETED,0.024319611489772797,176.5306122448979,176.53061224489795,24855510.204081625
jid_270446,794.0,204.0,24,1418,3674,3674,5093,JobState.COMPLETED,0.0490223690867424,176.53061224489807,176.53061224489795,6007689.7959183715
jid_265905,36586.0,31.0,100,1413,3679,3679,5093,JobState.COMPLETED,0.024319611489772797,176.5306122448979,176.53061224489795,24943775.51020407
jid_265905,36586.0,31.0,100,1416,3679,3679,5096,JobState.COMPLETED,0.024319611489772797,176.5306122448979,176.53061224489795,24996734.69387754
jid_265905,36586.0,31.0,100,1417,3679,3679,5097,JobState.COMPLETED,0.024319611489772797,176.5306122448979,176.53061224489795,25014387.75510203
jid_265905,36586.0,31.0,100,1417,3679,3679,5097,JobState.COMPLETED,0.024319611489772797,176.5306122448979,176.53061224489795,25014387.75510203
jid_265905,36586.0,31.0,100,1418,3679,3679,5098,JobState.COMPLETED,0.024319611489772797,176.5306122448979,176.53061224489795,25032040.81632652
jid_265905,36586.0,31.0,100,1420,3679,3679,5100,JobState.COMPLETED,0.024319611489772797,176.53061224489792,176.53061224489795,25067346.938775506
jid_265905,36586.0,31.0,100,1422,3679,3679,5102,JobState.COMPLETED,0.024319611489772797,176.53061224489792,176.53061224489795,25102653.061224487
jid_265905,36586.0,31.0,100,1423,3679,3679,5103,JobState.COMPLETED,0.024319611489772797,176.53061224489792,176.53061224489795,25120306.122448973
jid_265905,36586.0,31.0,100,1423,3679,3679,5103,JobState.COMPLETED,0.024319611489772797,176.53061224489792,176.53061224489795,25120306.122448973
jid_265905,36586.0,31.0,100,1424,3679,3679,5104,JobState.COMPLETED,0.024319611489772797,176.53061224489792,176.53061224489795,25137959.183673464
jid_265110,794.0,204.0,24,1400,3721,3721,5122,JobState.COMPLETED,0.04981603845953941,176.5306122448981,176.53061224489795,5931428.5714285765
jid_265905,36586.0,31.0,100,1449,3679,3679,5129,JobState.COMPLETED,0.024319611489772797,176.53061224489792,176.53061224489795,25579285.71428571
jid_270406,794.0,204.0,24,1645,3485,3485,5131,JobState.COMPLETED,0.051601801067590714,176.53061224489784,176.53061224489795,6969428.571428566
jid_265905,36586.0,31.0,100,1452,3679,3679,5132,JobState.COMPLETED,0.024319611489772797,176.53061224489795,176.53061224489795,25632244.897959184
jid_265002,794.0,204.0,24,1717,3435,3435,5153,JobState.COMPLETED,0.05120702087879181,176.5306122448978,176.53061224489795,7274473.469387749
jid_265009,794.0,204.0,24,1857,3322,3322,5180,JobState.COMPLETED,0.049360282719135284,176.5306122448977,176.53061224489795,7867616.326530601
jid_270452,794.0,204.0,24,1425,3758,3758,5184,JobState.COMPLETED,0.04981603845953941,176.53061224489807,176.53061224489795,6037346.938775513
jid_265905,36586.0,31.0,100,1512,3679,3679,5192,JobState.COMPLETED,0.024319611489772797,176.530612244898,176.53061224489795,26691428.57142858
jid_265905,36586.0,31.0,100,1514,3679,3679,5194,JobState.COMPLETED,0.024319611489772797,176.530612244898,176.53061224489795,26726734.693877555
jid_265905,36586.0,31.0,100,1520,3679,3679,5200,JobState.COMPLETED,0.024319611489772797,176.530612244898,176.53061224489795,26832653.061224498
jid_265117,794.0,204.0,24,1496,3709,3709,5206,JobState.COMPLETED,0.04981603845953941,176.53061224489798,176.53061224489795,6338155.102040818
jid_265905,36586.0,31.0,100,1536,3679,3679,5216,JobState.COMPLETED,0.024319611489772797,176.53061224489804,176.53061224489795,27115102.040816337
jid_270456,794.0,204.0,24,1397,3860,3860,5258,JobState.COMPLETED,0.04952042177319527,176.5306122448981,176.53061224489795,5918718.367346943
jid_265121,794.0,204.0,24,1541,3742,3742,5284,JobState.COMPLETED,0.04981603845953941,176.53061224489795,176.53061224489795,6528808.1632653065
jid_270419,794.0,204.0,24,1859,3426,3426,5286,JobState.COMPLETED,0.05120702087879181,176.5306122448977,176.53061224489795,7876089.795918355
jid_265119,794.0,204.0,24,1623,3664,3664,5288,JobState.COMPLETED,0.0490223690867424,176.53061224489787,176.53061224489795,6876220.408163262
jid_265134,36572.0,195.0,1,5338,-383,0,5339,JobState.COMPLETED,0.16144812107086182,176.5306122448968,176.53061224489795,942320.408163259
jid_270458,794.0,204.0,24,1721,3638,3638,5360,JobState.COMPLETED,0.06779062747955322,176.5306122448978,176.53061224489795,7291420.408163259
jid_270464,794.0,204.0,24,1549,3820,3820,5370,JobState.COMPLETED,0.04969475790858269,176.53061224489795,176.53061224489795,6562702.040816326
jid_270468,794.0,204.0,24,1431,3940,3940,5372,JobState.COMPLETED,0.04945788532495499,176.53061224489807,176.53061224489795,6062767.34693878
jid_270477,794.0,204.0,24,1562,3818,3818,5381,JobState.COMPLETED,0.04969475790858269,176.53061224489792,176.53061224489795,6617779.591836733
jid_265132,794.0,204.0,24,1573,3827,3827,5401,JobState.COMPLETED,0.04969475790858269,176.53061224489792,176.53061224489795,6664383.673469387
jid_265131,794.0,204.0,24,1532,3882,3882,5415,JobState.COMPLETED,0.04952042177319527,176.53061224489795,176.53061224489795,6490677.551020408
jid_270474,794.0,204.0,24,1707,3713,3713,5421,JobState.COMPLETED,0.04981603845953941,176.5306122448978,176.53061224489795,7232106.122448973
jid_270459,794.0,204.0,24,1829,3595,3595,5425,JobState.COMPLETED,0.06779062747955322,176.53061224489772,176.53061224489795,7748987.755102031
jid_265128,794.0,204.0,24,1805,3645,3645,5451,JobState.COMPLETED,0.06779062747955322,176.53061224489772,176.53061224489795,7647306.12244897
jid_265139,794.0,204.0,24,1552,3904,3904,5457,JobState.COMPLETED,0.04945788532495499,176.53061224489795,176.53061224489795,6575412.244897958
jid_265144,36573.0,195.0,1,5474,-379,0,5475,JobState.COMPLETED,0.16026747226715088,176.53061224489676,176.53061224489795,966328.5714285648
jid_265143,794.0,204.0,24,1816,3691,3691,5508,JobState.COMPLETED,0.0490223690867424,176.53061224489772,176.53061224489795,7693910.204081623
jid_265165,794.0,204.0,24,1589,3930,3930,5520,JobState.COMPLETED,0.04945788532495499,176.53061224489792,176.53061224489795,6732171.428571427
jid_265146,794.0,204.0,24,1832,3695,3695,5528,JobState.COMPLETED,0.0490223690867424,176.53061224489772,176.53061224489795,7761697.959183663
jid_265156,794.0,204.0,24,1847,3706,3706,5554,JobState.COMPLETED,0.0490223690867424,176.53061224489772,176.53061224489795,7825248.979591826
jid_265157,794.0,204.0,24,1745,3816,3816,5562,JobState.COMPLETED,0.04969475790858269,176.53061224489775,176.53061224489795,7393102.040816318
jid_270506,794.0,204.0,24,1705,3893,3893,5599,JobState.COMPLETED,0.04945788532495499,176.5306122448978,176.53061224489795,7223632.653061219
jid_270499,794.0,204.0,24,2069,3579,3579,5649,JobState.COMPLETED,0.053557634353637695,176.53061224489758,176.53061224489795,8765804.081632635
jid_270511,794.0,204.0,24,1860,3803,3803,5664,JobState.COMPLETED,0.04969475790858269,176.5306122448977,176.53061224489795,7880326.530612233
jid_270534,794.0,204.0,24,1830,3930,3930,5761,JobState.COMPLETED,0.04945788532495499,176.53061224489772,176.53061224489795,7753224.489795908
jid_265194,36575.0,195.0,1,5946,-419,0,5947,JobState.COMPLETED,0.15481309592723846,176.53061224489673,176.53061224489795,1049651.0204081559
jid_265181,794.0,204.0,24,1297,5034,5034,6332,JobState.COMPLETED,0.05189342796802521,176.5306122448982,176.53061224489795,5495044.897959191
jid_265199,794.0,204.0,24,1221,5117,5117,6339,JobState.COMPLETED,0.05119653046131134,176.53061224489832,176.53061224489795,5173053.061224501
jid_270518,794.0,204.0,24,1596,4745,4745,6342,JobState.COMPLETED,0.050853077322244644,176.53061224489792,176.53061224489795,6761828.571428571
jid_265189,794.0,204.0,24,1610,4763,4763,6374,JobState.COMPLETED,0.050853077322244644,176.53061224489787,176.53061224489795,6821142.857142854
jid_270525,794.0,204.0,24,1561,4819,4819,6381,JobState.COMPLETED,0.05244026333093643,176.53061224489792,176.53061224489795,6613542.857142856
jid_265213,794.0,204.0,24,1129,5268,5268,6398,JobState.COMPLETED,0.04868884012103081,176.5306122448983,176.53061224489795,4783273.469387764
jid_265190,794.0,204.0,24,1712,4718,4718,6431,JobState.COMPLETED,0.05092369392514229,176.5306122448978,176.53061224489795,7253289.79591836
jid_270532,794.0,204.0,24,1466,4964,4964,6431,JobState.COMPLETED,0.0519617460668087,176.53061224489804,176.53061224489795,6211053.061224492
jid_265202,794.0,204.0,24,1381,5146,5146,6528,JobState.COMPLETED,0.05119653046131134,176.5306122448981,176.53061224489795,5850930.612244902
jid_265236,794.0,204.0,24,1469,5073,5073,6543,JobState.COMPLETED,0.05189342796802521,176.53061224489804,176.53061224489795,6223763.265306124
jid_265252,794.0,204.0,24,1278,5271,5271,6550,JobState.COMPLETED,0.050995465368032455,176.53061224489826,176.53061224489795,5414546.93877552
jid_265224,794.0,204.0,24,1408,5152,5152,6561,JobState.COMPLETED,0.04902641475200653,176.5306122448981,176.53061224489795,5965322.448979596
jid_265248,794.0,204.0,24,1309,5264,5264,6574,JobState.COMPLETED,0.04868884012103081,176.5306122448982,176.53061224489795,5545885.714285722
jid_265218,794.0,204.0,24,1459,5158,5158,6618,JobState.COMPLETED,0.04902641475200653,176.53061224489804,176.53061224489795,6181395.91836735
jid_265237,794.0,204.0,24,1492,5150,5150,6643,JobState.COMPLETED,0.04902641475200653,176.53061224489798,176.53061224489795,6321208.163265307
jid_265230,794.0,204.0,24,1680,4970,4970,6651,JobState.COMPLETED,0.052190594375133514,176.53061224489784,176.53061224489795,7117714.28571428
jid_265255,794.0,204.0,24,1600,5177,5177,6778,JobState.COMPLETED,0.04902641475200653,176.53061224489787,176.53061224489795,6778775.510204078
jid_265201,794.0,204.0,24,1648,5137,5137,6786,JobState.COMPLETED,0.05119653046131134,176.53061224489784,176.53061224489795,6982138.775510199
jid_265243,794.0,204.0,24,1992,4964,4964,6957,JobState.COMPLETED,0.0519617460668087,176.5306122448976,176.53061224489795,8439575.510204066
jid_265317,36580.0,195.0,1,6969,-496,0,6970,JobState.COMPLETED,0.12662000954151154,176.5306122448967,176.53061224489795,1230241.836734685
jid_265260,794.0,204.0,24,1820,5180,5180,7001,JobState.COMPLETED,0.04902641475200653,176.53061224489772,176.53061224489795,7710857.1428571325
jid_265250,794.0,204.0,24,1936,5109,5109,7046,JobState.COMPLETED,0.05119653046131134,176.53061224489764,176.53061224489795,8202318.367346924
jid_265278,794.0,204.0,24,1932,5234,5234,7167,JobState.COMPLETED,0.04868884012103081,176.53061224489764,176.53061224489795,8185371.428571414
jid_265296,794.0,204.0,24,1940,5238,5238,7179,JobState.COMPLETED,0.04868884012103081,176.53061224489764,176.53061224489795,8219265.306122434
jid_265273,794.0,204.0,24,1973,5211,5211,7185,JobState.COMPLETED,0.04868884012103081,176.5306122448976,176.53061224489795,8359077.551020391
jid_265303,794.0,204.0,24,1964,5250,5250,7215,JobState.COMPLETED,0.04868884012103081,176.53061224489764,176.53061224489795,8320946.938775495
jid_265301,794.0,204.0,24,2041,5234,5234,7276,JobState.COMPLETED,0.04868884012103081,176.53061224489758,176.53061224489795,8647175.510204064
jid_265311,794.0,204.0,24,2003,5299,5299,7303,JobState.COMPLETED,0.050995465368032455,176.5306122448976,176.53061224489795,8486179.591836717
jid_265298,794.0,204.0,24,2138,5223,5223,7362,JobState.COMPLETED,0.04868884012103081,176.53061224489753,176.53061224489795,9058138.77551018
jid_265308,794.0,204.0,24,2165,5213,5213,7379,JobState.COMPLETED,0.04868884012103081,176.53061224489753,176.53061224489795,9172530.612244876
jid_265329,36582.0,319.0,20480,5211,2992,2992,8204,JobState.COMPLETED,0.002394947689026594,176.53061224489915,176.53061224489795,18839572897.959312
jid_270413,10.0,9.0,12288,223,5333,8204,8428,JobState.COMPLETED,0.006271657068282366,176.53061224489787,176.53061224489795,483733420.4081631
jid_265347,1069.0,121.0,1,405,7692,8204,8610,JobState.COMPLETED,0.3982063829898834,176.53061224489804,176.53061224489795,71494.89795918371
jid_265347,1069.0,121.0,1,418,7692,8204,8623,JobState.COMPLETED,0.3982063829898834,176.53061224489807,176.53061224489795,73789.7959183674
jid_265309,17111.0,121.0,1,443,7390,8204,8648,JobState.COMPLETED,0.5297237634658813,176.53061224489807,176.53061224489795,78203.06122448984
jid_265240,231.0,121.0,1,464,6436,8204,8669,JobState.COMPLETED,0.4391598701477051,176.53061224489807,176.53061224489795,81910.2040816327
jid_265309,17111.0,121.0,1,475,7390,8204,8680,JobState.COMPLETED,0.5297237634658813,176.53061224489807,176.53061224489795,83852.04081632658
jid_265275,1082.0000000000018,121.0,1,481,7272,8204,8686,JobState.COMPLETED,0.39300602674484253,176.53061224489807,176.53061224489795,84911.22448979598
jid_265347,1069.0,121.0,1,487,7692,8204,8692,JobState.COMPLETED,0.3982063829898834,176.53061224489807,176.53061224489795,85970.40816326535
jid_265347,1069.0,121.0,1,492,7692,8204,8697,JobState.COMPLETED,0.3982063829898834,176.53061224489807,176.53061224489795,86853.06122448985
jid_265147,1108.9999999999982,121.0,1,495,5544,8204,8700,JobState.COMPLETED,0.3933124840259552,176.53061224489807,176.53061224489795,87382.65306122454
jid_265347,1069.0,121.0,1,496,7692,8204,8701,JobState.COMPLETED,0.3982063829898834,176.53061224489807,176.53061224489795,87559.18367346944
jid_265147,1108.9999999999982,121.0,1,497,5544,8204,8702,JobState.COMPLETED,0.3933124840259552,176.53061224489807,176.53061224489795,87735.71428571433
jid_265147,1108.9999999999982,121.0,1,510,5544,8204,8715,JobState.COMPLETED,0.3933124840259552,176.5306122448981,176.53061224489795,90030.61224489803
jid_265242,1103.0,121.0,1,511,6525,8204,8716,JobState.COMPLETED,0.39302319288253784,176.5306122448981,176.53061224489795,90207.14285714293
jid_265347,1069.0,121.0,1,512,7692,8204,8717,JobState.COMPLETED,0.3982063829898834,176.5306122448981,176.53061224489795,90383.67346938782
jid_265240,231.0,121.0,1,513,6436,8204,8718,JobState.COMPLETED,0.4391598701477051,176.5306122448981,176.53061224489795,90560.20408163272
jid_265275,1082.0000000000018,121.0,1,514,7272,8204,8719,JobState.COMPLETED,0.39300602674484253,176.5306122448981,176.53061224489795,90736.73469387762
jid_265347,1069.0,121.0,1,517,7692,8204,8722,JobState.COMPLETED,0.3982063829898834,176.5306122448981,176.53061224489795,91266.32653061232
jid_265147,1108.9999999999982,121.0,1,518,5544,8204,8723,JobState.COMPLETED,0.3933124840259552,176.5306122448981,176.53061224489795,91442.85714285722
jid_265275,1082.0000000000018,121.0,1,519,7272,8204,8724,JobState.COMPLETED,0.39300602674484253,176.5306122448981,176.53061224489795,91619.38775510211
jid_265309,17111.0,121.0,1,519,7390,8204,8724,JobState.COMPLETED,0.5297237634658813,176.5306122448981,176.53061224489795,91619.38775510211
jid_265347,1069.0,121.0,1,522,7692,8204,8727,JobState.COMPLETED,0.3982063829898834,176.5306122448981,176.53061224489795,92148.9795918368
jid_265175,17121.0,121.0,1,523,6022,8204,8728,JobState.COMPLETED,0.5237373113632202,176.5306122448981,176.53061224489795,92325.5102040817
jid_265242,1103.0,121.0,1,525,6525,8204,8730,JobState.COMPLETED,0.39302319288253784,176.5306122448981,176.53061224489795,92678.5714285715
jid_265147,1108.9999999999982,121.0,1,526,5544,8204,8731,JobState.COMPLETED,0.3933124840259552,176.5306122448981,176.53061224489795,92855.1020408164
jid_265275,1082.0000000000018,121.0,1,530,7272,8204,8735,JobState.COMPLETED,0.39300602674484253,176.5306122448981,176.53061224489795,93561.22448979599
jid_265275,1082.0000000000018,121.0,1,531,7272,8204,8736,JobState.COMPLETED,0.39300602674484253,176.5306122448981,176.53061224489795,93737.75510204089
jid_265147,1108.9999999999982,121.0,1,532,5544,8204,8737,JobState.COMPLETED,0.3933124840259552,176.5306122448981,176.53061224489795,93914.28571428578
jid_265347,1069.0,121.0,1,535,7692,8204,8740,JobState.COMPLETED,0.3982063829898834,176.5306122448981,176.53061224489795,94443.87755102049
jid_265147,1108.9999999999982,121.0,1,541,5544,8204,8746,JobState.COMPLETED,0.3933124840259552,176.5306122448981,176.53061224489795,95503.06122448987
jid_265309,17111.0,121.0,1,541,7390,8204,8746,JobState.COMPLETED,0.5297237634658813,176.5306122448981,176.53061224489795,95503.06122448987
jid_265275,1082.0000000000018,121.0,1,555,7272,8204,8760,JobState.COMPLETED,0.39300602674484253,176.5306122448981,176.53061224489795,97974.48979591845
jid_265309,17111.0,121.0,1,557,7390,8204,8762,JobState.COMPLETED,0.5297237634658813,176.5306122448981,176.53061224489795,98327.55102040824
jid_265309,17111.0,121.0,1,557,7390,8204,8762,JobState.COMPLETED,0.5297237634658813,176.5306122448981,176.53061224489795,98327.55102040824
jid_265347,1069.0,121.0,1,558,7692,8204,8763,JobState.COMPLETED,0.3982063829898834,176.5306122448981,176.53061224489795,98504.08163265313
jid_265347,1069.0,121.0,1,560,7692,8204,8765,JobState.COMPLETED,0.3982063829898834,176.5306122448981,176.53061224489795,98857.14285714293
jid_265347,1069.0,121.0,1,561,7692,8204,8766,JobState.COMPLETED,0.3982063829898834,176.5306122448981,176.53061224489795,99033.67346938782
jid_265347,1069.0,121.0,1,562,7692,8204,8767,JobState.COMPLETED,0.3982063829898834,176.5306122448981,176.53061224489795,99210.20408163274
jid_265147,1108.9999999999982,121.0,1,564,5544,8204,8769,JobState.COMPLETED,0.3933124840259552,176.5306122448981,176.53061224489795,99563.26530612253
jid_265275,1082.0000000000018,121.0,1,564,7272,8204,8769,JobState.COMPLETED,0.39300602674484253,176.5306122448981,176.53061224489795,99563.26530612253
jid_265347,1069.0,121.0,1,564,7692,8204,8769,JobState.COMPLETED,0.3982063829898834,176.5306122448981,176.53061224489795,99563.26530612253
jid_265347,1069.0,121.0,1,565,7692,8204,8770,JobState.COMPLETED,0.3982063829898834,176.5306122448981,176.53061224489795,99739.79591836742
jid_265309,17111.0,121.0,1,566,7390,8204,8771,JobState.COMPLETED,0.5297237634658813,176.5306122448981,176.53061224489795,99916.32653061232
jid_265275,1082.0000000000018,121.0,1,568,7272,8204,8773,JobState.COMPLETED,0.39300602674484253,176.5306122448981,176.53061224489795,100269.38775510211
jid_265275,1082.0000000000018,121.0,1,570,7272,8204,8775,JobState.COMPLETED,0.39300602674484253,176.5306122448981,176.53061224489795,100622.4489795919
jid_265275,1082.0000000000018,121.0,1,570,7272,8204,8775,JobState.COMPLETED,0.39300602674484253,176.5306122448981,176.53061224489795,100622.4489795919
jid_265309,17111.0,121.0,1,571,7390,8204,8776,JobState.COMPLETED,0.5297237634658813,176.5306122448981,176.53061224489795,100798.97959183682
jid_265175,17121.0,121.0,1,572,6022,8204,8777,JobState.COMPLETED,0.5237373113632202,176.5306122448981,176.53061224489795,100975.51020408171
jid_265347,1069.0,121.0,1,573,7692,8204,8778,JobState.COMPLETED,0.3982063829898834,176.5306122448981,176.53061224489795,101152.04081632661
jid_265309,17111.0,121.0,1,579,7390,8204,8784,JobState.COMPLETED,0.5297237634658813,176.5306122448981,176.53061224489795,102211.22448979599
jid_265147,1108.9999999999982,121.0,1,581,5544,8204,8786,JobState.COMPLETED,0.3933124840259552,176.5306122448981,176.53061224489795,102564.2857142858
jid_265347,1069.0,121.0,1,585,7692,8204,8790,JobState.COMPLETED,0.3982063829898834,176.5306122448981,176.53061224489795,103270.40816326538
jid_265147,1108.9999999999982,121.0,1,586,5544,8204,8791,JobState.COMPLETED,0.3933124840259552,176.5306122448981,176.53061224489795,103446.93877551028
jid_265147,1108.9999999999982,121.0,1,586,5544,8204,8791,JobState.COMPLETED,0.3933124840259552,176.5306122448981,176.53061224489795,103446.93877551028
jid_265175,17121.0,121.0,1,586,6022,8204,8791,JobState.COMPLETED,0.5237373113632202,176.5306122448981,176.53061224489795,103446.93877551028
jid_265347,1069.0,121.0,1,588,7692,8204,8793,JobState.COMPLETED,0.3982063829898834,176.5306122448981,176.53061224489795,103800.00000000007
jid_265275,1082.0000000000018,121.0,1,589,7272,8204,8794,JobState.COMPLETED,0.39300602674484253,176.5306122448981,176.53061224489795,103976.53061224498
jid_265175,17121.0,121.0,1,590,6022,8204,8795,JobState.COMPLETED,0.5237373113632202,176.53061224489812,176.53061224489795,104153.0612244899
jid_265175,17121.0,121.0,1,595,6022,8204,8800,JobState.COMPLETED,0.5237373113632202,176.53061224489812,176.53061224489795,105035.71428571438
jid_265175,17121.0,121.0,1,595,6022,8204,8800,JobState.COMPLETED,0.5237373113632202,176.53061224489812,176.53061224489795,105035.71428571438
jid_265147,1108.9999999999982,121.0,1,596,5544,8204,8801,JobState.COMPLETED,0.3933124840259552,176.53061224489812,176.53061224489795,105212.24489795929
jid_265147,1108.9999999999982,121.0,1,596,5544,8204,8801,JobState.COMPLETED,0.3933124840259552,176.53061224489812,176.53061224489795,105212.24489795929
jid_265147,1108.9999999999982,121.0,1,596,5544,8204,8801,JobState.COMPLETED,0.3933124840259552,176.53061224489812,176.53061224489795,105212.24489795929
jid_265175,17121.0,121.0,1,599,6022,8204,8804,JobState.COMPLETED,0.5237373113632202,176.53061224489812,176.53061224489795,105741.83673469398
jid_265309,17111.0,121.0,1,600,7390,8204,8805,JobState.COMPLETED,0.5297237634658813,176.53061224489812,176.53061224489795,105918.36734693887
jid_265347,1069.0,121.0,1,600,7692,8204,8805,JobState.COMPLETED,0.3982063829898834,176.53061224489812,176.53061224489795,105918.36734693887
jid_265175,17121.0,121.0,1,602,6022,8204,8807,JobState.COMPLETED,0.5237373113632202,176.53061224489812,176.53061224489795,106271.42857142867
jid_265147,1108.9999999999982,121.0,1,603,5544,8204,8808,JobState.COMPLETED,0.3933124840259552,176.53061224489812,176.53061224489795,106447.95918367356
jid_265147,1108.9999999999982,121.0,1,603,5544,8204,8808,JobState.COMPLETED,0.3933124840259552,176.53061224489812,176.53061224489795,106447.95918367356
jid_265242,1103.0,121.0,1,603,6525,8204,8808,JobState.COMPLETED,0.39302319288253784,176.53061224489812,176.53061224489795,106447.95918367356
jid_265309,17111.0,121.0,1,603,7390,8204,8808,JobState.COMPLETED,0.5297237634658813,176.53061224489812,176.53061224489795,106447.95918367356
jid_265147,1108.9999999999982,121.0,1,605,5544,8204,8810,JobState.COMPLETED,0.3933124840259552,176.53061224489812,176.53061224489795,106801.02040816337
jid_265275,1082.0000000000018,121.0,1,605,7272,8204,8810,JobState.COMPLETED,0.39300602674484253,176.53061224489812,176.53061224489795,106801.02040816337
jid_265147,1108.9999999999982,121.0,1,606,5544,8204,8811,JobState.COMPLETED,0.3933124840259552,176.53061224489812,176.53061224489795,106977.55102040827
jid_265175,17121.0,121.0,1,606,6022,8204,8811,JobState.COMPLETED,0.5237373113632202,176.53061224489812,176.53061224489795,106977.55102040827
jid_265147,1108.9999999999982,121.0,1,609,5544,8204,8814,JobState.COMPLETED,0.3933124840259552,176.53061224489812,176.53061224489795,107507.14285714296
jid_265242,1103.0,121.0,1,614,6525,8204,8819,JobState.COMPLETED,0.39302319288253784,176.53061224489812,176.53061224489795,108389.79591836745
jid_265175,17121.0,121.0,1,615,6022,8204,8820,JobState.COMPLETED,0.5237373113632202,176.53061224489812,176.53061224489795,108566.32653061235
jid_265240,231.0,121.0,1,617,6436,8204,8822,JobState.COMPLETED,0.4391598701477051,176.53061224489812,176.53061224489795,108919.38775510214
jid_265309,17111.0,121.0,1,618,7390,8204,8823,JobState.COMPLETED,0.5297237634658813,176.53061224489812,176.53061224489795,109095.91836734704
jid_265309,17111.0,121.0,1,620,7390,8204,8825,JobState.COMPLETED,0.5297237634658813,176.53061224489812,176.53061224489795,109448.97959183683
jid_265147,1108.9999999999982,121.0,1,622,5544,8204,8827,JobState.COMPLETED,0.3933124840259552,176.53061224489812,176.53061224489795,109802.04081632663
jid_265347,1069.0,121.0,1,622,7692,8204,8827,JobState.COMPLETED,0.3982063829898834,176.53061224489812,176.53061224489795,109802.04081632663
jid_265147,1108.9999999999982,121.0,1,624,5544,8204,8829,JobState.COMPLETED,0.3933124840259552,176.53061224489812,176.53061224489795,110155.10204081643
jid_265147,1108.9999999999982,121.0,1,624,5544,8204,8829,JobState.COMPLETED,0.3933124840259552,176.53061224489812,176.53061224489795,110155.10204081643
jid_265147,1108.9999999999982,121.0,1,626,5544,8204,8831,JobState.COMPLETED,0.3933124840259552,176.53061224489812,176.53061224489795,110508.16326530623
jid_265147,1108.9999999999982,121.0,1,626,5544,8204,8831,JobState.COMPLETED,0.3933124840259552,176.53061224489812,176.53061224489795,110508.16326530623
jid_265240,231.0,121.0,1,626,6436,8204,8831,JobState.COMPLETED,0.4391598701477051,176.53061224489812,176.53061224489795,110508.16326530623
jid_265175,17121.0,121.0,1,627,6022,8204,8832,JobState.COMPLETED,0.5237373113632202,176.53061224489812,176.53061224489795,110684.69387755112
jid_265175,17121.0,121.0,1,628,6022,8204,8833,JobState.COMPLETED,0.5237373113632202,176.53061224489812,176.53061224489795,110861.22448979602
jid_265240,231.0,121.0,1,628,6436,8204,8833,JobState.COMPLETED,0.4391598701477051,176.53061224489812,176.53061224489795,110861.22448979602
jid_265147,1108.9999999999982,121.0,1,629,5544,8204,8834,JobState.COMPLETED,0.3933124840259552,176.53061224489812,176.53061224489795,111037.75510204092
jid_265147,1108.9999999999982,121.0,1,629,5544,8204,8834,JobState.COMPLETED,0.3933124840259552,176.53061224489812,176.53061224489795,111037.75510204092
jid_265147,1108.9999999999982,121.0,1,631,5544,8204,8836,JobState.COMPLETED,0.3933124840259552,176.53061224489812,176.53061224489795,111390.81632653071
jid_265309,17111.0,121.0,1,631,7390,8204,8836,JobState.COMPLETED,0.5297237634658813,176.53061224489812,176.53061224489795,111390.81632653071
jid_265175,17121.0,121.0,1,632,6022,8204,8837,JobState.COMPLETED,0.5237373113632202,176.53061224489812,176.53061224489795,111567.34693877562
jid_265309,17111.0,121.0,1,635,7390,8204,8840,JobState.COMPLETED,0.5297237634658813,176.53061224489812,176.53061224489795,112096.93877551031
jid_265175,17121.0,121.0,1,636,6022,8204,8841,JobState.COMPLETED,0.5237373113632202,176.53061224489812,176.53061224489795,112273.4693877552
jid_265147,1108.9999999999982,121.0,1,637,5544,8204,8842,JobState.COMPLETED,0.3933124840259552,176.53061224489812,176.53061224489795,112450.0000000001
jid_265175,17121.0,121.0,1,637,6022,8204,8842,JobState.COMPLETED,0.5237373113632202,176.53061224489812,176.53061224489795,112450.0000000001
jid_265147,1108.9999999999982,121.0,1,639,5544,8204,8844,JobState.COMPLETED,0.3933124840259552,176.53061224489812,176.53061224489795,112803.0612244899
jid_265309,17111.0,121.0,1,640,7390,8204,8845,JobState.COMPLETED,0.5297237634658813,176.53061224489812,176.53061224489795,112979.59183673479
jid_265175,17121.0,121.0,1,641,6022,8204,8846,JobState.COMPLETED,0.5237373113632202,176.53061224489812,176.53061224489795,113156.1224489797
jid_265309,17111.0,121.0,1,643,7390,8204,8848,JobState.COMPLETED,0.5297237634658813,176.53061224489812,176.53061224489795,113509.1836734695
jid_265309,17111.0,121.0,1,643,7390,8204,8848,JobState.COMPLETED,0.5297237634658813,176.53061224489812,176.53061224489795,113509.1836734695
jid_265175,17121.0,121.0,1,648,6022,8204,8853,JobState.COMPLETED,0.5237373113632202,176.53061224489812,176.53061224489795,114391.83673469398
jid_265242,1103.0,121.0,1,651,6525,8204,8856,JobState.COMPLETED,0.39302319288253784,176.53061224489812,176.53061224489795,114921.42857142868
jid_265147,1108.9999999999982,121.0,1,652,5544,8204,8857,JobState.COMPLETED,0.3933124840259552,176.53061224489812,176.53061224489795,115097.95918367358
jid_265175,17121.0,121.0,1,652,6022,8204,8857,JobState.COMPLETED,0.5237373113632202,176.53061224489812,176.53061224489795,115097.95918367358
jid_265240,231.0,121.0,1,653,6436,8204,8858,JobState.COMPLETED,0.4391598701477051,176.53061224489812,176.53061224489795,115274.48979591847
jid_265242,1103.0,121.0,1,653,6525,8204,8858,JobState.COMPLETED,0.39302319288253784,176.53061224489812,176.53061224489795,115274.48979591847
jid_265309,17111.0,121.0,1,653,7390,8204,8858,JobState.COMPLETED,0.5297237634658813,176.53061224489812,176.53061224489795,115274.48979591847
jid_265309,17111.0,121.0,1,655,7390,8204,8860,JobState.COMPLETED,0.5297237634658813,176.53061224489812,176.53061224489795,115627.55102040827
jid_265175,17121.0,121.0,1,656,6022,8204,8861,JobState.COMPLETED,0.5237373113632202,176.53061224489812,176.53061224489795,115804.08163265316
jid_265275,1082.0000000000018,121.0,1,657,7272,8204,8862,JobState.COMPLETED,0.39300602674484253,176.53061224489812,176.53061224489795,115980.61224489806
jid_265309,17111.0,121.0,1,657,7390,8204,8862,JobState.COMPLETED,0.5297237634658813,176.53061224489812,176.53061224489795,115980.61224489806
jid_265240,231.0,121.0,1,661,6436,8204,8866,JobState.COMPLETED,0.4391598701477051,176.53061224489812,176.53061224489795,116686.73469387766
jid_265275,1082.0000000000018,121.0,1,661,7272,8204,8866,JobState.COMPLETED,0.39300602674484253,176.53061224489812,176.53061224489795,116686.73469387766
jid_265275,1082.0000000000018,121.0,1,662,7272,8204,8867,JobState.COMPLETED,0.39300602674484253,176.53061224489812,176.53061224489795,116863.26530612256
jid_265240,231.0,121.0,1,665,6436,8204,8870,JobState.COMPLETED,0.4391598701477051,176.53061224489812,176.53061224489795,117392.85714285725
jid_265309,17111.0,121.0,1,666,7390,8204,8871,JobState.COMPLETED,0.5297237634658813,176.53061224489812,176.53061224489795,117569.38775510214
jid_265175,17121.0,121.0,1,667,6022,8204,8872,JobState.COMPLETED,0.5237373113632202,176.53061224489812,176.53061224489795,117745.91836734705
jid_265175,17121.0,121.0,1,668,6022,8204,8873,JobState.COMPLETED,0.5237373113632202,176.53061224489812,176.53061224489795,117922.44897959195
jid_265240,231.0,121.0,1,668,6436,8204,8873,JobState.COMPLETED,0.4391598701477051,176.53061224489812,176.53061224489795,117922.44897959195
jid_265275,1082.0000000000018,121.0,1,675,7272,8204,8880,JobState.COMPLETED,0.39300602674484253,176.53061224489812,176.53061224489795,119158.16326530623
jid_265240,231.0,121.0,1,676,6436,8204,8881,JobState.COMPLETED,0.4391598701477051,176.53061224489812,176.53061224489795,119334.69387755114
jid_265275,1082.0000000000018,121.0,1,677,7272,8204,8882,JobState.COMPLETED,0.39300602674484253,176.53061224489812,176.53061224489795,119511.22448979603
jid_265240,231.0,121.0,1,679,6436,8204,8884,JobState.COMPLETED,0.4391598701477051,176.53061224489812,176.53061224489795,119864.28571428583
jid_265275,1082.0000000000018,121.0,1,684,7272,8204,8889,JobState.COMPLETED,0.39300602674484253,176.53061224489812,176.53061224489795,120746.93877551031
jid_265242,1103.0,121.0,1,687,6525,8204,8892,JobState.COMPLETED,0.39302319288253784,176.53061224489812,176.53061224489795,121276.53061224501
jid_265240,231.0,121.0,1,688,6436,8204,8893,JobState.COMPLETED,0.4391598701477051,176.53061224489812,176.53061224489795,121453.06122448991
jid_265275,1082.0000000000018,121.0,1,689,7272,8204,8894,JobState.COMPLETED,0.39300602674484253,176.53061224489812,176.53061224489795,121629.5918367348
jid_265240,231.0,121.0,1,691,6436,8204,8896,JobState.COMPLETED,0.4391598701477051,176.53061224489815,176.53061224489795,121982.65306122463
jid_265240,231.0,121.0,1,699,6436,8204,8904,JobState.COMPLETED,0.4391598701477051,176.53061224489815,176.53061224489795,123394.89795918381
jid_265240,231.0,121.0,1,699,6436,8204,8904,JobState.COMPLETED,0.4391598701477051,176.53061224489815,176.53061224489795,123394.89795918381
jid_265309,17111.0,121.0,1,702,7390,8204,8907,JobState.COMPLETED,0.5297237634658813,176.53061224489815,176.53061224489795,123924.4897959185
jid_265240,231.0,121.0,1,705,6436,8204,8910,JobState.COMPLETED,0.4391598701477051,176.53061224489815,176.53061224489795,124454.0816326532
jid_265240,231.0,121.0,1,707,6436,8204,8912,JobState.COMPLETED,0.4391598701477051,176.53061224489815,176.53061224489795,124807.14285714299
jid_265242,1103.0,121.0,1,707,6525,8204,8912,JobState.COMPLETED,0.39302319288253784,176.53061224489815,176.53061224489795,124807.14285714299
jid_265275,1082.0000000000018,121.0,1,708,7272,8204,8913,JobState.COMPLETED,0.39300602674484253,176.53061224489815,176.53061224489795,124983.6734693879
jid_265242,1103.0,121.0,1,711,6525,8204,8916,JobState.COMPLETED,0.39302319288253784,176.53061224489815,176.53061224489795,125513.26530612259
jid_265275,1082.0000000000018,121.0,1,711,7272,8204,8916,JobState.COMPLETED,0.39300602674484253,176.53061224489815,176.53061224489795,125513.26530612259
jid_265175,17121.0,121.0,1,712,6022,8204,8917,JobState.COMPLETED,0.5237373113632202,176.53061224489815,176.53061224489795,125689.79591836748
jid_265275,1082.0000000000018,121.0,1,714,7272,8204,8919,JobState.COMPLETED,0.39300602674484253,176.53061224489815,176.53061224489795,126042.85714285728
jid_265240,231.0,121.0,1,717,6436,8204,8922,JobState.COMPLETED,0.4391598701477051,176.53061224489815,176.53061224489795,126572.44897959198
jid_265240,231.0,121.0,1,718,6436,8204,8923,JobState.COMPLETED,0.4391598701477051,176.53061224489815,176.53061224489795,126748.97959183688
jid_265242,1103.0,121.0,1,720,6525,8204,8925,JobState.COMPLETED,0.39302319288253784,176.53061224489815,176.53061224489795,127102.04081632667
jid_265309,17111.0,121.0,1,722,7390,8204,8927,JobState.COMPLETED,0.5297237634658813,176.53061224489815,176.53061224489795,127455.10204081646
jid_265275,1082.0000000000018,121.0,1,723,7272,8204,8928,JobState.COMPLETED,0.39300602674484253,176.53061224489815,176.53061224489795,127631.63265306136
jid_265309,17111.0,121.0,1,725,7390,8204,8930,JobState.COMPLETED,0.5297237634658813,176.53061224489815,176.53061224489795,127984.69387755117
jid_265175,17121.0,121.0,1,726,6022,8204,8931,JobState.COMPLETED,0.5237373113632202,176.53061224489815,176.53061224489795,128161.22448979606
jid_265309,17111.0,121.0,1,726,7390,8204,8931,JobState.COMPLETED,0.5297237634658813,176.53061224489815,176.53061224489795,128161.22448979606
jid_265309,17111.0,121.0,1,731,7390,8204,8936,JobState.COMPLETED,0.5297237634658813,176.53061224489815,176.53061224489795,129043.87755102055
jid_265240,231.0,121.0,1,732,6436,8204,8937,JobState.COMPLETED,0.4391598701477051,176.53061224489815,176.53061224489795,129220.40816326544
jid_265242,1103.0,121.0,1,732,6525,8204,8937,JobState.COMPLETED,0.39302319288253784,176.53061224489815,176.53061224489795,129220.40816326544
jid_265242,1103.0,121.0,1,735,6525,8204,8940,JobState.COMPLETED,0.39302319288253784,176.53061224489815,176.53061224489795,129750.00000000015
jid_265309,17111.0,121.0,1,736,7390,8204,8941,JobState.COMPLETED,0.5297237634658813,176.53061224489815,176.53061224489795,129926.53061224504
jid_265309,17111.0,121.0,1,737,7390,8204,8942,JobState.COMPLETED,0.5297237634658813,176.53061224489815,176.53061224489795,130103.06122448994
jid_265309,17111.0,121.0,1,739,7390,8204,8944,JobState.COMPLETED,0.5297237634658813,176.53061224489815,176.53061224489795,130456.12244897973
jid_265240,231.0,121.0,1,742,6436,8204,8947,JobState.COMPLETED,0.4391598701477051,176.53061224489815,176.53061224489795,130985.71428571444
jid_265242,1103.0,121.0,1,746,6525,8204,8951,JobState.COMPLETED,0.39302319288253784,176.53061224489815,176.53061224489795,131691.83673469402
jid_265242,1103.0,121.0,1,750,6525,8204,8955,JobState.COMPLETED,0.39302319288253784,176.53061224489815,176.53061224489795,132397.9591836736
jid_265242,1103.0,121.0,1,755,6525,8204,8960,JobState.COMPLETED,0.39302319288253784,176.53061224489815,176.53061224489795,133280.6122448981
jid_265242,1103.0,121.0,1,758,6525,8204,8963,JobState.COMPLETED,0.39302319288253784,176.53061224489815,176.53061224489795,133810.2040816328
jid_265240,231.0,121.0,1,759,6436,8204,8964,JobState.COMPLETED,0.4391598701477051,176.53061224489815,176.53061224489795,133986.7346938777
jid_265242,1103.0,121.0,1,760,6525,8204,8965,JobState.COMPLETED,0.39302319288253784,176.53061224489815,176.53061224489795,134163.2653061226
jid_265242,1103.0,121.0,1,767,6525,8204,8972,JobState.COMPLETED,0.39302319288253784,176.53061224489815,176.53061224489795,135398.9795918369
jid_265240,231.0,121.0,1,768,6436,8204,8973,JobState.COMPLETED,0.4391598701477051,176.53061224489815,176.53061224489795,135575.51020408177
jid_265240,231.0,121.0,1,769,6436,8204,8974,JobState.COMPLETED,0.4391598701477051,176.53061224489815,176.53061224489795,135752.04081632668
jid_265242,1103.0,121.0,1,769,6525,8204,8974,JobState.COMPLETED,0.39302319288253784,176.53061224489815,176.53061224489795,135752.04081632668
jid_265275,1082.0000000000018,121.0,1,786,7272,8204,8991,JobState.COMPLETED,0.39300602674484253,176.53061224489815,176.53061224489795,138753.06122448994
jid_265240,231.0,121.0,1,824,6436,8204,9029,JobState.COMPLETED,0.4391598701477051,176.53061224489815,176.53061224489795,145461.22448979606
jid_265424,794.0,204.0,24,1397,7079,8204,9602,JobState.COMPLETED,0.042399875819683075,176.5306122448981,176.53061224489795,5918718.367346943
jid_265585,794.0,204.0,24,1443,8071,8204,9648,JobState.COMPLETED,0.046120140701532364,176.53061224489804,176.53061224489795,6113608.163265308
jid_265337,794.0,204.0,24,1464,6868,8204,9669,JobState.COMPLETED,0.04755620285868645,176.53061224489804,176.53061224489795,6202579.5918367375
jid_265596,794.0,204.0,24,1487,7670,8204,9692,JobState.COMPLETED,0.046767398715019226,176.53061224489798,176.53061224489795,6300024.4897959195
jid_265494,794.0,204.0,24,1540,7492,8204,9745,JobState.COMPLETED,0.043858468532562256,176.53061224489795,176.53061224489795,6524571.428571428
jid_265415,794.0,204.0,24,1562,6719,8204,9767,JobState.COMPLETED,0.04728226736187935,176.53061224489792,176.53061224489795,6617779.591836733
jid_265621,794.0,204.0,24,1575,8201,8204,9780,JobState.COMPLETED,0.04452858865261078,176.53061224489792,176.53061224489795,6672857.142857141
jid_265384,794.0,204.0,24,1631,6495,8204,9836,JobState.COMPLETED,0.043682340532541275,176.53061224489787,176.53061224489795,6910114.285714282
jid_265355,794.0,204.0,24,1651,6332,8204,9856,JobState.COMPLETED,0.04083501547574997,176.53061224489784,176.53061224489795,6994848.979591832
jid_265433,794.0,204.0,24,1652,6750,8204,9857,JobState.COMPLETED,0.04728226736187935,176.53061224489784,176.53061224489795,6999085.71428571
jid_265375,794.0,204.0,24,1678,6381,8204,9883,JobState.COMPLETED,0.04215669259428978,176.53061224489784,176.53061224489795,7109240.816326526
jid_265376,794.0,204.0,24,1684,6819,8204,9889,JobState.COMPLETED,0.04691363498568535,176.53061224489784,176.53061224489795,7134661.22448979
jid_265382,794.0,204.0,24,1693,6386,8204,9898,JobState.COMPLETED,0.04215669259428978,176.5306122448978,176.53061224489795,7172791.836734688
jid_265617,627.0,190.0,512,47,9850,9850,9898,JobState.COMPLETED,0.01034777145832777,124.41751239541517,124.41751239541517,2993983.0182832708
jid_265411,794.0,204.0,24,1712,6481,8204,9917,JobState.COMPLETED,0.043682340532541275,176.5306122448978,176.53061224489795,7253289.79591836
jid_265385,794.0,204.0,24,1736,6398,8204,9941,JobState.COMPLETED,0.04215669259428978,176.5306122448978,176.53061224489795,7354971.428571423
jid_265463,794.0,204.0,24,1740,6902,8204,9945,JobState.COMPLETED,0.04630380868911743,176.53061224489775,176.53061224489795,7371918.367346929
jid_265443,794.0,204.0,24,1741,6605,8204,9946,JobState.COMPLETED,0.044781722128391266,176.53061224489775,176.53061224489795,7376155.102040808
jid_265418,794.0,204.0,24,1771,6445,8204,9976,JobState.COMPLETED,0.06821942329406738,176.53061224489775,176.53061224489795,7503257.142857134
jid_265342,794.0,204.0,24,1791,6192,8204,9996,JobState.COMPLETED,0.04054037109017372,176.53061224489772,176.53061224489795,7587991.836734684
jid_265625,794.0,204.0,24,1793,7606,8204,9998,JobState.COMPLETED,0.0439082533121109,176.53061224489772,176.53061224489795,7596465.306122439
jid_265546,794.0,204.0,24,1811,7451,8204,10016,JobState.COMPLETED,0.04299582540988922,176.53061224489772,176.53061224489795,7672726.530612234
jid_265402,794.0,204.0,24,1812,6383,8204,10017,JobState.COMPLETED,0.04215669259428978,176.53061224489772,176.53061224489795,7676963.265306112
jid_265531,794.0,204.0,24,1815,7392,8204,10020,JobState.COMPLETED,0.06037072092294693,176.53061224489772,176.53061224489795,7689673.469387745
jid_265434,794.0,204.0,24,1834,6474,8204,10039,JobState.COMPLETED,0.043682340532541275,176.53061224489772,176.53061224489795,7770171.428571418
jid_265448,794.0,204.0,24,1834,6543,8204,10039,JobState.COMPLETED,0.04321982339024544,176.53061224489772,176.53061224489795,7770171.428571418
jid_265619,794.0,204.0,24,1838,7598,8204,10043,JobState.COMPLETED,0.0439082533121109,176.53061224489772,176.53061224489795,7787118.367346928
jid_265359,794.0,204.0,24,1854,6195,8204,10059,JobState.COMPLETED,0.04054037109017372,176.5306122448977,176.53061224489795,7854906.122448968
jid_265417,794.0,204.0,24,1878,6383,8204,10083,JobState.COMPLETED,0.04215669259428978,176.5306122448977,176.53061224489795,7956587.755102029
jid_265333,794.0,204.0,24,1901,5442,8204,10106,JobState.COMPLETED,0.04374117776751518,176.53061224489764,176.53061224489795,8054032.65306121
jid_265423,794.0,204.0,24,1909,6325,8204,10114,JobState.COMPLETED,0.04083501547574997,176.53061224489764,176.53061224489795,8087926.53061223
jid_265427,794.0,204.0,24,1920,6357,8204,10125,JobState.COMPLETED,0.04215669259428978,176.53061224489764,176.53061224489795,8134530.612244883
jid_265581,794.0,204.0,24,1934,7479,8204,10139,JobState.COMPLETED,0.04299582540988922,176.53061224489764,176.53061224489795,8193844.897959169
jid_265609,794.0,204.0,24,1949,7539,8204,10154,JobState.COMPLETED,0.043858468532562256,176.53061224489764,176.53061224489795,8257395.918367332
jid_265693,794.0,204.0,24,1749,8407,8407,10157,JobState.COMPLETED,0.044151462614536285,176.53061224489775,176.53061224489795,7410048.979591828
jid_265590,794.0,204.0,24,1954,7483,8204,10159,JobState.COMPLETED,0.04299582540988922,176.53061224489764,176.53061224489795,8278579.591836721
jid_265685,794.0,204.0,24,1912,8247,8247,10160,JobState.COMPLETED,0.04516656696796417,176.53061224489764,176.53061224489795,8100636.7346938625
jid_265421,794.0,204.0,24,1961,6242,8204,10166,JobState.COMPLETED,0.04246841371059418,176.53061224489764,176.53061224489795,8308236.7346938625
jid_265686,794.0,204.0,24,1759,8412,8412,10172,JobState.COMPLETED,0.044151462614536285,176.53061224489775,176.53061224489795,7452416.326530604
jid_265583,794.0,204.0,24,1977,7395,8204,10182,JobState.COMPLETED,0.06037072092294693,176.5306122448976,176.53061224489795,8376024.489795901
jid_265372,794.0,204.0,24,1978,6189,8204,10183,JobState.COMPLETED,0.04054037109017372,176.5306122448976,176.53061224489795,8380261.224489779
jid_265371,794.0,204.0,24,1987,6178,8204,10192,JobState.COMPLETED,0.04054037109017372,176.5306122448976,176.53061224489795,8418391.836734677
jid_265422,794.0,204.0,24,2010,6251,8204,10215,JobState.COMPLETED,0.04246841371059418,176.5306122448976,176.53061224489795,8515836.73469386
jid_265400,794.0,204.0,24,2016,6212,8204,10221,JobState.COMPLETED,0.04054037109017372,176.5306122448976,176.53061224489795,8541257.142857125
jid_265554,794.0,204.0,24,2020,7314,8204,10225,JobState.COMPLETED,0.04187259078025818,176.5306122448976,176.53061224489795,8558204.081632636
jid_265334,794.0,204.0,24,2037,5382,8204,10242,JobState.COMPLETED,0.04793359339237213,176.53061224489758,176.53061224489795,8630228.571428554
jid_265701,794.0,204.0,24,2049,8159,8204,10254,JobState.COMPLETED,0.04452858865261078,176.53061224489758,176.53061224489795,8681069.387755085
jid_265391,794.0,204.0,24,2051,6179,8204,10256,JobState.COMPLETED,0.04054037109017372,176.53061224489758,176.53061224489795,8689542.857142838
jid_265719,794.0,204.0,24,2041,8216,8216,10258,JobState.COMPLETED,0.04516656696796417,176.53061224489758,176.53061224489795,8647175.510204064
jid_265680,794.0,204.0,24,1481,8776,8776,10258,JobState.COMPLETED,0.04540702700614929,176.53061224489798,176.53061224489795,6274604.081632653
jid_265698,794.0,204.0,24,1926,8339,8339,10266,JobState.COMPLETED,0.06377064436674118,176.53061224489764,176.53061224489795,8159951.020408148
jid_265695,794.0,204.0,24,2082,8121,8204,10287,JobState.COMPLETED,0.046178098767995834,176.53061224489758,176.53061224489795,8820881.632653043
jid_265629,794.0,204.0,24,2092,7534,8204,10297,JobState.COMPLETED,0.043858468532562256,176.53061224489758,176.53061224489795,8863248.979591819
jid_265611,794.0,204.0,24,2109,7465,8204,10314,JobState.COMPLETED,0.04299582540988922,176.53061224489758,176.53061224489795,8935273.469387736
jid_265730,794.0,204.0,24,1775,8564,8564,10340,JobState.COMPLETED,0.04502590373158455,176.53061224489775,176.53061224489795,7520204.081632644
jid_265635,794.0,204.0,24,2159,7470,8204,10364,JobState.COMPLETED,0.04299582540988922,176.53061224489753,176.53061224489795,9147110.20408161
jid_265737,794.0,204.0,24,2159,8184,8204,10364,JobState.COMPLETED,0.04452858865261078,176.53061224489753,176.53061224489795,9147110.20408161
jid_265425,794.0,204.0,24,2165,6190,8204,10370,JobState.COMPLETED,0.04054037109017372,176.53061224489753,176.53061224489795,9172530.612244876
jid_265630,794.0,204.0,24,2171,7449,8204,10376,JobState.COMPLETED,0.04299582540988922,176.53061224489753,176.53061224489795,9197951.02040814
jid_265479,794.0,204.0,24,2178,6443,8204,10383,JobState.COMPLETED,0.06821942329406738,176.53061224489753,176.53061224489795,9227608.163265284
jid_265673,794.0,204.0,24,2212,7624,8204,10417,JobState.COMPLETED,0.04662701487541199,176.5306122448975,176.53061224489795,9371657.14285712
jid_265667,804.0,121.0,1,0,10437,10437,10438,JobState.COMPLETED,0.44751352071762085,176.53061224489795,176.53061224489795,0.0
jid_265667,804.0,121.0,1,0,10437,10437,10438,JobState.COMPLETED,0.44751352071762085,176.53061224489795,176.53061224489795,0.0
jid_265667,804.0,121.0,1,0,10437,10437,10438,JobState.COMPLETED,0.44751352071762085,176.53061224489795,176.53061224489795,0.0
jid_265667,804.0,121.0,1,0,10437,10437,10438,JobState.COMPLETED,0.44751352071762085,176.53061224489795,176.53061224489795,0.0
jid_265667,804.0,121.0,1,0,10437,10437,10438,JobState.COMPLETED,0.44751352071762085,176.53061224489795,176.53061224489795,0.0
jid_265667,804.0,121.0,1,0,10437,10437,10438,JobState.COMPLETED,0.44751352071762085,176.53061224489795,176.53061224489795,0.0
jid_265667,804.0,121.0,1,0,10437,10437,10438,JobState.COMPLETED,0.44751352071762085,176.53061224489795,176.53061224489795,0.0
jid_265667,804.0,121.0,1,0,10437,10437,10438,JobState.COMPLETED,0.44751352071762085,176.53061224489795,176.53061224489795,0.0
jid_265667,804.0,121.0,1,0,10437,10437,10438,JobState.COMPLETED,0.44751352071762085,176.53061224489795,176.53061224489795,0.0
jid_265667,804.0,121.0,1,0,10437,10437,10438,JobState.COMPLETED,0.44751352071762085,176.53061224489795,176.53061224489795,0.0
jid_265667,804.0,121.0,1,0,10437,10437,10438,JobState.COMPLETED,0.44751352071762085,176.53061224489795,176.53061224489795,0.0
jid_265667,804.0,121.0,1,1,10437,10437,10439,JobState.COMPLETED,0.44751352071762085,176.53061224489795,176.53061224489795,176.53061224489795
jid_265667,804.0,121.0,1,1,10437,10437,10439,JobState.COMPLETED,0.44751352071762085,176.53061224489795,176.53061224489795,176.53061224489795
jid_265667,804.0,121.0,1,1,10437,10437,10439,JobState.COMPLETED,0.44751352071762085,176.53061224489795,176.53061224489795,176.53061224489795
jid_265667,804.0,121.0,1,1,10437,10437,10439,JobState.COMPLETED,0.44751352071762085,176.53061224489795,176.53061224489795,176.53061224489795
jid_265667,804.0,121.0,1,1,10437,10437,10439,JobState.COMPLETED,0.44751352071762085,176.53061224489795,176.53061224489795,176.53061224489795
jid_265667,804.0,121.0,1,1,10437,10437,10439,JobState.COMPLETED,0.44751352071762085,176.53061224489795,176.53061224489795,176.53061224489795
jid_265667,804.0,121.0,1,1,10437,10437,10439,JobState.COMPLETED,0.44751352071762085,176.53061224489795,176.53061224489795,176.53061224489795
jid_265667,804.0,121.0,1,1,10437,10437,10439,JobState.COMPLETED,0.44751352071762085,176.53061224489795,176.53061224489795,176.53061224489795
jid_265667,804.0,121.0,1,1,10437,10437,10439,JobState.COMPLETED,0.44751352071762085,176.53061224489795,176.53061224489795,176.53061224489795
jid_265667,804.0,121.0,1,1,10437,10437,10439,JobState.COMPLETED,0.44751352071762085,176.53061224489795,176.53061224489795,176.53061224489795
jid_265667,804.0,121.0,1,1,10437,10437,10439,JobState.COMPLETED,0.44751352071762085,176.53061224489795,176.53061224489795,176.53061224489795
jid_265667,804.0,121.0,1,2,10437,10437,10440,JobState.COMPLETED,0.44751352071762085,176.53061224489795,176.53061224489795,353.0612244897959
jid_265667,804.0,121.0,1,2,10437,10437,10440,JobState.COMPLETED,0.44751352071762085,176.53061224489795,176.53061224489795,353.0612244897959
jid_265667,804.0,121.0,1,3,10437,10437,10441,JobState.COMPLETED,0.44751352071762085,176.53061224489795,176.53061224489795,529.5918367346939
jid_265747,794.0,204.0,24,2038,8416,8416,10455,JobState.COMPLETED,0.044151462614536285,176.53061224489758,176.53061224489795,8634465.30612243
jid_265484,794.0,204.0,24,2253,6600,8204,10458,JobState.COMPLETED,0.044781722128391266,176.5306122448975,176.53061224489795,9545363.265306097
jid_265768,794.0,204.0,24,2139,8343,8343,10483,JobState.COMPLETED,0.06377064436674118,176.53061224489753,176.53061224489795,9062375.51020406
jid_265754,794.0,204.0,24,2281,8124,8204,10486,JobState.COMPLETED,0.046178098767995834,176.53061224489747,176.53061224489795,9663991.836734667
jid_265464,794.0,204.0,24,2293,6210,8204,10498,JobState.COMPLETED,0.04054037109017372,176.53061224489747,176.53061224489795,9714832.653061198
jid_265756,794.0,204.0,24,2046,8467,8467,10514,JobState.COMPLETED,0.04540330171585083,176.53061224489758,176.53061224489795,8668359.18367345
jid_265783,794.0,204.0,24,2279,8240,8240,10520,JobState.COMPLETED,0.04516656696796417,176.53061224489747,176.53061224489795,9655518.367346913
jid_265451,794.0,204.0,24,2331,6190,8204,10536,JobState.COMPLETED,0.04054037109017372,176.53061224489747,176.53061224489795,9875828.571428545
jid_265763,794.0,204.0,24,1827,8723,8723,10551,JobState.COMPLETED,0.04540713503956795,176.53061224489772,176.53061224489795,7740514.285714276
jid_265727,10.0,9.0,12288,186,10476,10476,10663,JobState.COMPLETED,0.006627422757446766,176.53061224489792,176.53061224489795,403472718.3673469
jid_265789,794.0,204.0,24,2107,8557,8557,10665,JobState.COMPLETED,0.04502590373158455,176.53061224489758,176.53061224489795,8926799.999999981
jid_265792,794.0,204.0,24,2348,8326,8326,10675,JobState.COMPLETED,0.04509919509291649,176.53061224489747,176.53061224489795,9947853.061224462
jid_265780,794.0,204.0,24,1999,8690,8690,10690,JobState.COMPLETED,0.04540713503956795,176.5306122448976,176.53061224489795,8469232.653061207
jid_265521,794.0,204.0,24,2512,6531,8204,10717,JobState.COMPLETED,0.04321982339024544,176.53061224489747,176.53061224489795,10642677.551020378
jid_265504,794.0,204.0,24,2524,6462,8204,10729,JobState.COMPLETED,0.06821942329406738,176.5306122448975,176.53061224489795,10693518.36734691
jid_265795,794.0,204.0,24,1828,8920,8920,10749,JobState.COMPLETED,0.044298600405454636,176.53061224489772,176.53061224489795,7744751.020408153
jid_265610,794.0,204.0,24,2551,7032,8204,10756,JobState.COMPLETED,0.042675118893384933,176.53061224489753,176.53061224489795,10807910.204081606
jid_265688,794.0,204.0,24,2607,7536,8204,10812,JobState.COMPLETED,0.043858468532562256,176.5306122448976,176.53061224489795,11045167.346938754
jid_265459,794.0,204.0,24,2610,5423,8204,10815,JobState.COMPLETED,0.04374117776751518,176.5306122448976,176.53061224489795,11057877.551020386
jid_265530,794.0,204.0,24,2690,6380,8204,10895,JobState.COMPLETED,0.04215669259428978,176.53061224489772,176.53061224489795,11396816.326530596
jid_265508,794.0,204.0,24,2696,6354,8204,10901,JobState.COMPLETED,0.04215669259428978,176.53061224489772,176.53061224489795,11422236.734693862
jid_265553,794.0,204.0,24,2706,6377,8204,10911,JobState.COMPLETED,0.04215669259428978,176.53061224489775,176.53061224489795,11464604.08163264
jid_265691,794.0,204.0,24,2725,7430,8204,10930,JobState.COMPLETED,0.04299582540988922,176.53061224489775,176.53061224489795,11545102.040816315
jid_265532,794.0,204.0,24,2898,6245,8204,11103,JobState.COMPLETED,0.04246841371059418,176.53061224489798,176.53061224489795,12278057.142857144
jid_265309,17111.0,121.0,1,3011,7390,8204,11216,JobState.COMPLETED,0.5297237634658813,176.53061224489701,176.53061224489795,531533.6734693849
jid_265813,794.0,204.0,24,2658,8717,8717,11376,JobState.COMPLETED,0.04540713503956795,176.5306122448977,176.53061224489795,11261240.816326514
jid_265809,794.0,204.0,24,1672,9769,9769,11442,JobState.COMPLETED,0.03933204710483551,176.53061224489784,176.53061224489795,7083820.408163261
jid_265826,794.0,204.0,24,2576,8956,8956,11533,JobState.COMPLETED,0.03916725143790245,176.53061224489758,176.53061224489795,10913828.571428549
jid_265843,794.0,204.0,24,2623,8984,8984,11608,JobState.COMPLETED,0.03916725143790245,176.53061224489764,176.53061224489795,11112955.102040797
jid_265846,794.0,204.0,24,2441,9166,9166,11608,JobState.COMPLETED,0.036849088966846466,176.5306122448974,176.53061224489795,10341869.38775507
jid_265822,794.0,204.0,24,1833,9892,9892,11726,JobState.COMPLETED,0.03806237503886223,176.53061224489772,176.53061224489795,7765934.6938775405
jid_265872,794.0,204.0,24,2654,9122,9122,11777,JobState.COMPLETED,0.036849088966846466,176.5306122448977,176.53061224489795,11244293.877551004
jid_265874,794.0,204.0,24,2666,9118,9118,11785,JobState.COMPLETED,0.036849088966846466,176.5306122448977,176.53061224489795,11295134.693877533
jid_265889,794.0,204.0,24,2692,9108,9108,11801,JobState.COMPLETED,0.03812672197818756,176.53061224489772,176.53061224489795,11405289.795918353
jid_265819,794.0,204.0,24,1829,10029,10029,11859,JobState.COMPLETED,0.03627730906009674,176.53061224489772,176.53061224489795,7748987.755102031
jid_265871,794.0,204.0,24,1514,10432,10432,11947,JobState.COMPLETED,0.03866990655660629,176.53061224489798,176.53061224489795,6414416.326530613
jid_265921,794.0,204.0,24,2733,9222,9222,11956,JobState.COMPLETED,0.03785914182662964,176.5306122448978,176.53061224489795,11578995.918367337
jid_265922,794.0,204.0,24,2865,9129,9129,11995,JobState.COMPLETED,0.036849088966846466,176.53061224489795,176.53061224489795,12138244.897959182
jid_265893,794.0,204.0,24,1753,10297,10297,12051,JobState.COMPLETED,0.04043431580066681,176.53061224489775,176.53061224489795,7426995.918367337
jid_265936,794.0,204.0,24,3011,9044,9044,12056,JobState.COMPLETED,0.038193847984075546,176.5306122448981,176.53061224489795,12756808.163265316
jid_265880,794.0,204.0,24,2280,9798,9798,12079,JobState.COMPLETED,0.03933204710483551,176.53061224489747,176.53061224489795,9659755.10204079
jid_265864,794.0,204.0,24,1933,10171,10171,12105,JobState.COMPLETED,0.03914100304245949,176.53061224489764,176.53061224489795,8189608.163265291
jid_265839,232.0,121.0,1,543,11581,11581,12125,JobState.COMPLETED,0.4394623637199402,176.5306122448981,176.53061224489795,95856.12244897966
jid_265897,794.0,204.0,24,2489,9638,9638,12128,JobState.COMPLETED,0.039957743138074875,176.5306122448974,176.53061224489795,10545232.653061192
jid_265904,794.0,204.0,24,2305,9825,9825,12131,JobState.COMPLETED,0.03933204710483551,176.53061224489747,176.53061224489795,9765673.469387729
jid_265909,794.0,204.0,24,2466,9665,9665,12132,JobState.COMPLETED,0.040791042149066925,176.53061224489738,176.53061224489795,10447787.755102007
jid_265839,232.0,121.0,1,559,11581,11581,12141,JobState.COMPLETED,0.4394623637199402,176.5306122448981,176.53061224489795,98680.61224489803
jid_265839,232.0,121.0,1,573,11581,11581,12155,JobState.COMPLETED,0.4394623637199402,176.5306122448981,176.53061224489795,101152.04081632661
jid_265927,794.0,204.0,24,1835,10335,10335,12171,JobState.COMPLETED,0.039582278579473495,176.53061224489772,176.53061224489795,7774408.163265296
jid_265839,232.0,121.0,1,592,11581,11581,12174,JobState.COMPLETED,0.4394623637199402,176.53061224489812,176.53061224489795,104506.12244897969
jid_265923,794.0,204.0,24,2583,9595,9595,12179,JobState.COMPLETED,0.039957743138074875,176.53061224489758,176.53061224489795,10943485.71428569
jid_265839,232.0,121.0,1,606,11581,11581,12188,JobState.COMPLETED,0.4394623637199402,176.53061224489812,176.53061224489795,106977.55102040827
jid_265839,232.0,121.0,1,628,11581,11581,12210,JobState.COMPLETED,0.4394623637199402,176.53061224489812,176.53061224489795,110861.22448979602
jid_265885,794.0,204.0,24,2276,9945,9945,12222,JobState.COMPLETED,0.03806237503886223,176.53061224489747,176.53061224489795,9642808.16326528
jid_265640,794.0,204.0,24,2472,9789,9789,12262,JobState.COMPLETED,0.03933204710483551,176.5306122448974,176.53061224489795,10473208.163265273
jid_265925,794.0,204.0,24,1893,10381,10381,12275,JobState.COMPLETED,0.04055531695485115,176.5306122448977,176.53061224489795,8020138.775510192
jid_265928,794.0,204.0,24,2707,9587,9587,12295,JobState.COMPLETED,0.039340000599622726,176.53061224489775,176.53061224489795,11468840.816326518
jid_265839,232.0,121.0,1,720,11581,11581,12302,JobState.COMPLETED,0.4394623637199402,176.53061224489815,176.53061224489795,127102.04081632667
jid_265951,794.0,204.0,24,2801,9528,9528,12330,JobState.COMPLETED,0.038981109857559204,176.53061224489787,176.53061224489795,11867093.877551015
jid_265839,232.0,121.0,1,762,11581,11581,12344,JobState.COMPLETED,0.4394623637199402,176.53061224489815,176.53061224489795,134516.3265306124
jid_265839,232.0,121.0,1,763,11581,11581,12345,JobState.COMPLETED,0.4394623637199402,176.53061224489815,176.53061224489795,134692.85714285728
jid_265839,232.0,121.0,1,777,11581,11581,12359,JobState.COMPLETED,0.4394623637199402,176.53061224489815,176.53061224489795,137164.28571428586
jid_265839,232.0,121.0,1,791,11581,11581,12373,JobState.COMPLETED,0.4394623637199402,176.53061224489815,176.53061224489795,139635.71428571444
jid_265839,232.0,121.0,1,808,11581,11581,12390,JobState.COMPLETED,0.4394623637199402,176.53061224489815,176.53061224489795,142636.73469387772
jid_265839,232.0,121.0,1,815,11581,11581,12397,JobState.COMPLETED,0.4394623637199402,176.53061224489815,176.53061224489795,143872.44897959198
jid_265839,232.0,121.0,1,817,11581,11581,12399,JobState.COMPLETED,0.4394623637199402,176.53061224489815,176.53061224489795,144225.5102040818
jid_265972,794.0,204.0,24,2182,10231,10231,12414,JobState.COMPLETED,0.06481989473104477,176.5306122448975,176.53061224489795,9244555.102040792
jid_265839,232.0,121.0,1,832,11581,11581,12414,JobState.COMPLETED,0.4394623637199402,176.53061224489815,176.53061224489795,146873.46938775526
jid_265938,794.0,204.0,24,2762,9653,9653,12416,JobState.COMPLETED,0.040791042149066925,176.53061224489784,176.53061224489795,11701861.224489788
jid_265839,232.0,121.0,1,834,11581,11581,12416,JobState.COMPLETED,0.4394623637199402,176.53061224489815,176.53061224489795,147226.53061224506
jid_265839,232.0,121.0,1,840,11581,11581,12422,JobState.COMPLETED,0.4394623637199402,176.53061224489815,176.53061224489795,148285.71428571444
jid_265839,232.0,121.0,1,842,11581,11581,12424,JobState.COMPLETED,0.4394623637199402,176.53061224489815,176.53061224489795,148638.77551020426
jid_265943,794.0,204.0,24,2132,10293,10293,12426,JobState.COMPLETED,0.04043431580066681,176.53061224489753,176.53061224489795,9032718.367346916
jid_265967,794.0,204.0,24,2124,10325,10325,12450,JobState.COMPLETED,0.039582278579473495,176.53061224489753,176.53061224489795,8998824.489795895
jid_265977,10.0,9.0,12288,183,12324,12324,12508,JobState.COMPLETED,0.0066423797979950905,176.53061224489792,176.53061224489795,396965093.87755096
jid_265975,794.0,204.0,24,2847,9661,9661,12509,JobState.COMPLETED,0.040791042149066925,176.53061224489792,176.53061224489795,12061983.673469385
jid_265980,794.0,204.0,24,2466,10199,10199,12666,JobState.COMPLETED,0.06481989473104477,176.53061224489738,176.53061224489795,10447787.755102007
jid_265990,794.0,204.0,24,2391,10289,10289,12681,JobState.COMPLETED,0.04043431580066681,176.5306122448974,176.53061224489795,10130032.653061192
jid_265981,794.0,204.0,24,2922,9766,9766,12689,JobState.COMPLETED,0.03926880285143852,176.53061224489804,176.53061224489795,12379738.77551021
jid_265997,794.0,204.0,24,3536,9162,9162,12699,JobState.COMPLETED,0.036849088966846466,176.5306122448986,176.53061224489795,14981093.877551075
jid_266000,794.0,204.0,24,2599,10192,10192,12792,JobState.COMPLETED,0.06481989473104477,176.5306122448976,176.53061224489795,11011273.469387732
jid_265998,794.0,204.0,24,2579,10237,10237,12817,JobState.COMPLETED,0.06481989473104477,176.53061224489758,176.53061224489795,10926538.77551018
jid_265991,794.0,204.0,24,2674,10170,10170,12845,JobState.COMPLETED,0.03914100304245949,176.5306122448977,176.53061224489795,11329028.571428556
jid_266010,794.0,204.0,24,2526,10323,10323,12850,JobState.COMPLETED,0.039582278579473495,176.5306122448975,176.53061224489795,10701991.836734666
jid_266003,794.0,204.0,24,3193,9708,9708,12902,JobState.COMPLETED,0.040791042149066925,176.5306122448983,176.53061224489795,13527893.877551045
jid_266009,794.0,204.0,24,2675,10251,10251,12927,JobState.COMPLETED,0.04043431580066681,176.5306122448977,176.53061224489795,11333265.306122432
jid_266012,794.0,204.0,24,2394,10611,10611,13006,JobState.COMPLETED,0.04003632068634033,176.5306122448974,176.53061224489795,10142742.857142825
jid_266014,794.0,204.0,24,2433,10588,10588,13022,JobState.COMPLETED,0.036861520260572433,176.5306122448974,176.53061224489795,10307975.51020405
jid_266030,794.0,204.0,24,2378,10767,10767,13146,JobState.COMPLETED,0.0386701300740242,176.5306122448974,176.53061224489795,10074955.102040786
jid_266015,794.0,204.0,24,2298,10861,10861,13160,JobState.COMPLETED,0.03852536156773567,176.53061224489747,176.53061224489795,9736016.326530585
jid_266011,1062.0,121.0,1,102,13137,13137,13240,JobState.COMPLETED,0.4857505261898041,176.53061224489792,176.53061224489795,18006.12244897959
jid_266011,1062.0,121.0,1,105,13137,13137,13243,JobState.COMPLETED,0.4857505261898041,176.53061224489792,176.53061224489795,18535.714285714283
jid_266011,1062.0,121.0,1,107,13137,13137,13245,JobState.COMPLETED,0.4857505261898041,176.53061224489792,176.53061224489795,18888.77551020408
jid_266011,1062.0,121.0,1,113,13137,13137,13251,JobState.COMPLETED,0.4857505261898041,176.53061224489792,176.53061224489795,19947.959183673465
jid_266011,1062.0,121.0,1,118,13137,13137,13256,JobState.COMPLETED,0.4857505261898041,176.53061224489792,176.53061224489795,20830.612244897955
jid_266011,1062.0,121.0,1,119,13137,13137,13257,JobState.COMPLETED,0.4857505261898041,176.53061224489792,176.53061224489795,21007.14285714285
jid_265984,1067.0,121.0,1,522,12739,12739,13262,JobState.COMPLETED,0.4857127368450165,176.5306122448981,176.53061224489795,92148.9795918368
jid_266011,1062.0,121.0,1,136,13137,13137,13274,JobState.COMPLETED,0.4857505261898041,176.5306122448979,176.53061224489795,24008.163265306113
jid_266011,1062.0,121.0,1,137,13137,13137,13275,JobState.COMPLETED,0.4857505261898041,176.5306122448979,176.53061224489795,24184.693877551013
jid_266011,1062.0,121.0,1,139,13137,13137,13277,JobState.COMPLETED,0.4857505261898041,176.5306122448979,176.53061224489795,24537.755102040806
jid_266011,1062.0,121.0,1,141,13137,13137,13279,JobState.COMPLETED,0.4857505261898041,176.5306122448979,176.53061224489795,24890.816326530603
jid_265984,1067.0,121.0,1,540,12739,12739,13280,JobState.COMPLETED,0.4857127368450165,176.5306122448981,176.53061224489795,95326.53061224497
jid_266011,1062.0,121.0,1,143,13137,13137,13281,JobState.COMPLETED,0.4857505261898041,176.5306122448979,176.53061224489795,25243.8775510204
jid_266011,1062.0,121.0,1,145,13137,13137,13283,JobState.COMPLETED,0.4857505261898041,176.5306122448979,176.53061224489795,25596.938775510196
jid_266011,1062.0,121.0,1,145,13137,13137,13283,JobState.COMPLETED,0.4857505261898041,176.5306122448979,176.53061224489795,25596.938775510196
jid_265984,1067.0,121.0,1,550,12739,12739,13290,JobState.COMPLETED,0.4857127368450165,176.5306122448981,176.53061224489795,97091.83673469395
jid_266011,1062.0,121.0,1,162,13137,13137,13300,JobState.COMPLETED,0.4857505261898041,176.5306122448979,176.53061224489795,28597.959183673458
jid_266033,1069.0,121.0,1,0,13311,13311,13311,JobState.COMPLETED,0.4451662302017212,176.53061224489795,176.53061224489795,0.0
jid_266033,1069.0,121.0,1,0,13311,13311,13312,JobState.COMPLETED,0.4451662302017212,176.53061224489795,176.53061224489795,0.0
jid_266033,1069.0,121.0,1,0,13311,13311,13312,JobState.COMPLETED,0.4451662302017212,176.53061224489795,176.53061224489795,0.0
jid_266033,1069.0,121.0,1,0,13311,13311,13312,JobState.COMPLETED,0.4451662302017212,176.53061224489795,176.53061224489795,0.0
jid_266033,1069.0,121.0,1,1,13311,13311,13313,JobState.COMPLETED,0.4451662302017212,176.53061224489795,176.53061224489795,176.53061224489795
jid_266033,1069.0,121.0,1,2,13311,13311,13314,JobState.COMPLETED,0.4451662302017212,176.53061224489795,176.53061224489795,353.0612244897959
jid_266033,1069.0,121.0,1,2,13311,13311,13314,JobState.COMPLETED,0.4451662302017212,176.53061224489795,176.53061224489795,353.0612244897959
jid_266033,1069.0,121.0,1,2,13311,13311,13314,JobState.COMPLETED,0.4451662302017212,176.53061224489795,176.53061224489795,353.0612244897959
jid_266033,1069.0,121.0,1,2,13311,13311,13314,JobState.COMPLETED,0.4451662302017212,176.53061224489795,176.53061224489795,353.0612244897959
jid_266033,1069.0,121.0,1,2,13311,13311,13314,JobState.COMPLETED,0.4451662302017212,176.53061224489795,176.53061224489795,353.0612244897959
jid_266033,1069.0,121.0,1,3,13311,13311,13315,JobState.COMPLETED,0.4451662302017212,176.53061224489795,176.53061224489795,529.5918367346939
jid_266033,1069.0,121.0,1,3,13311,13311,13315,JobState.COMPLETED,0.4451662302017212,176.53061224489795,176.53061224489795,529.5918367346939
jid_266033,1069.0,121.0,1,3,13311,13311,13315,JobState.COMPLETED,0.4451662302017212,176.53061224489795,176.53061224489795,529.5918367346939
jid_266033,1069.0,121.0,1,4,13311,13311,13316,JobState.COMPLETED,0.4451662302017212,176.53061224489795,176.53061224489795,706.1224489795918
jid_266033,1069.0,121.0,1,4,13311,13311,13316,JobState.COMPLETED,0.4451662302017212,176.53061224489795,176.53061224489795,706.1224489795918
jid_266033,1069.0,121.0,1,4,13311,13311,13316,JobState.COMPLETED,0.4451662302017212,176.53061224489795,176.53061224489795,706.1224489795918
jid_266033,1069.0,121.0,1,4,13311,13311,13316,JobState.COMPLETED,0.4451662302017212,176.53061224489795,176.53061224489795,706.1224489795918
jid_266033,1069.0,121.0,1,4,13311,13311,13316,JobState.COMPLETED,0.4451662302017212,176.53061224489795,176.53061224489795,706.1224489795918
jid_266033,1069.0,121.0,1,5,13311,13311,13317,JobState.COMPLETED,0.4451662302017212,176.53061224489795,176.53061224489795,882.6530612244898
jid_266033,1069.0,121.0,1,5,13311,13311,13317,JobState.COMPLETED,0.4451662302017212,176.53061224489795,176.53061224489795,882.6530612244898
jid_266011,1062.0,121.0,1,180,13137,13137,13318,JobState.COMPLETED,0.4857505261898041,176.5306122448979,176.53061224489795,31775.51020408162
jid_266033,1069.0,121.0,1,6,13311,13311,13318,JobState.COMPLETED,0.4451662302017212,176.53061224489795,176.53061224489795,1059.1836734693877
jid_266033,1069.0,121.0,1,6,13311,13311,13318,JobState.COMPLETED,0.4451662302017212,176.53061224489795,176.53061224489795,1059.1836734693877
jid_266033,1069.0,121.0,1,6,13311,13311,13318,JobState.COMPLETED,0.4451662302017212,176.53061224489795,176.53061224489795,1059.1836734693877
jid_266033,1069.0,121.0,1,9,13311,13311,13321,JobState.COMPLETED,0.4451662302017212,176.53061224489795,176.53061224489795,1588.7755102040815
jid_265984,1067.0,121.0,1,586,12739,12739,13326,JobState.COMPLETED,0.4857127368450165,176.5306122448981,176.53061224489795,103446.93877551028
jid_266011,1062.0,121.0,1,189,13137,13137,13327,JobState.COMPLETED,0.4857505261898041,176.5306122448979,176.53061224489795,33364.2857142857
jid_266011,1062.0,121.0,1,189,13137,13137,13327,JobState.COMPLETED,0.4857505261898041,176.5306122448979,176.53061224489795,33364.2857142857
jid_266011,1062.0,121.0,1,191,13137,13137,13329,JobState.COMPLETED,0.4857505261898041,176.5306122448979,176.53061224489795,33717.346938775496
jid_265984,1067.0,121.0,1,597,12739,12739,13337,JobState.COMPLETED,0.4857127368450165,176.53061224489812,176.53061224489795,105388.77551020418
jid_265984,1067.0,121.0,1,602,12739,12739,13342,JobState.COMPLETED,0.4857127368450165,176.53061224489812,176.53061224489795,106271.42857142867
jid_265984,1067.0,121.0,1,612,12739,12739,13352,JobState.COMPLETED,0.4857127368450165,176.53061224489812,176.53061224489795,108036.73469387765
jid_266064,794.0,204.0,24,2896,10467,10467,13364,JobState.COMPLETED,0.03866990655660629,176.53061224489798,176.53061224489795,12269583.673469389
jid_266054,794.0,204.0,24,1925,11438,11438,13364,JobState.COMPLETED,0.03751208260655403,176.53061224489764,176.53061224489795,8155714.285714271
jid_266011,1062.0,121.0,1,234,13137,13137,13372,JobState.COMPLETED,0.4857505261898041,176.53061224489787,176.53061224489795,41308.1632653061
jid_265984,1067.0,121.0,1,633,12739,12739,13373,JobState.COMPLETED,0.4857127368450165,176.53061224489812,176.53061224489795,111743.87755102052
jid_266065,794.0,204.0,24,3029,10354,10354,13384,JobState.COMPLETED,0.039582278579473495,176.53061224489815,176.53061224489795,12833069.387755118
jid_265984,1067.0,121.0,1,651,12739,12739,13391,JobState.COMPLETED,0.4857127368450165,176.53061224489812,176.53061224489795,114921.42857142868
jid_265984,1067.0,121.0,1,657,12739,12739,13397,JobState.COMPLETED,0.4857127368450165,176.53061224489812,176.53061224489795,115980.61224489806
jid_265984,1067.0,121.0,1,657,12739,12739,13397,JobState.COMPLETED,0.4857127368450165,176.53061224489812,176.53061224489795,115980.61224489806
jid_265984,1067.0,121.0,1,658,12739,12739,13398,JobState.COMPLETED,0.4857127368450165,176.53061224489812,176.53061224489795,116157.14285714297
jid_266011,1062.0,121.0,1,261,13137,13137,13399,JobState.COMPLETED,0.4857505261898041,176.53061224489792,176.53061224489795,46074.48979591836
jid_266032,951.0,121.0,1,88,13311,13311,13400,JobState.COMPLETED,0.47232839465141296,176.53061224489795,176.53061224489795,15534.69387755102
jid_266032,951.0,121.0,1,103,13311,13311,13415,JobState.COMPLETED,0.47232839465141296,176.53061224489792,176.53061224489795,18182.653061224486
jid_266032,951.0,121.0,1,104,13311,13311,13416,JobState.COMPLETED,0.47232839465141296,176.53061224489792,176.53061224489795,18359.183673469382
jid_266011,1062.0,121.0,1,280,13137,13137,13418,JobState.COMPLETED,0.4857505261898041,176.53061224489795,176.53061224489795,49428.57142857143
jid_266032,951.0,121.0,1,106,13311,13311,13418,JobState.COMPLETED,0.47232839465141296,176.53061224489792,176.53061224489795,18712.24489795918
jid_266048,794.0,204.0,24,2146,11275,11275,13422,JobState.COMPLETED,0.03559592738747597,176.53061224489753,176.53061224489795,9092032.653061202
jid_266071,794.0,204.0,24,3083,10340,10340,13424,JobState.COMPLETED,0.039582278579473495,176.53061224489818,176.53061224489795,13061853.061224505
jid_265984,1067.0,121.0,1,686,12739,12739,13426,JobState.COMPLETED,0.4857127368450165,176.53061224489812,176.53061224489795,121100.00000000012
jid_266058,794.0,204.0,24,1921,11507,11507,13429,JobState.COMPLETED,0.03649372234940529,176.53061224489764,176.53061224489795,8138767.346938761
jid_266032,951.0,121.0,1,118,13311,13311,13430,JobState.COMPLETED,0.47232839465141296,176.53061224489792,176.53061224489795,20830.612244897955
jid_265984,1067.0,121.0,1,695,12739,12739,13435,JobState.COMPLETED,0.4857127368450165,176.53061224489815,176.53061224489795,122688.77551020421
jid_266032,951.0,121.0,1,123,13311,13311,13435,JobState.COMPLETED,0.47232839465141296,176.5306122448979,176.53061224489795,21713.26530612244
jid_265984,1067.0,121.0,1,701,12739,12739,13441,JobState.COMPLETED,0.4857127368450165,176.53061224489815,176.53061224489795,123747.9591836736
jid_265984,1067.0,121.0,1,703,12739,12739,13443,JobState.COMPLETED,0.4857127368450165,176.53061224489815,176.53061224489795,124101.0204081634
jid_265984,1067.0,121.0,1,722,12739,12739,13462,JobState.COMPLETED,0.4857127368450165,176.53061224489815,176.53061224489795,127455.10204081646
jid_266032,951.0,121.0,1,160,13311,13311,13472,JobState.COMPLETED,0.47232839465141296,176.5306122448979,176.53061224489795,28244.89795918366
jid_265984,1067.0,121.0,1,733,12739,12739,13473,JobState.COMPLETED,0.4857127368450165,176.53061224489815,176.53061224489795,129396.93877551034
jid_266032,951.0,121.0,1,162,13311,13311,13474,JobState.COMPLETED,0.47232839465141296,176.5306122448979,176.53061224489795,28597.959183673458
jid_266032,951.0,121.0,1,167,13311,13311,13479,JobState.COMPLETED,0.47232839465141296,176.5306122448979,176.53061224489795,29480.612244897948
jid_265984,1067.0,121.0,1,740,12739,12739,13480,JobState.COMPLETED,0.4857127368450165,176.53061224489815,176.53061224489795,130632.65306122463
jid_266011,1062.0,121.0,1,343,13137,13137,13481,JobState.COMPLETED,0.4857505261898041,176.530612244898,176.53061224489795,60550.000000000015
jid_266032,951.0,121.0,1,173,13311,13311,13485,JobState.COMPLETED,0.47232839465141296,176.5306122448979,176.53061224489795,30539.795918367337
jid_265984,1067.0,121.0,1,751,12739,12739,13491,JobState.COMPLETED,0.4857127368450165,176.53061224489815,176.53061224489795,132574.48979591852
jid_265984,1067.0,121.0,1,751,12739,12739,13491,JobState.COMPLETED,0.4857127368450165,176.53061224489815,176.53061224489795,132574.48979591852
jid_265984,1067.0,121.0,1,752,12739,12739,13492,JobState.COMPLETED,0.4857127368450165,176.53061224489815,176.53061224489795,132751.0204081634
jid_266075,794.0,204.0,24,3050,10446,10446,13497,JobState.COMPLETED,0.03866990655660629,176.53061224489815,176.53061224489795,12922040.816326546
jid_266032,951.0,121.0,1,185,13311,13311,13497,JobState.COMPLETED,0.47232839465141296,176.5306122448979,176.53061224489795,32658.16326530611
jid_265984,1067.0,121.0,1,768,12739,12739,13508,JobState.COMPLETED,0.4857127368450165,176.53061224489815,176.53061224489795,135575.51020408177
jid_266011,1062.0,121.0,1,370,13137,13137,13508,JobState.COMPLETED,0.4857505261898041,176.53061224489804,176.53061224489795,65316.32653061227
jid_265984,1067.0,121.0,1,773,12739,12739,13513,JobState.COMPLETED,0.4857127368450165,176.53061224489815,176.53061224489795,136458.16326530627
jid_265984,1067.0,121.0,1,774,12739,12739,13514,JobState.COMPLETED,0.4857127368450165,176.53061224489815,176.53061224489795,136634.69387755118
jid_265984,1067.0,121.0,1,775,12739,12739,13515,JobState.COMPLETED,0.4857127368450165,176.53061224489815,176.53061224489795,136811.22448979606
jid_265984,1067.0,121.0,1,778,12739,12739,13518,JobState.COMPLETED,0.4857127368450165,176.53061224489815,176.53061224489795,137340.81632653077
jid_265984,1067.0,121.0,1,779,12739,12739,13519,JobState.COMPLETED,0.4857127368450165,176.53061224489815,176.53061224489795,137517.34693877565
jid_265984,1067.0,121.0,1,780,12739,12739,13520,JobState.COMPLETED,0.4857127368450165,176.53061224489815,176.53061224489795,137693.87755102056
jid_265984,1067.0,121.0,1,782,12739,12739,13522,JobState.COMPLETED,0.4857127368450165,176.53061224489815,176.53061224489795,138046.93877551035
jid_265839,232.0,121.0,1,1942,11581,11581,13524,JobState.COMPLETED,0.4394623637199402,176.5306122448973,176.53061224489795,342822.44897959055
jid_265984,1067.0,121.0,1,788,12739,12739,13528,JobState.COMPLETED,0.4857127368450165,176.53061224489815,176.53061224489795,139106.12244897973
jid_266081,794.0,204.0,24,3081,10497,10497,13579,JobState.COMPLETED,0.03938020393252373,176.53061224489818,176.53061224489795,13053379.591836752
jid_266011,1062.0,121.0,1,454,13137,13137,13592,JobState.COMPLETED,0.4857505261898041,176.53061224489807,176.53061224489795,80144.89795918373
jid_265984,1067.0,121.0,1,853,12739,12739,13593,JobState.COMPLETED,0.4857127368450165,176.53061224489818,176.53061224489795,150580.61224489813
jid_266011,1062.0,121.0,1,460,13137,13137,13598,JobState.COMPLETED,0.4857505261898041,176.53061224489807,176.53061224489795,81204.0816326531
jid_266032,951.0,121.0,1,294,13311,13311,13606,JobState.COMPLETED,0.47232839465141296,176.53061224489795,176.53061224489795,51900.0
jid_266032,951.0,121.0,1,299,13311,13311,13611,JobState.COMPLETED,0.47232839465141296,176.53061224489795,176.53061224489795,52782.65306122449
jid_266011,1062.0,121.0,1,499,13137,13137,13637,JobState.COMPLETED,0.4857505261898041,176.53061224489807,176.53061224489795,88088.77551020414
jid_266011,1062.0,121.0,1,512,13137,13137,13650,JobState.COMPLETED,0.4857505261898041,176.5306122448981,176.53061224489795,90383.67346938782
jid_266032,951.0,121.0,1,354,13311,13311,13666,JobState.COMPLETED,0.47232839465141296,176.530612244898,176.53061224489795,62491.8367346939
jid_266072,794.0,204.0,24,2848,10851,10851,13700,JobState.COMPLETED,0.03852536156773567,176.53061224489792,176.53061224489795,12066220.408163263
jid_266066,549.0,121.0,1,95,13619,13619,13715,JobState.COMPLETED,0.5114970207214355,176.53061224489792,176.53061224489795,16770.408163265303
jid_266066,549.0,121.0,1,102,13619,13619,13722,JobState.COMPLETED,0.5114970207214355,176.53061224489792,176.53061224489795,18006.12244897959
jid_266114,794.0,204.0,24,1750,11974,11974,13725,JobState.COMPLETED,0.039638884365558624,176.53061224489775,176.53061224489795,7414285.714285705
jid_266066,549.0,121.0,1,136,13619,13619,13756,JobState.COMPLETED,0.5114970207214355,176.5306122448979,176.53061224489795,24008.163265306113
jid_266086,794.0,204.0,24,2235,11523,11523,13759,JobState.COMPLETED,0.03999164327979088,176.5306122448975,176.53061224489795,9469102.040816303
jid_266066,549.0,121.0,1,139,13619,13619,13759,JobState.COMPLETED,0.5114970207214355,176.5306122448979,176.53061224489795,24537.755102040806
jid_266066,549.0,121.0,1,140,13619,13619,13760,JobState.COMPLETED,0.5114970207214355,176.5306122448979,176.53061224489795,24714.285714285706
jid_266110,794.0,204.0,24,1935,11847,11847,13783,JobState.COMPLETED,0.041074786335229874,176.53061224489764,176.53061224489795,8198081.632653046
jid_266066,549.0,121.0,1,169,13619,13619,13789,JobState.COMPLETED,0.5114970207214355,176.5306122448979,176.53061224489795,29833.673469387744
jid_265984,1067.0,121.0,1,1051,12739,12739,13791,JobState.COMPLETED,0.4857127368450165,176.53061224489795,176.53061224489795,185533.67346938775
jid_266066,549.0,121.0,1,173,13619,13619,13793,JobState.COMPLETED,0.5114970207214355,176.5306122448979,176.53061224489795,30539.795918367337
jid_266066,549.0,121.0,1,181,13619,13619,13801,JobState.COMPLETED,0.5114970207214355,176.5306122448979,176.53061224489795,31952.04081632652
jid_266079,946.0,121.0,1,94,13708,13708,13803,JobState.COMPLETED,0.5081978440284729,176.53061224489792,176.53061224489795,16593.877551020403
jid_266066,549.0,121.0,1,195,13619,13619,13815,JobState.COMPLETED,0.5114970207214355,176.5306122448979,176.53061224489795,34423.46938775509
jid_266079,946.0,121.0,1,119,13708,13708,13828,JobState.COMPLETED,0.5081978440284729,176.53061224489792,176.53061224489795,21007.14285714285
jid_266066,549.0,121.0,1,210,13619,13619,13830,JobState.COMPLETED,0.5114970207214355,176.53061224489787,176.53061224489795,37071.42857142855
jid_266116,794.0,204.0,24,3526,10309,10309,13836,JobState.COMPLETED,0.039582278579473495,176.53061224489855,176.53061224489795,14938726.530612294
jid_266079,946.0,121.0,1,128,13708,13708,13837,JobState.COMPLETED,0.5081978440284729,176.5306122448979,176.53061224489795,22595.91836734693
jid_266066,549.0,121.0,1,218,13619,13619,13838,JobState.COMPLETED,0.5114970207214355,176.53061224489787,176.53061224489795,38483.67346938774
jid_266079,946.0,121.0,1,135,13708,13708,13844,JobState.COMPLETED,0.5081978440284729,176.5306122448979,176.53061224489795,23831.632653061217
jid_266079,946.0,121.0,1,137,13708,13708,13846,JobState.COMPLETED,0.5081978440284729,176.5306122448979,176.53061224489795,24184.693877551013
jid_266099,794.0,204.0,24,2312,11538,11538,13851,JobState.COMPLETED,0.03999164327979088,176.53061224489747,176.53061224489795,9795330.61224487
jid_266127,794.0,204.0,24,2182,11673,11673,13856,JobState.COMPLETED,0.03812519833445549,176.5306122448975,176.53061224489795,9244555.102040792
jid_266066,549.0,121.0,1,241,13619,13619,13861,JobState.COMPLETED,0.5114970207214355,176.5306122448979,176.53061224489795,42543.87755102039
jid_266066,549.0,121.0,1,242,13619,13619,13862,JobState.COMPLETED,0.5114970207214355,176.5306122448979,176.53061224489795,42720.40816326529
jid_266066,549.0,121.0,1,244,13619,13619,13864,JobState.COMPLETED,0.5114970207214355,176.5306122448979,176.53061224489795,43073.46938775509
jid_266066,549.0,121.0,1,255,13619,13619,13875,JobState.COMPLETED,0.5114970207214355,176.5306122448979,176.53061224489795,45015.306122448965
jid_266105,794.0,204.0,24,2556,11320,11320,13877,JobState.COMPLETED,0.03559592738747597,176.53061224489753,176.53061224489795,10829093.877550993
jid_266066,549.0,121.0,1,257,13619,13619,13877,JobState.COMPLETED,0.5114970207214355,176.5306122448979,176.53061224489795,45368.36734693876
jid_266066,549.0,121.0,1,272,13619,13619,13892,JobState.COMPLETED,0.5114970207214355,176.53061224489792,176.53061224489795,48016.326530612234
jid_266079,946.0,121.0,1,189,13708,13708,13898,JobState.COMPLETED,0.5081978440284729,176.5306122448979,176.53061224489795,33364.2857142857
jid_266066,549.0,121.0,1,292,13619,13619,13912,JobState.COMPLETED,0.5114970207214355,176.53061224489795,176.53061224489795,51546.9387755102
jid_266125,794.0,204.0,24,1652,12270,12270,13923,JobState.COMPLETED,0.040245525538921356,176.53061224489784,176.53061224489795,6999085.71428571
jid_266149,794.0,204.0,24,2072,11853,11853,13926,JobState.COMPLETED,0.041074786335229874,176.53061224489758,176.53061224489795,8778514.285714267
jid_266079,946.0,121.0,1,221,13708,13708,13930,JobState.COMPLETED,0.5081978440284729,176.53061224489787,176.53061224489795,39013.26530612243
jid_266066,549.0,121.0,1,311,13619,13619,13931,JobState.COMPLETED,0.5114970207214355,176.53061224489798,176.53061224489795,54901.02040816327
jid_266079,946.0,121.0,1,232,13708,13708,13941,JobState.COMPLETED,0.5081978440284729,176.53061224489787,176.53061224489795,40955.1020408163
jid_266079,946.0,121.0,1,247,13708,13708,13956,JobState.COMPLETED,0.5081978440284729,176.5306122448979,176.53061224489795,43603.06122448978
jid_266137,794.0,204.0,24,3398,10560,10560,13959,JobState.COMPLETED,0.036861520260572433,176.5306122448985,176.53061224489795,14396424.48979596
jid_266066,549.0,121.0,1,341,13619,13619,13961,JobState.COMPLETED,0.5114970207214355,176.530612244898,176.53061224489795,60196.93877551022
jid_266066,549.0,121.0,1,350,13619,13619,13970,JobState.COMPLETED,0.5114970207214355,176.530612244898,176.53061224489795,61785.714285714304
jid_266066,549.0,121.0,1,362,13619,13619,13982,JobState.COMPLETED,0.5114970207214355,176.530612244898,176.53061224489795,63904.08163265308
jid_266079,946.0,121.0,1,290,13708,13708,13999,JobState.COMPLETED,0.5081978440284729,176.53061224489795,176.53061224489795,51193.87755102041
jid_266101,794.0,204.0,24,2808,11192,11192,14001,JobState.COMPLETED,0.08718221634626389,176.53061224489787,176.53061224489795,11896751.020408157
jid_266066,549.0,121.0,1,381,13619,13619,14001,JobState.COMPLETED,0.5114970207214355,176.53061224489804,176.53061224489795,67258.16326530615
jid_266079,946.0,121.0,1,303,13708,13708,14012,JobState.COMPLETED,0.5081978440284729,176.53061224489798,176.53061224489795,53488.77551020409
jid_266173,794.0,204.0,24,2003,12012,12012,14016,JobState.COMPLETED,0.03988493233919144,176.5306122448976,176.53061224489795,8486179.591836717
jid_266066,549.0,121.0,1,408,13619,13619,14028,JobState.COMPLETED,0.5114970207214355,176.53061224489804,176.53061224489795,72024.4897959184
jid_266079,946.0,121.0,1,331,13708,13708,14040,JobState.COMPLETED,0.5081978440284729,176.530612244898,176.53061224489795,58431.63265306124
jid_266155,794.0,204.0,24,2612,11468,11468,14081,JobState.COMPLETED,0.03649372234940529,176.5306122448976,176.53061224489795,11066351.020408142
jid_265984,1067.0,121.0,1,1366,12739,12739,14106,JobState.COMPLETED,0.4857127368450165,176.5306122448976,176.53061224489795,241140.81632653013
jid_266079,946.0,121.0,1,402,13708,13708,14111,JobState.COMPLETED,0.5081978440284729,176.53061224489804,176.53061224489795,70965.30612244901
jid_266161,794.0,204.0,24,2695,11425,11425,14121,JobState.COMPLETED,0.03751208260655403,176.53061224489772,176.53061224489795,11417999.999999985
jid_266079,946.0,121.0,1,555,13708,13708,14264,JobState.COMPLETED,0.5081978440284729,176.5306122448981,176.53061224489795,97974.48979591845
jid_266174,794.0,204.0,24,2987,11298,11298,14286,JobState.COMPLETED,0.03559592738747597,176.53061224489807,176.53061224489795,12655126.530612253
jid_266148,818.0,121.0,1,412,13897,13897,14310,JobState.COMPLETED,0.5114392042160034,176.53061224489807,176.53061224489795,72730.612244898
jid_266214,794.0,204.0,24,2246,12068,12068,14315,JobState.COMPLETED,0.039607513695955276,176.5306122448975,176.53061224489795,9515706.122448955
jid_266215,794.0,204.0,24,2456,11872,11872,14329,JobState.COMPLETED,0.03935589641332626,176.53061224489738,176.53061224489795,10405420.40816323
jid_266180,794.0,204.0,24,3084,11259,11259,14344,JobState.COMPLETED,0.03540783002972603,176.53061224489818,176.53061224489795,13066089.795918385
jid_266228,794.0,204.0,24,2642,11743,11743,14386,JobState.COMPLETED,0.03933967649936676,176.53061224489764,176.53061224489795,11193453.061224468
jid_266197,794.0,204.0,24,2900,11496,11496,14397,JobState.COMPLETED,0.03649372234940529,176.53061224489798,176.53061224489795,12286530.6122449
jid_266188,794.0,204.0,24,3123,11284,11284,14408,JobState.COMPLETED,0.03559592738747597,176.5306122448982,176.53061224489795,13231322.448979612
jid_266243,794.0,204.0,24,2493,11916,11916,14410,JobState.COMPLETED,0.03935589641332626,176.53061224489747,176.53061224489795,10562179.591836706
jid_266148,818.0,121.0,1,523,13897,13897,14421,JobState.COMPLETED,0.5114392042160034,176.5306122448981,176.53061224489795,92325.5102040817
jid_266148,818.0,121.0,1,539,13897,13897,14437,JobState.COMPLETED,0.5114392042160034,176.5306122448981,176.53061224489795,95150.00000000007
jid_266248,794.0,204.0,24,2488,11952,11952,14441,JobState.COMPLETED,0.039638884365558624,176.5306122448974,176.53061224489795,10540995.918367315
jid_266256,794.0,204.0,24,2532,11921,11921,14454,JobState.COMPLETED,0.03935589641332626,176.5306122448975,176.53061224489795,10727412.244897932
jid_266148,818.0,121.0,1,561,13897,13897,14459,JobState.COMPLETED,0.5114392042160034,176.5306122448981,176.53061224489795,99033.67346938782
jid_266379,1032.0,121.0,64,12778,1681,1681,14460,JobState.COMPLETED,0.009491505101323128,176.5306122449027,176.53061224489795,144365322.44898346
jid_266260,794.0,204.0,24,2338,12125,12125,14464,JobState.COMPLETED,0.06234455481171608,176.53061224489747,176.53061224489795,9905485.714285687
jid_266148,818.0,121.0,1,566,13897,13897,14464,JobState.COMPLETED,0.5114392042160034,176.5306122448981,176.53061224489795,99916.32653061232
jid_266148,818.0,121.0,1,569,13897,13897,14467,JobState.COMPLETED,0.5114392042160034,176.5306122448981,176.53061224489795,100445.91836734701
jid_266270,794.0,204.0,24,2569,11898,11898,14468,JobState.COMPLETED,0.03935589641332626,176.53061224489753,176.53061224489795,10884171.428571401
jid_265839,232.0,121.0,1,2891,11581,11581,14473,JobState.COMPLETED,0.4394623637199402,176.53061224489701,176.53061224489795,510349.99999999726
jid_266266,794.0,204.0,24,2655,11822,11822,14478,JobState.COMPLETED,0.041074786335229874,176.5306122448977,176.53061224489795,11248530.612244882
jid_266177,794.0,204.0,24,3296,11189,11189,14486,JobState.COMPLETED,0.08718221634626389,176.53061224489838,176.53061224489795,13964277.551020442
jid_266223,794.0,204.0,24,1346,13157,13157,14504,JobState.COMPLETED,0.047542620450258255,176.53061224489818,176.53061224489795,5702644.897959191
jid_266148,818.0,121.0,1,606,13897,13897,14504,JobState.COMPLETED,0.5114392042160034,176.53061224489812,176.53061224489795,106977.55102040827
jid_266079,946.0,121.0,1,796,13708,13708,14505,JobState.COMPLETED,0.5081978440284729,176.53061224489815,176.53061224489795,140518.36734693893
jid_266216,794.0,204.0,24,3199,11328,11328,14528,JobState.COMPLETED,0.03559592738747597,176.5306122448983,176.53061224489795,13553314.285714313
jid_266261,794.0,204.0,24,2348,12181,12181,14530,JobState.COMPLETED,0.040047790855169296,176.53061224489747,176.53061224489795,9947853.061224462
jid_266192,794.0,204.0,24,1041,13488,13488,14530,JobState.COMPLETED,0.04835589975118637,176.5306122448982,176.53061224489795,4410440.816326537
jid_266148,818.0,121.0,1,661,13897,13897,14559,JobState.COMPLETED,0.5114392042160034,176.53061224489812,176.53061224489795,116686.73469387766
jid_266148,818.0,121.0,1,685,13897,13897,14583,JobState.COMPLETED,0.5114392042160034,176.53061224489812,176.53061224489795,120923.46938775522
jid_266148,818.0,121.0,1,687,13897,13897,14585,JobState.COMPLETED,0.5114392042160034,176.53061224489812,176.53061224489795,121276.53061224501
jid_266148,818.0,121.0,1,693,13897,13897,14591,JobState.COMPLETED,0.5114392042160034,176.53061224489815,176.53061224489795,122335.71428571442
jid_266148,818.0,121.0,1,694,13897,13897,14592,JobState.COMPLETED,0.5114392042160034,176.53061224489815,176.53061224489795,122512.24489795932
jid_266148,818.0,121.0,1,695,13897,13897,14593,JobState.COMPLETED,0.5114392042160034,176.53061224489815,176.53061224489795,122688.77551020421
jid_266148,818.0,121.0,1,697,13897,13897,14595,JobState.COMPLETED,0.5114392042160034,176.53061224489815,176.53061224489795,123041.836734694
jid_266148,818.0,121.0,1,698,13897,13897,14596,JobState.COMPLETED,0.5114392042160034,176.53061224489815,176.53061224489795,123218.3673469389
jid_266148,818.0,121.0,1,700,13897,13897,14598,JobState.COMPLETED,0.5114392042160034,176.53061224489815,176.53061224489795,123571.42857142871
jid_266148,818.0,121.0,1,704,13897,13897,14602,JobState.COMPLETED,0.5114392042160034,176.53061224489815,176.53061224489795,124277.5510204083
jid_266279,794.0,204.0,24,3062,11541,11541,14604,JobState.COMPLETED,0.03999164327979088,176.53061224489818,176.53061224489795,12972881.632653076
jid_266148,818.0,121.0,1,712,13897,13897,14610,JobState.COMPLETED,0.5114392042160034,176.53061224489815,176.53061224489795,125689.79591836748
jid_266285,794.0,204.0,24,2393,12219,12219,14613,JobState.COMPLETED,0.040047790855169296,176.5306122448974,176.53061224489795,10138506.122448947
jid_266148,818.0,121.0,1,715,13897,13897,14613,JobState.COMPLETED,0.5114392042160034,176.53061224489815,176.53061224489795,126219.38775510217
jid_266148,818.0,121.0,1,717,13897,13897,14615,JobState.COMPLETED,0.5114392042160034,176.53061224489815,176.53061224489795,126572.44897959198
jid_266148,818.0,121.0,1,731,13897,13897,14629,JobState.COMPLETED,0.5114392042160034,176.53061224489815,176.53061224489795,129043.87755102055
jid_266329,794.0,204.0,24,2637,11992,11992,14630,JobState.COMPLETED,0.03988493233919144,176.53061224489764,176.53061224489795,11172269.387755083
jid_266300,794.0,204.0,24,3084,11558,11558,14643,JobState.COMPLETED,0.03999164327979088,176.53061224489818,176.53061224489795,13066089.795918385
jid_266209,794.0,204.0,24,1596,13047,13047,14644,JobState.COMPLETED,0.07489550858736038,176.53061224489792,176.53061224489795,6761828.571428571
jid_266334,794.0,204.0,24,2589,12066,12066,14656,JobState.COMPLETED,0.039607513695955276,176.53061224489758,176.53061224489795,10968906.122448957
jid_266148,818.0,121.0,1,770,13897,13897,14668,JobState.COMPLETED,0.5114392042160034,176.53061224489815,176.53061224489795,135928.57142857157
jid_266148,818.0,121.0,1,784,13897,13897,14682,JobState.COMPLETED,0.5114392042160034,176.53061224489815,176.53061224489795,138400.00000000015
jid_266308,794.0,204.0,24,2460,12251,12251,14712,JobState.COMPLETED,0.040245525538921356,176.53061224489738,176.53061224489795,10422367.34693874
jid_266286,794.0,204.0,24,1501,13242,13242,14744,JobState.COMPLETED,0.0491766594350338,176.53061224489798,176.53061224489795,6359338.775510205
jid_266230,10.0,9.0,12288,176,14572,14572,14749,JobState.COMPLETED,0.0066632661037147045,176.53061224489792,176.53061224489795,381780636.73469377
jid_266148,818.0,121.0,1,855,13897,13897,14753,JobState.COMPLETED,0.5114392042160034,176.53061224489818,176.53061224489795,150933.67346938796
jid_266345,794.0,204.0,24,3173,11587,11587,14761,JobState.COMPLETED,0.03755289316177368,176.53061224489826,176.53061224489795,13443159.183673494
jid_266380,794.0,204.0,24,2750,12019,12019,14770,JobState.COMPLETED,0.03988493233919144,176.5306122448978,176.53061224489795,11651020.408163257
jid_266314,794.0,204.0,24,3406,11364,11364,14771,JobState.COMPLETED,0.0380580872297287,176.5306122448985,176.53061224489795,14430318.367346982
jid_266372,794.0,204.0,24,2911,11867,11867,14779,JobState.COMPLETED,0.041074786335229874,176.53061224489798,176.53061224489795,12333134.693877554
jid_266390,794.0,204.0,24,2797,11984,11984,14782,JobState.COMPLETED,0.039638884365558624,176.53061224489787,176.53061224489795,11850146.938775504
jid_266252,794.0,204.0,24,1317,13470,13470,14788,JobState.COMPLETED,0.04835589975118637,176.5306122448982,176.53061224489795,5579779.591836743
jid_266392,794.0,204.0,24,2741,12048,12048,14790,JobState.COMPLETED,0.03988493233919144,176.5306122448978,176.53061224489795,11612889.795918358
jid_266280,794.0,204.0,24,1156,13639,13639,14796,JobState.COMPLETED,0.052327051758766174,176.5306122448983,176.53061224489795,4897665.306122458
jid_266328,794.0,204.0,24,2476,12320,12320,14797,JobState.COMPLETED,0.03944632411003113,176.5306122448974,176.53061224489795,10490155.102040784
jid_266373,794.0,204.0,24,2691,12108,12108,14800,JobState.COMPLETED,0.039607513695955276,176.53061224489772,176.53061224489795,11401053.061224476
jid_266361,794.0,204.0,24,3117,11685,11685,14803,JobState.COMPLETED,0.03812519833445549,176.5306122448982,176.53061224489795,13205902.040816344
jid_266316,794.0,204.0,24,1691,13153,13153,14845,JobState.COMPLETED,0.047542620450258255,176.5306122448978,176.53061224489795,7164318.367346933
jid_266416,794.0,204.0,24,2817,12044,12044,14862,JobState.COMPLETED,0.03988493233919144,176.53061224489787,176.53061224489795,11934881.632653054
jid_266293,794.0,204.0,24,1754,13116,13116,14871,JobState.COMPLETED,0.048270829021930695,176.53061224489775,176.53061224489795,7431232.653061216
jid_266362,794.0,204.0,24,2577,12339,12339,14917,JobState.COMPLETED,0.03944632411003113,176.53061224489758,176.53061224489795,10918065.306122426
jid_266311,794.0,204.0,24,2219,12760,12760,14980,JobState.COMPLETED,0.04105272516608238,176.5306122448975,176.53061224489795,9401314.285714261
jid_266360,794.0,204.0,24,1785,13207,13207,14993,JobState.COMPLETED,0.0491766594350338,176.53061224489775,176.53061224489795,7562571.42857142
jid_266353,794.0,204.0,24,1894,13134,13134,15029,JobState.COMPLETED,0.047542620450258255,176.5306122448977,176.53061224489795,8024375.510204069
jid_266341,794.0,204.0,24,1590,13451,13451,15042,JobState.COMPLETED,0.04835589975118637,176.53061224489792,176.53061224489795,6736408.163265305
jid_266350,794.0,204.0,24,993,14076,14076,15070,JobState.COMPLETED,0.057464588433504105,176.53061224489818,176.53061224489795,4207077.551020414
jid_266367,794.0,204.0,24,2196,12932,12932,15129,JobState.COMPLETED,0.04329081252217293,176.5306122448975,176.53061224489795,9303869.387755077
jid_266393,794.0,204.0,24,1692,13469,13469,15162,JobState.COMPLETED,0.04835589975118637,176.5306122448978,176.53061224489795,7168555.1020408105
jid_266452,794.0,204.0,24,1942,13221,13221,15164,JobState.COMPLETED,0.0491766594350338,176.53061224489764,176.53061224489795,8227738.775510188
jid_266411,794.0,204.0,24,1753,13459,13459,15213,JobState.COMPLETED,0.04835589975118637,176.53061224489775,176.53061224489795,7426995.918367337
jid_266403,10.0,9.0,12288,181,15035,15035,15217,JobState.COMPLETED,0.006659520789980888,176.53061224489792,176.53061224489795,392626677.5510203
jid_266488,794.0,204.0,24,503,14727,14727,15231,JobState.COMPLETED,0.08697757124900818,176.5306122448978,176.53061224489795,2131077.551020406
jid_266409,794.0,204.0,24,2373,12858,12858,15232,JobState.COMPLETED,0.0416891947388649,176.5306122448974,176.53061224489795,10053771.428571397
jid_266448,794.0,204.0,24,1127,14107,14107,15235,JobState.COMPLETED,0.06366781145334244,176.5306122448983,176.53061224489795,4774800.000000009
jid_266453,794.0,204.0,24,545,14702,14702,15248,JobState.COMPLETED,0.08697757124900818,176.53061224489775,176.53061224489795,2309020.4081632625
jid_266425,794.0,204.0,24,1639,13609,13609,15249,JobState.COMPLETED,0.052327051758766174,176.53061224489787,176.53061224489795,6944008.163265302
jid_266457,794.0,204.0,24,557,14692,14692,15250,JobState.COMPLETED,0.08697757124900818,176.53061224489775,176.53061224489795,2359861.224489793
jid_266439,794.0,204.0,24,1723,13530,13530,15254,JobState.COMPLETED,0.051896560937166214,176.5306122448978,176.53061224489795,7299893.877551015
jid_266475,794.0,204.0,24,555,14701,14701,15257,JobState.COMPLETED,0.08697757124900818,176.53061224489775,176.53061224489795,2351387.7551020384
jid_266444,794.0,204.0,24,1188,14073,14073,15262,JobState.COMPLETED,0.057464588433504105,176.5306122448983,176.53061224489795,5033240.81632654
jid_266418,1054.0,121.0,1,64,15197,15197,15262,JobState.COMPLETED,0.48701444268226624,176.53061224489798,176.53061224489795,11297.95918367347
jid_266418,1054.0,121.0,1,67,15197,15197,15265,JobState.COMPLETED,0.48701444268226624,176.53061224489798,176.53061224489795,11827.551020408164
jid_266486,794.0,204.0,24,576,14689,14689,15266,JobState.COMPLETED,0.08697757124900818,176.53061224489775,176.53061224489795,2440359.1836734666
jid_266418,1054.0,121.0,1,70,15197,15197,15268,JobState.COMPLETED,0.48701444268226624,176.53061224489795,176.53061224489795,12357.142857142857
jid_266418,1054.0,121.0,1,71,15197,15197,15269,JobState.COMPLETED,0.48701444268226624,176.53061224489795,176.53061224489795,12533.673469387755
jid_266418,1054.0,121.0,1,71,15197,15197,15269,JobState.COMPLETED,0.48701444268226624,176.53061224489795,176.53061224489795,12533.673469387755
jid_266445,794.0,204.0,24,2282,12987,12987,15270,JobState.COMPLETED,0.04480252414941788,176.53061224489747,176.53061224489795,9668228.571428545
jid_266418,1054.0,121.0,1,72,15197,15197,15270,JobState.COMPLETED,0.48701444268226624,176.53061224489795,176.53061224489795,12710.204081632652
jid_266418,1054.0,121.0,1,72,15197,15197,15270,JobState.COMPLETED,0.48701444268226624,176.53061224489795,176.53061224489795,12710.204081632652
jid_266418,1054.0,121.0,1,72,15197,15197,15270,JobState.COMPLETED,0.48701444268226624,176.53061224489795,176.53061224489795,12710.204081632652
jid_266418,1054.0,121.0,1,73,15197,15197,15271,JobState.COMPLETED,0.48701444268226624,176.53061224489795,176.53061224489795,12886.73469387755
jid_266418,1054.0,121.0,1,73,15197,15197,15271,JobState.COMPLETED,0.48701444268226624,176.53061224489795,176.53061224489795,12886.73469387755
jid_266418,1054.0,121.0,1,73,15197,15197,15271,JobState.COMPLETED,0.48701444268226624,176.53061224489795,176.53061224489795,12886.73469387755
jid_266418,1054.0,121.0,1,75,15197,15197,15273,JobState.COMPLETED,0.48701444268226624,176.53061224489795,176.53061224489795,13239.795918367347
jid_266418,1054.0,121.0,1,79,15197,15197,15277,JobState.COMPLETED,0.48701444268226624,176.53061224489795,176.53061224489795,13945.918367346938
jid_266436,794.0,204.0,24,613,14665,14665,15279,JobState.COMPLETED,0.07902626693248749,176.53061224489775,176.53061224489795,2597118.367346936
jid_266454,794.0,204.0,24,1682,13600,13600,15283,JobState.COMPLETED,0.05268239974975586,176.53061224489784,176.53061224489795,7126187.7551020365
jid_266418,1054.0,121.0,1,91,15197,15197,15289,JobState.COMPLETED,0.48701444268226624,176.53061224489792,176.53061224489795,16064.285714285712
jid_266418,1054.0,121.0,1,98,15197,15197,15296,JobState.COMPLETED,0.48701444268226624,176.53061224489792,176.53061224489795,17299.999999999996
jid_266418,1054.0,121.0,1,100,15197,15197,15298,JobState.COMPLETED,0.48701444268226624,176.53061224489792,176.53061224489795,17653.061224489793
jid_266418,1054.0,121.0,1,101,15197,15197,15299,JobState.COMPLETED,0.48701444268226624,176.53061224489792,176.53061224489795,17829.59183673469
jid_266418,1054.0,121.0,1,101,15197,15197,15299,JobState.COMPLETED,0.48701444268226624,176.53061224489792,176.53061224489795,17829.59183673469
jid_266418,1054.0,121.0,1,144,15197,15197,15342,JobState.COMPLETED,0.48701444268226624,176.5306122448979,176.53061224489795,25420.408163265296
jid_266418,1054.0,121.0,1,180,15197,15197,15378,JobState.COMPLETED,0.48701444268226624,176.5306122448979,176.53061224489795,31775.51020408162
jid_266492,10.0,9.0,12288,128,15254,15254,15383,JobState.COMPLETED,0.0066580697894096375,176.53061224489795,176.53061224489795,277658644.8979592
jid_266418,1054.0,121.0,1,204,15197,15197,15402,JobState.COMPLETED,0.48701444268226624,176.5306122448979,176.53061224489795,36012.24489795917
jid_266418,1054.0,121.0,1,214,15197,15197,15412,JobState.COMPLETED,0.48701444268226624,176.53061224489787,176.53061224489795,37777.551020408144
jid_266490,10.0,9.0,12288,171,15255,15383,15555,JobState.COMPLETED,0.0066580697894096375,176.53061224489792,176.53061224489795,370934595.91836727
jid_266491,10.0,9.0,12288,176,15257,15412,15589,JobState.COMPLETED,0.0066580697894096375,176.53061224489792,176.53061224489795,381780636.73469377
jid_266495,10.0,9.0,12288,140,15466,15555,15696,JobState.COMPLETED,0.006658067926764488,176.53061224489795,176.53061224489795,303689142.85714287
jid_266493,10.0,9.0,12288,179,15469,15589,15769,JobState.COMPLETED,0.006658051162958145,176.53061224489792,176.53061224489795,388288261.2244897
jid_266498,10.0,9.0,12288,146,15688,15696,15843,JobState.COMPLETED,0.0066580455750226974,176.53061224489795,176.53061224489795,316704391.83673465
jid_266496,10.0,9.0,12288,175,15689,15769,15945,JobState.COMPLETED,0.0066580455750226974,176.53061224489792,176.53061224489795,379611428.57142854
jid_266497,10.0,9.0,12288,175,15691,15843,16019,JobState.COMPLETED,0.0066580455750226974,176.53061224489792,176.53061224489795,379611428.57142854
jid_266546,794.0,204.0,24,243,15830,15945,16189,JobState.COMPLETED,0.12105850875377655,176.53061224489784,176.53061224489795,1029526.5306122443
jid_266519,794.0,204.0,24,245,15827,15945,16191,JobState.COMPLETED,0.12115631252527237,176.53061224489784,176.53061224489795,1037999.9999999993
jid_266532,794.0,204.0,24,245,15828,15945,16191,JobState.COMPLETED,0.12115631252527237,176.53061224489784,176.53061224489795,1037999.9999999993
jid_266517,794.0,204.0,24,246,15826,15945,16192,JobState.COMPLETED,0.12115631252527237,176.53061224489784,176.53061224489795,1042236.7346938768
jid_266520,794.0,204.0,24,246,15827,15945,16192,JobState.COMPLETED,0.12115631252527237,176.53061224489784,176.53061224489795,1042236.7346938768
jid_266554,794.0,204.0,24,246,15831,15945,16192,JobState.COMPLETED,0.12105850875377655,176.53061224489784,176.53061224489795,1042236.7346938768
jid_266566,794.0,204.0,24,246,15833,15945,16192,JobState.COMPLETED,0.12105850875377655,176.53061224489784,176.53061224489795,1042236.7346938768
jid_266521,794.0,204.0,24,247,15827,15945,16193,JobState.COMPLETED,0.12115631252527237,176.53061224489784,176.53061224489795,1046473.4693877543
jid_266569,794.0,204.0,24,247,15832,15945,16193,JobState.COMPLETED,0.12105850875377655,176.53061224489784,176.53061224489795,1046473.4693877543
jid_266525,794.0,204.0,24,251,15827,15945,16197,JobState.COMPLETED,0.12115631252527237,176.53061224489784,176.53061224489795,1063420.4081632646
jid_266588,794.0,204.0,24,252,15845,15945,16198,JobState.COMPLETED,0.12105850875377655,176.53061224489784,176.53061224489795,1067657.142857142
jid_266589,794.0,204.0,24,253,15845,15945,16199,JobState.COMPLETED,0.12105850875377655,176.53061224489784,176.53061224489795,1071893.8775510197
jid_266552,794.0,204.0,24,255,15830,15945,16201,JobState.COMPLETED,0.12105850875377655,176.53061224489784,176.53061224489795,1080367.346938775
jid_266528,794.0,204.0,24,256,15827,15945,16202,JobState.COMPLETED,0.12115631252527237,176.53061224489784,176.53061224489795,1084604.0816326523
jid_266534,794.0,204.0,24,258,15828,15945,16204,JobState.COMPLETED,0.12115631252527237,176.53061224489784,176.53061224489795,1093077.5510204074
jid_266594,794.0,204.0,24,260,15845,15945,16206,JobState.COMPLETED,0.12105850875377655,176.53061224489784,176.53061224489795,1101551.0204081626
jid_266501,794.0,204.0,24,264,15824,15945,16210,JobState.COMPLETED,0.12115631252527237,176.53061224489784,176.53061224489795,1118497.959183673
jid_266614,794.0,204.0,24,243,15994,15994,16238,JobState.COMPLETED,0.12149740755558014,176.53061224489784,176.53061224489795,1029526.5306122443
jid_266625,794.0,204.0,24,243,15997,15997,16241,JobState.COMPLETED,0.12149740755558014,176.53061224489784,176.53061224489795,1029526.5306122443
jid_266621,794.0,204.0,24,248,15996,15996,16245,JobState.COMPLETED,0.12149740755558014,176.53061224489784,176.53061224489795,1050710.2040816317
jid_266572,794.0,204.0,24,318,15831,15945,16264,JobState.COMPLETED,0.12105850875377655,176.53061224489784,176.53061224489795,1347281.6326530604
jid_266549,10.0,9.0,12288,146,16130,16130,16277,JobState.COMPLETED,0.006639305502176285,176.53061224489795,176.53061224489795,316704391.83673465
jid_266563,36587.0,4.0,64,7,16318,16318,16326,JobState.COMPLETED,0.25953009724617004,176.53061224489795,176.53061224489795,79085.71428571429
jid_266604,10.0,9.0,12288,175,16365,16365,16541,JobState.COMPLETED,0.006691451650112867,176.53061224489792,176.53061224489795,379611428.57142854
jid_266631,10.0,9.0,12288,184,16586,16586,16771,JobState.COMPLETED,0.006659412756562233,176.53061224489792,176.53061224489795,399134302.04081625
jid_266676,10.0,9.0,12288,131,16814,16814,16946,JobState.COMPLETED,0.006654065102338791,176.53061224489795,176.53061224489795,284166269.3877551
jid_266636,36587.0,4.0,64,9,16978,16978,16988,JobState.COMPLETED,0.2685715854167938,176.53061224489795,176.53061224489795,101681.63265306121
jid_266635,794.0,204.0,24,237,16753,16753,16991,JobState.COMPLETED,0.12042032927274704,176.53061224489787,176.53061224489795,1004106.122448979
jid_266653,794.0,204.0,24,256,16747,16747,17004,JobState.COMPLETED,0.12042032927274704,176.53061224489784,176.53061224489795,1084604.0816326523
jid_266645,794.0,204.0,24,253,16750,16750,17004,JobState.COMPLETED,0.12042032927274704,176.53061224489784,176.53061224489795,1071893.8775510197
jid_266646,794.0,204.0,24,252,16751,16751,17004,JobState.COMPLETED,0.12042032927274704,176.53061224489784,176.53061224489795,1067657.142857142
jid_266642,794.0,204.0,24,257,16747,16747,17005,JobState.COMPLETED,0.12042032927274704,176.53061224489784,176.53061224489795,1088840.8163265297
jid_266641,794.0,204.0,24,255,16749,16749,17005,JobState.COMPLETED,0.12042032927274704,176.53061224489784,176.53061224489795,1080367.346938775
jid_266654,794.0,204.0,24,258,16747,16747,17006,JobState.COMPLETED,0.12042032927274704,176.53061224489784,176.53061224489795,1093077.5510204074
jid_266656,794.0,204.0,24,254,16751,16751,17006,JobState.COMPLETED,0.12042032927274704,176.53061224489784,176.53061224489795,1076130.6122448973
jid_266640,794.0,204.0,24,251,16755,16755,17007,JobState.COMPLETED,0.12042032927274704,176.53061224489784,176.53061224489795,1063420.4081632646
jid_266650,794.0,204.0,24,257,16751,16751,17009,JobState.COMPLETED,0.12042032927274704,176.53061224489784,176.53061224489795,1088840.8163265297
jid_266648,794.0,204.0,24,261,16748,16748,17010,JobState.COMPLETED,0.12042032927274704,176.53061224489784,176.53061224489795,1105787.75510204
jid_266678,794.0,204.0,24,259,16751,16751,17011,JobState.COMPLETED,0.12042032927274704,176.53061224489784,176.53061224489795,1097314.285714285
jid_266673,794.0,204.0,24,257,16753,16753,17011,JobState.COMPLETED,0.12042032927274704,176.53061224489784,176.53061224489795,1088840.8163265297
jid_266693,794.0,204.0,24,267,16750,16750,17018,JobState.COMPLETED,0.12042032927274704,176.53061224489784,176.53061224489795,1131208.1632653053
jid_266698,794.0,204.0,24,265,16753,16753,17019,JobState.COMPLETED,0.12042032927274704,176.53061224489784,176.53061224489795,1122734.6938775503
jid_266685,794.0,204.0,24,268,16751,16751,17020,JobState.COMPLETED,0.12042032927274704,176.53061224489784,176.53061224489795,1135444.897959183
jid_266684,794.0,204.0,24,266,16753,16753,17020,JobState.COMPLETED,0.12042032927274704,176.53061224489784,176.53061224489795,1126971.4285714277
jid_266680,794.0,204.0,24,264,16755,16755,17020,JobState.COMPLETED,0.12042032927274704,176.53061224489784,176.53061224489795,1118497.959183673
jid_266707,10.0,9.0,12288,142,17036,17036,17179,JobState.COMPLETED,0.00665125111117959,176.53061224489795,176.53061224489795,308027559.1836735
jid_266705,794.0,204.0,24,463,16753,16753,17217,JobState.COMPLETED,0.12042032927274704,176.5306122448978,176.53061224489795,1961608.1632653046
jid_266708,10.0,9.0,12288,174,17041,17179,17354,JobState.COMPLETED,0.00665125111117959,176.53061224489792,176.53061224489795,377442220.4081632
jid_266713,911.0,121.0,1,64,17392,17392,17457,JobState.COMPLETED,0.5827042460441589,176.53061224489798,176.53061224489795,11297.95918367347
jid_266713,911.0,121.0,1,66,17392,17392,17459,JobState.COMPLETED,0.5827042460441589,176.53061224489798,176.53061224489795,11651.020408163267
jid_266713,911.0,121.0,1,66,17392,17392,17459,JobState.COMPLETED,0.5827042460441589,176.53061224489798,176.53061224489795,11651.020408163267
jid_266713,911.0,121.0,1,68,17392,17392,17461,JobState.COMPLETED,0.5827042460441589,176.53061224489798,176.53061224489795,12004.081632653062
jid_266713,911.0,121.0,1,69,17392,17392,17462,JobState.COMPLETED,0.5827042460441589,176.53061224489798,176.53061224489795,12180.61224489796
jid_266713,911.0,121.0,1,70,17392,17392,17463,JobState.COMPLETED,0.5827042460441589,176.53061224489795,176.53061224489795,12357.142857142857
jid_266713,911.0,121.0,1,71,17392,17392,17464,JobState.COMPLETED,0.5827042460441589,176.53061224489795,176.53061224489795,12533.673469387755
jid_266713,911.0,121.0,1,71,17392,17392,17464,JobState.COMPLETED,0.5827042460441589,176.53061224489795,176.53061224489795,12533.673469387755
jid_266713,911.0,121.0,1,71,17392,17392,17464,JobState.COMPLETED,0.5827042460441589,176.53061224489795,176.53061224489795,12533.673469387755
jid_266713,911.0,121.0,1,71,17392,17392,17464,JobState.COMPLETED,0.5827042460441589,176.53061224489795,176.53061224489795,12533.673469387755
jid_266713,911.0,121.0,1,71,17392,17392,17464,JobState.COMPLETED,0.5827042460441589,176.53061224489795,176.53061224489795,12533.673469387755
jid_266713,911.0,121.0,1,72,17392,17392,17465,JobState.COMPLETED,0.5827042460441589,176.53061224489795,176.53061224489795,12710.204081632652
jid_266713,911.0,121.0,1,73,17392,17392,17466,JobState.COMPLETED,0.5827042460441589,176.53061224489795,176.53061224489795,12886.73469387755
jid_266713,911.0,121.0,1,74,17392,17392,17467,JobState.COMPLETED,0.5827042460441589,176.53061224489795,176.53061224489795,13063.265306122448
jid_266713,911.0,121.0,1,74,17392,17392,17467,JobState.COMPLETED,0.5827042460441589,176.53061224489795,176.53061224489795,13063.265306122448
jid_266713,911.0,121.0,1,74,17392,17392,17467,JobState.COMPLETED,0.5827042460441589,176.53061224489795,176.53061224489795,13063.265306122448
jid_266713,911.0,121.0,1,76,17392,17392,17469,JobState.COMPLETED,0.5827042460441589,176.53061224489795,176.53061224489795,13416.326530612245
jid_266713,911.0,121.0,1,77,17392,17392,17470,JobState.COMPLETED,0.5827042460441589,176.53061224489795,176.53061224489795,13592.857142857143
jid_266713,911.0,121.0,1,78,17392,17392,17471,JobState.COMPLETED,0.5827042460441589,176.53061224489795,176.53061224489795,13769.38775510204
jid_266713,911.0,121.0,1,97,17392,17392,17490,JobState.COMPLETED,0.5827042460441589,176.53061224489792,176.53061224489795,17123.4693877551
jid_266713,911.0,121.0,1,98,17392,17392,17491,JobState.COMPLETED,0.5827042460441589,176.53061224489792,176.53061224489795,17299.999999999996
jid_266713,911.0,121.0,1,106,17392,17392,17499,JobState.COMPLETED,0.5827042460441589,176.53061224489792,176.53061224489795,18712.24489795918
jid_266717,1003.0,121.0,1,67,17433,17433,17501,JobState.COMPLETED,0.5185848474502563,176.53061224489798,176.53061224489795,11827.551020408164
jid_266717,1003.0,121.0,1,68,17433,17433,17502,JobState.COMPLETED,0.5185848474502563,176.53061224489798,176.53061224489795,12004.081632653062
jid_266717,1003.0,121.0,1,68,17433,17433,17502,JobState.COMPLETED,0.5185848474502563,176.53061224489798,176.53061224489795,12004.081632653062
jid_266717,1003.0,121.0,1,68,17433,17433,17502,JobState.COMPLETED,0.5185848474502563,176.53061224489798,176.53061224489795,12004.081632653062
jid_266717,1003.0,121.0,1,71,17433,17433,17505,JobState.COMPLETED,0.5185848474502563,176.53061224489795,176.53061224489795,12533.673469387755
jid_266717,1003.0,121.0,1,72,17433,17433,17506,JobState.COMPLETED,0.5185848474502563,176.53061224489795,176.53061224489795,12710.204081632652
jid_266717,1003.0,121.0,1,72,17433,17433,17506,JobState.COMPLETED,0.5185848474502563,176.53061224489795,176.53061224489795,12710.204081632652
jid_266717,1003.0,121.0,1,73,17433,17433,17507,JobState.COMPLETED,0.5185848474502563,176.53061224489795,176.53061224489795,12886.73469387755
jid_266717,1003.0,121.0,1,73,17433,17433,17507,JobState.COMPLETED,0.5185848474502563,176.53061224489795,176.53061224489795,12886.73469387755
jid_266717,1003.0,121.0,1,75,17433,17433,17509,JobState.COMPLETED,0.5185848474502563,176.53061224489795,176.53061224489795,13239.795918367347
jid_266717,1003.0,121.0,1,76,17433,17433,17510,JobState.COMPLETED,0.5185848474502563,176.53061224489795,176.53061224489795,13416.326530612245
jid_266717,1003.0,121.0,1,77,17433,17433,17511,JobState.COMPLETED,0.5185848474502563,176.53061224489795,176.53061224489795,13592.857142857143
jid_266717,1003.0,121.0,1,77,17433,17433,17511,JobState.COMPLETED,0.5185848474502563,176.53061224489795,176.53061224489795,13592.857142857143
jid_266717,1003.0,121.0,1,78,17433,17433,17512,JobState.COMPLETED,0.5185848474502563,176.53061224489795,176.53061224489795,13769.38775510204
jid_266717,1003.0,121.0,1,79,17433,17433,17513,JobState.COMPLETED,0.5185848474502563,176.53061224489795,176.53061224489795,13945.918367346938
jid_266717,1003.0,121.0,1,80,17433,17433,17514,JobState.COMPLETED,0.5185848474502563,176.53061224489795,176.53061224489795,14122.448979591836
jid_266717,1003.0,121.0,1,81,17433,17433,17515,JobState.COMPLETED,0.5185848474502563,176.53061224489795,176.53061224489795,14298.979591836734
jid_266717,1003.0,121.0,1,83,17433,17433,17517,JobState.COMPLETED,0.5185848474502563,176.53061224489795,176.53061224489795,14652.04081632653
jid_266717,1003.0,121.0,1,92,17433,17433,17526,JobState.COMPLETED,0.5185848474502563,176.53061224489792,176.53061224489795,16240.816326530608
jid_266717,1003.0,121.0,1,95,17433,17433,17529,JobState.COMPLETED,0.5185848474502563,176.53061224489792,176.53061224489795,16770.408163265303
jid_266717,1003.0,121.0,1,96,17433,17433,17530,JobState.COMPLETED,0.5185848474502563,176.53061224489792,176.53061224489795,16946.9387755102
jid_266717,1003.0,121.0,1,98,17433,17433,17532,JobState.COMPLETED,0.5185848474502563,176.53061224489792,176.53061224489795,17299.999999999996
jid_266717,1003.0,121.0,1,101,17433,17433,17535,JobState.COMPLETED,0.5185848474502563,176.53061224489792,176.53061224489795,17829.59183673469
jid_266717,1003.0,121.0,1,105,17433,17433,17539,JobState.COMPLETED,0.5185848474502563,176.53061224489792,176.53061224489795,18535.714285714283
jid_266722,16716.0,121.0,1,304,17447,17447,17752,JobState.COMPLETED,0.4316292107105255,176.53061224489798,176.53061224489795,53665.30612244899
jid_266722,16716.0,121.0,1,396,17447,17447,17844,JobState.COMPLETED,0.4316292107105255,176.53061224489804,176.53061224489795,69906.12244897963
jid_266725,10.0,9.0,12288,153,17705,17705,17859,JobState.COMPLETED,0.006640676409006119,176.53061224489795,176.53061224489795,331888848.97959185
jid_266722,16716.0,121.0,1,412,17447,17447,17860,JobState.COMPLETED,0.4316292107105255,176.53061224489807,176.53061224489795,72730.612244898
jid_266722,16716.0,121.0,1,417,17447,17447,17865,JobState.COMPLETED,0.4316292107105255,176.53061224489807,176.53061224489795,73613.2653061225
jid_266722,16716.0,121.0,1,418,17447,17447,17866,JobState.COMPLETED,0.4316292107105255,176.53061224489807,176.53061224489795,73789.7959183674
jid_266722,16716.0,121.0,1,427,17447,17447,17875,JobState.COMPLETED,0.4316292107105255,176.53061224489807,176.53061224489795,75378.57142857148
jid_266722,16716.0,121.0,1,439,17447,17447,17887,JobState.COMPLETED,0.4316292107105255,176.53061224489807,176.53061224489795,77496.93877551025
jid_266722,16716.0,121.0,1,456,17447,17447,17904,JobState.COMPLETED,0.4316292107105255,176.53061224489807,176.53061224489795,80497.95918367352
jid_266722,16716.0,121.0,1,461,17447,17447,17909,JobState.COMPLETED,0.4316292107105255,176.53061224489807,176.53061224489795,81380.612244898
jid_266722,16716.0,121.0,1,468,17447,17447,17916,JobState.COMPLETED,0.4316292107105255,176.53061224489807,176.53061224489795,82616.32653061229
jid_266818,794.0,204.0,24,247,17675,17675,17923,JobState.COMPLETED,0.11840911954641342,176.53061224489784,176.53061224489795,1046473.4693877543
jid_266722,16716.0,121.0,1,484,17447,17447,17932,JobState.COMPLETED,0.4316292107105255,176.53061224489807,176.53061224489795,85440.81632653066
jid_266819,794.0,204.0,24,263,17673,17673,17937,JobState.COMPLETED,0.11840911954641342,176.53061224489784,176.53061224489795,1114261.224489795
jid_266726,794.0,204.0,24,264,17677,17677,17942,JobState.COMPLETED,0.11840911954641342,176.53061224489784,176.53061224489795,1118497.959183673
jid_266722,16716.0,121.0,1,498,17447,17447,17946,JobState.COMPLETED,0.4316292107105255,176.53061224489807,176.53061224489795,87912.24489795923
jid_266728,794.0,204.0,24,272,17673,17673,17946,JobState.COMPLETED,0.11840911954641342,176.53061224489784,176.53061224489795,1152391.836734693
jid_266722,16716.0,121.0,1,499,17447,17447,17947,JobState.COMPLETED,0.4316292107105255,176.53061224489807,176.53061224489795,88088.77551020414
jid_266722,16716.0,121.0,1,499,17447,17447,17947,JobState.COMPLETED,0.4316292107105255,176.53061224489807,176.53061224489795,88088.77551020414
jid_266822,794.0,204.0,24,268,17678,17678,17947,JobState.COMPLETED,0.11840911954641342,176.53061224489784,176.53061224489795,1135444.897959183
jid_266766,794.0,204.0,24,276,17671,17671,17948,JobState.COMPLETED,0.11840911954641342,176.53061224489784,176.53061224489795,1169338.7755102033
jid_266785,794.0,204.0,24,273,17674,17674,17948,JobState.COMPLETED,0.11840911954641342,176.53061224489784,176.53061224489795,1156628.5714285707
jid_266722,16716.0,121.0,1,501,17447,17447,17949,JobState.COMPLETED,0.4316292107105255,176.53061224489807,176.53061224489795,88441.83673469393
jid_266789,794.0,204.0,24,282,17670,17670,17953,JobState.COMPLETED,0.11840911954641342,176.53061224489784,176.53061224489795,1194759.1836734687
jid_266759,794.0,204.0,24,280,17672,17672,17953,JobState.COMPLETED,0.11840911954641342,176.53061224489784,176.53061224489795,1186285.7142857134
jid_266722,16716.0,121.0,1,506,17447,17447,17954,JobState.COMPLETED,0.4316292107105255,176.53061224489807,176.53061224489795,89324.48979591842
jid_266765,794.0,204.0,24,284,17670,17670,17955,JobState.COMPLETED,0.11840911954641342,176.53061224489784,176.53061224489795,1203232.6530612237
jid_266722,16716.0,121.0,1,508,17447,17447,17956,JobState.COMPLETED,0.4316292107105255,176.53061224489807,176.53061224489795,89677.55102040822
jid_266776,794.0,204.0,24,284,17671,17671,17956,JobState.COMPLETED,0.11840911954641342,176.53061224489784,176.53061224489795,1203232.6530612237
jid_266791,794.0,204.0,24,289,17670,17670,17960,JobState.COMPLETED,0.11840911954641342,176.53061224489784,176.53061224489795,1224416.3265306114
jid_266767,794.0,204.0,24,278,17681,17681,17960,JobState.COMPLETED,0.11840911954641342,176.53061224489784,176.53061224489795,1177812.2448979584
jid_266800,794.0,204.0,24,284,17678,17678,17963,JobState.COMPLETED,0.11840911954641342,176.53061224489784,176.53061224489795,1203232.6530612237
jid_266792,794.0,204.0,24,296,17669,17669,17966,JobState.COMPLETED,0.11840911954641342,176.53061224489784,176.53061224489795,1254073.4693877543
jid_266814,794.0,204.0,24,290,17676,17676,17967,JobState.COMPLETED,0.11840911954641342,176.53061224489784,176.53061224489795,1228653.061224489
jid_266722,16716.0,121.0,1,520,17447,17447,17968,JobState.COMPLETED,0.4316292107105255,176.5306122448981,176.53061224489795,91795.91836734701
jid_266722,16716.0,121.0,1,526,17447,17447,17974,JobState.COMPLETED,0.4316292107105255,176.5306122448981,176.53061224489795,92855.1020408164
jid_266722,16716.0,121.0,1,545,17447,17447,17993,JobState.COMPLETED,0.4316292107105255,176.5306122448981,176.53061224489795,96209.18367346947
jid_266722,16716.0,121.0,1,561,17447,17447,18009,JobState.COMPLETED,0.4316292107105255,176.5306122448981,176.53061224489795,99033.67346938782
jid_266722,16716.0,121.0,1,564,17447,17447,18012,JobState.COMPLETED,0.4316292107105255,176.5306122448981,176.53061224489795,99563.26530612253
jid_266722,16716.0,121.0,1,579,17447,17447,18027,JobState.COMPLETED,0.4316292107105255,176.5306122448981,176.53061224489795,102211.22448979599
jid_266722,16716.0,121.0,1,582,17447,17447,18030,JobState.COMPLETED,0.4316292107105255,176.5306122448981,176.53061224489795,102740.8163265307
jid_266722,16716.0,121.0,1,594,17447,17447,18042,JobState.COMPLETED,0.4316292107105255,176.53061224489812,176.53061224489795,104859.18367346948
jid_266788,1099.0,121.0,1,383,17669,17669,18053,JobState.COMPLETED,0.4284951686859131,176.53061224489804,176.53061224489795,67611.22448979595
jid_266788,1099.0,121.0,1,408,17669,17669,18078,JobState.COMPLETED,0.4284951686859131,176.53061224489804,176.53061224489795,72024.4897959184
jid_266788,1099.0,121.0,1,414,17669,17669,18084,JobState.COMPLETED,0.4284951686859131,176.53061224489807,176.53061224489795,73083.6734693878
jid_266788,1099.0,121.0,1,437,17669,17669,18107,JobState.COMPLETED,0.4284951686859131,176.53061224489807,176.53061224489795,77143.87755102046
jid_266828,794.0,204.0,24,251,17855,17855,18107,JobState.COMPLETED,0.11958049237728119,176.53061224489784,176.53061224489795,1063420.4081632646
jid_266788,1099.0,121.0,1,440,17669,17669,18110,JobState.COMPLETED,0.4284951686859131,176.53061224489807,176.53061224489795,77673.46938775515
jid_266834,794.0,204.0,24,256,17856,17856,18113,JobState.COMPLETED,0.11958049237728119,176.53061224489784,176.53061224489795,1084604.0816326523
jid_266840,794.0,204.0,24,452,17670,17670,18123,JobState.COMPLETED,0.11840911954641342,176.5306122448978,176.53061224489795,1915004.0816326514
jid_266788,1099.0,121.0,1,468,17669,17669,18138,JobState.COMPLETED,0.4284951686859131,176.53061224489807,176.53061224489795,82616.32653061229
jid_266788,1099.0,121.0,1,476,17669,17669,18146,JobState.COMPLETED,0.4284951686859131,176.53061224489807,176.53061224489795,84028.57142857148
jid_266788,1099.0,121.0,1,477,17669,17669,18147,JobState.COMPLETED,0.4284951686859131,176.53061224489807,176.53061224489795,84205.10204081637
jid_266788,1099.0,121.0,1,481,17669,17669,18151,JobState.COMPLETED,0.4284951686859131,176.53061224489807,176.53061224489795,84911.22448979598
jid_266788,1099.0,121.0,1,483,17669,17669,18153,JobState.COMPLETED,0.4284951686859131,176.53061224489807,176.53061224489795,85264.28571428577
jid_266788,1099.0,121.0,1,485,17669,17669,18155,JobState.COMPLETED,0.4284951686859131,176.53061224489807,176.53061224489795,85617.34693877556
jid_266788,1099.0,121.0,1,487,17669,17669,18157,JobState.COMPLETED,0.4284951686859131,176.53061224489807,176.53061224489795,85970.40816326535
jid_266788,1099.0,121.0,1,490,17669,17669,18160,JobState.COMPLETED,0.4284951686859131,176.53061224489807,176.53061224489795,86500.00000000006
jid_266788,1099.0,121.0,1,490,17669,17669,18160,JobState.COMPLETED,0.4284951686859131,176.53061224489807,176.53061224489795,86500.00000000006
jid_266788,1099.0,121.0,1,497,17669,17669,18167,JobState.COMPLETED,0.4284951686859131,176.53061224489807,176.53061224489795,87735.71428571433
jid_266788,1099.0,121.0,1,501,17669,17669,18171,JobState.COMPLETED,0.4284951686859131,176.53061224489807,176.53061224489795,88441.83673469393
jid_266788,1099.0,121.0,1,511,17669,17669,18181,JobState.COMPLETED,0.4284951686859131,176.5306122448981,176.53061224489795,90207.14285714293
jid_266788,1099.0,121.0,1,514,17669,17669,18184,JobState.COMPLETED,0.4284951686859131,176.5306122448981,176.53061224489795,90736.73469387762
jid_266788,1099.0,121.0,1,516,17669,17669,18186,JobState.COMPLETED,0.4284951686859131,176.5306122448981,176.53061224489795,91089.79591836741
jid_266788,1099.0,121.0,1,517,17669,17669,18187,JobState.COMPLETED,0.4284951686859131,176.5306122448981,176.53061224489795,91266.32653061232
jid_266788,1099.0,121.0,1,520,17669,17669,18190,JobState.COMPLETED,0.4284951686859131,176.5306122448981,176.53061224489795,91795.91836734701
jid_266788,1099.0,121.0,1,521,17669,17669,18191,JobState.COMPLETED,0.4284951686859131,176.5306122448981,176.53061224489795,91972.4489795919
jid_266788,1099.0,121.0,1,556,17669,17669,18226,JobState.COMPLETED,0.4284951686859131,176.5306122448981,176.53061224489795,98151.02040816334
jid_266788,1099.0,121.0,1,563,17669,17669,18233,JobState.COMPLETED,0.4284951686859131,176.5306122448981,176.53061224489795,99386.73469387763
jid_266852,10.0,9.0,12288,136,18379,18379,18516,JobState.COMPLETED,0.006639928091317415,176.53061224489795,176.53061224489795,295012310.2040816
jid_266853,1151.9999999999982,121.0,1,443,18373,18373,18817,JobState.COMPLETED,0.46822622418403625,176.53061224489807,176.53061224489795,78203.06122448984
jid_266853,1151.9999999999982,121.0,1,465,18373,18373,18839,JobState.COMPLETED,0.46822622418403625,176.53061224489807,176.53061224489795,82086.7346938776
jid_266858,794.0,204.0,24,262,18586,18586,18849,JobState.COMPLETED,0.11785194277763367,176.53061224489784,176.53061224489795,1110024.4897959176
jid_266860,794.0,204.0,24,258,18590,18590,18849,JobState.COMPLETED,0.11852453649044037,176.53061224489784,176.53061224489795,1093077.5510204074
jid_266857,794.0,204.0,24,264,18590,18590,18855,JobState.COMPLETED,0.11852453649044037,176.53061224489784,176.53061224489795,1118497.959183673
jid_266884,794.0,204.0,24,274,18583,18583,18858,JobState.COMPLETED,0.11785194277763367,176.53061224489784,176.53061224489795,1160865.306122448
jid_266861,794.0,204.0,24,264,18593,18593,18858,JobState.COMPLETED,0.11852453649044037,176.53061224489784,176.53061224489795,1118497.959183673
jid_266862,794.0,204.0,24,275,18583,18583,18859,JobState.COMPLETED,0.11785194277763367,176.53061224489784,176.53061224489795,1165102.0408163257
jid_266875,794.0,204.0,24,271,18588,18588,18860,JobState.COMPLETED,0.11785194277763367,176.53061224489784,176.53061224489795,1148155.1020408156
jid_266853,1151.9999999999982,121.0,1,487,18373,18373,18861,JobState.COMPLETED,0.46822622418403625,176.53061224489807,176.53061224489795,85970.40816326535
jid_266863,794.0,204.0,24,270,18590,18590,18861,JobState.COMPLETED,0.11852453649044037,176.53061224489784,176.53061224489795,1143918.367346938
jid_266870,794.0,204.0,24,270,18590,18590,18861,JobState.COMPLETED,0.11852453649044037,176.53061224489784,176.53061224489795,1143918.367346938
jid_266902,794.0,204.0,24,272,18590,18590,18863,JobState.COMPLETED,0.11852453649044037,176.53061224489784,176.53061224489795,1152391.836734693
jid_266853,1151.9999999999982,121.0,1,493,18373,18373,18867,JobState.COMPLETED,0.46822622418403625,176.53061224489807,176.53061224489795,87029.59183673475
jid_266883,794.0,204.0,24,275,18591,18591,18867,JobState.COMPLETED,0.11852453649044037,176.53061224489784,176.53061224489795,1165102.0408163257
jid_266906,794.0,204.0,24,283,18584,18584,18868,JobState.COMPLETED,0.11785194277763367,176.53061224489784,176.53061224489795,1198995.918367346
jid_266909,794.0,204.0,24,279,18588,18588,18868,JobState.COMPLETED,0.11785194277763367,176.53061224489784,176.53061224489795,1182048.9795918358
jid_266853,1151.9999999999982,121.0,1,496,18373,18373,18870,JobState.COMPLETED,0.46822622418403625,176.53061224489807,176.53061224489795,87559.18367346944
jid_266907,794.0,204.0,24,279,18591,18591,18871,JobState.COMPLETED,0.11852453649044037,176.53061224489784,176.53061224489795,1182048.9795918358
jid_266853,1151.9999999999982,121.0,1,499,18373,18373,18873,JobState.COMPLETED,0.46822622418403625,176.53061224489807,176.53061224489795,88088.77551020414
jid_266926,794.0,204.0,24,286,18587,18587,18874,JobState.COMPLETED,0.11785194277763367,176.53061224489784,176.53061224489795,1211706.122448979
jid_266934,794.0,204.0,24,287,18588,18588,18876,JobState.COMPLETED,0.11785194277763367,176.53061224489784,176.53061224489795,1215942.8571428563
jid_266921,794.0,204.0,24,287,18589,18589,18877,JobState.COMPLETED,0.11852453649044037,176.53061224489784,176.53061224489795,1215942.8571428563
jid_266929,794.0,204.0,24,296,18581,18581,18878,JobState.COMPLETED,0.11785194277763367,176.53061224489784,176.53061224489795,1254073.4693877543
jid_266941,794.0,204.0,24,294,18583,18583,18878,JobState.COMPLETED,0.11785194277763367,176.53061224489784,176.53061224489795,1245599.999999999
jid_266947,794.0,204.0,24,286,18591,18591,18878,JobState.COMPLETED,0.11852453649044037,176.53061224489784,176.53061224489795,1211706.122448979
jid_266931,794.0,204.0,24,294,18584,18584,18879,JobState.COMPLETED,0.11785194277763367,176.53061224489784,176.53061224489795,1245599.999999999
jid_266935,794.0,204.0,24,295,18585,18585,18881,JobState.COMPLETED,0.11785194277763367,176.53061224489784,176.53061224489795,1249836.7346938767
jid_266946,794.0,204.0,24,289,18591,18591,18881,JobState.COMPLETED,0.11852453649044037,176.53061224489784,176.53061224489795,1224416.3265306114
jid_266943,794.0,204.0,24,293,18588,18588,18882,JobState.COMPLETED,0.11785194277763367,176.53061224489784,176.53061224489795,1241363.2653061217
jid_266853,1151.9999999999982,121.0,1,509,18373,18373,18883,JobState.COMPLETED,0.46822622418403625,176.53061224489807,176.53061224489795,89854.08163265312
jid_266853,1151.9999999999982,121.0,1,509,18373,18373,18883,JobState.COMPLETED,0.46822622418403625,176.53061224489807,176.53061224489795,89854.08163265312
jid_266853,1151.9999999999982,121.0,1,510,18373,18373,18884,JobState.COMPLETED,0.46822622418403625,176.5306122448981,176.53061224489795,90030.61224489803
jid_266949,794.0,204.0,24,294,18590,18590,18885,JobState.COMPLETED,0.11852453649044037,176.53061224489784,176.53061224489795,1245599.999999999
jid_266853,1151.9999999999982,121.0,1,520,18373,18373,18894,JobState.COMPLETED,0.46822622418403625,176.5306122448981,176.53061224489795,91795.91836734701
jid_266853,1151.9999999999982,121.0,1,524,18373,18373,18898,JobState.COMPLETED,0.46822622418403625,176.5306122448981,176.53061224489795,92502.0408163266
jid_266853,1151.9999999999982,121.0,1,526,18373,18373,18900,JobState.COMPLETED,0.46822622418403625,176.5306122448981,176.53061224489795,92855.1020408164
jid_266853,1151.9999999999982,121.0,1,526,18373,18373,18900,JobState.COMPLETED,0.46822622418403625,176.5306122448981,176.53061224489795,92855.1020408164
jid_266853,1151.9999999999982,121.0,1,527,18373,18373,18901,JobState.COMPLETED,0.46822622418403625,176.5306122448981,176.53061224489795,93031.6326530613
jid_266853,1151.9999999999982,121.0,1,528,18373,18373,18902,JobState.COMPLETED,0.46822622418403625,176.5306122448981,176.53061224489795,93208.1632653062
jid_266853,1151.9999999999982,121.0,1,528,18373,18373,18902,JobState.COMPLETED,0.46822622418403625,176.5306122448981,176.53061224489795,93208.1632653062
jid_266853,1151.9999999999982,121.0,1,529,18373,18373,18903,JobState.COMPLETED,0.46822622418403625,176.5306122448981,176.53061224489795,93384.6938775511
jid_266853,1151.9999999999982,121.0,1,529,18373,18373,18903,JobState.COMPLETED,0.46822622418403625,176.5306122448981,176.53061224489795,93384.6938775511
jid_266853,1151.9999999999982,121.0,1,531,18373,18373,18905,JobState.COMPLETED,0.46822622418403625,176.5306122448981,176.53061224489795,93737.75510204089
jid_266853,1151.9999999999982,121.0,1,532,18373,18373,18906,JobState.COMPLETED,0.46822622418403625,176.5306122448981,176.53061224489795,93914.28571428578
jid_266853,1151.9999999999982,121.0,1,534,18373,18373,18908,JobState.COMPLETED,0.46822622418403625,176.5306122448981,176.53061224489795,94267.34693877558
jid_266853,1151.9999999999982,121.0,1,542,18373,18373,18916,JobState.COMPLETED,0.46822622418403625,176.5306122448981,176.53061224489795,95679.59183673476
jid_266853,1151.9999999999982,121.0,1,551,18373,18373,18925,JobState.COMPLETED,0.46822622418403625,176.5306122448981,176.53061224489795,97268.36734693885
jid_266853,1151.9999999999982,121.0,1,558,18373,18373,18932,JobState.COMPLETED,0.46822622418403625,176.5306122448981,176.53061224489795,98504.08163265313
jid_266853,1151.9999999999982,121.0,1,561,18373,18373,18935,JobState.COMPLETED,0.46822622418403625,176.5306122448981,176.53061224489795,99033.67346938782
jid_266954,794.0,204.0,24,359,18582,18582,18942,JobState.COMPLETED,0.11785194277763367,176.53061224489784,176.53061224489795,1520987.7551020398
jid_266853,1151.9999999999982,121.0,1,581,18373,18373,18955,JobState.COMPLETED,0.46822622418403625,176.5306122448981,176.53061224489795,102564.2857142858
jid_266853,1151.9999999999982,121.0,1,587,18373,18373,18961,JobState.COMPLETED,0.46822622418403625,176.5306122448981,176.53061224489795,103623.46938775518
jid_266961,794.0,204.0,24,253,18785,18785,19039,JobState.COMPLETED,0.11956347525119781,176.53061224489784,176.53061224489795,1071893.8775510197
jid_266966,794.0,204.0,24,465,18589,18589,19055,JobState.COMPLETED,0.11852453649044037,176.5306122448978,176.53061224489795,1970081.6326530597
jid_267085,630.0,121.0,64,14764,4399,4399,19164,JobState.COMPLETED,0.009468233212828636,176.5306122449038,176.53061224489795,166803069.38776064
jid_266971,10.0,9.0,12288,146,19264,19264,19411,JobState.COMPLETED,0.006630153860896826,176.53061224489795,176.53061224489795,316704391.83673465
jid_266976,1093.0000000000018,121.0,1,400,19223,19223,19624,JobState.COMPLETED,0.49827706813812256,176.53061224489804,176.53061224489795,70612.24489795922
jid_266977,981.0,121.0,1,73,19585,19585,19659,JobState.COMPLETED,0.6910977363586426,176.53061224489795,176.53061224489795,12886.73469387755
jid_266977,981.0,121.0,1,74,19585,19585,19660,JobState.COMPLETED,0.6910977363586426,176.53061224489795,176.53061224489795,13063.265306122448
jid_266977,981.0,121.0,1,74,19585,19585,19660,JobState.COMPLETED,0.6910977363586426,176.53061224489795,176.53061224489795,13063.265306122448
jid_266977,981.0,121.0,1,75,19585,19585,19661,JobState.COMPLETED,0.6910977363586426,176.53061224489795,176.53061224489795,13239.795918367347
jid_266977,981.0,121.0,1,76,19585,19585,19662,JobState.COMPLETED,0.6910977363586426,176.53061224489795,176.53061224489795,13416.326530612245
jid_266977,981.0,121.0,1,76,19585,19585,19662,JobState.COMPLETED,0.6910977363586426,176.53061224489795,176.53061224489795,13416.326530612245
jid_266977,981.0,121.0,1,78,19585,19585,19664,JobState.COMPLETED,0.6910977363586426,176.53061224489795,176.53061224489795,13769.38775510204
jid_266977,981.0,121.0,1,78,19585,19585,19664,JobState.COMPLETED,0.6910977363586426,176.53061224489795,176.53061224489795,13769.38775510204
jid_266977,981.0,121.0,1,78,19585,19585,19664,JobState.COMPLETED,0.6910977363586426,176.53061224489795,176.53061224489795,13769.38775510204
jid_266977,981.0,121.0,1,79,19585,19585,19665,JobState.COMPLETED,0.6910977363586426,176.53061224489795,176.53061224489795,13945.918367346938
jid_266977,981.0,121.0,1,79,19585,19585,19665,JobState.COMPLETED,0.6910977363586426,176.53061224489795,176.53061224489795,13945.918367346938
jid_266977,981.0,121.0,1,79,19585,19585,19665,JobState.COMPLETED,0.6910977363586426,176.53061224489795,176.53061224489795,13945.918367346938
jid_266977,981.0,121.0,1,80,19585,19585,19666,JobState.COMPLETED,0.6910977363586426,176.53061224489795,176.53061224489795,14122.448979591836
jid_266977,981.0,121.0,1,81,19585,19585,19667,JobState.COMPLETED,0.6910977363586426,176.53061224489795,176.53061224489795,14298.979591836734
jid_266977,981.0,121.0,1,81,19585,19585,19667,JobState.COMPLETED,0.6910977363586426,176.53061224489795,176.53061224489795,14298.979591836734
jid_266977,981.0,121.0,1,83,19585,19585,19669,JobState.COMPLETED,0.6910977363586426,176.53061224489795,176.53061224489795,14652.04081632653
jid_266977,981.0,121.0,1,86,19585,19585,19672,JobState.COMPLETED,0.6910977363586426,176.53061224489795,176.53061224489795,15181.632653061224
jid_266976,1093.0000000000018,121.0,1,456,19223,19223,19680,JobState.COMPLETED,0.49827706813812256,176.53061224489807,176.53061224489795,80497.95918367352
jid_266977,981.0,121.0,1,100,19585,19585,19686,JobState.COMPLETED,0.6910977363586426,176.53061224489792,176.53061224489795,17653.061224489793
jid_266977,981.0,121.0,1,101,19585,19585,19687,JobState.COMPLETED,0.6910977363586426,176.53061224489792,176.53061224489795,17829.59183673469
jid_266977,981.0,121.0,1,104,19585,19585,19690,JobState.COMPLETED,0.6910977363586426,176.53061224489792,176.53061224489795,18359.183673469382
jid_266976,1093.0000000000018,121.0,1,477,19223,19223,19701,JobState.COMPLETED,0.49827706813812256,176.53061224489807,176.53061224489795,84205.10204081637
jid_266976,1093.0000000000018,121.0,1,490,19223,19223,19714,JobState.COMPLETED,0.49827706813812256,176.53061224489807,176.53061224489795,86500.00000000006
jid_266976,1093.0000000000018,121.0,1,491,19223,19223,19715,JobState.COMPLETED,0.49827706813812256,176.53061224489807,176.53061224489795,86676.53061224495
jid_266976,1093.0000000000018,121.0,1,493,19223,19223,19717,JobState.COMPLETED,0.49827706813812256,176.53061224489807,176.53061224489795,87029.59183673475
jid_266976,1093.0000000000018,121.0,1,496,19223,19223,19720,JobState.COMPLETED,0.49827706813812256,176.53061224489807,176.53061224489795,87559.18367346944
jid_266976,1093.0000000000018,121.0,1,498,19223,19223,19722,JobState.COMPLETED,0.49827706813812256,176.53061224489807,176.53061224489795,87912.24489795923
jid_266976,1093.0000000000018,121.0,1,501,19223,19223,19725,JobState.COMPLETED,0.49827706813812256,176.53061224489807,176.53061224489795,88441.83673469393
jid_266976,1093.0000000000018,121.0,1,505,19223,19223,19729,JobState.COMPLETED,0.49827706813812256,176.53061224489807,176.53061224489795,89147.95918367352
jid_266976,1093.0000000000018,121.0,1,507,19223,19223,19731,JobState.COMPLETED,0.49827706813812256,176.53061224489807,176.53061224489795,89501.02040816331
jid_266976,1093.0000000000018,121.0,1,508,19223,19223,19732,JobState.COMPLETED,0.49827706813812256,176.53061224489807,176.53061224489795,89677.55102040822
jid_266976,1093.0000000000018,121.0,1,509,19223,19223,19733,JobState.COMPLETED,0.49827706813812256,176.53061224489807,176.53061224489795,89854.08163265312
jid_266976,1093.0000000000018,121.0,1,516,19223,19223,19740,JobState.COMPLETED,0.49827706813812256,176.5306122448981,176.53061224489795,91089.79591836741
jid_266976,1093.0000000000018,121.0,1,517,19223,19223,19741,JobState.COMPLETED,0.49827706813812256,176.5306122448981,176.53061224489795,91266.32653061232
jid_266976,1093.0000000000018,121.0,1,520,19223,19223,19744,JobState.COMPLETED,0.49827706813812256,176.5306122448981,176.53061224489795,91795.91836734701
jid_266976,1093.0000000000018,121.0,1,522,19223,19223,19746,JobState.COMPLETED,0.49827706813812256,176.5306122448981,176.53061224489795,92148.9795918368
jid_266976,1093.0000000000018,121.0,1,522,19223,19223,19746,JobState.COMPLETED,0.49827706813812256,176.5306122448981,176.53061224489795,92148.9795918368
jid_266976,1093.0000000000018,121.0,1,522,19223,19223,19746,JobState.COMPLETED,0.49827706813812256,176.5306122448981,176.53061224489795,92148.9795918368
jid_266976,1093.0000000000018,121.0,1,524,19223,19223,19748,JobState.COMPLETED,0.49827706813812256,176.5306122448981,176.53061224489795,92502.0408163266
jid_266976,1093.0000000000018,121.0,1,525,19223,19223,19749,JobState.COMPLETED,0.49827706813812256,176.5306122448981,176.53061224489795,92678.5714285715
jid_267077,794.0,204.0,24,256,19495,19495,19752,JobState.COMPLETED,0.1173892468214035,176.53061224489784,176.53061224489795,1084604.0816326523
jid_267071,794.0,204.0,24,255,19496,19496,19752,JobState.COMPLETED,0.1173892468214035,176.53061224489784,176.53061224489795,1080367.346938775
jid_266983,794.0,204.0,24,249,19503,19503,19753,JobState.COMPLETED,0.1173892468214035,176.53061224489784,176.53061224489795,1054946.9387755096
jid_266976,1093.0000000000018,121.0,1,534,19223,19223,19758,JobState.COMPLETED,0.49827706813812256,176.5306122448981,176.53061224489795,94267.34693877558
jid_266976,1093.0000000000018,121.0,1,545,19223,19223,19769,JobState.COMPLETED,0.49827706813812256,176.5306122448981,176.53061224489795,96209.18367346947
jid_266996,794.0,204.0,24,264,19505,19505,19770,JobState.COMPLETED,0.1173892468214035,176.53061224489784,176.53061224489795,1118497.959183673
jid_267014,794.0,204.0,24,274,19497,19497,19772,JobState.COMPLETED,0.1173892468214035,176.53061224489784,176.53061224489795,1160865.306122448
jid_266998,794.0,204.0,24,274,19498,19498,19773,JobState.COMPLETED,0.1173892468214035,176.53061224489784,176.53061224489795,1160865.306122448
jid_267001,794.0,204.0,24,275,19499,19499,19775,JobState.COMPLETED,0.1173892468214035,176.53061224489784,176.53061224489795,1165102.0408163257
jid_267008,794.0,204.0,24,272,19502,19502,19775,JobState.COMPLETED,0.1173892468214035,176.53061224489784,176.53061224489795,1152391.836734693
jid_267037,794.0,204.0,24,275,19501,19501,19777,JobState.COMPLETED,0.1173892468214035,176.53061224489784,176.53061224489795,1165102.0408163257
jid_267005,794.0,204.0,24,274,19502,19502,19777,JobState.COMPLETED,0.1173892468214035,176.53061224489784,176.53061224489795,1160865.306122448
jid_267034,794.0,204.0,24,274,19502,19502,19777,JobState.COMPLETED,0.1173892468214035,176.53061224489784,176.53061224489795,1160865.306122448
jid_267012,794.0,204.0,24,278,19499,19499,19778,JobState.COMPLETED,0.1173892468214035,176.53061224489784,176.53061224489795,1177812.2448979584
jid_267023,794.0,204.0,24,273,19504,19504,19778,JobState.COMPLETED,0.1173892468214035,176.53061224489784,176.53061224489795,1156628.5714285707
jid_267024,794.0,204.0,24,278,19500,19500,19779,JobState.COMPLETED,0.1173892468214035,176.53061224489784,176.53061224489795,1177812.2448979584
jid_267028,794.0,204.0,24,288,19496,19496,19785,JobState.COMPLETED,0.1173892468214035,176.53061224489784,176.53061224489795,1220179.5918367337
jid_267062,794.0,204.0,24,288,19497,19497,19786,JobState.COMPLETED,0.1173892468214035,176.53061224489784,176.53061224489795,1220179.5918367337
jid_267056,794.0,204.0,24,291,19495,19495,19787,JobState.COMPLETED,0.1173892468214035,176.53061224489784,176.53061224489795,1232889.7959183666
jid_267063,794.0,204.0,24,284,19504,19504,19789,JobState.COMPLETED,0.1173892468214035,176.53061224489784,176.53061224489795,1203232.6530612237
jid_267057,794.0,204.0,24,284,19504,19504,19789,JobState.COMPLETED,0.1173892468214035,176.53061224489784,176.53061224489795,1203232.6530612237
jid_267083,233.0,121.0,1,299,19756,19756,20056,JobState.COMPLETED,0.6859761476516724,176.53061224489795,176.53061224489795,52782.65306122449
jid_267087,10.0,9.0,12288,176,19941,19941,20118,JobState.COMPLETED,0.006731025874614716,176.53061224489792,176.53061224489795,381780636.73469377
jid_267083,233.0,121.0,1,386,19756,19756,20143,JobState.COMPLETED,0.6859761476516724,176.53061224489804,176.53061224489795,68140.81632653064
jid_267083,233.0,121.0,1,463,19756,19756,20220,JobState.COMPLETED,0.6859761476516724,176.53061224489807,176.53061224489795,81733.67346938781
jid_267083,233.0,121.0,1,468,19756,19756,20225,JobState.COMPLETED,0.6859761476516724,176.53061224489807,176.53061224489795,82616.32653061229
jid_267083,233.0,121.0,1,475,19756,19756,20232,JobState.COMPLETED,0.6859761476516724,176.53061224489807,176.53061224489795,83852.04081632658
jid_267083,233.0,121.0,1,475,19756,19756,20232,JobState.COMPLETED,0.6859761476516724,176.53061224489807,176.53061224489795,83852.04081632658
jid_267083,233.0,121.0,1,492,19756,19756,20249,JobState.COMPLETED,0.6859761476516724,176.53061224489807,176.53061224489795,86853.06122448985
jid_267083,233.0,121.0,1,492,19756,19756,20249,JobState.COMPLETED,0.6859761476516724,176.53061224489807,176.53061224489795,86853.06122448985
jid_267083,233.0,121.0,1,497,19756,19756,20254,JobState.COMPLETED,0.6859761476516724,176.53061224489807,176.53061224489795,87735.71428571433
jid_267083,233.0,121.0,1,499,19756,19756,20256,JobState.COMPLETED,0.6859761476516724,176.53061224489807,176.53061224489795,88088.77551020414
jid_267083,233.0,121.0,1,500,19756,19756,20257,JobState.COMPLETED,0.6859761476516724,176.53061224489807,176.53061224489795,88265.30612244904
jid_267083,233.0,121.0,1,500,19756,19756,20257,JobState.COMPLETED,0.6859761476516724,176.53061224489807,176.53061224489795,88265.30612244904
jid_267083,233.0,121.0,1,500,19756,19756,20257,JobState.COMPLETED,0.6859761476516724,176.53061224489807,176.53061224489795,88265.30612244904
jid_267083,233.0,121.0,1,501,19756,19756,20258,JobState.COMPLETED,0.6859761476516724,176.53061224489807,176.53061224489795,88441.83673469393
jid_267083,233.0,121.0,1,502,19756,19756,20259,JobState.COMPLETED,0.6859761476516724,176.53061224489807,176.53061224489795,88618.36734693883
jid_267083,233.0,121.0,1,502,19756,19756,20259,JobState.COMPLETED,0.6859761476516724,176.53061224489807,176.53061224489795,88618.36734693883
jid_267083,233.0,121.0,1,504,19756,19756,20261,JobState.COMPLETED,0.6859761476516724,176.53061224489807,176.53061224489795,88971.42857142862
jid_267083,233.0,121.0,1,505,19756,19756,20262,JobState.COMPLETED,0.6859761476516724,176.53061224489807,176.53061224489795,89147.95918367352
jid_267083,233.0,121.0,1,506,19756,19756,20263,JobState.COMPLETED,0.6859761476516724,176.53061224489807,176.53061224489795,89324.48979591842
jid_267083,233.0,121.0,1,508,19756,19756,20265,JobState.COMPLETED,0.6859761476516724,176.53061224489807,176.53061224489795,89677.55102040822
jid_267083,233.0,121.0,1,516,19756,19756,20273,JobState.COMPLETED,0.6859761476516724,176.5306122448981,176.53061224489795,91089.79591836741
jid_267083,233.0,121.0,1,522,19756,19756,20279,JobState.COMPLETED,0.6859761476516724,176.5306122448981,176.53061224489795,92148.9795918368
jid_267083,233.0,121.0,1,524,19756,19756,20281,JobState.COMPLETED,0.6859761476516724,176.5306122448981,176.53061224489795,92502.0408163266
jid_267083,233.0,121.0,1,527,19756,19756,20284,JobState.COMPLETED,0.6859761476516724,176.5306122448981,176.53061224489795,93031.6326530613
jid_267083,233.0,121.0,1,527,19756,19756,20284,JobState.COMPLETED,0.6859761476516724,176.5306122448981,176.53061224489795,93031.6326530613
jid_266788,1099.0,121.0,1,2694,17669,17669,20364,JobState.COMPLETED,0.4284951686859131,176.53061224489707,176.53061224489795,475573.4693877527
jid_267093,632.0,121.0,1,436,20135,20135,20572,JobState.COMPLETED,0.5218386054039001,176.53061224489807,176.53061224489795,76967.34693877556
jid_267094,10.0,9.0,12288,187,20385,20385,20573,JobState.COMPLETED,0.006669087801128626,176.53061224489792,176.53061224489795,405641926.5306121
jid_267093,632.0,121.0,1,480,20135,20135,20616,JobState.COMPLETED,0.5218386054039001,176.53061224489807,176.53061224489795,84734.69387755106
jid_267093,632.0,121.0,1,482,20135,20135,20618,JobState.COMPLETED,0.5218386054039001,176.53061224489807,176.53061224489795,85087.75510204087
jid_267093,632.0,121.0,1,489,20135,20135,20625,JobState.COMPLETED,0.5218386054039001,176.53061224489807,176.53061224489795,86323.46938775515
jid_267093,632.0,121.0,1,505,20135,20135,20641,JobState.COMPLETED,0.5218386054039001,176.53061224489807,176.53061224489795,89147.95918367352
jid_267093,632.0,121.0,1,511,20135,20135,20647,JobState.COMPLETED,0.5218386054039001,176.5306122448981,176.53061224489795,90207.14285714293
jid_267093,632.0,121.0,1,511,20135,20135,20647,JobState.COMPLETED,0.5218386054039001,176.5306122448981,176.53061224489795,90207.14285714293
jid_267093,632.0,121.0,1,513,20135,20135,20649,JobState.COMPLETED,0.5218386054039001,176.5306122448981,176.53061224489795,90560.20408163272
jid_267093,632.0,121.0,1,518,20135,20135,20654,JobState.COMPLETED,0.5218386054039001,176.5306122448981,176.53061224489795,91442.85714285722
jid_267093,632.0,121.0,1,521,20135,20135,20657,JobState.COMPLETED,0.5218386054039001,176.5306122448981,176.53061224489795,91972.4489795919
jid_267093,632.0,121.0,1,530,20135,20135,20666,JobState.COMPLETED,0.5218386054039001,176.5306122448981,176.53061224489795,93561.22448979599
jid_267103,794.0,204.0,24,266,20413,20413,20680,JobState.COMPLETED,0.11804555356502533,176.53061224489784,176.53061224489795,1126971.4285714277
jid_267141,794.0,204.0,24,272,20409,20409,20682,JobState.COMPLETED,0.11804555356502533,176.53061224489784,176.53061224489795,1152391.836734693
jid_267121,794.0,204.0,24,267,20414,20414,20682,JobState.COMPLETED,0.11804555356502533,176.53061224489784,176.53061224489795,1131208.1632653053
jid_267182,794.0,204.0,24,267,20415,20415,20683,JobState.COMPLETED,0.11804555356502533,176.53061224489784,176.53061224489795,1131208.1632653053
jid_267126,794.0,204.0,24,274,20409,20409,20684,JobState.COMPLETED,0.11804555356502533,176.53061224489784,176.53061224489795,1160865.306122448
jid_267128,794.0,204.0,24,277,20407,20407,20685,JobState.COMPLETED,0.11804555356502533,176.53061224489784,176.53061224489795,1173575.510204081
jid_267093,632.0,121.0,1,552,20135,20135,20688,JobState.COMPLETED,0.5218386054039001,176.5306122448981,176.53061224489795,97444.89795918374
jid_267122,794.0,204.0,24,273,20414,20414,20688,JobState.COMPLETED,0.11804555356502533,176.53061224489784,176.53061224489795,1156628.5714285707
jid_267137,794.0,204.0,24,273,20414,20414,20688,JobState.COMPLETED,0.11804555356502533,176.53061224489784,176.53061224489795,1156628.5714285707
jid_267124,794.0,204.0,24,277,20411,20411,20689,JobState.COMPLETED,0.11804555356502533,176.53061224489784,176.53061224489795,1173575.510204081
jid_267142,794.0,204.0,24,271,20417,20417,20689,JobState.COMPLETED,0.11804555356502533,176.53061224489784,176.53061224489795,1148155.1020408156
jid_267139,794.0,204.0,24,274,20415,20415,20690,JobState.COMPLETED,0.11804555356502533,176.53061224489784,176.53061224489795,1160865.306122448
jid_267154,794.0,204.0,24,279,20411,20411,20691,JobState.COMPLETED,0.11804555356502533,176.53061224489784,176.53061224489795,1182048.9795918358
jid_267134,794.0,204.0,24,275,20415,20415,20691,JobState.COMPLETED,0.11804555356502533,176.53061224489784,176.53061224489795,1165102.0408163257
jid_267163,794.0,204.0,24,284,20410,20410,20695,JobState.COMPLETED,0.11804555356502533,176.53061224489784,176.53061224489795,1203232.6530612237
jid_267174,794.0,204.0,24,281,20413,20413,20695,JobState.COMPLETED,0.11804555356502533,176.53061224489784,176.53061224489795,1190522.448979591
jid_267166,794.0,204.0,24,287,20412,20412,20700,JobState.COMPLETED,0.11804555356502533,176.53061224489784,176.53061224489795,1215942.8571428563
jid_267093,632.0,121.0,1,576,20135,20135,20712,JobState.COMPLETED,0.5218386054039001,176.5306122448981,176.53061224489795,101681.6326530613
jid_267093,632.0,121.0,1,577,20135,20135,20713,JobState.COMPLETED,0.5218386054039001,176.5306122448981,176.53061224489795,101858.1632653062
jid_267093,632.0,121.0,1,584,20135,20135,20720,JobState.COMPLETED,0.5218386054039001,176.5306122448981,176.53061224489795,103093.87755102049
jid_267093,632.0,121.0,1,662,20135,20135,20798,JobState.COMPLETED,0.5218386054039001,176.53061224489812,176.53061224489795,116863.26530612256
jid_267189,794.0,204.0,24,255,20651,20651,20907,JobState.COMPLETED,0.11800631135702133,176.53061224489784,176.53061224489795,1080367.346938775
jid_267191,10.0,9.0,12288,180,20838,20838,21019,JobState.COMPLETED,0.006712614558637142,176.53061224489792,176.53061224489795,390457469.38775504
jid_266974,953.0,121.0,64,13023,5572,8204,21228,JobState.COMPLETED,0.009514453820884228,176.53061224490284,176.53061224489795,147133322.44898367
jid_267197,10.0,9.0,12288,196,21291,21291,21488,JobState.COMPLETED,0.006622565910220146,176.53061224489792,176.53061224489795,425164799.9999999
jid_267292,1092.0,121.0,64,13334,8164,8204,21539,JobState.COMPLETED,0.009580454789102077,176.53061224490304,176.53061224489795,150646987.7551064
jid_267211,794.0,204.0,24,258,21328,21328,21587,JobState.COMPLETED,0.11835537105798721,176.53061224489784,176.53061224489795,1093077.5510204074
jid_267238,794.0,204.0,24,268,21322,21322,21591,JobState.COMPLETED,0.11835537105798721,176.53061224489784,176.53061224489795,1135444.897959183
jid_267281,794.0,204.0,24,264,21327,21327,21592,JobState.COMPLETED,0.11835537105798721,176.53061224489784,176.53061224489795,1118497.959183673
jid_267218,794.0,204.0,24,266,21329,21329,21596,JobState.COMPLETED,0.11835537105798721,176.53061224489784,176.53061224489795,1126971.4285714277
jid_267241,794.0,204.0,24,267,21330,21330,21598,JobState.COMPLETED,0.11835537105798721,176.53061224489784,176.53061224489795,1131208.1632653053
jid_267233,794.0,204.0,24,273,21326,21326,21600,JobState.COMPLETED,0.11835537105798721,176.53061224489784,176.53061224489795,1156628.5714285707
jid_267247,794.0,204.0,24,279,21321,21321,21601,JobState.COMPLETED,0.11835537105798721,176.53061224489784,176.53061224489795,1182048.9795918358
jid_267265,794.0,204.0,24,280,21322,21322,21603,JobState.COMPLETED,0.11835537105798721,176.53061224489784,176.53061224489795,1186285.7142857134
jid_267231,794.0,204.0,24,281,21322,21322,21604,JobState.COMPLETED,0.11835537105798721,176.53061224489784,176.53061224489795,1190522.448979591
jid_267285,10.0,9.0,12288,129,21530,21530,21660,JobState.COMPLETED,0.006632802542299032,176.53061224489795,176.53061224489795,279827853.06122446
jid_267391,347.0,47.0,16,17630,4168,4168,21799,JobState.COMPLETED,0.013976222835481167,176.530612244905,176.53061224489795,49795755.1020428
jid_267291,10.0,9.0,12288,176,21755,21755,21932,JobState.COMPLETED,0.006668613757938147,176.53061224489792,176.53061224489795,381780636.73469377
jid_267289,233.0,121.0,1,0,21933,21933,21934,JobState.COMPLETED,0.6470110416412354,176.53061224489795,176.53061224489795,0.0
jid_267289,233.0,121.0,1,0,21933,21933,21934,JobState.COMPLETED,0.6470110416412354,176.53061224489795,176.53061224489795,0.0
jid_267289,233.0,121.0,1,0,21933,21933,21934,JobState.COMPLETED,0.6470110416412354,176.53061224489795,176.53061224489795,0.0
jid_267289,233.0,121.0,1,0,21933,21933,21933,JobState.COMPLETED,0.6470110416412354,176.53061224489795,176.53061224489795,0.0
jid_267289,233.0,121.0,1,0,21933,21933,21934,JobState.COMPLETED,0.6470110416412354,176.53061224489795,176.53061224489795,0.0
jid_267289,233.0,121.0,1,0,21933,21933,21933,JobState.COMPLETED,0.6470110416412354,176.53061224489795,176.53061224489795,0.0
jid_267289,233.0,121.0,1,0,21933,21933,21934,JobState.COMPLETED,0.6470110416412354,176.53061224489795,176.53061224489795,0.0
jid_267289,233.0,121.0,1,0,21933,21933,21934,JobState.COMPLETED,0.6470110416412354,176.53061224489795,176.53061224489795,0.0
jid_267289,233.0,121.0,1,0,21933,21933,21934,JobState.COMPLETED,0.6470110416412354,176.53061224489795,176.53061224489795,0.0
jid_267289,233.0,121.0,1,0,21933,21933,21933,JobState.COMPLETED,0.6470110416412354,176.53061224489795,176.53061224489795,0.0
jid_267289,233.0,121.0,1,0,21933,21933,21934,JobState.COMPLETED,0.6470110416412354,176.53061224489795,176.53061224489795,0.0
jid_267289,233.0,121.0,1,0,21933,21933,21934,JobState.COMPLETED,0.6470110416412354,176.53061224489795,176.53061224489795,0.0
jid_267289,233.0,121.0,1,0,21933,21933,21934,JobState.COMPLETED,0.6470110416412354,176.53061224489795,176.53061224489795,0.0
jid_267289,233.0,121.0,1,0,21933,21933,21934,JobState.COMPLETED,0.6470110416412354,176.53061224489795,176.53061224489795,0.0
jid_267289,233.0,121.0,1,0,21933,21933,21934,JobState.COMPLETED,0.6470110416412354,176.53061224489795,176.53061224489795,0.0
jid_267289,233.0,121.0,1,0,21933,21933,21933,JobState.COMPLETED,0.6470110416412354,176.53061224489795,176.53061224489795,0.0
jid_267289,233.0,121.0,1,0,21933,21933,21933,JobState.COMPLETED,0.6470110416412354,176.53061224489795,176.53061224489795,0.0
jid_267289,233.0,121.0,1,0,21933,21933,21934,JobState.COMPLETED,0.6470110416412354,176.53061224489795,176.53061224489795,0.0
jid_267289,233.0,121.0,1,0,21933,21933,21934,JobState.COMPLETED,0.6470110416412354,176.53061224489795,176.53061224489795,0.0
jid_267289,233.0,121.0,1,0,21933,21933,21934,JobState.COMPLETED,0.6470110416412354,176.53061224489795,176.53061224489795,0.0
jid_267289,233.0,121.0,1,0,21933,21933,21934,JobState.COMPLETED,0.6470110416412354,176.53061224489795,176.53061224489795,0.0
jid_267289,233.0,121.0,1,0,21933,21933,21934,JobState.COMPLETED,0.6470110416412354,176.53061224489795,176.53061224489795,0.0
jid_267289,233.0,121.0,1,0,21933,21933,21933,JobState.COMPLETED,0.6470110416412354,176.53061224489795,176.53061224489795,0.0
jid_267289,233.0,121.0,1,0,21933,21933,21933,JobState.COMPLETED,0.6470110416412354,176.53061224489795,176.53061224489795,0.0
jid_267366,17080.0,121.0,64,14038,7750,8204,22243,JobState.COMPLETED,0.11192931979894638,176.53061224490344,176.53061224489795,158600751.02041307
jid_267301,10.0,9.0,12288,163,22194,22194,22358,JobState.COMPLETED,0.006648660637438297,176.53061224489795,176.53061224489795,353580930.61224484
jid_267299,1103.0,121.0,1,417,21975,21975,22393,JobState.COMPLETED,0.475330114364624,176.53061224489807,176.53061224489795,73613.2653061225
jid_267299,1103.0,121.0,1,418,21975,21975,22394,JobState.COMPLETED,0.475330114364624,176.53061224489807,176.53061224489795,73789.7959183674
jid_267299,1103.0,121.0,1,445,21975,21975,22421,JobState.COMPLETED,0.475330114364624,176.53061224489807,176.53061224489795,78556.12244897964
jid_267299,1103.0,121.0,1,455,21975,21975,22431,JobState.COMPLETED,0.475330114364624,176.53061224489807,176.53061224489795,80321.42857142862
jid_267299,1103.0,121.0,1,457,21975,21975,22433,JobState.COMPLETED,0.475330114364624,176.53061224489807,176.53061224489795,80674.48979591842
jid_267303,10.0,9.0,12288,189,22197,22243,22433,JobState.COMPLETED,0.006648660637438297,176.53061224489792,176.53061224489795,409980342.8571428
jid_267299,1103.0,121.0,1,463,21975,21975,22439,JobState.COMPLETED,0.475330114364624,176.53061224489807,176.53061224489795,81733.67346938781
jid_267299,1103.0,121.0,1,497,21975,21975,22473,JobState.COMPLETED,0.475330114364624,176.53061224489807,176.53061224489795,87735.71428571433
jid_267299,1103.0,121.0,1,498,21975,21975,22474,JobState.COMPLETED,0.475330114364624,176.53061224489807,176.53061224489795,87912.24489795923
jid_267299,1103.0,121.0,1,499,21975,21975,22475,JobState.COMPLETED,0.475330114364624,176.53061224489807,176.53061224489795,88088.77551020414
jid_267299,1103.0,121.0,1,500,21975,21975,22476,JobState.COMPLETED,0.475330114364624,176.53061224489807,176.53061224489795,88265.30612244904
jid_267299,1103.0,121.0,1,502,21975,21975,22478,JobState.COMPLETED,0.475330114364624,176.53061224489807,176.53061224489795,88618.36734693883
jid_267299,1103.0,121.0,1,507,21975,21975,22483,JobState.COMPLETED,0.475330114364624,176.53061224489807,176.53061224489795,89501.02040816331
jid_267299,1103.0,121.0,1,507,21975,21975,22483,JobState.COMPLETED,0.475330114364624,176.53061224489807,176.53061224489795,89501.02040816331
jid_267299,1103.0,121.0,1,507,21975,21975,22483,JobState.COMPLETED,0.475330114364624,176.53061224489807,176.53061224489795,89501.02040816331
jid_267299,1103.0,121.0,1,520,21975,21975,22496,JobState.COMPLETED,0.475330114364624,176.5306122448981,176.53061224489795,91795.91836734701
jid_267299,1103.0,121.0,1,522,21975,21975,22498,JobState.COMPLETED,0.475330114364624,176.5306122448981,176.53061224489795,92148.9795918368
jid_267299,1103.0,121.0,1,523,21975,21975,22499,JobState.COMPLETED,0.475330114364624,176.5306122448981,176.53061224489795,92325.5102040817
jid_267299,1103.0,121.0,1,524,21975,21975,22500,JobState.COMPLETED,0.475330114364624,176.5306122448981,176.53061224489795,92502.0408163266
jid_267299,1103.0,121.0,1,525,21975,21975,22501,JobState.COMPLETED,0.475330114364624,176.5306122448981,176.53061224489795,92678.5714285715
jid_267299,1103.0,121.0,1,530,21975,21975,22506,JobState.COMPLETED,0.475330114364624,176.5306122448981,176.53061224489795,93561.22448979599
jid_267309,794.0,204.0,24,264,22238,22243,22508,JobState.COMPLETED,0.11843400448560715,176.53061224489784,176.53061224489795,1118497.959183673
jid_267299,1103.0,121.0,1,533,21975,21975,22509,JobState.COMPLETED,0.475330114364624,176.5306122448981,176.53061224489795,94090.81632653068
jid_267299,1103.0,121.0,1,538,21975,21975,22514,JobState.COMPLETED,0.475330114364624,176.5306122448981,176.53061224489795,94973.46938775518
jid_267299,1103.0,121.0,1,539,21975,21975,22515,JobState.COMPLETED,0.475330114364624,176.5306122448981,176.53061224489795,95150.00000000007
jid_267299,1103.0,121.0,1,539,21975,21975,22515,JobState.COMPLETED,0.475330114364624,176.5306122448981,176.53061224489795,95150.00000000007
jid_267299,1103.0,121.0,1,541,21975,21975,22517,JobState.COMPLETED,0.475330114364624,176.5306122448981,176.53061224489795,95503.06122448987
jid_267299,1103.0,121.0,1,541,21975,21975,22517,JobState.COMPLETED,0.475330114364624,176.5306122448981,176.53061224489795,95503.06122448987
jid_267299,1103.0,121.0,1,543,21975,21975,22519,JobState.COMPLETED,0.475330114364624,176.5306122448981,176.53061224489795,95856.12244897966
jid_267299,1103.0,121.0,1,547,21975,21975,22523,JobState.COMPLETED,0.475330114364624,176.5306122448981,176.53061224489795,96562.24489795926
jid_267299,1103.0,121.0,1,549,21975,21975,22525,JobState.COMPLETED,0.475330114364624,176.5306122448981,176.53061224489795,96915.30612244905
jid_267299,1103.0,121.0,1,551,21975,21975,22527,JobState.COMPLETED,0.475330114364624,176.5306122448981,176.53061224489795,97268.36734693885
jid_267299,1103.0,121.0,1,562,21975,21975,22538,JobState.COMPLETED,0.475330114364624,176.5306122448981,176.53061224489795,99210.20408163274
jid_267378,1082.0000000000018,121.0,1,427,22161,22161,22589,JobState.COMPLETED,0.4747171103954315,176.53061224489807,176.53061224489795,75378.57142857148
jid_267384,10.0,9.0,12288,180,22427,22433,22614,JobState.COMPLETED,0.006648858077824116,176.53061224489792,176.53061224489795,390457469.38775504
jid_267323,794.0,204.0,24,265,22245,22358,22624,JobState.COMPLETED,0.11843400448560715,176.53061224489784,176.53061224489795,1122734.6938775503
jid_267378,1082.0000000000018,121.0,1,463,22161,22161,22625,JobState.COMPLETED,0.4747171103954315,176.53061224489807,176.53061224489795,81733.67346938781
jid_267378,1082.0000000000018,121.0,1,465,22161,22161,22627,JobState.COMPLETED,0.4747171103954315,176.53061224489807,176.53061224489795,82086.7346938776
jid_267321,794.0,204.0,24,269,22240,22358,22628,JobState.COMPLETED,0.11843400448560715,176.53061224489784,176.53061224489795,1139681.6326530604
jid_267378,1082.0000000000018,121.0,1,467,22161,22161,22629,JobState.COMPLETED,0.4747171103954315,176.53061224489807,176.53061224489795,82439.7959183674
jid_267342,794.0,204.0,24,272,22240,22358,22631,JobState.COMPLETED,0.11843400448560715,176.53061224489784,176.53061224489795,1152391.836734693
jid_267336,794.0,204.0,24,273,22245,22358,22632,JobState.COMPLETED,0.11843400448560715,176.53061224489784,176.53061224489795,1156628.5714285707
jid_267338,794.0,204.0,24,275,22243,22358,22634,JobState.COMPLETED,0.11843400448560715,176.53061224489784,176.53061224489795,1165102.0408163257
jid_267357,794.0,204.0,24,285,22244,22358,22644,JobState.COMPLETED,0.11843400448560715,176.53061224489784,176.53061224489795,1207469.387755101
jid_267377,794.0,204.0,24,287,22243,22358,22646,JobState.COMPLETED,0.11843400448560715,176.53061224489784,176.53061224489795,1215942.8571428563
jid_267376,794.0,204.0,24,288,22245,22358,22647,JobState.COMPLETED,0.11843400448560715,176.53061224489784,176.53061224489795,1220179.5918367337
jid_267378,1082.0000000000018,121.0,1,492,22161,22161,22654,JobState.COMPLETED,0.4747171103954315,176.53061224489807,176.53061224489795,86853.06122448985
jid_267378,1082.0000000000018,121.0,1,494,22161,22161,22656,JobState.COMPLETED,0.4747171103954315,176.53061224489807,176.53061224489795,87206.12244897964
jid_267378,1082.0000000000018,121.0,1,498,22161,22161,22660,JobState.COMPLETED,0.4747171103954315,176.53061224489807,176.53061224489795,87912.24489795923
jid_267378,1082.0000000000018,121.0,1,499,22161,22161,22661,JobState.COMPLETED,0.4747171103954315,176.53061224489807,176.53061224489795,88088.77551020414
jid_267378,1082.0000000000018,121.0,1,499,22161,22161,22661,JobState.COMPLETED,0.4747171103954315,176.53061224489807,176.53061224489795,88088.77551020414
jid_267378,1082.0000000000018,121.0,1,499,22161,22161,22661,JobState.COMPLETED,0.4747171103954315,176.53061224489807,176.53061224489795,88088.77551020414
jid_267378,1082.0000000000018,121.0,1,499,22161,22161,22661,JobState.COMPLETED,0.4747171103954315,176.53061224489807,176.53061224489795,88088.77551020414
jid_267378,1082.0000000000018,121.0,1,501,22161,22161,22663,JobState.COMPLETED,0.4747171103954315,176.53061224489807,176.53061224489795,88441.83673469393
jid_267378,1082.0000000000018,121.0,1,503,22161,22161,22665,JobState.COMPLETED,0.4747171103954315,176.53061224489807,176.53061224489795,88794.89795918373
jid_267378,1082.0000000000018,121.0,1,506,22161,22161,22668,JobState.COMPLETED,0.4747171103954315,176.53061224489807,176.53061224489795,89324.48979591842
jid_267378,1082.0000000000018,121.0,1,509,22161,22161,22671,JobState.COMPLETED,0.4747171103954315,176.53061224489807,176.53061224489795,89854.08163265312
jid_267378,1082.0000000000018,121.0,1,521,22161,22161,22683,JobState.COMPLETED,0.4747171103954315,176.5306122448981,176.53061224489795,91972.4489795919
jid_267385,231.0,121.0,1,470,22328,22358,22829,JobState.COMPLETED,0.6019687056541443,176.53061224489807,176.53061224489795,82969.38775510209
jid_267385,231.0,121.0,1,482,22328,22358,22841,JobState.COMPLETED,0.6019687056541443,176.53061224489807,176.53061224489795,85087.75510204087
jid_267385,231.0,121.0,1,483,22328,22358,22842,JobState.COMPLETED,0.6019687056541443,176.53061224489807,176.53061224489795,85264.28571428577
jid_267385,231.0,121.0,1,493,22328,22358,22852,JobState.COMPLETED,0.6019687056541443,176.53061224489807,176.53061224489795,87029.59183673475
jid_267385,231.0,121.0,1,496,22328,22358,22855,JobState.COMPLETED,0.6019687056541443,176.53061224489807,176.53061224489795,87559.18367346944
jid_267385,231.0,121.0,1,503,22328,22358,22862,JobState.COMPLETED,0.6019687056541443,176.53061224489807,176.53061224489795,88794.89795918373
jid_267385,231.0,121.0,1,505,22328,22358,22864,JobState.COMPLETED,0.6019687056541443,176.53061224489807,176.53061224489795,89147.95918367352
jid_267385,231.0,121.0,1,509,22328,22358,22868,JobState.COMPLETED,0.6019687056541443,176.53061224489807,176.53061224489795,89854.08163265312
jid_267385,231.0,121.0,1,513,22328,22358,22872,JobState.COMPLETED,0.6019687056541443,176.5306122448981,176.53061224489795,90560.20408163272
jid_267385,231.0,121.0,1,519,22328,22358,22878,JobState.COMPLETED,0.6019687056541443,176.5306122448981,176.53061224489795,91619.38775510211
jid_267385,231.0,121.0,1,522,22328,22358,22881,JobState.COMPLETED,0.6019687056541443,176.5306122448981,176.53061224489795,92148.9795918368
jid_267385,231.0,121.0,1,526,22328,22358,22885,JobState.COMPLETED,0.6019687056541443,176.5306122448981,176.53061224489795,92855.1020408164
jid_267385,231.0,121.0,1,527,22328,22358,22886,JobState.COMPLETED,0.6019687056541443,176.5306122448981,176.53061224489795,93031.6326530613
jid_267385,231.0,121.0,1,528,22328,22358,22887,JobState.COMPLETED,0.6019687056541443,176.5306122448981,176.53061224489795,93208.1632653062
jid_267385,231.0,121.0,1,530,22328,22358,22889,JobState.COMPLETED,0.6019687056541443,176.5306122448981,176.53061224489795,93561.22448979599
jid_267385,231.0,121.0,1,532,22328,22358,22891,JobState.COMPLETED,0.6019687056541443,176.5306122448981,176.53061224489795,93914.28571428578
jid_267385,231.0,121.0,1,539,22328,22358,22898,JobState.COMPLETED,0.6019687056541443,176.5306122448981,176.53061224489795,95150.00000000007
jid_267385,231.0,121.0,1,541,22328,22358,22900,JobState.COMPLETED,0.6019687056541443,176.5306122448981,176.53061224489795,95503.06122448987
jid_267385,231.0,121.0,1,542,22328,22358,22901,JobState.COMPLETED,0.6019687056541443,176.5306122448981,176.53061224489795,95679.59183673476
jid_267385,231.0,121.0,1,574,22328,22358,22933,JobState.COMPLETED,0.6019687056541443,176.5306122448981,176.53061224489795,101328.57142857151
jid_267497,21.0,20.0,1,19730,3206,3206,22937,JobState.COMPLETED,0.05985068529844284,176.53061224490563,176.53061224489795,3482948.979591988
jid_267394,794.0,204.0,24,591,22239,22358,22950,JobState.COMPLETED,0.11843400448560715,176.53061224489775,176.53061224489795,2503910.20408163
jid_267401,17121.0,121.0,1,430,22549,22549,22980,JobState.COMPLETED,0.47360506653785706,176.53061224489807,176.53061224489795,75908.16326530617
jid_267401,17121.0,121.0,1,438,22549,22549,22988,JobState.COMPLETED,0.47360506653785706,176.53061224489807,176.53061224489795,77320.40816326535
jid_267401,17121.0,121.0,1,448,22549,22549,22998,JobState.COMPLETED,0.47360506653785706,176.53061224489807,176.53061224489795,79085.71428571433
jid_267401,17121.0,121.0,1,471,22549,22549,23021,JobState.COMPLETED,0.47360506653785706,176.53061224489807,176.53061224489795,83145.918367347
jid_267401,17121.0,121.0,1,477,22549,22549,23027,JobState.COMPLETED,0.47360506653785706,176.53061224489807,176.53061224489795,84205.10204081637
jid_267401,17121.0,121.0,1,493,22549,22549,23043,JobState.COMPLETED,0.47360506653785706,176.53061224489807,176.53061224489795,87029.59183673475
jid_267401,17121.0,121.0,1,505,22549,22549,23055,JobState.COMPLETED,0.47360506653785706,176.53061224489807,176.53061224489795,89147.95918367352
jid_267401,17121.0,121.0,1,506,22549,22549,23056,JobState.COMPLETED,0.47360506653785706,176.53061224489807,176.53061224489795,89324.48979591842
jid_267510,798.0,206.0,250,20124,2937,2937,23062,JobState.COMPLETED,0.003578521078452468,176.5306122449027,176.53061224489795,888125510.2041055
jid_267401,17121.0,121.0,1,513,22549,22549,23063,JobState.COMPLETED,0.47360506653785706,176.5306122448981,176.53061224489795,90560.20408163272
jid_267405,10.0,9.0,12288,182,22881,22881,23064,JobState.COMPLETED,0.006582831498235464,176.53061224489792,176.53061224489795,394795885.7142857
jid_267401,17121.0,121.0,1,515,22549,22549,23065,JobState.COMPLETED,0.47360506653785706,176.5306122448981,176.53061224489795,90913.26530612251
jid_267401,17121.0,121.0,1,516,22549,22549,23066,JobState.COMPLETED,0.47360506653785706,176.5306122448981,176.53061224489795,91089.79591836741
jid_267401,17121.0,121.0,1,520,22549,22549,23070,JobState.COMPLETED,0.47360506653785706,176.5306122448981,176.53061224489795,91795.91836734701
jid_267401,17121.0,121.0,1,523,22549,22549,23073,JobState.COMPLETED,0.47360506653785706,176.5306122448981,176.53061224489795,92325.5102040817
jid_267401,17121.0,121.0,1,526,22549,22549,23076,JobState.COMPLETED,0.47360506653785706,176.5306122448981,176.53061224489795,92855.1020408164
jid_267401,17121.0,121.0,1,526,22549,22549,23076,JobState.COMPLETED,0.47360506653785706,176.5306122448981,176.53061224489795,92855.1020408164
jid_267400,1108.9999999999982,121.0,1,399,22681,22681,23081,JobState.COMPLETED,0.4746619164943695,176.53061224489804,176.53061224489795,70435.71428571432
jid_267401,17121.0,121.0,1,532,22549,22549,23082,JobState.COMPLETED,0.47360506653785706,176.5306122448981,176.53061224489795,93914.28571428578
jid_267401,17121.0,121.0,1,534,22549,22549,23084,JobState.COMPLETED,0.47360506653785706,176.5306122448981,176.53061224489795,94267.34693877558
jid_267401,17121.0,121.0,1,534,22549,22549,23084,JobState.COMPLETED,0.47360506653785706,176.5306122448981,176.53061224489795,94267.34693877558
jid_267401,17121.0,121.0,1,535,22549,22549,23085,JobState.COMPLETED,0.47360506653785706,176.5306122448981,176.53061224489795,94443.87755102049
jid_267400,1108.9999999999982,121.0,1,418,22681,22681,23100,JobState.COMPLETED,0.4746619164943695,176.53061224489807,176.53061224489795,73789.7959183674
jid_267400,1108.9999999999982,121.0,1,421,22681,22681,23103,JobState.COMPLETED,0.4746619164943695,176.53061224489807,176.53061224489795,74319.38775510209
jid_267400,1108.9999999999982,121.0,1,446,22681,22681,23128,JobState.COMPLETED,0.4746619164943695,176.53061224489807,176.53061224489795,78732.65306122454
jid_267400,1108.9999999999982,121.0,1,455,22681,22681,23137,JobState.COMPLETED,0.4746619164943695,176.53061224489807,176.53061224489795,80321.42857142862
jid_267400,1108.9999999999982,121.0,1,471,22681,22681,23153,JobState.COMPLETED,0.4746619164943695,176.53061224489807,176.53061224489795,83145.918367347
jid_267400,1108.9999999999982,121.0,1,486,22681,22681,23168,JobState.COMPLETED,0.4746619164943695,176.53061224489807,176.53061224489795,85793.87755102046
jid_267400,1108.9999999999982,121.0,1,488,22681,22681,23170,JobState.COMPLETED,0.4746619164943695,176.53061224489807,176.53061224489795,86146.93877551025
jid_267400,1108.9999999999982,121.0,1,488,22681,22681,23170,JobState.COMPLETED,0.4746619164943695,176.53061224489807,176.53061224489795,86146.93877551025
jid_267400,1108.9999999999982,121.0,1,488,22681,22681,23170,JobState.COMPLETED,0.4746619164943695,176.53061224489807,176.53061224489795,86146.93877551025
jid_267400,1108.9999999999982,121.0,1,489,22681,22681,23171,JobState.COMPLETED,0.4746619164943695,176.53061224489807,176.53061224489795,86323.46938775515
jid_267400,1108.9999999999982,121.0,1,496,22681,22681,23178,JobState.COMPLETED,0.4746619164943695,176.53061224489807,176.53061224489795,87559.18367346944
jid_267400,1108.9999999999982,121.0,1,498,22681,22681,23180,JobState.COMPLETED,0.4746619164943695,176.53061224489807,176.53061224489795,87912.24489795923
jid_267400,1108.9999999999982,121.0,1,499,22681,22681,23181,JobState.COMPLETED,0.4746619164943695,176.53061224489807,176.53061224489795,88088.77551020414
jid_267400,1108.9999999999982,121.0,1,504,22681,22681,23186,JobState.COMPLETED,0.4746619164943695,176.53061224489807,176.53061224489795,88971.42857142862
jid_267400,1108.9999999999982,121.0,1,505,22681,22681,23187,JobState.COMPLETED,0.4746619164943695,176.53061224489807,176.53061224489795,89147.95918367352
jid_267400,1108.9999999999982,121.0,1,506,22681,22681,23188,JobState.COMPLETED,0.4746619164943695,176.53061224489807,176.53061224489795,89324.48979591842
jid_267400,1108.9999999999982,121.0,1,519,22681,22681,23201,JobState.COMPLETED,0.4746619164943695,176.5306122448981,176.53061224489795,91619.38775510211
jid_267400,1108.9999999999982,121.0,1,525,22681,22681,23207,JobState.COMPLETED,0.4746619164943695,176.5306122448981,176.53061224489795,92678.5714285715
jid_267400,1108.9999999999982,121.0,1,526,22681,22681,23208,JobState.COMPLETED,0.4746619164943695,176.5306122448981,176.53061224489795,92855.1020408164
jid_267411,10.0,9.0,12288,160,23110,23110,23271,JobState.COMPLETED,0.006602925714105368,176.53061224489795,176.53061224489795,347073306.122449
jid_267412,10.0,9.0,12288,186,23112,23112,23299,JobState.COMPLETED,0.006602925714105368,176.53061224489792,176.53061224489795,403472718.3673469
jid_267434,794.0,204.0,24,261,23155,23155,23417,JobState.COMPLETED,0.11901254951953888,176.53061224489784,176.53061224489795,1105787.75510204
jid_267449,794.0,204.0,24,262,23158,23158,23421,JobState.COMPLETED,0.11901254951953888,176.53061224489784,176.53061224489795,1110024.4897959176
jid_267420,794.0,204.0,24,258,23162,23162,23421,JobState.COMPLETED,0.11901254951953888,176.53061224489784,176.53061224489795,1093077.5510204074
jid_267459,794.0,204.0,24,265,23159,23159,23425,JobState.COMPLETED,0.11901254951953888,176.53061224489784,176.53061224489795,1122734.6938775503
jid_267442,794.0,204.0,24,264,23160,23160,23425,JobState.COMPLETED,0.11901254951953888,176.53061224489784,176.53061224489795,1118497.959183673
jid_267456,794.0,204.0,24,263,23162,23162,23426,JobState.COMPLETED,0.11901254951953888,176.53061224489784,176.53061224489795,1114261.224489795
jid_267473,794.0,204.0,24,269,23157,23157,23427,JobState.COMPLETED,0.11901254951953888,176.53061224489784,176.53061224489795,1139681.6326530604
jid_267464,794.0,204.0,24,268,23158,23158,23427,JobState.COMPLETED,0.11901254951953888,176.53061224489784,176.53061224489795,1135444.897959183
jid_267463,794.0,204.0,24,271,23158,23158,23430,JobState.COMPLETED,0.11901254951953888,176.53061224489784,176.53061224489795,1148155.1020408156
jid_267455,794.0,204.0,24,271,23159,23159,23431,JobState.COMPLETED,0.11901254951953888,176.53061224489784,176.53061224489795,1148155.1020408156
jid_267475,794.0,204.0,24,269,23161,23161,23431,JobState.COMPLETED,0.11901254951953888,176.53061224489784,176.53061224489795,1139681.6326530604
jid_267474,794.0,204.0,24,275,23156,23156,23432,JobState.COMPLETED,0.11901254951953888,176.53061224489784,176.53061224489795,1165102.0408163257
jid_267472,794.0,204.0,24,269,23162,23162,23432,JobState.COMPLETED,0.11901254951953888,176.53061224489784,176.53061224489795,1139681.6326530604
jid_267448,794.0,204.0,24,264,23163,23271,23536,JobState.COMPLETED,0.11901254951953888,176.53061224489784,176.53061224489795,1118497.959183673
jid_267507,36589.0,233.0,1152,50,23932,23932,23983,JobState.COMPLETED,0.02816510573029518,176.53061224489792,176.53061224489795,10168163.26530612
jid_267607,1872.0,47.0,16,20906,3148,3148,24055,JobState.COMPLETED,0.014732550829648972,176.53061224490594,176.53061224489795,59048783.673472054
jid_267517,794.0,204.0,24,248,24078,24078,24327,JobState.COMPLETED,0.12048853933811188,176.53061224489784,176.53061224489795,1050710.2040816317
jid_267520,794.0,204.0,24,253,24077,24077,24331,JobState.COMPLETED,0.12048853933811188,176.53061224489784,176.53061224489795,1071893.8775510197
jid_267524,794.0,204.0,24,254,24080,24080,24335,JobState.COMPLETED,0.12048853933811188,176.53061224489784,176.53061224489795,1076130.6122448973
jid_267532,794.0,204.0,24,253,24081,24081,24335,JobState.COMPLETED,0.12048853933811188,176.53061224489784,176.53061224489795,1071893.8775510197
jid_267535,794.0,204.0,24,252,24082,24082,24335,JobState.COMPLETED,0.12048853933811188,176.53061224489784,176.53061224489795,1067657.142857142
jid_267528,794.0,204.0,24,259,24076,24076,24336,JobState.COMPLETED,0.12048853933811188,176.53061224489784,176.53061224489795,1097314.285714285
jid_267552,794.0,204.0,24,256,24080,24080,24337,JobState.COMPLETED,0.12048853933811188,176.53061224489784,176.53061224489795,1084604.0816326523
jid_267536,794.0,204.0,24,258,24081,24081,24340,JobState.COMPLETED,0.12048853933811188,176.53061224489784,176.53061224489795,1093077.5510204074
jid_267562,794.0,204.0,24,263,24078,24078,24342,JobState.COMPLETED,0.12048853933811188,176.53061224489784,176.53061224489795,1114261.224489795
jid_267556,794.0,204.0,24,260,24081,24081,24342,JobState.COMPLETED,0.12048853933811188,176.53061224489784,176.53061224489795,1101551.0204081626
jid_267568,794.0,204.0,24,269,24076,24076,24346,JobState.COMPLETED,0.12048853933811188,176.53061224489784,176.53061224489795,1139681.6326530604
jid_267574,794.0,204.0,24,271,24077,24077,24349,JobState.COMPLETED,0.12048853933811188,176.53061224489784,176.53061224489795,1148155.1020408156
jid_267572,794.0,204.0,24,269,24080,24080,24350,JobState.COMPLETED,0.12048853933811188,176.53061224489784,176.53061224489795,1139681.6326530604
jid_267599,108.0,14.0,1,0,24544,24544,24545,JobState.COMPLETED,0.38459673523902893,176.53061224489795,176.53061224489795,0.0
jid_267612,10.0,9.0,12288,132,24701,24701,24834,JobState.COMPLETED,0.006451180204749107,176.53061224489795,176.53061224489795,286335477.5510204
jid_267608,549.0,121.0,1,0,24864,24864,24865,JobState.COMPLETED,0.6347481608390808,176.53061224489795,176.53061224489795,0.0
jid_267608,549.0,121.0,1,0,24864,24864,24864,JobState.COMPLETED,0.6347481608390808,176.53061224489795,176.53061224489795,0.0
jid_267608,549.0,121.0,1,0,24864,24864,24864,JobState.COMPLETED,0.6347481608390808,176.53061224489795,176.53061224489795,0.0
jid_267608,549.0,121.0,1,0,24864,24864,24864,JobState.COMPLETED,0.6347481608390808,176.53061224489795,176.53061224489795,0.0
jid_267608,549.0,121.0,1,0,24864,24864,24864,JobState.COMPLETED,0.6347481608390808,176.53061224489795,176.53061224489795,0.0
jid_267608,549.0,121.0,1,0,24864,24864,24864,JobState.COMPLETED,0.6347481608390808,176.53061224489795,176.53061224489795,0.0
jid_267608,549.0,121.0,1,0,24864,24864,24865,JobState.COMPLETED,0.6347481608390808,176.53061224489795,176.53061224489795,0.0
jid_267608,549.0,121.0,1,0,24864,24864,24865,JobState.COMPLETED,0.6347481608390808,176.53061224489795,176.53061224489795,0.0
jid_267608,549.0,121.0,1,0,24864,24864,24865,JobState.COMPLETED,0.6347481608390808,176.53061224489795,176.53061224489795,0.0
jid_267608,549.0,121.0,1,0,24864,24864,24865,JobState.COMPLETED,0.6347481608390808,176.53061224489795,176.53061224489795,0.0
jid_267608,549.0,121.0,1,0,24864,24864,24864,JobState.COMPLETED,0.6347481608390808,176.53061224489795,176.53061224489795,0.0
jid_267608,549.0,121.0,1,0,24864,24864,24865,JobState.COMPLETED,0.6347481608390808,176.53061224489795,176.53061224489795,0.0
jid_267608,549.0,121.0,1,0,24864,24864,24865,JobState.COMPLETED,0.6347481608390808,176.53061224489795,176.53061224489795,0.0
jid_267608,549.0,121.0,1,0,24864,24864,24865,JobState.COMPLETED,0.6347481608390808,176.53061224489795,176.53061224489795,0.0
jid_267608,549.0,121.0,1,0,24864,24864,24865,JobState.COMPLETED,0.6347481608390808,176.53061224489795,176.53061224489795,0.0
jid_267608,549.0,121.0,1,0,24864,24864,24864,JobState.COMPLETED,0.6347481608390808,176.53061224489795,176.53061224489795,0.0
jid_267608,549.0,121.0,1,0,24864,24864,24864,JobState.COMPLETED,0.6347481608390808,176.53061224489795,176.53061224489795,0.0
jid_267608,549.0,121.0,1,0,24864,24864,24864,JobState.COMPLETED,0.6347481608390808,176.53061224489795,176.53061224489795,0.0
jid_267608,549.0,121.0,1,0,24864,24864,24865,JobState.COMPLETED,0.6347481608390808,176.53061224489795,176.53061224489795,0.0
jid_267608,549.0,121.0,1,0,24864,24864,24865,JobState.COMPLETED,0.6347481608390808,176.53061224489795,176.53061224489795,0.0
jid_267608,549.0,121.0,1,0,24864,24864,24865,JobState.COMPLETED,0.6347481608390808,176.53061224489795,176.53061224489795,0.0
jid_267608,549.0,121.0,1,0,24864,24864,24865,JobState.COMPLETED,0.6347481608390808,176.53061224489795,176.53061224489795,0.0
jid_267608,549.0,121.0,1,0,24864,24864,24864,JobState.COMPLETED,0.6347481608390808,176.53061224489795,176.53061224489795,0.0
jid_267608,549.0,121.0,1,0,24864,24864,24864,JobState.COMPLETED,0.6347481608390808,176.53061224489795,176.53061224489795,0.0
jid_267608,549.0,121.0,1,0,24864,24864,24864,JobState.COMPLETED,0.6347481608390808,176.53061224489795,176.53061224489795,0.0
jid_267608,549.0,121.0,1,0,24864,24864,24865,JobState.COMPLETED,0.6347481608390808,176.53061224489795,176.53061224489795,0.0
jid_267608,549.0,121.0,1,1,24864,24864,24866,JobState.COMPLETED,0.6347481608390808,176.53061224489795,176.53061224489795,176.53061224489795
jid_267609,51.0,39.0,96,9,24862,24862,24872,JobState.COMPLETED,0.0439847856760025,176.53061224489795,176.53061224489795,152522.44897959183
jid_267610,10.0,9.0,12288,184,24704,24704,24889,JobState.COMPLETED,0.006451180204749107,176.53061224489792,176.53061224489795,399134302.04081625
jid_267618,10.0,9.0,12288,145,24922,24922,25068,JobState.COMPLETED,0.006449793465435505,176.53061224489795,176.53061224489795,314535183.67346936
jid_267619,10.0,9.0,12288,182,24924,24924,25107,JobState.COMPLETED,0.006449793465435505,176.53061224489792,176.53061224489795,394795885.7142857
jid_267614,17111.0,121.0,1,404,24765,24765,25170,JobState.COMPLETED,0.6143132448196411,176.53061224489804,176.53061224489795,71318.3673469388
jid_267299,1103.0,121.0,1,3197,21975,21975,25173,JobState.COMPLETED,0.475330114364624,176.530612244897,176.53061224489795,564368.3673469357
jid_267614,17111.0,121.0,1,418,24765,24765,25184,JobState.COMPLETED,0.6143132448196411,176.53061224489807,176.53061224489795,73789.7959183674
jid_267614,17111.0,121.0,1,440,24765,24765,25206,JobState.COMPLETED,0.6143132448196411,176.53061224489807,176.53061224489795,77673.46938775515
jid_267614,17111.0,121.0,1,461,24765,24765,25227,JobState.COMPLETED,0.6143132448196411,176.53061224489807,176.53061224489795,81380.612244898
jid_267614,17111.0,121.0,1,467,24765,24765,25233,JobState.COMPLETED,0.6143132448196411,176.53061224489807,176.53061224489795,82439.7959183674
jid_267614,17111.0,121.0,1,489,24765,24765,25255,JobState.COMPLETED,0.6143132448196411,176.53061224489807,176.53061224489795,86323.46938775515
jid_267614,17111.0,121.0,1,490,24765,24765,25256,JobState.COMPLETED,0.6143132448196411,176.53061224489807,176.53061224489795,86500.00000000006
jid_267614,17111.0,121.0,1,495,24765,24765,25261,JobState.COMPLETED,0.6143132448196411,176.53061224489807,176.53061224489795,87382.65306122454
jid_270557,794.0,204.0,24,263,24999,24999,25263,JobState.COMPLETED,0.1205097883939743,176.53061224489784,176.53061224489795,1114261.224489795
jid_270562,794.0,204.0,24,263,24999,24999,25263,JobState.COMPLETED,0.1205097883939743,176.53061224489784,176.53061224489795,1114261.224489795
jid_267631,794.0,204.0,24,266,24997,24997,25264,JobState.COMPLETED,0.1205097883939743,176.53061224489784,176.53061224489795,1126971.4285714277
jid_267632,794.0,204.0,24,265,24999,24999,25265,JobState.COMPLETED,0.1205097883939743,176.53061224489784,176.53061224489795,1122734.6938775503
jid_267614,17111.0,121.0,1,502,24765,24765,25268,JobState.COMPLETED,0.6143132448196411,176.53061224489807,176.53061224489795,88618.36734693883
jid_267614,17111.0,121.0,1,503,24765,24765,25269,JobState.COMPLETED,0.6143132448196411,176.53061224489807,176.53061224489795,88794.89795918373
jid_267614,17111.0,121.0,1,503,24765,24765,25269,JobState.COMPLETED,0.6143132448196411,176.53061224489807,176.53061224489795,88794.89795918373
jid_267614,17111.0,121.0,1,505,24765,24765,25271,JobState.COMPLETED,0.6143132448196411,176.53061224489807,176.53061224489795,89147.95918367352
jid_270586,794.0,204.0,24,275,24996,24996,25272,JobState.COMPLETED,0.1205097883939743,176.53061224489784,176.53061224489795,1165102.0408163257
jid_267614,17111.0,121.0,1,512,24765,24765,25278,JobState.COMPLETED,0.6143132448196411,176.5306122448981,176.53061224489795,90383.67346938782
jid_267733,794.0,204.0,24,280,24997,24997,25278,JobState.COMPLETED,0.1205097883939743,176.53061224489784,176.53061224489795,1186285.7142857134
jid_267614,17111.0,121.0,1,513,24765,24765,25279,JobState.COMPLETED,0.6143132448196411,176.5306122448981,176.53061224489795,90560.20408163272
jid_267614,17111.0,121.0,1,514,24765,24765,25280,JobState.COMPLETED,0.6143132448196411,176.5306122448981,176.53061224489795,90736.73469387762
jid_267614,17111.0,121.0,1,516,24765,24765,25282,JobState.COMPLETED,0.6143132448196411,176.5306122448981,176.53061224489795,91089.79591836741
jid_267614,17111.0,121.0,1,521,24765,24765,25287,JobState.COMPLETED,0.6143132448196411,176.5306122448981,176.53061224489795,91972.4489795919
jid_270591,51.0,39.0,96,301,24989,24989,25291,JobState.COMPLETED,0.04364177584648132,176.53061224489784,176.53061224489795,5101028.571428567
jid_267614,17111.0,121.0,1,528,24765,24765,25294,JobState.COMPLETED,0.6143132448196411,176.5306122448981,176.53061224489795,93208.1632653062
jid_267614,17111.0,121.0,1,529,24765,24765,25295,JobState.COMPLETED,0.6143132448196411,176.5306122448981,176.53061224489795,93384.6938775511
jid_267737,10.0,9.0,12288,146,25154,25154,25301,JobState.COMPLETED,0.0064775943756103516,176.53061224489795,176.53061224489795,316704391.83673465
jid_267614,17111.0,121.0,1,537,24765,24765,25303,JobState.COMPLETED,0.6143132448196411,176.5306122448981,176.53061224489795,94796.93877551028
jid_267614,17111.0,121.0,1,538,24765,24765,25304,JobState.COMPLETED,0.6143132448196411,176.5306122448981,176.53061224489795,94973.46938775518
jid_267614,17111.0,121.0,1,540,24765,24765,25306,JobState.COMPLETED,0.6143132448196411,176.5306122448981,176.53061224489795,95326.53061224497
jid_267614,17111.0,121.0,1,540,24765,24765,25306,JobState.COMPLETED,0.6143132448196411,176.5306122448981,176.53061224489795,95326.53061224497
jid_267614,17111.0,121.0,1,541,24765,24765,25307,JobState.COMPLETED,0.6143132448196411,176.5306122448981,176.53061224489795,95503.06122448987
jid_267614,17111.0,121.0,1,544,24765,24765,25310,JobState.COMPLETED,0.6143132448196411,176.5306122448981,176.53061224489795,96032.65306122457
jid_267614,17111.0,121.0,1,545,24765,24765,25311,JobState.COMPLETED,0.6143132448196411,176.5306122448981,176.53061224489795,96209.18367346947
jid_267630,794.0,204.0,24,260,25000,25068,25329,JobState.COMPLETED,0.1205097883939743,176.53061224489784,176.53061224489795,1101551.0204081626
jid_270548,794.0,204.0,24,261,25001,25068,25330,JobState.COMPLETED,0.1205097883939743,176.53061224489784,176.53061224489795,1105787.75510204
jid_270567,794.0,204.0,24,266,25002,25068,25335,JobState.COMPLETED,0.1205097883939743,176.53061224489784,176.53061224489795,1126971.4285714277
jid_267614,17111.0,121.0,1,570,24765,24765,25336,JobState.COMPLETED,0.6143132448196411,176.5306122448981,176.53061224489795,100622.4489795919
jid_267728,794.0,204.0,24,270,25003,25068,25339,JobState.COMPLETED,0.1205097883939743,176.53061224489784,176.53061224489795,1143918.367346938
jid_270580,794.0,204.0,24,271,24999,25068,25340,JobState.COMPLETED,0.1205097883939743,176.53061224489784,176.53061224489795,1148155.1020408156
jid_270579,794.0,204.0,24,271,25001,25068,25340,JobState.COMPLETED,0.1205097883939743,176.53061224489784,176.53061224489795,1148155.1020408156
jid_270582,794.0,204.0,24,272,25001,25068,25341,JobState.COMPLETED,0.1205097883939743,176.53061224489784,176.53061224489795,1152391.836734693
jid_267738,804.0,121.0,1,388,25118,25118,25507,JobState.COMPLETED,0.6066147685050964,176.53061224489804,176.53061224489795,68493.87755102044
jid_267738,804.0,121.0,1,416,25118,25118,25535,JobState.COMPLETED,0.6066147685050964,176.53061224489807,176.53061224489795,73436.7346938776
jid_267738,804.0,121.0,1,430,25118,25118,25549,JobState.COMPLETED,0.6066147685050964,176.53061224489807,176.53061224489795,75908.16326530617
jid_267738,804.0,121.0,1,430,25118,25118,25549,JobState.COMPLETED,0.6066147685050964,176.53061224489807,176.53061224489795,75908.16326530617
jid_267738,804.0,121.0,1,451,25118,25118,25570,JobState.COMPLETED,0.6066147685050964,176.53061224489807,176.53061224489795,79615.30612244902
jid_267738,804.0,121.0,1,474,25118,25118,25593,JobState.COMPLETED,0.6066147685050964,176.53061224489807,176.53061224489795,83675.51020408169
jid_267738,804.0,121.0,1,476,25118,25118,25595,JobState.COMPLETED,0.6066147685050964,176.53061224489807,176.53061224489795,84028.57142857148
jid_267738,804.0,121.0,1,494,25118,25118,25613,JobState.COMPLETED,0.6066147685050964,176.53061224489807,176.53061224489795,87206.12244897964
jid_267738,804.0,121.0,1,497,25118,25118,25616,JobState.COMPLETED,0.6066147685050964,176.53061224489807,176.53061224489795,87735.71428571433
jid_267738,804.0,121.0,1,503,25118,25118,25622,JobState.COMPLETED,0.6066147685050964,176.53061224489807,176.53061224489795,88794.89795918373
jid_267738,804.0,121.0,1,503,25118,25118,25622,JobState.COMPLETED,0.6066147685050964,176.53061224489807,176.53061224489795,88794.89795918373
jid_267738,804.0,121.0,1,505,25118,25118,25624,JobState.COMPLETED,0.6066147685050964,176.53061224489807,176.53061224489795,89147.95918367352
jid_267738,804.0,121.0,1,508,25118,25118,25627,JobState.COMPLETED,0.6066147685050964,176.53061224489807,176.53061224489795,89677.55102040822
jid_267738,804.0,121.0,1,509,25118,25118,25628,JobState.COMPLETED,0.6066147685050964,176.53061224489807,176.53061224489795,89854.08163265312
jid_267738,804.0,121.0,1,511,25118,25118,25630,JobState.COMPLETED,0.6066147685050964,176.5306122448981,176.53061224489795,90207.14285714293
jid_267738,804.0,121.0,1,513,25118,25118,25632,JobState.COMPLETED,0.6066147685050964,176.5306122448981,176.53061224489795,90560.20408163272
jid_267738,804.0,121.0,1,514,25118,25118,25633,JobState.COMPLETED,0.6066147685050964,176.5306122448981,176.53061224489795,90736.73469387762
jid_267738,804.0,121.0,1,515,25118,25118,25634,JobState.COMPLETED,0.6066147685050964,176.5306122448981,176.53061224489795,90913.26530612251
jid_267738,804.0,121.0,1,515,25118,25118,25634,JobState.COMPLETED,0.6066147685050964,176.5306122448981,176.53061224489795,90913.26530612251
jid_267738,804.0,121.0,1,518,25118,25118,25637,JobState.COMPLETED,0.6066147685050964,176.5306122448981,176.53061224489795,91442.85714285722
jid_267738,804.0,121.0,1,519,25118,25118,25638,JobState.COMPLETED,0.6066147685050964,176.5306122448981,176.53061224489795,91619.38775510211
jid_267738,804.0,121.0,1,520,25118,25118,25639,JobState.COMPLETED,0.6066147685050964,176.5306122448981,176.53061224489795,91795.91836734701
jid_267738,804.0,121.0,1,520,25118,25118,25639,JobState.COMPLETED,0.6066147685050964,176.5306122448981,176.53061224489795,91795.91836734701
jid_267738,804.0,121.0,1,521,25118,25118,25640,JobState.COMPLETED,0.6066147685050964,176.5306122448981,176.53061224489795,91972.4489795919
jid_267738,804.0,121.0,1,523,25118,25118,25642,JobState.COMPLETED,0.6066147685050964,176.5306122448981,176.53061224489795,92325.5102040817
jid_267738,804.0,121.0,1,524,25118,25118,25643,JobState.COMPLETED,0.6066147685050964,176.5306122448981,176.53061224489795,92502.0408163266
jid_267738,804.0,121.0,1,525,25118,25118,25644,JobState.COMPLETED,0.6066147685050964,176.5306122448981,176.53061224489795,92678.5714285715
jid_267738,804.0,121.0,1,526,25118,25118,25645,JobState.COMPLETED,0.6066147685050964,176.5306122448981,176.53061224489795,92855.1020408164
jid_267749,21.0,20.0,1,22497,3191,3191,25689,JobState.COMPLETED,0.05985068529844284,176.53061224490628,176.53061224489795,3971409.1836736565
jid_267746,16571.0,242.0,4,713,25163,25163,25877,JobState.COMPLETED,0.2113795280456543,176.53061224489815,176.53061224489795,503465.3061224495
jid_270601,794.0,204.0,24,240,25919,25919,26160,JobState.COMPLETED,0.12054682523012161,176.53061224489784,176.53061224489795,1016816.3265306116
jid_267751,794.0,204.0,24,246,25921,25921,26168,JobState.COMPLETED,0.12054682523012161,176.53061224489784,176.53061224489795,1042236.7346938768
jid_270606,794.0,204.0,24,250,25919,25919,26170,JobState.COMPLETED,0.12054682523012161,176.53061224489784,176.53061224489795,1059183.673469387
jid_267755,794.0,204.0,24,249,25923,25923,26173,JobState.COMPLETED,0.12054682523012161,176.53061224489784,176.53061224489795,1054946.9387755096
jid_270617,794.0,204.0,24,259,25920,25920,26180,JobState.COMPLETED,0.12054682523012161,176.53061224489784,176.53061224489795,1097314.285714285
jid_270615,794.0,204.0,24,258,25921,25921,26180,JobState.COMPLETED,0.12054682523012161,176.53061224489784,176.53061224489795,1093077.5510204074
jid_267775,36589.0,233.0,1152,54,26938,26938,26993,JobState.COMPLETED,0.00990377552807331,176.53061224489792,176.53061224489795,10981616.32653061
jid_267781,794.0,204.0,24,245,26848,26848,27094,JobState.COMPLETED,0.12051115185022354,176.53061224489784,176.53061224489795,1037999.9999999993
jid_267788,794.0,204.0,24,254,26846,26846,27101,JobState.COMPLETED,0.12051115185022354,176.53061224489784,176.53061224489795,1076130.6122448973
jid_267787,794.0,204.0,24,253,26849,26849,27103,JobState.COMPLETED,0.12051115185022354,176.53061224489784,176.53061224489795,1071893.8775510197
jid_267790,794.0,204.0,24,255,26848,26848,27104,JobState.COMPLETED,0.12051115185022354,176.53061224489784,176.53061224489795,1080367.346938775
jid_267799,794.0,204.0,24,259,26846,26846,27106,JobState.COMPLETED,0.12051115185022354,176.53061224489784,176.53061224489795,1097314.285714285
jid_267803,794.0,204.0,24,259,26847,26847,27107,JobState.COMPLETED,0.12051115185022354,176.53061224489784,176.53061224489795,1097314.285714285
jid_267805,794.0,204.0,24,259,26847,26847,27107,JobState.COMPLETED,0.12051115185022354,176.53061224489784,176.53061224489795,1097314.285714285
jid_267800,794.0,204.0,24,261,26846,26846,27108,JobState.COMPLETED,0.12051115185022354,176.53061224489784,176.53061224489795,1105787.75510204
jid_267801,794.0,204.0,24,261,26846,26846,27108,JobState.COMPLETED,0.12051115185022354,176.53061224489784,176.53061224489795,1105787.75510204
jid_267798,794.0,204.0,24,259,26848,26848,27108,JobState.COMPLETED,0.12051115185022354,176.53061224489784,176.53061224489795,1097314.285714285
jid_267802,794.0,204.0,24,264,26845,26845,27110,JobState.COMPLETED,0.12051115185022354,176.53061224489784,176.53061224489795,1118497.959183673
jid_267809,794.0,204.0,24,265,26848,26848,27114,JobState.COMPLETED,0.12051115185022354,176.53061224489784,176.53061224489795,1122734.6938775503
jid_267816,951.0,121.0,1,62,27247,27247,27310,JobState.COMPLETED,0.6304499506950378,176.53061224489798,176.53061224489795,10944.897959183674
jid_267816,951.0,121.0,1,65,27247,27247,27313,JobState.COMPLETED,0.6304499506950378,176.53061224489798,176.53061224489795,11474.489795918369
jid_267816,951.0,121.0,1,65,27247,27247,27313,JobState.COMPLETED,0.6304499506950378,176.53061224489798,176.53061224489795,11474.489795918369
jid_267816,951.0,121.0,1,66,27247,27247,27314,JobState.COMPLETED,0.6304499506950378,176.53061224489798,176.53061224489795,11651.020408163267
jid_267816,951.0,121.0,1,67,27247,27247,27315,JobState.COMPLETED,0.6304499506950378,176.53061224489798,176.53061224489795,11827.551020408164
jid_267816,951.0,121.0,1,68,27247,27247,27316,JobState.COMPLETED,0.6304499506950378,176.53061224489798,176.53061224489795,12004.081632653062
jid_267816,951.0,121.0,1,68,27247,27247,27316,JobState.COMPLETED,0.6304499506950378,176.53061224489798,176.53061224489795,12004.081632653062
jid_267816,951.0,121.0,1,69,27247,27247,27317,JobState.COMPLETED,0.6304499506950378,176.53061224489798,176.53061224489795,12180.61224489796
jid_267816,951.0,121.0,1,70,27247,27247,27318,JobState.COMPLETED,0.6304499506950378,176.53061224489795,176.53061224489795,12357.142857142857
jid_267816,951.0,121.0,1,73,27247,27247,27321,JobState.COMPLETED,0.6304499506950378,176.53061224489795,176.53061224489795,12886.73469387755
jid_267816,951.0,121.0,1,73,27247,27247,27321,JobState.COMPLETED,0.6304499506950378,176.53061224489795,176.53061224489795,12886.73469387755
jid_267816,951.0,121.0,1,73,27247,27247,27321,JobState.COMPLETED,0.6304499506950378,176.53061224489795,176.53061224489795,12886.73469387755
jid_267816,951.0,121.0,1,73,27247,27247,27321,JobState.COMPLETED,0.6304499506950378,176.53061224489795,176.53061224489795,12886.73469387755
jid_267816,951.0,121.0,1,73,27247,27247,27321,JobState.COMPLETED,0.6304499506950378,176.53061224489795,176.53061224489795,12886.73469387755
jid_267816,951.0,121.0,1,73,27247,27247,27321,JobState.COMPLETED,0.6304499506950378,176.53061224489795,176.53061224489795,12886.73469387755
jid_267816,951.0,121.0,1,73,27247,27247,27321,JobState.COMPLETED,0.6304499506950378,176.53061224489795,176.53061224489795,12886.73469387755
jid_267816,951.0,121.0,1,74,27247,27247,27322,JobState.COMPLETED,0.6304499506950378,176.53061224489795,176.53061224489795,13063.265306122448
jid_267816,951.0,121.0,1,74,27247,27247,27322,JobState.COMPLETED,0.6304499506950378,176.53061224489795,176.53061224489795,13063.265306122448
jid_267816,951.0,121.0,1,74,27247,27247,27322,JobState.COMPLETED,0.6304499506950378,176.53061224489795,176.53061224489795,13063.265306122448
jid_267816,951.0,121.0,1,75,27247,27247,27323,JobState.COMPLETED,0.6304499506950378,176.53061224489795,176.53061224489795,13239.795918367347
jid_267816,951.0,121.0,1,75,27247,27247,27323,JobState.COMPLETED,0.6304499506950378,176.53061224489795,176.53061224489795,13239.795918367347
jid_267816,951.0,121.0,1,93,27247,27247,27341,JobState.COMPLETED,0.6304499506950378,176.53061224489792,176.53061224489795,16417.346938775507
jid_267816,951.0,121.0,1,95,27247,27247,27343,JobState.COMPLETED,0.6304499506950378,176.53061224489792,176.53061224489795,16770.408163265303
jid_267816,951.0,121.0,1,96,27247,27247,27344,JobState.COMPLETED,0.6304499506950378,176.53061224489792,176.53061224489795,16946.9387755102
jid_267816,951.0,121.0,1,104,27247,27247,27352,JobState.COMPLETED,0.6304499506950378,176.53061224489792,176.53061224489795,18359.183673469382
jid_267817,1062.0,121.0,1,63,27295,27295,27359,JobState.COMPLETED,0.6297425031661987,176.53061224489798,176.53061224489795,11121.428571428572
jid_267817,1062.0,121.0,1,65,27295,27295,27361,JobState.COMPLETED,0.6297425031661987,176.53061224489798,176.53061224489795,11474.489795918369
jid_267817,1062.0,121.0,1,65,27295,27295,27361,JobState.COMPLETED,0.6297425031661987,176.53061224489798,176.53061224489795,11474.489795918369
jid_267817,1062.0,121.0,1,68,27295,27295,27364,JobState.COMPLETED,0.6297425031661987,176.53061224489798,176.53061224489795,12004.081632653062
jid_267817,1062.0,121.0,1,68,27295,27295,27364,JobState.COMPLETED,0.6297425031661987,176.53061224489798,176.53061224489795,12004.081632653062
jid_267817,1062.0,121.0,1,68,27295,27295,27364,JobState.COMPLETED,0.6297425031661987,176.53061224489798,176.53061224489795,12004.081632653062
jid_267817,1062.0,121.0,1,69,27295,27295,27365,JobState.COMPLETED,0.6297425031661987,176.53061224489798,176.53061224489795,12180.61224489796
jid_267817,1062.0,121.0,1,70,27295,27295,27366,JobState.COMPLETED,0.6297425031661987,176.53061224489795,176.53061224489795,12357.142857142857
jid_267817,1062.0,121.0,1,70,27295,27295,27366,JobState.COMPLETED,0.6297425031661987,176.53061224489795,176.53061224489795,12357.142857142857
jid_267817,1062.0,121.0,1,71,27295,27295,27367,JobState.COMPLETED,0.6297425031661987,176.53061224489795,176.53061224489795,12533.673469387755
jid_267817,1062.0,121.0,1,71,27295,27295,27367,JobState.COMPLETED,0.6297425031661987,176.53061224489795,176.53061224489795,12533.673469387755
jid_267817,1062.0,121.0,1,72,27295,27295,27368,JobState.COMPLETED,0.6297425031661987,176.53061224489795,176.53061224489795,12710.204081632652
jid_267817,1062.0,121.0,1,73,27295,27295,27369,JobState.COMPLETED,0.6297425031661987,176.53061224489795,176.53061224489795,12886.73469387755
jid_267817,1062.0,121.0,1,73,27295,27295,27369,JobState.COMPLETED,0.6297425031661987,176.53061224489795,176.53061224489795,12886.73469387755
jid_267817,1062.0,121.0,1,73,27295,27295,27369,JobState.COMPLETED,0.6297425031661987,176.53061224489795,176.53061224489795,12886.73469387755
jid_267817,1062.0,121.0,1,74,27295,27295,27370,JobState.COMPLETED,0.6297425031661987,176.53061224489795,176.53061224489795,13063.265306122448
jid_267817,1062.0,121.0,1,74,27295,27295,27370,JobState.COMPLETED,0.6297425031661987,176.53061224489795,176.53061224489795,13063.265306122448
jid_267817,1062.0,121.0,1,74,27295,27295,27370,JobState.COMPLETED,0.6297425031661987,176.53061224489795,176.53061224489795,13063.265306122448
jid_267817,1062.0,121.0,1,75,27295,27295,27371,JobState.COMPLETED,0.6297425031661987,176.53061224489795,176.53061224489795,13239.795918367347
jid_267817,1062.0,121.0,1,75,27295,27295,27371,JobState.COMPLETED,0.6297425031661987,176.53061224489795,176.53061224489795,13239.795918367347
jid_267817,1062.0,121.0,1,75,27295,27295,27371,JobState.COMPLETED,0.6297425031661987,176.53061224489795,176.53061224489795,13239.795918367347
jid_267817,1062.0,121.0,1,75,27295,27295,27371,JobState.COMPLETED,0.6297425031661987,176.53061224489795,176.53061224489795,13239.795918367347
jid_267817,1062.0,121.0,1,75,27295,27295,27371,JobState.COMPLETED,0.6297425031661987,176.53061224489795,176.53061224489795,13239.795918367347
jid_267817,1062.0,121.0,1,76,27295,27295,27372,JobState.COMPLETED,0.6297425031661987,176.53061224489795,176.53061224489795,13416.326530612245
jid_267817,1062.0,121.0,1,76,27295,27295,27372,JobState.COMPLETED,0.6297425031661987,176.53061224489795,176.53061224489795,13416.326530612245
jid_267817,1062.0,121.0,1,76,27295,27295,27372,JobState.COMPLETED,0.6297425031661987,176.53061224489795,176.53061224489795,13416.326530612245
jid_267817,1062.0,121.0,1,76,27295,27295,27372,JobState.COMPLETED,0.6297425031661987,176.53061224489795,176.53061224489795,13416.326530612245
jid_267817,1062.0,121.0,1,77,27295,27295,27373,JobState.COMPLETED,0.6297425031661987,176.53061224489795,176.53061224489795,13592.857142857143
jid_267817,1062.0,121.0,1,77,27295,27295,27373,JobState.COMPLETED,0.6297425031661987,176.53061224489795,176.53061224489795,13592.857142857143
jid_267817,1062.0,121.0,1,80,27295,27295,27376,JobState.COMPLETED,0.6297425031661987,176.53061224489795,176.53061224489795,14122.448979591836
jid_267817,1062.0,121.0,1,82,27295,27295,27378,JobState.COMPLETED,0.6297425031661987,176.53061224489795,176.53061224489795,14475.510204081633
jid_267817,1062.0,121.0,1,89,27295,27295,27385,JobState.COMPLETED,0.6297425031661987,176.53061224489795,176.53061224489795,15711.224489795917
jid_267817,1062.0,121.0,1,97,27295,27295,27393,JobState.COMPLETED,0.6297425031661987,176.53061224489792,176.53061224489795,17123.4693877551
jid_267817,1062.0,121.0,1,103,27295,27295,27399,JobState.COMPLETED,0.6297425031661987,176.53061224489792,176.53061224489795,18182.653061224486
jid_267817,1062.0,121.0,1,104,27295,27295,27400,JobState.COMPLETED,0.6297425031661987,176.53061224489792,176.53061224489795,18359.183673469382
jid_267816,951.0,121.0,1,171,27247,27247,27419,JobState.COMPLETED,0.6304499506950378,176.5306122448979,176.53061224489795,30186.73469387754
jid_267817,1062.0,121.0,1,150,27295,27295,27446,JobState.COMPLETED,0.6297425031661987,176.5306122448979,176.53061224489795,26479.591836734686
jid_267816,951.0,121.0,1,266,27247,27247,27514,JobState.COMPLETED,0.6304499506950378,176.53061224489792,176.53061224489795,46957.14285714285
jid_267819,36589.0,233.0,1152,49,27554,27554,27604,JobState.COMPLETED,0.03526920825242996,176.53061224489795,176.53061224489795,9964800.0
jid_267820,946.0,121.0,1,61,27628,27628,27690,JobState.COMPLETED,0.6303359866142273,176.53061224489798,176.53061224489795,10768.367346938778
jid_267820,946.0,121.0,1,65,27628,27628,27694,JobState.COMPLETED,0.6303359866142273,176.53061224489798,176.53061224489795,11474.489795918369
jid_267820,946.0,121.0,1,65,27628,27628,27694,JobState.COMPLETED,0.6303359866142273,176.53061224489798,176.53061224489795,11474.489795918369
jid_267820,946.0,121.0,1,67,27628,27628,27696,JobState.COMPLETED,0.6303359866142273,176.53061224489798,176.53061224489795,11827.551020408164
jid_267820,946.0,121.0,1,68,27628,27628,27697,JobState.COMPLETED,0.6303359866142273,176.53061224489798,176.53061224489795,12004.081632653062
jid_267820,946.0,121.0,1,68,27628,27628,27697,JobState.COMPLETED,0.6303359866142273,176.53061224489798,176.53061224489795,12004.081632653062
jid_267820,946.0,121.0,1,69,27628,27628,27698,JobState.COMPLETED,0.6303359866142273,176.53061224489798,176.53061224489795,12180.61224489796
jid_267820,946.0,121.0,1,69,27628,27628,27698,JobState.COMPLETED,0.6303359866142273,176.53061224489798,176.53061224489795,12180.61224489796
jid_267820,946.0,121.0,1,70,27628,27628,27699,JobState.COMPLETED,0.6303359866142273,176.53061224489795,176.53061224489795,12357.142857142857
jid_267820,946.0,121.0,1,70,27628,27628,27699,JobState.COMPLETED,0.6303359866142273,176.53061224489795,176.53061224489795,12357.142857142857
jid_267820,946.0,121.0,1,70,27628,27628,27699,JobState.COMPLETED,0.6303359866142273,176.53061224489795,176.53061224489795,12357.142857142857
jid_267820,946.0,121.0,1,70,27628,27628,27699,JobState.COMPLETED,0.6303359866142273,176.53061224489795,176.53061224489795,12357.142857142857
jid_267820,946.0,121.0,1,71,27628,27628,27700,JobState.COMPLETED,0.6303359866142273,176.53061224489795,176.53061224489795,12533.673469387755
jid_267820,946.0,121.0,1,71,27628,27628,27700,JobState.COMPLETED,0.6303359866142273,176.53061224489795,176.53061224489795,12533.673469387755
jid_267820,946.0,121.0,1,72,27628,27628,27701,JobState.COMPLETED,0.6303359866142273,176.53061224489795,176.53061224489795,12710.204081632652
jid_267820,946.0,121.0,1,72,27628,27628,27701,JobState.COMPLETED,0.6303359866142273,176.53061224489795,176.53061224489795,12710.204081632652
jid_267820,946.0,121.0,1,72,27628,27628,27701,JobState.COMPLETED,0.6303359866142273,176.53061224489795,176.53061224489795,12710.204081632652
jid_267820,946.0,121.0,1,72,27628,27628,27701,JobState.COMPLETED,0.6303359866142273,176.53061224489795,176.53061224489795,12710.204081632652
jid_267820,946.0,121.0,1,73,27628,27628,27702,JobState.COMPLETED,0.6303359866142273,176.53061224489795,176.53061224489795,12886.73469387755
jid_267820,946.0,121.0,1,76,27628,27628,27705,JobState.COMPLETED,0.6303359866142273,176.53061224489795,176.53061224489795,13416.326530612245
jid_267820,946.0,121.0,1,77,27628,27628,27706,JobState.COMPLETED,0.6303359866142273,176.53061224489795,176.53061224489795,13592.857142857143
jid_267820,946.0,121.0,1,92,27628,27628,27721,JobState.COMPLETED,0.6303359866142273,176.53061224489792,176.53061224489795,16240.816326530608
jid_267820,946.0,121.0,1,93,27628,27628,27722,JobState.COMPLETED,0.6303359866142273,176.53061224489792,176.53061224489795,16417.346938775507
jid_267820,946.0,121.0,1,93,27628,27628,27722,JobState.COMPLETED,0.6303359866142273,176.53061224489792,176.53061224489795,16417.346938775507
jid_267820,946.0,121.0,1,98,27628,27628,27727,JobState.COMPLETED,0.6303359866142273,176.53061224489792,176.53061224489795,17299.999999999996
jid_267820,946.0,121.0,1,100,27628,27628,27729,JobState.COMPLETED,0.6303359866142273,176.53061224489792,176.53061224489795,17653.061224489793
jid_267820,946.0,121.0,1,101,27628,27628,27730,JobState.COMPLETED,0.6303359866142273,176.53061224489792,176.53061224489795,17829.59183673469
jid_267820,946.0,121.0,1,138,27628,27628,27767,JobState.COMPLETED,0.6303359866142273,176.5306122448979,176.53061224489795,24361.22448979591
jid_267820,946.0,121.0,1,138,27628,27628,27767,JobState.COMPLETED,0.6303359866142273,176.5306122448979,176.53061224489795,24361.22448979591
jid_267820,946.0,121.0,1,169,27628,27628,27798,JobState.COMPLETED,0.6303359866142273,176.5306122448979,176.53061224489795,29833.673469387744
jid_267822,230.0,121.0,64,13956,13908,13908,27865,JobState.COMPLETED,0.01988108828663826,176.5306122449034,176.53061224489795,157674318.3673518
jid_267827,794.0,204.0,24,251,27774,27774,28026,JobState.COMPLETED,0.1205897182226181,176.53061224489784,176.53061224489795,1063420.4081632646
jid_267855,794.0,204.0,24,252,27775,27775,28028,JobState.COMPLETED,0.1205897182226181,176.53061224489784,176.53061224489795,1067657.142857142
jid_267832,794.0,204.0,24,254,27774,27774,28029,JobState.COMPLETED,0.1205897182226181,176.53061224489784,176.53061224489795,1076130.6122448973
jid_267838,794.0,204.0,24,262,27773,27773,28036,JobState.COMPLETED,0.1205897182226181,176.53061224489784,176.53061224489795,1110024.4897959176
jid_267848,794.0,204.0,24,266,27772,27772,28039,JobState.COMPLETED,0.1205897182226181,176.53061224489784,176.53061224489795,1126971.4285714277
jid_267858,1069.0,121.0,1,418,27899,27899,28318,JobState.COMPLETED,0.6291167736053467,176.53061224489807,176.53061224489795,73789.7959183674
jid_267858,1069.0,121.0,1,420,27899,27899,28320,JobState.COMPLETED,0.6291167736053467,176.53061224489807,176.53061224489795,74142.85714285719
jid_267858,1069.0,121.0,1,469,27899,27899,28369,JobState.COMPLETED,0.6291167736053467,176.53061224489807,176.53061224489795,82792.85714285719
jid_267858,1069.0,121.0,1,481,27899,27899,28381,JobState.COMPLETED,0.6291167736053467,176.53061224489807,176.53061224489795,84911.22448979598
jid_267858,1069.0,121.0,1,490,27899,27899,28390,JobState.COMPLETED,0.6291167736053467,176.53061224489807,176.53061224489795,86500.00000000006
jid_267858,1069.0,121.0,1,495,27899,27899,28395,JobState.COMPLETED,0.6291167736053467,176.53061224489807,176.53061224489795,87382.65306122454
jid_267858,1069.0,121.0,1,495,27899,27899,28395,JobState.COMPLETED,0.6291167736053467,176.53061224489807,176.53061224489795,87382.65306122454
jid_267858,1069.0,121.0,1,505,27899,27899,28405,JobState.COMPLETED,0.6291167736053467,176.53061224489807,176.53061224489795,89147.95918367352
jid_267858,1069.0,121.0,1,506,27899,27899,28406,JobState.COMPLETED,0.6291167736053467,176.53061224489807,176.53061224489795,89324.48979591842
jid_267858,1069.0,121.0,1,509,27899,27899,28409,JobState.COMPLETED,0.6291167736053467,176.53061224489807,176.53061224489795,89854.08163265312
jid_267858,1069.0,121.0,1,512,27899,27899,28412,JobState.COMPLETED,0.6291167736053467,176.5306122448981,176.53061224489795,90383.67346938782
jid_267858,1069.0,121.0,1,517,27899,27899,28417,JobState.COMPLETED,0.6291167736053467,176.5306122448981,176.53061224489795,91266.32653061232
jid_267858,1069.0,121.0,1,519,27899,27899,28419,JobState.COMPLETED,0.6291167736053467,176.5306122448981,176.53061224489795,91619.38775510211
jid_267858,1069.0,121.0,1,524,27899,27899,28424,JobState.COMPLETED,0.6291167736053467,176.5306122448981,176.53061224489795,92502.0408163266
jid_267858,1069.0,121.0,1,525,27899,27899,28425,JobState.COMPLETED,0.6291167736053467,176.5306122448981,176.53061224489795,92678.5714285715
jid_267858,1069.0,121.0,1,530,27899,27899,28430,JobState.COMPLETED,0.6291167736053467,176.5306122448981,176.53061224489795,93561.22448979599
jid_267858,1069.0,121.0,1,531,27899,27899,28431,JobState.COMPLETED,0.6291167736053467,176.5306122448981,176.53061224489795,93737.75510204089
jid_267858,1069.0,121.0,1,533,27899,27899,28433,JobState.COMPLETED,0.6291167736053467,176.5306122448981,176.53061224489795,94090.81632653068
jid_267858,1069.0,121.0,1,534,27899,27899,28434,JobState.COMPLETED,0.6291167736053467,176.5306122448981,176.53061224489795,94267.34693877558
jid_267858,1069.0,121.0,1,550,27899,27899,28450,JobState.COMPLETED,0.6291167736053467,176.5306122448981,176.53061224489795,97091.83673469395
jid_267858,1069.0,121.0,1,553,27899,27899,28453,JobState.COMPLETED,0.6291167736053467,176.5306122448981,176.53061224489795,97621.42857142865
jid_267858,1069.0,121.0,1,557,27899,27899,28457,JobState.COMPLETED,0.6291167736053467,176.5306122448981,176.53061224489795,98327.55102040824
jid_267858,1069.0,121.0,1,562,27899,27899,28462,JobState.COMPLETED,0.6291167736053467,176.5306122448981,176.53061224489795,99210.20408163274
jid_267738,804.0,121.0,1,3365,25118,25118,28484,JobState.COMPLETED,0.6066147685050964,176.53061224489696,176.53061224489795,594025.5102040783
jid_267901,794.0,204.0,24,259,28701,28701,28961,JobState.COMPLETED,0.12064052373170853,176.53061224489784,176.53061224489795,1097314.285714285
jid_267902,794.0,204.0,24,258,28703,28703,28962,JobState.COMPLETED,0.12064052373170853,176.53061224489784,176.53061224489795,1093077.5510204074
jid_267870,794.0,204.0,24,262,28700,28700,28963,JobState.COMPLETED,0.12064052373170853,176.53061224489784,176.53061224489795,1110024.4897959176
jid_267873,794.0,204.0,24,259,28704,28704,28964,JobState.COMPLETED,0.12064052373170853,176.53061224489784,176.53061224489795,1097314.285714285
jid_267878,794.0,204.0,24,262,28703,28703,28966,JobState.COMPLETED,0.12064052373170853,176.53061224489784,176.53061224489795,1110024.4897959176
jid_267881,794.0,204.0,24,269,28700,28700,28970,JobState.COMPLETED,0.12064052373170853,176.53061224489784,176.53061224489795,1139681.6326530604
jid_267896,794.0,204.0,24,273,28701,28701,28975,JobState.COMPLETED,0.12064052373170853,176.53061224489784,176.53061224489795,1156628.5714285707
jid_267899,1067.0,121.0,1,414,28576,28576,28991,JobState.COMPLETED,0.6289947628974915,176.53061224489807,176.53061224489795,73083.6734693878
jid_267899,1067.0,121.0,1,429,28576,28576,29006,JobState.COMPLETED,0.6289947628974915,176.53061224489807,176.53061224489795,75731.63265306127
jid_267899,1067.0,121.0,1,433,28576,28576,29010,JobState.COMPLETED,0.6289947628974915,176.53061224489807,176.53061224489795,76437.75510204086
jid_267899,1067.0,121.0,1,446,28576,28576,29023,JobState.COMPLETED,0.6289947628974915,176.53061224489807,176.53061224489795,78732.65306122454
jid_267899,1067.0,121.0,1,471,28576,28576,29048,JobState.COMPLETED,0.6289947628974915,176.53061224489807,176.53061224489795,83145.918367347
jid_267899,1067.0,121.0,1,478,28576,28576,29055,JobState.COMPLETED,0.6289947628974915,176.53061224489807,176.53061224489795,84381.63265306127
jid_267899,1067.0,121.0,1,483,28576,28576,29060,JobState.COMPLETED,0.6289947628974915,176.53061224489807,176.53061224489795,85264.28571428577
jid_267899,1067.0,121.0,1,484,28576,28576,29061,JobState.COMPLETED,0.6289947628974915,176.53061224489807,176.53061224489795,85440.81632653066
jid_267899,1067.0,121.0,1,493,28576,28576,29070,JobState.COMPLETED,0.6289947628974915,176.53061224489807,176.53061224489795,87029.59183673475
jid_267899,1067.0,121.0,1,493,28576,28576,29070,JobState.COMPLETED,0.6289947628974915,176.53061224489807,176.53061224489795,87029.59183673475
jid_267899,1067.0,121.0,1,504,28576,28576,29081,JobState.COMPLETED,0.6289947628974915,176.53061224489807,176.53061224489795,88971.42857142862
jid_267899,1067.0,121.0,1,504,28576,28576,29081,JobState.COMPLETED,0.6289947628974915,176.53061224489807,176.53061224489795,88971.42857142862
jid_267899,1067.0,121.0,1,504,28576,28576,29081,JobState.COMPLETED,0.6289947628974915,176.53061224489807,176.53061224489795,88971.42857142862
jid_267899,1067.0,121.0,1,508,28576,28576,29085,JobState.COMPLETED,0.6289947628974915,176.53061224489807,176.53061224489795,89677.55102040822
jid_267899,1067.0,121.0,1,511,28576,28576,29088,JobState.COMPLETED,0.6289947628974915,176.5306122448981,176.53061224489795,90207.14285714293
jid_267899,1067.0,121.0,1,511,28576,28576,29088,JobState.COMPLETED,0.6289947628974915,176.5306122448981,176.53061224489795,90207.14285714293
jid_267899,1067.0,121.0,1,513,28576,28576,29090,JobState.COMPLETED,0.6289947628974915,176.5306122448981,176.53061224489795,90560.20408163272
jid_267899,1067.0,121.0,1,519,28576,28576,29096,JobState.COMPLETED,0.6289947628974915,176.5306122448981,176.53061224489795,91619.38775510211
jid_267899,1067.0,121.0,1,520,28576,28576,29097,JobState.COMPLETED,0.6289947628974915,176.5306122448981,176.53061224489795,91795.91836734701
jid_267899,1067.0,121.0,1,523,28576,28576,29100,JobState.COMPLETED,0.6289947628974915,176.5306122448981,176.53061224489795,92325.5102040817
jid_267899,1067.0,121.0,1,524,28576,28576,29101,JobState.COMPLETED,0.6289947628974915,176.5306122448981,176.53061224489795,92502.0408163266
jid_267899,1067.0,121.0,1,527,28576,28576,29104,JobState.COMPLETED,0.6289947628974915,176.5306122448981,176.53061224489795,93031.6326530613
jid_267899,1067.0,121.0,1,528,28576,28576,29105,JobState.COMPLETED,0.6289947628974915,176.5306122448981,176.53061224489795,93208.1632653062
jid_267899,1067.0,121.0,1,528,28576,28576,29105,JobState.COMPLETED,0.6289947628974915,176.5306122448981,176.53061224489795,93208.1632653062
jid_267899,1067.0,121.0,1,529,28576,28576,29106,JobState.COMPLETED,0.6289947628974915,176.5306122448981,176.53061224489795,93384.6938775511
jid_267899,1067.0,121.0,1,531,28576,28576,29108,JobState.COMPLETED,0.6289947628974915,176.5306122448981,176.53061224489795,93737.75510204089
jid_267899,1067.0,121.0,1,532,28576,28576,29109,JobState.COMPLETED,0.6289947628974915,176.5306122448981,176.53061224489795,93914.28571428578
jid_267899,1067.0,121.0,1,542,28576,28576,29119,JobState.COMPLETED,0.6289947628974915,176.5306122448981,176.53061224489795,95679.59183673476
jid_267907,103.0,59.0,1500,106,29185,29185,29292,JobState.COMPLETED,0.010316814295947552,176.53061224489792,176.53061224489795,28068367.34693877
jid_267946,794.0,204.0,24,257,29058,29058,29316,JobState.COMPLETED,0.12064851075410843,176.53061224489784,176.53061224489795,1088840.8163265297
jid_267927,794.0,204.0,24,261,29057,29057,29319,JobState.COMPLETED,0.12064851075410843,176.53061224489784,176.53061224489795,1105787.75510204
jid_267918,794.0,204.0,24,257,29061,29061,29319,JobState.COMPLETED,0.12064851075410843,176.53061224489784,176.53061224489795,1088840.8163265297
jid_267940,794.0,204.0,24,265,29057,29057,29323,JobState.COMPLETED,0.12064851075410843,176.53061224489784,176.53061224489795,1122734.6938775503
jid_267929,794.0,204.0,24,268,29056,29056,29325,JobState.COMPLETED,0.12064851075410843,176.53061224489784,176.53061224489795,1135444.897959183
jid_267939,794.0,204.0,24,266,29059,29059,29326,JobState.COMPLETED,0.12064851075410843,176.53061224489784,176.53061224489795,1126971.4285714277
jid_267942,794.0,204.0,24,268,29060,29060,29329,JobState.COMPLETED,0.12064851075410843,176.53061224489784,176.53061224489795,1135444.897959183
jid_267906,232.0,121.0,1,407,28940,28940,29348,JobState.COMPLETED,0.6303278803825378,176.53061224489804,176.53061224489795,71847.9591836735
jid_267906,232.0,121.0,1,423,28940,28940,29364,JobState.COMPLETED,0.6303278803825378,176.53061224489807,176.53061224489795,74672.44897959188
jid_267906,232.0,121.0,1,431,28940,28940,29372,JobState.COMPLETED,0.6303278803825378,176.53061224489807,176.53061224489795,76084.69387755106
jid_267906,232.0,121.0,1,439,28940,28940,29380,JobState.COMPLETED,0.6303278803825378,176.53061224489807,176.53061224489795,77496.93877551025
jid_267906,232.0,121.0,1,447,28940,28940,29388,JobState.COMPLETED,0.6303278803825378,176.53061224489807,176.53061224489795,78909.18367346944
jid_267906,232.0,121.0,1,454,28940,28940,29395,JobState.COMPLETED,0.6303278803825378,176.53061224489807,176.53061224489795,80144.89795918373
jid_267906,232.0,121.0,1,466,28940,28940,29407,JobState.COMPLETED,0.6303278803825378,176.53061224489807,176.53061224489795,82263.2653061225
jid_267906,232.0,121.0,1,470,28940,28940,29411,JobState.COMPLETED,0.6303278803825378,176.53061224489807,176.53061224489795,82969.38775510209
jid_267906,232.0,121.0,1,500,28940,28940,29441,JobState.COMPLETED,0.6303278803825378,176.53061224489807,176.53061224489795,88265.30612244904
jid_267906,232.0,121.0,1,507,28940,28940,29448,JobState.COMPLETED,0.6303278803825378,176.53061224489807,176.53061224489795,89501.02040816331
jid_267906,232.0,121.0,1,507,28940,28940,29448,JobState.COMPLETED,0.6303278803825378,176.53061224489807,176.53061224489795,89501.02040816331
jid_267906,232.0,121.0,1,513,28940,28940,29454,JobState.COMPLETED,0.6303278803825378,176.5306122448981,176.53061224489795,90560.20408163272
jid_267906,232.0,121.0,1,526,28940,28940,29467,JobState.COMPLETED,0.6303278803825378,176.5306122448981,176.53061224489795,92855.1020408164
jid_267906,232.0,121.0,1,533,28940,28940,29474,JobState.COMPLETED,0.6303278803825378,176.5306122448981,176.53061224489795,94090.81632653068
jid_267906,232.0,121.0,1,534,28940,28940,29475,JobState.COMPLETED,0.6303278803825378,176.5306122448981,176.53061224489795,94267.34693877558
jid_267906,232.0,121.0,1,534,28940,28940,29475,JobState.COMPLETED,0.6303278803825378,176.5306122448981,176.53061224489795,94267.34693877558
jid_267906,232.0,121.0,1,536,28940,28940,29477,JobState.COMPLETED,0.6303278803825378,176.5306122448981,176.53061224489795,94620.40816326538
jid_267906,232.0,121.0,1,540,28940,28940,29481,JobState.COMPLETED,0.6303278803825378,176.5306122448981,176.53061224489795,95326.53061224497
jid_267906,232.0,121.0,1,542,28940,28940,29483,JobState.COMPLETED,0.6303278803825378,176.5306122448981,176.53061224489795,95679.59183673476
jid_267906,232.0,121.0,1,543,28940,28940,29484,JobState.COMPLETED,0.6303278803825378,176.5306122448981,176.53061224489795,95856.12244897966
jid_267906,232.0,121.0,1,544,28940,28940,29485,JobState.COMPLETED,0.6303278803825378,176.5306122448981,176.53061224489795,96032.65306122457
jid_267906,232.0,121.0,1,544,28940,28940,29485,JobState.COMPLETED,0.6303278803825378,176.5306122448981,176.53061224489795,96032.65306122457
jid_267906,232.0,121.0,1,545,28940,28940,29486,JobState.COMPLETED,0.6303278803825378,176.5306122448981,176.53061224489795,96209.18367346947
jid_267906,232.0,121.0,1,547,28940,28940,29488,JobState.COMPLETED,0.6303278803825378,176.5306122448981,176.53061224489795,96562.24489795926
jid_267906,232.0,121.0,1,548,28940,28940,29489,JobState.COMPLETED,0.6303278803825378,176.5306122448981,176.53061224489795,96738.77551020416
jid_267906,232.0,121.0,1,549,28940,28940,29490,JobState.COMPLETED,0.6303278803825378,176.5306122448981,176.53061224489795,96915.30612244905
jid_267906,232.0,121.0,1,551,28940,28940,29492,JobState.COMPLETED,0.6303278803825378,176.5306122448981,176.53061224489795,97268.36734693885
jid_267906,232.0,121.0,1,552,28940,28940,29493,JobState.COMPLETED,0.6303278803825378,176.5306122448981,176.53061224489795,97444.89795918374
jid_267906,232.0,121.0,1,553,28940,28940,29494,JobState.COMPLETED,0.6303278803825378,176.5306122448981,176.53061224489795,97621.42857142865
jid_267906,232.0,121.0,1,556,28940,28940,29497,JobState.COMPLETED,0.6303278803825378,176.5306122448981,176.53061224489795,98151.02040816334
jid_267906,232.0,121.0,1,558,28940,28940,29499,JobState.COMPLETED,0.6303278803825378,176.5306122448981,176.53061224489795,98504.08163265313
jid_267906,232.0,121.0,1,568,28940,28940,29509,JobState.COMPLETED,0.6303278803825378,176.5306122448981,176.53061224489795,100269.38775510211
jid_267951,807.0,121.0,64,12938,16785,16785,29724,JobState.COMPLETED,0.00953838974237442,176.53061224490278,176.53061224489795,146172995.91837135
jid_267964,794.0,204.0,24,252,29646,29646,29899,JobState.COMPLETED,0.12062620371580124,176.53061224489784,176.53061224489795,1067657.142857142
jid_267962,794.0,204.0,24,254,29647,29647,29902,JobState.COMPLETED,0.12062620371580124,176.53061224489784,176.53061224489795,1076130.6122448973
jid_267953,794.0,204.0,24,252,29649,29649,29902,JobState.COMPLETED,0.12062620371580124,176.53061224489784,176.53061224489795,1067657.142857142
jid_267960,794.0,204.0,24,256,29647,29647,29904,JobState.COMPLETED,0.12062620371580124,176.53061224489784,176.53061224489795,1084604.0816326523
jid_267961,794.0,204.0,24,256,29649,29649,29906,JobState.COMPLETED,0.12062620371580124,176.53061224489784,176.53061224489795,1084604.0816326523
jid_267966,794.0,204.0,24,260,29646,29646,29907,JobState.COMPLETED,0.12062620371580124,176.53061224489784,176.53061224489795,1101551.0204081626
jid_267967,794.0,204.0,24,257,29649,29649,29907,JobState.COMPLETED,0.12062620371580124,176.53061224489784,176.53061224489795,1088840.8163265297
jid_267977,794.0,204.0,24,261,29647,29647,29909,JobState.COMPLETED,0.12062620371580124,176.53061224489784,176.53061224489795,1105787.75510204
jid_267979,794.0,204.0,24,264,29646,29646,29911,JobState.COMPLETED,0.12062620371580124,176.53061224489784,176.53061224489795,1118497.959183673
jid_267976,794.0,204.0,24,264,29646,29646,29911,JobState.COMPLETED,0.12062620371580124,176.53061224489784,176.53061224489795,1118497.959183673
jid_267981,794.0,204.0,24,262,29649,29649,29912,JobState.COMPLETED,0.12062620371580124,176.53061224489784,176.53061224489795,1110024.4897959176
jid_267982,794.0,204.0,24,264,29648,29648,29913,JobState.COMPLETED,0.12062620371580124,176.53061224489784,176.53061224489795,1118497.959183673
jid_267975,794.0,204.0,24,264,29649,29649,29914,JobState.COMPLETED,0.12062620371580124,176.53061224489784,176.53061224489795,1118497.959183673
jid_267992,818.0,121.0,1,476,29737,29737,30214,JobState.COMPLETED,0.6309588551521301,176.53061224489807,176.53061224489795,84028.57142857148
jid_267992,818.0,121.0,1,482,29737,29737,30220,JobState.COMPLETED,0.6309588551521301,176.53061224489807,176.53061224489795,85087.75510204087
jid_267992,818.0,121.0,1,484,29737,29737,30222,JobState.COMPLETED,0.6309588551521301,176.53061224489807,176.53061224489795,85440.81632653066
jid_267992,818.0,121.0,1,486,29737,29737,30224,JobState.COMPLETED,0.6309588551521301,176.53061224489807,176.53061224489795,85793.87755102046
jid_267992,818.0,121.0,1,489,29737,29737,30227,JobState.COMPLETED,0.6309588551521301,176.53061224489807,176.53061224489795,86323.46938775515
jid_267992,818.0,121.0,1,495,29737,29737,30233,JobState.COMPLETED,0.6309588551521301,176.53061224489807,176.53061224489795,87382.65306122454
jid_267992,818.0,121.0,1,496,29737,29737,30234,JobState.COMPLETED,0.6309588551521301,176.53061224489807,176.53061224489795,87559.18367346944
jid_267992,818.0,121.0,1,497,29737,29737,30235,JobState.COMPLETED,0.6309588551521301,176.53061224489807,176.53061224489795,87735.71428571433
jid_267992,818.0,121.0,1,499,29737,29737,30237,JobState.COMPLETED,0.6309588551521301,176.53061224489807,176.53061224489795,88088.77551020414
jid_267992,818.0,121.0,1,499,29737,29737,30237,JobState.COMPLETED,0.6309588551521301,176.53061224489807,176.53061224489795,88088.77551020414
jid_267992,818.0,121.0,1,502,29737,29737,30240,JobState.COMPLETED,0.6309588551521301,176.53061224489807,176.53061224489795,88618.36734693883
jid_267992,818.0,121.0,1,506,29737,29737,30244,JobState.COMPLETED,0.6309588551521301,176.53061224489807,176.53061224489795,89324.48979591842
jid_267992,818.0,121.0,1,510,29737,29737,30248,JobState.COMPLETED,0.6309588551521301,176.5306122448981,176.53061224489795,90030.61224489803
jid_267992,818.0,121.0,1,513,29737,29737,30251,JobState.COMPLETED,0.6309588551521301,176.5306122448981,176.53061224489795,90560.20408163272
jid_267992,818.0,121.0,1,518,29737,29737,30256,JobState.COMPLETED,0.6309588551521301,176.5306122448981,176.53061224489795,91442.85714285722
jid_267992,818.0,121.0,1,519,29737,29737,30257,JobState.COMPLETED,0.6309588551521301,176.5306122448981,176.53061224489795,91619.38775510211
jid_267992,818.0,121.0,1,520,29737,29737,30258,JobState.COMPLETED,0.6309588551521301,176.5306122448981,176.53061224489795,91795.91836734701
jid_267992,818.0,121.0,1,525,29737,29737,30263,JobState.COMPLETED,0.6309588551521301,176.5306122448981,176.53061224489795,92678.5714285715
jid_267992,818.0,121.0,1,526,29737,29737,30264,JobState.COMPLETED,0.6309588551521301,176.5306122448981,176.53061224489795,92855.1020408164
jid_267992,818.0,121.0,1,527,29737,29737,30265,JobState.COMPLETED,0.6309588551521301,176.5306122448981,176.53061224489795,93031.6326530613
jid_267992,818.0,121.0,1,542,29737,29737,30280,JobState.COMPLETED,0.6309588551521301,176.5306122448981,176.53061224489795,95679.59183673476
jid_267995,36637.0,122.0,1,32,30371,30371,30404,JobState.COMPLETED,1.0856221914291382,129.16124272029373,129.16124272029373,4133.159767049399
jid_267995,36637.0,122.0,1,32,30371,30371,30404,JobState.COMPLETED,1.0856221914291382,129.61947148286748,129.61947148286748,4147.823087451759
jid_267995,36637.0,122.0,1,32,30371,30371,30404,JobState.COMPLETED,1.0856221914291382,129.2824944138798,129.2824944138798,4137.039821244153
jid_267995,36637.0,122.0,1,32,30371,30371,30404,JobState.COMPLETED,1.0856221914291382,129.14520492953562,129.14520492953562,4132.64655774514
jid_267995,36637.0,122.0,1,32,30371,30371,30404,JobState.COMPLETED,1.0856221914291382,129.4360431603159,129.4360431603159,4141.953381130109
jid_267995,36637.0,122.0,1,32,30371,30371,30404,JobState.COMPLETED,1.0856221914291382,129.53651915946014,129.53651915946014,4145.1686131027245
jid_267995,36637.0,122.0,1,33,30371,30371,30405,JobState.COMPLETED,1.0856221914291382,129.13547743632842,129.13547743632842,4261.470755398837
jid_267995,36637.0,122.0,1,33,30371,30371,30405,JobState.COMPLETED,1.0856221914291382,129.3053980551249,129.3053980551249,4267.078135819122
jid_267995,36637.0,122.0,1,33,30371,30371,30405,JobState.COMPLETED,1.0856221914291382,128.94136148366402,128.94136148366402,4255.064928960913
jid_267995,36637.0,122.0,1,34,30371,30371,30406,JobState.COMPLETED,1.0856221914291382,128.97720472781106,128.97720472781106,4385.224960745576
jid_267995,36637.0,122.0,1,34,30371,30371,30406,JobState.COMPLETED,1.0856221914291382,129.06167785411748,129.06167785411748,4388.097047039994
jid_267995,36637.0,122.0,1,34,30371,30371,30406,JobState.COMPLETED,1.0856221914291382,129.35184500190962,129.35184500190962,4397.962730064927
jid_267995,36637.0,122.0,1,36,30371,30371,30408,JobState.COMPLETED,1.0856221914291382,129.3124655580936,129.3124655580936,4655.24876009137
jid_267995,36637.0,122.0,1,37,30371,30371,30409,JobState.COMPLETED,1.0856221914291382,129.06630229387133,129.06630229387133,4775.4531848732395
jid_267995,36637.0,122.0,1,37,30371,30371,30409,JobState.COMPLETED,1.0856221914291382,129.07535366923827,129.07535366923827,4775.788085761816
jid_267995,36637.0,122.0,1,37,30371,30371,30409,JobState.COMPLETED,1.0856221914291382,129.2386803755093,129.2386803755093,4781.831173893844
jid_267995,36637.0,122.0,1,37,30371,30371,30409,JobState.COMPLETED,1.0856221914291382,129.22994408511184,129.22994408511184,4781.507931149138
jid_267995,36637.0,122.0,1,38,30371,30371,30410,JobState.COMPLETED,1.0856221914291382,129.29938393605514,129.29938393605514,4913.376589570095
jid_267995,36637.0,122.0,1,38,30371,30371,30410,JobState.COMPLETED,1.0856221914291382,129.39076353412196,129.39076353412196,4916.849014296635
jid_268002,946.0,121.0,1,0,30765,30765,30766,JobState.COMPLETED,0.6305123567581177,176.53061224489795,176.53061224489795,0.0
jid_268002,946.0,121.0,1,0,30765,30765,30766,JobState.COMPLETED,0.6305123567581177,176.53061224489795,176.53061224489795,0.0
jid_268002,946.0,121.0,1,0,30765,30765,30765,JobState.COMPLETED,0.6305123567581177,176.53061224489795,176.53061224489795,0.0
jid_268002,946.0,121.0,1,0,30765,30765,30766,JobState.COMPLETED,0.6305123567581177,176.53061224489795,176.53061224489795,0.0
jid_268002,946.0,121.0,1,0,30765,30765,30765,JobState.COMPLETED,0.6305123567581177,176.53061224489795,176.53061224489795,0.0
jid_268002,946.0,121.0,1,0,30765,30765,30766,JobState.COMPLETED,0.6305123567581177,176.53061224489795,176.53061224489795,0.0
jid_268002,946.0,121.0,1,0,30765,30765,30766,JobState.COMPLETED,0.6305123567581177,176.53061224489795,176.53061224489795,0.0
jid_268002,946.0,121.0,1,0,30765,30765,30766,JobState.COMPLETED,0.6305123567581177,176.53061224489795,176.53061224489795,0.0
jid_268002,946.0,121.0,1,0,30765,30765,30766,JobState.COMPLETED,0.6305123567581177,176.53061224489795,176.53061224489795,0.0
jid_268002,946.0,121.0,1,0,30765,30765,30765,JobState.COMPLETED,0.6305123567581177,176.53061224489795,176.53061224489795,0.0
jid_268002,946.0,121.0,1,0,30765,30765,30765,JobState.COMPLETED,0.6305123567581177,176.53061224489795,176.53061224489795,0.0
jid_268002,946.0,121.0,1,0,30765,30765,30766,JobState.COMPLETED,0.6305123567581177,176.53061224489795,176.53061224489795,0.0
jid_268002,946.0,121.0,1,0,30765,30765,30766,JobState.COMPLETED,0.6305123567581177,176.53061224489795,176.53061224489795,0.0
jid_268002,946.0,121.0,1,0,30765,30765,30765,JobState.COMPLETED,0.6305123567581177,176.53061224489795,176.53061224489795,0.0
jid_268002,946.0,121.0,1,0,30765,30765,30766,JobState.COMPLETED,0.6305123567581177,176.53061224489795,176.53061224489795,0.0
jid_268002,946.0,121.0,1,0,30765,30765,30765,JobState.COMPLETED,0.6305123567581177,176.53061224489795,176.53061224489795,0.0
jid_268002,946.0,121.0,1,0,30765,30765,30765,JobState.COMPLETED,0.6305123567581177,176.53061224489795,176.53061224489795,0.0
jid_268002,946.0,121.0,1,0,30765,30765,30766,JobState.COMPLETED,0.6305123567581177,176.53061224489795,176.53061224489795,0.0
jid_268002,946.0,121.0,1,0,30765,30765,30766,JobState.COMPLETED,0.6305123567581177,176.53061224489795,176.53061224489795,0.0
jid_268002,946.0,121.0,1,0,30765,30765,30765,JobState.COMPLETED,0.6305123567581177,176.53061224489795,176.53061224489795,0.0
jid_268002,946.0,121.0,1,0,30765,30765,30766,JobState.COMPLETED,0.6305123567581177,176.53061224489795,176.53061224489795,0.0
jid_268002,946.0,121.0,1,0,30765,30765,30765,JobState.COMPLETED,0.6305123567581177,176.53061224489795,176.53061224489795,0.0
jid_268002,946.0,121.0,1,0,30765,30765,30765,JobState.COMPLETED,0.6305123567581177,176.53061224489795,176.53061224489795,0.0
jid_268003,36637.0,122.0,1,32,30741,30741,30774,JobState.COMPLETED,1.0857669115066528,128.59658108945402,128.59658108945402,4115.090594862529
jid_268003,36637.0,122.0,1,32,30741,30741,30774,JobState.COMPLETED,1.0857669115066528,127.209665329718,127.209665329718,4070.709290550976
jid_268003,36637.0,122.0,1,33,30741,30741,30775,JobState.COMPLETED,1.0857669115066528,128.84422124281528,128.84422124281528,4251.859301012904
jid_268003,36637.0,122.0,1,33,30741,30741,30775,JobState.COMPLETED,1.0857669115066528,128.88736854242103,128.88736854242103,4253.283161899894
jid_268003,36637.0,122.0,1,33,30741,30741,30775,JobState.COMPLETED,1.0857669115066528,127.7694877760906,127.7694877760906,4216.39309661099
jid_268003,36637.0,122.0,1,33,30741,30741,30775,JobState.COMPLETED,1.0857669115066528,128.15676864714177,128.15676864714177,4229.1733653556785
jid_268003,36637.0,122.0,1,33,30741,30741,30775,JobState.COMPLETED,1.0857669115066528,128.7936834886308,128.7936834886308,4250.191555124816
jid_268003,36637.0,122.0,1,33,30741,30741,30775,JobState.COMPLETED,1.0857669115066528,128.9854739605349,128.9854739605349,4256.520640697652
jid_268003,36637.0,122.0,1,34,30741,30741,30776,JobState.COMPLETED,1.0857669115066528,127.49838531038372,127.49838531038372,4334.945100553046
jid_268003,36637.0,122.0,1,34,30741,30741,30776,JobState.COMPLETED,1.0857669115066528,128.03122888520187,128.03122888520187,4353.061782096864
jid_268003,36637.0,122.0,1,34,30741,30741,30776,JobState.COMPLETED,1.0857669115066528,128.170421182104,128.170421182104,4357.794320191536
jid_268003,36637.0,122.0,1,34,30741,30741,30776,JobState.COMPLETED,1.0857669115066528,128.7407391420643,128.7407391420643,4377.185130830187
jid_268003,36637.0,122.0,1,34,30741,30741,30776,JobState.COMPLETED,1.0857669115066528,126.9647898451389,126.9647898451389,4316.802854734722
jid_268003,36637.0,122.0,1,34,30741,30741,30776,JobState.COMPLETED,1.0857669115066528,128.29566663642422,128.29566663642422,4362.052665638424
jid_268003,36637.0,122.0,1,34,30741,30741,30776,JobState.COMPLETED,1.0857669115066528,127.74211270463758,127.74211270463758,4343.231831957678
jid_268003,36637.0,122.0,1,35,30741,30741,30777,JobState.COMPLETED,1.0857669115066528,127.69116015985017,127.69116015985017,4469.190605594756
jid_268003,36637.0,122.0,1,35,30741,30741,30777,JobState.COMPLETED,1.0857669115066528,127.16613736295118,127.16613736295118,4450.814807703291
jid_268003,36637.0,122.0,1,35,30741,30741,30777,JobState.COMPLETED,1.0857669115066528,127.34792405406228,127.34792405406228,4457.177341892179
jid_268003,36637.0,122.0,1,36,30741,30741,30778,JobState.COMPLETED,1.0857669115066528,127.29677176883399,127.29677176883399,4582.683783678023
jid_268003,36637.0,122.0,1,37,30741,30741,30779,JobState.COMPLETED,1.0857669115066528,126.58222055785139,126.58222055785139,4683.542160640502
jid_268007,794.0,204.0,24,251,30567,30567,30819,JobState.COMPLETED,0.12061548233032227,176.53061224489784,176.53061224489795,1063420.4081632646
jid_268015,794.0,204.0,24,254,30566,30566,30821,JobState.COMPLETED,0.12061548233032227,176.53061224489784,176.53061224489795,1076130.6122448973
jid_268025,794.0,204.0,24,259,30566,30566,30826,JobState.COMPLETED,0.12061548233032227,176.53061224489784,176.53061224489795,1097314.285714285
jid_268022,794.0,204.0,24,258,30567,30567,30826,JobState.COMPLETED,0.12061548233032227,176.53061224489784,176.53061224489795,1093077.5510204074
jid_268030,794.0,204.0,24,263,30567,30567,30831,JobState.COMPLETED,0.12061548233032227,176.53061224489784,176.53061224489795,1114261.224489795
jid_268096,1407.0000000000018,191.0,24,30880,-1162,0,30881,JobState.COMPLETED,0.009816145524382591,176.53061224489286,176.53061224489795,130830367.346935
jid_268035,911.0,121.0,1,64,30822,30822,30887,JobState.COMPLETED,0.6311278939247131,176.53061224489798,176.53061224489795,11297.95918367347
jid_268035,911.0,121.0,1,66,30822,30822,30889,JobState.COMPLETED,0.6311278939247131,176.53061224489798,176.53061224489795,11651.020408163267
jid_268035,911.0,121.0,1,66,30822,30822,30889,JobState.COMPLETED,0.6311278939247131,176.53061224489798,176.53061224489795,11651.020408163267
jid_268035,911.0,121.0,1,69,30822,30822,30892,JobState.COMPLETED,0.6311278939247131,176.53061224489798,176.53061224489795,12180.61224489796
jid_268035,911.0,121.0,1,69,30822,30822,30892,JobState.COMPLETED,0.6311278939247131,176.53061224489798,176.53061224489795,12180.61224489796
jid_268035,911.0,121.0,1,70,30822,30822,30893,JobState.COMPLETED,0.6311278939247131,176.53061224489795,176.53061224489795,12357.142857142857
jid_268035,911.0,121.0,1,70,30822,30822,30893,JobState.COMPLETED,0.6311278939247131,176.53061224489795,176.53061224489795,12357.142857142857
jid_268035,911.0,121.0,1,71,30822,30822,30894,JobState.COMPLETED,0.6311278939247131,176.53061224489795,176.53061224489795,12533.673469387755
jid_268035,911.0,121.0,1,71,30822,30822,30894,JobState.COMPLETED,0.6311278939247131,176.53061224489795,176.53061224489795,12533.673469387755
jid_268035,911.0,121.0,1,71,30822,30822,30894,JobState.COMPLETED,0.6311278939247131,176.53061224489795,176.53061224489795,12533.673469387755
jid_268035,911.0,121.0,1,71,30822,30822,30894,JobState.COMPLETED,0.6311278939247131,176.53061224489795,176.53061224489795,12533.673469387755
jid_268035,911.0,121.0,1,71,30822,30822,30894,JobState.COMPLETED,0.6311278939247131,176.53061224489795,176.53061224489795,12533.673469387755
jid_268035,911.0,121.0,1,71,30822,30822,30894,JobState.COMPLETED,0.6311278939247131,176.53061224489795,176.53061224489795,12533.673469387755
jid_268035,911.0,121.0,1,71,30822,30822,30894,JobState.COMPLETED,0.6311278939247131,176.53061224489795,176.53061224489795,12533.673469387755
jid_268035,911.0,121.0,1,71,30822,30822,30894,JobState.COMPLETED,0.6311278939247131,176.53061224489795,176.53061224489795,12533.673469387755
jid_268035,911.0,121.0,1,72,30822,30822,30895,JobState.COMPLETED,0.6311278939247131,176.53061224489795,176.53061224489795,12710.204081632652
jid_268035,911.0,121.0,1,72,30822,30822,30895,JobState.COMPLETED,0.6311278939247131,176.53061224489795,176.53061224489795,12710.204081632652
jid_268035,911.0,121.0,1,72,30822,30822,30895,JobState.COMPLETED,0.6311278939247131,176.53061224489795,176.53061224489795,12710.204081632652
jid_268035,911.0,121.0,1,74,30822,30822,30897,JobState.COMPLETED,0.6311278939247131,176.53061224489795,176.53061224489795,13063.265306122448
jid_268035,911.0,121.0,1,74,30822,30822,30897,JobState.COMPLETED,0.6311278939247131,176.53061224489795,176.53061224489795,13063.265306122448
jid_268035,911.0,121.0,1,74,30822,30822,30897,JobState.COMPLETED,0.6311278939247131,176.53061224489795,176.53061224489795,13063.265306122448
jid_268035,911.0,121.0,1,75,30822,30822,30898,JobState.COMPLETED,0.6311278939247131,176.53061224489795,176.53061224489795,13239.795918367347
jid_268035,911.0,121.0,1,76,30822,30822,30899,JobState.COMPLETED,0.6311278939247131,176.53061224489795,176.53061224489795,13416.326530612245
jid_268035,911.0,121.0,1,82,30822,30822,30905,JobState.COMPLETED,0.6311278939247131,176.53061224489795,176.53061224489795,14475.510204081633
jid_268035,911.0,121.0,1,94,30822,30822,30917,JobState.COMPLETED,0.6311278939247131,176.53061224489792,176.53061224489795,16593.877551020403
jid_268035,911.0,121.0,1,95,30822,30822,30918,JobState.COMPLETED,0.6311278939247131,176.53061224489792,176.53061224489795,16770.408163265303
jid_268035,911.0,121.0,1,97,30822,30822,30920,JobState.COMPLETED,0.6311278939247131,176.53061224489792,176.53061224489795,17123.4693877551
jid_268035,911.0,121.0,1,98,30822,30822,30921,JobState.COMPLETED,0.6311278939247131,176.53061224489792,176.53061224489795,17299.999999999996
jid_268035,911.0,121.0,1,98,30822,30822,30921,JobState.COMPLETED,0.6311278939247131,176.53061224489792,176.53061224489795,17299.999999999996
jid_268035,911.0,121.0,1,100,30822,30822,30923,JobState.COMPLETED,0.6311278939247131,176.53061224489792,176.53061224489795,17653.061224489793
jid_268035,911.0,121.0,1,100,30822,30822,30923,JobState.COMPLETED,0.6311278939247131,176.53061224489792,176.53061224489795,17653.061224489793
jid_268035,911.0,121.0,1,101,30822,30822,30924,JobState.COMPLETED,0.6311278939247131,176.53061224489792,176.53061224489795,17829.59183673469
jid_268035,911.0,121.0,1,103,30822,30822,30926,JobState.COMPLETED,0.6311278939247131,176.53061224489792,176.53061224489795,18182.653061224486
jid_268046,105.0,121.0,2,15,30961,30961,30977,JobState.COMPLETED,1.0621477365493774,176.53061224489795,176.53061224489795,5295.918367346939
jid_268051,1054.0,121.0,1,68,31007,31007,31076,JobState.COMPLETED,0.629223108291626,176.53061224489798,176.53061224489795,12004.081632653062
jid_268051,1054.0,121.0,1,70,31007,31007,31078,JobState.COMPLETED,0.629223108291626,176.53061224489795,176.53061224489795,12357.142857142857
jid_268051,1054.0,121.0,1,70,31007,31007,31078,JobState.COMPLETED,0.629223108291626,176.53061224489795,176.53061224489795,12357.142857142857
jid_268051,1054.0,121.0,1,70,31007,31007,31078,JobState.COMPLETED,0.629223108291626,176.53061224489795,176.53061224489795,12357.142857142857
jid_268051,1054.0,121.0,1,70,31007,31007,31078,JobState.COMPLETED,0.629223108291626,176.53061224489795,176.53061224489795,12357.142857142857
jid_268051,1054.0,121.0,1,70,31007,31007,31078,JobState.COMPLETED,0.629223108291626,176.53061224489795,176.53061224489795,12357.142857142857
jid_268051,1054.0,121.0,1,71,31007,31007,31079,JobState.COMPLETED,0.629223108291626,176.53061224489795,176.53061224489795,12533.673469387755
jid_268051,1054.0,121.0,1,71,31007,31007,31079,JobState.COMPLETED,0.629223108291626,176.53061224489795,176.53061224489795,12533.673469387755
jid_268051,1054.0,121.0,1,71,31007,31007,31079,JobState.COMPLETED,0.629223108291626,176.53061224489795,176.53061224489795,12533.673469387755
jid_268051,1054.0,121.0,1,71,31007,31007,31079,JobState.COMPLETED,0.629223108291626,176.53061224489795,176.53061224489795,12533.673469387755
jid_268051,1054.0,121.0,1,71,31007,31007,31079,JobState.COMPLETED,0.629223108291626,176.53061224489795,176.53061224489795,12533.673469387755
jid_268051,1054.0,121.0,1,71,31007,31007,31079,JobState.COMPLETED,0.629223108291626,176.53061224489795,176.53061224489795,12533.673469387755
jid_268051,1054.0,121.0,1,71,31007,31007,31079,JobState.COMPLETED,0.629223108291626,176.53061224489795,176.53061224489795,12533.673469387755
jid_268051,1054.0,121.0,1,71,31007,31007,31079,JobState.COMPLETED,0.629223108291626,176.53061224489795,176.53061224489795,12533.673469387755
jid_268051,1054.0,121.0,1,72,31007,31007,31080,JobState.COMPLETED,0.629223108291626,176.53061224489795,176.53061224489795,12710.204081632652
jid_268051,1054.0,121.0,1,72,31007,31007,31080,JobState.COMPLETED,0.629223108291626,176.53061224489795,176.53061224489795,12710.204081632652
jid_268051,1054.0,121.0,1,73,31007,31007,31081,JobState.COMPLETED,0.629223108291626,176.53061224489795,176.53061224489795,12886.73469387755
jid_268051,1054.0,121.0,1,74,31007,31007,31082,JobState.COMPLETED,0.629223108291626,176.53061224489795,176.53061224489795,13063.265306122448
jid_268051,1054.0,121.0,1,74,31007,31007,31082,JobState.COMPLETED,0.629223108291626,176.53061224489795,176.53061224489795,13063.265306122448
jid_268051,1054.0,121.0,1,75,31007,31007,31083,JobState.COMPLETED,0.629223108291626,176.53061224489795,176.53061224489795,13239.795918367347
jid_268051,1054.0,121.0,1,75,31007,31007,31083,JobState.COMPLETED,0.629223108291626,176.53061224489795,176.53061224489795,13239.795918367347
jid_268051,1054.0,121.0,1,75,31007,31007,31083,JobState.COMPLETED,0.629223108291626,176.53061224489795,176.53061224489795,13239.795918367347
jid_268051,1054.0,121.0,1,79,31007,31007,31087,JobState.COMPLETED,0.629223108291626,176.53061224489795,176.53061224489795,13945.918367346938
jid_268051,1054.0,121.0,1,96,31007,31007,31104,JobState.COMPLETED,0.629223108291626,176.53061224489792,176.53061224489795,16946.9387755102
jid_268051,1054.0,121.0,1,97,31007,31007,31105,JobState.COMPLETED,0.629223108291626,176.53061224489792,176.53061224489795,17123.4693877551
jid_268051,1054.0,121.0,1,99,31007,31007,31107,JobState.COMPLETED,0.629223108291626,176.53061224489792,176.53061224489795,17476.530612244893
jid_268051,1054.0,121.0,1,100,31007,31007,31108,JobState.COMPLETED,0.629223108291626,176.53061224489792,176.53061224489795,17653.061224489793
jid_268052,36637.0,122.0,1,27,31112,31112,31140,JobState.COMPLETED,1.0849452018737793,140.22507537930156,140.22507537930156,3786.077035241142
jid_268052,36637.0,122.0,1,33,31112,31112,31146,JobState.COMPLETED,1.0849452018737793,128.2922791440312,128.2922791440312,4233.64521175303
jid_268052,36637.0,122.0,1,33,31112,31112,31146,JobState.COMPLETED,1.0849452018737793,125.9633257461189,125.9633257461189,4156.789749621924
jid_268052,36637.0,122.0,1,33,31112,31112,31146,JobState.COMPLETED,1.0849452018737793,128.11247563896643,128.11247563896643,4227.711696085892
jid_268052,36637.0,122.0,1,33,31112,31112,31146,JobState.COMPLETED,1.0849452018737793,127.83298777989523,127.83298777989523,4218.488596736543
jid_268052,36637.0,122.0,1,34,31112,31112,31147,JobState.COMPLETED,1.0849452018737793,128.13694065060122,128.13694065060122,4356.655982120441
jid_268052,36637.0,122.0,1,34,31112,31112,31147,JobState.COMPLETED,1.0849452018737793,127.6036822928341,127.6036822928341,4338.525197956359
jid_268052,36637.0,122.0,1,35,31112,31112,31148,JobState.COMPLETED,1.0849452018737793,128.82350498926917,128.82350498926917,4508.822674624421
jid_268052,36637.0,122.0,1,36,31112,31112,31149,JobState.COMPLETED,1.0849452018737793,128.0186949304877,128.0186949304877,4608.673017497557
jid_268052,36637.0,122.0,1,36,31112,31112,31149,JobState.COMPLETED,1.0849452018737793,127.36519502802784,127.36519502802784,4585.147021009002
jid_268052,36637.0,122.0,1,37,31112,31112,31150,JobState.COMPLETED,1.0849452018737793,128.27798972015324,128.27798972015324,4746.28561964567
jid_268052,36637.0,122.0,1,37,31112,31112,31150,JobState.COMPLETED,1.0849452018737793,127.41623350732063,127.41623350732063,4714.400639770864
jid_268052,36637.0,122.0,1,37,31112,31112,31150,JobState.COMPLETED,1.0849452018737793,127.06243787337628,127.06243787337628,4701.310201314923
jid_268052,36637.0,122.0,1,38,31112,31112,31151,JobState.COMPLETED,1.0849452018737793,127.30098258757184,127.30098258757184,4837.43733832773
jid_268052,36637.0,122.0,1,39,31112,31112,31152,JobState.COMPLETED,1.0849452018737793,126.0685329261416,126.0685329261416,4916.6727841195225
jid_268072,794.0,204.0,24,251,30917,30917,31169,JobState.COMPLETED,0.1206369549036026,176.53061224489784,176.53061224489795,1063420.4081632646
jid_268071,794.0,204.0,24,254,30918,30918,31173,JobState.COMPLETED,0.1206369549036026,176.53061224489784,176.53061224489795,1076130.6122448973
jid_268083,2545.0,54.0,5376,92,31323,31323,31416,JobState.COMPLETED,0.005234427750110626,116.37919412012137,116.37919412012137,57560218.37825907
jid_268084,36640.0,396.0,5,633,30923,30923,31557,JobState.COMPLETED,0.36025118827819824,176.53061224489795,176.53061224489795,558719.387755102
jid_268088,36589.0,233.0,1152,41,31615,31615,31657,JobState.COMPLETED,0.02522697113454342,176.53061224489795,176.53061224489795,8337893.87755102
jid_268103,1103.0,121.0,1,0,31729,31729,31730,JobState.COMPLETED,0.645058274269104,176.53061224489795,176.53061224489795,0.0
jid_268103,1103.0,121.0,1,0,31729,31729,31730,JobState.COMPLETED,0.645058274269104,176.53061224489795,176.53061224489795,0.0
jid_268103,1103.0,121.0,1,0,31729,31729,31729,JobState.COMPLETED,0.645058274269104,176.53061224489795,176.53061224489795,0.0
jid_268103,1103.0,121.0,1,0,31729,31729,31729,JobState.COMPLETED,0.645058274269104,176.53061224489795,176.53061224489795,0.0
jid_268103,1103.0,121.0,1,0,31729,31729,31730,JobState.COMPLETED,0.645058274269104,176.53061224489795,176.53061224489795,0.0
jid_268103,1103.0,121.0,1,0,31729,31729,31729,JobState.COMPLETED,0.645058274269104,176.53061224489795,176.53061224489795,0.0
jid_268103,1103.0,121.0,1,0,31729,31729,31729,JobState.COMPLETED,0.645058274269104,176.53061224489795,176.53061224489795,0.0
jid_268103,1103.0,121.0,1,0,31729,31729,31730,JobState.COMPLETED,0.645058274269104,176.53061224489795,176.53061224489795,0.0
jid_268103,1103.0,121.0,1,0,31729,31729,31729,JobState.COMPLETED,0.645058274269104,176.53061224489795,176.53061224489795,0.0
jid_268103,1103.0,121.0,1,0,31729,31729,31729,JobState.COMPLETED,0.645058274269104,176.53061224489795,176.53061224489795,0.0
jid_268103,1103.0,121.0,1,0,31729,31729,31729,JobState.COMPLETED,0.645058274269104,176.53061224489795,176.53061224489795,0.0
jid_268103,1103.0,121.0,1,0,31729,31729,31729,JobState.COMPLETED,0.645058274269104,176.53061224489795,176.53061224489795,0.0
jid_268103,1103.0,121.0,1,0,31729,31729,31730,JobState.COMPLETED,0.645058274269104,176.53061224489795,176.53061224489795,0.0
jid_268103,1103.0,121.0,1,0,31729,31729,31730,JobState.COMPLETED,0.645058274269104,176.53061224489795,176.53061224489795,0.0
jid_268103,1103.0,121.0,1,0,31729,31729,31730,JobState.COMPLETED,0.645058274269104,176.53061224489795,176.53061224489795,0.0
jid_268103,1103.0,121.0,1,0,31729,31729,31729,JobState.COMPLETED,0.645058274269104,176.53061224489795,176.53061224489795,0.0
jid_268103,1103.0,121.0,1,0,31729,31729,31730,JobState.COMPLETED,0.645058274269104,176.53061224489795,176.53061224489795,0.0
jid_268103,1103.0,121.0,1,0,31729,31729,31729,JobState.COMPLETED,0.645058274269104,176.53061224489795,176.53061224489795,0.0
jid_268103,1103.0,121.0,1,0,31729,31729,31730,JobState.COMPLETED,0.645058274269104,176.53061224489795,176.53061224489795,0.0
jid_268103,1103.0,121.0,1,0,31729,31729,31730,JobState.COMPLETED,0.645058274269104,176.53061224489795,176.53061224489795,0.0
jid_268103,1103.0,121.0,1,0,31729,31729,31730,JobState.COMPLETED,0.645058274269104,176.53061224489795,176.53061224489795,0.0
jid_268103,1103.0,121.0,1,0,31729,31729,31730,JobState.COMPLETED,0.645058274269104,176.53061224489795,176.53061224489795,0.0
jid_268103,1103.0,121.0,1,0,31729,31729,31730,JobState.COMPLETED,0.645058274269104,176.53061224489795,176.53061224489795,0.0
jid_268108,1046.0,121.0,1,0,31733,31733,31734,JobState.COMPLETED,0.6484727263450623,176.53061224489795,176.53061224489795,0.0
jid_268108,1046.0,121.0,1,0,31733,31733,31733,JobState.COMPLETED,0.6484727263450623,176.53061224489795,176.53061224489795,0.0
jid_268108,1046.0,121.0,1,0,31733,31733,31734,JobState.COMPLETED,0.6484727263450623,176.53061224489795,176.53061224489795,0.0
jid_268108,1046.0,121.0,1,0,31733,31733,31734,JobState.COMPLETED,0.6484727263450623,176.53061224489795,176.53061224489795,0.0
jid_268108,1046.0,121.0,1,0,31733,31733,31734,JobState.COMPLETED,0.6484727263450623,176.53061224489795,176.53061224489795,0.0
jid_268108,1046.0,121.0,1,0,31733,31733,31734,JobState.COMPLETED,0.6484727263450623,176.53061224489795,176.53061224489795,0.0
jid_268108,1046.0,121.0,1,0,31733,31733,31733,JobState.COMPLETED,0.6484727263450623,176.53061224489795,176.53061224489795,0.0
jid_268108,1046.0,121.0,1,0,31733,31733,31734,JobState.COMPLETED,0.6484727263450623,176.53061224489795,176.53061224489795,0.0
jid_268108,1046.0,121.0,1,0,31733,31733,31734,JobState.COMPLETED,0.6484727263450623,176.53061224489795,176.53061224489795,0.0
jid_268108,1046.0,121.0,1,0,31733,31733,31734,JobState.COMPLETED,0.6484727263450623,176.53061224489795,176.53061224489795,0.0
jid_268108,1046.0,121.0,1,0,31733,31733,31733,JobState.COMPLETED,0.6484727263450623,176.53061224489795,176.53061224489795,0.0
jid_268108,1046.0,121.0,1,0,31733,31733,31733,JobState.COMPLETED,0.6484727263450623,176.53061224489795,176.53061224489795,0.0
jid_268108,1046.0,121.0,1,0,31733,31733,31734,JobState.COMPLETED,0.6484727263450623,176.53061224489795,176.53061224489795,0.0
jid_268108,1046.0,121.0,1,0,31733,31733,31734,JobState.COMPLETED,0.6484727263450623,176.53061224489795,176.53061224489795,0.0
jid_268108,1046.0,121.0,1,0,31733,31733,31734,JobState.COMPLETED,0.6484727263450623,176.53061224489795,176.53061224489795,0.0
jid_268108,1046.0,121.0,1,0,31733,31733,31733,JobState.COMPLETED,0.6484727263450623,176.53061224489795,176.53061224489795,0.0
jid_268108,1046.0,121.0,1,0,31733,31733,31734,JobState.COMPLETED,0.6484727263450623,176.53061224489795,176.53061224489795,0.0
jid_268108,1046.0,121.0,1,0,31733,31733,31734,JobState.COMPLETED,0.6484727263450623,176.53061224489795,176.53061224489795,0.0
jid_268108,1046.0,121.0,1,0,31733,31733,31733,JobState.COMPLETED,0.6484727263450623,176.53061224489795,176.53061224489795,0.0
jid_268108,1046.0,121.0,1,0,31733,31733,31733,JobState.COMPLETED,0.6484727263450623,176.53061224489795,176.53061224489795,0.0
jid_268108,1046.0,121.0,1,0,31733,31733,31734,JobState.COMPLETED,0.6484727263450623,176.53061224489795,176.53061224489795,0.0
jid_268108,1046.0,121.0,1,0,31733,31733,31733,JobState.COMPLETED,0.6484727263450623,176.53061224489795,176.53061224489795,0.0
jid_268108,1046.0,121.0,1,0,31733,31733,31733,JobState.COMPLETED,0.6484727263450623,176.53061224489795,176.53061224489795,0.0
jid_268108,1046.0,121.0,1,0,31733,31733,31734,JobState.COMPLETED,0.6484727263450623,176.53061224489795,176.53061224489795,0.0
jid_268108,1046.0,121.0,1,0,31733,31733,31734,JobState.COMPLETED,0.6484727263450623,176.53061224489795,176.53061224489795,0.0
jid_268108,1046.0,121.0,1,0,31733,31733,31734,JobState.COMPLETED,0.6484727263450623,176.53061224489795,176.53061224489795,0.0
jid_268108,1046.0,121.0,1,0,31733,31733,31733,JobState.COMPLETED,0.6484727263450623,176.53061224489795,176.53061224489795,0.0
jid_268108,1046.0,121.0,1,0,31733,31733,31733,JobState.COMPLETED,0.6484727263450623,176.53061224489795,176.53061224489795,0.0
jid_268108,1046.0,121.0,1,0,31733,31733,31733,JobState.COMPLETED,0.6484727263450623,176.53061224489795,176.53061224489795,0.0
jid_268108,1046.0,121.0,1,0,31733,31733,31733,JobState.COMPLETED,0.6484727263450623,176.53061224489795,176.53061224489795,0.0
jid_268108,1046.0,121.0,1,0,31733,31733,31733,JobState.COMPLETED,0.6484727263450623,176.53061224489795,176.53061224489795,0.0
jid_268108,1046.0,121.0,1,0,31733,31733,31734,JobState.COMPLETED,0.6484727263450623,176.53061224489795,176.53061224489795,0.0
jid_268108,1046.0,121.0,1,0,31733,31733,31734,JobState.COMPLETED,0.6484727263450623,176.53061224489795,176.53061224489795,0.0
jid_268112,549.0,121.0,1,0,31740,31740,31740,JobState.COMPLETED,0.6499459743499756,176.53061224489795,176.53061224489795,0.0
jid_268112,549.0,121.0,1,0,31740,31740,31740,JobState.COMPLETED,0.6499459743499756,176.53061224489795,176.53061224489795,0.0
jid_268111,1093.0000000000018,121.0,1,0,31740,31740,31741,JobState.COMPLETED,0.6449345946311951,176.53061224489795,176.53061224489795,0.0
jid_268111,1093.0000000000018,121.0,1,0,31740,31740,31741,JobState.COMPLETED,0.6449345946311951,176.53061224489795,176.53061224489795,0.0
jid_268112,549.0,121.0,1,0,31740,31740,31740,JobState.COMPLETED,0.6499459743499756,176.53061224489795,176.53061224489795,0.0
jid_268111,1093.0000000000018,121.0,1,0,31740,31740,31740,JobState.COMPLETED,0.6449345946311951,176.53061224489795,176.53061224489795,0.0
jid_268112,549.0,121.0,1,0,31740,31740,31740,JobState.COMPLETED,0.6499459743499756,176.53061224489795,176.53061224489795,0.0
jid_268112,549.0,121.0,1,0,31740,31740,31740,JobState.COMPLETED,0.6499459743499756,176.53061224489795,176.53061224489795,0.0
jid_268112,549.0,121.0,1,0,31740,31740,31740,JobState.COMPLETED,0.6499459743499756,176.53061224489795,176.53061224489795,0.0
jid_268112,549.0,121.0,1,0,31740,31740,31740,JobState.COMPLETED,0.6499459743499756,176.53061224489795,176.53061224489795,0.0
jid_268112,549.0,121.0,1,0,31740,31740,31741,JobState.COMPLETED,0.6499459743499756,176.53061224489795,176.53061224489795,0.0
jid_268112,549.0,121.0,1,0,31740,31740,31741,JobState.COMPLETED,0.6499459743499756,176.53061224489795,176.53061224489795,0.0
jid_268112,549.0,121.0,1,0,31740,31740,31741,JobState.COMPLETED,0.6499459743499756,176.53061224489795,176.53061224489795,0.0
jid_268112,549.0,121.0,1,0,31740,31740,31741,JobState.COMPLETED,0.6499459743499756,176.53061224489795,176.53061224489795,0.0
jid_268111,1093.0000000000018,121.0,1,0,31740,31740,31741,JobState.COMPLETED,0.6449345946311951,176.53061224489795,176.53061224489795,0.0
jid_268111,1093.0000000000018,121.0,1,0,31740,31740,31741,JobState.COMPLETED,0.6449345946311951,176.53061224489795,176.53061224489795,0.0
jid_268111,1093.0000000000018,121.0,1,0,31740,31740,31741,JobState.COMPLETED,0.6449345946311951,176.53061224489795,176.53061224489795,0.0
jid_268111,1093.0000000000018,121.0,1,0,31740,31740,31741,JobState.COMPLETED,0.6449345946311951,176.53061224489795,176.53061224489795,0.0
jid_268111,1093.0000000000018,121.0,1,0,31740,31740,31741,JobState.COMPLETED,0.6449345946311951,176.53061224489795,176.53061224489795,0.0
jid_268112,549.0,121.0,1,0,31740,31740,31741,JobState.COMPLETED,0.6499459743499756,176.53061224489795,176.53061224489795,0.0
jid_268112,549.0,121.0,1,0,31740,31740,31740,JobState.COMPLETED,0.6499459743499756,176.53061224489795,176.53061224489795,0.0
jid_268112,549.0,121.0,1,0,31740,31740,31741,JobState.COMPLETED,0.6499459743499756,176.53061224489795,176.53061224489795,0.0
jid_268111,1093.0000000000018,121.0,1,0,31740,31740,31740,JobState.COMPLETED,0.6449345946311951,176.53061224489795,176.53061224489795,0.0
jid_268112,549.0,121.0,1,0,31740,31740,31741,JobState.COMPLETED,0.6499459743499756,176.53061224489795,176.53061224489795,0.0
jid_268111,1093.0000000000018,121.0,1,0,31740,31740,31740,JobState.COMPLETED,0.6449345946311951,176.53061224489795,176.53061224489795,0.0
jid_268111,1093.0000000000018,121.0,1,0,31740,31740,31740,JobState.COMPLETED,0.6449345946311951,176.53061224489795,176.53061224489795,0.0
jid_268112,549.0,121.0,1,0,31740,31740,31741,JobState.COMPLETED,0.6499459743499756,176.53061224489795,176.53061224489795,0.0
jid_268111,1093.0000000000018,121.0,1,0,31740,31740,31740,JobState.COMPLETED,0.6449345946311951,176.53061224489795,176.53061224489795,0.0
jid_268112,549.0,121.0,1,0,31740,31740,31741,JobState.COMPLETED,0.6499459743499756,176.53061224489795,176.53061224489795,0.0
jid_268112,549.0,121.0,1,0,31740,31740,31741,JobState.COMPLETED,0.6499459743499756,176.53061224489795,176.53061224489795,0.0
jid_268112,549.0,121.0,1,0,31740,31740,31741,JobState.COMPLETED,0.6499459743499756,176.53061224489795,176.53061224489795,0.0
jid_268112,549.0,121.0,1,0,31740,31740,31740,JobState.COMPLETED,0.6499459743499756,176.53061224489795,176.53061224489795,0.0
jid_268111,1093.0000000000018,121.0,1,0,31740,31740,31740,JobState.COMPLETED,0.6449345946311951,176.53061224489795,176.53061224489795,0.0
jid_268111,1093.0000000000018,121.0,1,0,31740,31740,31740,JobState.COMPLETED,0.6449345946311951,176.53061224489795,176.53061224489795,0.0
jid_268112,549.0,121.0,1,0,31740,31740,31740,JobState.COMPLETED,0.6499459743499756,176.53061224489795,176.53061224489795,0.0
jid_268111,1093.0000000000018,121.0,1,0,31740,31740,31741,JobState.COMPLETED,0.6449345946311951,176.53061224489795,176.53061224489795,0.0
jid_268111,1093.0000000000018,121.0,1,0,31740,31740,31740,JobState.COMPLETED,0.6449345946311951,176.53061224489795,176.53061224489795,0.0
jid_268111,1093.0000000000018,121.0,1,0,31740,31740,31740,JobState.COMPLETED,0.6449345946311951,176.53061224489795,176.53061224489795,0.0
jid_268112,549.0,121.0,1,0,31740,31740,31740,JobState.COMPLETED,0.6499459743499756,176.53061224489795,176.53061224489795,0.0
jid_268112,549.0,121.0,1,0,31740,31740,31741,JobState.COMPLETED,0.6499459743499756,176.53061224489795,176.53061224489795,0.0
jid_268111,1093.0000000000018,121.0,1,0,31740,31740,31741,JobState.COMPLETED,0.6449345946311951,176.53061224489795,176.53061224489795,0.0
jid_268111,1093.0000000000018,121.0,1,0,31740,31740,31741,JobState.COMPLETED,0.6449345946311951,176.53061224489795,176.53061224489795,0.0
jid_268112,549.0,121.0,1,0,31740,31740,31740,JobState.COMPLETED,0.6499459743499756,176.53061224489795,176.53061224489795,0.0
jid_268112,549.0,121.0,1,0,31740,31740,31741,JobState.COMPLETED,0.6499459743499756,176.53061224489795,176.53061224489795,0.0
jid_268111,1093.0000000000018,121.0,1,0,31740,31740,31741,JobState.COMPLETED,0.6449345946311951,176.53061224489795,176.53061224489795,0.0
jid_268111,1093.0000000000018,121.0,1,0,31740,31740,31741,JobState.COMPLETED,0.6449345946311951,176.53061224489795,176.53061224489795,0.0
jid_268111,1093.0000000000018,121.0,1,0,31740,31740,31740,JobState.COMPLETED,0.6449345946311951,176.53061224489795,176.53061224489795,0.0
jid_268111,1093.0000000000018,121.0,1,0,31740,31740,31740,JobState.COMPLETED,0.6449345946311951,176.53061224489795,176.53061224489795,0.0
jid_268111,1093.0000000000018,121.0,1,0,31740,31740,31740,JobState.COMPLETED,0.6449345946311951,176.53061224489795,176.53061224489795,0.0
jid_268111,1093.0000000000018,121.0,1,0,31740,31740,31741,JobState.COMPLETED,0.6449345946311951,176.53061224489795,176.53061224489795,0.0
jid_268112,549.0,121.0,1,0,31740,31740,31740,JobState.COMPLETED,0.6499459743499756,176.53061224489795,176.53061224489795,0.0
jid_268112,549.0,121.0,1,0,31740,31740,31740,JobState.COMPLETED,0.6499459743499756,176.53061224489795,176.53061224489795,0.0
jid_268103,1103.0,121.0,1,24,31729,31729,31754,JobState.COMPLETED,0.645058274269104,176.53061224489795,176.53061224489795,4236.734693877551
jid_268132,794.0,204.0,24,262,31494,31494,31757,JobState.COMPLETED,0.12058037519454956,176.53061224489784,176.53061224489795,1110024.4897959176
jid_268112,549.0,121.0,1,24,31740,31740,31765,JobState.COMPLETED,0.6499459743499756,176.53061224489795,176.53061224489795,4236.734693877551
jid_268117,794.0,204.0,24,273,31496,31496,31770,JobState.COMPLETED,0.12058037519454956,176.53061224489784,176.53061224489795,1156628.5714285707
jid_268121,794.0,204.0,24,280,31494,31494,31775,JobState.COMPLETED,0.12058037519454956,176.53061224489784,176.53061224489795,1186285.7142857134
jid_268127,794.0,204.0,24,282,31493,31493,31776,JobState.COMPLETED,0.12058037519454956,176.53061224489784,176.53061224489795,1194759.1836734687
jid_268122,804.0,121.0,1,0,31775,31775,31776,JobState.COMPLETED,0.6498188972473145,176.53061224489795,176.53061224489795,0.0
jid_268122,804.0,121.0,1,0,31775,31775,31775,JobState.COMPLETED,0.6498188972473145,176.53061224489795,176.53061224489795,0.0
jid_268122,804.0,121.0,1,0,31775,31775,31776,JobState.COMPLETED,0.6498188972473145,176.53061224489795,176.53061224489795,0.0
jid_268122,804.0,121.0,1,0,31775,31775,31776,JobState.COMPLETED,0.6498188972473145,176.53061224489795,176.53061224489795,0.0
jid_268122,804.0,121.0,1,0,31775,31775,31775,JobState.COMPLETED,0.6498188972473145,176.53061224489795,176.53061224489795,0.0
jid_268122,804.0,121.0,1,0,31775,31775,31775,JobState.COMPLETED,0.6498188972473145,176.53061224489795,176.53061224489795,0.0
jid_268122,804.0,121.0,1,0,31775,31775,31776,JobState.COMPLETED,0.6498188972473145,176.53061224489795,176.53061224489795,0.0
jid_268122,804.0,121.0,1,0,31775,31775,31776,JobState.COMPLETED,0.6498188972473145,176.53061224489795,176.53061224489795,0.0
jid_268122,804.0,121.0,1,0,31775,31775,31775,JobState.COMPLETED,0.6498188972473145,176.53061224489795,176.53061224489795,0.0
jid_268122,804.0,121.0,1,0,31775,31775,31776,JobState.COMPLETED,0.6498188972473145,176.53061224489795,176.53061224489795,0.0
jid_268122,804.0,121.0,1,0,31775,31775,31775,JobState.COMPLETED,0.6498188972473145,176.53061224489795,176.53061224489795,0.0
jid_268122,804.0,121.0,1,0,31775,31775,31776,JobState.COMPLETED,0.6498188972473145,176.53061224489795,176.53061224489795,0.0
jid_268122,804.0,121.0,1,0,31775,31775,31775,JobState.COMPLETED,0.6498188972473145,176.53061224489795,176.53061224489795,0.0
jid_268122,804.0,121.0,1,0,31775,31775,31775,JobState.COMPLETED,0.6498188972473145,176.53061224489795,176.53061224489795,0.0
jid_268122,804.0,121.0,1,0,31775,31775,31776,JobState.COMPLETED,0.6498188972473145,176.53061224489795,176.53061224489795,0.0
jid_268122,804.0,121.0,1,0,31775,31775,31775,JobState.COMPLETED,0.6498188972473145,176.53061224489795,176.53061224489795,0.0
jid_268122,804.0,121.0,1,0,31775,31775,31776,JobState.COMPLETED,0.6498188972473145,176.53061224489795,176.53061224489795,0.0
jid_268122,804.0,121.0,1,0,31775,31775,31775,JobState.COMPLETED,0.6498188972473145,176.53061224489795,176.53061224489795,0.0
jid_268122,804.0,121.0,1,0,31775,31775,31775,JobState.COMPLETED,0.6498188972473145,176.53061224489795,176.53061224489795,0.0
jid_268122,804.0,121.0,1,0,31775,31775,31775,JobState.COMPLETED,0.6498188972473145,176.53061224489795,176.53061224489795,0.0
jid_268122,804.0,121.0,1,0,31775,31775,31775,JobState.COMPLETED,0.6498188972473145,176.53061224489795,176.53061224489795,0.0
jid_268139,794.0,204.0,24,285,31492,31492,31778,JobState.COMPLETED,0.12058037519454956,176.53061224489784,176.53061224489795,1207469.387755101
jid_268137,794.0,204.0,24,284,31493,31493,31778,JobState.COMPLETED,0.12058037519454956,176.53061224489784,176.53061224489795,1203232.6530612237
jid_268133,794.0,204.0,24,286,31492,31492,31779,JobState.COMPLETED,0.12058037519454956,176.53061224489784,176.53061224489795,1211706.122448979
jid_268134,233.0,121.0,1,0,31785,31785,31785,JobState.COMPLETED,0.6500041484832764,176.53061224489795,176.53061224489795,0.0
jid_268134,233.0,121.0,1,0,31785,31785,31785,JobState.COMPLETED,0.6500041484832764,176.53061224489795,176.53061224489795,0.0
jid_268134,233.0,121.0,1,0,31785,31785,31786,JobState.COMPLETED,0.6500041484832764,176.53061224489795,176.53061224489795,0.0
jid_268134,233.0,121.0,1,0,31785,31785,31785,JobState.COMPLETED,0.6500041484832764,176.53061224489795,176.53061224489795,0.0
jid_268134,233.0,121.0,1,0,31785,31785,31785,JobState.COMPLETED,0.6500041484832764,176.53061224489795,176.53061224489795,0.0
jid_268134,233.0,121.0,1,0,31785,31785,31785,JobState.COMPLETED,0.6500041484832764,176.53061224489795,176.53061224489795,0.0
jid_268134,233.0,121.0,1,0,31785,31785,31785,JobState.COMPLETED,0.6500041484832764,176.53061224489795,176.53061224489795,0.0
jid_268134,233.0,121.0,1,0,31785,31785,31786,JobState.COMPLETED,0.6500041484832764,176.53061224489795,176.53061224489795,0.0
jid_268134,233.0,121.0,1,0,31785,31785,31785,JobState.COMPLETED,0.6500041484832764,176.53061224489795,176.53061224489795,0.0
jid_268134,233.0,121.0,1,0,31785,31785,31785,JobState.COMPLETED,0.6500041484832764,176.53061224489795,176.53061224489795,0.0
jid_268134,233.0,121.0,1,0,31785,31785,31785,JobState.COMPLETED,0.6500041484832764,176.53061224489795,176.53061224489795,0.0
jid_268134,233.0,121.0,1,0,31785,31785,31785,JobState.COMPLETED,0.6500041484832764,176.53061224489795,176.53061224489795,0.0
jid_268134,233.0,121.0,1,0,31785,31785,31786,JobState.COMPLETED,0.6500041484832764,176.53061224489795,176.53061224489795,0.0
jid_268134,233.0,121.0,1,0,31785,31785,31785,JobState.COMPLETED,0.6500041484832764,176.53061224489795,176.53061224489795,0.0
jid_268134,233.0,121.0,1,0,31785,31785,31785,JobState.COMPLETED,0.6500041484832764,176.53061224489795,176.53061224489795,0.0
jid_268134,233.0,121.0,1,0,31785,31785,31786,JobState.COMPLETED,0.6500041484832764,176.53061224489795,176.53061224489795,0.0
jid_268134,233.0,121.0,1,0,31785,31785,31785,JobState.COMPLETED,0.6500041484832764,176.53061224489795,176.53061224489795,0.0
jid_268134,233.0,121.0,1,0,31785,31785,31785,JobState.COMPLETED,0.6500041484832764,176.53061224489795,176.53061224489795,0.0
jid_268134,233.0,121.0,1,0,31785,31785,31785,JobState.COMPLETED,0.6500041484832764,176.53061224489795,176.53061224489795,0.0
jid_268134,233.0,121.0,1,0,31785,31785,31785,JobState.COMPLETED,0.6500041484832764,176.53061224489795,176.53061224489795,0.0
jid_268134,233.0,121.0,1,0,31785,31785,31785,JobState.COMPLETED,0.6500041484832764,176.53061224489795,176.53061224489795,0.0
jid_268134,233.0,121.0,1,0,31785,31785,31786,JobState.COMPLETED,0.6500041484832764,176.53061224489795,176.53061224489795,0.0
jid_268134,233.0,121.0,1,0,31785,31785,31785,JobState.COMPLETED,0.6500041484832764,176.53061224489795,176.53061224489795,0.0
jid_268134,233.0,121.0,1,0,31785,31785,31785,JobState.COMPLETED,0.6500041484832764,176.53061224489795,176.53061224489795,0.0
jid_268134,233.0,121.0,1,0,31785,31785,31786,JobState.COMPLETED,0.6500041484832764,176.53061224489795,176.53061224489795,0.0
jid_268134,233.0,121.0,1,1,31785,31785,31787,JobState.COMPLETED,0.6500041484832764,176.53061224489795,176.53061224489795,176.53061224489795
jid_268143,36589.0,233.0,1152,63,31898,31898,31962,JobState.COMPLETED,0.025277748703956604,176.53061224489792,176.53061224489795,12811885.71428571
jid_268146,1003.0,121.0,1,64,32301,32301,32366,JobState.COMPLETED,0.6451073288917542,176.53061224489798,176.53061224489795,11297.95918367347
jid_268146,1003.0,121.0,1,65,32301,32301,32367,JobState.COMPLETED,0.6451073288917542,176.53061224489798,176.53061224489795,11474.489795918369
jid_268146,1003.0,121.0,1,68,32301,32301,32370,JobState.COMPLETED,0.6451073288917542,176.53061224489798,176.53061224489795,12004.081632653062
jid_268146,1003.0,121.0,1,69,32301,32301,32371,JobState.COMPLETED,0.6451073288917542,176.53061224489798,176.53061224489795,12180.61224489796
jid_268146,1003.0,121.0,1,69,32301,32301,32371,JobState.COMPLETED,0.6451073288917542,176.53061224489798,176.53061224489795,12180.61224489796
jid_268146,1003.0,121.0,1,70,32301,32301,32372,JobState.COMPLETED,0.6451073288917542,176.53061224489795,176.53061224489795,12357.142857142857
jid_268146,1003.0,121.0,1,70,32301,32301,32372,JobState.COMPLETED,0.6451073288917542,176.53061224489795,176.53061224489795,12357.142857142857
jid_268146,1003.0,121.0,1,71,32301,32301,32373,JobState.COMPLETED,0.6451073288917542,176.53061224489795,176.53061224489795,12533.673469387755
jid_268146,1003.0,121.0,1,71,32301,32301,32373,JobState.COMPLETED,0.6451073288917542,176.53061224489795,176.53061224489795,12533.673469387755
jid_268146,1003.0,121.0,1,72,32301,32301,32374,JobState.COMPLETED,0.6451073288917542,176.53061224489795,176.53061224489795,12710.204081632652
jid_268146,1003.0,121.0,1,72,32301,32301,32374,JobState.COMPLETED,0.6451073288917542,176.53061224489795,176.53061224489795,12710.204081632652
jid_268146,1003.0,121.0,1,73,32301,32301,32375,JobState.COMPLETED,0.6451073288917542,176.53061224489795,176.53061224489795,12886.73469387755
jid_268146,1003.0,121.0,1,73,32301,32301,32375,JobState.COMPLETED,0.6451073288917542,176.53061224489795,176.53061224489795,12886.73469387755
jid_268146,1003.0,121.0,1,73,32301,32301,32375,JobState.COMPLETED,0.6451073288917542,176.53061224489795,176.53061224489795,12886.73469387755
jid_268146,1003.0,121.0,1,73,32301,32301,32375,JobState.COMPLETED,0.6451073288917542,176.53061224489795,176.53061224489795,12886.73469387755
jid_268146,1003.0,121.0,1,73,32301,32301,32375,JobState.COMPLETED,0.6451073288917542,176.53061224489795,176.53061224489795,12886.73469387755
jid_268146,1003.0,121.0,1,74,32301,32301,32376,JobState.COMPLETED,0.6451073288917542,176.53061224489795,176.53061224489795,13063.265306122448
jid_268146,1003.0,121.0,1,74,32301,32301,32376,JobState.COMPLETED,0.6451073288917542,176.53061224489795,176.53061224489795,13063.265306122448
jid_268146,1003.0,121.0,1,74,32301,32301,32376,JobState.COMPLETED,0.6451073288917542,176.53061224489795,176.53061224489795,13063.265306122448
jid_268146,1003.0,121.0,1,74,32301,32301,32376,JobState.COMPLETED,0.6451073288917542,176.53061224489795,176.53061224489795,13063.265306122448
jid_268146,1003.0,121.0,1,74,32301,32301,32376,JobState.COMPLETED,0.6451073288917542,176.53061224489795,176.53061224489795,13063.265306122448
jid_268146,1003.0,121.0,1,75,32301,32301,32377,JobState.COMPLETED,0.6451073288917542,176.53061224489795,176.53061224489795,13239.795918367347
jid_268146,1003.0,121.0,1,75,32301,32301,32377,JobState.COMPLETED,0.6451073288917542,176.53061224489795,176.53061224489795,13239.795918367347
jid_268146,1003.0,121.0,1,76,32301,32301,32378,JobState.COMPLETED,0.6451073288917542,176.53061224489795,176.53061224489795,13416.326530612245
jid_268146,1003.0,121.0,1,77,32301,32301,32379,JobState.COMPLETED,0.6451073288917542,176.53061224489795,176.53061224489795,13592.857142857143
jid_268146,1003.0,121.0,1,78,32301,32301,32380,JobState.COMPLETED,0.6451073288917542,176.53061224489795,176.53061224489795,13769.38775510204
jid_268146,1003.0,121.0,1,79,32301,32301,32381,JobState.COMPLETED,0.6451073288917542,176.53061224489795,176.53061224489795,13945.918367346938
jid_268146,1003.0,121.0,1,79,32301,32301,32381,JobState.COMPLETED,0.6451073288917542,176.53061224489795,176.53061224489795,13945.918367346938
jid_268146,1003.0,121.0,1,80,32301,32301,32382,JobState.COMPLETED,0.6451073288917542,176.53061224489795,176.53061224489795,14122.448979591836
jid_268146,1003.0,121.0,1,80,32301,32301,32382,JobState.COMPLETED,0.6451073288917542,176.53061224489795,176.53061224489795,14122.448979591836
jid_268146,1003.0,121.0,1,85,32301,32301,32387,JobState.COMPLETED,0.6451073288917542,176.53061224489795,176.53061224489795,15005.102040816326
jid_268146,1003.0,121.0,1,89,32301,32301,32391,JobState.COMPLETED,0.6451073288917542,176.53061224489795,176.53061224489795,15711.224489795917
jid_268146,1003.0,121.0,1,99,32301,32301,32401,JobState.COMPLETED,0.6451073288917542,176.53061224489792,176.53061224489795,17476.530612244893
jid_268146,1003.0,121.0,1,99,32301,32301,32401,JobState.COMPLETED,0.6451073288917542,176.53061224489792,176.53061224489795,17476.530612244893
jid_268146,1003.0,121.0,1,99,32301,32301,32401,JobState.COMPLETED,0.6451073288917542,176.53061224489792,176.53061224489795,17476.530612244893
jid_268177,794.0,204.0,24,248,32423,32423,32672,JobState.COMPLETED,0.12073840200901031,176.53061224489784,176.53061224489795,1050710.2040816317
jid_268157,794.0,204.0,24,249,32423,32423,32673,JobState.COMPLETED,0.12073840200901031,176.53061224489784,176.53061224489795,1054946.9387755096
jid_268163,794.0,204.0,24,252,32422,32422,32675,JobState.COMPLETED,0.12073840200901031,176.53061224489784,176.53061224489795,1067657.142857142
jid_268170,794.0,204.0,24,251,32424,32424,32676,JobState.COMPLETED,0.12073840200901031,176.53061224489784,176.53061224489795,1063420.4081632646
jid_268180,981.0,121.0,1,64,32664,32664,32729,JobState.COMPLETED,0.6450285315513611,176.53061224489798,176.53061224489795,11297.95918367347
jid_268180,981.0,121.0,1,66,32664,32664,32731,JobState.COMPLETED,0.6450285315513611,176.53061224489798,176.53061224489795,11651.020408163267
jid_268180,981.0,121.0,1,67,32664,32664,32732,JobState.COMPLETED,0.6450285315513611,176.53061224489798,176.53061224489795,11827.551020408164
jid_268180,981.0,121.0,1,68,32664,32664,32733,JobState.COMPLETED,0.6450285315513611,176.53061224489798,176.53061224489795,12004.081632653062
jid_268180,981.0,121.0,1,69,32664,32664,32734,JobState.COMPLETED,0.6450285315513611,176.53061224489798,176.53061224489795,12180.61224489796
jid_268180,981.0,121.0,1,69,32664,32664,32734,JobState.COMPLETED,0.6450285315513611,176.53061224489798,176.53061224489795,12180.61224489796
jid_268180,981.0,121.0,1,70,32664,32664,32735,JobState.COMPLETED,0.6450285315513611,176.53061224489795,176.53061224489795,12357.142857142857
jid_268180,981.0,121.0,1,70,32664,32664,32735,JobState.COMPLETED,0.6450285315513611,176.53061224489795,176.53061224489795,12357.142857142857
jid_268180,981.0,121.0,1,71,32664,32664,32736,JobState.COMPLETED,0.6450285315513611,176.53061224489795,176.53061224489795,12533.673469387755
jid_268180,981.0,121.0,1,72,32664,32664,32737,JobState.COMPLETED,0.6450285315513611,176.53061224489795,176.53061224489795,12710.204081632652
jid_268180,981.0,121.0,1,73,32664,32664,32738,JobState.COMPLETED,0.6450285315513611,176.53061224489795,176.53061224489795,12886.73469387755
jid_268180,981.0,121.0,1,74,32664,32664,32739,JobState.COMPLETED,0.6450285315513611,176.53061224489795,176.53061224489795,13063.265306122448
jid_268180,981.0,121.0,1,74,32664,32664,32739,JobState.COMPLETED,0.6450285315513611,176.53061224489795,176.53061224489795,13063.265306122448
jid_268180,981.0,121.0,1,74,32664,32664,32739,JobState.COMPLETED,0.6450285315513611,176.53061224489795,176.53061224489795,13063.265306122448
jid_268180,981.0,121.0,1,76,32664,32664,32741,JobState.COMPLETED,0.6450285315513611,176.53061224489795,176.53061224489795,13416.326530612245
jid_268180,981.0,121.0,1,76,32664,32664,32741,JobState.COMPLETED,0.6450285315513611,176.53061224489795,176.53061224489795,13416.326530612245
jid_268180,981.0,121.0,1,79,32664,32664,32744,JobState.COMPLETED,0.6450285315513611,176.53061224489795,176.53061224489795,13945.918367346938
jid_268180,981.0,121.0,1,81,32664,32664,32746,JobState.COMPLETED,0.6450285315513611,176.53061224489795,176.53061224489795,14298.979591836734
jid_268180,981.0,121.0,1,83,32664,32664,32748,JobState.COMPLETED,0.6450285315513611,176.53061224489795,176.53061224489795,14652.04081632653
jid_268180,981.0,121.0,1,86,32664,32664,32751,JobState.COMPLETED,0.6450285315513611,176.53061224489795,176.53061224489795,15181.632653061224
jid_268180,981.0,121.0,1,87,32664,32664,32752,JobState.COMPLETED,0.6450285315513611,176.53061224489795,176.53061224489795,15358.163265306122
jid_268180,981.0,121.0,1,92,32664,32664,32757,JobState.COMPLETED,0.6450285315513611,176.53061224489792,176.53061224489795,16240.816326530608
jid_268180,981.0,121.0,1,96,32664,32664,32761,JobState.COMPLETED,0.6450285315513611,176.53061224489792,176.53061224489795,16946.9387755102
jid_268180,981.0,121.0,1,99,32664,32664,32764,JobState.COMPLETED,0.6450285315513611,176.53061224489792,176.53061224489795,17476.530612244893
jid_268180,981.0,121.0,1,140,32664,32664,32805,JobState.COMPLETED,0.6450285315513611,176.5306122448979,176.53061224489795,24714.285714285706
jid_268180,981.0,121.0,1,145,32664,32664,32810,JobState.COMPLETED,0.6450285315513611,176.5306122448979,176.53061224489795,25596.938775510196
jid_268180,981.0,121.0,1,146,32664,32664,32811,JobState.COMPLETED,0.6450285315513611,176.5306122448979,176.53061224489795,25773.469387755093
jid_268180,981.0,121.0,1,167,32664,32664,32832,JobState.COMPLETED,0.6450285315513611,176.5306122448979,176.53061224489795,29480.612244897948
jid_268180,981.0,121.0,1,263,32664,32664,32928,JobState.COMPLETED,0.6450285315513611,176.53061224489792,176.53061224489795,46427.55102040815
jid_268191,17005.0,121.0,64,14878,18170,18170,33049,JobState.COMPLETED,0.009524201974272728,176.53061224490386,176.53061224489795,168091036.7346995
jid_268216,16716.0,121.0,1,379,33067,33067,33447,JobState.COMPLETED,0.43338415026664734,176.53061224489804,176.53061224489795,66905.10204081636
jid_268216,16716.0,121.0,1,440,33067,33067,33508,JobState.COMPLETED,0.43338415026664734,176.53061224489807,176.53061224489795,77673.46938775515
jid_268216,16716.0,121.0,1,450,33067,33067,33518,JobState.COMPLETED,0.43338415026664734,176.53061224489807,176.53061224489795,79438.77551020413
jid_268216,16716.0,121.0,1,450,33067,33067,33518,JobState.COMPLETED,0.43338415026664734,176.53061224489807,176.53061224489795,79438.77551020413
jid_268216,16716.0,121.0,1,460,33067,33067,33528,JobState.COMPLETED,0.43338415026664734,176.53061224489807,176.53061224489795,81204.0816326531
jid_268222,233.0,121.0,1,0,33542,33542,33542,JobState.COMPLETED,0.6322323083877563,176.53061224489795,176.53061224489795,0.0
jid_268222,233.0,121.0,1,0,33542,33542,33542,JobState.COMPLETED,0.6322323083877563,176.53061224489795,176.53061224489795,0.0
jid_268222,233.0,121.0,1,0,33542,33542,33543,JobState.COMPLETED,0.6322323083877563,176.53061224489795,176.53061224489795,0.0
jid_268222,233.0,121.0,1,0,33542,33542,33542,JobState.COMPLETED,0.6322323083877563,176.53061224489795,176.53061224489795,0.0
jid_268222,233.0,121.0,1,0,33542,33542,33542,JobState.COMPLETED,0.6322323083877563,176.53061224489795,176.53061224489795,0.0
jid_268222,233.0,121.0,1,0,33542,33542,33543,JobState.COMPLETED,0.6322323083877563,176.53061224489795,176.53061224489795,0.0
jid_268222,233.0,121.0,1,0,33542,33542,33543,JobState.COMPLETED,0.6322323083877563,176.53061224489795,176.53061224489795,0.0
jid_268222,233.0,121.0,1,0,33542,33542,33543,JobState.COMPLETED,0.6322323083877563,176.53061224489795,176.53061224489795,0.0
jid_268222,233.0,121.0,1,0,33542,33542,33542,JobState.COMPLETED,0.6322323083877563,176.53061224489795,176.53061224489795,0.0
jid_268222,233.0,121.0,1,0,33542,33542,33542,JobState.COMPLETED,0.6322323083877563,176.53061224489795,176.53061224489795,0.0
jid_268222,233.0,121.0,1,0,33542,33542,33542,JobState.COMPLETED,0.6322323083877563,176.53061224489795,176.53061224489795,0.0
jid_268222,233.0,121.0,1,0,33542,33542,33542,JobState.COMPLETED,0.6322323083877563,176.53061224489795,176.53061224489795,0.0
jid_268222,233.0,121.0,1,0,33542,33542,33542,JobState.COMPLETED,0.6322323083877563,176.53061224489795,176.53061224489795,0.0
jid_268222,233.0,121.0,1,0,33542,33542,33543,JobState.COMPLETED,0.6322323083877563,176.53061224489795,176.53061224489795,0.0
jid_268222,233.0,121.0,1,0,33542,33542,33543,JobState.COMPLETED,0.6322323083877563,176.53061224489795,176.53061224489795,0.0
jid_268222,233.0,121.0,1,0,33542,33542,33543,JobState.COMPLETED,0.6322323083877563,176.53061224489795,176.53061224489795,0.0
jid_268222,233.0,121.0,1,0,33542,33542,33542,JobState.COMPLETED,0.6322323083877563,176.53061224489795,176.53061224489795,0.0
jid_268222,233.0,121.0,1,0,33542,33542,33543,JobState.COMPLETED,0.6322323083877563,176.53061224489795,176.53061224489795,0.0
jid_268222,233.0,121.0,1,0,33542,33542,33543,JobState.COMPLETED,0.6322323083877563,176.53061224489795,176.53061224489795,0.0
jid_268222,233.0,121.0,1,0,33542,33542,33542,JobState.COMPLETED,0.6322323083877563,176.53061224489795,176.53061224489795,0.0
jid_268222,233.0,121.0,1,0,33542,33542,33542,JobState.COMPLETED,0.6322323083877563,176.53061224489795,176.53061224489795,0.0
jid_268222,233.0,121.0,1,0,33542,33542,33542,JobState.COMPLETED,0.6322323083877563,176.53061224489795,176.53061224489795,0.0
jid_268222,233.0,121.0,1,0,33542,33542,33543,JobState.COMPLETED,0.6322323083877563,176.53061224489795,176.53061224489795,0.0
jid_268222,233.0,121.0,1,0,33542,33542,33543,JobState.COMPLETED,0.6322323083877563,176.53061224489795,176.53061224489795,0.0
jid_268222,233.0,121.0,1,0,33542,33542,33543,JobState.COMPLETED,0.6322323083877563,176.53061224489795,176.53061224489795,0.0
jid_268222,233.0,121.0,1,0,33542,33542,33542,JobState.COMPLETED,0.6322323083877563,176.53061224489795,176.53061224489795,0.0
jid_268222,233.0,121.0,1,0,33542,33542,33542,JobState.COMPLETED,0.6322323083877563,176.53061224489795,176.53061224489795,0.0
jid_268222,233.0,121.0,1,0,33542,33542,33543,JobState.COMPLETED,0.6322323083877563,176.53061224489795,176.53061224489795,0.0
jid_268222,233.0,121.0,1,0,33542,33542,33542,JobState.COMPLETED,0.6322323083877563,176.53061224489795,176.53061224489795,0.0
jid_268222,233.0,121.0,1,0,33542,33542,33542,JobState.COMPLETED,0.6322323083877563,176.53061224489795,176.53061224489795,0.0
jid_268222,233.0,121.0,1,0,33542,33542,33542,JobState.COMPLETED,0.6322323083877563,176.53061224489795,176.53061224489795,0.0
jid_268222,233.0,121.0,1,0,33542,33542,33543,JobState.COMPLETED,0.6322323083877563,176.53061224489795,176.53061224489795,0.0
jid_268222,233.0,121.0,1,0,33542,33542,33542,JobState.COMPLETED,0.6322323083877563,176.53061224489795,176.53061224489795,0.0
jid_268222,233.0,121.0,1,0,33542,33542,33543,JobState.COMPLETED,0.6322323083877563,176.53061224489795,176.53061224489795,0.0
jid_268222,233.0,121.0,1,0,33542,33542,33542,JobState.COMPLETED,0.6322323083877563,176.53061224489795,176.53061224489795,0.0
jid_268222,233.0,121.0,1,0,33542,33542,33542,JobState.COMPLETED,0.6322323083877563,176.53061224489795,176.53061224489795,0.0
jid_268222,233.0,121.0,1,0,33542,33542,33543,JobState.COMPLETED,0.6322323083877563,176.53061224489795,176.53061224489795,0.0
jid_268222,233.0,121.0,1,0,33542,33542,33542,JobState.COMPLETED,0.6322323083877563,176.53061224489795,176.53061224489795,0.0
jid_268216,16716.0,121.0,1,480,33067,33067,33548,JobState.COMPLETED,0.43338415026664734,176.53061224489807,176.53061224489795,84734.69387755106
jid_268216,16716.0,121.0,1,488,33067,33067,33556,JobState.COMPLETED,0.43338415026664734,176.53061224489807,176.53061224489795,86146.93877551025
jid_268216,16716.0,121.0,1,492,33067,33067,33560,JobState.COMPLETED,0.43338415026664734,176.53061224489807,176.53061224489795,86853.06122448985
jid_268216,16716.0,121.0,1,496,33067,33067,33564,JobState.COMPLETED,0.43338415026664734,176.53061224489807,176.53061224489795,87559.18367346944
jid_268216,16716.0,121.0,1,501,33067,33067,33569,JobState.COMPLETED,0.43338415026664734,176.53061224489807,176.53061224489795,88441.83673469393
jid_268216,16716.0,121.0,1,502,33067,33067,33570,JobState.COMPLETED,0.43338415026664734,176.53061224489807,176.53061224489795,88618.36734693883
jid_268216,16716.0,121.0,1,505,33067,33067,33573,JobState.COMPLETED,0.43338415026664734,176.53061224489807,176.53061224489795,89147.95918367352
jid_268216,16716.0,121.0,1,505,33067,33067,33573,JobState.COMPLETED,0.43338415026664734,176.53061224489807,176.53061224489795,89147.95918367352
jid_268216,16716.0,121.0,1,506,33067,33067,33574,JobState.COMPLETED,0.43338415026664734,176.53061224489807,176.53061224489795,89324.48979591842
jid_268216,16716.0,121.0,1,509,33067,33067,33577,JobState.COMPLETED,0.43338415026664734,176.53061224489807,176.53061224489795,89854.08163265312
jid_268216,16716.0,121.0,1,510,33067,33067,33578,JobState.COMPLETED,0.43338415026664734,176.5306122448981,176.53061224489795,90030.61224489803
jid_268216,16716.0,121.0,1,510,33067,33067,33578,JobState.COMPLETED,0.43338415026664734,176.5306122448981,176.53061224489795,90030.61224489803
jid_268216,16716.0,121.0,1,514,33067,33067,33582,JobState.COMPLETED,0.43338415026664734,176.5306122448981,176.53061224489795,90736.73469387762
jid_268216,16716.0,121.0,1,515,33067,33067,33583,JobState.COMPLETED,0.43338415026664734,176.5306122448981,176.53061224489795,90913.26530612251
jid_268216,16716.0,121.0,1,516,33067,33067,33584,JobState.COMPLETED,0.43338415026664734,176.5306122448981,176.53061224489795,91089.79591836741
jid_268216,16716.0,121.0,1,521,33067,33067,33589,JobState.COMPLETED,0.43338415026664734,176.5306122448981,176.53061224489795,91972.4489795919
jid_268232,794.0,204.0,24,249,33349,33349,33599,JobState.COMPLETED,0.12044417858123779,176.53061224489784,176.53061224489795,1054946.9387755096
jid_268216,16716.0,121.0,1,533,33067,33067,33601,JobState.COMPLETED,0.43338415026664734,176.5306122448981,176.53061224489795,94090.81632653068
jid_268216,16716.0,121.0,1,534,33067,33067,33602,JobState.COMPLETED,0.43338415026664734,176.5306122448981,176.53061224489795,94267.34693877558
jid_268216,16716.0,121.0,1,534,33067,33067,33602,JobState.COMPLETED,0.43338415026664734,176.5306122448981,176.53061224489795,94267.34693877558
jid_268227,794.0,204.0,24,254,33349,33349,33604,JobState.COMPLETED,0.12044417858123779,176.53061224489784,176.53061224489795,1076130.6122448973
jid_268229,794.0,204.0,24,257,33349,33349,33607,JobState.COMPLETED,0.12044417858123779,176.53061224489784,176.53061224489795,1088840.8163265297
jid_268230,794.0,204.0,24,257,33350,33350,33608,JobState.COMPLETED,0.12044417858123779,176.53061224489784,176.53061224489795,1088840.8163265297
jid_268235,794.0,204.0,24,257,33351,33351,33609,JobState.COMPLETED,0.12044417858123779,176.53061224489784,176.53061224489795,1088840.8163265297
jid_268237,794.0,204.0,24,259,33350,33350,33610,JobState.COMPLETED,0.12044417858123779,176.53061224489784,176.53061224489795,1097314.285714285
jid_268246,794.0,204.0,24,260,33350,33350,33611,JobState.COMPLETED,0.12044417858123779,176.53061224489784,176.53061224489795,1101551.0204081626
jid_268249,36641.0,274.0,1000,3257,30428,30428,33686,JobState.COMPLETED,0.013498293235898018,176.53061224489704,176.53061224489795,574960204.0816296
jid_268260,36644.0,99.0,1024,40,33794,33794,33835,JobState.COMPLETED,0.01331331767141819,176.53061224489795,176.53061224489795,7230693.87755102
jid_268286,36647.0,11.0,2,21,34475,34475,34497,JobState.COMPLETED,0.3193935751914978,134.6601483788978,134.6601483788978,5655.726231913707
jid_268305,794.0,204.0,24,256,34275,34275,34532,JobState.COMPLETED,0.12008565664291382,176.53061224489784,176.53061224489795,1084604.0816326523
jid_268295,794.0,204.0,24,255,34276,34276,34532,JobState.COMPLETED,0.12008565664291382,176.53061224489784,176.53061224489795,1080367.346938775
jid_268292,794.0,204.0,24,256,34276,34276,34533,JobState.COMPLETED,0.12008565664291382,176.53061224489784,176.53061224489795,1084604.0816326523
jid_268291,794.0,204.0,24,254,34278,34278,34533,JobState.COMPLETED,0.12008565664291382,176.53061224489784,176.53061224489795,1076130.6122448973
jid_268306,794.0,204.0,24,257,34278,34278,34536,JobState.COMPLETED,0.12008565664291382,176.53061224489784,176.53061224489795,1088840.8163265297
jid_268313,630.0,121.0,64,13686,20959,20959,34646,JobState.COMPLETED,0.009464707225561142,176.53061224490324,176.53061224489795,154623869.38775972
jid_268316,1099.0,121.0,1,382,34400,34400,34783,JobState.COMPLETED,0.46216174960136414,176.53061224489804,176.53061224489795,67434.69387755105
jid_268316,1099.0,121.0,1,450,34400,34400,34851,JobState.COMPLETED,0.46216174960136414,176.53061224489807,176.53061224489795,79438.77551020413
jid_268316,1099.0,121.0,1,476,34400,34400,34877,JobState.COMPLETED,0.46216174960136414,176.53061224489807,176.53061224489795,84028.57142857148
jid_268316,1099.0,121.0,1,477,34400,34400,34878,JobState.COMPLETED,0.46216174960136414,176.53061224489807,176.53061224489795,84205.10204081637
jid_268316,1099.0,121.0,1,478,34400,34400,34879,JobState.COMPLETED,0.46216174960136414,176.53061224489807,176.53061224489795,84381.63265306127
jid_268316,1099.0,121.0,1,485,34400,34400,34886,JobState.COMPLETED,0.46216174960136414,176.53061224489807,176.53061224489795,85617.34693877556
jid_268316,1099.0,121.0,1,498,34400,34400,34899,JobState.COMPLETED,0.46216174960136414,176.53061224489807,176.53061224489795,87912.24489795923
jid_268316,1099.0,121.0,1,498,34400,34400,34899,JobState.COMPLETED,0.46216174960136414,176.53061224489807,176.53061224489795,87912.24489795923
jid_268316,1099.0,121.0,1,518,34400,34400,34919,JobState.COMPLETED,0.46216174960136414,176.5306122448981,176.53061224489795,91442.85714285722
jid_268316,1099.0,121.0,1,519,34400,34400,34920,JobState.COMPLETED,0.46216174960136414,176.5306122448981,176.53061224489795,91619.38775510211
jid_268316,1099.0,121.0,1,521,34400,34400,34922,JobState.COMPLETED,0.46216174960136414,176.5306122448981,176.53061224489795,91972.4489795919
jid_268316,1099.0,121.0,1,521,34400,34400,34922,JobState.COMPLETED,0.46216174960136414,176.5306122448981,176.53061224489795,91972.4489795919
jid_268316,1099.0,121.0,1,522,34400,34400,34923,JobState.COMPLETED,0.46216174960136414,176.5306122448981,176.53061224489795,92148.9795918368
jid_268316,1099.0,121.0,1,526,34400,34400,34927,JobState.COMPLETED,0.46216174960136414,176.5306122448981,176.53061224489795,92855.1020408164
jid_268316,1099.0,121.0,1,527,34400,34400,34928,JobState.COMPLETED,0.46216174960136414,176.5306122448981,176.53061224489795,93031.6326530613
jid_268316,1099.0,121.0,1,528,34400,34400,34929,JobState.COMPLETED,0.46216174960136414,176.5306122448981,176.53061224489795,93208.1632653062
jid_268316,1099.0,121.0,1,528,34400,34400,34929,JobState.COMPLETED,0.46216174960136414,176.5306122448981,176.53061224489795,93208.1632653062
jid_268316,1099.0,121.0,1,528,34400,34400,34929,JobState.COMPLETED,0.46216174960136414,176.5306122448981,176.53061224489795,93208.1632653062
jid_268316,1099.0,121.0,1,538,34400,34400,34939,JobState.COMPLETED,0.46216174960136414,176.5306122448981,176.53061224489795,94973.46938775518
jid_268316,1099.0,121.0,1,538,34400,34400,34939,JobState.COMPLETED,0.46216174960136414,176.5306122448981,176.53061224489795,94973.46938775518
jid_268316,1099.0,121.0,1,539,34400,34400,34940,JobState.COMPLETED,0.46216174960136414,176.5306122448981,176.53061224489795,95150.00000000007
jid_268316,1099.0,121.0,1,543,34400,34400,34944,JobState.COMPLETED,0.46216174960136414,176.5306122448981,176.53061224489795,95856.12244897966
jid_268316,1099.0,121.0,1,547,34400,34400,34948,JobState.COMPLETED,0.46216174960136414,176.5306122448981,176.53061224489795,96562.24489795926
jid_268316,1099.0,121.0,1,548,34400,34400,34949,JobState.COMPLETED,0.46216174960136414,176.5306122448981,176.53061224489795,96738.77551020416
jid_268316,1099.0,121.0,1,555,34400,34400,34956,JobState.COMPLETED,0.46216174960136414,176.5306122448981,176.53061224489795,97974.48979591845
jid_268316,1099.0,121.0,1,556,34400,34400,34957,JobState.COMPLETED,0.46216174960136414,176.5306122448981,176.53061224489795,98151.02040816334
jid_268316,1099.0,121.0,1,575,34400,34400,34976,JobState.COMPLETED,0.46216174960136414,176.5306122448981,176.53061224489795,101505.1020408164
jid_268316,1099.0,121.0,1,599,34400,34400,35000,JobState.COMPLETED,0.46216174960136414,176.53061224489812,176.53061224489795,105741.83673469398
jid_268316,1099.0,121.0,1,612,34400,34400,35013,JobState.COMPLETED,0.46216174960136414,176.53061224489812,176.53061224489795,108036.73469387765
jid_268331,632.0,121.0,1,387,34662,34662,35050,JobState.COMPLETED,0.6510964035987854,176.53061224489804,176.53061224489795,68317.34693877555
jid_268331,632.0,121.0,1,398,34662,34662,35061,JobState.COMPLETED,0.6510964035987854,176.53061224489804,176.53061224489795,70259.18367346942
jid_268331,632.0,121.0,1,428,34662,34662,35091,JobState.COMPLETED,0.6510964035987854,176.53061224489807,176.53061224489795,75555.10204081637
jid_268331,632.0,121.0,1,430,34662,34662,35093,JobState.COMPLETED,0.6510964035987854,176.53061224489807,176.53061224489795,75908.16326530617
jid_268331,632.0,121.0,1,445,34662,34662,35108,JobState.COMPLETED,0.6510964035987854,176.53061224489807,176.53061224489795,78556.12244897964
jid_268331,632.0,121.0,1,459,34662,34662,35122,JobState.COMPLETED,0.6510964035987854,176.53061224489807,176.53061224489795,81027.55102040821
jid_268331,632.0,121.0,1,472,34662,34662,35135,JobState.COMPLETED,0.6510964035987854,176.53061224489807,176.53061224489795,83322.44897959189
jid_268331,632.0,121.0,1,480,34662,34662,35143,JobState.COMPLETED,0.6510964035987854,176.53061224489807,176.53061224489795,84734.69387755106
jid_268331,632.0,121.0,1,492,34662,34662,35155,JobState.COMPLETED,0.6510964035987854,176.53061224489807,176.53061224489795,86853.06122448985
jid_268331,632.0,121.0,1,493,34662,34662,35156,JobState.COMPLETED,0.6510964035987854,176.53061224489807,176.53061224489795,87029.59183673475
jid_268331,632.0,121.0,1,494,34662,34662,35157,JobState.COMPLETED,0.6510964035987854,176.53061224489807,176.53061224489795,87206.12244897964
jid_268331,632.0,121.0,1,500,34662,34662,35163,JobState.COMPLETED,0.6510964035987854,176.53061224489807,176.53061224489795,88265.30612244904
jid_268331,632.0,121.0,1,502,34662,34662,35165,JobState.COMPLETED,0.6510964035987854,176.53061224489807,176.53061224489795,88618.36734693883
jid_268331,632.0,121.0,1,506,34662,34662,35169,JobState.COMPLETED,0.6510964035987854,176.53061224489807,176.53061224489795,89324.48979591842
jid_268333,14779.0,116.0,256,1220,33949,33949,35170,JobState.COMPLETED,0.027457784861326218,176.53061224489775,176.53061224489795,55134040.81632647
jid_268331,632.0,121.0,1,507,34662,34662,35170,JobState.COMPLETED,0.6510964035987854,176.53061224489807,176.53061224489795,89501.02040816331
jid_268331,632.0,121.0,1,516,34662,34662,35179,JobState.COMPLETED,0.6510964035987854,176.5306122448981,176.53061224489795,91089.79591836741
jid_268331,632.0,121.0,1,516,34662,34662,35179,JobState.COMPLETED,0.6510964035987854,176.5306122448981,176.53061224489795,91089.79591836741
jid_268331,632.0,121.0,1,517,34662,34662,35180,JobState.COMPLETED,0.6510964035987854,176.5306122448981,176.53061224489795,91266.32653061232
jid_268331,632.0,121.0,1,519,34662,34662,35182,JobState.COMPLETED,0.6510964035987854,176.5306122448981,176.53061224489795,91619.38775510211
jid_268331,632.0,121.0,1,520,34662,34662,35183,JobState.COMPLETED,0.6510964035987854,176.5306122448981,176.53061224489795,91795.91836734701
jid_268331,632.0,121.0,1,521,34662,34662,35184,JobState.COMPLETED,0.6510964035987854,176.5306122448981,176.53061224489795,91972.4489795919
jid_268331,632.0,121.0,1,523,34662,34662,35186,JobState.COMPLETED,0.6510964035987854,176.5306122448981,176.53061224489795,92325.5102040817
jid_268331,632.0,121.0,1,526,34662,34662,35189,JobState.COMPLETED,0.6510964035987854,176.5306122448981,176.53061224489795,92855.1020408164
jid_268331,632.0,121.0,1,526,34662,34662,35189,JobState.COMPLETED,0.6510964035987854,176.5306122448981,176.53061224489795,92855.1020408164
jid_268331,632.0,121.0,1,534,34662,34662,35197,JobState.COMPLETED,0.6510964035987854,176.5306122448981,176.53061224489795,94267.34693877558
jid_268331,632.0,121.0,1,538,34662,34662,35201,JobState.COMPLETED,0.6510964035987854,176.5306122448981,176.53061224489795,94973.46938775518
jid_268331,632.0,121.0,1,545,34662,34662,35208,JobState.COMPLETED,0.6510964035987854,176.5306122448981,176.53061224489795,96209.18367346947
jid_268330,1151.9999999999982,121.0,1,442,34790,34790,35233,JobState.COMPLETED,0.5385307669639587,176.53061224489807,176.53061224489795,78026.53061224494
jid_268330,1151.9999999999982,121.0,1,454,34790,34790,35245,JobState.COMPLETED,0.5385307669639587,176.53061224489807,176.53061224489795,80144.89795918373
jid_268330,1151.9999999999982,121.0,1,465,34790,34790,35256,JobState.COMPLETED,0.5385307669639587,176.53061224489807,176.53061224489795,82086.7346938776
jid_268330,1151.9999999999982,121.0,1,470,34790,34790,35261,JobState.COMPLETED,0.5385307669639587,176.53061224489807,176.53061224489795,82969.38775510209
jid_268330,1151.9999999999982,121.0,1,482,34790,34790,35273,JobState.COMPLETED,0.5385307669639587,176.53061224489807,176.53061224489795,85087.75510204087
jid_268330,1151.9999999999982,121.0,1,505,34790,34790,35296,JobState.COMPLETED,0.5385307669639587,176.53061224489807,176.53061224489795,89147.95918367352
jid_268330,1151.9999999999982,121.0,1,508,34790,34790,35299,JobState.COMPLETED,0.5385307669639587,176.53061224489807,176.53061224489795,89677.55102040822
jid_268330,1151.9999999999982,121.0,1,516,34790,34790,35307,JobState.COMPLETED,0.5385307669639587,176.5306122448981,176.53061224489795,91089.79591836741
jid_268330,1151.9999999999982,121.0,1,518,34790,34790,35309,JobState.COMPLETED,0.5385307669639587,176.5306122448981,176.53061224489795,91442.85714285722
jid_268330,1151.9999999999982,121.0,1,520,34790,34790,35311,JobState.COMPLETED,0.5385307669639587,176.5306122448981,176.53061224489795,91795.91836734701
jid_268330,1151.9999999999982,121.0,1,520,34790,34790,35311,JobState.COMPLETED,0.5385307669639587,176.5306122448981,176.53061224489795,91795.91836734701
jid_268330,1151.9999999999982,121.0,1,522,34790,34790,35313,JobState.COMPLETED,0.5385307669639587,176.5306122448981,176.53061224489795,92148.9795918368
jid_268330,1151.9999999999982,121.0,1,528,34790,34790,35319,JobState.COMPLETED,0.5385307669639587,176.5306122448981,176.53061224489795,93208.1632653062
jid_268330,1151.9999999999982,121.0,1,528,34790,34790,35319,JobState.COMPLETED,0.5385307669639587,176.5306122448981,176.53061224489795,93208.1632653062
jid_268330,1151.9999999999982,121.0,1,529,34790,34790,35320,JobState.COMPLETED,0.5385307669639587,176.5306122448981,176.53061224489795,93384.6938775511
jid_268330,1151.9999999999982,121.0,1,531,34790,34790,35322,JobState.COMPLETED,0.5385307669639587,176.5306122448981,176.53061224489795,93737.75510204089
jid_268330,1151.9999999999982,121.0,1,531,34790,34790,35322,JobState.COMPLETED,0.5385307669639587,176.5306122448981,176.53061224489795,93737.75510204089
jid_268330,1151.9999999999982,121.0,1,531,34790,34790,35322,JobState.COMPLETED,0.5385307669639587,176.5306122448981,176.53061224489795,93737.75510204089
jid_268330,1151.9999999999982,121.0,1,531,34790,34790,35322,JobState.COMPLETED,0.5385307669639587,176.5306122448981,176.53061224489795,93737.75510204089
jid_268330,1151.9999999999982,121.0,1,533,34790,34790,35324,JobState.COMPLETED,0.5385307669639587,176.5306122448981,176.53061224489795,94090.81632653068
jid_268330,1151.9999999999982,121.0,1,538,34790,34790,35329,JobState.COMPLETED,0.5385307669639587,176.5306122448981,176.53061224489795,94973.46938775518
jid_268330,1151.9999999999982,121.0,1,539,34790,34790,35330,JobState.COMPLETED,0.5385307669639587,176.5306122448981,176.53061224489795,95150.00000000007
jid_268330,1151.9999999999982,121.0,1,540,34790,34790,35331,JobState.COMPLETED,0.5385307669639587,176.5306122448981,176.53061224489795,95326.53061224497
jid_268330,1151.9999999999982,121.0,1,543,34790,34790,35334,JobState.COMPLETED,0.5385307669639587,176.5306122448981,176.53061224489795,95856.12244897966
jid_268330,1151.9999999999982,121.0,1,547,34790,34790,35338,JobState.COMPLETED,0.5385307669639587,176.5306122448981,176.53061224489795,96562.24489795926
jid_268330,1151.9999999999982,121.0,1,547,34790,34790,35338,JobState.COMPLETED,0.5385307669639587,176.5306122448981,176.53061224489795,96562.24489795926
jid_268381,14779.0,116.0,256,0,35360,35360,35361,JobState.COMPLETED,0.02808528020977974,176.53061224489795,176.53061224489795,0.0
jid_268351,794.0,204.0,24,240,35205,35205,35446,JobState.COMPLETED,0.12036845088005066,176.53061224489784,176.53061224489795,1016816.3265306116
jid_268366,794.0,204.0,24,240,35206,35206,35447,JobState.COMPLETED,0.12036845088005066,176.53061224489784,176.53061224489795,1016816.3265306116
jid_268367,794.0,204.0,24,245,35205,35205,35451,JobState.COMPLETED,0.12036845088005066,176.53061224489784,176.53061224489795,1037999.9999999993
jid_268349,794.0,204.0,24,248,35204,35204,35453,JobState.COMPLETED,0.12036845088005066,176.53061224489784,176.53061224489795,1050710.2040816317
jid_268369,794.0,204.0,24,251,35206,35206,35458,JobState.COMPLETED,0.12036845088005066,176.53061224489784,176.53061224489795,1063420.4081632646
jid_268370,794.0,204.0,24,253,35205,35205,35459,JobState.COMPLETED,0.12036845088005066,176.53061224489784,176.53061224489795,1071893.8775510197
jid_268386,15000.0,116.0,32,0,35877,35877,35877,JobState.COMPLETED,0.008401989005506039,176.53061224489795,176.53061224489795,0.0
jid_268395,1069.0,121.0,1,0,35943,35943,35943,JobState.COMPLETED,0.5950663089752197,176.53061224489795,176.53061224489795,0.0
jid_268395,1069.0,121.0,1,0,35943,35943,35944,JobState.COMPLETED,0.5950663089752197,176.53061224489795,176.53061224489795,0.0
jid_268395,1069.0,121.0,1,0,35943,35943,35944,JobState.COMPLETED,0.5950663089752197,176.53061224489795,176.53061224489795,0.0
jid_268395,1069.0,121.0,1,0,35943,35943,35943,JobState.COMPLETED,0.5950663089752197,176.53061224489795,176.53061224489795,0.0
jid_268395,1069.0,121.0,1,0,35943,35943,35943,JobState.COMPLETED,0.5950663089752197,176.53061224489795,176.53061224489795,0.0
jid_268395,1069.0,121.0,1,0,35943,35943,35943,JobState.COMPLETED,0.5950663089752197,176.53061224489795,176.53061224489795,0.0
jid_268395,1069.0,121.0,1,0,35943,35943,35943,JobState.COMPLETED,0.5950663089752197,176.53061224489795,176.53061224489795,0.0
jid_268395,1069.0,121.0,1,0,35943,35943,35943,JobState.COMPLETED,0.5950663089752197,176.53061224489795,176.53061224489795,0.0
jid_268395,1069.0,121.0,1,0,35943,35943,35943,JobState.COMPLETED,0.5950663089752197,176.53061224489795,176.53061224489795,0.0
jid_268395,1069.0,121.0,1,0,35943,35943,35943,JobState.COMPLETED,0.5950663089752197,176.53061224489795,176.53061224489795,0.0
jid_268395,1069.0,121.0,1,0,35943,35943,35944,JobState.COMPLETED,0.5950663089752197,176.53061224489795,176.53061224489795,0.0
jid_268395,1069.0,121.0,1,0,35943,35943,35944,JobState.COMPLETED,0.5950663089752197,176.53061224489795,176.53061224489795,0.0
jid_268395,1069.0,121.0,1,0,35943,35943,35943,JobState.COMPLETED,0.5950663089752197,176.53061224489795,176.53061224489795,0.0
jid_268395,1069.0,121.0,1,0,35943,35943,35943,JobState.COMPLETED,0.5950663089752197,176.53061224489795,176.53061224489795,0.0
jid_268395,1069.0,121.0,1,0,35943,35943,35944,JobState.COMPLETED,0.5950663089752197,176.53061224489795,176.53061224489795,0.0
jid_268395,1069.0,121.0,1,0,35943,35943,35943,JobState.COMPLETED,0.5950663089752197,176.53061224489795,176.53061224489795,0.0
jid_268395,1069.0,121.0,1,0,35943,35943,35943,JobState.COMPLETED,0.5950663089752197,176.53061224489795,176.53061224489795,0.0
jid_268395,1069.0,121.0,1,0,35943,35943,35944,JobState.COMPLETED,0.5950663089752197,176.53061224489795,176.53061224489795,0.0
jid_268395,1069.0,121.0,1,0,35943,35943,35943,JobState.COMPLETED,0.5950663089752197,176.53061224489795,176.53061224489795,0.0
jid_268395,1069.0,121.0,1,0,35943,35943,35943,JobState.COMPLETED,0.5950663089752197,176.53061224489795,176.53061224489795,0.0
jid_268395,1069.0,121.0,1,0,35943,35943,35944,JobState.COMPLETED,0.5950663089752197,176.53061224489795,176.53061224489795,0.0
jid_268395,1069.0,121.0,1,0,35943,35943,35943,JobState.COMPLETED,0.5950663089752197,176.53061224489795,176.53061224489795,0.0
jid_268395,1069.0,121.0,1,0,35943,35943,35943,JobState.COMPLETED,0.5950663089752197,176.53061224489795,176.53061224489795,0.0
jid_268395,1069.0,121.0,1,0,35943,35943,35944,JobState.COMPLETED,0.5950663089752197,176.53061224489795,176.53061224489795,0.0
jid_268395,1069.0,121.0,1,0,35943,35943,35943,JobState.COMPLETED,0.5950663089752197,176.53061224489795,176.53061224489795,0.0
jid_268395,1069.0,121.0,1,0,35943,35943,35944,JobState.COMPLETED,0.5950663089752197,176.53061224489795,176.53061224489795,0.0
jid_268395,1069.0,121.0,1,0,35943,35943,35943,JobState.COMPLETED,0.5950663089752197,176.53061224489795,176.53061224489795,0.0
jid_268395,1069.0,121.0,1,0,35943,35943,35944,JobState.COMPLETED,0.5950663089752197,176.53061224489795,176.53061224489795,0.0
jid_268395,1069.0,121.0,1,0,35943,35943,35943,JobState.COMPLETED,0.5950663089752197,176.53061224489795,176.53061224489795,0.0
jid_268395,1069.0,121.0,1,0,35943,35943,35944,JobState.COMPLETED,0.5950663089752197,176.53061224489795,176.53061224489795,0.0
jid_268392,224.0,60.0,1,64,36080,36080,36145,JobState.COMPLETED,1.1128816604614258,176.53061224489798,176.53061224489795,11297.95918367347
jid_268402,36586.0,31.0,100,1416,34892,34892,36309,JobState.COMPLETED,0.02429869957268238,176.5306122448979,176.53061224489795,24996734.69387754
jid_268402,36586.0,31.0,100,1417,34892,34892,36310,JobState.COMPLETED,0.02429869957268238,176.5306122448979,176.53061224489795,25014387.75510203
jid_268402,36586.0,31.0,100,1418,34892,34892,36311,JobState.COMPLETED,0.02429869957268238,176.5306122448979,176.53061224489795,25032040.81632652
jid_268402,36586.0,31.0,100,1429,34892,34892,36322,JobState.COMPLETED,0.02429869957268238,176.53061224489792,176.53061224489795,25226224.489795916
jid_268398,231.0,121.0,1,448,35881,35881,36330,JobState.COMPLETED,0.4272522032260895,176.53061224489807,176.53061224489795,79085.71428571433
jid_268402,36586.0,31.0,100,1445,34892,34892,36338,JobState.COMPLETED,0.02429869957268238,176.53061224489792,176.53061224489795,25508673.469387747
jid_268402,36586.0,31.0,100,1447,34892,34892,36340,JobState.COMPLETED,0.02429869957268238,176.53061224489792,176.53061224489795,25543979.591836732
jid_268398,231.0,121.0,1,458,35881,35881,36340,JobState.COMPLETED,0.4272522032260895,176.53061224489807,176.53061224489795,80851.02040816331
jid_268402,36586.0,31.0,100,1449,34892,34892,36342,JobState.COMPLETED,0.02429869957268238,176.53061224489792,176.53061224489795,25579285.71428571
jid_268402,36586.0,31.0,100,1452,34892,34892,36345,JobState.COMPLETED,0.02429869957268238,176.53061224489795,176.53061224489795,25632244.897959184
jid_268402,36586.0,31.0,100,1466,34892,34892,36359,JobState.COMPLETED,0.02429869957268238,176.53061224489795,176.53061224489795,25879387.75510204
jid_268398,231.0,121.0,1,491,35881,35881,36373,JobState.COMPLETED,0.4272522032260895,176.53061224489807,176.53061224489795,86676.53061224495
jid_268402,36586.0,31.0,100,1482,34892,34892,36375,JobState.COMPLETED,0.02429869957268238,176.53061224489795,176.53061224489795,26161836.734693877
jid_268402,36586.0,31.0,100,1488,34892,34892,36381,JobState.COMPLETED,0.02429869957268238,176.53061224489795,176.53061224489795,26267755.102040816
jid_268398,231.0,121.0,1,499,35881,35881,36381,JobState.COMPLETED,0.4272522032260895,176.53061224489807,176.53061224489795,88088.77551020414
jid_268398,231.0,121.0,1,502,35881,35881,36384,JobState.COMPLETED,0.4272522032260895,176.53061224489807,176.53061224489795,88618.36734693883
jid_268415,794.0,204.0,24,253,36135,36135,36389,JobState.COMPLETED,0.12022010236978531,176.53061224489784,176.53061224489795,1071893.8775510197
jid_268398,231.0,121.0,1,509,35881,35881,36391,JobState.COMPLETED,0.4272522032260895,176.53061224489807,176.53061224489795,89854.08163265312
jid_268398,231.0,121.0,1,509,35881,35881,36391,JobState.COMPLETED,0.4272522032260895,176.53061224489807,176.53061224489795,89854.08163265312
jid_268424,794.0,204.0,24,257,36136,36136,36394,JobState.COMPLETED,0.12022010236978531,176.53061224489784,176.53061224489795,1088840.8163265297
jid_268398,231.0,121.0,1,514,35881,35881,36396,JobState.COMPLETED,0.4272522032260895,176.5306122448981,176.53061224489795,90736.73469387762
jid_268429,794.0,204.0,24,262,36136,36136,36399,JobState.COMPLETED,0.12022010236978531,176.53061224489784,176.53061224489795,1110024.4897959176
jid_268402,36586.0,31.0,100,1507,34892,34892,36400,JobState.COMPLETED,0.02429869957268238,176.530612244898,176.53061224489795,26603163.26530613
jid_268398,231.0,121.0,1,519,35881,35881,36401,JobState.COMPLETED,0.4272522032260895,176.5306122448981,176.53061224489795,91619.38775510211
jid_268398,231.0,121.0,1,520,35881,35881,36402,JobState.COMPLETED,0.4272522032260895,176.5306122448981,176.53061224489795,91795.91836734701
jid_268398,231.0,121.0,1,522,35881,35881,36404,JobState.COMPLETED,0.4272522032260895,176.5306122448981,176.53061224489795,92148.9795918368
jid_268402,36586.0,31.0,100,1512,34892,34892,36405,JobState.COMPLETED,0.02429869957268238,176.530612244898,176.53061224489795,26691428.57142858
jid_268398,231.0,121.0,1,523,35881,35881,36405,JobState.COMPLETED,0.4272522032260895,176.5306122448981,176.53061224489795,92325.5102040817
jid_268402,36586.0,31.0,100,1515,34892,34892,36408,JobState.COMPLETED,0.02429869957268238,176.530612244898,176.53061224489795,26744387.755102046
jid_268404,224.0,60.0,1,181,36228,36228,36410,JobState.COMPLETED,1.1447408199310303,176.5306122448979,176.53061224489795,31952.04081632652
jid_268398,231.0,121.0,1,529,35881,35881,36411,JobState.COMPLETED,0.4272522032260895,176.5306122448981,176.53061224489795,93384.6938775511
jid_268398,231.0,121.0,1,532,35881,35881,36414,JobState.COMPLETED,0.4272522032260895,176.5306122448981,176.53061224489795,93914.28571428578
jid_268398,231.0,121.0,1,555,35881,35881,36437,JobState.COMPLETED,0.4272522032260895,176.5306122448981,176.53061224489795,97974.48979591845
jid_268398,231.0,121.0,1,592,35881,35881,36474,JobState.COMPLETED,0.4272522032260895,176.53061224489812,176.53061224489795,104506.12244897969
jid_268398,231.0,121.0,1,603,35881,35881,36485,JobState.COMPLETED,0.4272522032260895,176.53061224489812,176.53061224489795,106447.95918367356
jid_268434,1108.9999999999982,121.0,1,373,36171,36171,36545,JobState.COMPLETED,0.429279625415802,176.53061224489804,176.53061224489795,65845.91836734697
jid_268434,1108.9999999999982,121.0,1,373,36171,36171,36545,JobState.COMPLETED,0.429279625415802,176.53061224489804,176.53061224489795,65845.91836734697
jid_268434,1108.9999999999982,121.0,1,429,36171,36171,36601,JobState.COMPLETED,0.429279625415802,176.53061224489807,176.53061224489795,75731.63265306127
jid_268434,1108.9999999999982,121.0,1,472,36171,36171,36644,JobState.COMPLETED,0.429279625415802,176.53061224489807,176.53061224489795,83322.44897959189
jid_268434,1108.9999999999982,121.0,1,473,36171,36171,36645,JobState.COMPLETED,0.429279625415802,176.53061224489807,176.53061224489795,83498.97959183679
jid_268434,1108.9999999999982,121.0,1,475,36171,36171,36647,JobState.COMPLETED,0.429279625415802,176.53061224489807,176.53061224489795,83852.04081632658
jid_268434,1108.9999999999982,121.0,1,477,36171,36171,36649,JobState.COMPLETED,0.429279625415802,176.53061224489807,176.53061224489795,84205.10204081637
jid_268434,1108.9999999999982,121.0,1,483,36171,36171,36655,JobState.COMPLETED,0.429279625415802,176.53061224489807,176.53061224489795,85264.28571428577
jid_268434,1108.9999999999982,121.0,1,485,36171,36171,36657,JobState.COMPLETED,0.429279625415802,176.53061224489807,176.53061224489795,85617.34693877556
jid_268434,1108.9999999999982,121.0,1,486,36171,36171,36658,JobState.COMPLETED,0.429279625415802,176.53061224489807,176.53061224489795,85793.87755102046
jid_268434,1108.9999999999982,121.0,1,490,36171,36171,36662,JobState.COMPLETED,0.429279625415802,176.53061224489807,176.53061224489795,86500.00000000006
jid_268411,17080.0,121.0,64,13393,23169,23271,36665,JobState.COMPLETED,0.009460104629397392,176.53061224490307,176.53061224489795,151313567.34694314
jid_268434,1108.9999999999982,121.0,1,497,36171,36171,36669,JobState.COMPLETED,0.429279625415802,176.53061224489807,176.53061224489795,87735.71428571433
jid_268434,1108.9999999999982,121.0,1,504,36171,36171,36676,JobState.COMPLETED,0.429279625415802,176.53061224489807,176.53061224489795,88971.42857142862
jid_268434,1108.9999999999982,121.0,1,510,36171,36171,36682,JobState.COMPLETED,0.429279625415802,176.5306122448981,176.53061224489795,90030.61224489803
jid_268434,1108.9999999999982,121.0,1,511,36171,36171,36683,JobState.COMPLETED,0.429279625415802,176.5306122448981,176.53061224489795,90207.14285714293
jid_268402,36586.0,31.0,100,1800,34892,34892,36693,JobState.COMPLETED,0.02429869957268238,176.5306122448982,176.53061224489795,31775510.20408168
jid_268434,1108.9999999999982,121.0,1,523,36171,36171,36695,JobState.COMPLETED,0.429279625415802,176.5306122448981,176.53061224489795,92325.5102040817
jid_268434,1108.9999999999982,121.0,1,527,36171,36171,36699,JobState.COMPLETED,0.429279625415802,176.5306122448981,176.53061224489795,93031.6326530613
jid_268438,15000.0,116.0,32,373,36362,36362,36736,JobState.COMPLETED,0.008401643484830856,176.53061224489804,176.53061224489795,2107069.387755103
jid_268446,36660.0,68.0,1,148,36905,36905,37054,JobState.COMPLETED,0.7834533452987671,136.88458446886187,136.88458446886185,20258.918501391556
jid_268481,794.0,204.0,24,240,37064,37064,37305,JobState.COMPLETED,0.1203041598200798,176.53061224489784,176.53061224489795,1016816.3265306116
jid_268486,794.0,204.0,24,243,37065,37065,37309,JobState.COMPLETED,0.1203041598200798,176.53061224489784,176.53061224489795,1029526.5306122443
jid_268492,794.0,204.0,24,263,37064,37064,37328,JobState.COMPLETED,0.1203041598200798,176.53061224489784,176.53061224489795,1114261.224489795
jid_268461,794.0,204.0,24,267,37063,37063,37331,JobState.COMPLETED,0.1203041598200798,176.53061224489784,176.53061224489795,1131208.1632653053
jid_268497,794.0,204.0,24,288,37064,37064,37353,JobState.COMPLETED,0.1203041598200798,176.53061224489784,176.53061224489795,1220179.5918367337
jid_268469,794.0,204.0,24,308,37063,37063,37372,JobState.COMPLETED,0.1203041598200798,176.53061224489784,176.53061224489795,1304914.285714285
jid_268563,36649.0,99.0,16383,347,37198,37198,37546,JobState.COMPLETED,0.0030707037076354027,176.53061224489804,176.53061224489795,1003559054.0816332
jid_268496,794.0,204.0,24,247,37438,37438,37686,JobState.COMPLETED,0.1201041117310524,176.53061224489784,176.53061224489795,1046473.4693877543
jid_268478,36666.0,212.0,1,815,37169,37169,37985,JobState.COMPLETED,0.32419976592063904,176.53061224489815,176.53061224489795,143872.44897959198
jid_268331,632.0,121.0,1,3395,34662,34662,38058,JobState.COMPLETED,0.6510964035987854,176.53061224489696,176.53061224489795,599321.4285714251
jid_268506,36589.0,233.0,4224,185,38154,38154,38340,JobState.COMPLETED,0.004315861966460943,176.5306122448979,176.53061224489795,137948081.632653
jid_268704,794.0,204.0,24,251,38378,38378,38630,JobState.COMPLETED,0.1185314729809761,176.53061224489784,176.53061224489795,1063420.4081632646
jid_268531,1407.0000000000018,191.0,24,38635,-1215,0,38636,JobState.COMPLETED,0.009816145524382591,176.53061224489264,176.53061224489795,163686244.89795426
jid_268523,36676.0,212.0,1,1786,37145,37145,38932,JobState.COMPLETED,0.23529811203479767,176.53061224489736,176.53061224489795,315283.6734693867
jid_268554,15758.0,12.0,40,36146,2938,2938,39085,JobState.COMPLETED,0.00733624491840601,176.5306122448997,176.53061224489795,255235020.40816575
jid_268532,627.0,190.0,512,1773,37603,37603,39377,JobState.COMPLETED,0.00895532313734293,128.73598591726147,128.73598591726196,116863438.35202795
jid_268536,126.0,226.0,512,106,39390,39390,39497,JobState.COMPLETED,0.033816948533058167,176.53061224489792,176.53061224489795,9580669.3877551
jid_268548,1390.0,232.0,1,31,39900,39900,39932,JobState.COMPLETED,1.3050833940505981,176.53061224489795,176.53061224489795,5472.448979591836
jid_268550,126.0,226.0,512,89,39849,39849,39939,JobState.COMPLETED,0.02824060246348381,176.53061224489795,176.53061224489795,8044146.93877551
jid_268551,36685.0,232.0,1,30,39935,39935,39966,JobState.COMPLETED,0.9347202181816101,176.53061224489795,176.53061224489795,5295.918367346939
jid_268572,10.0,9.0,12288,130,40035,40035,40166,JobState.COMPLETED,0.0074623324908316135,176.53061224489795,176.53061224489795,281997061.2244898
jid_268566,36688.0,10.0,1536,145,40332,40332,40478,JobState.COMPLETED,0.03214491531252861,176.53061224489795,176.53061224489795,39316897.95918367
jid_268627,10.0,9.0,12288,130,40864,40864,40995,JobState.COMPLETED,0.007746689021587372,176.53061224489795,176.53061224489795,281997061.2244898
jid_268581,36670.0,329.0,1,1024,39971,39971,40996,JobState.COMPLETED,0.20659805834293365,176.53061224489798,176.53061224489795,180767.34693877553
jid_268609,627.0,190.0,512,62,41987,41987,42050,JobState.COMPLETED,0.007069945335388184,176.53061224489798,176.53061224489795,5603787.755102041
jid_268618,36697.0,10.0,432,77,42309,42309,42387,JobState.COMPLETED,0.043661490082740784,176.53061224489795,176.53061224489795,5872114.285714285
jid_268608,17807.0,6.0,640,34231,7717,8204,42436,JobState.COMPLETED,0.001957942731678486,176.5306122448984,176.53061224489795,3867404408.1632752
jid_268625,36641.0,274.0,1000,3267,39424,39424,42692,JobState.COMPLETED,0.015180105343461037,176.53061224489704,176.53061224489795,576725510.2040787
jid_17227,35.0,27.999999999999986,4,8605,34404,34404,43010,JobState.COMPLETED,0.04909494146704674,176.53061224489866,176.53061224489795,6076183.673469412
jid_17227,35.0,27.999999999999986,4,8641,34401,34401,43043,JobState.COMPLETED,0.04909494146704674,176.53061224489872,176.53061224489795,6101604.081632679
jid_268644,10.0,9.0,12288,75,43306,43306,43382,JobState.COMPLETED,0.008369742892682552,176.53061224489795,176.53061224489795,162690612.24489796
jid_275462,37934.0,51.0,12,0,44540,44540,44540,JobState.COMPLETED,0.2729927599430084,176.53061224489795,176.53061224489795,0.0
jid_275462,37927.0,51.0,12,0,44540,44540,44540,JobState.COMPLETED,0.27299001812934875,176.53061224489795,176.53061224489795,0.0
jid_275462,37932.0,51.0,12,0,44540,44540,44540,JobState.COMPLETED,0.27299022674560547,176.53061224489795,176.53061224489795,0.0
jid_268667,36706.0,10.0,432,81,44495,44495,44577,JobState.COMPLETED,0.047838956117630005,176.53061224489795,176.53061224489795,6177159.183673469
jid_268669,307.0,9.0,1536,31,44592,44592,44624,JobState.COMPLETED,0.031178703531622887,176.53061224489795,176.53061224489795,8405681.632653061
jid_268707,1014.0,121.0,64,14048,31111,31111,45160,JobState.COMPLETED,0.009557130746543407,176.53061224490344,176.53061224489795,158713730.61224982
jid_268711,175.0,96.0,720,10032,35258,35258,45291,JobState.COMPLETED,0.003366827964782715,142.60503239103357,142.60503239103144,1030041853.1617311
jid_268712,907.0,121.0,64,14494,30860,30860,45355,JobState.COMPLETED,0.009558278135955334,176.5306122449037,176.53061224489795,163752620.40816858
jid_268817,108.0,118.0,16,86,45799,45799,45886,JobState.COMPLETED,0.15352368354797363,119.09802028706498,119.09802028706497,163878.8759150014
jid_268842,36662.0,122.0,50,246,45837,45837,46084,JobState.COMPLETED,0.09384997934103012,118.89179515673665,118.89179515673668,1462369.0804278606
jid_268756,90.0,29.999999999999986,12,32763,14197,14197,46961,JobState.COMPLETED,0.5222542881965637,176.5306122448928,176.53061224489795,69404069.38775308
jid_268767,14657.0,284.0,384,10,47086,47086,47097,JobState.COMPLETED,0.1301148384809494,176.53061224489795,176.53061224489795,677877.5510204082
jid_268774,14657.0,284.0,384,83,47086,47086,47170,JobState.COMPLETED,0.1301148384809494,176.53061224489795,176.53061224489795,5626383.673469387
jid_268777,36712.0,142.0,546,17206,30092,30092,47299,JobState.COMPLETED,0.003038529772311449,176.5306122448956,176.53061224489795,1658412599.9999778
jid_268816,307.0,9.0,24,3,47847,47847,47851,JobState.COMPLETED,0.3596164286136627,176.53061224489795,176.53061224489795,12710.204081632652
jid_269026,794.0,204.0,24,288,48271,48271,48560,JobState.COMPLETED,0.10787905752658844,176.53061224489784,176.53061224489795,1220179.5918367337
jid_269060,794.0,204.0,24,390,48272,48272,48663,JobState.COMPLETED,0.10787905752658844,176.5306122448978,176.53061224489795,1652326.5306122436
jid_268845,307.0,9.0,96,8,48659,48659,48668,JobState.COMPLETED,0.15907254815101624,176.53061224489795,176.53061224489795,135575.51020408163
jid_268867,14657.0,284.0,384,8,49427,49427,49436,JobState.COMPLETED,0.14074058830738068,176.53061224489795,176.53061224489795,542302.0408163265
jid_268871,14657.0,284.0,384,9,49428,49428,49438,JobState.COMPLETED,0.14074058830738068,176.53061224489795,176.53061224489795,610089.7959183673
jid_268881,576.0,144.0,1,1,49514,49514,49516,JobState.COMPLETED,0.8836454153060913,176.53061224489795,176.53061224489795,176.53061224489795
jid_268886,108.0,118.0,16,102,49577,49577,49680,JobState.COMPLETED,0.24915795028209686,125.74113819768863,125.74113819768864,205209.53753862783
jid_268943,36723.0,10.0,1536,148,49576,49576,49725,JobState.COMPLETED,0.022305812686681747,176.53061224489795,176.53061224489795,40130351.02040816
jid_269079,794.0,204.0,24,559,49206,49206,49766,JobState.COMPLETED,0.10443511605262756,176.53061224489775,176.53061224489795,2368334.693877548
jid_269011,34787.0,369.0,1032,38,50185,50185,50224,JobState.COMPLETED,0.010053723119199276,176.53061224489795,176.53061224489795,6922824.489795919
jid_269025,36719.0,230.0,40,21,50390,50390,50412,JobState.COMPLETED,0.09093160182237625,174.71164565961556,174.71164565961556,146757.78235407706
jid_269023,36732.0,68.0,1,30,50441,50441,50472,JobState.COMPLETED,1.3004021644592285,127.65956461483836,127.65956461483836,3829.7869384451506
jid_269023,36732.0,68.0,1,31,50441,50441,50473,JobState.COMPLETED,1.3004021644592285,127.2262336191677,127.2262336191677,3944.013242194199
jid_269023,36732.0,68.0,1,32,50441,50441,50474,JobState.COMPLETED,1.3004021644592285,126.81582728870491,126.81582728870491,4058.106473238557
jid_269023,36732.0,68.0,1,32,50441,50441,50474,JobState.COMPLETED,1.3004021644592285,128.066215072488,128.066215072488,4098.118882319616
jid_269023,36732.0,68.0,1,33,50441,50441,50475,JobState.COMPLETED,1.3004021644592285,128.67468867747266,128.67468867747266,4246.264726356598
jid_269023,36732.0,68.0,1,33,50441,50441,50475,JobState.COMPLETED,1.3004021644592285,128.59618697090875,128.59618697090875,4243.674170039989
jid_269023,36732.0,68.0,1,34,50441,50441,50476,JobState.COMPLETED,1.3004021644592285,127.55253873948342,127.55253873948342,4336.786317142436
jid_269023,36732.0,68.0,1,34,50441,50441,50476,JobState.COMPLETED,1.3004021644592285,127.07986733607667,127.07986733607667,4320.715489426607
jid_269023,36732.0,68.0,1,34,50441,50441,50476,JobState.COMPLETED,1.3004021644592285,128.01572892395632,128.01572892395632,4352.534783414515
jid_269023,36732.0,68.0,1,35,50441,50441,50477,JobState.COMPLETED,1.3004021644592285,126.64096785005194,126.64096785005194,4432.433874751818
jid_269023,36732.0,68.0,1,35,50441,50441,50477,JobState.COMPLETED,1.3004021644592285,127.73004400781429,127.73004400781429,4470.5515402735
jid_269023,36732.0,68.0,1,35,50441,50441,50477,JobState.COMPLETED,1.3004021644592285,128.08727340981068,128.08727340981068,4483.054569343374
jid_269023,36732.0,68.0,1,35,50441,50441,50477,JobState.COMPLETED,1.3004021644592285,127.89986881177514,127.89986881177514,4476.49540841213
jid_269023,36732.0,68.0,1,36,50441,50441,50478,JobState.COMPLETED,1.3004021644592285,126.5151834321191,126.5151834321191,4554.546603556288
jid_269023,36732.0,68.0,1,36,50441,50441,50478,JobState.COMPLETED,1.3004021644592285,127.56883529102873,127.56883529102873,4592.478070477035
jid_269023,36732.0,68.0,1,37,50441,50441,50479,JobState.COMPLETED,1.3004021644592285,127.86463997424029,127.86463997424029,4730.991679046891
jid_269023,36732.0,68.0,1,38,50441,50441,50480,JobState.COMPLETED,1.3004021644592285,125.89838636355987,125.89838636355987,4784.138681815275
jid_269023,36732.0,68.0,1,38,50441,50441,50480,JobState.COMPLETED,1.3004021644592285,125.1422354266271,125.1422354266271,4755.40494621183
jid_269023,36732.0,68.0,1,39,50441,50441,50481,JobState.COMPLETED,1.3004021644592285,124.9783221292856,124.9783221292856,4874.154563042139
jid_269023,36732.0,68.0,1,39,50441,50441,50481,JobState.COMPLETED,1.3004021644592285,126.40701281702553,126.40701281702553,4929.873499863996
jid_269023,36732.0,68.0,1,39,50441,50441,50481,JobState.COMPLETED,1.3004021644592285,124.91046650000685,124.91046650000685,4871.508193500267
jid_269023,36732.0,68.0,1,40,50441,50441,50482,JobState.COMPLETED,1.3004021644592285,125.67377997151377,125.67377997151377,5026.951198860551
jid_269023,36732.0,68.0,1,42,50441,50441,50484,JobState.COMPLETED,1.3004021644592285,123.06700242803518,123.06700242803518,5168.814101977478
jid_269023,36732.0,68.0,1,43,50441,50441,50485,JobState.COMPLETED,1.3004021644592285,124.87313113889934,124.87313113889934,5369.544638972671
jid_269023,36732.0,68.0,1,44,50441,50441,50486,JobState.COMPLETED,1.3004021644592285,125.68093876764445,125.68093876764445,5529.961305776355
jid_269011,34787.0,369.0,1032,541,50182,50182,50724,JobState.COMPLETED,0.010500771924853325,176.53061224489807,176.53061224489795,98559159.18367353
jid_269290,36750.0,10.0,384,284,50872,50872,51157,JobState.COMPLETED,0.045654501765966415,176.53061224489784,176.53061224489795,19251722.44897958
jid_269047,36733.0,116.0,1,0,51326,51326,51327,JobState.COMPLETED,0.7262949347496033,176.53061224489795,176.53061224489795,0.0
jid_269116,794.0,204.0,24,255,51073,51073,51329,JobState.COMPLETED,0.1204814612865448,176.53061224489784,176.53061224489795,1080367.346938775
jid_269069,338.0,147.0,90,335,51097,51097,51433,JobState.COMPLETED,0.06008651480078697,123.31004814466081,123.31004814466087,3717797.951561523
jid_269011,34787.0,369.0,1032,1621,50179,50179,51801,JobState.COMPLETED,0.010053723119199276,176.53061224489858,176.53061224489795,295313118.36734796
jid_269011,34787.0,369.0,1032,1631,50180,50180,51812,JobState.COMPLETED,0.010053723119199276,176.53061224489858,176.53061224489795,297134914.28571534
jid_269011,34787.0,369.0,1032,1661,50179,50179,51841,JobState.COMPLETED,0.010500771924853325,176.53061224489858,176.53061224489795,302600302.0408174
jid_269100,307.0,9.0,3072,24,52111,52111,52136,JobState.COMPLETED,0.014539028517901897,176.53061224489795,176.53061224489795,13015248.979591835
jid_269128,14997.0,147.0,90,552,52114,52114,52667,JobState.COMPLETED,0.05216259881854057,125.34211182405144,125.34211182405143,6226996.1154188765
jid_269158,14997.0,147.0,90,465,52994,52994,53460,JobState.COMPLETED,0.05115070194005966,126.96079608361129,126.9607960836112,5313309.316099132
jid_269160,108.0,118.0,16,79,53466,53466,53546,JobState.COMPLETED,0.2527744472026825,134.4530733865671,134.4530733865671,169948.68476062082
jid_269168,307.0,41.0,24,3,53798,53798,53802,JobState.COMPLETED,0.2528221011161804,176.53061224489795,176.53061224489795,12710.204081632652
jid_269173,307.0,9.0,12,1,53868,53868,53870,JobState.COMPLETED,0.29388511180877686,176.53061224489795,176.53061224489795,2118.3673469387754
jid_269174,307.0,9.0,12,2,53890,53890,53893,JobState.COMPLETED,0.25385183095932007,176.53061224489795,176.53061224489795,4236.734693877551
jid_269182,338.0,147.0,3,15,53889,53889,53905,JobState.COMPLETED,0.21715538203716278,159.8771075204987,159.8771075204987,7194.469838422441
jid_269178,307.0,9.0,24,2,54036,54036,54039,JobState.COMPLETED,0.22745557129383087,176.53061224489795,176.53061224489795,8473.469387755102
jid_269187,307.0,41.0,768,28,54079,54079,54108,JobState.COMPLETED,0.041370585560798645,176.53061224489795,176.53061224489795,3796114.285714286
jid_269202,16670.0,162.0,2,339,53813,53813,54153,JobState.COMPLETED,0.2244003266096115,176.530612244898,176.53061224489795,119687.75510204086
jid_269258,794.0,204.0,24,246,53946,53946,54193,JobState.COMPLETED,0.12207149714231491,176.53061224489784,176.53061224489795,1042236.7346938768
jid_269245,794.0,204.0,24,280,53945,53945,54226,JobState.COMPLETED,0.12207149714231491,176.53061224489784,176.53061224489795,1186285.7142857134
jid_269195,307.0,41.0,768,12,54234,54234,54247,JobState.COMPLETED,0.04065445065498352,176.53061224489795,176.53061224489795,1626906.1224489794
jid_269199,73.0,50.0,16,17,54311,54311,54329,JobState.COMPLETED,0.2775515019893646,176.53061224489795,176.53061224489795,48016.32653061224
jid_269200,108.0,22.0,4,3,54330,54330,54334,JobState.COMPLETED,0.7582577466964722,176.53061224489795,176.53061224489795,2118.3673469387754
jid_269205,108.0,185.0,400,23,54384,54384,54408,JobState.COMPLETED,0.04975377768278122,176.53061224489795,176.53061224489795,1624081.6326530613
jid_269218,1985.0,68.0,1,133,54547,54547,54681,JobState.COMPLETED,0.7588769197463989,138.83051810105056,138.8305181010506,18464.458907439723
jid_269218,1985.0,68.0,1,134,54547,54547,54682,JobState.COMPLETED,0.7588769197463989,138.42114736553953,138.42114736553947,18548.433746982297
jid_269218,1985.0,68.0,1,136,54547,54547,54684,JobState.COMPLETED,0.7588769197463989,138.19882774207755,138.19882774207753,18795.040572922546
jid_269218,1985.0,68.0,1,139,54547,54547,54687,JobState.COMPLETED,0.7588769197463989,138.02936438267687,138.02936438267685,19186.081649192085
jid_269218,1985.0,68.0,1,139,54547,54547,54687,JobState.COMPLETED,0.7588769197463989,138.0689842201055,138.06898422010556,19191.588806594664
jid_269218,1985.0,68.0,1,141,54547,54547,54689,JobState.COMPLETED,0.7588769197463989,138.26426731210677,138.26426731210677,19495.261691007054
jid_269218,1985.0,68.0,1,145,54547,54547,54693,JobState.COMPLETED,0.7588769197463989,138.22905314146465,138.22905314146465,20043.212705512375
jid_269218,1985.0,68.0,1,146,54547,54547,54694,JobState.COMPLETED,0.7588769197463989,137.86120558947715,137.86120558947718,20127.736016063664
jid_269218,1985.0,68.0,1,146,54547,54547,54694,JobState.COMPLETED,0.7588769197463989,138.04591546593753,138.04591546593755,20154.70365802688
jid_269218,1985.0,68.0,1,149,54547,54547,54697,JobState.COMPLETED,0.7588769197463989,137.94117688578083,137.94117688578083,20553.235355981345
jid_269218,1985.0,68.0,1,149,54547,54547,54697,JobState.COMPLETED,0.7588769197463989,138.02600297978714,138.02600297978717,20565.874443988283
jid_269218,1985.0,68.0,1,150,54547,54547,54698,JobState.COMPLETED,0.7588769197463989,137.82196880677455,137.82196880677455,20673.295321016183
jid_269218,1985.0,68.0,1,151,54547,54547,54699,JobState.COMPLETED,0.7588769197463989,138.1813218445007,138.18132184450073,20865.379598519605
jid_269218,1985.0,68.0,1,151,54547,54547,54699,JobState.COMPLETED,0.7588769197463989,138.1211844438585,138.1211844438585,20856.298851022635
jid_269218,1985.0,68.0,1,151,54547,54547,54699,JobState.COMPLETED,0.7588769197463989,138.19520641747096,138.19520641747098,20867.476169038113
jid_269218,1985.0,68.0,1,152,54547,54547,54700,JobState.COMPLETED,0.7588769197463989,137.86876949209267,137.8687694920926,20956.052962798087
jid_269218,1985.0,68.0,1,155,54547,54547,54703,JobState.COMPLETED,0.7588769197463989,136.7936118075115,136.7936118075115,21203.009830164283
jid_269218,1985.0,68.0,1,155,54547,54547,54703,JobState.COMPLETED,0.7588769197463989,134.5542818413783,134.5542818413783,20855.913685413638
jid_269218,1985.0,68.0,1,159,54547,54547,54707,JobState.COMPLETED,0.7588769197463989,136.0734230460657,136.0734230460657,21635.674264324447
jid_269218,1985.0,68.0,1,162,54547,54547,54710,JobState.COMPLETED,0.7588769197463989,133.6356110451034,133.63561104510342,21648.968989306748
jid_269218,1985.0,68.0,1,164,54547,54547,54712,JobState.COMPLETED,0.7588769197463989,134.63610874243116,134.63610874243116,22080.32183375871
jid_269218,1985.0,68.0,1,165,54547,54547,54713,JobState.COMPLETED,0.7588769197463989,134.44285837764508,134.4428583776451,22183.07163231144
jid_269218,1985.0,68.0,1,169,54547,54547,54717,JobState.COMPLETED,0.7588769197463989,133.97089198110942,133.97089198110945,22641.080744807492
jid_269218,1985.0,68.0,1,170,54547,54547,54718,JobState.COMPLETED,0.7588769197463989,133.86618281654046,133.86618281654046,22757.251078811878
jid_269218,1985.0,68.0,1,172,54547,54547,54720,JobState.COMPLETED,0.7588769197463989,134.00122039147647,134.00122039147647,23048.209907333952
jid_269222,73.0,50.0,96,13,54734,54734,54748,JobState.COMPLETED,0.0779760330915451,176.53061224489795,176.53061224489795,220310.20408163263
jid_269223,108.0,118.0,16,86,54698,54698,54785,JobState.COMPLETED,0.255285382270813,144.68934842547478,144.68934842547478,199092.5434334533
jid_269237,36651.0,31.999999999999986,40,592,54200,54200,54793,JobState.COMPLETED,0.11832031607627869,152.63062434170132,152.63062434170124,3614293.1844114875
jid_269241,126.0,226.0,512,86,55057,55057,55144,JobState.COMPLETED,0.04394154250621796,176.53061224489795,176.53061224489795,7772995.918367347
jid_269242,985.0,185.0,400,21,55139,55139,55161,JobState.COMPLETED,0.03677073121070862,176.53061224489795,176.53061224489795,1482857.1428571427
jid_269244,307.0,41.0,3072,15,55152,55152,55168,JobState.COMPLETED,0.019362015649676323,176.53061224489795,176.53061224489795,8134530.612244898
jid_269257,307.0,41.0,3072,24,55350,55350,55375,JobState.COMPLETED,0.01936560496687889,176.53061224489795,176.53061224489795,13015248.979591835
jid_269268,108.0,118.0,16,87,55333,55333,55421,JobState.COMPLETED,0.25112783908843994,127.95113714663083,127.95113714663083,178107.9829081101
jid_269265,305.0,87.0,16,3,55458,55458,55462,JobState.COMPLETED,0.30892881751060486,176.53061224489795,176.53061224489795,8473.469387755102
jid_269276,14822.0,126.0,1,0,55593,55593,55593,JobState.COMPLETED,0.48062822222709656,176.53061224489795,176.53061224489795,0.0
jid_269281,307.0,41.0,1536,8,55638,55638,55647,JobState.COMPLETED,0.029757676646113396,176.53061224489795,176.53061224489795,2169208.163265306
jid_269286,108.0,118.0,16,84,55654,55654,55739,JobState.COMPLETED,0.25249922275543213,124.63791370391775,124.63791370391772,167513.35601806545
jid_269289,16670.0,162.0,2,307,55514,55514,55822,JobState.COMPLETED,0.43085330724716187,176.53061224489798,176.53061224489795,108389.79591836737
jid_269423,794.0,204.0,24,263,55774,55774,56038,JobState.COMPLETED,0.12192933261394501,176.53061224489784,176.53061224489795,1114261.224489795
jid_269315,307.0,41.0,48,4,56099,56099,56104,JobState.COMPLETED,0.18232767283916473,176.53061224489795,176.53061224489795,33893.87755102041
jid_269327,301.0,168.0,1,17,56242,56242,56260,JobState.COMPLETED,0.6781306266784668,176.53061224489795,176.53061224489795,3001.020408163265
jid_269479,794.0,204.0,24,241,56053,56053,56295,JobState.COMPLETED,0.12192673981189728,176.53061224489784,176.53061224489795,1021053.061224489
jid_269483,794.0,204.0,24,247,56053,56053,56301,JobState.COMPLETED,0.12192673981189728,176.53061224489784,176.53061224489795,1046473.4693877543
jid_269340,307.0,41.0,48,5,56370,56370,56376,JobState.COMPLETED,0.18224699795246124,176.53061224489795,176.53061224489795,42367.34693877551
jid_269413,34.0,137.0,64,5,56465,56465,56471,JobState.COMPLETED,0.04107407480478287,176.53061224489795,176.53061224489795,56489.795918367345
jid_269369,307.0,41.0,48,5,56558,56558,56564,JobState.COMPLETED,0.18170954287052155,176.53061224489795,176.53061224489795,42367.34693877551
jid_269357,108.0,22.0,4,2,56570,56570,56573,JobState.COMPLETED,0.8215982913970947,176.53061224489795,176.53061224489795,1412.2448979591836
jid_269374,16670.0,162.0,2,317,56550,56550,56868,JobState.COMPLETED,0.4287663698196411,176.53061224489798,176.53061224489795,111920.40816326533
jid_269378,301.0,168.0,1,19,56925,56925,56945,JobState.COMPLETED,0.6658028364181519,176.53061224489795,176.53061224489795,3354.081632653061
jid_269379,307.0,41.0,48,5,56972,56972,56978,JobState.COMPLETED,0.17887422442436218,176.53061224489795,176.53061224489795,42367.34693877551
jid_269385,307.0,41.0,48,3,57028,57028,57032,JobState.COMPLETED,0.17890729010105133,176.53061224489795,176.53061224489795,25420.408163265303
jid_269392,307.0,41.0,96,6,57159,57159,57166,JobState.COMPLETED,0.08034080266952515,176.53061224489795,176.53061224489795,101681.63265306121
jid_269418,307.0,41.0,96,5,57265,57265,57271,JobState.COMPLETED,0.08037571609020233,176.53061224489795,176.53061224489795,84734.69387755102
jid_269420,307.0,41.0,96,4,57266,57266,57271,JobState.COMPLETED,0.08037571609020233,176.53061224489795,176.53061224489795,67787.75510204081
jid_269404,14822.0,126.0,1,0,57375,57375,57376,JobState.COMPLETED,0.4943278729915619,176.53061224489795,176.53061224489795,0.0
jid_269568,36753.0,84.0,1,21,57604,57604,57626,JobState.COMPLETED,0.7302440404891968,176.53061224489795,176.53061224489795,3707.142857142857
jid_269470,307.0,41.0,96,5,57927,57927,57933,JobState.COMPLETED,0.0839095413684845,176.53061224489795,176.53061224489795,84734.69387755102
jid_269473,307.0,41.0,96,5,57928,57928,57934,JobState.COMPLETED,0.0839095413684845,176.53061224489795,176.53061224489795,84734.69387755102
jid_269484,391.0,162.0,16,6,58155,58155,58162,JobState.COMPLETED,0.08913029730319977,176.53061224489795,176.53061224489795,16946.938775510203
jid_269494,307.0,41.0,192,7,58339,58339,58347,JobState.COMPLETED,0.06107816472649574,176.53061224489795,176.53061224489795,237257.14285714287
jid_269639,794.0,204.0,24,264,58568,58568,58833,JobState.COMPLETED,0.12137792259454727,176.53061224489784,176.53061224489795,1118497.959183673
jid_269657,794.0,204.0,24,284,58569,58569,58854,JobState.COMPLETED,0.12137792259454727,176.53061224489784,176.53061224489795,1203232.6530612237
jid_269544,126.0,226.0,512,87,59378,59378,59466,JobState.COMPLETED,0.02826262079179287,176.53061224489795,176.53061224489795,7863379.591836735
jid_269569,108.0,118.0,16,19,59542,59542,59562,JobState.COMPLETED,0.2505347430706024,176.53061224489795,176.53061224489795,53665.30612244898
jid_269661,794.0,204.0,24,258,59484,59484,59743,JobState.COMPLETED,0.12043458968400955,176.53061224489784,176.53061224489795,1093077.5510204074
jid_269577,1985.0,68.0,1,139,59710,59710,59850,JobState.COMPLETED,0.7816261053085327,137.5973384949532,137.5973384949532,19126.030050798494
jid_269577,1985.0,68.0,1,143,59710,59710,59854,JobState.COMPLETED,0.7816261053085327,138.8709489859141,138.87094898591414,19858.545704985718
jid_269577,1985.0,68.0,1,143,59710,59710,59854,JobState.COMPLETED,0.7816261053085327,137.0521740899246,137.05217408992462,19598.460894859218
jid_269577,1985.0,68.0,1,143,59710,59710,59854,JobState.COMPLETED,0.7816261053085327,137.05438795677307,137.05438795677304,19598.77747781855
jid_269577,1985.0,68.0,1,144,59710,59710,59855,JobState.COMPLETED,0.7816261053085327,138.65906585172795,138.65906585172795,19966.905482648825
jid_269577,1985.0,68.0,1,145,59710,59710,59856,JobState.COMPLETED,0.7816261053085327,138.21366557845295,138.21366557845295,20040.981508875677
jid_269577,1985.0,68.0,1,146,59710,59710,59857,JobState.COMPLETED,0.7816261053085327,138.16510248682832,138.1651024868283,20172.104963076934
jid_269577,1985.0,68.0,1,147,59710,59710,59858,JobState.COMPLETED,0.7816261053085327,137.85848229916976,137.8584822991698,20265.196897977956
jid_269577,1985.0,68.0,1,147,59710,59710,59858,JobState.COMPLETED,0.7816261053085327,137.88279279864815,137.88279279864818,20268.770541401278
jid_269577,1985.0,68.0,1,148,59710,59710,59859,JobState.COMPLETED,0.7816261053085327,137.64697473844984,137.64697473844979,20371.752261290578
jid_269577,1985.0,68.0,1,148,59710,59710,59859,JobState.COMPLETED,0.7816261053085327,137.69218573665188,137.69218573665182,20378.443489024477
jid_269577,1985.0,68.0,1,149,59710,59710,59860,JobState.COMPLETED,0.7816261053085327,137.50107211032238,137.50107211032235,20487.659744438035
jid_269577,1985.0,68.0,1,149,59710,59710,59860,JobState.COMPLETED,0.7816261053085327,137.78903802075249,137.7890380207525,20530.56666509212
jid_269577,1985.0,68.0,1,150,59710,59710,59861,JobState.COMPLETED,0.7816261053085327,137.208496624852,137.20849662485202,20581.274493727797
jid_269577,1985.0,68.0,1,150,59710,59710,59861,JobState.COMPLETED,0.7816261053085327,137.43344150764344,137.4334415076434,20615.016226146516
jid_269577,1985.0,68.0,1,151,59710,59710,59862,JobState.COMPLETED,0.7816261053085327,137.18332297226146,137.18332297226144,20714.681768811482
jid_269577,1985.0,68.0,1,152,59710,59710,59863,JobState.COMPLETED,0.7816261053085327,136.75818357128355,136.75818357128355,20787.2439028351
jid_269577,1985.0,68.0,1,152,59710,59710,59863,JobState.COMPLETED,0.7816261053085327,136.82767431119643,136.82767431119643,20797.80649530186
jid_269577,1985.0,68.0,1,155,59710,59710,59866,JobState.COMPLETED,0.7816261053085327,136.17243720924623,136.17243720924623,21106.727767433164
jid_269577,1985.0,68.0,1,160,59710,59710,59871,JobState.COMPLETED,0.7816261053085327,135.25300236448192,135.2530023644819,21640.48037831711
jid_269577,1985.0,68.0,1,161,59710,59710,59872,JobState.COMPLETED,0.7816261053085327,135.12396584458426,135.12396584458423,21754.958500978068
jid_269577,1985.0,68.0,1,163,59710,59710,59874,JobState.COMPLETED,0.7816261053085327,134.71746794566482,134.71746794566485,21958.947275143368
jid_269577,1985.0,68.0,1,172,59710,59710,59883,JobState.COMPLETED,0.7816261053085327,133.3422962328123,133.34229623281232,22934.874952043712
jid_269695,338.0,147.0,225,507,59561,59561,60069,JobState.COMPLETED,0.03482593595981598,120.28676650528972,120.28676650528969,13721712.889090925
jid_269652,36785.0,84.0,1,0,60242,60242,60243,JobState.COMPLETED,0.9011529088020325,176.53061224489795,176.53061224489795,0.0
jid_269664,576.0,144.0,1,1,60336,60336,60338,JobState.COMPLETED,0.80547034740448,176.53061224489795,176.53061224489795,176.53061224489795
jid_269672,126.0,226.0,512,86,60268,60268,60355,JobState.COMPLETED,0.0216353889554739,176.53061224489795,176.53061224489795,7772995.918367347
jid_269671,1985.0,68.0,1,140,60270,60270,60411,JobState.COMPLETED,0.7859375476837158,138.1504449828515,138.15044498285152,19341.06229759921
jid_269671,1985.0,68.0,1,149,60270,60270,60420,JobState.COMPLETED,0.7859375476837158,136.2983714142751,136.29837141427504,20308.45734072699
jid_269671,1985.0,68.0,1,153,60270,60270,60424,JobState.COMPLETED,0.7859375476837158,135.67242944860078,135.6724294486008,20757.88170563592
jid_269671,1985.0,68.0,1,155,60270,60270,60426,JobState.COMPLETED,0.7859375476837158,137.06696783684967,137.06696783684967,21245.3800147117
jid_269671,1985.0,68.0,1,156,60270,60270,60427,JobState.COMPLETED,0.7859375476837158,135.96641094153068,135.96641094153063,21210.760106878788
jid_269671,1985.0,68.0,1,157,60270,60270,60428,JobState.COMPLETED,0.7859375476837158,136.30739865417166,136.3073986541716,21400.26158870495
jid_269671,1985.0,68.0,1,158,60270,60270,60429,JobState.COMPLETED,0.7859375476837158,136.01497575764523,136.0149757576452,21490.366169707948
jid_269671,1985.0,68.0,1,158,60270,60270,60429,JobState.COMPLETED,0.7859375476837158,135.71723396212084,135.71723396212084,21443.322966015094
jid_269671,1985.0,68.0,1,159,60270,60270,60430,JobState.COMPLETED,0.7859375476837158,135.99420185641318,135.99420185641318,21623.078095169698
jid_269671,1985.0,68.0,1,159,60270,60270,60430,JobState.COMPLETED,0.7859375476837158,135.7669162272764,135.7669162272764,21586.939680136948
jid_269671,1985.0,68.0,1,159,60270,60270,60430,JobState.COMPLETED,0.7859375476837158,135.70395302235286,135.70395302235286,21576.928530554105
jid_269671,1985.0,68.0,1,159,60270,60270,60430,JobState.COMPLETED,0.7859375476837158,135.95010342875938,135.95010342875938,21616.066445172743
jid_269671,1985.0,68.0,1,160,60270,60270,60431,JobState.COMPLETED,0.7859375476837158,136.16850643617974,136.1685064361797,21786.96102978876
jid_269671,1985.0,68.0,1,160,60270,60270,60431,JobState.COMPLETED,0.7859375476837158,135.88292161970642,135.88292161970642,21741.267459153027
jid_269671,1985.0,68.0,1,161,60270,60270,60432,JobState.COMPLETED,0.7859375476837158,136.08238912454223,136.0823891245422,21909.2646490513
jid_269671,1985.0,68.0,1,163,60270,60270,60434,JobState.COMPLETED,0.7859375476837158,136.16831633574296,136.16831633574296,22195.435562726103
jid_269671,1985.0,68.0,1,163,60270,60270,60434,JobState.COMPLETED,0.7859375476837158,136.11736387888212,136.11736387888212,22187.130312257785
jid_269671,1985.0,68.0,1,164,60270,60270,60435,JobState.COMPLETED,0.7859375476837158,135.54204080548175,135.54204080548175,22228.894692099006
jid_269671,1985.0,68.0,1,164,60270,60270,60435,JobState.COMPLETED,0.7859375476837158,135.64598973402593,135.64598973402587,22245.942316380253
jid_269671,1985.0,68.0,1,167,60270,60270,60438,JobState.COMPLETED,0.7859375476837158,135.00895959405537,135.00895959405537,22546.496252207246
jid_269671,1985.0,68.0,1,167,60270,60270,60438,JobState.COMPLETED,0.7859375476837158,134.9431184851073,134.94311848510728,22535.50078701292
jid_269671,1985.0,68.0,1,173,60270,60270,60444,JobState.COMPLETED,0.7859375476837158,133.5558504111446,133.55585041114466,23105.162121128018
jid_269671,1985.0,68.0,1,176,60270,60270,60447,JobState.COMPLETED,0.7859375476837158,133.07840767026633,133.07840767026633,23421.799749966875
jid_269605,999.0,31.999999999999986,640,616,59899,59899,60516,JobState.COMPLETED,0.007416959386318922,152.06462608702958,152.06462608702947,59949958.18855054
jid_269692,794.0,204.0,24,257,60400,60400,60658,JobState.COMPLETED,0.11495533585548401,176.53061224489784,176.53061224489795,1088840.8163265297
jid_269680,116.0,68.0,1,177,60498,60498,60676,JobState.COMPLETED,1.032637596130371,130.74685654535,130.74685654534997,23142.193608526948
jid_269680,116.0,68.0,1,178,60498,60498,60677,JobState.COMPLETED,1.032637596130371,131.94534980242298,131.94534980242298,23486.272264831292
jid_269680,116.0,68.0,1,179,60498,60498,60678,JobState.COMPLETED,1.032637596130371,130.47754391920915,130.47754391920918,23355.480361538437
jid_269680,116.0,68.0,1,188,60498,60498,60687,JobState.COMPLETED,1.032637596130371,130.76639894989134,130.76639894989134,24584.083002579573
jid_269680,116.0,68.0,1,188,60498,60498,60687,JobState.COMPLETED,1.032637596130371,130.89009011238412,130.8900901123841,24607.336941128215
jid_269680,116.0,68.0,1,188,60498,60498,60687,JobState.COMPLETED,1.032637596130371,130.68328615726202,130.68328615726202,24568.45779756526
jid_269680,116.0,68.0,1,189,60498,60498,60688,JobState.COMPLETED,1.032637596130371,130.4929642724442,130.49296427244423,24663.170247491955
jid_269680,116.0,68.0,1,189,60498,60498,60688,JobState.COMPLETED,1.032637596130371,130.85512239613053,130.85512239613053,24731.61813286867
jid_269680,116.0,68.0,1,189,60498,60498,60688,JobState.COMPLETED,1.032637596130371,130.7070037665032,130.7070037665032,24703.623711869102
jid_269680,116.0,68.0,1,190,60498,60498,60689,JobState.COMPLETED,1.032637596130371,130.59826713734626,130.59826713734623,24813.670756095788
jid_269680,116.0,68.0,1,190,60498,60498,60689,JobState.COMPLETED,1.032637596130371,130.71282397605006,130.71282397605012,24835.436555449513
jid_269680,116.0,68.0,1,191,60498,60498,60690,JobState.COMPLETED,1.032637596130371,130.51806648663086,130.51806648663086,24928.950698946494
jid_269680,116.0,68.0,1,192,60498,60498,60691,JobState.COMPLETED,1.032637596130371,130.7146108861521,130.7146108861521,25097.205290141203
jid_269680,116.0,68.0,1,192,60498,60498,60691,JobState.COMPLETED,1.032637596130371,130.26565743191514,130.26565743191514,25011.006226927708
jid_269680,116.0,68.0,1,194,60498,60498,60693,JobState.COMPLETED,1.032637596130371,130.4861910386607,130.48619103866065,25314.321061500177
jid_269680,116.0,68.0,1,199,60498,60498,60698,JobState.COMPLETED,1.032637596130371,129.74750211606457,129.74750211606457,25819.75292109685
jid_269680,116.0,68.0,1,199,60498,60498,60698,JobState.COMPLETED,1.032637596130371,129.8698735012278,129.8698735012278,25844.104826744333
jid_269680,116.0,68.0,1,200,60498,60498,60699,JobState.COMPLETED,1.032637596130371,129.7573127021095,129.75731270210946,25951.462540421897
jid_269680,116.0,68.0,1,201,60498,60498,60700,JobState.COMPLETED,1.032637596130371,129.53367866617313,129.5336786661731,26036.2694119008
jid_269680,116.0,68.0,1,202,60498,60498,60701,JobState.COMPLETED,1.032637596130371,129.50300827236921,129.5030082723692,26159.60767101858
jid_269680,116.0,68.0,1,204,60498,60498,60703,JobState.COMPLETED,1.032637596130371,130.11353997316687,130.11353997316684,26543.162154526042
jid_269680,116.0,68.0,1,210,60498,60498,60709,JobState.COMPLETED,1.032637596130371,128.93099485658922,128.93099485658922,27075.508919883738
jid_269707,161.0,86.0,4,209,60802,60802,61012,JobState.COMPLETED,0.3280417025089264,176.5306122448979,176.53061224489795,147579.59183673465
jid_269719,364.0,404.0,16,75,61011,61011,61087,JobState.COMPLETED,0.08845388144254684,129.4311989604178,129.43119896041782,155317.43875250136
jid_270798,1434.0000000000018,86.0,128,306,61012,61012,61319,JobState.COMPLETED,0.04000011086463928,176.53061224489798,176.53061224489795,6914351.020408164
jid_269728,1985.0,68.0,1,152,61189,61189,61342,JobState.COMPLETED,0.7876518964767456,136.71768049543226,136.7176804954323,20781.087435305704
jid_269728,1985.0,68.0,1,152,61189,61189,61342,JobState.COMPLETED,0.7876518964767456,136.78053277727642,136.78053277727642,20790.640982146015
jid_269728,1985.0,68.0,1,152,61189,61189,61342,JobState.COMPLETED,0.7876518964767456,136.83719436645492,136.83719436645492,20799.253543701147
jid_269728,1985.0,68.0,1,153,61189,61189,61343,JobState.COMPLETED,0.7876518964767456,136.67403411483858,136.67403411483858,20911.127219570302
jid_269728,1985.0,68.0,1,153,61189,61189,61343,JobState.COMPLETED,0.7876518964767456,136.67076919718141,136.67076919718136,20910.627687168755
jid_269728,1985.0,68.0,1,154,61189,61189,61344,JobState.COMPLETED,0.7876518964767456,136.512248487981,136.512248487981,21022.886267149075
jid_269728,1985.0,68.0,1,154,61189,61189,61344,JobState.COMPLETED,0.7876518964767456,136.25385429137617,136.25385429137611,20983.09356087193
jid_269728,1985.0,68.0,1,154,61189,61189,61344,JobState.COMPLETED,0.7876518964767456,136.51916607202264,136.5191660720226,21023.951575091487
jid_269728,1985.0,68.0,1,154,61189,61189,61344,JobState.COMPLETED,0.7876518964767456,136.38770853366938,136.38770853366935,21003.707114185087
jid_269728,1985.0,68.0,1,154,61189,61189,61344,JobState.COMPLETED,0.7876518964767456,136.57649387227622,136.57649387227625,21032.78005633054
jid_269728,1985.0,68.0,1,154,61189,61189,61344,JobState.COMPLETED,0.7876518964767456,136.2311646289438,136.2311646289438,20979.59935285734
jid_269728,1985.0,68.0,1,155,61189,61189,61345,JobState.COMPLETED,0.7876518964767456,136.30505731479818,136.30505731479815,21127.283883793716
jid_269728,1985.0,68.0,1,155,61189,61189,61345,JobState.COMPLETED,0.7876518964767456,136.2317007009911,136.23170070099115,21115.91360865362
jid_269728,1985.0,68.0,1,155,61189,61189,61345,JobState.COMPLETED,0.7876518964767456,136.36056523163984,136.36056523163984,21135.887610904174
jid_269728,1985.0,68.0,1,156,61189,61189,61346,JobState.COMPLETED,0.7876518964767456,136.63453943618217,136.63453943618214,21314.988152044418
jid_269728,1985.0,68.0,1,156,61189,61189,61346,JobState.COMPLETED,0.7876518964767456,136.10192448768572,136.10192448768575,21231.900220078973
jid_269728,1985.0,68.0,1,156,61189,61189,61346,JobState.COMPLETED,0.7876518964767456,136.69693505537683,136.69693505537683,21324.721868638786
jid_269728,1985.0,68.0,1,156,61189,61189,61346,JobState.COMPLETED,0.7876518964767456,136.50454667804382,136.50454667804377,21294.709281774838
jid_269728,1985.0,68.0,1,156,61189,61189,61346,JobState.COMPLETED,0.7876518964767456,136.64518695065337,136.64518695065334,21316.649164301925
jid_269728,1985.0,68.0,1,156,61189,61189,61346,JobState.COMPLETED,0.7876518964767456,136.43004765968723,136.4300476596872,21283.08743491121
jid_269728,1985.0,68.0,1,157,61189,61189,61347,JobState.COMPLETED,0.7876518964767456,135.9450128268591,135.94501282685914,21343.36701381688
jid_269728,1985.0,68.0,1,158,61189,61189,61348,JobState.COMPLETED,0.7876518964767456,136.25409259477095,136.2540925947709,21528.14662997381
jid_269735,108.0,22.0,4,2,61476,61476,61479,JobState.COMPLETED,0.888622522354126,176.53061224489795,176.53061224489795,1412.2448979591836
jid_271341,1434.0000000000018,86.0,384,462,61028,61028,61491,JobState.COMPLETED,0.022994913160800934,176.5306122448978,176.53061224489795,31317942.85714283
jid_278974,34595.0,104.0,192,223,61660,61660,61884,JobState.COMPLETED,0.03785289451479912,176.53061224489787,176.53061224489795,7558334.693877548
jid_270858,37211.0,104.0,384,229,61660,61660,61890,JobState.COMPLETED,0.025909703224897385,176.53061224489787,176.53061224489795,15523395.91836734
jid_270882,37212.0,104.0,384,227,61663,61663,61891,JobState.COMPLETED,0.025991156697273254,176.53061224489787,176.53061224489795,15387820.408163257
jid_270932,34595.0,104.0,192,224,61669,61669,61894,JobState.COMPLETED,0.0373927541077137,176.53061224489787,176.53061224489795,7592228.571428567
jid_270873,37224.0,104.0,384,233,61663,61663,61897,JobState.COMPLETED,0.02578229084610939,176.53061224489787,176.53061224489795,15794546.938775502
jid_271001,37212.0,104.0,384,228,61672,61672,61901,JobState.COMPLETED,0.026274051517248154,176.53061224489787,176.53061224489795,15455608.163265299
jid_271002,37214.0,104.0,384,231,61672,61672,61904,JobState.COMPLETED,0.02647361531853676,176.53061224489787,176.53061224489795,15658971.42857142
jid_270985,37211.0,104.0,384,230,61673,61673,61904,JobState.COMPLETED,0.026013964787125587,176.53061224489787,176.53061224489795,15591183.67346938
jid_270876,37209.0,104.0,384,242,61662,61662,61905,JobState.COMPLETED,0.025856809690594673,176.53061224489784,176.53061224489795,16404636.734693866
jid_270939,37210.0,104.0,384,237,61668,61668,61906,JobState.COMPLETED,0.025856804102659225,176.53061224489787,176.53061224489795,16065697.959183663
jid_271524,37258.0,104.0,384,236,61671,61671,61908,JobState.COMPLETED,0.026188809424638748,176.53061224489787,176.53061224489795,15997910.204081625
jid_271051,34595.0,104.0,192,227,61683,61683,61911,JobState.COMPLETED,0.0373927541077137,176.53061224489787,176.53061224489795,7693910.2040816285
jid_271022,37211.0,104.0,384,235,61677,61677,61913,JobState.COMPLETED,0.026013964787125587,176.53061224489787,176.53061224489795,15930122.448979583
jid_270958,37216.0,104.0,384,244,61669,61669,61914,JobState.COMPLETED,0.026484204456210136,176.53061224489784,176.53061224489795,16540212.244897949
jid_271076,34588.0,104.0,192,232,61681,61681,61914,JobState.COMPLETED,0.03767747804522514,176.53061224489787,176.53061224489795,7863379.59183673
jid_271116,3018.0,104.0,384,232,61681,61681,61914,JobState.COMPLETED,0.026478568091988564,176.53061224489787,176.53061224489795,15726759.18367346
jid_271061,13967.0,104.0,384,238,61677,61677,61916,JobState.COMPLETED,0.026493145152926445,176.53061224489787,176.53061224489795,16133485.714285707
jid_271063,37220.0,104.0,384,235,61680,61680,61916,JobState.COMPLETED,0.026370787993073463,176.53061224489787,176.53061224489795,15930122.448979583
jid_271095,37214.0,104.0,384,234,61681,61681,61916,JobState.COMPLETED,0.02647361531853676,176.53061224489787,176.53061224489795,15862334.693877544
jid_270957,37220.0,104.0,384,245,61671,61671,61917,JobState.COMPLETED,0.026370787993073463,176.53061224489784,176.53061224489795,16607999.999999989
jid_271008,34601.0,104.0,384,246,61671,61671,61918,JobState.COMPLETED,0.026448402553796768,176.53061224489784,176.53061224489795,16675787.75510203
jid_271098,37211.0,104.0,384,230,61687,61687,61918,JobState.COMPLETED,0.026013964787125587,176.53061224489787,176.53061224489795,15591183.67346938
jid_271180,37212.0,104.0,384,228,61690,61690,61919,JobState.COMPLETED,0.026274051517248154,176.53061224489787,176.53061224489795,15455608.163265299
jid_271087,37210.0,104.0,384,239,61681,61681,61921,JobState.COMPLETED,0.026018936187028885,176.53061224489787,176.53061224489795,16201273.469387747
jid_271138,37214.0,104.0,384,234,61686,61686,61921,JobState.COMPLETED,0.02647361531853676,176.53061224489787,176.53061224489795,15862334.693877544
jid_271118,34595.0,104.0,192,229,61692,61692,61922,JobState.COMPLETED,0.0373927541077137,176.53061224489787,176.53061224489795,7761697.95918367
jid_271183,37214.0,104.0,384,233,61690,61690,61924,JobState.COMPLETED,0.02647361531853676,176.53061224489787,176.53061224489795,15794546.938775502
jid_271157,34595.0,104.0,192,227,61696,61696,61924,JobState.COMPLETED,0.0373927541077137,176.53061224489787,176.53061224489795,7693910.2040816285
jid_270918,37222.0,104.0,384,259,61665,61665,61925,JobState.COMPLETED,0.025819003582000732,176.53061224489784,176.53061224489795,17557028.57142856
jid_271084,37230.0,104.0,384,246,61678,61678,61925,JobState.COMPLETED,0.026370666921138763,176.53061224489784,176.53061224489795,16675787.75510203
jid_278978,37225.0,104.0,384,265,61662,61662,61928,JobState.COMPLETED,0.025742216035723686,176.53061224489784,176.53061224489795,17963755.102040805
jid_271154,34601.0,104.0,384,244,61685,61685,61930,JobState.COMPLETED,0.026448402553796768,176.53061224489784,176.53061224489795,16540212.244897949
jid_271250,37221.0,104.0,384,228,61701,61701,61930,JobState.COMPLETED,0.026372728869318962,176.53061224489787,176.53061224489795,15455608.163265299
jid_270866,37219.0,104.0,384,269,61661,61661,61931,JobState.COMPLETED,0.025799324735999107,176.53061224489784,176.53061224489795,18234906.122448966
jid_271144,37213.0,104.0,384,238,61692,61692,61931,JobState.COMPLETED,0.026125922799110413,176.53061224489787,176.53061224489795,16133485.714285707
jid_271203,37219.0,104.0,384,233,61697,61697,61931,JobState.COMPLETED,0.026300059631466866,176.53061224489787,176.53061224489795,15794546.938775502
jid_271072,37227.0,104.0,384,253,61678,61678,61932,JobState.COMPLETED,0.026386836543679237,176.53061224489784,176.53061224489795,17150302.040816315
jid_271209,13969.0,104.0,384,241,61691,61691,61933,JobState.COMPLETED,0.026504945009946823,176.53061224489784,176.53061224489795,16336848.979591824
jid_271031,37231.0,104.0,384,259,61675,61675,61935,JobState.COMPLETED,0.02637985534965992,176.53061224489784,176.53061224489795,17557028.57142856
jid_271168,3040.0,104.0,384,249,61685,61685,61935,JobState.COMPLETED,0.026459146291017532,176.53061224489784,176.53061224489795,16879151.020408154
jid_271635,37258.0,104.0,384,240,61694,61694,61935,JobState.COMPLETED,0.026188809424638748,176.53061224489784,176.53061224489795,16269061.224489786
jid_278984,37226.0,104.0,384,274,61661,61661,61936,JobState.COMPLETED,0.02574288658797741,176.53061224489784,176.53061224489795,18573844.89795917
jid_271287,13969.0,104.0,384,235,61700,61700,61936,JobState.COMPLETED,0.026504945009946823,176.53061224489787,176.53061224489795,15930122.448979583
jid_271077,37222.0,104.0,384,258,61678,61678,61937,JobState.COMPLETED,0.026389924809336662,176.53061224489784,176.53061224489795,17489240.816326518
jid_271215,37222.0,104.0,384,244,61692,61692,61937,JobState.COMPLETED,0.026389924809336662,176.53061224489784,176.53061224489795,16540212.244897949
jid_271212,37226.0,104.0,384,243,61693,61693,61937,JobState.COMPLETED,0.02638399228453636,176.53061224489784,176.53061224489795,16472424.489795908
jid_271083,34602.0,104.0,384,260,61677,61677,61938,JobState.COMPLETED,0.026498068124055862,176.53061224489784,176.53061224489795,17624816.3265306
jid_270912,37226.0,104.0,384,273,61665,61665,61939,JobState.COMPLETED,0.02574288658797741,176.53061224489784,176.53061224489795,18506057.14285713
jid_271079,37228.0,104.0,384,260,61678,61678,61939,JobState.COMPLETED,0.026381846517324448,176.53061224489784,176.53061224489795,17624816.3265306
jid_271110,37218.0,104.0,384,257,61681,61681,61939,JobState.COMPLETED,0.026502283290028572,176.53061224489784,176.53061224489795,17421453.061224476
jid_271204,37211.0,104.0,384,237,61701,61701,61939,JobState.COMPLETED,0.026013964787125587,176.53061224489787,176.53061224489795,16065697.959183663
jid_270911,3040.0,104.0,384,278,61662,61662,61941,JobState.COMPLETED,0.025937961414456367,176.53061224489784,176.53061224489795,18844995.918367334
jid_270903,37219.0,104.0,384,274,61666,61666,61941,JobState.COMPLETED,0.025799324735999107,176.53061224489784,176.53061224489795,18573844.89795917
jid_271527,37256.0,104.0,384,271,61670,61670,61942,JobState.COMPLETED,0.02608047053217888,176.53061224489784,176.53061224489795,18370481.63265305
jid_271197,37215.0,104.0,384,249,61692,61692,61942,JobState.COMPLETED,0.02648422122001648,176.53061224489784,176.53061224489795,16879151.020408154
jid_271505,37257.0,104.0,384,277,61666,61666,61944,JobState.COMPLETED,0.02629796788096428,176.53061224489784,176.53061224489795,18777208.163265295
jid_271590,37256.0,104.0,384,259,61684,61684,61944,JobState.COMPLETED,0.02608047053217888,176.53061224489784,176.53061224489795,17557028.57142856
jid_271609,37258.0,104.0,384,254,61689,61689,61944,JobState.COMPLETED,0.026188809424638748,176.53061224489784,176.53061224489795,17218089.795918357
jid_271175,37222.0,104.0,384,257,61687,61687,61945,JobState.COMPLETED,0.026389924809336662,176.53061224489784,176.53061224489795,17421453.061224476
jid_271122,3040.0,104.0,384,265,61680,61680,61946,JobState.COMPLETED,0.026459146291017532,176.53061224489784,176.53061224489795,17963755.102040805
jid_271294,34602.0,104.0,384,246,61700,61700,61947,JobState.COMPLETED,0.026498068124055862,176.53061224489784,176.53061224489795,16675787.75510203
jid_271126,13968.0,104.0,384,267,61681,61681,61949,JobState.COMPLETED,0.026501048356294632,176.53061224489784,176.53061224489795,18099330.612244885
jid_271176,37230.0,104.0,384,260,61688,61688,61949,JobState.COMPLETED,0.026370666921138763,176.53061224489784,176.53061224489795,17624816.3265306
jid_271243,37218.0,104.0,384,257,61695,61695,61953,JobState.COMPLETED,0.026502283290028572,176.53061224489784,176.53061224489795,17421453.061224476
jid_271556,37257.0,104.0,384,286,61675,61675,61962,JobState.COMPLETED,0.026061896234750748,176.53061224489784,176.53061224489795,19387297.959183663
jid_271555,37256.0,104.0,384,286,61675,61675,61962,JobState.COMPLETED,0.02608047053217888,176.53061224489784,176.53061224489795,19387297.959183663
jid_271573,37256.0,104.0,384,284,61679,61679,61964,JobState.COMPLETED,0.02608047053217888,176.53061224489784,176.53061224489795,19251722.44897958
jid_271574,37257.0,104.0,384,285,61679,61679,61965,JobState.COMPLETED,0.026061896234750748,176.53061224489784,176.53061224489795,19319510.204081617
jid_271680,37256.0,104.0,384,282,61698,61698,61981,JobState.COMPLETED,0.02608047053217888,176.53061224489784,176.53061224489795,19116146.9387755
jid_278988,37231.0,104.0,384,329,61661,61661,61991,JobState.COMPLETED,0.02615540474653244,176.53061224489784,176.53061224489795,22302171.428571414
jid_270977,37223.0,104.0,368,229,61759,61884,62114,JobState.COMPLETED,0.027026217430830002,176.53061224489792,176.53061224489795,14876587.755102038
jid_270660,1434.0000000000018,86.0,2,225,61865,61891,62117,JobState.COMPLETED,0.49527475237846375,176.53061224489787,176.53061224489795,79438.77551020404
jid_270872,37223.0,104.0,368,228,61759,61890,62119,JobState.COMPLETED,0.027026217430830002,176.53061224489792,176.53061224489795,14811624.489795914
jid_271013,37223.0,104.0,368,249,61759,61891,62141,JobState.COMPLETED,0.027026217430830002,176.53061224489792,176.53061224489795,16175853.061224487
jid_270669,576.0,144.0,1,2,62454,62454,62457,JobState.COMPLETED,0.8824070692062378,176.53061224489795,176.53061224489795,353.0612244897959
jid_270747,14822.0,126.0,1,0,62651,62651,62651,JobState.COMPLETED,0.6024964451789856,176.53061224489795,176.53061224489795,0.0
jid_270780,307.0,9.0,12,2,62903,62903,62906,JobState.COMPLETED,0.41975587606430054,176.53061224489795,176.53061224489795,4236.734693877551
jid_270753,307.0,9.0,12,3,63003,63003,63007,JobState.COMPLETED,0.10526273399591446,176.53061224489795,176.53061224489795,6355.102040816326
jid_270806,307.0,9.0,24,3,63338,63338,63342,JobState.COMPLETED,0.4834902882575989,176.53061224489795,176.53061224489795,12710.204081632652
jid_270810,37203.0,9.0,12,12,63529,63529,63542,JobState.COMPLETED,0.49943363666534424,176.53061224489795,176.53061224489795,25420.408163265303
jid_278926,794.0,204.0,24,268,63385,63385,63654,JobState.COMPLETED,0.07333885878324509,176.53061224489784,176.53061224489795,1135444.897959183
jid_270825,576.0,144.0,1,2,64504,64504,64507,JobState.COMPLETED,0.36156556010246277,176.53061224489795,176.53061224489795,353.0612244897959
jid_270851,37207.0,15.0,1024,5,64541,64541,64547,JobState.COMPLETED,0.018085356801748276,176.53061224489795,176.53061224489795,903836.7346938775
jid_270826,364.0,404.0,16,31,64627,64627,64659,JobState.COMPLETED,0.08181918412446976,123.3642108601297,123.3642108601297,61188.64858662433
jid_270840,431.0,166.0,32,9,65198,65198,65208,JobState.COMPLETED,0.05374779552221298,176.53061224489795,176.53061224489795,50840.81632653061
jid_270842,14822.0,126.0,1,0,65255,65255,65255,JobState.COMPLETED,0.5417362451553345,176.53061224489795,176.53061224489795,0.0
jid_270846,14657.0,284.0,384,8,65338,65338,65347,JobState.COMPLETED,0.13452209532260895,176.53061224489795,176.53061224489795,542302.0408163265
jid_270852,431.0,166.0,128,20,65517,65517,65538,JobState.COMPLETED,0.03533356264233589,176.53061224489795,176.53061224489795,451918.36734693876
jid_270950,37203.0,9.0,12,5,66257,66257,66263,JobState.COMPLETED,0.43358302116394043,176.53061224489795,176.53061224489795,10591.836734693878
jid_270935,307.0,9.0,768,9,66411,66411,66421,JobState.COMPLETED,0.05841866880655289,176.53061224489795,176.53061224489795,1220179.5918367347
jid_271859,36720.0,99.0,16383,764,66267,66267,67032,JobState.COMPLETED,0.0032810962293297052,176.5306122448978,176.53061224489795,2209565179.591835
jid_271046,37235.0,118.0,16,79,67036,67036,67116,JobState.COMPLETED,0.24480509757995605,146.26975415483415,146.26975415483417,184884.96925171037
jid_271047,108.0,173.0,1,386,66776,66776,67163,JobState.COMPLETED,0.24834319949150085,176.53061224489804,176.53061224489795,68140.81632653064
jid_271053,37206.0,241.0,1,88,67166,67166,67255,JobState.COMPLETED,1.0462793111801147,176.53061224489795,176.53061224489795,15534.69387755102
jid_271333,37237.0,9.0,192,49,67358,67358,67408,JobState.COMPLETED,0.06258732825517654,176.53061224489795,176.53061224489795,1660800.0
jid_271308,37237.0,9.0,96,93,67319,67319,67413,JobState.COMPLETED,0.09162789583206177,176.53061224489795,176.53061224489795,1576065.306122449
jid_271090,108.0,118.0,16,26,67453,67453,67480,JobState.COMPLETED,0.22555196285247803,132.16154563158767,132.16154563158767,54979.20298274047
jid_271093,37237.0,9.0,768,59,67471,67471,67531,JobState.COMPLETED,0.04681382328271866,176.53061224489795,176.53061224489795,7998955.102040816
jid_271100,108.0,22.0,4,4,67605,67605,67610,JobState.COMPLETED,0.8580769300460815,176.53061224489795,176.53061224489795,2824.4897959183672
jid_271140,37237.0,9.0,1536,90,67776,67776,67867,JobState.COMPLETED,0.030414842069149017,176.53061224489795,176.53061224489795,24403591.836734693
jid_271769,37237.0,9.0,6144,226,67650,67650,67877,JobState.COMPLETED,0.007669634651392698,176.53061224489787,176.53061224489795,245120522.44897944
jid_271450,794.0,204.0,24,285,68686,68686,68972,JobState.COMPLETED,0.09805964678525925,176.53061224489784,176.53061224489795,1207469.387755101
jid_271336,108.0,173.0,1,387,69522,69522,69910,JobState.COMPLETED,0.45387402176856995,176.53061224489804,176.53061224489795,68317.34693877555
jid_271830,37221.0,104.0,384,236,69703,69703,69940,JobState.COMPLETED,0.025992494076490402,176.53061224489787,176.53061224489795,15997910.204081625
jid_271643,34602.0,104.0,384,238,69703,69703,69942,JobState.COMPLETED,0.02611011080443859,176.53061224489787,176.53061224489795,16133485.714285707
jid_271757,13967.0,104.0,384,241,69707,69707,69949,JobState.COMPLETED,0.02636927366256714,176.53061224489784,176.53061224489795,16336848.979591824
jid_271778,13967.0,104.0,384,241,69707,69707,69949,JobState.COMPLETED,0.02636927366256714,176.53061224489784,176.53061224489795,16336848.979591824
jid_271692,13967.0,104.0,384,248,69705,69705,69954,JobState.COMPLETED,0.02636927366256714,176.53061224489784,176.53061224489795,16811363.265306108
jid_271340,37246.0,241.0,1,0,69956,69956,69956,JobState.COMPLETED,1.1418040990829468,176.53061224489795,176.53061224489795,0.0
jid_271575,34601.0,104.0,384,259,69700,69700,69960,JobState.COMPLETED,0.025791550055146217,176.53061224489784,176.53061224489795,17557028.57142856
jid_271767,34603.0,104.0,384,275,69707,69707,69983,JobState.COMPLETED,0.0251328032463789,176.53061224489784,176.53061224489795,18641632.65306121
jid_271850,37223.0,104.0,368,240,71452,71452,71693,JobState.COMPLETED,0.02666867896914482,176.53061224489792,176.53061224489795,15591183.673469385
jid_271761,37223.0,104.0,368,242,71451,71451,71694,JobState.COMPLETED,0.02666867896914482,176.53061224489792,176.53061224489795,15721110.204081628
jid_271507,794.0,204.0,24,425,71453,71453,71879,JobState.COMPLETED,0.10890083760023117,176.5306122448978,176.53061224489795,1800612.2448979577
jid_271510,108.0,118.0,16,27,71901,71901,71929,JobState.COMPLETED,0.23017318546772003,131.09887920798153,131.09887920798153,56634.71581784802
jid_271514,37235.0,118.0,16,81,71876,71876,71958,JobState.COMPLETED,0.23674149811267853,131.79542130094134,131.7954213009413,170806.86600602
jid_271531,999.0,31.999999999999986,640,33,72218,72218,72252,JobState.COMPLETED,0.010186141356825829,122.03191498072344,122.03191498072344,2577314.044392879
jid_271566,37271.0,295.0,12,151,72650,72650,72802,JobState.COMPLETED,0.09699289500713348,176.53061224489795,176.53061224489795,319873.4693877551
jid_271579,1985.0,68.0,1,156,72956,72956,73113,JobState.COMPLETED,0.7234816551208496,136.4690388242024,136.46903882420239,21289.17005657558
jid_271579,1985.0,68.0,1,160,72956,72956,73117,JobState.COMPLETED,0.7234816551208496,135.90042128883036,135.9004212888304,21744.067406212856
jid_271579,1985.0,68.0,1,162,72956,72956,73119,JobState.COMPLETED,0.7234816551208496,135.4456404885855,135.44564048858552,21942.19375915085
jid_271579,1985.0,68.0,1,164,72956,72956,73121,JobState.COMPLETED,0.7234816551208496,134.8126066655439,134.81260666554394,22109.2674931492
jid_271579,1985.0,68.0,1,165,72956,72956,73122,JobState.COMPLETED,0.7234816551208496,134.63717992317376,134.63717992317373,22215.13468732367
jid_271579,1985.0,68.0,1,165,72956,72956,73122,JobState.COMPLETED,0.7234816551208496,134.68103425661553,134.68103425661556,22222.370652341564
jid_271579,1985.0,68.0,1,174,72956,72956,73131,JobState.COMPLETED,0.7234816551208496,133.15280917033346,133.15280917033343,23168.58879563802
jid_271579,1985.0,68.0,1,175,72956,72956,73132,JobState.COMPLETED,0.7234816551208496,133.18400247356428,133.18400247356425,23307.20043287375
jid_271579,1985.0,68.0,1,176,72956,72956,73133,JobState.COMPLETED,0.7234816551208496,134.52317677383525,134.52317677383525,23676.079112195002
jid_271579,1985.0,68.0,1,182,72956,72956,73139,JobState.COMPLETED,0.7234816551208496,130.68960687851646,130.68960687851646,23785.508451889997
jid_271579,1985.0,68.0,1,188,72956,72956,73145,JobState.COMPLETED,0.7234816551208496,132.41993908176624,132.4199390817663,24894.948547372052
jid_271579,1985.0,68.0,1,195,72956,72956,73152,JobState.COMPLETED,0.7234816551208496,130.6676966778861,130.66769667788617,25480.20085218779
jid_271579,1985.0,68.0,1,195,72956,72956,73152,JobState.COMPLETED,0.7234816551208496,130.7150246256869,130.71502462568685,25489.429802008948
jid_271579,1985.0,68.0,1,196,72956,72956,73153,JobState.COMPLETED,0.7234816551208496,130.62722777099492,130.62722777099486,25602.936643115005
jid_271579,1985.0,68.0,1,198,72956,72956,73155,JobState.COMPLETED,0.7234816551208496,130.2646952641773,130.2646952641773,25792.409662307105
jid_271579,1985.0,68.0,1,208,72956,72956,73165,JobState.COMPLETED,0.7234816551208496,129.6963885320547,129.6963885320547,26976.848814667377
jid_271579,1985.0,68.0,1,213,72956,72956,73170,JobState.COMPLETED,0.7234816551208496,129.0001295971095,129.00012959710944,27477.02760418432
jid_271579,1985.0,68.0,1,227,72956,72956,73184,JobState.COMPLETED,0.7234816551208496,127.9148896945931,127.91488969459313,29036.679960672634
jid_271579,1985.0,68.0,1,228,72956,72956,73185,JobState.COMPLETED,0.7234816551208496,127.94562373648473,127.9456237364847,29171.602211918518
jid_271579,1985.0,68.0,1,287,72956,72956,73244,JobState.COMPLETED,0.7234816551208496,124.81471336921413,124.81471336921413,35821.82273696446
jid_271579,1985.0,68.0,1,349,72956,72956,73306,JobState.COMPLETED,0.7234816551208496,124.07481003300786,124.07481003300781,43302.10870151975
jid_271431,116.0,68.0,1,175,73891,73891,74067,JobState.COMPLETED,0.4923210144042969,132.53673574814064,132.53673574814064,23193.92875592461
jid_271431,116.0,68.0,1,179,73891,73891,74071,JobState.COMPLETED,0.4923210144042969,131.93498298303012,131.93498298303012,23616.36195396239
jid_271431,116.0,68.0,1,192,73891,73891,74084,JobState.COMPLETED,0.4923210144042969,130.32830408541943,130.32830408541946,25023.034384400533
jid_271649,431.0,166.0,128,74,74025,74025,74100,JobState.COMPLETED,0.03636856749653816,176.53061224489795,176.53061224489795,1672097.9591836734
jid_271431,116.0,68.0,1,212,73891,73891,74104,JobState.COMPLETED,0.4923210144042969,128.74413953285605,128.74413953285605,27293.757580965485
jid_271431,116.0,68.0,1,265,73891,73891,74157,JobState.COMPLETED,0.4923210144042969,125.70052153123832,125.70052153123832,33310.63820577815
jid_271431,116.0,68.0,1,268,73891,73891,74160,JobState.COMPLETED,0.4923210144042969,125.4564867355722,125.4564867355723,33622.33844513335
jid_271431,116.0,68.0,1,278,73891,73891,74170,JobState.COMPLETED,0.4923210144042969,124.87074660836684,124.87074660836674,34714.067557125985
jid_271431,116.0,68.0,1,285,73891,73891,74177,JobState.COMPLETED,0.4923210144042969,124.62649523007073,124.62649523007066,35518.55114057016
jid_271431,116.0,68.0,1,291,73891,73891,74183,JobState.COMPLETED,0.4923210144042969,124.43233535556195,124.43233535556202,36209.809588468524
jid_271431,116.0,68.0,1,291,73891,73891,74183,JobState.COMPLETED,0.4923210144042969,124.40874994228452,124.40874994228457,36202.94623320479
jid_271431,116.0,68.0,1,292,73891,73891,74184,JobState.COMPLETED,0.4923210144042969,124.371363867077,124.37136386707701,36316.43824918648
jid_271431,116.0,68.0,1,293,73891,73891,74185,JobState.COMPLETED,0.4923210144042969,124.35821795168296,124.35821795168296,36436.95785984311
jid_271431,116.0,68.0,1,295,73891,73891,74187,JobState.COMPLETED,0.4923210144042969,124.32245229645288,124.32245229645288,36675.1234274536
jid_271431,116.0,68.0,1,336,73891,73891,74228,JobState.COMPLETED,0.4923210144042969,122.95571658840251,122.95571658840252,41313.120773703246
jid_271431,116.0,68.0,1,345,73891,73891,74237,JobState.COMPLETED,0.4923210144042969,122.7898212530486,122.78982125304867,42362.488332301764
jid_271431,116.0,68.0,1,373,73891,73891,74265,JobState.COMPLETED,0.4923210144042969,122.41835577493842,122.4183557749384,45662.04670405203
jid_271431,116.0,68.0,1,465,73891,73891,74357,JobState.COMPLETED,0.4923210144042969,120.73575609696853,120.73575609696847,56142.126585090366
jid_271431,116.0,68.0,1,470,73891,73891,74362,JobState.COMPLETED,0.4923210144042969,120.68341239220105,120.68341239220106,56721.203824334494
jid_271431,116.0,68.0,1,474,73891,73891,74366,JobState.COMPLETED,0.4923210144042969,120.63446240861474,120.63446240861465,57180.73518168338
jid_271431,116.0,68.0,1,474,73891,73891,74366,JobState.COMPLETED,0.4923210144042969,120.68407132185528,120.6840713218552,57204.249806559405
jid_271431,116.0,68.0,1,476,73891,73891,74368,JobState.COMPLETED,0.4923210144042969,120.594584395161,120.59458439516094,57403.02217209663
jid_271431,116.0,68.0,1,480,73891,73891,74372,JobState.COMPLETED,0.4923210144042969,120.56344724657781,120.56344724657775,57870.454678357346
jid_271431,116.0,68.0,1,481,73891,73891,74373,JobState.COMPLETED,0.4923210144042969,120.58028439998544,120.58028439998553,57999.116796393
jid_271431,116.0,68.0,1,482,73891,73891,74374,JobState.COMPLETED,0.4923210144042969,120.54334625846424,120.54334625846434,58101.89289657976
jid_271431,116.0,68.0,1,483,73891,73891,74375,JobState.COMPLETED,0.4923210144042969,120.53480709623817,120.53480709623814,58218.311827483034
jid_271431,116.0,68.0,1,484,73891,73891,74376,JobState.COMPLETED,0.4923210144042969,120.51733242516009,120.5173324251602,58330.38889377748
jid_271737,793.0,68.0,1,595,74546,74546,75142,JobState.COMPLETED,0.7037212252616882,119.74214524335088,119.7421452433508,71246.57641979377
jid_271880,307.0,41.0,6144,26,75262,75262,75289,JobState.COMPLETED,0.0123335812240839,176.53061224489795,176.53061224489795,28199706.122448977
jid_271788,16670.0,162.0,2,354,75439,75439,75794,JobState.COMPLETED,0.4277515709400177,176.530612244898,176.53061224489795,124983.6734693878
jid_271808,126.0,226.0,512,78,76161,76161,76240,JobState.COMPLETED,0.03291475027799606,176.53061224489795,176.53061224489795,7049926.530612244
jid_271903,10.0,9.0,12288,106,76197,76197,76304,JobState.COMPLETED,0.00828168261796236,176.53061224489795,176.53061224489795,229936065.30612242
jid_271814,794.0,204.0,24,386,76072,76072,76459,JobState.COMPLETED,0.10328498482704163,176.5306122448978,176.53061224489795,1635379.5918367333
jid_271874,34787.0,369.0,1032,1650,76767,76767,78418,JobState.COMPLETED,0.008769749663770199,176.53061224489858,176.53061224489795,300596326.5306133
jid_271978,10.0,9.0,12288,124,79222,79222,79347,JobState.COMPLETED,0.008451856672763824,176.53061224489795,176.53061224489795,268981812.24489796
jid_271919,16670.0,162.0,2,330,79376,79376,79707,JobState.COMPLETED,0.2745624780654907,176.530612244898,176.53061224489795,116510.20408163269
jid_271928,794.0,204.0,24,356,79764,79764,80121,JobState.COMPLETED,0.10941826552152634,176.53061224489784,176.53061224489795,1508277.5510204071
jid_271940,391.0,162.0,16,7,80457,80457,80465,JobState.COMPLETED,0.18441732227802277,176.53061224489795,176.53061224489795,19771.428571428572
jid_271945,319.0,144.0,1,1,80619,80619,80621,JobState.COMPLETED,0.8097500205039978,176.53061224489795,176.53061224489795,176.53061224489795
jid_271947,37294.0,406.0,1,148,80539,80539,80688,JobState.COMPLETED,0.8270289301872253,176.5306122448979,176.53061224489795,26126.53061224489
jid_271946,319.0,144.0,1,2,80689,80689,80692,JobState.COMPLETED,1.201188087463379,176.53061224489795,176.53061224489795,353.0612244897959
jid_271950,319.0,144.0,1,2,80796,80796,80799,JobState.COMPLETED,1.201188087463379,176.53061224489795,176.53061224489795,353.0612244897959
jid_271967,319.0,144.0,1,2,81209,81209,81212,JobState.COMPLETED,0.7830800414085388,176.53061224489795,176.53061224489795,353.0612244897959
jid_271969,793.0,68.0,1,182,81111,81111,81294,JobState.COMPLETED,0.7106304168701172,132.70730349549382,132.70730349549387,24152.729236179875
jid_271969,793.0,68.0,1,183,81111,81111,81295,JobState.COMPLETED,0.7106304168701172,132.325769367286,132.32576936728603,24215.61579421334
jid_271969,793.0,68.0,1,189,81111,81111,81301,JobState.COMPLETED,0.7106304168701172,131.74897361027007,131.74897361027004,24900.556012341043
jid_271969,793.0,68.0,1,208,81111,81111,81320,JobState.COMPLETED,0.7106304168701172,132.40307565969383,132.40307565969377,27539.839737216316
jid_271969,793.0,68.0,1,212,81111,81111,81324,JobState.COMPLETED,0.7106304168701172,129.17946489056746,129.1794648905674,27386.046556800302
jid_271969,793.0,68.0,1,219,81111,81111,81331,JobState.COMPLETED,0.7106304168701172,128.60973096699306,128.60973096699303,28165.531081771478
jid_271969,793.0,68.0,1,273,81111,81111,81385,JobState.COMPLETED,0.7106304168701172,125.5528940229275,125.55289402292755,34275.94006825921
jid_271969,793.0,68.0,1,273,81111,81111,81385,JobState.COMPLETED,0.7106304168701172,125.5894602650093,125.58946026500938,34285.92265234754
jid_271969,793.0,68.0,1,275,81111,81111,81387,JobState.COMPLETED,0.7106304168701172,125.50235102301073,125.50235102301069,34513.14653132795
jid_271969,793.0,68.0,1,293,81111,81111,81405,JobState.COMPLETED,0.7106304168701172,128.83785544581272,128.83785544581278,37749.49164562313
jid_271969,793.0,68.0,1,312,81111,81111,81424,JobState.COMPLETED,0.7106304168701172,123.34021874612787,123.34021874612782,38482.1482487919
jid_271969,793.0,68.0,1,320,81111,81111,81432,JobState.COMPLETED,0.7106304168701172,123.85960902263238,123.85960902263233,39635.074887242365
jid_271969,793.0,68.0,1,320,81111,81111,81432,JobState.COMPLETED,0.7106304168701172,123.89071053021283,123.89071053021289,39645.0273696681
jid_271969,793.0,68.0,1,368,81111,81111,81480,JobState.COMPLETED,0.7106304168701172,128.92871738716983,128.9287173871698,47445.7679984785
jid_271969,793.0,68.0,1,373,81111,81111,81485,JobState.COMPLETED,0.7106304168701172,123.85415963901012,123.85415963901013,46197.60154535077
jid_271969,793.0,68.0,1,446,81111,81111,81558,JobState.COMPLETED,0.7106304168701172,124.32713899804729,124.32713899804723,55449.90399312909
jid_272035,10.0,9.0,12288,102,81763,81763,81866,JobState.COMPLETED,0.008283122442662716,176.53061224489795,176.53061224489795,221259232.6530612
jid_272037,37314.0,122.0,1,47,84007,84007,84055,JobState.COMPLETED,1.281103253364563,128.5484342097649,128.5484342097649,6041.776407858951
jid_272037,37314.0,122.0,1,51,84007,84007,84059,JobState.COMPLETED,1.281103253364563,126.16464338039917,126.16464338039917,6434.396812400358
jid_272037,37314.0,122.0,1,56,84007,84007,84064,JobState.COMPLETED,1.281103253364563,124.47339370952103,124.47339370952103,6970.510047733178
jid_272037,37314.0,122.0,1,56,84007,84007,84064,JobState.COMPLETED,1.281103253364563,124.44312080824919,124.44312080824919,6968.814765261955
jid_272037,37314.0,122.0,1,56,84007,84007,84064,JobState.COMPLETED,1.281103253364563,124.35568233744111,124.35568233744111,6963.9182108967025
jid_272037,37314.0,122.0,1,56,84007,84007,84064,JobState.COMPLETED,1.281103253364563,124.29197489969988,124.29197489969988,6960.350594383193
jid_272037,37314.0,122.0,1,56,84007,84007,84064,JobState.COMPLETED,1.281103253364563,124.70075762106696,124.70075762106696,6983.24242677975
jid_272037,37314.0,122.0,1,57,84007,84007,84065,JobState.COMPLETED,1.281103253364563,124.31759888782119,124.31759888782119,7086.103136605808
jid_272037,37314.0,122.0,1,57,84007,84007,84065,JobState.COMPLETED,1.281103253364563,124.38163438683144,124.38163438683144,7089.753160049392
jid_272037,37314.0,122.0,1,58,84007,84007,84066,JobState.COMPLETED,1.281103253364563,124.26681520448149,124.26681520448149,7207.475281859926
jid_272037,37314.0,122.0,1,59,84007,84007,84067,JobState.COMPLETED,1.281103253364563,124.25836459632474,124.25836459632472,7331.243511183159
jid_272037,37314.0,122.0,1,59,84007,84007,84067,JobState.COMPLETED,1.281103253364563,123.83588781673838,123.83588781673839,7306.317381187564
jid_272037,37314.0,122.0,1,60,84007,84007,84068,JobState.COMPLETED,1.281103253364563,123.74961277831163,123.74961277831163,7424.976766698698
jid_272037,37314.0,122.0,1,60,84007,84007,84068,JobState.COMPLETED,1.281103253364563,123.70950413248262,123.70950413248262,7422.570247948957
jid_272037,37314.0,122.0,1,60,84007,84007,84068,JobState.COMPLETED,1.281103253364563,123.85377697273667,123.85377697273665,7431.2266183642005
jid_272037,37314.0,122.0,1,60,84007,84007,84068,JobState.COMPLETED,1.281103253364563,124.02263176164446,124.02263176164448,7441.357905698667
jid_272037,37314.0,122.0,1,60,84007,84007,84068,JobState.COMPLETED,1.281103253364563,123.72815231637802,123.72815231637803,7423.689138982681
jid_272037,37314.0,122.0,1,60,84007,84007,84068,JobState.COMPLETED,1.281103253364563,123.86379280958319,123.86379280958319,7431.827568574991
jid_272037,37314.0,122.0,1,60,84007,84007,84068,JobState.COMPLETED,1.281103253364563,123.72422860576238,123.72422860576236,7423.453716345743
jid_272037,37314.0,122.0,1,61,84007,84007,84069,JobState.COMPLETED,1.281103253364563,123.33178568829634,123.33178568829632,7523.238926986077
jid_272037,37314.0,122.0,1,61,84007,84007,84069,JobState.COMPLETED,1.281103253364563,123.5900755261283,123.5900755261283,7538.994607093827
jid_272037,37314.0,122.0,1,61,84007,84007,84069,JobState.COMPLETED,1.281103253364563,123.62800124389585,123.62800124389587,7541.308075877647
jid_272037,37314.0,122.0,1,61,84007,84007,84069,JobState.COMPLETED,1.281103253364563,123.57299711357174,123.57299711357172,7537.952823927876
jid_272568,10.0,9.0,12288,88,84029,84029,84118,JobState.COMPLETED,0.00803717877715826,176.53061224489795,176.53061224489795,190890318.36734694
jid_272726,10.0,9.0,12288,89,84030,84030,84120,JobState.COMPLETED,0.00803717877715826,176.53061224489795,176.53061224489795,193059526.53061223
jid_272037,37314.0,122.0,1,122,84007,84007,84130,JobState.COMPLETED,1.281103253364563,126.86548687995939,126.86548687995935,15477.589399355045
jid_272064,16443.0,79.0,1,48,84331,84331,84380,JobState.COMPLETED,1.1443063020706177,176.53061224489795,176.53061224489795,8473.469387755102
jid_272065,16422.0,79.0,1,24,84356,84356,84381,JobState.COMPLETED,0.7800953388214111,176.53061224489795,176.53061224489795,4236.734693877551
jid_272066,16435.0,79.0,1,100,84295,84295,84396,JobState.COMPLETED,0.6306915879249573,176.53061224489792,176.53061224489795,17653.061224489793
jid_272069,16446.0,79.0,1,20,84414,84414,84435,JobState.COMPLETED,1.2347168922424316,176.53061224489795,176.53061224489795,3530.612244897959
jid_272072,16422.0,79.0,1,22,84415,84415,84438,JobState.COMPLETED,0.7823363542556763,176.53061224489795,176.53061224489795,3883.673469387755
jid_272087,37318.0,122.0,1,38,84558,84558,84597,JobState.COMPLETED,1.3881688117980957,126.16368093944126,126.16368093944126,4794.219875698768
jid_272087,37318.0,122.0,1,39,84558,84558,84598,JobState.COMPLETED,1.3881688117980957,128.6683820165914,128.6683820165914,5018.066898647065
jid_272087,37318.0,122.0,1,40,84558,84558,84599,JobState.COMPLETED,1.3881688117980957,128.3653393705562,128.3653393705562,5134.613574822248
jid_272087,37318.0,122.0,1,41,84558,84558,84600,JobState.COMPLETED,1.3881688117980957,125.40794923468268,125.40794923468268,5141.72591862199
jid_272087,37318.0,122.0,1,41,84558,84558,84600,JobState.COMPLETED,1.3881688117980957,125.60080283831594,125.60080283831593,5149.632916370953
jid_272087,37318.0,122.0,1,42,84558,84558,84601,JobState.COMPLETED,1.3881688117980957,128.23192109338768,128.23192109338768,5385.740685922283
jid_272087,37318.0,122.0,1,43,84558,84558,84602,JobState.COMPLETED,1.3881688117980957,124.45647148121459,124.45647148121459,5351.628273692228
jid_272087,37318.0,122.0,1,44,84558,84558,84603,JobState.COMPLETED,1.3881688117980957,128.00724356963227,128.00724356963227,5632.318717063819
jid_272087,37318.0,122.0,1,44,84558,84558,84603,JobState.COMPLETED,1.3881688117980957,128.431120973426,128.431120973426,5650.969322830744
jid_272087,37318.0,122.0,1,44,84558,84558,84603,JobState.COMPLETED,1.3881688117980957,128.31578334393706,128.31578334393706,5645.89446713323
jid_272087,37318.0,122.0,1,45,84558,84558,84604,JobState.COMPLETED,1.3881688117980957,125.52252040609555,125.52252040609557,5648.5134182742995
jid_272087,37318.0,122.0,1,45,84558,84558,84604,JobState.COMPLETED,1.3881688117980957,124.4099656485846,124.4099656485846,5598.448454186308
jid_272087,37318.0,122.0,1,46,84558,84558,84605,JobState.COMPLETED,1.3881688117980957,124.23300627263657,124.23300627263656,5714.718288541282
jid_272087,37318.0,122.0,1,47,84558,84558,84606,JobState.COMPLETED,1.3881688117980957,124.4973970841589,124.49739708415892,5851.377662955469
jid_272087,37318.0,122.0,1,48,84558,84558,84607,JobState.COMPLETED,1.3881688117980957,124.22167273229198,124.22167273229196,5962.640291150015
jid_272087,37318.0,122.0,1,104,84558,84558,84663,JobState.COMPLETED,1.3881688117980957,127.78653625628402,127.78653625628401,13289.799770653539
jid_272087,37318.0,122.0,1,111,84558,84558,84670,JobState.COMPLETED,1.3881688117980957,126.14719007129823,126.14719007129824,14002.338097914104
jid_272094,794.0,204.0,24,276,84506,84506,84783,JobState.COMPLETED,0.12134138494729996,176.53061224489784,176.53061224489795,1169338.7755102033
jid_272100,37318.0,122.0,1,36,84847,84847,84884,JobState.COMPLETED,1.3929585218429565,125.86606933056873,125.86606933056873,4531.178495900474
jid_272100,37318.0,122.0,1,37,84847,84847,84885,JobState.COMPLETED,1.3929585218429565,126.24642263883165,126.24642263883165,4671.117637636771
jid_272100,37318.0,122.0,1,37,84847,84847,84885,JobState.COMPLETED,1.3929585218429565,125.83354742050929,125.83354742050929,4655.8412545588435
jid_272100,37318.0,122.0,1,38,84847,84847,84886,JobState.COMPLETED,1.3929585218429565,126.05774378869162,126.05774378869162,4790.194263970282
jid_272100,37318.0,122.0,1,38,84847,84847,84886,JobState.COMPLETED,1.3929585218429565,124.95314685901404,124.95314685901404,4748.219580642533
jid_272100,37318.0,122.0,1,38,84847,84847,84886,JobState.COMPLETED,1.3929585218429565,126.45560085634786,126.45560085634786,4805.312832541219
jid_272100,37318.0,122.0,1,41,84847,84847,84889,JobState.COMPLETED,1.3929585218429565,124.42640399000761,124.4264039900076,5101.482563590313
jid_272100,37318.0,122.0,1,42,84847,84847,84890,JobState.COMPLETED,1.3929585218429565,123.63602101663977,123.63602101663977,5192.71288269887
jid_272100,37318.0,122.0,1,43,84847,84847,84891,JobState.COMPLETED,1.3929585218429565,122.94336515793334,122.94336515793334,5286.564701791133
jid_272100,37318.0,122.0,1,44,84847,84847,84892,JobState.COMPLETED,1.3929585218429565,122.91620138033258,122.9162013803326,5408.312860734633
jid_272100,37318.0,122.0,1,44,84847,84847,84892,JobState.COMPLETED,1.3929585218429565,122.4893370659004,122.4893370659004,5389.530830899617
jid_272100,37318.0,122.0,1,45,84847,84847,84893,JobState.COMPLETED,1.3929585218429565,122.10124069326983,122.10124069326982,5494.555831197143
jid_272100,37318.0,122.0,1,45,84847,84847,84893,JobState.COMPLETED,1.3929585218429565,121.74408993723114,121.74408993723114,5478.484047175401
jid_272100,37318.0,122.0,1,45,84847,84847,84893,JobState.COMPLETED,1.3929585218429565,122.84649036811959,122.84649036811959,5528.092066565381
jid_272100,37318.0,122.0,1,46,84847,84847,84894,JobState.COMPLETED,1.3929585218429565,121.36831446142762,121.36831446142762,5582.94246522567
jid_272100,37318.0,122.0,1,46,84847,84847,84894,JobState.COMPLETED,1.3929585218429565,122.5632942972064,122.5632942972064,5637.911537671494
jid_272103,37322.0,122.0,1,34,84868,84868,84903,JobState.COMPLETED,1.4003007411956787,127.56253078231833,127.56253078231833,4337.126046598823
jid_272103,37322.0,122.0,1,38,84868,84868,84907,JobState.COMPLETED,1.4003007411956787,126.23016738308324,126.23016738308324,4796.746360557163
jid_272103,37322.0,122.0,1,39,84868,84868,84908,JobState.COMPLETED,1.4003007411956787,126.07052137865308,126.07052137865308,4916.750333767471
jid_272103,37322.0,122.0,1,41,84868,84868,84910,JobState.COMPLETED,1.4003007411956787,127.65570112967858,127.65570112967858,5233.883746316822
jid_272103,37322.0,122.0,1,41,84868,84868,84910,JobState.COMPLETED,1.4003007411956787,125.10075718245369,125.10075718245368,5129.131044480601
jid_272103,37322.0,122.0,1,41,84868,84868,84910,JobState.COMPLETED,1.4003007411956787,125.06673930811334,125.06673930811336,5127.736311632647
jid_272103,37322.0,122.0,1,42,84868,84868,84911,JobState.COMPLETED,1.4003007411956787,125.62613795901491,125.62613795901491,5276.2977942786265
jid_272103,37322.0,122.0,1,42,84868,84868,84911,JobState.COMPLETED,1.4003007411956787,125.16863420002156,125.16863420002156,5257.082636400905
jid_272103,37322.0,122.0,1,42,84868,84868,84911,JobState.COMPLETED,1.4003007411956787,124.09671889219194,124.09671889219193,5212.062193472062
jid_272103,37322.0,122.0,1,42,84868,84868,84911,JobState.COMPLETED,1.4003007411956787,127.95206084009547,127.95206084009547,5373.98655528401
jid_272103,37322.0,122.0,1,43,84868,84868,84912,JobState.COMPLETED,1.4003007411956787,124.47768226792155,124.47768226792155,5352.540337520627
jid_272103,37322.0,122.0,1,43,84868,84868,84912,JobState.COMPLETED,1.4003007411956787,125.00242067227914,125.00242067227914,5375.104088908003
jid_272103,37322.0,122.0,1,43,84868,84868,84912,JobState.COMPLETED,1.4003007411956787,125.09524300025319,125.09524300025318,5379.095449010887
jid_272103,37322.0,122.0,1,44,84868,84868,84913,JobState.COMPLETED,1.4003007411956787,126.99679804681276,126.99679804681276,5587.859114059761
jid_272103,37322.0,122.0,1,44,84868,84868,84913,JobState.COMPLETED,1.4003007411956787,126.31877094663722,126.3187709466372,5558.025921652037
jid_272103,37322.0,122.0,1,44,84868,84868,84913,JobState.COMPLETED,1.4003007411956787,126.11775810308959,126.1177581030896,5549.181356535942
jid_272105,37324.0,122.0,1,46,84908,84908,84955,JobState.COMPLETED,1.32603919506073,128.74992994266665,128.74992994266665,5922.496777362666
jid_272105,37324.0,122.0,1,50,84908,84908,84959,JobState.COMPLETED,1.32603919506073,127.7951096694514,127.79510966945139,6389.755483472571
jid_272105,37324.0,122.0,1,53,84908,84908,84962,JobState.COMPLETED,1.32603919506073,126.0062366292154,126.00623662921538,6678.330541348416
jid_272105,37324.0,122.0,1,56,84908,84908,84965,JobState.COMPLETED,1.32603919506073,125.97374921535904,125.97374921535905,7054.529956060106
jid_272105,37324.0,122.0,1,56,84908,84908,84965,JobState.COMPLETED,1.32603919506073,125.2736702263619,125.2736702263619,7015.325532676266
jid_272105,37324.0,122.0,1,57,84908,84908,84966,JobState.COMPLETED,1.32603919506073,124.81576398003982,124.8157639800398,7114.49854686227
jid_272105,37324.0,122.0,1,58,84908,84908,84967,JobState.COMPLETED,1.32603919506073,124.89088534688521,124.89088534688521,7243.671350119343
jid_272105,37324.0,122.0,1,58,84908,84908,84967,JobState.COMPLETED,1.32603919506073,124.44430493411939,124.44430493411939,7217.7696861789245
jid_272105,37324.0,122.0,1,58,84908,84908,84967,JobState.COMPLETED,1.32603919506073,124.25780804380908,124.25780804380909,7206.952866540926
jid_272105,37324.0,122.0,1,59,84908,84908,84968,JobState.COMPLETED,1.32603919506073,124.25253859815598,124.25253859815598,7330.899777291203
jid_272105,37324.0,122.0,1,59,84908,84908,84968,JobState.COMPLETED,1.32603919506073,124.39363877578069,124.39363877578069,7339.22468777106
jid_272105,37324.0,122.0,1,60,84908,84908,84969,JobState.COMPLETED,1.32603919506073,124.87302385607994,124.87302385607994,7492.381431364796
jid_272105,37324.0,122.0,1,60,84908,84908,84969,JobState.COMPLETED,1.32603919506073,124.07652168377693,124.07652168377693,7444.591301026616
jid_272105,37324.0,122.0,1,61,84908,84908,84970,JobState.COMPLETED,1.32603919506073,124.84129564448747,124.84129564448749,7615.319034313736
jid_272105,37324.0,122.0,1,62,84908,84908,84971,JobState.COMPLETED,1.32603919506073,123.9664370658235,123.96643706582351,7685.919098081057
jid_272105,37324.0,122.0,1,64,84908,84908,84973,JobState.COMPLETED,1.32603919506073,124.20884406518213,124.20884406518213,7949.366020171657
jid_272103,37322.0,122.0,1,111,84868,84868,84980,JobState.COMPLETED,1.4003007411956787,125.03382925794925,125.03382925794921,13878.755047632367
jid_272105,37324.0,122.0,1,124,84908,84908,85033,JobState.COMPLETED,1.32603919506073,126.38479885641961,126.38479885641964,15671.71505819603
jid_272111,37327.0,122.0,1,35,85027,85027,85063,JobState.COMPLETED,1.386016845703125,125.27389565274737,125.27389565274737,4384.586347846158
jid_272111,37327.0,122.0,1,35,85027,85027,85063,JobState.COMPLETED,1.386016845703125,125.4908403109272,125.4908403109272,4392.1794108824515
jid_272111,37327.0,122.0,1,35,85027,85027,85063,JobState.COMPLETED,1.386016845703125,123.81898295083452,123.81898295083452,4333.664403279208
jid_272111,37327.0,122.0,1,36,85027,85027,85064,JobState.COMPLETED,1.386016845703125,124.63339855638624,124.63339855638624,4486.802348029904
jid_272111,37327.0,122.0,1,36,85027,85027,85064,JobState.COMPLETED,1.386016845703125,125.37722744482801,125.37722744482801,4513.580188013808
jid_272111,37327.0,122.0,1,36,85027,85027,85064,JobState.COMPLETED,1.386016845703125,125.23279605203561,125.23279605203561,4508.380657873282
jid_272111,37327.0,122.0,1,37,85027,85027,85065,JobState.COMPLETED,1.386016845703125,125.31179268454703,125.31179268454703,4636.53632932824
jid_272111,37327.0,122.0,1,37,85027,85027,85065,JobState.COMPLETED,1.386016845703125,125.385543258728,125.385543258728,4639.265100572936
jid_272111,37327.0,122.0,1,37,85027,85027,85065,JobState.COMPLETED,1.386016845703125,125.37216616200503,125.37216616200503,4638.770147994186
jid_272111,37327.0,122.0,1,39,85027,85027,85067,JobState.COMPLETED,1.386016845703125,125.63039119300147,125.63039119300147,4899.585256527057
jid_272111,37327.0,122.0,1,40,85027,85027,85068,JobState.COMPLETED,1.386016845703125,126.55345383993236,126.55345383993236,5062.138153597294
jid_272111,37327.0,122.0,1,40,85027,85027,85068,JobState.COMPLETED,1.386016845703125,126.41535440366583,126.41535440366584,5056.614176146633
jid_272111,37327.0,122.0,1,41,85027,85027,85069,JobState.COMPLETED,1.386016845703125,126.31663982405834,126.31663982405836,5178.982232786392
jid_272111,37327.0,122.0,1,41,85027,85027,85069,JobState.COMPLETED,1.386016845703125,125.13071130766059,125.13071130766059,5130.3591636140845
jid_272111,37327.0,122.0,1,44,85027,85027,85072,JobState.COMPLETED,1.386016845703125,123.80852140058121,123.8085214005812,5447.574941625573
jid_272111,37327.0,122.0,1,45,85027,85027,85073,JobState.COMPLETED,1.386016845703125,123.46625654020872,123.46625654020872,5555.981544309392
jid_272111,37327.0,122.0,1,45,85027,85027,85073,JobState.COMPLETED,1.386016845703125,121.84700397465721,121.84700397465723,5483.115178859574
jid_272111,37327.0,122.0,1,45,85027,85027,85073,JobState.COMPLETED,1.386016845703125,121.76652872373276,121.76652872373276,5479.493792567974
jid_272111,37327.0,122.0,1,45,85027,85027,85073,JobState.COMPLETED,1.386016845703125,123.09997577008774,123.09997577008774,5539.498909653948
jid_272112,37328.0,122.0,1,34,85100,85100,85135,JobState.COMPLETED,1.3717410564422607,127.91139795340403,127.91139795340403,4348.987530415737
jid_272111,37327.0,122.0,1,111,85027,85027,85139,JobState.COMPLETED,1.386016845703125,125.35866693640243,125.35866693640243,13914.81202994067
jid_272112,37328.0,122.0,1,38,85100,85100,85139,JobState.COMPLETED,1.3717410564422607,124.22596827082998,124.22596827082998,4720.586794291539
jid_272112,37328.0,122.0,1,39,85100,85100,85140,JobState.COMPLETED,1.3717410564422607,124.5880282544954,124.5880282544954,4858.93310192532
jid_272112,37328.0,122.0,1,40,85100,85100,85141,JobState.COMPLETED,1.3717410564422607,124.24876138405156,124.24876138405156,4969.950455362063
jid_272112,37328.0,122.0,1,41,85100,85100,85142,JobState.COMPLETED,1.3717410564422607,123.28286513849332,123.28286513849332,5054.597470678226
jid_272112,37328.0,122.0,1,41,85100,85100,85142,JobState.COMPLETED,1.3717410564422607,123.51049011804355,123.51049011804355,5063.930094839786
jid_272112,37328.0,122.0,1,42,85100,85100,85143,JobState.COMPLETED,1.3717410564422607,122.70206071092487,122.70206071092487,5153.486549858844
jid_272112,37328.0,122.0,1,43,85100,85100,85144,JobState.COMPLETED,1.3717410564422607,122.60656114341597,122.60656114341597,5272.082129166887
jid_272112,37328.0,122.0,1,43,85100,85100,85144,JobState.COMPLETED,1.3717410564422607,123.00410145364367,123.00410145364367,5289.176362506678
jid_272112,37328.0,122.0,1,44,85100,85100,85145,JobState.COMPLETED,1.3717410564422607,122.46741379033668,122.46741379033666,5388.5662067748135
jid_272112,37328.0,122.0,1,45,85100,85100,85146,JobState.COMPLETED,1.3717410564422607,122.19460744491475,122.19460744491477,5498.757335021164
jid_272112,37328.0,122.0,1,45,85100,85100,85146,JobState.COMPLETED,1.3717410564422607,122.22435283872906,122.22435283872906,5500.095877742808
jid_272112,37328.0,122.0,1,45,85100,85100,85146,JobState.COMPLETED,1.3717410564422607,122.65877828152638,122.65877828152638,5519.6450226686875
jid_272112,37328.0,122.0,1,47,85100,85100,85148,JobState.COMPLETED,1.3717410564422607,121.53214383869113,121.53214383869113,5712.010760418483
jid_272112,37328.0,122.0,1,48,85100,85100,85149,JobState.COMPLETED,1.3717410564422607,121.09595368598193,121.09595368598193,5812.605776927132
jid_272112,37328.0,122.0,1,48,85100,85100,85149,JobState.COMPLETED,1.3717410564422607,121.15575035318531,121.15575035318533,5815.4760169528945
jid_272112,37328.0,122.0,1,50,85100,85100,85151,JobState.COMPLETED,1.3717410564422607,120.67113725936939,120.67113725936937,6033.556862968469
jid_272112,37328.0,122.0,1,50,85100,85100,85151,JobState.COMPLETED,1.3717410564422607,120.63990692733721,120.63990692733721,6031.995346366861
jid_272112,37328.0,122.0,1,52,85100,85100,85153,JobState.COMPLETED,1.3717410564422607,120.4553711116482,120.45537111164819,6263.6792978057065
jid_272115,37329.0,122.0,1,34,85169,85169,85204,JobState.COMPLETED,1.3759019374847412,128.7094840645304,128.7094840645304,4376.122458194033
jid_272115,37329.0,122.0,1,35,85169,85169,85205,JobState.COMPLETED,1.3759019374847412,126.7820797910031,126.7820797910031,4437.372792685109
jid_272115,37329.0,122.0,1,36,85169,85169,85206,JobState.COMPLETED,1.3759019374847412,126.6324195031358,126.6324195031358,4558.767102112888
jid_272115,37329.0,122.0,1,37,85169,85169,85207,JobState.COMPLETED,1.3759019374847412,126.15416481967245,126.15416481967245,4667.70409832788
jid_272115,37329.0,122.0,1,37,85169,85169,85207,JobState.COMPLETED,1.3759019374847412,129.18871938981732,129.18871938981732,4779.982617423241
jid_272115,37329.0,122.0,1,37,85169,85169,85207,JobState.COMPLETED,1.3759019374847412,127.96825082305875,127.96825082305875,4734.825280453174
jid_272115,37329.0,122.0,1,37,85169,85169,85207,JobState.COMPLETED,1.3759019374847412,128.70901527408788,128.70901527408788,4762.233565141251
jid_272115,37329.0,122.0,1,38,85169,85169,85208,JobState.COMPLETED,1.3759019374847412,128.53926437083888,128.53926437083888,4884.4920460918775
jid_272115,37329.0,122.0,1,38,85169,85169,85208,JobState.COMPLETED,1.3759019374847412,126.11202950209831,126.11202950209831,4792.257121079736
jid_272115,37329.0,122.0,1,38,85169,85169,85208,JobState.COMPLETED,1.3759019374847412,128.43743989807874,128.43743989807874,4880.622716126992
jid_272115,37329.0,122.0,1,38,85169,85169,85208,JobState.COMPLETED,1.3759019374847412,128.56309810275025,128.56309810275025,4885.397727904509
jid_272115,37329.0,122.0,1,38,85169,85169,85208,JobState.COMPLETED,1.3759019374847412,128.76641258527394,128.76641258527394,4893.123678240409
jid_272115,37329.0,122.0,1,39,85169,85169,85209,JobState.COMPLETED,1.3759019374847412,125.69733586038619,125.69733586038619,4902.196098555061
jid_272115,37329.0,122.0,1,39,85169,85169,85209,JobState.COMPLETED,1.3759019374847412,128.31015361651384,128.31015361651384,5004.09599104404
jid_272115,37329.0,122.0,1,39,85169,85169,85209,JobState.COMPLETED,1.3759019374847412,129.0824118632678,129.0824118632678,5034.214062667444
jid_272115,37329.0,122.0,1,39,85169,85169,85209,JobState.COMPLETED,1.3759019374847412,128.94018060625027,128.94018060625027,5028.667043643761
jid_272115,37329.0,122.0,1,39,85169,85169,85209,JobState.COMPLETED,1.3759019374847412,125.71981314608223,125.71981314608223,4903.072712697207
jid_272115,37329.0,122.0,1,40,85169,85169,85210,JobState.COMPLETED,1.3759019374847412,129.02376508169536,129.02376508169536,5160.950603267815
jid_272112,37328.0,122.0,1,114,85100,85100,85215,JobState.COMPLETED,1.3717410564422607,125.3031247836002,125.3031247836002,14284.556225330423
jid_272115,37329.0,122.0,1,45,85169,85169,85215,JobState.COMPLETED,1.3759019374847412,124.48683526651041,124.48683526651041,5601.907586992968
jid_272115,37329.0,122.0,1,49,85169,85169,85219,JobState.COMPLETED,1.3759019374847412,123.35445133768863,123.35445133768862,6044.368115546743
jid_272112,37328.0,122.0,1,119,85100,85100,85220,JobState.COMPLETED,1.3717410564422607,123.36702399876329,123.36702399876332,14680.67585585283
jid_272118,37331.0,122.0,50,208,85077,85077,85286,JobState.COMPLETED,0.06442201137542725,119.05608231631895,119.05608231631896,1238183.256089717
jid_272115,37329.0,122.0,1,125,85169,85169,85295,JobState.COMPLETED,1.3759019374847412,124.42380305204436,124.42380305204436,15552.975381505545
jid_272121,37321.0,406.0,8,72,85274,85274,85347,JobState.COMPLETED,0.19528941810131073,176.53061224489795,176.53061224489795,101681.63265306121
jid_272126,37333.0,122.0,1,45,85387,85387,85433,JobState.COMPLETED,1.3079208135604858,129.9982100715969,129.9982100715969,5849.919453221861
jid_272126,37333.0,122.0,1,46,85387,85387,85434,JobState.COMPLETED,1.3079208135604858,128.60559000483752,128.60559000483752,5915.857140222526
jid_272126,37333.0,122.0,1,46,85387,85387,85434,JobState.COMPLETED,1.3079208135604858,126.83992817284836,126.83992817284836,5834.636695951024
jid_272126,37333.0,122.0,1,49,85387,85387,85437,JobState.COMPLETED,1.3079208135604858,127.40189508621299,127.40189508621299,6242.692859224437
jid_272126,37333.0,122.0,1,49,85387,85387,85437,JobState.COMPLETED,1.3079208135604858,127.12733873411317,127.12733873411317,6229.239597971545
jid_272126,37333.0,122.0,1,50,85387,85387,85438,JobState.COMPLETED,1.3079208135604858,127.00926939719035,127.00926939719035,6350.463469859517
jid_272126,37333.0,122.0,1,51,85387,85387,85439,JobState.COMPLETED,1.3079208135604858,126.26368545070055,126.26368545070054,6439.447957985728
jid_272126,37333.0,122.0,1,51,85387,85387,85439,JobState.COMPLETED,1.3079208135604858,125.82920318888513,125.82920318888515,6417.2893626331415
jid_272126,37333.0,122.0,1,51,85387,85387,85439,JobState.COMPLETED,1.3079208135604858,127.13006190493148,127.13006190493147,6483.633157151506
jid_272126,37333.0,122.0,1,52,85387,85387,85440,JobState.COMPLETED,1.3079208135604858,126.11270782725707,126.11270782725707,6557.860807017368
jid_272126,37333.0,122.0,1,53,85387,85387,85441,JobState.COMPLETED,1.3079208135604858,126.30045373248159,126.30045373248159,6693.924047821524
jid_272126,37333.0,122.0,1,53,85387,85387,85441,JobState.COMPLETED,1.3079208135604858,126.14337773231814,126.14337773231814,6685.599019812862
jid_272126,37333.0,122.0,1,53,85387,85387,85441,JobState.COMPLETED,1.3079208135604858,125.69748835044946,125.69748835044946,6661.966882573822
jid_272126,37333.0,122.0,1,69,85387,85387,85457,JobState.COMPLETED,1.3079208135604858,124.5295652061991,124.5295652061991,8592.539999227738
jid_272126,37333.0,122.0,1,122,85387,85387,85510,JobState.COMPLETED,1.3079208135604858,128.35637978258552,128.35637978258555,15659.478333475434
jid_272126,37333.0,122.0,1,124,85387,85387,85512,JobState.COMPLETED,1.3079208135604858,129.16767384036848,129.16767384036848,16016.791556205691
jid_272129,37337.0,122.0,1,32,85517,85517,85550,JobState.COMPLETED,1.037113904953003,129.68507143459325,129.68507143459325,4149.922285906984
jid_272131,37338.0,122.0,50,236,85326,85326,85563,JobState.COMPLETED,0.08196177333593369,118.96036739811876,118.96036739811875,1403732.3352978013
jid_272135,37339.0,122.0,1,33,85597,85597,85631,JobState.COMPLETED,1.466011881828308,127.69516075715583,127.69516075715583,4213.940304986142
jid_272135,37339.0,122.0,1,34,85597,85597,85632,JobState.COMPLETED,1.466011881828308,127.33195891779455,127.33195891779455,4329.286603205015
jid_272135,37339.0,122.0,1,34,85597,85597,85632,JobState.COMPLETED,1.466011881828308,127.45564439510714,127.45564439510714,4333.491909433643
jid_272135,37339.0,122.0,1,34,85597,85597,85632,JobState.COMPLETED,1.466011881828308,127.92475724105226,127.92475724105226,4349.441746195777
jid_272135,37339.0,122.0,1,35,85597,85597,85633,JobState.COMPLETED,1.466011881828308,128.19613321160594,128.19613321160594,4486.864662406208
jid_272135,37339.0,122.0,1,36,85597,85597,85634,JobState.COMPLETED,1.466011881828308,125.82447856564463,125.82447856564463,4529.681228363206
jid_272135,37339.0,122.0,1,36,85597,85597,85634,JobState.COMPLETED,1.466011881828308,126.30641584082407,126.30641584082407,4547.030970269667
jid_272135,37339.0,122.0,1,36,85597,85597,85634,JobState.COMPLETED,1.466011881828308,127.22887890235208,127.22887890235208,4580.239640484675
jid_272135,37339.0,122.0,1,37,85597,85597,85635,JobState.COMPLETED,1.466011881828308,125.23242366193774,125.23242366193774,4633.599675491697
jid_272135,37339.0,122.0,1,38,85597,85597,85636,JobState.COMPLETED,1.466011881828308,124.21718558152477,124.21718558152477,4720.253052097942
jid_272135,37339.0,122.0,1,38,85597,85597,85636,JobState.COMPLETED,1.466011881828308,124.68236648061058,124.68236648061058,4737.929926263202
jid_272135,37339.0,122.0,1,38,85597,85597,85636,JobState.COMPLETED,1.466011881828308,124.5594704721529,124.5594704721529,4733.25987794181
jid_272135,37339.0,122.0,1,39,85597,85597,85637,JobState.COMPLETED,1.466011881828308,123.84326277218159,123.84326277218159,4829.887248115082
jid_272135,37339.0,122.0,1,39,85597,85597,85637,JobState.COMPLETED,1.466011881828308,123.87083044651085,123.87083044651085,4830.962387413923
jid_272135,37339.0,122.0,1,39,85597,85597,85637,JobState.COMPLETED,1.466011881828308,123.71798624613714,123.71798624613714,4825.001463599348
jid_272135,37339.0,122.0,1,39,85597,85597,85637,JobState.COMPLETED,1.466011881828308,123.97774349620278,123.97774349620278,4835.131996351908
jid_272135,37339.0,122.0,1,39,85597,85597,85637,JobState.COMPLETED,1.466011881828308,123.85499562691106,123.85499562691106,4830.344829449531
jid_272135,37339.0,122.0,1,39,85597,85597,85637,JobState.COMPLETED,1.466011881828308,123.97386697180276,123.97386697180276,4834.980811900307
jid_272135,37339.0,122.0,1,40,85597,85597,85638,JobState.COMPLETED,1.466011881828308,123.30392047604195,123.30392047604197,4932.156819041678
jid_272135,37339.0,122.0,1,40,85597,85597,85638,JobState.COMPLETED,1.466011881828308,123.60635860868433,123.60635860868433,4944.254344347373
jid_272136,319.0,144.0,1,2,85640,85640,85643,JobState.COMPLETED,0.5863650441169739,176.53061224489795,176.53061224489795,353.0612244897959
jid_272140,37340.0,122.0,1,45,85697,85697,85743,JobState.COMPLETED,1.3218976259231567,129.32082063127476,129.32082063127476,5819.436928407364
jid_272140,37340.0,122.0,1,45,85697,85697,85743,JobState.COMPLETED,1.3218976259231567,128.86002854923942,128.86002854923942,5798.701284715774
jid_272140,37340.0,122.0,1,45,85697,85697,85743,JobState.COMPLETED,1.3218976259231567,128.93679260090536,128.93679260090536,5802.155667040742
jid_272140,37340.0,122.0,1,45,85697,85697,85743,JobState.COMPLETED,1.3218976259231567,128.8815086442938,128.8815086442938,5799.667888993221
jid_272140,37340.0,122.0,1,45,85697,85697,85743,JobState.COMPLETED,1.3218976259231567,129.5068969872224,129.5068969872224,5827.810364425009
jid_272140,37340.0,122.0,1,46,85697,85697,85744,JobState.COMPLETED,1.3218976259231567,128.75713539365753,128.75713539365753,5922.828228108247
jid_272140,37340.0,122.0,1,48,85697,85697,85746,JobState.COMPLETED,1.3218976259231567,127.28615723221273,127.28615723221273,6109.735547146211
jid_272140,37340.0,122.0,1,49,85697,85697,85747,JobState.COMPLETED,1.3218976259231567,127.77266231810741,127.7726623181074,6260.860453587263
jid_272140,37340.0,122.0,1,49,85697,85697,85747,JobState.COMPLETED,1.3218976259231567,127.99794715400199,127.99794715400198,6271.899410546098
jid_272140,37340.0,122.0,1,50,85697,85697,85748,JobState.COMPLETED,1.3218976259231567,127.59277331472948,127.5927733147295,6379.638665736475
jid_272140,37340.0,122.0,1,50,85697,85697,85748,JobState.COMPLETED,1.3218976259231567,127.35276466968264,127.35276466968264,6367.638233484132
jid_272140,37340.0,122.0,1,51,85697,85697,85749,JobState.COMPLETED,1.3218976259231567,126.09746715509861,126.09746715509861,6430.9708249100295
jid_272140,37340.0,122.0,1,51,85697,85697,85749,JobState.COMPLETED,1.3218976259231567,126.47400962687361,126.47400962687361,6450.174490970554
jid_272140,37340.0,122.0,1,53,85697,85697,85751,JobState.COMPLETED,1.3218976259231567,125.55220372826135,125.55220372826133,6654.266797597851
jid_272140,37340.0,122.0,1,53,85697,85697,85751,JobState.COMPLETED,1.3218976259231567,124.70069611070288,124.70069611070286,6609.136893867252
jid_272140,37340.0,122.0,1,53,85697,85697,85751,JobState.COMPLETED,1.3218976259231567,125.42744589977792,125.42744589977792,6647.65463268823
jid_272140,37340.0,122.0,1,54,85697,85697,85752,JobState.COMPLETED,1.3218976259231567,125.233480188656,125.233480188656,6762.607930187424
jid_272140,37340.0,122.0,1,54,85697,85697,85752,JobState.COMPLETED,1.3218976259231567,125.08363929817564,125.08363929817564,6754.516522101485
jid_272140,37340.0,122.0,1,54,85697,85697,85752,JobState.COMPLETED,1.3218976259231567,125.4823083764244,125.48230837642441,6776.0446523269175
jid_272140,37340.0,122.0,1,54,85697,85697,85752,JobState.COMPLETED,1.3218976259231567,125.65265441239943,125.65265441239941,6785.243338269569
jid_272140,37340.0,122.0,1,55,85697,85697,85753,JobState.COMPLETED,1.3218976259231567,125.37895751301794,125.37895751301794,6895.842663215986
jid_272140,37340.0,122.0,1,55,85697,85697,85753,JobState.COMPLETED,1.3218976259231567,124.88613287324684,124.88613287324684,6868.737308028576
jid_272140,37340.0,122.0,1,55,85697,85697,85753,JobState.COMPLETED,1.3218976259231567,124.61448415254527,124.61448415254526,6853.7966283899905
jid_272140,37340.0,122.0,1,57,85697,85697,85755,JobState.COMPLETED,1.3218976259231567,124.5187183047522,124.51871830475221,7097.566943370875
jid_272140,37340.0,122.0,1,57,85697,85697,85755,JobState.COMPLETED,1.3218976259231567,124.47883276461711,124.47883276461711,7095.293467583176
jid_272143,37318.0,122.0,1,33,85753,85753,85787,JobState.COMPLETED,1.2031697034835815,128.07058354414593,128.07058354414593,4226.329256956816
jid_272143,37318.0,122.0,1,37,85753,85753,85791,JobState.COMPLETED,1.2031697034835815,126.34092073947926,126.34092073947926,4674.614067360732
jid_272143,37318.0,122.0,1,38,85753,85753,85792,JobState.COMPLETED,1.2031697034835815,125.10406005662743,125.10406005662743,4753.954282151843
jid_272143,37318.0,122.0,1,42,85753,85753,85796,JobState.COMPLETED,1.2031697034835815,124.10410284484473,124.10410284484475,5212.372319483478
jid_272143,37318.0,122.0,1,43,85753,85753,85797,JobState.COMPLETED,1.2031697034835815,123.53769163359611,123.53769163359613,5312.1207402446325
jid_272143,37318.0,122.0,1,43,85753,85753,85797,JobState.COMPLETED,1.2031697034835815,123.55409480669701,123.55409480669701,5312.826076687971
jid_272143,37318.0,122.0,1,44,85753,85753,85798,JobState.COMPLETED,1.2031697034835815,123.36789504502686,123.36789504502686,5428.187381981182
jid_272143,37318.0,122.0,1,44,85753,85753,85798,JobState.COMPLETED,1.2031697034835815,122.96447282653772,122.96447282653772,5410.4368043676595
jid_272143,37318.0,122.0,1,44,85753,85753,85798,JobState.COMPLETED,1.2031697034835815,125.82062228261671,125.82062228261671,5536.107380435135
jid_272143,37318.0,122.0,1,45,85753,85753,85799,JobState.COMPLETED,1.2031697034835815,125.30848513965387,125.30848513965385,5638.881831284424
jid_272143,37318.0,122.0,1,45,85753,85753,85799,JobState.COMPLETED,1.2031697034835815,125.02449753728305,125.02449753728307,5626.102389177738
jid_272143,37318.0,122.0,1,46,85753,85753,85800,JobState.COMPLETED,1.2031697034835815,122.72517113333053,122.72517113333053,5645.357872133204
jid_272143,37318.0,122.0,1,46,85753,85753,85800,JobState.COMPLETED,1.2031697034835815,122.48710605472453,122.48710605472455,5634.406878517329
jid_272143,37318.0,122.0,1,46,85753,85753,85800,JobState.COMPLETED,1.2031697034835815,124.93985745147889,124.93985745147889,5747.233442768029
jid_272143,37318.0,122.0,1,46,85753,85753,85800,JobState.COMPLETED,1.2031697034835815,122.2439615669894,122.24396156698941,5623.222232081513
jid_272143,37318.0,122.0,1,47,85753,85753,85801,JobState.COMPLETED,1.2031697034835815,124.21610877833481,124.21610877833483,5838.157112581736
jid_272143,37318.0,122.0,1,48,85753,85753,85802,JobState.COMPLETED,1.2031697034835815,121.9388219720011,121.9388219720011,5853.063454656052
jid_272143,37318.0,122.0,1,48,85753,85753,85802,JobState.COMPLETED,1.2031697034835815,122.04643512697751,122.0464351269775,5858.228886094921
jid_272140,37340.0,122.0,1,115,85697,85697,85813,JobState.COMPLETED,1.3218976259231567,119.67763558868226,119.67763558868226,13762.928092698461
jid_272143,37318.0,122.0,1,139,85753,85753,85893,JobState.COMPLETED,1.2031697034835815,119.25887541708566,119.25887541708569,16576.983682974907
jid_272160,37347.0,122.0,1,45,85869,85869,85915,JobState.COMPLETED,0.99394291639328,128.74161313878483,128.74161313878483,5793.372591245317
jid_272155,37345.0,122.0,1,56,85859,85859,85916,JobState.COMPLETED,1.036826252937317,124.60805230109395,124.60805230109395,6978.050928861261
jid_272155,37345.0,122.0,1,56,85859,85859,85916,JobState.COMPLETED,1.036826252937317,126.23890361180383,126.23890361180383,7069.378602261015
jid_272164,37346.0,75.0,432,24,85892,85892,85917,JobState.COMPLETED,0.014599801041185856,176.53061224489795,176.53061224489795,1830269.387755102
jid_272155,37345.0,122.0,1,58,85859,85859,85918,JobState.COMPLETED,1.036826252937317,126.72801365977556,126.72801365977556,7350.224792266982
jid_272155,37345.0,122.0,1,60,85859,85859,85920,JobState.COMPLETED,1.036826252937317,126.58206945228838,126.5820694522884,7594.924167137303
jid_272155,37345.0,122.0,1,64,85859,85859,85924,JobState.COMPLETED,1.036826252937317,125.46879790117512,125.46879790117514,8030.003065675208
jid_272155,37345.0,122.0,1,65,85859,85859,85925,JobState.COMPLETED,1.036826252937317,121.92080116072337,121.92080116072337,7924.852075447019
jid_272160,37347.0,122.0,1,55,85869,85869,85925,JobState.COMPLETED,0.99394291639328,124.98180915884711,124.98180915884711,6873.999503736592
jid_272155,37345.0,122.0,1,68,85859,85859,85928,JobState.COMPLETED,1.036826252937317,122.18932273941981,122.18932273941981,8308.873946280546
jid_272155,37345.0,122.0,1,68,85859,85859,85928,JobState.COMPLETED,1.036826252937317,122.23389678015653,122.23389678015651,8311.904981050644
jid_272160,37347.0,122.0,1,59,85869,85869,85929,JobState.COMPLETED,0.99394291639328,125.14532546541227,125.14532546541227,7383.574202459324
jid_272160,37347.0,122.0,1,62,85869,85869,85932,JobState.COMPLETED,0.99394291639328,123.42256966288174,123.42256966288174,7652.199319098668
jid_272160,37347.0,122.0,1,65,85869,85869,85935,JobState.COMPLETED,0.99394291639328,122.76525275115922,122.76525275115924,7979.741428825349
jid_272160,37347.0,122.0,1,65,85869,85869,85935,JobState.COMPLETED,0.99394291639328,122.90200516472534,122.90200516472535,7988.630335707147
jid_272155,37345.0,122.0,1,80,85859,85859,85940,JobState.COMPLETED,1.036826252937317,121.62889766377955,121.62889766377954,9730.311813102364
jid_272160,37347.0,122.0,1,70,85869,85869,85940,JobState.COMPLETED,0.99394291639328,122.91738050624598,122.91738050624598,8604.216635437218
jid_272155,37345.0,122.0,1,82,85859,85859,85942,JobState.COMPLETED,1.036826252937317,121.52236822721082,121.52236822721085,9964.834194631287
jid_272155,37345.0,122.0,1,106,85859,85859,85966,JobState.COMPLETED,1.036826252937317,119.62965388215186,119.6296538821519,12680.743311508097
jid_272155,37345.0,122.0,1,108,85859,85859,85968,JobState.COMPLETED,1.036826252937317,119.56218042021001,119.56218042020998,12912.715485382681
jid_272155,37345.0,122.0,1,113,85859,85859,85973,JobState.COMPLETED,1.036826252937317,119.38813284227011,119.38813284227011,13490.859011176522
jid_272155,37345.0,122.0,1,114,85859,85859,85974,JobState.COMPLETED,1.036826252937317,120.15143251397785,120.15143251397785,13697.263306593475
jid_272155,37345.0,122.0,1,114,85859,85859,85974,JobState.COMPLETED,1.036826252937317,119.57488685147676,119.57488685147673,13631.53710106835
jid_272155,37345.0,122.0,1,119,85859,85859,85979,JobState.COMPLETED,1.036826252937317,120.1725657214197,120.1725657214197,14300.535320848945
jid_272160,37347.0,122.0,1,109,85869,85869,85979,JobState.COMPLETED,0.99394291639328,120.33584394126243,120.33584394126243,13116.606989597605
jid_272155,37345.0,122.0,1,120,85859,85859,85980,JobState.COMPLETED,1.036826252937317,119.60086778478056,119.60086778478052,14352.104134173667
jid_272160,37347.0,122.0,1,110,85869,85869,85980,JobState.COMPLETED,0.99394291639328,120.50371927102651,120.50371927102651,13255.409119812917
jid_272160,37347.0,122.0,1,111,85869,85869,85981,JobState.COMPLETED,0.99394291639328,120.41761861027247,120.41761861027247,13366.355665740244
jid_272160,37347.0,122.0,1,111,85869,85869,85981,JobState.COMPLETED,0.99394291639328,120.35495604309087,120.35495604309087,13359.400120783086
jid_272160,37347.0,122.0,1,113,85869,85869,85983,JobState.COMPLETED,0.99394291639328,120.22307686124697,120.22307686124698,13585.207685320907
jid_272160,37347.0,122.0,1,113,85869,85869,85983,JobState.COMPLETED,0.99394291639328,120.20909278236697,120.209092782367,13583.627484407467
jid_272160,37347.0,122.0,1,113,85869,85869,85983,JobState.COMPLETED,0.99394291639328,120.27345724758264,120.27345724758263,13590.900668976838
jid_272160,37347.0,122.0,1,115,85869,85869,85985,JobState.COMPLETED,0.99394291639328,120.15753877523842,120.15753877523842,13818.116959152418
jid_272160,37347.0,122.0,1,115,85869,85869,85985,JobState.COMPLETED,0.99394291639328,119.8791527946208,119.87915279462082,13786.10257138139
jid_272160,37347.0,122.0,1,115,85869,85869,85985,JobState.COMPLETED,0.99394291639328,120.13099444676034,120.13099444676037,13815.06436137744
jid_272160,37347.0,122.0,1,115,85869,85869,85985,JobState.COMPLETED,0.99394291639328,120.17336693175632,120.1733669317563,13819.937197151978
jid_272160,37347.0,122.0,1,116,85869,85869,85986,JobState.COMPLETED,0.99394291639328,120.02400947739558,120.02400947739562,13922.785099377887
jid_272160,37347.0,122.0,1,117,85869,85869,85987,JobState.COMPLETED,0.99394291639328,120.02819104894296,120.02819104894294,14043.298352726326
jid_272160,37347.0,122.0,1,117,85869,85869,85987,JobState.COMPLETED,0.99394291639328,120.2789158449907,120.2789158449907,14072.633153863913
jid_272168,16441.0,79.0,1,146,85841,85841,85988,JobState.COMPLETED,1.1573220491409302,176.5306122448979,176.53061224489795,25773.469387755093
jid_272160,37347.0,122.0,1,119,85869,85869,85989,JobState.COMPLETED,0.99394291639328,120.06749132565051,120.06749132565051,14288.031467752411
jid_272160,37347.0,122.0,1,120,85869,85869,85990,JobState.COMPLETED,0.99394291639328,120.01413052293628,120.01413052293628,14401.695662752354
jid_272172,37348.0,122.0,1,32,86003,86003,86036,JobState.COMPLETED,1.3958231210708618,128.0339686399606,128.0339686399606,4097.086996478739
jid_272172,37348.0,122.0,1,33,86003,86003,86037,JobState.COMPLETED,1.3958231210708618,128.3237927208148,128.3237927208148,4234.685159786888
jid_272172,37348.0,122.0,1,33,86003,86003,86037,JobState.COMPLETED,1.3958231210708618,127.72147948815758,127.72147948815758,4214.808823109201
jid_272172,37348.0,122.0,1,34,86003,86003,86038,JobState.COMPLETED,1.3958231210708618,127.83877014667216,127.83877014667216,4346.518184986853
jid_272172,37348.0,122.0,1,34,86003,86003,86038,JobState.COMPLETED,1.3958231210708618,127.69769227769852,127.69769227769852,4341.72153744175
jid_272172,37348.0,122.0,1,35,86003,86003,86039,JobState.COMPLETED,1.3958231210708618,126.1496852011542,126.1496852011542,4415.238982040397
jid_272172,37348.0,122.0,1,35,86003,86003,86039,JobState.COMPLETED,1.3958231210708618,127.19920852517602,127.19920852517602,4451.972298381161
jid_272172,37348.0,122.0,1,36,86003,86003,86040,JobState.COMPLETED,1.3958231210708618,126.58258577121084,126.58258577121084,4556.97308776359
jid_272172,37348.0,122.0,1,37,86003,86003,86041,JobState.COMPLETED,1.3958231210708618,124.25177167770127,124.25177167770127,4597.315552074947
jid_272172,37348.0,122.0,1,37,86003,86003,86041,JobState.COMPLETED,1.3958231210708618,126.20625750501621,126.20625750501621,4669.631527685599
jid_272172,37348.0,122.0,1,38,86003,86003,86042,JobState.COMPLETED,1.3958231210708618,124.84220527505498,124.84220527505498,4744.003800452089
jid_272172,37348.0,122.0,1,39,86003,86003,86043,JobState.COMPLETED,1.3958231210708618,124.49512052556697,124.49512052556697,4855.309700497112
jid_272172,37348.0,122.0,1,39,86003,86003,86043,JobState.COMPLETED,1.3958231210708618,125.05430782701484,125.05430782701484,4877.118005253578
jid_272172,37348.0,122.0,1,41,86003,86003,86045,JobState.COMPLETED,1.3958231210708618,128.0681840759355,128.0681840759355,5250.7955471133555
jid_272172,37348.0,122.0,1,41,86003,86003,86045,JobState.COMPLETED,1.3958231210708618,124.77670709458782,124.77670709458782,5115.8449908781
jid_272172,37348.0,122.0,1,43,86003,86003,86047,JobState.COMPLETED,1.3958231210708618,127.50703967587519,127.5070396758752,5482.802706062634
jid_272172,37348.0,122.0,1,45,86003,86003,86049,JobState.COMPLETED,1.3958231210708618,121.97172882956242,121.97172882956242,5488.727797330309
jid_272172,37348.0,122.0,1,50,86003,86003,86054,JobState.COMPLETED,1.3958231210708618,122.16055034935262,122.1605503493526,6108.027517467631
jid_272175,37349.0,122.0,1,48,86023,86023,86072,JobState.COMPLETED,1.233838677406311,127.35863472478636,127.35863472478637,6113.214466789745
jid_272175,37349.0,122.0,1,51,86023,86023,86075,JobState.COMPLETED,1.233838677406311,127.40830866533175,127.40830866533175,6497.823741931919
jid_272175,37349.0,122.0,1,52,86023,86023,86076,JobState.COMPLETED,1.233838677406311,125.87134484043695,125.87134484043695,6545.309931702721
jid_272175,37349.0,122.0,1,55,86023,86023,86079,JobState.COMPLETED,1.233838677406311,125.58436493296666,125.58436493296666,6907.140071313166
jid_272175,37349.0,122.0,1,56,86023,86023,86080,JobState.COMPLETED,1.233838677406311,125.2801363094381,125.2801363094381,7015.687633328534
jid_272175,37349.0,122.0,1,58,86023,86023,86082,JobState.COMPLETED,1.233838677406311,124.51639362065897,124.51639362065897,7221.950829998221
jid_272175,37349.0,122.0,1,60,86023,86023,86084,JobState.COMPLETED,1.233838677406311,124.24049201933984,124.24049201933983,7454.42952116039
jid_272175,37349.0,122.0,1,61,86023,86023,86085,JobState.COMPLETED,1.233838677406311,123.5408058351676,123.54080583516762,7535.9891559452235
jid_272175,37349.0,122.0,1,64,86023,86023,86088,JobState.COMPLETED,1.233838677406311,123.1600892191626,123.16008921916259,7882.245710026406
jid_272175,37349.0,122.0,1,65,86023,86023,86089,JobState.COMPLETED,1.233838677406311,123.43466461475114,123.43466461475116,8023.253199958825
jid_272175,37349.0,122.0,1,66,86023,86023,86090,JobState.COMPLETED,1.233838677406311,123.46895311014576,123.46895311014576,8148.95090526962
jid_272175,37349.0,122.0,1,67,86023,86023,86091,JobState.COMPLETED,1.233838677406311,122.91800340768079,122.9180034076808,8235.506228314613
jid_272175,37349.0,122.0,1,68,86023,86023,86092,JobState.COMPLETED,1.233838677406311,123.00521734164839,123.00521734164839,8364.35477923209
jid_272175,37349.0,122.0,1,69,86023,86023,86093,JobState.COMPLETED,1.233838677406311,123.07285351532927,123.07285351532929,8492.02689255772
jid_272175,37349.0,122.0,1,70,86023,86023,86094,JobState.COMPLETED,1.233838677406311,122.87872872525897,122.87872872525898,8601.511010768128
jid_272175,37349.0,122.0,1,73,86023,86023,86097,JobState.COMPLETED,1.233838677406311,122.76857575676978,122.76857575676976,8962.106030244193
jid_272175,37349.0,122.0,1,74,86023,86023,86098,JobState.COMPLETED,1.233838677406311,122.56443909621056,122.56443909621056,9069.768493119582
jid_272175,37349.0,122.0,1,74,86023,86023,86098,JobState.COMPLETED,1.233838677406311,122.37356715346051,122.37356715346051,9055.643969356079
jid_272175,37349.0,122.0,1,75,86023,86023,86099,JobState.COMPLETED,1.233838677406311,122.46802541536405,122.46802541536402,9185.101906152304
jid_272181,16452.0,79.0,1,12,86163,86163,86176,JobState.COMPLETED,1.2361518144607544,176.53061224489795,176.53061224489795,2118.3673469387754
jid_272184,37318.0,122.0,1,31,86188,86188,86220,JobState.COMPLETED,1.2052648067474365,127.53086634647231,127.53086634647231,3953.4568567406413
jid_272184,37318.0,122.0,1,31,86188,86188,86220,JobState.COMPLETED,1.2052648067474365,128.16482425393977,128.16482425393977,3973.1095518721327
jid_272184,37318.0,122.0,1,33,86188,86188,86222,JobState.COMPLETED,1.2052648067474365,128.11530488457913,128.11530488457913,4227.805061191111
jid_272184,37318.0,122.0,1,33,86188,86188,86222,JobState.COMPLETED,1.2052648067474365,128.64273391087212,128.64273391087212,4245.21021905878
jid_272184,37318.0,122.0,1,33,86188,86188,86222,JobState.COMPLETED,1.2052648067474365,128.62282720217402,128.62282720217402,4244.553297671743
jid_272184,37318.0,122.0,1,34,86188,86188,86223,JobState.COMPLETED,1.2052648067474365,126.32069581688484,126.32069581688484,4294.903657774084
jid_272184,37318.0,122.0,1,34,86188,86188,86223,JobState.COMPLETED,1.2052648067474365,127.13261910949599,127.13261910949599,4322.509049722864
jid_272184,37318.0,122.0,1,34,86188,86188,86223,JobState.COMPLETED,1.2052648067474365,127.81029706285749,127.81029706285749,4345.550100137155
jid_272184,37318.0,122.0,1,36,86188,86188,86225,JobState.COMPLETED,1.2052648067474365,127.15959524149983,127.15959524149983,4577.745428693994
jid_272184,37318.0,122.0,1,37,86188,86188,86226,JobState.COMPLETED,1.2052648067474365,125.24943257061688,125.24943257061688,4634.229005112825
jid_272184,37318.0,122.0,1,37,86188,86188,86226,JobState.COMPLETED,1.2052648067474365,128.97062462277458,128.97062462277458,4771.91311104266
jid_272184,37318.0,122.0,1,37,86188,86188,86226,JobState.COMPLETED,1.2052648067474365,124.69357435237802,124.69357435237802,4613.662251037987
jid_272184,37318.0,122.0,1,37,86188,86188,86226,JobState.COMPLETED,1.2052648067474365,125.1111348313167,125.1111348313167,4629.111988758718
jid_272184,37318.0,122.0,1,37,86188,86188,86226,JobState.COMPLETED,1.2052648067474365,124.54514988688294,124.54514988688294,4608.170545814669
jid_272184,37318.0,122.0,1,37,86188,86188,86226,JobState.COMPLETED,1.2052648067474365,126.19253357949096,126.19253357949096,4669.123742441166
jid_272184,37318.0,122.0,1,38,86188,86188,86227,JobState.COMPLETED,1.2052648067474365,128.07888359133852,128.07888359133852,4866.997576470864
jid_272184,37318.0,122.0,1,38,86188,86188,86227,JobState.COMPLETED,1.2052648067474365,125.40925824984167,125.40925824984167,4765.551813493984
jid_272184,37318.0,122.0,1,47,86188,86188,86236,JobState.COMPLETED,1.2052648067474365,122.65011358454849,122.65011358454849,5764.55533847378
jid_272184,37318.0,122.0,1,47,86188,86188,86236,JobState.COMPLETED,1.2052648067474365,122.70979058689295,122.70979058689295,5767.360157583968
jid_272184,37318.0,122.0,1,47,86188,86188,86236,JobState.COMPLETED,1.2052648067474365,122.35390504534175,122.35390504534175,5750.633537131062
jid_272186,37351.0,122.0,1,44,86235,86235,86280,JobState.COMPLETED,1.2373969554901123,129.9112144214542,129.9112144214542,5716.093434543985
jid_272186,37351.0,122.0,1,45,86235,86235,86281,JobState.COMPLETED,1.2373969554901123,129.4573871538576,129.4573871538576,5825.582421923593
jid_272186,37351.0,122.0,1,46,86235,86235,86282,JobState.COMPLETED,1.2373969554901123,130.29064976949255,130.29064976949255,5993.3698893966575
jid_272186,37351.0,122.0,1,46,86235,86235,86282,JobState.COMPLETED,1.2373969554901123,128.7392746393228,128.7392746393228,5922.006633408848
jid_272186,37351.0,122.0,1,46,86235,86235,86282,JobState.COMPLETED,1.2373969554901123,130.0312548689236,130.0312548689236,5981.437723970486
jid_272186,37351.0,122.0,1,46,86235,86235,86282,JobState.COMPLETED,1.2373969554901123,129.2771264397349,129.2771264397349,5946.747816227806
jid_272186,37351.0,122.0,1,46,86235,86235,86282,JobState.COMPLETED,1.2373969554901123,130.04101790988003,130.04101790988003,5981.886823854481
jid_272186,37351.0,122.0,1,46,86235,86235,86282,JobState.COMPLETED,1.2373969554901123,128.9963280284356,128.9963280284356,5933.831089308038
jid_272186,37351.0,122.0,1,46,86235,86235,86282,JobState.COMPLETED,1.2373969554901123,130.0446935275204,130.0446935275204,5982.055902265938
jid_272186,37351.0,122.0,1,47,86235,86235,86283,JobState.COMPLETED,1.2373969554901123,129.92907522242965,129.92907522242965,6106.666535454194
jid_272186,37351.0,122.0,1,47,86235,86235,86283,JobState.COMPLETED,1.2373969554901123,129.9967525810296,129.9967525810296,6109.847371308391
jid_272186,37351.0,122.0,1,49,86235,86235,86285,JobState.COMPLETED,1.2373969554901123,127.04414523974455,127.04414523974457,6225.163116747483
jid_272186,37351.0,122.0,1,55,86235,86235,86291,JobState.COMPLETED,1.2373969554901123,125.4794907447312,125.4794907447312,6901.371990960216
jid_272186,37351.0,122.0,1,55,86235,86235,86291,JobState.COMPLETED,1.2373969554901123,125.49107160885141,125.49107160885143,6902.008938486828
jid_272186,37351.0,122.0,1,56,86235,86235,86292,JobState.COMPLETED,1.2373969554901123,124.94961557677884,124.94961557677884,6997.178472299615
jid_272186,37351.0,122.0,1,56,86235,86235,86292,JobState.COMPLETED,1.2373969554901123,129.75812891516807,129.75812891516807,7266.455219249412
jid_272186,37351.0,122.0,1,58,86235,86235,86294,JobState.COMPLETED,1.2373969554901123,124.96327215042619,124.96327215042619,7247.8697847247195
jid_272186,37351.0,122.0,1,59,86235,86235,86295,JobState.COMPLETED,1.2373969554901123,125.9742099202025,125.9742099202025,7432.478385291947
jid_272189,37353.0,122.0,1,44,86263,86263,86308,JobState.COMPLETED,1.201978087425232,121.99871738142733,121.99871738142733,5367.943564782802
jid_272189,37353.0,122.0,1,49,86263,86263,86313,JobState.COMPLETED,1.201978087425232,128.0012085435027,128.0012085435027,6272.059218631633
jid_272189,37353.0,122.0,1,51,86263,86263,86315,JobState.COMPLETED,1.201978087425232,127.11285640672554,127.11285640672554,6482.755676743002
jid_272189,37353.0,122.0,1,51,86263,86263,86315,JobState.COMPLETED,1.201978087425232,127.93903093368515,127.93903093368515,6524.890577617943
jid_272191,37354.0,122.0,1,42,86272,86272,86315,JobState.COMPLETED,1.1914232969284058,128.2823519113208,128.2823519113208,5387.858780275474
jid_272189,37353.0,122.0,1,52,86263,86263,86316,JobState.COMPLETED,1.201978087425232,123.36016701905005,123.36016701905004,6414.728684990603
jid_272189,37353.0,122.0,1,53,86263,86263,86317,JobState.COMPLETED,1.201978087425232,123.36784575118229,123.36784575118229,6538.495824812661
jid_272191,37354.0,122.0,1,44,86272,86272,86317,JobState.COMPLETED,1.1914232969284058,122.7856871205397,122.7856871205397,5402.570233303747
jid_272189,37353.0,122.0,1,54,86263,86263,86318,JobState.COMPLETED,1.201978087425232,120.50772568484446,120.50772568484446,6507.417186981601
jid_272189,37353.0,122.0,1,56,86263,86263,86320,JobState.COMPLETED,1.201978087425232,120.24425537581301,120.244255375813,6733.678301045528
jid_272189,37353.0,122.0,1,56,86263,86263,86320,JobState.COMPLETED,1.201978087425232,120.25391208506203,120.25391208506204,6734.219076763474
jid_272191,37354.0,122.0,1,53,86272,86272,86326,JobState.COMPLETED,1.1914232969284058,127.20816281420652,127.20816281420652,6742.032629152945
jid_272191,37354.0,122.0,1,53,86272,86272,86326,JobState.COMPLETED,1.1914232969284058,127.68170996403923,127.68170996403923,6767.130628094079
jid_272189,37353.0,122.0,1,63,86263,86263,86327,JobState.COMPLETED,1.201978087425232,128.37644033415518,128.37644033415518,8087.715741051776
jid_272189,37353.0,122.0,1,64,86263,86263,86328,JobState.COMPLETED,1.201978087425232,121.20524916730484,121.20524916730486,7757.13594670751
jid_272189,37353.0,122.0,1,64,86263,86263,86328,JobState.COMPLETED,1.201978087425232,121.22423433709322,121.22423433709322,7758.350997573966
jid_272189,37353.0,122.0,1,64,86263,86263,86328,JobState.COMPLETED,1.201978087425232,119.2869554865183,119.28695548651828,7634.365151137171
jid_272191,37354.0,122.0,1,56,86272,86272,86329,JobState.COMPLETED,1.1914232969284058,128.38309355995398,128.38309355995398,7189.453239357423
jid_272191,37354.0,122.0,1,57,86272,86272,86330,JobState.COMPLETED,1.1914232969284058,129.36952149076333,129.36952149076333,7374.06272497351
jid_272191,37354.0,122.0,1,58,86272,86272,86331,JobState.COMPLETED,1.1914232969284058,128.0735010156022,128.07350101560218,7428.263058904928
jid_272189,37353.0,122.0,1,69,86263,86263,86333,JobState.COMPLETED,1.201978087425232,122.97962206471824,122.97962206471824,8485.59392246556
jid_272191,37354.0,122.0,1,61,86272,86272,86334,JobState.COMPLETED,1.1914232969284058,128.870526969117,128.870526969117,7861.102145116138
jid_272191,37354.0,122.0,1,64,86272,86272,86337,JobState.COMPLETED,1.1914232969284058,121.15026666113616,121.15026666113619,7753.617066312714
jid_272191,37354.0,122.0,1,64,86272,86272,86337,JobState.COMPLETED,1.1914232969284058,127.8578113765234,127.85781137652341,8182.899928097498
jid_272191,37354.0,122.0,1,68,86272,86272,86341,JobState.COMPLETED,1.1914232969284058,122.58986161207466,122.58986161207469,8336.110589621077
jid_272191,37354.0,122.0,1,69,86272,86272,86342,JobState.COMPLETED,1.1914232969284058,122.68943032313096,122.68943032313095,8465.570692296036
jid_272191,37354.0,122.0,1,72,86272,86272,86345,JobState.COMPLETED,1.1914232969284058,122.29842565753736,122.29842565753738,8805.48664734269
jid_272191,37354.0,122.0,1,73,86272,86272,86346,JobState.COMPLETED,1.1914232969284058,121.82487238307009,121.82487238307007,8893.215683964116
jid_272191,37354.0,122.0,1,74,86272,86272,86347,JobState.COMPLETED,1.1914232969284058,122.59521215495009,122.59521215495008,9072.045699466307
jid_272189,37353.0,122.0,1,120,86263,86263,86384,JobState.COMPLETED,1.201978087425232,124.03458378846473,124.03458378846473,14884.150054615768
jid_272191,37354.0,122.0,1,116,86272,86272,86389,JobState.COMPLETED,1.1914232969284058,123.31931459283902,123.31931459283904,14305.040492769327
jid_272191,37354.0,122.0,1,116,86272,86272,86389,JobState.COMPLETED,1.1914232969284058,123.42825863192918,123.42825863192921,14317.678001303786
jid_272191,37354.0,122.0,1,117,86272,86272,86390,JobState.COMPLETED,1.1914232969284058,122.42941783948987,122.42941783948989,14324.241887220314
jid_272191,37354.0,122.0,1,119,86272,86272,86392,JobState.COMPLETED,1.1914232969284058,122.33035807741561,122.3303580774156,14557.312611212457
jid_272189,37353.0,122.0,1,132,86263,86263,86396,JobState.COMPLETED,1.201978087425232,119.47889111939752,119.47889111939749,15771.213627760471
