id,name,account,num_nodes,run_time,submit_time,start_time,end_time,state,ml_priority,avg_node_power,max_node_power,energy
jid_264155,1054.0,121.0,1,67,-344,0,68,JobState.COMPLETED,0.5056238770484924,176.53061224489798,176.53061224489795,11827.551020408164
jid_264155,1054.0,121.0,1,68,-344,0,69,JobState.COMPLETED,0.5056238770484924,176.53061224489798,176.53061224489795,12004.081632653062
jid_264155,1054.0,121.0,1,72,-344,0,73,JobState.COMPLETED,0.5056238770484924,176.53061224489795,176.53061224489795,12710.204081632652
jid_264155,1054.0,121.0,1,73,-344,0,74,JobState.COMPLETED,0.5056238770484924,176.53061224489795,176.53061224489795,12886.73469387755
jid_264155,1054.0,121.0,1,73,-344,0,74,JobState.COMPLETED,0.5056238770484924,176.53061224489795,176.53061224489795,12886.73469387755
jid_264155,1054.0,121.0,1,74,-344,0,75,JobState.COMPLETED,0.5056238770484924,176.53061224489795,176.53061224489795,13063.265306122448
jid_264155,1054.0,121.0,1,74,-344,0,75,JobState.COMPLETED,0.5056238770484924,176.53061224489795,176.53061224489795,13063.265306122448
jid_264155,1054.0,121.0,1,74,-344,0,75,JobState.COMPLETED,0.5056238770484924,176.53061224489795,176.53061224489795,13063.265306122448
jid_264155,1054.0,121.0,1,75,-344,0,76,JobState.COMPLETED,0.5056238770484924,176.53061224489795,176.53061224489795,13239.795918367347
jid_264155,1054.0,121.0,1,75,-344,0,76,JobState.COMPLETED,0.5056238770484924,176.53061224489795,176.53061224489795,13239.795918367347
jid_264155,1054.0,121.0,1,76,-344,0,77,JobState.COMPLETED,0.5056238770484924,176.53061224489795,176.53061224489795,13416.326530612245
jid_264155,1054.0,121.0,1,76,-344,0,77,JobState.COMPLETED,0.5056238770484924,176.53061224489795,176.53061224489795,13416.326530612245
jid_264155,1054.0,121.0,1,76,-344,0,77,JobState.COMPLETED,0.5056238770484924,176.53061224489795,176.53061224489795,13416.326530612245
jid_264155,1054.0,121.0,1,76,-344,0,77,JobState.COMPLETED,0.5056238770484924,176.53061224489795,176.53061224489795,13416.326530612245
jid_264155,1054.0,121.0,1,78,-344,0,79,JobState.COMPLETED,0.5056238770484924,176.53061224489795,176.53061224489795,13769.38775510204
jid_264155,1054.0,121.0,1,80,-344,0,81,JobState.COMPLETED,0.5056238770484924,176.53061224489795,176.53061224489795,14122.448979591836
jid_264155,1054.0,121.0,1,80,-344,0,81,JobState.COMPLETED,0.5056238770484924,176.53061224489795,176.53061224489795,14122.448979591836
jid_264155,1054.0,121.0,1,81,-344,0,82,JobState.COMPLETED,0.5056238770484924,176.53061224489795,176.53061224489795,14298.979591836734
jid_264155,1054.0,121.0,1,82,-344,0,83,JobState.COMPLETED,0.5056238770484924,176.53061224489795,176.53061224489795,14475.510204081633
jid_264155,1054.0,121.0,1,82,-344,0,83,JobState.COMPLETED,0.5056238770484924,176.53061224489795,176.53061224489795,14475.510204081633
jid_264155,1054.0,121.0,1,83,-344,0,84,JobState.COMPLETED,0.5056238770484924,176.53061224489795,176.53061224489795,14652.04081632653
jid_264155,1054.0,121.0,1,86,-344,0,87,JobState.COMPLETED,0.5056238770484924,176.53061224489795,176.53061224489795,15181.632653061224
jid_264155,1054.0,121.0,1,103,-344,0,104,JobState.COMPLETED,0.5056238770484924,176.53061224489792,176.53061224489795,18182.653061224486
jid_264161,10.0,9.0,12288,137,-150,0,138,JobState.COMPLETED,0.006653368938714266,176.53061224489795,176.53061224489795,297181518.36734694
jid_269986,36913.0,195.0,1,145,-375,0,146,JobState.COMPLETED,0.3192983567714691,176.5306122448979,176.53061224489795,25596.938775510196
jid_264162,36240.0,195.0,1,183,-1237,0,184,JobState.COMPLETED,0.41008374094963074,176.5306122448979,176.53061224489795,32305.102040816313
jid_264097,36215.0,195.0,1,207,-1256,0,208,JobState.COMPLETED,0.5398264527320862,176.5306122448979,176.53061224489795,36541.83673469386
jid_264076,36204.0,195.0,1,222,-1254,0,223,JobState.COMPLETED,0.5366061329841614,176.53061224489787,176.53061224489795,39189.79591836732
jid_270001,36923.0,263.0,4,182,49,49,232,JobState.COMPLETED,0.08979146182537079,176.5306122448979,176.53061224489795,128514.28571428567
jid_264156,794.0,204.0,24,249,-1035,0,250,JobState.COMPLETED,0.09472702443599701,176.53061224489784,176.53061224489795,1054946.9387755096
jid_265032,794.0,204.0,24,253,-1033,0,254,JobState.COMPLETED,0.09472702443599701,176.53061224489784,176.53061224489795,1071893.8775510197
jid_267665,794.0,204.0,24,257,-1033,0,258,JobState.COMPLETED,0.09472702443599701,176.53061224489784,176.53061224489795,1088840.8163265297
jid_265038,794.0,204.0,24,273,-1030,0,274,JobState.COMPLETED,0.11520030349493027,176.53061224489784,176.53061224489795,1156628.5714285707
jid_265034,794.0,204.0,24,277,-1032,0,278,JobState.COMPLETED,0.09472702443599701,176.53061224489784,176.53061224489795,1173575.510204081
jid_270183,794.0,204.0,24,286,-1030,0,287,JobState.COMPLETED,0.11520030349493027,176.53061224489784,176.53061224489795,1211706.122448979
jid_270082,794.0,204.0,24,292,-1034,0,293,JobState.COMPLETED,0.09472702443599701,176.53061224489784,176.53061224489795,1237126.530612244
jid_269994,794.0,204.0,24,298,-1028,0,299,JobState.COMPLETED,0.11520030349493027,176.53061224489784,176.53061224489795,1262546.9387755094
jid_270182,794.0,204.0,24,316,-1031,0,317,JobState.COMPLETED,0.11520030349493027,176.53061224489784,176.53061224489795,1338808.163265305
jid_269874,794.0,204.0,24,349,-1037,0,350,JobState.COMPLETED,0.09472702443599701,176.53061224489784,176.53061224489795,1478620.4081632642
jid_264084,10.0,9.0,12288,195,169,169,365,JobState.COMPLETED,0.006458804477006197,176.53061224489792,176.53061224489795,422995591.83673465
jid_264223,794.0,204.0,24,376,-1038,0,377,JobState.COMPLETED,0.09472702443599701,176.5306122448978,176.53061224489795,1593012.244897958
jid_269859,794.0,204.0,24,380,-1047,0,381,JobState.COMPLETED,0.09472702443599701,176.5306122448978,176.53061224489795,1609959.183673468
jid_264106,794.0,204.0,24,399,-1050,0,400,JobState.COMPLETED,0.09472702443599701,176.5306122448978,176.53061224489795,1690457.1428571416
jid_264130,794.0,204.0,24,407,-1056,0,408,JobState.COMPLETED,0.09472702443599701,176.5306122448978,176.53061224489795,1724351.0204081617
jid_264103,794.0,204.0,24,413,-1055,0,414,JobState.COMPLETED,0.09472702443599701,176.5306122448978,176.53061224489795,1749771.4285714272
jid_264082,794.0,204.0,24,421,-1057,0,422,JobState.COMPLETED,0.09472702443599701,176.5306122448978,176.53061224489795,1783665.3061224476
jid_269864,794.0,204.0,24,428,-1040,0,429,JobState.COMPLETED,0.09472702443599701,176.5306122448978,176.53061224489795,1813322.44897959
jid_264187,794.0,204.0,24,429,-1055,0,430,JobState.COMPLETED,0.09472702443599701,176.5306122448978,176.53061224489795,1817559.1836734677
jid_269761,36791.0,195.0,1,432,-1240,0,433,JobState.COMPLETED,0.2678160071372986,176.53061224489807,176.53061224489795,76261.22448979596
jid_270075,794.0,204.0,24,438,-1040,0,439,JobState.COMPLETED,0.09472702443599701,176.5306122448978,176.53061224489795,1855689.7959183657
jid_264198,233.0,121.0,1,444,-555,0,445,JobState.COMPLETED,0.48284175992012024,176.53061224489807,176.53061224489795,78379.59183673475
jid_264115,36230.0,195.0,1,446,-1260,0,447,JobState.COMPLETED,0.45623743534088135,176.53061224489807,176.53061224489795,78732.65306122454
jid_264185,794.0,204.0,24,451,-1038,0,452,JobState.COMPLETED,0.09472702443599701,176.5306122448978,176.53061224489795,1910767.3469387738
jid_264212,36258.0,195.0,1,454,-1241,0,455,JobState.COMPLETED,0.35874855518341064,176.53061224489807,176.53061224489795,80144.89795918373
jid_264173,794.0,204.0,24,454,-1047,0,455,JobState.COMPLETED,0.09472702443599701,176.5306122448978,176.53061224489795,1923477.5510204067
jid_264201,36249.0,195.0,1,456,-379,0,457,JobState.COMPLETED,0.3957964777946472,176.53061224489807,176.53061224489795,80497.95918367352
jid_269999,36921.0,195.0,1,459,-440,0,460,JobState.COMPLETED,0.2971162796020508,176.53061224489807,176.53061224489795,81027.55102040821
jid_264219,794.0,204.0,24,460,-1054,0,461,JobState.COMPLETED,0.09472702443599701,176.5306122448978,176.53061224489795,1948897.9591836717
jid_269783,36798.0,195.0,1,469,-387,0,470,JobState.COMPLETED,0.32150131464004517,176.53061224489807,176.53061224489795,82792.85714285719
jid_269885,36855.0,195.0,1,478,-432,0,479,JobState.COMPLETED,0.292596697807312,176.53061224489807,176.53061224489795,84381.63265306127
jid_264198,233.0,121.0,1,481,-555,0,482,JobState.COMPLETED,0.48284175992012024,176.53061224489807,176.53061224489795,84911.22448979598
jid_269766,794.0,204.0,24,491,-1049,0,492,JobState.COMPLETED,0.09472702443599701,176.5306122448978,176.53061224489795,2080236.7346938758
jid_264222,794.0,204.0,24,493,-1048,0,494,JobState.COMPLETED,0.09472702443599701,176.5306122448978,176.53061224489795,2088710.2040816308
jid_264278,632.0,121.0,1,496,-91,0,497,JobState.COMPLETED,0.49899598956108093,176.53061224489807,176.53061224489795,87559.18367346944
jid_269756,36788.0,195.0,1,497,-1193,0,498,JobState.COMPLETED,0.2633380591869354,176.53061224489807,176.53061224489795,87735.71428571433
jid_264105,36222.0,195.0,1,498,-1263,0,499,JobState.COMPLETED,0.5089963674545288,176.53061224489807,176.53061224489795,87912.24489795923
jid_264198,233.0,121.0,1,502,-555,0,503,JobState.COMPLETED,0.48284175992012024,176.53061224489807,176.53061224489795,88618.36734693883
jid_264278,632.0,121.0,1,511,-91,0,512,JobState.COMPLETED,0.49899598956108093,176.5306122448981,176.53061224489795,90207.14285714293
jid_265016,36520.0,195.0,1,512,-1249,0,513,JobState.COMPLETED,0.35216736793518066,176.5306122448981,176.53061224489795,90383.67346938782
jid_270002,36924.0,195.0,1,512,-378,0,513,JobState.COMPLETED,0.31761062145233154,176.5306122448981,176.53061224489795,90383.67346938782
jid_264278,632.0,121.0,1,512,-91,0,513,JobState.COMPLETED,0.49899598956108093,176.5306122448981,176.53061224489795,90383.67346938782
jid_264198,233.0,121.0,1,516,-555,0,517,JobState.COMPLETED,0.48284175992012024,176.5306122448981,176.53061224489795,91089.79591836741
jid_265050,36534.0,195.0,1,516,-397,0,517,JobState.COMPLETED,0.34302183985710144,176.5306122448981,176.53061224489795,91089.79591836741
jid_267676,36605.0,195.0,1,517,-448,0,518,JobState.COMPLETED,0.2944595217704773,176.5306122448981,176.53061224489795,91266.32653061232
jid_269758,36789.0,195.0,1,518,-1252,0,519,JobState.COMPLETED,0.2678160071372986,176.5306122448981,176.53061224489795,91442.85714285722
jid_264278,632.0,121.0,1,522,-91,0,523,JobState.COMPLETED,0.49899598956108093,176.5306122448981,176.53061224489795,92148.9795918368
jid_267640,36591.0,195.0,1,524,-1253,0,525,JobState.COMPLETED,0.2825070917606354,176.5306122448981,176.53061224489795,92502.0408163266
jid_269871,794.0,204.0,24,526,-1055,0,527,JobState.COMPLETED,0.09472702443599701,176.53061224489775,176.53061224489795,2228522.448979589
jid_264198,233.0,121.0,1,527,-555,0,528,JobState.COMPLETED,0.48284175992012024,176.5306122448981,176.53061224489795,93031.6326530613
jid_267643,36594.0,195.0,1,528,-1198,0,529,JobState.COMPLETED,0.27687835693359375,176.5306122448981,176.53061224489795,93208.1632653062
jid_269979,794.0,204.0,24,528,-1049,0,529,JobState.COMPLETED,0.09472702443599701,176.53061224489775,176.53061224489795,2236995.918367344
jid_264198,233.0,121.0,1,530,-555,0,531,JobState.COMPLETED,0.48284175992012024,176.5306122448981,176.53061224489795,93561.22448979599
jid_264198,233.0,121.0,1,532,-555,0,533,JobState.COMPLETED,0.48284175992012024,176.5306122448981,176.53061224489795,93914.28571428578
jid_264198,233.0,121.0,1,532,-555,0,533,JobState.COMPLETED,0.48284175992012024,176.5306122448981,176.53061224489795,93914.28571428578
jid_264198,233.0,121.0,1,532,-555,0,533,JobState.COMPLETED,0.48284175992012024,176.5306122448981,176.53061224489795,93914.28571428578
jid_264278,632.0,121.0,1,532,-91,0,533,JobState.COMPLETED,0.49899598956108093,176.5306122448981,176.53061224489795,93914.28571428578
jid_264198,233.0,121.0,1,534,-555,0,535,JobState.COMPLETED,0.48284175992012024,176.5306122448981,176.53061224489795,94267.34693877558
jid_264198,233.0,121.0,1,536,-555,0,537,JobState.COMPLETED,0.48284175992012024,176.5306122448981,176.53061224489795,94620.40816326538
jid_264227,794.0,204.0,24,538,-1048,0,539,JobState.COMPLETED,0.09472702443599701,176.53061224489775,176.53061224489795,2279363.26530612
jid_264198,233.0,121.0,1,541,-555,0,542,JobState.COMPLETED,0.48284175992012024,176.5306122448981,176.53061224489795,95503.06122448987
jid_267644,36595.0,195.0,1,542,-1199,0,543,JobState.COMPLETED,0.2764192819595337,176.5306122448981,176.53061224489795,95679.59183673476
jid_269790,36805.0,195.0,1,543,-383,0,544,JobState.COMPLETED,0.3209737539291382,176.5306122448981,176.53061224489795,95856.12244897966
jid_264198,233.0,121.0,1,544,-555,0,545,JobState.COMPLETED,0.48284175992012024,176.5306122448981,176.53061224489795,96032.65306122457
jid_264198,233.0,121.0,1,544,-555,0,545,JobState.COMPLETED,0.48284175992012024,176.5306122448981,176.53061224489795,96032.65306122457
jid_269971,36910.0,195.0,1,545,-1204,0,546,JobState.COMPLETED,0.2626950144767761,176.5306122448981,176.53061224489795,96209.18367346947
jid_264278,632.0,121.0,1,549,-91,0,550,JobState.COMPLETED,0.49899598956108093,176.5306122448981,176.53061224489795,96915.30612244905
jid_264278,632.0,121.0,1,550,-91,0,551,JobState.COMPLETED,0.49899598956108093,176.5306122448981,176.53061224489795,97091.83673469395
jid_264278,632.0,121.0,1,551,-91,0,552,JobState.COMPLETED,0.49899598956108093,176.5306122448981,176.53061224489795,97268.36734693885
jid_264278,632.0,121.0,1,552,-91,0,553,JobState.COMPLETED,0.49899598956108093,176.5306122448981,176.53061224489795,97444.89795918374
jid_264278,632.0,121.0,1,555,-91,0,556,JobState.COMPLETED,0.49899598956108093,176.5306122448981,176.53061224489795,97974.48979591845
jid_264198,233.0,121.0,1,556,-555,0,557,JobState.COMPLETED,0.48284175992012024,176.5306122448981,176.53061224489795,98151.02040816334
jid_264278,632.0,121.0,1,556,-91,0,557,JobState.COMPLETED,0.49899598956108093,176.5306122448981,176.53061224489795,98151.02040816334
jid_264198,233.0,121.0,1,558,-555,0,559,JobState.COMPLETED,0.48284175992012024,176.5306122448981,176.53061224489795,98504.08163265313
jid_264278,632.0,121.0,1,559,-91,0,560,JobState.COMPLETED,0.49899598956108093,176.5306122448981,176.53061224489795,98680.61224489803
jid_264198,233.0,121.0,1,577,-555,0,578,JobState.COMPLETED,0.48284175992012024,176.5306122448981,176.53061224489795,101858.1632653062
jid_264198,233.0,121.0,1,577,-555,0,578,JobState.COMPLETED,0.48284175992012024,176.5306122448981,176.53061224489795,101858.1632653062
jid_265055,794.0,204.0,24,577,-144,0,578,JobState.COMPLETED,0.08350644260644913,176.53061224489775,176.53061224489795,2444595.918367344
jid_270291,37101.0,195.0,1,590,-224,0,591,JobState.COMPLETED,0.28549641370773315,176.53061224489812,176.53061224489795,104153.0612244899
jid_264278,632.0,121.0,1,591,-91,0,592,JobState.COMPLETED,0.49899598956108093,176.53061224489812,176.53061224489795,104329.59183673479
jid_270103,36982.0,195.0,1,597,-231,0,598,JobState.COMPLETED,0.3237782418727875,176.53061224489812,176.53061224489795,105388.77551020418
jid_270006,36927.0,195.0,1,603,-378,0,604,JobState.COMPLETED,0.31761062145233154,176.53061224489812,176.53061224489795,106447.95918367356
jid_264278,632.0,121.0,1,605,-91,0,606,JobState.COMPLETED,0.49899598956108093,176.53061224489812,176.53061224489795,106801.02040816337
jid_265054,36537.0,195.0,1,606,-369,0,607,JobState.COMPLETED,0.3375798761844635,176.53061224489812,176.53061224489795,106977.55102040827
jid_264278,632.0,121.0,1,606,-91,0,607,JobState.COMPLETED,0.49899598956108093,176.53061224489812,176.53061224489795,106977.55102040827
jid_264278,632.0,121.0,1,613,-91,0,614,JobState.COMPLETED,0.49899598956108093,176.53061224489812,176.53061224489795,108213.26530612254
jid_269796,36810.0,195.0,1,614,-219,0,615,JobState.COMPLETED,0.3174000382423401,176.53061224489812,176.53061224489795,108389.79591836745
jid_270012,36933.0,195.0,1,614,-209,0,615,JobState.COMPLETED,0.3185368478298187,176.53061224489812,176.53061224489795,108389.79591836745
jid_264278,632.0,121.0,1,614,-91,0,615,JobState.COMPLETED,0.49899598956108093,176.53061224489812,176.53061224489795,108389.79591836745
jid_264278,632.0,121.0,1,615,-91,0,616,JobState.COMPLETED,0.49899598956108093,176.53061224489812,176.53061224489795,108566.32653061235
jid_264278,632.0,121.0,1,616,-91,0,617,JobState.COMPLETED,0.49899598956108093,176.53061224489812,176.53061224489795,108742.85714285725
jid_264278,632.0,121.0,1,624,-91,0,625,JobState.COMPLETED,0.49899598956108093,176.53061224489812,176.53061224489795,110155.10204081643
jid_269800,794.0,204.0,24,625,-137,0,626,JobState.COMPLETED,0.08350644260644913,176.5306122448978,176.53061224489795,2647959.183673467
jid_270011,36932.0,195.0,1,627,-377,0,628,JobState.COMPLETED,0.31763458251953125,176.53061224489812,176.53061224489795,110684.69387755112
jid_270295,37105.0,195.0,1,628,-217,0,629,JobState.COMPLETED,0.2926148474216461,176.53061224489812,176.53061224489795,110861.22448979602
jid_264198,233.0,121.0,1,629,-555,0,630,JobState.COMPLETED,0.48284175992012024,176.53061224489812,176.53061224489795,111037.75510204092
jid_264198,233.0,121.0,1,632,-555,0,633,JobState.COMPLETED,0.48284175992012024,176.53061224489812,176.53061224489795,111567.34693877562
jid_264265,36280.0,195.0,1,632,-375,0,633,JobState.COMPLETED,0.34930360317230225,176.53061224489812,176.53061224489795,111567.34693877562
jid_267683,36612.0,195.0,1,632,-267,0,633,JobState.COMPLETED,0.3189450204372406,176.53061224489812,176.53061224489795,111567.34693877562
jid_264278,632.0,121.0,1,633,-91,0,634,JobState.COMPLETED,0.49899598956108093,176.53061224489812,176.53061224489795,111743.87755102052
jid_267686,36615.0,195.0,1,634,-226,0,635,JobState.COMPLETED,0.31844407320022583,176.53061224489812,176.53061224489795,111920.40816326541
jid_267652,36597.0,195.0,1,645,-1264,0,646,JobState.COMPLETED,0.28125378489494324,176.53061224489812,176.53061224489795,113862.24489795929
jid_264121,794.0,204.0,24,647,-1053,0,648,JobState.COMPLETED,0.09472702443599701,176.5306122448978,176.53061224489795,2741167.346938773
jid_264202,911.0,121.0,1,85,562,562,648,JobState.COMPLETED,0.4898417294025421,176.53061224489795,176.53061224489795,15005.102040816326
jid_265061,36543.0,195.0,1,660,-240,0,661,JobState.COMPLETED,0.3335975110530853,176.53061224489812,176.53061224489795,116510.20408163276
jid_264203,1003.0,121.0,1,85,576,576,662,JobState.COMPLETED,0.4929603636264801,176.53061224489795,176.53061224489795,15005.102040816326
jid_270084,36964.0,195.0,1,665,-1188,0,666,JobState.COMPLETED,0.26307374238967896,176.53061224489812,176.53061224489795,117392.85714285725
jid_270299,37109.0,195.0,1,666,-299,0,667,JobState.COMPLETED,0.2927711308002472,176.53061224489812,176.53061224489795,117569.38775510214
jid_264202,911.0,121.0,1,104,562,562,667,JobState.COMPLETED,0.4898417294025421,176.53061224489792,176.53061224489795,18359.183673469382
jid_264202,911.0,121.0,1,108,562,562,671,JobState.COMPLETED,0.4898417294025421,176.53061224489792,176.53061224489795,19065.306122448976
jid_270303,794.0,204.0,24,671,-138,0,672,JobState.COMPLETED,0.08350644260644913,176.53061224489787,176.53061224489795,2842848.9795918353
jid_264203,1003.0,121.0,1,97,576,576,674,JobState.COMPLETED,0.4929603636264801,176.53061224489792,176.53061224489795,17123.4693877551
jid_264203,1003.0,121.0,1,97,576,576,674,JobState.COMPLETED,0.4929603636264801,176.53061224489792,176.53061224489795,17123.4693877551
jid_264202,911.0,121.0,1,114,562,562,677,JobState.COMPLETED,0.4898417294025421,176.53061224489792,176.53061224489795,20124.48979591836
jid_264203,1003.0,121.0,1,101,576,576,678,JobState.COMPLETED,0.4929603636264801,176.53061224489792,176.53061224489795,17829.59183673469
jid_264203,1003.0,121.0,1,101,576,576,678,JobState.COMPLETED,0.4929603636264801,176.53061224489792,176.53061224489795,17829.59183673469
jid_264202,911.0,121.0,1,117,562,562,680,JobState.COMPLETED,0.4898417294025421,176.53061224489792,176.53061224489795,20654.08163265306
jid_264202,911.0,121.0,1,117,562,562,680,JobState.COMPLETED,0.4898417294025421,176.53061224489792,176.53061224489795,20654.08163265306
jid_264203,1003.0,121.0,1,104,576,576,681,JobState.COMPLETED,0.4929603636264801,176.53061224489792,176.53061224489795,18359.183673469382
jid_264202,911.0,121.0,1,121,562,562,684,JobState.COMPLETED,0.4898417294025421,176.5306122448979,176.53061224489795,21360.204081632644
jid_264202,911.0,121.0,1,126,562,562,689,JobState.COMPLETED,0.4898417294025421,176.5306122448979,176.53061224489795,22242.857142857134
jid_264202,911.0,121.0,1,127,562,562,690,JobState.COMPLETED,0.4898417294025421,176.5306122448979,176.53061224489795,22419.387755102034
jid_269907,794.0,204.0,24,692,-138,0,693,JobState.COMPLETED,0.08350644260644913,176.53061224489787,176.53061224489795,2931820.4081632635
jid_270208,794.0,204.0,24,692,-137,0,693,JobState.COMPLETED,0.08350644260644913,176.53061224489787,176.53061224489795,2931820.4081632635
jid_264203,1003.0,121.0,1,117,576,576,694,JobState.COMPLETED,0.4929603636264801,176.53061224489792,176.53061224489795,20654.08163265306
jid_267708,794.0,204.0,24,695,-107,0,696,JobState.COMPLETED,0.06889869272708893,176.53061224489787,176.53061224489795,2944530.6122448966
jid_264203,1003.0,121.0,1,120,576,576,697,JobState.COMPLETED,0.4929603636264801,176.5306122448979,176.53061224489795,21183.673469387748
jid_264202,911.0,121.0,1,135,562,562,698,JobState.COMPLETED,0.4898417294025421,176.5306122448979,176.53061224489795,23831.632653061217
jid_269905,36872.0,195.0,1,704,-372,0,705,JobState.COMPLETED,0.31456834077835083,176.53061224489815,176.53061224489795,124277.5510204083
jid_264202,911.0,121.0,1,143,562,562,706,JobState.COMPLETED,0.4898417294025421,176.5306122448979,176.53061224489795,25243.8775510204
jid_264203,1003.0,121.0,1,132,576,576,709,JobState.COMPLETED,0.4929603636264801,176.5306122448979,176.53061224489795,23302.040816326524
jid_264202,911.0,121.0,1,149,562,562,712,JobState.COMPLETED,0.4898417294025421,176.5306122448979,176.53061224489795,26303.061224489786
jid_264202,911.0,121.0,1,156,562,562,719,JobState.COMPLETED,0.4898417294025421,176.5306122448979,176.53061224489795,27538.775510204072
jid_264202,911.0,121.0,1,158,562,562,721,JobState.COMPLETED,0.4898417294025421,176.5306122448979,176.53061224489795,27891.83673469387
jid_264202,911.0,121.0,1,158,562,562,721,JobState.COMPLETED,0.4898417294025421,176.5306122448979,176.53061224489795,27891.83673469387
jid_264203,1003.0,121.0,1,144,576,576,721,JobState.COMPLETED,0.4929603636264801,176.5306122448979,176.53061224489795,25420.408163265296
jid_264202,911.0,121.0,1,159,562,562,722,JobState.COMPLETED,0.4898417294025421,176.5306122448979,176.53061224489795,28068.367346938765
jid_264202,911.0,121.0,1,160,562,562,723,JobState.COMPLETED,0.4898417294025421,176.5306122448979,176.53061224489795,28244.89795918366
jid_267714,794.0,204.0,24,723,-107,0,724,JobState.COMPLETED,0.06889869272708893,176.53061224489795,176.53061224489795,3063159.1836734693
jid_267696,794.0,204.0,24,724,-141,0,725,JobState.COMPLETED,0.08350644260644913,176.53061224489795,176.53061224489795,3067395.9183673467
jid_270077,36960.0,195.0,1,725,-1206,0,726,JobState.COMPLETED,0.26310858130455017,176.53061224489815,176.53061224489795,127984.69387755117
jid_265072,794.0,204.0,24,727,-123,0,728,JobState.COMPLETED,0.06889869272708893,176.53061224489795,176.53061224489795,3080106.1224489794
jid_264202,911.0,121.0,1,165,562,562,728,JobState.COMPLETED,0.4898417294025421,176.5306122448979,176.53061224489795,29127.55102040815
jid_264202,911.0,121.0,1,172,562,562,735,JobState.COMPLETED,0.4898417294025421,176.5306122448979,176.53061224489795,30363.265306122437
jid_264203,1003.0,121.0,1,158,576,576,735,JobState.COMPLETED,0.4929603636264801,176.5306122448979,176.53061224489795,27891.83673469387
jid_270234,794.0,204.0,24,738,-102,0,739,JobState.COMPLETED,0.06889869272708893,176.53061224489795,176.53061224489795,3126710.2040816327
jid_267703,794.0,204.0,24,741,-119,0,742,JobState.COMPLETED,0.06889869272708893,176.53061224489795,176.53061224489795,3139420.4081632653
jid_264203,1003.0,121.0,1,167,576,576,744,JobState.COMPLETED,0.4929603636264801,176.5306122448979,176.53061224489795,29480.612244897948
jid_269934,794.0,204.0,24,744,-100,0,745,JobState.COMPLETED,0.06889869272708893,176.53061224489795,176.53061224489795,3152130.612244898
jid_269935,794.0,204.0,24,745,-101,0,746,JobState.COMPLETED,0.06889869272708893,176.53061224489795,176.53061224489795,3156367.346938775
jid_264202,911.0,121.0,1,190,562,562,753,JobState.COMPLETED,0.4898417294025421,176.5306122448979,176.53061224489795,33540.8163265306
jid_270218,794.0,204.0,24,756,-127,0,757,JobState.COMPLETED,0.06889869272708893,176.53061224489798,176.53061224489795,3202971.428571429
jid_264203,1003.0,121.0,1,180,576,576,757,JobState.COMPLETED,0.4929603636264801,176.5306122448979,176.53061224489795,31775.51020408162
jid_264203,1003.0,121.0,1,181,576,576,758,JobState.COMPLETED,0.4929603636264801,176.5306122448979,176.53061224489795,31952.04081632652
jid_264203,1003.0,121.0,1,182,576,576,759,JobState.COMPLETED,0.4929603636264801,176.5306122448979,176.53061224489795,32128.571428571417
jid_264203,1003.0,121.0,1,182,576,576,759,JobState.COMPLETED,0.4929603636264801,176.5306122448979,176.53061224489795,32128.571428571417
jid_264203,1003.0,121.0,1,184,576,576,761,JobState.COMPLETED,0.4929603636264801,176.5306122448979,176.53061224489795,32481.632653061213
jid_264202,911.0,121.0,1,199,562,562,762,JobState.COMPLETED,0.4898417294025421,176.5306122448979,176.53061224489795,35129.59183673468
jid_270245,794.0,204.0,24,763,-104,0,764,JobState.COMPLETED,0.06889869272708893,176.53061224489798,176.53061224489795,3232628.571428572
jid_264202,911.0,121.0,1,201,562,562,764,JobState.COMPLETED,0.4898417294025421,176.5306122448979,176.53061224489795,35482.653061224475
jid_264202,911.0,121.0,1,202,562,562,765,JobState.COMPLETED,0.4898417294025421,176.5306122448979,176.53061224489795,35659.18367346937
jid_264311,794.0,204.0,24,767,-104,0,768,JobState.COMPLETED,0.06889869272708893,176.53061224489798,176.53061224489795,3249575.510204082
jid_264202,911.0,121.0,1,205,562,562,768,JobState.COMPLETED,0.4898417294025421,176.5306122448979,176.53061224489795,36188.77551020407
jid_264203,1003.0,121.0,1,195,576,576,772,JobState.COMPLETED,0.4929603636264801,176.5306122448979,176.53061224489795,34423.46938775509
jid_267721,794.0,204.0,24,772,-106,0,773,JobState.COMPLETED,0.06889869272708893,176.53061224489798,176.53061224489795,3270759.18367347
jid_264203,1003.0,121.0,1,205,576,576,782,JobState.COMPLETED,0.4929603636264801,176.5306122448979,176.53061224489795,36188.77551020407
jid_270249,794.0,204.0,24,782,-99,0,783,JobState.COMPLETED,0.06889869272708893,176.53061224489804,176.53061224489795,3313126.530612246
jid_270147,794.0,204.0,24,783,-107,0,784,JobState.COMPLETED,0.06889869272708893,176.53061224489804,176.53061224489795,3317363.2653061245
jid_264203,1003.0,121.0,1,212,576,576,789,JobState.COMPLETED,0.4929603636264801,176.53061224489787,176.53061224489795,37424.48979591835
jid_265088,794.0,204.0,24,789,-118,0,790,JobState.COMPLETED,0.06889869272708893,176.53061224489804,176.53061224489795,3342783.6734693893
jid_264321,794.0,204.0,24,791,-103,0,792,JobState.COMPLETED,0.06889869272708893,176.53061224489804,176.53061224489795,3351257.1428571446
jid_269916,794.0,204.0,24,800,-131,0,801,JobState.COMPLETED,0.06889869272708893,176.53061224489804,176.53061224489795,3389387.755102042
jid_269910,36876.0,195.0,1,803,-436,0,804,JobState.COMPLETED,0.28701895475387573,176.53061224489815,176.53061224489795,141754.08163265322
jid_270322,794.0,204.0,24,807,-119,0,808,JobState.COMPLETED,0.06889869272708893,176.53061224489804,176.53061224489795,3419044.8979591853
jid_270040,794.0,204.0,24,809,-129,0,810,JobState.COMPLETED,0.06889869272708893,176.53061224489804,176.53061224489795,3427518.3673469406
jid_270240,794.0,204.0,24,811,-115,0,812,JobState.COMPLETED,0.06889869272708893,176.53061224489804,176.53061224489795,3435991.8367346954
jid_265106,794.0,204.0,24,815,-109,0,816,JobState.COMPLETED,0.06889869272708893,176.53061224489804,176.53061224489795,3452938.7755102054
jid_269818,794.0,204.0,24,820,-123,0,821,JobState.COMPLETED,0.06889869272708893,176.53061224489807,176.53061224489795,3474122.448979594
jid_267715,794.0,204.0,24,824,-125,0,825,JobState.COMPLETED,0.06889869272708893,176.53061224489807,176.53061224489795,3491069.3877551043
jid_269822,794.0,204.0,24,832,-121,0,833,JobState.COMPLETED,0.06889869272708893,176.53061224489807,176.53061224489795,3524963.265306125
jid_264279,36290.0,195.0,1,833,-505,0,834,JobState.COMPLETED,0.30595993995666504,176.53061224489815,176.53061224489795,147050.00000000015
jid_270227,794.0,204.0,24,836,-120,0,837,JobState.COMPLETED,0.06889869272708893,176.53061224489807,176.53061224489795,3541910.204081635
jid_270043,794.0,204.0,24,836,-119,0,837,JobState.COMPLETED,0.06889869272708893,176.53061224489807,176.53061224489795,3541910.204081635
jid_267716,794.0,204.0,24,837,-127,0,838,JobState.COMPLETED,0.06889869272708893,176.53061224489807,176.53061224489795,3546146.9387755124
jid_270036,36947.0,195.0,1,838,-416,0,839,JobState.COMPLETED,0.3153296411037445,176.53061224489815,176.53061224489795,147932.65306122464
jid_270332,794.0,204.0,24,849,-114,0,850,JobState.COMPLETED,0.06889869272708893,176.53061224489807,176.53061224489795,3596987.755102043
jid_264291,1151.9999999999982,121.0,1,559,295,295,855,JobState.COMPLETED,0.49281543493270874,176.5306122448981,176.53061224489795,98680.61224489803
jid_265077,36557.0,195.0,1,874,-481,0,875,JobState.COMPLETED,0.2564683258533478,176.53061224489818,176.53061224489795,154287.755102041
jid_269924,794.0,204.0,24,888,-133,0,889,JobState.COMPLETED,0.08350644260644913,176.5306122448981,176.53061224489795,3762220.408163268
jid_264291,1151.9999999999982,121.0,1,595,295,295,891,JobState.COMPLETED,0.49281543493270874,176.53061224489812,176.53061224489795,105035.71428571438
jid_267722,794.0,204.0,24,893,-142,0,894,JobState.COMPLETED,0.08350644260644913,176.5306122448981,176.53061224489795,3783404.081632656
jid_264291,1151.9999999999982,121.0,1,604,295,295,900,JobState.COMPLETED,0.49281543493270874,176.53061224489812,176.53061224489795,106624.48979591846
jid_264291,1151.9999999999982,121.0,1,604,295,295,900,JobState.COMPLETED,0.49281543493270874,176.53061224489812,176.53061224489795,106624.48979591846
jid_264291,1151.9999999999982,121.0,1,605,295,295,901,JobState.COMPLETED,0.49281543493270874,176.53061224489812,176.53061224489795,106801.02040816337
jid_264291,1151.9999999999982,121.0,1,605,295,295,901,JobState.COMPLETED,0.49281543493270874,176.53061224489812,176.53061224489795,106801.02040816337
jid_264291,1151.9999999999982,121.0,1,608,295,295,904,JobState.COMPLETED,0.49281543493270874,176.53061224489812,176.53061224489795,107330.61224489806
jid_267704,36625.0,195.0,1,904,-423,0,905,JobState.COMPLETED,0.31918156147003174,176.53061224489818,176.53061224489795,159583.67346938796
jid_264291,1151.9999999999982,121.0,1,610,295,295,906,JobState.COMPLETED,0.49281543493270874,176.53061224489812,176.53061224489795,107683.67346938785
jid_264291,1151.9999999999982,121.0,1,611,295,295,907,JobState.COMPLETED,0.49281543493270874,176.53061224489812,176.53061224489795,107860.20408163275
jid_270159,794.0,204.0,24,907,-118,0,908,JobState.COMPLETED,0.06889869272708893,176.53061224489815,176.53061224489795,3842718.3673469434
jid_264291,1151.9999999999982,121.0,1,614,295,295,910,JobState.COMPLETED,0.49281543493270874,176.53061224489812,176.53061224489795,108389.79591836745
jid_269880,36851.0,195.0,1,910,-1255,0,911,JobState.COMPLETED,0.27260324358940125,176.53061224489818,176.53061224489795,160642.85714285733
jid_264291,1151.9999999999982,121.0,1,617,295,295,913,JobState.COMPLETED,0.49281543493270874,176.53061224489812,176.53061224489795,108919.38775510214
jid_264291,1151.9999999999982,121.0,1,619,295,295,915,JobState.COMPLETED,0.49281543493270874,176.53061224489812,176.53061224489795,109272.44897959194
jid_264291,1151.9999999999982,121.0,1,620,295,295,916,JobState.COMPLETED,0.49281543493270874,176.53061224489812,176.53061224489795,109448.97959183683
jid_264291,1151.9999999999982,121.0,1,621,295,295,917,JobState.COMPLETED,0.49281543493270874,176.53061224489812,176.53061224489795,109625.51020408173
jid_264291,1151.9999999999982,121.0,1,621,295,295,917,JobState.COMPLETED,0.49281543493270874,176.53061224489812,176.53061224489795,109625.51020408173
jid_270052,794.0,204.0,24,917,-126,0,918,JobState.COMPLETED,0.06889869272708893,176.53061224489815,176.53061224489795,3885085.7142857183
jid_264291,1151.9999999999982,121.0,1,624,295,295,920,JobState.COMPLETED,0.49281543493270874,176.53061224489812,176.53061224489795,110155.10204081643
jid_264291,1151.9999999999982,121.0,1,625,295,295,921,JobState.COMPLETED,0.49281543493270874,176.53061224489812,176.53061224489795,110331.63265306133
jid_267706,36626.0,195.0,1,928,-390,0,929,JobState.COMPLETED,0.31918156147003174,176.53061224489815,176.53061224489795,163820.40816326547
jid_264291,1151.9999999999982,121.0,1,633,295,295,929,JobState.COMPLETED,0.49281543493270874,176.53061224489812,176.53061224489795,111743.87755102052
jid_264291,1151.9999999999982,121.0,1,636,295,295,932,JobState.COMPLETED,0.49281543493270874,176.53061224489812,176.53061224489795,112273.4693877552
jid_270041,36949.0,195.0,1,932,-466,0,933,JobState.COMPLETED,0.2914012670516968,176.53061224489815,176.53061224489795,164526.5306122451
jid_264291,1151.9999999999982,121.0,1,637,295,295,933,JobState.COMPLETED,0.49281543493270874,176.53061224489812,176.53061224489795,112450.0000000001
jid_264291,1151.9999999999982,121.0,1,637,295,295,933,JobState.COMPLETED,0.49281543493270874,176.53061224489812,176.53061224489795,112450.0000000001
jid_264247,36264.0,195.0,1,942,-1212,0,943,JobState.COMPLETED,0.32486847043037415,176.53061224489812,176.53061224489795,166291.83673469402
jid_264320,794.0,204.0,24,945,-120,0,946,JobState.COMPLETED,0.06889869272708893,176.53061224489815,176.53061224489795,4003714.28571429
jid_270140,37011.0,195.0,1,980,-245,0,981,JobState.COMPLETED,0.3079942464828491,176.53061224489807,176.53061224489795,173000.00000000012
jid_269925,36882.0,195.0,1,987,-239,0,988,JobState.COMPLETED,0.30903345346450806,176.53061224489807,176.53061224489795,174235.71428571438
jid_270323,37125.0,195.0,1,995,-466,0,996,JobState.COMPLETED,0.25764158368110657,176.53061224489804,176.53061224489795,175647.95918367355
jid_264291,1151.9999999999982,121.0,1,701,295,295,997,JobState.COMPLETED,0.49281543493270874,176.53061224489815,176.53061224489795,123747.9591836736
jid_270088,36967.0,195.0,1,998,-1219,0,999,JobState.COMPLETED,0.26425445079803467,176.53061224489804,176.53061224489795,176177.55102040825
jid_270143,37013.0,195.0,1,1013,-212,0,1014,JobState.COMPLETED,0.30723845958709717,176.530612244898,176.53061224489795,178825.5102040817
jid_269829,36829.0,195.0,1,1077,-371,0,1078,JobState.COMPLETED,0.31308576464653015,176.53061224489792,176.53061224489795,190123.46938775506
jid_270144,37014.0,195.0,1,1078,-509,0,1079,JobState.COMPLETED,0.2739475667476654,176.53061224489792,176.53061224489795,190299.99999999997
jid_270150,37017.0,195.0,1,1080,-224,0,1081,JobState.COMPLETED,0.3055855333805084,176.5306122448979,176.53061224489795,190653.06122448973
jid_265098,36565.0,195.0,1,1081,-371,0,1082,JobState.COMPLETED,0.28881657123565674,176.5306122448979,176.53061224489795,190829.59183673462
jid_270278,794.0,204.0,24,1083,-102,0,1084,JobState.COMPLETED,0.06889869272708893,176.53061224489826,176.53061224489795,4588383.673469395
jid_270151,37018.0,195.0,1,1119,-463,0,1120,JobState.COMPLETED,0.2799520790576935,176.53061224489787,176.53061224489795,197537.7551020407
jid_269895,36864.0,195.0,1,1120,-1193,0,1121,JobState.COMPLETED,0.26653939485549927,176.53061224489787,176.53061224489795,197714.28571428562
jid_265048,36532.0,195.0,1,1122,-1190,0,1123,JobState.COMPLETED,0.33236026763916016,176.53061224489787,176.53061224489795,198067.34693877542
jid_269838,36835.0,195.0,1,1128,-374,0,1129,JobState.COMPLETED,0.31537798047065735,176.53061224489787,176.53061224489795,199126.5306122448
jid_269786,36801.0,195.0,1,1138,-1189,0,1139,JobState.COMPLETED,0.26234161853790283,176.53061224489784,176.53061224489795,200891.83673469373
jid_264323,36309.0,195.0,1,1152,-373,0,1153,JobState.COMPLETED,0.25414595007896423,176.5306122448978,176.53061224489795,203363.26530612228
jid_270250,37074.0,195.0,1,1154,-470,0,1155,JobState.COMPLETED,0.26021087169647217,176.5306122448978,176.53061224489795,203716.32653061207
jid_270033,36945.0,195.0,1,1158,-1234,0,1159,JobState.COMPLETED,0.2620415687561035,176.5306122448978,176.53061224489795,204422.44897959166
jid_270301,37110.0,195.0,1,1160,-1201,0,1161,JobState.COMPLETED,0.24605350196361542,176.5306122448978,176.53061224489795,204775.51020408145
jid_270341,37131.0,195.0,1,1174,-458,0,1175,JobState.COMPLETED,0.2553558051586151,176.5306122448978,176.53061224489795,207246.93877551003
jid_269805,36816.0,195.0,1,1175,-1215,0,1176,JobState.COMPLETED,0.26459309458732605,176.5306122448978,176.53061224489795,207423.4693877549
jid_270118,36995.0,195.0,1,1178,-1212,0,1179,JobState.COMPLETED,0.25516021251678467,176.5306122448978,176.53061224489795,207953.06122448962
jid_270067,36957.0,195.0,1,1178,-386,0,1179,JobState.COMPLETED,0.3174455463886261,176.5306122448978,176.53061224489795,207953.06122448962
jid_269896,36865.0,195.0,1,1189,-1217,0,1190,JobState.COMPLETED,0.26976412534713745,176.53061224489778,176.53061224489795,209894.89795918346
jid_269943,36888.0,195.0,1,1206,-431,0,1207,JobState.COMPLETED,0.2973563075065613,176.53061224489775,176.53061224489795,212895.9183673467
jid_265066,36548.0,195.0,1,1211,-1200,0,1212,JobState.COMPLETED,0.241252601146698,176.53061224489775,176.53061224489795,213778.5714285712
jid_270344,37134.0,195.0,1,1223,-380,0,1224,JobState.COMPLETED,0.27054929733276367,176.53061224489775,176.53061224489795,215896.93877550995
jid_270167,37026.0,195.0,1,1229,-470,0,1230,JobState.COMPLETED,0.2797270119190216,176.53061224489775,176.53061224489795,216956.12244897935
jid_269795,36809.0,195.0,1,1237,-1189,0,1238,JobState.COMPLETED,0.26151788234710693,176.53061224489772,176.53061224489795,218368.3673469385
jid_264368,36347.0,195.0,1,1246,-410,0,1247,JobState.COMPLETED,0.22064818441867828,176.53061224489772,176.53061224489795,219957.14285714258
jid_264326,36312.0,195.0,1,1252,-496,0,1253,JobState.COMPLETED,0.24461548030376434,176.53061224489772,176.53061224489795,221016.32653061196
jid_264312,1099.0,121.0,1,436,834,834,1271,JobState.COMPLETED,0.460904061794281,176.53061224489807,176.53061224489795,76967.34693877556
jid_264312,1099.0,121.0,1,446,834,834,1281,JobState.COMPLETED,0.460904061794281,176.53061224489807,176.53061224489795,78732.65306122454
jid_264312,1099.0,121.0,1,447,834,834,1282,JobState.COMPLETED,0.460904061794281,176.53061224489807,176.53061224489795,78909.18367346944
jid_270306,37114.0,195.0,1,1282,-1216,0,1283,JobState.COMPLETED,0.2470884472131729,176.5306122448977,176.53061224489795,226312.24489795885
jid_264312,1099.0,121.0,1,463,834,834,1298,JobState.COMPLETED,0.460904061794281,176.53061224489807,176.53061224489795,81733.67346938781
jid_264312,1099.0,121.0,1,467,834,834,1302,JobState.COMPLETED,0.460904061794281,176.53061224489807,176.53061224489795,82439.7959183674
jid_264312,1099.0,121.0,1,469,834,834,1304,JobState.COMPLETED,0.460904061794281,176.53061224489807,176.53061224489795,82792.85714285719
jid_264340,36323.0,195.0,1,1319,-430,0,1320,JobState.COMPLETED,0.22846773266792297,176.53061224489767,176.53061224489795,232843.87755102004
jid_269777,662.0,146.0,5462,40,1280,1280,1321,JobState.COMPLETED,0.006313759367913008,176.53061224489795,176.53061224489795,38568408.1632653
jid_265062,36544.0,195.0,1,1327,-1194,0,1328,JobState.COMPLETED,0.29723450541496277,176.53061224489764,176.53061224489795,234256.12244897918
jid_264312,1099.0,121.0,1,493,834,834,1328,JobState.COMPLETED,0.460904061794281,176.53061224489807,176.53061224489795,87029.59183673475
jid_264312,1099.0,121.0,1,507,834,834,1342,JobState.COMPLETED,0.460904061794281,176.53061224489807,176.53061224489795,89501.02040816331
jid_264312,1099.0,121.0,1,512,834,834,1347,JobState.COMPLETED,0.460904061794281,176.5306122448981,176.53061224489795,90383.67346938782
jid_270352,37141.0,195.0,1,1361,-423,0,1362,JobState.COMPLETED,0.26238399744033813,176.5306122448976,176.53061224489795,240258.16326530566
jid_264276,36288.0,195.0,1,1363,-1196,0,1364,JobState.COMPLETED,0.26545271277427673,176.5306122448976,176.53061224489795,240611.22448979545
jid_264312,1099.0,121.0,1,529,834,834,1364,JobState.COMPLETED,0.460904061794281,176.5306122448981,176.53061224489795,93384.6938775511
jid_265101,794.0,204.0,24,454,909,909,1364,JobState.COMPLETED,0.0906589925289154,176.5306122448978,176.53061224489795,1923477.5510204067
jid_264312,1099.0,121.0,1,530,834,834,1365,JobState.COMPLETED,0.460904061794281,176.5306122448981,176.53061224489795,93561.22448979599
jid_264312,1099.0,121.0,1,532,834,834,1367,JobState.COMPLETED,0.460904061794281,176.5306122448981,176.53061224489795,93914.28571428578
jid_264312,1099.0,121.0,1,532,834,834,1367,JobState.COMPLETED,0.460904061794281,176.5306122448981,176.53061224489795,93914.28571428578
jid_264312,1099.0,121.0,1,532,834,834,1367,JobState.COMPLETED,0.460904061794281,176.5306122448981,176.53061224489795,93914.28571428578
jid_264312,1099.0,121.0,1,534,834,834,1369,JobState.COMPLETED,0.460904061794281,176.5306122448981,176.53061224489795,94267.34693877558
jid_264312,1099.0,121.0,1,536,834,834,1371,JobState.COMPLETED,0.460904061794281,176.5306122448981,176.53061224489795,94620.40816326538
jid_264312,1099.0,121.0,1,540,834,834,1375,JobState.COMPLETED,0.460904061794281,176.5306122448981,176.53061224489795,95326.53061224497
jid_264312,1099.0,121.0,1,540,834,834,1375,JobState.COMPLETED,0.460904061794281,176.5306122448981,176.53061224489795,95326.53061224497
jid_264312,1099.0,121.0,1,544,834,834,1379,JobState.COMPLETED,0.460904061794281,176.5306122448981,176.53061224489795,96032.65306122457
jid_264312,1099.0,121.0,1,546,834,834,1381,JobState.COMPLETED,0.460904061794281,176.5306122448981,176.53061224489795,96385.71428571436
jid_264312,1099.0,121.0,1,553,834,834,1388,JobState.COMPLETED,0.460904061794281,176.5306122448981,176.53061224489795,97621.42857142865
jid_270354,37143.0,195.0,1,1388,-459,0,1389,JobState.COMPLETED,0.22940319776535034,176.5306122448976,176.53061224489795,245024.48979591788
jid_264312,1099.0,121.0,1,555,834,834,1390,JobState.COMPLETED,0.460904061794281,176.5306122448981,176.53061224489795,97974.48979591845
jid_264312,1099.0,121.0,1,557,834,834,1392,JobState.COMPLETED,0.460904061794281,176.5306122448981,176.53061224489795,98327.55102040824
jid_270340,794.0,204.0,24,580,815,815,1396,JobState.COMPLETED,0.07105059921741486,176.53061224489775,176.53061224489795,2457306.1224489766
jid_270121,36997.0,195.0,1,1409,-1198,0,1410,JobState.COMPLETED,0.2528282403945923,176.53061224489758,176.53061224489795,248731.6326530607
jid_270066,794.0,204.0,24,597,815,815,1413,JobState.COMPLETED,0.07105059921741486,176.53061224489775,176.53061224489795,2529330.6122448947
jid_264341,36324.0,195.0,1,1428,-218,0,1429,JobState.COMPLETED,0.2240845263004303,176.53061224489755,176.53061224489795,252085.7142857137
jid_270380,37167.0,195.0,1,1430,-494,0,1431,JobState.COMPLETED,0.2215173989534378,176.53061224489755,176.53061224489795,252438.7755102035
jid_270246,794.0,204.0,24,642,797,797,1440,JobState.COMPLETED,0.07105059921741486,176.5306122448978,176.53061224489795,2719983.6734693856
jid_270217,37065.0,195.0,1,1449,-1209,0,1450,JobState.COMPLETED,0.24875308573246002,176.53061224489755,176.53061224489795,255792.85714285655
jid_264280,36291.0,195.0,1,1451,-1227,0,1452,JobState.COMPLETED,0.2680146396160126,176.53061224489755,176.53061224489795,256145.91836734634
jid_270157,794.0,204.0,24,653,800,800,1454,JobState.COMPLETED,0.07105059921741486,176.53061224489784,176.53061224489795,2766587.755102039
jid_270124,37000.0,195.0,1,1455,-1198,0,1456,JobState.COMPLETED,0.25269943475723267,176.53061224489755,176.53061224489795,256852.04081632593
jid_270263,37082.0,195.0,1,1474,-247,0,1475,JobState.COMPLETED,0.2829342484474182,176.53061224489753,176.53061224489795,260206.12244897895
jid_270034,36946.0,195.0,1,1477,-1198,0,1478,JobState.COMPLETED,0.2617207467556,176.53061224489753,176.53061224489795,260735.71428571365
jid_267670,10.0,9.0,12288,180,1301,1301,1482,JobState.COMPLETED,0.006964114028960466,176.53061224489792,176.53061224489795,390457469.38775504
jid_265092,36562.0,195.0,1,1488,-1199,0,1489,JobState.COMPLETED,0.2335084229707718,176.53061224489753,176.53061224489795,262677.5510204075
jid_270373,37160.0,195.0,1,1498,-433,0,1499,JobState.COMPLETED,0.22532223165035248,176.53061224489753,176.53061224489795,264442.8571428565
jid_264293,36296.0,195.0,1,1500,-1198,0,1501,JobState.COMPLETED,0.24206897616386414,176.5306122448975,176.53061224489795,264795.9183673462
jid_264361,36342.0,195.0,1,1500,-498,0,1501,JobState.COMPLETED,0.21982342004776,176.5306122448975,176.53061224489795,264795.9183673462
jid_270257,794.0,204.0,24,693,807,807,1501,JobState.COMPLETED,0.07105059921741486,176.53061224489787,176.53061224489795,2936057.1428571413
jid_270256,794.0,204.0,24,691,811,811,1503,JobState.COMPLETED,0.07105059921741486,176.53061224489787,176.53061224489795,2927583.673469386
jid_264322,794.0,204.0,24,707,796,796,1504,JobState.COMPLETED,0.07105059921741486,176.53061224489792,176.53061224489795,2995371.4285714277
jid_264300,36301.0,195.0,1,1518,-1190,0,1519,JobState.COMPLETED,0.23111659288406372,176.5306122448975,176.53061224489795,267973.4693877544
jid_264363,36343.0,195.0,1,1557,-432,0,1558,JobState.COMPLETED,0.2237904667854309,176.53061224489747,176.53061224489795,274858.16326530534
jid_270226,37068.0,195.0,1,1573,-1198,0,1574,JobState.COMPLETED,0.24854020774364471,176.53061224489747,176.53061224489795,277682.65306122374
jid_270321,37124.0,195.0,1,1576,-1217,0,1577,JobState.COMPLETED,0.24605175852775574,176.53061224489747,176.53061224489795,278212.2448979584
jid_270356,37145.0,195.0,1,1608,-405,0,1609,JobState.COMPLETED,0.2625315189361572,176.53061224489744,176.53061224489795,283861.2244897951
jid_269927,36883.0,195.0,1,1630,-1196,0,1631,JobState.COMPLETED,0.2505967319011688,176.53061224489744,176.53061224489795,287744.89795918285
jid_270158,37020.0,195.0,1,1639,-1200,0,1640,JobState.COMPLETED,0.24982574582099915,176.53061224489744,176.53061224489795,289333.6734693869
jid_270142,37012.0,195.0,1,1646,-1201,0,1647,JobState.COMPLETED,0.2520923912525177,176.5306122448974,176.53061224489795,290569.38775510114
jid_270387,37170.0,195.0,1,1648,-420,0,1649,JobState.COMPLETED,0.25187432765960693,176.5306122448974,176.53061224489795,290922.44897959096
jid_264370,794.0,204.0,24,825,829,829,1655,JobState.COMPLETED,0.07826494425535202,176.53061224489807,176.53061224489795,3495306.1224489817
jid_267717,36629.0,195.0,1,1661,-1192,0,1662,JobState.COMPLETED,0.2612902522087097,176.5306122448974,176.53061224489795,293217.34693877463
jid_264337,16716.0,121.0,1,475,1214,1214,1690,JobState.COMPLETED,0.4559172987937927,176.53061224489807,176.53061224489795,83852.04081632658
jid_264337,16716.0,121.0,1,481,1214,1214,1696,JobState.COMPLETED,0.4559172987937927,176.53061224489807,176.53061224489795,84911.22448979598
jid_270236,37070.0,195.0,1,1701,-1245,0,1702,JobState.COMPLETED,0.24912866950035095,176.53061224489738,176.53061224489795,300278.57142857043
jid_270376,37163.0,195.0,1,1706,-515,0,1707,JobState.COMPLETED,0.22253179550170898,176.53061224489738,176.53061224489795,301161.2244897949
jid_270358,37147.0,195.0,1,1738,-446,0,1739,JobState.COMPLETED,0.22831019759178162,176.53061224489738,176.53061224489795,306810.2040816317
jid_264377,794.0,204.0,24,856,909,909,1766,JobState.COMPLETED,0.0906589925289154,176.53061224489807,176.53061224489795,3626644.8979591858
jid_264395,36353.0,195.0,1,1774,-421,0,1775,JobState.COMPLETED,0.20572486519813538,176.53061224489736,176.53061224489795,313165.3061224479
jid_270401,37173.0,195.0,1,1774,-388,0,1775,JobState.COMPLETED,0.24060365557670593,176.53061224489736,176.53061224489795,313165.3061224479
jid_270359,37148.0,195.0,1,1776,-1222,0,1777,JobState.COMPLETED,0.21548442542552948,176.53061224489736,176.53061224489795,313518.3673469377
jid_264337,16716.0,121.0,1,595,1214,1214,1810,JobState.COMPLETED,0.4559172987937927,176.53061224489812,176.53061224489795,105035.71428571438
jid_270164,37024.0,195.0,1,1816,-1200,0,1817,JobState.COMPLETED,0.24982574582099915,176.53061224489733,176.53061224489795,320579.59183673357
jid_264337,16716.0,121.0,1,602,1214,1214,1817,JobState.COMPLETED,0.4559172987937927,176.53061224489812,176.53061224489795,106271.42857142867
jid_264378,794.0,204.0,24,987,830,830,1818,JobState.COMPLETED,0.07826494425535202,176.53061224489818,176.53061224489795,4181657.142857148
jid_270283,794.0,204.0,24,991,830,830,1822,JobState.COMPLETED,0.07826494425535202,176.53061224489818,176.53061224489795,4198604.081632659
jid_264337,16716.0,121.0,1,612,1214,1214,1827,JobState.COMPLETED,0.4559172987937927,176.53061224489812,176.53061224489795,108036.73469387765
jid_264337,16716.0,121.0,1,615,1214,1214,1830,JobState.COMPLETED,0.4559172987937927,176.53061224489812,176.53061224489795,108566.32653061235
jid_264337,16716.0,121.0,1,625,1214,1214,1840,JobState.COMPLETED,0.4559172987937927,176.53061224489812,176.53061224489795,110331.63265306133
jid_264399,36357.0,195.0,1,1841,-450,0,1842,JobState.COMPLETED,0.20206676423549652,176.53061224489733,176.53061224489795,324992.857142856
jid_264337,16716.0,121.0,1,632,1214,1214,1847,JobState.COMPLETED,0.4559172987937927,176.53061224489812,176.53061224489795,111567.34693877562
jid_264337,16716.0,121.0,1,636,1214,1214,1851,JobState.COMPLETED,0.4559172987937927,176.53061224489812,176.53061224489795,112273.4693877552
jid_264337,16716.0,121.0,1,637,1214,1214,1852,JobState.COMPLETED,0.4559172987937927,176.53061224489812,176.53061224489795,112450.0000000001
jid_264380,794.0,204.0,24,1037,817,817,1855,JobState.COMPLETED,0.07105059921741486,176.5306122448982,176.53061224489795,4393493.877551027
jid_264337,16716.0,121.0,1,642,1214,1214,1857,JobState.COMPLETED,0.4559172987937927,176.53061224489812,176.53061224489795,113332.6530612246
jid_264337,16716.0,121.0,1,651,1214,1214,1866,JobState.COMPLETED,0.4559172987937927,176.53061224489812,176.53061224489795,114921.42857142868
jid_264337,16716.0,121.0,1,658,1214,1214,1873,JobState.COMPLETED,0.4559172987937927,176.53061224489812,176.53061224489795,116157.14285714297
jid_264337,16716.0,121.0,1,662,1214,1214,1877,JobState.COMPLETED,0.4559172987937927,176.53061224489812,176.53061224489795,116863.26530612256
jid_264337,16716.0,121.0,1,664,1214,1214,1879,JobState.COMPLETED,0.4559172987937927,176.53061224489812,176.53061224489795,117216.32653061235
jid_264337,16716.0,121.0,1,664,1214,1214,1879,JobState.COMPLETED,0.4559172987937927,176.53061224489812,176.53061224489795,117216.32653061235
jid_264337,16716.0,121.0,1,670,1214,1214,1885,JobState.COMPLETED,0.4559172987937927,176.53061224489812,176.53061224489795,118275.51020408174
jid_264337,16716.0,121.0,1,675,1214,1214,1890,JobState.COMPLETED,0.4559172987937927,176.53061224489812,176.53061224489795,119158.16326530623
jid_270300,10.0,9.0,12288,158,1733,1733,1892,JobState.COMPLETED,0.006926441099494696,176.53061224489795,176.53061224489795,342734889.79591835
jid_264337,16716.0,121.0,1,679,1214,1214,1894,JobState.COMPLETED,0.4559172987937927,176.53061224489812,176.53061224489795,119864.28571428583
jid_264329,36315.0,195.0,1,1895,-1207,0,1896,JobState.COMPLETED,0.23111219704151154,176.53061224489733,176.53061224489795,334525.51020408043
jid_264379,794.0,204.0,24,952,944,944,1897,JobState.COMPLETED,0.0906589925289154,176.53061224489818,176.53061224489795,4033371.4285714338
jid_264337,16716.0,121.0,1,685,1214,1214,1900,JobState.COMPLETED,0.4559172987937927,176.53061224489812,176.53061224489795,120923.46938775522
jid_264337,16716.0,121.0,1,686,1214,1214,1901,JobState.COMPLETED,0.4559172987937927,176.53061224489812,176.53061224489795,121100.00000000012
jid_264337,16716.0,121.0,1,686,1214,1214,1901,JobState.COMPLETED,0.4559172987937927,176.53061224489812,176.53061224489795,121100.00000000012
jid_264337,16716.0,121.0,1,687,1214,1214,1902,JobState.COMPLETED,0.4559172987937927,176.53061224489812,176.53061224489795,121276.53061224501
jid_264337,16716.0,121.0,1,687,1214,1214,1902,JobState.COMPLETED,0.4559172987937927,176.53061224489812,176.53061224489795,121276.53061224501
jid_264337,16716.0,121.0,1,687,1214,1214,1902,JobState.COMPLETED,0.4559172987937927,176.53061224489812,176.53061224489795,121276.53061224501
jid_264419,36371.0,195.0,1,1909,-488,0,1910,JobState.COMPLETED,0.20015817880630493,176.5306122448973,176.53061224489795,336996.93877550896
jid_264337,16716.0,121.0,1,696,1214,1214,1911,JobState.COMPLETED,0.4559172987937927,176.53061224489815,176.53061224489795,122865.30612244911
jid_270269,37088.0,195.0,1,1912,-1211,0,1913,JobState.COMPLETED,0.2431083470582962,176.5306122448973,176.53061224489795,337526.53061224363
jid_264270,10.0,9.0,12288,181,1731,1731,1913,JobState.COMPLETED,0.006926441099494696,176.53061224489792,176.53061224489795,392626677.5510203
jid_270361,37150.0,195.0,1,1913,-1222,0,1914,JobState.COMPLETED,0.21511800587177277,176.5306122448973,176.53061224489795,337703.06122448854
jid_264402,794.0,204.0,24,961,962,962,1924,JobState.COMPLETED,0.05055578052997589,176.53061224489818,176.53061224489795,4071502.0408163317
jid_264357,794.0,204.0,24,1010,939,939,1950,JobState.COMPLETED,0.0906589925289154,176.5306122448982,176.53061224489795,4279102.040816332
jid_270275,37094.0,195.0,1,1955,-1195,0,1956,JobState.COMPLETED,0.24248318374156952,176.5306122448973,176.53061224489795,345117.3469387742
jid_264425,36377.0,195.0,1,1958,-492,0,1959,JobState.COMPLETED,0.19768452644348145,176.5306122448973,176.53061224489795,345646.9387755089
jid_264434,36384.0,195.0,1,1994,-467,0,1995,JobState.COMPLETED,0.19634555280208588,176.53061224489727,176.53061224489795,352002.04081632517
jid_270176,37033.0,195.0,1,1995,-1237,0,1996,JobState.COMPLETED,0.2529086768627167,176.53061224489727,176.53061224489795,352178.5714285701
jid_270363,37152.0,195.0,1,2000,-1195,0,2001,JobState.COMPLETED,0.21450021862983704,176.53061224489727,176.53061224489795,353061.2244897945
jid_264430,794.0,204.0,24,1044,963,963,2008,JobState.COMPLETED,0.05055578052997589,176.5306122448982,176.53061224489795,4423151.020408169
jid_264433,794.0,204.0,24,1045,972,972,2018,JobState.COMPLETED,0.05055578052997589,176.5306122448982,176.53061224489795,4427387.755102048
jid_264438,36388.0,195.0,1,2032,-500,0,2033,JobState.COMPLETED,0.19391870498657227,176.53061224489727,176.53061224489795,358710.20408163127
jid_264442,794.0,204.0,24,1067,971,971,2039,JobState.COMPLETED,0.05055578052997589,176.53061224489826,176.53061224489795,4520595.918367354
jid_270266,37085.0,195.0,1,2072,-1218,0,2073,JobState.COMPLETED,0.24414923787117004,176.53061224489724,176.53061224489795,365771.42857142707
jid_264450,794.0,204.0,24,1195,957,957,2153,JobState.COMPLETED,0.05055578052997589,176.53061224489832,176.53061224489795,5062897.959183684
jid_264455,794.0,204.0,24,1265,954,954,2220,JobState.COMPLETED,0.05055578052997589,176.53061224489826,176.53061224489795,5359469.387755111
jid_264497,794.0,204.0,24,1318,973,973,2292,JobState.COMPLETED,0.05055578052997589,176.5306122448982,176.53061224489795,5584016.32653062
jid_264534,794.0,204.0,24,1296,1012,1012,2309,JobState.COMPLETED,0.043742310255765915,176.5306122448982,176.53061224489795,5490808.163265314
jid_264531,794.0,204.0,24,1335,993,993,2329,JobState.COMPLETED,0.05055578052997589,176.53061224489818,176.53061224489795,5656040.816326538
jid_264381,307.0,9.0,12,4,2332,2332,2337,JobState.COMPLETED,0.43998971581459045,176.53061224489795,176.53061224489795,8473.469387755102
jid_264542,307.0,9.0,192,7,2360,2360,2368,JobState.COMPLETED,0.09579441696405411,176.53061224489795,176.53061224489795,237257.14285714287
jid_264394,14771.0,58.0,12,322,2063,2063,2386,JobState.COMPLETED,0.2138925939798355,176.53061224489784,176.53061224489795,682114.2857142852
jid_264574,307.0,9.0,384,25,2364,2364,2390,JobState.COMPLETED,0.07181107252836227,176.53061224489795,176.53061224489795,1694693.8775510206
jid_264385,307.0,9.0,3072,18,2376,2376,2395,JobState.COMPLETED,0.020175296813249588,176.53061224489795,176.53061224489795,9761436.734693877
jid_264552,794.0,204.0,24,1399,997,997,2397,JobState.COMPLETED,0.05055578052997589,176.5306122448981,176.53061224489795,5927191.836734698
jid_264512,36409.0,195.0,1,2397,-512,0,2398,JobState.COMPLETED,0.17522691190242767,176.53061224489713,176.53061224489795,423143.87755101844
jid_264389,307.0,9.0,6144,21,2380,2380,2402,JobState.COMPLETED,0.013919341377913952,176.53061224489795,176.53061224489795,22776685.714285713
jid_270175,10.0,9.0,12288,196,2212,2212,2409,JobState.COMPLETED,0.006843790411949158,176.53061224489792,176.53061224489795,425164799.9999999
jid_264560,794.0,204.0,24,1404,1005,1005,2410,JobState.COMPLETED,0.05055578052997589,176.5306122448981,176.53061224489795,5948375.510204086
jid_264515,36412.0,195.0,1,2414,-496,0,2415,JobState.COMPLETED,0.17312021553516388,176.53061224489713,176.53061224489795,426144.8979591817
jid_270393,307.0,9.0,768,18,2418,2418,2437,JobState.COMPLETED,0.052732985466718674,176.53061224489795,176.53061224489795,2440359.1836734693
jid_264579,307.0,9.0,96,43,2405,2405,2449,JobState.COMPLETED,0.12947504222393036,176.53061224489795,176.53061224489795,728718.3673469387
jid_264572,307.0,9.0,48,55,2402,2402,2458,JobState.COMPLETED,0.18042874336242676,176.53061224489795,176.53061224489795,466040.81632653065
jid_264590,794.0,204.0,24,1442,1021,1021,2464,JobState.COMPLETED,0.043742310255765915,176.53061224489804,176.53061224489795,6109371.428571431
jid_264550,36424.0,195.0,1,2516,-446,0,2517,JobState.COMPLETED,0.17165277898311615,176.5306122448971,176.53061224489795,444151.0204081611
jid_264551,36425.0,195.0,1,2524,-474,0,2525,JobState.COMPLETED,0.17172756791114807,176.5306122448971,176.53061224489795,445563.2653061203
jid_264569,794.0,204.0,24,1552,982,982,2535,JobState.COMPLETED,0.05055578052997589,176.53061224489795,176.53061224489795,6575412.244897958
jid_264555,36427.0,195.0,1,2538,-519,0,2539,JobState.COMPLETED,0.17149731516838074,176.5306122448971,176.53061224489795,448034.69387754885
jid_264557,36429.0,195.0,1,2561,-487,0,2562,JobState.COMPLETED,0.17132674157619476,176.5306122448971,176.53061224489795,452094.89795918146
jid_264423,36375.0,195.0,1,2565,-1243,0,2566,JobState.COMPLETED,0.18163082003593445,176.5306122448971,176.53061224489795,452801.02040816104
jid_264473,307.0,9.0,3072,140,2426,2426,2567,JobState.COMPLETED,0.015287524089217186,176.53061224489795,176.53061224489795,75922285.71428572
jid_264610,794.0,204.0,24,1568,1003,1003,2572,JobState.COMPLETED,0.05055578052997589,176.53061224489792,176.53061224489795,6643199.999999998
jid_264558,36430.0,195.0,1,2584,-516,0,2585,JobState.COMPLETED,0.17079980671405792,176.5306122448971,176.53061224489795,456155.1020408141
jid_264627,794.0,204.0,24,1586,1020,1020,2607,JobState.COMPLETED,0.043742310255765915,176.53061224489792,176.53061224489795,6719461.224489795
jid_264576,36433.0,195.0,1,2609,-487,0,2610,JobState.COMPLETED,0.17053668200969696,176.5306122448971,176.53061224489795,460568.36734693655
jid_264622,794.0,204.0,24,1596,1019,1019,2616,JobState.COMPLETED,0.043742310255765915,176.53061224489792,176.53061224489795,6761828.571428571
jid_264431,36382.0,195.0,1,2616,-1201,0,2617,JobState.COMPLETED,0.18175552785396576,176.53061224489707,176.53061224489795,461804.08163265075
jid_264581,36435.0,195.0,1,2645,-511,0,2646,JobState.COMPLETED,0.17003308236598969,176.53061224489707,176.53061224489795,466923.46938775276
jid_264589,794.0,204.0,24,1768,942,942,2711,JobState.COMPLETED,0.0906589925289154,176.53061224489775,176.53061224489795,7490546.938775502
jid_264653,794.0,204.0,24,1715,1002,1002,2718,JobState.COMPLETED,0.05055578052997589,176.5306122448978,176.53061224489795,7265999.999999994
jid_264658,794.0,204.0,24,1723,1006,1006,2730,JobState.COMPLETED,0.05055578052997589,176.5306122448978,176.53061224489795,7299893.877551015
jid_264602,794.0,204.0,24,1772,977,977,2750,JobState.COMPLETED,0.05055578052997589,176.53061224489775,176.53061224489795,7507493.877551012
jid_264613,794.0,204.0,24,1879,964,964,2844,JobState.COMPLETED,0.05055578052997589,176.5306122448977,176.53061224489795,7960824.4897959065
jid_264673,794.0,204.0,24,1840,1011,1011,2852,JobState.COMPLETED,0.043742310255765915,176.53061224489772,176.53061224489795,7795591.836734684
jid_264631,794.0,204.0,24,1894,974,974,2869,JobState.COMPLETED,0.05055578052997589,176.5306122448977,176.53061224489795,8024375.510204069
jid_264636,36449.0,195.0,1,2886,-475,0,2887,JobState.COMPLETED,0.16688747704029083,176.53061224489701,176.53061224489795,509467.34693877277
jid_264640,794.0,204.0,24,1912,976,976,2889,JobState.COMPLETED,0.05055578052997589,176.53061224489764,176.53061224489795,8100636.7346938625
jid_264649,36451.0,195.0,1,2893,-402,0,2894,JobState.COMPLETED,0.16674350202083588,176.53061224489701,176.53061224489795,510703.0612244871
jid_264664,36454.0,195.0,1,2932,-448,0,2933,JobState.COMPLETED,0.16211020946502686,176.53061224489701,176.53061224489795,517587.75510203803
jid_264685,794.0,204.0,24,1959,990,990,2950,JobState.COMPLETED,0.05055578052997589,176.53061224489764,176.53061224489795,8299763.265306107
jid_264669,36456.0,195.0,1,3001,-404,0,3002,JobState.COMPLETED,0.16183778643608093,176.53061224489701,176.53061224489795,529768.3673469359
jid_264707,36464.0,195.0,1,3153,-414,0,3154,JobState.COMPLETED,0.15639539062976837,176.530612244897,176.53061224489795,556601.0204081602
jid_264706,794.0,204.0,24,2199,979,979,3179,JobState.COMPLETED,0.05055578052997589,176.5306122448975,176.53061224489795,9316579.59183671
jid_264748,794.0,204.0,24,2254,1008,1008,3263,JobState.COMPLETED,0.05055578052997589,176.5306122448975,176.53061224489795,9549599.999999974
jid_264718,36466.0,195.0,1,3265,-517,0,3266,JobState.COMPLETED,0.15294675529003143,176.53061224489696,176.53061224489795,576372.4489795886
jid_264732,36470.0,195.0,1,3311,-486,0,3312,JobState.COMPLETED,0.15372903645038605,176.53061224489696,176.53061224489795,584492.8571428538
jid_264588,794.0,204.0,24,1435,1948,1948,3384,JobState.COMPLETED,0.04450909048318863,176.53061224489807,176.53061224489795,6079714.285714289
jid_264777,36477.0,195.0,1,3392,-414,0,3393,JobState.COMPLETED,0.1494211107492447,176.53061224489696,176.53061224489795,598791.8367346905
jid_264772,794.0,204.0,24,2377,1015,1015,3393,JobState.COMPLETED,0.043742310255765915,176.5306122448974,176.53061224489795,10070718.367346907
jid_264703,794.0,204.0,24,1247,2166,2166,3414,JobState.COMPLETED,0.046785518527030945,176.5306122448983,176.53061224489795,5283208.163265316
jid_264795,794.0,204.0,24,2396,1025,1025,3422,JobState.COMPLETED,0.043742310255765915,176.5306122448974,176.53061224489795,10151216.326530581
jid_264666,794.0,204.0,24,1488,2001,2001,3490,JobState.COMPLETED,0.04397019371390343,176.53061224489798,176.53061224489795,6304261.224489797
jid_264801,794.0,204.0,24,1133,2383,2383,3517,JobState.COMPLETED,0.04590805619955063,176.5306122448983,176.53061224489795,4800220.408163274
jid_264657,794.0,204.0,24,1538,1983,1983,3522,JobState.COMPLETED,0.04397019371390343,176.53061224489795,176.53061224489795,6516097.959183674
jid_264659,794.0,204.0,24,1556,1970,1970,3527,JobState.COMPLETED,0.04397019371390343,176.53061224489795,176.53061224489795,6592359.183673469
jid_264826,794.0,204.0,24,2517,1021,1021,3539,JobState.COMPLETED,0.043742310255765915,176.53061224489747,176.53061224489795,10663861.224489767
jid_264680,794.0,204.0,24,1660,1992,1992,3653,JobState.COMPLETED,0.04397019371390343,176.53061224489784,176.53061224489795,7032979.59183673
jid_264699,794.0,204.0,24,1697,2007,2007,3705,JobState.COMPLETED,0.04397019371390343,176.5306122448978,176.53061224489795,7189738.775510198
jid_264721,794.0,204.0,24,1570,2141,2141,3712,JobState.COMPLETED,0.04293446242809296,176.53061224489792,176.53061224489795,6651673.469387755
jid_264754,794.0,204.0,24,1574,2169,2169,3744,JobState.COMPLETED,0.046785518527030945,176.53061224489792,176.53061224489795,6668620.408163264
jid_264747,794.0,204.0,24,1595,2151,2151,3747,JobState.COMPLETED,0.046785518527030945,176.53061224489792,176.53061224489795,6757591.836734693
jid_264677,794.0,204.0,24,1813,1936,1936,3750,JobState.COMPLETED,0.04450909048318863,176.53061224489772,176.53061224489795,7681199.999999991
jid_264776,794.0,204.0,24,1573,2186,2186,3760,JobState.COMPLETED,0.046785518527030945,176.53061224489792,176.53061224489795,6664383.673469387
jid_264814,794.0,204.0,24,1570,2213,2213,3784,JobState.COMPLETED,0.0456647165119648,176.53061224489792,176.53061224489795,6651673.469387755
jid_264764,794.0,204.0,24,1643,2159,2159,3803,JobState.COMPLETED,0.046785518527030945,176.53061224489784,176.53061224489795,6960955.102040812
jid_264816,794.0,204.0,24,1617,2193,2193,3811,JobState.COMPLETED,0.046785518527030945,176.53061224489787,176.53061224489795,6850799.999999996
jid_264704,794.0,204.0,24,1857,1976,1976,3834,JobState.COMPLETED,0.04397019371390343,176.5306122448977,176.53061224489795,7867616.326530601
jid_264709,794.0,204.0,24,1966,1927,1927,3894,JobState.COMPLETED,0.04450909048318863,176.53061224489764,176.53061224489795,8329420.40816325
jid_264716,794.0,204.0,24,2002,1929,1929,3932,JobState.COMPLETED,0.04450909048318863,176.5306122448976,176.53061224489795,8481942.857142841
jid_264724,794.0,204.0,24,1994,1964,1964,3959,JobState.COMPLETED,0.04450909048318863,176.5306122448976,176.53061224489795,8448048.97959182
jid_264737,794.0,204.0,24,2005,1985,1985,3991,JobState.COMPLETED,0.04397019371390343,176.5306122448976,176.53061224489795,8494653.061224474
jid_264866,794.0,204.0,24,1800,2203,2203,4004,JobState.COMPLETED,0.046785518527030945,176.53061224489772,176.53061224489795,7626122.448979583
jid_264734,794.0,204.0,24,2083,1958,1958,4042,JobState.COMPLETED,0.04450909048318863,176.53061224489758,176.53061224489795,8825118.36734692
jid_264918,794.0,204.0,24,1616,2427,2427,4044,JobState.COMPLETED,0.04754534363746643,176.53061224489787,176.53061224489795,6846563.265306119
jid_264942,794.0,204.0,24,1701,2417,2417,4119,JobState.COMPLETED,0.04754534363746643,176.5306122448978,176.53061224489795,7206685.714285709
jid_264860,794.0,204.0,24,2012,2151,2151,4164,JobState.COMPLETED,0.046785518527030945,176.5306122448976,176.53061224489795,8524310.204081615
jid_264861,794.0,204.0,24,2017,2154,2154,4172,JobState.COMPLETED,0.046785518527030945,176.5306122448976,176.53061224489795,8545493.877551004
jid_264763,794.0,204.0,24,2273,1929,1929,4203,JobState.COMPLETED,0.04450909048318863,176.53061224489747,176.53061224489795,9630097.959183648
jid_264774,794.0,204.0,24,2233,1981,1981,4215,JobState.COMPLETED,0.04397019371390343,176.5306122448975,176.53061224489795,9460628.571428547
jid_264804,794.0,204.0,24,2198,2029,2029,4228,JobState.COMPLETED,0.04333300143480301,176.5306122448975,176.53061224489795,9312342.857142832
jid_264897,794.0,204.0,24,2022,2210,2210,4233,JobState.COMPLETED,0.0456647165119648,176.5306122448976,176.53061224489795,8566677.551020391
jid_264838,794.0,204.0,24,2197,2039,2039,4237,JobState.COMPLETED,0.04333300143480301,176.5306122448975,176.53061224489795,9308106.122448955
jid_264920,794.0,204.0,24,2059,2226,2226,4286,JobState.COMPLETED,0.0456647165119648,176.53061224489758,176.53061224489795,8723436.734693859
jid_264858,794.0,204.0,24,2188,2128,2128,4317,JobState.COMPLETED,0.04293446242809296,176.5306122448975,176.53061224489795,9269975.510204056
jid_264864,794.0,204.0,24,2195,2132,2132,4328,JobState.COMPLETED,0.04293446242809296,176.5306122448975,176.53061224489795,9299632.6530612
jid_264812,794.0,204.0,24,2405,1944,1944,4350,JobState.COMPLETED,0.04450909048318863,176.5306122448974,176.53061224489795,10189346.93877548
jid_264863,794.0,204.0,24,2257,2102,2102,4360,JobState.COMPLETED,0.04293446242809296,176.5306122448975,176.53061224489795,9562310.204081606
jid_264859,794.0,204.0,24,2280,2103,2103,4384,JobState.COMPLETED,0.04293446242809296,176.53061224489747,176.53061224489795,9659755.10204079
jid_264898,36500.0,195.0,1,4572,-1265,0,4573,JobState.COMPLETED,0.13535667955875397,176.53061224489682,176.53061224489795,807097.9591836683
jid_264901,794.0,204.0,24,1200,3411,3411,4612,JobState.COMPLETED,0.05120702087879181,176.53061224489832,176.53061224489795,5084081.632653072
jid_265011,36517.0,195.0,1,4681,-390,0,4682,JobState.COMPLETED,0.20780029892921448,176.53061224489682,176.53061224489795,826339.795918362
jid_264874,981.0,121.0,1,70,4623,4623,4694,JobState.COMPLETED,0.43904292583465576,176.53061224489795,176.53061224489795,12357.142857142857
jid_264874,981.0,121.0,1,81,4623,4623,4705,JobState.COMPLETED,0.43904292583465576,176.53061224489795,176.53061224489795,14298.979591836734
jid_264874,981.0,121.0,1,88,4623,4623,4712,JobState.COMPLETED,0.43904292583465576,176.53061224489795,176.53061224489795,15534.69387755102
jid_264874,981.0,121.0,1,92,4623,4623,4716,JobState.COMPLETED,0.43904292583465576,176.53061224489792,176.53061224489795,16240.816326530608
jid_264874,981.0,121.0,1,93,4623,4623,4717,JobState.COMPLETED,0.43904292583465576,176.53061224489792,176.53061224489795,16417.346938775507
jid_264874,981.0,121.0,1,105,4623,4623,4729,JobState.COMPLETED,0.43904292583465576,176.53061224489792,176.53061224489795,18535.714285714283
jid_264940,794.0,204.0,24,1235,3498,3498,4734,JobState.COMPLETED,0.051601801067590714,176.53061224489832,176.53061224489795,5232367.346938786
jid_264874,981.0,121.0,1,114,4623,4623,4738,JobState.COMPLETED,0.43904292583465576,176.53061224489792,176.53061224489795,20124.48979591836
jid_264874,981.0,121.0,1,116,4623,4623,4740,JobState.COMPLETED,0.43904292583465576,176.53061224489792,176.53061224489795,20477.55102040816
jid_264874,981.0,121.0,1,117,4623,4623,4741,JobState.COMPLETED,0.43904292583465576,176.53061224489792,176.53061224489795,20654.08163265306
jid_264874,981.0,121.0,1,119,4623,4623,4743,JobState.COMPLETED,0.43904292583465576,176.53061224489792,176.53061224489795,21007.14285714285
jid_264874,981.0,121.0,1,123,4623,4623,4747,JobState.COMPLETED,0.43904292583465576,176.5306122448979,176.53061224489795,21713.26530612244
jid_264874,981.0,121.0,1,133,4623,4623,4757,JobState.COMPLETED,0.43904292583465576,176.5306122448979,176.53061224489795,23478.57142857142
jid_264874,981.0,121.0,1,136,4623,4623,4760,JobState.COMPLETED,0.43904292583465576,176.5306122448979,176.53061224489795,24008.163265306113
jid_264932,794.0,204.0,24,1316,3452,3452,4769,JobState.COMPLETED,0.05120702087879181,176.5306122448982,176.53061224489795,5575542.857142865
jid_264966,794.0,204.0,24,1243,3536,3536,4780,JobState.COMPLETED,0.053557634353637695,176.5306122448983,176.53061224489795,5266261.224489806
jid_264874,981.0,121.0,1,162,4623,4623,4786,JobState.COMPLETED,0.43904292583465576,176.5306122448979,176.53061224489795,28597.959183673458
jid_264874,981.0,121.0,1,162,4623,4623,4786,JobState.COMPLETED,0.43904292583465576,176.5306122448979,176.53061224489795,28597.959183673458
jid_264874,981.0,121.0,1,171,4623,4623,4795,JobState.COMPLETED,0.43904292583465576,176.5306122448979,176.53061224489795,30186.73469387754
jid_264938,794.0,204.0,24,1392,3404,3404,4797,JobState.COMPLETED,0.05049112066626549,176.5306122448981,176.53061224489795,5897534.693877555
jid_264874,981.0,121.0,1,176,4623,4623,4800,JobState.COMPLETED,0.43904292583465576,176.5306122448979,176.53061224489795,31069.38775510203
jid_264874,981.0,121.0,1,180,4623,4623,4804,JobState.COMPLETED,0.43904292583465576,176.5306122448979,176.53061224489795,31775.51020408162
jid_264874,981.0,121.0,1,182,4623,4623,4806,JobState.COMPLETED,0.43904292583465576,176.5306122448979,176.53061224489795,32128.571428571417
jid_264874,981.0,121.0,1,183,4623,4623,4807,JobState.COMPLETED,0.43904292583465576,176.5306122448979,176.53061224489795,32305.102040816313
jid_264946,794.0,204.0,24,1462,3358,3358,4821,JobState.COMPLETED,0.05049112066626549,176.53061224489804,176.53061224489795,6194106.122448983
jid_264874,981.0,121.0,1,197,4623,4623,4821,JobState.COMPLETED,0.43904292583465576,176.5306122448979,176.53061224489795,34776.53061224488
jid_264950,794.0,204.0,24,1530,3318,3318,4849,JobState.COMPLETED,0.049360282719135284,176.53061224489795,176.53061224489795,6482204.081632652
jid_264874,981.0,121.0,1,225,4623,4623,4849,JobState.COMPLETED,0.43904292583465576,176.53061224489787,176.53061224489795,39719.38775510202
jid_264947,794.0,204.0,24,1497,3353,3353,4851,JobState.COMPLETED,0.05049112066626549,176.53061224489798,176.53061224489795,6342391.8367346935
jid_264951,794.0,204.0,24,1509,3348,3348,4858,JobState.COMPLETED,0.049360282719135284,176.53061224489798,176.53061224489795,6393232.653061226
jid_264874,981.0,121.0,1,238,4623,4623,4862,JobState.COMPLETED,0.43904292583465576,176.53061224489787,176.53061224489795,42014.285714285696
jid_264874,981.0,121.0,1,240,4623,4623,4864,JobState.COMPLETED,0.43904292583465576,176.5306122448979,176.53061224489795,42367.346938775496
jid_265013,794.0,204.0,24,1310,3592,3592,4903,JobState.COMPLETED,0.06779062747955322,176.5306122448982,176.53061224489795,5550122.448979599
jid_264921,36509.0,195.0,1,4905,-1271,0,4906,JobState.COMPLETED,0.13551145792007446,176.5306122448968,176.53061224489795,865882.6530612188
jid_270418,794.0,204.0,24,1317,3603,3603,4921,JobState.COMPLETED,0.06779062747955322,176.5306122448982,176.53061224489795,5579779.591836743
jid_270434,794.0,204.0,24,1217,3719,3719,4937,JobState.COMPLETED,0.04981603845953941,176.53061224489832,176.53061224489795,5156106.12244899
jid_265111,36569.0,195.0,1,5064,-449,0,5065,JobState.COMPLETED,0.14859110116958618,176.5306122448968,176.53061224489795,893951.0204081574
jid_264994,794.0,204.0,24,1676,3392,3392,5069,JobState.COMPLETED,0.05049112066626549,176.53061224489784,176.53061224489795,7100767.34693877
jid_265905,36586.0,31.0,100,1402,3679,3679,5082,JobState.COMPLETED,0.024319611489772797,176.5306122448979,176.53061224489795,24749591.836734682
jid_265905,36586.0,31.0,100,1407,3679,3679,5087,JobState.COMPLETED,0.024319611489772797,176.5306122448979,176.53061224489795,24837857.142857134
jid_265905,36586.0,31.0,100,1408,3679,3679,5088,JobState.COMPLETED,0.024319611489772797,176.5306122448979,176.53061224489795,24855510.204081625
jid_270446,794.0,204.0,24,1418,3674,3674,5093,JobState.COMPLETED,0.0490223690867424,176.53061224489807,176.53061224489795,6007689.7959183715
jid_265905,36586.0,31.0,100,1413,3679,3679,5093,JobState.COMPLETED,0.024319611489772797,176.5306122448979,176.53061224489795,24943775.51020407
jid_265905,36586.0,31.0,100,1416,3679,3679,5096,JobState.COMPLETED,0.024319611489772797,176.5306122448979,176.53061224489795,24996734.69387754
jid_265905,36586.0,31.0,100,1417,3679,3679,5097,JobState.COMPLETED,0.024319611489772797,176.5306122448979,176.53061224489795,25014387.75510203
jid_265905,36586.0,31.0,100,1417,3679,3679,5097,JobState.COMPLETED,0.024319611489772797,176.5306122448979,176.53061224489795,25014387.75510203
jid_265905,36586.0,31.0,100,1418,3679,3679,5098,JobState.COMPLETED,0.024319611489772797,176.5306122448979,176.53061224489795,25032040.81632652
jid_265905,36586.0,31.0,100,1420,3679,3679,5100,JobState.COMPLETED,0.024319611489772797,176.53061224489792,176.53061224489795,25067346.938775506
jid_265905,36586.0,31.0,100,1422,3679,3679,5102,JobState.COMPLETED,0.024319611489772797,176.53061224489792,176.53061224489795,25102653.061224487
jid_265905,36586.0,31.0,100,1423,3679,3679,5103,JobState.COMPLETED,0.024319611489772797,176.53061224489792,176.53061224489795,25120306.122448973
jid_265905,36586.0,31.0,100,1423,3679,3679,5103,JobState.COMPLETED,0.024319611489772797,176.53061224489792,176.53061224489795,25120306.122448973
jid_265905,36586.0,31.0,100,1424,3679,3679,5104,JobState.COMPLETED,0.024319611489772797,176.53061224489792,176.53061224489795,25137959.183673464
jid_265110,794.0,204.0,24,1400,3721,3721,5122,JobState.COMPLETED,0.04981603845953941,176.5306122448981,176.53061224489795,5931428.5714285765
jid_265905,36586.0,31.0,100,1449,3679,3679,5129,JobState.COMPLETED,0.024319611489772797,176.53061224489792,176.53061224489795,25579285.71428571
jid_270406,794.0,204.0,24,1645,3485,3485,5131,JobState.COMPLETED,0.051601801067590714,176.53061224489784,176.53061224489795,6969428.571428566
jid_265905,36586.0,31.0,100,1452,3679,3679,5132,JobState.COMPLETED,0.024319611489772797,176.53061224489795,176.53061224489795,25632244.897959184
jid_265002,794.0,204.0,24,1717,3435,3435,5153,JobState.COMPLETED,0.05120702087879181,176.5306122448978,176.53061224489795,7274473.469387749
jid_265009,794.0,204.0,24,1857,3322,3322,5180,JobState.COMPLETED,0.049360282719135284,176.5306122448977,176.53061224489795,7867616.326530601
jid_270452,794.0,204.0,24,1425,3758,3758,5184,JobState.COMPLETED,0.04981603845953941,176.53061224489807,176.53061224489795,6037346.938775513
jid_265905,36586.0,31.0,100,1512,3679,3679,5192,JobState.COMPLETED,0.024319611489772797,176.530612244898,176.53061224489795,26691428.57142858
jid_265905,36586.0,31.0,100,1514,3679,3679,5194,JobState.COMPLETED,0.024319611489772797,176.530612244898,176.53061224489795,26726734.693877555
jid_265905,36586.0,31.0,100,1520,3679,3679,5200,JobState.COMPLETED,0.024319611489772797,176.530612244898,176.53061224489795,26832653.061224498
jid_265117,794.0,204.0,24,1496,3709,3709,5206,JobState.COMPLETED,0.04981603845953941,176.53061224489798,176.53061224489795,6338155.102040818
jid_265905,36586.0,31.0,100,1536,3679,3679,5216,JobState.COMPLETED,0.024319611489772797,176.53061224489804,176.53061224489795,27115102.040816337
jid_270456,794.0,204.0,24,1397,3860,3860,5258,JobState.COMPLETED,0.04952042177319527,176.5306122448981,176.53061224489795,5918718.367346943
jid_265121,794.0,204.0,24,1541,3742,3742,5284,JobState.COMPLETED,0.04981603845953941,176.53061224489795,176.53061224489795,6528808.1632653065
jid_270419,794.0,204.0,24,1859,3426,3426,5286,JobState.COMPLETED,0.05120702087879181,176.5306122448977,176.53061224489795,7876089.795918355
jid_265119,794.0,204.0,24,1623,3664,3664,5288,JobState.COMPLETED,0.0490223690867424,176.53061224489787,176.53061224489795,6876220.408163262
jid_265134,36572.0,195.0,1,5338,-383,0,5339,JobState.COMPLETED,0.16144812107086182,176.5306122448968,176.53061224489795,942320.408163259
jid_270458,794.0,204.0,24,1721,3638,3638,5360,JobState.COMPLETED,0.06779062747955322,176.5306122448978,176.53061224489795,7291420.408163259
jid_270464,794.0,204.0,24,1549,3820,3820,5370,JobState.COMPLETED,0.04969475790858269,176.53061224489795,176.53061224489795,6562702.040816326
jid_270468,794.0,204.0,24,1431,3940,3940,5372,JobState.COMPLETED,0.04945788532495499,176.53061224489807,176.53061224489795,6062767.34693878
jid_270477,794.0,204.0,24,1562,3818,3818,5381,JobState.COMPLETED,0.04969475790858269,176.53061224489792,176.53061224489795,6617779.591836733
jid_265132,794.0,204.0,24,1573,3827,3827,5401,JobState.COMPLETED,0.04969475790858269,176.53061224489792,176.53061224489795,6664383.673469387
jid_265131,794.0,204.0,24,1532,3882,3882,5415,JobState.COMPLETED,0.04952042177319527,176.53061224489795,176.53061224489795,6490677.551020408
jid_270474,794.0,204.0,24,1707,3713,3713,5421,JobState.COMPLETED,0.04981603845953941,176.5306122448978,176.53061224489795,7232106.122448973
jid_270459,794.0,204.0,24,1829,3595,3595,5425,JobState.COMPLETED,0.06779062747955322,176.53061224489772,176.53061224489795,7748987.755102031
jid_265128,794.0,204.0,24,1805,3645,3645,5451,JobState.COMPLETED,0.06779062747955322,176.53061224489772,176.53061224489795,7647306.12244897
jid_265139,794.0,204.0,24,1552,3904,3904,5457,JobState.COMPLETED,0.04945788532495499,176.53061224489795,176.53061224489795,6575412.244897958
jid_265144,36573.0,195.0,1,5474,-379,0,5475,JobState.COMPLETED,0.16026747226715088,176.53061224489676,176.53061224489795,966328.5714285648
jid_265143,794.0,204.0,24,1816,3691,3691,5508,JobState.COMPLETED,0.0490223690867424,176.53061224489772,176.53061224489795,7693910.204081623
jid_265165,794.0,204.0,24,1589,3930,3930,5520,JobState.COMPLETED,0.04945788532495499,176.53061224489792,176.53061224489795,6732171.428571427
jid_265146,794.0,204.0,24,1832,3695,3695,5528,JobState.COMPLETED,0.0490223690867424,176.53061224489772,176.53061224489795,7761697.959183663
jid_265156,794.0,204.0,24,1847,3706,3706,5554,JobState.COMPLETED,0.0490223690867424,176.53061224489772,176.53061224489795,7825248.979591826
jid_265157,794.0,204.0,24,1745,3816,3816,5562,JobState.COMPLETED,0.04969475790858269,176.53061224489775,176.53061224489795,7393102.040816318
jid_270506,794.0,204.0,24,1705,3893,3893,5599,JobState.COMPLETED,0.04945788532495499,176.5306122448978,176.53061224489795,7223632.653061219
jid_270499,794.0,204.0,24,2069,3579,3579,5649,JobState.COMPLETED,0.053557634353637695,176.53061224489758,176.53061224489795,8765804.081632635
jid_270511,794.0,204.0,24,1860,3803,3803,5664,JobState.COMPLETED,0.04969475790858269,176.5306122448977,176.53061224489795,7880326.530612233
jid_270534,794.0,204.0,24,1830,3930,3930,5761,JobState.COMPLETED,0.04945788532495499,176.53061224489772,176.53061224489795,7753224.489795908
jid_265194,36575.0,195.0,1,5946,-419,0,5947,JobState.COMPLETED,0.15481309592723846,176.53061224489673,176.53061224489795,1049651.0204081559
jid_265181,794.0,204.0,24,1297,5034,5034,6332,JobState.COMPLETED,0.05189342796802521,176.5306122448982,176.53061224489795,5495044.897959191
jid_265199,794.0,204.0,24,1221,5117,5117,6339,JobState.COMPLETED,0.05119653046131134,176.53061224489832,176.53061224489795,5173053.061224501
jid_270518,794.0,204.0,24,1596,4745,4745,6342,JobState.COMPLETED,0.050853077322244644,176.53061224489792,176.53061224489795,6761828.571428571
jid_265189,794.0,204.0,24,1610,4763,4763,6374,JobState.COMPLETED,0.050853077322244644,176.53061224489787,176.53061224489795,6821142.857142854
jid_270525,794.0,204.0,24,1561,4819,4819,6381,JobState.COMPLETED,0.05244026333093643,176.53061224489792,176.53061224489795,6613542.857142856
jid_265213,794.0,204.0,24,1129,5268,5268,6398,JobState.COMPLETED,0.04868884012103081,176.5306122448983,176.53061224489795,4783273.469387764
jid_265190,794.0,204.0,24,1712,4718,4718,6431,JobState.COMPLETED,0.05092369392514229,176.5306122448978,176.53061224489795,7253289.79591836
jid_270532,794.0,204.0,24,1466,4964,4964,6431,JobState.COMPLETED,0.0519617460668087,176.53061224489804,176.53061224489795,6211053.061224492
jid_265202,794.0,204.0,24,1381,5146,5146,6528,JobState.COMPLETED,0.05119653046131134,176.5306122448981,176.53061224489795,5850930.612244902
jid_265236,794.0,204.0,24,1469,5073,5073,6543,JobState.COMPLETED,0.05189342796802521,176.53061224489804,176.53061224489795,6223763.265306124
jid_265252,794.0,204.0,24,1278,5271,5271,6550,JobState.COMPLETED,0.050995465368032455,176.53061224489826,176.53061224489795,5414546.93877552
jid_265224,794.0,204.0,24,1408,5152,5152,6561,JobState.COMPLETED,0.04902641475200653,176.5306122448981,176.53061224489795,5965322.448979596
jid_265248,794.0,204.0,24,1309,5264,5264,6574,JobState.COMPLETED,0.04868884012103081,176.5306122448982,176.53061224489795,5545885.714285722
jid_265218,794.0,204.0,24,1459,5158,5158,6618,JobState.COMPLETED,0.04902641475200653,176.53061224489804,176.53061224489795,6181395.91836735
jid_265237,794.0,204.0,24,1492,5150,5150,6643,JobState.COMPLETED,0.04902641475200653,176.53061224489798,176.53061224489795,6321208.163265307
jid_265230,794.0,204.0,24,1680,4970,4970,6651,JobState.COMPLETED,0.052190594375133514,176.53061224489784,176.53061224489795,7117714.28571428
jid_265255,794.0,204.0,24,1600,5177,5177,6778,JobState.COMPLETED,0.04902641475200653,176.53061224489787,176.53061224489795,6778775.510204078
jid_265201,794.0,204.0,24,1648,5137,5137,6786,JobState.COMPLETED,0.05119653046131134,176.53061224489784,176.53061224489795,6982138.775510199
jid_265243,794.0,204.0,24,1992,4964,4964,6957,JobState.COMPLETED,0.0519617460668087,176.5306122448976,176.53061224489795,8439575.510204066
jid_265317,36580.0,195.0,1,6969,-496,0,6970,JobState.COMPLETED,0.12662000954151154,176.5306122448967,176.53061224489795,1230241.836734685
jid_265260,794.0,204.0,24,1820,5180,5180,7001,JobState.COMPLETED,0.04902641475200653,176.53061224489772,176.53061224489795,7710857.1428571325
jid_265250,794.0,204.0,24,1936,5109,5109,7046,JobState.COMPLETED,0.05119653046131134,176.53061224489764,176.53061224489795,8202318.367346924
jid_265278,794.0,204.0,24,1932,5234,5234,7167,JobState.COMPLETED,0.04868884012103081,176.53061224489764,176.53061224489795,8185371.428571414
jid_265296,794.0,204.0,24,1940,5238,5238,7179,JobState.COMPLETED,0.04868884012103081,176.53061224489764,176.53061224489795,8219265.306122434
jid_265273,794.0,204.0,24,1973,5211,5211,7185,JobState.COMPLETED,0.04868884012103081,176.5306122448976,176.53061224489795,8359077.551020391
jid_265303,794.0,204.0,24,1964,5250,5250,7215,JobState.COMPLETED,0.04868884012103081,176.53061224489764,176.53061224489795,8320946.938775495
jid_265301,794.0,204.0,24,2041,5234,5234,7276,JobState.COMPLETED,0.04868884012103081,176.53061224489758,176.53061224489795,8647175.510204064
jid_265311,794.0,204.0,24,2003,5299,5299,7303,JobState.COMPLETED,0.050995465368032455,176.5306122448976,176.53061224489795,8486179.591836717
jid_265298,794.0,204.0,24,2138,5223,5223,7362,JobState.COMPLETED,0.04868884012103081,176.53061224489753,176.53061224489795,9058138.77551018
jid_265308,794.0,204.0,24,2165,5213,5213,7379,JobState.COMPLETED,0.04868884012103081,176.53061224489753,176.53061224489795,9172530.612244876
jid_265329,36582.0,319.0,20480,5211,2992,2992,8204,JobState.COMPLETED,0.002394947689026594,176.53061224489915,176.53061224489795,18839572897.959312
jid_270413,10.0,9.0,12288,223,5333,8204,8428,JobState.COMPLETED,0.006271657068282366,176.53061224489787,176.53061224489795,483733420.4081631
jid_265347,1069.0,121.0,1,405,7692,8204,8610,JobState.COMPLETED,0.3982063829898834,176.53061224489804,176.53061224489795,71494.89795918371
jid_265347,1069.0,121.0,1,418,7692,8204,8623,JobState.COMPLETED,0.3982063829898834,176.53061224489807,176.53061224489795,73789.7959183674
jid_265309,17111.0,121.0,1,443,7390,8204,8648,JobState.COMPLETED,0.5297237634658813,176.53061224489807,176.53061224489795,78203.06122448984
jid_265240,231.0,121.0,1,464,6436,8204,8669,JobState.COMPLETED,0.4391598701477051,176.53061224489807,176.53061224489795,81910.2040816327
jid_265309,17111.0,121.0,1,475,7390,8204,8680,JobState.COMPLETED,0.5297237634658813,176.53061224489807,176.53061224489795,83852.04081632658
jid_265275,1082.0000000000018,121.0,1,481,7272,8204,8686,JobState.COMPLETED,0.39300602674484253,176.53061224489807,176.53061224489795,84911.22448979598
jid_265347,1069.0,121.0,1,487,7692,8204,8692,JobState.COMPLETED,0.3982063829898834,176.53061224489807,176.53061224489795,85970.40816326535
jid_265347,1069.0,121.0,1,492,7692,8204,8697,JobState.COMPLETED,0.3982063829898834,176.53061224489807,176.53061224489795,86853.06122448985
jid_265147,1108.9999999999982,121.0,1,495,5544,8204,8700,JobState.COMPLETED,0.3933124840259552,176.53061224489807,176.53061224489795,87382.65306122454
jid_265347,1069.0,121.0,1,496,7692,8204,8701,JobState.COMPLETED,0.3982063829898834,176.53061224489807,176.53061224489795,87559.18367346944
jid_265147,1108.9999999999982,121.0,1,497,5544,8204,8702,JobState.COMPLETED,0.3933124840259552,176.53061224489807,176.53061224489795,87735.71428571433
jid_265147,1108.9999999999982,121.0,1,510,5544,8204,8715,JobState.COMPLETED,0.3933124840259552,176.5306122448981,176.53061224489795,90030.61224489803
jid_265242,1103.0,121.0,1,511,6525,8204,8716,JobState.COMPLETED,0.39302319288253784,176.5306122448981,176.53061224489795,90207.14285714293
jid_265347,1069.0,121.0,1,512,7692,8204,8717,JobState.COMPLETED,0.3982063829898834,176.5306122448981,176.53061224489795,90383.67346938782
jid_265240,231.0,121.0,1,513,6436,8204,8718,JobState.COMPLETED,0.4391598701477051,176.5306122448981,176.53061224489795,90560.20408163272
jid_265275,1082.0000000000018,121.0,1,514,7272,8204,8719,JobState.COMPLETED,0.39300602674484253,176.5306122448981,176.53061224489795,90736.73469387762
jid_265347,1069.0,121.0,1,517,7692,8204,8722,JobState.COMPLETED,0.3982063829898834,176.5306122448981,176.53061224489795,91266.32653061232
jid_265147,1108.9999999999982,121.0,1,518,5544,8204,8723,JobState.COMPLETED,0.3933124840259552,176.5306122448981,176.53061224489795,91442.85714285722
jid_265275,1082.0000000000018,121.0,1,519,7272,8204,8724,JobState.COMPLETED,0.39300602674484253,176.5306122448981,176.53061224489795,91619.38775510211
jid_265309,17111.0,121.0,1,519,7390,8204,8724,JobState.COMPLETED,0.5297237634658813,176.5306122448981,176.53061224489795,91619.38775510211
jid_265347,1069.0,121.0,1,522,7692,8204,8727,JobState.COMPLETED,0.3982063829898834,176.5306122448981,176.53061224489795,92148.9795918368
jid_265175,17121.0,121.0,1,523,6022,8204,8728,JobState.COMPLETED,0.5237373113632202,176.5306122448981,176.53061224489795,92325.5102040817
jid_265242,1103.0,121.0,1,525,6525,8204,8730,JobState.COMPLETED,0.39302319288253784,176.5306122448981,176.53061224489795,92678.5714285715
jid_265147,1108.9999999999982,121.0,1,526,5544,8204,8731,JobState.COMPLETED,0.3933124840259552,176.5306122448981,176.53061224489795,92855.1020408164
jid_265275,1082.0000000000018,121.0,1,530,7272,8204,8735,JobState.COMPLETED,0.39300602674484253,176.5306122448981,176.53061224489795,93561.22448979599
jid_265275,1082.0000000000018,121.0,1,531,7272,8204,8736,JobState.COMPLETED,0.39300602674484253,176.5306122448981,176.53061224489795,93737.75510204089
jid_265147,1108.9999999999982,121.0,1,532,5544,8204,8737,JobState.COMPLETED,0.3933124840259552,176.5306122448981,176.53061224489795,93914.28571428578
jid_265347,1069.0,121.0,1,535,7692,8204,8740,JobState.COMPLETED,0.3982063829898834,176.5306122448981,176.53061224489795,94443.87755102049
jid_265147,1108.9999999999982,121.0,1,541,5544,8204,8746,JobState.COMPLETED,0.3933124840259552,176.5306122448981,176.53061224489795,95503.06122448987
jid_265309,17111.0,121.0,1,541,7390,8204,8746,JobState.COMPLETED,0.5297237634658813,176.5306122448981,176.53061224489795,95503.06122448987
jid_265275,1082.0000000000018,121.0,1,555,7272,8204,8760,JobState.COMPLETED,0.39300602674484253,176.5306122448981,176.53061224489795,97974.48979591845
jid_265309,17111.0,121.0,1,557,7390,8204,8762,JobState.COMPLETED,0.5297237634658813,176.5306122448981,176.53061224489795,98327.55102040824
jid_265309,17111.0,121.0,1,557,7390,8204,8762,JobState.COMPLETED,0.5297237634658813,176.5306122448981,176.53061224489795,98327.55102040824
jid_265347,1069.0,121.0,1,558,7692,8204,8763,JobState.COMPLETED,0.3982063829898834,176.5306122448981,176.53061224489795,98504.08163265313
jid_265347,1069.0,121.0,1,560,7692,8204,8765,JobState.COMPLETED,0.3982063829898834,176.5306122448981,176.53061224489795,98857.14285714293
jid_265347,1069.0,121.0,1,561,7692,8204,8766,JobState.COMPLETED,0.3982063829898834,176.5306122448981,176.53061224489795,99033.67346938782
jid_265347,1069.0,121.0,1,562,7692,8204,8767,JobState.COMPLETED,0.3982063829898834,176.5306122448981,176.53061224489795,99210.20408163274
jid_265147,1108.9999999999982,121.0,1,564,5544,8204,8769,JobState.COMPLETED,0.3933124840259552,176.5306122448981,176.53061224489795,99563.26530612253
jid_265275,1082.0000000000018,121.0,1,564,7272,8204,8769,JobState.COMPLETED,0.39300602674484253,176.5306122448981,176.53061224489795,99563.26530612253
jid_265347,1069.0,121.0,1,564,7692,8204,8769,JobState.COMPLETED,0.3982063829898834,176.5306122448981,176.53061224489795,99563.26530612253
jid_265347,1069.0,121.0,1,565,7692,8204,8770,JobState.COMPLETED,0.3982063829898834,176.5306122448981,176.53061224489795,99739.79591836742
jid_265309,17111.0,121.0,1,566,7390,8204,8771,JobState.COMPLETED,0.5297237634658813,176.5306122448981,176.53061224489795,99916.32653061232
jid_265275,1082.0000000000018,121.0,1,568,7272,8204,8773,JobState.COMPLETED,0.39300602674484253,176.5306122448981,176.53061224489795,100269.38775510211
jid_265275,1082.0000000000018,121.0,1,570,7272,8204,8775,JobState.COMPLETED,0.39300602674484253,176.5306122448981,176.53061224489795,100622.4489795919
jid_265275,1082.0000000000018,121.0,1,570,7272,8204,8775,JobState.COMPLETED,0.39300602674484253,176.5306122448981,176.53061224489795,100622.4489795919
jid_265309,17111.0,121.0,1,571,7390,8204,8776,JobState.COMPLETED,0.5297237634658813,176.5306122448981,176.53061224489795,100798.97959183682
jid_265175,17121.0,121.0,1,572,6022,8204,8777,JobState.COMPLETED,0.5237373113632202,176.5306122448981,176.53061224489795,100975.51020408171
jid_265347,1069.0,121.0,1,573,7692,8204,8778,JobState.COMPLETED,0.3982063829898834,176.5306122448981,176.53061224489795,101152.04081632661
jid_265309,17111.0,121.0,1,579,7390,8204,8784,JobState.COMPLETED,0.5297237634658813,176.5306122448981,176.53061224489795,102211.22448979599
jid_265147,1108.9999999999982,121.0,1,581,5544,8204,8786,JobState.COMPLETED,0.3933124840259552,176.5306122448981,176.53061224489795,102564.2857142858
jid_265347,1069.0,121.0,1,585,7692,8204,8790,JobState.COMPLETED,0.3982063829898834,176.5306122448981,176.53061224489795,103270.40816326538
jid_265147,1108.9999999999982,121.0,1,586,5544,8204,8791,JobState.COMPLETED,0.3933124840259552,176.5306122448981,176.53061224489795,103446.93877551028
jid_265147,1108.9999999999982,121.0,1,586,5544,8204,8791,JobState.COMPLETED,0.3933124840259552,176.5306122448981,176.53061224489795,103446.93877551028
jid_265175,17121.0,121.0,1,586,6022,8204,8791,JobState.COMPLETED,0.5237373113632202,176.5306122448981,176.53061224489795,103446.93877551028
jid_265347,1069.0,121.0,1,588,7692,8204,8793,JobState.COMPLETED,0.3982063829898834,176.5306122448981,176.53061224489795,103800.00000000007
jid_265275,1082.0000000000018,121.0,1,589,7272,8204,8794,JobState.COMPLETED,0.39300602674484253,176.5306122448981,176.53061224489795,103976.53061224498
jid_265175,17121.0,121.0,1,590,6022,8204,8795,JobState.COMPLETED,0.5237373113632202,176.53061224489812,176.53061224489795,104153.0612244899
jid_265175,17121.0,121.0,1,595,6022,8204,8800,JobState.COMPLETED,0.5237373113632202,176.53061224489812,176.53061224489795,105035.71428571438
jid_265175,17121.0,121.0,1,595,6022,8204,8800,JobState.COMPLETED,0.5237373113632202,176.53061224489812,176.53061224489795,105035.71428571438
jid_265147,1108.9999999999982,121.0,1,596,5544,8204,8801,JobState.COMPLETED,0.3933124840259552,176.53061224489812,176.53061224489795,105212.24489795929
jid_265147,1108.9999999999982,121.0,1,596,5544,8204,8801,JobState.COMPLETED,0.3933124840259552,176.53061224489812,176.53061224489795,105212.24489795929
jid_265147,1108.9999999999982,121.0,1,596,5544,8204,8801,JobState.COMPLETED,0.3933124840259552,176.53061224489812,176.53061224489795,105212.24489795929
jid_265175,17121.0,121.0,1,599,6022,8204,8804,JobState.COMPLETED,0.5237373113632202,176.53061224489812,176.53061224489795,105741.83673469398
jid_265309,17111.0,121.0,1,600,7390,8204,8805,JobState.COMPLETED,0.5297237634658813,176.53061224489812,176.53061224489795,105918.36734693887
jid_265347,1069.0,121.0,1,600,7692,8204,8805,JobState.COMPLETED,0.3982063829898834,176.53061224489812,176.53061224489795,105918.36734693887
jid_265175,17121.0,121.0,1,602,6022,8204,8807,JobState.COMPLETED,0.5237373113632202,176.53061224489812,176.53061224489795,106271.42857142867
jid_265147,1108.9999999999982,121.0,1,603,5544,8204,8808,JobState.COMPLETED,0.3933124840259552,176.53061224489812,176.53061224489795,106447.95918367356
jid_265147,1108.9999999999982,121.0,1,603,5544,8204,8808,JobState.COMPLETED,0.3933124840259552,176.53061224489812,176.53061224489795,106447.95918367356
jid_265242,1103.0,121.0,1,603,6525,8204,8808,JobState.COMPLETED,0.39302319288253784,176.53061224489812,176.53061224489795,106447.95918367356
jid_265309,17111.0,121.0,1,603,7390,8204,8808,JobState.COMPLETED,0.5297237634658813,176.53061224489812,176.53061224489795,106447.95918367356
jid_265147,1108.9999999999982,121.0,1,605,5544,8204,8810,JobState.COMPLETED,0.3933124840259552,176.53061224489812,176.53061224489795,106801.02040816337
jid_265275,1082.0000000000018,121.0,1,605,7272,8204,8810,JobState.COMPLETED,0.39300602674484253,176.53061224489812,176.53061224489795,106801.02040816337
jid_265147,1108.9999999999982,121.0,1,606,5544,8204,8811,JobState.COMPLETED,0.3933124840259552,176.53061224489812,176.53061224489795,106977.55102040827
jid_265175,17121.0,121.0,1,606,6022,8204,8811,JobState.COMPLETED,0.5237373113632202,176.53061224489812,176.53061224489795,106977.55102040827
jid_265147,1108.9999999999982,121.0,1,609,5544,8204,8814,JobState.COMPLETED,0.3933124840259552,176.53061224489812,176.53061224489795,107507.14285714296
jid_265242,1103.0,121.0,1,614,6525,8204,8819,JobState.COMPLETED,0.39302319288253784,176.53061224489812,176.53061224489795,108389.79591836745
jid_265175,17121.0,121.0,1,615,6022,8204,8820,JobState.COMPLETED,0.5237373113632202,176.53061224489812,176.53061224489795,108566.32653061235
jid_265240,231.0,121.0,1,617,6436,8204,8822,JobState.COMPLETED,0.4391598701477051,176.53061224489812,176.53061224489795,108919.38775510214
jid_265309,17111.0,121.0,1,618,7390,8204,8823,JobState.COMPLETED,0.5297237634658813,176.53061224489812,176.53061224489795,109095.91836734704
jid_265309,17111.0,121.0,1,620,7390,8204,8825,JobState.COMPLETED,0.5297237634658813,176.53061224489812,176.53061224489795,109448.97959183683
jid_265147,1108.9999999999982,121.0,1,622,5544,8204,8827,JobState.COMPLETED,0.3933124840259552,176.53061224489812,176.53061224489795,109802.04081632663
jid_265347,1069.0,121.0,1,622,7692,8204,8827,JobState.COMPLETED,0.3982063829898834,176.53061224489812,176.53061224489795,109802.04081632663
jid_265147,1108.9999999999982,121.0,1,624,5544,8204,8829,JobState.COMPLETED,0.3933124840259552,176.53061224489812,176.53061224489795,110155.10204081643
jid_265147,1108.9999999999982,121.0,1,624,5544,8204,8829,JobState.COMPLETED,0.3933124840259552,176.53061224489812,176.53061224489795,110155.10204081643
jid_265147,1108.9999999999982,121.0,1,626,5544,8204,8831,JobState.COMPLETED,0.3933124840259552,176.53061224489812,176.53061224489795,110508.16326530623
jid_265147,1108.9999999999982,121.0,1,626,5544,8204,8831,JobState.COMPLETED,0.3933124840259552,176.53061224489812,176.53061224489795,110508.16326530623
jid_265240,231.0,121.0,1,626,6436,8204,8831,JobState.COMPLETED,0.4391598701477051,176.53061224489812,176.53061224489795,110508.16326530623
jid_265175,17121.0,121.0,1,627,6022,8204,8832,JobState.COMPLETED,0.5237373113632202,176.53061224489812,176.53061224489795,110684.69387755112
jid_265175,17121.0,121.0,1,628,6022,8204,8833,JobState.COMPLETED,0.5237373113632202,176.53061224489812,176.53061224489795,110861.22448979602
jid_265240,231.0,121.0,1,628,6436,8204,8833,JobState.COMPLETED,0.4391598701477051,176.53061224489812,176.53061224489795,110861.22448979602
jid_265147,1108.9999999999982,121.0,1,629,5544,8204,8834,JobState.COMPLETED,0.3933124840259552,176.53061224489812,176.53061224489795,111037.75510204092
jid_265147,1108.9999999999982,121.0,1,629,5544,8204,8834,JobState.COMPLETED,0.3933124840259552,176.53061224489812,176.53061224489795,111037.75510204092
jid_265147,1108.9999999999982,121.0,1,631,5544,8204,8836,JobState.COMPLETED,0.3933124840259552,176.53061224489812,176.53061224489795,111390.81632653071
jid_265309,17111.0,121.0,1,631,7390,8204,8836,JobState.COMPLETED,0.5297237634658813,176.53061224489812,176.53061224489795,111390.81632653071
jid_265175,17121.0,121.0,1,632,6022,8204,8837,JobState.COMPLETED,0.5237373113632202,176.53061224489812,176.53061224489795,111567.34693877562
jid_265309,17111.0,121.0,1,635,7390,8204,8840,JobState.COMPLETED,0.5297237634658813,176.53061224489812,176.53061224489795,112096.93877551031
jid_265175,17121.0,121.0,1,636,6022,8204,8841,JobState.COMPLETED,0.5237373113632202,176.53061224489812,176.53061224489795,112273.4693877552
jid_265147,1108.9999999999982,121.0,1,637,5544,8204,8842,JobState.COMPLETED,0.3933124840259552,176.53061224489812,176.53061224489795,112450.0000000001
jid_265175,17121.0,121.0,1,637,6022,8204,8842,JobState.COMPLETED,0.5237373113632202,176.53061224489812,176.53061224489795,112450.0000000001
jid_265147,1108.9999999999982,121.0,1,639,5544,8204,8844,JobState.COMPLETED,0.3933124840259552,176.53061224489812,176.53061224489795,112803.0612244899
jid_265309,17111.0,121.0,1,640,7390,8204,8845,JobState.COMPLETED,0.5297237634658813,176.53061224489812,176.53061224489795,112979.59183673479
jid_265175,17121.0,121.0,1,641,6022,8204,8846,JobState.COMPLETED,0.5237373113632202,176.53061224489812,176.53061224489795,113156.1224489797
jid_265309,17111.0,121.0,1,643,7390,8204,8848,JobState.COMPLETED,0.5297237634658813,176.53061224489812,176.53061224489795,113509.1836734695
jid_265309,17111.0,121.0,1,643,7390,8204,8848,JobState.COMPLETED,0.5297237634658813,176.53061224489812,176.53061224489795,113509.1836734695
jid_265175,17121.0,121.0,1,648,6022,8204,8853,JobState.COMPLETED,0.5237373113632202,176.53061224489812,176.53061224489795,114391.83673469398
jid_265242,1103.0,121.0,1,651,6525,8204,8856,JobState.COMPLETED,0.39302319288253784,176.53061224489812,176.53061224489795,114921.42857142868
jid_265147,1108.9999999999982,121.0,1,652,5544,8204,8857,JobState.COMPLETED,0.3933124840259552,176.53061224489812,176.53061224489795,115097.95918367358
jid_265175,17121.0,121.0,1,652,6022,8204,8857,JobState.COMPLETED,0.5237373113632202,176.53061224489812,176.53061224489795,115097.95918367358
jid_265240,231.0,121.0,1,653,6436,8204,8858,JobState.COMPLETED,0.4391598701477051,176.53061224489812,176.53061224489795,115274.48979591847
jid_265242,1103.0,121.0,1,653,6525,8204,8858,JobState.COMPLETED,0.39302319288253784,176.53061224489812,176.53061224489795,115274.48979591847
jid_265309,17111.0,121.0,1,653,7390,8204,8858,JobState.COMPLETED,0.5297237634658813,176.53061224489812,176.53061224489795,115274.48979591847
jid_265309,17111.0,121.0,1,655,7390,8204,8860,JobState.COMPLETED,0.5297237634658813,176.53061224489812,176.53061224489795,115627.55102040827
jid_265175,17121.0,121.0,1,656,6022,8204,8861,JobState.COMPLETED,0.5237373113632202,176.53061224489812,176.53061224489795,115804.08163265316
jid_265275,1082.0000000000018,121.0,1,657,7272,8204,8862,JobState.COMPLETED,0.39300602674484253,176.53061224489812,176.53061224489795,115980.61224489806
jid_265309,17111.0,121.0,1,657,7390,8204,8862,JobState.COMPLETED,0.5297237634658813,176.53061224489812,176.53061224489795,115980.61224489806
jid_265240,231.0,121.0,1,661,6436,8204,8866,JobState.COMPLETED,0.4391598701477051,176.53061224489812,176.53061224489795,116686.73469387766
jid_265275,1082.0000000000018,121.0,1,661,7272,8204,8866,JobState.COMPLETED,0.39300602674484253,176.53061224489812,176.53061224489795,116686.73469387766
jid_265275,1082.0000000000018,121.0,1,662,7272,8204,8867,JobState.COMPLETED,0.39300602674484253,176.53061224489812,176.53061224489795,116863.26530612256
jid_265240,231.0,121.0,1,665,6436,8204,8870,JobState.COMPLETED,0.4391598701477051,176.53061224489812,176.53061224489795,117392.85714285725
jid_265309,17111.0,121.0,1,666,7390,8204,8871,JobState.COMPLETED,0.5297237634658813,176.53061224489812,176.53061224489795,117569.38775510214
jid_265175,17121.0,121.0,1,667,6022,8204,8872,JobState.COMPLETED,0.5237373113632202,176.53061224489812,176.53061224489795,117745.91836734705
jid_265175,17121.0,121.0,1,668,6022,8204,8873,JobState.COMPLETED,0.5237373113632202,176.53061224489812,176.53061224489795,117922.44897959195
jid_265240,231.0,121.0,1,668,6436,8204,8873,JobState.COMPLETED,0.4391598701477051,176.53061224489812,176.53061224489795,117922.44897959195
jid_265275,1082.0000000000018,121.0,1,675,7272,8204,8880,JobState.COMPLETED,0.39300602674484253,176.53061224489812,176.53061224489795,119158.16326530623
jid_265240,231.0,121.0,1,676,6436,8204,8881,JobState.COMPLETED,0.4391598701477051,176.53061224489812,176.53061224489795,119334.69387755114
jid_265275,1082.0000000000018,121.0,1,677,7272,8204,8882,JobState.COMPLETED,0.39300602674484253,176.53061224489812,176.53061224489795,119511.22448979603
jid_265240,231.0,121.0,1,679,6436,8204,8884,JobState.COMPLETED,0.4391598701477051,176.53061224489812,176.53061224489795,119864.28571428583
jid_265275,1082.0000000000018,121.0,1,684,7272,8204,8889,JobState.COMPLETED,0.39300602674484253,176.53061224489812,176.53061224489795,120746.93877551031
jid_265242,1103.0,121.0,1,687,6525,8204,8892,JobState.COMPLETED,0.39302319288253784,176.53061224489812,176.53061224489795,121276.53061224501
jid_265240,231.0,121.0,1,688,6436,8204,8893,JobState.COMPLETED,0.4391598701477051,176.53061224489812,176.53061224489795,121453.06122448991
jid_265275,1082.0000000000018,121.0,1,689,7272,8204,8894,JobState.COMPLETED,0.39300602674484253,176.53061224489812,176.53061224489795,121629.5918367348
jid_265240,231.0,121.0,1,691,6436,8204,8896,JobState.COMPLETED,0.4391598701477051,176.53061224489815,176.53061224489795,121982.65306122463
jid_265240,231.0,121.0,1,699,6436,8204,8904,JobState.COMPLETED,0.4391598701477051,176.53061224489815,176.53061224489795,123394.89795918381
jid_265240,231.0,121.0,1,699,6436,8204,8904,JobState.COMPLETED,0.4391598701477051,176.53061224489815,176.53061224489795,123394.89795918381
jid_265309,17111.0,121.0,1,702,7390,8204,8907,JobState.COMPLETED,0.5297237634658813,176.53061224489815,176.53061224489795,123924.4897959185
jid_265240,231.0,121.0,1,705,6436,8204,8910,JobState.COMPLETED,0.4391598701477051,176.53061224489815,176.53061224489795,124454.0816326532
jid_265240,231.0,121.0,1,707,6436,8204,8912,JobState.COMPLETED,0.4391598701477051,176.53061224489815,176.53061224489795,124807.14285714299
jid_265242,1103.0,121.0,1,707,6525,8204,8912,JobState.COMPLETED,0.39302319288253784,176.53061224489815,176.53061224489795,124807.14285714299
jid_265275,1082.0000000000018,121.0,1,708,7272,8204,8913,JobState.COMPLETED,0.39300602674484253,176.53061224489815,176.53061224489795,124983.6734693879
jid_265242,1103.0,121.0,1,711,6525,8204,8916,JobState.COMPLETED,0.39302319288253784,176.53061224489815,176.53061224489795,125513.26530612259
jid_265275,1082.0000000000018,121.0,1,711,7272,8204,8916,JobState.COMPLETED,0.39300602674484253,176.53061224489815,176.53061224489795,125513.26530612259
jid_265175,17121.0,121.0,1,712,6022,8204,8917,JobState.COMPLETED,0.5237373113632202,176.53061224489815,176.53061224489795,125689.79591836748
jid_265275,1082.0000000000018,121.0,1,714,7272,8204,8919,JobState.COMPLETED,0.39300602674484253,176.53061224489815,176.53061224489795,126042.85714285728
jid_265240,231.0,121.0,1,717,6436,8204,8922,JobState.COMPLETED,0.4391598701477051,176.53061224489815,176.53061224489795,126572.44897959198
jid_265240,231.0,121.0,1,718,6436,8204,8923,JobState.COMPLETED,0.4391598701477051,176.53061224489815,176.53061224489795,126748.97959183688
jid_265242,1103.0,121.0,1,720,6525,8204,8925,JobState.COMPLETED,0.39302319288253784,176.53061224489815,176.53061224489795,127102.04081632667
jid_265309,17111.0,121.0,1,722,7390,8204,8927,JobState.COMPLETED,0.5297237634658813,176.53061224489815,176.53061224489795,127455.10204081646
jid_265275,1082.0000000000018,121.0,1,723,7272,8204,8928,JobState.COMPLETED,0.39300602674484253,176.53061224489815,176.53061224489795,127631.63265306136
jid_265309,17111.0,121.0,1,725,7390,8204,8930,JobState.COMPLETED,0.5297237634658813,176.53061224489815,176.53061224489795,127984.69387755117
jid_265175,17121.0,121.0,1,726,6022,8204,8931,JobState.COMPLETED,0.5237373113632202,176.53061224489815,176.53061224489795,128161.22448979606
jid_265309,17111.0,121.0,1,726,7390,8204,8931,JobState.COMPLETED,0.5297237634658813,176.53061224489815,176.53061224489795,128161.22448979606
jid_265309,17111.0,121.0,1,731,7390,8204,8936,JobState.COMPLETED,0.5297237634658813,176.53061224489815,176.53061224489795,129043.87755102055
jid_265240,231.0,121.0,1,732,6436,8204,8937,JobState.COMPLETED,0.4391598701477051,176.53061224489815,176.53061224489795,129220.40816326544
jid_265242,1103.0,121.0,1,732,6525,8204,8937,JobState.COMPLETED,0.39302319288253784,176.53061224489815,176.53061224489795,129220.40816326544
jid_265242,1103.0,121.0,1,735,6525,8204,8940,JobState.COMPLETED,0.39302319288253784,176.53061224489815,176.53061224489795,129750.00000000015
jid_265309,17111.0,121.0,1,736,7390,8204,8941,JobState.COMPLETED,0.5297237634658813,176.53061224489815,176.53061224489795,129926.53061224504
jid_265309,17111.0,121.0,1,737,7390,8204,8942,JobState.COMPLETED,0.5297237634658813,176.53061224489815,176.53061224489795,130103.06122448994
jid_265309,17111.0,121.0,1,739,7390,8204,8944,JobState.COMPLETED,0.5297237634658813,176.53061224489815,176.53061224489795,130456.12244897973
jid_265240,231.0,121.0,1,742,6436,8204,8947,JobState.COMPLETED,0.4391598701477051,176.53061224489815,176.53061224489795,130985.71428571444
jid_265242,1103.0,121.0,1,746,6525,8204,8951,JobState.COMPLETED,0.39302319288253784,176.53061224489815,176.53061224489795,131691.83673469402
jid_265242,1103.0,121.0,1,750,6525,8204,8955,JobState.COMPLETED,0.39302319288253784,176.53061224489815,176.53061224489795,132397.9591836736
jid_265242,1103.0,121.0,1,755,6525,8204,8960,JobState.COMPLETED,0.39302319288253784,176.53061224489815,176.53061224489795,133280.6122448981
jid_265242,1103.0,121.0,1,758,6525,8204,8963,JobState.COMPLETED,0.39302319288253784,176.53061224489815,176.53061224489795,133810.2040816328
jid_265240,231.0,121.0,1,759,6436,8204,8964,JobState.COMPLETED,0.4391598701477051,176.53061224489815,176.53061224489795,133986.7346938777
jid_265242,1103.0,121.0,1,760,6525,8204,8965,JobState.COMPLETED,0.39302319288253784,176.53061224489815,176.53061224489795,134163.2653061226
jid_265242,1103.0,121.0,1,767,6525,8204,8972,JobState.COMPLETED,0.39302319288253784,176.53061224489815,176.53061224489795,135398.9795918369
jid_265240,231.0,121.0,1,768,6436,8204,8973,JobState.COMPLETED,0.4391598701477051,176.53061224489815,176.53061224489795,135575.51020408177
jid_265240,231.0,121.0,1,769,6436,8204,8974,JobState.COMPLETED,0.4391598701477051,176.53061224489815,176.53061224489795,135752.04081632668
jid_265242,1103.0,121.0,1,769,6525,8204,8974,JobState.COMPLETED,0.39302319288253784,176.53061224489815,176.53061224489795,135752.04081632668
jid_265275,1082.0000000000018,121.0,1,786,7272,8204,8991,JobState.COMPLETED,0.39300602674484253,176.53061224489815,176.53061224489795,138753.06122448994
jid_265240,231.0,121.0,1,824,6436,8204,9029,JobState.COMPLETED,0.4391598701477051,176.53061224489815,176.53061224489795,145461.22448979606
jid_265424,794.0,204.0,24,1397,7079,8204,9602,JobState.COMPLETED,0.042399875819683075,176.5306122448981,176.53061224489795,5918718.367346943
jid_265585,794.0,204.0,24,1443,8071,8204,9648,JobState.COMPLETED,0.046120140701532364,176.53061224489804,176.53061224489795,6113608.163265308
jid_265337,794.0,204.0,24,1464,6868,8204,9669,JobState.COMPLETED,0.04755620285868645,176.53061224489804,176.53061224489795,6202579.5918367375
jid_265596,794.0,204.0,24,1487,7670,8204,9692,JobState.COMPLETED,0.046767398715019226,176.53061224489798,176.53061224489795,6300024.4897959195
jid_265494,794.0,204.0,24,1540,7492,8204,9745,JobState.COMPLETED,0.043858468532562256,176.53061224489795,176.53061224489795,6524571.428571428
jid_265415,794.0,204.0,24,1562,6719,8204,9767,JobState.COMPLETED,0.04728226736187935,176.53061224489792,176.53061224489795,6617779.591836733
jid_265621,794.0,204.0,24,1575,8201,8204,9780,JobState.COMPLETED,0.04452858865261078,176.53061224489792,176.53061224489795,6672857.142857141
jid_265384,794.0,204.0,24,1631,6495,8204,9836,JobState.COMPLETED,0.043682340532541275,176.53061224489787,176.53061224489795,6910114.285714282
jid_265355,794.0,204.0,24,1651,6332,8204,9856,JobState.COMPLETED,0.04083501547574997,176.53061224489784,176.53061224489795,6994848.979591832
jid_265433,794.0,204.0,24,1652,6750,8204,9857,JobState.COMPLETED,0.04728226736187935,176.53061224489784,176.53061224489795,6999085.71428571
jid_265375,794.0,204.0,24,1678,6381,8204,9883,JobState.COMPLETED,0.04215669259428978,176.53061224489784,176.53061224489795,7109240.816326526
jid_265376,794.0,204.0,24,1684,6819,8204,9889,JobState.COMPLETED,0.04691363498568535,176.53061224489784,176.53061224489795,7134661.22448979
jid_265382,794.0,204.0,24,1693,6386,8204,9898,JobState.COMPLETED,0.04215669259428978,176.5306122448978,176.53061224489795,7172791.836734688
jid_265617,627.0,190.0,512,47,9850,9850,9898,JobState.COMPLETED,0.01034777145832777,124.41751239541517,124.41751239541517,2993983.0182832708
jid_265411,794.0,204.0,24,1712,6481,8204,9917,JobState.COMPLETED,0.043682340532541275,176.5306122448978,176.53061224489795,7253289.79591836
jid_265385,794.0,204.0,24,1736,6398,8204,9941,JobState.COMPLETED,0.04215669259428978,176.5306122448978,176.53061224489795,7354971.428571423
jid_265463,794.0,204.0,24,1740,6902,8204,9945,JobState.COMPLETED,0.04630380868911743,176.53061224489775,176.53061224489795,7371918.367346929
jid_265443,794.0,204.0,24,1741,6605,8204,9946,JobState.COMPLETED,0.044781722128391266,176.53061224489775,176.53061224489795,7376155.102040808
jid_265418,794.0,204.0,24,1771,6445,8204,9976,JobState.COMPLETED,0.06821942329406738,176.53061224489775,176.53061224489795,7503257.142857134
jid_265342,794.0,204.0,24,1791,6192,8204,9996,JobState.COMPLETED,0.04054037109017372,176.53061224489772,176.53061224489795,7587991.836734684
jid_265625,794.0,204.0,24,1793,7606,8204,9998,JobState.COMPLETED,0.0439082533121109,176.53061224489772,176.53061224489795,7596465.306122439
jid_265546,794.0,204.0,24,1811,7451,8204,10016,JobState.COMPLETED,0.04299582540988922,176.53061224489772,176.53061224489795,7672726.530612234
jid_265402,794.0,204.0,24,1812,6383,8204,10017,JobState.COMPLETED,0.04215669259428978,176.53061224489772,176.53061224489795,7676963.265306112
jid_265531,794.0,204.0,24,1815,7392,8204,10020,JobState.COMPLETED,0.06037072092294693,176.53061224489772,176.53061224489795,7689673.469387745
jid_265434,794.0,204.0,24,1834,6474,8204,10039,JobState.COMPLETED,0.043682340532541275,176.53061224489772,176.53061224489795,7770171.428571418
jid_265448,794.0,204.0,24,1834,6543,8204,10039,JobState.COMPLETED,0.04321982339024544,176.53061224489772,176.53061224489795,7770171.428571418
jid_265619,794.0,204.0,24,1838,7598,8204,10043,JobState.COMPLETED,0.0439082533121109,176.53061224489772,176.53061224489795,7787118.367346928
jid_265359,794.0,204.0,24,1854,6195,8204,10059,JobState.COMPLETED,0.04054037109017372,176.5306122448977,176.53061224489795,7854906.122448968
jid_265417,794.0,204.0,24,1878,6383,8204,10083,JobState.COMPLETED,0.04215669259428978,176.5306122448977,176.53061224489795,7956587.755102029
jid_265333,794.0,204.0,24,1901,5442,8204,10106,JobState.COMPLETED,0.04374117776751518,176.53061224489764,176.53061224489795,8054032.65306121
jid_265423,794.0,204.0,24,1909,6325,8204,10114,JobState.COMPLETED,0.04083501547574997,176.53061224489764,176.53061224489795,8087926.53061223
jid_265427,794.0,204.0,24,1920,6357,8204,10125,JobState.COMPLETED,0.04215669259428978,176.53061224489764,176.53061224489795,8134530.612244883
jid_265581,794.0,204.0,24,1934,7479,8204,10139,JobState.COMPLETED,0.04299582540988922,176.53061224489764,176.53061224489795,8193844.897959169
jid_265609,794.0,204.0,24,1949,7539,8204,10154,JobState.COMPLETED,0.043858468532562256,176.53061224489764,176.53061224489795,8257395.918367332
jid_265693,794.0,204.0,24,1749,8407,8407,10157,JobState.COMPLETED,0.044151462614536285,176.53061224489775,176.53061224489795,7410048.979591828
jid_265590,794.0,204.0,24,1954,7483,8204,10159,JobState.COMPLETED,0.04299582540988922,176.53061224489764,176.53061224489795,8278579.591836721
jid_265685,794.0,204.0,24,1912,8247,8247,10160,JobState.COMPLETED,0.04516656696796417,176.53061224489764,176.53061224489795,8100636.7346938625
jid_265421,794.0,204.0,24,1961,6242,8204,10166,JobState.COMPLETED,0.04246841371059418,176.53061224489764,176.53061224489795,8308236.7346938625
jid_265686,794.0,204.0,24,1759,8412,8412,10172,JobState.COMPLETED,0.044151462614536285,176.53061224489775,176.53061224489795,7452416.326530604
jid_265583,794.0,204.0,24,1977,7395,8204,10182,JobState.COMPLETED,0.06037072092294693,176.5306122448976,176.53061224489795,8376024.489795901
jid_265372,794.0,204.0,24,1978,6189,8204,10183,JobState.COMPLETED,0.04054037109017372,176.5306122448976,176.53061224489795,8380261.224489779
jid_265371,794.0,204.0,24,1987,6178,8204,10192,JobState.COMPLETED,0.04054037109017372,176.5306122448976,176.53061224489795,8418391.836734677
jid_265422,794.0,204.0,24,2010,6251,8204,10215,JobState.COMPLETED,0.04246841371059418,176.5306122448976,176.53061224489795,8515836.73469386
jid_265400,794.0,204.0,24,2016,6212,8204,10221,JobState.COMPLETED,0.04054037109017372,176.5306122448976,176.53061224489795,8541257.142857125
jid_265554,794.0,204.0,24,2020,7314,8204,10225,JobState.COMPLETED,0.04187259078025818,176.5306122448976,176.53061224489795,8558204.081632636
jid_265334,794.0,204.0,24,2037,5382,8204,10242,JobState.COMPLETED,0.04793359339237213,176.53061224489758,176.53061224489795,8630228.571428554
jid_265701,794.0,204.0,24,2049,8159,8204,10254,JobState.COMPLETED,0.04452858865261078,176.53061224489758,176.53061224489795,8681069.387755085
jid_265391,794.0,204.0,24,2051,6179,8204,10256,JobState.COMPLETED,0.04054037109017372,176.53061224489758,176.53061224489795,8689542.857142838
jid_265719,794.0,204.0,24,2041,8216,8216,10258,JobState.COMPLETED,0.04516656696796417,176.53061224489758,176.53061224489795,8647175.510204064
jid_265680,794.0,204.0,24,1481,8776,8776,10258,JobState.COMPLETED,0.04540702700614929,176.53061224489798,176.53061224489795,6274604.081632653
jid_265698,794.0,204.0,24,1926,8339,8339,10266,JobState.COMPLETED,0.06377064436674118,176.53061224489764,176.53061224489795,8159951.020408148
jid_265695,794.0,204.0,24,2082,8121,8204,10287,JobState.COMPLETED,0.046178098767995834,176.53061224489758,176.53061224489795,8820881.632653043
jid_265629,794.0,204.0,24,2092,7534,8204,10297,JobState.COMPLETED,0.043858468532562256,176.53061224489758,176.53061224489795,8863248.979591819
jid_265611,794.0,204.0,24,2109,7465,8204,10314,JobState.COMPLETED,0.04299582540988922,176.53061224489758,176.53061224489795,8935273.469387736
jid_265730,794.0,204.0,24,1775,8564,8564,10340,JobState.COMPLETED,0.04502590373158455,176.53061224489775,176.53061224489795,7520204.081632644
jid_265635,794.0,204.0,24,2159,7470,8204,10364,JobState.COMPLETED,0.04299582540988922,176.53061224489753,176.53061224489795,9147110.20408161
jid_265737,794.0,204.0,24,2159,8184,8204,10364,JobState.COMPLETED,0.04452858865261078,176.53061224489753,176.53061224489795,9147110.20408161
jid_265425,794.0,204.0,24,2165,6190,8204,10370,JobState.COMPLETED,0.04054037109017372,176.53061224489753,176.53061224489795,9172530.612244876
jid_265630,794.0,204.0,24,2171,7449,8204,10376,JobState.COMPLETED,0.04299582540988922,176.53061224489753,176.53061224489795,9197951.02040814
jid_265479,794.0,204.0,24,2178,6443,8204,10383,JobState.COMPLETED,0.06821942329406738,176.53061224489753,176.53061224489795,9227608.163265284
jid_265673,794.0,204.0,24,2212,7624,8204,10417,JobState.COMPLETED,0.04662701487541199,176.5306122448975,176.53061224489795,9371657.14285712
jid_265667,804.0,121.0,1,0,10437,10437,10438,JobState.COMPLETED,0.44751352071762085,176.53061224489795,176.53061224489795,0.0
jid_265667,804.0,121.0,1,0,10437,10437,10438,JobState.COMPLETED,0.44751352071762085,176.53061224489795,176.53061224489795,0.0
jid_265667,804.0,121.0,1,0,10437,10437,10438,JobState.COMPLETED,0.44751352071762085,176.53061224489795,176.53061224489795,0.0
jid_265667,804.0,121.0,1,0,10437,10437,10438,JobState.COMPLETED,0.44751352071762085,176.53061224489795,176.53061224489795,0.0
jid_265667,804.0,121.0,1,0,10437,10437,10438,JobState.COMPLETED,0.44751352071762085,176.53061224489795,176.53061224489795,0.0
jid_265667,804.0,121.0,1,0,10437,10437,10438,JobState.COMPLETED,0.44751352071762085,176.53061224489795,176.53061224489795,0.0
jid_265667,804.0,121.0,1,0,10437,10437,10438,JobState.COMPLETED,0.44751352071762085,176.53061224489795,176.53061224489795,0.0
jid_265667,804.0,121.0,1,0,10437,10437,10438,JobState.COMPLETED,0.44751352071762085,176.53061224489795,176.53061224489795,0.0
jid_265667,804.0,121.0,1,0,10437,10437,10438,JobState.COMPLETED,0.44751352071762085,176.53061224489795,176.53061224489795,0.0
jid_265667,804.0,121.0,1,0,10437,10437,10438,JobState.COMPLETED,0.44751352071762085,176.53061224489795,176.53061224489795,0.0
jid_265667,804.0,121.0,1,0,10437,10437,10438,JobState.COMPLETED,0.44751352071762085,176.53061224489795,176.53061224489795,0.0
jid_265667,804.0,121.0,1,1,10437,10437,10439,JobState.COMPLETED,0.44751352071762085,176.53061224489795,176.53061224489795,176.53061224489795
jid_265667,804.0,121.0,1,1,10437,10437,10439,JobState.COMPLETED,0.44751352071762085,176.53061224489795,176.53061224489795,176.53061224489795
jid_265667,804.0,121.0,1,1,10437,10437,10439,JobState.COMPLETED,0.44751352071762085,176.53061224489795,176.53061224489795,176.53061224489795
jid_265667,804.0,121.0,1,1,10437,10437,10439,JobState.COMPLETED,0.44751352071762085,176.53061224489795,176.53061224489795,176.53061224489795
jid_265667,804.0,121.0,1,1,10437,10437,10439,JobState.COMPLETED,0.44751352071762085,176.53061224489795,176.53061224489795,176.53061224489795
jid_265667,804.0,121.0,1,1,10437,10437,10439,JobState.COMPLETED,0.44751352071762085,176.53061224489795,176.53061224489795,176.53061224489795
jid_265667,804.0,121.0,1,1,10437,10437,10439,JobState.COMPLETED,0.44751352071762085,176.53061224489795,176.53061224489795,176.53061224489795
jid_265667,804.0,121.0,1,1,10437,10437,10439,JobState.COMPLETED,0.44751352071762085,176.53061224489795,176.53061224489795,176.53061224489795
jid_265667,804.0,121.0,1,1,10437,10437,10439,JobState.COMPLETED,0.44751352071762085,176.53061224489795,176.53061224489795,176.53061224489795
jid_265667,804.0,121.0,1,1,10437,10437,10439,JobState.COMPLETED,0.44751352071762085,176.53061224489795,176.53061224489795,176.53061224489795
jid_265667,804.0,121.0,1,1,10437,10437,10439,JobState.COMPLETED,0.44751352071762085,176.53061224489795,176.53061224489795,176.53061224489795
jid_265667,804.0,121.0,1,2,10437,10437,10440,JobState.COMPLETED,0.44751352071762085,176.53061224489795,176.53061224489795,353.0612244897959
jid_265667,804.0,121.0,1,2,10437,10437,10440,JobState.COMPLETED,0.44751352071762085,176.53061224489795,176.53061224489795,353.0612244897959
jid_265667,804.0,121.0,1,3,10437,10437,10441,JobState.COMPLETED,0.44751352071762085,176.53061224489795,176.53061224489795,529.5918367346939
jid_265747,794.0,204.0,24,2038,8416,8416,10455,JobState.COMPLETED,0.044151462614536285,176.53061224489758,176.53061224489795,8634465.30612243
jid_265484,794.0,204.0,24,2253,6600,8204,10458,JobState.COMPLETED,0.044781722128391266,176.5306122448975,176.53061224489795,9545363.265306097
jid_265768,794.0,204.0,24,2139,8343,8343,10483,JobState.COMPLETED,0.06377064436674118,176.53061224489753,176.53061224489795,9062375.51020406
jid_265754,794.0,204.0,24,2281,8124,8204,10486,JobState.COMPLETED,0.046178098767995834,176.53061224489747,176.53061224489795,9663991.836734667
jid_265464,794.0,204.0,24,2293,6210,8204,10498,JobState.COMPLETED,0.04054037109017372,176.53061224489747,176.53061224489795,9714832.653061198
jid_265756,794.0,204.0,24,2046,8467,8467,10514,JobState.COMPLETED,0.04540330171585083,176.53061224489758,176.53061224489795,8668359.18367345
jid_265783,794.0,204.0,24,2279,8240,8240,10520,JobState.COMPLETED,0.04516656696796417,176.53061224489747,176.53061224489795,9655518.367346913
jid_265451,794.0,204.0,24,2331,6190,8204,10536,JobState.COMPLETED,0.04054037109017372,176.53061224489747,176.53061224489795,9875828.571428545
jid_265763,794.0,204.0,24,1827,8723,8723,10551,JobState.COMPLETED,0.04540713503956795,176.53061224489772,176.53061224489795,7740514.285714276
jid_265727,10.0,9.0,12288,186,10476,10476,10663,JobState.COMPLETED,0.006627422757446766,176.53061224489792,176.53061224489795,403472718.3673469
jid_265789,794.0,204.0,24,2107,8557,8557,10665,JobState.COMPLETED,0.04502590373158455,176.53061224489758,176.53061224489795,8926799.999999981
jid_265792,794.0,204.0,24,2348,8326,8326,10675,JobState.COMPLETED,0.04509919509291649,176.53061224489747,176.53061224489795,9947853.061224462
jid_265780,794.0,204.0,24,1999,8690,8690,10690,JobState.COMPLETED,0.04540713503956795,176.5306122448976,176.53061224489795,8469232.653061207
jid_265521,794.0,204.0,24,2512,6531,8204,10717,JobState.COMPLETED,0.04321982339024544,176.53061224489747,176.53061224489795,10642677.551020378
jid_265504,794.0,204.0,24,2524,6462,8204,10729,JobState.COMPLETED,0.06821942329406738,176.5306122448975,176.53061224489795,10693518.36734691
jid_265795,794.0,204.0,24,1828,8920,8920,10749,JobState.COMPLETED,0.044298600405454636,176.53061224489772,176.53061224489795,7744751.020408153
jid_265610,794.0,204.0,24,2551,7032,8204,10756,JobState.COMPLETED,0.042675118893384933,176.53061224489753,176.53061224489795,10807910.204081606
jid_265688,794.0,204.0,24,2607,7536,8204,10812,JobState.COMPLETED,0.043858468532562256,176.5306122448976,176.53061224489795,11045167.346938754
jid_265459,794.0,204.0,24,2610,5423,8204,10815,JobState.COMPLETED,0.04374117776751518,176.5306122448976,176.53061224489795,11057877.551020386
jid_265530,794.0,204.0,24,2690,6380,8204,10895,JobState.COMPLETED,0.04215669259428978,176.53061224489772,176.53061224489795,11396816.326530596
jid_265508,794.0,204.0,24,2696,6354,8204,10901,JobState.COMPLETED,0.04215669259428978,176.53061224489772,176.53061224489795,11422236.734693862
jid_265553,794.0,204.0,24,2706,6377,8204,10911,JobState.COMPLETED,0.04215669259428978,176.53061224489775,176.53061224489795,11464604.08163264
jid_265691,794.0,204.0,24,2725,7430,8204,10930,JobState.COMPLETED,0.04299582540988922,176.53061224489775,176.53061224489795,11545102.040816315
jid_265532,794.0,204.0,24,2898,6245,8204,11103,JobState.COMPLETED,0.04246841371059418,176.53061224489798,176.53061224489795,12278057.142857144
jid_265309,17111.0,121.0,1,3011,7390,8204,11216,JobState.COMPLETED,0.5297237634658813,176.53061224489701,176.53061224489795,531533.6734693849
jid_265813,794.0,204.0,24,2658,8717,8717,11376,JobState.COMPLETED,0.04540713503956795,176.5306122448977,176.53061224489795,11261240.816326514
jid_265809,794.0,204.0,24,1672,9769,9769,11442,JobState.COMPLETED,0.03933204710483551,176.53061224489784,176.53061224489795,7083820.408163261
jid_265826,794.0,204.0,24,2576,8956,8956,11533,JobState.COMPLETED,0.03916725143790245,176.53061224489758,176.53061224489795,10913828.571428549
jid_265843,794.0,204.0,24,2623,8984,8984,11608,JobState.COMPLETED,0.03916725143790245,176.53061224489764,176.53061224489795,11112955.102040797
jid_265846,794.0,204.0,24,2441,9166,9166,11608,JobState.COMPLETED,0.036849088966846466,176.5306122448974,176.53061224489795,10341869.38775507
jid_265822,794.0,204.0,24,1833,9892,9892,11726,JobState.COMPLETED,0.03806237503886223,176.53061224489772,176.53061224489795,7765934.6938775405
jid_265872,794.0,204.0,24,2654,9122,9122,11777,JobState.COMPLETED,0.036849088966846466,176.5306122448977,176.53061224489795,11244293.877551004
jid_265874,794.0,204.0,24,2666,9118,9118,11785,JobState.COMPLETED,0.036849088966846466,176.5306122448977,176.53061224489795,11295134.693877533
jid_265889,794.0,204.0,24,2692,9108,9108,11801,JobState.COMPLETED,0.03812672197818756,176.53061224489772,176.53061224489795,11405289.795918353
jid_265819,794.0,204.0,24,1829,10029,10029,11859,JobState.COMPLETED,0.03627730906009674,176.53061224489772,176.53061224489795,7748987.755102031
jid_265871,794.0,204.0,24,1514,10432,10432,11947,JobState.COMPLETED,0.03866990655660629,176.53061224489798,176.53061224489795,6414416.326530613
jid_265921,794.0,204.0,24,2733,9222,9222,11956,JobState.COMPLETED,0.03785914182662964,176.5306122448978,176.53061224489795,11578995.918367337
jid_265922,794.0,204.0,24,2865,9129,9129,11995,JobState.COMPLETED,0.036849088966846466,176.53061224489795,176.53061224489795,12138244.897959182
jid_265893,794.0,204.0,24,1753,10297,10297,12051,JobState.COMPLETED,0.04043431580066681,176.53061224489775,176.53061224489795,7426995.918367337
jid_265936,794.0,204.0,24,3011,9044,9044,12056,JobState.COMPLETED,0.038193847984075546,176.5306122448981,176.53061224489795,12756808.163265316
jid_265880,794.0,204.0,24,2280,9798,9798,12079,JobState.COMPLETED,0.03933204710483551,176.53061224489747,176.53061224489795,9659755.10204079
jid_265864,794.0,204.0,24,1933,10171,10171,12105,JobState.COMPLETED,0.03914100304245949,176.53061224489764,176.53061224489795,8189608.163265291
jid_265839,232.0,121.0,1,543,11581,11581,12125,JobState.COMPLETED,0.4394623637199402,176.5306122448981,176.53061224489795,95856.12244897966
jid_265897,794.0,204.0,24,2489,9638,9638,12128,JobState.COMPLETED,0.039957743138074875,176.5306122448974,176.53061224489795,10545232.653061192
jid_265904,794.0,204.0,24,2305,9825,9825,12131,JobState.COMPLETED,0.03933204710483551,176.53061224489747,176.53061224489795,9765673.469387729
jid_265909,794.0,204.0,24,2466,9665,9665,12132,JobState.COMPLETED,0.040791042149066925,176.53061224489738,176.53061224489795,10447787.755102007
jid_265839,232.0,121.0,1,559,11581,11581,12141,JobState.COMPLETED,0.4394623637199402,176.5306122448981,176.53061224489795,98680.61224489803
jid_265839,232.0,121.0,1,573,11581,11581,12155,JobState.COMPLETED,0.4394623637199402,176.5306122448981,176.53061224489795,101152.04081632661
jid_265927,794.0,204.0,24,1835,10335,10335,12171,JobState.COMPLETED,0.039582278579473495,176.53061224489772,176.53061224489795,7774408.163265296
jid_265839,232.0,121.0,1,592,11581,11581,12174,JobState.COMPLETED,0.4394623637199402,176.53061224489812,176.53061224489795,104506.12244897969
jid_265923,794.0,204.0,24,2583,9595,9595,12179,JobState.COMPLETED,0.039957743138074875,176.53061224489758,176.53061224489795,10943485.71428569
jid_265839,232.0,121.0,1,606,11581,11581,12188,JobState.COMPLETED,0.4394623637199402,176.53061224489812,176.53061224489795,106977.55102040827
jid_265839,232.0,121.0,1,628,11581,11581,12210,JobState.COMPLETED,0.4394623637199402,176.53061224489812,176.53061224489795,110861.22448979602
jid_265885,794.0,204.0,24,2276,9945,9945,12222,JobState.COMPLETED,0.03806237503886223,176.53061224489747,176.53061224489795,9642808.16326528
jid_265640,794.0,204.0,24,2472,9789,9789,12262,JobState.COMPLETED,0.03933204710483551,176.5306122448974,176.53061224489795,10473208.163265273
jid_265925,794.0,204.0,24,1893,10381,10381,12275,JobState.COMPLETED,0.04055531695485115,176.5306122448977,176.53061224489795,8020138.775510192
jid_265928,794.0,204.0,24,2707,9587,9587,12295,JobState.COMPLETED,0.039340000599622726,176.53061224489775,176.53061224489795,11468840.816326518
jid_265839,232.0,121.0,1,720,11581,11581,12302,JobState.COMPLETED,0.4394623637199402,176.53061224489815,176.53061224489795,127102.04081632667
jid_265951,794.0,204.0,24,2801,9528,9528,12330,JobState.COMPLETED,0.038981109857559204,176.53061224489787,176.53061224489795,11867093.877551015
jid_265839,232.0,121.0,1,762,11581,11581,12344,JobState.COMPLETED,0.4394623637199402,176.53061224489815,176.53061224489795,134516.3265306124
jid_265839,232.0,121.0,1,763,11581,11581,12345,JobState.COMPLETED,0.4394623637199402,176.53061224489815,176.53061224489795,134692.85714285728
jid_265839,232.0,121.0,1,777,11581,11581,12359,JobState.COMPLETED,0.4394623637199402,176.53061224489815,176.53061224489795,137164.28571428586
jid_265839,232.0,121.0,1,791,11581,11581,12373,JobState.COMPLETED,0.4394623637199402,176.53061224489815,176.53061224489795,139635.71428571444
jid_265839,232.0,121.0,1,808,11581,11581,12390,JobState.COMPLETED,0.4394623637199402,176.53061224489815,176.53061224489795,142636.73469387772
jid_265839,232.0,121.0,1,815,11581,11581,12397,JobState.COMPLETED,0.4394623637199402,176.53061224489815,176.53061224489795,143872.44897959198
jid_265839,232.0,121.0,1,817,11581,11581,12399,JobState.COMPLETED,0.4394623637199402,176.53061224489815,176.53061224489795,144225.5102040818
jid_265972,794.0,204.0,24,2182,10231,10231,12414,JobState.COMPLETED,0.06481989473104477,176.5306122448975,176.53061224489795,9244555.102040792
jid_265839,232.0,121.0,1,832,11581,11581,12414,JobState.COMPLETED,0.4394623637199402,176.53061224489815,176.53061224489795,146873.46938775526
jid_265938,794.0,204.0,24,2762,9653,9653,12416,JobState.COMPLETED,0.040791042149066925,176.53061224489784,176.53061224489795,11701861.224489788
jid_265839,232.0,121.0,1,834,11581,11581,12416,JobState.COMPLETED,0.4394623637199402,176.53061224489815,176.53061224489795,147226.53061224506
jid_265839,232.0,121.0,1,840,11581,11581,12422,JobState.COMPLETED,0.4394623637199402,176.53061224489815,176.53061224489795,148285.71428571444
jid_265839,232.0,121.0,1,842,11581,11581,12424,JobState.COMPLETED,0.4394623637199402,176.53061224489815,176.53061224489795,148638.77551020426
jid_265943,794.0,204.0,24,2132,10293,10293,12426,JobState.COMPLETED,0.04043431580066681,176.53061224489753,176.53061224489795,9032718.367346916
jid_265967,794.0,204.0,24,2124,10325,10325,12450,JobState.COMPLETED,0.039582278579473495,176.53061224489753,176.53061224489795,8998824.489795895
jid_265977,10.0,9.0,12288,183,12324,12324,12508,JobState.COMPLETED,0.0066423797979950905,176.53061224489792,176.53061224489795,396965093.87755096
jid_265975,794.0,204.0,24,2847,9661,9661,12509,JobState.COMPLETED,0.040791042149066925,176.53061224489792,176.53061224489795,12061983.673469385
jid_265980,794.0,204.0,24,2466,10199,10199,12666,JobState.COMPLETED,0.06481989473104477,176.53061224489738,176.53061224489795,10447787.755102007
jid_265990,794.0,204.0,24,2391,10289,10289,12681,JobState.COMPLETED,0.04043431580066681,176.5306122448974,176.53061224489795,10130032.653061192
jid_265981,794.0,204.0,24,2922,9766,9766,12689,JobState.COMPLETED,0.03926880285143852,176.53061224489804,176.53061224489795,12379738.77551021
jid_265997,794.0,204.0,24,3536,9162,9162,12699,JobState.COMPLETED,0.036849088966846466,176.5306122448986,176.53061224489795,14981093.877551075
jid_266000,794.0,204.0,24,2599,10192,10192,12792,JobState.COMPLETED,0.06481989473104477,176.5306122448976,176.53061224489795,11011273.469387732
jid_265998,794.0,204.0,24,2579,10237,10237,12817,JobState.COMPLETED,0.06481989473104477,176.53061224489758,176.53061224489795,10926538.77551018
jid_265991,794.0,204.0,24,2674,10170,10170,12845,JobState.COMPLETED,0.03914100304245949,176.5306122448977,176.53061224489795,11329028.571428556
jid_266010,794.0,204.0,24,2526,10323,10323,12850,JobState.COMPLETED,0.039582278579473495,176.5306122448975,176.53061224489795,10701991.836734666
jid_266003,794.0,204.0,24,3193,9708,9708,12902,JobState.COMPLETED,0.040791042149066925,176.5306122448983,176.53061224489795,13527893.877551045
jid_266009,794.0,204.0,24,2675,10251,10251,12927,JobState.COMPLETED,0.04043431580066681,176.5306122448977,176.53061224489795,11333265.306122432
jid_266012,794.0,204.0,24,2394,10611,10611,13006,JobState.COMPLETED,0.04003632068634033,176.5306122448974,176.53061224489795,10142742.857142825
jid_266014,794.0,204.0,24,2433,10588,10588,13022,JobState.COMPLETED,0.036861520260572433,176.5306122448974,176.53061224489795,10307975.51020405
jid_266030,794.0,204.0,24,2378,10767,10767,13146,JobState.COMPLETED,0.0386701300740242,176.5306122448974,176.53061224489795,10074955.102040786
jid_266015,794.0,204.0,24,2298,10861,10861,13160,JobState.COMPLETED,0.03852536156773567,176.53061224489747,176.53061224489795,9736016.326530585
jid_266011,1062.0,121.0,1,102,13137,13137,13240,JobState.COMPLETED,0.4857505261898041,176.53061224489792,176.53061224489795,18006.12244897959
jid_266011,1062.0,121.0,1,105,13137,13137,13243,JobState.COMPLETED,0.4857505261898041,176.53061224489792,176.53061224489795,18535.714285714283
jid_266011,1062.0,121.0,1,107,13137,13137,13245,JobState.COMPLETED,0.4857505261898041,176.53061224489792,176.53061224489795,18888.77551020408
jid_266011,1062.0,121.0,1,113,13137,13137,13251,JobState.COMPLETED,0.4857505261898041,176.53061224489792,176.53061224489795,19947.959183673465
jid_266011,1062.0,121.0,1,118,13137,13137,13256,JobState.COMPLETED,0.4857505261898041,176.53061224489792,176.53061224489795,20830.612244897955
jid_266011,1062.0,121.0,1,119,13137,13137,13257,JobState.COMPLETED,0.4857505261898041,176.53061224489792,176.53061224489795,21007.14285714285
jid_265984,1067.0,121.0,1,522,12739,12739,13262,JobState.COMPLETED,0.4857127368450165,176.5306122448981,176.53061224489795,92148.9795918368
jid_266011,1062.0,121.0,1,136,13137,13137,13274,JobState.COMPLETED,0.4857505261898041,176.5306122448979,176.53061224489795,24008.163265306113
jid_266011,1062.0,121.0,1,137,13137,13137,13275,JobState.COMPLETED,0.4857505261898041,176.5306122448979,176.53061224489795,24184.693877551013
jid_266011,1062.0,121.0,1,139,13137,13137,13277,JobState.COMPLETED,0.4857505261898041,176.5306122448979,176.53061224489795,24537.755102040806
jid_266011,1062.0,121.0,1,141,13137,13137,13279,JobState.COMPLETED,0.4857505261898041,176.5306122448979,176.53061224489795,24890.816326530603
jid_265984,1067.0,121.0,1,540,12739,12739,13280,JobState.COMPLETED,0.4857127368450165,176.5306122448981,176.53061224489795,95326.53061224497
jid_266011,1062.0,121.0,1,143,13137,13137,13281,JobState.COMPLETED,0.4857505261898041,176.5306122448979,176.53061224489795,25243.8775510204
jid_266011,1062.0,121.0,1,145,13137,13137,13283,JobState.COMPLETED,0.4857505261898041,176.5306122448979,176.53061224489795,25596.938775510196
jid_266011,1062.0,121.0,1,145,13137,13137,13283,JobState.COMPLETED,0.4857505261898041,176.5306122448979,176.53061224489795,25596.938775510196
jid_265984,1067.0,121.0,1,550,12739,12739,13290,JobState.COMPLETED,0.4857127368450165,176.5306122448981,176.53061224489795,97091.83673469395
jid_266011,1062.0,121.0,1,162,13137,13137,13300,JobState.COMPLETED,0.4857505261898041,176.5306122448979,176.53061224489795,28597.959183673458
jid_266033,1069.0,121.0,1,0,13311,13311,13311,JobState.COMPLETED,0.4451662302017212,176.53061224489795,176.53061224489795,0.0
jid_266033,1069.0,121.0,1,0,13311,13311,13312,JobState.COMPLETED,0.4451662302017212,176.53061224489795,176.53061224489795,0.0
jid_266033,1069.0,121.0,1,0,13311,13311,13312,JobState.COMPLETED,0.4451662302017212,176.53061224489795,176.53061224489795,0.0
jid_266033,1069.0,121.0,1,0,13311,13311,13312,JobState.COMPLETED,0.4451662302017212,176.53061224489795,176.53061224489795,0.0
jid_266033,1069.0,121.0,1,1,13311,13311,13313,JobState.COMPLETED,0.4451662302017212,176.53061224489795,176.53061224489795,176.53061224489795
jid_266033,1069.0,121.0,1,2,13311,13311,13314,JobState.COMPLETED,0.4451662302017212,176.53061224489795,176.53061224489795,353.0612244897959
jid_266033,1069.0,121.0,1,2,13311,13311,13314,JobState.COMPLETED,0.4451662302017212,176.53061224489795,176.53061224489795,353.0612244897959
jid_266033,1069.0,121.0,1,2,13311,13311,13314,JobState.COMPLETED,0.4451662302017212,176.53061224489795,176.53061224489795,353.0612244897959
jid_266033,1069.0,121.0,1,2,13311,13311,13314,JobState.COMPLETED,0.4451662302017212,176.53061224489795,176.53061224489795,353.0612244897959
jid_266033,1069.0,121.0,1,2,13311,13311,13314,JobState.COMPLETED,0.4451662302017212,176.53061224489795,176.53061224489795,353.0612244897959
jid_266033,1069.0,121.0,1,3,13311,13311,13315,JobState.COMPLETED,0.4451662302017212,176.53061224489795,176.53061224489795,529.5918367346939
jid_266033,1069.0,121.0,1,3,13311,13311,13315,JobState.COMPLETED,0.4451662302017212,176.53061224489795,176.53061224489795,529.5918367346939
jid_266033,1069.0,121.0,1,3,13311,13311,13315,JobState.COMPLETED,0.4451662302017212,176.53061224489795,176.53061224489795,529.5918367346939
jid_266033,1069.0,121.0,1,4,13311,13311,13316,JobState.COMPLETED,0.4451662302017212,176.53061224489795,176.53061224489795,706.1224489795918
jid_266033,1069.0,121.0,1,4,13311,13311,13316,JobState.COMPLETED,0.4451662302017212,176.53061224489795,176.53061224489795,706.1224489795918
jid_266033,1069.0,121.0,1,4,13311,13311,13316,JobState.COMPLETED,0.4451662302017212,176.53061224489795,176.53061224489795,706.1224489795918
jid_266033,1069.0,121.0,1,4,13311,13311,13316,JobState.COMPLETED,0.4451662302017212,176.53061224489795,176.53061224489795,706.1224489795918
jid_266033,1069.0,121.0,1,4,13311,13311,13316,JobState.COMPLETED,0.4451662302017212,176.53061224489795,176.53061224489795,706.1224489795918
jid_266033,1069.0,121.0,1,5,13311,13311,13317,JobState.COMPLETED,0.4451662302017212,176.53061224489795,176.53061224489795,882.6530612244898
jid_266033,1069.0,121.0,1,5,13311,13311,13317,JobState.COMPLETED,0.4451662302017212,176.53061224489795,176.53061224489795,882.6530612244898
jid_266011,1062.0,121.0,1,180,13137,13137,13318,JobState.COMPLETED,0.4857505261898041,176.5306122448979,176.53061224489795,31775.51020408162
jid_266033,1069.0,121.0,1,6,13311,13311,13318,JobState.COMPLETED,0.4451662302017212,176.53061224489795,176.53061224489795,1059.1836734693877
jid_266033,1069.0,121.0,1,6,13311,13311,13318,JobState.COMPLETED,0.4451662302017212,176.53061224489795,176.53061224489795,1059.1836734693877
jid_266033,1069.0,121.0,1,6,13311,13311,13318,JobState.COMPLETED,0.4451662302017212,176.53061224489795,176.53061224489795,1059.1836734693877
jid_266033,1069.0,121.0,1,9,13311,13311,13321,JobState.COMPLETED,0.4451662302017212,176.53061224489795,176.53061224489795,1588.7755102040815
jid_265984,1067.0,121.0,1,586,12739,12739,13326,JobState.COMPLETED,0.4857127368450165,176.5306122448981,176.53061224489795,103446.93877551028
jid_266011,1062.0,121.0,1,189,13137,13137,13327,JobState.COMPLETED,0.4857505261898041,176.5306122448979,176.53061224489795,33364.2857142857
jid_266011,1062.0,121.0,1,189,13137,13137,13327,JobState.COMPLETED,0.4857505261898041,176.5306122448979,176.53061224489795,33364.2857142857
jid_266011,1062.0,121.0,1,191,13137,13137,13329,JobState.COMPLETED,0.4857505261898041,176.5306122448979,176.53061224489795,33717.346938775496
jid_265984,1067.0,121.0,1,597,12739,12739,13337,JobState.COMPLETED,0.4857127368450165,176.53061224489812,176.53061224489795,105388.77551020418
jid_265984,1067.0,121.0,1,602,12739,12739,13342,JobState.COMPLETED,0.4857127368450165,176.53061224489812,176.53061224489795,106271.42857142867
jid_265984,1067.0,121.0,1,612,12739,12739,13352,JobState.COMPLETED,0.4857127368450165,176.53061224489812,176.53061224489795,108036.73469387765
jid_266064,794.0,204.0,24,2896,10467,10467,13364,JobState.COMPLETED,0.03866990655660629,176.53061224489798,176.53061224489795,12269583.673469389
jid_266054,794.0,204.0,24,1925,11438,11438,13364,JobState.COMPLETED,0.03751208260655403,176.53061224489764,176.53061224489795,8155714.285714271
jid_266011,1062.0,121.0,1,234,13137,13137,13372,JobState.COMPLETED,0.4857505261898041,176.53061224489787,176.53061224489795,41308.1632653061
jid_265984,1067.0,121.0,1,633,12739,12739,13373,JobState.COMPLETED,0.4857127368450165,176.53061224489812,176.53061224489795,111743.87755102052
jid_266065,794.0,204.0,24,3029,10354,10354,13384,JobState.COMPLETED,0.039582278579473495,176.53061224489815,176.53061224489795,12833069.387755118
jid_265984,1067.0,121.0,1,651,12739,12739,13391,JobState.COMPLETED,0.4857127368450165,176.53061224489812,176.53061224489795,114921.42857142868
jid_265984,1067.0,121.0,1,657,12739,12739,13397,JobState.COMPLETED,0.4857127368450165,176.53061224489812,176.53061224489795,115980.61224489806
jid_265984,1067.0,121.0,1,657,12739,12739,13397,JobState.COMPLETED,0.4857127368450165,176.53061224489812,176.53061224489795,115980.61224489806
jid_265984,1067.0,121.0,1,658,12739,12739,13398,JobState.COMPLETED,0.4857127368450165,176.53061224489812,176.53061224489795,116157.14285714297
jid_266011,1062.0,121.0,1,261,13137,13137,13399,JobState.COMPLETED,0.4857505261898041,176.53061224489792,176.53061224489795,46074.48979591836
jid_266032,951.0,121.0,1,88,13311,13311,13400,JobState.COMPLETED,0.47232839465141296,176.53061224489795,176.53061224489795,15534.69387755102
jid_266032,951.0,121.0,1,103,13311,13311,13415,JobState.COMPLETED,0.47232839465141296,176.53061224489792,176.53061224489795,18182.653061224486
jid_266032,951.0,121.0,1,104,13311,13311,13416,JobState.COMPLETED,0.47232839465141296,176.53061224489792,176.53061224489795,18359.183673469382
jid_266011,1062.0,121.0,1,280,13137,13137,13418,JobState.COMPLETED,0.4857505261898041,176.53061224489795,176.53061224489795,49428.57142857143
jid_266032,951.0,121.0,1,106,13311,13311,13418,JobState.COMPLETED,0.47232839465141296,176.53061224489792,176.53061224489795,18712.24489795918
jid_266048,794.0,204.0,24,2146,11275,11275,13422,JobState.COMPLETED,0.03559592738747597,176.53061224489753,176.53061224489795,9092032.653061202
jid_266071,794.0,204.0,24,3083,10340,10340,13424,JobState.COMPLETED,0.039582278579473495,176.53061224489818,176.53061224489795,13061853.061224505
jid_265984,1067.0,121.0,1,686,12739,12739,13426,JobState.COMPLETED,0.4857127368450165,176.53061224489812,176.53061224489795,121100.00000000012
jid_266058,794.0,204.0,24,1921,11507,11507,13429,JobState.COMPLETED,0.03649372234940529,176.53061224489764,176.53061224489795,8138767.346938761
jid_266032,951.0,121.0,1,118,13311,13311,13430,JobState.COMPLETED,0.47232839465141296,176.53061224489792,176.53061224489795,20830.612244897955
jid_265984,1067.0,121.0,1,695,12739,12739,13435,JobState.COMPLETED,0.4857127368450165,176.53061224489815,176.53061224489795,122688.77551020421
jid_266032,951.0,121.0,1,123,13311,13311,13435,JobState.COMPLETED,0.47232839465141296,176.5306122448979,176.53061224489795,21713.26530612244
jid_265984,1067.0,121.0,1,701,12739,12739,13441,JobState.COMPLETED,0.4857127368450165,176.53061224489815,176.53061224489795,123747.9591836736
jid_265984,1067.0,121.0,1,703,12739,12739,13443,JobState.COMPLETED,0.4857127368450165,176.53061224489815,176.53061224489795,124101.0204081634
jid_265984,1067.0,121.0,1,722,12739,12739,13462,JobState.COMPLETED,0.4857127368450165,176.53061224489815,176.53061224489795,127455.10204081646
jid_266032,951.0,121.0,1,160,13311,13311,13472,JobState.COMPLETED,0.47232839465141296,176.5306122448979,176.53061224489795,28244.89795918366
jid_265984,1067.0,121.0,1,733,12739,12739,13473,JobState.COMPLETED,0.4857127368450165,176.53061224489815,176.53061224489795,129396.93877551034
jid_266032,951.0,121.0,1,162,13311,13311,13474,JobState.COMPLETED,0.47232839465141296,176.5306122448979,176.53061224489795,28597.959183673458
jid_266032,951.0,121.0,1,167,13311,13311,13479,JobState.COMPLETED,0.47232839465141296,176.5306122448979,176.53061224489795,29480.612244897948
jid_265984,1067.0,121.0,1,740,12739,12739,13480,JobState.COMPLETED,0.4857127368450165,176.53061224489815,176.53061224489795,130632.65306122463
jid_266011,1062.0,121.0,1,343,13137,13137,13481,JobState.COMPLETED,0.4857505261898041,176.530612244898,176.53061224489795,60550.000000000015
jid_266032,951.0,121.0,1,173,13311,13311,13485,JobState.COMPLETED,0.47232839465141296,176.5306122448979,176.53061224489795,30539.795918367337
jid_265984,1067.0,121.0,1,751,12739,12739,13491,JobState.COMPLETED,0.4857127368450165,176.53061224489815,176.53061224489795,132574.48979591852
jid_265984,1067.0,121.0,1,751,12739,12739,13491,JobState.COMPLETED,0.4857127368450165,176.53061224489815,176.53061224489795,132574.48979591852
jid_265984,1067.0,121.0,1,752,12739,12739,13492,JobState.COMPLETED,0.4857127368450165,176.53061224489815,176.53061224489795,132751.0204081634
jid_266075,794.0,204.0,24,3050,10446,10446,13497,JobState.COMPLETED,0.03866990655660629,176.53061224489815,176.53061224489795,12922040.816326546
jid_266032,951.0,121.0,1,185,13311,13311,13497,JobState.COMPLETED,0.47232839465141296,176.5306122448979,176.53061224489795,32658.16326530611
jid_265984,1067.0,121.0,1,768,12739,12739,13508,JobState.COMPLETED,0.4857127368450165,176.53061224489815,176.53061224489795,135575.51020408177
jid_266011,1062.0,121.0,1,370,13137,13137,13508,JobState.COMPLETED,0.4857505261898041,176.53061224489804,176.53061224489795,65316.32653061227
jid_265984,1067.0,121.0,1,773,12739,12739,13513,JobState.COMPLETED,0.4857127368450165,176.53061224489815,176.53061224489795,136458.16326530627
jid_265984,1067.0,121.0,1,774,12739,12739,13514,JobState.COMPLETED,0.4857127368450165,176.53061224489815,176.53061224489795,136634.69387755118
jid_265984,1067.0,121.0,1,775,12739,12739,13515,JobState.COMPLETED,0.4857127368450165,176.53061224489815,176.53061224489795,136811.22448979606
jid_265984,1067.0,121.0,1,778,12739,12739,13518,JobState.COMPLETED,0.4857127368450165,176.53061224489815,176.53061224489795,137340.81632653077
jid_265984,1067.0,121.0,1,779,12739,12739,13519,JobState.COMPLETED,0.4857127368450165,176.53061224489815,176.53061224489795,137517.34693877565
jid_265984,1067.0,121.0,1,780,12739,12739,13520,JobState.COMPLETED,0.4857127368450165,176.53061224489815,176.53061224489795,137693.87755102056
jid_265984,1067.0,121.0,1,782,12739,12739,13522,JobState.COMPLETED,0.4857127368450165,176.53061224489815,176.53061224489795,138046.93877551035
jid_265839,232.0,121.0,1,1942,11581,11581,13524,JobState.COMPLETED,0.4394623637199402,176.5306122448973,176.53061224489795,342822.44897959055
jid_265984,1067.0,121.0,1,788,12739,12739,13528,JobState.COMPLETED,0.4857127368450165,176.53061224489815,176.53061224489795,139106.12244897973
jid_266081,794.0,204.0,24,3081,10497,10497,13579,JobState.COMPLETED,0.03938020393252373,176.53061224489818,176.53061224489795,13053379.591836752
jid_266011,1062.0,121.0,1,454,13137,13137,13592,JobState.COMPLETED,0.4857505261898041,176.53061224489807,176.53061224489795,80144.89795918373
jid_265984,1067.0,121.0,1,853,12739,12739,13593,JobState.COMPLETED,0.4857127368450165,176.53061224489818,176.53061224489795,150580.61224489813
jid_266011,1062.0,121.0,1,460,13137,13137,13598,JobState.COMPLETED,0.4857505261898041,176.53061224489807,176.53061224489795,81204.0816326531
jid_266032,951.0,121.0,1,294,13311,13311,13606,JobState.COMPLETED,0.47232839465141296,176.53061224489795,176.53061224489795,51900.0
jid_266032,951.0,121.0,1,299,13311,13311,13611,JobState.COMPLETED,0.47232839465141296,176.53061224489795,176.53061224489795,52782.65306122449
jid_266011,1062.0,121.0,1,499,13137,13137,13637,JobState.COMPLETED,0.4857505261898041,176.53061224489807,176.53061224489795,88088.77551020414
jid_266011,1062.0,121.0,1,512,13137,13137,13650,JobState.COMPLETED,0.4857505261898041,176.5306122448981,176.53061224489795,90383.67346938782
jid_266032,951.0,121.0,1,354,13311,13311,13666,JobState.COMPLETED,0.47232839465141296,176.530612244898,176.53061224489795,62491.8367346939
jid_266072,794.0,204.0,24,2848,10851,10851,13700,JobState.COMPLETED,0.03852536156773567,176.53061224489792,176.53061224489795,12066220.408163263
jid_266066,549.0,121.0,1,95,13619,13619,13715,JobState.COMPLETED,0.5114970207214355,176.53061224489792,176.53061224489795,16770.408163265303
jid_266066,549.0,121.0,1,102,13619,13619,13722,JobState.COMPLETED,0.5114970207214355,176.53061224489792,176.53061224489795,18006.12244897959
jid_266114,794.0,204.0,24,1750,11974,11974,13725,JobState.COMPLETED,0.039638884365558624,176.53061224489775,176.53061224489795,7414285.714285705
jid_266066,549.0,121.0,1,136,13619,13619,13756,JobState.COMPLETED,0.5114970207214355,176.5306122448979,176.53061224489795,24008.163265306113
jid_266086,794.0,204.0,24,2235,11523,11523,13759,JobState.COMPLETED,0.03999164327979088,176.5306122448975,176.53061224489795,9469102.040816303
jid_266066,549.0,121.0,1,139,13619,13619,13759,JobState.COMPLETED,0.5114970207214355,176.5306122448979,176.53061224489795,24537.755102040806
jid_266066,549.0,121.0,1,140,13619,13619,13760,JobState.COMPLETED,0.5114970207214355,176.5306122448979,176.53061224489795,24714.285714285706
jid_266110,794.0,204.0,24,1935,11847,11847,13783,JobState.COMPLETED,0.041074786335229874,176.53061224489764,176.53061224489795,8198081.632653046
jid_266066,549.0,121.0,1,169,13619,13619,13789,JobState.COMPLETED,0.5114970207214355,176.5306122448979,176.53061224489795,29833.673469387744
jid_265984,1067.0,121.0,1,1051,12739,12739,13791,JobState.COMPLETED,0.4857127368450165,176.53061224489795,176.53061224489795,185533.67346938775
jid_266066,549.0,121.0,1,173,13619,13619,13793,JobState.COMPLETED,0.5114970207214355,176.5306122448979,176.53061224489795,30539.795918367337
jid_266066,549.0,121.0,1,181,13619,13619,13801,JobState.COMPLETED,0.5114970207214355,176.5306122448979,176.53061224489795,31952.04081632652
jid_266079,946.0,121.0,1,94,13708,13708,13803,JobState.COMPLETED,0.5081978440284729,176.53061224489792,176.53061224489795,16593.877551020403
jid_266066,549.0,121.0,1,195,13619,13619,13815,JobState.COMPLETED,0.5114970207214355,176.5306122448979,176.53061224489795,34423.46938775509
jid_266079,946.0,121.0,1,119,13708,13708,13828,JobState.COMPLETED,0.5081978440284729,176.53061224489792,176.53061224489795,21007.14285714285
jid_266066,549.0,121.0,1,210,13619,13619,13830,JobState.COMPLETED,0.5114970207214355,176.53061224489787,176.53061224489795,37071.42857142855
jid_266116,794.0,204.0,24,3526,10309,10309,13836,JobState.COMPLETED,0.039582278579473495,176.53061224489855,176.53061224489795,14938726.530612294
jid_266079,946.0,121.0,1,128,13708,13708,13837,JobState.COMPLETED,0.5081978440284729,176.5306122448979,176.53061224489795,22595.91836734693
jid_266066,549.0,121.0,1,218,13619,13619,13838,JobState.COMPLETED,0.5114970207214355,176.53061224489787,176.53061224489795,38483.67346938774
jid_266079,946.0,121.0,1,135,13708,13708,13844,JobState.COMPLETED,0.5081978440284729,176.5306122448979,176.53061224489795,23831.632653061217
jid_266079,946.0,121.0,1,137,13708,13708,13846,JobState.COMPLETED,0.5081978440284729,176.5306122448979,176.53061224489795,24184.693877551013
jid_266099,794.0,204.0,24,2312,11538,11538,13851,JobState.COMPLETED,0.03999164327979088,176.53061224489747,176.53061224489795,9795330.61224487
jid_266127,794.0,204.0,24,2182,11673,11673,13856,JobState.COMPLETED,0.03812519833445549,176.5306122448975,176.53061224489795,9244555.102040792
jid_266066,549.0,121.0,1,241,13619,13619,13861,JobState.COMPLETED,0.5114970207214355,176.5306122448979,176.53061224489795,42543.87755102039
jid_266066,549.0,121.0,1,242,13619,13619,13862,JobState.COMPLETED,0.5114970207214355,176.5306122448979,176.53061224489795,42720.40816326529
jid_266066,549.0,121.0,1,244,13619,13619,13864,JobState.COMPLETED,0.5114970207214355,176.5306122448979,176.53061224489795,43073.46938775509
jid_266066,549.0,121.0,1,255,13619,13619,13875,JobState.COMPLETED,0.5114970207214355,176.5306122448979,176.53061224489795,45015.306122448965
jid_266105,794.0,204.0,24,2556,11320,11320,13877,JobState.COMPLETED,0.03559592738747597,176.53061224489753,176.53061224489795,10829093.877550993
jid_266066,549.0,121.0,1,257,13619,13619,13877,JobState.COMPLETED,0.5114970207214355,176.5306122448979,176.53061224489795,45368.36734693876
jid_266066,549.0,121.0,1,272,13619,13619,13892,JobState.COMPLETED,0.5114970207214355,176.53061224489792,176.53061224489795,48016.326530612234
jid_266079,946.0,121.0,1,189,13708,13708,13898,JobState.COMPLETED,0.5081978440284729,176.5306122448979,176.53061224489795,33364.2857142857
jid_266066,549.0,121.0,1,292,13619,13619,13912,JobState.COMPLETED,0.5114970207214355,176.53061224489795,176.53061224489795,51546.9387755102
jid_266125,794.0,204.0,24,1652,12270,12270,13923,JobState.COMPLETED,0.040245525538921356,176.53061224489784,176.53061224489795,6999085.71428571
jid_266149,794.0,204.0,24,2072,11853,11853,13926,JobState.COMPLETED,0.041074786335229874,176.53061224489758,176.53061224489795,8778514.285714267
jid_266079,946.0,121.0,1,221,13708,13708,13930,JobState.COMPLETED,0.5081978440284729,176.53061224489787,176.53061224489795,39013.26530612243
jid_266066,549.0,121.0,1,311,13619,13619,13931,JobState.COMPLETED,0.5114970207214355,176.53061224489798,176.53061224489795,54901.02040816327
jid_266079,946.0,121.0,1,232,13708,13708,13941,JobState.COMPLETED,0.5081978440284729,176.53061224489787,176.53061224489795,40955.1020408163
jid_266079,946.0,121.0,1,247,13708,13708,13956,JobState.COMPLETED,0.5081978440284729,176.5306122448979,176.53061224489795,43603.06122448978
jid_266137,794.0,204.0,24,3398,10560,10560,13959,JobState.COMPLETED,0.036861520260572433,176.5306122448985,176.53061224489795,14396424.48979596
jid_266066,549.0,121.0,1,341,13619,13619,13961,JobState.COMPLETED,0.5114970207214355,176.530612244898,176.53061224489795,60196.93877551022
jid_266066,549.0,121.0,1,350,13619,13619,13970,JobState.COMPLETED,0.5114970207214355,176.530612244898,176.53061224489795,61785.714285714304
jid_266066,549.0,121.0,1,362,13619,13619,13982,JobState.COMPLETED,0.5114970207214355,176.530612244898,176.53061224489795,63904.08163265308
jid_266079,946.0,121.0,1,290,13708,13708,13999,JobState.COMPLETED,0.5081978440284729,176.53061224489795,176.53061224489795,51193.87755102041
jid_266101,794.0,204.0,24,2808,11192,11192,14001,JobState.COMPLETED,0.08718221634626389,176.53061224489787,176.53061224489795,11896751.020408157
jid_266066,549.0,121.0,1,381,13619,13619,14001,JobState.COMPLETED,0.5114970207214355,176.53061224489804,176.53061224489795,67258.16326530615
jid_266079,946.0,121.0,1,303,13708,13708,14012,JobState.COMPLETED,0.5081978440284729,176.53061224489798,176.53061224489795,53488.77551020409
jid_266173,794.0,204.0,24,2003,12012,12012,14016,JobState.COMPLETED,0.03988493233919144,176.5306122448976,176.53061224489795,8486179.591836717
jid_266066,549.0,121.0,1,408,13619,13619,14028,JobState.COMPLETED,0.5114970207214355,176.53061224489804,176.53061224489795,72024.4897959184
jid_266079,946.0,121.0,1,331,13708,13708,14040,JobState.COMPLETED,0.5081978440284729,176.530612244898,176.53061224489795,58431.63265306124
jid_266155,794.0,204.0,24,2612,11468,11468,14081,JobState.COMPLETED,0.03649372234940529,176.5306122448976,176.53061224489795,11066351.020408142
jid_265984,1067.0,121.0,1,1366,12739,12739,14106,JobState.COMPLETED,0.4857127368450165,176.5306122448976,176.53061224489795,241140.81632653013
jid_266079,946.0,121.0,1,402,13708,13708,14111,JobState.COMPLETED,0.5081978440284729,176.53061224489804,176.53061224489795,70965.30612244901
jid_266161,794.0,204.0,24,2695,11425,11425,14121,JobState.COMPLETED,0.03751208260655403,176.53061224489772,176.53061224489795,11417999.999999985
jid_266079,946.0,121.0,1,555,13708,13708,14264,JobState.COMPLETED,0.5081978440284729,176.5306122448981,176.53061224489795,97974.48979591845
jid_266174,794.0,204.0,24,2987,11298,11298,14286,JobState.COMPLETED,0.03559592738747597,176.53061224489807,176.53061224489795,12655126.530612253
jid_266148,818.0,121.0,1,412,13897,13897,14310,JobState.COMPLETED,0.5114392042160034,176.53061224489807,176.53061224489795,72730.612244898
jid_266214,794.0,204.0,24,2246,12068,12068,14315,JobState.COMPLETED,0.039607513695955276,176.5306122448975,176.53061224489795,9515706.122448955
jid_266215,794.0,204.0,24,2456,11872,11872,14329,JobState.COMPLETED,0.03935589641332626,176.53061224489738,176.53061224489795,10405420.40816323
jid_266180,794.0,204.0,24,3084,11259,11259,14344,JobState.COMPLETED,0.03540783002972603,176.53061224489818,176.53061224489795,13066089.795918385
jid_266228,794.0,204.0,24,2642,11743,11743,14386,JobState.COMPLETED,0.03933967649936676,176.53061224489764,176.53061224489795,11193453.061224468
jid_266197,794.0,204.0,24,2900,11496,11496,14397,JobState.COMPLETED,0.03649372234940529,176.53061224489798,176.53061224489795,12286530.6122449
jid_266188,794.0,204.0,24,3123,11284,11284,14408,JobState.COMPLETED,0.03559592738747597,176.5306122448982,176.53061224489795,13231322.448979612
jid_266243,794.0,204.0,24,2493,11916,11916,14410,JobState.COMPLETED,0.03935589641332626,176.53061224489747,176.53061224489795,10562179.591836706
jid_266148,818.0,121.0,1,523,13897,13897,14421,JobState.COMPLETED,0.5114392042160034,176.5306122448981,176.53061224489795,92325.5102040817
jid_266148,818.0,121.0,1,539,13897,13897,14437,JobState.COMPLETED,0.5114392042160034,176.5306122448981,176.53061224489795,95150.00000000007
jid_266248,794.0,204.0,24,2488,11952,11952,14441,JobState.COMPLETED,0.039638884365558624,176.5306122448974,176.53061224489795,10540995.918367315
jid_266256,794.0,204.0,24,2532,11921,11921,14454,JobState.COMPLETED,0.03935589641332626,176.5306122448975,176.53061224489795,10727412.244897932
jid_266148,818.0,121.0,1,561,13897,13897,14459,JobState.COMPLETED,0.5114392042160034,176.5306122448981,176.53061224489795,99033.67346938782
jid_266379,1032.0,121.0,64,12778,1681,1681,14460,JobState.COMPLETED,0.009491505101323128,176.5306122449027,176.53061224489795,144365322.44898346
jid_266260,794.0,204.0,24,2338,12125,12125,14464,JobState.COMPLETED,0.06234455481171608,176.53061224489747,176.53061224489795,9905485.714285687
jid_266148,818.0,121.0,1,566,13897,13897,14464,JobState.COMPLETED,0.5114392042160034,176.5306122448981,176.53061224489795,99916.32653061232
jid_266148,818.0,121.0,1,569,13897,13897,14467,JobState.COMPLETED,0.5114392042160034,176.5306122448981,176.53061224489795,100445.91836734701
jid_266270,794.0,204.0,24,2569,11898,11898,14468,JobState.COMPLETED,0.03935589641332626,176.53061224489753,176.53061224489795,10884171.428571401
jid_265839,232.0,121.0,1,2891,11581,11581,14473,JobState.COMPLETED,0.4394623637199402,176.53061224489701,176.53061224489795,510349.99999999726
jid_266266,794.0,204.0,24,2655,11822,11822,14478,JobState.COMPLETED,0.041074786335229874,176.5306122448977,176.53061224489795,11248530.612244882
jid_266177,794.0,204.0,24,3296,11189,11189,14486,JobState.COMPLETED,0.08718221634626389,176.53061224489838,176.53061224489795,13964277.551020442
jid_266223,794.0,204.0,24,1346,13157,13157,14504,JobState.COMPLETED,0.047542620450258255,176.53061224489818,176.53061224489795,5702644.897959191
jid_266148,818.0,121.0,1,606,13897,13897,14504,JobState.COMPLETED,0.5114392042160034,176.53061224489812,176.53061224489795,106977.55102040827
jid_266079,946.0,121.0,1,796,13708,13708,14505,JobState.COMPLETED,0.5081978440284729,176.53061224489815,176.53061224489795,140518.36734693893
jid_266216,794.0,204.0,24,3199,11328,11328,14528,JobState.COMPLETED,0.03559592738747597,176.5306122448983,176.53061224489795,13553314.285714313
jid_266261,794.0,204.0,24,2348,12181,12181,14530,JobState.COMPLETED,0.040047790855169296,176.53061224489747,176.53061224489795,9947853.061224462
jid_266192,794.0,204.0,24,1041,13488,13488,14530,JobState.COMPLETED,0.04835589975118637,176.5306122448982,176.53061224489795,4410440.816326537
jid_266148,818.0,121.0,1,661,13897,13897,14559,JobState.COMPLETED,0.5114392042160034,176.53061224489812,176.53061224489795,116686.73469387766
jid_266148,818.0,121.0,1,685,13897,13897,14583,JobState.COMPLETED,0.5114392042160034,176.53061224489812,176.53061224489795,120923.46938775522
jid_266148,818.0,121.0,1,687,13897,13897,14585,JobState.COMPLETED,0.5114392042160034,176.53061224489812,176.53061224489795,121276.53061224501
jid_266148,818.0,121.0,1,693,13897,13897,14591,JobState.COMPLETED,0.5114392042160034,176.53061224489815,176.53061224489795,122335.71428571442
jid_266148,818.0,121.0,1,694,13897,13897,14592,JobState.COMPLETED,0.5114392042160034,176.53061224489815,176.53061224489795,122512.24489795932
jid_266148,818.0,121.0,1,695,13897,13897,14593,JobState.COMPLETED,0.5114392042160034,176.53061224489815,176.53061224489795,122688.77551020421
jid_266148,818.0,121.0,1,697,13897,13897,14595,JobState.COMPLETED,0.5114392042160034,176.53061224489815,176.53061224489795,123041.836734694
jid_266148,818.0,121.0,1,698,13897,13897,14596,JobState.COMPLETED,0.5114392042160034,176.53061224489815,176.53061224489795,123218.3673469389
jid_266148,818.0,121.0,1,700,13897,13897,14598,JobState.COMPLETED,0.5114392042160034,176.53061224489815,176.53061224489795,123571.42857142871
jid_266148,818.0,121.0,1,704,13897,13897,14602,JobState.COMPLETED,0.5114392042160034,176.53061224489815,176.53061224489795,124277.5510204083
jid_266279,794.0,204.0,24,3062,11541,11541,14604,JobState.COMPLETED,0.03999164327979088,176.53061224489818,176.53061224489795,12972881.632653076
jid_266148,818.0,121.0,1,712,13897,13897,14610,JobState.COMPLETED,0.5114392042160034,176.53061224489815,176.53061224489795,125689.79591836748
jid_266285,794.0,204.0,24,2393,12219,12219,14613,JobState.COMPLETED,0.040047790855169296,176.5306122448974,176.53061224489795,10138506.122448947
jid_266148,818.0,121.0,1,715,13897,13897,14613,JobState.COMPLETED,0.5114392042160034,176.53061224489815,176.53061224489795,126219.38775510217
jid_266148,818.0,121.0,1,717,13897,13897,14615,JobState.COMPLETED,0.5114392042160034,176.53061224489815,176.53061224489795,126572.44897959198
jid_266148,818.0,121.0,1,731,13897,13897,14629,JobState.COMPLETED,0.5114392042160034,176.53061224489815,176.53061224489795,129043.87755102055
jid_266329,794.0,204.0,24,2637,11992,11992,14630,JobState.COMPLETED,0.03988493233919144,176.53061224489764,176.53061224489795,11172269.387755083
jid_266300,794.0,204.0,24,3084,11558,11558,14643,JobState.COMPLETED,0.03999164327979088,176.53061224489818,176.53061224489795,13066089.795918385
jid_266209,794.0,204.0,24,1596,13047,13047,14644,JobState.COMPLETED,0.07489550858736038,176.53061224489792,176.53061224489795,6761828.571428571
jid_266334,794.0,204.0,24,2589,12066,12066,14656,JobState.COMPLETED,0.039607513695955276,176.53061224489758,176.53061224489795,10968906.122448957
jid_266148,818.0,121.0,1,770,13897,13897,14668,JobState.COMPLETED,0.5114392042160034,176.53061224489815,176.53061224489795,135928.57142857157
jid_266148,818.0,121.0,1,784,13897,13897,14682,JobState.COMPLETED,0.5114392042160034,176.53061224489815,176.53061224489795,138400.00000000015
jid_266308,794.0,204.0,24,2460,12251,12251,14712,JobState.COMPLETED,0.040245525538921356,176.53061224489738,176.53061224489795,10422367.34693874
jid_266286,794.0,204.0,24,1501,13242,13242,14744,JobState.COMPLETED,0.0491766594350338,176.53061224489798,176.53061224489795,6359338.775510205
jid_266230,10.0,9.0,12288,176,14572,14572,14749,JobState.COMPLETED,0.0066632661037147045,176.53061224489792,176.53061224489795,381780636.73469377
jid_266148,818.0,121.0,1,855,13897,13897,14753,JobState.COMPLETED,0.5114392042160034,176.53061224489818,176.53061224489795,150933.67346938796
jid_266345,794.0,204.0,24,3173,11587,11587,14761,JobState.COMPLETED,0.03755289316177368,176.53061224489826,176.53061224489795,13443159.183673494
jid_266380,794.0,204.0,24,2750,12019,12019,14770,JobState.COMPLETED,0.03988493233919144,176.5306122448978,176.53061224489795,11651020.408163257
jid_266314,794.0,204.0,24,3406,11364,11364,14771,JobState.COMPLETED,0.0380580872297287,176.5306122448985,176.53061224489795,14430318.367346982
jid_266372,794.0,204.0,24,2911,11867,11867,14779,JobState.COMPLETED,0.041074786335229874,176.53061224489798,176.53061224489795,12333134.693877554
jid_266390,794.0,204.0,24,2797,11984,11984,14782,JobState.COMPLETED,0.039638884365558624,176.53061224489787,176.53061224489795,11850146.938775504
jid_266252,794.0,204.0,24,1317,13470,13470,14788,JobState.COMPLETED,0.04835589975118637,176.5306122448982,176.53061224489795,5579779.591836743
jid_266392,794.0,204.0,24,2741,12048,12048,14790,JobState.COMPLETED,0.03988493233919144,176.5306122448978,176.53061224489795,11612889.795918358
jid_266280,794.0,204.0,24,1156,13639,13639,14796,JobState.COMPLETED,0.052327051758766174,176.5306122448983,176.53061224489795,4897665.306122458
jid_266328,794.0,204.0,24,2476,12320,12320,14797,JobState.COMPLETED,0.03944632411003113,176.5306122448974,176.53061224489795,10490155.102040784
jid_266373,794.0,204.0,24,2691,12108,12108,14800,JobState.COMPLETED,0.039607513695955276,176.53061224489772,176.53061224489795,11401053.061224476
jid_266361,794.0,204.0,24,3117,11685,11685,14803,JobState.COMPLETED,0.03812519833445549,176.5306122448982,176.53061224489795,13205902.040816344
jid_266316,794.0,204.0,24,1691,13153,13153,14845,JobState.COMPLETED,0.047542620450258255,176.5306122448978,176.53061224489795,7164318.367346933
jid_266416,794.0,204.0,24,2817,12044,12044,14862,JobState.COMPLETED,0.03988493233919144,176.53061224489787,176.53061224489795,11934881.632653054
jid_266293,794.0,204.0,24,1754,13116,13116,14871,JobState.COMPLETED,0.048270829021930695,176.53061224489775,176.53061224489795,7431232.653061216
jid_266362,794.0,204.0,24,2577,12339,12339,14917,JobState.COMPLETED,0.03944632411003113,176.53061224489758,176.53061224489795,10918065.306122426
jid_266311,794.0,204.0,24,2219,12760,12760,14980,JobState.COMPLETED,0.04105272516608238,176.5306122448975,176.53061224489795,9401314.285714261
jid_266360,794.0,204.0,24,1785,13207,13207,14993,JobState.COMPLETED,0.0491766594350338,176.53061224489775,176.53061224489795,7562571.42857142
jid_266353,794.0,204.0,24,1894,13134,13134,15029,JobState.COMPLETED,0.047542620450258255,176.5306122448977,176.53061224489795,8024375.510204069
jid_266341,794.0,204.0,24,1590,13451,13451,15042,JobState.COMPLETED,0.04835589975118637,176.53061224489792,176.53061224489795,6736408.163265305
jid_266350,794.0,204.0,24,993,14076,14076,15070,JobState.COMPLETED,0.057464588433504105,176.53061224489818,176.53061224489795,4207077.551020414
jid_266367,794.0,204.0,24,2196,12932,12932,15129,JobState.COMPLETED,0.04329081252217293,176.5306122448975,176.53061224489795,9303869.387755077
jid_266393,794.0,204.0,24,1692,13469,13469,15162,JobState.COMPLETED,0.04835589975118637,176.5306122448978,176.53061224489795,7168555.1020408105
jid_266452,794.0,204.0,24,1942,13221,13221,15164,JobState.COMPLETED,0.0491766594350338,176.53061224489764,176.53061224489795,8227738.775510188
jid_266411,794.0,204.0,24,1753,13459,13459,15213,JobState.COMPLETED,0.04835589975118637,176.53061224489775,176.53061224489795,7426995.918367337
jid_266403,10.0,9.0,12288,181,15035,15035,15217,JobState.COMPLETED,0.006659520789980888,176.53061224489792,176.53061224489795,392626677.5510203
jid_266488,794.0,204.0,24,503,14727,14727,15231,JobState.COMPLETED,0.08697757124900818,176.5306122448978,176.53061224489795,2131077.551020406
jid_266409,794.0,204.0,24,2373,12858,12858,15232,JobState.COMPLETED,0.0416891947388649,176.5306122448974,176.53061224489795,10053771.428571397
jid_266448,794.0,204.0,24,1127,14107,14107,15235,JobState.COMPLETED,0.06366781145334244,176.5306122448983,176.53061224489795,4774800.000000009
jid_266453,794.0,204.0,24,545,14702,14702,15248,JobState.COMPLETED,0.08697757124900818,176.53061224489775,176.53061224489795,2309020.4081632625
jid_266425,794.0,204.0,24,1639,13609,13609,15249,JobState.COMPLETED,0.052327051758766174,176.53061224489787,176.53061224489795,6944008.163265302
jid_266457,794.0,204.0,24,557,14692,14692,15250,JobState.COMPLETED,0.08697757124900818,176.53061224489775,176.53061224489795,2359861.224489793
jid_266439,794.0,204.0,24,1723,13530,13530,15254,JobState.COMPLETED,0.051896560937166214,176.5306122448978,176.53061224489795,7299893.877551015
jid_266475,794.0,204.0,24,555,14701,14701,15257,JobState.COMPLETED,0.08697757124900818,176.53061224489775,176.53061224489795,2351387.7551020384
jid_266444,794.0,204.0,24,1188,14073,14073,15262,JobState.COMPLETED,0.057464588433504105,176.5306122448983,176.53061224489795,5033240.81632654
jid_266418,1054.0,121.0,1,64,15197,15197,15262,JobState.COMPLETED,0.48701444268226624,176.53061224489798,176.53061224489795,11297.95918367347
jid_266418,1054.0,121.0,1,67,15197,15197,15265,JobState.COMPLETED,0.48701444268226624,176.53061224489798,176.53061224489795,11827.551020408164
jid_266486,794.0,204.0,24,576,14689,14689,15266,JobState.COMPLETED,0.08697757124900818,176.53061224489775,176.53061224489795,2440359.1836734666
jid_266418,1054.0,121.0,1,70,15197,15197,15268,JobState.COMPLETED,0.48701444268226624,176.53061224489795,176.53061224489795,12357.142857142857
jid_266418,1054.0,121.0,1,71,15197,15197,15269,JobState.COMPLETED,0.48701444268226624,176.53061224489795,176.53061224489795,12533.673469387755
jid_266418,1054.0,121.0,1,71,15197,15197,15269,JobState.COMPLETED,0.48701444268226624,176.53061224489795,176.53061224489795,12533.673469387755
jid_266445,794.0,204.0,24,2282,12987,12987,15270,JobState.COMPLETED,0.04480252414941788,176.53061224489747,176.53061224489795,9668228.571428545
jid_266418,1054.0,121.0,1,72,15197,15197,15270,JobState.COMPLETED,0.48701444268226624,176.53061224489795,176.53061224489795,12710.204081632652
jid_266418,1054.0,121.0,1,72,15197,15197,15270,JobState.COMPLETED,0.48701444268226624,176.53061224489795,176.53061224489795,12710.204081632652
jid_266418,1054.0,121.0,1,72,15197,15197,15270,JobState.COMPLETED,0.48701444268226624,176.53061224489795,176.53061224489795,12710.204081632652
jid_266418,1054.0,121.0,1,73,15197,15197,15271,JobState.COMPLETED,0.48701444268226624,176.53061224489795,176.53061224489795,12886.73469387755
jid_266418,1054.0,121.0,1,73,15197,15197,15271,JobState.COMPLETED,0.48701444268226624,176.53061224489795,176.53061224489795,12886.73469387755
jid_266418,1054.0,121.0,1,73,15197,15197,15271,JobState.COMPLETED,0.48701444268226624,176.53061224489795,176.53061224489795,12886.73469387755
jid_266418,1054.0,121.0,1,75,15197,15197,15273,JobState.COMPLETED,0.48701444268226624,176.53061224489795,176.53061224489795,13239.795918367347
jid_266418,1054.0,121.0,1,79,15197,15197,15277,JobState.COMPLETED,0.48701444268226624,176.53061224489795,176.53061224489795,13945.918367346938
jid_266436,794.0,204.0,24,613,14665,14665,15279,JobState.COMPLETED,0.07902626693248749,176.53061224489775,176.53061224489795,2597118.367346936
jid_266454,794.0,204.0,24,1682,13600,13600,15283,JobState.COMPLETED,0.05268239974975586,176.53061224489784,176.53061224489795,7126187.7551020365
jid_266418,1054.0,121.0,1,91,15197,15197,15289,JobState.COMPLETED,0.48701444268226624,176.53061224489792,176.53061224489795,16064.285714285712
jid_266418,1054.0,121.0,1,98,15197,15197,15296,JobState.COMPLETED,0.48701444268226624,176.53061224489792,176.53061224489795,17299.999999999996
jid_266418,1054.0,121.0,1,100,15197,15197,15298,JobState.COMPLETED,0.48701444268226624,176.53061224489792,176.53061224489795,17653.061224489793
jid_266418,1054.0,121.0,1,101,15197,15197,15299,JobState.COMPLETED,0.48701444268226624,176.53061224489792,176.53061224489795,17829.59183673469
jid_266418,1054.0,121.0,1,101,15197,15197,15299,JobState.COMPLETED,0.48701444268226624,176.53061224489792,176.53061224489795,17829.59183673469
jid_266418,1054.0,121.0,1,144,15197,15197,15342,JobState.COMPLETED,0.48701444268226624,176.5306122448979,176.53061224489795,25420.408163265296
jid_266418,1054.0,121.0,1,180,15197,15197,15378,JobState.COMPLETED,0.48701444268226624,176.5306122448979,176.53061224489795,31775.51020408162
jid_266492,10.0,9.0,12288,128,15254,15254,15383,JobState.COMPLETED,0.0066580697894096375,176.53061224489795,176.53061224489795,277658644.8979592
jid_266418,1054.0,121.0,1,204,15197,15197,15402,JobState.COMPLETED,0.48701444268226624,176.5306122448979,176.53061224489795,36012.24489795917
jid_266418,1054.0,121.0,1,214,15197,15197,15412,JobState.COMPLETED,0.48701444268226624,176.53061224489787,176.53061224489795,37777.551020408144
jid_266490,10.0,9.0,12288,171,15255,15383,15555,JobState.COMPLETED,0.0066580697894096375,176.53061224489792,176.53061224489795,370934595.91836727
jid_266491,10.0,9.0,12288,176,15257,15555,15732,JobState.COMPLETED,0.0066580697894096375,176.53061224489792,176.53061224489795,381780636.73469377
jid_266495,10.0,9.0,12288,140,15466,15732,15873,JobState.COMPLETED,0.006658067926764488,176.53061224489795,176.53061224489795,303689142.85714287
jid_266493,10.0,9.0,12288,179,15469,15873,16053,JobState.COMPLETED,0.006658051162958145,176.53061224489792,176.53061224489795,388288261.2244897
jid_266498,10.0,9.0,12288,146,15688,16053,16200,JobState.COMPLETED,0.0066580455750226974,176.53061224489795,176.53061224489795,316704391.83673465
jid_266496,10.0,9.0,12288,175,15689,16200,16376,JobState.COMPLETED,0.0066580455750226974,176.53061224489792,176.53061224489795,379611428.57142854
jid_266497,10.0,9.0,12288,175,15691,16376,16552,JobState.COMPLETED,0.0066580455750226974,176.53061224489792,176.53061224489795,379611428.57142854
jid_266563,36587.0,4.0,64,7,16318,16552,16560,JobState.COMPLETED,0.25953009724617004,176.53061224489795,176.53061224489795,79085.71428571429
jid_266546,794.0,204.0,24,243,15830,16376,16620,JobState.COMPLETED,0.12105850875377655,176.53061224489784,176.53061224489795,1029526.5306122443
jid_266614,794.0,204.0,24,243,15994,16376,16620,JobState.COMPLETED,0.12149740755558014,176.53061224489784,176.53061224489795,1029526.5306122443
jid_266625,794.0,204.0,24,243,15997,16376,16620,JobState.COMPLETED,0.12149740755558014,176.53061224489784,176.53061224489795,1029526.5306122443
jid_266519,794.0,204.0,24,245,15827,16376,16622,JobState.COMPLETED,0.12115631252527237,176.53061224489784,176.53061224489795,1037999.9999999993
jid_266532,794.0,204.0,24,245,15828,16376,16622,JobState.COMPLETED,0.12115631252527237,176.53061224489784,176.53061224489795,1037999.9999999993
jid_266517,794.0,204.0,24,246,15826,16376,16623,JobState.COMPLETED,0.12115631252527237,176.53061224489784,176.53061224489795,1042236.7346938768
jid_266520,794.0,204.0,24,246,15827,16376,16623,JobState.COMPLETED,0.12115631252527237,176.53061224489784,176.53061224489795,1042236.7346938768
jid_266554,794.0,204.0,24,246,15831,16376,16623,JobState.COMPLETED,0.12105850875377655,176.53061224489784,176.53061224489795,1042236.7346938768
jid_266566,794.0,204.0,24,246,15833,16376,16623,JobState.COMPLETED,0.12105850875377655,176.53061224489784,176.53061224489795,1042236.7346938768
jid_266521,794.0,204.0,24,247,15827,16376,16624,JobState.COMPLETED,0.12115631252527237,176.53061224489784,176.53061224489795,1046473.4693877543
jid_266569,794.0,204.0,24,247,15832,16376,16624,JobState.COMPLETED,0.12105850875377655,176.53061224489784,176.53061224489795,1046473.4693877543
jid_266621,794.0,204.0,24,248,15996,16376,16625,JobState.COMPLETED,0.12149740755558014,176.53061224489784,176.53061224489795,1050710.2040816317
jid_266525,794.0,204.0,24,251,15827,16376,16628,JobState.COMPLETED,0.12115631252527237,176.53061224489784,176.53061224489795,1063420.4081632646
jid_266588,794.0,204.0,24,252,15845,16376,16629,JobState.COMPLETED,0.12105850875377655,176.53061224489784,176.53061224489795,1067657.142857142
jid_266589,794.0,204.0,24,253,15845,16376,16630,JobState.COMPLETED,0.12105850875377655,176.53061224489784,176.53061224489795,1071893.8775510197
jid_266552,794.0,204.0,24,255,15830,16376,16632,JobState.COMPLETED,0.12105850875377655,176.53061224489784,176.53061224489795,1080367.346938775
jid_266528,794.0,204.0,24,256,15827,16376,16633,JobState.COMPLETED,0.12115631252527237,176.53061224489784,176.53061224489795,1084604.0816326523
jid_266534,794.0,204.0,24,258,15828,16376,16635,JobState.COMPLETED,0.12115631252527237,176.53061224489784,176.53061224489795,1093077.5510204074
jid_266594,794.0,204.0,24,260,15845,16376,16637,JobState.COMPLETED,0.12105850875377655,176.53061224489784,176.53061224489795,1101551.0204081626
jid_266501,794.0,204.0,24,264,15824,16376,16641,JobState.COMPLETED,0.12115631252527237,176.53061224489784,176.53061224489795,1118497.959183673
jid_266572,794.0,204.0,24,318,15831,16376,16695,JobState.COMPLETED,0.12105850875377655,176.53061224489784,176.53061224489795,1347281.6326530604
jid_266549,10.0,9.0,12288,146,16130,16552,16699,JobState.COMPLETED,0.006639305502176285,176.53061224489795,176.53061224489795,316704391.83673465
jid_266604,10.0,9.0,12288,175,16365,16699,16875,JobState.COMPLETED,0.006691451650112867,176.53061224489792,176.53061224489795,379611428.57142854
jid_266631,10.0,9.0,12288,184,16586,16875,17060,JobState.COMPLETED,0.006659412756562233,176.53061224489792,176.53061224489795,399134302.04081625
jid_266636,36587.0,4.0,64,9,16978,17060,17070,JobState.COMPLETED,0.2685715854167938,176.53061224489795,176.53061224489795,101681.63265306121
jid_266635,794.0,204.0,24,237,16753,16875,17113,JobState.COMPLETED,0.12042032927274704,176.53061224489787,176.53061224489795,1004106.122448979
jid_266640,794.0,204.0,24,251,16755,16875,17127,JobState.COMPLETED,0.12042032927274704,176.53061224489784,176.53061224489795,1063420.4081632646
jid_266646,794.0,204.0,24,252,16751,16875,17128,JobState.COMPLETED,0.12042032927274704,176.53061224489784,176.53061224489795,1067657.142857142
jid_266645,794.0,204.0,24,253,16750,16875,17129,JobState.COMPLETED,0.12042032927274704,176.53061224489784,176.53061224489795,1071893.8775510197
jid_266656,794.0,204.0,24,254,16751,16875,17130,JobState.COMPLETED,0.12042032927274704,176.53061224489784,176.53061224489795,1076130.6122448973
jid_266641,794.0,204.0,24,255,16749,16875,17131,JobState.COMPLETED,0.12042032927274704,176.53061224489784,176.53061224489795,1080367.346938775
jid_266653,794.0,204.0,24,256,16747,16875,17132,JobState.COMPLETED,0.12042032927274704,176.53061224489784,176.53061224489795,1084604.0816326523
jid_266642,794.0,204.0,24,257,16747,16875,17133,JobState.COMPLETED,0.12042032927274704,176.53061224489784,176.53061224489795,1088840.8163265297
jid_266650,794.0,204.0,24,257,16751,16875,17133,JobState.COMPLETED,0.12042032927274704,176.53061224489784,176.53061224489795,1088840.8163265297
jid_266673,794.0,204.0,24,257,16753,16875,17133,JobState.COMPLETED,0.12042032927274704,176.53061224489784,176.53061224489795,1088840.8163265297
jid_266654,794.0,204.0,24,258,16747,16875,17134,JobState.COMPLETED,0.12042032927274704,176.53061224489784,176.53061224489795,1093077.5510204074
jid_266678,794.0,204.0,24,259,16751,16875,17135,JobState.COMPLETED,0.12042032927274704,176.53061224489784,176.53061224489795,1097314.285714285
jid_266648,794.0,204.0,24,261,16748,16875,17137,JobState.COMPLETED,0.12042032927274704,176.53061224489784,176.53061224489795,1105787.75510204
jid_266680,794.0,204.0,24,264,16755,16875,17140,JobState.COMPLETED,0.12042032927274704,176.53061224489784,176.53061224489795,1118497.959183673
jid_266698,794.0,204.0,24,265,16753,16875,17141,JobState.COMPLETED,0.12042032927274704,176.53061224489784,176.53061224489795,1122734.6938775503
jid_266684,794.0,204.0,24,266,16753,16875,17142,JobState.COMPLETED,0.12042032927274704,176.53061224489784,176.53061224489795,1126971.4285714277
jid_266693,794.0,204.0,24,267,16750,16875,17143,JobState.COMPLETED,0.12042032927274704,176.53061224489784,176.53061224489795,1131208.1632653053
jid_266685,794.0,204.0,24,268,16751,16875,17144,JobState.COMPLETED,0.12042032927274704,176.53061224489784,176.53061224489795,1135444.897959183
jid_266676,10.0,9.0,12288,131,16814,17060,17192,JobState.COMPLETED,0.006654065102338791,176.53061224489795,176.53061224489795,284166269.3877551
jid_266707,10.0,9.0,12288,142,17036,17192,17335,JobState.COMPLETED,0.00665125111117959,176.53061224489795,176.53061224489795,308027559.1836735
jid_266705,794.0,204.0,24,463,16753,16875,17339,JobState.COMPLETED,0.12042032927274704,176.5306122448978,176.53061224489795,1961608.1632653046
jid_266713,911.0,121.0,1,64,17392,17392,17457,JobState.COMPLETED,0.5827042460441589,176.53061224489798,176.53061224489795,11297.95918367347
jid_266713,911.0,121.0,1,66,17392,17392,17459,JobState.COMPLETED,0.5827042460441589,176.53061224489798,176.53061224489795,11651.020408163267
jid_266713,911.0,121.0,1,66,17392,17392,17459,JobState.COMPLETED,0.5827042460441589,176.53061224489798,176.53061224489795,11651.020408163267
jid_266713,911.0,121.0,1,68,17392,17392,17461,JobState.COMPLETED,0.5827042460441589,176.53061224489798,176.53061224489795,12004.081632653062
jid_266713,911.0,121.0,1,69,17392,17392,17462,JobState.COMPLETED,0.5827042460441589,176.53061224489798,176.53061224489795,12180.61224489796
jid_266713,911.0,121.0,1,70,17392,17392,17463,JobState.COMPLETED,0.5827042460441589,176.53061224489795,176.53061224489795,12357.142857142857
jid_266713,911.0,121.0,1,71,17392,17392,17464,JobState.COMPLETED,0.5827042460441589,176.53061224489795,176.53061224489795,12533.673469387755
jid_266713,911.0,121.0,1,71,17392,17392,17464,JobState.COMPLETED,0.5827042460441589,176.53061224489795,176.53061224489795,12533.673469387755
jid_266713,911.0,121.0,1,71,17392,17392,17464,JobState.COMPLETED,0.5827042460441589,176.53061224489795,176.53061224489795,12533.673469387755
jid_266713,911.0,121.0,1,71,17392,17392,17464,JobState.COMPLETED,0.5827042460441589,176.53061224489795,176.53061224489795,12533.673469387755
jid_266713,911.0,121.0,1,71,17392,17392,17464,JobState.COMPLETED,0.5827042460441589,176.53061224489795,176.53061224489795,12533.673469387755
jid_266713,911.0,121.0,1,72,17392,17392,17465,JobState.COMPLETED,0.5827042460441589,176.53061224489795,176.53061224489795,12710.204081632652
jid_266713,911.0,121.0,1,73,17392,17392,17466,JobState.COMPLETED,0.5827042460441589,176.53061224489795,176.53061224489795,12886.73469387755
jid_266713,911.0,121.0,1,74,17392,17392,17467,JobState.COMPLETED,0.5827042460441589,176.53061224489795,176.53061224489795,13063.265306122448
jid_266713,911.0,121.0,1,74,17392,17392,17467,JobState.COMPLETED,0.5827042460441589,176.53061224489795,176.53061224489795,13063.265306122448
jid_266713,911.0,121.0,1,74,17392,17392,17467,JobState.COMPLETED,0.5827042460441589,176.53061224489795,176.53061224489795,13063.265306122448
jid_266713,911.0,121.0,1,76,17392,17392,17469,JobState.COMPLETED,0.5827042460441589,176.53061224489795,176.53061224489795,13416.326530612245
jid_266713,911.0,121.0,1,77,17392,17392,17470,JobState.COMPLETED,0.5827042460441589,176.53061224489795,176.53061224489795,13592.857142857143
jid_266713,911.0,121.0,1,78,17392,17392,17471,JobState.COMPLETED,0.5827042460441589,176.53061224489795,176.53061224489795,13769.38775510204
jid_266713,911.0,121.0,1,97,17392,17392,17490,JobState.COMPLETED,0.5827042460441589,176.53061224489792,176.53061224489795,17123.4693877551
jid_266713,911.0,121.0,1,98,17392,17392,17491,JobState.COMPLETED,0.5827042460441589,176.53061224489792,176.53061224489795,17299.999999999996
jid_266713,911.0,121.0,1,106,17392,17392,17499,JobState.COMPLETED,0.5827042460441589,176.53061224489792,176.53061224489795,18712.24489795918
jid_266717,1003.0,121.0,1,67,17433,17433,17501,JobState.COMPLETED,0.5185848474502563,176.53061224489798,176.53061224489795,11827.551020408164
jid_266717,1003.0,121.0,1,68,17433,17433,17502,JobState.COMPLETED,0.5185848474502563,176.53061224489798,176.53061224489795,12004.081632653062
jid_266717,1003.0,121.0,1,68,17433,17433,17502,JobState.COMPLETED,0.5185848474502563,176.53061224489798,176.53061224489795,12004.081632653062
jid_266717,1003.0,121.0,1,68,17433,17433,17502,JobState.COMPLETED,0.5185848474502563,176.53061224489798,176.53061224489795,12004.081632653062
jid_266717,1003.0,121.0,1,71,17433,17433,17505,JobState.COMPLETED,0.5185848474502563,176.53061224489795,176.53061224489795,12533.673469387755
jid_266717,1003.0,121.0,1,72,17433,17433,17506,JobState.COMPLETED,0.5185848474502563,176.53061224489795,176.53061224489795,12710.204081632652
jid_266717,1003.0,121.0,1,72,17433,17433,17506,JobState.COMPLETED,0.5185848474502563,176.53061224489795,176.53061224489795,12710.204081632652
jid_266717,1003.0,121.0,1,73,17433,17433,17507,JobState.COMPLETED,0.5185848474502563,176.53061224489795,176.53061224489795,12886.73469387755
jid_266717,1003.0,121.0,1,73,17433,17433,17507,JobState.COMPLETED,0.5185848474502563,176.53061224489795,176.53061224489795,12886.73469387755
jid_266717,1003.0,121.0,1,75,17433,17433,17509,JobState.COMPLETED,0.5185848474502563,176.53061224489795,176.53061224489795,13239.795918367347
jid_266708,10.0,9.0,12288,174,17041,17335,17510,JobState.COMPLETED,0.00665125111117959,176.53061224489792,176.53061224489795,377442220.4081632
jid_266717,1003.0,121.0,1,76,17433,17433,17510,JobState.COMPLETED,0.5185848474502563,176.53061224489795,176.53061224489795,13416.326530612245
jid_266717,1003.0,121.0,1,77,17433,17433,17511,JobState.COMPLETED,0.5185848474502563,176.53061224489795,176.53061224489795,13592.857142857143
jid_266717,1003.0,121.0,1,77,17433,17433,17511,JobState.COMPLETED,0.5185848474502563,176.53061224489795,176.53061224489795,13592.857142857143
jid_266717,1003.0,121.0,1,78,17433,17433,17512,JobState.COMPLETED,0.5185848474502563,176.53061224489795,176.53061224489795,13769.38775510204
jid_266717,1003.0,121.0,1,79,17433,17433,17513,JobState.COMPLETED,0.5185848474502563,176.53061224489795,176.53061224489795,13945.918367346938
jid_266717,1003.0,121.0,1,80,17433,17433,17514,JobState.COMPLETED,0.5185848474502563,176.53061224489795,176.53061224489795,14122.448979591836
jid_266717,1003.0,121.0,1,81,17433,17433,17515,JobState.COMPLETED,0.5185848474502563,176.53061224489795,176.53061224489795,14298.979591836734
jid_266717,1003.0,121.0,1,83,17433,17433,17517,JobState.COMPLETED,0.5185848474502563,176.53061224489795,176.53061224489795,14652.04081632653
jid_266717,1003.0,121.0,1,92,17433,17433,17526,JobState.COMPLETED,0.5185848474502563,176.53061224489792,176.53061224489795,16240.816326530608
jid_266717,1003.0,121.0,1,95,17433,17433,17529,JobState.COMPLETED,0.5185848474502563,176.53061224489792,176.53061224489795,16770.408163265303
jid_266717,1003.0,121.0,1,96,17433,17433,17530,JobState.COMPLETED,0.5185848474502563,176.53061224489792,176.53061224489795,16946.9387755102
jid_266717,1003.0,121.0,1,98,17433,17433,17532,JobState.COMPLETED,0.5185848474502563,176.53061224489792,176.53061224489795,17299.999999999996
jid_266717,1003.0,121.0,1,101,17433,17433,17535,JobState.COMPLETED,0.5185848474502563,176.53061224489792,176.53061224489795,17829.59183673469
jid_266717,1003.0,121.0,1,105,17433,17433,17539,JobState.COMPLETED,0.5185848474502563,176.53061224489792,176.53061224489795,18535.714285714283
jid_266722,16716.0,121.0,1,304,17447,17447,17752,JobState.COMPLETED,0.4316292107105255,176.53061224489798,176.53061224489795,53665.30612244899
jid_266722,16716.0,121.0,1,396,17447,17447,17844,JobState.COMPLETED,0.4316292107105255,176.53061224489804,176.53061224489795,69906.12244897963
jid_266725,10.0,9.0,12288,153,17705,17705,17859,JobState.COMPLETED,0.006640676409006119,176.53061224489795,176.53061224489795,331888848.97959185
jid_266722,16716.0,121.0,1,412,17447,17447,17860,JobState.COMPLETED,0.4316292107105255,176.53061224489807,176.53061224489795,72730.612244898
jid_266722,16716.0,121.0,1,417,17447,17447,17865,JobState.COMPLETED,0.4316292107105255,176.53061224489807,176.53061224489795,73613.2653061225
jid_266722,16716.0,121.0,1,418,17447,17447,17866,JobState.COMPLETED,0.4316292107105255,176.53061224489807,176.53061224489795,73789.7959183674
jid_266722,16716.0,121.0,1,427,17447,17447,17875,JobState.COMPLETED,0.4316292107105255,176.53061224489807,176.53061224489795,75378.57142857148
jid_266722,16716.0,121.0,1,439,17447,17447,17887,JobState.COMPLETED,0.4316292107105255,176.53061224489807,176.53061224489795,77496.93877551025
jid_266722,16716.0,121.0,1,456,17447,17447,17904,JobState.COMPLETED,0.4316292107105255,176.53061224489807,176.53061224489795,80497.95918367352
jid_266722,16716.0,121.0,1,461,17447,17447,17909,JobState.COMPLETED,0.4316292107105255,176.53061224489807,176.53061224489795,81380.612244898
jid_266722,16716.0,121.0,1,468,17447,17447,17916,JobState.COMPLETED,0.4316292107105255,176.53061224489807,176.53061224489795,82616.32653061229
jid_266818,794.0,204.0,24,247,17675,17675,17923,JobState.COMPLETED,0.11840911954641342,176.53061224489784,176.53061224489795,1046473.4693877543
jid_266722,16716.0,121.0,1,484,17447,17447,17932,JobState.COMPLETED,0.4316292107105255,176.53061224489807,176.53061224489795,85440.81632653066
jid_266819,794.0,204.0,24,263,17673,17673,17937,JobState.COMPLETED,0.11840911954641342,176.53061224489784,176.53061224489795,1114261.224489795
jid_266726,794.0,204.0,24,264,17677,17677,17942,JobState.COMPLETED,0.11840911954641342,176.53061224489784,176.53061224489795,1118497.959183673
jid_266722,16716.0,121.0,1,498,17447,17447,17946,JobState.COMPLETED,0.4316292107105255,176.53061224489807,176.53061224489795,87912.24489795923
jid_266728,794.0,204.0,24,272,17673,17673,17946,JobState.COMPLETED,0.11840911954641342,176.53061224489784,176.53061224489795,1152391.836734693
jid_266722,16716.0,121.0,1,499,17447,17447,17947,JobState.COMPLETED,0.4316292107105255,176.53061224489807,176.53061224489795,88088.77551020414
jid_266722,16716.0,121.0,1,499,17447,17447,17947,JobState.COMPLETED,0.4316292107105255,176.53061224489807,176.53061224489795,88088.77551020414
jid_266822,794.0,204.0,24,268,17678,17678,17947,JobState.COMPLETED,0.11840911954641342,176.53061224489784,176.53061224489795,1135444.897959183
jid_266766,794.0,204.0,24,276,17671,17671,17948,JobState.COMPLETED,0.11840911954641342,176.53061224489784,176.53061224489795,1169338.7755102033
jid_266785,794.0,204.0,24,273,17674,17674,17948,JobState.COMPLETED,0.11840911954641342,176.53061224489784,176.53061224489795,1156628.5714285707
jid_266722,16716.0,121.0,1,501,17447,17447,17949,JobState.COMPLETED,0.4316292107105255,176.53061224489807,176.53061224489795,88441.83673469393
jid_266789,794.0,204.0,24,282,17670,17670,17953,JobState.COMPLETED,0.11840911954641342,176.53061224489784,176.53061224489795,1194759.1836734687
jid_266759,794.0,204.0,24,280,17672,17672,17953,JobState.COMPLETED,0.11840911954641342,176.53061224489784,176.53061224489795,1186285.7142857134
jid_266722,16716.0,121.0,1,506,17447,17447,17954,JobState.COMPLETED,0.4316292107105255,176.53061224489807,176.53061224489795,89324.48979591842
jid_266765,794.0,204.0,24,284,17670,17670,17955,JobState.COMPLETED,0.11840911954641342,176.53061224489784,176.53061224489795,1203232.6530612237
jid_266722,16716.0,121.0,1,508,17447,17447,17956,JobState.COMPLETED,0.4316292107105255,176.53061224489807,176.53061224489795,89677.55102040822
jid_266776,794.0,204.0,24,284,17671,17671,17956,JobState.COMPLETED,0.11840911954641342,176.53061224489784,176.53061224489795,1203232.6530612237
jid_266791,794.0,204.0,24,289,17670,17670,17960,JobState.COMPLETED,0.11840911954641342,176.53061224489784,176.53061224489795,1224416.3265306114
jid_266767,794.0,204.0,24,278,17681,17681,17960,JobState.COMPLETED,0.11840911954641342,176.53061224489784,176.53061224489795,1177812.2448979584
jid_266800,794.0,204.0,24,284,17678,17678,17963,JobState.COMPLETED,0.11840911954641342,176.53061224489784,176.53061224489795,1203232.6530612237
jid_266792,794.0,204.0,24,296,17669,17669,17966,JobState.COMPLETED,0.11840911954641342,176.53061224489784,176.53061224489795,1254073.4693877543
jid_266814,794.0,204.0,24,290,17676,17676,17967,JobState.COMPLETED,0.11840911954641342,176.53061224489784,176.53061224489795,1228653.061224489
jid_266722,16716.0,121.0,1,520,17447,17447,17968,JobState.COMPLETED,0.4316292107105255,176.5306122448981,176.53061224489795,91795.91836734701
jid_266722,16716.0,121.0,1,526,17447,17447,17974,JobState.COMPLETED,0.4316292107105255,176.5306122448981,176.53061224489795,92855.1020408164
jid_266722,16716.0,121.0,1,545,17447,17447,17993,JobState.COMPLETED,0.4316292107105255,176.5306122448981,176.53061224489795,96209.18367346947
jid_266722,16716.0,121.0,1,561,17447,17447,18009,JobState.COMPLETED,0.4316292107105255,176.5306122448981,176.53061224489795,99033.67346938782
jid_266722,16716.0,121.0,1,564,17447,17447,18012,JobState.COMPLETED,0.4316292107105255,176.5306122448981,176.53061224489795,99563.26530612253
jid_266722,16716.0,121.0,1,579,17447,17447,18027,JobState.COMPLETED,0.4316292107105255,176.5306122448981,176.53061224489795,102211.22448979599
jid_266722,16716.0,121.0,1,582,17447,17447,18030,JobState.COMPLETED,0.4316292107105255,176.5306122448981,176.53061224489795,102740.8163265307
jid_266722,16716.0,121.0,1,594,17447,17447,18042,JobState.COMPLETED,0.4316292107105255,176.53061224489812,176.53061224489795,104859.18367346948
jid_266788,1099.0,121.0,1,383,17669,17669,18053,JobState.COMPLETED,0.4284951686859131,176.53061224489804,176.53061224489795,67611.22448979595
jid_266788,1099.0,121.0,1,408,17669,17669,18078,JobState.COMPLETED,0.4284951686859131,176.53061224489804,176.53061224489795,72024.4897959184
jid_266788,1099.0,121.0,1,414,17669,17669,18084,JobState.COMPLETED,0.4284951686859131,176.53061224489807,176.53061224489795,73083.6734693878
jid_266788,1099.0,121.0,1,437,17669,17669,18107,JobState.COMPLETED,0.4284951686859131,176.53061224489807,176.53061224489795,77143.87755102046
jid_266828,794.0,204.0,24,251,17855,17855,18107,JobState.COMPLETED,0.11958049237728119,176.53061224489784,176.53061224489795,1063420.4081632646
jid_266788,1099.0,121.0,1,440,17669,17669,18110,JobState.COMPLETED,0.4284951686859131,176.53061224489807,176.53061224489795,77673.46938775515
jid_266834,794.0,204.0,24,256,17856,17856,18113,JobState.COMPLETED,0.11958049237728119,176.53061224489784,176.53061224489795,1084604.0816326523
jid_266840,794.0,204.0,24,452,17670,17670,18123,JobState.COMPLETED,0.11840911954641342,176.5306122448978,176.53061224489795,1915004.0816326514
jid_266788,1099.0,121.0,1,468,17669,17669,18138,JobState.COMPLETED,0.4284951686859131,176.53061224489807,176.53061224489795,82616.32653061229
jid_266788,1099.0,121.0,1,476,17669,17669,18146,JobState.COMPLETED,0.4284951686859131,176.53061224489807,176.53061224489795,84028.57142857148
jid_266788,1099.0,121.0,1,477,17669,17669,18147,JobState.COMPLETED,0.4284951686859131,176.53061224489807,176.53061224489795,84205.10204081637
jid_266788,1099.0,121.0,1,481,17669,17669,18151,JobState.COMPLETED,0.4284951686859131,176.53061224489807,176.53061224489795,84911.22448979598
jid_266788,1099.0,121.0,1,483,17669,17669,18153,JobState.COMPLETED,0.4284951686859131,176.53061224489807,176.53061224489795,85264.28571428577
jid_266788,1099.0,121.0,1,485,17669,17669,18155,JobState.COMPLETED,0.4284951686859131,176.53061224489807,176.53061224489795,85617.34693877556
jid_266788,1099.0,121.0,1,487,17669,17669,18157,JobState.COMPLETED,0.4284951686859131,176.53061224489807,176.53061224489795,85970.40816326535
jid_266788,1099.0,121.0,1,490,17669,17669,18160,JobState.COMPLETED,0.4284951686859131,176.53061224489807,176.53061224489795,86500.00000000006
jid_266788,1099.0,121.0,1,490,17669,17669,18160,JobState.COMPLETED,0.4284951686859131,176.53061224489807,176.53061224489795,86500.00000000006
jid_266788,1099.0,121.0,1,497,17669,17669,18167,JobState.COMPLETED,0.4284951686859131,176.53061224489807,176.53061224489795,87735.71428571433
jid_266788,1099.0,121.0,1,501,17669,17669,18171,JobState.COMPLETED,0.4284951686859131,176.53061224489807,176.53061224489795,88441.83673469393
jid_266788,1099.0,121.0,1,511,17669,17669,18181,JobState.COMPLETED,0.4284951686859131,176.5306122448981,176.53061224489795,90207.14285714293
jid_266788,1099.0,121.0,1,514,17669,17669,18184,JobState.COMPLETED,0.4284951686859131,176.5306122448981,176.53061224489795,90736.73469387762
jid_266788,1099.0,121.0,1,516,17669,17669,18186,JobState.COMPLETED,0.4284951686859131,176.5306122448981,176.53061224489795,91089.79591836741
jid_266788,1099.0,121.0,1,517,17669,17669,18187,JobState.COMPLETED,0.4284951686859131,176.5306122448981,176.53061224489795,91266.32653061232
jid_266788,1099.0,121.0,1,520,17669,17669,18190,JobState.COMPLETED,0.4284951686859131,176.5306122448981,176.53061224489795,91795.91836734701
jid_266788,1099.0,121.0,1,521,17669,17669,18191,JobState.COMPLETED,0.4284951686859131,176.5306122448981,176.53061224489795,91972.4489795919
jid_266788,1099.0,121.0,1,556,17669,17669,18226,JobState.COMPLETED,0.4284951686859131,176.5306122448981,176.53061224489795,98151.02040816334
jid_266788,1099.0,121.0,1,563,17669,17669,18233,JobState.COMPLETED,0.4284951686859131,176.5306122448981,176.53061224489795,99386.73469387763
jid_266852,10.0,9.0,12288,136,18379,18379,18516,JobState.COMPLETED,0.006639928091317415,176.53061224489795,176.53061224489795,295012310.2040816
jid_266853,1151.9999999999982,121.0,1,443,18373,18373,18817,JobState.COMPLETED,0.46822622418403625,176.53061224489807,176.53061224489795,78203.06122448984
jid_266853,1151.9999999999982,121.0,1,465,18373,18373,18839,JobState.COMPLETED,0.46822622418403625,176.53061224489807,176.53061224489795,82086.7346938776
jid_266858,794.0,204.0,24,262,18586,18586,18849,JobState.COMPLETED,0.11785194277763367,176.53061224489784,176.53061224489795,1110024.4897959176
jid_266860,794.0,204.0,24,258,18590,18590,18849,JobState.COMPLETED,0.11852453649044037,176.53061224489784,176.53061224489795,1093077.5510204074
jid_266857,794.0,204.0,24,264,18590,18590,18855,JobState.COMPLETED,0.11852453649044037,176.53061224489784,176.53061224489795,1118497.959183673
jid_266884,794.0,204.0,24,274,18583,18583,18858,JobState.COMPLETED,0.11785194277763367,176.53061224489784,176.53061224489795,1160865.306122448
jid_266861,794.0,204.0,24,264,18593,18593,18858,JobState.COMPLETED,0.11852453649044037,176.53061224489784,176.53061224489795,1118497.959183673
jid_266862,794.0,204.0,24,275,18583,18583,18859,JobState.COMPLETED,0.11785194277763367,176.53061224489784,176.53061224489795,1165102.0408163257
jid_266875,794.0,204.0,24,271,18588,18588,18860,JobState.COMPLETED,0.11785194277763367,176.53061224489784,176.53061224489795,1148155.1020408156
jid_266853,1151.9999999999982,121.0,1,487,18373,18373,18861,JobState.COMPLETED,0.46822622418403625,176.53061224489807,176.53061224489795,85970.40816326535
jid_266863,794.0,204.0,24,270,18590,18590,18861,JobState.COMPLETED,0.11852453649044037,176.53061224489784,176.53061224489795,1143918.367346938
jid_266870,794.0,204.0,24,270,18590,18590,18861,JobState.COMPLETED,0.11852453649044037,176.53061224489784,176.53061224489795,1143918.367346938
jid_266902,794.0,204.0,24,272,18590,18590,18863,JobState.COMPLETED,0.11852453649044037,176.53061224489784,176.53061224489795,1152391.836734693
jid_266853,1151.9999999999982,121.0,1,493,18373,18373,18867,JobState.COMPLETED,0.46822622418403625,176.53061224489807,176.53061224489795,87029.59183673475
jid_266883,794.0,204.0,24,275,18591,18591,18867,JobState.COMPLETED,0.11852453649044037,176.53061224489784,176.53061224489795,1165102.0408163257
jid_266906,794.0,204.0,24,283,18584,18584,18868,JobState.COMPLETED,0.11785194277763367,176.53061224489784,176.53061224489795,1198995.918367346
jid_266909,794.0,204.0,24,279,18588,18588,18868,JobState.COMPLETED,0.11785194277763367,176.53061224489784,176.53061224489795,1182048.9795918358
jid_266853,1151.9999999999982,121.0,1,496,18373,18373,18870,JobState.COMPLETED,0.46822622418403625,176.53061224489807,176.53061224489795,87559.18367346944
jid_266907,794.0,204.0,24,279,18591,18591,18871,JobState.COMPLETED,0.11852453649044037,176.53061224489784,176.53061224489795,1182048.9795918358
jid_266853,1151.9999999999982,121.0,1,499,18373,18373,18873,JobState.COMPLETED,0.46822622418403625,176.53061224489807,176.53061224489795,88088.77551020414
jid_266926,794.0,204.0,24,286,18587,18587,18874,JobState.COMPLETED,0.11785194277763367,176.53061224489784,176.53061224489795,1211706.122448979
jid_266934,794.0,204.0,24,287,18588,18588,18876,JobState.COMPLETED,0.11785194277763367,176.53061224489784,176.53061224489795,1215942.8571428563
jid_266921,794.0,204.0,24,287,18589,18589,18877,JobState.COMPLETED,0.11852453649044037,176.53061224489784,176.53061224489795,1215942.8571428563
jid_266929,794.0,204.0,24,296,18581,18581,18878,JobState.COMPLETED,0.11785194277763367,176.53061224489784,176.53061224489795,1254073.4693877543
jid_266941,794.0,204.0,24,294,18583,18583,18878,JobState.COMPLETED,0.11785194277763367,176.53061224489784,176.53061224489795,1245599.999999999
jid_266947,794.0,204.0,24,286,18591,18591,18878,JobState.COMPLETED,0.11852453649044037,176.53061224489784,176.53061224489795,1211706.122448979
jid_266931,794.0,204.0,24,294,18584,18584,18879,JobState.COMPLETED,0.11785194277763367,176.53061224489784,176.53061224489795,1245599.999999999
jid_266935,794.0,204.0,24,295,18585,18585,18881,JobState.COMPLETED,0.11785194277763367,176.53061224489784,176.53061224489795,1249836.7346938767
jid_266946,794.0,204.0,24,289,18591,18591,18881,JobState.COMPLETED,0.11852453649044037,176.53061224489784,176.53061224489795,1224416.3265306114
jid_266943,794.0,204.0,24,293,18588,18588,18882,JobState.COMPLETED,0.11785194277763367,176.53061224489784,176.53061224489795,1241363.2653061217
jid_266853,1151.9999999999982,121.0,1,509,18373,18373,18883,JobState.COMPLETED,0.46822622418403625,176.53061224489807,176.53061224489795,89854.08163265312
jid_266853,1151.9999999999982,121.0,1,509,18373,18373,18883,JobState.COMPLETED,0.46822622418403625,176.53061224489807,176.53061224489795,89854.08163265312
jid_266853,1151.9999999999982,121.0,1,510,18373,18373,18884,JobState.COMPLETED,0.46822622418403625,176.5306122448981,176.53061224489795,90030.61224489803
jid_266949,794.0,204.0,24,294,18590,18590,18885,JobState.COMPLETED,0.11852453649044037,176.53061224489784,176.53061224489795,1245599.999999999
jid_266853,1151.9999999999982,121.0,1,520,18373,18373,18894,JobState.COMPLETED,0.46822622418403625,176.5306122448981,176.53061224489795,91795.91836734701
jid_266853,1151.9999999999982,121.0,1,524,18373,18373,18898,JobState.COMPLETED,0.46822622418403625,176.5306122448981,176.53061224489795,92502.0408163266
jid_266853,1151.9999999999982,121.0,1,526,18373,18373,18900,JobState.COMPLETED,0.46822622418403625,176.5306122448981,176.53061224489795,92855.1020408164
jid_266853,1151.9999999999982,121.0,1,526,18373,18373,18900,JobState.COMPLETED,0.46822622418403625,176.5306122448981,176.53061224489795,92855.1020408164
jid_266853,1151.9999999999982,121.0,1,527,18373,18373,18901,JobState.COMPLETED,0.46822622418403625,176.5306122448981,176.53061224489795,93031.6326530613
jid_266853,1151.9999999999982,121.0,1,528,18373,18373,18902,JobState.COMPLETED,0.46822622418403625,176.5306122448981,176.53061224489795,93208.1632653062
jid_266853,1151.9999999999982,121.0,1,528,18373,18373,18902,JobState.COMPLETED,0.46822622418403625,176.5306122448981,176.53061224489795,93208.1632653062
jid_266853,1151.9999999999982,121.0,1,529,18373,18373,18903,JobState.COMPLETED,0.46822622418403625,176.5306122448981,176.53061224489795,93384.6938775511
jid_266853,1151.9999999999982,121.0,1,529,18373,18373,18903,JobState.COMPLETED,0.46822622418403625,176.5306122448981,176.53061224489795,93384.6938775511
jid_266853,1151.9999999999982,121.0,1,531,18373,18373,18905,JobState.COMPLETED,0.46822622418403625,176.5306122448981,176.53061224489795,93737.75510204089
jid_266853,1151.9999999999982,121.0,1,532,18373,18373,18906,JobState.COMPLETED,0.46822622418403625,176.5306122448981,176.53061224489795,93914.28571428578
jid_266853,1151.9999999999982,121.0,1,534,18373,18373,18908,JobState.COMPLETED,0.46822622418403625,176.5306122448981,176.53061224489795,94267.34693877558
jid_266853,1151.9999999999982,121.0,1,542,18373,18373,18916,JobState.COMPLETED,0.46822622418403625,176.5306122448981,176.53061224489795,95679.59183673476
jid_266853,1151.9999999999982,121.0,1,551,18373,18373,18925,JobState.COMPLETED,0.46822622418403625,176.5306122448981,176.53061224489795,97268.36734693885
jid_266853,1151.9999999999982,121.0,1,558,18373,18373,18932,JobState.COMPLETED,0.46822622418403625,176.5306122448981,176.53061224489795,98504.08163265313
jid_266853,1151.9999999999982,121.0,1,561,18373,18373,18935,JobState.COMPLETED,0.46822622418403625,176.5306122448981,176.53061224489795,99033.67346938782
jid_266954,794.0,204.0,24,359,18582,18582,18942,JobState.COMPLETED,0.11785194277763367,176.53061224489784,176.53061224489795,1520987.7551020398
jid_266853,1151.9999999999982,121.0,1,581,18373,18373,18955,JobState.COMPLETED,0.46822622418403625,176.5306122448981,176.53061224489795,102564.2857142858
jid_266853,1151.9999999999982,121.0,1,587,18373,18373,18961,JobState.COMPLETED,0.46822622418403625,176.5306122448981,176.53061224489795,103623.46938775518
jid_266961,794.0,204.0,24,253,18785,18785,19039,JobState.COMPLETED,0.11956347525119781,176.53061224489784,176.53061224489795,1071893.8775510197
jid_266966,794.0,204.0,24,465,18589,18589,19055,JobState.COMPLETED,0.11852453649044037,176.5306122448978,176.53061224489795,1970081.6326530597
jid_267085,630.0,121.0,64,14764,4399,4399,19164,JobState.COMPLETED,0.009468233212828636,176.5306122449038,176.53061224489795,166803069.38776064
jid_266971,10.0,9.0,12288,146,19264,19264,19411,JobState.COMPLETED,0.006630153860896826,176.53061224489795,176.53061224489795,316704391.83673465
jid_266976,1093.0000000000018,121.0,1,400,19223,19223,19624,JobState.COMPLETED,0.49827706813812256,176.53061224489804,176.53061224489795,70612.24489795922
jid_266977,981.0,121.0,1,73,19585,19585,19659,JobState.COMPLETED,0.6910977363586426,176.53061224489795,176.53061224489795,12886.73469387755
jid_266977,981.0,121.0,1,74,19585,19585,19660,JobState.COMPLETED,0.6910977363586426,176.53061224489795,176.53061224489795,13063.265306122448
jid_266977,981.0,121.0,1,74,19585,19585,19660,JobState.COMPLETED,0.6910977363586426,176.53061224489795,176.53061224489795,13063.265306122448
jid_266977,981.0,121.0,1,75,19585,19585,19661,JobState.COMPLETED,0.6910977363586426,176.53061224489795,176.53061224489795,13239.795918367347
jid_266977,981.0,121.0,1,76,19585,19585,19662,JobState.COMPLETED,0.6910977363586426,176.53061224489795,176.53061224489795,13416.326530612245
jid_266977,981.0,121.0,1,76,19585,19585,19662,JobState.COMPLETED,0.6910977363586426,176.53061224489795,176.53061224489795,13416.326530612245
jid_266977,981.0,121.0,1,78,19585,19585,19664,JobState.COMPLETED,0.6910977363586426,176.53061224489795,176.53061224489795,13769.38775510204
jid_266977,981.0,121.0,1,78,19585,19585,19664,JobState.COMPLETED,0.6910977363586426,176.53061224489795,176.53061224489795,13769.38775510204
jid_266977,981.0,121.0,1,78,19585,19585,19664,JobState.COMPLETED,0.6910977363586426,176.53061224489795,176.53061224489795,13769.38775510204
jid_266977,981.0,121.0,1,79,19585,19585,19665,JobState.COMPLETED,0.6910977363586426,176.53061224489795,176.53061224489795,13945.918367346938
jid_266977,981.0,121.0,1,79,19585,19585,19665,JobState.COMPLETED,0.6910977363586426,176.53061224489795,176.53061224489795,13945.918367346938
jid_266977,981.0,121.0,1,79,19585,19585,19665,JobState.COMPLETED,0.6910977363586426,176.53061224489795,176.53061224489795,13945.918367346938
jid_266977,981.0,121.0,1,80,19585,19585,19666,JobState.COMPLETED,0.6910977363586426,176.53061224489795,176.53061224489795,14122.448979591836
jid_266977,981.0,121.0,1,81,19585,19585,19667,JobState.COMPLETED,0.6910977363586426,176.53061224489795,176.53061224489795,14298.979591836734
jid_266977,981.0,121.0,1,81,19585,19585,19667,JobState.COMPLETED,0.6910977363586426,176.53061224489795,176.53061224489795,14298.979591836734
jid_266977,981.0,121.0,1,83,19585,19585,19669,JobState.COMPLETED,0.6910977363586426,176.53061224489795,176.53061224489795,14652.04081632653
jid_266977,981.0,121.0,1,86,19585,19585,19672,JobState.COMPLETED,0.6910977363586426,176.53061224489795,176.53061224489795,15181.632653061224
jid_266976,1093.0000000000018,121.0,1,456,19223,19223,19680,JobState.COMPLETED,0.49827706813812256,176.53061224489807,176.53061224489795,80497.95918367352
jid_266977,981.0,121.0,1,100,19585,19585,19686,JobState.COMPLETED,0.6910977363586426,176.53061224489792,176.53061224489795,17653.061224489793
jid_266977,981.0,121.0,1,101,19585,19585,19687,JobState.COMPLETED,0.6910977363586426,176.53061224489792,176.53061224489795,17829.59183673469
jid_266977,981.0,121.0,1,104,19585,19585,19690,JobState.COMPLETED,0.6910977363586426,176.53061224489792,176.53061224489795,18359.183673469382
jid_266976,1093.0000000000018,121.0,1,477,19223,19223,19701,JobState.COMPLETED,0.49827706813812256,176.53061224489807,176.53061224489795,84205.10204081637
jid_266976,1093.0000000000018,121.0,1,490,19223,19223,19714,JobState.COMPLETED,0.49827706813812256,176.53061224489807,176.53061224489795,86500.00000000006
jid_266976,1093.0000000000018,121.0,1,491,19223,19223,19715,JobState.COMPLETED,0.49827706813812256,176.53061224489807,176.53061224489795,86676.53061224495
jid_266976,1093.0000000000018,121.0,1,493,19223,19223,19717,JobState.COMPLETED,0.49827706813812256,176.53061224489807,176.53061224489795,87029.59183673475
jid_266976,1093.0000000000018,121.0,1,496,19223,19223,19720,JobState.COMPLETED,0.49827706813812256,176.53061224489807,176.53061224489795,87559.18367346944
jid_266976,1093.0000000000018,121.0,1,498,19223,19223,19722,JobState.COMPLETED,0.49827706813812256,176.53061224489807,176.53061224489795,87912.24489795923
jid_266976,1093.0000000000018,121.0,1,501,19223,19223,19725,JobState.COMPLETED,0.49827706813812256,176.53061224489807,176.53061224489795,88441.83673469393
jid_266976,1093.0000000000018,121.0,1,505,19223,19223,19729,JobState.COMPLETED,0.49827706813812256,176.53061224489807,176.53061224489795,89147.95918367352
jid_266976,1093.0000000000018,121.0,1,507,19223,19223,19731,JobState.COMPLETED,0.49827706813812256,176.53061224489807,176.53061224489795,89501.02040816331
jid_266976,1093.0000000000018,121.0,1,508,19223,19223,19732,JobState.COMPLETED,0.49827706813812256,176.53061224489807,176.53061224489795,89677.55102040822
jid_266976,1093.0000000000018,121.0,1,509,19223,19223,19733,JobState.COMPLETED,0.49827706813812256,176.53061224489807,176.53061224489795,89854.08163265312
jid_266976,1093.0000000000018,121.0,1,516,19223,19223,19740,JobState.COMPLETED,0.49827706813812256,176.5306122448981,176.53061224489795,91089.79591836741
jid_266976,1093.0000000000018,121.0,1,517,19223,19223,19741,JobState.COMPLETED,0.49827706813812256,176.5306122448981,176.53061224489795,91266.32653061232
jid_266976,1093.0000000000018,121.0,1,520,19223,19223,19744,JobState.COMPLETED,0.49827706813812256,176.5306122448981,176.53061224489795,91795.91836734701
jid_266976,1093.0000000000018,121.0,1,522,19223,19223,19746,JobState.COMPLETED,0.49827706813812256,176.5306122448981,176.53061224489795,92148.9795918368
jid_266976,1093.0000000000018,121.0,1,522,19223,19223,19746,JobState.COMPLETED,0.49827706813812256,176.5306122448981,176.53061224489795,92148.9795918368
jid_266976,1093.0000000000018,121.0,1,522,19223,19223,19746,JobState.COMPLETED,0.49827706813812256,176.5306122448981,176.53061224489795,92148.9795918368
jid_266976,1093.0000000000018,121.0,1,524,19223,19223,19748,JobState.COMPLETED,0.49827706813812256,176.5306122448981,176.53061224489795,92502.0408163266
jid_266976,1093.0000000000018,121.0,1,525,19223,19223,19749,JobState.COMPLETED,0.49827706813812256,176.5306122448981,176.53061224489795,92678.5714285715
jid_267077,794.0,204.0,24,256,19495,19495,19752,JobState.COMPLETED,0.1173892468214035,176.53061224489784,176.53061224489795,1084604.0816326523
jid_267071,794.0,204.0,24,255,19496,19496,19752,JobState.COMPLETED,0.1173892468214035,176.53061224489784,176.53061224489795,1080367.346938775
jid_266983,794.0,204.0,24,249,19503,19503,19753,JobState.COMPLETED,0.1173892468214035,176.53061224489784,176.53061224489795,1054946.9387755096
jid_266976,1093.0000000000018,121.0,1,534,19223,19223,19758,JobState.COMPLETED,0.49827706813812256,176.5306122448981,176.53061224489795,94267.34693877558
jid_266976,1093.0000000000018,121.0,1,545,19223,19223,19769,JobState.COMPLETED,0.49827706813812256,176.5306122448981,176.53061224489795,96209.18367346947
jid_266996,794.0,204.0,24,264,19505,19505,19770,JobState.COMPLETED,0.1173892468214035,176.53061224489784,176.53061224489795,1118497.959183673
jid_267014,794.0,204.0,24,274,19497,19497,19772,JobState.COMPLETED,0.1173892468214035,176.53061224489784,176.53061224489795,1160865.306122448
jid_266998,794.0,204.0,24,274,19498,19498,19773,JobState.COMPLETED,0.1173892468214035,176.53061224489784,176.53061224489795,1160865.306122448
jid_267001,794.0,204.0,24,275,19499,19499,19775,JobState.COMPLETED,0.1173892468214035,176.53061224489784,176.53061224489795,1165102.0408163257
jid_267008,794.0,204.0,24,272,19502,19502,19775,JobState.COMPLETED,0.1173892468214035,176.53061224489784,176.53061224489795,1152391.836734693
jid_267037,794.0,204.0,24,275,19501,19501,19777,JobState.COMPLETED,0.1173892468214035,176.53061224489784,176.53061224489795,1165102.0408163257
jid_267005,794.0,204.0,24,274,19502,19502,19777,JobState.COMPLETED,0.1173892468214035,176.53061224489784,176.53061224489795,1160865.306122448
jid_267034,794.0,204.0,24,274,19502,19502,19777,JobState.COMPLETED,0.1173892468214035,176.53061224489784,176.53061224489795,1160865.306122448
jid_267012,794.0,204.0,24,278,19499,19499,19778,JobState.COMPLETED,0.1173892468214035,176.53061224489784,176.53061224489795,1177812.2448979584
jid_267023,794.0,204.0,24,273,19504,19504,19778,JobState.COMPLETED,0.1173892468214035,176.53061224489784,176.53061224489795,1156628.5714285707
jid_267024,794.0,204.0,24,278,19500,19500,19779,JobState.COMPLETED,0.1173892468214035,176.53061224489784,176.53061224489795,1177812.2448979584
jid_267028,794.0,204.0,24,288,19496,19496,19785,JobState.COMPLETED,0.1173892468214035,176.53061224489784,176.53061224489795,1220179.5918367337
jid_267062,794.0,204.0,24,288,19497,19497,19786,JobState.COMPLETED,0.1173892468214035,176.53061224489784,176.53061224489795,1220179.5918367337
jid_267056,794.0,204.0,24,291,19495,19495,19787,JobState.COMPLETED,0.1173892468214035,176.53061224489784,176.53061224489795,1232889.7959183666
jid_267063,794.0,204.0,24,284,19504,19504,19789,JobState.COMPLETED,0.1173892468214035,176.53061224489784,176.53061224489795,1203232.6530612237
jid_267057,794.0,204.0,24,284,19504,19504,19789,JobState.COMPLETED,0.1173892468214035,176.53061224489784,176.53061224489795,1203232.6530612237
jid_267083,233.0,121.0,1,299,19756,19756,20056,JobState.COMPLETED,0.6859761476516724,176.53061224489795,176.53061224489795,52782.65306122449
jid_267087,10.0,9.0,12288,176,19941,19941,20118,JobState.COMPLETED,0.006731025874614716,176.53061224489792,176.53061224489795,381780636.73469377
jid_267083,233.0,121.0,1,386,19756,19756,20143,JobState.COMPLETED,0.6859761476516724,176.53061224489804,176.53061224489795,68140.81632653064
jid_267083,233.0,121.0,1,463,19756,19756,20220,JobState.COMPLETED,0.6859761476516724,176.53061224489807,176.53061224489795,81733.67346938781
jid_267083,233.0,121.0,1,468,19756,19756,20225,JobState.COMPLETED,0.6859761476516724,176.53061224489807,176.53061224489795,82616.32653061229
jid_267083,233.0,121.0,1,475,19756,19756,20232,JobState.COMPLETED,0.6859761476516724,176.53061224489807,176.53061224489795,83852.04081632658
jid_267083,233.0,121.0,1,475,19756,19756,20232,JobState.COMPLETED,0.6859761476516724,176.53061224489807,176.53061224489795,83852.04081632658
jid_267083,233.0,121.0,1,492,19756,19756,20249,JobState.COMPLETED,0.6859761476516724,176.53061224489807,176.53061224489795,86853.06122448985
jid_267083,233.0,121.0,1,492,19756,19756,20249,JobState.COMPLETED,0.6859761476516724,176.53061224489807,176.53061224489795,86853.06122448985
jid_267083,233.0,121.0,1,497,19756,19756,20254,JobState.COMPLETED,0.6859761476516724,176.53061224489807,176.53061224489795,87735.71428571433
jid_267083,233.0,121.0,1,499,19756,19756,20256,JobState.COMPLETED,0.6859761476516724,176.53061224489807,176.53061224489795,88088.77551020414
jid_267083,233.0,121.0,1,500,19756,19756,20257,JobState.COMPLETED,0.6859761476516724,176.53061224489807,176.53061224489795,88265.30612244904
jid_267083,233.0,121.0,1,500,19756,19756,20257,JobState.COMPLETED,0.6859761476516724,176.53061224489807,176.53061224489795,88265.30612244904
jid_267083,233.0,121.0,1,500,19756,19756,20257,JobState.COMPLETED,0.6859761476516724,176.53061224489807,176.53061224489795,88265.30612244904
jid_267083,233.0,121.0,1,501,19756,19756,20258,JobState.COMPLETED,0.6859761476516724,176.53061224489807,176.53061224489795,88441.83673469393
jid_267083,233.0,121.0,1,502,19756,19756,20259,JobState.COMPLETED,0.6859761476516724,176.53061224489807,176.53061224489795,88618.36734693883
jid_267083,233.0,121.0,1,502,19756,19756,20259,JobState.COMPLETED,0.6859761476516724,176.53061224489807,176.53061224489795,88618.36734693883
jid_267083,233.0,121.0,1,504,19756,19756,20261,JobState.COMPLETED,0.6859761476516724,176.53061224489807,176.53061224489795,88971.42857142862
jid_267083,233.0,121.0,1,505,19756,19756,20262,JobState.COMPLETED,0.6859761476516724,176.53061224489807,176.53061224489795,89147.95918367352
jid_267083,233.0,121.0,1,506,19756,19756,20263,JobState.COMPLETED,0.6859761476516724,176.53061224489807,176.53061224489795,89324.48979591842
jid_267083,233.0,121.0,1,508,19756,19756,20265,JobState.COMPLETED,0.6859761476516724,176.53061224489807,176.53061224489795,89677.55102040822
jid_267083,233.0,121.0,1,516,19756,19756,20273,JobState.COMPLETED,0.6859761476516724,176.5306122448981,176.53061224489795,91089.79591836741
jid_267083,233.0,121.0,1,522,19756,19756,20279,JobState.COMPLETED,0.6859761476516724,176.5306122448981,176.53061224489795,92148.9795918368
jid_267083,233.0,121.0,1,524,19756,19756,20281,JobState.COMPLETED,0.6859761476516724,176.5306122448981,176.53061224489795,92502.0408163266
jid_267083,233.0,121.0,1,527,19756,19756,20284,JobState.COMPLETED,0.6859761476516724,176.5306122448981,176.53061224489795,93031.6326530613
jid_267083,233.0,121.0,1,527,19756,19756,20284,JobState.COMPLETED,0.6859761476516724,176.5306122448981,176.53061224489795,93031.6326530613
jid_266788,1099.0,121.0,1,2694,17669,17669,20364,JobState.COMPLETED,0.4284951686859131,176.53061224489707,176.53061224489795,475573.4693877527
jid_267093,632.0,121.0,1,436,20135,20135,20572,JobState.COMPLETED,0.5218386054039001,176.53061224489807,176.53061224489795,76967.34693877556
jid_267094,10.0,9.0,12288,187,20385,20385,20573,JobState.COMPLETED,0.006669087801128626,176.53061224489792,176.53061224489795,405641926.5306121
jid_267093,632.0,121.0,1,480,20135,20135,20616,JobState.COMPLETED,0.5218386054039001,176.53061224489807,176.53061224489795,84734.69387755106
jid_267093,632.0,121.0,1,482,20135,20135,20618,JobState.COMPLETED,0.5218386054039001,176.53061224489807,176.53061224489795,85087.75510204087
jid_267093,632.0,121.0,1,489,20135,20135,20625,JobState.COMPLETED,0.5218386054039001,176.53061224489807,176.53061224489795,86323.46938775515
jid_267093,632.0,121.0,1,505,20135,20135,20641,JobState.COMPLETED,0.5218386054039001,176.53061224489807,176.53061224489795,89147.95918367352
jid_267093,632.0,121.0,1,511,20135,20135,20647,JobState.COMPLETED,0.5218386054039001,176.5306122448981,176.53061224489795,90207.14285714293
jid_267093,632.0,121.0,1,511,20135,20135,20647,JobState.COMPLETED,0.5218386054039001,176.5306122448981,176.53061224489795,90207.14285714293
jid_267093,632.0,121.0,1,513,20135,20135,20649,JobState.COMPLETED,0.5218386054039001,176.5306122448981,176.53061224489795,90560.20408163272
jid_267093,632.0,121.0,1,518,20135,20135,20654,JobState.COMPLETED,0.5218386054039001,176.5306122448981,176.53061224489795,91442.85714285722
jid_267093,632.0,121.0,1,521,20135,20135,20657,JobState.COMPLETED,0.5218386054039001,176.5306122448981,176.53061224489795,91972.4489795919
jid_267093,632.0,121.0,1,530,20135,20135,20666,JobState.COMPLETED,0.5218386054039001,176.5306122448981,176.53061224489795,93561.22448979599
jid_267103,794.0,204.0,24,266,20413,20413,20680,JobState.COMPLETED,0.11804555356502533,176.53061224489784,176.53061224489795,1126971.4285714277
jid_267141,794.0,204.0,24,272,20409,20409,20682,JobState.COMPLETED,0.11804555356502533,176.53061224489784,176.53061224489795,1152391.836734693
jid_267121,794.0,204.0,24,267,20414,20414,20682,JobState.COMPLETED,0.11804555356502533,176.53061224489784,176.53061224489795,1131208.1632653053
jid_267182,794.0,204.0,24,267,20415,20415,20683,JobState.COMPLETED,0.11804555356502533,176.53061224489784,176.53061224489795,1131208.1632653053
jid_267126,794.0,204.0,24,274,20409,20409,20684,JobState.COMPLETED,0.11804555356502533,176.53061224489784,176.53061224489795,1160865.306122448
jid_267128,794.0,204.0,24,277,20407,20407,20685,JobState.COMPLETED,0.11804555356502533,176.53061224489784,176.53061224489795,1173575.510204081
jid_267093,632.0,121.0,1,552,20135,20135,20688,JobState.COMPLETED,0.5218386054039001,176.5306122448981,176.53061224489795,97444.89795918374
jid_267122,794.0,204.0,24,273,20414,20414,20688,JobState.COMPLETED,0.11804555356502533,176.53061224489784,176.53061224489795,1156628.5714285707
jid_267137,794.0,204.0,24,273,20414,20414,20688,JobState.COMPLETED,0.11804555356502533,176.53061224489784,176.53061224489795,1156628.5714285707
jid_267124,794.0,204.0,24,277,20411,20411,20689,JobState.COMPLETED,0.11804555356502533,176.53061224489784,176.53061224489795,1173575.510204081
jid_267142,794.0,204.0,24,271,20417,20417,20689,JobState.COMPLETED,0.11804555356502533,176.53061224489784,176.53061224489795,1148155.1020408156
jid_267139,794.0,204.0,24,274,20415,20415,20690,JobState.COMPLETED,0.11804555356502533,176.53061224489784,176.53061224489795,1160865.306122448
jid_267154,794.0,204.0,24,279,20411,20411,20691,JobState.COMPLETED,0.11804555356502533,176.53061224489784,176.53061224489795,1182048.9795918358
jid_267134,794.0,204.0,24,275,20415,20415,20691,JobState.COMPLETED,0.11804555356502533,176.53061224489784,176.53061224489795,1165102.0408163257
jid_267163,794.0,204.0,24,284,20410,20410,20695,JobState.COMPLETED,0.11804555356502533,176.53061224489784,176.53061224489795,1203232.6530612237
jid_267174,794.0,204.0,24,281,20413,20413,20695,JobState.COMPLETED,0.11804555356502533,176.53061224489784,176.53061224489795,1190522.448979591
jid_267166,794.0,204.0,24,287,20412,20412,20700,JobState.COMPLETED,0.11804555356502533,176.53061224489784,176.53061224489795,1215942.8571428563
jid_267093,632.0,121.0,1,576,20135,20135,20712,JobState.COMPLETED,0.5218386054039001,176.5306122448981,176.53061224489795,101681.6326530613
jid_267093,632.0,121.0,1,577,20135,20135,20713,JobState.COMPLETED,0.5218386054039001,176.5306122448981,176.53061224489795,101858.1632653062
jid_267093,632.0,121.0,1,584,20135,20135,20720,JobState.COMPLETED,0.5218386054039001,176.5306122448981,176.53061224489795,103093.87755102049
jid_267093,632.0,121.0,1,662,20135,20135,20798,JobState.COMPLETED,0.5218386054039001,176.53061224489812,176.53061224489795,116863.26530612256
jid_267189,794.0,204.0,24,255,20651,20651,20907,JobState.COMPLETED,0.11800631135702133,176.53061224489784,176.53061224489795,1080367.346938775
jid_267191,10.0,9.0,12288,180,20838,20838,21019,JobState.COMPLETED,0.006712614558637142,176.53061224489792,176.53061224489795,390457469.38775504
jid_266974,953.0,121.0,64,13023,5572,8204,21228,JobState.COMPLETED,0.009514453820884228,176.53061224490284,176.53061224489795,147133322.44898367
jid_267197,10.0,9.0,12288,196,21291,21291,21488,JobState.COMPLETED,0.006622565910220146,176.53061224489792,176.53061224489795,425164799.9999999
jid_267292,1092.0,121.0,64,13334,8164,8204,21539,JobState.COMPLETED,0.009580454789102077,176.53061224490304,176.53061224489795,150646987.7551064
jid_267211,794.0,204.0,24,258,21328,21328,21587,JobState.COMPLETED,0.11835537105798721,176.53061224489784,176.53061224489795,1093077.5510204074
jid_267238,794.0,204.0,24,268,21322,21322,21591,JobState.COMPLETED,0.11835537105798721,176.53061224489784,176.53061224489795,1135444.897959183
jid_267281,794.0,204.0,24,264,21327,21327,21592,JobState.COMPLETED,0.11835537105798721,176.53061224489784,176.53061224489795,1118497.959183673
jid_267218,794.0,204.0,24,266,21329,21329,21596,JobState.COMPLETED,0.11835537105798721,176.53061224489784,176.53061224489795,1126971.4285714277
jid_267241,794.0,204.0,24,267,21330,21330,21598,JobState.COMPLETED,0.11835537105798721,176.53061224489784,176.53061224489795,1131208.1632653053
jid_267233,794.0,204.0,24,273,21326,21326,21600,JobState.COMPLETED,0.11835537105798721,176.53061224489784,176.53061224489795,1156628.5714285707
jid_267247,794.0,204.0,24,279,21321,21321,21601,JobState.COMPLETED,0.11835537105798721,176.53061224489784,176.53061224489795,1182048.9795918358
jid_267265,794.0,204.0,24,280,21322,21322,21603,JobState.COMPLETED,0.11835537105798721,176.53061224489784,176.53061224489795,1186285.7142857134
jid_267231,794.0,204.0,24,281,21322,21322,21604,JobState.COMPLETED,0.11835537105798721,176.53061224489784,176.53061224489795,1190522.448979591
jid_267285,10.0,9.0,12288,129,21530,21530,21660,JobState.COMPLETED,0.006632802542299032,176.53061224489795,176.53061224489795,279827853.06122446
jid_267391,347.0,47.0,16,17630,4168,4168,21799,JobState.COMPLETED,0.013976222835481167,176.530612244905,176.53061224489795,49795755.1020428
jid_267291,10.0,9.0,12288,176,21755,21755,21932,JobState.COMPLETED,0.006668613757938147,176.53061224489792,176.53061224489795,381780636.73469377
jid_267289,233.0,121.0,1,0,21933,21933,21934,JobState.COMPLETED,0.6470110416412354,176.53061224489795,176.53061224489795,0.0
jid_267289,233.0,121.0,1,0,21933,21933,21934,JobState.COMPLETED,0.6470110416412354,176.53061224489795,176.53061224489795,0.0
jid_267289,233.0,121.0,1,0,21933,21933,21934,JobState.COMPLETED,0.6470110416412354,176.53061224489795,176.53061224489795,0.0
jid_267289,233.0,121.0,1,0,21933,21933,21933,JobState.COMPLETED,0.6470110416412354,176.53061224489795,176.53061224489795,0.0
jid_267289,233.0,121.0,1,0,21933,21933,21934,JobState.COMPLETED,0.6470110416412354,176.53061224489795,176.53061224489795,0.0
jid_267289,233.0,121.0,1,0,21933,21933,21933,JobState.COMPLETED,0.6470110416412354,176.53061224489795,176.53061224489795,0.0
jid_267289,233.0,121.0,1,0,21933,21933,21934,JobState.COMPLETED,0.6470110416412354,176.53061224489795,176.53061224489795,0.0
jid_267289,233.0,121.0,1,0,21933,21933,21934,JobState.COMPLETED,0.6470110416412354,176.53061224489795,176.53061224489795,0.0
jid_267289,233.0,121.0,1,0,21933,21933,21934,JobState.COMPLETED,0.6470110416412354,176.53061224489795,176.53061224489795,0.0
jid_267289,233.0,121.0,1,0,21933,21933,21933,JobState.COMPLETED,0.6470110416412354,176.53061224489795,176.53061224489795,0.0
jid_267289,233.0,121.0,1,0,21933,21933,21934,JobState.COMPLETED,0.6470110416412354,176.53061224489795,176.53061224489795,0.0
jid_267289,233.0,121.0,1,0,21933,21933,21934,JobState.COMPLETED,0.6470110416412354,176.53061224489795,176.53061224489795,0.0
jid_267289,233.0,121.0,1,0,21933,21933,21934,JobState.COMPLETED,0.6470110416412354,176.53061224489795,176.53061224489795,0.0
jid_267289,233.0,121.0,1,0,21933,21933,21934,JobState.COMPLETED,0.6470110416412354,176.53061224489795,176.53061224489795,0.0
jid_267289,233.0,121.0,1,0,21933,21933,21934,JobState.COMPLETED,0.6470110416412354,176.53061224489795,176.53061224489795,0.0
jid_267289,233.0,121.0,1,0,21933,21933,21933,JobState.COMPLETED,0.6470110416412354,176.53061224489795,176.53061224489795,0.0
jid_267289,233.0,121.0,1,0,21933,21933,21933,JobState.COMPLETED,0.6470110416412354,176.53061224489795,176.53061224489795,0.0
jid_267289,233.0,121.0,1,0,21933,21933,21934,JobState.COMPLETED,0.6470110416412354,176.53061224489795,176.53061224489795,0.0
jid_267289,233.0,121.0,1,0,21933,21933,21934,JobState.COMPLETED,0.6470110416412354,176.53061224489795,176.53061224489795,0.0
jid_267289,233.0,121.0,1,0,21933,21933,21934,JobState.COMPLETED,0.6470110416412354,176.53061224489795,176.53061224489795,0.0
jid_267289,233.0,121.0,1,0,21933,21933,21934,JobState.COMPLETED,0.6470110416412354,176.53061224489795,176.53061224489795,0.0
jid_267289,233.0,121.0,1,0,21933,21933,21934,JobState.COMPLETED,0.6470110416412354,176.53061224489795,176.53061224489795,0.0
jid_267289,233.0,121.0,1,0,21933,21933,21933,JobState.COMPLETED,0.6470110416412354,176.53061224489795,176.53061224489795,0.0
jid_267289,233.0,121.0,1,0,21933,21933,21933,JobState.COMPLETED,0.6470110416412354,176.53061224489795,176.53061224489795,0.0
jid_267366,17080.0,121.0,64,14038,7750,8204,22243,JobState.COMPLETED,0.11192931979894638,176.53061224490344,176.53061224489795,158600751.02041307
jid_267301,10.0,9.0,12288,163,22194,22194,22358,JobState.COMPLETED,0.006648660637438297,176.53061224489795,176.53061224489795,353580930.61224484
jid_267299,1103.0,121.0,1,417,21975,21975,22393,JobState.COMPLETED,0.475330114364624,176.53061224489807,176.53061224489795,73613.2653061225
jid_267299,1103.0,121.0,1,418,21975,21975,22394,JobState.COMPLETED,0.475330114364624,176.53061224489807,176.53061224489795,73789.7959183674
jid_267299,1103.0,121.0,1,445,21975,21975,22421,JobState.COMPLETED,0.475330114364624,176.53061224489807,176.53061224489795,78556.12244897964
jid_267299,1103.0,121.0,1,455,21975,21975,22431,JobState.COMPLETED,0.475330114364624,176.53061224489807,176.53061224489795,80321.42857142862
jid_267299,1103.0,121.0,1,457,21975,21975,22433,JobState.COMPLETED,0.475330114364624,176.53061224489807,176.53061224489795,80674.48979591842
jid_267303,10.0,9.0,12288,189,22197,22243,22433,JobState.COMPLETED,0.006648660637438297,176.53061224489792,176.53061224489795,409980342.8571428
jid_267299,1103.0,121.0,1,463,21975,21975,22439,JobState.COMPLETED,0.475330114364624,176.53061224489807,176.53061224489795,81733.67346938781
jid_267299,1103.0,121.0,1,497,21975,21975,22473,JobState.COMPLETED,0.475330114364624,176.53061224489807,176.53061224489795,87735.71428571433
jid_267299,1103.0,121.0,1,498,21975,21975,22474,JobState.COMPLETED,0.475330114364624,176.53061224489807,176.53061224489795,87912.24489795923
jid_267299,1103.0,121.0,1,499,21975,21975,22475,JobState.COMPLETED,0.475330114364624,176.53061224489807,176.53061224489795,88088.77551020414
jid_267299,1103.0,121.0,1,500,21975,21975,22476,JobState.COMPLETED,0.475330114364624,176.53061224489807,176.53061224489795,88265.30612244904
jid_267299,1103.0,121.0,1,502,21975,21975,22478,JobState.COMPLETED,0.475330114364624,176.53061224489807,176.53061224489795,88618.36734693883
jid_267299,1103.0,121.0,1,507,21975,21975,22483,JobState.COMPLETED,0.475330114364624,176.53061224489807,176.53061224489795,89501.02040816331
jid_267299,1103.0,121.0,1,507,21975,21975,22483,JobState.COMPLETED,0.475330114364624,176.53061224489807,176.53061224489795,89501.02040816331
jid_267299,1103.0,121.0,1,507,21975,21975,22483,JobState.COMPLETED,0.475330114364624,176.53061224489807,176.53061224489795,89501.02040816331
jid_267299,1103.0,121.0,1,520,21975,21975,22496,JobState.COMPLETED,0.475330114364624,176.5306122448981,176.53061224489795,91795.91836734701
jid_267299,1103.0,121.0,1,522,21975,21975,22498,JobState.COMPLETED,0.475330114364624,176.5306122448981,176.53061224489795,92148.9795918368
jid_267299,1103.0,121.0,1,523,21975,21975,22499,JobState.COMPLETED,0.475330114364624,176.5306122448981,176.53061224489795,92325.5102040817
jid_267299,1103.0,121.0,1,524,21975,21975,22500,JobState.COMPLETED,0.475330114364624,176.5306122448981,176.53061224489795,92502.0408163266
jid_267299,1103.0,121.0,1,525,21975,21975,22501,JobState.COMPLETED,0.475330114364624,176.5306122448981,176.53061224489795,92678.5714285715
jid_267299,1103.0,121.0,1,530,21975,21975,22506,JobState.COMPLETED,0.475330114364624,176.5306122448981,176.53061224489795,93561.22448979599
jid_267309,794.0,204.0,24,264,22238,22243,22508,JobState.COMPLETED,0.11843400448560715,176.53061224489784,176.53061224489795,1118497.959183673
jid_267299,1103.0,121.0,1,533,21975,21975,22509,JobState.COMPLETED,0.475330114364624,176.5306122448981,176.53061224489795,94090.81632653068
jid_267299,1103.0,121.0,1,538,21975,21975,22514,JobState.COMPLETED,0.475330114364624,176.5306122448981,176.53061224489795,94973.46938775518
jid_267299,1103.0,121.0,1,539,21975,21975,22515,JobState.COMPLETED,0.475330114364624,176.5306122448981,176.53061224489795,95150.00000000007
jid_267299,1103.0,121.0,1,539,21975,21975,22515,JobState.COMPLETED,0.475330114364624,176.5306122448981,176.53061224489795,95150.00000000007
jid_267299,1103.0,121.0,1,541,21975,21975,22517,JobState.COMPLETED,0.475330114364624,176.5306122448981,176.53061224489795,95503.06122448987
jid_267299,1103.0,121.0,1,541,21975,21975,22517,JobState.COMPLETED,0.475330114364624,176.5306122448981,176.53061224489795,95503.06122448987
jid_267299,1103.0,121.0,1,543,21975,21975,22519,JobState.COMPLETED,0.475330114364624,176.5306122448981,176.53061224489795,95856.12244897966
jid_267299,1103.0,121.0,1,547,21975,21975,22523,JobState.COMPLETED,0.475330114364624,176.5306122448981,176.53061224489795,96562.24489795926
jid_267299,1103.0,121.0,1,549,21975,21975,22525,JobState.COMPLETED,0.475330114364624,176.5306122448981,176.53061224489795,96915.30612244905
jid_267299,1103.0,121.0,1,551,21975,21975,22527,JobState.COMPLETED,0.475330114364624,176.5306122448981,176.53061224489795,97268.36734693885
jid_267299,1103.0,121.0,1,562,21975,21975,22538,JobState.COMPLETED,0.475330114364624,176.5306122448981,176.53061224489795,99210.20408163274
jid_267378,1082.0000000000018,121.0,1,427,22161,22161,22589,JobState.COMPLETED,0.4747171103954315,176.53061224489807,176.53061224489795,75378.57142857148
jid_267384,10.0,9.0,12288,180,22427,22433,22614,JobState.COMPLETED,0.006648858077824116,176.53061224489792,176.53061224489795,390457469.38775504
jid_267323,794.0,204.0,24,265,22245,22358,22624,JobState.COMPLETED,0.11843400448560715,176.53061224489784,176.53061224489795,1122734.6938775503
jid_267378,1082.0000000000018,121.0,1,463,22161,22161,22625,JobState.COMPLETED,0.4747171103954315,176.53061224489807,176.53061224489795,81733.67346938781
jid_267378,1082.0000000000018,121.0,1,465,22161,22161,22627,JobState.COMPLETED,0.4747171103954315,176.53061224489807,176.53061224489795,82086.7346938776
jid_267321,794.0,204.0,24,269,22240,22358,22628,JobState.COMPLETED,0.11843400448560715,176.53061224489784,176.53061224489795,1139681.6326530604
jid_267378,1082.0000000000018,121.0,1,467,22161,22161,22629,JobState.COMPLETED,0.4747171103954315,176.53061224489807,176.53061224489795,82439.7959183674
jid_267342,794.0,204.0,24,272,22240,22358,22631,JobState.COMPLETED,0.11843400448560715,176.53061224489784,176.53061224489795,1152391.836734693
jid_267336,794.0,204.0,24,273,22245,22358,22632,JobState.COMPLETED,0.11843400448560715,176.53061224489784,176.53061224489795,1156628.5714285707
jid_267338,794.0,204.0,24,275,22243,22358,22634,JobState.COMPLETED,0.11843400448560715,176.53061224489784,176.53061224489795,1165102.0408163257
jid_267357,794.0,204.0,24,285,22244,22358,22644,JobState.COMPLETED,0.11843400448560715,176.53061224489784,176.53061224489795,1207469.387755101
jid_267377,794.0,204.0,24,287,22243,22358,22646,JobState.COMPLETED,0.11843400448560715,176.53061224489784,176.53061224489795,1215942.8571428563
jid_267376,794.0,204.0,24,288,22245,22358,22647,JobState.COMPLETED,0.11843400448560715,176.53061224489784,176.53061224489795,1220179.5918367337
jid_267378,1082.0000000000018,121.0,1,492,22161,22161,22654,JobState.COMPLETED,0.4747171103954315,176.53061224489807,176.53061224489795,86853.06122448985
jid_267378,1082.0000000000018,121.0,1,494,22161,22161,22656,JobState.COMPLETED,0.4747171103954315,176.53061224489807,176.53061224489795,87206.12244897964
jid_267378,1082.0000000000018,121.0,1,498,22161,22161,22660,JobState.COMPLETED,0.4747171103954315,176.53061224489807,176.53061224489795,87912.24489795923
jid_267378,1082.0000000000018,121.0,1,499,22161,22161,22661,JobState.COMPLETED,0.4747171103954315,176.53061224489807,176.53061224489795,88088.77551020414
jid_267378,1082.0000000000018,121.0,1,499,22161,22161,22661,JobState.COMPLETED,0.4747171103954315,176.53061224489807,176.53061224489795,88088.77551020414
jid_267378,1082.0000000000018,121.0,1,499,22161,22161,22661,JobState.COMPLETED,0.4747171103954315,176.53061224489807,176.53061224489795,88088.77551020414
jid_267378,1082.0000000000018,121.0,1,499,22161,22161,22661,JobState.COMPLETED,0.4747171103954315,176.53061224489807,176.53061224489795,88088.77551020414
jid_267378,1082.0000000000018,121.0,1,501,22161,22161,22663,JobState.COMPLETED,0.4747171103954315,176.53061224489807,176.53061224489795,88441.83673469393
jid_267378,1082.0000000000018,121.0,1,503,22161,22161,22665,JobState.COMPLETED,0.4747171103954315,176.53061224489807,176.53061224489795,88794.89795918373
jid_267378,1082.0000000000018,121.0,1,506,22161,22161,22668,JobState.COMPLETED,0.4747171103954315,176.53061224489807,176.53061224489795,89324.48979591842
jid_267378,1082.0000000000018,121.0,1,509,22161,22161,22671,JobState.COMPLETED,0.4747171103954315,176.53061224489807,176.53061224489795,89854.08163265312
jid_267378,1082.0000000000018,121.0,1,521,22161,22161,22683,JobState.COMPLETED,0.4747171103954315,176.5306122448981,176.53061224489795,91972.4489795919
jid_267385,231.0,121.0,1,470,22328,22358,22829,JobState.COMPLETED,0.6019687056541443,176.53061224489807,176.53061224489795,82969.38775510209
jid_267385,231.0,121.0,1,482,22328,22358,22841,JobState.COMPLETED,0.6019687056541443,176.53061224489807,176.53061224489795,85087.75510204087
jid_267385,231.0,121.0,1,483,22328,22358,22842,JobState.COMPLETED,0.6019687056541443,176.53061224489807,176.53061224489795,85264.28571428577
jid_267385,231.0,121.0,1,493,22328,22358,22852,JobState.COMPLETED,0.6019687056541443,176.53061224489807,176.53061224489795,87029.59183673475
jid_267385,231.0,121.0,1,496,22328,22358,22855,JobState.COMPLETED,0.6019687056541443,176.53061224489807,176.53061224489795,87559.18367346944
jid_267385,231.0,121.0,1,503,22328,22358,22862,JobState.COMPLETED,0.6019687056541443,176.53061224489807,176.53061224489795,88794.89795918373
jid_267385,231.0,121.0,1,505,22328,22358,22864,JobState.COMPLETED,0.6019687056541443,176.53061224489807,176.53061224489795,89147.95918367352
jid_267385,231.0,121.0,1,509,22328,22358,22868,JobState.COMPLETED,0.6019687056541443,176.53061224489807,176.53061224489795,89854.08163265312
jid_267385,231.0,121.0,1,513,22328,22358,22872,JobState.COMPLETED,0.6019687056541443,176.5306122448981,176.53061224489795,90560.20408163272
jid_267385,231.0,121.0,1,519,22328,22358,22878,JobState.COMPLETED,0.6019687056541443,176.5306122448981,176.53061224489795,91619.38775510211
jid_267385,231.0,121.0,1,522,22328,22358,22881,JobState.COMPLETED,0.6019687056541443,176.5306122448981,176.53061224489795,92148.9795918368
jid_267385,231.0,121.0,1,526,22328,22358,22885,JobState.COMPLETED,0.6019687056541443,176.5306122448981,176.53061224489795,92855.1020408164
jid_267385,231.0,121.0,1,527,22328,22358,22886,JobState.COMPLETED,0.6019687056541443,176.5306122448981,176.53061224489795,93031.6326530613
jid_267385,231.0,121.0,1,528,22328,22358,22887,JobState.COMPLETED,0.6019687056541443,176.5306122448981,176.53061224489795,93208.1632653062
jid_267385,231.0,121.0,1,530,22328,22358,22889,JobState.COMPLETED,0.6019687056541443,176.5306122448981,176.53061224489795,93561.22448979599
jid_267385,231.0,121.0,1,532,22328,22358,22891,JobState.COMPLETED,0.6019687056541443,176.5306122448981,176.53061224489795,93914.28571428578
jid_267385,231.0,121.0,1,539,22328,22358,22898,JobState.COMPLETED,0.6019687056541443,176.5306122448981,176.53061224489795,95150.00000000007
jid_267385,231.0,121.0,1,541,22328,22358,22900,JobState.COMPLETED,0.6019687056541443,176.5306122448981,176.53061224489795,95503.06122448987
jid_267385,231.0,121.0,1,542,22328,22358,22901,JobState.COMPLETED,0.6019687056541443,176.5306122448981,176.53061224489795,95679.59183673476
jid_267385,231.0,121.0,1,574,22328,22358,22933,JobState.COMPLETED,0.6019687056541443,176.5306122448981,176.53061224489795,101328.57142857151
jid_267497,21.0,20.0,1,19730,3206,3206,22937,JobState.COMPLETED,0.05985068529844284,176.53061224490563,176.53061224489795,3482948.979591988
jid_267394,794.0,204.0,24,591,22239,22358,22950,JobState.COMPLETED,0.11843400448560715,176.53061224489775,176.53061224489795,2503910.20408163
jid_267401,17121.0,121.0,1,430,22549,22549,22980,JobState.COMPLETED,0.47360506653785706,176.53061224489807,176.53061224489795,75908.16326530617
jid_267401,17121.0,121.0,1,438,22549,22549,22988,JobState.COMPLETED,0.47360506653785706,176.53061224489807,176.53061224489795,77320.40816326535
jid_267401,17121.0,121.0,1,448,22549,22549,22998,JobState.COMPLETED,0.47360506653785706,176.53061224489807,176.53061224489795,79085.71428571433
jid_267401,17121.0,121.0,1,471,22549,22549,23021,JobState.COMPLETED,0.47360506653785706,176.53061224489807,176.53061224489795,83145.918367347
jid_267401,17121.0,121.0,1,477,22549,22549,23027,JobState.COMPLETED,0.47360506653785706,176.53061224489807,176.53061224489795,84205.10204081637
jid_267401,17121.0,121.0,1,493,22549,22549,23043,JobState.COMPLETED,0.47360506653785706,176.53061224489807,176.53061224489795,87029.59183673475
jid_267401,17121.0,121.0,1,505,22549,22549,23055,JobState.COMPLETED,0.47360506653785706,176.53061224489807,176.53061224489795,89147.95918367352
jid_267401,17121.0,121.0,1,506,22549,22549,23056,JobState.COMPLETED,0.47360506653785706,176.53061224489807,176.53061224489795,89324.48979591842
jid_267510,798.0,206.0,250,20124,2937,2937,23062,JobState.COMPLETED,0.003578521078452468,176.5306122449027,176.53061224489795,888125510.2041055
jid_267401,17121.0,121.0,1,513,22549,22549,23063,JobState.COMPLETED,0.47360506653785706,176.5306122448981,176.53061224489795,90560.20408163272
jid_267405,10.0,9.0,12288,182,22881,22881,23064,JobState.COMPLETED,0.006582831498235464,176.53061224489792,176.53061224489795,394795885.7142857
jid_267401,17121.0,121.0,1,515,22549,22549,23065,JobState.COMPLETED,0.47360506653785706,176.5306122448981,176.53061224489795,90913.26530612251
jid_267401,17121.0,121.0,1,516,22549,22549,23066,JobState.COMPLETED,0.47360506653785706,176.5306122448981,176.53061224489795,91089.79591836741
jid_267401,17121.0,121.0,1,520,22549,22549,23070,JobState.COMPLETED,0.47360506653785706,176.5306122448981,176.53061224489795,91795.91836734701
jid_267401,17121.0,121.0,1,523,22549,22549,23073,JobState.COMPLETED,0.47360506653785706,176.5306122448981,176.53061224489795,92325.5102040817
jid_267401,17121.0,121.0,1,526,22549,22549,23076,JobState.COMPLETED,0.47360506653785706,176.5306122448981,176.53061224489795,92855.1020408164
jid_267401,17121.0,121.0,1,526,22549,22549,23076,JobState.COMPLETED,0.47360506653785706,176.5306122448981,176.53061224489795,92855.1020408164
jid_267400,1108.9999999999982,121.0,1,399,22681,22681,23081,JobState.COMPLETED,0.4746619164943695,176.53061224489804,176.53061224489795,70435.71428571432
jid_267401,17121.0,121.0,1,532,22549,22549,23082,JobState.COMPLETED,0.47360506653785706,176.5306122448981,176.53061224489795,93914.28571428578
jid_267401,17121.0,121.0,1,534,22549,22549,23084,JobState.COMPLETED,0.47360506653785706,176.5306122448981,176.53061224489795,94267.34693877558
jid_267401,17121.0,121.0,1,534,22549,22549,23084,JobState.COMPLETED,0.47360506653785706,176.5306122448981,176.53061224489795,94267.34693877558
jid_267401,17121.0,121.0,1,535,22549,22549,23085,JobState.COMPLETED,0.47360506653785706,176.5306122448981,176.53061224489795,94443.87755102049
jid_267400,1108.9999999999982,121.0,1,418,22681,22681,23100,JobState.COMPLETED,0.4746619164943695,176.53061224489807,176.53061224489795,73789.7959183674
jid_267400,1108.9999999999982,121.0,1,421,22681,22681,23103,JobState.COMPLETED,0.4746619164943695,176.53061224489807,176.53061224489795,74319.38775510209
jid_267400,1108.9999999999982,121.0,1,446,22681,22681,23128,JobState.COMPLETED,0.4746619164943695,176.53061224489807,176.53061224489795,78732.65306122454
jid_267400,1108.9999999999982,121.0,1,455,22681,22681,23137,JobState.COMPLETED,0.4746619164943695,176.53061224489807,176.53061224489795,80321.42857142862
jid_267400,1108.9999999999982,121.0,1,471,22681,22681,23153,JobState.COMPLETED,0.4746619164943695,176.53061224489807,176.53061224489795,83145.918367347
jid_267400,1108.9999999999982,121.0,1,486,22681,22681,23168,JobState.COMPLETED,0.4746619164943695,176.53061224489807,176.53061224489795,85793.87755102046
jid_267400,1108.9999999999982,121.0,1,488,22681,22681,23170,JobState.COMPLETED,0.4746619164943695,176.53061224489807,176.53061224489795,86146.93877551025
jid_267400,1108.9999999999982,121.0,1,488,22681,22681,23170,JobState.COMPLETED,0.4746619164943695,176.53061224489807,176.53061224489795,86146.93877551025
jid_267400,1108.9999999999982,121.0,1,488,22681,22681,23170,JobState.COMPLETED,0.4746619164943695,176.53061224489807,176.53061224489795,86146.93877551025
jid_267400,1108.9999999999982,121.0,1,489,22681,22681,23171,JobState.COMPLETED,0.4746619164943695,176.53061224489807,176.53061224489795,86323.46938775515
jid_267400,1108.9999999999982,121.0,1,496,22681,22681,23178,JobState.COMPLETED,0.4746619164943695,176.53061224489807,176.53061224489795,87559.18367346944
jid_267400,1108.9999999999982,121.0,1,498,22681,22681,23180,JobState.COMPLETED,0.4746619164943695,176.53061224489807,176.53061224489795,87912.24489795923
jid_267400,1108.9999999999982,121.0,1,499,22681,22681,23181,JobState.COMPLETED,0.4746619164943695,176.53061224489807,176.53061224489795,88088.77551020414
jid_267400,1108.9999999999982,121.0,1,504,22681,22681,23186,JobState.COMPLETED,0.4746619164943695,176.53061224489807,176.53061224489795,88971.42857142862
jid_267400,1108.9999999999982,121.0,1,505,22681,22681,23187,JobState.COMPLETED,0.4746619164943695,176.53061224489807,176.53061224489795,89147.95918367352
jid_267400,1108.9999999999982,121.0,1,506,22681,22681,23188,JobState.COMPLETED,0.4746619164943695,176.53061224489807,176.53061224489795,89324.48979591842
jid_267400,1108.9999999999982,121.0,1,519,22681,22681,23201,JobState.COMPLETED,0.4746619164943695,176.5306122448981,176.53061224489795,91619.38775510211
jid_267400,1108.9999999999982,121.0,1,525,22681,22681,23207,JobState.COMPLETED,0.4746619164943695,176.5306122448981,176.53061224489795,92678.5714285715
jid_267400,1108.9999999999982,121.0,1,526,22681,22681,23208,JobState.COMPLETED,0.4746619164943695,176.5306122448981,176.53061224489795,92855.1020408164
jid_267411,10.0,9.0,12288,160,23110,23110,23271,JobState.COMPLETED,0.006602925714105368,176.53061224489795,176.53061224489795,347073306.122449
jid_267412,10.0,9.0,12288,186,23112,23112,23299,JobState.COMPLETED,0.006602925714105368,176.53061224489792,176.53061224489795,403472718.3673469
jid_267434,794.0,204.0,24,261,23155,23155,23417,JobState.COMPLETED,0.11901254951953888,176.53061224489784,176.53061224489795,1105787.75510204
jid_267449,794.0,204.0,24,262,23158,23158,23421,JobState.COMPLETED,0.11901254951953888,176.53061224489784,176.53061224489795,1110024.4897959176
jid_267420,794.0,204.0,24,258,23162,23162,23421,JobState.COMPLETED,0.11901254951953888,176.53061224489784,176.53061224489795,1093077.5510204074
jid_267459,794.0,204.0,24,265,23159,23159,23425,JobState.COMPLETED,0.11901254951953888,176.53061224489784,176.53061224489795,1122734.6938775503
jid_267442,794.0,204.0,24,264,23160,23160,23425,JobState.COMPLETED,0.11901254951953888,176.53061224489784,176.53061224489795,1118497.959183673
jid_267456,794.0,204.0,24,263,23162,23162,23426,JobState.COMPLETED,0.11901254951953888,176.53061224489784,176.53061224489795,1114261.224489795
jid_267473,794.0,204.0,24,269,23157,23157,23427,JobState.COMPLETED,0.11901254951953888,176.53061224489784,176.53061224489795,1139681.6326530604
jid_267464,794.0,204.0,24,268,23158,23158,23427,JobState.COMPLETED,0.11901254951953888,176.53061224489784,176.53061224489795,1135444.897959183
jid_267463,794.0,204.0,24,271,23158,23158,23430,JobState.COMPLETED,0.11901254951953888,176.53061224489784,176.53061224489795,1148155.1020408156
jid_267455,794.0,204.0,24,271,23159,23159,23431,JobState.COMPLETED,0.11901254951953888,176.53061224489784,176.53061224489795,1148155.1020408156
jid_267475,794.0,204.0,24,269,23161,23161,23431,JobState.COMPLETED,0.11901254951953888,176.53061224489784,176.53061224489795,1139681.6326530604
jid_267474,794.0,204.0,24,275,23156,23156,23432,JobState.COMPLETED,0.11901254951953888,176.53061224489784,176.53061224489795,1165102.0408163257
jid_267472,794.0,204.0,24,269,23162,23162,23432,JobState.COMPLETED,0.11901254951953888,176.53061224489784,176.53061224489795,1139681.6326530604
jid_267448,794.0,204.0,24,264,23163,23271,23536,JobState.COMPLETED,0.11901254951953888,176.53061224489784,176.53061224489795,1118497.959183673
jid_267507,36589.0,233.0,1152,50,23932,23932,23983,JobState.COMPLETED,0.02816510573029518,176.53061224489792,176.53061224489795,10168163.26530612
jid_267607,1872.0,47.0,16,20906,3148,3148,24055,JobState.COMPLETED,0.014732550829648972,176.53061224490594,176.53061224489795,59048783.673472054
jid_267517,794.0,204.0,24,248,24078,24078,24327,JobState.COMPLETED,0.12048853933811188,176.53061224489784,176.53061224489795,1050710.2040816317
jid_267520,794.0,204.0,24,253,24077,24077,24331,JobState.COMPLETED,0.12048853933811188,176.53061224489784,176.53061224489795,1071893.8775510197
jid_267524,794.0,204.0,24,254,24080,24080,24335,JobState.COMPLETED,0.12048853933811188,176.53061224489784,176.53061224489795,1076130.6122448973
jid_267532,794.0,204.0,24,253,24081,24081,24335,JobState.COMPLETED,0.12048853933811188,176.53061224489784,176.53061224489795,1071893.8775510197
jid_267535,794.0,204.0,24,252,24082,24082,24335,JobState.COMPLETED,0.12048853933811188,176.53061224489784,176.53061224489795,1067657.142857142
jid_267528,794.0,204.0,24,259,24076,24076,24336,JobState.COMPLETED,0.12048853933811188,176.53061224489784,176.53061224489795,1097314.285714285
jid_267552,794.0,204.0,24,256,24080,24080,24337,JobState.COMPLETED,0.12048853933811188,176.53061224489784,176.53061224489795,1084604.0816326523
jid_267536,794.0,204.0,24,258,24081,24081,24340,JobState.COMPLETED,0.12048853933811188,176.53061224489784,176.53061224489795,1093077.5510204074
jid_267562,794.0,204.0,24,263,24078,24078,24342,JobState.COMPLETED,0.12048853933811188,176.53061224489784,176.53061224489795,1114261.224489795
jid_267556,794.0,204.0,24,260,24081,24081,24342,JobState.COMPLETED,0.12048853933811188,176.53061224489784,176.53061224489795,1101551.0204081626
jid_267568,794.0,204.0,24,269,24076,24076,24346,JobState.COMPLETED,0.12048853933811188,176.53061224489784,176.53061224489795,1139681.6326530604
jid_267574,794.0,204.0,24,271,24077,24077,24349,JobState.COMPLETED,0.12048853933811188,176.53061224489784,176.53061224489795,1148155.1020408156
jid_267572,794.0,204.0,24,269,24080,24080,24350,JobState.COMPLETED,0.12048853933811188,176.53061224489784,176.53061224489795,1139681.6326530604
jid_267599,108.0,14.0,1,0,24544,24544,24545,JobState.COMPLETED,0.38459673523902893,176.53061224489795,176.53061224489795,0.0
jid_267612,10.0,9.0,12288,132,24701,24701,24834,JobState.COMPLETED,0.006451180204749107,176.53061224489795,176.53061224489795,286335477.5510204
jid_267608,549.0,121.0,1,0,24864,24864,24865,JobState.COMPLETED,0.6347481608390808,176.53061224489795,176.53061224489795,0.0
jid_267608,549.0,121.0,1,0,24864,24864,24864,JobState.COMPLETED,0.6347481608390808,176.53061224489795,176.53061224489795,0.0
jid_267608,549.0,121.0,1,0,24864,24864,24864,JobState.COMPLETED,0.6347481608390808,176.53061224489795,176.53061224489795,0.0
jid_267608,549.0,121.0,1,0,24864,24864,24864,JobState.COMPLETED,0.6347481608390808,176.53061224489795,176.53061224489795,0.0
jid_267608,549.0,121.0,1,0,24864,24864,24864,JobState.COMPLETED,0.6347481608390808,176.53061224489795,176.53061224489795,0.0
jid_267608,549.0,121.0,1,0,24864,24864,24864,JobState.COMPLETED,0.6347481608390808,176.53061224489795,176.53061224489795,0.0
jid_267608,549.0,121.0,1,0,24864,24864,24865,JobState.COMPLETED,0.6347481608390808,176.53061224489795,176.53061224489795,0.0
jid_267608,549.0,121.0,1,0,24864,24864,24865,JobState.COMPLETED,0.6347481608390808,176.53061224489795,176.53061224489795,0.0
jid_267608,549.0,121.0,1,0,24864,24864,24865,JobState.COMPLETED,0.6347481608390808,176.53061224489795,176.53061224489795,0.0
jid_267608,549.0,121.0,1,0,24864,24864,24865,JobState.COMPLETED,0.6347481608390808,176.53061224489795,176.53061224489795,0.0
jid_267608,549.0,121.0,1,0,24864,24864,24864,JobState.COMPLETED,0.6347481608390808,176.53061224489795,176.53061224489795,0.0
jid_267608,549.0,121.0,1,0,24864,24864,24865,JobState.COMPLETED,0.6347481608390808,176.53061224489795,176.53061224489795,0.0
jid_267608,549.0,121.0,1,0,24864,24864,24865,JobState.COMPLETED,0.6347481608390808,176.53061224489795,176.53061224489795,0.0
jid_267608,549.0,121.0,1,0,24864,24864,24865,JobState.COMPLETED,0.6347481608390808,176.53061224489795,176.53061224489795,0.0
jid_267608,549.0,121.0,1,0,24864,24864,24865,JobState.COMPLETED,0.6347481608390808,176.53061224489795,176.53061224489795,0.0
jid_267608,549.0,121.0,1,0,24864,24864,24864,JobState.COMPLETED,0.6347481608390808,176.53061224489795,176.53061224489795,0.0
jid_267608,549.0,121.0,1,0,24864,24864,24864,JobState.COMPLETED,0.6347481608390808,176.53061224489795,176.53061224489795,0.0
jid_267608,549.0,121.0,1,0,24864,24864,24864,JobState.COMPLETED,0.6347481608390808,176.53061224489795,176.53061224489795,0.0
jid_267608,549.0,121.0,1,0,24864,24864,24865,JobState.COMPLETED,0.6347481608390808,176.53061224489795,176.53061224489795,0.0
jid_267608,549.0,121.0,1,0,24864,24864,24865,JobState.COMPLETED,0.6347481608390808,176.53061224489795,176.53061224489795,0.0
jid_267608,549.0,121.0,1,0,24864,24864,24865,JobState.COMPLETED,0.6347481608390808,176.53061224489795,176.53061224489795,0.0
jid_267608,549.0,121.0,1,0,24864,24864,24865,JobState.COMPLETED,0.6347481608390808,176.53061224489795,176.53061224489795,0.0
jid_267608,549.0,121.0,1,0,24864,24864,24864,JobState.COMPLETED,0.6347481608390808,176.53061224489795,176.53061224489795,0.0
jid_267608,549.0,121.0,1,0,24864,24864,24864,JobState.COMPLETED,0.6347481608390808,176.53061224489795,176.53061224489795,0.0
jid_267608,549.0,121.0,1,0,24864,24864,24864,JobState.COMPLETED,0.6347481608390808,176.53061224489795,176.53061224489795,0.0
jid_267608,549.0,121.0,1,0,24864,24864,24865,JobState.COMPLETED,0.6347481608390808,176.53061224489795,176.53061224489795,0.0
jid_267608,549.0,121.0,1,1,24864,24864,24866,JobState.COMPLETED,0.6347481608390808,176.53061224489795,176.53061224489795,176.53061224489795
jid_267609,51.0,39.0,96,9,24862,24862,24872,JobState.COMPLETED,0.0439847856760025,176.53061224489795,176.53061224489795,152522.44897959183
jid_267610,10.0,9.0,12288,184,24704,24704,24889,JobState.COMPLETED,0.006451180204749107,176.53061224489792,176.53061224489795,399134302.04081625
jid_267618,10.0,9.0,12288,145,24922,24922,25068,JobState.COMPLETED,0.006449793465435505,176.53061224489795,176.53061224489795,314535183.67346936
jid_267619,10.0,9.0,12288,182,24924,24924,25107,JobState.COMPLETED,0.006449793465435505,176.53061224489792,176.53061224489795,394795885.7142857
jid_267614,17111.0,121.0,1,404,24765,24765,25170,JobState.COMPLETED,0.6143132448196411,176.53061224489804,176.53061224489795,71318.3673469388
jid_267299,1103.0,121.0,1,3197,21975,21975,25173,JobState.COMPLETED,0.475330114364624,176.530612244897,176.53061224489795,564368.3673469357
jid_267614,17111.0,121.0,1,418,24765,24765,25184,JobState.COMPLETED,0.6143132448196411,176.53061224489807,176.53061224489795,73789.7959183674
jid_267614,17111.0,121.0,1,440,24765,24765,25206,JobState.COMPLETED,0.6143132448196411,176.53061224489807,176.53061224489795,77673.46938775515
jid_267614,17111.0,121.0,1,461,24765,24765,25227,JobState.COMPLETED,0.6143132448196411,176.53061224489807,176.53061224489795,81380.612244898
jid_267614,17111.0,121.0,1,467,24765,24765,25233,JobState.COMPLETED,0.6143132448196411,176.53061224489807,176.53061224489795,82439.7959183674
jid_267614,17111.0,121.0,1,489,24765,24765,25255,JobState.COMPLETED,0.6143132448196411,176.53061224489807,176.53061224489795,86323.46938775515
jid_267614,17111.0,121.0,1,490,24765,24765,25256,JobState.COMPLETED,0.6143132448196411,176.53061224489807,176.53061224489795,86500.00000000006
jid_267614,17111.0,121.0,1,495,24765,24765,25261,JobState.COMPLETED,0.6143132448196411,176.53061224489807,176.53061224489795,87382.65306122454
jid_270557,794.0,204.0,24,263,24999,24999,25263,JobState.COMPLETED,0.1205097883939743,176.53061224489784,176.53061224489795,1114261.224489795
jid_270562,794.0,204.0,24,263,24999,24999,25263,JobState.COMPLETED,0.1205097883939743,176.53061224489784,176.53061224489795,1114261.224489795
jid_267631,794.0,204.0,24,266,24997,24997,25264,JobState.COMPLETED,0.1205097883939743,176.53061224489784,176.53061224489795,1126971.4285714277
jid_267632,794.0,204.0,24,265,24999,24999,25265,JobState.COMPLETED,0.1205097883939743,176.53061224489784,176.53061224489795,1122734.6938775503
jid_267614,17111.0,121.0,1,502,24765,24765,25268,JobState.COMPLETED,0.6143132448196411,176.53061224489807,176.53061224489795,88618.36734693883
jid_267614,17111.0,121.0,1,503,24765,24765,25269,JobState.COMPLETED,0.6143132448196411,176.53061224489807,176.53061224489795,88794.89795918373
jid_267614,17111.0,121.0,1,503,24765,24765,25269,JobState.COMPLETED,0.6143132448196411,176.53061224489807,176.53061224489795,88794.89795918373
jid_267614,17111.0,121.0,1,505,24765,24765,25271,JobState.COMPLETED,0.6143132448196411,176.53061224489807,176.53061224489795,89147.95918367352
jid_270586,794.0,204.0,24,275,24996,24996,25272,JobState.COMPLETED,0.1205097883939743,176.53061224489784,176.53061224489795,1165102.0408163257
jid_267614,17111.0,121.0,1,512,24765,24765,25278,JobState.COMPLETED,0.6143132448196411,176.5306122448981,176.53061224489795,90383.67346938782
jid_267733,794.0,204.0,24,280,24997,24997,25278,JobState.COMPLETED,0.1205097883939743,176.53061224489784,176.53061224489795,1186285.7142857134
jid_267614,17111.0,121.0,1,513,24765,24765,25279,JobState.COMPLETED,0.6143132448196411,176.5306122448981,176.53061224489795,90560.20408163272
jid_267614,17111.0,121.0,1,514,24765,24765,25280,JobState.COMPLETED,0.6143132448196411,176.5306122448981,176.53061224489795,90736.73469387762
jid_267614,17111.0,121.0,1,516,24765,24765,25282,JobState.COMPLETED,0.6143132448196411,176.5306122448981,176.53061224489795,91089.79591836741
jid_267614,17111.0,121.0,1,521,24765,24765,25287,JobState.COMPLETED,0.6143132448196411,176.5306122448981,176.53061224489795,91972.4489795919
jid_270591,51.0,39.0,96,301,24989,24989,25291,JobState.COMPLETED,0.04364177584648132,176.53061224489784,176.53061224489795,5101028.571428567
jid_267614,17111.0,121.0,1,528,24765,24765,25294,JobState.COMPLETED,0.6143132448196411,176.5306122448981,176.53061224489795,93208.1632653062
jid_267614,17111.0,121.0,1,529,24765,24765,25295,JobState.COMPLETED,0.6143132448196411,176.5306122448981,176.53061224489795,93384.6938775511
jid_267737,10.0,9.0,12288,146,25154,25154,25301,JobState.COMPLETED,0.0064775943756103516,176.53061224489795,176.53061224489795,316704391.83673465
jid_267614,17111.0,121.0,1,537,24765,24765,25303,JobState.COMPLETED,0.6143132448196411,176.5306122448981,176.53061224489795,94796.93877551028
jid_267614,17111.0,121.0,1,538,24765,24765,25304,JobState.COMPLETED,0.6143132448196411,176.5306122448981,176.53061224489795,94973.46938775518
jid_267614,17111.0,121.0,1,540,24765,24765,25306,JobState.COMPLETED,0.6143132448196411,176.5306122448981,176.53061224489795,95326.53061224497
jid_267614,17111.0,121.0,1,540,24765,24765,25306,JobState.COMPLETED,0.6143132448196411,176.5306122448981,176.53061224489795,95326.53061224497
jid_267614,17111.0,121.0,1,541,24765,24765,25307,JobState.COMPLETED,0.6143132448196411,176.5306122448981,176.53061224489795,95503.06122448987
jid_267614,17111.0,121.0,1,544,24765,24765,25310,JobState.COMPLETED,0.6143132448196411,176.5306122448981,176.53061224489795,96032.65306122457
jid_267614,17111.0,121.0,1,545,24765,24765,25311,JobState.COMPLETED,0.6143132448196411,176.5306122448981,176.53061224489795,96209.18367346947
jid_267630,794.0,204.0,24,260,25000,25068,25329,JobState.COMPLETED,0.1205097883939743,176.53061224489784,176.53061224489795,1101551.0204081626
jid_270548,794.0,204.0,24,261,25001,25068,25330,JobState.COMPLETED,0.1205097883939743,176.53061224489784,176.53061224489795,1105787.75510204
jid_270567,794.0,204.0,24,266,25002,25068,25335,JobState.COMPLETED,0.1205097883939743,176.53061224489784,176.53061224489795,1126971.4285714277
jid_267614,17111.0,121.0,1,570,24765,24765,25336,JobState.COMPLETED,0.6143132448196411,176.5306122448981,176.53061224489795,100622.4489795919
jid_267728,794.0,204.0,24,270,25003,25068,25339,JobState.COMPLETED,0.1205097883939743,176.53061224489784,176.53061224489795,1143918.367346938
jid_270580,794.0,204.0,24,271,24999,25068,25340,JobState.COMPLETED,0.1205097883939743,176.53061224489784,176.53061224489795,1148155.1020408156
jid_270579,794.0,204.0,24,271,25001,25068,25340,JobState.COMPLETED,0.1205097883939743,176.53061224489784,176.53061224489795,1148155.1020408156
jid_270582,794.0,204.0,24,272,25001,25068,25341,JobState.COMPLETED,0.1205097883939743,176.53061224489784,176.53061224489795,1152391.836734693
jid_267738,804.0,121.0,1,388,25118,25118,25507,JobState.COMPLETED,0.6066147685050964,176.53061224489804,176.53061224489795,68493.87755102044
jid_267738,804.0,121.0,1,416,25118,25118,25535,JobState.COMPLETED,0.6066147685050964,176.53061224489807,176.53061224489795,73436.7346938776
jid_267738,804.0,121.0,1,430,25118,25118,25549,JobState.COMPLETED,0.6066147685050964,176.53061224489807,176.53061224489795,75908.16326530617
jid_267738,804.0,121.0,1,430,25118,25118,25549,JobState.COMPLETED,0.6066147685050964,176.53061224489807,176.53061224489795,75908.16326530617
jid_267738,804.0,121.0,1,451,25118,25118,25570,JobState.COMPLETED,0.6066147685050964,176.53061224489807,176.53061224489795,79615.30612244902
jid_267738,804.0,121.0,1,474,25118,25118,25593,JobState.COMPLETED,0.6066147685050964,176.53061224489807,176.53061224489795,83675.51020408169
jid_267738,804.0,121.0,1,476,25118,25118,25595,JobState.COMPLETED,0.6066147685050964,176.53061224489807,176.53061224489795,84028.57142857148
jid_267738,804.0,121.0,1,494,25118,25118,25613,JobState.COMPLETED,0.6066147685050964,176.53061224489807,176.53061224489795,87206.12244897964
jid_267738,804.0,121.0,1,497,25118,25118,25616,JobState.COMPLETED,0.6066147685050964,176.53061224489807,176.53061224489795,87735.71428571433
jid_267738,804.0,121.0,1,503,25118,25118,25622,JobState.COMPLETED,0.6066147685050964,176.53061224489807,176.53061224489795,88794.89795918373
jid_267738,804.0,121.0,1,503,25118,25118,25622,JobState.COMPLETED,0.6066147685050964,176.53061224489807,176.53061224489795,88794.89795918373
jid_267738,804.0,121.0,1,505,25118,25118,25624,JobState.COMPLETED,0.6066147685050964,176.53061224489807,176.53061224489795,89147.95918367352
jid_267738,804.0,121.0,1,508,25118,25118,25627,JobState.COMPLETED,0.6066147685050964,176.53061224489807,176.53061224489795,89677.55102040822
jid_267738,804.0,121.0,1,509,25118,25118,25628,JobState.COMPLETED,0.6066147685050964,176.53061224489807,176.53061224489795,89854.08163265312
jid_267738,804.0,121.0,1,511,25118,25118,25630,JobState.COMPLETED,0.6066147685050964,176.5306122448981,176.53061224489795,90207.14285714293
jid_267738,804.0,121.0,1,513,25118,25118,25632,JobState.COMPLETED,0.6066147685050964,176.5306122448981,176.53061224489795,90560.20408163272
jid_267738,804.0,121.0,1,514,25118,25118,25633,JobState.COMPLETED,0.6066147685050964,176.5306122448981,176.53061224489795,90736.73469387762
jid_267738,804.0,121.0,1,515,25118,25118,25634,JobState.COMPLETED,0.6066147685050964,176.5306122448981,176.53061224489795,90913.26530612251
jid_267738,804.0,121.0,1,515,25118,25118,25634,JobState.COMPLETED,0.6066147685050964,176.5306122448981,176.53061224489795,90913.26530612251
jid_267738,804.0,121.0,1,518,25118,25118,25637,JobState.COMPLETED,0.6066147685050964,176.5306122448981,176.53061224489795,91442.85714285722
jid_267738,804.0,121.0,1,519,25118,25118,25638,JobState.COMPLETED,0.6066147685050964,176.5306122448981,176.53061224489795,91619.38775510211
jid_267738,804.0,121.0,1,520,25118,25118,25639,JobState.COMPLETED,0.6066147685050964,176.5306122448981,176.53061224489795,91795.91836734701
jid_267738,804.0,121.0,1,520,25118,25118,25639,JobState.COMPLETED,0.6066147685050964,176.5306122448981,176.53061224489795,91795.91836734701
jid_267738,804.0,121.0,1,521,25118,25118,25640,JobState.COMPLETED,0.6066147685050964,176.5306122448981,176.53061224489795,91972.4489795919
jid_267738,804.0,121.0,1,523,25118,25118,25642,JobState.COMPLETED,0.6066147685050964,176.5306122448981,176.53061224489795,92325.5102040817
jid_267738,804.0,121.0,1,524,25118,25118,25643,JobState.COMPLETED,0.6066147685050964,176.5306122448981,176.53061224489795,92502.0408163266
jid_267738,804.0,121.0,1,525,25118,25118,25644,JobState.COMPLETED,0.6066147685050964,176.5306122448981,176.53061224489795,92678.5714285715
jid_267738,804.0,121.0,1,526,25118,25118,25645,JobState.COMPLETED,0.6066147685050964,176.5306122448981,176.53061224489795,92855.1020408164
jid_267749,21.0,20.0,1,22497,3191,3191,25689,JobState.COMPLETED,0.05985068529844284,176.53061224490628,176.53061224489795,3971409.1836736565
jid_267746,16571.0,242.0,4,713,25163,25163,25877,JobState.COMPLETED,0.2113795280456543,176.53061224489815,176.53061224489795,503465.3061224495
jid_270601,794.0,204.0,24,240,25919,25919,26160,JobState.COMPLETED,0.12054682523012161,176.53061224489784,176.53061224489795,1016816.3265306116
jid_267751,794.0,204.0,24,246,25921,25921,26168,JobState.COMPLETED,0.12054682523012161,176.53061224489784,176.53061224489795,1042236.7346938768
jid_270606,794.0,204.0,24,250,25919,25919,26170,JobState.COMPLETED,0.12054682523012161,176.53061224489784,176.53061224489795,1059183.673469387
jid_267755,794.0,204.0,24,249,25923,25923,26173,JobState.COMPLETED,0.12054682523012161,176.53061224489784,176.53061224489795,1054946.9387755096
jid_270617,794.0,204.0,24,259,25920,25920,26180,JobState.COMPLETED,0.12054682523012161,176.53061224489784,176.53061224489795,1097314.285714285
jid_270615,794.0,204.0,24,258,25921,25921,26180,JobState.COMPLETED,0.12054682523012161,176.53061224489784,176.53061224489795,1093077.5510204074
jid_267775,36589.0,233.0,1152,54,26938,26938,26993,JobState.COMPLETED,0.00990377552807331,176.53061224489792,176.53061224489795,10981616.32653061
jid_267781,794.0,204.0,24,245,26848,26848,27094,JobState.COMPLETED,0.12051115185022354,176.53061224489784,176.53061224489795,1037999.9999999993
jid_267788,794.0,204.0,24,254,26846,26846,27101,JobState.COMPLETED,0.12051115185022354,176.53061224489784,176.53061224489795,1076130.6122448973
jid_267787,794.0,204.0,24,253,26849,26849,27103,JobState.COMPLETED,0.12051115185022354,176.53061224489784,176.53061224489795,1071893.8775510197
jid_267790,794.0,204.0,24,255,26848,26848,27104,JobState.COMPLETED,0.12051115185022354,176.53061224489784,176.53061224489795,1080367.346938775
jid_267799,794.0,204.0,24,259,26846,26846,27106,JobState.COMPLETED,0.12051115185022354,176.53061224489784,176.53061224489795,1097314.285714285
jid_267803,794.0,204.0,24,259,26847,26847,27107,JobState.COMPLETED,0.12051115185022354,176.53061224489784,176.53061224489795,1097314.285714285
jid_267805,794.0,204.0,24,259,26847,26847,27107,JobState.COMPLETED,0.12051115185022354,176.53061224489784,176.53061224489795,1097314.285714285
jid_267800,794.0,204.0,24,261,26846,26846,27108,JobState.COMPLETED,0.12051115185022354,176.53061224489784,176.53061224489795,1105787.75510204
jid_267801,794.0,204.0,24,261,26846,26846,27108,JobState.COMPLETED,0.12051115185022354,176.53061224489784,176.53061224489795,1105787.75510204
jid_267798,794.0,204.0,24,259,26848,26848,27108,JobState.COMPLETED,0.12051115185022354,176.53061224489784,176.53061224489795,1097314.285714285
jid_267802,794.0,204.0,24,264,26845,26845,27110,JobState.COMPLETED,0.12051115185022354,176.53061224489784,176.53061224489795,1118497.959183673
jid_267809,794.0,204.0,24,265,26848,26848,27114,JobState.COMPLETED,0.12051115185022354,176.53061224489784,176.53061224489795,1122734.6938775503
jid_267816,951.0,121.0,1,62,27247,27247,27310,JobState.COMPLETED,0.6304499506950378,176.53061224489798,176.53061224489795,10944.897959183674
jid_267816,951.0,121.0,1,65,27247,27247,27313,JobState.COMPLETED,0.6304499506950378,176.53061224489798,176.53061224489795,11474.489795918369
jid_267816,951.0,121.0,1,65,27247,27247,27313,JobState.COMPLETED,0.6304499506950378,176.53061224489798,176.53061224489795,11474.489795918369
jid_267816,951.0,121.0,1,66,27247,27247,27314,JobState.COMPLETED,0.6304499506950378,176.53061224489798,176.53061224489795,11651.020408163267
jid_267816,951.0,121.0,1,67,27247,27247,27315,JobState.COMPLETED,0.6304499506950378,176.53061224489798,176.53061224489795,11827.551020408164
jid_267816,951.0,121.0,1,68,27247,27247,27316,JobState.COMPLETED,0.6304499506950378,176.53061224489798,176.53061224489795,12004.081632653062
jid_267816,951.0,121.0,1,68,27247,27247,27316,JobState.COMPLETED,0.6304499506950378,176.53061224489798,176.53061224489795,12004.081632653062
jid_267816,951.0,121.0,1,69,27247,27247,27317,JobState.COMPLETED,0.6304499506950378,176.53061224489798,176.53061224489795,12180.61224489796
jid_267816,951.0,121.0,1,70,27247,27247,27318,JobState.COMPLETED,0.6304499506950378,176.53061224489795,176.53061224489795,12357.142857142857
jid_267816,951.0,121.0,1,73,27247,27247,27321,JobState.COMPLETED,0.6304499506950378,176.53061224489795,176.53061224489795,12886.73469387755
jid_267816,951.0,121.0,1,73,27247,27247,27321,JobState.COMPLETED,0.6304499506950378,176.53061224489795,176.53061224489795,12886.73469387755
jid_267816,951.0,121.0,1,73,27247,27247,27321,JobState.COMPLETED,0.6304499506950378,176.53061224489795,176.53061224489795,12886.73469387755
jid_267816,951.0,121.0,1,73,27247,27247,27321,JobState.COMPLETED,0.6304499506950378,176.53061224489795,176.53061224489795,12886.73469387755
jid_267816,951.0,121.0,1,73,27247,27247,27321,JobState.COMPLETED,0.6304499506950378,176.53061224489795,176.53061224489795,12886.73469387755
jid_267816,951.0,121.0,1,73,27247,27247,27321,JobState.COMPLETED,0.6304499506950378,176.53061224489795,176.53061224489795,12886.73469387755
jid_267816,951.0,121.0,1,73,27247,27247,27321,JobState.COMPLETED,0.6304499506950378,176.53061224489795,176.53061224489795,12886.73469387755
jid_267816,951.0,121.0,1,74,27247,27247,27322,JobState.COMPLETED,0.6304499506950378,176.53061224489795,176.53061224489795,13063.265306122448
jid_267816,951.0,121.0,1,74,27247,27247,27322,JobState.COMPLETED,0.6304499506950378,176.53061224489795,176.53061224489795,13063.265306122448
jid_267816,951.0,121.0,1,74,27247,27247,27322,JobState.COMPLETED,0.6304499506950378,176.53061224489795,176.53061224489795,13063.265306122448
jid_267816,951.0,121.0,1,75,27247,27247,27323,JobState.COMPLETED,0.6304499506950378,176.53061224489795,176.53061224489795,13239.795918367347
jid_267816,951.0,121.0,1,75,27247,27247,27323,JobState.COMPLETED,0.6304499506950378,176.53061224489795,176.53061224489795,13239.795918367347
jid_267816,951.0,121.0,1,93,27247,27247,27341,JobState.COMPLETED,0.6304499506950378,176.53061224489792,176.53061224489795,16417.346938775507
jid_267816,951.0,121.0,1,95,27247,27247,27343,JobState.COMPLETED,0.6304499506950378,176.53061224489792,176.53061224489795,16770.408163265303
jid_267816,951.0,121.0,1,96,27247,27247,27344,JobState.COMPLETED,0.6304499506950378,176.53061224489792,176.53061224489795,16946.9387755102
jid_267816,951.0,121.0,1,104,27247,27247,27352,JobState.COMPLETED,0.6304499506950378,176.53061224489792,176.53061224489795,18359.183673469382
jid_267817,1062.0,121.0,1,63,27295,27295,27359,JobState.COMPLETED,0.6297425031661987,176.53061224489798,176.53061224489795,11121.428571428572
jid_267817,1062.0,121.0,1,65,27295,27295,27361,JobState.COMPLETED,0.6297425031661987,176.53061224489798,176.53061224489795,11474.489795918369
jid_267817,1062.0,121.0,1,65,27295,27295,27361,JobState.COMPLETED,0.6297425031661987,176.53061224489798,176.53061224489795,11474.489795918369
jid_267817,1062.0,121.0,1,68,27295,27295,27364,JobState.COMPLETED,0.6297425031661987,176.53061224489798,176.53061224489795,12004.081632653062
jid_267817,1062.0,121.0,1,68,27295,27295,27364,JobState.COMPLETED,0.6297425031661987,176.53061224489798,176.53061224489795,12004.081632653062
jid_267817,1062.0,121.0,1,68,27295,27295,27364,JobState.COMPLETED,0.6297425031661987,176.53061224489798,176.53061224489795,12004.081632653062
jid_267817,1062.0,121.0,1,69,27295,27295,27365,JobState.COMPLETED,0.6297425031661987,176.53061224489798,176.53061224489795,12180.61224489796
jid_267817,1062.0,121.0,1,70,27295,27295,27366,JobState.COMPLETED,0.6297425031661987,176.53061224489795,176.53061224489795,12357.142857142857
jid_267817,1062.0,121.0,1,70,27295,27295,27366,JobState.COMPLETED,0.6297425031661987,176.53061224489795,176.53061224489795,12357.142857142857
jid_267817,1062.0,121.0,1,71,27295,27295,27367,JobState.COMPLETED,0.6297425031661987,176.53061224489795,176.53061224489795,12533.673469387755
jid_267817,1062.0,121.0,1,71,27295,27295,27367,JobState.COMPLETED,0.6297425031661987,176.53061224489795,176.53061224489795,12533.673469387755
jid_267817,1062.0,121.0,1,72,27295,27295,27368,JobState.COMPLETED,0.6297425031661987,176.53061224489795,176.53061224489795,12710.204081632652
jid_267817,1062.0,121.0,1,73,27295,27295,27369,JobState.COMPLETED,0.6297425031661987,176.53061224489795,176.53061224489795,12886.73469387755
jid_267817,1062.0,121.0,1,73,27295,27295,27369,JobState.COMPLETED,0.6297425031661987,176.53061224489795,176.53061224489795,12886.73469387755
jid_267817,1062.0,121.0,1,73,27295,27295,27369,JobState.COMPLETED,0.6297425031661987,176.53061224489795,176.53061224489795,12886.73469387755
jid_267817,1062.0,121.0,1,74,27295,27295,27370,JobState.COMPLETED,0.6297425031661987,176.53061224489795,176.53061224489795,13063.265306122448
jid_267817,1062.0,121.0,1,74,27295,27295,27370,JobState.COMPLETED,0.6297425031661987,176.53061224489795,176.53061224489795,13063.265306122448
jid_267817,1062.0,121.0,1,74,27295,27295,27370,JobState.COMPLETED,0.6297425031661987,176.53061224489795,176.53061224489795,13063.265306122448
jid_267817,1062.0,121.0,1,75,27295,27295,27371,JobState.COMPLETED,0.6297425031661987,176.53061224489795,176.53061224489795,13239.795918367347
jid_267817,1062.0,121.0,1,75,27295,27295,27371,JobState.COMPLETED,0.6297425031661987,176.53061224489795,176.53061224489795,13239.795918367347
jid_267817,1062.0,121.0,1,75,27295,27295,27371,JobState.COMPLETED,0.6297425031661987,176.53061224489795,176.53061224489795,13239.795918367347
jid_267817,1062.0,121.0,1,75,27295,27295,27371,JobState.COMPLETED,0.6297425031661987,176.53061224489795,176.53061224489795,13239.795918367347
jid_267817,1062.0,121.0,1,75,27295,27295,27371,JobState.COMPLETED,0.6297425031661987,176.53061224489795,176.53061224489795,13239.795918367347
jid_267817,1062.0,121.0,1,76,27295,27295,27372,JobState.COMPLETED,0.6297425031661987,176.53061224489795,176.53061224489795,13416.326530612245
jid_267817,1062.0,121.0,1,76,27295,27295,27372,JobState.COMPLETED,0.6297425031661987,176.53061224489795,176.53061224489795,13416.326530612245
jid_267817,1062.0,121.0,1,76,27295,27295,27372,JobState.COMPLETED,0.6297425031661987,176.53061224489795,176.53061224489795,13416.326530612245
jid_267817,1062.0,121.0,1,76,27295,27295,27372,JobState.COMPLETED,0.6297425031661987,176.53061224489795,176.53061224489795,13416.326530612245
jid_267817,1062.0,121.0,1,77,27295,27295,27373,JobState.COMPLETED,0.6297425031661987,176.53061224489795,176.53061224489795,13592.857142857143
jid_267817,1062.0,121.0,1,77,27295,27295,27373,JobState.COMPLETED,0.6297425031661987,176.53061224489795,176.53061224489795,13592.857142857143
jid_267817,1062.0,121.0,1,80,27295,27295,27376,JobState.COMPLETED,0.6297425031661987,176.53061224489795,176.53061224489795,14122.448979591836
jid_267817,1062.0,121.0,1,82,27295,27295,27378,JobState.COMPLETED,0.6297425031661987,176.53061224489795,176.53061224489795,14475.510204081633
jid_267817,1062.0,121.0,1,89,27295,27295,27385,JobState.COMPLETED,0.6297425031661987,176.53061224489795,176.53061224489795,15711.224489795917
jid_267817,1062.0,121.0,1,97,27295,27295,27393,JobState.COMPLETED,0.6297425031661987,176.53061224489792,176.53061224489795,17123.4693877551
jid_267817,1062.0,121.0,1,103,27295,27295,27399,JobState.COMPLETED,0.6297425031661987,176.53061224489792,176.53061224489795,18182.653061224486
jid_267817,1062.0,121.0,1,104,27295,27295,27400,JobState.COMPLETED,0.6297425031661987,176.53061224489792,176.53061224489795,18359.183673469382
jid_267816,951.0,121.0,1,171,27247,27247,27419,JobState.COMPLETED,0.6304499506950378,176.5306122448979,176.53061224489795,30186.73469387754
jid_267817,1062.0,121.0,1,150,27295,27295,27446,JobState.COMPLETED,0.6297425031661987,176.5306122448979,176.53061224489795,26479.591836734686
jid_267816,951.0,121.0,1,266,27247,27247,27514,JobState.COMPLETED,0.6304499506950378,176.53061224489792,176.53061224489795,46957.14285714285
jid_267819,36589.0,233.0,1152,49,27554,27554,27604,JobState.COMPLETED,0.03526920825242996,176.53061224489795,176.53061224489795,9964800.0
jid_267820,946.0,121.0,1,61,27628,27628,27690,JobState.COMPLETED,0.6303359866142273,176.53061224489798,176.53061224489795,10768.367346938778
jid_267820,946.0,121.0,1,65,27628,27628,27694,JobState.COMPLETED,0.6303359866142273,176.53061224489798,176.53061224489795,11474.489795918369
jid_267820,946.0,121.0,1,65,27628,27628,27694,JobState.COMPLETED,0.6303359866142273,176.53061224489798,176.53061224489795,11474.489795918369
jid_267820,946.0,121.0,1,67,27628,27628,27696,JobState.COMPLETED,0.6303359866142273,176.53061224489798,176.53061224489795,11827.551020408164
jid_267820,946.0,121.0,1,68,27628,27628,27697,JobState.COMPLETED,0.6303359866142273,176.53061224489798,176.53061224489795,12004.081632653062
jid_267820,946.0,121.0,1,68,27628,27628,27697,JobState.COMPLETED,0.6303359866142273,176.53061224489798,176.53061224489795,12004.081632653062
jid_267820,946.0,121.0,1,69,27628,27628,27698,JobState.COMPLETED,0.6303359866142273,176.53061224489798,176.53061224489795,12180.61224489796
jid_267820,946.0,121.0,1,69,27628,27628,27698,JobState.COMPLETED,0.6303359866142273,176.53061224489798,176.53061224489795,12180.61224489796
jid_267820,946.0,121.0,1,70,27628,27628,27699,JobState.COMPLETED,0.6303359866142273,176.53061224489795,176.53061224489795,12357.142857142857
jid_267820,946.0,121.0,1,70,27628,27628,27699,JobState.COMPLETED,0.6303359866142273,176.53061224489795,176.53061224489795,12357.142857142857
jid_267820,946.0,121.0,1,70,27628,27628,27699,JobState.COMPLETED,0.6303359866142273,176.53061224489795,176.53061224489795,12357.142857142857
jid_267820,946.0,121.0,1,70,27628,27628,27699,JobState.COMPLETED,0.6303359866142273,176.53061224489795,176.53061224489795,12357.142857142857
jid_267820,946.0,121.0,1,71,27628,27628,27700,JobState.COMPLETED,0.6303359866142273,176.53061224489795,176.53061224489795,12533.673469387755
jid_267820,946.0,121.0,1,71,27628,27628,27700,JobState.COMPLETED,0.6303359866142273,176.53061224489795,176.53061224489795,12533.673469387755
jid_267820,946.0,121.0,1,72,27628,27628,27701,JobState.COMPLETED,0.6303359866142273,176.53061224489795,176.53061224489795,12710.204081632652
jid_267820,946.0,121.0,1,72,27628,27628,27701,JobState.COMPLETED,0.6303359866142273,176.53061224489795,176.53061224489795,12710.204081632652
jid_267820,946.0,121.0,1,72,27628,27628,27701,JobState.COMPLETED,0.6303359866142273,176.53061224489795,176.53061224489795,12710.204081632652
jid_267820,946.0,121.0,1,72,27628,27628,27701,JobState.COMPLETED,0.6303359866142273,176.53061224489795,176.53061224489795,12710.204081632652
jid_267820,946.0,121.0,1,73,27628,27628,27702,JobState.COMPLETED,0.6303359866142273,176.53061224489795,176.53061224489795,12886.73469387755
jid_267820,946.0,121.0,1,76,27628,27628,27705,JobState.COMPLETED,0.6303359866142273,176.53061224489795,176.53061224489795,13416.326530612245
jid_267820,946.0,121.0,1,77,27628,27628,27706,JobState.COMPLETED,0.6303359866142273,176.53061224489795,176.53061224489795,13592.857142857143
jid_267820,946.0,121.0,1,92,27628,27628,27721,JobState.COMPLETED,0.6303359866142273,176.53061224489792,176.53061224489795,16240.816326530608
jid_267820,946.0,121.0,1,93,27628,27628,27722,JobState.COMPLETED,0.6303359866142273,176.53061224489792,176.53061224489795,16417.346938775507
jid_267820,946.0,121.0,1,93,27628,27628,27722,JobState.COMPLETED,0.6303359866142273,176.53061224489792,176.53061224489795,16417.346938775507
jid_267820,946.0,121.0,1,98,27628,27628,27727,JobState.COMPLETED,0.6303359866142273,176.53061224489792,176.53061224489795,17299.999999999996
jid_267820,946.0,121.0,1,100,27628,27628,27729,JobState.COMPLETED,0.6303359866142273,176.53061224489792,176.53061224489795,17653.061224489793
jid_267820,946.0,121.0,1,101,27628,27628,27730,JobState.COMPLETED,0.6303359866142273,176.53061224489792,176.53061224489795,17829.59183673469
jid_267820,946.0,121.0,1,138,27628,27628,27767,JobState.COMPLETED,0.6303359866142273,176.5306122448979,176.53061224489795,24361.22448979591
jid_267820,946.0,121.0,1,138,27628,27628,27767,JobState.COMPLETED,0.6303359866142273,176.5306122448979,176.53061224489795,24361.22448979591
jid_267820,946.0,121.0,1,169,27628,27628,27798,JobState.COMPLETED,0.6303359866142273,176.5306122448979,176.53061224489795,29833.673469387744
jid_267822,230.0,121.0,64,13956,13908,13908,27865,JobState.COMPLETED,0.01988108828663826,176.5306122449034,176.53061224489795,157674318.3673518
jid_267827,794.0,204.0,24,251,27774,27774,28026,JobState.COMPLETED,0.1205897182226181,176.53061224489784,176.53061224489795,1063420.4081632646
jid_267855,794.0,204.0,24,252,27775,27775,28028,JobState.COMPLETED,0.1205897182226181,176.53061224489784,176.53061224489795,1067657.142857142
jid_267832,794.0,204.0,24,254,27774,27774,28029,JobState.COMPLETED,0.1205897182226181,176.53061224489784,176.53061224489795,1076130.6122448973
jid_267838,794.0,204.0,24,262,27773,27773,28036,JobState.COMPLETED,0.1205897182226181,176.53061224489784,176.53061224489795,1110024.4897959176
jid_267848,794.0,204.0,24,266,27772,27772,28039,JobState.COMPLETED,0.1205897182226181,176.53061224489784,176.53061224489795,1126971.4285714277
jid_267858,1069.0,121.0,1,418,27899,27899,28318,JobState.COMPLETED,0.6291167736053467,176.53061224489807,176.53061224489795,73789.7959183674
jid_267858,1069.0,121.0,1,420,27899,27899,28320,JobState.COMPLETED,0.6291167736053467,176.53061224489807,176.53061224489795,74142.85714285719
jid_267858,1069.0,121.0,1,469,27899,27899,28369,JobState.COMPLETED,0.6291167736053467,176.53061224489807,176.53061224489795,82792.85714285719
jid_267858,1069.0,121.0,1,481,27899,27899,28381,JobState.COMPLETED,0.6291167736053467,176.53061224489807,176.53061224489795,84911.22448979598
jid_267858,1069.0,121.0,1,490,27899,27899,28390,JobState.COMPLETED,0.6291167736053467,176.53061224489807,176.53061224489795,86500.00000000006
jid_267858,1069.0,121.0,1,495,27899,27899,28395,JobState.COMPLETED,0.6291167736053467,176.53061224489807,176.53061224489795,87382.65306122454
jid_267858,1069.0,121.0,1,495,27899,27899,28395,JobState.COMPLETED,0.6291167736053467,176.53061224489807,176.53061224489795,87382.65306122454
jid_267858,1069.0,121.0,1,505,27899,27899,28405,JobState.COMPLETED,0.6291167736053467,176.53061224489807,176.53061224489795,89147.95918367352
jid_267858,1069.0,121.0,1,506,27899,27899,28406,JobState.COMPLETED,0.6291167736053467,176.53061224489807,176.53061224489795,89324.48979591842
jid_267858,1069.0,121.0,1,509,27899,27899,28409,JobState.COMPLETED,0.6291167736053467,176.53061224489807,176.53061224489795,89854.08163265312
jid_267858,1069.0,121.0,1,512,27899,27899,28412,JobState.COMPLETED,0.6291167736053467,176.5306122448981,176.53061224489795,90383.67346938782
jid_267858,1069.0,121.0,1,517,27899,27899,28417,JobState.COMPLETED,0.6291167736053467,176.5306122448981,176.53061224489795,91266.32653061232
jid_267858,1069.0,121.0,1,519,27899,27899,28419,JobState.COMPLETED,0.6291167736053467,176.5306122448981,176.53061224489795,91619.38775510211
jid_267858,1069.0,121.0,1,524,27899,27899,28424,JobState.COMPLETED,0.6291167736053467,176.5306122448981,176.53061224489795,92502.0408163266
jid_267858,1069.0,121.0,1,525,27899,27899,28425,JobState.COMPLETED,0.6291167736053467,176.5306122448981,176.53061224489795,92678.5714285715
jid_267858,1069.0,121.0,1,530,27899,27899,28430,JobState.COMPLETED,0.6291167736053467,176.5306122448981,176.53061224489795,93561.22448979599
jid_267858,1069.0,121.0,1,531,27899,27899,28431,JobState.COMPLETED,0.6291167736053467,176.5306122448981,176.53061224489795,93737.75510204089
jid_267858,1069.0,121.0,1,533,27899,27899,28433,JobState.COMPLETED,0.6291167736053467,176.5306122448981,176.53061224489795,94090.81632653068
jid_267858,1069.0,121.0,1,534,27899,27899,28434,JobState.COMPLETED,0.6291167736053467,176.5306122448981,176.53061224489795,94267.34693877558
jid_267858,1069.0,121.0,1,550,27899,27899,28450,JobState.COMPLETED,0.6291167736053467,176.5306122448981,176.53061224489795,97091.83673469395
jid_267858,1069.0,121.0,1,553,27899,27899,28453,JobState.COMPLETED,0.6291167736053467,176.5306122448981,176.53061224489795,97621.42857142865
jid_267858,1069.0,121.0,1,557,27899,27899,28457,JobState.COMPLETED,0.6291167736053467,176.5306122448981,176.53061224489795,98327.55102040824
jid_267858,1069.0,121.0,1,562,27899,27899,28462,JobState.COMPLETED,0.6291167736053467,176.5306122448981,176.53061224489795,99210.20408163274
jid_267738,804.0,121.0,1,3365,25118,25118,28484,JobState.COMPLETED,0.6066147685050964,176.53061224489696,176.53061224489795,594025.5102040783
jid_267901,794.0,204.0,24,259,28701,28701,28961,JobState.COMPLETED,0.12064052373170853,176.53061224489784,176.53061224489795,1097314.285714285
jid_267902,794.0,204.0,24,258,28703,28703,28962,JobState.COMPLETED,0.12064052373170853,176.53061224489784,176.53061224489795,1093077.5510204074
jid_267870,794.0,204.0,24,262,28700,28700,28963,JobState.COMPLETED,0.12064052373170853,176.53061224489784,176.53061224489795,1110024.4897959176
jid_267873,794.0,204.0,24,259,28704,28704,28964,JobState.COMPLETED,0.12064052373170853,176.53061224489784,176.53061224489795,1097314.285714285
jid_267878,794.0,204.0,24,262,28703,28703,28966,JobState.COMPLETED,0.12064052373170853,176.53061224489784,176.53061224489795,1110024.4897959176
jid_267881,794.0,204.0,24,269,28700,28700,28970,JobState.COMPLETED,0.12064052373170853,176.53061224489784,176.53061224489795,1139681.6326530604
jid_267896,794.0,204.0,24,273,28701,28701,28975,JobState.COMPLETED,0.12064052373170853,176.53061224489784,176.53061224489795,1156628.5714285707
jid_267899,1067.0,121.0,1,414,28576,28576,28991,JobState.COMPLETED,0.6289947628974915,176.53061224489807,176.53061224489795,73083.6734693878
jid_267899,1067.0,121.0,1,429,28576,28576,29006,JobState.COMPLETED,0.6289947628974915,176.53061224489807,176.53061224489795,75731.63265306127
jid_267899,1067.0,121.0,1,433,28576,28576,29010,JobState.COMPLETED,0.6289947628974915,176.53061224489807,176.53061224489795,76437.75510204086
jid_267899,1067.0,121.0,1,446,28576,28576,29023,JobState.COMPLETED,0.6289947628974915,176.53061224489807,176.53061224489795,78732.65306122454
jid_267899,1067.0,121.0,1,471,28576,28576,29048,JobState.COMPLETED,0.6289947628974915,176.53061224489807,176.53061224489795,83145.918367347
jid_267899,1067.0,121.0,1,478,28576,28576,29055,JobState.COMPLETED,0.6289947628974915,176.53061224489807,176.53061224489795,84381.63265306127
jid_267899,1067.0,121.0,1,483,28576,28576,29060,JobState.COMPLETED,0.6289947628974915,176.53061224489807,176.53061224489795,85264.28571428577
jid_267899,1067.0,121.0,1,484,28576,28576,29061,JobState.COMPLETED,0.6289947628974915,176.53061224489807,176.53061224489795,85440.81632653066
jid_267899,1067.0,121.0,1,493,28576,28576,29070,JobState.COMPLETED,0.6289947628974915,176.53061224489807,176.53061224489795,87029.59183673475
jid_267899,1067.0,121.0,1,493,28576,28576,29070,JobState.COMPLETED,0.6289947628974915,176.53061224489807,176.53061224489795,87029.59183673475
jid_267899,1067.0,121.0,1,504,28576,28576,29081,JobState.COMPLETED,0.6289947628974915,176.53061224489807,176.53061224489795,88971.42857142862
jid_267899,1067.0,121.0,1,504,28576,28576,29081,JobState.COMPLETED,0.6289947628974915,176.53061224489807,176.53061224489795,88971.42857142862
jid_267899,1067.0,121.0,1,504,28576,28576,29081,JobState.COMPLETED,0.6289947628974915,176.53061224489807,176.53061224489795,88971.42857142862
jid_267899,1067.0,121.0,1,508,28576,28576,29085,JobState.COMPLETED,0.6289947628974915,176.53061224489807,176.53061224489795,89677.55102040822
jid_267899,1067.0,121.0,1,511,28576,28576,29088,JobState.COMPLETED,0.6289947628974915,176.5306122448981,176.53061224489795,90207.14285714293
jid_267899,1067.0,121.0,1,511,28576,28576,29088,JobState.COMPLETED,0.6289947628974915,176.5306122448981,176.53061224489795,90207.14285714293
jid_267899,1067.0,121.0,1,513,28576,28576,29090,JobState.COMPLETED,0.6289947628974915,176.5306122448981,176.53061224489795,90560.20408163272
jid_267899,1067.0,121.0,1,519,28576,28576,29096,JobState.COMPLETED,0.6289947628974915,176.5306122448981,176.53061224489795,91619.38775510211
jid_267899,1067.0,121.0,1,520,28576,28576,29097,JobState.COMPLETED,0.6289947628974915,176.5306122448981,176.53061224489795,91795.91836734701
jid_267899,1067.0,121.0,1,523,28576,28576,29100,JobState.COMPLETED,0.6289947628974915,176.5306122448981,176.53061224489795,92325.5102040817
jid_267899,1067.0,121.0,1,524,28576,28576,29101,JobState.COMPLETED,0.6289947628974915,176.5306122448981,176.53061224489795,92502.0408163266
jid_267899,1067.0,121.0,1,527,28576,28576,29104,JobState.COMPLETED,0.6289947628974915,176.5306122448981,176.53061224489795,93031.6326530613
jid_267899,1067.0,121.0,1,528,28576,28576,29105,JobState.COMPLETED,0.6289947628974915,176.5306122448981,176.53061224489795,93208.1632653062
jid_267899,1067.0,121.0,1,528,28576,28576,29105,JobState.COMPLETED,0.6289947628974915,176.5306122448981,176.53061224489795,93208.1632653062
jid_267899,1067.0,121.0,1,529,28576,28576,29106,JobState.COMPLETED,0.6289947628974915,176.5306122448981,176.53061224489795,93384.6938775511
jid_267899,1067.0,121.0,1,531,28576,28576,29108,JobState.COMPLETED,0.6289947628974915,176.5306122448981,176.53061224489795,93737.75510204089
jid_267899,1067.0,121.0,1,532,28576,28576,29109,JobState.COMPLETED,0.6289947628974915,176.5306122448981,176.53061224489795,93914.28571428578
jid_267899,1067.0,121.0,1,542,28576,28576,29119,JobState.COMPLETED,0.6289947628974915,176.5306122448981,176.53061224489795,95679.59183673476
jid_267907,103.0,59.0,1500,106,29185,29185,29292,JobState.COMPLETED,0.010316814295947552,176.53061224489792,176.53061224489795,28068367.34693877
jid_267946,794.0,204.0,24,257,29058,29058,29316,JobState.COMPLETED,0.12064851075410843,176.53061224489784,176.53061224489795,1088840.8163265297
jid_267927,794.0,204.0,24,261,29057,29057,29319,JobState.COMPLETED,0.12064851075410843,176.53061224489784,176.53061224489795,1105787.75510204
jid_267918,794.0,204.0,24,257,29061,29061,29319,JobState.COMPLETED,0.12064851075410843,176.53061224489784,176.53061224489795,1088840.8163265297
jid_267940,794.0,204.0,24,265,29057,29057,29323,JobState.COMPLETED,0.12064851075410843,176.53061224489784,176.53061224489795,1122734.6938775503
jid_267929,794.0,204.0,24,268,29056,29056,29325,JobState.COMPLETED,0.12064851075410843,176.53061224489784,176.53061224489795,1135444.897959183
jid_267939,794.0,204.0,24,266,29059,29059,29326,JobState.COMPLETED,0.12064851075410843,176.53061224489784,176.53061224489795,1126971.4285714277
jid_267942,794.0,204.0,24,268,29060,29060,29329,JobState.COMPLETED,0.12064851075410843,176.53061224489784,176.53061224489795,1135444.897959183
jid_267906,232.0,121.0,1,407,28940,28940,29348,JobState.COMPLETED,0.6303278803825378,176.53061224489804,176.53061224489795,71847.9591836735
jid_267906,232.0,121.0,1,423,28940,28940,29364,JobState.COMPLETED,0.6303278803825378,176.53061224489807,176.53061224489795,74672.44897959188
jid_267906,232.0,121.0,1,431,28940,28940,29372,JobState.COMPLETED,0.6303278803825378,176.53061224489807,176.53061224489795,76084.69387755106
jid_267906,232.0,121.0,1,439,28940,28940,29380,JobState.COMPLETED,0.6303278803825378,176.53061224489807,176.53061224489795,77496.93877551025
jid_267906,232.0,121.0,1,447,28940,28940,29388,JobState.COMPLETED,0.6303278803825378,176.53061224489807,176.53061224489795,78909.18367346944
jid_267906,232.0,121.0,1,454,28940,28940,29395,JobState.COMPLETED,0.6303278803825378,176.53061224489807,176.53061224489795,80144.89795918373
jid_267906,232.0,121.0,1,466,28940,28940,29407,JobState.COMPLETED,0.6303278803825378,176.53061224489807,176.53061224489795,82263.2653061225
jid_267906,232.0,121.0,1,470,28940,28940,29411,JobState.COMPLETED,0.6303278803825378,176.53061224489807,176.53061224489795,82969.38775510209
jid_267906,232.0,121.0,1,500,28940,28940,29441,JobState.COMPLETED,0.6303278803825378,176.53061224489807,176.53061224489795,88265.30612244904
jid_267906,232.0,121.0,1,507,28940,28940,29448,JobState.COMPLETED,0.6303278803825378,176.53061224489807,176.53061224489795,89501.02040816331
jid_267906,232.0,121.0,1,507,28940,28940,29448,JobState.COMPLETED,0.6303278803825378,176.53061224489807,176.53061224489795,89501.02040816331
jid_267906,232.0,121.0,1,513,28940,28940,29454,JobState.COMPLETED,0.6303278803825378,176.5306122448981,176.53061224489795,90560.20408163272
jid_267906,232.0,121.0,1,526,28940,28940,29467,JobState.COMPLETED,0.6303278803825378,176.5306122448981,176.53061224489795,92855.1020408164
jid_267906,232.0,121.0,1,533,28940,28940,29474,JobState.COMPLETED,0.6303278803825378,176.5306122448981,176.53061224489795,94090.81632653068
jid_267906,232.0,121.0,1,534,28940,28940,29475,JobState.COMPLETED,0.6303278803825378,176.5306122448981,176.53061224489795,94267.34693877558
jid_267906,232.0,121.0,1,534,28940,28940,29475,JobState.COMPLETED,0.6303278803825378,176.5306122448981,176.53061224489795,94267.34693877558
jid_267906,232.0,121.0,1,536,28940,28940,29477,JobState.COMPLETED,0.6303278803825378,176.5306122448981,176.53061224489795,94620.40816326538
jid_267906,232.0,121.0,1,540,28940,28940,29481,JobState.COMPLETED,0.6303278803825378,176.5306122448981,176.53061224489795,95326.53061224497
jid_267906,232.0,121.0,1,542,28940,28940,29483,JobState.COMPLETED,0.6303278803825378,176.5306122448981,176.53061224489795,95679.59183673476
jid_267906,232.0,121.0,1,543,28940,28940,29484,JobState.COMPLETED,0.6303278803825378,176.5306122448981,176.53061224489795,95856.12244897966
jid_267906,232.0,121.0,1,544,28940,28940,29485,JobState.COMPLETED,0.6303278803825378,176.5306122448981,176.53061224489795,96032.65306122457
jid_267906,232.0,121.0,1,544,28940,28940,29485,JobState.COMPLETED,0.6303278803825378,176.5306122448981,176.53061224489795,96032.65306122457
jid_267906,232.0,121.0,1,545,28940,28940,29486,JobState.COMPLETED,0.6303278803825378,176.5306122448981,176.53061224489795,96209.18367346947
jid_267906,232.0,121.0,1,547,28940,28940,29488,JobState.COMPLETED,0.6303278803825378,176.5306122448981,176.53061224489795,96562.24489795926
jid_267906,232.0,121.0,1,548,28940,28940,29489,JobState.COMPLETED,0.6303278803825378,176.5306122448981,176.53061224489795,96738.77551020416
jid_267906,232.0,121.0,1,549,28940,28940,29490,JobState.COMPLETED,0.6303278803825378,176.5306122448981,176.53061224489795,96915.30612244905
jid_267906,232.0,121.0,1,551,28940,28940,29492,JobState.COMPLETED,0.6303278803825378,176.5306122448981,176.53061224489795,97268.36734693885
jid_267906,232.0,121.0,1,552,28940,28940,29493,JobState.COMPLETED,0.6303278803825378,176.5306122448981,176.53061224489795,97444.89795918374
jid_267906,232.0,121.0,1,553,28940,28940,29494,JobState.COMPLETED,0.6303278803825378,176.5306122448981,176.53061224489795,97621.42857142865
jid_267906,232.0,121.0,1,556,28940,28940,29497,JobState.COMPLETED,0.6303278803825378,176.5306122448981,176.53061224489795,98151.02040816334
jid_267906,232.0,121.0,1,558,28940,28940,29499,JobState.COMPLETED,0.6303278803825378,176.5306122448981,176.53061224489795,98504.08163265313
jid_267906,232.0,121.0,1,568,28940,28940,29509,JobState.COMPLETED,0.6303278803825378,176.5306122448981,176.53061224489795,100269.38775510211
jid_267951,807.0,121.0,64,12938,16785,16875,29814,JobState.COMPLETED,0.00953838974237442,176.53061224490278,176.53061224489795,146172995.91837135
jid_267964,794.0,204.0,24,252,29646,29646,29899,JobState.COMPLETED,0.12062620371580124,176.53061224489784,176.53061224489795,1067657.142857142
jid_267962,794.0,204.0,24,254,29647,29647,29902,JobState.COMPLETED,0.12062620371580124,176.53061224489784,176.53061224489795,1076130.6122448973
jid_267953,794.0,204.0,24,252,29649,29649,29902,JobState.COMPLETED,0.12062620371580124,176.53061224489784,176.53061224489795,1067657.142857142
jid_267960,794.0,204.0,24,256,29647,29647,29904,JobState.COMPLETED,0.12062620371580124,176.53061224489784,176.53061224489795,1084604.0816326523
jid_267961,794.0,204.0,24,256,29649,29649,29906,JobState.COMPLETED,0.12062620371580124,176.53061224489784,176.53061224489795,1084604.0816326523
jid_267966,794.0,204.0,24,260,29646,29646,29907,JobState.COMPLETED,0.12062620371580124,176.53061224489784,176.53061224489795,1101551.0204081626
jid_267967,794.0,204.0,24,257,29649,29649,29907,JobState.COMPLETED,0.12062620371580124,176.53061224489784,176.53061224489795,1088840.8163265297
jid_267977,794.0,204.0,24,261,29647,29647,29909,JobState.COMPLETED,0.12062620371580124,176.53061224489784,176.53061224489795,1105787.75510204
jid_267979,794.0,204.0,24,264,29646,29646,29911,JobState.COMPLETED,0.12062620371580124,176.53061224489784,176.53061224489795,1118497.959183673
jid_267976,794.0,204.0,24,264,29646,29646,29911,JobState.COMPLETED,0.12062620371580124,176.53061224489784,176.53061224489795,1118497.959183673
jid_267981,794.0,204.0,24,262,29649,29649,29912,JobState.COMPLETED,0.12062620371580124,176.53061224489784,176.53061224489795,1110024.4897959176
jid_267982,794.0,204.0,24,264,29648,29648,29913,JobState.COMPLETED,0.12062620371580124,176.53061224489784,176.53061224489795,1118497.959183673
jid_267975,794.0,204.0,24,264,29649,29649,29914,JobState.COMPLETED,0.12062620371580124,176.53061224489784,176.53061224489795,1118497.959183673
jid_267992,818.0,121.0,1,476,29737,29737,30214,JobState.COMPLETED,0.6309588551521301,176.53061224489807,176.53061224489795,84028.57142857148
jid_267992,818.0,121.0,1,482,29737,29737,30220,JobState.COMPLETED,0.6309588551521301,176.53061224489807,176.53061224489795,85087.75510204087
jid_267992,818.0,121.0,1,484,29737,29737,30222,JobState.COMPLETED,0.6309588551521301,176.53061224489807,176.53061224489795,85440.81632653066
jid_267992,818.0,121.0,1,486,29737,29737,30224,JobState.COMPLETED,0.6309588551521301,176.53061224489807,176.53061224489795,85793.87755102046
jid_267992,818.0,121.0,1,489,29737,29737,30227,JobState.COMPLETED,0.6309588551521301,176.53061224489807,176.53061224489795,86323.46938775515
jid_267992,818.0,121.0,1,495,29737,29737,30233,JobState.COMPLETED,0.6309588551521301,176.53061224489807,176.53061224489795,87382.65306122454
jid_267992,818.0,121.0,1,496,29737,29737,30234,JobState.COMPLETED,0.6309588551521301,176.53061224489807,176.53061224489795,87559.18367346944
jid_267992,818.0,121.0,1,497,29737,29737,30235,JobState.COMPLETED,0.6309588551521301,176.53061224489807,176.53061224489795,87735.71428571433
jid_267992,818.0,121.0,1,499,29737,29737,30237,JobState.COMPLETED,0.6309588551521301,176.53061224489807,176.53061224489795,88088.77551020414
jid_267992,818.0,121.0,1,499,29737,29737,30237,JobState.COMPLETED,0.6309588551521301,176.53061224489807,176.53061224489795,88088.77551020414
jid_267992,818.0,121.0,1,502,29737,29737,30240,JobState.COMPLETED,0.6309588551521301,176.53061224489807,176.53061224489795,88618.36734693883
jid_267992,818.0,121.0,1,506,29737,29737,30244,JobState.COMPLETED,0.6309588551521301,176.53061224489807,176.53061224489795,89324.48979591842
jid_267992,818.0,121.0,1,510,29737,29737,30248,JobState.COMPLETED,0.6309588551521301,176.5306122448981,176.53061224489795,90030.61224489803
jid_267992,818.0,121.0,1,513,29737,29737,30251,JobState.COMPLETED,0.6309588551521301,176.5306122448981,176.53061224489795,90560.20408163272
jid_267992,818.0,121.0,1,518,29737,29737,30256,JobState.COMPLETED,0.6309588551521301,176.5306122448981,176.53061224489795,91442.85714285722
jid_267992,818.0,121.0,1,519,29737,29737,30257,JobState.COMPLETED,0.6309588551521301,176.5306122448981,176.53061224489795,91619.38775510211
jid_267992,818.0,121.0,1,520,29737,29737,30258,JobState.COMPLETED,0.6309588551521301,176.5306122448981,176.53061224489795,91795.91836734701
jid_267992,818.0,121.0,1,525,29737,29737,30263,JobState.COMPLETED,0.6309588551521301,176.5306122448981,176.53061224489795,92678.5714285715
jid_267992,818.0,121.0,1,526,29737,29737,30264,JobState.COMPLETED,0.6309588551521301,176.5306122448981,176.53061224489795,92855.1020408164
jid_267992,818.0,121.0,1,527,29737,29737,30265,JobState.COMPLETED,0.6309588551521301,176.5306122448981,176.53061224489795,93031.6326530613
jid_267992,818.0,121.0,1,542,29737,29737,30280,JobState.COMPLETED,0.6309588551521301,176.5306122448981,176.53061224489795,95679.59183673476
jid_267995,36637.0,122.0,1,32,30371,30371,30404,JobState.COMPLETED,1.0856221914291382,129.16124272029373,129.16124272029373,4133.159767049399
jid_267995,36637.0,122.0,1,32,30371,30371,30404,JobState.COMPLETED,1.0856221914291382,129.61947148286748,129.61947148286748,4147.823087451759
jid_267995,36637.0,122.0,1,32,30371,30371,30404,JobState.COMPLETED,1.0856221914291382,129.2824944138798,129.2824944138798,4137.039821244153
jid_267995,36637.0,122.0,1,32,30371,30371,30404,JobState.COMPLETED,1.0856221914291382,129.14520492953562,129.14520492953562,4132.64655774514
jid_267995,36637.0,122.0,1,32,30371,30371,30404,JobState.COMPLETED,1.0856221914291382,129.4360431603159,129.4360431603159,4141.953381130109
jid_267995,36637.0,122.0,1,32,30371,30371,30404,JobState.COMPLETED,1.0856221914291382,129.53651915946014,129.53651915946014,4145.1686131027245
jid_267995,36637.0,122.0,1,33,30371,30371,30405,JobState.COMPLETED,1.0856221914291382,129.13547743632842,129.13547743632842,4261.470755398837
jid_267995,36637.0,122.0,1,33,30371,30371,30405,JobState.COMPLETED,1.0856221914291382,129.3053980551249,129.3053980551249,4267.078135819122
jid_267995,36637.0,122.0,1,33,30371,30371,30405,JobState.COMPLETED,1.0856221914291382,128.94136148366402,128.94136148366402,4255.064928960913
jid_267995,36637.0,122.0,1,34,30371,30371,30406,JobState.COMPLETED,1.0856221914291382,128.97720472781106,128.97720472781106,4385.224960745576
jid_267995,36637.0,122.0,1,34,30371,30371,30406,JobState.COMPLETED,1.0856221914291382,129.06167785411748,129.06167785411748,4388.097047039994
jid_267995,36637.0,122.0,1,34,30371,30371,30406,JobState.COMPLETED,1.0856221914291382,129.35184500190962,129.35184500190962,4397.962730064927
jid_267995,36637.0,122.0,1,36,30371,30371,30408,JobState.COMPLETED,1.0856221914291382,129.3124655580936,129.3124655580936,4655.24876009137
jid_267995,36637.0,122.0,1,37,30371,30371,30409,JobState.COMPLETED,1.0856221914291382,129.06630229387133,129.06630229387133,4775.4531848732395
jid_267995,36637.0,122.0,1,37,30371,30371,30409,JobState.COMPLETED,1.0856221914291382,129.07535366923827,129.07535366923827,4775.788085761816
jid_267995,36637.0,122.0,1,37,30371,30371,30409,JobState.COMPLETED,1.0856221914291382,129.2386803755093,129.2386803755093,4781.831173893844
jid_267995,36637.0,122.0,1,37,30371,30371,30409,JobState.COMPLETED,1.0856221914291382,129.22994408511184,129.22994408511184,4781.507931149138
jid_267995,36637.0,122.0,1,38,30371,30371,30410,JobState.COMPLETED,1.0856221914291382,129.29938393605514,129.29938393605514,4913.376589570095
jid_267995,36637.0,122.0,1,38,30371,30371,30410,JobState.COMPLETED,1.0856221914291382,129.39076353412196,129.39076353412196,4916.849014296635
jid_268002,946.0,121.0,1,0,30765,30765,30766,JobState.COMPLETED,0.6305123567581177,176.53061224489795,176.53061224489795,0.0
jid_268002,946.0,121.0,1,0,30765,30765,30766,JobState.COMPLETED,0.6305123567581177,176.53061224489795,176.53061224489795,0.0
jid_268002,946.0,121.0,1,0,30765,30765,30765,JobState.COMPLETED,0.6305123567581177,176.53061224489795,176.53061224489795,0.0
jid_268002,946.0,121.0,1,0,30765,30765,30766,JobState.COMPLETED,0.6305123567581177,176.53061224489795,176.53061224489795,0.0
jid_268002,946.0,121.0,1,0,30765,30765,30765,JobState.COMPLETED,0.6305123567581177,176.53061224489795,176.53061224489795,0.0
jid_268002,946.0,121.0,1,0,30765,30765,30766,JobState.COMPLETED,0.6305123567581177,176.53061224489795,176.53061224489795,0.0
jid_268002,946.0,121.0,1,0,30765,30765,30766,JobState.COMPLETED,0.6305123567581177,176.53061224489795,176.53061224489795,0.0
jid_268002,946.0,121.0,1,0,30765,30765,30766,JobState.COMPLETED,0.6305123567581177,176.53061224489795,176.53061224489795,0.0
jid_268002,946.0,121.0,1,0,30765,30765,30766,JobState.COMPLETED,0.6305123567581177,176.53061224489795,176.53061224489795,0.0
jid_268002,946.0,121.0,1,0,30765,30765,30765,JobState.COMPLETED,0.6305123567581177,176.53061224489795,176.53061224489795,0.0
jid_268002,946.0,121.0,1,0,30765,30765,30765,JobState.COMPLETED,0.6305123567581177,176.53061224489795,176.53061224489795,0.0
jid_268002,946.0,121.0,1,0,30765,30765,30766,JobState.COMPLETED,0.6305123567581177,176.53061224489795,176.53061224489795,0.0
jid_268002,946.0,121.0,1,0,30765,30765,30766,JobState.COMPLETED,0.6305123567581177,176.53061224489795,176.53061224489795,0.0
jid_268002,946.0,121.0,1,0,30765,30765,30765,JobState.COMPLETED,0.6305123567581177,176.53061224489795,176.53061224489795,0.0
jid_268002,946.0,121.0,1,0,30765,30765,30766,JobState.COMPLETED,0.6305123567581177,176.53061224489795,176.53061224489795,0.0
jid_268002,946.0,121.0,1,0,30765,30765,30765,JobState.COMPLETED,0.6305123567581177,176.53061224489795,176.53061224489795,0.0
jid_268002,946.0,121.0,1,0,30765,30765,30765,JobState.COMPLETED,0.6305123567581177,176.53061224489795,176.53061224489795,0.0
jid_268002,946.0,121.0,1,0,30765,30765,30766,JobState.COMPLETED,0.6305123567581177,176.53061224489795,176.53061224489795,0.0
jid_268002,946.0,121.0,1,0,30765,30765,30766,JobState.COMPLETED,0.6305123567581177,176.53061224489795,176.53061224489795,0.0
jid_268002,946.0,121.0,1,0,30765,30765,30765,JobState.COMPLETED,0.6305123567581177,176.53061224489795,176.53061224489795,0.0
jid_268002,946.0,121.0,1,0,30765,30765,30766,JobState.COMPLETED,0.6305123567581177,176.53061224489795,176.53061224489795,0.0
jid_268002,946.0,121.0,1,0,30765,30765,30765,JobState.COMPLETED,0.6305123567581177,176.53061224489795,176.53061224489795,0.0
jid_268002,946.0,121.0,1,0,30765,30765,30765,JobState.COMPLETED,0.6305123567581177,176.53061224489795,176.53061224489795,0.0
jid_268003,36637.0,122.0,1,32,30741,30741,30774,JobState.COMPLETED,1.0857669115066528,128.59658108945402,128.59658108945402,4115.090594862529
jid_268003,36637.0,122.0,1,32,30741,30741,30774,JobState.COMPLETED,1.0857669115066528,127.209665329718,127.209665329718,4070.709290550976
jid_268003,36637.0,122.0,1,33,30741,30741,30775,JobState.COMPLETED,1.0857669115066528,128.84422124281528,128.84422124281528,4251.859301012904
jid_268003,36637.0,122.0,1,33,30741,30741,30775,JobState.COMPLETED,1.0857669115066528,128.88736854242103,128.88736854242103,4253.283161899894
jid_268003,36637.0,122.0,1,33,30741,30741,30775,JobState.COMPLETED,1.0857669115066528,127.7694877760906,127.7694877760906,4216.39309661099
jid_268003,36637.0,122.0,1,33,30741,30741,30775,JobState.COMPLETED,1.0857669115066528,128.15676864714177,128.15676864714177,4229.1733653556785
jid_268003,36637.0,122.0,1,33,30741,30741,30775,JobState.COMPLETED,1.0857669115066528,128.7936834886308,128.7936834886308,4250.191555124816
jid_268003,36637.0,122.0,1,33,30741,30741,30775,JobState.COMPLETED,1.0857669115066528,128.9854739605349,128.9854739605349,4256.520640697652
jid_268003,36637.0,122.0,1,34,30741,30741,30776,JobState.COMPLETED,1.0857669115066528,127.49838531038372,127.49838531038372,4334.945100553046
jid_268003,36637.0,122.0,1,34,30741,30741,30776,JobState.COMPLETED,1.0857669115066528,128.03122888520187,128.03122888520187,4353.061782096864
jid_268003,36637.0,122.0,1,34,30741,30741,30776,JobState.COMPLETED,1.0857669115066528,128.170421182104,128.170421182104,4357.794320191536
jid_268003,36637.0,122.0,1,34,30741,30741,30776,JobState.COMPLETED,1.0857669115066528,128.7407391420643,128.7407391420643,4377.185130830187
jid_268003,36637.0,122.0,1,34,30741,30741,30776,JobState.COMPLETED,1.0857669115066528,126.9647898451389,126.9647898451389,4316.802854734722
jid_268003,36637.0,122.0,1,34,30741,30741,30776,JobState.COMPLETED,1.0857669115066528,128.29566663642422,128.29566663642422,4362.052665638424
jid_268003,36637.0,122.0,1,34,30741,30741,30776,JobState.COMPLETED,1.0857669115066528,127.74211270463758,127.74211270463758,4343.231831957678
jid_268003,36637.0,122.0,1,35,30741,30741,30777,JobState.COMPLETED,1.0857669115066528,127.69116015985017,127.69116015985017,4469.190605594756
jid_268003,36637.0,122.0,1,35,30741,30741,30777,JobState.COMPLETED,1.0857669115066528,127.16613736295118,127.16613736295118,4450.814807703291
jid_268003,36637.0,122.0,1,35,30741,30741,30777,JobState.COMPLETED,1.0857669115066528,127.34792405406228,127.34792405406228,4457.177341892179
jid_268003,36637.0,122.0,1,36,30741,30741,30778,JobState.COMPLETED,1.0857669115066528,127.29677176883399,127.29677176883399,4582.683783678023
jid_268003,36637.0,122.0,1,37,30741,30741,30779,JobState.COMPLETED,1.0857669115066528,126.58222055785139,126.58222055785139,4683.542160640502
jid_268007,794.0,204.0,24,251,30567,30567,30819,JobState.COMPLETED,0.12061548233032227,176.53061224489784,176.53061224489795,1063420.4081632646
jid_268015,794.0,204.0,24,254,30566,30566,30821,JobState.COMPLETED,0.12061548233032227,176.53061224489784,176.53061224489795,1076130.6122448973
jid_268025,794.0,204.0,24,259,30566,30566,30826,JobState.COMPLETED,0.12061548233032227,176.53061224489784,176.53061224489795,1097314.285714285
jid_268022,794.0,204.0,24,258,30567,30567,30826,JobState.COMPLETED,0.12061548233032227,176.53061224489784,176.53061224489795,1093077.5510204074
jid_268030,794.0,204.0,24,263,30567,30567,30831,JobState.COMPLETED,0.12061548233032227,176.53061224489784,176.53061224489795,1114261.224489795
jid_268096,1407.0000000000018,191.0,24,30880,-1162,0,30881,JobState.COMPLETED,0.009816145524382591,176.53061224489286,176.53061224489795,130830367.346935
jid_268035,911.0,121.0,1,64,30822,30822,30887,JobState.COMPLETED,0.6311278939247131,176.53061224489798,176.53061224489795,11297.95918367347
jid_268035,911.0,121.0,1,66,30822,30822,30889,JobState.COMPLETED,0.6311278939247131,176.53061224489798,176.53061224489795,11651.020408163267
jid_268035,911.0,121.0,1,66,30822,30822,30889,JobState.COMPLETED,0.6311278939247131,176.53061224489798,176.53061224489795,11651.020408163267
jid_268035,911.0,121.0,1,69,30822,30822,30892,JobState.COMPLETED,0.6311278939247131,176.53061224489798,176.53061224489795,12180.61224489796
jid_268035,911.0,121.0,1,69,30822,30822,30892,JobState.COMPLETED,0.6311278939247131,176.53061224489798,176.53061224489795,12180.61224489796
jid_268035,911.0,121.0,1,70,30822,30822,30893,JobState.COMPLETED,0.6311278939247131,176.53061224489795,176.53061224489795,12357.142857142857
jid_268035,911.0,121.0,1,70,30822,30822,30893,JobState.COMPLETED,0.6311278939247131,176.53061224489795,176.53061224489795,12357.142857142857
jid_268035,911.0,121.0,1,71,30822,30822,30894,JobState.COMPLETED,0.6311278939247131,176.53061224489795,176.53061224489795,12533.673469387755
jid_268035,911.0,121.0,1,71,30822,30822,30894,JobState.COMPLETED,0.6311278939247131,176.53061224489795,176.53061224489795,12533.673469387755
jid_268035,911.0,121.0,1,71,30822,30822,30894,JobState.COMPLETED,0.6311278939247131,176.53061224489795,176.53061224489795,12533.673469387755
jid_268035,911.0,121.0,1,71,30822,30822,30894,JobState.COMPLETED,0.6311278939247131,176.53061224489795,176.53061224489795,12533.673469387755
jid_268035,911.0,121.0,1,71,30822,30822,30894,JobState.COMPLETED,0.6311278939247131,176.53061224489795,176.53061224489795,12533.673469387755
jid_268035,911.0,121.0,1,71,30822,30822,30894,JobState.COMPLETED,0.6311278939247131,176.53061224489795,176.53061224489795,12533.673469387755
jid_268035,911.0,121.0,1,71,30822,30822,30894,JobState.COMPLETED,0.6311278939247131,176.53061224489795,176.53061224489795,12533.673469387755
jid_268035,911.0,121.0,1,71,30822,30822,30894,JobState.COMPLETED,0.6311278939247131,176.53061224489795,176.53061224489795,12533.673469387755
jid_268035,911.0,121.0,1,72,30822,30822,30895,JobState.COMPLETED,0.6311278939247131,176.53061224489795,176.53061224489795,12710.204081632652
jid_268035,911.0,121.0,1,72,30822,30822,30895,JobState.COMPLETED,0.6311278939247131,176.53061224489795,176.53061224489795,12710.204081632652
jid_268035,911.0,121.0,1,72,30822,30822,30895,JobState.COMPLETED,0.6311278939247131,176.53061224489795,176.53061224489795,12710.204081632652
jid_268035,911.0,121.0,1,74,30822,30822,30897,JobState.COMPLETED,0.6311278939247131,176.53061224489795,176.53061224489795,13063.265306122448
jid_268035,911.0,121.0,1,74,30822,30822,30897,JobState.COMPLETED,0.6311278939247131,176.53061224489795,176.53061224489795,13063.265306122448
jid_268035,911.0,121.0,1,74,30822,30822,30897,JobState.COMPLETED,0.6311278939247131,176.53061224489795,176.53061224489795,13063.265306122448
jid_268035,911.0,121.0,1,75,30822,30822,30898,JobState.COMPLETED,0.6311278939247131,176.53061224489795,176.53061224489795,13239.795918367347
jid_268035,911.0,121.0,1,76,30822,30822,30899,JobState.COMPLETED,0.6311278939247131,176.53061224489795,176.53061224489795,13416.326530612245
jid_268035,911.0,121.0,1,82,30822,30822,30905,JobState.COMPLETED,0.6311278939247131,176.53061224489795,176.53061224489795,14475.510204081633
jid_268035,911.0,121.0,1,94,30822,30822,30917,JobState.COMPLETED,0.6311278939247131,176.53061224489792,176.53061224489795,16593.877551020403
jid_268035,911.0,121.0,1,95,30822,30822,30918,JobState.COMPLETED,0.6311278939247131,176.53061224489792,176.53061224489795,16770.408163265303
jid_268035,911.0,121.0,1,97,30822,30822,30920,JobState.COMPLETED,0.6311278939247131,176.53061224489792,176.53061224489795,17123.4693877551
jid_268035,911.0,121.0,1,98,30822,30822,30921,JobState.COMPLETED,0.6311278939247131,176.53061224489792,176.53061224489795,17299.999999999996
jid_268035,911.0,121.0,1,98,30822,30822,30921,JobState.COMPLETED,0.6311278939247131,176.53061224489792,176.53061224489795,17299.999999999996
jid_268035,911.0,121.0,1,100,30822,30822,30923,JobState.COMPLETED,0.6311278939247131,176.53061224489792,176.53061224489795,17653.061224489793
jid_268035,911.0,121.0,1,100,30822,30822,30923,JobState.COMPLETED,0.6311278939247131,176.53061224489792,176.53061224489795,17653.061224489793
jid_268035,911.0,121.0,1,101,30822,30822,30924,JobState.COMPLETED,0.6311278939247131,176.53061224489792,176.53061224489795,17829.59183673469
jid_268035,911.0,121.0,1,103,30822,30822,30926,JobState.COMPLETED,0.6311278939247131,176.53061224489792,176.53061224489795,18182.653061224486
jid_268046,105.0,121.0,2,15,30961,30961,30977,JobState.COMPLETED,1.0621477365493774,176.53061224489795,176.53061224489795,5295.918367346939
jid_268051,1054.0,121.0,1,68,31007,31007,31076,JobState.COMPLETED,0.629223108291626,176.53061224489798,176.53061224489795,12004.081632653062
jid_268051,1054.0,121.0,1,70,31007,31007,31078,JobState.COMPLETED,0.629223108291626,176.53061224489795,176.53061224489795,12357.142857142857
jid_268051,1054.0,121.0,1,70,31007,31007,31078,JobState.COMPLETED,0.629223108291626,176.53061224489795,176.53061224489795,12357.142857142857
jid_268051,1054.0,121.0,1,70,31007,31007,31078,JobState.COMPLETED,0.629223108291626,176.53061224489795,176.53061224489795,12357.142857142857
jid_268051,1054.0,121.0,1,70,31007,31007,31078,JobState.COMPLETED,0.629223108291626,176.53061224489795,176.53061224489795,12357.142857142857
jid_268051,1054.0,121.0,1,70,31007,31007,31078,JobState.COMPLETED,0.629223108291626,176.53061224489795,176.53061224489795,12357.142857142857
jid_268051,1054.0,121.0,1,71,31007,31007,31079,JobState.COMPLETED,0.629223108291626,176.53061224489795,176.53061224489795,12533.673469387755
jid_268051,1054.0,121.0,1,71,31007,31007,31079,JobState.COMPLETED,0.629223108291626,176.53061224489795,176.53061224489795,12533.673469387755
jid_268051,1054.0,121.0,1,71,31007,31007,31079,JobState.COMPLETED,0.629223108291626,176.53061224489795,176.53061224489795,12533.673469387755
jid_268051,1054.0,121.0,1,71,31007,31007,31079,JobState.COMPLETED,0.629223108291626,176.53061224489795,176.53061224489795,12533.673469387755
jid_268051,1054.0,121.0,1,71,31007,31007,31079,JobState.COMPLETED,0.629223108291626,176.53061224489795,176.53061224489795,12533.673469387755
jid_268051,1054.0,121.0,1,71,31007,31007,31079,JobState.COMPLETED,0.629223108291626,176.53061224489795,176.53061224489795,12533.673469387755
jid_268051,1054.0,121.0,1,71,31007,31007,31079,JobState.COMPLETED,0.629223108291626,176.53061224489795,176.53061224489795,12533.673469387755
jid_268051,1054.0,121.0,1,71,31007,31007,31079,JobState.COMPLETED,0.629223108291626,176.53061224489795,176.53061224489795,12533.673469387755
jid_268051,1054.0,121.0,1,72,31007,31007,31080,JobState.COMPLETED,0.629223108291626,176.53061224489795,176.53061224489795,12710.204081632652
jid_268051,1054.0,121.0,1,72,31007,31007,31080,JobState.COMPLETED,0.629223108291626,176.53061224489795,176.53061224489795,12710.204081632652
jid_268051,1054.0,121.0,1,73,31007,31007,31081,JobState.COMPLETED,0.629223108291626,176.53061224489795,176.53061224489795,12886.73469387755
jid_268051,1054.0,121.0,1,74,31007,31007,31082,JobState.COMPLETED,0.629223108291626,176.53061224489795,176.53061224489795,13063.265306122448
jid_268051,1054.0,121.0,1,74,31007,31007,31082,JobState.COMPLETED,0.629223108291626,176.53061224489795,176.53061224489795,13063.265306122448
jid_268051,1054.0,121.0,1,75,31007,31007,31083,JobState.COMPLETED,0.629223108291626,176.53061224489795,176.53061224489795,13239.795918367347
jid_268051,1054.0,121.0,1,75,31007,31007,31083,JobState.COMPLETED,0.629223108291626,176.53061224489795,176.53061224489795,13239.795918367347
jid_268051,1054.0,121.0,1,75,31007,31007,31083,JobState.COMPLETED,0.629223108291626,176.53061224489795,176.53061224489795,13239.795918367347
jid_268051,1054.0,121.0,1,79,31007,31007,31087,JobState.COMPLETED,0.629223108291626,176.53061224489795,176.53061224489795,13945.918367346938
jid_268051,1054.0,121.0,1,96,31007,31007,31104,JobState.COMPLETED,0.629223108291626,176.53061224489792,176.53061224489795,16946.9387755102
jid_268051,1054.0,121.0,1,97,31007,31007,31105,JobState.COMPLETED,0.629223108291626,176.53061224489792,176.53061224489795,17123.4693877551
jid_268051,1054.0,121.0,1,99,31007,31007,31107,JobState.COMPLETED,0.629223108291626,176.53061224489792,176.53061224489795,17476.530612244893
jid_268051,1054.0,121.0,1,100,31007,31007,31108,JobState.COMPLETED,0.629223108291626,176.53061224489792,176.53061224489795,17653.061224489793
jid_268052,36637.0,122.0,1,27,31112,31112,31140,JobState.COMPLETED,1.0849452018737793,140.22507537930156,140.22507537930156,3786.077035241142
jid_268052,36637.0,122.0,1,33,31112,31112,31146,JobState.COMPLETED,1.0849452018737793,128.2922791440312,128.2922791440312,4233.64521175303
jid_268052,36637.0,122.0,1,33,31112,31112,31146,JobState.COMPLETED,1.0849452018737793,125.9633257461189,125.9633257461189,4156.789749621924
jid_268052,36637.0,122.0,1,33,31112,31112,31146,JobState.COMPLETED,1.0849452018737793,128.11247563896643,128.11247563896643,4227.711696085892
jid_268052,36637.0,122.0,1,33,31112,31112,31146,JobState.COMPLETED,1.0849452018737793,127.83298777989523,127.83298777989523,4218.488596736543
jid_268052,36637.0,122.0,1,34,31112,31112,31147,JobState.COMPLETED,1.0849452018737793,128.13694065060122,128.13694065060122,4356.655982120441
jid_268052,36637.0,122.0,1,34,31112,31112,31147,JobState.COMPLETED,1.0849452018737793,127.6036822928341,127.6036822928341,4338.525197956359
jid_268052,36637.0,122.0,1,35,31112,31112,31148,JobState.COMPLETED,1.0849452018737793,128.82350498926917,128.82350498926917,4508.822674624421
jid_268052,36637.0,122.0,1,36,31112,31112,31149,JobState.COMPLETED,1.0849452018737793,128.0186949304877,128.0186949304877,4608.673017497557
jid_268052,36637.0,122.0,1,36,31112,31112,31149,JobState.COMPLETED,1.0849452018737793,127.36519502802784,127.36519502802784,4585.147021009002
jid_268052,36637.0,122.0,1,37,31112,31112,31150,JobState.COMPLETED,1.0849452018737793,128.27798972015324,128.27798972015324,4746.28561964567
jid_268052,36637.0,122.0,1,37,31112,31112,31150,JobState.COMPLETED,1.0849452018737793,127.41623350732063,127.41623350732063,4714.400639770864
jid_268052,36637.0,122.0,1,37,31112,31112,31150,JobState.COMPLETED,1.0849452018737793,127.06243787337628,127.06243787337628,4701.310201314923
jid_268052,36637.0,122.0,1,38,31112,31112,31151,JobState.COMPLETED,1.0849452018737793,127.30098258757184,127.30098258757184,4837.43733832773
jid_268052,36637.0,122.0,1,39,31112,31112,31152,JobState.COMPLETED,1.0849452018737793,126.0685329261416,126.0685329261416,4916.6727841195225
jid_268072,794.0,204.0,24,251,30917,30917,31169,JobState.COMPLETED,0.1206369549036026,176.53061224489784,176.53061224489795,1063420.4081632646
jid_268071,794.0,204.0,24,254,30918,30918,31173,JobState.COMPLETED,0.1206369549036026,176.53061224489784,176.53061224489795,1076130.6122448973
jid_268083,2545.0,54.0,5376,92,31323,31323,31416,JobState.COMPLETED,0.005234427750110626,116.37919412012137,116.37919412012137,57560218.37825907
jid_268084,36640.0,396.0,5,633,30923,30923,31557,JobState.COMPLETED,0.36025118827819824,176.53061224489795,176.53061224489795,558719.387755102
jid_268088,36589.0,233.0,1152,41,31615,31615,31657,JobState.COMPLETED,0.02522697113454342,176.53061224489795,176.53061224489795,8337893.87755102
jid_268103,1103.0,121.0,1,0,31729,31729,31730,JobState.COMPLETED,0.645058274269104,176.53061224489795,176.53061224489795,0.0
jid_268103,1103.0,121.0,1,0,31729,31729,31730,JobState.COMPLETED,0.645058274269104,176.53061224489795,176.53061224489795,0.0
jid_268103,1103.0,121.0,1,0,31729,31729,31729,JobState.COMPLETED,0.645058274269104,176.53061224489795,176.53061224489795,0.0
jid_268103,1103.0,121.0,1,0,31729,31729,31729,JobState.COMPLETED,0.645058274269104,176.53061224489795,176.53061224489795,0.0
jid_268103,1103.0,121.0,1,0,31729,31729,31730,JobState.COMPLETED,0.645058274269104,176.53061224489795,176.53061224489795,0.0
jid_268103,1103.0,121.0,1,0,31729,31729,31729,JobState.COMPLETED,0.645058274269104,176.53061224489795,176.53061224489795,0.0
jid_268103,1103.0,121.0,1,0,31729,31729,31729,JobState.COMPLETED,0.645058274269104,176.53061224489795,176.53061224489795,0.0
jid_268103,1103.0,121.0,1,0,31729,31729,31730,JobState.COMPLETED,0.645058274269104,176.53061224489795,176.53061224489795,0.0
jid_268103,1103.0,121.0,1,0,31729,31729,31729,JobState.COMPLETED,0.645058274269104,176.53061224489795,176.53061224489795,0.0
jid_268103,1103.0,121.0,1,0,31729,31729,31729,JobState.COMPLETED,0.645058274269104,176.53061224489795,176.53061224489795,0.0
jid_268103,1103.0,121.0,1,0,31729,31729,31729,JobState.COMPLETED,0.645058274269104,176.53061224489795,176.53061224489795,0.0
jid_268103,1103.0,121.0,1,0,31729,31729,31729,JobState.COMPLETED,0.645058274269104,176.53061224489795,176.53061224489795,0.0
jid_268103,1103.0,121.0,1,0,31729,31729,31730,JobState.COMPLETED,0.645058274269104,176.53061224489795,176.53061224489795,0.0
jid_268103,1103.0,121.0,1,0,31729,31729,31730,JobState.COMPLETED,0.645058274269104,176.53061224489795,176.53061224489795,0.0
jid_268103,1103.0,121.0,1,0,31729,31729,31730,JobState.COMPLETED,0.645058274269104,176.53061224489795,176.53061224489795,0.0
jid_268103,1103.0,121.0,1,0,31729,31729,31729,JobState.COMPLETED,0.645058274269104,176.53061224489795,176.53061224489795,0.0
jid_268103,1103.0,121.0,1,0,31729,31729,31730,JobState.COMPLETED,0.645058274269104,176.53061224489795,176.53061224489795,0.0
jid_268103,1103.0,121.0,1,0,31729,31729,31729,JobState.COMPLETED,0.645058274269104,176.53061224489795,176.53061224489795,0.0
jid_268103,1103.0,121.0,1,0,31729,31729,31730,JobState.COMPLETED,0.645058274269104,176.53061224489795,176.53061224489795,0.0
jid_268103,1103.0,121.0,1,0,31729,31729,31730,JobState.COMPLETED,0.645058274269104,176.53061224489795,176.53061224489795,0.0
jid_268103,1103.0,121.0,1,0,31729,31729,31730,JobState.COMPLETED,0.645058274269104,176.53061224489795,176.53061224489795,0.0
jid_268103,1103.0,121.0,1,0,31729,31729,31730,JobState.COMPLETED,0.645058274269104,176.53061224489795,176.53061224489795,0.0
jid_268103,1103.0,121.0,1,0,31729,31729,31730,JobState.COMPLETED,0.645058274269104,176.53061224489795,176.53061224489795,0.0
jid_268108,1046.0,121.0,1,0,31733,31733,31734,JobState.COMPLETED,0.6484727263450623,176.53061224489795,176.53061224489795,0.0
jid_268108,1046.0,121.0,1,0,31733,31733,31733,JobState.COMPLETED,0.6484727263450623,176.53061224489795,176.53061224489795,0.0
jid_268108,1046.0,121.0,1,0,31733,31733,31734,JobState.COMPLETED,0.6484727263450623,176.53061224489795,176.53061224489795,0.0
jid_268108,1046.0,121.0,1,0,31733,31733,31734,JobState.COMPLETED,0.6484727263450623,176.53061224489795,176.53061224489795,0.0
jid_268108,1046.0,121.0,1,0,31733,31733,31734,JobState.COMPLETED,0.6484727263450623,176.53061224489795,176.53061224489795,0.0
jid_268108,1046.0,121.0,1,0,31733,31733,31734,JobState.COMPLETED,0.6484727263450623,176.53061224489795,176.53061224489795,0.0
jid_268108,1046.0,121.0,1,0,31733,31733,31733,JobState.COMPLETED,0.6484727263450623,176.53061224489795,176.53061224489795,0.0
jid_268108,1046.0,121.0,1,0,31733,31733,31734,JobState.COMPLETED,0.6484727263450623,176.53061224489795,176.53061224489795,0.0
jid_268108,1046.0,121.0,1,0,31733,31733,31734,JobState.COMPLETED,0.6484727263450623,176.53061224489795,176.53061224489795,0.0
jid_268108,1046.0,121.0,1,0,31733,31733,31734,JobState.COMPLETED,0.6484727263450623,176.53061224489795,176.53061224489795,0.0
jid_268108,1046.0,121.0,1,0,31733,31733,31733,JobState.COMPLETED,0.6484727263450623,176.53061224489795,176.53061224489795,0.0
jid_268108,1046.0,121.0,1,0,31733,31733,31733,JobState.COMPLETED,0.6484727263450623,176.53061224489795,176.53061224489795,0.0
jid_268108,1046.0,121.0,1,0,31733,31733,31734,JobState.COMPLETED,0.6484727263450623,176.53061224489795,176.53061224489795,0.0
jid_268108,1046.0,121.0,1,0,31733,31733,31734,JobState.COMPLETED,0.6484727263450623,176.53061224489795,176.53061224489795,0.0
jid_268108,1046.0,121.0,1,0,31733,31733,31734,JobState.COMPLETED,0.6484727263450623,176.53061224489795,176.53061224489795,0.0
jid_268108,1046.0,121.0,1,0,31733,31733,31733,JobState.COMPLETED,0.6484727263450623,176.53061224489795,176.53061224489795,0.0
jid_268108,1046.0,121.0,1,0,31733,31733,31734,JobState.COMPLETED,0.6484727263450623,176.53061224489795,176.53061224489795,0.0
jid_268108,1046.0,121.0,1,0,31733,31733,31734,JobState.COMPLETED,0.6484727263450623,176.53061224489795,176.53061224489795,0.0
jid_268108,1046.0,121.0,1,0,31733,31733,31733,JobState.COMPLETED,0.6484727263450623,176.53061224489795,176.53061224489795,0.0
jid_268108,1046.0,121.0,1,0,31733,31733,31733,JobState.COMPLETED,0.6484727263450623,176.53061224489795,176.53061224489795,0.0
jid_268108,1046.0,121.0,1,0,31733,31733,31734,JobState.COMPLETED,0.6484727263450623,176.53061224489795,176.53061224489795,0.0
jid_268108,1046.0,121.0,1,0,31733,31733,31733,JobState.COMPLETED,0.6484727263450623,176.53061224489795,176.53061224489795,0.0
jid_268108,1046.0,121.0,1,0,31733,31733,31733,JobState.COMPLETED,0.6484727263450623,176.53061224489795,176.53061224489795,0.0
jid_268108,1046.0,121.0,1,0,31733,31733,31734,JobState.COMPLETED,0.6484727263450623,176.53061224489795,176.53061224489795,0.0
jid_268108,1046.0,121.0,1,0,31733,31733,31734,JobState.COMPLETED,0.6484727263450623,176.53061224489795,176.53061224489795,0.0
jid_268108,1046.0,121.0,1,0,31733,31733,31734,JobState.COMPLETED,0.6484727263450623,176.53061224489795,176.53061224489795,0.0
jid_268108,1046.0,121.0,1,0,31733,31733,31733,JobState.COMPLETED,0.6484727263450623,176.53061224489795,176.53061224489795,0.0
jid_268108,1046.0,121.0,1,0,31733,31733,31733,JobState.COMPLETED,0.6484727263450623,176.53061224489795,176.53061224489795,0.0
jid_268108,1046.0,121.0,1,0,31733,31733,31733,JobState.COMPLETED,0.6484727263450623,176.53061224489795,176.53061224489795,0.0
jid_268108,1046.0,121.0,1,0,31733,31733,31733,JobState.COMPLETED,0.6484727263450623,176.53061224489795,176.53061224489795,0.0
jid_268108,1046.0,121.0,1,0,31733,31733,31733,JobState.COMPLETED,0.6484727263450623,176.53061224489795,176.53061224489795,0.0
jid_268108,1046.0,121.0,1,0,31733,31733,31734,JobState.COMPLETED,0.6484727263450623,176.53061224489795,176.53061224489795,0.0
jid_268108,1046.0,121.0,1,0,31733,31733,31734,JobState.COMPLETED,0.6484727263450623,176.53061224489795,176.53061224489795,0.0
jid_268112,549.0,121.0,1,0,31740,31740,31740,JobState.COMPLETED,0.6499459743499756,176.53061224489795,176.53061224489795,0.0
jid_268112,549.0,121.0,1,0,31740,31740,31740,JobState.COMPLETED,0.6499459743499756,176.53061224489795,176.53061224489795,0.0
jid_268111,1093.0000000000018,121.0,1,0,31740,31740,31741,JobState.COMPLETED,0.6449345946311951,176.53061224489795,176.53061224489795,0.0
jid_268111,1093.0000000000018,121.0,1,0,31740,31740,31741,JobState.COMPLETED,0.6449345946311951,176.53061224489795,176.53061224489795,0.0
jid_268112,549.0,121.0,1,0,31740,31740,31740,JobState.COMPLETED,0.6499459743499756,176.53061224489795,176.53061224489795,0.0
jid_268111,1093.0000000000018,121.0,1,0,31740,31740,31740,JobState.COMPLETED,0.6449345946311951,176.53061224489795,176.53061224489795,0.0
jid_268112,549.0,121.0,1,0,31740,31740,31740,JobState.COMPLETED,0.6499459743499756,176.53061224489795,176.53061224489795,0.0
jid_268112,549.0,121.0,1,0,31740,31740,31740,JobState.COMPLETED,0.6499459743499756,176.53061224489795,176.53061224489795,0.0
jid_268112,549.0,121.0,1,0,31740,31740,31740,JobState.COMPLETED,0.6499459743499756,176.53061224489795,176.53061224489795,0.0
jid_268112,549.0,121.0,1,0,31740,31740,31740,JobState.COMPLETED,0.6499459743499756,176.53061224489795,176.53061224489795,0.0
jid_268112,549.0,121.0,1,0,31740,31740,31741,JobState.COMPLETED,0.6499459743499756,176.53061224489795,176.53061224489795,0.0
jid_268112,549.0,121.0,1,0,31740,31740,31741,JobState.COMPLETED,0.6499459743499756,176.53061224489795,176.53061224489795,0.0
jid_268112,549.0,121.0,1,0,31740,31740,31741,JobState.COMPLETED,0.6499459743499756,176.53061224489795,176.53061224489795,0.0
jid_268112,549.0,121.0,1,0,31740,31740,31741,JobState.COMPLETED,0.6499459743499756,176.53061224489795,176.53061224489795,0.0
jid_268111,1093.0000000000018,121.0,1,0,31740,31740,31741,JobState.COMPLETED,0.6449345946311951,176.53061224489795,176.53061224489795,0.0
jid_268111,1093.0000000000018,121.0,1,0,31740,31740,31741,JobState.COMPLETED,0.6449345946311951,176.53061224489795,176.53061224489795,0.0
jid_268111,1093.0000000000018,121.0,1,0,31740,31740,31741,JobState.COMPLETED,0.6449345946311951,176.53061224489795,176.53061224489795,0.0
jid_268111,1093.0000000000018,121.0,1,0,31740,31740,31741,JobState.COMPLETED,0.6449345946311951,176.53061224489795,176.53061224489795,0.0
jid_268111,1093.0000000000018,121.0,1,0,31740,31740,31741,JobState.COMPLETED,0.6449345946311951,176.53061224489795,176.53061224489795,0.0
jid_268112,549.0,121.0,1,0,31740,31740,31741,JobState.COMPLETED,0.6499459743499756,176.53061224489795,176.53061224489795,0.0
jid_268112,549.0,121.0,1,0,31740,31740,31740,JobState.COMPLETED,0.6499459743499756,176.53061224489795,176.53061224489795,0.0
jid_268112,549.0,121.0,1,0,31740,31740,31741,JobState.COMPLETED,0.6499459743499756,176.53061224489795,176.53061224489795,0.0
jid_268111,1093.0000000000018,121.0,1,0,31740,31740,31740,JobState.COMPLETED,0.6449345946311951,176.53061224489795,176.53061224489795,0.0
jid_268112,549.0,121.0,1,0,31740,31740,31741,JobState.COMPLETED,0.6499459743499756,176.53061224489795,176.53061224489795,0.0
jid_268111,1093.0000000000018,121.0,1,0,31740,31740,31740,JobState.COMPLETED,0.6449345946311951,176.53061224489795,176.53061224489795,0.0
jid_268111,1093.0000000000018,121.0,1,0,31740,31740,31740,JobState.COMPLETED,0.6449345946311951,176.53061224489795,176.53061224489795,0.0
jid_268112,549.0,121.0,1,0,31740,31740,31741,JobState.COMPLETED,0.6499459743499756,176.53061224489795,176.53061224489795,0.0
jid_268111,1093.0000000000018,121.0,1,0,31740,31740,31740,JobState.COMPLETED,0.6449345946311951,176.53061224489795,176.53061224489795,0.0
jid_268112,549.0,121.0,1,0,31740,31740,31741,JobState.COMPLETED,0.6499459743499756,176.53061224489795,176.53061224489795,0.0
jid_268112,549.0,121.0,1,0,31740,31740,31741,JobState.COMPLETED,0.6499459743499756,176.53061224489795,176.53061224489795,0.0
jid_268112,549.0,121.0,1,0,31740,31740,31741,JobState.COMPLETED,0.6499459743499756,176.53061224489795,176.53061224489795,0.0
jid_268112,549.0,121.0,1,0,31740,31740,31740,JobState.COMPLETED,0.6499459743499756,176.53061224489795,176.53061224489795,0.0
jid_268111,1093.0000000000018,121.0,1,0,31740,31740,31740,JobState.COMPLETED,0.6449345946311951,176.53061224489795,176.53061224489795,0.0
jid_268111,1093.0000000000018,121.0,1,0,31740,31740,31740,JobState.COMPLETED,0.6449345946311951,176.53061224489795,176.53061224489795,0.0
jid_268112,549.0,121.0,1,0,31740,31740,31740,JobState.COMPLETED,0.6499459743499756,176.53061224489795,176.53061224489795,0.0
jid_268111,1093.0000000000018,121.0,1,0,31740,31740,31741,JobState.COMPLETED,0.6449345946311951,176.53061224489795,176.53061224489795,0.0
jid_268111,1093.0000000000018,121.0,1,0,31740,31740,31740,JobState.COMPLETED,0.6449345946311951,176.53061224489795,176.53061224489795,0.0
jid_268111,1093.0000000000018,121.0,1,0,31740,31740,31740,JobState.COMPLETED,0.6449345946311951,176.53061224489795,176.53061224489795,0.0
jid_268112,549.0,121.0,1,0,31740,31740,31740,JobState.COMPLETED,0.6499459743499756,176.53061224489795,176.53061224489795,0.0
jid_268112,549.0,121.0,1,0,31740,31740,31741,JobState.COMPLETED,0.6499459743499756,176.53061224489795,176.53061224489795,0.0
jid_268111,1093.0000000000018,121.0,1,0,31740,31740,31741,JobState.COMPLETED,0.6449345946311951,176.53061224489795,176.53061224489795,0.0
jid_268111,1093.0000000000018,121.0,1,0,31740,31740,31741,JobState.COMPLETED,0.6449345946311951,176.53061224489795,176.53061224489795,0.0
jid_268112,549.0,121.0,1,0,31740,31740,31740,JobState.COMPLETED,0.6499459743499756,176.53061224489795,176.53061224489795,0.0
jid_268112,549.0,121.0,1,0,31740,31740,31741,JobState.COMPLETED,0.6499459743499756,176.53061224489795,176.53061224489795,0.0
jid_268111,1093.0000000000018,121.0,1,0,31740,31740,31741,JobState.COMPLETED,0.6449345946311951,176.53061224489795,176.53061224489795,0.0
jid_268111,1093.0000000000018,121.0,1,0,31740,31740,31741,JobState.COMPLETED,0.6449345946311951,176.53061224489795,176.53061224489795,0.0
jid_268111,1093.0000000000018,121.0,1,0,31740,31740,31740,JobState.COMPLETED,0.6449345946311951,176.53061224489795,176.53061224489795,0.0
jid_268111,1093.0000000000018,121.0,1,0,31740,31740,31740,JobState.COMPLETED,0.6449345946311951,176.53061224489795,176.53061224489795,0.0
jid_268111,1093.0000000000018,121.0,1,0,31740,31740,31740,JobState.COMPLETED,0.6449345946311951,176.53061224489795,176.53061224489795,0.0
jid_268111,1093.0000000000018,121.0,1,0,31740,31740,31741,JobState.COMPLETED,0.6449345946311951,176.53061224489795,176.53061224489795,0.0
jid_268112,549.0,121.0,1,0,31740,31740,31740,JobState.COMPLETED,0.6499459743499756,176.53061224489795,176.53061224489795,0.0
jid_268112,549.0,121.0,1,0,31740,31740,31740,JobState.COMPLETED,0.6499459743499756,176.53061224489795,176.53061224489795,0.0
jid_268103,1103.0,121.0,1,24,31729,31729,31754,JobState.COMPLETED,0.645058274269104,176.53061224489795,176.53061224489795,4236.734693877551
jid_268132,794.0,204.0,24,262,31494,31494,31757,JobState.COMPLETED,0.12058037519454956,176.53061224489784,176.53061224489795,1110024.4897959176
jid_268112,549.0,121.0,1,24,31740,31740,31765,JobState.COMPLETED,0.6499459743499756,176.53061224489795,176.53061224489795,4236.734693877551
jid_268117,794.0,204.0,24,273,31496,31496,31770,JobState.COMPLETED,0.12058037519454956,176.53061224489784,176.53061224489795,1156628.5714285707
jid_268121,794.0,204.0,24,280,31494,31494,31775,JobState.COMPLETED,0.12058037519454956,176.53061224489784,176.53061224489795,1186285.7142857134
jid_268127,794.0,204.0,24,282,31493,31493,31776,JobState.COMPLETED,0.12058037519454956,176.53061224489784,176.53061224489795,1194759.1836734687
jid_268122,804.0,121.0,1,0,31775,31775,31776,JobState.COMPLETED,0.6498188972473145,176.53061224489795,176.53061224489795,0.0
jid_268122,804.0,121.0,1,0,31775,31775,31775,JobState.COMPLETED,0.6498188972473145,176.53061224489795,176.53061224489795,0.0
jid_268122,804.0,121.0,1,0,31775,31775,31776,JobState.COMPLETED,0.6498188972473145,176.53061224489795,176.53061224489795,0.0
jid_268122,804.0,121.0,1,0,31775,31775,31776,JobState.COMPLETED,0.6498188972473145,176.53061224489795,176.53061224489795,0.0
jid_268122,804.0,121.0,1,0,31775,31775,31775,JobState.COMPLETED,0.6498188972473145,176.53061224489795,176.53061224489795,0.0
jid_268122,804.0,121.0,1,0,31775,31775,31775,JobState.COMPLETED,0.6498188972473145,176.53061224489795,176.53061224489795,0.0
jid_268122,804.0,121.0,1,0,31775,31775,31776,JobState.COMPLETED,0.6498188972473145,176.53061224489795,176.53061224489795,0.0
jid_268122,804.0,121.0,1,0,31775,31775,31776,JobState.COMPLETED,0.6498188972473145,176.53061224489795,176.53061224489795,0.0
jid_268122,804.0,121.0,1,0,31775,31775,31775,JobState.COMPLETED,0.6498188972473145,176.53061224489795,176.53061224489795,0.0
jid_268122,804.0,121.0,1,0,31775,31775,31776,JobState.COMPLETED,0.6498188972473145,176.53061224489795,176.53061224489795,0.0
jid_268122,804.0,121.0,1,0,31775,31775,31775,JobState.COMPLETED,0.6498188972473145,176.53061224489795,176.53061224489795,0.0
jid_268122,804.0,121.0,1,0,31775,31775,31776,JobState.COMPLETED,0.6498188972473145,176.53061224489795,176.53061224489795,0.0
jid_268122,804.0,121.0,1,0,31775,31775,31775,JobState.COMPLETED,0.6498188972473145,176.53061224489795,176.53061224489795,0.0
jid_268122,804.0,121.0,1,0,31775,31775,31775,JobState.COMPLETED,0.6498188972473145,176.53061224489795,176.53061224489795,0.0
jid_268122,804.0,121.0,1,0,31775,31775,31776,JobState.COMPLETED,0.6498188972473145,176.53061224489795,176.53061224489795,0.0
jid_268122,804.0,121.0,1,0,31775,31775,31775,JobState.COMPLETED,0.6498188972473145,176.53061224489795,176.53061224489795,0.0
jid_268122,804.0,121.0,1,0,31775,31775,31776,JobState.COMPLETED,0.6498188972473145,176.53061224489795,176.53061224489795,0.0
jid_268122,804.0,121.0,1,0,31775,31775,31775,JobState.COMPLETED,0.6498188972473145,176.53061224489795,176.53061224489795,0.0
jid_268122,804.0,121.0,1,0,31775,31775,31775,JobState.COMPLETED,0.6498188972473145,176.53061224489795,176.53061224489795,0.0
jid_268122,804.0,121.0,1,0,31775,31775,31775,JobState.COMPLETED,0.6498188972473145,176.53061224489795,176.53061224489795,0.0
jid_268122,804.0,121.0,1,0,31775,31775,31775,JobState.COMPLETED,0.6498188972473145,176.53061224489795,176.53061224489795,0.0
jid_268139,794.0,204.0,24,285,31492,31492,31778,JobState.COMPLETED,0.12058037519454956,176.53061224489784,176.53061224489795,1207469.387755101
jid_268137,794.0,204.0,24,284,31493,31493,31778,JobState.COMPLETED,0.12058037519454956,176.53061224489784,176.53061224489795,1203232.6530612237
jid_268133,794.0,204.0,24,286,31492,31492,31779,JobState.COMPLETED,0.12058037519454956,176.53061224489784,176.53061224489795,1211706.122448979
jid_268134,233.0,121.0,1,0,31785,31785,31785,JobState.COMPLETED,0.6500041484832764,176.53061224489795,176.53061224489795,0.0
jid_268134,233.0,121.0,1,0,31785,31785,31785,JobState.COMPLETED,0.6500041484832764,176.53061224489795,176.53061224489795,0.0
jid_268134,233.0,121.0,1,0,31785,31785,31786,JobState.COMPLETED,0.6500041484832764,176.53061224489795,176.53061224489795,0.0
jid_268134,233.0,121.0,1,0,31785,31785,31785,JobState.COMPLETED,0.6500041484832764,176.53061224489795,176.53061224489795,0.0
jid_268134,233.0,121.0,1,0,31785,31785,31785,JobState.COMPLETED,0.6500041484832764,176.53061224489795,176.53061224489795,0.0
jid_268134,233.0,121.0,1,0,31785,31785,31785,JobState.COMPLETED,0.6500041484832764,176.53061224489795,176.53061224489795,0.0
jid_268134,233.0,121.0,1,0,31785,31785,31785,JobState.COMPLETED,0.6500041484832764,176.53061224489795,176.53061224489795,0.0
jid_268134,233.0,121.0,1,0,31785,31785,31786,JobState.COMPLETED,0.6500041484832764,176.53061224489795,176.53061224489795,0.0
jid_268134,233.0,121.0,1,0,31785,31785,31785,JobState.COMPLETED,0.6500041484832764,176.53061224489795,176.53061224489795,0.0
jid_268134,233.0,121.0,1,0,31785,31785,31785,JobState.COMPLETED,0.6500041484832764,176.53061224489795,176.53061224489795,0.0
jid_268134,233.0,121.0,1,0,31785,31785,31785,JobState.COMPLETED,0.6500041484832764,176.53061224489795,176.53061224489795,0.0
jid_268134,233.0,121.0,1,0,31785,31785,31785,JobState.COMPLETED,0.6500041484832764,176.53061224489795,176.53061224489795,0.0
jid_268134,233.0,121.0,1,0,31785,31785,31786,JobState.COMPLETED,0.6500041484832764,176.53061224489795,176.53061224489795,0.0
jid_268134,233.0,121.0,1,0,31785,31785,31785,JobState.COMPLETED,0.6500041484832764,176.53061224489795,176.53061224489795,0.0
jid_268134,233.0,121.0,1,0,31785,31785,31785,JobState.COMPLETED,0.6500041484832764,176.53061224489795,176.53061224489795,0.0
jid_268134,233.0,121.0,1,0,31785,31785,31786,JobState.COMPLETED,0.6500041484832764,176.53061224489795,176.53061224489795,0.0
jid_268134,233.0,121.0,1,0,31785,31785,31785,JobState.COMPLETED,0.6500041484832764,176.53061224489795,176.53061224489795,0.0
jid_268134,233.0,121.0,1,0,31785,31785,31785,JobState.COMPLETED,0.6500041484832764,176.53061224489795,176.53061224489795,0.0
jid_268134,233.0,121.0,1,0,31785,31785,31785,JobState.COMPLETED,0.6500041484832764,176.53061224489795,176.53061224489795,0.0
jid_268134,233.0,121.0,1,0,31785,31785,31785,JobState.COMPLETED,0.6500041484832764,176.53061224489795,176.53061224489795,0.0
jid_268134,233.0,121.0,1,0,31785,31785,31785,JobState.COMPLETED,0.6500041484832764,176.53061224489795,176.53061224489795,0.0
jid_268134,233.0,121.0,1,0,31785,31785,31786,JobState.COMPLETED,0.6500041484832764,176.53061224489795,176.53061224489795,0.0
jid_268134,233.0,121.0,1,0,31785,31785,31785,JobState.COMPLETED,0.6500041484832764,176.53061224489795,176.53061224489795,0.0
jid_268134,233.0,121.0,1,0,31785,31785,31785,JobState.COMPLETED,0.6500041484832764,176.53061224489795,176.53061224489795,0.0
jid_268134,233.0,121.0,1,0,31785,31785,31786,JobState.COMPLETED,0.6500041484832764,176.53061224489795,176.53061224489795,0.0
jid_268134,233.0,121.0,1,1,31785,31785,31787,JobState.COMPLETED,0.6500041484832764,176.53061224489795,176.53061224489795,176.53061224489795
jid_268143,36589.0,233.0,1152,63,31898,31898,31962,JobState.COMPLETED,0.025277748703956604,176.53061224489792,176.53061224489795,12811885.71428571
jid_268146,1003.0,121.0,1,64,32301,32301,32366,JobState.COMPLETED,0.6451073288917542,176.53061224489798,176.53061224489795,11297.95918367347
jid_268146,1003.0,121.0,1,65,32301,32301,32367,JobState.COMPLETED,0.6451073288917542,176.53061224489798,176.53061224489795,11474.489795918369
jid_268146,1003.0,121.0,1,68,32301,32301,32370,JobState.COMPLETED,0.6451073288917542,176.53061224489798,176.53061224489795,12004.081632653062
jid_268146,1003.0,121.0,1,69,32301,32301,32371,JobState.COMPLETED,0.6451073288917542,176.53061224489798,176.53061224489795,12180.61224489796
jid_268146,1003.0,121.0,1,69,32301,32301,32371,JobState.COMPLETED,0.6451073288917542,176.53061224489798,176.53061224489795,12180.61224489796
jid_268146,1003.0,121.0,1,70,32301,32301,32372,JobState.COMPLETED,0.6451073288917542,176.53061224489795,176.53061224489795,12357.142857142857
jid_268146,1003.0,121.0,1,70,32301,32301,32372,JobState.COMPLETED,0.6451073288917542,176.53061224489795,176.53061224489795,12357.142857142857
jid_268146,1003.0,121.0,1,71,32301,32301,32373,JobState.COMPLETED,0.6451073288917542,176.53061224489795,176.53061224489795,12533.673469387755
jid_268146,1003.0,121.0,1,71,32301,32301,32373,JobState.COMPLETED,0.6451073288917542,176.53061224489795,176.53061224489795,12533.673469387755
jid_268146,1003.0,121.0,1,72,32301,32301,32374,JobState.COMPLETED,0.6451073288917542,176.53061224489795,176.53061224489795,12710.204081632652
jid_268146,1003.0,121.0,1,72,32301,32301,32374,JobState.COMPLETED,0.6451073288917542,176.53061224489795,176.53061224489795,12710.204081632652
jid_268146,1003.0,121.0,1,73,32301,32301,32375,JobState.COMPLETED,0.6451073288917542,176.53061224489795,176.53061224489795,12886.73469387755
jid_268146,1003.0,121.0,1,73,32301,32301,32375,JobState.COMPLETED,0.6451073288917542,176.53061224489795,176.53061224489795,12886.73469387755
jid_268146,1003.0,121.0,1,73,32301,32301,32375,JobState.COMPLETED,0.6451073288917542,176.53061224489795,176.53061224489795,12886.73469387755
jid_268146,1003.0,121.0,1,73,32301,32301,32375,JobState.COMPLETED,0.6451073288917542,176.53061224489795,176.53061224489795,12886.73469387755
jid_268146,1003.0,121.0,1,73,32301,32301,32375,JobState.COMPLETED,0.6451073288917542,176.53061224489795,176.53061224489795,12886.73469387755
jid_268146,1003.0,121.0,1,74,32301,32301,32376,JobState.COMPLETED,0.6451073288917542,176.53061224489795,176.53061224489795,13063.265306122448
jid_268146,1003.0,121.0,1,74,32301,32301,32376,JobState.COMPLETED,0.6451073288917542,176.53061224489795,176.53061224489795,13063.265306122448
jid_268146,1003.0,121.0,1,74,32301,32301,32376,JobState.COMPLETED,0.6451073288917542,176.53061224489795,176.53061224489795,13063.265306122448
jid_268146,1003.0,121.0,1,74,32301,32301,32376,JobState.COMPLETED,0.6451073288917542,176.53061224489795,176.53061224489795,13063.265306122448
jid_268146,1003.0,121.0,1,74,32301,32301,32376,JobState.COMPLETED,0.6451073288917542,176.53061224489795,176.53061224489795,13063.265306122448
jid_268146,1003.0,121.0,1,75,32301,32301,32377,JobState.COMPLETED,0.6451073288917542,176.53061224489795,176.53061224489795,13239.795918367347
jid_268146,1003.0,121.0,1,75,32301,32301,32377,JobState.COMPLETED,0.6451073288917542,176.53061224489795,176.53061224489795,13239.795918367347
jid_268146,1003.0,121.0,1,76,32301,32301,32378,JobState.COMPLETED,0.6451073288917542,176.53061224489795,176.53061224489795,13416.326530612245
jid_268146,1003.0,121.0,1,77,32301,32301,32379,JobState.COMPLETED,0.6451073288917542,176.53061224489795,176.53061224489795,13592.857142857143
jid_268146,1003.0,121.0,1,78,32301,32301,32380,JobState.COMPLETED,0.6451073288917542,176.53061224489795,176.53061224489795,13769.38775510204
jid_268146,1003.0,121.0,1,79,32301,32301,32381,JobState.COMPLETED,0.6451073288917542,176.53061224489795,176.53061224489795,13945.918367346938
jid_268146,1003.0,121.0,1,79,32301,32301,32381,JobState.COMPLETED,0.6451073288917542,176.53061224489795,176.53061224489795,13945.918367346938
jid_268146,1003.0,121.0,1,80,32301,32301,32382,JobState.COMPLETED,0.6451073288917542,176.53061224489795,176.53061224489795,14122.448979591836
jid_268146,1003.0,121.0,1,80,32301,32301,32382,JobState.COMPLETED,0.6451073288917542,176.53061224489795,176.53061224489795,14122.448979591836
jid_268146,1003.0,121.0,1,85,32301,32301,32387,JobState.COMPLETED,0.6451073288917542,176.53061224489795,176.53061224489795,15005.102040816326
jid_268146,1003.0,121.0,1,89,32301,32301,32391,JobState.COMPLETED,0.6451073288917542,176.53061224489795,176.53061224489795,15711.224489795917
jid_268146,1003.0,121.0,1,99,32301,32301,32401,JobState.COMPLETED,0.6451073288917542,176.53061224489792,176.53061224489795,17476.530612244893
jid_268146,1003.0,121.0,1,99,32301,32301,32401,JobState.COMPLETED,0.6451073288917542,176.53061224489792,176.53061224489795,17476.530612244893
jid_268146,1003.0,121.0,1,99,32301,32301,32401,JobState.COMPLETED,0.6451073288917542,176.53061224489792,176.53061224489795,17476.530612244893
jid_268177,794.0,204.0,24,248,32423,32423,32672,JobState.COMPLETED,0.12073840200901031,176.53061224489784,176.53061224489795,1050710.2040816317
jid_268157,794.0,204.0,24,249,32423,32423,32673,JobState.COMPLETED,0.12073840200901031,176.53061224489784,176.53061224489795,1054946.9387755096
jid_268163,794.0,204.0,24,252,32422,32422,32675,JobState.COMPLETED,0.12073840200901031,176.53061224489784,176.53061224489795,1067657.142857142
jid_268170,794.0,204.0,24,251,32424,32424,32676,JobState.COMPLETED,0.12073840200901031,176.53061224489784,176.53061224489795,1063420.4081632646
jid_268180,981.0,121.0,1,64,32664,32664,32729,JobState.COMPLETED,0.6450285315513611,176.53061224489798,176.53061224489795,11297.95918367347
jid_268180,981.0,121.0,1,66,32664,32664,32731,JobState.COMPLETED,0.6450285315513611,176.53061224489798,176.53061224489795,11651.020408163267
jid_268180,981.0,121.0,1,67,32664,32664,32732,JobState.COMPLETED,0.6450285315513611,176.53061224489798,176.53061224489795,11827.551020408164
jid_268180,981.0,121.0,1,68,32664,32664,32733,JobState.COMPLETED,0.6450285315513611,176.53061224489798,176.53061224489795,12004.081632653062
jid_268180,981.0,121.0,1,69,32664,32664,32734,JobState.COMPLETED,0.6450285315513611,176.53061224489798,176.53061224489795,12180.61224489796
jid_268180,981.0,121.0,1,69,32664,32664,32734,JobState.COMPLETED,0.6450285315513611,176.53061224489798,176.53061224489795,12180.61224489796
jid_268180,981.0,121.0,1,70,32664,32664,32735,JobState.COMPLETED,0.6450285315513611,176.53061224489795,176.53061224489795,12357.142857142857
jid_268180,981.0,121.0,1,70,32664,32664,32735,JobState.COMPLETED,0.6450285315513611,176.53061224489795,176.53061224489795,12357.142857142857
jid_268180,981.0,121.0,1,71,32664,32664,32736,JobState.COMPLETED,0.6450285315513611,176.53061224489795,176.53061224489795,12533.673469387755
jid_268180,981.0,121.0,1,72,32664,32664,32737,JobState.COMPLETED,0.6450285315513611,176.53061224489795,176.53061224489795,12710.204081632652
jid_268180,981.0,121.0,1,73,32664,32664,32738,JobState.COMPLETED,0.6450285315513611,176.53061224489795,176.53061224489795,12886.73469387755
jid_268180,981.0,121.0,1,74,32664,32664,32739,JobState.COMPLETED,0.6450285315513611,176.53061224489795,176.53061224489795,13063.265306122448
jid_268180,981.0,121.0,1,74,32664,32664,32739,JobState.COMPLETED,0.6450285315513611,176.53061224489795,176.53061224489795,13063.265306122448
jid_268180,981.0,121.0,1,74,32664,32664,32739,JobState.COMPLETED,0.6450285315513611,176.53061224489795,176.53061224489795,13063.265306122448
jid_268180,981.0,121.0,1,76,32664,32664,32741,JobState.COMPLETED,0.6450285315513611,176.53061224489795,176.53061224489795,13416.326530612245
jid_268180,981.0,121.0,1,76,32664,32664,32741,JobState.COMPLETED,0.6450285315513611,176.53061224489795,176.53061224489795,13416.326530612245
jid_268180,981.0,121.0,1,79,32664,32664,32744,JobState.COMPLETED,0.6450285315513611,176.53061224489795,176.53061224489795,13945.918367346938
jid_268180,981.0,121.0,1,81,32664,32664,32746,JobState.COMPLETED,0.6450285315513611,176.53061224489795,176.53061224489795,14298.979591836734
jid_268180,981.0,121.0,1,83,32664,32664,32748,JobState.COMPLETED,0.6450285315513611,176.53061224489795,176.53061224489795,14652.04081632653
jid_268180,981.0,121.0,1,86,32664,32664,32751,JobState.COMPLETED,0.6450285315513611,176.53061224489795,176.53061224489795,15181.632653061224
jid_268180,981.0,121.0,1,87,32664,32664,32752,JobState.COMPLETED,0.6450285315513611,176.53061224489795,176.53061224489795,15358.163265306122
jid_268180,981.0,121.0,1,92,32664,32664,32757,JobState.COMPLETED,0.6450285315513611,176.53061224489792,176.53061224489795,16240.816326530608
jid_268180,981.0,121.0,1,96,32664,32664,32761,JobState.COMPLETED,0.6450285315513611,176.53061224489792,176.53061224489795,16946.9387755102
jid_268180,981.0,121.0,1,99,32664,32664,32764,JobState.COMPLETED,0.6450285315513611,176.53061224489792,176.53061224489795,17476.530612244893
jid_268180,981.0,121.0,1,140,32664,32664,32805,JobState.COMPLETED,0.6450285315513611,176.5306122448979,176.53061224489795,24714.285714285706
jid_268180,981.0,121.0,1,145,32664,32664,32810,JobState.COMPLETED,0.6450285315513611,176.5306122448979,176.53061224489795,25596.938775510196
jid_268180,981.0,121.0,1,146,32664,32664,32811,JobState.COMPLETED,0.6450285315513611,176.5306122448979,176.53061224489795,25773.469387755093
jid_268180,981.0,121.0,1,167,32664,32664,32832,JobState.COMPLETED,0.6450285315513611,176.5306122448979,176.53061224489795,29480.612244897948
jid_268180,981.0,121.0,1,263,32664,32664,32928,JobState.COMPLETED,0.6450285315513611,176.53061224489792,176.53061224489795,46427.55102040815
jid_268191,17005.0,121.0,64,14878,18170,18170,33049,JobState.COMPLETED,0.009524201974272728,176.53061224490386,176.53061224489795,168091036.7346995
jid_268216,16716.0,121.0,1,379,33067,33067,33447,JobState.COMPLETED,0.43338415026664734,176.53061224489804,176.53061224489795,66905.10204081636
jid_268216,16716.0,121.0,1,440,33067,33067,33508,JobState.COMPLETED,0.43338415026664734,176.53061224489807,176.53061224489795,77673.46938775515
jid_268216,16716.0,121.0,1,450,33067,33067,33518,JobState.COMPLETED,0.43338415026664734,176.53061224489807,176.53061224489795,79438.77551020413
jid_268216,16716.0,121.0,1,450,33067,33067,33518,JobState.COMPLETED,0.43338415026664734,176.53061224489807,176.53061224489795,79438.77551020413
jid_268216,16716.0,121.0,1,460,33067,33067,33528,JobState.COMPLETED,0.43338415026664734,176.53061224489807,176.53061224489795,81204.0816326531
jid_268222,233.0,121.0,1,0,33542,33542,33542,JobState.COMPLETED,0.6322323083877563,176.53061224489795,176.53061224489795,0.0
jid_268222,233.0,121.0,1,0,33542,33542,33542,JobState.COMPLETED,0.6322323083877563,176.53061224489795,176.53061224489795,0.0
jid_268222,233.0,121.0,1,0,33542,33542,33543,JobState.COMPLETED,0.6322323083877563,176.53061224489795,176.53061224489795,0.0
jid_268222,233.0,121.0,1,0,33542,33542,33542,JobState.COMPLETED,0.6322323083877563,176.53061224489795,176.53061224489795,0.0
jid_268222,233.0,121.0,1,0,33542,33542,33542,JobState.COMPLETED,0.6322323083877563,176.53061224489795,176.53061224489795,0.0
jid_268222,233.0,121.0,1,0,33542,33542,33543,JobState.COMPLETED,0.6322323083877563,176.53061224489795,176.53061224489795,0.0
jid_268222,233.0,121.0,1,0,33542,33542,33543,JobState.COMPLETED,0.6322323083877563,176.53061224489795,176.53061224489795,0.0
jid_268222,233.0,121.0,1,0,33542,33542,33543,JobState.COMPLETED,0.6322323083877563,176.53061224489795,176.53061224489795,0.0
jid_268222,233.0,121.0,1,0,33542,33542,33542,JobState.COMPLETED,0.6322323083877563,176.53061224489795,176.53061224489795,0.0
jid_268222,233.0,121.0,1,0,33542,33542,33542,JobState.COMPLETED,0.6322323083877563,176.53061224489795,176.53061224489795,0.0
jid_268222,233.0,121.0,1,0,33542,33542,33542,JobState.COMPLETED,0.6322323083877563,176.53061224489795,176.53061224489795,0.0
jid_268222,233.0,121.0,1,0,33542,33542,33542,JobState.COMPLETED,0.6322323083877563,176.53061224489795,176.53061224489795,0.0
jid_268222,233.0,121.0,1,0,33542,33542,33542,JobState.COMPLETED,0.6322323083877563,176.53061224489795,176.53061224489795,0.0
jid_268222,233.0,121.0,1,0,33542,33542,33543,JobState.COMPLETED,0.6322323083877563,176.53061224489795,176.53061224489795,0.0
jid_268222,233.0,121.0,1,0,33542,33542,33543,JobState.COMPLETED,0.6322323083877563,176.53061224489795,176.53061224489795,0.0
jid_268222,233.0,121.0,1,0,33542,33542,33543,JobState.COMPLETED,0.6322323083877563,176.53061224489795,176.53061224489795,0.0
jid_268222,233.0,121.0,1,0,33542,33542,33542,JobState.COMPLETED,0.6322323083877563,176.53061224489795,176.53061224489795,0.0
jid_268222,233.0,121.0,1,0,33542,33542,33543,JobState.COMPLETED,0.6322323083877563,176.53061224489795,176.53061224489795,0.0
jid_268222,233.0,121.0,1,0,33542,33542,33543,JobState.COMPLETED,0.6322323083877563,176.53061224489795,176.53061224489795,0.0
jid_268222,233.0,121.0,1,0,33542,33542,33542,JobState.COMPLETED,0.6322323083877563,176.53061224489795,176.53061224489795,0.0
jid_268222,233.0,121.0,1,0,33542,33542,33542,JobState.COMPLETED,0.6322323083877563,176.53061224489795,176.53061224489795,0.0
jid_268222,233.0,121.0,1,0,33542,33542,33542,JobState.COMPLETED,0.6322323083877563,176.53061224489795,176.53061224489795,0.0
jid_268222,233.0,121.0,1,0,33542,33542,33543,JobState.COMPLETED,0.6322323083877563,176.53061224489795,176.53061224489795,0.0
jid_268222,233.0,121.0,1,0,33542,33542,33543,JobState.COMPLETED,0.6322323083877563,176.53061224489795,176.53061224489795,0.0
jid_268222,233.0,121.0,1,0,33542,33542,33543,JobState.COMPLETED,0.6322323083877563,176.53061224489795,176.53061224489795,0.0
jid_268222,233.0,121.0,1,0,33542,33542,33542,JobState.COMPLETED,0.6322323083877563,176.53061224489795,176.53061224489795,0.0
jid_268222,233.0,121.0,1,0,33542,33542,33542,JobState.COMPLETED,0.6322323083877563,176.53061224489795,176.53061224489795,0.0
jid_268222,233.0,121.0,1,0,33542,33542,33543,JobState.COMPLETED,0.6322323083877563,176.53061224489795,176.53061224489795,0.0
jid_268222,233.0,121.0,1,0,33542,33542,33542,JobState.COMPLETED,0.6322323083877563,176.53061224489795,176.53061224489795,0.0
jid_268222,233.0,121.0,1,0,33542,33542,33542,JobState.COMPLETED,0.6322323083877563,176.53061224489795,176.53061224489795,0.0
jid_268222,233.0,121.0,1,0,33542,33542,33542,JobState.COMPLETED,0.6322323083877563,176.53061224489795,176.53061224489795,0.0
jid_268222,233.0,121.0,1,0,33542,33542,33543,JobState.COMPLETED,0.6322323083877563,176.53061224489795,176.53061224489795,0.0
jid_268222,233.0,121.0,1,0,33542,33542,33542,JobState.COMPLETED,0.6322323083877563,176.53061224489795,176.53061224489795,0.0
jid_268222,233.0,121.0,1,0,33542,33542,33543,JobState.COMPLETED,0.6322323083877563,176.53061224489795,176.53061224489795,0.0
jid_268222,233.0,121.0,1,0,33542,33542,33542,JobState.COMPLETED,0.6322323083877563,176.53061224489795,176.53061224489795,0.0
jid_268222,233.0,121.0,1,0,33542,33542,33542,JobState.COMPLETED,0.6322323083877563,176.53061224489795,176.53061224489795,0.0
jid_268222,233.0,121.0,1,0,33542,33542,33543,JobState.COMPLETED,0.6322323083877563,176.53061224489795,176.53061224489795,0.0
jid_268222,233.0,121.0,1,0,33542,33542,33542,JobState.COMPLETED,0.6322323083877563,176.53061224489795,176.53061224489795,0.0
jid_268216,16716.0,121.0,1,480,33067,33067,33548,JobState.COMPLETED,0.43338415026664734,176.53061224489807,176.53061224489795,84734.69387755106
jid_268216,16716.0,121.0,1,488,33067,33067,33556,JobState.COMPLETED,0.43338415026664734,176.53061224489807,176.53061224489795,86146.93877551025
jid_268216,16716.0,121.0,1,492,33067,33067,33560,JobState.COMPLETED,0.43338415026664734,176.53061224489807,176.53061224489795,86853.06122448985
jid_268216,16716.0,121.0,1,496,33067,33067,33564,JobState.COMPLETED,0.43338415026664734,176.53061224489807,176.53061224489795,87559.18367346944
jid_268216,16716.0,121.0,1,501,33067,33067,33569,JobState.COMPLETED,0.43338415026664734,176.53061224489807,176.53061224489795,88441.83673469393
jid_268216,16716.0,121.0,1,502,33067,33067,33570,JobState.COMPLETED,0.43338415026664734,176.53061224489807,176.53061224489795,88618.36734693883
jid_268216,16716.0,121.0,1,505,33067,33067,33573,JobState.COMPLETED,0.43338415026664734,176.53061224489807,176.53061224489795,89147.95918367352
jid_268216,16716.0,121.0,1,505,33067,33067,33573,JobState.COMPLETED,0.43338415026664734,176.53061224489807,176.53061224489795,89147.95918367352
jid_268216,16716.0,121.0,1,506,33067,33067,33574,JobState.COMPLETED,0.43338415026664734,176.53061224489807,176.53061224489795,89324.48979591842
jid_268216,16716.0,121.0,1,509,33067,33067,33577,JobState.COMPLETED,0.43338415026664734,176.53061224489807,176.53061224489795,89854.08163265312
jid_268216,16716.0,121.0,1,510,33067,33067,33578,JobState.COMPLETED,0.43338415026664734,176.5306122448981,176.53061224489795,90030.61224489803
jid_268216,16716.0,121.0,1,510,33067,33067,33578,JobState.COMPLETED,0.43338415026664734,176.5306122448981,176.53061224489795,90030.61224489803
jid_268216,16716.0,121.0,1,514,33067,33067,33582,JobState.COMPLETED,0.43338415026664734,176.5306122448981,176.53061224489795,90736.73469387762
jid_268216,16716.0,121.0,1,515,33067,33067,33583,JobState.COMPLETED,0.43338415026664734,176.5306122448981,176.53061224489795,90913.26530612251
jid_268216,16716.0,121.0,1,516,33067,33067,33584,JobState.COMPLETED,0.43338415026664734,176.5306122448981,176.53061224489795,91089.79591836741
jid_268216,16716.0,121.0,1,521,33067,33067,33589,JobState.COMPLETED,0.43338415026664734,176.5306122448981,176.53061224489795,91972.4489795919
jid_268232,794.0,204.0,24,249,33349,33349,33599,JobState.COMPLETED,0.12044417858123779,176.53061224489784,176.53061224489795,1054946.9387755096
jid_268216,16716.0,121.0,1,533,33067,33067,33601,JobState.COMPLETED,0.43338415026664734,176.5306122448981,176.53061224489795,94090.81632653068
jid_268216,16716.0,121.0,1,534,33067,33067,33602,JobState.COMPLETED,0.43338415026664734,176.5306122448981,176.53061224489795,94267.34693877558
jid_268216,16716.0,121.0,1,534,33067,33067,33602,JobState.COMPLETED,0.43338415026664734,176.5306122448981,176.53061224489795,94267.34693877558
jid_268227,794.0,204.0,24,254,33349,33349,33604,JobState.COMPLETED,0.12044417858123779,176.53061224489784,176.53061224489795,1076130.6122448973
jid_268229,794.0,204.0,24,257,33349,33349,33607,JobState.COMPLETED,0.12044417858123779,176.53061224489784,176.53061224489795,1088840.8163265297
jid_268230,794.0,204.0,24,257,33350,33350,33608,JobState.COMPLETED,0.12044417858123779,176.53061224489784,176.53061224489795,1088840.8163265297
jid_268235,794.0,204.0,24,257,33351,33351,33609,JobState.COMPLETED,0.12044417858123779,176.53061224489784,176.53061224489795,1088840.8163265297
jid_268237,794.0,204.0,24,259,33350,33350,33610,JobState.COMPLETED,0.12044417858123779,176.53061224489784,176.53061224489795,1097314.285714285
jid_268246,794.0,204.0,24,260,33350,33350,33611,JobState.COMPLETED,0.12044417858123779,176.53061224489784,176.53061224489795,1101551.0204081626
jid_268249,36641.0,274.0,1000,3257,30428,30428,33686,JobState.COMPLETED,0.013498293235898018,176.53061224489704,176.53061224489795,574960204.0816296
jid_268260,36644.0,99.0,1024,40,33794,33794,33835,JobState.COMPLETED,0.01331331767141819,176.53061224489795,176.53061224489795,7230693.87755102
jid_268286,36647.0,11.0,2,21,34475,34475,34497,JobState.COMPLETED,0.3193935751914978,134.6601483788978,134.6601483788978,5655.726231913707
jid_268305,794.0,204.0,24,256,34275,34275,34532,JobState.COMPLETED,0.12008565664291382,176.53061224489784,176.53061224489795,1084604.0816326523
jid_268295,794.0,204.0,24,255,34276,34276,34532,JobState.COMPLETED,0.12008565664291382,176.53061224489784,176.53061224489795,1080367.346938775
jid_268292,794.0,204.0,24,256,34276,34276,34533,JobState.COMPLETED,0.12008565664291382,176.53061224489784,176.53061224489795,1084604.0816326523
jid_268291,794.0,204.0,24,254,34278,34278,34533,JobState.COMPLETED,0.12008565664291382,176.53061224489784,176.53061224489795,1076130.6122448973
jid_268306,794.0,204.0,24,257,34278,34278,34536,JobState.COMPLETED,0.12008565664291382,176.53061224489784,176.53061224489795,1088840.8163265297
jid_268313,630.0,121.0,64,13686,20959,20959,34646,JobState.COMPLETED,0.009464707225561142,176.53061224490324,176.53061224489795,154623869.38775972
jid_268316,1099.0,121.0,1,382,34400,34400,34783,JobState.COMPLETED,0.46216174960136414,176.53061224489804,176.53061224489795,67434.69387755105
jid_268316,1099.0,121.0,1,450,34400,34400,34851,JobState.COMPLETED,0.46216174960136414,176.53061224489807,176.53061224489795,79438.77551020413
jid_268316,1099.0,121.0,1,476,34400,34400,34877,JobState.COMPLETED,0.46216174960136414,176.53061224489807,176.53061224489795,84028.57142857148
jid_268316,1099.0,121.0,1,477,34400,34400,34878,JobState.COMPLETED,0.46216174960136414,176.53061224489807,176.53061224489795,84205.10204081637
jid_268316,1099.0,121.0,1,478,34400,34400,34879,JobState.COMPLETED,0.46216174960136414,176.53061224489807,176.53061224489795,84381.63265306127
jid_268316,1099.0,121.0,1,485,34400,34400,34886,JobState.COMPLETED,0.46216174960136414,176.53061224489807,176.53061224489795,85617.34693877556
jid_268316,1099.0,121.0,1,498,34400,34400,34899,JobState.COMPLETED,0.46216174960136414,176.53061224489807,176.53061224489795,87912.24489795923
jid_268316,1099.0,121.0,1,498,34400,34400,34899,JobState.COMPLETED,0.46216174960136414,176.53061224489807,176.53061224489795,87912.24489795923
jid_268316,1099.0,121.0,1,518,34400,34400,34919,JobState.COMPLETED,0.46216174960136414,176.5306122448981,176.53061224489795,91442.85714285722
jid_268316,1099.0,121.0,1,519,34400,34400,34920,JobState.COMPLETED,0.46216174960136414,176.5306122448981,176.53061224489795,91619.38775510211
jid_268316,1099.0,121.0,1,521,34400,34400,34922,JobState.COMPLETED,0.46216174960136414,176.5306122448981,176.53061224489795,91972.4489795919
jid_268316,1099.0,121.0,1,521,34400,34400,34922,JobState.COMPLETED,0.46216174960136414,176.5306122448981,176.53061224489795,91972.4489795919
jid_268316,1099.0,121.0,1,522,34400,34400,34923,JobState.COMPLETED,0.46216174960136414,176.5306122448981,176.53061224489795,92148.9795918368
jid_268316,1099.0,121.0,1,526,34400,34400,34927,JobState.COMPLETED,0.46216174960136414,176.5306122448981,176.53061224489795,92855.1020408164
jid_268316,1099.0,121.0,1,527,34400,34400,34928,JobState.COMPLETED,0.46216174960136414,176.5306122448981,176.53061224489795,93031.6326530613
jid_268316,1099.0,121.0,1,528,34400,34400,34929,JobState.COMPLETED,0.46216174960136414,176.5306122448981,176.53061224489795,93208.1632653062
jid_268316,1099.0,121.0,1,528,34400,34400,34929,JobState.COMPLETED,0.46216174960136414,176.5306122448981,176.53061224489795,93208.1632653062
jid_268316,1099.0,121.0,1,528,34400,34400,34929,JobState.COMPLETED,0.46216174960136414,176.5306122448981,176.53061224489795,93208.1632653062
jid_268316,1099.0,121.0,1,538,34400,34400,34939,JobState.COMPLETED,0.46216174960136414,176.5306122448981,176.53061224489795,94973.46938775518
jid_268316,1099.0,121.0,1,538,34400,34400,34939,JobState.COMPLETED,0.46216174960136414,176.5306122448981,176.53061224489795,94973.46938775518
jid_268316,1099.0,121.0,1,539,34400,34400,34940,JobState.COMPLETED,0.46216174960136414,176.5306122448981,176.53061224489795,95150.00000000007
jid_268316,1099.0,121.0,1,543,34400,34400,34944,JobState.COMPLETED,0.46216174960136414,176.5306122448981,176.53061224489795,95856.12244897966
jid_268316,1099.0,121.0,1,547,34400,34400,34948,JobState.COMPLETED,0.46216174960136414,176.5306122448981,176.53061224489795,96562.24489795926
jid_268316,1099.0,121.0,1,548,34400,34400,34949,JobState.COMPLETED,0.46216174960136414,176.5306122448981,176.53061224489795,96738.77551020416
jid_268316,1099.0,121.0,1,555,34400,34400,34956,JobState.COMPLETED,0.46216174960136414,176.5306122448981,176.53061224489795,97974.48979591845
jid_268316,1099.0,121.0,1,556,34400,34400,34957,JobState.COMPLETED,0.46216174960136414,176.5306122448981,176.53061224489795,98151.02040816334
jid_268316,1099.0,121.0,1,575,34400,34400,34976,JobState.COMPLETED,0.46216174960136414,176.5306122448981,176.53061224489795,101505.1020408164
jid_268316,1099.0,121.0,1,599,34400,34400,35000,JobState.COMPLETED,0.46216174960136414,176.53061224489812,176.53061224489795,105741.83673469398
jid_268316,1099.0,121.0,1,612,34400,34400,35013,JobState.COMPLETED,0.46216174960136414,176.53061224489812,176.53061224489795,108036.73469387765
jid_268331,632.0,121.0,1,387,34662,34662,35050,JobState.COMPLETED,0.6510964035987854,176.53061224489804,176.53061224489795,68317.34693877555
jid_268331,632.0,121.0,1,398,34662,34662,35061,JobState.COMPLETED,0.6510964035987854,176.53061224489804,176.53061224489795,70259.18367346942
jid_268331,632.0,121.0,1,428,34662,34662,35091,JobState.COMPLETED,0.6510964035987854,176.53061224489807,176.53061224489795,75555.10204081637
jid_268331,632.0,121.0,1,430,34662,34662,35093,JobState.COMPLETED,0.6510964035987854,176.53061224489807,176.53061224489795,75908.16326530617
jid_268331,632.0,121.0,1,445,34662,34662,35108,JobState.COMPLETED,0.6510964035987854,176.53061224489807,176.53061224489795,78556.12244897964
jid_268331,632.0,121.0,1,459,34662,34662,35122,JobState.COMPLETED,0.6510964035987854,176.53061224489807,176.53061224489795,81027.55102040821
jid_268331,632.0,121.0,1,472,34662,34662,35135,JobState.COMPLETED,0.6510964035987854,176.53061224489807,176.53061224489795,83322.44897959189
jid_268331,632.0,121.0,1,480,34662,34662,35143,JobState.COMPLETED,0.6510964035987854,176.53061224489807,176.53061224489795,84734.69387755106
jid_268331,632.0,121.0,1,492,34662,34662,35155,JobState.COMPLETED,0.6510964035987854,176.53061224489807,176.53061224489795,86853.06122448985
jid_268331,632.0,121.0,1,493,34662,34662,35156,JobState.COMPLETED,0.6510964035987854,176.53061224489807,176.53061224489795,87029.59183673475
jid_268331,632.0,121.0,1,494,34662,34662,35157,JobState.COMPLETED,0.6510964035987854,176.53061224489807,176.53061224489795,87206.12244897964
jid_268331,632.0,121.0,1,500,34662,34662,35163,JobState.COMPLETED,0.6510964035987854,176.53061224489807,176.53061224489795,88265.30612244904
jid_268331,632.0,121.0,1,502,34662,34662,35165,JobState.COMPLETED,0.6510964035987854,176.53061224489807,176.53061224489795,88618.36734693883
jid_268331,632.0,121.0,1,506,34662,34662,35169,JobState.COMPLETED,0.6510964035987854,176.53061224489807,176.53061224489795,89324.48979591842
jid_268333,14779.0,116.0,256,1220,33949,33949,35170,JobState.COMPLETED,0.027457784861326218,176.53061224489775,176.53061224489795,55134040.81632647
jid_268331,632.0,121.0,1,507,34662,34662,35170,JobState.COMPLETED,0.6510964035987854,176.53061224489807,176.53061224489795,89501.02040816331
jid_268331,632.0,121.0,1,516,34662,34662,35179,JobState.COMPLETED,0.6510964035987854,176.5306122448981,176.53061224489795,91089.79591836741
jid_268331,632.0,121.0,1,516,34662,34662,35179,JobState.COMPLETED,0.6510964035987854,176.5306122448981,176.53061224489795,91089.79591836741
jid_268331,632.0,121.0,1,517,34662,34662,35180,JobState.COMPLETED,0.6510964035987854,176.5306122448981,176.53061224489795,91266.32653061232
jid_268331,632.0,121.0,1,519,34662,34662,35182,JobState.COMPLETED,0.6510964035987854,176.5306122448981,176.53061224489795,91619.38775510211
jid_268331,632.0,121.0,1,520,34662,34662,35183,JobState.COMPLETED,0.6510964035987854,176.5306122448981,176.53061224489795,91795.91836734701
jid_268331,632.0,121.0,1,521,34662,34662,35184,JobState.COMPLETED,0.6510964035987854,176.5306122448981,176.53061224489795,91972.4489795919
jid_268331,632.0,121.0,1,523,34662,34662,35186,JobState.COMPLETED,0.6510964035987854,176.5306122448981,176.53061224489795,92325.5102040817
jid_268331,632.0,121.0,1,526,34662,34662,35189,JobState.COMPLETED,0.6510964035987854,176.5306122448981,176.53061224489795,92855.1020408164
jid_268331,632.0,121.0,1,526,34662,34662,35189,JobState.COMPLETED,0.6510964035987854,176.5306122448981,176.53061224489795,92855.1020408164
jid_268331,632.0,121.0,1,534,34662,34662,35197,JobState.COMPLETED,0.6510964035987854,176.5306122448981,176.53061224489795,94267.34693877558
jid_268331,632.0,121.0,1,538,34662,34662,35201,JobState.COMPLETED,0.6510964035987854,176.5306122448981,176.53061224489795,94973.46938775518
jid_268331,632.0,121.0,1,545,34662,34662,35208,JobState.COMPLETED,0.6510964035987854,176.5306122448981,176.53061224489795,96209.18367346947
jid_268330,1151.9999999999982,121.0,1,442,34790,34790,35233,JobState.COMPLETED,0.5385307669639587,176.53061224489807,176.53061224489795,78026.53061224494
jid_268330,1151.9999999999982,121.0,1,454,34790,34790,35245,JobState.COMPLETED,0.5385307669639587,176.53061224489807,176.53061224489795,80144.89795918373
jid_268330,1151.9999999999982,121.0,1,465,34790,34790,35256,JobState.COMPLETED,0.5385307669639587,176.53061224489807,176.53061224489795,82086.7346938776
jid_268330,1151.9999999999982,121.0,1,470,34790,34790,35261,JobState.COMPLETED,0.5385307669639587,176.53061224489807,176.53061224489795,82969.38775510209
jid_268330,1151.9999999999982,121.0,1,482,34790,34790,35273,JobState.COMPLETED,0.5385307669639587,176.53061224489807,176.53061224489795,85087.75510204087
jid_268330,1151.9999999999982,121.0,1,505,34790,34790,35296,JobState.COMPLETED,0.5385307669639587,176.53061224489807,176.53061224489795,89147.95918367352
jid_268330,1151.9999999999982,121.0,1,508,34790,34790,35299,JobState.COMPLETED,0.5385307669639587,176.53061224489807,176.53061224489795,89677.55102040822
jid_268330,1151.9999999999982,121.0,1,516,34790,34790,35307,JobState.COMPLETED,0.5385307669639587,176.5306122448981,176.53061224489795,91089.79591836741
jid_268330,1151.9999999999982,121.0,1,518,34790,34790,35309,JobState.COMPLETED,0.5385307669639587,176.5306122448981,176.53061224489795,91442.85714285722
jid_268330,1151.9999999999982,121.0,1,520,34790,34790,35311,JobState.COMPLETED,0.5385307669639587,176.5306122448981,176.53061224489795,91795.91836734701
jid_268330,1151.9999999999982,121.0,1,520,34790,34790,35311,JobState.COMPLETED,0.5385307669639587,176.5306122448981,176.53061224489795,91795.91836734701
jid_268330,1151.9999999999982,121.0,1,522,34790,34790,35313,JobState.COMPLETED,0.5385307669639587,176.5306122448981,176.53061224489795,92148.9795918368
jid_268330,1151.9999999999982,121.0,1,528,34790,34790,35319,JobState.COMPLETED,0.5385307669639587,176.5306122448981,176.53061224489795,93208.1632653062
jid_268330,1151.9999999999982,121.0,1,528,34790,34790,35319,JobState.COMPLETED,0.5385307669639587,176.5306122448981,176.53061224489795,93208.1632653062
jid_268330,1151.9999999999982,121.0,1,529,34790,34790,35320,JobState.COMPLETED,0.5385307669639587,176.5306122448981,176.53061224489795,93384.6938775511
jid_268330,1151.9999999999982,121.0,1,531,34790,34790,35322,JobState.COMPLETED,0.5385307669639587,176.5306122448981,176.53061224489795,93737.75510204089
jid_268330,1151.9999999999982,121.0,1,531,34790,34790,35322,JobState.COMPLETED,0.5385307669639587,176.5306122448981,176.53061224489795,93737.75510204089
jid_268330,1151.9999999999982,121.0,1,531,34790,34790,35322,JobState.COMPLETED,0.5385307669639587,176.5306122448981,176.53061224489795,93737.75510204089
jid_268330,1151.9999999999982,121.0,1,531,34790,34790,35322,JobState.COMPLETED,0.5385307669639587,176.5306122448981,176.53061224489795,93737.75510204089
jid_268330,1151.9999999999982,121.0,1,533,34790,34790,35324,JobState.COMPLETED,0.5385307669639587,176.5306122448981,176.53061224489795,94090.81632653068
jid_268330,1151.9999999999982,121.0,1,538,34790,34790,35329,JobState.COMPLETED,0.5385307669639587,176.5306122448981,176.53061224489795,94973.46938775518
jid_268330,1151.9999999999982,121.0,1,539,34790,34790,35330,JobState.COMPLETED,0.5385307669639587,176.5306122448981,176.53061224489795,95150.00000000007
jid_268330,1151.9999999999982,121.0,1,540,34790,34790,35331,JobState.COMPLETED,0.5385307669639587,176.5306122448981,176.53061224489795,95326.53061224497
jid_268330,1151.9999999999982,121.0,1,543,34790,34790,35334,JobState.COMPLETED,0.5385307669639587,176.5306122448981,176.53061224489795,95856.12244897966
jid_268330,1151.9999999999982,121.0,1,547,34790,34790,35338,JobState.COMPLETED,0.5385307669639587,176.5306122448981,176.53061224489795,96562.24489795926
jid_268330,1151.9999999999982,121.0,1,547,34790,34790,35338,JobState.COMPLETED,0.5385307669639587,176.5306122448981,176.53061224489795,96562.24489795926
jid_268381,14779.0,116.0,256,0,35360,35360,35361,JobState.COMPLETED,0.02808528020977974,176.53061224489795,176.53061224489795,0.0
jid_268351,794.0,204.0,24,240,35205,35205,35446,JobState.COMPLETED,0.12036845088005066,176.53061224489784,176.53061224489795,1016816.3265306116
jid_268366,794.0,204.0,24,240,35206,35206,35447,JobState.COMPLETED,0.12036845088005066,176.53061224489784,176.53061224489795,1016816.3265306116
jid_268367,794.0,204.0,24,245,35205,35205,35451,JobState.COMPLETED,0.12036845088005066,176.53061224489784,176.53061224489795,1037999.9999999993
jid_268349,794.0,204.0,24,248,35204,35204,35453,JobState.COMPLETED,0.12036845088005066,176.53061224489784,176.53061224489795,1050710.2040816317
jid_268369,794.0,204.0,24,251,35206,35206,35458,JobState.COMPLETED,0.12036845088005066,176.53061224489784,176.53061224489795,1063420.4081632646
jid_268370,794.0,204.0,24,253,35205,35205,35459,JobState.COMPLETED,0.12036845088005066,176.53061224489784,176.53061224489795,1071893.8775510197
jid_268386,15000.0,116.0,32,0,35877,35877,35877,JobState.COMPLETED,0.008401989005506039,176.53061224489795,176.53061224489795,0.0
jid_268395,1069.0,121.0,1,0,35943,35943,35943,JobState.COMPLETED,0.5950663089752197,176.53061224489795,176.53061224489795,0.0
jid_268395,1069.0,121.0,1,0,35943,35943,35944,JobState.COMPLETED,0.5950663089752197,176.53061224489795,176.53061224489795,0.0
jid_268395,1069.0,121.0,1,0,35943,35943,35944,JobState.COMPLETED,0.5950663089752197,176.53061224489795,176.53061224489795,0.0
jid_268395,1069.0,121.0,1,0,35943,35943,35943,JobState.COMPLETED,0.5950663089752197,176.53061224489795,176.53061224489795,0.0
jid_268395,1069.0,121.0,1,0,35943,35943,35943,JobState.COMPLETED,0.5950663089752197,176.53061224489795,176.53061224489795,0.0
jid_268395,1069.0,121.0,1,0,35943,35943,35943,JobState.COMPLETED,0.5950663089752197,176.53061224489795,176.53061224489795,0.0
jid_268395,1069.0,121.0,1,0,35943,35943,35943,JobState.COMPLETED,0.5950663089752197,176.53061224489795,176.53061224489795,0.0
jid_268395,1069.0,121.0,1,0,35943,35943,35943,JobState.COMPLETED,0.5950663089752197,176.53061224489795,176.53061224489795,0.0
jid_268395,1069.0,121.0,1,0,35943,35943,35943,JobState.COMPLETED,0.5950663089752197,176.53061224489795,176.53061224489795,0.0
jid_268395,1069.0,121.0,1,0,35943,35943,35943,JobState.COMPLETED,0.5950663089752197,176.53061224489795,176.53061224489795,0.0
jid_268395,1069.0,121.0,1,0,35943,35943,35944,JobState.COMPLETED,0.5950663089752197,176.53061224489795,176.53061224489795,0.0
jid_268395,1069.0,121.0,1,0,35943,35943,35944,JobState.COMPLETED,0.5950663089752197,176.53061224489795,176.53061224489795,0.0
jid_268395,1069.0,121.0,1,0,35943,35943,35943,JobState.COMPLETED,0.5950663089752197,176.53061224489795,176.53061224489795,0.0
jid_268395,1069.0,121.0,1,0,35943,35943,35943,JobState.COMPLETED,0.5950663089752197,176.53061224489795,176.53061224489795,0.0
jid_268395,1069.0,121.0,1,0,35943,35943,35944,JobState.COMPLETED,0.5950663089752197,176.53061224489795,176.53061224489795,0.0
jid_268395,1069.0,121.0,1,0,35943,35943,35943,JobState.COMPLETED,0.5950663089752197,176.53061224489795,176.53061224489795,0.0
jid_268395,1069.0,121.0,1,0,35943,35943,35943,JobState.COMPLETED,0.5950663089752197,176.53061224489795,176.53061224489795,0.0
jid_268395,1069.0,121.0,1,0,35943,35943,35944,JobState.COMPLETED,0.5950663089752197,176.53061224489795,176.53061224489795,0.0
jid_268395,1069.0,121.0,1,0,35943,35943,35943,JobState.COMPLETED,0.5950663089752197,176.53061224489795,176.53061224489795,0.0
jid_268395,1069.0,121.0,1,0,35943,35943,35943,JobState.COMPLETED,0.5950663089752197,176.53061224489795,176.53061224489795,0.0
jid_268395,1069.0,121.0,1,0,35943,35943,35944,JobState.COMPLETED,0.5950663089752197,176.53061224489795,176.53061224489795,0.0
jid_268395,1069.0,121.0,1,0,35943,35943,35943,JobState.COMPLETED,0.5950663089752197,176.53061224489795,176.53061224489795,0.0
jid_268395,1069.0,121.0,1,0,35943,35943,35943,JobState.COMPLETED,0.5950663089752197,176.53061224489795,176.53061224489795,0.0
jid_268395,1069.0,121.0,1,0,35943,35943,35944,JobState.COMPLETED,0.5950663089752197,176.53061224489795,176.53061224489795,0.0
jid_268395,1069.0,121.0,1,0,35943,35943,35943,JobState.COMPLETED,0.5950663089752197,176.53061224489795,176.53061224489795,0.0
jid_268395,1069.0,121.0,1,0,35943,35943,35944,JobState.COMPLETED,0.5950663089752197,176.53061224489795,176.53061224489795,0.0
jid_268395,1069.0,121.0,1,0,35943,35943,35943,JobState.COMPLETED,0.5950663089752197,176.53061224489795,176.53061224489795,0.0
jid_268395,1069.0,121.0,1,0,35943,35943,35944,JobState.COMPLETED,0.5950663089752197,176.53061224489795,176.53061224489795,0.0
jid_268395,1069.0,121.0,1,0,35943,35943,35943,JobState.COMPLETED,0.5950663089752197,176.53061224489795,176.53061224489795,0.0
jid_268395,1069.0,121.0,1,0,35943,35943,35944,JobState.COMPLETED,0.5950663089752197,176.53061224489795,176.53061224489795,0.0
jid_268392,224.0,60.0,1,64,36080,36080,36145,JobState.COMPLETED,1.1128816604614258,176.53061224489798,176.53061224489795,11297.95918367347
jid_268402,36586.0,31.0,100,1416,34892,34892,36309,JobState.COMPLETED,0.02429869957268238,176.5306122448979,176.53061224489795,24996734.69387754
jid_268402,36586.0,31.0,100,1417,34892,34892,36310,JobState.COMPLETED,0.02429869957268238,176.5306122448979,176.53061224489795,25014387.75510203
jid_268402,36586.0,31.0,100,1418,34892,34892,36311,JobState.COMPLETED,0.02429869957268238,176.5306122448979,176.53061224489795,25032040.81632652
jid_268402,36586.0,31.0,100,1429,34892,34892,36322,JobState.COMPLETED,0.02429869957268238,176.53061224489792,176.53061224489795,25226224.489795916
jid_268398,231.0,121.0,1,448,35881,35881,36330,JobState.COMPLETED,0.4272522032260895,176.53061224489807,176.53061224489795,79085.71428571433
jid_268402,36586.0,31.0,100,1445,34892,34892,36338,JobState.COMPLETED,0.02429869957268238,176.53061224489792,176.53061224489795,25508673.469387747
jid_268402,36586.0,31.0,100,1447,34892,34892,36340,JobState.COMPLETED,0.02429869957268238,176.53061224489792,176.53061224489795,25543979.591836732
jid_268398,231.0,121.0,1,458,35881,35881,36340,JobState.COMPLETED,0.4272522032260895,176.53061224489807,176.53061224489795,80851.02040816331
jid_268402,36586.0,31.0,100,1449,34892,34892,36342,JobState.COMPLETED,0.02429869957268238,176.53061224489792,176.53061224489795,25579285.71428571
jid_268402,36586.0,31.0,100,1452,34892,34892,36345,JobState.COMPLETED,0.02429869957268238,176.53061224489795,176.53061224489795,25632244.897959184
jid_268402,36586.0,31.0,100,1466,34892,34892,36359,JobState.COMPLETED,0.02429869957268238,176.53061224489795,176.53061224489795,25879387.75510204
jid_268398,231.0,121.0,1,491,35881,35881,36373,JobState.COMPLETED,0.4272522032260895,176.53061224489807,176.53061224489795,86676.53061224495
jid_268402,36586.0,31.0,100,1482,34892,34892,36375,JobState.COMPLETED,0.02429869957268238,176.53061224489795,176.53061224489795,26161836.734693877
jid_268402,36586.0,31.0,100,1488,34892,34892,36381,JobState.COMPLETED,0.02429869957268238,176.53061224489795,176.53061224489795,26267755.102040816
jid_268398,231.0,121.0,1,499,35881,35881,36381,JobState.COMPLETED,0.4272522032260895,176.53061224489807,176.53061224489795,88088.77551020414
jid_268398,231.0,121.0,1,502,35881,35881,36384,JobState.COMPLETED,0.4272522032260895,176.53061224489807,176.53061224489795,88618.36734693883
jid_268415,794.0,204.0,24,253,36135,36135,36389,JobState.COMPLETED,0.12022010236978531,176.53061224489784,176.53061224489795,1071893.8775510197
jid_268398,231.0,121.0,1,509,35881,35881,36391,JobState.COMPLETED,0.4272522032260895,176.53061224489807,176.53061224489795,89854.08163265312
jid_268398,231.0,121.0,1,509,35881,35881,36391,JobState.COMPLETED,0.4272522032260895,176.53061224489807,176.53061224489795,89854.08163265312
jid_268424,794.0,204.0,24,257,36136,36136,36394,JobState.COMPLETED,0.12022010236978531,176.53061224489784,176.53061224489795,1088840.8163265297
jid_268398,231.0,121.0,1,514,35881,35881,36396,JobState.COMPLETED,0.4272522032260895,176.5306122448981,176.53061224489795,90736.73469387762
jid_268429,794.0,204.0,24,262,36136,36136,36399,JobState.COMPLETED,0.12022010236978531,176.53061224489784,176.53061224489795,1110024.4897959176
jid_268402,36586.0,31.0,100,1507,34892,34892,36400,JobState.COMPLETED,0.02429869957268238,176.530612244898,176.53061224489795,26603163.26530613
jid_268398,231.0,121.0,1,519,35881,35881,36401,JobState.COMPLETED,0.4272522032260895,176.5306122448981,176.53061224489795,91619.38775510211
jid_268398,231.0,121.0,1,520,35881,35881,36402,JobState.COMPLETED,0.4272522032260895,176.5306122448981,176.53061224489795,91795.91836734701
jid_268398,231.0,121.0,1,522,35881,35881,36404,JobState.COMPLETED,0.4272522032260895,176.5306122448981,176.53061224489795,92148.9795918368
jid_268402,36586.0,31.0,100,1512,34892,34892,36405,JobState.COMPLETED,0.02429869957268238,176.530612244898,176.53061224489795,26691428.57142858
jid_268398,231.0,121.0,1,523,35881,35881,36405,JobState.COMPLETED,0.4272522032260895,176.5306122448981,176.53061224489795,92325.5102040817
jid_268402,36586.0,31.0,100,1515,34892,34892,36408,JobState.COMPLETED,0.02429869957268238,176.530612244898,176.53061224489795,26744387.755102046
jid_268404,224.0,60.0,1,181,36228,36228,36410,JobState.COMPLETED,1.1447408199310303,176.5306122448979,176.53061224489795,31952.04081632652
jid_268398,231.0,121.0,1,529,35881,35881,36411,JobState.COMPLETED,0.4272522032260895,176.5306122448981,176.53061224489795,93384.6938775511
jid_268398,231.0,121.0,1,532,35881,35881,36414,JobState.COMPLETED,0.4272522032260895,176.5306122448981,176.53061224489795,93914.28571428578
jid_268398,231.0,121.0,1,555,35881,35881,36437,JobState.COMPLETED,0.4272522032260895,176.5306122448981,176.53061224489795,97974.48979591845
jid_268398,231.0,121.0,1,592,35881,35881,36474,JobState.COMPLETED,0.4272522032260895,176.53061224489812,176.53061224489795,104506.12244897969
jid_268398,231.0,121.0,1,603,35881,35881,36485,JobState.COMPLETED,0.4272522032260895,176.53061224489812,176.53061224489795,106447.95918367356
jid_268434,1108.9999999999982,121.0,1,373,36171,36171,36545,JobState.COMPLETED,0.429279625415802,176.53061224489804,176.53061224489795,65845.91836734697
jid_268434,1108.9999999999982,121.0,1,373,36171,36171,36545,JobState.COMPLETED,0.429279625415802,176.53061224489804,176.53061224489795,65845.91836734697
jid_268434,1108.9999999999982,121.0,1,429,36171,36171,36601,JobState.COMPLETED,0.429279625415802,176.53061224489807,176.53061224489795,75731.63265306127
jid_268434,1108.9999999999982,121.0,1,472,36171,36171,36644,JobState.COMPLETED,0.429279625415802,176.53061224489807,176.53061224489795,83322.44897959189
jid_268434,1108.9999999999982,121.0,1,473,36171,36171,36645,JobState.COMPLETED,0.429279625415802,176.53061224489807,176.53061224489795,83498.97959183679
jid_268434,1108.9999999999982,121.0,1,475,36171,36171,36647,JobState.COMPLETED,0.429279625415802,176.53061224489807,176.53061224489795,83852.04081632658
jid_268434,1108.9999999999982,121.0,1,477,36171,36171,36649,JobState.COMPLETED,0.429279625415802,176.53061224489807,176.53061224489795,84205.10204081637
jid_268434,1108.9999999999982,121.0,1,483,36171,36171,36655,JobState.COMPLETED,0.429279625415802,176.53061224489807,176.53061224489795,85264.28571428577
jid_268434,1108.9999999999982,121.0,1,485,36171,36171,36657,JobState.COMPLETED,0.429279625415802,176.53061224489807,176.53061224489795,85617.34693877556
jid_268434,1108.9999999999982,121.0,1,486,36171,36171,36658,JobState.COMPLETED,0.429279625415802,176.53061224489807,176.53061224489795,85793.87755102046
jid_268434,1108.9999999999982,121.0,1,490,36171,36171,36662,JobState.COMPLETED,0.429279625415802,176.53061224489807,176.53061224489795,86500.00000000006
jid_268411,17080.0,121.0,64,13393,23169,23271,36665,JobState.COMPLETED,0.009460104629397392,176.53061224490307,176.53061224489795,151313567.34694314
jid_268434,1108.9999999999982,121.0,1,497,36171,36171,36669,JobState.COMPLETED,0.429279625415802,176.53061224489807,176.53061224489795,87735.71428571433
jid_268434,1108.9999999999982,121.0,1,504,36171,36171,36676,JobState.COMPLETED,0.429279625415802,176.53061224489807,176.53061224489795,88971.42857142862
jid_268434,1108.9999999999982,121.0,1,510,36171,36171,36682,JobState.COMPLETED,0.429279625415802,176.5306122448981,176.53061224489795,90030.61224489803
jid_268434,1108.9999999999982,121.0,1,511,36171,36171,36683,JobState.COMPLETED,0.429279625415802,176.5306122448981,176.53061224489795,90207.14285714293
jid_268402,36586.0,31.0,100,1800,34892,34892,36693,JobState.COMPLETED,0.02429869957268238,176.5306122448982,176.53061224489795,31775510.20408168
jid_268434,1108.9999999999982,121.0,1,523,36171,36171,36695,JobState.COMPLETED,0.429279625415802,176.5306122448981,176.53061224489795,92325.5102040817
jid_268434,1108.9999999999982,121.0,1,527,36171,36171,36699,JobState.COMPLETED,0.429279625415802,176.5306122448981,176.53061224489795,93031.6326530613
jid_268438,15000.0,116.0,32,373,36362,36362,36736,JobState.COMPLETED,0.008401643484830856,176.53061224489804,176.53061224489795,2107069.387755103
jid_268446,36660.0,68.0,1,148,36905,36905,37054,JobState.COMPLETED,0.7834533452987671,136.88458446886187,136.88458446886185,20258.918501391556
jid_268481,794.0,204.0,24,240,37064,37064,37305,JobState.COMPLETED,0.1203041598200798,176.53061224489784,176.53061224489795,1016816.3265306116
jid_268486,794.0,204.0,24,243,37065,37065,37309,JobState.COMPLETED,0.1203041598200798,176.53061224489784,176.53061224489795,1029526.5306122443
jid_268492,794.0,204.0,24,263,37064,37064,37328,JobState.COMPLETED,0.1203041598200798,176.53061224489784,176.53061224489795,1114261.224489795
jid_268461,794.0,204.0,24,267,37063,37063,37331,JobState.COMPLETED,0.1203041598200798,176.53061224489784,176.53061224489795,1131208.1632653053
jid_268497,794.0,204.0,24,288,37064,37064,37353,JobState.COMPLETED,0.1203041598200798,176.53061224489784,176.53061224489795,1220179.5918367337
jid_268469,794.0,204.0,24,308,37063,37063,37372,JobState.COMPLETED,0.1203041598200798,176.53061224489784,176.53061224489795,1304914.285714285
jid_268563,36649.0,99.0,16383,347,37198,37198,37546,JobState.COMPLETED,0.0030707037076354027,176.53061224489804,176.53061224489795,1003559054.0816332
jid_268496,794.0,204.0,24,247,37438,37438,37686,JobState.COMPLETED,0.1201041117310524,176.53061224489784,176.53061224489795,1046473.4693877543
jid_268478,36666.0,212.0,1,815,37169,37169,37985,JobState.COMPLETED,0.32419976592063904,176.53061224489815,176.53061224489795,143872.44897959198
jid_268331,632.0,121.0,1,3395,34662,34662,38058,JobState.COMPLETED,0.6510964035987854,176.53061224489696,176.53061224489795,599321.4285714251
jid_268506,36589.0,233.0,4224,185,38154,38154,38340,JobState.COMPLETED,0.004315861966460943,176.5306122448979,176.53061224489795,137948081.632653
jid_268704,794.0,204.0,24,251,38378,38378,38630,JobState.COMPLETED,0.1185314729809761,176.53061224489784,176.53061224489795,1063420.4081632646
jid_268531,1407.0000000000018,191.0,24,38635,-1215,0,38636,JobState.COMPLETED,0.009816145524382591,176.53061224489264,176.53061224489795,163686244.89795426
jid_268523,36676.0,212.0,1,1786,37145,37145,38932,JobState.COMPLETED,0.23529811203479767,176.53061224489736,176.53061224489795,315283.6734693867
jid_268554,15758.0,12.0,40,36146,2938,2938,39085,JobState.COMPLETED,0.00733624491840601,176.5306122448997,176.53061224489795,255235020.40816575
jid_268532,627.0,190.0,512,1773,37603,37603,39377,JobState.COMPLETED,0.00895532313734293,128.73598591726147,128.73598591726196,116863438.35202795
jid_268536,126.0,226.0,512,106,39390,39390,39497,JobState.COMPLETED,0.033816948533058167,176.53061224489792,176.53061224489795,9580669.3877551
jid_268548,1390.0,232.0,1,31,39900,39900,39932,JobState.COMPLETED,1.3050833940505981,176.53061224489795,176.53061224489795,5472.448979591836
jid_268550,126.0,226.0,512,89,39849,39849,39939,JobState.COMPLETED,0.02824060246348381,176.53061224489795,176.53061224489795,8044146.93877551
jid_268551,36685.0,232.0,1,30,39935,39935,39966,JobState.COMPLETED,0.9347202181816101,176.53061224489795,176.53061224489795,5295.918367346939
jid_268572,10.0,9.0,12288,130,40035,40035,40166,JobState.COMPLETED,0.0074623324908316135,176.53061224489795,176.53061224489795,281997061.2244898
jid_268566,36688.0,10.0,1536,145,40332,40332,40478,JobState.COMPLETED,0.03214491531252861,176.53061224489795,176.53061224489795,39316897.95918367
jid_268627,10.0,9.0,12288,130,40864,40864,40995,JobState.COMPLETED,0.007746689021587372,176.53061224489795,176.53061224489795,281997061.2244898
jid_268581,36670.0,329.0,1,1024,39971,39971,40996,JobState.COMPLETED,0.20659805834293365,176.53061224489798,176.53061224489795,180767.34693877553
jid_268609,627.0,190.0,512,62,41987,41987,42050,JobState.COMPLETED,0.007069945335388184,176.53061224489798,176.53061224489795,5603787.755102041
jid_268618,36697.0,10.0,432,77,42309,42309,42387,JobState.COMPLETED,0.043661490082740784,176.53061224489795,176.53061224489795,5872114.285714285
jid_268608,17807.0,6.0,640,34231,7717,8204,42436,JobState.COMPLETED,0.001957942731678486,176.5306122448984,176.53061224489795,3867404408.1632752
jid_268625,36641.0,274.0,1000,3267,39424,39424,42692,JobState.COMPLETED,0.015180105343461037,176.53061224489704,176.53061224489795,576725510.2040787
jid_17227,35.0,27.999999999999986,4,8605,34404,34404,43010,JobState.COMPLETED,0.04909494146704674,176.53061224489866,176.53061224489795,6076183.673469412
jid_17227,35.0,27.999999999999986,4,8641,34401,34401,43043,JobState.COMPLETED,0.04909494146704674,176.53061224489872,176.53061224489795,6101604.081632679
jid_268644,10.0,9.0,12288,75,43306,43306,43382,JobState.COMPLETED,0.008369742892682552,176.53061224489795,176.53061224489795,162690612.24489796
jid_275462,37934.0,51.0,12,0,44540,44540,44540,JobState.COMPLETED,0.2729927599430084,176.53061224489795,176.53061224489795,0.0
jid_275462,37927.0,51.0,12,0,44540,44540,44540,JobState.COMPLETED,0.27299001812934875,176.53061224489795,176.53061224489795,0.0
jid_275462,37932.0,51.0,12,0,44540,44540,44540,JobState.COMPLETED,0.27299022674560547,176.53061224489795,176.53061224489795,0.0
jid_268667,36706.0,10.0,432,81,44495,44495,44577,JobState.COMPLETED,0.047838956117630005,176.53061224489795,176.53061224489795,6177159.183673469
jid_268669,307.0,9.0,1536,31,44592,44592,44624,JobState.COMPLETED,0.031178703531622887,176.53061224489795,176.53061224489795,8405681.632653061
jid_268707,1014.0,121.0,64,14048,31111,31111,45160,JobState.COMPLETED,0.009557130746543407,176.53061224490344,176.53061224489795,158713730.61224982
jid_268711,175.0,96.0,720,10032,35258,35258,45291,JobState.COMPLETED,0.003366827964782715,142.60503239103357,142.60503239103144,1030041853.1617311
jid_268712,907.0,121.0,64,14494,30860,30860,45355,JobState.COMPLETED,0.009558278135955334,176.5306122449037,176.53061224489795,163752620.40816858
jid_268817,108.0,118.0,16,86,45799,45799,45886,JobState.COMPLETED,0.15352368354797363,119.09802028706498,119.09802028706497,163878.8759150014
jid_268842,36662.0,122.0,50,246,45837,45837,46084,JobState.COMPLETED,0.09384997934103012,118.89179515673665,118.89179515673668,1462369.0804278606
jid_268756,90.0,29.999999999999986,12,32763,14197,14197,46961,JobState.COMPLETED,0.5222542881965637,176.5306122448928,176.53061224489795,69404069.38775308
jid_268777,36712.0,142.0,546,17206,30092,30092,47299,JobState.COMPLETED,0.003038529772311449,176.5306122448956,176.53061224489795,1658412599.9999778
